candidate_id,osm_id,lng,lat,building,name,dist_to_nearest_existing_m
0,way/1413572857,109.0059229,34.2279088,yes,,718.3889369756889
1,way/1265033978,108.9719956,34.2798381,yes,,945.5918682043409
2,way/1263326370,108.8822677,34.2558707,yes,,500.90190431174693
3,way/1415052205,108.8614845,34.2261328,yes,,608.2402079853885
4,way/1268937323,109.020469,34.2654029,yes,,647.5201861665417
5,way/1268251458,108.879631,34.2741154,yes,,600.7439556956689
6,way/1267641617,109.0138104,34.2912991,yes,,501.5812641447471
7,way/1265401751,109.0078104,34.2880882,yes,,681.4429673386131
8,way/1415051823,108.8575288,34.2305999,yes,,750.4199896340879
9,way/1264659102,108.9896419,34.2865112,yes,,551.3872733520132
10,way/1414507302,109.0277452,34.2416303,yes,,1111.1862465278714
11,way/1415052178,108.8558088,34.2264536,yes,,593.3725498899621
12,way/1370944653,108.9485161,34.3042739,yes,,521.8399344440256
13,way/1263937367,108.902909,34.2756418,yes,,543.7806717417898
14,way/1373230702,108.9624251,34.3597007,yes,,632.9254641820241
15,way/1369762176,108.9945881,34.2352808,yes,,526.5773980094712
16,way/1263648870,108.9717585,34.2748335,yes,,544.4106098438617
17,way/1263343211,108.8759043,34.2718878,yes,,620.7008400567453
18,way/1263937635,108.9024788,34.2743366,yes,,584.5752631310429
19,way/1267641378,109.0188812,34.2825267,yes,,546.6782453079018
20,way/1267642133,109.0130077,34.2735614,yes,,551.2335308979297
21,way/1370699870,108.9064389,34.1919655,yes,,564.0136089742878
22,way/1409621130,108.9617428,34.3285049,yes,,533.9043323150868
23,way/1263342285,108.8742614,34.2691856,yes,,500.7064908767585
24,way/1371869088,108.9261244,34.3104613,yes,,537.7343986315404
25,way/1267270473,108.9100483,34.2422764,yes,,625.3117181884296
26,way/1414508865,109.0311452,34.2233089,yes,,823.9742658237432
27,way/1413573181,109.0139659,34.2252183,yes,,888.2006350502481
28,way/1414507974,109.008742,34.2345049,yes,,678.6801706461114
29,way/1370944638,108.9484894,34.304575,yes,,502.51353468942807
30,way/1369761795,108.9937961,34.2402253,yes,,645.0266469017198
31,way/1267641478,109.0138076,34.2895856,yes,,551.1854319491938
32,way/1370070990,108.9940079,34.1987091,yes,,792.3219309799089
33,way/1373230665,108.962097,34.3609511,yes,,774.8094269346693
34,way/1268937391,109.0199737,34.2627663,yes,,557.731685478949
35,way/1512648849,109.0604413,34.2548121,yes,,516.7187568057143
36,way/463727037,108.9477995,34.3655146,yes,,840.0591815716547
37,way/1417903880,108.8723619,34.2083698,yes,,662.1943741720754
38,way/1512648579,109.0599381,34.2482277,yes,,699.8683559018472
39,way/1265450302,108.9612433,34.1955049,residential,,592.0937638714692
40,way/1414507831,109.0107476,34.2362873,yes,,780.4252753216334
41,way/1369762238,108.9822067,34.2345465,yes,,505.1753009862418
42,way/1281875005,108.8522996,34.2681232,yes,,538.8772458762595
43,way/1268937382,109.0187596,34.2645101,yes,,584.174749602331
44,way/1265450177,108.9634122,34.1950142,yes,,692.3459777605714
45,way/1267641187,109.0199103,34.2825658,yes,,543.966780686961
46,way/1417904016,108.8776186,34.2055187,yes,,833.9570241972168
47,way/1272122637,108.8523294,34.266185,yes,,514.8523283519881
48,way/1264657885,108.989497,34.2863596,yes,,565.4084410729961
49,way/1263937611,108.8973516,34.2744528,yes,,557.1010240334086
50,way/1292497137,108.8626817,34.2847123,yes,,595.7143202415259
51,way/1263937755,108.8971005,34.2736314,yes,,608.5688326162646
52,way/1290377281,108.9220022,34.2706871,yes,,548.4726164916416
53,way/1414717072,108.8486901,34.2536495,yes,,630.265806220206
54,way/1290375772,108.9232703,34.2684815,yes,,530.9678786476629
55,way/1409621196,108.961588,34.3281918,yes,,501.1961167556931
56,way/1268252852,108.8745062,34.2791683,yes,,658.7132210695423
57,way/1512648627,109.0551291,34.2475433,yes,,539.3457560362476
58,way/1263875126,108.8961745,34.2672068,yes,,533.5398452757307
59,way/1415051018,108.8533441,34.2389273,yes,,513.2291848106033
60,way/1370390668,108.9586708,34.202877,yes,,699.9789622537857
61,way/1370886950,109.0069407,34.2062228,yes,,557.7989622287096
62,way/1265324334,108.9995502,34.2649031,yes,,532.2095277408545
63,way/1292497018,108.866006,34.2837138,yes,,580.0498526084313
64,way/1263895490,108.8889482,34.254379,yes,,637.2120867751767
65,way/1371227032,108.9745504,34.2983004,yes,,556.8602422570289
66,way/1268937750,109.0208315,34.2664524,yes,,556.691966477057
67,way/1512651602,109.07221,34.2774211,yes,,535.6732119639257
68,way/1413301931,108.9087345,34.2350862,yes,,569.9628257985268
69,way/1409920513,108.974397,34.3388426,yes,,675.9725851384227
70,way/1415052354,108.8485433,34.2248046,yes,,619.794759950082
71,way/1290377525,108.9221563,34.2707642,yes,,563.0582090260796
72,way/1372721608,108.958714,34.3287567,yes,8号楼,558.0792122911195
73,way/1266651246,108.9819192,34.2980439,yes,,538.2554099974794
74,way/1414508567,109.0207751,34.2270509,yes,,537.9533315328955
75,way/1263894316,108.8856638,34.2548862,yes,,503.35308208773256
76,way/1263875438,108.8901912,34.254256,yes,,552.4295492303137
77,way/1414506913,109.0417909,34.2491955,yes,,618.8861942335036
78,way/1267641890,109.0160288,34.2739444,yes,,548.1904015253399
79,way/1418071830,108.9158403,34.3229215,yes,,662.4957592036711
80,way/1268937667,109.0137623,34.2672503,yes,,657.1063199204249
81,way/1263936949,108.8994331,34.2779825,yes,,596.632570283451
82,way/1415051528,108.8360481,34.2341002,yes,,673.8451210661475
83,way/1267642144,109.0122491,34.2930376,yes,,611.4527084708599
84,way/1263937983,108.897725,34.271789,yes,,740.690547737887
85,way/1292497155,108.8511913,34.2821773,yes,,505.34398079552955
86,way/1268937385,109.0198942,34.2624528,yes,,536.9526230828913
87,way/1370390469,108.9571667,34.2043963,yes,,579.6692741123495
88,way/1413572614,109.0065442,34.2306863,yes,,691.4825927187294
89,relation/19350058,109.0358524,34.238876,yes,,603.6275854135843
90,way/1292495903,108.8642907,34.2810794,yes,,663.0149526783422
91,way/1265692243,108.9771368,34.2092241,yes,,562.79146641857
92,way/1292496369,108.8655141,34.2826277,yes,,707.4725480311355
93,way/1290376955,108.9212947,34.2677636,yes,,568.7879723812696
94,way/1267628557,108.9107138,34.2431811,yes,,609.0103913579389
95,way/1414507188,109.0264668,34.2441458,yes,,852.9804824639752
96,way/1268253018,108.8777927,34.2761706,yes,,504.4164139462409
97,way/1414507999,109.0132134,34.2340794,yes,,584.0110156476352
98,way/1414507484,109.0279143,34.2399131,yes,,1035.022719906606
99,way/1413573138,108.9891119,34.2253986,yes,,659.549586000284
100,way/1263894733,108.893274,34.2726616,yes,,514.5261328676888
101,way/1409920178,108.989403,34.3469669,yes,,982.071696980005
102,way/1413572585,108.9911436,34.2312618,yes,,560.0595252558965
103,way/1265925023,108.8996214,34.2888216,yes,,626.0582081446283
104,way/1370886875,109.0192377,34.2077205,yes,,589.1995174496815
105,way/1414840187,108.9648395,34.201737,residential,3号楼,583.177423234555
106,way/1268251454,108.8749255,34.2838055,yes,,669.3294029656114
107,way/1265692308,108.9762906,34.2088975,yes,,505.3021325316655
108,way/1370390759,108.9728445,34.2019231,yes,,506.80746440381193
109,way/1292497096,108.8502534,34.2797761,yes,,515.1356763649959
110,way/1268253233,108.8764822,34.274835,yes,,597.976194941069
111,way/1413572886,109.0139088,34.2275755,yes,,693.5427185864403
112,way/1414507572,109.0339968,34.2395168,yes,,771.6315700415254
113,way/1371868871,108.9358798,34.3141909,yes,,654.9720217013775
114,way/1267641430,109.0164276,34.2742287,yes,,525.0185452861818
115,way/1414507503,109.0370594,34.2396873,yes,,620.0445259898769
116,way/1270262077,109.0175755,34.2434983,yes,,511.2575183837529
117,way/1009301320,108.8436087,34.1960007,residential,,507.3152794659882
118,way/1418071680,108.9202454,34.3255314,yes,,702.6363194283311
119,way/1418071896,108.9276795,34.3214613,yes,,580.911687379752
120,way/1263876626,108.8913024,34.2574087,yes,,529.5863034973536
121,way/1267641944,109.01261,34.2849476,yes,,709.1585495753577
122,way/1512649740,109.053769,34.2687907,yes,,557.3710969163635
123,way/1263648902,108.9695016,34.2756574,yes,,569.928785954651
124,way/1512648566,109.0563536,34.2479078,yes,,582.7458631664141
125,way/1270261106,109.0224876,34.249499,yes,,512.1569801272035
126,way/1292704826,108.9225259,34.2754126,yes,,519.8778961526092
127,way/1268253061,108.8786353,34.2834863,yes,,538.0760799774171
128,way/1263893978,108.8955563,34.2725557,yes,,640.011671661565
129,way/1267628939,108.9002343,34.2489088,yes,,545.7697484400047
130,way/1372140051,108.938142,34.3358911,yes,,569.8062653721031
131,way/1414508916,109.0360466,34.2223189,yes,,855.4374620397869
132,way/1270261011,109.0253267,34.243293,yes,,973.3966750804029
133,way/1267629377,108.8985806,34.2481913,yes,,501.62428476886913
134,way/1413573306,109.0191892,34.2231064,yes,,546.3475927349457
135,way/1370699462,108.8979956,34.194773,yes,,500.34998195212404
136,way/1292703973,108.9217223,34.2738963,yes,,540.0220852682711
137,way/1413573005,109.0172989,34.2266895,yes,,599.8909330673378
138,way/1370390650,108.9631257,34.2030089,yes,,631.5546351015241
139,way/1265402079,109.0038597,34.289613,yes,,535.7406808351423
140,way/1268252879,108.8805167,34.272933,yes,,591.3138938359521
141,way/1265401755,109.0073832,34.2888435,yes,,690.4184771108957
142,way/1268251592,108.8676867,34.2832006,yes,,574.8426404357642
143,way/1417087970,108.9713941,34.2181066,terrace,,564.6647326133979
144,way/1371869090,108.9322554,34.3106219,yes,,507.1310042768491
145,way/1370887080,109.0023999,34.2041029,yes,,681.3173692050809
146,way/1268252732,108.8805483,34.2726465,yes,,561.9657251786521
147,way/1417088916,108.9702669,34.2185017,yes,,542.3240043402405
148,way/1373230552,108.9600405,34.3633571,yes,,894.421565624977
149,way/1370070024,108.9869356,34.2136869,yes,,525.0825035579287
150,way/1373230535,108.9519628,34.3632856,yes,,598.9103762058941
151,way/1292704493,108.9223991,34.2716758,yes,,562.2891939678282
152,way/1290377575,108.9229292,34.2681968,yes,,537.6859861639184
153,way/1267641414,109.0182411,34.2833147,yes,,583.6557299237028
154,way/1265401604,109.0077927,34.2898074,yes,,780.8638621757868
155,way/1370885874,109.0148832,34.2187636,yes,,736.6454439748878
156,way/1370698994,108.9423087,34.1983451,yes,,536.0934978952066
157,way/1263937558,108.9027662,34.2747875,yes,,553.5773059568493
158,way/1417903647,108.8590553,34.2118583,yes,,568.7367955734064
159,way/1263875611,108.89678,34.2669425,yes,,569.47230484773
160,way/1264996088,108.9531676,34.2920625,yes,,542.9394985000661
161,way/1265403303,109.0010691,34.2900822,yes,,506.9549917777592
162,way/1413082990,108.9229194,34.2006616,yes,,532.1060208162027
163,way/1265692018,108.9777231,34.2086212,yes,,637.6780680075839
164,way/1511023138,109.0458603,34.2548144,yes,,570.0372137369616
165,way/1414507420,109.0267034,34.240731,yes,,1046.618297349813
166,way/1369762211,108.992013,34.235013,yes,,699.4867783821037
167,way/1373232278,108.9590279,34.3352103,yes,,571.9791865907775
168,way/1263893667,108.8856294,34.2528498,yes,,623.6956849209097
169,way/1292497628,108.8642532,34.2783364,yes,,533.8460234079258
170,way/1292497307,108.8594668,34.2925253,yes,,667.7456654274072
171,way/1373232229,108.9592209,34.3363078,yes,,528.389945566439
172,way/1370390895,108.9656935,34.2003482,yes,,657.4549707882218
173,way/1370886717,109.0074221,34.2096637,yes,,615.4239787612166
174,way/1268251970,108.8764723,34.2802914,yes,,513.44931052094
175,way/1371227074,108.9735742,34.2980916,yes,,555.0293900760103
176,way/992791268,108.8627245,34.1917637,yes,中国移动陕西省公司,555.640529922696
177,way/1414507416,109.0152553,34.240593,yes,,773.2342953341324
178,way/1414508990,109.0380468,34.2206729,yes,,1046.1252876437222
179,way/1265034256,108.9723906,34.2797264,yes,,980.1255324058496
180,way/1414507448,109.0279527,34.2403088,yes,,1071.9037824020654
181,way/1370886968,109.0067643,34.2060007,yes,,575.9752544781384
182,way/1417903223,108.874292,34.218833,residential,南窑头西区-90号楼,535.0214264241088
183,way/1268253013,108.8789053,34.283752,yes,,504.2324905891496
184,way/1418071695,108.9240956,34.3254392,yes,,504.6550292217778
185,way/1413572943,108.9928971,34.2272058,yes,,507.61865657915826
186,way/1281875000,108.8508551,34.2681374,yes,,535.7948881428199
187,way/1265033987,108.9699459,34.2804392,yes,,772.7955445542494
188,way/1268937757,109.0196825,34.2656334,yes,,693.5861613905523
189,way/1370070716,108.9842058,34.2053977,yes,,539.6223796470426
190,way/1265450258,108.9612925,34.1963241,residential,,670.416805701831
191,way/1370390498,108.9748577,34.2041903,yes,,526.5196780850405
192,way/272974624,109.0144117,34.3362064,residential,,756.6435842056892
193,way/1414509018,109.0343167,34.219696,yes,,1006.1623772981128
194,way/1414508960,109.0390671,34.2213142,yes,,992.9675526745085
195,way/1268252768,108.872395,34.2787765,yes,,503.6146927502085
196,way/1370699564,108.8986533,34.194277,residential,,546.085113542054
197,way/1417903969,108.8777435,34.2071501,yes,,726.8121980488845
198,way/1266642264,108.9752922,34.2794073,yes,,790.2298499116778
199,way/1370700003,108.9198143,34.190412,yes,,660.7736415676421
200,way/1264995022,108.9539685,34.2863862,yes,,589.9482961098679
201,way/1412826149,108.9250504,34.2144742,apartments,,524.4643522969783
202,way/1268937876,109.0113927,34.2670318,yes,,519.3363991039445
203,way/997653279,108.8054928,34.2391001,residential,,1017.8055431338581
204,way/1413572828,109.013893,34.2280197,yes,,662.4564852670437
205,way/1415051972,108.8344534,34.2287211,yes,,804.4216167621053
206,way/1409920175,108.9864954,34.3470344,yes,,1029.0902898094664
207,way/1267270479,108.9100929,34.2416486,yes,,678.8992352708773
208,way/1415052241,108.8481573,34.2257544,yes,,527.6022455606281
209,way/1292496666,108.8500747,34.282163,yes,,561.9523987858237
210,way/1417903984,108.8725046,34.2060611,yes,,784.7421916668153
211,way/1265692147,108.977435,34.2086185,yes,,613.6312021744058
212,way/1370887093,109.0015983,34.203846,yes,,692.3626632046542
213,way/1418071945,108.9264388,34.320352,yes,,502.1689589796339
214,way/1370886753,109.0296134,34.2092593,yes,,1286.825859916208
215,way/263625086,108.9757389,34.2520683,university,,531.1953386250424
216,way/1409620948,108.9636207,34.3305444,yes,,714.2425121566052
217,way/1270262053,109.0197935,34.2440471,yes,,542.096962550739
218,way/1370391706,108.9650922,34.1913716,yes,,565.7871437139921
219,way/1206155990,109.0597319,34.3492332,roof,,1076.2455048287989
220,way/1265034016,108.9723038,34.2798152,yes,,973.3634778993985
221,way/1290377676,108.9211207,34.2675991,yes,,562.049288292997
222,relation/18878964,108.9637872,34.191129,yes,,580.8351900387273
223,way/1512648616,109.0550691,34.2476882,yes,,524.6735186138537
224,way/1270259263,109.0244596,34.2361278,yes,,508.1413004140049
225,way/1268251088,108.8740323,34.2835978,yes,,679.7973859154383
226,way/1263876902,108.8914874,34.2569125,yes,,577.172739917307
227,way/1268251175,108.8765004,34.2773436,yes,,536.3973630927193
228,way/1372140059,108.9381409,34.3356243,yes,,558.1463862322934
229,way/1263895488,108.8876555,34.2550307,yes,,521.4649691917856
230,way/1263937291,108.8988144,34.2759641,yes,,580.6458228587588
231,way/1415051429,108.8507884,34.2349635,yes,,537.1458848837987
232,way/1370391524,108.9815399,34.1928014,yes,,538.3621069593175
233,way/1512649277,109.0640415,34.2555068,yes,,691.9083062298602
234,way/1263894278,108.8897046,34.2563953,yes,,502.47427836939863
235,way/1417903927,108.8754625,34.2074707,yes,,753.9054461096717
236,way/1370886817,109.0210206,34.2083675,yes,,765.8614986312766
237,way/1418071158,108.9240118,34.3383346,yes,,533.8650657342239
238,way/1265400065,109.0031536,34.2896097,yes,,508.92920330561356
239,way/1265400401,109.0077102,34.2838615,yes,,621.2791765819551
240,way/1414506815,109.0415723,34.2510854,yes,,567.2671943055335
241,way/1370391026,108.9743765,34.198449,yes,,669.5788695015468
242,way/1371226909,108.9855513,34.3002899,yes,,553.2526020918707
243,way/1265692442,108.9818822,34.2088146,residential,,577.6791500736216
244,way/1268252888,108.8756346,34.2747029,yes,,519.5848543730223
245,way/1370886683,109.0184948,34.2103023,yes,,657.2682072950837
246,way/1409622150,108.98775,34.3156196,yes,,609.891189765827
247,way/1369762256,108.9911978,34.233933,yes,,684.0559494955528
248,way/1267629114,108.9133317,34.2455223,yes,,631.5335523280721
249,way/1370887091,109.0020553,34.2039257,yes,,692.1878989001368
250,way/1417903593,108.8707439,34.2137777,yes,,546.349075030767
251,way/1415051059,108.8522482,34.2384948,yes,,595.913684668343
252,way/1414507607,109.0268085,34.238723,yes,,868.1888443096534
253,way/1267270718,108.9081949,34.2410596,yes,,624.6721258046907
254,way/1414508785,109.0376621,34.2243631,yes,,634.9601734595815
255,way/1270260698,109.0189307,34.2422137,yes,,684.64019334464
256,way/1292704442,108.9223851,34.2738772,yes,,540.8526523160821
257,way/1414507213,109.0437225,34.2432805,yes,,1016.4736951105415
258,way/1238880401,108.8314657,34.3022485,industrial,,559.7831172249425
259,way/1292496625,108.8638542,34.2787342,yes,,553.0541859911565
260,way/1370070800,108.9959713,34.2027285,yes,,763.2304088030709
261,way/1370886303,109.0288714,34.2146728,yes,,746.9216091944986
262,way/1370390379,108.9568494,34.2052987,yes,,585.8997010845778
263,way/1265034850,108.9724918,34.2799044,yes,,991.7538880418331
264,way/1268251694,108.8712685,34.2804826,yes,,633.4593875015139
265,way/1267641677,109.0197543,34.2731216,yes,,659.1976649911958
266,way/1263893739,108.8865367,34.2533261,yes,,681.8769837798083
267,way/1272122761,108.858199,34.2660695,yes,,534.1096247932155
268,way/1230052689,108.9758805,34.2490752,yes,,538.6548475356865
269,way/1373230634,108.9578595,34.361331,yes,,595.6134005115807
270,way/1371234848,108.9945395,34.2983391,industrial,,531.4755674176766
271,way/1267641995,109.011578,34.2897203,yes,,737.5226380636022
272,way/1373230638,108.9590732,34.3612707,yes,,681.9423592631056
273,way/1267641472,109.0168352,34.2743152,yes,,526.4862587817477
274,way/478005635,108.9769774,34.2457694,university,,536.2141499985876
275,way/1263894699,108.8912629,34.2733579,industrial,,506.09314053015595
276,way/1414508672,109.0389291,34.2259066,yes,,504.6124919352738
277,way/1413302536,108.9046335,34.2190382,yes,,542.978913037504
278,way/1263877025,108.8925546,34.2569292,yes,,509.7762928971617
279,way/1267641937,109.0148174,34.2733247,yes,,609.1115405946223
280,way/1263894092,108.8884685,34.254426,yes,,612.6253777198197
281,way/1263648840,108.9695732,34.2766873,yes,,652.3284105738614
282,way/1271293736,108.8529313,34.2550993,yes,,672.8125615243034
283,way/1263894468,108.8862296,34.2533193,yes,,679.7782349222498
284,way/1370886168,109.0391918,34.2159048,yes,,1482.2926990114165
285,way/1268250983,108.8727267,34.2846903,yes,,509.5616775394577
286,way/1268937398,109.0158701,34.2677563,yes,,795.0291712396055
287,way/1414507166,109.0421805,34.2447703,yes,,904.7083611425384
288,way/1370391498,108.9633345,34.1931762,yes,,582.6718700721417
289,way/1267629875,108.9015596,34.2511734,yes,,547.2290893044993
290,way/1370887089,109.0024564,34.2039367,yes,,700.5129963167883
291,way/1265400857,109.0065799,34.2879903,yes,,577.0508064889567
292,way/1414717086,108.8539295,34.2535623,yes,,599.9476545039196
293,way/1372140562,108.9363638,34.3159611,yes,,633.4302987941667
294,way/1372721522,108.9564223,34.3302633,yes,19号楼,514.9880771085122
295,way/1370390975,108.9626997,34.1993116,yes,,914.4066841740664
296,way/1268251323,108.8783463,34.2827729,yes,,515.5339318676631
297,way/1418364766,108.9158631,34.349589,yes,,568.170505589448
298,way/1370390981,108.9630322,34.1992951,yes,,895.6915166317075
299,way/1512648661,109.0546111,34.2470519,yes,,544.1828977246428
300,way/1341668321,108.9698363,34.2154176,yes,,519.306300345393
301,way/1266650999,108.9798679,34.275183,yes,,503.54772990481996
302,way/1263937647,108.8986199,34.2743106,yes,,656.3113671507665
303,way/1263937760,108.9013184,34.2734563,yes,,601.0588704735036
304,way/1414506705,109.0264432,34.2371144,yes,,712.9124522884794
305,way/1370070173,108.9799414,34.2128024,yes,,815.2421494085172
306,way/1290376858,108.9216192,34.2684758,yes,,558.4630115099549
307,way/1370069922,108.9751445,34.2174478,yes,,533.9037587309957
308,way/1346633456,108.9609787,34.2062052,yes,,604.5940193666017
309,way/1370390875,108.9649831,34.2007464,yes,,657.355591142882
310,way/1414718935,108.8526202,34.2396399,yes,,605.6211723240281
311,way/1263876438,108.8978257,34.2704234,yes,,647.1345610781607
312,way/1414507241,109.031369,34.2425554,yes,,959.0897233062726
313,way/1413573266,108.9892848,34.2238138,residential,青年教师公寓2号楼,566.9747679196007
314,way/1413573096,109.0070697,34.2259519,yes,,871.0381145933991
315,way/1263937814,108.900006,34.2730221,yes,,657.0235899817385
316,way/1263893423,108.8876472,34.2543281,yes,,594.8820599523393
317,way/1292705073,108.9227997,34.2725479,yes,,536.7047154595666
318,way/1414718743,108.8623158,34.2410587,yes,,542.2835293739631
319,way/1281874906,108.8506266,34.2682934,yes,,508.99679477936814
320,way/1512648490,109.0543478,34.2431626,yes,,905.5651671063083
321,way/1264995939,108.952408,34.2879883,yes,,614.8331332655257
322,way/1268251746,108.8678081,34.2836692,yes,,521.5853727431357
323,way/1266651158,108.9801021,34.2754552,yes,,505.38777305982626
324,way/1266650982,108.9828198,34.2980566,yes,,565.7620269208826
325,way/1370886951,109.0261575,34.2062289,yes,,1210.8612987974188
326,way/1370070978,108.9907306,34.199214,yes,,619.3694524567412
327,way/1265401823,109.0092159,34.2922172,yes,,629.0105118358908
328,way/1238885645,108.8069254,34.3261162,industrial,,1678.4539482858825
329,way/1266642538,108.976659,34.2794642,yes,,665.9369614211525
330,way/1268937399,109.0195557,34.2627418,yes,,522.0388368766374
331,way/1370390774,108.9654631,34.2016393,yes,,552.2968570964671
332,way/1268251817,108.8753377,34.2809818,yes,,635.0053029928326
333,way/1263895136,108.8882935,34.2531155,yes,,700.3231782725611
334,way/1370070887,108.9878672,34.2010785,yes,,726.3696715237161
335,way/1512648687,109.0629539,34.2551679,yes,,729.7754408468907
336,way/1371226933,108.9899483,34.299837,yes,,535.4756939337635
337,way/1263937792,108.8975842,34.2736075,yes,,639.3993397887393
338,way/1263876062,108.8904046,34.2549792,yes,,556.0260362644494
339,way/1413573239,109.0180031,34.2242458,yes,,713.1921250622624
340,way/1370887120,109.0082458,34.2030461,yes,,583.5824246670401
341,relation/19350103,109.0418037,34.2400485,yes,,620.3705066789328
342,way/1004434965,108.8889447,34.2288364,residential,枫叶新家园-2栋,659.979183614866
343,way/1263937621,108.8975782,34.2743755,yes,,578.2017121178039
344,way/1417903488,108.8545122,34.2150585,yes,,727.9066647953468
345,way/1414717258,108.8483175,34.252473,yes,,517.0618400536586
346,way/1267951127,108.9636611,34.2073976,yes,,507.97294336489875
347,way/1265692526,108.9792837,34.2071834,yes,1,838.0195574101517
348,way/1300524443,108.9814223,34.1972592,yes,,591.2569639644023
349,way/1370391506,108.9633149,34.193014,yes,,574.3879309378186
350,way/1370391201,108.9801221,34.1964123,yes,,662.6170635254623
351,way/1267629647,108.9135948,34.2453963,yes,,622.4096981638701
352,way/1292704801,108.9226541,34.2748505,yes,,504.6509235152961
353,way/1263876996,108.8916473,34.2575386,yes,,523.9160366628129
354,way/1265692398,108.9798595,34.2079589,residential,,772.9732403866856
355,way/1292497054,108.8649039,34.2787708,yes,,584.5040789382293
356,way/264420415,108.9766274,34.2482427,university,唐仲英艺术庭院,551.0631621281348
357,way/1292498084,108.8670185,34.2798094,yes,,574.9505391035337
358,way/1268252903,108.8815288,34.2726406,yes,,523.1950694451479
359,way/1418364533,108.9182473,34.3558339,yes,,508.20938549180823
360,way/1418364835,108.9178513,34.3474473,yes,,521.9474403073478
361,way/1370390541,108.9564665,34.203759,yes,,502.3509951670345
362,way/1268937555,109.0122566,34.2666573,yes,,601.2718567818164
363,way/1369762252,108.993241,34.2343477,yes,,583.1712778225678
364,way/1414507773,109.0121061,34.2371728,yes,,840.1151043428342
365,way/1415051238,108.8805297,34.2370605,yes,枫叶新都市社区中心,512.6535394693598
366,way/1418364492,108.9276282,34.3574432,yes,,586.4372359556285
367,way/1371235051,108.9938675,34.2884831,yes,,594.6350148842488
368,way/1414506950,109.0421778,34.2488476,yes,,663.4609839766349
369,way/1414508929,109.0286691,34.2293243,transportation,,613.1032757074391
370,way/1370391573,108.9768031,34.1921792,yes,,559.815741231091
371,way/1265450157,108.9606455,34.1951616,residential,,529.4154696366757
372,way/1266650933,108.9822489,34.2979062,yes,,561.993967255678
373,way/1268937836,109.0181688,34.2692584,yes,,735.2033397625859
374,way/1267641311,109.0158779,34.2720756,yes,,734.7579736501597
375,way/1263876966,108.8985224,34.2657038,yes,,523.8047604317284
376,way/1373230464,108.9546993,34.3646515,yes,,764.9860457859785
377,way/1415051730,108.8598549,34.2316658,yes,,636.9359888102671
378,way/1370944354,108.9615726,34.3092948,yes,,545.5044010769316
379,way/1263893444,108.8868122,34.2531991,yes,,699.363741585047
380,way/1417089413,108.9738009,34.2181908,terrace,,576.0756751127496
381,way/1270260921,109.0177073,34.2412155,yes,,762.5030650213274
382,way/1263876813,108.8957409,34.2675711,yes,,522.2568513049878
383,way/1263876014,108.8916508,34.2570954,yes,,571.3114046570059
384,way/1373230546,108.9605909,34.3633853,yes,,934.4552833639882
385,way/1370391052,108.9706322,34.1979524,yes,,530.3642106837849
386,way/1370699706,108.9061487,34.1931653,yes,,505.97178046179454
387,way/1370886777,109.0292268,34.2091559,yes,,1281.801458684893
388,way/1265450237,108.9638682,34.1968142,residential,,757.5389273451212
389,way/1263876784,108.8984089,34.2698887,yes,,571.86469460877
390,way/1370885719,108.9853464,34.2202147,yes,,517.8884641596869
391,way/1263936959,108.8991743,34.2779309,yes,,572.7832661991825
392,way/1266642645,108.9791775,34.2758169,yes,,541.4831652473089
393,way/1263894197,108.8867962,34.2523471,yes,,687.4531140091871
394,way/1373232156,108.9603738,34.3376775,yes,,576.5288978337888
395,way/1263894132,108.8860416,34.2532359,yes,,679.5432299859128
396,way/1414507272,109.0282455,34.2419808,yes,,1069.5788479626456
397,way/1267642293,109.0156758,34.2727746,yes,,672.923188153491
398,way/1292705281,108.9219178,34.2748151,yes,,572.3372675595817
399,way/1265034748,108.9692062,34.2825342,yes,,705.1801830903373
400,way/1372140509,108.9357158,34.3172491,yes,,588.0362785944183
401,way/1268251569,108.8763921,34.2738374,yes,,594.6410759580923
402,way/1373230460,108.9577749,34.3648362,yes,,890.4228048825856
403,way/1373232089,108.9611431,34.3382543,yes,,506.9860382920935
404,way/1263649830,108.9734504,34.2754899,yes,,684.6341792593415
405,way/1409920574,108.9731101,34.3381514,yes,,547.82763995401
406,way/1263937094,108.9019404,34.2773211,yes,,677.7452380217777
407,way/1369761786,108.9935621,34.2403577,yes,,619.1004360426375
408,way/1413573371,109.0030475,34.2219976,yes,,595.1245784590898
409,way/1373230537,108.9589086,34.3633462,yes,,819.6249509074387
410,way/1371869954,108.9148347,34.3017531,yes,,590.2628507380538
411,way/1370886541,109.0333244,34.2121888,yes,,1232.7019062081006
412,way/1270261203,109.0191092,34.2414518,yes,,769.8268450761931
413,way/1268252596,108.8781381,34.2758367,yes,,507.6992713967481
414,way/1267271065,108.9074203,34.2407872,yes,,552.0535991636151
415,way/1414507178,109.029014,34.2444999,yes,,789.2198389613665
416,way/1414508874,109.0388042,34.223117,yes,,792.703333969122
417,way/1270260970,109.0220796,34.2478995,yes,,531.5879697648638
418,way/1268251040,108.8751585,34.2784971,yes,,623.8400900599723
419,way/1268252911,108.8744971,34.2858274,yes,,555.5302863872454
420,way/1292703997,108.9209346,34.2757131,yes,法物流通处,529.9083189543636
421,way/1265400721,108.9923374,34.2857839,yes,,581.0235398056456
422,way/1415051496,108.838747,34.2344436,yes,,687.6816153264541
423,way/1413573073,109.0076238,34.2262043,yes,,910.5286022487569
424,way/1268937913,109.0191478,34.265278,yes,,672.1024536734994
425,way/1370390608,108.9573606,34.2032348,yes,,579.293852511492
426,way/1270261191,109.0227823,34.2488195,yes,,585.7846549866657
427,way/1417903345,108.8685555,34.2170702,yes,,523.4955793762877
428,way/1263894851,108.8857558,34.2527216,yes,,625.2206382063256
429,way/966198720,108.9962697,34.2899563,transportation,西安东客车整备所乘务楼,684.473317853086
430,way/1370390635,108.9588053,34.2030843,yes,,711.9382729817352
431,way/1409920668,108.9887915,34.3371492,yes,,625.8518440656763
432,way/1371869144,108.9151165,34.3095355,yes,,585.5711543902353
433,way/1263937929,108.897267,34.2721205,yes,,754.7403586718476
434,way/1263894926,108.8868728,34.2529132,yes,,723.5872426649642
435,way/1370886996,109.0211282,34.2057878,yes,曲江市政数据中心,752.416144951435
436,way/1267629476,108.8999702,34.2495159,yes,,514.6792457987043
437,way/1370699887,108.9009058,34.1918315,yes,,832.051221692718
438,way/1414717159,108.8488782,34.2532985,yes,,615.6841139317769
439,way/1265400883,109.0055593,34.2897803,yes,,637.3119447844292
440,way/1290376307,108.9230884,34.2678725,yes,,505.9854811130556
441,way/1263894240,108.8866087,34.2548132,yes,,519.2344445359113
442,way/1268251414,108.8773584,34.2831288,yes,,605.3087431652963
443,way/1292496309,108.8636412,34.2786823,yes,,538.9717661089712
444,way/1268937551,109.0196289,34.2670503,yes,,631.884720923674
445,way/1265450246,108.9606223,34.1973893,residential,,734.4933416320268
446,way/1370070802,108.999221,34.2027792,yes,,806.8537458084402
447,relation/19350050,109.0294045,34.2428164,yes,,978.0504182762276
448,way/1370944465,108.9629752,34.3081517,yes,,598.8206945801811
449,way/1414508538,109.0293918,34.2275324,yes,,690.5913509983319
450,way/1270259169,109.0196985,34.2390867,yes,,725.588037545485
451,way/1409920248,108.9803261,34.3449461,yes,,980.7112607599228
452,way/1228144693,108.8122111,34.3200083,yes,,1153.5101615680019
453,way/1413573277,108.9893323,34.2235661,residential,青年教师公寓1号楼,539.1816990695007
454,way/1370886714,109.037318,34.2097767,yes,,1685.6673286260002
455,way/821515115,108.9575927,34.3052866,ruins,,504.60272972451685
456,way/1414507148,109.0281457,34.245253,yes,,706.7318374719633
457,way/1512649514,109.0523889,34.2627168,yes,,748.3062243458193
458,way/1371235003,108.993854,34.2919555,yes,,503.9198942273198
459,way/1268937895,109.019974,34.2628544,yes,,562.020927210569
460,way/1414506996,109.0425987,34.2482582,yes,,721.1667365980097
461,way/1264969329,108.9932565,34.2470923,yes,,548.1090480878551
462,way/1265401125,109.0059339,34.2778844,yes,,512.6149272691172
463,way/1228144698,108.8124498,34.315006,yes,,834.3114589011044
464,way/1265034356,108.9712938,34.2836647,yes,,630.0245260275769
465,way/1264995218,108.9530908,34.2875684,yes,,664.6455897046611
466,way/1415052275,108.8515698,34.2254284,yes,,693.0095557688765
467,way/1415052127,108.834984,34.2268825,yes,,730.5970833473547
468,way/1265450176,108.9609949,34.1969807,residential,,720.8888662043655
469,way/1268937250,109.0180883,34.2683862,yes,,742.9007575519742
470,way/1268937476,109.0188731,34.266926,yes,,702.20568533487
471,way/1409622018,108.9884679,34.3175636,yes,,524.7649349984963
472,way/1267628898,108.9019904,34.2500861,yes,,504.658280594949
473,way/1414508906,109.0380686,34.2226001,yes,,834.4674320006798
474,way/1290375672,108.9219354,34.2705679,yes,,541.9024550498942
475,way/1267270986,108.9077497,34.2407511,yes,,571.3085919044911
476,way/1414507555,109.0181554,34.2392844,yes,,764.1587296466747
477,way/1413572560,108.9920833,34.2316662,yes,,534.0930636193852
478,way/1268252822,108.8763247,34.2846883,yes,,510.6344031844796
479,way/1370699871,108.8993457,34.1920272,yes,,794.5912021736276
480,way/1370391705,108.9653683,34.1913707,yes,,542.1745396654542
481,way/1268251948,108.8720055,34.2795264,yes,,558.2660344720118
482,way/1263876086,108.8913664,34.2563589,yes,,546.9677305455306
483,way/1263937604,108.8983708,34.2744572,yes,,628.2268709158022
484,way/1413572563,109.0059954,34.2320401,yes,,605.5281272641311
485,way/1414718189,108.8351754,34.2454268,yes,,554.3429818046571
486,way/1228133950,108.8223936,34.3022269,yes,,575.7056602057542
487,way/1268937359,109.0203324,34.2623445,yes,,570.243260231698
488,way/1263875220,108.8929987,34.2574878,yes,,535.1677025260965
489,way/280412706,108.9594647,34.2891507,ruins,含元殿遗址,810.6201798986623
490,way/1272122368,108.861455,34.2661848,yes,,607.0504065175332
491,way/1418071783,108.9181182,34.323692,yes,,779.7988600114633
492,way/1265400718,109.0075696,34.2875864,yes,,637.8327879211746
493,way/1413572693,109.0066505,34.229532,yes,,753.6936472071108
494,way/1268252685,108.8737327,34.2789492,yes,,594.9572931738408
495,way/1265692153,108.9807532,34.2075783,residential,,700.8021605931062
496,way/1415052194,108.8580448,34.2263009,residential,龙韵人和-21栋,569.6316548289918
497,way/1370070864,108.9922846,34.2013161,yes,,766.3235075874003
498,way/1371227020,108.9746578,34.2984327,yes,,540.1997213758478
499,way/1414508604,109.0189253,34.2266823,yes,,568.2116170351957
500,way/1370070010,108.9886329,34.2139786,yes,,547.1350574094977
501,way/1371869081,108.9207938,34.3104864,yes,,563.9462947249503
502,way/969143242,108.8882318,34.2096609,yes,,590.2586523838543
503,way/1415051835,108.835088,34.2304591,yes,,758.5783382900219
504,way/1263895111,108.8861169,34.2515655,yes,,595.1381969967599
505,way/1414507628,109.0270065,34.2384967,yes,,860.4955643521423
506,way/1265402822,109.0020875,34.2899593,yes,,520.157153780841
507,way/1370944659,108.9495383,34.3039913,yes,,618.3827279934857
508,way/1263649409,108.9720866,34.2754699,yes,,620.9478559393559
509,relation/19350076,109.036059,34.2421993,yes,,912.3251656414438
510,way/1292496277,108.8654351,34.283604,yes,,618.2725004605436
511,way/1373230518,108.9566387,34.3635747,yes,,716.8115883523344
512,way/1371227052,108.9774527,34.2981426,yes,,568.2748042934655
513,way/1265402708,109.0075996,34.2885236,yes,,687.8903279105118
514,way/1370070057,108.9772818,34.2131503,yes,,597.2078744948999
515,way/1265400277,109.0040585,34.2753507,yes,,510.3415641373578
516,way/1263650113,108.9722446,34.2756383,yes,,644.3373030903175
517,way/1270259276,109.0233815,34.2412854,yes,,988.4644308486324
518,way/1292495892,108.864458,34.279131,yes,,618.6965043364768
519,way/1512648372,109.0758163,34.275621,yes,,634.1224828320419
520,way/1263649840,108.9713781,34.2768136,yes,,732.7048248239423
521,way/1290377178,108.9232134,34.2695592,yes,,535.671402383138
522,way/1267628708,108.9114561,34.2445592,yes,,603.5249641120295
523,way/1414507453,109.0408941,34.240237,yes,,624.2684278553426
524,way/1268251804,108.8728732,34.2830527,yes,,666.8208066417965
525,way/1414507130,109.0349748,34.2460456,yes,,502.4291549589019
526,way/1264676105,108.9344156,34.2804792,yes,,512.1207380976414
527,way/1290376813,108.9215028,34.2694771,yes,,513.9420204604776
528,way/1418072005,108.9192583,34.3186368,yes,,576.9568713715914
529,way/1371869004,108.9323776,34.312501,yes,西安市市政设施管理局,510.3028466145148
530,way/1414717416,108.8491442,34.2516421,yes,,533.0798185863754
531,way/1409920652,108.9880851,34.3373192,yes,,664.0997731921464
532,way/1417903055,108.8765346,34.2206414,yes,,540.5672716061641
533,way/1265450150,108.9608258,34.1973899,residential,,751.050093824707
534,way/1267951399,108.9636602,34.2071543,yes,,533.056170566246
535,way/1265692232,108.9794688,34.2088228,residential,,780.3450659180783
536,way/1512648473,109.0542451,34.2433615,yes,,881.5255418573636
537,way/1512648998,109.0561692,34.2443728,yes,,867.1039380581332
538,way/1265926387,108.8983484,34.2875608,yes,,615.9101668170731
539,way/1347043897,108.9623438,34.2064716,transportation,,577.1889839065177
540,way/1262936249,108.9032989,34.2532214,yes,,520.1964848535116
541,way/1266642310,108.9762822,34.2793883,yes,,699.4662527945898
542,way/1415051826,108.8573047,34.2306197,yes,,751.1392669126333
543,way/1271293953,108.8529987,34.2565855,yes,,569.9723862343105
544,way/1418364458,108.92903,34.3583444,yes,,557.8652527271082
545,way/1346634224,108.959999,34.2069963,yes,,533.8607174592292
546,way/1512648520,109.053231,34.2453741,yes,,639.1432739903563
547,way/1414507183,109.0421366,34.2442675,yes,,942.5864186315534
548,way/1415051702,108.8574058,34.232103,yes,,586.9714425505921
549,way/727385845,108.8339213,34.2017449,yes,华为西安研究所二期-V10,622.3855723128934
550,way/1268251706,108.8760838,34.2833528,yes,,643.5838556395904
551,way/1415052112,108.8370288,34.2271184,yes,,603.0221354425622
552,way/1265450289,108.9601744,34.1959615,residential,,585.9669643231019
553,way/1465146230,108.9521906,34.2674247,yes,,553.9925506143427
554,way/1414507967,109.0082268,34.2345125,yes,,638.1408782186246
555,way/1264995585,108.953578,34.2854672,yes,,530.0980572006041
556,way/1292497401,108.8643639,34.2789717,yes,,599.0509412947957
557,way/1263649722,108.9727315,34.274237,yes,,541.4502003129599
558,way/1370390942,108.9722279,34.1996991,yes,,691.2685517085243
559,way/1267641584,109.0117365,34.2878969,yes,,756.6594781968888
560,way/1267270540,108.9081461,34.2399959,yes,,548.832543086693
561,way/1512649505,109.0554473,34.2612234,yes,,538.5475393451129
562,way/1370390689,108.9760467,34.2027063,yes,,687.9215023180961
563,way/1290376396,108.9218702,34.2674494,yes,,564.1277647214164
564,way/1270259215,109.0222034,34.2379715,yes,,605.3304963600673
565,way/1512649679,109.0558103,34.2615129,yes,,573.2581856106592
566,way/1511298780,109.0506373,34.2446999,yes,,670.4559391423347
567,way/1267641863,109.0184475,34.2829267,yes,,557.5468121216646
568,way/1267641602,109.0193402,34.2749176,yes,,587.7690026662917
569,way/1262936017,108.8993943,34.2572512,yes,,500.88344338980755
570,way/1414506861,109.0421654,34.2503376,yes,,634.9506765355859
571,way/1266651357,108.9817797,34.2980231,yes,,537.0370361207581
572,way/1292704388,108.9221468,34.2747959,yes,,551.32668258122
573,way/1270262478,109.0206683,34.2592978,yes,,500.5645021037915
574,way/1268937400,109.013374,34.2680765,yes,,575.891225953044
575,way/1263894300,108.8865282,34.2529363,yes,,697.8372916192245
576,way/1418071839,108.9191422,34.3227206,yes,,922.7500009654702
577,way/1268937412,109.0226341,34.2625674,yes,,735.6259783429643
578,way/1290376557,108.92259,34.2679448,yes,,549.581475896929
579,way/1413572960,109.0123933,34.2270719,yes,,835.9446844660449
580,way/1370885853,109.0301791,34.2189209,yes,,630.4793311920054
581,way/1292704568,108.9220452,34.2715375,yes,,564.5810006848468
582,way/1414507397,109.0286464,34.2408406,yes,,1097.420724525256
583,way/1228144689,108.8121681,34.3178062,yes,,1144.7895516477495
584,way/1271293826,108.8535527,34.2543744,yes,,618.3308069635656
585,way/1263342579,108.876074,34.2724941,yes,,605.6144287703734
586,way/1265034346,108.968204,34.281051,yes,,642.8815865125733
587,way/1268252632,108.8676682,34.2838874,yes,,501.5116535214473
588,way/1266642258,108.9768086,34.2795777,yes,,653.8870559493795
589,way/1373230487,108.9610302,34.3639712,yes,,1007.6304977300123
590,way/1268252908,108.8724605,34.2837542,yes,,580.4090859392313
591,way/1263649679,108.9693937,34.2772659,yes,,647.2470922688866
592,way/1264995648,108.9523867,34.2882525,yes,,596.4609334272573
593,way/1373232292,108.9585537,34.3350193,yes,,550.0247487239678
594,way/1370070708,108.9838334,34.2055613,yes,,556.7988941370126
595,way/1290375947,108.9222219,34.2691829,yes,,585.7624779287091
596,way/1414718837,108.8504175,34.240394,yes,,526.3425912338455
597,way/1418364996,108.9267226,34.3433921,yes,,571.4936517540137
598,way/1270260923,109.018036,34.2423856,yes,,641.5280772721336
599,way/1370070772,108.9923882,34.2035465,yes,,545.1922534993483
600,way/1409622130,108.9845171,34.3158781,yes,,563.0471970909784
601,way/1370886053,109.0413559,34.2169806,yes,,1254.5303470696865
602,way/1265034371,108.9713716,34.2849783,yes,,503.436377674375
603,way/1292497665,108.8623271,34.2848902,yes,,557.8745003164295
604,way/1372721566,108.9461918,34.3296207,yes,,509.63972832032266
605,way/1266650961,108.984907,34.2979194,yes,,502.25233406875054
606,way/1268252199,108.8724969,34.2810736,yes,,733.5510567430822
607,way/1263875262,108.8923569,34.2574186,yes,,558.8141080801231
608,way/1414508694,109.0200188,34.2256042,yes,,687.4204937274905
609,way/1370070764,108.9836839,34.2045863,yes,西安金地广场,634.0800189765804
610,way/264106095,108.9777903,34.2455033,dormitory,西2舍,547.7434796705278
611,way/1370886421,109.0356585,34.2133507,yes,,1327.2343810834236
612,way/1512648600,109.0571208,34.2485635,yes,,533.0457270880602
613,way/1370887041,109.0017897,34.2047181,yes,,600.8211153154044
614,way/1414507545,109.0302296,34.23938,yes,,886.5003412653981
615,way/1414508954,109.035714,34.2215188,yes,,946.3040024658205
616,way/1415052235,108.852692,34.2257963,yes,,651.9271846124801
617,way/1415051901,108.858729,34.2297703,yes,,836.7205046242228
618,way/1414507195,109.041499,34.2437829,yes,,946.6409140662857
619,way/1267256891,108.8981578,34.2897264,yes,,527.4784734551135
620,way/1292495846,108.8640534,34.2789413,yes,,582.0029566730667
621,way/1370070177,108.9765144,34.2126522,yes,,510.4679923717377
622,way/1263894366,108.8886313,34.2512349,yes,,514.5401960080586
623,way/1414507052,109.0421282,34.2475683,yes,,713.2672184495023
624,way/1271293714,108.852199,34.2558822,yes,,676.361538304317
625,way/1409920960,108.9612934,34.3340469,yes,,630.8760713449019
626,way/1270260947,109.0172081,34.2421787,yes,,649.7190685148271
627,way/997664905,108.8036724,34.2421997,yes,西安鱼化哈弗4S店,1280.864854247917
628,way/1265324279,108.9998542,34.2652187,yes,,538.8803473624134
629,way/1414508962,109.038741,34.2212992,yes,,988.0730571419292
630,way/1268937920,109.0206668,34.2653958,yes,,633.4245630741425
631,way/1370699933,108.9013413,34.1915433,yes,,871.9076086542223
632,way/1270259293,109.0250173,34.2404229,yes,,945.1776262944234
633,way/1414507129,109.0383043,34.245813,yes,,597.1078483822639
634,way/1341668452,108.9672802,34.2170475,yes,,568.0911417212934
635,way/1270262290,109.0184794,34.2422564,yes,,666.5644185608119
636,way/1292705024,108.9219223,34.2737137,yes,,556.7998685062101
637,way/1414507799,109.0145161,34.2368484,yes,,653.454024327965
638,way/1268937814,109.0212556,34.2625683,yes,,658.5303277178015
639,way/1371234999,108.9939825,34.2920649,yes,,517.315251273385
640,way/1265400262,109.0087353,34.2898025,yes,,846.3539407949331
641,way/1266651181,108.983074,34.2961629,yes,,555.6014151477088
642,way/1369761889,108.9931259,34.2392319,yes,,680.683638278675
643,way/1414507086,109.0260151,34.2469703,yes,,569.9195577736352
644,way/1292497073,108.8635265,34.2789992,yes,,566.3907720116168
645,way/1414507312,109.0272553,34.2414701,yes,,1133.3144224294242
646,way/1417089491,108.9740736,34.2180403,semi,,578.7736291058462
647,way/1265925700,108.8973371,34.2877422,yes,,601.0970115185025
648,way/1409920374,108.9829266,34.3407446,yes,,541.5120151842034
649,way/1372140469,108.934427,34.3185028,yes,,639.2418912762189
650,way/1268937930,109.0201155,34.2622678,yes,,548.6043798519099
651,way/1300524438,108.9800503,34.1972459,yes,,702.5964157618326
652,way/1371226786,108.986492,34.3027394,yes,,565.2463330900224
653,way/255355036,109.060193,34.3162592,yes,,698.4857776118517
654,way/1270259193,109.021824,34.2387252,yes,,682.4194622759189
655,way/1268937601,109.0139802,34.2689477,yes,,583.408827033299
656,way/1267628760,108.8999688,34.2494024,yes,,523.3258551097068
657,way/1370070059,108.9848375,34.2131057,yes,,542.3354154443057
658,way/1418364882,108.9165762,34.3458008,yes,,543.7369286957806
659,way/1373230477,108.9538438,34.3641396,yes,,694.8294395631733
660,way/1409622151,108.983367,34.315624,yes,,600.0225462178008
661,way/1413573291,109.0190985,34.2234295,yes,,578.0510449538303
662,way/1270261863,109.0153706,34.2423736,yes,,628.4183192834399
663,way/1370390835,108.9569715,34.2010821,yes,,587.4852617313951
664,way/1370070863,108.9841376,34.2013158,yes,,792.5342363076912
665,way/1370070871,108.9959002,34.201172,yes,,932.2739668421449
666,way/1414507282,109.0397911,34.2418852,yes,,802.4131739812801
667,way/1267629641,108.9131573,34.2460612,yes,,608.2484664254474
668,way/1370886044,109.0318487,34.2170283,yes,,830.7294540252068
669,way/1370390986,108.9575842,34.1998344,yes,,700.5830324836046
670,way/1511023167,109.0449904,34.2518187,yes,,538.9723500079306
671,way/1512648371,109.0754165,34.2753159,yes,,586.3570641924963
672,way/1415051760,108.8590984,34.2312954,yes,,668.7967160499637
673,way/1265924706,108.9008745,34.2804477,yes,,551.2003151774502
674,way/1414506703,109.0291944,34.2374357,yes,,753.6953249354615
675,way/1263937253,108.8989451,34.276165,yes,,584.1112947165864
676,way/1268937524,109.0167984,34.2669729,yes,,737.7614820777642
677,way/1370886243,109.0321311,34.2151834,yes,,944.1958183083365
678,way/1414507028,109.0412213,34.2485896,yes,,589.8161744711879
679,way/1413572514,108.9912051,34.2325621,yes,,608.5197090485282
680,way/1409920566,108.9728385,34.33831,yes,,533.8381802432594
681,way/1272122527,108.8531464,34.2663049,yes,,571.4670480402593
682,way/1263937624,108.9002765,34.2743284,yes,,737.1987567012119
683,way/1512649536,109.0570222,34.2614293,yes,,586.5191503463458
684,way/1417903274,108.8742928,34.218275,residential,南窑头西区-87号楼,505.1974774439937
685,way/1267642270,109.0116977,34.2881583,yes,,758.008153796565
686,way/1414507232,109.0356384,34.2429724,yes,,844.1661287066307
687,way/1270259451,109.0138135,34.2434263,yes,,505.6183172216433
688,way/1267641672,109.0189859,34.2833174,yes,,587.6804569948044
689,way/1512648608,109.0585907,34.2494105,yes,,519.5534704747898
690,way/1267270498,108.9088842,34.2414199,yes,,632.4768090935822
691,way/1265402629,108.9932156,34.2846982,yes,,509.5691378436005
692,way/1262936175,108.9026377,34.2540856,yes,,506.39402087518044
693,way/1263875499,108.8914612,34.2574077,yes,,533.2319138218708
694,way/1268251455,108.8755994,34.2751558,yes,,520.2016704985599
695,way/1370391022,108.9680012,34.1985113,residential,,647.1494478976455
696,way/1409920228,108.9746324,34.345335,yes,,922.8126785406238
697,way/1418071686,108.9213592,34.3254932,yes,,705.6079561380756
698,way/1263894886,108.8894976,34.2521415,yes,,568.4499454892039
699,way/1370390556,108.9636817,34.2036107,yes,,558.063813396644
700,way/1369194001,108.9758588,34.2279164,yes,,635.9352699225934
701,way/1413302498,108.9042108,34.2204776,yes,,611.7104422143716
702,way/1372721475,108.9579384,34.331726,yes,,728.9653692492515
703,way/1266651506,108.9836624,34.2964786,yes,,515.0358398061056
704,way/1414508928,109.037545,34.2220462,yes,,889.0768864735835
705,way/1414507764,109.0140062,34.2372143,yes,,715.0808185307095
706,way/1292497527,108.8635491,34.2791417,yes,,581.7367867596209
707,way/1370699044,108.9425224,34.1980111,yes,,573.5438507017607
708,way/1292704557,108.9221757,34.2742059,yes,,553.6170881211763
709,way/1268251385,108.8689313,34.2803771,yes,,597.9301646580492
710,way/1265402642,108.9926677,34.286479,yes,,664.0448613845834
711,way/1413573319,109.0192234,34.2229048,yes,,528.3927665229451
712,way/1414507558,109.03113,34.2395298,yes,,869.8396372487756
713,way/387316424,108.8987051,34.2142014,yes,,539.5090689542507
714,way/1417903237,108.8754736,34.2186573,residential,南窑头西区-72号楼,510.07416927085364
715,way/1418071740,108.9210592,34.3245082,yes,,800.6359116350063
716,way/1264995080,108.95352,34.2870176,yes,,671.1587612289316
717,way/1418071936,108.9215289,34.3205935,yes,,633.9333584753522
718,way/1370069965,108.9755437,34.2157215,yes,,651.2490910449943
719,way/1267641384,109.0181166,34.2836915,yes,,564.8525313931042
720,way/1265926081,108.9014399,34.2794658,yes,,583.6606349801885
721,way/1512648551,109.0597457,34.2457789,yes,,916.0432131059923
722,way/1414507752,109.0189928,34.2373429,yes,,542.0392001414756
723,way/1370886319,109.0317005,34.2146624,yes,,943.29729425342
724,way/1370390826,108.9716918,34.2011574,yes,,522.9037542753074
725,way/1263876022,108.8967594,34.2680338,yes,,628.3372905045212
726,way/1371868895,108.9166504,34.3138291,yes,,684.2942367134548
727,way/1268251768,108.8716637,34.2835182,yes,,570.0572619418695
728,way/1265034882,108.9689978,34.2791754,yes,,664.0068292231573
729,way/1370390588,108.9760407,34.2033626,yes,,658.4565650676852
730,way/1265400967,109.0073433,34.2874523,yes,,612.8792219238499
731,way/1512648507,109.0517665,34.2448562,yes,,660.3042244184371
732,way/1370390827,108.9720583,34.2011556,yes,,537.9313069846719
733,way/1414507143,109.0305782,34.2453998,yes,,710.047535030596
734,way/1370886778,109.0328037,34.2090121,yes,,1463.7818912446294
735,way/1371868949,108.938301,34.3131733,yes,,505.96269495342716
736,way/1373232187,108.9593033,34.3371157,yes,,507.8116477516725
737,way/1270261295,109.0226365,34.2482342,yes,,583.4347307066614
738,way/1415051518,108.8365172,34.2342978,yes,,654.2702415638638
739,way/1370070878,108.9865546,34.2011351,yes,,729.1239166329491
740,way/1409920285,108.9804086,34.3440679,yes,,882.7785775978615
741,way/1512649241,109.064141,34.2561173,yes,,623.9832265333016
742,way/1414508948,109.0327107,34.2215942,yes,,886.123575936748
743,way/1370699845,108.9048998,34.1921345,residential,江林新城C区-3栋,663.9515003552716
744,way/1370069992,108.9744719,34.2148115,yes,,517.8670764934797
745,way/1371226783,108.9706048,34.302783,yes,,501.7374221488943
746,way/1370070932,108.9856952,34.2006256,yes,,681.7436273741686
747,way/1265450286,108.9604808,34.1963485,residential,,636.9303800453242
748,way/1415052369,108.8606664,34.2247497,yes,,507.8103390437076
749,way/1370391015,108.9690033,34.1985586,residential,,620.8358363148191
750,way/1370071016,108.992624,34.1975324,yes,,613.709610061794
751,way/1268252500,108.8770894,34.2748963,yes,,649.8941589919041
752,way/1417903343,108.8718131,34.2171219,yes,,553.4573446557124
753,way/1268251631,108.876673,34.2824435,yes,,601.5224804419755
754,way/1413572729,109.0074948,34.2290455,yes,,847.8530638590576
755,way/1268937373,109.0198851,34.2625614,yes,,540.8880539894125
756,way/1415051550,108.8343844,34.2337643,yes,,724.356595712007
757,way/1418071924,108.9303754,34.3205861,yes,,629.6774349874106
758,way/1370886479,109.0156302,34.2127642,yes,,734.6646591835174
759,way/1370391451,108.9796881,34.1938585,yes,,675.5866919345317
760,way/1413081984,108.9250393,34.2119062,yes,8号楼,509.31357938853535
761,way/1268251076,108.87456,34.286708,yes,,517.2083500527889
762,way/1268937313,109.0203212,34.2682436,yes,,540.1090183889196
763,way/1370070829,108.9871346,34.2021495,yes,,660.2121907658055
764,way/1263895349,108.8894997,34.255818,yes,,534.7418689800903
765,way/1414508801,109.0235439,34.2241563,yes,,504.8551439611553
766,way/1268937568,109.0197809,34.2710485,yes,,634.8580562784207
767,way/1267642249,109.0189639,34.2829185,yes,,585.092972417182
768,way/1268576036,109.0402898,34.3150194,transportation,,925.1583700504333
769,way/1272122570,108.8610064,34.2663777,yes,,604.0404010284132
770,way/1270261561,109.0234095,34.2474898,yes,,655.9684277031035
771,way/1370887113,109.0032987,34.2032491,yes,,797.4832634239465
772,way/1263936993,108.899156,34.2776808,yes,,571.5592683050883
773,way/1265401614,109.0078808,34.2861904,yes,,622.4414095958841
774,way/1265403044,109.0086495,34.2903562,yes,,802.4170086230247
775,way/1267642050,109.0178081,34.2829276,yes,,526.4803684258377
776,way/1292497454,108.86212,34.285482,yes,,516.2347822140601
777,way/1414507688,109.013721,34.2378676,yes,,786.9111537117969
778,way/1265403300,109.0063577,34.2879563,yes,,557.629794714284
779,way/1414508629,109.0399854,34.2263924,yes,,510.00205203471234
780,way/1267629775,108.9014834,34.2498089,yes,,525.1165452982877
781,way/1263893758,108.88717,34.2530804,yes,,718.136911592778
782,way/1369194011,108.9749924,34.2274574,yes,,550.5890660166592
783,way/1341668349,108.9684326,34.2172609,yes,,591.6528558530141
784,way/1271293817,108.8520876,34.2543293,yes,,752.8771397006118
785,way/1370944397,108.9617208,34.3087273,yes,,565.5572930914495
786,way/1370390854,108.9604225,34.2010245,yes,,890.8556087036089
787,way/1369194522,108.9774455,34.226553,yes,,625.4577808327851
788,way/1263893554,108.8896923,34.2552726,yes,,592.4522735930339
789,way/1267271442,108.9108456,34.2398393,yes,,551.020727278779
790,way/1369761835,108.9918425,34.2397644,yes,,562.7250655085232
791,way/1292497993,108.8504748,34.2805615,yes,,604.8010757209842
792,way/1418071736,108.9240967,34.3246867,yes,,530.0088903722885
793,way/1373230544,108.9524308,34.3631634,yes,,581.1684246229379
794,way/1414507742,109.029834,34.2374138,yes,,716.0228709225555
795,way/1208419215,108.9582203,34.2932669,ruins,延英殿遗址,910.1660628429104
796,way/1418071131,108.9244199,34.3387174,yes,,523.6821139010962
797,way/1372721476,108.9566446,34.3317209,yes,,654.7794798964944
798,way/1292497177,108.8591303,34.2911582,yes,,515.7688348470216
799,way/1370391056,108.9566808,34.1980046,yes,,504.5607478629705
800,way/421271806,108.9211279,34.2756569,gatehouse,广仁寺山门,542.6859424609876
801,way/1290376610,108.9232561,34.268476,yes,,531.6119218640702
802,way/1268937879,109.0194225,34.2683811,yes,,620.689448873257
803,way/1417903480,108.8705705,34.2152885,yes,,573.9367254305139
804,way/1292498028,108.8649588,34.2791453,yes,,611.6394014517591
805,way/1369761773,108.9938284,34.2404159,yes,,633.8733458514881
806,way/1370887037,109.006048,34.2048015,yes,,667.0571369516762
807,way/1417089121,108.9733018,34.2170513,terrace,,689.1873392923508
808,way/1415051683,108.8624545,34.2322881,yes,,661.5242514331279
809,way/1370944731,108.9489607,34.3016593,yes,,512.0701536292887
810,way/727389021,108.8300302,34.1986866,yes,,898.4967212250275
811,way/1409621175,108.9633067,34.3283086,yes,,515.7914969128788
812,way/1267641482,109.0194316,34.2744979,yes,,628.2670251258993
813,way/1370391682,108.9790701,34.1907663,yes,,803.4108898989324
814,way/1267641418,109.0191959,34.275758,yes,,512.9419195051858
815,way/1268937264,109.0168614,34.265401,yes,,574.7423026242597
816,way/1370070756,108.9860609,34.204077,yes,,514.0619288017006
817,way/1414717408,108.8489321,34.251625,yes,,514.6858847315419
818,way/1263342958,108.8768706,34.2703414,yes,,655.9900988783854
819,way/1292497910,108.8654712,34.2797124,yes,,632.6818806281822
820,way/1272122603,108.8523447,34.26602,yes,,500.78729834202943
821,way/1414507164,109.0342634,34.2447595,yes,,651.24609394121
822,way/1414507391,109.0294675,34.2410508,yes,,1084.4875901694963
823,way/1512648407,109.0740211,34.2763921,yes,,544.9386712970853
824,way/1292705373,108.9209335,34.2760067,yes,鼓楼,546.213500464364
825,way/1414717170,108.8545966,34.2531127,yes,,556.8020438529786
826,way/1265692440,108.9808218,34.2105211,yes,,693.3954846464871
827,way/1370390881,108.9683458,34.2005799,yes,,547.6476302562298
828,way/1265400307,109.0081673,34.2883226,yes,,722.5019066399527
829,way/1409920824,108.9864275,34.3354332,yes,,505.1304418691671
830,way/608396473,108.8153588,34.3297678,industrial,,885.0587809395835
831,way/1263342452,108.8776551,34.2698005,yes,,568.020951230376
832,way/1292498399,108.8652385,34.2816885,yes,,761.6946288337912
833,way/1373230974,108.9579094,34.3550627,yes,,510.5469302931075
834,way/1371869327,108.9305732,34.3071999,yes,,548.9716812186831
835,way/1414506983,109.0429619,34.2484773,yes,,744.5466885184344
836,way/1263342468,108.8749892,34.2686845,yes,,553.6982356138652
837,way/1263937212,108.8989212,34.2763279,yes,,576.3207543514357
838,way/1413573003,109.0149743,34.2267196,yes,,698.5060882551996
839,way/1370070027,108.98492,34.2136417,yes,,588.6816247898191
840,way/1265401306,109.0061345,34.2879597,yes,,540.4687061495974
841,way/1370390737,108.9734344,34.2023021,yes,,513.4854847205138
842,way/1266642431,108.9778642,34.2778169,yes,,560.9955494165346
843,way/1263876023,108.8977862,34.2657135,yes,,508.54752110648576
844,way/1268252568,108.8762806,34.2773738,yes,,553.8917737326434
845,relation/18477825,108.9620312,34.2060796,yes,,617.763593598717
846,way/1270262380,109.0245751,34.2481388,yes,,539.2836350763852
847,way/1267629089,108.9108223,34.245369,yes,,524.7927195219735
848,way/1370390529,108.9641008,34.2039503,yes,,508.8637738442096
849,way/1270262332,109.0174229,34.2424805,yes,,619.4474202107237
850,way/1272122696,108.8592227,34.2657465,yes,,592.1706709509297
851,way/1417903947,108.8810343,34.2072338,yes,,598.7437397509806
852,way/1512649575,109.0579721,34.2624037,yes,,533.6880436562194
853,way/1268937392,109.0204707,34.2606513,yes,,549.6994396014817
854,way/1417903364,108.8709896,34.2169153,yes,,559.8843021694713
855,way/1369762153,108.9944354,34.23553,yes,,553.2493617723352
856,way/1268252049,108.874376,34.2791945,yes,,653.518201542038
857,way/1263937088,108.9035758,34.2773843,yes,,544.5894230230032
858,way/1370390935,108.9562241,34.1998179,yes,,598.149675478619
859,way/1204953696,109.0743517,34.2825131,yes,,736.6428310567497
860,way/1417902998,108.8633309,34.2211747,residential,鸿基新城祥园北区-20号楼,568.9492932080359
861,way/1415051904,108.8368304,34.2295279,yes,,585.8913628318924
862,way/1263876213,108.8915706,34.2577276,yes,,501.7578524890072
863,way/1290376441,108.9223257,34.2688176,yes,,606.0447694134116
864,way/1267641657,109.0144036,34.2722994,yes,,608.8488486336058
865,way/1413573186,109.0132747,34.2247973,yes,,963.2789955086403
866,way/1263894221,108.8897575,34.256154,yes,,524.277802434584
867,way/1418072067,108.9148008,34.3172486,yes,,869.4138000095696
868,way/1413573228,109.0066824,34.2244344,yes,,775.9032128756754
869,way/1263649908,108.9684362,34.2775156,yes,,569.6228139256808
870,way/1417903550,108.8699083,34.2143902,yes,,551.3442863424021
871,way/1263648773,108.9685029,34.2784634,yes,,615.3211289287997
872,way/1268251632,108.8763253,34.2845778,yes,,520.0917794323472
873,way/1267270520,108.9088828,34.2411379,yes,,659.1313629424754
874,way/1222956800,108.8615771,34.3491146,yes,,1142.6430364732414
875,way/1409920670,108.9873281,34.3372289,yes,,593.9898241728945
876,way/1265403236,109.0078023,34.2859081,yes,,611.2300242759991
877,way/1268251020,108.8675482,34.280391,yes,,620.7122207437708
878,way/1265400137,108.9960309,34.2879385,yes,,555.3107005235084
879,way/1370390993,108.9616368,34.1990384,yes,,911.2104059731234
880,way/1414507174,109.0275233,34.2445114,yes,,794.7145674319888
881,way/1265034250,108.973539,34.2978638,yes,,552.1162788765861
882,way/1371869246,108.9305668,34.3083277,yes,,557.1013229684822
883,way/1267641325,109.0115732,34.2862567,yes,,809.2467587535864
884,way/1370390836,108.9733262,34.2010805,yes,,607.7888237545453
885,way/1414507895,109.0087288,34.2352273,yes,,639.761012619746
886,way/1268252304,108.8764137,34.2831201,yes,,650.0621656910988
887,way/1418071610,108.9193415,34.3270003,yes,,555.4313395319133
888,way/1292496250,108.862776,34.288733,yes,,585.1343682309741
889,way/1265924176,108.9001091,34.2795437,yes,,544.1852631123755
890,way/1409622112,108.9835752,34.3161109,yes,,543.5048825262894
891,way/1409622215,108.9845585,34.3146321,yes,,662.999897346712
892,way/1388464003,108.8483934,34.1912012,yes,,650.3513062236442
893,way/1512651566,109.0746662,34.2785849,yes,,765.5952819483178
894,way/1415052120,108.8358295,34.2275186,yes,,700.5374838281474
895,way/1418071926,108.9326828,34.3204734,yes,,650.856618169081
896,way/1265692336,108.9777201,34.2079884,yes,17,668.7964685509492
897,way/1270259980,109.0254348,34.2437974,yes,,917.0998817992986
898,relation/19357091,108.8825082,34.2349132,yes,,546.4734178021771
899,way/1372722199,108.9494906,34.3196922,yes,,507.37147016526364
900,way/1263326854,108.8818471,34.2559289,yes,,520.8311281563365
901,way/1270260718,109.0220283,34.2486345,yes,,531.9179066325463
902,way/1372721479,108.9573228,34.3316533,yes,,686.0326963388517
903,relation/18399404,108.9661199,34.216641,yes,,513.9126819525966
904,way/1292496775,108.8637451,34.2845998,yes,,641.9152677033419
905,way/1292704113,108.921913,34.2768064,apartments,,520.0984315754266
906,way/1414508843,109.0372496,34.2238479,yes,,687.0446465173479
907,way/1267270399,108.9088048,34.2403585,yes,,621.5749366087468
908,way/1263895209,108.8895905,34.2556852,yes,,551.3350723251614
909,way/1373231020,108.9573326,34.3542297,yes,126号楼,526.0002590496541
910,way/1414507622,109.0267789,34.2385578,yes,,852.2168181115646
911,way/1413082963,108.9235173,34.2007269,yes,,519.3051198442797
912,way/1268251307,108.8755098,34.2833538,yes,,673.579997294241
913,way/1263938021,108.8974867,34.2715401,yes,,740.9678620713427
914,way/1414507798,109.0299049,34.2369981,yes,,675.0093342999718
915,way/1418071820,108.9194972,34.3231408,yes,,913.7244138511855
916,way/1268937946,109.0181316,34.2655801,yes,,645.3080319878544
917,way/1414507495,109.0123617,34.2398139,yes,,656.63795727384
918,way/1409621078,108.9672816,34.3290281,yes,,681.5400918809249
919,way/1512648574,109.0575484,34.2481278,yes,,592.7561889303727
920,way/1265034853,108.9725912,34.2797033,yes,,998.1644816443165
921,way/1512648374,109.0754647,34.2750324,yes,,577.956858468792
922,way/1371870101,108.9279492,34.2999564,yes,,578.9073872807754
923,way/1418364472,108.9210901,34.3580299,yes,,630.3326643234856
924,way/1263650029,108.9687546,34.2770597,yes,,584.9579176827357
925,way/1290376139,108.9227781,34.2692009,yes,,588.9305571375638
926,way/1370886819,109.0362567,34.2083529,yes,,1724.0494053057473
927,way/1370070022,108.9807003,34.2136811,yes,,766.6877248413532
928,way/1414506921,109.0409888,34.2494847,yes,,539.6934230515387
929,way/1292496408,108.8630795,34.2789165,yes,,542.4041748490592
930,way/1263894249,108.892758,34.2730909,yes,,528.996123577692
931,way/1370699891,108.9242282,34.1919616,yes,,530.3070006164553
932,way/1413573128,109.0080064,34.2256747,yes,,924.3458223623776
933,way/1281875103,108.8506553,34.2684054,yes,,505.411443278853
934,way/1004434928,108.8898765,34.2302844,residential,,762.9948497136118
935,way/1369761831,108.9909949,34.2397639,yes,,504.4490811954589
936,way/1370391770,108.9759113,34.1897503,yes,,602.9508949595129
937,way/1264994847,108.9530071,34.2866041,yes,,633.557755882472
938,way/1370070283,108.9792941,34.2112565,residential,,729.4371568204788
939,way/1290377610,108.922225,34.2708401,yes,,569.9134429882946
940,way/1413572605,108.9913037,34.2308709,yes,,568.4418391841916
941,way/1370390678,108.9604821,34.202886,yes,,862.056021893556
942,way/1414508658,109.0315023,34.2261594,yes,,631.3822535339049
943,way/1265403324,109.006134,34.2880876,yes,,548.2517661557135
944,way/1370070743,108.996385,34.204484,yes,,584.966565526478
945,way/1265926146,108.9002468,34.2796601,yes,,546.4391700067085
946,way/1415051641,108.8534849,34.2327338,yes,,578.9887353628718
947,way/1370886497,109.0357352,34.2125373,yes,,1382.6757005171403
948,way/1413573193,109.0185543,34.2247148,yes,,719.4068014062138
949,way/1268253260,108.8688593,34.2813625,industrial,结构,707.7004138995502
950,way/1409920387,108.9856129,34.3405426,yes,,647.4034381042654
951,way/1512648690,109.063468,34.2545384,yes,,791.4787567403004
952,way/1370887035,109.006653,34.2048419,yes,,612.5911475201328
953,way/1418071869,108.9149253,34.3220433,yes,,641.7036878493557
954,way/1370391357,108.9800542,34.1942647,yes,,638.0440673452159
955,way/1370390832,108.9728961,34.2010629,yes,,586.3700325721011
956,way/1370070747,108.9987287,34.2044403,yes,,632.7846948421856
957,way/1415051368,108.850936,34.2354297,yes,,588.1641169485124
958,way/1373231072,108.9560743,34.3533228,yes,102号楼,526.2764178002378
959,way/1268253120,108.8760838,34.2845207,yes,,539.1480899644114
960,way/1270261870,109.0167957,34.2429644,yes,,558.8156788211071
961,way/1268251523,108.8771421,34.2715559,yes,,694.0744834062635
962,way/1263937353,108.8993075,34.2756611,yes,,635.3549254958219
963,way/1268937408,109.0184984,34.2719845,yes,,785.3794433439431
964,way/1370071050,108.9925287,34.196142,yes,,538.7650599175355
965,way/1268251378,108.8775556,34.2759421,yes,,537.596923985634
966,way/1417903158,108.8754726,34.2195425,residential,南窑头西区-77号楼,584.7683513314929
967,way/1370390828,108.9581992,34.2011006,yes,,692.570687069702
968,way/1372140522,108.9335499,34.3169987,yes,,547.4553588207133
969,way/1409920198,108.986855,34.3458214,yes,,1148.126615742131
970,way/1414507153,109.0380009,34.2452646,yes,,640.144396518669
971,way/1414717236,108.8489907,34.2527961,yes,,587.9779387600128
972,way/1272122623,108.8605499,34.2668742,yes,,534.7378723268582
973,way/1263342848,108.8765408,34.2683897,yes,,509.2248839524828
974,way/1370699040,108.9403238,34.1980365,yes,,535.0888508625202
975,way/1270262184,109.022497,34.2492043,yes,,536.4453864543887
976,way/1266642441,108.9752362,34.2800292,yes,,804.418569248735
977,way/1370391640,108.9807016,34.1913502,yes,,680.4987194264459
978,way/1267629171,108.9005279,34.2499758,yes,,521.9339211683284
979,way/1290376909,108.9224644,34.2687318,yes,,606.7709275013177
980,way/1512648400,109.0756955,34.2769511,yes,,703.0460940348589
981,way/1268252423,108.878131,34.2755694,yes,,530.2952009123052
982,way/1281875024,108.8513426,34.2672485,yes,,577.24198521105
983,way/1268937424,109.0200091,34.2640865,yes,,637.1989574128385
984,way/1373232263,108.9590386,34.3356206,yes,,548.0236923918457
985,way/1414507961,109.0090702,34.2345358,yes,,702.9770341787505
986,way/1268937350,109.0127255,34.2656833,yes,,572.2647142650934
987,way/1371235052,108.9935915,34.2883942,yes,,579.0228293217589
988,way/985081462,108.8939158,34.2053668,residential,木塔南苑-7号楼,661.4662473195447
989,way/1370886283,109.0127493,34.2149478,yes,,522.0035918018893
990,way/1266651083,108.9821632,34.2958,yes,,516.7572437886498
991,way/1263937288,108.9005693,34.276206,yes,,725.534263721922
992,way/1268251197,108.8752112,34.2833986,yes,,686.4153551287637
993,way/1414508974,109.0328332,34.2210744,yes,,884.661358470892
994,way/841110060,108.8126065,34.2435832,yes,,760.6533992942105
995,way/997516771,108.8395361,34.2220054,residential,,674.5367748052882
996,way/1371235033,108.9939075,34.2908859,yes,,507.3544856192177
997,way/1417903856,108.8757454,34.2086234,yes,,623.3392434218695
998,way/1268251145,108.8679537,34.2800044,yes,,569.8706907374822
999,way/1414507621,109.0306289,34.238601,yes,,792.5222942002717
1000,way/1370391041,108.9649021,34.1981506,yes,,776.5033974411552
1001,way/1413573087,109.0115512,34.2260404,yes,,968.9451499248572
1002,way/1414508763,109.023916,34.2246739,yes,,564.3717716923935
1003,way/1370391786,108.9739958,34.1894593,yes,,505.94818741371574
1004,way/1370070969,108.9876178,34.1996223,yes,,562.9151307231753
1005,way/1511023152,109.0445285,34.252836,yes,,614.0726098110916
1006,way/1008681858,108.8695342,34.1994501,residential,绿地世纪城新里仕嘉公寓A区-2号楼,531.8533044459487
1007,way/1263937616,108.8982968,34.2744243,yes,,625.0892640135764
1008,way/1268937778,109.0189051,34.267258,yes,,689.0454783648297
1009,way/1267641544,109.0124965,34.2900661,yes,,645.6792416151555
1010,way/1292705378,108.9212704,34.2725127,yes,,506.38985079165104
1011,way/1414507642,109.033438,34.2385776,yes,,716.4463474676227
1012,way/1268251334,108.8741487,34.2794936,yes,,665.5111735936972
1013,way/1270259231,109.0242756,34.2375922,yes,,632.727540093125
1014,way/1414507030,109.0414936,34.2479999,yes,,639.4753746268761
1015,way/1373230503,108.9617555,34.363777,yes,,1044.7588929619917
1016,way/1292496263,108.8636551,34.2785388,yes,,525.317031394647
1017,way/1370390988,108.9634457,34.1991694,yes,,882.5629264125415
1018,way/1371234828,108.99128,34.2990794,yes,,519.4664789975773
1019,way/1370886772,109.0296776,34.2090678,yes,,1308.5252385673389
1020,way/1290375754,108.92147,34.2701245,yes,,500.46446596614385
1021,way/1370069971,108.9795308,34.2155695,yes,,550.174098747806
1022,way/1417088327,108.9717677,34.218266,terrace,,544.4873162287136
1023,way/1371226938,108.9854844,34.29994,yes,,567.8499098177418
1024,way/1271293795,108.8544297,34.254706,yes,,535.2984782351193
1025,way/1290376616,108.9230735,34.2689629,yes,,577.5201989469018
1026,way/1414508415,109.0300435,34.2292671,yes,,513.2474372033906
1027,way/1370390499,108.9754021,34.2041855,yes,,575.0981443345443
1028,way/1268253327,108.8697969,34.2815871,yes,,732.3946378523444
1029,way/1270259238,109.0245865,34.2372378,yes,,614.050348261145
1030,way/1268251966,108.875818,34.2793288,yes,,558.7955719535436
1031,way/1267642019,109.0134704,34.2847347,yes,,674.647038305049
1032,way/1265034822,108.9681729,34.2820272,yes,,691.012862052244
1033,way/1414509004,109.0461909,34.2204108,yes,,669.8617892165283
1034,way/1266651279,108.9803271,34.2960273,yes,,567.9810053546987
1035,way/1270261110,109.0205521,34.2451323,yes,,502.7511588655242
1036,way/1265034710,108.9721901,34.2829056,yes,,741.5907654619913
1037,way/1415052307,108.8740391,34.2252922,yes,西安软件园西区-西岳阁,509.1615729180185
1038,way/1370886933,109.0188512,34.2066775,yes,,538.7778392472642
1039,way/1417903979,108.8697303,34.2063247,yes,,565.4629775984099
1040,way/1414507612,109.0117465,34.2386387,yes,,746.790831998684
1041,way/1266642601,108.9780579,34.2754621,yes,,555.3657027598679
1042,way/1266651154,108.9821564,34.2961233,yes,,552.708031195486
1043,way/1267641238,109.018833,34.2827742,yes,,565.0492197714221
1044,way/1415052059,108.8558568,34.2280018,yes,,761.9375182641973
1045,way/1370391428,108.9635897,34.1939023,yes,,638.40654189238
1046,way/1268937355,109.0140339,34.2685492,yes,,604.8865011134868
1047,way/1414717389,108.8558609,34.2517864,yes,,532.6312604445825
1048,way/1373230676,108.9615137,34.36017,yes,,699.8512422311044
1049,way/1417903915,108.8806129,34.2078299,yes,,566.3591664057586
1050,way/1370886608,109.0089765,34.2115033,yes,,570.125856834204
1051,way/1373772917,109.0084136,34.3152661,yes,,537.6976506535954
1052,way/1268937502,109.0129062,34.2666121,yes,,645.018606553275
1053,way/1263937964,108.8984988,34.2717939,yes,,687.4877697896515
1054,way/1266651470,108.9799384,34.2979299,yes,,530.2261649954763
1055,way/1268937827,109.0123272,34.2661023,yes,,623.6006011282337
1056,way/1267641861,109.0163307,34.2742305,yes,,522.6700606773527
1057,way/1290377443,108.9222627,34.2676185,yes,,559.8570362876245
1058,way/1266642312,108.9768025,34.2772457,yes,,670.270550988899
1059,way/1270259165,109.0199938,34.2391345,yes,,727.2586999721144
1060,way/1004434953,108.8888765,34.2323885,residential,,720.0358273039258
1061,way/1414508679,109.030715,34.2258193,yes,,710.5869389461477
1062,way/1512649657,109.0544923,34.264172,yes,,556.7209244225149
1063,way/1265400170,109.0065749,34.2876543,yes,,558.4222973354224
1064,way/1268937302,109.0171991,34.2686943,yes,,823.0336943485562
1065,way/1263875401,108.8971955,34.2698386,yes,,671.1867023043167
1066,way/1263876469,108.8954476,34.2683231,yes,,509.74121978356754
1067,way/1371234799,108.9986061,34.3002367,yes,,510.54217184433173
1068,way/1268937726,109.0130446,34.2671931,yes,,609.7243232725493
1069,way/1414507803,109.027589,34.236709,yes,,764.1770357519531
1070,way/1512649506,109.0551016,34.2624226,yes,,651.2362901865205
1071,way/1413572735,109.0123274,34.2290583,yes,,724.3647714265627
1072,way/1417903425,108.8699615,34.2160905,yes,,632.3742190062314
1073,way/1370391788,108.9672104,34.1896366,yes,,516.8771586015919
1074,way/1264673822,108.9343769,34.280854,yes,,507.7178298158785
1075,way/1004434919,108.8889945,34.2297711,residential,鸿景花园-1号楼,711.2380198981926
1076,way/1372721424,108.9562384,34.3325351,yes,,659.81837913491
1077,way/1268937537,109.0193585,34.2640873,yes,,590.7696424759804
1078,way/1370390918,108.9752072,34.2000847,yes,,803.6641532737232
1079,way/1370391098,108.976173,34.197501,yes,,686.1980985511017
1080,way/1370070839,108.9847141,34.2019486,yes,,778.9672040801676
1081,way/1281875053,108.8519488,34.2670222,yes,,576.7810605889229
1082,way/1266642572,108.9754875,34.2771173,yes,,790.944127943962
1083,way/1263876150,108.8961766,34.2676377,yes,,559.2438126792256
1084,way/1268252060,108.8716003,34.2817466,yes,,753.0632561504674
1085,way/1370391072,108.9719949,34.197794,yes,,523.3130412567399
1086,way/1265034227,108.9714095,34.2821992,yes,,785.4713328618706
1087,way/1263893898,108.8869498,34.2542151,yes,,590.4675489723079
1088,way/1292704761,108.9222505,34.2737218,yes,,556.6865780464615
1089,way/1370698874,108.8930994,34.1992963,residential,晶城秀府11号楼,556.1665290698736
1090,way/1263895004,108.8934342,34.2727464,yes,,530.8890187460548
1091,way/1372721596,108.9458273,34.3289995,yes,,512.7569328232474
1092,way/1413302489,108.9031779,34.2207739,yes,,582.0222085443659
1093,way/1414507538,109.0155033,34.2395265,yes,,857.0140035253011
1094,way/1263876387,108.8902866,34.2551704,yes,,573.1096103090106
1095,way/1265403152,109.0091051,34.2884576,yes,,806.3267374611764
1096,way/1265402843,109.0076906,34.286915,yes,,622.9984969909233
1097,way/1371869131,108.9207878,34.3099126,yes,,502.1331982246495
1098,relation/17718476,108.864365,34.2791641,yes,,617.5828498205889
1099,way/1263937274,108.8993241,34.2760347,yes,,621.7662363959605
1100,way/1268251711,108.8805099,34.2735655,yes,,637.5222265646951
1101,way/1265034626,108.9687081,34.2814043,yes,,701.2566965303193
1102,way/1371868916,108.9368923,34.3135305,yes,,558.8568537289101
1103,way/1417904079,108.8712578,34.2042623,yes,,653.5806563450333
1104,way/1369194536,108.9783796,34.2261469,yes,,594.70783621709
1105,way/1409622136,108.9887177,34.3159385,yes,19,517.7212208523599
1106,way/1373232241,108.9592138,34.3360407,yes,,540.0153672340599
1107,way/1511012642,109.0343132,34.2882768,yes,,597.687156213799
1108,way/1409920487,108.974049,34.3390968,yes,,673.8161047021194
1109,way/1267641745,109.0115799,34.2875674,yes,,775.2620785663217
1110,way/1418071891,108.9192258,34.3214551,yes,,822.063022615147
1111,way/1370886536,109.0136864,34.2123542,yes,,651.0761392627323
1112,way/1512649735,109.0530252,34.2687728,yes,,621.2761121054554
1113,way/1370071031,108.9935019,34.1970785,yes,,660.6579499386339
1114,way/1370070880,108.9841113,34.2011359,yes,,774.4992025989894
1115,way/1268937848,109.017192,34.2683508,yes,,825.3419460182873
1116,way/1373230642,108.9486273,34.3610887,yes,,520.3965882419844
1117,way/1370070030,108.9792666,34.2136053,yes,,769.1835886319847
1118,way/1270259218,109.0199315,34.2378663,yes,,588.2076453739454
1119,way/1372140415,108.9344894,34.3200653,yes,,585.8359034407798
1120,way/1409920663,108.9873714,34.3372094,yes,,597.4493423571196
1121,way/1263893379,108.888813,34.2535887,yes,,658.5885466304952
1122,way/1409920186,108.9837685,34.3461804,yes,,1144.7476871155552
1123,way/1415052163,108.8599412,34.226454,yes,,635.0291076029885
1124,way/1263937868,108.899839,34.2727419,yes,,651.1658063750647
1125,way/1417903989,108.8691524,34.205934,yes,,554.197865190493
1126,way/1267271561,108.9125786,34.2412772,yes,,549.7655086676688
1127,way/1412826186,108.924031,34.2143152,school,西安石油大学-第一教学楼,590.8049590094428
1128,way/1267628940,108.8904261,34.2532253,yes,,506.2215913884476
1129,way/1268252855,108.8766047,34.2776773,yes,,514.3018287375405
1130,way/1414506885,109.0418799,34.2496317,yes,,616.8957335012755
1131,way/1263937016,108.8998457,34.2775417,yes,,635.6388226651721
1132,way/1265450227,108.9614017,34.1969819,residential,,738.5758243485376
1133,way/1268251107,108.8768962,34.2719736,yes,,697.9723802178997
1134,way/1265925610,108.8986678,34.2864852,yes,,526.5784225931242
1135,way/1371227029,108.9768727,34.2984229,yes,,531.3814236925466
1136,way/1263895090,108.8875815,34.2541845,yes,,608.2754466795252
1137,way/1265450208,108.962732,34.1950968,residential,,650.231203933451
1138,way/264738600,108.9780272,34.2522812,university,软件学院北小楼,536.7547779082907
1139,way/1341668486,108.9682758,34.2171563,yes,,594.6883897430862
1140,way/1512648521,109.0551313,34.2455807,yes,,702.3577590705323
1141,way/1414507597,109.0104804,34.2389715,yes,,673.7491306058212
1142,way/1373231129,108.9546613,34.3523462,yes,,511.20185176198095
1143,way/1370390928,108.9717069,34.1999209,yes,,650.9878838972511
1144,way/1268937703,109.0132772,34.2689956,yes,,521.3472912115578
1145,way/1263648944,108.9733958,34.276446,yes,,775.5482234904786
1146,way/1267642059,109.0166149,34.2840407,yes,,586.3472865039253
1147,way/1268937629,109.0191885,34.2655186,yes,,695.2528905718464
1148,way/1414508646,109.0212396,34.2262024,yes,,639.7173130855118
1149,way/1268937498,109.0203261,34.2627107,yes,,584.6739861899686
1150,way/1414508447,109.0308354,34.2286513,yes,,509.73319260498323
1151,way/1370390504,108.9628539,34.2041689,yes,,612.3878452073095
1152,way/1263894720,108.8888446,34.2524643,yes,,625.4021806097381
1153,way/1414507554,109.017795,34.2392867,yes,,769.5213390580986
1154,way/1267642183,109.0136579,34.2895602,yes,,564.8609856647754
1155,way/1268252853,108.8749186,34.2805602,yes,,659.2243226495048
1156,way/1511004212,109.0309912,34.2927053,yes,,619.6984818869221
1157,way/1511023083,109.0455089,34.2485448,yes,,535.7576129994607
1158,way/1412826117,108.9232045,34.2148899,yes,,504.2859655975292
1159,way/1373230680,108.9470749,34.360143,yes,,581.9329510472551
1160,way/1414506911,109.042652,34.2492627,yes,,694.3060096780999
1161,way/1267270329,108.9128391,34.2418427,yes,,530.6239532407504
1162,way/1512651533,109.070331,34.2776597,yes,,510.7644256386323
1163,way/1265034284,108.9681801,34.279194,yes,,589.2744506985529
1164,way/1370944624,108.9500333,34.304975,yes,,550.533669841212
1165,way/1267641694,109.0117341,34.2879649,yes,,756.1973013721597
1166,way/1413573130,109.0119361,34.2256718,yes,,970.7533833814883
1167,way/1265402813,109.0074597,34.2876336,yes,,630.6736620477714
1168,way/1268252919,108.8749187,34.2807394,yes,,664.1261461440654
1169,way/1265402006,109.007825,34.2885222,yes,,705.6306948694029
1170,way/1019747203,108.7956881,34.2907155,yes,西安沣东自贸产业园二期-4号楼,534.3310947251425
1171,way/1263893313,108.893621,34.2730873,yes,,537.7049520951928
1172,way/1265692498,108.9822221,34.2091059,yes,,545.7134911128271
1173,way/1511023147,109.0461229,34.254335,yes,,581.4384532100579
1174,way/1270259265,109.0222529,34.241875,yes,,871.4939559112017
1175,way/1243731417,108.8154628,34.2096616,yes,,1143.1194623029187
1176,way/1417902990,108.8753896,34.2212324,residential,南窑头社区西区-85号楼,522.52876186627
1177,way/1372140477,108.9344279,34.3182827,yes,,646.3429415049882
1178,way/1268937644,109.0166807,34.2661912,yes,,651.5670164070618
1179,way/1370070818,108.9905197,34.2023186,yes,,616.194686571035
1180,way/1265324080,108.9960201,34.2575673,yes,,500.81103239263285
1181,way/1370390906,108.9627948,34.200379,yes,,823.378580599731
1182,way/1414507584,109.0099293,34.2389479,yes,,664.9934214056591
1183,way/1270259197,109.0250085,34.2384972,yes,,753.5346303566293
1184,way/1414507904,109.0296963,34.2350716,yes,,536.8123606588433
1185,way/1292705040,108.9217002,34.2731714,yes,,536.2718858729093
1186,way/1268937193,109.0136526,34.269977,yes,,524.0413906231757
1187,way/1370699561,108.8960575,34.1941636,yes,,625.0409292020504
1188,way/1370887111,109.002589,34.2032668,yes,,775.4693712969911
1189,way/1370699013,108.9213889,34.1983027,yes,,641.7931101666807
1190,way/1370070795,108.9954794,34.2028321,yes,,743.9183181681012
1191,way/1263936987,108.8998911,34.2777122,yes,,638.9339398406927
1192,way/1388465041,108.8499573,34.1903295,yes,,630.2211328421218
1193,way/841110082,108.8171909,34.2439694,yes,鱼化光电电子科技产业园-10号楼,722.9231536051296
1194,way/1370070203,108.9809671,34.2122472,yes,,749.3693086556713
1195,way/1415051673,108.8615633,34.2324459,yes,,605.4143836740103
1196,way/1512649018,109.0471333,34.2655137,yes,,520.190968473337
1197,way/1228144699,108.8124337,34.3159565,yes,,939.8291112042438
1198,way/1268251896,108.8745368,34.28513,yes,,599.2820583613725
1199,way/1263326937,108.8825218,34.2556558,yes,,506.34931640647824
1200,way/1263937579,108.899816,34.274702,yes,,724.4113097170075
1201,way/1415051393,108.8461926,34.2352785,yes,,500.31592219712735
1202,way/1414507257,109.0282771,34.2423636,yes,,1026.9338584081331
1203,way/1372721457,108.9540064,34.3318721,yes,,567.7994775496447
1204,way/1373230596,108.948019,34.3621288,yes,,641.2336579591278
1205,way/1227181342,109.0525683,34.2867972,industrial,,501.69953982919196
1206,way/1417904092,108.8786521,34.2039925,apartments,田径公寓,729.9620137243612
1207,way/1414507223,109.033923,34.2431549,yes,,832.3189707363446
1208,way/1268253190,108.8797366,34.2745172,yes,,555.5088907732638
1209,way/1372721527,108.9572964,34.3302309,yes,20号楼,570.150877221785
1210,way/1512649515,109.0553948,34.2610331,yes,,517.1841693798686
1211,way/1417904004,108.8740701,34.2056045,yes,,934.0114557174271
1212,way/1417903696,108.857909,34.211107,yes,,695.1052174139786
1213,way/1265925898,108.9023146,34.2793323,yes,,528.8584291306729
1214,way/1370390939,108.9613644,34.1998203,yes,,945.4795701689762
1215,way/1370886374,109.0381093,34.2138379,yes,,1499.6098700132366
1216,way/1413573220,109.0019923,34.2245771,yes,,569.9196316982514
1217,way/1370070872,108.98875,34.2011557,yes,,739.333111184386
1218,way/1238880392,108.8306196,34.300067,industrial,,515.2131713502841
1219,way/1266642420,108.9768479,34.2799844,yes,,658.0411967627412
1220,way/1373230565,108.9518604,34.3629038,yes,,558.2813271619935
1221,way/1370070757,108.9962794,34.2040454,yes,,628.2860896199464
1222,way/1413572581,109.0128224,34.2312892,yes,,606.4546671511383
1223,way/1512648545,109.0579799,34.2468983,yes,,734.2676872716635
1224,way/1263937577,108.8993461,34.2745887,yes,,693.6681647814765
1225,way/1370390930,108.9696869,34.1999478,yes,,611.199108494094
1226,way/1290376213,108.922702,34.268371,yes,,565.8201640551421
1227,way/1341668450,108.9681719,34.217115,yes,,594.2450285044267
1228,way/1272122353,108.8538405,34.2659644,yes,,588.6577090033554
1229,way/1270261732,109.0187676,34.2421574,yes,,685.3869547556761
1230,way/1414507187,109.0327192,34.2441296,yes,,752.0334128644178
1231,way/1264994495,108.9540178,34.2928066,yes,,563.1279528840159
1232,way/1265692078,108.9783737,34.2088944,yes,5,682.2495310906747
1233,way/1271293675,108.8541747,34.2560248,yes,,571.6831245007562
1234,way/1346634222,108.9601611,34.2071244,yes,,516.2471554054117
1235,way/1414507680,109.0339206,34.2380817,yes,,657.4457903089817
1236,way/1370699123,108.9254595,34.1973224,yes,,604.231824714956
1237,way/1268937633,109.0149127,34.2653471,yes,,527.244469214793
1238,way/1414506972,109.0428121,34.2486194,yes,,726.628898308194
1239,way/1292704751,108.9218384,34.2738135,yes,,549.851725533181
1240,way/1417903923,108.8707275,34.2076022,yes,,557.5501345113678
1241,way/1371226923,108.9868996,34.3001797,yes,,621.7731654591576
1242,way/1263649478,108.9719117,34.275624,yes,,628.7649945535209
1243,way/1370390531,108.9625968,34.203881,yes,,643.280743914416
1244,way/1263937454,108.9032285,34.2752291,yes,,510.76881617202673
1245,way/1270261002,109.016999,34.2416438,yes,,706.7285254545639
1246,way/1268252058,108.8718414,34.2842429,yes,,504.88104009345267
1247,way/1270261964,109.0240915,34.2437592,yes,,856.0758984230051
1248,way/1265034399,108.9736042,34.2973611,yes,,541.4569187837847
1249,way/1418071821,108.9258468,34.3230747,yes,,502.39423991022954
1250,way/1292705358,108.922747,34.2715764,yes,,530.1755034365578
1251,way/1370886181,109.0297118,34.2162396,yes,,693.3393565994241
1252,way/263634244,108.9766955,34.2437627,dormitory,青年之家,508.2941082300275
1253,way/1413573407,108.9856239,34.2214252,yes,,549.8271626697987
1254,way/1370944392,108.9611522,34.3088145,yes,,512.4587518359336
1255,way/1370390747,108.97423,34.2020641,yes,,585.9578403909961
1256,way/1369193795,108.9813255,34.2254403,yes,,528.8794440780554
1257,way/1263876441,108.8914793,34.2574826,yes,,525.6171953757209
1258,way/1266642745,108.9785787,34.2978162,yes,,563.931438828975
1259,way/1370886342,109.0291261,34.2142933,yes,,793.9193214653787
1260,way/1290377533,108.9216306,34.2699688,yes,,516.7465587725686
1261,way/1409920912,108.9615746,34.3345998,yes,,587.6180106697414
1262,way/1417903707,108.8715003,34.2108604,residential,天地源枫林意树-29号楼,525.773282576787
1263,way/1370699412,108.922685,34.1950767,yes,,658.8756270121925
1264,way/1412826173,108.9219286,34.2143097,yes,,545.6998143587874
1265,way/1370070869,108.9961377,34.2012181,yes,,930.9729329973504
1266,way/1417903907,108.87571,34.2079985,yes,,692.6512486668064
1267,way/1263876167,108.8935208,34.2575471,yes,,506.99337063935036
1268,way/997653252,108.8296,34.2393559,yes,西安市公安局雁塔分局昆明路派出所,507.56405026691726
1269,way/1268253029,108.8767809,34.2733482,yes,,639.3878510163587
1270,way/1371226856,108.987457,34.3012376,yes,,616.1481103983115
1271,way/1265400731,109.0079249,34.2928231,yes,,571.4366400687541
1272,way/1268937628,109.0157964,34.2689647,yes,,741.4857916700229
1273,way/1370070801,108.9930357,34.2027925,yes,,647.6777946299749
1274,way/1414507835,109.0079794,34.2362433,yes,,534.611424669138
1275,way/1370391458,108.9642537,34.193711,yes,,608.5239762798805
1276,way/1265034889,108.9727987,34.279924,yes,,1019.9962708740302
1277,way/1263342892,108.875312,34.2729624,yes,,521.4605108802622
1278,way/1413302506,108.9064523,34.2204639,yes,,501.20004778761637
1279,way/1409920173,108.9883935,34.3474048,yes,,945.1013267974016
1280,way/1268251084,108.884969,34.272786,yes,,510.0821716769309
1281,way/1414508713,109.0389246,34.2254298,yes,,552.7495813815447
1282,way/1265450264,108.9619837,34.1951346,residential,,603.8397621003
1283,way/1270259471,109.0139964,34.2424058,yes,,565.8995701910725
1284,way/1371226971,108.9850505,34.299221,yes,,584.1176121447555
1285,way/1004434946,108.8888999,34.2338113,residential,高科花园二三期-22号楼,589.615807155264
1286,way/1371227044,108.9804581,34.2981791,yes,,501.89179076089215
1287,way/1341668426,108.9734428,34.2153075,yes,,523.3758434699737
1288,way/1263937619,108.9010492,34.2743649,yes,,694.5356180108563
1289,way/1415051452,108.8410137,34.2347533,yes,,617.3831253779292
1290,way/1265034172,108.972481,34.2797917,yes,,989.2113794177346
1291,way/1370390728,108.9768515,34.2022689,yes,,775.8796465725629
1292,way/1265034541,108.9710265,34.2814279,yes,,856.6530485462488
1293,way/1413573133,109.0069833,34.2255451,yes,,880.0310039351527
1294,way/1265403409,109.0071106,34.2863853,yes,,556.7810461497086
1295,way/1370699407,108.924209,34.1951475,yes,,555.3199027017963
1296,way/1414508880,109.0390116,34.2229721,yes,,813.347028949106
1297,way/1268937719,109.017511,34.2661605,yes,,675.924414201919
1298,way/1370885806,109.0178221,34.2193829,yes,,511.15362638468036
1299,way/1414508599,109.0186726,34.2267836,yes,,559.643229120105
1300,way/1268937277,109.0197188,34.2718178,yes,,677.5091102074473
1301,way/1369194516,108.9788147,34.2265361,yes,,535.7792031929527
1302,way/1370391304,108.9764541,34.1953239,yes,,568.5027573016629
1303,way/1370390967,108.9657555,34.1994755,yes,,740.0625488409745
1304,way/1268251368,108.8745908,34.282347,yes,,757.9048471309901
1305,way/1370390595,108.9630838,34.2033394,yes,,620.3091316633771
1306,way/1371226992,108.985203,34.2988475,yes,,560.6762447322232
1307,way/1265402320,109.0078575,34.2869186,yes,,637.8320970861768
1308,way/1292497494,108.8650297,34.2777577,yes,,500.831987939648
1309,way/1266651011,108.9825148,34.2979698,yes,,563.7507372806257
1310,way/1409621007,108.9834718,34.3301234,yes,,549.5023160618094
1311,way/1370885751,109.0308793,34.2196858,yes,,690.1119637609205
1312,way/1417088575,108.9725649,34.2178264,terrace,,594.9721853564029
1313,way/1265401401,109.0083537,34.2927943,yes,,568.6337153754511
1314,way/1263894348,108.8860393,34.2516911,yes,,593.8019700058674
1315,way/1512648980,109.0600063,34.2498166,yes,,581.3916894884366
1316,way/1418071823,108.9154295,34.3230156,yes,,624.0260874378462
1317,way/1369194014,108.9781064,34.2273354,yes,,527.3634152237273
1318,way/1281874968,108.8618014,34.2683619,yes,,503.1557139138265
1319,way/1482378117,109.0800881,34.2806803,yes,,1248.7402568185305
1320,way/1370700036,108.9229261,34.1899013,yes,,731.6067806639239
1321,way/1268253035,108.8755943,34.2836188,yes,,645.4052634123364
1322,way/264421117,108.9777094,34.2515061,university,中三1300,592.7859899381375
1323,way/1268937500,109.0193316,34.2688424,yes,,626.9056210914117
1324,way/1414717580,108.8571257,34.2503442,yes,,526.2846623541898
1325,way/1268937878,109.0198862,34.2626579,yes,,545.3545753319602
1326,way/1373230593,108.9571045,34.362211,yes,,615.4428652336584
1327,way/1373230476,108.9603135,34.3641715,yes,,975.160247796843
1328,way/1414506860,109.0407388,34.2499865,yes,,507.3504071109976
1329,way/1370391749,108.9660643,34.1901422,yes,,554.4635082676292
1330,way/1265402784,109.0046654,34.2757516,yes,,576.9728705558161
1331,way/1370070943,108.9895058,34.2002619,yes,,672.3623337560102
1332,way/1370887063,109.0023897,34.2042436,yes,,666.0551489776502
1333,way/1370391436,108.9771379,34.1938435,yes,,583.8977699844318
1334,way/1290375885,108.9213114,34.2684045,yes,,535.9559744367987
1335,way/1271293976,108.8538407,34.2544347,yes,,591.3484413298974
1336,way/1371227028,108.9781088,34.2984266,yes,,514.1729643755147
1337,way/1417904000,108.8759333,34.2059067,yes,,922.1128840386538
1338,way/1370944486,108.9610826,34.3080119,yes,,527.5566241662128
1339,way/1292496905,108.8576494,34.2925791,yes,,631.6653761015532
1340,way/1370390554,108.9755209,34.2036193,yes,,603.7668429511051
1341,way/1270261817,109.0214851,34.2431281,yes,,719.4840474602647
1342,way/1266642803,108.9749046,34.2801336,yes,,836.4593803785143
1343,way/1414507809,109.0320334,34.2369345,yes,,570.6553807979288
1344,way/1268251047,108.8714394,34.2839543,yes,,517.3700610586624
1345,way/1372721295,108.9586647,34.3347344,yes,,578.2521067915753
1346,way/1292497445,108.8637792,34.2787645,yes,,552.8490423936489
1347,way/1267642189,109.0141194,34.2896904,yes,,520.2976433332893
1348,way/1418071889,108.9288062,34.3213705,yes,,570.9414696012672
1349,way/1346632957,108.9606786,34.2068933,yes,,531.9041186663756
1350,way/1263875149,108.8926509,34.2575266,yes,,556.7025893424815
1351,way/1270261400,109.0202522,34.2593191,yes,,526.6220545309279
1352,way/1417087863,108.970944,34.2187085,terrace,,504.60132206598456
1353,way/1414718269,108.8412907,34.2448656,residential,,533.4448101795214
1354,way/1414508586,109.0184179,34.2269205,yes,,548.2886328502616
1355,way/1292497269,108.8641475,34.279168,yes,,608.2968109245774
1356,way/1292497742,108.8598991,34.2906659,yes,,503.09703848714776
1357,way/1414507022,109.0422141,34.2481219,yes,,694.0018850209558
1358,way/1413573236,109.0022279,34.2243922,yes,,599.4916913458775
1359,way/1265403199,109.0074712,34.2878855,yes,,643.5012314036495
1360,way/1370699119,108.894003,34.1974402,yes,,510.56641084437416
1361,way/1263649511,108.9691907,34.2779493,yes,,650.7742635245253
1362,way/1512648564,109.0561857,34.2476928,yes,,603.1984079037605
1363,way/1370699677,108.9219549,34.1933383,yes,,625.9828771742392
1364,way/1373230692,108.9615301,34.3599575,yes,,676.5606191567828
1365,way/1271293918,108.8535026,34.255238,yes,,621.0306343311321
1366,way/1263937945,108.9003105,34.2719508,yes,,567.7338367080685
1367,way/1370070836,108.9841249,34.2020711,yes,,799.3548787589306
1368,way/1263937918,108.8980776,34.2724786,yes,,764.7815617276069
1369,way/1370886636,109.015354,34.2111028,yes,,553.1223341944273
1370,way/1370390602,108.9571026,34.2032463,yes,,555.6143738740733
1371,way/1004434976,108.8897588,34.2297891,residential,颐秀园-2号楼,740.0524126255455
1372,way/1414509025,109.042085,34.2193818,yes,,1033.683386749663
1373,way/1265402264,109.0062401,34.2876107,yes,,529.0027994464749
1374,way/1344060344,108.94489,34.1961859,office,C座,502.89206967145026
1375,way/1413573292,109.0201869,34.2233482,yes,,507.8362443743784
1376,way/1265450144,108.9613982,34.1974043,residential,,779.7275458762317
1377,way/1263895064,108.8868948,34.2530601,yes,,715.8264718070599
1378,way/1370390921,108.9677026,34.1999794,yes,,625.1000715519056
1379,way/1418072088,108.9148079,34.3166486,yes,,853.3996169631378
1380,way/1168142130,108.8445675,34.3017619,yes,,615.5502510845066
1381,way/1272122792,108.861723,34.2633377,yes,,553.2790047488461
1382,way/1409921005,108.9877891,34.3333892,yes,,631.8587152009637
1383,way/1414507663,109.0339504,34.2382395,yes,,674.7947557874314
1384,way/1292704234,108.9218906,34.2739507,yes,,556.0142049534703
1385,way/1413573180,109.0028104,34.2250081,yes,,585.6197395586469
1386,way/1263936972,108.9044664,34.2777904,yes,,500.5029094382302
1387,way/1271293524,108.8543539,34.2556984,yes,,548.7000582274715
1388,way/1414507258,109.031491,34.24229,yes,,982.5191126407232
1389,way/1370886849,109.0323482,34.2079396,yes,,1538.6030457169304
1390,way/1292497152,108.8650511,34.2789236,yes,,587.6000423741756
1391,way/1270261216,109.0158393,34.2425574,yes,,603.6537748525291
1392,way/1413081999,108.9212367,34.2117721,yes,,516.3061937826077
1393,way/1414508937,109.038945,34.2219125,yes,,925.6617629154176
1394,way/1417903893,108.8814723,34.2082146,yes,,516.4668196459955
1395,way/1370391669,108.9787211,34.1910288,yes,,763.5729866711531
1396,way/1370887138,109.0065494,34.2026936,yes,,730.1090619600689
1397,way/1263649395,108.971102,34.2778467,yes,,815.1507440954356
1398,way/1409920451,108.9850129,34.3396161,yes,,534.1044380761489
1399,way/1263894192,108.8955559,34.2724453,yes,,646.0940280092276
1400,way/1267642260,109.0142426,34.2724906,yes,,600.9948600917908
1401,way/1413302537,108.9049663,34.2189945,yes,,519.8093313930564
1402,way/1414507500,109.0152044,34.2397567,yes,,829.6411873173049
1403,way/1268937612,109.0183516,34.2665522,yes,,749.2133932934078
1404,way/1512648578,109.0605176,34.2480064,yes,,753.4753138785888
1405,way/1417088833,108.96969,34.2187839,semi,,531.5361923506988
1406,way/1263937537,108.897419,34.2747211,yes,,541.7595028323203
1407,way/1370070303,108.9801395,34.2109807,residential,,767.0884902168717
1408,way/1414718023,108.8382693,34.2483403,yes,,536.0302040515357
1409,way/1417903918,108.8600252,34.2078974,yes,,533.677801441209
1410,way/1413572540,108.9903863,34.2321303,yes,,520.4219496698738
1411,way/1414508550,109.0196491,34.2272708,yes,,500.59934471441284
1412,way/1263937955,108.9000483,34.2718655,yes,,584.3547518661957
1413,way/1370070896,108.9889192,34.2010017,yes,,735.1865684568306
1414,way/1265692530,108.9777201,34.2089248,yes,,624.6329429977422
1415,way/1414507689,109.0103201,34.2379065,yes,,726.5778464116528
1416,way/1268937896,109.0204726,34.2609871,yes,,551.3870497601245
1417,way/1263342908,108.8753286,34.2702793,yes,,564.2809851612843
1418,way/1263875462,108.8904008,34.2543573,yes,,537.9545885422018
1419,way/1270262083,109.0233188,34.2495792,yes,,542.4213434710352
1420,way/1263876680,108.8907911,34.2550325,yes,,524.2849642739784
1421,way/1268937755,109.0178714,34.2689252,yes,,761.1398803060545
1422,way/1290377242,108.9232592,34.269128,yes,,553.6125760652355
1423,way/1292496747,108.8626881,34.2794691,yes,,512.2673859288046
1424,way/1370070085,108.9772538,34.212928,yes,,585.0085520436741
1425,way/1265402453,109.0073022,34.2855931,yes,,562.6637075958414
1426,way/1268251402,108.8737246,34.2852261,yes,,533.3453540494806
1427,way/1512651347,109.050078,34.2615664,yes,,741.0691754359351
1428,way/1346634268,108.960594,34.2064677,yes,,579.8614346782005
1429,way/1512649181,109.0577817,34.2606239,yes,,529.584364050351
1430,way/1414507449,109.0285956,34.2402655,yes,,1044.1314033110727
1431,way/1266642347,108.9791097,34.2965491,yes,,631.9033370293973
1432,way/1265924798,108.9004048,34.2795334,yes,,566.4839093290383
1433,way/1265925880,108.9015985,34.2797455,yes,,554.3478492959198
1434,way/1263895508,108.8863845,34.2534989,yes,,661.2056106723105
1435,way/1409920183,108.9885396,34.3465745,yes,,1034.1179690875786
1436,relation/19350109,109.033506,34.2382325,yes,,677.6020471191983
1437,way/1409920608,108.9878224,34.337733,yes,,651.4176774317774
1438,way/1414507475,109.04442,34.2399937,yes,,717.61436668484
1439,way/1268251173,108.8813826,34.2836792,yes,,502.1742353612655
1440,way/1370699336,108.9217614,34.1957749,yes,,577.6657018870443
1441,way/1373230529,108.9533756,34.3632725,yes,,594.264290517532
1442,way/1265402113,109.0072387,34.2876462,yes,,612.76065567339
1443,way/1267642098,109.0131377,34.2899289,yes,,594.0769494117286
1444,way/1370390718,108.9759921,34.2024385,yes,,697.1596627298794
1445,way/1413572739,109.0105396,34.2290462,yes,,876.9373945031602
1446,way/1268252150,108.8740681,34.2854072,yes,,546.588102737978
1447,way/1370390670,108.9580246,34.2028729,yes,,640.6070921183541
1448,way/1268252237,108.8751007,34.2787843,yes,,626.0411643042222
1449,way/1414507128,109.0377122,34.2459286,yes,,561.8430079799729
1450,way/966198770,108.9956502,34.2898972,yes,,684.4018560705382
1451,way/1370390841,108.9644793,34.2010604,yes,,660.409350848755
1452,way/1268937617,109.0186232,34.2661894,yes,,726.673217022559
1453,way/1414507316,109.0282213,34.2414088,yes,,1133.2208439351302
1454,way/1370944810,108.9531713,34.3002369,yes,,707.2527828293337
1455,way/1265450253,108.9617942,34.1970981,residential,,767.9195849084527
1456,way/1263894986,108.8919163,34.2734602,yes,,501.50418970916223
1457,way/1370070862,108.9833551,34.2013186,yes,,819.3827296909004
1458,way/1290375925,108.9228717,34.2683254,yes,,550.0871573947851
1459,way/1373230608,108.9629923,34.3618555,yes,,867.5509273745074
1460,way/1268937890,109.018363,34.2685373,yes,,716.7237300554445
1461,way/1415051935,108.836653,34.2291615,yes,,600.742601382471
1462,way/1370069951,108.9839392,34.2161582,yes,,627.1706566780954
1463,way/1414507615,109.036397,34.2386276,yes,,550.9819582714277
1464,way/1268251862,108.8740739,34.2804037,yes,,731.5065670189108
1465,way/1370390596,108.9626028,34.2033225,yes,,662.1718779403685
1466,way/1270259162,109.0245926,34.2393504,yes,,820.3649323062534
1467,way/1267270502,108.9081336,34.2412887,yes,,611.5353276992722
1468,way/1292497620,108.8642576,34.2792009,yes,,616.3300819831682
1469,way/1370391345,108.9780011,34.1944178,yes,,672.7844460054013
1470,way/1264995091,108.9530577,34.2874316,yes,,657.383667752647
1471,way/1267951638,108.9628213,34.2068941,residential,,538.3632956434811
1472,way/1292497291,108.8647979,34.2780711,yes,,539.1617046834863
1473,way/1372721300,108.9602576,34.3346808,yes,,686.8926695890488
1474,way/1228144702,108.812093,34.3357671,yes,,1058.202939591373
1475,way/1372721447,108.9564946,34.3321427,yes,,686.7332460065904
1476,way/1268937818,109.0169926,34.2716171,yes,,819.479013901986
1477,way/1414507875,109.0086648,34.2358558,yes,,607.9367441808852
1478,way/1268937805,109.013468,34.2680765,yes,,583.2675275210518
1479,way/1262935644,108.9019358,34.2539842,yes,,533.8360199722464
1480,way/1414506683,109.0290176,34.2428549,yes,,972.0425268055483
1481,way/1019884090,108.811689,34.2569982,residential,西围新嘉园-23栋,588.7412301537622
1482,way/1268937309,109.0189567,34.2705475,yes,,687.9502626932494
1483,way/821515140,108.9573886,34.2920346,yes,,880.0772766070363
1484,way/1418364480,108.9210208,34.3574306,yes,,686.820417281655
1485,way/1414507526,109.0411153,34.2395671,yes,,553.8886511939895
1486,way/1418071934,108.9227412,34.3206052,yes,,578.9557899812613
1487,way/1417087848,108.9742712,34.2187018,terrace,,530.761318723808
1488,way/1263875858,108.8903652,34.2542459,yes,,536.9123674950445
1489,way/1409622141,108.9812205,34.3157512,yes,,650.0565487450453
1490,way/1417088020,108.9736757,34.2175467,semi,,637.8160956880357
1491,way/1370699264,108.9220202,34.1964159,yes,,613.2943106885882
1492,way/1268937580,109.0204054,34.2723446,yes,,616.6179996177171
1493,way/1418071892,108.9242268,34.3213635,yes,,617.0878562408217
1494,way/1415051421,108.8371705,34.2349969,yes,,585.948802629018
1495,way/1409622209,108.9846237,34.3153287,yes,,624.2702132327107
1496,way/1290376693,108.9218365,34.2694537,yes,,544.467339119636
1497,way/1267641393,109.0157214,34.2847593,yes,,571.8255942626201
1498,way/1413572662,109.0057048,34.2300087,yes,,651.9737396950055
1499,way/1266650970,108.9813003,34.297303,yes,,606.380823462232
1500,way/1409920659,108.9749094,34.3372617,yes,,531.9671984563721
1501,way/1268251915,108.8740616,34.2858287,yes,,520.6816039111591
1502,way/1414507319,109.0341655,34.241558,yes,,935.2137700324249
1503,way/1417903635,108.8589703,34.212153,yes,,549.724331137447
1504,way/1414508994,109.0329002,34.2205585,yes,,882.0981511619162
1505,way/1418071638,108.9222368,34.3264122,yes,,614.5809014166767
1506,way/1414506710,109.0280193,34.2387656,yes,,936.6197871047235
1507,way/1414507426,109.0178916,34.2405237,yes,,841.1958947482058
1508,way/1265401438,109.0071255,34.2876482,yes,,603.4335887252491
1509,way/1413301846,108.9087457,34.2373883,yes,,515.079927138679
1510,way/1263937766,108.8989907,34.2734377,yes,,744.4166591421894
1511,way/1415052209,108.848528,34.2261058,yes,,536.4776340191704
1512,way/1413573098,109.0047519,34.2259304,yes,,675.420230059696
1513,way/1263649795,108.9682881,34.2757292,yes,,515.6496117075582
1514,way/1270259287,109.0209897,34.2408042,yes,,906.3658044001843
1515,way/1370070845,108.9838941,34.2019477,yes,,823.1898217165658
1516,way/1263649037,108.9719818,34.2767707,yes,,747.5845671548253
1517,way/1373230470,108.960482,34.3642487,yes,,992.1606506545397
1518,way/1019883983,108.7913314,34.2849389,residential,,512.5257216290363
1519,way/1415051470,108.8506996,34.2346379,yes,,502.5802537772904
1520,way/1265400771,109.0075245,34.2856321,yes,,583.2933902081566
1521,way/1263937518,108.8979294,34.2748751,yes,,567.9110422575352
1522,way/1268937801,109.0177247,34.2657559,yes,,644.0035606546527
1523,way/1270262315,109.017396,34.2430856,yes,,552.7662716048472
1524,way/1417089096,108.9694698,34.2188162,semi,,519.1009596445798
1525,way/1511012643,109.0329793,34.2882167,yes,,713.2098392664735
1526,way/1265926000,108.8992032,34.2887854,yes,,663.4189840862542
1527,way/1267270672,108.9128161,34.2414597,yes,,532.2527769027186
1528,way/1265400842,109.0064639,34.2876543,yes,,549.4013656586835
1529,way/1512649523,109.0576589,34.2618687,yes,,594.4175530182055
1530,way/1292495998,108.8633902,34.2788892,yes,,550.1735716029142
1531,way/1370886770,109.0380788,34.2090132,yes,,1794.0995353404053
1532,way/1370699654,108.9059448,34.1934977,yes,,505.5939763157163
1533,way/1268937256,109.0191602,34.2679185,yes,,650.841704487203
1534,way/1265692392,108.9775868,34.207344,yes,15,696.4425638629248
1535,way/1268252342,108.8697912,34.2800821,yes,,565.350302116586
1536,way/1370391243,108.9801369,34.1960522,yes,,650.1543451763354
1537,way/1418071918,108.9203031,34.3209495,yes,,724.3481967224408
1538,way/1417088724,108.9740214,34.2184561,terrace,,554.2474974691273
1539,way/1272122822,108.8614664,34.2673092,yes,,552.4305654606574
1540,way/1265034328,108.9722588,34.2797851,yes,,968.8533778306027
1541,way/1370390900,108.9667642,34.2002774,yes,,620.4660285392582
1542,way/1263895119,108.8873638,34.2532925,yes,,698.8606794081378
1543,way/1265401873,109.0076968,34.2833983,yes,,630.5046057357815
1544,way/1417903541,108.8546512,34.2143763,yes,,791.1262985486713
1545,way/1267641740,109.0191302,34.2744707,yes,,613.0537091323692
1546,way/1414507293,109.0348992,34.2417114,yes,,912.7837510571314
1547,way/1414717175,108.8538786,34.2531164,yes,,618.6891671940332
1548,way/1414507259,109.0317639,34.2422911,yes,,973.8365645233046
1549,way/1292704227,108.9222095,34.2753223,yes,,547.7635224482924
1550,way/1371868894,108.9151618,34.3140133,yes,,814.8366319987362
1551,way/1292495982,108.8659902,34.2844466,yes,,512.156821360455
1552,way/1263937529,108.8978321,34.2747719,yes,,567.6557537915834
1553,way/1292498438,108.8642772,34.2782801,yes,,529.8875650736485
1554,way/1004434950,108.8883235,34.2326772,residential,高科花园二三期-29号楼,709.3713620541932
1555,way/1268252850,108.8750929,34.284783,yes,,582.6464701078056
1556,way/1370886959,109.0256706,34.2061623,yes,,1166.3376770491411
1557,way/1265323697,108.9989533,34.2651993,yes,,574.8931278856252
1558,way/1511298739,109.0483213,34.2573023,yes,,635.9399805719298
1559,way/1292496224,108.8658118,34.2819167,yes,,766.395117394195
1560,way/1512651584,109.0733426,34.2785639,yes,,690.1623195403263
1561,way/1417902996,108.8626919,34.2211889,yes,,510.1837296407776
1562,way/1414507224,109.0364592,34.2430059,yes,,846.9088612246069
1563,way/1268252694,108.8767568,34.2748453,yes,,623.2337816787236
1564,way/1415052306,108.8373426,34.2251899,yes,,661.9315667718322
1565,way/1292497242,108.8650512,34.2790357,yes,,596.881924091435
1566,way/1413572787,109.0042002,34.2285939,yes,,555.8638742555161
1567,way/1292496485,108.8636484,34.278876,yes,,558.6250897295589
1568,way/1264995639,108.9536758,34.2865957,yes,,624.464927210545
1569,way/1414507266,109.0282609,34.2421734,yes,,1048.1242142630886
1570,way/1267642204,109.0194986,34.2732616,yes,,681.0056935540581
1571,way/1370390955,108.9720257,34.1994865,yes,,706.4165260163957
1572,way/1263326382,108.8816139,34.2559749,yes,,519.480904618221
1573,way/1409920604,108.9734732,34.3377671,yes,,561.5292699558026
1574,way/1371869091,108.9197072,34.3103964,yes,,538.3909209318832
1575,way/1270262443,109.0198673,34.2414432,yes,,796.8090932416951
1576,way/1409920194,108.9744266,34.3459163,yes,,902.3509264346146
1577,way/1267641529,109.0150041,34.2842,yes,,600.3971425174248
1578,way/1413573131,108.9893804,34.2256672,yes,,649.3210403700305
1579,way/1263893645,108.8944264,34.2715228,yes,,501.79230429071885
1580,way/1413572599,108.9909325,34.2309119,yes,,535.0259419719246
1581,way/1370390820,108.9657126,34.201187,yes,,578.1216272180101
1582,way/1414507949,109.0290861,34.2346061,yes,,555.8394378768264
1583,way/1270259164,109.0197223,34.2392037,yes,,738.1283933132706
1584,way/1413573163,109.0120424,34.2252541,yes,,997.0155583348244
1585,way/1341668449,108.9682126,34.2171936,yes,,588.2744425997198
1586,way/1265034469,108.9745671,34.2824517,yes,,735.489406274344
1587,way/1265401788,108.9923555,34.2864036,yes,,646.609399344438
1588,way/1263875358,108.8974615,34.2697059,yes,,643.0082709617353
1589,way/1263649531,108.9707098,34.275865,yes,,613.7805770103662
1590,way/1270259201,109.0221807,34.2384246,yes,,654.4013845402189
1591,way/1370698949,108.9271812,34.1985764,yes,,558.5012769510766
1592,way/1265034412,108.9722309,34.2798471,yes,,967.1612580714814
1593,way/1263937768,108.898339,34.2734346,yes,,701.075041624373
1594,way/1418364811,108.9162497,34.3478671,yes,,609.061683088392
1595,way/1370886987,109.0070248,34.2057281,yes,,556.1791857004075
1596,way/1265401302,109.0064991,34.2923304,yes,,516.8681401708126
1597,way/1292497898,108.8669514,34.2802224,yes,,619.9697785327788
1598,way/1370390496,108.9762023,34.2041824,yes,,646.8195594545372
1599,way/1292496428,108.8662263,34.2823711,yes,,704.9241365969231
1600,way/1414507193,109.0414026,34.2438451,yes,,935.7754813940493
1601,way/1415052315,108.852544,34.2254678,yes,,632.925341427278
1602,way/1414507768,109.0298565,34.2371616,yes,,692.1842828132325
1603,way/1370887114,109.0073323,34.2034538,yes,,622.8717997325476
1604,way/1369761776,108.9937269,34.2403925,yes,,628.2489583640478
1605,way/1373230601,108.9578489,34.3620347,yes,,647.1955018171972
1606,way/1415052263,108.8537782,34.2255499,yes,,571.1245911402592
1607,way/1414717670,108.8560291,34.249694,yes,,528.3912821402276
1608,way/1265450149,108.9607149,34.1969493,residential,,706.5221581020604
1609,way/1512649760,109.0543027,34.2687427,yes,,509.68447967334043
1610,way/1413573295,109.0195112,34.2233126,yes,,543.0476938851792
1611,way/1263937865,108.8993691,34.2726392,yes,,681.1649748576662
1612,way/1370391738,108.9646523,34.1902938,yes,,653.6411962475435
1613,way/1409920381,108.9848368,34.3407188,yes,,619.1263475520137
1614,way/1341668436,108.9674572,34.2170507,yes,,573.4920566220135
1615,way/1268937427,109.0197307,34.2678441,yes,,600.6095153992821
1616,way/1263648963,108.9681668,34.2772239,yes,,536.722324190967
1617,way/1414507614,109.0267825,34.2386306,yes,,858.6948236405358
1618,way/1292496406,108.850538,34.2810659,yes,,618.2305352324972
1619,way/1267641292,109.0193205,34.2743591,yes,,633.6529862250135
1620,way/1370070891,108.9880674,34.2010686,yes,,727.5761407608464
1621,way/1370070912,108.9874468,34.2008073,yes,,692.9496509770076
1622,way/1267642368,109.0194024,34.2832215,yes,,593.8566148079756
1623,way/1290377645,108.9224235,34.2688138,yes,,614.7429203604787
1624,way/1263937879,108.8973638,34.2724819,yes,,725.8337544071491
1625,way/1414507524,109.044008,34.2395789,yes,,658.1770022973845
1626,way/1292496111,108.8640995,34.2817631,yes,,662.5002594024211
1627,way/1370944615,108.9500935,34.3052808,yes,,517.2094422785432
1628,way/1413573057,109.0161683,34.2263073,yes,,680.0003727245187
1629,way/1290377259,108.9227019,34.2687523,yes,,590.6697706317916
1630,way/1263893417,108.8857642,34.2511796,yes,,550.0121854560356
1631,way/1292704318,108.9227315,34.2763756,apartments,,524.7835987288822
1632,way/1268937343,109.0148807,34.2664105,yes,,645.0552272758067
1633,way/1266650918,108.9821872,34.2958665,yes,,524.1519232889186
1634,way/1265322350,108.9959073,34.2580679,yes,,511.3914616797419
1635,way/1370390530,108.9633615,34.2039536,yes,,573.4847537923056
1636,way/1263937585,108.8970638,34.2745737,yes,,528.7049380446089
1637,way/1414506976,109.0431476,34.248621,yes,,733.060423130853
1638,way/1512648993,109.0554066,34.244424,yes,,823.6201242825563
1639,way/1413572964,109.0173968,34.2270042,yes,,563.9173813423739
1640,way/1413572860,109.0119665,34.2277312,yes,,824.8096256339796
1641,way/1373772978,109.0052787,34.3148952,yes,,538.4758003067824
1642,way/1232809779,109.0591955,34.3507143,transportation,,1234.7632417661296
1643,way/1414717807,108.8362059,34.2486433,yes,,578.0408231942744
1644,way/995924837,108.8335107,34.1906251,residential,锦业新居-11号楼,585.2059383453619
1645,way/1268251364,108.8767553,34.2726167,yes,,659.2847057543195
1646,way/1265400106,109.0016059,34.290116,yes,,500.8220413621873
1647,way/1371869592,108.9145918,34.3032191,yes,,505.5505284535662
1648,way/1267271192,108.9099308,34.2400534,yes,,633.1039158695786
1649,way/1512649518,109.0526838,34.2626815,yes,,735.8154399309956
1650,way/1417904117,108.8742524,34.2037764,yes,,884.3259650601597
1651,way/1371234994,108.993792,34.2925199,yes,,510.34349544410173
1652,way/1267271494,108.9070488,34.2410936,yes,,553.7566402819236
1653,way/1373230582,108.9502564,34.3624596,yes,,554.5672564072811
1654,way/1267641220,109.0146989,34.2736141,yes,,577.3632865633729
1655,way/1267642159,109.0175866,34.2836351,yes,,586.9485425869335
1656,way/1418364872,108.9162096,34.3461705,yes,,596.7367317482183
1657,way/1512651560,109.0729267,34.2778328,yes,,607.1492605708914
1658,way/1373232231,108.9601278,34.3362945,yes,,606.5046599249115
1659,way/272736556,108.9880389,34.2507559,residential,,510.59638762546206
1660,way/1268937372,109.0168769,34.2672929,yes,,773.9222298333146
1661,way/1265402323,109.0091329,34.2902503,yes,,845.3681797645178
1662,way/1265400601,109.0049844,34.2909765,yes,,510.5431943874318
1663,way/1418071817,108.9163616,34.323509,yes,,681.7325731314817
1664,way/1418071944,108.9282669,34.3205236,yes,,574.1914048905506
1665,way/1265925781,108.9019024,34.2862596,yes,,552.5673023294928
1666,way/1264996263,108.9532134,34.2882179,yes,,662.9260574055933
1667,way/1414506909,109.0420816,34.2492725,yes,,642.8678945524637
1668,way/1263326875,108.883068,34.2543758,yes,,591.6314377868114
1669,way/1265400818,109.0061703,34.287383,yes,,511.6017439329756
1670,way/1004434967,108.8889376,34.2285306,residential,枫叶新家园-4栋,646.761613256631
1671,way/1290377219,108.9227,34.2683265,yes,,563.2104091656441
1672,way/1268250972,108.8737316,34.2794936,yes,,640.7609431104115
1673,way/1373230648,108.9590794,34.3609244,yes,,662.3604168699402
1674,way/1270262010,109.0155757,34.2424505,yes,,617.6407945142573
1675,way/1004434983,108.8905389,34.2286595,residential,颐秀园-9号楼,612.2424773119832
1676,way/1265925717,108.9007912,34.2816374,yes,,501.42755150166397
1677,way/1268252906,108.8773193,34.2715575,yes,,680.4322896791319
1678,way/1263876263,108.8990755,34.2700679,yes,,528.0959871183522
1679,way/1265400211,109.0065008,34.2898025,yes,,696.8508020699347
1680,way/1415052211,108.8541777,34.2260864,yes,,604.6814130799881
1681,way/1369762112,108.9945372,34.2360647,yes,,546.7547646072677
1682,way/1370886640,109.0145975,34.2110596,yes,,525.1090278274775
1683,way/1265034191,108.9742036,34.2823692,yes,,748.8880670070412
1684,way/1417088134,108.9733724,34.2173943,terrace,,652.8447085586575
1685,way/1263893670,108.8939351,34.2725804,yes,,546.0184302405293
1686,way/1370391043,108.9780502,34.1981275,yes,,861.2570512348027
1687,way/1370070971,108.9872773,34.1995768,yes,,555.4670829390202
1688,way/1290377591,108.9219866,34.2700586,yes,,548.3670857200989
1689,way/1370886116,109.0390611,34.216349,yes,,1459.4202665210953
1690,way/1373231121,108.955353,34.3524302,yes,,518.113396309209
1691,way/1264995890,108.9537186,34.2873507,yes,,692.5058393775137
1692,way/1370390404,108.9601437,34.2050062,yes,,746.9633385071231
1693,way/1370699780,108.8993572,34.1925788,residential,江林新城B区-3栋,733.3014339264671
1694,way/1267641540,109.0170698,34.2846057,yes,,510.95927574963264
1695,way/1409920363,108.9861683,34.3410664,yes,,724.8148433954724
1696,way/1263875108,108.8920515,34.2574901,yes,,541.0027899021667
1697,way/1414718424,108.8563576,34.2435631,yes,,506.45620701445245
1698,way/1414506704,109.0292155,34.2367367,yes,,693.8497380620115
1699,way/1370886487,109.0351304,34.2127059,yes,,1326.3848438002206
1700,way/1512649229,109.0628572,34.2562572,yes,,619.4777041901428
1701,way/1370390630,108.975349,34.2031478,yes,,608.8815735284409
1702,way/1413573020,109.0168331,34.2268478,yes,,599.4846815407926
1703,way/1263648794,108.973864,34.2774944,yes,,883.3119806872753
1704,way/1263893436,108.8871138,34.2510705,yes,,562.1783126269312
1705,way/1370391104,108.9581969,34.1974493,yes,,552.7413536420744
1706,way/1292704911,108.9221803,34.2727437,yes,,584.6199031699867
1707,way/1370069985,108.9832054,34.2150538,yes,,691.5935064821173
1708,way/1414507533,109.018234,34.23948,yes,,784.8176427612008
1709,way/1264995531,108.9529796,34.2860076,yes,,611.2534393924434
1710,way/1370391771,108.9750641,34.1897481,yes,,545.0758713300553
1711,way/1414508774,109.0335419,34.2245329,yes,,668.28746007758
1712,way/1370070894,108.9949499,34.2010572,yes,,905.238177394495
1713,way/1263894943,108.8860185,34.2529477,yes,,659.2853594921166
1714,way/1263937001,108.8990859,34.277654,yes,,565.2544468602341
1715,way/1270261851,109.0166177,34.2410568,yes,,769.6118142423363
1716,way/1409622291,108.9833013,34.3132358,yes,,513.0371224227483
1717,way/1265402744,109.0106434,34.2909353,yes,,784.6947505977038
1718,way/1263893937,108.8867724,34.251017,yes,,575.6283198553755
1719,way/1265400133,109.0100125,34.292839,yes,,566.2721282689885
1720,way/1268937322,109.0190765,34.2693685,yes,,652.9580550445812
1721,way/1409921092,108.9622859,34.3324836,yes,,635.2435600100115
1722,way/1413572521,108.9921901,34.2324439,yes,,549.2367585562935
1723,way/1512648340,109.0745594,34.2750349,yes,,501.7813009595254
1724,way/1371226812,108.9881413,34.302051,yes,,506.18171063326434
1725,way/1414508770,109.0380847,34.2245059,yes,,626.8181813460703
1726,way/1270262203,109.0252139,34.2433109,yes,,969.8164486887732
1727,way/1292497226,108.8646409,34.2789267,yes,,608.2571605971312
1728,way/1373773024,109.0056029,34.314704,yes,,524.3729767214959
1729,way/1370886758,109.017832,34.2092893,yes,,540.5404647787194
1730,way/1268937794,109.0189993,34.2649002,yes,,631.2343752825834
1731,way/1415052042,108.8330733,34.2280142,yes,,818.5359742453596
1732,way/1370699873,108.9068005,34.1919478,yes,,534.5605008665218
1733,way/1409622081,108.9796962,34.3165807,yes,,525.5406547663837
1734,way/1370070066,108.9814197,34.2129847,yes,,756.8701275289104
1735,way/1263937867,108.9003074,34.2727447,yes,,616.3315284454644
1736,way/1414507996,109.0293474,34.2341305,yes,,510.3527015717716
1737,way/1512649503,109.053357,34.262583,yes,,708.5029677388425
1738,relation/17378887,108.9797434,34.2100325,yes,,776.1629975352511
1739,way/1413573208,109.0182301,34.2245674,yes,,725.6343039973476
1740,way/1371227002,108.9846651,34.2988311,yes,,588.8297806435153
1741,way/1414508993,109.0466688,34.2206271,yes,,622.0561731939489
1742,way/1267641164,109.0189184,34.2752842,yes,,531.5275751286061
1743,way/1370070062,108.9803613,34.2130834,yes,,829.4484595616171
1744,way/1370390385,108.960575,34.205288,yes,,710.0032796377859
1745,way/1267641917,109.0194659,34.2839574,yes,,511.8266935319411
1746,way/1369193974,108.9741401,34.2286208,yes,,542.0830547786278
1747,way/1281874846,108.8510728,34.2684813,yes,,536.0857522306547
1748,way/1370390475,108.9752954,34.2043436,yes,,561.515882321426
1749,way/1292704406,108.9215138,34.2739043,yes,,521.0446688184219
1750,way/1369194532,108.9761155,34.2263627,residential,芙蓉名座,518.3241476262423
1751,way/1414840267,108.9647782,34.2000533,residential,8号楼,730.6720465495254
1752,way/1263937684,108.8968741,34.2739986,yes,,563.8095168436156
1753,way/1270260783,109.0161164,34.2423689,yes,,623.3680730024844
1754,way/1370069993,108.9862478,34.2147194,yes,,618.0275943067239
1755,way/1417904009,108.8760516,34.2055253,yes,,961.5824091779148
1756,way/1414507090,109.0390842,34.2468633,yes,,540.5242785928691
1757,way/1268252207,108.8727049,34.283673,yes,,599.9387876236639
1758,way/1292496691,108.863442,34.2911236,yes,,618.8591771804155
1759,way/1265403292,109.0051574,34.2898452,yes,,620.5261268001835
1760,way/1414507544,109.0430692,34.2394986,yes,,606.1940066537287
1761,way/1370391007,108.9580756,34.1986976,yes,,643.5104292751136
1762,way/1263894075,108.8870405,34.2524871,yes,,701.202154008692
1763,way/1512648328,109.0753164,34.2738425,yes,,527.073501335297
1764,way/1263937277,108.8999396,34.2762246,yes,,669.2273015573475
1765,way/1511023130,109.0454055,34.2522388,yes,,515.1429382795927
1766,way/1370070197,108.9789828,34.212395,yes,,718.7428395852899
1767,way/1263937740,108.8968423,34.2735161,yes,,604.2265128973901
1768,way/1417087826,108.972695,34.2177547,terrace,,604.0263380240165
1769,way/1415052063,108.8636644,34.2278308,yes,,500.14604596094404
1770,way/1292496579,108.8637906,34.2784931,yes,,526.6900189188855
1771,way/1265400611,108.9983481,34.2894151,yes,,523.6374055676889
1772,way/1371868830,108.9348606,34.3149161,yes,泰德大厦,634.9743418495767
1773,way/1263893343,108.889248,34.2525743,yes,,611.1448192154124
1774,way/1373230583,108.9496944,34.3624478,yes,,577.2866184419817
1775,way/1371869094,108.9189542,34.3105009,yes,,549.6964092065681
1776,way/1371869095,108.9202431,34.3104267,yes,,547.3095839059312
1777,way/1271293657,108.8537303,34.2552451,yes,,600.1871279645713
1778,way/1414507185,109.0348155,34.2441762,yes,,710.7889402685576
1779,way/1265322431,108.9959663,34.2622992,yes,,501.5026073763593
1780,way/1511004213,109.0330986,34.291655,yes,,508.0001099014976
1781,way/1290376803,108.9234357,34.2698755,yes,,503.034799232764
1782,way/1414507096,109.0416902,34.2466007,yes,,736.661757049897
1783,way/1417903130,108.8765308,34.2197568,residential,南窑头社区西区-61号楼,528.7503695861496
1784,way/1369762246,108.9927426,34.2346194,yes,,637.1183171702462
1785,way/1414508998,109.0339421,34.2205296,yes,,976.948108104558
1786,way/1263876158,108.8986559,34.2694804,yes,,532.0206514969659
1787,way/1418364325,108.9197312,34.3633987,yes,,529.3114741827062
1788,way/1512649194,109.0585291,34.2599776,yes,,505.7910835915901
1789,way/1270260776,109.0189554,34.2394849,yes,,780.1629735264229
1790,way/1290376600,108.922549,34.2687672,yes,,602.8622172664741
1791,way/997653287,108.8068631,34.2402686,residential,,928.6478533879565
1792,way/1372721667,108.9471518,34.3273112,yes,,504.11948936094757
1793,way/1370699964,108.9227893,34.1910789,yes,,686.5942019465188
1794,way/1267629386,108.9130885,34.2466778,yes,,565.9772044411075
1795,way/1265450156,108.962321,34.1949311,yes,,609.9064651997468
1796,way/1413573342,109.0188511,34.2226242,yes,,533.5415664897175
1797,way/1370391268,108.9760547,34.1958758,yes,,565.2877760740566
1798,way/1267641658,109.0132069,34.2899308,yes,,588.0003331889912
1799,way/1264995596,108.9534697,34.285722,yes,,558.7471236434919
1800,way/1290376454,108.9223439,34.2690084,yes,,601.5780240954695
1801,way/1371868823,108.9388817,34.3150173,yes,,518.3988874920735
1802,way/1292496120,108.8665939,34.2839905,yes,,527.1725048961414
1803,way/1265034294,108.9721813,34.2796336,yes,,959.8958596043495
1804,relation/19350085,109.0410444,34.2415284,yes,,768.4555419840596
1805,way/1372721425,108.9582278,34.3325133,yes,,741.3816707156085
1806,way/1267641773,109.0145872,34.2727728,yes,,641.2353310914457
1807,way/1370070036,108.9755265,34.2148794,yes,,582.6346343955793
1808,way/1371869083,108.9241699,34.310476,yes,,521.5922791160453
1809,way/1409920692,108.9876197,34.3369857,yes,,615.5402667072277
1810,way/1409920329,108.9868987,34.3423264,yes,,875.5492660992346
1811,way/1414507268,109.0331604,34.2420516,yes,,965.3762273842243
1812,way/1413573002,109.0133371,34.2267532,yes,,794.5972415690131
1813,way/1371868854,108.9366852,34.3144207,yes,,659.6192248550458
1814,way/1263327253,108.8824301,34.2556619,yes,,510.6043339795654
1815,way/1415051930,108.8365769,34.2292051,yes,,607.7627585226933
1816,way/1413573413,108.9862977,34.2214685,yes,,500.69605049585533
1817,way/1414507676,109.0441334,34.2381274,yes,,540.0986745045417
1818,way/1268253050,108.8749349,34.2776281,yes,,567.9018008909776
1819,way/1418364507,108.9225516,34.3566332,yes,,656.863221458004
1820,way/1266642364,108.9774623,34.2818484,yes,,597.6082118562732
1821,way/1268937274,109.0200407,34.2624522,yes,,549.4057588190873
1822,way/1414508381,109.0429167,34.2299084,yes,,584.4616414639503
1823,way/1270259288,109.0242559,34.2407513,yes,,953.8095071787244
1824,way/1281874963,108.85215,34.267614,yes,,582.9563771429594
1825,way/1290376548,108.9216076,34.2704437,yes,,511.6693445421803
1826,way/448620698,108.9518006,34.3019154,yes,,774.4800102856256
1827,way/1266642416,108.9776826,34.2975126,yes,,623.0454556855146
1828,way/1265402134,109.0076198,34.2874037,yes,,634.4180054588217
1829,way/1371870227,108.9278323,34.2987261,yes,,537.4037370039116
1830,way/1413573369,109.0018655,34.2220156,yes,,535.3714386029782
1831,way/1292704768,108.9222266,34.2728571,yes,,587.3364212496388
1832,way/1263894319,108.8888285,34.2524098,yes,,620.5854582712363
1833,way/1265401980,109.0060206,34.2879102,yes,,528.6911080781924
1834,way/1415052185,108.856619,34.2266053,yes,,599.3586104498597
1835,way/1413572522,108.9905153,34.2324121,yes,,543.8844240420553
1836,way/1263343468,108.8772588,34.2692895,yes,,588.9500440480589
1837,way/1263937593,108.9009983,34.2745184,yes,,710.9185131974285
1838,way/1417088487,108.9736237,34.2186719,semi,,520.1554746423406
1839,way/1370886755,109.0326183,34.2091851,yes,,1438.1863585182875
1840,way/1267641168,109.0117188,34.2904833,yes,,704.4872389815109
1841,way/1292496842,108.8638903,34.2789751,yes,,578.3456804155467
1842,way/1369761820,108.9957949,34.239973,yes,,515.9034685044157
1843,way/1511012537,109.0324431,34.2890012,yes,,766.7917046117193
1844,way/1281875073,108.851134,34.2687616,yes,,528.9396686941819
1845,way/1265450235,108.9618071,34.1973899,residential,,796.4518435061689
1846,way/1292496357,108.8628752,34.2806257,yes,,527.328028262274
1847,way/1270260688,109.0245276,34.24848,yes,,516.1873867514665
1848,way/1414509010,109.0357765,34.2201686,yes,,1095.6076425537897
1849,way/1418364504,108.9181427,34.3565503,yes,,523.1585145435885
1850,way/1372140067,108.9366077,34.3352569,yes,,651.0022224648335
1851,way/1373232266,108.9596201,34.3355869,yes,,596.2580022427182
1852,way/1263937264,108.8997324,34.2760685,yes,,656.1041149172099
1853,way/1263876271,108.898205,34.2686496,yes,,542.718658473582
1854,way/1265450180,108.9606411,34.1956014,residential,,570.6481684325852
1855,way/1301139189,108.8380989,34.214872,commercial,,710.0114344355002
1856,way/1417903560,108.8543542,34.2140584,yes,,825.1888564633799
1857,way/1409920460,108.9764445,34.3393799,yes,,551.3381389494447
1858,way/1263875958,108.8931135,34.2576641,yes,,520.1667281828277
1859,way/1414507252,109.0273767,34.2424198,yes,,1027.1326116735274
1860,way/1263937071,108.8997323,34.2775951,yes,,624.8989610117005
1861,way/1268937190,109.0145686,34.2695947,yes,,614.8872772882218
1862,way/1370070886,109.0013761,34.2010137,yes,,1001.8570744766055
1863,way/1414506951,109.0423511,34.2488494,yes,,678.6804674781434
1864,way/1370069942,108.9749003,34.216784,yes,,599.853553427032
1865,way/1370391507,108.9778974,34.1930546,yes,,649.3211150827113
1866,way/1418071951,108.9150736,34.3200141,yes,,807.0680970315744
1867,way/1511023153,109.0434923,34.2530328,yes,,618.8611725623862
1868,way/1369193991,108.9727636,34.2282287,yes,,511.0146902873798
1869,way/1268937270,109.0197439,34.2722903,yes,,676.9352988410632
1870,way/1267641206,109.0123407,34.2839563,yes,,596.5005871258237
1871,way/1417903579,108.8572233,34.2137739,yes,,582.3021750923773
1872,way/1370886078,109.0320573,34.2168353,yes,,856.2668568229464
1873,way/1265034205,108.9736151,34.2975248,yes,,559.4448412314366
1874,way/1290375891,108.9222029,34.267699,yes,,568.6196552788073
1875,relation/17405667,109.0155683,34.2855364,yes,,522.3113917487059
1876,way/1265033938,108.9718399,34.2849664,yes,,528.081406174833
1877,way/1268937511,109.0159991,34.2677402,yes,,803.9690875469685
1878,way/1414507334,109.0272431,34.2412774,yes,,1124.2465063506029
1879,way/1414507342,109.0291254,34.2411901,yes,,1111.8722710135592
1880,way/1373231100,108.9551606,34.3528998,yes,,529.4185924749796
1881,way/1370391571,108.9778138,34.1921512,yes,,651.7058278328273
1882,way/1370886664,109.0211279,34.2107216,yes,,881.395573053393
1883,way/1414507133,109.0388829,34.2455625,yes,,647.5134894640709
1884,way/1270259279,109.0245091,34.241102,yes,,998.2882802919479
1885,way/1263875377,108.8926405,34.2574142,yes,,547.1341443614227
1886,way/1267641481,109.014311,34.2839866,yes,,580.1292247907952
1887,way/1292498484,108.8627546,34.2823257,yes,,568.834708446367
1888,way/1409621003,108.9660839,34.330011,yes,,682.0036230962661
1889,way/1263876504,108.8972423,34.2695492,yes,,655.7299032407564
1890,way/692999270,109.0423879,34.3465201,transportation,务庄,667.6730181740685
1891,way/1267271086,108.9078188,34.2419253,yes,,535.2596089435965
1892,way/1268937941,109.018113,34.2661946,yes,,703.8081455460566
1893,way/1267628969,108.8904558,34.252317,yes,,501.72711993138216
1894,way/1265401500,109.0074804,34.2882254,yes,,661.79100983383
1895,way/1268252246,108.8740773,34.2818551,yes,,777.4952333124963
1896,way/1268937668,109.0197747,34.2625537,yes,,531.2549064955389
1897,way/1270262466,109.0234114,34.2477348,yes,,647.9040777309642
1898,way/1265034757,108.9718501,34.2839407,yes,,625.297110672329
1899,way/692999271,109.0411882,34.3182232,transportation,浐灞中心,738.4640007789941
1900,way/1370699314,108.94184,34.1957894,yes,,543.6590607430825
1901,way/1415052310,108.8371073,34.2251998,yes,,664.9466172527419
1902,way/1370070084,108.9764555,34.2129293,yes,,517.9576557949521
1903,way/1265926023,108.9000215,34.2798541,yes,,517.0151824209328
1904,way/1265400526,109.0000183,34.2898171,yes,,510.21697496127814
1905,way/1292497168,108.8646319,34.2790074,yes,,615.3522170222475
1906,way/1370886813,109.0355201,34.208388,yes,,1675.3218525860634
1907,way/1414508546,109.0182089,34.227299,yes,,511.03172633403176
1908,way/1418071953,108.9203674,34.3200188,yes,,631.1173062007815
1909,way/1370699553,108.9231665,34.1943457,yes,,621.2189098045139
1910,way/1371868937,108.9391708,34.3133078,yes,,528.2831229214486
1911,way/1414507151,109.026469,34.2452782,yes,,731.3118707815912
1912,way/1290376851,108.9229438,34.2694125,yes,,565.0002080781273
1913,way/1263894807,108.8953547,34.2726487,yes,,623.6125567117139
1914,way/1292704153,108.921408,34.2746716,yes,,527.0464794223623
1915,way/1415052238,108.8538093,34.2258512,yes,,598.0897092229735
1916,way/1263650173,108.9739626,34.2772707,yes,,856.9389241022824
1917,way/1370070770,108.9840651,34.2034864,yes,,684.9838152965655
1918,way/1055893540,109.074487,34.2846224,construction,,829.0705296973987
1919,way/1512649038,109.04884,34.2658662,yes,,530.4490349171317
1920,way/1263895370,108.889585,34.2543972,yes,,610.2593899300159
1921,way/1270260842,109.0246576,34.2434781,yes,,916.7361154772584
1922,way/1512649254,109.0648277,34.257221,yes,,505.4009285265496
1923,way/1370070044,108.9808242,34.2134483,yes,,793.8806469332915
1924,way/1372721395,108.9563958,34.332943,yes,,622.2097672274795
1925,way/1292705392,108.9215348,34.2717213,yes,,523.9004528025822
1926,way/1414508707,109.0393155,34.2254562,yes,,565.2185021580668
1927,way/1413572898,109.0114866,34.2274427,yes,,879.2888369460951
1928,way/1369194577,108.9775597,34.2252918,yes,,561.7603463085587
1929,way/1268937669,109.0136715,34.268038,yes,,601.5174395032976
1930,way/1265034331,108.9702463,34.2794771,yes,,781.2619040965849
1931,way/1292705626,108.9211245,34.2768202,yes,藏经阁,522.4881718869981
1932,way/1228204782,109.0338575,34.3145803,yes,西安签证申请中心,521.0778836195217
1933,way/1270262133,109.0219503,34.2448893,yes,,622.5839252727404
1934,way/1265925189,108.9009573,34.2860545,yes,,634.1050533875058
1935,way/1409920472,108.9850766,34.3392306,yes,,508.28486609941007
1936,way/1370390685,108.9565465,34.2027898,yes,,505.3314960017597
1937,way/1414507603,109.0175022,34.2387555,yes,,717.0325782079832
1938,way/1290377552,108.921518,34.2691235,yes,,525.1062006396644
1939,way/1263937459,108.897863,34.2751689,yes,,544.1763206893141
1940,way/1370070778,108.9830883,34.2033057,yes,,764.896237247328
1941,way/1264994928,108.9523727,34.2883409,yes,,589.9840554197558
1942,way/1512648696,109.0633217,34.2546982,yes,,774.0008273671622
1943,way/1370070752,108.9847636,34.2042625,yes,,579.012304110184
1944,way/1373230650,108.9590354,34.3607668,yes,,650.2371263746345
1945,way/1292704739,108.921394,34.2746056,yes,,523.9263461076971
1946,way/1370886587,109.034262,34.2120248,yes,,1309.6590235586514
1947,way/1263895472,108.8898601,34.2524541,yes,,555.3751543248375
1948,way/1418071984,108.9203706,34.3189193,yes,,530.1174496945142
1949,way/1270259309,109.0245813,34.2397286,yes,,858.4008434405978
1950,way/1417088215,108.973438,34.2169762,terrace,,690.7003725562191
1951,way/1281874941,108.8510124,34.2681175,yes,,549.486472726756
1952,way/1512648744,109.0601956,34.2503563,yes,,561.2298905585724
1953,way/1272122326,108.8611474,34.2670681,yes,,551.8346769624584
1954,way/1265924205,108.9009073,34.2803172,yes,,560.2511471114944
1955,way/1263895242,108.8955486,34.2726509,yes,,629.943685879825
1956,way/1370886022,109.0319121,34.2173382,yes,,824.9654181659924
1957,way/1413572523,108.9915779,34.2324732,yes,,603.1888856762744
1958,way/1265034226,108.9714363,34.2807786,yes,,914.8084857989786
1959,way/1370886759,109.0280839,34.2093653,yes,,1219.5541946040892
1960,way/1370885958,109.0324047,34.2179031,yes,,851.9534645011383
1961,way/1266651443,108.9833848,34.2961282,yes,,527.0623884515784
1962,way/1290376356,108.9214907,34.2678277,yes,,580.5224571951151
1963,way/1290376556,108.9223306,34.2689071,yes,,603.5400959468747
1964,way/1414718534,108.8558687,34.2428706,yes,,532.6153727064143
1965,way/1413573072,108.9926016,34.2262726,yes,,572.4163109707196
1966,way/1265402655,108.9964743,34.288112,yes,,531.9778864243077
1967,way/1267951098,108.9642531,34.2074997,residential,,517.0915256585364
1968,way/841110066,108.8104421,34.2439369,yes,,900.8225160739211
1969,way/1265402534,109.0081682,34.2885319,yes,,733.5790896686037
1970,way/1268252280,108.8782719,34.2707994,yes,,561.6593276094194
1971,way/1267270249,108.9086544,34.2417008,yes,,594.7892311434499
1972,way/1265925546,108.9004891,34.2860259,yes,,601.9138198430283
1973,way/1409621145,108.9614797,34.3284367,yes,,529.6209398897648
1974,way/1415051918,108.8342978,34.2293951,yes,,817.6989130242689
1975,way/1413573308,108.9857352,34.2230967,yes,,632.013335351853
1976,way/1263895123,108.8928955,34.2728407,yes,,511.4615721818603
1977,way/1265926442,108.9006524,34.2809101,yes,,512.1723929676066
1978,way/1413301789,108.9089255,34.2386877,yes,,553.4039241666054
1979,way/1370699035,108.9403957,34.1980107,yes,,539.9023399950706
1980,way/1370390814,108.973357,34.201396,yes,,582.0126040745527
1981,way/1371869206,108.9150216,34.3090087,yes,,548.9970070650953
1982,way/1373230469,108.9544047,34.3643737,yes,,729.0753709442068
1983,way/1370070984,108.9946617,34.1989988,yes,,860.0463210410235
1984,way/1414507430,109.0286142,34.240459,yes,,1061.858548051908
1985,way/1371869414,108.9303247,34.3059047,yes,,501.8950477332961
1986,way/1413573008,109.0171466,34.2266718,yes,,606.5779038515802
1987,way/1413572596,108.9908983,34.2310303,yes,,533.6230260235506
1988,way/1409921121,108.9640384,34.332304,yes,,532.8593512129576
1989,way/1270261962,109.0161235,34.2410465,yes,,770.3563726464461
1990,way/1512649234,109.0636211,34.2558273,yes,,657.8586985027841
1991,way/1270261185,109.0180256,34.2429609,yes,,579.5318211095197
1992,way/1265403059,109.007224,34.2871096,yes,,588.9134039909148
1993,way/1370070828,108.9833652,34.2021466,yes,,837.304797161875
1994,way/1263894167,108.8891481,34.2544639,yes,,638.0329784542441
1995,way/1370390910,108.9734385,34.2002348,yes,,690.6825939217335
1996,way/1512648345,109.0744186,34.2755259,yes,,516.378131468081
1997,way/1413302542,108.9045012,34.2188072,yes,,531.1330163987926
1998,way/1270259174,109.0235984,34.2389895,yes,,748.9188040983302
1999,way/1268937316,109.014858,34.2707656,yes,,626.9791024823313
