candidate_id,osm_id,lng,lat,building,name,dist_to_nearest_existing_m
0,way/1019883979,108.7896936,34.285004,residential,,658.6608287279649
1,way/1019883980,108.79057,34.2849217,residential,,581.2345426614693
2,way/1019883981,108.7915143,34.284069,residential,,527.4716070276916
3,way/1019883982,108.7912305,34.2834979,residential,,579.0098665009058
4,way/1019883983,108.7913314,34.2849389,residential,,512.5257216290363
5,way/1019883986,108.7896321,34.2844973,residential,,675.8487085646777
6,way/1019883987,108.7896104,34.2839348,residential,,695.7762981874776
7,way/1019883988,108.7896622,34.2834272,residential,,711.9649417352916
8,way/1019883990,108.7905598,34.2838733,residential,,616.6552557904813
9,way/608116717,108.7920269,34.2884028,yes,陕西奥诚红旗汽车销售服务有限公司,510.9540039195024
10,way/1019747200,108.7938961,34.2907419,yes,西安沣东自贸产业园二期-1号楼,590.0817703934385
11,way/1019747201,108.7945448,34.2906964,yes,西安沣东自贸产业园二期-2号楼,561.2892574116981
12,way/1019747202,108.7951003,34.2907373,yes,西安沣东自贸产业园二期-3号楼,549.2133093713152
13,way/1019747203,108.7956881,34.2907155,yes,西安沣东自贸产业园二期-4号楼,534.3310947251425
14,way/1019747204,108.7962639,34.2907005,yes,西安沣东自贸产业园二期-5号楼,525.4703029017517
15,way/1019747210,108.7904559,34.2873857,yes,西安中升之星汽车销售服务有限公司,599.7206449639357
16,way/1019747215,108.793895,34.290431,yes,西安沣东自贸产业园二期-14号楼,559.4045118980694
17,way/1019747216,108.7945671,34.290114,yes,西安沣东自贸产业园二期-15号楼,500.6677936470459
18,way/1204073415,108.7945132,34.310684,transportation,月修静调库,739.0589690174863
19,way/1204073416,108.7934415,34.3112877,yes,,849.6783476774445
20,way/1204073417,108.7939823,34.3100711,yes,,711.6812043926684
21,way/1204073418,108.7933845,34.3092728,yes,,683.5006699259321
22,way/1204073419,108.793418,34.3089517,yes,,657.2390770470531
23,way/1204073420,108.7957113,34.3087942,transportation,运用库,502.980719934732
24,way/1204073421,108.7964138,34.3094455,transportation,洗车库,534.6126708019287
25,way/1204073423,108.795831,34.3099641,yes,,609.7016863448493
26,way/997653278,108.8054982,34.238392,residential,,1006.552346987763
27,way/997653279,108.8054928,34.2391001,residential,,1017.8055431338581
28,way/997653280,108.8063609,34.2387684,residential,,933.0599767056071
29,way/997653281,108.8060418,34.2381859,residential,,954.7380035431433
30,way/997653283,108.8068868,34.2381837,residential,,877.3085593761293
31,way/997653284,108.8071674,34.2387712,residential,,859.8959358168423
32,way/997653285,108.8068611,34.2395722,residential,,906.1223789134478
33,way/997653286,108.8059715,34.240056,residential,,999.371108004302
34,way/997653287,108.8068631,34.2402686,residential,,928.6478533879565
35,way/962020687,108.803915,34.2461367,yes,,1495.9769492886269
36,way/997664908,108.7993917,34.2437332,residential,,1709.6866381936625
37,way/997664905,108.8036724,34.2421997,yes,西安鱼化哈弗4S店,1280.864854247917
38,way/997653269,108.8051091,34.2475199,yes,,1484.5232714684971
39,way/997664914,108.8004295,34.2449222,residential,,1609.8575176793408
40,way/997664913,108.7988083,34.2449303,residential,,1588.007817491565
41,way/997664910,108.7999027,34.2443004,residential,,1669.881203528468
42,way/997664909,108.7990938,34.244323,residential,,1657.8356383084256
43,way/997664912,108.7993599,34.2449244,residential,,1594.2596655958812
44,way/997664907,108.8019661,34.2539024,yes,阿房宫,730.946286531383
45,way/998170349,108.8031902,34.2534025,yes,阿房宫公安检查站,844.9898318296606
46,way/1019747205,108.7968923,34.2907333,yes,西安沣东自贸产业园二期-6号楼,527.2550416705238
47,way/1204073422,108.7965604,34.3097335,transportation,调机工程车库,558.8501669965094
48,way/1228144678,108.8068748,34.3153661,yes,,992.5359128360902
49,way/1238885645,108.8069254,34.3261162,industrial,,1678.4539482858825
50,way/1238885646,108.8052461,34.3271239,industrial,,1842.250609022484
51,way/1238885647,108.8042327,34.3271873,industrial,,1924.209946822528
52,way/1243731415,108.810185,34.2041604,yes,,1814.0409196389824
53,way/1243731414,108.8133233,34.2057112,yes,,1537.5813077135554
54,way/1243731417,108.8154628,34.2096616,yes,,1143.1194623029187
55,way/1243731418,108.8148149,34.2093778,yes,,1210.427010322122
56,way/841110082,108.8171909,34.2439694,yes,鱼化光电电子科技产业园-10号楼,722.9231536051296
57,way/841110066,108.8104421,34.2439369,yes,,900.8225160739211
58,way/841110063,108.8139598,34.2434881,yes,,702.3111163592993
59,way/841110060,108.8126065,34.2435832,yes,,760.6533992942105
60,way/997653263,108.8152611,34.2436622,yes,西安市雁塔区漳浒街道办事处,692.9296661912629
61,way/841110057,108.8135487,34.2444567,industrial,生物原料生产车间,816.4427987903427
62,way/841110072,108.8163194,34.2434572,yes,鱼化光电电子科技产业园-1号楼,662.29091600286
63,way/841110085,108.8179918,34.2434543,yes,鱼化光电电子科技产业园-4号楼,678.017386719761
64,way/841110079,108.816088,34.2441665,yes,国家电网(鱼化供电营业厅),741.6613409571091
65,way/1019884085,108.8123346,34.2583139,residential,西围新嘉园-18栋,578.6475804848029
66,way/1019884054,108.8079015,34.2550121,residential,,738.154690206836
67,way/1019884065,108.8115393,34.2549678,yes,凯沣文化商务中心,603.6554960907843
68,way/1019884042,108.8079726,34.2572515,residential,秦阿房宫职工小区-4栋,516.6266621368197
69,way/1019884061,108.8105101,34.2570492,residential,,683.6765867468231
70,way/1019884093,108.8116949,34.2561998,residential,西围新嘉园-26号楼,578.3475449816027
71,way/1019884050,108.8079352,34.2561945,residential,秦阿房宫职工小区-8栋,618.4281588053593
72,way/1019884063,108.8105178,34.2558716,residential,,686.3592546052931
73,way/1019884089,108.8116908,34.2572454,residential,西围新嘉园-22栋,594.2914344166379
74,way/1019884069,108.8141247,34.2596249,residential,西围新嘉园-1栋,535.5422695319081
75,way/1019884079,108.8121793,34.2591519,residential,西围新嘉园-15栋,637.300168104239
76,way/1019884080,108.8129833,34.2592027,residential,西围新嘉园-12栋,580.2987624262236
77,way/1019918476,108.8129553,34.2604403,residential,,674.9617110142176
78,way/1019918477,108.8129275,34.2600827,residential,,648.3835318170065
79,way/1019918478,108.8129337,34.2597205,residential,,620.5421000723125
80,way/1019918479,108.8129715,34.2594616,residential,,599.1439399323646
81,way/1212661452,108.8105415,34.2615623,yes,,507.2697459748563
82,way/1212661454,108.8111788,34.2620608,yes,,572.154573162842
83,way/1019931433,108.8153864,34.2859441,residential,,523.5307045373565
84,way/1020491382,108.8160955,34.2869815,yes,东风日产西安英和三桥,506.16057297497963
85,way/1228144691,108.8096844,34.3187278,yes,,1265.3140681764473
86,way/1228144698,108.8124498,34.315006,yes,,834.3114589011044
87,way/1228144717,108.811698,34.3220136,yes,,1178.105790765386
88,way/1228144679,108.8083138,34.3153693,yes,,937.3223941002155
89,way/1228144689,108.8121681,34.3178062,yes,,1144.7895516477495
90,way/1228144693,108.8122111,34.3200083,yes,,1153.5101615680019
91,way/1228144715,108.8094788,34.3221182,yes,,1381.9184202452568
92,way/1228144681,108.8108928,34.3153705,yes,,879.8505773256497
93,way/1228144692,108.8096441,34.3199771,yes,,1385.9967103900867
94,way/1228144710,108.8096949,34.3260511,yes,,1432.9103184172916
95,way/608396471,108.8178688,34.3297132,industrial,,707.2958174459892
96,way/1228144718,108.8128841,34.3224833,yes,,1070.2675565882782
97,way/1228144708,108.8128174,34.3266093,yes,,1188.887553855927
98,way/1228144719,108.8100877,34.3230292,yes,,1330.45271805562
99,way/608396473,108.8153588,34.3297678,industrial,,885.0587809395835
100,way/1228144723,108.8134657,34.3244258,yes,,1049.59786247853
101,way/1228144712,108.8112363,34.3272263,yes,,1349.4711403191354
102,way/1228144709,108.811235,34.326053,yes,,1299.2928993542744
103,way/1228144700,108.809608,34.3346497,yes,,1271.5652820482783
104,way/1228144701,108.8121275,34.3347012,yes,,1040.893262146128
105,way/1228144702,108.812093,34.3357671,yes,,1058.202939591373
106,way/1228144703,108.8095081,34.3353247,yes,,1286.4574308755512
107,way/1228144704,108.8081574,34.3344863,yes,,1403.958633411237
108,way/989042033,108.8270679,34.199577,yes,河池寨,853.2506935549741
109,way/1034975283,108.8271846,34.1980689,yes,蓝晓科技园,1008.8892259320869
110,way/1243731408,108.8214416,34.2037487,yes,,882.675475540077
111,way/1243731409,108.8213708,34.2026315,yes,,942.6129084736242
112,way/1208659244,108.8287794,34.2374772,yes,,718.323841409298
113,way/997653262,108.8232858,34.2370221,yes,,598.9859012012806
114,way/1208659242,108.8264129,34.2367933,yes,,839.3226851935925
115,way/1208659234,108.8269168,34.2383367,yes,,662.1602227059251
116,way/1208659243,108.8276094,34.2374234,yes,,741.2808446437815
117,way/1208659245,108.8285489,34.2382997,yes,,629.9559570544967
118,way/1208659236,108.8277908,34.23842,yes,,629.6178659430743
119,way/1208659240,108.8277646,34.2378594,yes,,690.8380095785272
120,way/1208659237,108.8272186,34.2381475,yes,,673.0369284970191
121,way/841110086,108.8185627,34.243449,yes,鱼化光电电子科技产业园-5号楼,690.7174624924621
122,way/841110087,108.8184342,34.2441461,yes,鱼化光电电子科技产业园-8号楼,762.2708651057878
123,way/841110090,108.8190091,34.2434478,yes,鱼化光电电子科技产业园-6号楼,703.5292356204151
124,way/841110091,108.8187865,34.2439763,yes,鱼化光电电子科技产业园-7号楼,752.7975947876125
125,way/997653250,108.8237015,34.244166,residential,,527.0305450750215
126,way/997653255,108.8236332,34.2446359,residential,,538.531187739089
127,way/997653258,108.8237111,34.2451448,residential,,542.8360273475018
128,way/1228133947,108.8216935,34.3020105,yes,,510.49776696630374
129,way/1228133948,108.8217153,34.3023188,yes,,534.6250617308791
130,way/1228133949,108.8217968,34.302614,yes,,562.6836737276823
131,way/1228133950,108.8223936,34.3022269,yes,,575.7056602057542
132,way/1238880391,108.8288927,34.300371,industrial,,677.2242702944441
133,way/1238880396,108.828841,34.3010033,industrial,,702.4824564647786
134,way/1238880397,108.8279606,34.3023837,industrial,,757.1873714366855
135,way/1238880399,108.8284871,34.3037683,industrial,,623.4380651945961
136,way/1238880409,108.8287216,34.3049601,industrial,,539.2526493043969
137,way/1238880410,108.8271616,34.3049634,industrial,,672.3688481502754
138,way/1238880411,108.8250761,34.3046775,industrial,,714.3770575193917
139,way/1238880412,108.8253417,34.3056687,industrial,,709.194653243235
140,way/1238880417,108.8233486,34.3082859,warehouse,,538.7499005004765
141,way/1238880418,108.8249083,34.3089548,warehouse,,697.4965776747567
142,way/1238880419,108.824703,34.30964,warehouse,,700.6196135283169
143,way/608396456,108.8206134,34.328577,industrial,,667.2814872082878
144,way/608396457,108.8198316,34.3290407,industrial,,653.4218019874571
145,way/608396458,108.8204848,34.3293467,industrial,,594.6747539506015
146,way/608396465,108.8195344,34.3307209,industrial,,519.8751996162742
147,way/459343807,108.8364522,34.1896543,yes,西安市公安局交警支队高新大队,510.5401602727126
148,way/995924829,108.8329344,34.1923103,residential,锦业新居-1号楼,539.1090506457168
149,way/995924831,108.8328106,34.191865,residential,锦业新居-3号楼,568.0566552413559
150,way/995924833,108.8328177,34.1914196,residential,锦业新居-5号楼,589.2995848972538
151,way/995924834,108.833917,34.1914208,residential,锦业新居-7号楼,502.5384557427077
152,way/995924835,108.8328115,34.1909818,residential,锦业新居-8号楼,614.3932186483548
153,way/995924836,108.8328102,34.1905427,residential,锦业新居-10号楼,641.9230278309846
154,way/995924837,108.8335107,34.1906251,residential,锦业新居-11号楼,585.2059383453619
155,way/995924838,108.8335024,34.1902182,residential,锦业新居-12号楼,615.2420421924343
156,way/727385838,108.8338174,34.1969331,yes,华为西安研究所-V2,541.4098157121196
157,way/727385839,108.834246,34.1978442,yes,华为西安全球交换技术中心V4餐厅,575.2133626387349
158,way/727385840,108.8334248,34.1987544,yes,华为西安研究所-V5,624.763165523169
159,way/727385843,108.8334291,34.2004973,yes,华为西安研究所二期-V8,626.8369436141721
160,way/727385845,108.8339213,34.2017449,yes,华为西安研究所二期-V10,622.3855723128934
161,way/727389021,108.8300302,34.1986866,yes,,898.4967212250275
162,way/727389022,108.8300399,34.1978235,yes,,886.6198140064964
163,way/727389023,108.829799,34.1967929,yes,,857.292814792913
164,way/1306975125,108.831745,34.1975749,transportation,,738.0814173847315
165,way/992001981,108.8387127,34.2115979,yes,比亚迪新景腾飞4S店(科汇城店),858.3105499800205
166,way/996010997,108.8353106,34.2125183,commercial,西安环普国际科技园-G3座,535.2512950111617
167,way/996010983,108.8358527,34.2104012,commercial,西安环普国际科技园-D2座,567.5859238880097
168,way/996010988,108.8384171,34.2100461,commercial,西安环普科技产业园3期,780.8830765608873
169,way/996011001,108.8375943,34.2123836,commercial,新加坡腾飞科汇城-A座,727.8078850775067
170,relation/17832829,108.8376234,34.2112,commercial,西安环普国际科技园-C座,752.2357744776605
171,relation/17832828,108.8358542,34.2111965,commercial,环普科技产业园-E座,606.9123091095169
172,way/996010998,108.8362579,34.2125215,commercial,西安环普国际科技园-G4座,610.6082379071985
173,way/996011000,108.8387071,34.2123825,commercial,新加坡腾飞科汇城-B座,822.1809132453221
174,way/997516770,108.8394736,34.2225187,residential,,683.8173275107654
175,way/997516771,108.8395361,34.2220054,residential,,674.5367748052882
176,way/1301139187,108.835987,34.2141741,commercial,,525.1714929841271
177,way/1301139188,108.8369809,34.2142715,commercial,,613.4411380640171
178,way/1301139189,108.8380989,34.214872,commercial,,710.0114344355002
179,way/1415052147,108.836616,34.2266214,yes,,654.5517462774876
180,way/1415051754,108.8342089,34.2313118,yes,,859.5280109927025
181,way/997516773,108.8398888,34.2231095,residential,,671.7807019429893
182,way/1415052042,108.8330733,34.2280142,yes,,818.5359742453596
183,way/1415051904,108.8368304,34.2295279,yes,,585.8913628318924
184,way/1415052298,108.8338912,34.2252755,yes,,530.0861766206297
185,way/996109802,108.8369396,34.2233718,residential,,515.5415633754126
186,way/1415052321,108.8393481,34.2251586,yes,,518.9351471321646
187,way/1415051916,108.8343894,34.2293993,yes,,809.2975827026354
188,way/1415051413,108.837061,34.2351705,yes,,565.0470065634647
189,way/997653252,108.8296,34.2393559,yes,西安市公安局雁塔分局昆明路派出所,507.56405026691726
190,way/1415051611,108.8333779,34.2330092,yes,,827.8243987882053
191,way/1415051292,108.8329801,34.2363363,yes,,502.14072503981083
192,way/1415051659,108.8368115,34.2325643,yes,,697.9937843684656
193,way/1415051516,108.8399192,34.2343193,yes,,647.9779593836918
194,relation/19357094,108.8346028,34.2345102,yes,,639.1206163673916
195,way/1415051545,108.8365244,34.2338838,yes,,700.1918002363605
196,way/1415051406,108.835717,34.2352085,yes,,550.6742284965048
197,way/1414717787,108.8358624,34.248827,yes,,543.4816417253937
198,way/1414718385,108.8389619,34.2438953,residential,石桥欣苑-3号楼,502.4248382084986
199,way/1414718189,108.8351754,34.2454268,yes,,554.3429818046571
200,way/1414717978,108.8381709,34.2472288,yes,,588.6239989656867
201,way/1414718186,108.8398619,34.2459335,retail,,550.8055284591245
202,way/1414717681,108.8377459,34.2496915,yes,,565.8308214657187
203,way/1414717955,108.8349387,34.2474798,yes,,641.0842978388915
204,way/1414718183,108.8384825,34.2457369,retail,,657.1674053371119
205,way/1414718023,108.8382693,34.2483403,yes,,536.0302040515357
206,way/1414717097,108.8395134,34.2535628,yes,,597.9050345998935
207,way/1414717107,108.8385927,34.2534674,yes,,551.2037493213023
208,way/1414717118,108.8391764,34.2534242,yes,,604.0890192827753
209,way/1414717156,108.8389662,34.253212,yes,,583.0712695812799
210,way/1414717177,108.8395083,34.2532991,yes,,576.9236295205839
211,way/1238880390,108.8298181,34.299567,industrial,,576.4096165021056
212,way/1238880392,108.8306196,34.300067,industrial,,515.2131713502841
213,way/1238880394,108.8304555,34.2986871,industrial,,512.7988305128827
214,way/1238880398,108.8297197,34.3021297,industrial,,668.901276165235
215,way/1238880400,108.8299531,34.3035011,industrial,,538.9710969458152
216,way/1238880401,108.8314657,34.3022485,industrial,,559.7831172249425
217,way/1238880402,108.831372,34.3017798,industrial,,537.5344595140365
218,way/1238880403,108.8312676,34.3012442,industrial,,511.95729228787064
219,way/1238880420,108.8293044,34.3091307,industrial,,500.7600303495011
220,way/1388463914,108.8468921,34.1898638,yes,,852.5924827898066
221,way/1388465392,108.8459797,34.1946139,yes,,579.559640735909
222,way/1388464232,108.8507261,34.1911407,yes,,516.1936729089226
223,way/1388466124,108.848531,34.1931905,yes,,505.37797584286307
224,way/1388464003,108.8483934,34.1912012,yes,,650.3513062236442
225,way/1388464357,108.8495913,34.1897408,yes,,703.5124236207354
226,way/995864440,108.8469126,34.1922688,yes,金钼大厦,676.8806149731498
227,way/1388465246,108.8471677,34.193657,yes,,548.9972724592336
228,way/1388463628,108.846901,34.1912024,yes,,758.2938510959183
229,way/1009301325,108.8442663,34.1964645,residential,,511.2920202767969
230,way/995864379,108.8455107,34.198726,residential,里花水社区-23号楼,501.638116096218
231,way/995864386,108.845503,34.1973602,residential,里花水社区-30号楼,549.5269556157799
232,way/1009301317,108.8455681,34.1960241,residential,,565.2132283520699
233,way/1009301320,108.8436087,34.1960007,residential,,507.3152794659882
234,way/995864382,108.8455103,34.198043,residential,里花水社区-26号楼,520.9228581604619
235,way/995864389,108.8455083,34.1968452,residential,里花水社区-33号楼,561.2821309875441
236,way/1009301319,108.8444953,34.1960144,residential,,560.988133422379
237,way/995864406,108.8445021,34.1968458,residential,里花水社区-49号楼,500.9780295966008
238,way/997516772,108.8400388,34.2220519,residential,,720.7838086754277
239,way/1415052373,108.8485939,34.2246296,yes,,636.0337837935077
240,way/1415052138,108.8497172,34.2267352,yes,,505.926631211385
241,way/1415052401,108.8500994,34.2243912,yes,,736.738165804723
242,way/1415052269,108.8500881,34.2255922,yes,,636.5369384781785
243,way/1415052241,108.8481573,34.2257544,yes,,527.6022455606281
244,way/1415052385,108.849194,34.22512,yes,,646.0884473536257
245,way/1415052186,108.8484783,34.2263992,yes,,510.25811149189684
246,way/1415052406,108.8494003,34.2243543,yes,,712.3924215176908
247,way/1415052318,108.8483546,34.2251152,yes,,584.4275614929928
248,way/1415051519,108.8433231,34.2343921,yes,,549.0395854875352
249,way/1414718837,108.8504175,34.240394,yes,,526.3425912338455
250,way/1415051470,108.8506996,34.2346379,yes,,502.5802537772904
251,way/1415051523,108.8402445,34.2342194,yes,,624.6341809575553
252,way/1415051393,108.8461926,34.2352785,yes,,500.31592219712735
253,way/1414718916,108.8479791,34.2396069,yes,,508.96988483757065
254,way/1415051481,108.8499371,34.2362558,yes,,630.9428169460291
255,way/1415051402,108.8418095,34.2351698,yes,,559.5359868298783
256,way/1415051575,108.8420081,34.2335571,yes,,501.2236549444162
257,way/1414718304,108.8430723,34.2446967,yes,,506.15025224435107
258,way/1414718343,108.8400115,34.2445451,residential,,536.8941645598335
259,way/1414718216,108.8450526,34.245196,yes,,500.23109752388035
260,way/1414718269,108.8412907,34.2448656,residential,,533.4448101795214
261,way/1414718330,108.8447369,34.2444031,yes,,514.1445372121692
262,way/1414718268,108.8422769,34.2449226,residential,,528.7202030561759
263,way/1414718303,108.8437816,34.2446124,yes,,508.0737404656474
264,way/1414718325,108.8408651,34.244493,residential,,503.12863489405925
265,way/1414718214,108.8409209,34.2452081,yes,,559.2287666469216
266,way/1414717257,108.8488897,34.252473,yes,,559.3001080339568
267,way/1414717113,108.8401687,34.2534548,yes,,549.6215018139466
268,way/1271293805,108.850565,34.2547997,yes,,781.5182984868632
269,way/1414717077,108.8470524,34.2536224,yes,,533.5436786181417
270,way/1414717136,108.8507541,34.2533078,yes,,697.1780242925561
271,way/1414717072,108.8486901,34.2536495,yes,,630.265806220206
272,way/1414717457,108.8491477,34.2513752,yes,,508.0056319279644
273,way/1414717308,108.8506722,34.2522678,yes,,581.7644367930233
274,way/1414717095,108.8498935,34.2535263,yes,,703.3279046295594
275,way/1272122690,108.8504317,34.2670884,yes,,535.6698723741172
276,way/1281874845,108.8504996,34.2676846,yes,,535.5559347199612
277,way/1281874869,108.850712,34.2678602,yes,,540.5763701339417
278,way/1281874886,108.8503323,34.2679945,yes,,503.23045141678017
279,way/1281874971,108.8506583,34.2680322,yes,,526.1741909205791
280,way/1281875029,108.8504775,34.2680147,yes,,513.1508253316894
281,way/1281875126,108.8504144,34.267863,yes,,517.6966812916592
282,way/1281874906,108.8506266,34.2682934,yes,,508.99679477936814
283,way/1281875051,108.8506261,34.2681739,yes,,515.5309521339273
284,way/1281875103,108.8506553,34.2684054,yes,,505.411443278853
285,way/1292497909,108.8501904,34.2822198,yes,,550.524178607823
286,way/1292495851,108.8499603,34.2797548,yes,,507.6674584197951
287,way/1292497463,108.849654,34.2809927,yes,,640.7396093635879
288,way/1292497993,108.8504748,34.2805615,yes,,604.8010757209842
289,way/1292495864,108.8502771,34.2815004,yes,,612.3936395100873
290,way/1292498051,108.8496661,34.2804093,yes,,576.2546588919784
291,way/1292497028,108.8496273,34.2816507,yes,,598.4251124973886
292,way/1292496003,108.8505841,34.2799296,yes,,538.9851065954649
293,way/1292496406,108.850538,34.2810659,yes,,618.2305352324972
294,way/1168142129,108.8445748,34.3009064,yes,,570.3146316069503
295,way/1168142130,108.8445675,34.3017619,yes,,615.5502510845066
296,way/1238880429,108.8421919,34.3183506,warehouse,,581.9604064525893
297,way/1222465362,108.8425745,34.3400101,yes,,748.6122413298162
298,way/993211258,108.8569449,34.1907488,yes,陕西人民教育出版社,568.9044774335166
299,way/1012527976,108.8581379,34.191446,yes,陕西高端装备与智能制造产业研究院,576.9404566078421
300,way/993211218,108.8566631,34.2009926,residential,万科·云谷-3号楼,502.76485166628646
301,way/993211220,108.8567662,34.2013822,residential,万科·云谷-4号楼,525.2662864097414
302,way/993211221,108.856411,34.201325,residential,万科·云谷-5号楼,501.56076853145464
303,way/1417903581,108.8573328,34.2138159,yes,,571.2181114285934
304,way/1417904011,108.8579223,34.2057342,yes,,512.8941620854322
305,way/1417903737,108.8598894,34.2104306,yes,,503.0999536559839
306,way/1417903674,108.8557599,34.211275,yes,,837.0266110749437
307,way/1417903939,108.8606514,34.2073005,yes,,502.4901531323291
308,way/1417903567,108.8542881,34.2138371,yes,,836.9576478062147
309,way/1417903845,108.8579855,34.2087397,yes,,685.7991047487141
310,way/1417903635,108.8589703,34.212153,yes,,549.724331137447
311,way/1417903948,108.8580288,34.2071417,yes,,611.2291916200458
312,way/1417903562,108.8542341,34.2139172,yes,,839.5821121120314
313,way/1417903473,108.8573282,34.2153456,yes,,532.247141465919
314,way/1417903460,108.8552442,34.21552,yes,,658.7757388145814
315,way/1417903573,108.8572114,34.213888,yes,,578.707629848681
316,way/1417903435,108.8563639,34.215921,yes,,594.9547375661236
317,way/1417903514,108.8545465,34.2148023,yes,,753.830022812281
318,way/1417903561,108.8549567,34.2139559,yes,,774.1367547418647
319,way/1417903458,108.855954,34.2155226,yes,,644.2711141253628
320,way/1417903541,108.8546512,34.2143763,yes,,791.1262985486713
321,way/1415052084,108.8576705,34.2279578,yes,,749.3773530955891
322,way/1415052286,108.8515668,34.2253484,yes,,687.258233218672
323,way/1415051717,108.8610613,34.2318811,yes,,644.1112203816248
324,way/1415052369,108.8606664,34.2247497,yes,,507.8103390437076
325,way/1415052036,108.8616587,34.2281763,yes,,670.8299157492049
326,way/1415051775,108.8573776,34.2310919,yes,,698.2293722665835
327,way/1415052251,108.8552817,34.2257533,yes,,531.0190789514756
328,way/1415051871,108.8594708,34.2300149,yes,,813.6516112225235
329,way/1415052164,108.8593068,34.2264949,residential,龙韵人和-22栋,618.0267711213836
330,way/1415051522,108.8512885,34.2342524,yes,,503.04540003910375
331,way/1415051704,108.8614787,34.2320043,yes,,646.2612121356691
332,way/1414718832,108.8548269,34.2406161,yes,,504.5781020958834
333,way/1415051700,108.856921,34.2320635,yes,,600.9304049627129
334,way/1415051080,108.8521105,34.2383257,yes,,604.4076777956836
335,way/1415051628,108.8538067,34.2328776,yes,,612.3003984939307
336,way/1415051409,108.8532014,34.2359454,yes,,515.4361062706971
337,way/1415051664,108.8592034,34.2325729,yes,,528.2123926265193
338,way/1414718873,108.8516338,34.2400375,yes,,570.8574097520483
339,way/1414718601,108.8555337,34.2423083,yes,,539.3009624039081
340,way/1414717663,108.8560814,34.2498012,yes,,540.0060312776258
341,way/1414718720,108.8612775,34.2412886,yes,,509.3491665736068
342,way/1414718424,108.8563576,34.2435631,yes,,506.45620701445245
343,way/1414718696,108.8567717,34.2416457,university,西安外事学院北教学区-学生活动中心,511.2331396540206
344,way/1414718703,108.8543446,34.2416165,yes,,510.6173984576205
345,way/1414718667,108.8604848,34.2417718,yes,,528.2410235403727
346,way/1414718534,108.8558687,34.2428706,yes,,532.6153727064143
347,way/1414718651,108.856003,34.2420797,yes,,581.9743550774418
348,way/1271293657,108.8537303,34.2552451,yes,,600.1871279645713
349,way/1414717615,108.8569589,34.2501354,yes,,517.3894172406564
350,way/1271293863,108.851247,34.2580753,yes,,519.1998376829399
351,way/1414717120,108.8509928,34.2534717,yes,,715.3599496999925
352,way/1414717170,108.8545966,34.2531127,yes,,556.8020438529786
353,way/1271293968,108.8515331,34.2559551,yes,,708.1255561351785
354,way/1271293920,108.8532042,34.2571369,yes,,509.29321655672527
355,way/1414717389,108.8558609,34.2517864,yes,,532.6312604445825
356,way/1271293558,108.8523661,34.2543199,yes,,727.4749291136969
357,way/1281875081,108.8515292,34.2670991,yes,,568.2408954396678
358,way/1272122474,108.8616416,34.2624049,yes,,500.9387721698474
359,way/1281875189,108.8615889,34.2678232,yes,,522.5477444592577
360,way/1272122359,108.85668,34.265746,yes,,551.790210198947
361,way/1272122528,108.8538467,34.2650428,yes,,525.561151771933
362,way/1272122696,108.8592227,34.2657465,yes,,592.1706709509297
363,way/1272122368,108.861455,34.2661848,yes,,607.0504065175332
364,relation/17582118,108.8533381,34.2672336,yes,,531.4320827174987
365,way/1272122711,108.8550681,34.2661418,yes,,553.3705151000169
366,way/1281875073,108.851134,34.2687616,yes,,528.9396686941819
367,way/1281875058,108.8521543,34.2681634,yes,,547.6517513505039
368,way/1281875034,108.8515211,34.2692967,yes,,509.44119720517847
369,way/1281875082,108.8514586,34.2682182,yes,,580.680322243077
370,way/1281874951,108.8521419,34.2687196,yes,,518.2100828606024
371,way/1281874961,108.8508524,34.2682675,yes,,528.59410337565
372,way/1281874846,108.8510728,34.2684813,yes,,536.0857522306547
373,way/1281874958,108.8514655,34.2687683,yes,,557.1152029958721
374,way/1281874920,108.8511176,34.2690301,yes,,517.2624501658623
375,way/1292497819,108.8507927,34.2808235,yes,,591.0159058121591
376,way/1292497099,108.8615972,34.2837522,yes,,566.7836856772492
377,way/1292498181,108.8517777,34.2792401,yes,,504.8832179629544
378,way/1292497155,108.8511913,34.2821773,yes,,505.34398079552955
379,way/1292495928,108.8511546,34.2798821,yes,,550.1137542479863
380,way/1292498147,108.8516206,34.280561,yes,,512.1024444872401
381,way/1292497319,108.8510423,34.2814909,yes,,579.6945053849961
382,way/1292496433,108.860878,34.2834142,yes,,500.3433153323844
383,way/1292498273,108.8615931,34.2832668,industrial,,536.3813500102415
384,way/1292496929,108.8609561,34.2907588,yes,,571.6024599198994
385,way/1292496755,108.8523941,34.2906903,yes,,515.4450063315107
386,way/1292497079,108.8560101,34.2933252,yes,,713.2114196152469
387,way/1292496828,108.8589063,34.2924676,yes,,644.4024237457805
388,way/1292497000,108.8536547,34.2930145,yes,,711.4032298232343
389,way/1292496004,108.8609794,34.2930944,yes,,784.9752038253275
390,way/1292495911,108.8566227,34.2918045,yes,中国石化,540.7504581181408
391,way/1292497511,108.8538467,34.2916259,yes,,586.5632067923993
392,way/1292497308,108.8614598,34.289431,yes,,510.7283261960834
393,way/1222956791,108.8604144,34.3493921,retail,,1239.4982886530383
394,way/1222956792,108.8598097,34.3493122,yes,,1273.9138693918019
395,way/1222956793,108.8595092,34.349332,yes,,1295.9526449522618
396,way/1222956800,108.8615771,34.3491146,yes,,1142.6430364732414
397,way/992791268,108.8627245,34.1917637,yes,中国移动陕西省公司,555.640529922696
398,way/993211255,108.862118,34.1905255,yes,丈八,704.1559160401264
399,way/1008681847,108.8620907,34.1916521,yes,,592.2651323352978
400,way/1008681849,108.8624698,34.192271,yes,,515.1416323189405
401,way/1417904107,108.8723335,34.2035523,yes,,738.9369556718606
402,way/1008681858,108.8695342,34.1994501,residential,绿地世纪城新里仕嘉公寓A区-2号楼,531.8533044459487
403,way/333373598,108.8724874,34.1994859,residential,绿地世纪城新里仕嘉公寓B区-8号楼,569.8455016942627
404,way/1417904086,108.8700365,34.204141,yes,,541.2404394114791
405,way/1417904080,108.8714257,34.2042639,yes,,668.6750587202455
406,way/1417904113,108.8701663,34.2034095,yes,,539.0233532353361
407,way/333373597,108.8716709,34.1994678,residential,绿地世纪城新里仕嘉公寓B区-7号楼,549.3854697995778
408,way/1417904099,108.8709143,34.2037796,yes,,612.4187615701105
409,way/1008681859,108.8702923,34.1994562,residential,绿地世纪城新里仕嘉公寓A区-3号楼,539.4842613744556
410,way/1417903922,108.8719306,34.2076034,yes,,658.1092818401252
411,way/1417903593,108.8707439,34.2137777,yes,,546.349075030767
412,way/1417904054,108.8695623,34.2049022,yes,,528.0268798674011
413,way/1417903705,108.8724577,34.2109064,residential,天地源枫林意树-30号楼,531.0556665478204
414,way/1417904006,108.8723124,34.2058018,yes,,786.1325790892857
415,way/1417903815,108.8713148,34.2090841,yes,,542.9530115034692
416,way/1417903954,108.8702483,34.2070595,yes,,550.4468744819682
417,way/1417903618,108.8714749,34.2124358,residential,天地源枫林意树-25号楼,515.110712796127
418,way/1417903986,108.868974,34.2061126,yes,,535.9830603869646
419,way/1417903356,108.8685805,34.2169136,yes,,521.0288131970657
420,way/1417902895,108.8627025,34.2225498,yes,,531.7022133057949
421,way/1417903326,108.8724211,34.2174327,yes,,532.328394802862
422,way/1417903587,108.8700657,34.213946,yes,,527.3367759929515
423,way/1417903067,108.8632042,34.2205102,residential,鸿基新城祥园北区-23号楼,531.70149881118
424,way/1417903476,108.8713629,34.2153645,yes,雁塔区丈八社区卫生服务中心,505.1698364259835
425,way/1417903511,108.8685728,34.2150862,yes,,508.4633926499094
426,way/1417903425,108.8699615,34.2160905,yes,,632.3742190062314
427,way/1417903330,108.870969,34.2172941,yes,,518.2974018765328
428,way/1415052078,108.8618856,34.227754,yes,,633.6506643053995
429,way/1417902852,108.8624423,34.2231385,yes,,531.3023811715062
430,way/1415051711,108.8617469,34.2318961,yes,,667.6551708162181
431,way/1415052300,108.8623939,34.2252962,yes,,514.0148634875981
432,way/1415051846,108.8619908,34.2302969,yes,,639.1277734008158
433,way/1415052063,108.8636644,34.2278308,yes,,500.14604596094404
434,way/1415052173,108.8619343,34.2264495,yes,,575.9110825087826
435,way/1417902786,108.8620447,34.2241345,yes,,554.2584817315341
436,way/1415052018,108.8629174,34.2284178,yes,,552.1765962171435
437,way/1415051272,108.8642231,34.2365107,yes,,527.2902930216239
438,way/1414718757,108.8623224,34.2409883,yes,,536.6538179677959
439,way/1415051686,108.8619032,34.2323361,yes,,630.9004488929749
440,way/1415051692,108.8646807,34.2323573,university,西安外事学院-艺术研究所,512.7698343143129
441,way/1415051537,108.8645707,34.2342549,yes,,558.1811077679555
442,way/1415051593,108.863457,34.233316,yes,,630.7282132755894
443,way/1415051369,108.8651219,34.2355171,residential,蓝湖树26号楼,519.6177876888738
444,way/1415051703,108.8634979,34.2323296,yes,,596.3811885870123
445,way/1415051362,108.864256,34.2356071,residential,左岸春天-A座,555.6875116528594
446,way/1414717648,108.8716218,34.2499581,yes,,506.28844170487423
447,way/1414718637,108.8624721,34.2420741,yes,,517.7296181904412
448,way/1414718649,108.861755,34.2419449,yes,,523.0371553139788
449,way/1414718681,108.8623746,34.2417349,yes,,529.3239338863885
450,way/1414718689,108.8617554,34.2415427,yes,,556.0268538119248
451,way/1414718717,108.8623746,34.2413459,yes,,535.6120180108276
452,way/1414718732,108.8626175,34.2411251,yes,,518.9785014145209
453,way/1414718743,108.8623158,34.2410587,yes,,542.2835293739631
454,way/1414718758,108.8618875,34.2410012,yes,,512.9972809047181
455,way/1414717388,108.8716836,34.251806,yes,,505.0774845980972
456,way/1414717531,108.8697925,34.2507304,yes,,505.3973165477133
457,way/1414717609,108.8718647,34.2502492,yes,,545.5424507134218
458,way/1414717494,108.8712887,34.2510015,yes,,579.0044582321987
459,way/1414717430,108.8706972,34.2516343,yes,,536.8948506843335
460,way/1414717564,108.8725218,34.2504771,yes,,523.3767123357668
461,way/1414717483,108.8703168,34.2511124,yes,,548.8538109631272
462,way/1414717336,108.8711744,34.2520649,yes,,520.1697914480227
463,way/1414717484,108.8718059,34.2513279,yes,,519.5981900646152
464,way/1272122669,108.8625181,34.2660487,yes,,510.52903739286523
465,way/1272122478,108.8619735,34.2622403,yes,,523.569390561554
466,way/1281874860,108.8617368,34.26807,yes,,516.5453955854427
467,way/1272122546,108.8633864,34.263975,yes,,508.719750422679
468,way/1272122683,108.8618383,34.2641805,yes,,615.0463031543926
469,way/1272122465,108.8617565,34.2668913,yes,,580.9268090944662
470,way/1272122408,108.8624023,34.2631985,yes,,563.0923938671943
471,way/1281875077,108.86239,34.2675359,yes,,509.8163461221377
472,way/1272122668,108.8626,34.2669018,yes,,503.87485731969934
473,way/1281874968,108.8618014,34.2683619,yes,,503.1557139138265
474,way/1292498139,108.8658087,34.2823109,yes,,726.651379299925
475,way/1268252768,108.872395,34.2787765,yes,,503.6146927502085
476,way/1268252693,108.872491,34.2841579,yes,,544.0662845660094
477,way/1292496676,108.8647613,34.277676,yes,,504.962215222477
478,way/1292497800,108.8626132,34.2859113,yes,,547.4675702010908
479,way/1268253327,108.8697969,34.2815871,yes,,732.3946378523444
480,way/1292497830,108.8619666,34.2825432,yes,,516.6692432595781
481,way/1268252894,108.8676364,34.2793384,yes,,506.28631996059266
482,way/1292498141,108.8626391,34.279678,yes,,505.0241125329831
483,way/1292496226,108.8639535,34.2868371,yes,,504.8874470484415
484,way/1292497658,108.8624494,34.2930324,yes,,772.5087887795751
485,way/1292496414,108.8617988,34.2893761,yes,,534.0560238789178
486,way/1292497894,108.8652139,34.2923793,yes,,508.3801158448445
487,way/1292497663,108.8640118,34.2904024,yes,,533.9410806392002
488,way/1292497402,108.8634546,34.2884354,yes,,527.3073443529411
489,way/1292496651,108.8635244,34.2921439,yes,,654.5938384200057
490,way/1292498225,108.8623218,34.2905445,yes,,647.2566056419685
491,way/1292496586,108.8622247,34.2884131,yes,,525.6584981159806
492,way/1218226184,108.8628016,34.3080638,yes,西安汉长安城国家大遗址保护特区管理委员会,1515.0351241362603
493,way/872372420,108.8676919,34.3214664,industrial,,513.701121273817
494,way/872372421,108.8677123,34.3205709,yes,,576.7679902128987
495,way/1222956799,108.8620193,34.3492093,yes,,1123.135817128019
496,way/1017311833,108.8617817,34.3497259,roof,,1180.8773307224162
497,way/1417904125,108.8751476,34.2025389,yes,,724.7944713002089
498,way/1417904087,108.88029,34.2040345,yes,,581.0497825731352
499,way/399574543,108.8734046,34.1986646,residential,,514.4211398516662
500,way/1417904072,108.8775,34.2043162,yes,,820.3175636185179
501,way/1417904123,108.8786109,34.2031888,yes,陕西省田径运动管理中心田径馆,658.6908691934693
502,way/1417904117,108.8742524,34.2037764,yes,,884.3259650601597
503,way/1417904090,108.8762861,34.2041188,yes,,857.8988842295842
504,way/399574540,108.874115,34.1994338,residential,,505.1186146948671
505,way/1417904073,108.8785577,34.2043153,yes,,738.8195649887738
506,way/1417904013,108.8811111,34.2055224,yes,,518.4126573853697
507,way/1417903767,108.8727185,34.2100633,yes,,583.9688939121057
508,way/1417904041,108.873153,34.2050197,yes,,843.4193936844832
509,way/1417903886,108.8773601,34.2082831,yes,,640.6335253989753
510,way/1417904067,108.8770277,34.204973,yes,华夏国武散打馆,881.5093160718267
511,way/1417903893,108.8814723,34.2082146,yes,,516.4668196459955
512,way/1417903890,108.8743128,34.2082242,yes,,696.4220934687355
513,way/1417903967,108.8796942,34.2069707,yes,,677.5783087064558
514,way/1417903871,108.8791772,34.2088232,yes,,500.71156110353303
515,way/1417903069,108.8753947,34.2204635,residential,南窑头西区-82号楼,540.8324025735025
516,way/1417903307,108.8731557,34.2176651,yes,,504.5633358011918
517,way/1417903237,108.8754736,34.2186573,residential,南窑头西区-72号楼,510.07416927085364
518,way/1417903151,108.876532,34.2195618,yes,,514.0844716359542
519,way/1417903189,108.8742908,34.2191876,residential,南窑头西区-92号楼,511.1657583253445
520,way/1417903008,108.8764725,34.2210457,residential,南窑头西区-67号楼,508.1734367151666
521,way/1417902979,108.8753852,34.2214636,residential,南窑头社区西区-86号楼,519.3938301816697
522,way/1417903274,108.8742928,34.218275,residential,南窑头西区-87号楼,505.1974774439937
523,way/1417903158,108.8754726,34.2195425,residential,南窑头西区-77号楼,584.7683513314929
524,way/1415052177,108.8733085,34.226443,yes,西安捷普大厦,508.85245020437327
525,way/1415052307,108.8740391,34.2252922,yes,西安软件园西区-西岳阁,509.1615729180185
526,way/1415052397,108.8744976,34.2244863,yes,四联智能大厦,500.8010466520693
527,way/1415051432,108.8809237,34.2348954,yes,,506.40819838128834
528,way/1415051057,108.878212,34.2385202,yes,,509.57577824221056
529,way/1415051660,108.8831881,34.2325659,yes,,537.2529147453894
530,way/1415051238,108.8805297,34.2370605,yes,枫叶新都市社区中心,512.6535394693598
531,relation/19357091,108.8825082,34.2349132,yes,,546.4734178021771
532,way/1415051581,108.8812943,34.2337459,school,,517.4000394883202
533,way/1415051116,108.8794288,34.237984,residential,高新枫叶新都市湛园-4号楼,534.1491967588358
534,way/1415051332,108.8815088,34.2358518,residential,高新枫叶新都市听园-2号楼,519.3449939861895
535,way/1415051114,108.8801423,34.2379875,residential,枫叶新都市湛园-3栋,508.9075360887189
536,way/1414717699,108.8742495,34.2495654,yes,,510.20490839143986
537,way/1414718480,108.8827681,34.2436405,yes,,500.70765660369835
538,way/1414718143,108.8829645,34.2456919,yes,,509.71734201468087
539,way/1414717731,108.8726851,34.2496197,yes,,505.8169365703399
540,way/1414718296,108.8828782,34.244844,yes,,544.3815339310182
541,way/1414717656,108.8735654,34.2499704,yes,,503.1311354541767
542,way/1414717743,108.873595,34.2492295,yes,,501.8273691414947
543,way/1414717790,108.874399,34.2490077,yes,,507.3842064810515
544,way/1414718157,108.8825763,34.2455997,yes,,501.26220805475685
545,way/1263327200,108.8823387,34.255631,yes,,518.2794639456379
546,way/1414717604,108.8725561,34.2502574,yes,,538.1134973706097
547,way/1263326875,108.883068,34.2543758,yes,,591.6314377868114
548,way/1263326683,108.8814226,34.2559085,yes,,500.53979826302333
549,way/1263326836,108.8817183,34.2554679,yes,,503.15277653179464
550,way/1414717595,108.8731021,34.2502522,yes,,504.4214021904631
551,way/1263326948,108.8818572,34.2561724,yes,,500.3736555812462
552,way/1263326639,108.8819235,34.2557748,yes,,529.1465211960461
553,way/1263326588,108.8826828,34.2556353,yes,,500.0515573745561
554,way/1263343247,108.8743683,34.2680889,yes,,505.7684304665317
555,way/1268252355,108.876061,34.2733069,yes,,576.0344220899102
556,way/1268252591,108.8833094,34.2741904,yes,,506.6952033900008
557,way/1263342749,108.8743651,34.2683949,yes,,537.9523889123755
558,way/1268251659,108.8749221,34.2771036,yes,,534.0595899505838
559,way/1263327225,108.8784822,34.2701312,yes,,510.23135038085593
560,way/1268251913,108.8795457,34.2745107,yes,,562.6834723885005
561,way/1263343260,108.8750672,34.2708657,yes,,535.6294055489105
562,way/1268252561,108.8806808,34.2722374,yes,,516.467208455227
563,way/1268253066,108.8772449,34.2756375,yes,,581.5170245123563
564,way/1268251760,108.8753449,34.2797068,yes,,604.8378361709598
565,way/1268252725,108.8740734,34.2861317,yes,,505.27636262117875
566,way/1268251173,108.8813826,34.2836792,yes,,502.1742353612655
567,way/1268252037,108.8768453,34.2831857,yes,,625.0118893360417
568,way/1268251804,108.8728732,34.2830527,yes,,666.8208066417965
569,way/1268251935,108.8768118,34.2773457,yes,,509.97042291480847
570,way/1268252875,108.8740731,34.2776074,yes,,505.1257955690087
571,way/1268250943,108.8750337,34.2817427,yes,,691.8662582943169
572,way/1268252370,108.8754689,34.2846477,yes,,567.4043338077585
573,way/1268251076,108.87456,34.286708,yes,,517.2083500527889
574,way/1268251811,108.874448,34.2870609,yes,,500.08666340894297
575,way/985081461,108.8924723,34.2041588,residential,木塔南苑-6号楼,541.725194099869
576,way/1370699128,108.8935425,34.1973514,residential,晶城秀府-2号楼,522.9359542854107
577,way/1007764517,108.8897478,34.2007128,residential,高山流水·和城-4号楼,504.83580094042696
578,way/1370698829,108.8922717,34.1994004,yes,,632.6276320109581
579,way/1007764515,108.8915885,34.2019854,residential,高山流水·和城-6号楼,533.8168681445193
580,way/985081480,108.8940931,34.2027326,apartments,紫薇尚层-1号楼,576.9742058928808
581,way/1370698877,108.8898882,34.1991027,yes,,540.6259853300201
582,way/1370698957,108.8934675,34.1986289,residential,晶城秀府-7号楼,525.6116736935209
583,way/985373778,108.8922094,34.2005291,yes,,655.4674348316985
584,relation/19332763,108.8942284,34.2052594,residential,木塔南苑-11号楼,630.4047608559156
585,way/969143240,108.8864552,34.2106069,yes,,512.299173497021
586,way/1054197360,108.8923092,34.2089434,yes,,582.5674970621036
587,way/1007764497,108.8901096,34.2093607,residential,,551.4974047878292
588,way/969143242,108.8882318,34.2096609,yes,,590.2586523838543
589,way/985081457,108.8929582,34.2053723,residential,木塔南苑-2号楼,594.948266087989
590,way/1007764498,108.8910647,34.2094703,residential,,523.5864365425505
591,way/969143241,108.8880302,34.2103947,yes,,534.345982264563
592,way/969143239,108.8869885,34.2100466,yes,万达广场(高新店),586.3187125376386
593,way/1004434934,108.8882024,34.2315225,residential,,775.579497527858
594,way/1004434990,108.8890899,34.2267441,residential,四季风景-1栋,515.5797470197169
595,way/941633292,108.8840407,34.2315092,yes,,531.0078634892675
596,way/1004713699,108.8917326,34.2290591,residential,枫叶苑南区-13号楼,546.2400361957333
597,way/1004434925,108.8882033,34.229125,residential,鸿景花园-6号楼,612.5029970406703
598,way/988359463,108.8863287,34.2304637,apartments,唐延公馆,572.7940910293761
599,way/1004434928,108.8898765,34.2302844,residential,,762.9948497136118
600,way/1004713704,108.8909259,34.2276532,residential,枫叶苑南区-21号楼,532.4585555636464
601,way/988359467,108.8857251,34.2318224,yes,禾盛京广中心-A座,668.1131696511559
602,way/1004434958,108.8899782,34.2324405,residential,华怡园-3号楼,624.5113719238262
603,way/941633291,108.8840426,34.2322011,yes,,572.0125163401506
604,way/1002368157,108.8873095,34.2337811,yes,创新·数码时空,574.0787690955777
605,way/1002368158,108.8856542,34.2331303,yes,陕西省交通运输厅,652.0700887045297
606,way/1004434952,108.8882182,34.2321057,residential,高科花园-27号楼,769.950068128048
607,way/1004434947,108.8896342,34.2338827,residential,高科花园二三期-23号楼,583.6939347025141
608,way/988359465,108.8870766,34.2324501,yes,汇诚国际,720.41724549908
609,way/1004434939,108.8883754,34.2332983,residential,高科花园-14号楼,642.992682128127
610,way/1004434937,108.8907628,34.2330587,yes,尚都汽车美容,531.4060724663179
611,way/1263893660,108.8865347,34.2500419,yes,,509.0975583433798
612,way/1414718222,108.8836967,34.2451994,yes,,564.3668997232219
613,way/1414718251,108.8836545,34.2450211,yes,,556.0599815842138
614,way/1263894253,108.8862525,34.2532363,yes,,689.1480891432878
615,way/1263876167,108.8935208,34.2575471,yes,,506.99337063935036
616,way/1263875165,108.8907885,34.254346,yes,,504.02485924689006
617,way/1263894034,108.8897653,34.2516209,yes,,505.57041172155664
618,way/1263893985,108.8860614,34.2505042,yes,,557.8610859102075
619,way/1263876233,108.8903301,34.2569421,yes,,511.54643894080016
620,way/1263894090,108.8881072,34.255226,yes,,518.0492208531338
621,way/1263327188,108.8843502,34.2543728,yes,,572.7358810293679
622,way/1263895455,108.8883967,34.2532784,yes,,692.3322097929138
623,way/1263895014,108.8925036,34.2730919,yes,,518.0971219867191
624,way/1268251084,108.884969,34.272786,yes,,510.0821716769309
625,way/1263893296,108.8895788,34.2734291,industrial,,500.5985622762291
626,way/1263894118,108.8938349,34.2721282,yes,,503.2619832170922
627,way/1263893532,108.8942218,34.2733976,yes,,513.2378737265417
628,way/1263894699,108.8912629,34.2733579,industrial,,506.09314053015595
629,way/1263893541,108.8903774,34.2739216,yes,,500.2038509843259
630,way/1263894474,108.8935341,34.2729021,yes,,550.2444786836652
631,way/1263894986,108.8919163,34.2734602,yes,,501.50418970916223
632,way/1370699865,108.8977048,34.1920506,yes,,802.7762423084798
633,way/1370699334,108.9051273,34.1957154,yes,,534.1039159622669
634,way/1370698719,108.9039584,34.1916526,residential,江林新城C区-5栋,765.7390733113558
635,way/1370699391,108.8951685,34.1953615,residential,,557.9392759846983
636,way/1370699480,108.9010386,34.194621,yes,,535.096238939401
637,way/1370699932,108.900795,34.1916239,yes,,852.8333805044828
638,way/1370699462,108.8979956,34.194773,yes,,500.34998195212404
639,way/1370699959,108.8950737,34.1912012,yes,,635.2716940744061
640,way/1370699641,108.9048451,34.1936808,yes,,591.7596377498942
641,way/985081481,108.8946836,34.2033285,apartments,紫薇尚层-2号楼,526.8019479650092
642,way/1008681774,108.8944599,34.2023881,apartments,,544.6191548230939
643,way/1008681775,108.8948643,34.2027671,apartments,,506.0629346682465
644,way/1370699304,108.8948377,34.1960171,yes,,529.0796133597703
645,way/1370699323,108.9044025,34.1958242,yes,,535.0444090784716
646,way/1370699338,108.8950059,34.1960173,yes,,517.5839501917887
647,way/985373760,108.8945509,34.2053736,residential,木塔南苑-8号楼,609.9927885814492
648,way/1007764486,108.8949831,34.207679,residential,,513.6828733819116
649,way/1413302486,108.90282,34.2210694,yes,,547.2334900663647
650,way/387316424,108.8987051,34.2142014,yes,,539.5090689542507
651,way/1413302564,108.9031231,34.216805,yes,,509.3070689785066
652,way/999822426,108.8969287,34.2166817,residential,天地源·枫林绿洲B2-3/4号楼,505.0195301941042
653,way/1413302539,108.905097,34.2189342,yes,,506.12942046397336
654,way/387315640,108.899675,34.2170128,yes,西安文理学院-图书馆,534.4651826673623
655,way/1413302585,108.9026494,34.214746,yes,,524.3102768474982
656,way/1413302487,108.9050399,34.2209853,yes,,540.9908968903136
657,way/387316423,108.9006002,34.2154146,yes,,613.0197340911557
658,way/1267628760,108.8999688,34.2494024,yes,,523.3258551097068
659,way/1267628954,108.8974081,34.2478372,yes,,505.4152071500938
660,way/1267629775,108.9014834,34.2498089,yes,,525.1165452982877
661,way/1267628608,108.8987736,34.2484539,yes,,525.6479304580846
662,way/1267628366,108.8997256,34.2485877,yes,,528.4100773548403
663,way/1267629171,108.9005279,34.2499758,yes,,521.9339211683284
664,way/1267629654,108.897937,34.2485201,yes,,500.3094258727217
665,way/1267629500,108.900843,34.2494023,yes,,534.3781533184297
666,way/1267628939,108.9002343,34.2489088,yes,,545.7697484400047
667,way/1262935962,108.9028203,34.2534625,yes,,562.4506358923425
668,way/1262936017,108.8993943,34.2572512,yes,,500.88344338980755
669,way/1267628681,108.9006125,34.2501711,yes,,516.1911831396205
670,way/1267629113,108.9023687,34.2516151,yes,,500.33543086409793
671,way/1262935735,108.9015667,34.2545351,yes,,511.07209961421194
672,way/1262935577,108.9016273,34.2527551,yes,,508.02238817080473
673,way/1267628898,108.9019904,34.2500861,yes,,504.658280594949
674,way/1267630002,108.9011029,34.2511456,yes,,508.50140741950594
675,way/1262936245,108.9027411,34.2526979,yes,,524.6222441151818
676,way/1263876283,108.8969007,34.2663293,yes,,555.0719646656543
677,way/1263876139,108.8957559,34.2680727,yes,,542.071473738581
678,way/1263875693,108.89828,34.2676262,yes,,522.4933079851241
679,way/1263876966,108.8985224,34.2657038,yes,,523.8047604317284
680,way/1263876728,108.8969561,34.2680121,yes,,641.9052333229117
681,way/1263875126,108.8961745,34.2672068,yes,,533.5398452757307
682,way/1263875540,108.8976223,34.2668554,yes,,588.3352496465013
683,way/1263876842,108.8973745,34.2657051,yes,,502.26138011518117
684,way/1263875569,108.8983583,34.2663078,yes,,534.1258446679818
685,way/1263875857,108.8980407,34.2688117,yes,,561.6012510299084
686,way/1263937112,108.9038401,34.2770688,yes,,506.86159107852706
687,way/1263937537,108.897419,34.2747211,yes,,541.7595028323203
688,way/1263937873,108.9016574,34.2725937,yes,,510.4762739466307
689,way/1263893645,108.8944264,34.2715228,yes,,501.79230429071885
690,way/1263937118,108.8999212,34.2771072,yes,,647.277611741482
691,way/1263937986,108.8979886,34.2718087,yes,,723.5241797822985
692,way/1263937507,108.9012569,34.2749584,yes,,691.586085710306
693,way/1263876707,108.8954173,34.2693425,yes,,504.3669362426566
694,way/1265924739,108.9021236,34.2799143,yes,,503.6875373364128
695,way/1265925546,108.9004891,34.2860259,yes,,601.9138198430283
696,way/1263937087,108.8984417,34.2773946,yes,,508.44944923850403
697,way/1265924835,108.901167,34.2829458,yes,,510.0457998759132
698,way/1263937103,108.9039908,34.2772698,yes,,505.05677566362203
699,way/1263937002,108.9012937,34.2776434,yes,,726.9130930085576
700,way/1265926528,108.8998066,34.2792681,yes,,542.8216525036801
701,way/1265925718,108.9027686,34.2861111,yes,,507.88671371702856
702,way/1265924711,108.9006619,34.2812428,yes,,500.8990748526875
703,way/1265924623,108.9011837,34.2867584,yes,,571.9080375013774
704,way/1265925554,108.8947059,34.2884902,yes,,509.5561539313375
705,way/1267256170,108.8993925,34.2906523,yes,,500.0892627555537
706,way/1265925763,108.898129,34.2875736,yes,,608.7705701411571
707,way/1267256611,108.8972005,34.2896825,yes,,503.54666368975734
708,way/1265926456,108.9004913,34.2886626,yes,,553.2566004042818
709,way/1265924976,108.8994015,34.286481,yes,,566.807868243305
710,way/1265923987,108.8963323,34.28772,yes,,549.6383781514689
711,way/1265925485,108.8987189,34.2890855,yes,,613.7064978814481
712,way/1017311845,108.9023157,34.3580106,yes,,745.4452232632798
713,way/1370699870,108.9064389,34.1919655,yes,,564.0136089742878
714,way/1370699614,108.9058336,34.1938306,yes,,500.602680724131
715,way/1370699732,108.9063408,34.1927267,yes,,517.3829366873832
716,way/1370699928,108.9071583,34.1915216,yes,,512.7333203576103
717,way/1370699856,108.9055713,34.1920713,yes,,617.5755203081385
718,way/1370699703,108.9058308,34.1932896,yes,,525.1577028366665
719,way/1370699811,108.9063395,34.1923293,yes,,544.2913509527916
720,way/1370699874,108.9068405,34.1919425,yes,,531.0337547387136
721,way/1370699706,108.9061487,34.1931653,yes,,505.97178046179454
722,way/1370698847,108.9079088,34.199396,yes,科学仪器设备验证评价中心,503.64705210362655
723,way/1412825692,108.9132292,34.2209264,yes,,503.8047263280612
724,way/1413302492,108.9059684,34.2207734,yes,,523.1227843364569
725,way/1413302500,108.9058445,34.2205511,yes,,547.4788480978372
726,way/1413302506,108.9064523,34.2204639,yes,,501.20004778761637
727,way/1413302517,108.9052079,34.2198985,yes,,548.0706998162455
728,way/1413302528,108.9056877,34.2198517,yes,,508.859845653117
729,way/1413302532,108.9054483,34.2195554,dormitory,西安文理学院二号公寓楼(男生),508.90621637174695
730,way/1413302538,108.9051769,34.219126,dormitory,西安文理学院四号公寓楼,508.13488676242736
731,way/1267271285,108.9102439,34.2398236,yes,,594.9318275014205
732,way/1413301967,108.9114991,34.2334233,yes,,517.8759923677197
733,way/1413301891,108.9093337,34.2362715,yes,,580.0819813045832
734,way/1267270543,108.9065045,34.2409135,yes,,506.69507722202707
735,way/1267270779,108.9126183,34.2408748,yes,,521.373490800164
736,way/1413301937,108.9093382,34.2343767,yes,,530.2495922506802
737,way/1413301792,108.9084599,34.2387688,yes,,515.2184239664532
738,way/1267271149,108.90877,34.2409099,yes,,654.5783203009004
739,way/1413301840,108.9085898,34.237464,yes,,500.9833205422028
740,way/1267629468,108.9124944,34.243636,yes,,605.6465470212282
741,way/1267270369,108.9060179,34.2416783,yes,,511.36964837988137
742,way/1267270914,108.9098548,34.2412228,yes,,701.5649468535314
743,way/1267629386,108.9130885,34.2466778,yes,,565.9772044411075
744,way/1267271333,108.9128319,34.2410826,yes,,518.1959891997648
745,way/1267629089,108.9108223,34.245369,yes,,524.7927195219735
746,way/1267628736,108.9149556,34.2451,yes,,510.4235832046869
747,way/1267628318,108.9099844,34.2432377,yes,,550.7322132848482
748,way/1267270994,108.9080221,34.242167,yes,,520.407794731893
749,way/1267256331,108.9094077,34.2939388,yes,,509.1051689443494
750,way/1267256622,108.9092569,34.294019,yes,,508.74450398933595
751,way/370290098,108.9142965,34.3004817,yes,大风阁,522.0491416533831
752,way/1371869592,108.9145918,34.3032191,yes,,505.5505284535662
753,way/1371869692,108.9152251,34.3023446,yes,,518.4563380080672
754,way/1371869909,108.915159,34.3019385,yes,,554.7741985339514
755,way/1371869954,108.9148347,34.3017531,yes,,590.2628507380538
756,way/1371869955,108.9148159,34.3011413,yes,,578.5238991795319
757,way/1371869957,108.9146902,34.3011356,yes,,580.6867665538177
758,way/1371869958,108.9154788,34.3011499,yes,,568.5029368352888
759,way/1371869968,108.9148033,34.3010623,yes,,570.2533940211698
760,way/1371869206,108.9150216,34.3090087,yes,,548.9970070650953
761,way/1371869053,108.9151979,34.3106294,yes,,677.7679854984935
762,way/1371869130,108.9147786,34.3098758,yes,,634.489687145179
763,way/1371869265,108.9149602,34.3083054,yes,,502.10464978768823
764,way/1371869144,108.9151165,34.3095355,yes,,585.5711543902353
765,way/1371869232,108.9148266,34.308628,yes,,534.0374418856255
766,way/1371869181,108.9147309,34.309196,yes,,582.6694071703922
767,way/1371869134,108.9152201,34.3098213,yes,,603.9251083695376
768,way/1371869145,108.9147966,34.3095303,yes,,604.8627320452464
769,way/1418071870,108.9148473,34.3218654,yes,,648.2217431785651
770,way/1371868901,108.9159683,34.3136662,yes,,749.3881637970884
771,way/1418072057,108.9147014,34.317458,yes,,879.5219769989241
772,way/1418071964,108.9154274,34.3193713,yes,,882.7379069259522
773,way/1371868821,108.915109,34.3149262,yes,,810.0269471019205
774,way/1418071927,108.9146835,34.3204623,yes,,745.9364283851618
775,way/1371868890,108.9148311,34.3138467,yes,,844.7930951045993
776,way/1418072087,108.9146474,34.316565,yes,,845.9644340149413
777,way/1418071951,108.9150736,34.3200141,yes,,807.0680970315744
778,way/1418071832,108.9148444,34.3227833,yes,,589.3675630903961
779,way/1418071700,108.9158634,34.3251955,yes,,516.079716217238
780,way/1418071786,108.91514,34.3240531,yes,,556.2786386796411
781,way/1418071830,108.9158403,34.3229215,yes,,662.4957592036711
782,way/1418071789,108.9158494,34.3237418,yes,,628.8698689952249
783,way/1418071709,108.9152143,34.3249287,yes,,502.8261025622755
784,way/1418071828,108.9143495,34.3230977,yes,,532.4327023956474
785,way/1418071813,108.9154183,34.3232615,yes,,611.3682777247736
786,way/1418071729,108.9156336,34.3247014,yes,,545.671259356646
787,way/1418364833,108.9159281,34.3473797,yes,,663.4025006229865
788,way/1418364849,108.9159687,34.3468846,yes,,670.8948816925305
789,way/1418364748,108.9158524,34.3503484,yes,,533.6597205152588
790,way/1418364760,108.9152099,34.3497685,yes,,566.2377279465518
791,way/1418364766,108.9158631,34.349589,yes,,568.170505589448
792,way/1370699658,108.9226699,34.1934438,yes,,654.864884911672
793,way/1370700056,108.9260991,34.1894741,yes,,538.1716276066878
794,way/1370700003,108.9198143,34.190412,yes,,660.7736415676421
795,way/1370699350,108.9247286,34.1956593,yes,12,537.6939116493198
796,way/1370699333,108.920951,34.1957616,yes,,503.50617744571207
797,way/1370700036,108.9229261,34.1899013,yes,,731.6067806639239
798,way/1370699930,108.9242291,34.1915661,yes,,543.6062275153068
799,way/1370699835,108.9210423,34.1921464,yes,,609.3898065662017
800,way/1370699412,108.922685,34.1950767,yes,,658.8756270121925
801,way/1370699061,108.9247189,34.1978925,yes,,696.8566428493104
802,way/1413082856,108.9209119,34.2015714,yes,,500.91865663499385
803,way/1370699262,108.9209497,34.1962205,yes,,512.4753701123187
804,way/1413082974,108.9240497,34.2006474,yes,,507.78205700589336
805,way/1370698934,108.9216004,34.1987191,yes,,651.3373556317518
806,way/1370699303,108.9242009,34.1958916,yes,,592.6398059715087
807,way/1370698889,108.926458,34.199245,yes,,504.7706620826903
808,way/1370699143,108.9268259,34.1972959,yes,,527.4640399474632
809,way/1370698857,108.923366,34.1992012,yes,,663.051925543277
810,way/1413082129,108.9255494,34.2117389,yes,大明宫雁塔购物广场(含光路南段),507.23452241525695
811,way/1413081890,108.9210577,34.2126784,yes,,508.4515446028637
812,way/1412826217,108.9241054,34.2137062,yes,,606.6359187486958
813,relation/19332766,108.9233591,34.2121446,yes,,515.1272858181856
814,way/1412826201,108.9221634,34.2137972,school,西安石油大学外国留学生公寓,604.2976144145065
815,way/1413081955,108.9219548,34.2120483,yes,,523.2707695079068
816,way/1413081841,108.9227479,34.2130736,yes,,621.9023942691971
817,way/1412826209,108.9250283,34.2137722,school,西安石油大学-行政办公楼,522.0570194193175
818,way/1413081999,108.9212367,34.2117721,yes,,516.3061937826077
819,way/1412826148,108.9224017,34.2144772,yes,,532.0003446799241
820,way/1412826149,108.9250504,34.2144742,apartments,,524.4643522969783
821,way/1412826185,108.9210856,34.2143101,yes,西安石油大学-体育馆,523.5192098320375
822,way/1412826186,108.924031,34.2143152,school,西安石油大学-第一教学楼,590.8049590094428
823,way/1412826117,108.9232045,34.2148899,yes,,504.2859655975292
824,way/1412826188,108.9230934,34.2140382,yes,,592.542188738077
825,way/1412826122,108.9243301,34.2148767,school,西安石油大学-第2实验楼,546.3560098313027
826,way/1412826173,108.9219286,34.2143097,yes,,545.6998143587874
827,way/1412826137,108.9224436,34.2147545,yes,,502.18667030264885
828,way/1290375791,108.9228061,34.2678502,yes,,527.1178724122926
829,way/1290376011,108.9213242,34.2667736,yes,,502.3164502029001
830,way/1290375817,108.9214169,34.2680445,yes,,562.7550025911969
831,way/1290377171,108.9222509,34.2671699,yes,,528.4308881190176
832,way/1290377017,108.9211222,34.2674218,yes,,546.3032488685554
833,way/1290377302,108.9221175,34.2677524,yes,,578.2552062828602
834,way/1290376698,108.9228049,34.2673254,yes,,501.0495182800627
835,way/1290376152,108.9216652,34.2673938,yes,,561.5363497709894
836,way/1290377699,108.9232904,34.2680462,yes,,500.7996913809478
837,way/1290377246,108.9224901,34.2697162,yes,,590.4905311523498
838,way/421271815,108.9215139,34.2768983,yes,,510.6213952126116
839,way/1292703991,108.9219503,34.2733121,yes,,558.6344245424615
840,way/1290377150,108.9211449,34.2681757,yes,,533.8272645065499
841,way/1292704982,108.9210685,34.2750612,yes,,510.7376714819921
842,way/1292704502,108.9216418,34.2714655,yes,,526.658214638573
843,way/1290376113,108.9234117,34.2681815,yes,,500.38682155868497
844,way/1292705223,108.922795,34.275939,yes,,505.74346669516444
845,way/1292704038,108.9230273,34.272139,yes,,508.515927567598
846,way/1267005324,108.9182215,34.2904633,yes,,502.43806408029155
847,way/1267005627,108.9181924,34.2905331,yes,,500.31754417191235
848,way/1371869106,108.9191465,34.3102506,yes,,521.1203203082694
849,way/1371869039,108.9261896,34.3108823,yes,,515.9869424510514
850,way/1371868929,108.9172308,34.3133477,yes,,647.0082153489
851,way/1371869115,108.9224005,34.3100916,yes,,534.3056146375799
852,way/1371869028,108.9190206,34.3119992,yes,,571.4376227280648
853,way/1371869097,108.9242711,34.3103382,yes,,514.334101666352
854,way/1371869081,108.9207938,34.3104864,yes,,563.9462947249503
855,way/1371869029,108.9198106,34.3111282,yes,,586.4852604484701
856,way/1371868998,108.9179482,34.3124921,yes,,624.0216277882843
857,way/1418071866,108.9187761,34.32191,yes,,886.8361190827527
858,way/1371868934,108.9160053,34.3133856,yes,,753.6480493388852
859,way/1418071945,108.9264388,34.320352,yes,,502.1689589796339
860,way/1418072061,108.918516,34.3173948,yes,,555.2654019449009
861,way/1418071956,108.9222506,34.319629,yes,,508.0776779505926
862,way/1418071860,108.9242506,34.3223574,yes,,661.4308353991493
863,way/1418071895,108.921377,34.3216068,yes,,736.3644508413925
864,way/1418071879,108.9164145,34.3215462,yes,,785.0831714315699
865,way/1418071855,108.9266327,34.32232,hotel,全季酒店(明光路店),529.5911393118954
866,way/1418071734,108.9204483,34.3247258,yes,,790.7365729265726
867,way/1418071859,108.9257499,34.3225498,yes,,553.1195408815317
868,way/1418071575,108.9180808,34.3279374,yes,,503.96012680839715
869,way/1418071631,108.9238483,34.327151,yes,,519.3857211261898
870,way/1418071817,108.9163616,34.323509,yes,,681.7325731314817
871,way/1418071755,108.9233687,34.3241747,yes,,613.9794266153561
872,way/1418071613,108.9207177,34.3270396,yes,,532.6338811791768
873,way/1418071839,108.9191422,34.3227206,yes,,922.7500009654702
874,way/1418071705,108.9180568,34.3252571,yes,,663.073665817971
875,way/1418071153,108.9244776,34.3382812,yes,,557.4241877604468
876,way/1418071426,108.9263381,34.331578,yes,,500.37939587439365
877,way/1418071236,108.9238643,34.3358361,yes,,514.6805957996756
878,way/1418071179,108.9222664,34.3377494,yes,,522.2911305659726
879,way/1418071203,108.9239932,34.3370592,yes,,533.5074428620684
880,way/1418071155,108.9233114,34.3382827,yes,,504.52277606832575
881,way/1418071228,108.923081,34.3361175,yes,,517.4706438014089
882,way/1418071201,108.9223088,34.337052,yes,,523.1731402136327
883,way/1418071200,108.9232053,34.337071,yes,,596.9092289331227
884,way/1418364898,108.9165153,34.3454058,yes,,516.8623150444879
885,way/1418071011,108.9266691,34.3419976,yes,,512.0240310415189
886,way/1418364866,108.9240339,34.3461907,yes,,532.0131153646781
887,way/1418364803,108.9163154,34.3484003,yes,,574.65830084942
888,way/1418364848,108.9193247,34.3466297,yes,,501.6506932332324
889,way/1418364933,108.9268384,34.3445025,yes,,552.7374662039242
890,way/1418364835,108.9178513,34.3474473,yes,,521.9474403073478
891,way/1418364874,108.9178239,34.3461573,yes,,505.83873139036814
892,way/1418364999,108.9259073,34.3435556,yes,,503.69717769800684
893,way/1418364504,108.9181427,34.3565503,yes,,523.1585145435885
894,way/1418364577,108.9260445,34.3537585,yes,,507.23118793464664
895,way/1418364454,108.9226693,34.3585254,yes,,501.5210044792922
896,relation/19404440,108.9264434,34.3573821,yes,,565.6479081012618
897,relation/19404441,108.9231316,34.3554951,yes,,539.6730055659895
898,way/1418364475,108.920139,34.3579454,yes,,689.0549130124222
899,way/1418364527,108.9209999,34.3561733,yes,,608.4205915808569
900,way/1418364489,108.9239354,34.3571581,yes,,599.8057638428161
901,way/1418364536,108.9254471,34.3553829,yes,,609.8216135338321
902,way/1418364325,108.9197312,34.3633987,yes,,529.3114741827062
903,way/1418364346,108.9185295,34.3629854,yes,,637.7423824975094
904,way/1418364348,108.9183543,34.3629593,yes,,653.8367329889782
905,way/1418364354,108.9161562,34.3628246,yes,,603.5386149542636
906,way/1418364420,108.9196591,34.3596956,yes,,611.6014493606532
907,way/1418364421,108.918493,34.3596304,yes,,567.7538946645418
908,way/1418364423,108.9207459,34.3598659,yes,,516.4804708023307
909,way/1418364431,108.9186053,34.3592706,yes,,568.8011049286988
910,way/1418364438,108.9210499,34.3590386,yes,,551.1547582625085
911,way/1370698896,108.9298354,34.198967,yes,,522.4794634348177
912,way/1370698949,108.9271812,34.1985764,yes,,558.5012769510766
913,way/1370698975,108.9270018,34.1984571,yes,,574.8726497950937
914,way/1370698980,108.9303832,34.1984512,yes,,507.8500709373363
915,way/1370698981,108.9296514,34.1984399,yes,,565.254285096617
916,way/1370698984,108.9271642,34.1984458,yes,,573.0525817919898
917,way/1370699024,108.9300142,34.1983066,yes,,528.8713920595666
918,way/1409909068,108.9370086,34.2297794,university,西安音乐学院 3号教学楼,500.5236541405595
919,way/1284311099,108.9373527,34.2320375,yes,,503.50019329977243
920,way/1284311764,108.9370791,34.2321606,yes,,503.9027098574142
921,way/1284311139,108.9364786,34.2413716,yes,,519.2964286629377
922,way/1284311469,108.9364724,34.2411902,yes,,516.4689598594375
923,way/1284311580,108.9366962,34.2410486,yes,,503.6296321671081
924,way/1284311800,108.9368133,34.2414885,yes,,501.75185611802783
925,way/1264673822,108.9343769,34.280854,yes,,507.7178298158785
926,way/1264673892,108.9343702,34.2806168,yes,,512.9186792532302
927,way/1264675475,108.9343483,34.2810937,yes,,502.71949163072617
928,way/1264675952,108.9351439,34.2789737,yes,,501.64311343967427
929,way/1264676105,108.9344156,34.2804792,yes,,512.1207380976414
930,way/1371869927,108.9297652,34.301498,yes,,520.2135616465832
931,way/1371870290,108.9285284,34.2982108,yes,,507.00319449202254
932,way/1371870063,108.9280057,34.3002093,yes,,575.3330131491749
933,way/1371869580,108.9297311,34.3033239,yes,,521.4821438080482
934,way/1371869695,108.929765,34.3024185,yes,,582.186231669905
935,way/1371870129,108.9286994,34.2995692,yes,,506.771587857835
936,way/1371870136,108.9275107,34.2994934,yes,,556.0497809175188
937,way/1371870227,108.9278323,34.2987261,yes,,537.4037370039116
938,way/1371869998,108.9293985,34.3007885,yes,,500.6265872178387
939,way/1371868987,108.9327073,34.3127706,yes,,517.900960912106
940,way/1371869414,108.9303247,34.3059047,yes,,501.8950477332961
941,way/1371869086,108.9271491,34.3104407,yes,,543.9013024985973
942,way/1371868924,108.9374634,34.3133499,yes,,529.9747975903554
943,relation/18899360,108.9312179,34.3096117,yes,,533.4731018752509
944,way/1371868930,108.9352715,34.3133197,yes,,587.7614468754339
945,way/1371869249,108.9295147,34.3084715,yes,,524.2094485796861
946,way/1371869042,108.9291164,34.3108682,yes,,502.55109290361173
947,way/1371869272,108.931135,34.3080926,yes,,502.8983555325725
948,way/1372140575,108.9347774,34.3156211,yes,,627.1063211963542
949,way/1418071872,108.9271117,34.3218426,yes,,558.1964823085436
950,way/1372140374,108.9340917,34.3214618,yes,,511.48804706296704
951,way/1418071954,108.930179,34.3196303,yes,,524.2552460587909
952,way/1372140468,108.9350593,34.3185088,yes,,583.4447278565887
953,way/1371868916,108.9368923,34.3135305,yes,,558.8568537289101
954,way/1372140543,108.9375491,34.3164777,yes,,518.2732729973601
955,way/1371868900,108.9334543,34.3136249,yes,,537.2346912977355
956,way/1418071961,108.9326786,34.3196871,yes,,653.5999938346602
957,way/1372140081,108.9356444,34.3344302,dormitory,,579.3609796822918
958,way/1372140038,108.937178,34.336407,yes,,519.0133109053938
959,way/1372140094,108.9374619,34.3330407,yes,,516.425864977772
960,way/1372140034,108.9352887,34.3366124,yes,,522.5582281558252
961,relation/18903166,108.9357193,34.3332034,yes,,535.4140848033676
962,way/1372140067,108.9366077,34.3352569,yes,,651.0022224648335
963,way/1372140062,108.9354121,34.335612,yes,,548.443517007113
964,way/1372140041,108.9362207,34.3363138,yes,,540.9025578868741
965,relation/18903156,108.937016,34.3336538,yes,洪金鹏食堂,586.9481165309003
966,way/1418364951,108.9277188,34.3440185,yes,,507.54405465141315
967,way/1418364998,108.9274484,34.3433872,yes,,527.276330453987
968,way/1418364556,108.9279044,34.3552924,yes,,601.3802982698817
969,way/1418364457,108.9299271,34.3583667,yes,,513.8269571747625
970,way/1418364492,108.9276282,34.3574432,yes,,586.4372359556285
971,way/1418364478,108.9286893,34.3577001,yes,,601.2448767224644
972,way/1418364499,108.9274993,34.3566646,yes,,665.086048543724
973,way/1418364458,108.92903,34.3583444,yes,,557.8652527271082
974,way/1418364470,108.9277183,34.3580407,yes,,527.628713614331
975,way/1418364477,108.9298371,34.357782,yes,,534.297649617614
976,way/1418364469,108.9302954,34.3581609,yes,,510.2044924374902
977,way/1418364456,108.9294486,34.3588113,yes,,510.096337747627
978,way/1212476271,108.9434589,34.1941961,retail,西安国际商务港,517.1604182240485
979,way/1344060407,108.9451443,34.19859,roof,,536.184291674518
980,way/1370698912,108.9393008,34.1989624,yes,,510.8093224881552
981,way/1370699314,108.94184,34.1957894,yes,,543.6590607430825
982,way/1344060486,108.94489,34.196073,yes,,503.69826963572467
983,way/1370698994,108.9423087,34.1983451,yes,,536.0934978952066
984,way/1409939946,108.946518,34.2001454,yes,,511.9692331953868
985,way/1370699108,108.9402446,34.197499,yes,,505.8750395176022
986,way/1370699164,108.9426893,34.1970376,yes,,682.3408643106615
987,way/1344059922,108.9443512,34.1972015,yes,1区,558.5696700801672
988,way/1465142971,108.9483285,34.2772938,yes,,508.4580889694423
989,way/1370944653,108.9485161,34.3042739,yes,,521.8399344440256
990,way/1370944661,108.9479506,34.3037407,yes,,506.6995414048365
991,way/1370944665,108.9482122,34.3036755,yes,,522.6591051303775
992,way/1370944677,108.9484801,34.303178,yes,,517.0031640680817
993,way/1370944638,108.9484894,34.304575,yes,,502.51353468942807
994,way/1371868937,108.9391708,34.3133078,yes,,528.2831229214486
995,way/1371868949,108.938301,34.3131733,yes,,505.96269495342716
996,way/1371868952,108.9398705,34.3131275,yes,,518.9463329164108
997,way/1371868955,108.939166,34.3130519,yes,,500.17380630024303
998,way/1371868969,108.9399481,34.3129184,yes,,503.54801136224944
999,way/1371868835,108.9388943,34.3147331,yes,,536.7335020560001
1000,way/1372140545,108.9379121,34.3164043,yes,,504.4684076648781
1001,way/1371868921,108.9395593,34.3134274,yes,,529.2991545334303
1002,way/1372140577,108.9383709,34.3155674,yes,,525.9115524591211
1003,way/1371868889,108.9388997,34.3139232,yes,,566.4102349019271
1004,way/1371868873,108.9395272,34.3141494,yes,,503.9953368525936
1005,way/1372140559,108.9383739,34.3160131,yes,,504.5344156718244
1006,way/1371868910,108.939158,34.3135801,yes,,556.5719230774827
1007,way/1371868824,108.9386353,34.3149646,yes,,540.2015169092014
1008,way/1372721871,108.9469768,34.3243427,yes,,525.5593515658001
1009,way/1372721566,108.9461918,34.3296207,yes,,509.63972832032266
1010,way/1372721685,108.9467532,34.3270353,yes,,538.5937610564397
1011,way/1372721761,108.9472693,34.3257171,yes,,507.12891806001846
1012,way/1372721629,108.9461931,34.3282358,yes,,530.6606739566412
1013,way/1372721781,108.9458471,34.3252148,yes,,504.9691043885719
1014,way/1372721597,108.9472046,34.3290119,yes,,551.2770872369007
1015,way/1372721626,108.9470419,34.3282521,yes,,534.5439979807165
1016,way/1372721596,108.9458273,34.3289995,yes,,512.7569328232474
1017,way/1372140069,108.9381346,34.3352035,yes,,542.951291752757
1018,way/1372140107,108.9383127,34.3329668,yes,,509.39952448889835
1019,way/1372140027,108.9392203,34.3368062,yes,,500.6235500992834
1020,way/1372140037,108.938135,34.3364276,yes,,519.714688957485
1021,way/1372140086,108.9381992,34.3337486,yes,,512.3520798534319
1022,way/1372140083,108.9382302,34.3344349,yes,,515.1918466037223
1023,way/1372140051,108.938142,34.3358911,yes,,569.8062653721031
1024,way/1372140065,108.9385742,34.3352059,yes,,504.65035529701635
1025,way/1372140059,108.9381409,34.3356243,yes,,558.1463862322934
1026,way/1373231620,108.9467197,34.34602,yes,,513.4647667925411
1027,way/1373231622,108.9466212,34.3459175,yes,,520.4502278168974
1028,way/1373231640,108.9464674,34.3457741,yes,,504.5574961678949
1029,way/1373230630,108.9482493,34.361313,yes,,562.8772925012605
1030,way/463727037,108.9477995,34.3655146,yes,,840.0591815716547
1031,way/1373230718,108.9453082,34.35926,yes,,515.2766124446189
1032,way/1373230540,108.945213,34.3632314,yes,,539.6918987930981
1033,way/1373230680,108.9470749,34.360143,yes,,581.9329510472551
1034,way/1373230631,108.9466005,34.3613624,yes,,666.6941751815516
1035,way/1373230589,108.9477858,34.3623111,yes,,670.6745326290674
1036,way/1373230504,108.9445508,34.3640147,yes,,501.41163334741213
1037,way/1373230492,108.9457397,34.3639232,yes,,602.7433940710146
1038,way/1370391308,108.9587193,34.1957571,yes,,500.2088173668061
1039,way/1370390509,108.9564413,34.2040894,yes,,506.8085989903894
1040,way/1370391307,108.9587126,34.1963036,yes,,523.1017209436419
1041,way/1370390954,108.955145,34.199857,yes,,519.8959325457564
1042,way/1370390821,108.958127,34.2015397,yes,,672.11546797679
1043,way/1370391001,108.9580618,34.1988167,yes,,652.9347462209354
1044,way/1370390358,108.9586785,34.2039631,yes,,706.9357270369429
1045,way/1370390706,108.956566,34.202577,yes,,509.23856594156734
1046,way/1370390850,108.9562914,34.2010333,yes,,532.4888603240154
1047,way/1370391056,108.9566808,34.1980046,yes,,504.5607478629705
1048,way/1346633937,108.957452,34.2063694,yes,,510.6439973523827
1049,way/1370390373,108.9558681,34.2052984,yes,,505.3482346943491
1050,way/1370390431,108.9581354,34.2049969,yes,,674.8503899823853
1051,way/1346634287,108.9591147,34.2065972,yes,,549.718670384878
1052,way/1370390401,108.9570559,34.2050294,yes,,591.6513275002393
1053,way/1409939743,108.9556432,34.2060948,yes,,522.8192197885817
1054,way/1346633072,108.9585613,34.2059985,yes,,584.4997622259574
1055,way/1346633979,108.9579629,34.2063432,yes,,528.0524357061635
1056,way/1346634139,108.9574737,34.2059762,yes,,553.3597859313629
1057,way/1282651430,108.9559609,34.232619,yes,,511.4687567270567
1058,way/1282651740,108.9562743,34.2323063,yes,,523.6431369943118
1059,way/1282651904,108.9555508,34.2327612,yes,,507.67162843534834
1060,way/1282651959,108.9567979,34.2324736,yes,,513.0203244060664
1061,way/1282652178,108.9567988,34.2320839,yes,,522.7771312678552
1062,way/1282652212,108.9558047,34.2324883,yes,,511.6908543245387
1063,way/1282652289,108.9572977,34.2323452,yes,,524.2707898780122
1064,way/1465146378,108.9522095,34.2669242,yes,,511.48222651424214
1065,way/1465146497,108.9539711,34.2653779,yes,,508.06982890333245
1066,way/1465146027,108.9516331,34.2679612,yes,,524.4824882932194
1067,way/1465146439,108.9531967,34.2664557,yes,,521.7911899531728
1068,way/1465146061,108.9526139,34.2678818,yes,,501.07942817557085
1069,way/1465146299,108.9516784,34.2671761,yes,,511.9501966117492
1070,way/1465146230,108.9521906,34.2674247,yes,,553.9925506143427
1071,way/1465146039,108.9522424,34.2679134,yes,,533.0107048728751
1072,way/1465146227,108.9516941,34.2676909,yes,,552.1422602122807
1073,way/1465145899,108.9522226,34.2686528,yes,,502.3247880308755
1074,way/1465145925,108.9520771,34.2685018,yes,,505.0876980950801
1075,way/1465145949,108.9521687,34.2684198,yes,,517.4923664298979
1076,way/1465145986,108.9523063,34.2681536,yes,,521.0205940329527
1077,way/1465145987,108.9521282,34.2681468,yes,,537.1696408910836
1078,way/1264995954,108.9536506,34.2858643,yes,,561.7197638476722
1079,way/1264996162,108.9518243,34.2850517,yes,,512.3948285123257
1080,way/1264995920,108.952942,34.2861351,yes,,622.3595839343059
1081,way/1264995836,108.9522847,34.2846085,yes,,531.1179176096088
1082,way/1264994367,108.9530719,34.2855981,yes,,570.533682205794
1083,way/1264994729,108.9541008,34.2856432,yes,,516.4009117750575
1084,way/1264995585,108.953578,34.2854672,yes,,530.0980572006041
1085,way/1264995247,108.953671,34.2862236,yes,,591.5250723017234
1086,way/1264995489,108.9529829,34.2858732,yes,,599.3504477263365
1087,way/1264994954,108.9529391,34.2862476,yes,,622.9663076140989
1088,way/821515135,108.9594104,34.2937346,ruins,紫宸殿遗址,823.8813930894195
1089,way/1264995754,108.9529161,34.2921279,yes,,520.4822714737182
1090,way/280412705,108.9586158,34.2887717,yes,,756.1144404928278
1091,way/1264994958,108.9526689,34.2892362,yes,,567.2137820950762
1092,way/821515141,108.9566648,34.2920339,yes,,819.3454220272471
1093,way/469413218,108.9569292,34.2864979,yes,,501.7452070359712
1094,way/448824644,108.9562206,34.2903541,yes,,853.9932615167138
1095,way/292406143,108.9594222,34.2921278,ruins,宣政殿遗址,851.7714038238472
1096,way/1370944803,108.9496553,34.3002721,yes,,552.8347163796975
1097,way/280412709,108.9576878,34.3037868,yes,,665.5542044218791
1098,way/448625704,108.9579513,34.299088,yes,,887.7920198547658
1099,way/1370944651,108.9494781,34.3042999,yes,,596.9165906707325
1100,way/466408820,108.9537703,34.3031117,yes,,733.8722361025884
1101,way/448778707,108.9541253,34.2987092,yes,,646.5440843011178
1102,way/1370944793,108.9524639,34.3007026,yes,,714.8294841866502
1103,way/1370944702,108.9510092,34.3024796,yes,,712.7181265834239
1104,way/1370944646,108.9553619,34.3042297,yes,,589.7312936183521
1105,way/1370944640,108.9495009,34.304608,yes,,583.6935122117173
1106,way/821515115,108.9575927,34.3052866,ruins,,504.60272972451685
1107,way/1370944628,108.9512214,34.3049232,yes,,576.0203294848687
1108,way/1370944615,108.9500935,34.3052808,yes,,517.2094422785432
1109,way/1370944631,108.9488797,34.3047026,yes,,527.6284580103653
1110,way/1370944643,108.9500708,34.3043971,yes,,614.8530529689228
1111,way/1370944616,108.9495036,34.3052071,yes,,522.6389502216514
1112,way/1370944624,108.9500333,34.304975,yes,,550.533669841212
1113,way/1370944634,108.9500518,34.3046857,yes,,582.7292886857316
1114,way/1372722197,108.9493781,34.3196036,yes,,521.3960693525859
1115,way/1372722199,108.9494906,34.3196922,yes,,507.37147016526364
1116,way/1372721528,108.9591439,34.3302297,yes,23号楼,706.8379131350466
1117,way/1372721522,108.9564223,34.3302633,yes,19号楼,514.9880771085122
1118,way/1372721630,108.9588905,34.3282705,yes,3号楼,503.8523726361534
1119,way/1372721586,108.9576086,34.3292449,yes,12号楼,529.571709189345
1120,way/1372721514,108.9578501,34.3304293,yes,21号楼,623.2044953112141
1121,way/1372721587,108.9588421,34.3292421,yes,13号楼,611.8867170472121
1122,way/1372721561,108.9582269,34.329841,yes,16号楼,612.5738858319777
1123,way/1372721486,108.958226,34.3309434,yes,26,686.5637372959413
1124,way/1372721503,108.9567787,34.3307541,yes,正尚国际公寓-25,577.4223865790418
1125,way/1373232217,108.9592301,34.336584,yes,,518.0490491187098
1126,way/1372721456,108.9537569,34.3318743,yes,,546.9897585955796
1127,way/1372721471,108.9594723,34.331879,yes,,841.2072230897195
1128,way/1372721359,108.9566454,34.3334872,yes,,575.9204213849318
1129,way/1372721315,108.9590012,34.3343224,yes,,631.8038004478228
1130,way/1372721479,108.9573228,34.3316533,yes,,686.0326963388517
1131,way/1372721352,108.9538797,34.3335103,yes,,506.7321295257513
1132,way/1372721422,108.9553019,34.3325968,yes,,630.5304202275694
1133,way/1372721416,108.9582202,34.3328223,yes,,712.178753981144
1134,way/1373231072,108.9560743,34.3533228,yes,102号楼,526.2764178002378
1135,way/1373230853,108.9584958,34.3571389,yes,,506.49095803502206
1136,way/1373231106,108.9528289,34.3528004,yes,,501.4414824776947
1137,way/1373230974,108.9579094,34.3550627,yes,,510.5469302931075
1138,way/1373231129,108.9546613,34.3523462,yes,,511.20185176198095
1139,way/1373231143,108.956717,34.3521191,yes,94号楼,502.2211032089419
1140,way/1373231049,108.9574509,34.3537636,yes,124号楼,541.2775184529223
1141,way/1373231153,108.953384,34.3520149,yes,,500.97471800940053
1142,way/1373231111,108.957447,34.3527396,yes,98号楼,515.8036312310103
1143,way/1373230508,108.9531017,34.3637151,yes,,641.8477169769014
1144,way/1373230781,108.9584486,34.3589179,yes,,526.9721029533002
1145,way/1373230500,108.9591064,34.3637825,yes,,867.7441130164134
1146,way/1373230645,108.9486744,34.3610037,yes,,510.86415229629523
1147,way/1373230612,108.9556903,34.3619833,yes,,519.9753622554111
1148,way/1373230516,108.9501158,34.3635177,yes,,667.6215093791049
1149,way/1373230638,108.9590732,34.3612707,yes,,681.9423592631056
1150,way/1373230472,108.955823,34.3642432,yes,,752.076280361379
1151,way/1373230560,108.9573084,34.3630051,yes,,696.6583229837161
1152,way/1370391705,108.9653683,34.1913707,yes,,542.1745396654542
1153,way/1265450245,108.9601744,34.1956675,residential,,556.5337768594463
1154,way/1370391271,108.9654717,34.19563,yes,,563.551745671448
1155,way/1370391464,108.9629286,34.1935129,yes,,564.4373561961347
1156,way/1370391768,108.962714,34.1899859,yes,,500.31084905207774
1157,way/1370391788,108.9672104,34.1896366,yes,,516.8771586015919
1158,way/1265450209,108.962732,34.1954582,residential,,677.7443012447733
1159,way/1370391608,108.9628915,34.1917701,yes,,502.5807970065103
1160,way/1370391413,108.965142,34.1939591,yes,,531.0217407654951
1161,way/1370390917,108.9657467,34.2000542,yes,,683.4167307394014
1162,way/1370390426,108.960146,34.2047197,yes,,777.6101677371514
1163,way/1265450289,108.9601744,34.1959615,residential,,585.9669643231019
1164,way/1370391123,108.9698547,34.1977083,yes,,510.9690362853705
1165,way/1370391241,108.9648428,34.1962347,yes,,647.3915111897064
1166,way/1370390854,108.9604225,34.2010245,yes,,890.8556087036089
1167,way/1370390614,108.9640234,34.2032264,yes,,546.7483384787586
1168,way/1370390868,108.9697036,34.2007423,yes,,523.0977287460478
1169,way/1265450219,108.9625602,34.1983401,yes,,922.6167093120542
1170,way/1267951399,108.9636602,34.2071543,yes,,533.056170566246
1171,way/1370390404,108.9601437,34.2050062,yes,,746.9633385071231
1172,way/1346633306,108.959999,34.2072525,yes,,506.4746585560589
1173,way/1370390409,108.9635705,34.2049517,yes,,532.7749879431161
1174,relation/18477825,108.9620312,34.2060796,yes,,617.763593598717
1175,way/1370390420,108.9621194,34.2048405,yes,,666.7880454179782
1176,way/1346633630,108.9604453,34.2062053,yes,,610.8516249262268
1177,way/1347044044,108.9639095,34.2061676,yes,,505.43687506393013
1178,way/1346632958,108.9612672,34.2068933,yes,,526.4138452363229
1179,way/1417088833,108.96969,34.2187839,semi,,531.5361923506988
1180,way/1341668346,108.9656885,34.2165947,yes,星宿墙,503.0299691322213
1181,way/1341668321,108.9698363,34.2154176,yes,,519.306300345393
1182,way/1341668450,108.9681719,34.217115,yes,,594.2450285044267
1183,way/1341668440,108.9701943,34.2170747,yes,,692.5209281036574
1184,relation/18399038,108.9690937,34.2177626,yes,旗亭,579.85549812712
1185,way/1341668496,108.9670725,34.217079,yes,,558.5617603165481
1186,way/1341668373,108.9677851,34.2178562,yes,,504.7674484381714
1187,way/1341668381,108.9702298,34.2177614,yes,,622.2929805759928
1188,way/1284661151,108.9651468,34.2431118,yes,,511.5493472629157
1189,way/1284661810,108.9648006,34.2431006,yes,,510.7600917791938
1190,way/1263649085,108.9701788,34.2764686,yes,,668.0764314405518
1191,way/1263649389,108.9679929,34.2759303,yes,,502.17093849193475
1192,way/1263649971,108.9694254,34.2753325,yes,,533.2868329213674
1193,way/1263650029,108.9687546,34.2770597,yes,,584.9579176827357
1194,way/1263649451,108.9691112,34.2761674,yes,,605.330420641705
1195,way/1263649625,108.9695574,34.2770031,yes,,656.1485518568077
1196,way/1263648976,108.9686124,34.2755216,yes,,530.212876096693
1197,way/1263649942,108.9679855,34.2769427,yes,,513.1343403574007
1198,way/1263649923,108.9684459,34.2764463,yes,,546.411130022613
1199,way/1265034682,108.9670838,34.2844381,yes,,508.5431132249376
1200,way/1263649016,108.9698276,34.2772609,yes,,686.047018698241
1201,way/1265034701,108.9702555,34.2816809,yes,,812.8842783162581
1202,way/1265034284,108.9681801,34.279194,yes,,589.2744506985529
1203,way/821515161,108.9652598,34.2828158,yes,,540.7078160458829
1204,way/1265034478,108.9702665,34.2838788,yes,,575.4037224784792
1205,way/1265034346,108.968204,34.281051,yes,,642.8815865125733
1206,way/1265034843,108.9703362,34.2792288,yes,,787.0916393005275
1207,way/1265034393,108.9681281,34.2830436,yes,,646.909110109782
1208,way/280412711,108.9603431,34.2887585,yes,,752.6075662663823
1209,way/280412712,108.9601876,34.2897738,yes,,773.641968782373
1210,way/292406144,108.9606507,34.2929744,ruins,望仙台遗址,720.6316368256734
1211,way/448620271,108.9619432,34.2920561,yes,,634.2685787265108
1212,way/465446005,108.9613995,34.2948832,yes,,644.988034120677
1213,way/821515138,108.9634886,34.2920655,yes,,504.44956470045145
1214,way/1208419217,108.9629099,34.2888922,ruins,望仙台遗址,516.7430442918558
1215,way/1208419219,108.9629752,34.2920872,ruins,崇明门遗址,545.7404416358436
1216,way/448620275,108.9621874,34.2959681,yes,,542.3760155974225
1217,way/1371226790,108.9703463,34.3025496,yes,,528.072698897123
1218,way/1370944645,108.962372,34.3042448,yes,,837.0583520819202
1219,way/466408833,108.9598402,34.299222,yes,,718.7147569585159
1220,way/821515147,108.9647183,34.3019697,yes,,507.66934512887843
1221,way/1371226704,108.9674483,34.3041638,yes,,604.7976257191348
1222,way/1371226761,108.9683665,34.3032035,yes,,579.2115355278879
1223,way/1371226753,108.9674825,34.3033711,yes,,592.7756369821459
1224,way/1371226754,108.9679565,34.3037704,yes,,636.0129203124926
1225,way/1370944592,108.96015,34.3059149,yes,,577.0829963799373
1226,way/1371226642,108.9700329,34.3048991,yes,,502.22880006568073
1227,way/1370944293,108.9630271,34.3103167,yes,,514.8344165945998
1228,way/1370944540,108.9634726,34.3072602,yes,,586.7288171282192
1229,way/1370944637,108.962663,34.3046326,yes,,807.8776486794619
1230,way/1370944469,108.9608226,34.3080639,yes,,503.08506744013596
1231,way/1371226620,108.9674203,34.3049569,yes,,521.723397653761
1232,way/1370944399,108.9627738,34.3087677,yes,,605.4057976132943
1233,way/1370944333,108.9615278,34.3096994,yes,,541.1046518031952
1234,way/1409621173,108.9616556,34.3282648,yes,,508.37210345940775
1235,way/1409621044,108.9682191,34.3301826,yes,百花门业建材家具城,573.31634164046
1236,way/1409621259,108.9657019,34.3273059,yes,,500.6086365043245
1237,way/1409620919,108.9644109,34.3310276,yes,,631.0555603480531
1238,way/1372721505,108.9597029,34.3307473,yes,27,781.1592462357488
1239,way/1409621071,108.964781,34.3292142,yes,,647.9881074689107
1240,way/1409620940,108.9622713,34.3306983,yes,,773.9615384933393
1241,way/1409621129,108.9673355,34.3284992,yes,,640.8675042639176
1242,way/1409620923,108.9664388,34.3308465,yes,,584.2606213874461
1243,way/1409921057,108.9634178,34.3331265,yes,,509.36265353061776
1244,way/1373232078,108.9603247,34.3384866,yes,,501.8122136342865
1245,way/1373232274,108.9602053,34.3352498,yes,,660.5148157685413
1246,way/1372721461,108.9601012,34.3318267,yes,,841.0196206100779
1247,way/1409921029,108.9613709,34.3334007,yes,,652.5377223979336
1248,way/1373232204,108.9612104,34.3367583,yes,,514.9219030463624
1249,way/1409921147,108.9644992,34.3317172,yes,,560.9033451216312
1250,way/1409921145,108.9623381,34.331736,yes,,685.894273380631
1251,way/1409920899,108.962223,34.3348587,yes,,522.7504751114545
1252,way/1409920225,108.9702575,34.3452485,yes,,523.5023372943081
1253,way/1409920241,108.9699713,34.3450664,yes,,500.4557699649513
1254,way/1409920282,108.9700329,34.3441336,yes,,533.2555351031841
1255,way/1409920288,108.9699042,34.3440195,yes,,526.9236783565779
1256,way/1409920310,108.9692466,34.3428653,yes,,539.004142394151
1257,way/1373230766,108.9599567,34.3584097,yes,,574.7465008306762
1258,way/1373230785,108.9601402,34.3579427,yes,,522.1251877193353
1259,way/1373230786,108.9597868,34.3579429,yes,,541.0385446763023
1260,way/1373230793,108.9597865,34.3578708,yes,,534.6770715340118
1261,way/1373230797,108.9601382,34.3578023,yes,,509.39292093314094
1262,way/1373230798,108.9597847,34.357799,yes,,528.471854132276
1263,way/1373230816,108.9599561,34.3577901,yes,,518.1198870183267
1264,way/1373230671,108.9599378,34.3611753,yes,,744.7064172505754
1265,way/1373230457,108.9613104,34.3652082,yes,,1121.5536923179611
1266,way/1373230755,108.9624735,34.3586174,yes,,513.0668952767705
1267,way/1373230608,108.9629923,34.3618555,yes,,867.5509273745074
1268,way/1373230552,108.9600405,34.3633571,yes,,894.421565624977
1269,way/1373230502,108.9629146,34.3636633,yes,,1068.6955219476483
1270,way/1373230736,108.9599284,34.3593986,yes,,671.1518458358653
1271,way/1373230679,108.96175,34.3601561,yes,,693.4734576604047
1272,way/1373230547,108.961472,34.3634394,yes,,1001.1483979219825
1273,way/1370391558,108.980389,34.1923188,yes,,656.6360483865911
1274,way/1370391789,108.9738994,34.1894544,yes,,501.3639822721983
1275,way/1370391267,108.9756358,34.1956852,yes,,521.3873096457378
1276,way/1370391298,108.9801863,34.1953565,yes,,630.7054748991033
1277,way/1370391573,108.9768031,34.1921792,yes,,559.815741231091
1278,way/1370391777,108.9771134,34.1896749,commercial,,696.7113133956997
1279,way/1370391345,108.9780011,34.1944178,yes,,672.7844460054013
1280,way/1370391682,108.9790701,34.1907663,yes,,803.4108898989324
1281,relation/18878959,108.9797094,34.1938545,yes,,673.6955217842328
1282,way/1370391027,108.976102,34.1984363,yes,,758.3682252437073
1283,way/1370390448,108.9752345,34.204547,yes,,551.5467360918926
1284,way/1370390845,108.970749,34.2009846,yes,,511.8633481594321
1285,way/289493979,108.9810789,34.2004223,yes,,845.9047095229794
1286,way/1370391243,108.9801369,34.1960522,yes,,650.1543451763354
1287,way/1227070767,108.9795687,34.203608,transportation,,962.9028211039392
1288,way/1370391072,108.9719949,34.197794,yes,,523.3130412567399
1289,way/1370390807,108.9745299,34.2014897,yes,,648.7893535308748
1290,way/1265692272,108.9771693,34.2095207,yes,,555.4599231491455
1291,way/1370070022,108.9807003,34.2136811,yes,,766.6877248413532
1292,way/1370390376,108.9748209,34.2052752,yes,,504.8836499296408
1293,way/1265692322,108.9810835,34.2075783,residential,,671.3347139855396
1294,way/1370070056,108.9764301,34.2131519,yes,,527.025826808911
1295,way/1265692440,108.9808218,34.2105211,yes,,693.3954846464871
1296,way/1265692358,108.9776151,34.207047,yes,,717.9089360574151
1297,way/1370070221,108.9790177,34.212032,yes,,713.8026753531789
1298,way/1417088843,108.9716543,34.2179631,terrace,,578.6534701931466
1299,way/1370070003,108.9809303,34.2148336,yes,,643.507148713838
1300,way/1370070006,108.9753359,34.2140771,school,,505.8169328420032
1301,way/1370069936,108.9759374,34.2171049,yes,曲江海洋极地公园海洋馆,507.9156651989775
1302,relation/18399292,108.9721149,34.2156115,yes,彩霞长廊,525.7631716082425
1303,way/1370069986,108.978104,34.2150266,yes,,626.0029830042771
1304,way/1417088262,108.9744214,34.2190123,terrace,,505.563179143181
1305,way/1417087982,108.9736799,34.2172249,terrace,,656.7385250378991
1306,way/1369194537,108.9776412,34.2262808,yes,,622.521665698226
1307,way/1369193991,108.9727636,34.2282287,yes,,511.0146902873798
1308,way/1369193946,108.9770571,34.2298906,yes,,530.5025263023755
1309,way/1369193796,108.9811476,34.225634,yes,,512.7957298196891
1310,way/1369194001,108.9758588,34.2279164,yes,,635.9352699225934
1311,way/1369194591,108.979258,34.2250403,yes,,504.01985100720356
1312,way/1369194597,108.9771922,34.2248021,yes,,509.34801101700833
1313,way/1369194016,108.9742483,34.2273458,yes,,508.66772490312
1314,way/1369193855,108.9755727,34.2343634,yes,,511.02214338342355
1315,way/1369193864,108.9757128,34.2341387,yes,,526.2858398701846
1316,way/1369193881,108.9760384,34.2338297,yes,,543.0746953724548
1317,way/264106095,108.9777903,34.2455033,dormitory,西2舍,547.7434796705278
1318,way/264420412,108.9765994,34.2497434,university,工程坊,636.2793001586296
1319,way/265932085,108.9792524,34.2431118,university,,504.1927142794683
1320,way/263624481,108.9789839,34.2486289,university,钱学森图书馆,544.4579182682521
1321,way/263633887,108.9766394,34.2474463,university,工程坊,521.8580176035127
1322,way/263633895,108.9767681,34.2431962,university,管理学院,525.8431719081126
1323,way/264106092,108.9778013,34.2442888,dormitory,西6舍,568.7750614662756
1324,way/787135571,108.9753295,34.2493091,college,仲英楼,515.8987198737533
1325,way/264420957,108.9753482,34.2502249,industrial,锅炉房,590.1830752944043
1326,way/263625090,108.9789976,34.251028,university,理学院 数学与统计学院,513.1573674778933
1327,way/263625085,108.9763851,34.2519745,university,电子与信息学部,590.5279819199337
1328,way/264738600,108.9780272,34.2522812,university,软件学院北小楼,536.7547779082907
1329,way/264271419,108.9766664,34.2502516,university,材料学院 强度楼,677.3471579841934
1330,way/263625676,108.9760975,34.2509376,university,西二楼,615.8300063655612
1331,way/264421117,108.9777094,34.2515061,university,中三1300,592.7859899381375
1332,way/1064850858,108.9770068,34.2517248,yes,软件学院西小楼,644.6136579632802
1333,way/1263650209,108.9704679,34.2765318,yes,,680.2236418447413
1334,way/1266651558,108.9802806,34.2752386,yes,,512.2488699495531
1335,way/1266642617,108.9752309,34.2743178,yes,,510.3950491852778
1336,way/1266642318,108.9769131,34.2771021,yes,,664.7371520584868
1337,way/1263650194,108.9736745,34.27675,yes,,808.8524575413805
1338,way/1263649127,108.9723135,34.2745334,yes,,543.5423884860674
1339,way/1266642601,108.9780579,34.2754621,yes,,555.3657027598679
1340,way/1266642515,108.9753606,34.2759653,yes,,689.0107558245526
1341,way/1263648991,108.9727865,34.2782234,yes,,925.1375706986796
1342,way/1265034538,108.9725108,34.2851782,yes,,504.96689751439476
1343,way/1266642317,108.9789348,34.2814934,yes,,531.4325019507065
1344,way/1266642474,108.9779482,34.2772308,yes,,569.5705200444617
1345,way/1265034541,108.9710265,34.2814279,yes,,856.6530485462488
1346,way/1266642661,108.9749848,34.2810291,yes,,834.458960746241
1347,way/1266642563,108.9770904,34.2793835,yes,,625.5457963537166
1348,way/1263649916,108.9753445,34.2778194,yes,,789.4837936194397
1349,way/1266642586,108.9787626,34.2952297,yes,,507.53292831210814
1350,way/1265034642,108.9734086,34.2975379,yes,,542.6729075472107
1351,way/1266651591,108.9811987,34.2967588,yes,,629.7834846901065
1352,way/1371226783,108.9706048,34.302783,yes,,501.7374221488943
1353,way/1371227052,108.9774527,34.2981426,yes,,568.2748042934655
1354,way/1266642799,108.9787869,34.2954627,yes,,529.2801524909695
1355,way/1266642319,108.9791531,34.2971031,yes,,629.7542312540219
1356,way/1371227056,108.9751266,34.2982115,yes,,555.9598288579633
1357,way/1371226982,108.9735721,34.2990779,yes,,507.03054193782634
1358,way/1371226378,108.9744586,34.3077514,yes,,505.1095461509458
1359,way/1409622022,108.9808868,34.3173951,yes,,514.0634189615513
1360,way/1409622193,108.9807469,34.3149731,yes,,595.5781346892271
1361,way/1409622081,108.9796962,34.3165807,yes,,525.5406547663837
1362,way/1409621989,108.9798377,34.3179868,yes,,500.2728803407463
1363,way/1409622042,108.9800465,34.3172427,yes,,533.0446216154054
1364,way/1409622106,108.9803792,34.3161481,yes,,602.2775971835365
1365,way/1409622066,108.9808729,34.3167951,yes,,567.6061329791577
1366,way/1409622049,108.9809453,34.3170877,yes,,537.4704408496267
1367,way/1409621018,108.9806107,34.3298899,yes,,573.4263307143494
1368,way/1409621411,108.9756282,34.3256164,yes,,504.60799593260487
1369,way/1409621254,108.9786064,34.3272946,yes,,535.4249705545069
1370,way/1409621154,108.980244,34.3283996,yes,,589.5817518793252
1371,way/1409621323,108.9763637,34.3263798,yes,,507.77136292081633
1372,way/1409621258,108.9803568,34.3274799,yes,,557.8707178041326
1373,way/1409621077,108.9800298,34.3293691,yes,,533.3336946335797
1374,way/1409621069,108.9809478,34.3292953,yes,,616.9053148317113
1375,way/1409920547,108.9729113,34.3384506,yes,,547.3491139162858
1376,way/1409920399,108.9773076,34.3403252,yes,,575.1084475192466
1377,way/1409920658,108.9751754,34.3372427,yes,,534.8916509774222
1378,way/1409920411,108.9720798,34.3400644,yes,,554.1267277552683
1379,way/1409920673,108.9735797,34.3371816,yes,,514.7974446058444
1380,way/1409920473,108.9765065,34.3391893,yes,,533.3352581282843
1381,way/1409920435,108.9736009,34.3397277,yes,,670.2262538730671
1382,way/1409920513,108.974397,34.3388426,yes,,675.9725851384227
1383,way/1409920275,108.9803086,34.3443514,yes,,914.8314018636727
1384,way/1409920344,108.970944,34.3417512,yes,,582.7926275400994
1385,way/1409920190,108.9743347,34.3460917,yes,,894.3439059991404
1386,way/1409920361,108.9763435,34.3410699,yes,,694.5259459642305
1387,way/1409920252,108.9708606,34.3448787,yes,,584.4928764879361
1388,way/1409920382,108.9792275,34.3405768,yes,,518.9408851229407
1389,way/1409920182,108.9800331,34.3464987,yes,,1154.8080508703506
1390,way/1409920191,108.9723621,34.3460327,yes,,713.1267883248626
1391,way/1370391645,108.9815076,34.1913712,yes,,617.4755701151267
1392,way/1370391438,108.9814387,34.1937869,yes,,517.4126841973027
1393,way/1370391676,108.982743,34.1908598,yes,,568.9489423096269
1394,way/1370391524,108.9815399,34.1928014,yes,,538.3621069593175
1395,way/1370391620,108.9825602,34.1917106,yes,,517.3143508225365
1396,way/1370391575,108.9813142,34.1921247,yes,,588.7192257392064
1397,way/1370391485,108.9814306,34.1932922,yes,,530.3734689456829
1398,way/1370391637,108.9820713,34.1915194,yes,,565.9090848941946
1399,way/1370070872,108.98875,34.2011557,yes,,739.333111184386
1400,way/1300524442,108.9812538,34.1972496,yes,,604.1821825154725
1401,way/1370070764,108.9836839,34.2045863,yes,西安金地广场,634.0800189765804
1402,way/1370071020,108.9917945,34.1974455,yes,,545.0037645606596
1403,way/1370070921,108.9841432,34.200714,yes,,729.513477880556
1404,way/1370070771,108.9920109,34.203438,yes,,539.3525976543642
1405,way/1370070799,108.9860245,34.2027883,yes,,636.3618995404868
1406,way/1370070952,108.9916149,34.2001834,yes,,754.2277900877557
1407,way/1370070293,108.9825331,34.2111483,yes,,566.2106786047281
1408,way/1370070720,108.9847968,34.205292,yes,,505.4910204838662
1409,way/1370070024,108.9869356,34.2136869,yes,,525.0825035579287
1410,way/1265692283,108.9816553,34.2073317,yes,,628.433833078941
1411,way/1370070029,108.9837247,34.2135875,yes,,646.5000842358389
1412,way/1370070066,108.9814197,34.2129847,yes,,756.8701275289104
1413,way/1265692498,108.9822221,34.2091059,yes,,545.7134911128271
1414,way/1265692396,108.9812857,34.2102437,yes,七号馆,645.0573903389521
1415,way/1370070005,108.9870602,34.2142805,yes,,587.6571638268769
1416,way/1413573345,108.9864044,34.2226709,university,,581.6250715773837
1417,way/1370069963,108.9812278,34.215832,yes,,541.7564162013514
1418,way/1370885849,108.9852937,34.2189657,residential,,500.41572097858017
1419,way/1370070011,108.983813,34.2140017,yes,,678.0575066120624
1420,way/1370069935,108.9839134,34.2168058,yes,,571.7018479439004
1421,way/1413573438,108.985515,34.2209448,yes,,533.0809941497008
1422,way/1370069966,108.9856156,34.2158453,yes,,577.7114723504569
1423,way/1369194595,108.9818224,34.2248586,yes,,523.8749632415855
1424,way/1413572560,108.9920833,34.2316662,yes,,534.0930636193852
1425,way/1413573262,108.991587,34.2241659,university,,595.4143289719528
1426,way/1413573152,108.9868713,34.2254777,yes,,563.8275663318284
1427,way/1413572881,108.9911953,34.2277116,yes,,627.9451472153365
1428,way/1413573301,108.9850698,34.2232349,yes,,585.94230292153
1429,way/1285925461,108.9881372,34.2233067,yes,,549.3234191694502
1430,way/1413573038,108.9890843,34.2265659,yes,,554.2749584720517
1431,way/1413572516,108.9906415,34.2324984,yes,,558.4672136782884
1432,way/1369762243,108.9815887,34.2345015,yes,,509.7943430141075
1433,way/1369761793,108.9916563,34.2402188,yes,,511.4065754281464
1434,way/1369762163,108.9919763,34.2354121,yes,,672.7237905857702
1435,way/1369762005,108.9910405,34.2373742,yes,,506.720560456232
1436,way/1369762255,108.9913004,34.2339522,yes,,692.9733537801712
1437,way/1369761931,108.9918302,34.2386428,yes,,562.6086796451322
1438,way/1413572486,108.9918249,34.2330983,yes,,609.2309997469428
1439,way/386424604,108.9910173,34.2484503,residential,,551.8494585758189
1440,way/386424595,108.9888824,34.249887,residential,,544.0881335637921
1441,way/386424607,108.9897046,34.2485973,residential,,521.3877796251513
1442,way/386424599,108.9900279,34.2496323,residential,,557.6984813333038
1443,way/386424601,108.9910462,34.2492913,residential,,567.1431883430101
1444,way/386424600,108.9902413,34.2489065,residential,,573.5027769713842
1445,way/386424787,108.9894993,34.2490829,residential,,532.1920382008173
1446,way/386424815,108.9912411,34.2480262,residential,,519.5695697114276
1447,way/272736556,108.9880389,34.2507559,residential,,510.59638762546206
1448,way/272736557,108.9880735,34.2502623,residential,,526.5817346077745
1449,way/386424592,108.9888914,34.25071,residential,,505.53439009954434
1450,way/386424593,108.9888927,34.2504284,residential,,530.458566523879
1451,way/386424594,108.9888916,34.250155,residential,,555.3982286725501
1452,way/1264658332,108.9879421,34.2859333,yes,,507.54837368904754
1453,way/1264658579,108.9903359,34.2854538,yes,,508.4952153487744
1454,way/1264657761,108.9898852,34.2865684,yes,,550.2173599703511
1455,way/1264657885,108.989497,34.2863596,yes,,565.4084410729961
1456,way/1264658980,108.9901689,34.2865794,yes,,556.0160580901785
1457,way/1264659102,108.9896419,34.2865112,yes,,551.3872733520132
1458,way/1371235055,108.9920629,34.2879039,yes,,510.32131099489783
1459,way/1371226830,108.9858362,34.3017565,yes,,521.2257698336186
1460,way/1266651083,108.9821632,34.2958,yes,,516.7572437886498
1461,way/1371234832,108.9918312,34.2988154,yes,,517.3719449974998
1462,way/1266650961,108.984907,34.2979194,yes,,502.25233406875054
1463,way/1371226865,108.9894152,34.3009652,yes,,501.9581591763238
1464,way/1266651246,108.9819192,34.2980439,yes,,538.2554099974794
1465,way/1371226972,108.9874447,34.2995736,yes,,543.2776362004581
1466,way/1371226737,108.9856997,34.3035847,yes,,508.0682913658153
1467,way/1409622299,108.9889495,34.313093,yes,,569.381607453141
1468,way/1371226669,108.9861486,34.3044389,yes,,505.1783531407586
1469,way/1409622291,108.9833013,34.3132358,yes,,513.0371224227483
1470,way/1409622301,108.9864138,34.3129697,yes,,519.7594175944703
1471,relation/19288774,108.9850565,34.3133053,yes,,520.8997770157234
1472,way/1409622333,108.9879868,34.3122755,yes,,504.45328348403905
1473,way/1409622287,108.9872248,34.3131297,yes,,568.9316248322061
1474,way/1409622285,108.986813,34.313149,yes,,553.195676984324
1475,way/1409622204,108.9821682,34.3148991,yes,,622.3675049916766
1476,way/1409622018,108.9884679,34.3175636,yes,,524.7649349984963
1477,way/1409622281,108.9874748,34.3140018,yes,,665.202547542158
1478,way/1409622119,108.9846568,34.3160651,yes,,542.4917461412415
1479,way/1409622320,108.9851833,34.3135041,yes,,544.6122033489484
1480,way/1409622065,108.9819217,34.3167998,yes,,516.9143196569889
1481,way/1409622161,108.9883844,34.3156636,yes,,551.4901901729927
1482,way/1409622168,108.986371,34.3154488,yes,,635.0418924423678
1483,way/1409620962,108.9834467,34.3303724,yes,,565.2452730590988
1484,way/1409621230,108.9817206,34.3276143,yes,,533.3751317685742
1485,way/1409621089,108.9826803,34.3289007,yes,,569.5671923560095
1486,way/1409620964,108.9818685,34.3303892,yes,,644.8811037764088
1487,way/1409621156,108.981366,34.3284061,yes,,623.9036873514573
1488,way/1409621063,108.9834649,34.3294109,yes,,516.9128653891073
1489,way/1409621197,108.982939,34.3281796,yes,,531.8653404116739
1490,way/1409621100,108.9818721,34.3288549,yes,,641.1436579605646
1491,way/1409920663,108.9873714,34.3372094,yes,,597.4493423571196
1492,way/1464155287,108.9882886,34.3323239,transportation,,509.099577763077
1493,way/1409920403,108.9837484,34.3402332,yes,,520.344006930766
1494,way/1409921028,108.9852155,34.3332666,yes,,502.5962072704522
1495,way/1409920458,108.9881256,34.3397883,yes,,770.0842498182714
1496,way/1409920524,108.9855571,34.3386694,yes,,504.4121234983144
1497,way/1409920837,108.9864386,34.3352844,yes,,508.9823069907865
1498,way/1409921016,108.9902756,34.3333236,yes,,603.575555578794
1499,way/1409920355,108.9849799,34.3412067,yes,,671.4944804963638
1500,way/1350384915,108.9895999,34.3484169,commercial,,819.9780334173587
1501,way/1409920176,108.982641,34.3469991,yes,,1196.2837453869356
1502,way/1409920337,108.9903192,34.3421,yes,,783.6242388575689
1503,way/1409920198,108.986855,34.3458214,yes,,1148.126615742131
1504,way/1409920273,108.9819242,34.3443746,yes,,919.2232677898859
1505,way/1409920328,108.9875313,34.342595,yes,,935.3594212247403
1506,way/1409920357,108.9823742,34.3412101,yes,,577.4498627522903
1507,way/1370070858,109.000503,34.2017589,yes,,914.3162829555778
1508,way/1370071050,108.9925287,34.196142,yes,,538.7650599175355
1509,way/1370070772,108.9923882,34.2035465,yes,,545.1922534993483
1510,way/1370070965,108.9957534,34.1995648,yes,,978.4280188068162
1511,way/1370070737,108.9975778,34.204727,yes,,606.2823586618713
1512,way/1370887055,109.0028589,34.2045736,yes,,645.4272712243957
1513,way/1370070964,108.9922936,34.1995369,yes,,735.98368505741
1514,way/1370070815,108.995965,34.202398,yes,,799.1319758113864
1515,way/1370070732,108.9975919,34.2048747,yes,,592.7827733344841
1516,way/1370887026,109.0024667,34.2049401,yes,,594.6378962570966
1517,way/1370070735,108.9943454,34.2048323,yes,,513.3219181482839
1518,way/1370070710,108.9996345,34.2055052,yes,,501.36070291318293
1519,way/1370887014,109.0012335,34.2053395,yes,,523.0177217012571
1520,way/1370070723,108.996361,34.2051231,yes,,517.6182022214148
1521,way/1370070700,108.9979498,34.2058444,yes,,508.2659409646759
1522,way/1370070711,108.9987345,34.2055015,yes,,518.4743856979895
1523,way/1370886245,108.9974891,34.2151692,yes,,515.0258058111021
1524,way/1413573350,109.0024756,34.2222983,yes,,599.6586071533015
1525,way/1413573472,109.0021723,34.2202963,yes,,504.61731860033564
1526,way/1413573341,109.0008396,34.2227819,yes,,506.3302597988702
1527,way/1370886378,108.9971659,34.2139286,yes,,525.1195844809403
1528,way/1370886312,108.9962759,34.2146323,yes,,513.1130728514682
1529,way/1413573364,109.0015178,34.2220068,yes,,506.87484058031464
1530,way/1413573411,109.0021338,34.2217056,yes,,542.6209555175468
1531,way/1413573187,109.0024428,34.2247569,yes,,581.6015478088553
1532,way/1413572695,108.9925529,34.2293653,yes,,500.96936124358035
1533,way/1413573256,108.9939493,34.2239242,yes,,528.8705713357358
1534,way/1413573013,108.9922374,34.2267129,yes,,583.0964773492415
1535,way/1413573300,109.0003519,34.2231705,yes,,505.3380448386102
1536,way/1413573204,108.9921494,34.2247939,yes,,672.7599400452387
1537,way/1413573304,109.001941,34.2232699,yes,,618.64948877752
1538,way/1413573122,108.9927712,34.2258287,yes,,583.0864307948523
1539,way/1369762113,108.9947594,34.2360797,industrial,,526.5215520908656
1540,way/1369761761,108.9921818,34.2406177,yes,,507.38056512926363
1541,way/1413572528,108.9923399,34.2322662,yes,,529.4703032246513
1542,way/1369761789,108.9961491,34.2403658,yes,,518.406923842853
1543,way/1369762246,108.9927426,34.2346194,yes,,637.1183171702462
1544,way/1369761861,108.9937156,34.2394465,yes,,655.1730559852801
1545,way/1369762119,108.9929142,34.2361384,yes,,691.1538790179226
1546,way/1369761899,108.9922535,34.2390601,yes,,604.1889391739089
1547,way/1369761732,108.9930343,34.2410194,yes,,535.0092855707263
1548,way/1264969509,108.9925763,34.2495934,yes,,522.6907366015232
1549,way/1264968943,108.993568,34.2462449,yes,,500.65066565753455
1550,way/1264969286,108.9925973,34.2478795,yes,,570.1045375381609
1551,way/1369761595,108.9938221,34.2424561,yes,,517.0297180559108
1552,way/1264969305,108.9927746,34.2469839,yes,,520.933074968549
1553,way/280258588,108.9928061,34.2487746,yes,立丰国际购物广场,529.4752725882369
1554,way/1264969211,108.9934933,34.2474431,yes,,511.0778253053821
1555,way/1265322350,108.9959073,34.2580679,yes,,511.3914616797419
1556,way/1265322923,108.9956923,34.2579061,yes,,509.83270129410533
1557,way/1265323821,108.9957778,34.2578489,yes,,509.7403734161707
1558,way/1265324005,108.9958131,34.2582748,yes,,508.7841071550101
1559,way/1265324080,108.9960201,34.2575673,yes,,500.81103239263285
1560,way/1265324117,108.9958926,34.2577104,yes,,504.73915328173763
1561,way/1265324152,108.9958039,34.2583383,yes,,506.57167752824597
1562,way/1265324294,108.9956953,34.2578136,yes,,501.92806245206543
1563,way/1265322766,108.9976872,34.2653452,yes,,502.5476799132397
1564,way/1265322701,108.995328,34.2609248,yes,,503.32933130293543
1565,way/1265324313,109.0005872,34.2652464,yes,,502.7708619834832
1566,way/1265322431,108.9959663,34.2622992,yes,,501.5026073763593
1567,way/1265323124,108.9992038,34.264783,yes,,527.2370718879703
1568,way/1265322715,108.9972927,34.2642187,yes,,548.9382975519829
1569,way/1265322550,108.998638,34.2660049,yes,,504.5196520531908
1570,way/1265323998,108.995159,34.2616164,yes,,508.9186029583602
1571,way/1265400721,108.9923374,34.2857839,yes,,581.0235398056456
1572,way/1265402602,108.9940288,34.2851724,yes,,503.74828801100637
1573,way/1265402016,108.9936075,34.2860768,yes,,601.0308736435697
1574,way/1265402900,108.9928193,34.2849503,yes,,514.7702170354311
1575,way/1265400033,108.992335,34.2852703,yes,,527.7540752657683
1576,way/1265400173,108.9930124,34.2861614,yes,,643.3962002591725
1577,way/1265401597,108.9936089,34.2855748,yes,,562.2766485724867
1578,way/1265402999,108.9933526,34.285016,yes,,541.948064907895
1579,way/1265402238,108.9963921,34.287582,yes,,506.5811288959351
1580,way/1317047644,108.9942429,34.2938191,residential,8#,503.21394828941936
1581,way/1265402771,109.0028566,34.2898681,yes,,527.3080571880821
1582,way/1265401788,108.9923555,34.2864036,yes,,646.609399344438
1583,way/1371235045,108.9941714,34.290112,yes,,546.8482260698083
1584,way/1265400013,108.999275,34.2895502,yes,,500.9103528387001
1585,way/1371235042,108.9969358,34.2902342,yes,,646.2261408406865
1586,way/1371235053,108.9931101,34.2882395,yes,,553.9177458104439
1587,way/1371234857,108.9933525,34.2978422,industrial,,527.5694094095403
1588,way/1371234799,108.9986061,34.3002367,yes,,510.54217184433173
1589,way/1371234847,108.9951103,34.2986542,industrial,,502.3029753096016
1590,way/1371234834,108.9920919,34.2986686,yes,,516.6719927365112
1591,way/1371234838,108.9929697,34.2986749,industrial,,506.5847008514194
1592,way/1371234848,108.9945395,34.2983391,industrial,,531.4755674176766
1593,way/1371234854,108.9940276,34.2979358,industrial,,550.3267710782533
1594,way/1371234844,108.9924385,34.2986852,industrial,,518.7595568255878
1595,way/1492687037,108.9963817,34.3624843,yes,,564.3391778507288
1596,way/1370887142,109.008637,34.2024693,yes,,603.4898787721036
1597,way/1370887078,109.0030594,34.2041894,yes,,691.9311137804549
1598,way/1370887040,109.0070369,34.2047796,yes,,581.3583730232385
1599,way/1370887148,109.0033223,34.2022015,yes,,908.3589711868865
1600,way/1370887138,109.0065494,34.2026936,yes,,730.1090619600689
1601,way/1370887123,109.0047481,34.2041682,yes,,764.6025507897748
1602,way/1370887137,109.009884,34.2027349,yes,,509.5587088251492
1603,way/1370887039,109.0057601,34.2047671,yes,,693.5255522523942
1604,way/478966576,109.0067293,34.206075,yes,,578.4008227027259
1605,way/1370886382,109.0134631,34.2137853,yes,,633.8453146601802
1606,way/1370886613,109.0077453,34.2114124,yes,,515.9658666887335
1607,way/1370886635,109.0115754,34.2110553,yes,,520.1863820257759
1608,way/1370886799,109.0078671,34.2087164,yes,,530.7123527642345
1609,way/1370886855,109.0051544,34.2078858,yes,,503.13740246776075
1610,way/1370886722,109.0059319,34.2097814,yes,,517.9734334746068
1611,way/1370886610,109.0137594,34.2115818,yes,,566.4551766008966
1612,way/1370886117,109.0133964,34.2163783,yes,,553.8872717055467
1613,way/1413573340,109.0033346,34.2226159,yes,,642.1433006123392
1614,way/1413573406,109.0114472,34.2215008,yes,,640.9806937760706
1615,way/1370885800,109.0136449,34.219186,yes,,651.6689682281656
1616,way/1370886364,109.0120044,34.2138674,yes,,514.0014960464172
1617,way/1370885732,109.0118241,34.2200462,yes,,569.6457879264589
1618,way/1413573391,109.0048111,34.2218188,yes,,508.45529296355164
1619,way/1370886307,109.013529,34.2145304,yes,,605.1712237968615
1620,way/1413573135,109.0075917,34.2255178,yes,,901.9828180865828
1621,way/1413572552,109.0132409,34.2319048,yes,,557.1116137107524
1622,way/1413572557,109.005074,34.2318424,yes,,525.8671230821582
1623,way/1413572356,109.0134137,34.2236753,yes,,940.5403331398094
1624,way/1413572860,109.0119665,34.2277312,yes,,824.8096256339796
1625,way/1413573326,109.003481,34.2231782,yes,,693.0881355969098
1626,way/1413572955,109.0033441,34.2272487,yes,,500.3197198688662
1627,way/1413572729,109.0074948,34.2290455,yes,,847.8530638590576
1628,way/1413572563,109.0059954,34.2320401,yes,,605.5281272641311
1629,way/1414507423,109.0135022,34.2405271,yes,,658.0378472063973
1630,way/1414508008,109.0136403,34.2340177,yes,,544.5753800420041
1631,way/1414507757,109.0094803,34.237205,yes,,650.8270304997006
1632,way/1414507987,109.0083592,34.2343166,yes,,660.3653405124101
1633,way/1414507711,109.0131095,34.2376354,yes,,805.8222063638472
1634,way/1414507539,109.0101873,34.2394421,yes,,616.3482033009177
1635,way/1414507896,109.0107449,34.235309,yes,,808.5297432875012
1636,way/1270259451,109.0138135,34.2434263,yes,,505.6183172216433
1637,way/1270259469,109.0134452,34.2423989,yes,,522.2650063939421
1638,way/1270261056,109.01209,34.2410774,yes,,526.926717659419
1639,way/1270261360,109.0124389,34.2413588,yes,,523.7319682415178
1640,way/1270261600,109.0123956,34.2411635,yes,,537.2985648107009
1641,way/1268937854,109.0134401,34.2679075,yes,,591.0461102709185
1642,way/1265323976,109.0088192,34.2663148,yes,,502.657482615193
1643,way/1268937329,109.0127254,34.2650501,yes,,502.41397529269244
1644,way/1268937279,109.0113913,34.2668385,yes,,536.7036395105056
1645,way/1268937432,109.013688,34.2664122,yes,,648.4370038524384
1646,way/1268937550,109.0114119,34.2655843,yes,,588.1450386250317
1647,way/1268937281,109.0122588,34.2676509,yes,,521.9022769746767
1648,way/1268937827,109.0123272,34.2661023,yes,,623.6006011282337
1649,way/1265401881,109.0064957,34.2763839,yes,,518.9137347899572
1650,way/1268937748,109.0137922,34.2682396,yes,,600.1875781734047
1651,way/1267641796,109.0137294,34.2743089,yes,,512.9005083250842
1652,way/1265401863,109.0035098,34.2760522,yes,,557.7841724009976
1653,way/1267641965,109.0134393,34.271903,yes,,511.83292642484275
1654,way/1265402970,109.0052178,34.2749896,yes,,534.0571295175903
1655,way/1268937193,109.0136526,34.269977,yes,,524.0413906231757
1656,way/1265400042,109.0050293,34.2769902,yes,,532.3704009346109
1657,way/1267642257,109.0115542,34.284159,yes,,613.323920976066
1658,way/1265402996,109.0053548,34.2774672,yes,,511.6597194191787
1659,way/1265400221,109.0065951,34.2861796,yes,,505.81893830302744
1660,way/1265401158,109.0070797,34.2815074,yes,,511.4926342263006
1661,way/1265400401,109.0077102,34.2838615,yes,,621.2791765819551
1662,way/1267641892,109.0130056,34.2861119,yes,,691.7021248880129
1663,way/1265401691,109.0090992,34.2858659,yes,,729.4328265341592
1664,way/1267641827,109.0137029,34.2847338,yes,,670.4251605684773
1665,way/1265401256,109.0059117,34.2879585,yes,,523.2933490079851
1666,way/1267641632,109.0128106,34.2932958,yes,,613.6173849689109
1667,way/1267642175,109.0129261,34.2864651,yes,,684.1808298730766
1668,way/1265400681,109.0071563,34.2925999,yes,,557.4499256503046
1669,way/1265401655,109.0105102,34.2899046,yes,,826.6895872741497
1670,way/1265402071,109.0030039,34.2899205,yes,,536.9389449389791
1671,way/1265400943,109.009079,34.2863925,yes,,734.6874186380322
1672,way/1267641987,109.0137988,34.2894828,yes,,556.8131644110384
1673,way/1373772942,109.0074857,34.3150494,yes,,608.943229876714
1674,relation/16803995,109.0114683,34.3202656,yes,,798.1566103136079
1675,way/1373772978,109.0052787,34.3148952,yes,,538.4758003067824
1676,way/1373772909,109.0088074,34.315378,yes,,510.08366778739264
1677,relation/16803996,109.0114724,34.3193671,yes,,702.2649414788832
1678,way/1373772956,109.0064877,34.3149735,yes,,578.3409367568033
1679,way/1229939758,109.0106422,34.3198135,yes,,774.8064087892992
1680,way/1229939761,109.0120791,34.3198274,yes,,737.3704035646587
1681,way/272974619,109.0125629,34.3383651,commercial,,797.113547781323
1682,way/272974620,109.0134192,34.3371697,residential,,749.7267021983713
1683,way/822908170,109.0106101,34.3406748,yes,,781.1823621373638
1684,way/822908171,109.0104817,34.3409134,yes,,758.4439777200586
1685,way/1370886831,109.0211488,34.2082108,yes,,772.8235006603246
1686,way/1370886426,109.0138735,34.2134556,yes,,684.5197468408079
1687,way/1370886467,109.0217195,34.2127838,yes,,775.0299278076109
1688,way/1370887024,109.0184144,34.2051521,yes,,521.273553479693
1689,way/1370886617,109.0176513,34.2114991,yes,,699.287651851785
1690,way/1370886905,109.0241814,34.2071396,yes,,1030.9333144065806
1691,way/1370886640,109.0145975,34.2110596,yes,,525.1090278274775
1692,way/1370886794,109.0183415,34.2087798,yes,,551.7835579083928
1693,way/1370885901,109.0143033,34.2185364,yes,,677.8844134720702
1694,way/1413573320,109.0193968,34.2228398,yes,,511.9120171126088
1695,way/1370886354,109.0176001,34.2141312,yes,,808.778136438062
1696,way/1370886305,109.0140602,34.2152113,yes,,630.2494526082669
1697,way/1370886023,109.0176394,34.2172131,yes,,591.231749887375
1698,way/1370885806,109.0178221,34.2193829,yes,,511.15362638468036
1699,way/1370885725,109.0158543,34.2200954,yes,,693.4448864432503
1700,way/1370886229,109.0161151,34.2153053,yes,,813.9307300769217
1701,way/1414508573,109.0218122,34.227084,yes,,563.1577332535383
1702,way/1413573270,109.0143919,34.2237589,yes,,945.5301826179764
1703,way/1413573317,109.0195917,34.2230325,yes,,514.8584930065053
1704,way/1413572828,109.013893,34.2280197,yes,,662.4564852670437
1705,way/1414508782,109.0241451,34.2243217,yes,,527.7875708819329
1706,way/1413573042,109.0174921,34.2264754,yes,,616.8429850327095
1707,way/1414508717,109.0199256,34.2253695,yes,,712.923721568806
1708,way/1414508828,109.02177,34.2239293,yes,,501.5477915265884
1709,way/1270259306,109.0230342,34.2397343,yes,,813.4121711627753
1710,way/1414508027,109.0138771,34.2336401,yes,,511.7413111506878
1711,way/1414507422,109.0140846,34.2405202,yes,,696.4687964509114
1712,way/1414507780,109.0183208,34.2370976,yes,,521.4244747130621
1713,way/1270259263,109.0244596,34.2361278,yes,,508.1413004140049
1714,way/1414507764,109.0140062,34.2372143,yes,,715.0808185307095
1715,way/1270261569,109.0179749,34.2409766,yes,,793.1083879260163
1716,way/1270259165,109.0199938,34.2391345,yes,,727.2586999721144
1717,way/1270262083,109.0233188,34.2495792,yes,,542.4213434710352
1718,way/1270261244,109.0142967,34.2416439,yes,,633.4207670840879
1719,way/1270259279,109.0245091,34.241102,yes,,998.2882802919479
1720,way/1270261110,109.0205521,34.2451323,yes,,502.7511588655242
1721,way/1270262400,109.0189852,34.2412121,yes,,791.3501108692682
1722,way/1270260730,109.0169902,34.2434705,yes,,504.6957411765945
1723,way/1270261212,109.0244431,34.2438441,yes,,878.3290037583563
1724,way/1270261478,109.0227054,34.2468986,yes,,601.0417853795458
1725,way/1270259530,109.0147704,34.2560444,yes,,504.1783118684773
1726,way/1270261054,109.0192455,34.2582698,yes,,509.16974510453707
1727,way/1270261096,109.0197006,34.2586461,yes,,510.6983560093308
1728,way/1270261174,109.0198317,34.2590803,yes,,519.9034667078723
1729,way/1270261970,109.0186902,34.2574314,yes,,519.5220910959812
1730,way/1270262292,109.020033,34.2588579,yes,,503.38106509711423
1731,way/1270262212,109.0208816,34.2598505,yes,,539.8032073728884
1732,way/1268937939,109.0141953,34.2680759,yes,,641.4365458940981
1733,way/1268937258,109.0209067,34.2663935,yes,,553.823272228985
1734,way/1268937264,109.0168614,34.265401,yes,,574.7423026242597
1735,way/1268937695,109.0192823,34.2628072,yes,,503.2357823855078
1736,way/1268937923,109.0226342,34.2624761,yes,,736.1422179799872
1737,way/1268937567,109.0185893,34.2679514,yes,,702.1661270098783
1738,way/1268937927,109.0191731,34.2649558,yes,,646.4336267211909
1739,way/1268937408,109.0184984,34.2719845,yes,,785.3794433439431
1740,way/1268937652,109.0138243,34.2685492,yes,,587.3873491272756
1741,way/1268937933,109.020175,34.268184,yes,,554.2815153281995
1742,way/1267641401,109.0142791,34.273769,yes,,563.3815617862432
1743,way/1267641418,109.0191959,34.275758,yes,,512.9419195051858
1744,way/1268937682,109.0172012,34.268862,yes,,822.67474247366
1745,way/1268937316,109.014858,34.2707656,yes,,626.9791024823313
1746,way/1267641217,109.017016,34.2743156,yes,,531.9989493869762
1747,way/1267641558,109.0194967,34.2838492,yes,,523.5908142583336
1748,way/1267641162,109.0144621,34.28604,yes,,574.7742035872003
1749,way/1267641714,109.0138494,34.2836013,yes,,544.1862046826077
1750,way/1267641279,109.0166821,34.2845399,yes,,536.2500084234636
1751,way/1267641546,109.0190535,34.281845,yes,,503.3206781881679
1752,way/1267641570,109.0174306,34.2828311,yes,,500.7513157214883
1753,way/1267642093,109.0148255,34.2847742,yes,,629.3628580353082
1754,way/1267641226,109.018067,34.2840058,yes,,533.0184163725495
1755,way/1267641649,109.0148751,34.2864363,yes,,520.6234453386902
1756,way/1267641588,109.0140953,34.2900672,yes,,506.0874565750252
1757,way/1267641448,109.0138738,34.2883057,yes,,557.5036861244913
1758,way/1267641351,109.0143827,34.2891215,yes,,514.1440954258551
1759,way/1267641216,109.0141536,34.2864533,yes,,579.8194888658907
1760,way/1267641912,109.0141172,34.2895332,yes,,528.1062107749385
1761,way/1267642037,109.0141183,34.2898069,yes,,515.0470682520988
1762,way/1267642342,109.0140918,34.2890338,yes,西安市公交总公司第三公司,539.5991074838723
1763,way/1373773992,109.0237445,34.3100586,yes,,506.6596570202279
1764,way/1373774019,109.0222038,34.3097285,yes,,520.2567565086295
1765,way/1373774032,109.0221803,34.3095757,yes,,518.5085898071154
1766,way/1373774041,109.0221269,34.3094395,yes,,514.4500508396535
1767,way/1373774119,109.0223721,34.3092529,yes,,538.7128019229523
1768,way/1373774122,109.0226512,34.3090506,yes,,566.9212663541192
1769,way/272974621,109.0146132,34.3372908,residential,,841.6629686782725
1770,way/272974622,109.014484,34.3368372,residential,,801.6133413940738
1771,way/272974623,109.0140005,34.336484,residential,,742.6114855136441
1772,way/272974624,109.0144117,34.3362064,residential,,756.6435842056892
1773,way/272974625,109.015313,34.3358836,residential,,810.9318089839358
1774,way/272974626,109.0160222,34.3361531,residential,,882.5632894913908
1775,way/991462753,109.0178471,34.3424763,yes,,1116.4496280837916
1776,way/1370886752,109.0253988,34.2092805,yes,,1164.4786522470492
1777,way/1370886393,109.0355252,34.213706,yes,,1296.3413897545079
1778,way/1370886878,109.0330931,34.2075505,yes,,1612.2281594889694
1779,way/1370886647,109.0300856,34.2109344,yes,,1145.956781055502
1780,way/1370886956,109.0269814,34.20616,yes,,1286.8212405091424
1781,way/1370886738,109.0352429,34.209996,yes,,1528.3363361326908
1782,way/1370886843,109.0297374,34.2080503,yes,,1413.1207860632496
1783,way/1370886541,109.0333244,34.2121888,yes,,1232.7019062081006
1784,way/1414508966,109.0325874,34.2212494,yes,,866.3163694161287
1785,way/1370886300,109.0257828,34.2146332,yes,,596.9151356175337
1786,way/1370886208,109.0328557,34.2154642,yes,,986.6181546872084
1787,way/1370885883,109.0288901,34.2186021,yes,,519.6085063734042
1788,way/1370886371,109.029364,34.2139481,yes,,837.1705306069305
1789,way/1414509028,109.0348982,34.2191828,yes,,1060.7003259503192
1790,way/1414508898,109.0297316,34.222742,yes,,679.9506501118497
1791,way/1370886153,109.0281535,34.2161828,yes,,582.27445922383
1792,way/1414508659,109.0330652,34.2261395,yes,,536.2377747702519
1793,relation/19350067,109.0264855,34.2314247,yes,,531.4862136212943
1794,way/1414508804,109.025624,34.2241111,yes,,540.721978277548
1795,way/1414508869,109.0301494,34.2232508,yes,,742.4414561815743
1796,way/1414508421,109.0299407,34.2290788,yes,,533.8941603529491
1797,way/1414506716,109.0255811,34.2273934,transportation,,725.0153327787052
1798,way/1414508857,109.0350599,34.2235548,yes,,729.8611112902589
1799,way/1414508732,109.028102,34.2245632,yes,,700.9328201553078
1800,way/1414506705,109.0264432,34.2371144,yes,,712.9124522884794
1801,way/1414507445,109.0355519,34.2402621,yes,,744.3807246409913
1802,way/1414508116,109.028971,34.2327967,yes,,501.3301842907787
1803,way/1414507414,109.0296938,34.240863,yes,,1056.8953907540076
1804,way/1414507857,109.0326589,34.2365151,yes,,507.0430536117415
1805,way/1270259283,109.0248084,34.2409757,yes,,994.6787489834716
1806,way/1414507694,109.0298336,34.2378916,yes,,759.8476351857935
1807,relation/19350052,109.0322589,34.2393633,yes,,821.9462260443263
1808,way/1414507170,109.0328145,34.2446595,yes,,693.3788347475576
1809,way/1270259278,109.0247162,34.2411302,yes,,1007.7261157935408
1810,way/1270261583,109.025074,34.2481373,yes,,508.2679294032185
1811,way/1414507392,109.0352778,34.241065,yes,,833.2733619347305
1812,way/1414507332,109.0297438,34.2414228,yes,,1112.2741257387338
1813,way/1414507148,109.0281457,34.245253,yes,,706.7318374719633
1814,way/1414507079,109.0311468,34.2474462,yes,,512.6408978301092
1815,way/1270259979,109.0252047,34.2438029,yes,,923.651470763202
1816,way/1511012520,109.0342117,34.2855329,yes,,587.5352789704729
1817,way/1511012521,109.0349312,34.2856025,yes,,521.2272739231018
1818,way/1511012525,109.0336817,34.2861694,yes,,626.3787335181348
1819,way/1511012714,109.0344975,34.285205,yes,,549.6739117074943
1820,way/1511004213,109.0330986,34.291655,yes,,508.0001099014976
1821,way/1511012499,109.0342613,34.2862436,yes,,572.6940338100554
1822,way/1511012543,109.035509,34.289129,yes,,538.2462070546565
1823,way/1511012518,109.0322227,34.2882222,yes,,780.7386022999099
1824,way/1511004221,109.0318249,34.2935571,yes,,519.532135227333
1825,way/1511012534,109.033129,34.2898766,yes,,651.0255366916113
1826,way/1511012496,109.0344843,34.2878435,yes,,568.9435182653176
1827,way/1511012556,109.0351082,34.2903684,yes,,511.7513562813195
1828,way/1268576007,109.0338065,34.3129957,school,,613.7627120069096
1829,way/1268576009,109.0345317,34.3132828,school,,667.7738821960957
1830,way/1268576011,109.0349216,34.3129292,school,,684.7128203108424
1831,way/1228204782,109.0338575,34.3145803,yes,西安签证申请中心,521.0778836195217
1832,way/1268576008,109.0340615,34.3136322,school,,610.0897632738858
1833,way/1268576010,109.0349753,34.3135272,school,,676.2042102742332
1834,way/982246986,109.0338402,34.3468385,yes,浐灞自贸功能区商务中心,1083.4622498615288
1835,way/1246799920,109.0264026,34.347279,yes,,1009.3669735366171
1836,way/1246799921,109.0259948,34.348029,yes,,931.8712431270104
1837,way/1370886437,109.0380214,34.2131923,yes,,1524.6122592502193
1838,way/1370886853,109.036039,34.2079361,yes,,1744.5877109512603
1839,way/1370886614,109.0425841,34.2114029,yes,,1682.162638917083
1840,way/1370886700,109.0385632,34.2100056,yes,,1758.7289857081328
1841,way/1370886633,109.0357005,34.2113894,yes,,1456.659625334618
1842,way/1370886404,109.0356894,34.2135545,yes,,1317.9157435907955
1843,way/1370886707,109.0363938,34.2099111,yes,,1611.921244158713
1844,way/1370886619,109.0375511,34.2114399,yes,,1589.4333100181207
1845,way/1370886079,109.0381488,34.2167936,yes,,1394.3286179168376
1846,way/1414509004,109.0461909,34.2204108,yes,,669.8617892165283
1847,way/1414508886,109.038788,34.2228791,yes,,817.8998713571536
1848,way/1414509023,109.0417784,34.2194189,yes,,1054.6204416490007
1849,way/1414509010,109.0357765,34.2201686,yes,,1095.6076425537897
1850,way/1414509041,109.0449103,34.216963,yes,,1042.1748967664134
1851,way/1370886356,109.0370358,34.2139663,yes,,1404.616368654669
1852,way/1370886053,109.0413559,34.2169806,yes,,1254.5303470696865
1853,way/1414508853,109.0383719,34.2235612,yes,,735.112027657154
1854,way/1414508381,109.0429167,34.2299084,yes,,584.4616414639503
1855,way/1414508827,109.0452126,34.224058,yes,,564.6659033547293
1856,way/1414508619,109.0401999,34.2265459,yes,,509.41792991563506
1857,way/1414508602,109.0432438,34.2268077,yes,,709.6344611103059
1858,way/1414508799,109.0357517,34.2242403,yes,,644.7827003545797
1859,way/1414508709,109.0379556,34.2255427,yes,,511.9931138791197
1860,way/1414508818,109.0431255,34.2241043,yes,,754.9282757483986
1861,way/1414507674,109.0434606,34.2381524,yes,,500.7354311646462
1862,relation/19350082,109.0358713,34.2405943,yes,,760.405984426096
1863,way/1414507393,109.0407115,34.240929,yes,,698.867538949479
1864,way/1414507677,109.035866,34.2381388,yes,,541.7370012444973
1865,way/1414507417,109.0436161,34.2408146,yes,,759.4933453669034
1866,way/1414507569,109.0412327,34.2392313,yes,,519.4707547403327
1867,way/1414507487,109.0376804,34.2398429,yes,,613.5101890768353
1868,way/1414507544,109.0430692,34.2394986,yes,,606.1940066537287
1869,way/1414507192,109.0427036,34.243908,yes,,1007.2562042023617
1870,relation/19350081,109.0359611,34.2410086,yes,,796.7535927241453
1871,way/1414506860,109.0407388,34.2499865,yes,,507.3504071109976
1872,way/1414507126,109.0371831,34.2462218,yes,,513.4488428223513
1873,way/1511023078,109.0462366,34.2476795,yes,,532.5697849436929
1874,way/1414507335,109.0401283,34.2412784,yes,,734.7850974875666
1875,way/1414507076,109.0421549,34.247,yes,,746.9014491589163
1876,way/1414507201,109.0356204,34.2435506,yes,,779.860011747345
1877,way/1511023141,109.0462285,34.2541968,yes,,563.8303545798649
1878,way/1414506862,109.041089,34.2508607,yes,,532.0254456393723
1879,way/1511023120,109.0451063,34.2511754,yes,,516.9166422508442
1880,way/1511023162,109.0433991,34.2540768,yes,,507.1239011957716
1881,way/1511023170,109.0447887,34.2528358,yes,,592.027643564569
1882,way/1414506851,109.0425585,34.2502287,yes,,671.6071868429489
1883,way/1414506741,109.0411233,34.2521264,yes,,507.60885262222723
1884,way/1511023153,109.0434923,34.2530328,yes,,618.8611725623862
1885,way/966198616,109.0393549,34.3017465,yes,建行陕西省分行浐灞营运大楼(培训中心),681.1322496880042
1886,way/988677951,109.040273,34.3010362,yes,西安金盾押运有限公司,766.2597522785621
1887,way/1268576030,109.0395795,34.3132786,transportation,,1035.3816502393076
1888,way/1268576038,109.0395511,34.3129522,transportation,,1050.9663194916511
1889,way/1268576035,109.0401535,34.3146744,transportation,,949.446185342933
1890,way/1213509464,109.0399026,34.3204469,commercial,浐灞政务中心,527.6516668915149
1891,way/692999271,109.0411882,34.3182232,transportation,浐灞中心,738.4640007789941
1892,way/1268576031,109.0396907,34.3136298,transportation,,1026.202817975947
1893,way/1213509463,109.0402436,34.3185935,commercial,浐灞政务中心,643.2062061261662
1894,way/1268576037,109.0406445,34.3153856,transportation,,912.6734724571919
1895,way/1268576032,109.0398943,34.3139755,transportation,,1002.6138576385682
1896,way/1268576034,109.0405912,34.3145611,transportation,,982.6965963820742
1897,way/692999270,109.0423879,34.3465201,transportation,务庄,667.6730181740685
1898,way/982013423,109.040813,34.3455757,yes,砂之船(西安)奥莱,666.3455286533037
1899,way/982029066,109.0373742,34.3462632,yes,西安浐灞假日酒店,955.0382555798594
1900,way/374899758,109.0471729,34.22047,yes,,604.7530244340752
1901,way/1414508993,109.0466688,34.2206271,yes,,622.0561731939489
1902,way/1414509001,109.046647,34.2204463,yes,,638.1914964124071
1903,way/1512648469,109.0527655,34.2428775,yes,,893.3870766215326
1904,way/1511023079,109.0465898,34.2476736,yes,,508.39675260704024
1905,way/1512648594,109.0568029,34.2487552,yes,,502.9607377170982
1906,way/1512648539,109.0570908,34.244777,yes,,884.6624208903312
1907,way/1511298777,109.0501886,34.2450589,yes,,632.2885138892032
1908,way/1512648527,109.0542932,34.2469417,yes,,534.9541132533635
1909,way/1512648533,109.0528705,34.2453638,yes,,628.949315918831
1910,way/1512648468,109.0546685,34.2439081,yes,,841.450665008163
1911,way/1511023137,109.0464546,34.2542626,yes,,554.0167819781508
1912,way/1511298738,109.0479429,34.2577759,yes,,612.3642279107697
1913,way/1511298739,109.0483213,34.2573023,yes,,635.9399805719298
1914,way/1511298740,109.04893,34.256907,yes,,574.712938904783
1915,way/1511298741,109.0486445,34.256327,yes,,583.1547385806496
1916,way/1511298742,109.0476081,34.2584289,yes,,579.0187593513529
1917,way/1511298743,109.0470686,34.2582364,yes,,529.2983752780459
1918,way/1511298744,109.0485189,34.257953,yes,,633.9726460112996
1919,way/1512649763,109.0530254,34.2670878,yes,,590.8059545546361
1920,way/1512649009,109.0493581,34.2594312,yes,,630.9699844622677
1921,way/1512649189,109.0571518,34.2607767,yes,,521.6556480301323
1922,way/1512649049,109.0466268,34.2649698,yes,,563.7259930342211
1923,way/1512649512,109.0526752,34.2628835,yes,,757.4519989621161
1924,way/1512649674,109.0556845,34.2637406,yes,,504.94421040507484
1925,way/1512649650,109.0508872,34.26522,yes,,692.1733212238629
1926,way/1512649016,109.0496907,34.261863,yes,,789.1282888856824
1927,way/1512649911,109.0546373,34.2695275,yes,,521.714548743402
1928,way/1512649771,109.0513815,34.2684179,yes,,507.2857033557354
1929,way/1512649884,109.056841,34.2710479,yes,,505.8233383598691
1930,way/1512649896,109.0519473,34.2703303,yes,,514.6434154504616
1931,way/1512649918,109.0547797,34.2716938,yes,,504.9130575261958
1932,way/1512649736,109.053072,34.2686793,yes,,614.0300460137828
1933,way/1512649923,109.053666,34.27071,yes,,529.8664949412832
1934,way/1512649910,109.0554257,34.2702915,hotel,西安长征米拉梭酒店(纺织城店),517.1321350627679
1935,way/458012416,109.0521376,34.2846103,storage_tank,,504.5059044274234
1936,way/458012413,109.0493567,34.2864939,industrial,,531.6411378051878
1937,way/1227181342,109.0525683,34.2867972,industrial,,501.69953982919196
1938,way/965705235,109.046959,34.2987686,yes,,522.4408069361605
1939,way/965705236,109.0465497,34.2987731,yes,,548.8337462469332
1940,way/252885706,109.055014,34.3233566,yes,长安塔,650.5461055902689
1941,way/669882474,109.0471872,34.3314243,transportation,香湖湾,976.8519952927589
1942,way/837448656,109.0541405,34.3281815,commercial,西安国际会议中心,929.8832310176873
1943,way/1213509478,109.0552702,34.3514658,yes,,1340.6065283217097
1944,way/1512648987,109.0612295,34.24994,yes,,666.4411034327682
1945,way/1512648537,109.0578157,34.2447627,transportation,,931.3420364272955
1946,way/1512648599,109.0573391,34.2485796,yes,,539.0027958012126
1947,way/1512648553,109.0592792,34.2469201,yes,,784.3164577585285
1948,way/1512648584,109.0595049,34.2488288,yes,,623.261258052894
1949,way/1512648549,109.0596137,34.2455802,yes,,929.9772077482259
1950,way/1512648995,109.0591814,34.2444187,yes,,1031.2821047527707
1951,way/1512648578,109.0605176,34.2480064,yes,,753.4753138785888
1952,way/1512648700,109.0616469,34.2538769,yes,,616.5574373892239
1953,way/1512649253,109.0654311,34.2571725,yes,,520.6776661731932
1954,way/1512648745,109.0594224,34.2503562,yes,,502.38169753162884
1955,way/1512649117,109.0609175,34.2576652,yes,,539.501488311592
1956,way/1512649229,109.0628572,34.2562572,yes,,619.4777041901428
1957,way/1512648758,109.0609937,34.2519241,yes,,562.9241074458641
1958,way/1512648690,109.063468,34.2545384,yes,,791.4787567403004
1959,way/1512648865,109.0604521,34.255192,yes,,504.9347601832992
1960,way/1512649532,109.0581472,34.2615847,yes,,549.5745155664309
1961,way/1512649163,109.059022,34.2599266,yes,,509.9784602698508
1962,way/1512649175,109.0576309,34.2604204,yes,,503.1291555859016
1963,way/1512649576,109.0579458,34.2625304,yes,,520.7169363919164
1964,way/1512649695,109.05843,34.2608999,yes,,531.4094976913791
1965,way/1512649535,109.0573417,34.2613318,yes,,585.5953566733078
1966,way/1512649589,109.0585822,34.2621419,yes,,511.42844947444183
1967,way/1512649523,109.0576589,34.2618687,yes,,594.4175530182055
1968,way/255355034,109.0603989,34.3169287,yes,,621.680618259745
1969,way/255355036,109.060193,34.3162592,yes,,698.4857776118517
1970,way/254608593,109.0573988,34.325713,yes,创意馆,563.0117604033778
1971,way/1206155990,109.0597319,34.3492332,roof,,1076.2455048287989
1972,way/1232809775,109.059342,34.3503675,yes,西安世园旅游汽车有限公司,1197.4909135418798
1973,way/1232809776,109.05961,34.3508754,transportation,,1256.1452089002112
1974,way/1232809777,109.0595553,34.3512501,transportation,,1297.0622864911077
1975,way/1232809778,109.0592381,34.3510792,transportation,,1275.520358633484
1976,way/1232809779,109.0591955,34.3507143,transportation,,1234.7632417661296
1977,way/1512648403,109.0744033,34.2768578,yes,,605.9053708684776
1978,way/1512648328,109.0753164,34.2738425,yes,,527.073501335297
1979,way/1512648387,109.0773157,34.2769484,yes,,826.0079256619242
1980,way/1512648386,109.0759145,34.2755148,yes,,637.1732703144284
1981,way/1512648401,109.0726768,34.2768364,yes,,500.97044187234525
1982,way/1512648345,109.0744186,34.2755259,yes,,516.378131468081
1983,way/1512648400,109.0756955,34.2769511,yes,,703.0460940348589
1984,way/1512648350,109.0749038,34.2747355,yes,,517.9759973768579
1985,way/1512651559,109.0733587,34.2778692,yes,,631.3252768759461
1986,way/1055893535,109.0762675,34.2843793,construction,,966.3073963855619
1987,way/1512651586,109.0785666,34.2782443,yes,,1000.9661269518156
1988,way/1204953694,109.0736145,34.2816457,yes,,655.3272133522257
1989,way/1055893538,109.0724881,34.2842873,construction,,651.4288685692085
1990,way/1512651533,109.070331,34.2776597,yes,,510.7644256386323
1991,way/1201063798,109.0767375,34.2820775,transportation,,945.6087362516236
1992,way/1512651580,109.0762421,34.2775808,yes,,785.9055620185693
1993,way/1482378117,109.0800881,34.2806803,yes,,1248.7402568185305
1994,way/1512651587,109.0795033,34.2780824,yes,,1063.263522109925
1995,way/1512651588,109.0792717,34.2781594,yes,,1049.7140429733847
1996,way/1512651589,109.0797824,34.2779528,yes,,1077.960600018119
1997,way/1515071498,109.0797179,34.2785152,yes,,1105.583557079781
1998,way/970930117,109.0839184,34.2895519,yes,西安崔振宽美术馆,1214.9897458695434
1999,way/1225890793,109.0815964,34.3047593,yes,田王收费站,1054.6022768363548
