grid_id,center_lng,center_lat,min_lng,max_lng,min_lat,max_lat,population,transport,shopping,education,life_service,dining,company,road_density,road_proximity,demand_intensity,outlet_count,zone
4338,109.06559577830228,34.28126595564285,109.06446965217614,109.0667219044284,34.28013982951672,34.282392081768975,822.2,11.0,25.0,2.0,9.0,7.0,1.0,0.0,0.6312607169177668,0.4223362047132314,2,均衡区
554,108.98001019271685,34.34658127095824,108.97888406659072,108.98113631884296,34.345455144832115,34.34770739708437,120.46,3.0,16.0,4.0,6.0,36.0,1.0,0.0,0.664741634130568,0.4003560764826228,0,高需求低供给
3689,108.826857039564,34.29027496465187,108.82573091343788,108.82798316569011,34.28914883852574,34.291401090777995,1169.39,7.0,10.0,10.0,10.0,5.0,1.0,849.99,0.7595516184302441,0.3868662593913577,3,均衡区
5752,108.817848030555,34.25423892861579,108.81672190442887,108.81897415668112,34.25311280248966,34.255365054741915,525.83,3.0,16.0,4.0,7.0,26.0,1.0,838.77,0.7102498627374595,0.3723127588084978,0,高需求低供给
5630,108.817848030555,34.25649118086804,108.81672190442887,108.81897415668112,34.255365054741915,34.25761730699417,963.03,1.0,8.0,7.0,16.0,17.0,0.0,0.0,0.7251029358102611,0.3612384013334593,1,均衡区
581,109.04082100352754,34.34658127095824,109.03969487740142,109.04194712965366,34.345455144832115,34.34770739708437,49.14,1.0,26.0,1.0,2.0,27.0,1.0,320.57,0.80632628047887,0.3276917688941013,0,高需求低供给
1859,108.96649667920336,34.32180649618344,108.96537055307724,108.96762280532948,34.32068037005731,34.322932622309565,1011.38,5.0,12.0,11.0,6.0,0.0,1.0,0.0,0.5952963324883479,0.3213990248656843,2,均衡区
7365,109.05208226478878,34.22495964933647,109.05095613866266,109.0532083909149,34.223833523210345,34.2260857754626,502.22,7.0,7.0,0.0,6.0,26.0,1.0,324.24,0.8386121770830253,0.3120236899810664,1,均衡区
4459,109.03856875127528,34.27901370339059,109.03744262514915,109.03969487740142,34.277887577264465,34.28013982951672,458.86,1.0,18.0,6.0,9.0,7.0,1.0,131.16,0.7481536674817849,0.3078446626853213,1,均衡区
2997,108.81109127379824,34.30153622591314,108.80996514767212,108.81221739992438,34.300410099787015,34.30266235203927,651.93,4.0,4.0,6.0,9.0,5.0,4.0,888.41,0.8627126800855706,0.2908843368214694,1,均衡区
6483,108.86739758010444,34.24072541510226,108.86627145397831,108.86852370623058,34.23959928897613,34.241851541228385,616.23,2.0,28.0,1.0,7.0,6.0,0.0,0.0,0.7120008773834803,0.2902425001641653,1,均衡区
3551,108.82460478731174,34.29252721690412,108.82347866118562,108.82573091343788,34.291401090777995,34.29365334303025,910.95,0.0,27.0,1.0,11.0,4.0,0.0,0.0,0.685200549749739,0.2889718436079784,1,均衡区
3838,108.85388406659096,34.28802271239961,108.85275794046484,108.85501019271707,34.286896586273485,34.28914883852574,1179.1,2.0,9.0,12.0,4.0,6.0,0.0,792.9000000000001,0.704486991481718,0.2876344326866071,0,高需求低供给
5753,108.82010028280725,34.25423892861579,108.81897415668112,108.82122640893336,34.25311280248966,34.255365054741915,306.2,6.0,9.0,0.0,4.0,14.0,0.0,8675.460000000001,0.8179188978865147,0.2778301942286779,0,高需求低供给
6607,108.88766785037468,34.23847316285,108.88654172424856,108.8887939765008,34.237347036723875,34.23959928897613,1442.97,3.0,8.0,8.0,7.0,1.0,2.0,882.5799999999999,0.902960240159863,0.2764907610329009,1,均衡区
7203,108.94172190442865,34.22721190158873,108.94059577830252,108.94284803055476,34.2260857754626,34.228338027714855,1251.49,1.0,15.0,9.0,6.0,1.0,0.0,1251.14,0.926228362625368,0.2760174410182116,1,均衡区
5354,109.03181199451856,34.26324793762481,109.03068586839242,109.03293812064469,34.26212181149868,34.264374063750935,560.82,1.0,17.0,4.0,6.0,8.0,1.0,2514.3,0.783521284081162,0.2744901230854916,0,高需求低供给
8007,109.00928947199608,34.21144613582294,109.00816334586996,109.0104155981222,34.210320009696815,34.21257226194907,1137.92,1.0,2.0,4.0,7.0,3.0,11.0,0.0,0.59002207058884,0.2647900033165498,0,高需求低供给
6842,108.89892911163592,34.23396865834549,108.8978029855098,108.90005523776205,34.232842532219365,34.23509478447162,1179.47,5.0,6.0,5.0,5.0,1.0,4.0,1429.18,0.7320069456904987,0.2580984807344851,1,均衡区
6598,108.86739758010444,34.23847316285,108.86627145397831,108.86852370623058,34.237347036723875,34.23959928897613,872.61,5.0,8.0,4.0,7.0,2.0,0.0,4678.46,0.8487805003553563,0.2569354152870137,0,高需求低供给
5631,108.82010028280725,34.25649118086804,108.81897415668112,108.82122640893336,34.255365054741915,34.25761730699417,685.14,7.0,4.0,5.0,5.0,6.0,1.0,974.44,0.8097140558403342,0.2554105525701954,0,高需求低供给
3275,108.82010028280725,34.29703172140863,108.81897415668112,108.82122640893336,34.295905595282505,34.29815784753476,576.73,2.0,31.0,1.0,1.0,0.0,2.0,602.96,0.8940136090792552,0.2530686340777323,0,高需求低供给
7170,108.86739758010444,34.22721190158873,108.86627145397831,108.86852370623058,34.2260857754626,34.228338027714855,775.32,5.0,6.0,6.0,4.0,2.0,0.0,6042.8,0.7827732624536726,0.2488471392002344,0,高需求低供给
4127,108.89442460713144,34.2835182078951,108.8932984810053,108.89555073325756,34.282392081768975,34.28464433402123,903.46,0.0,15.0,6.0,5.0,7.0,1.0,0.0,0.7776333742608369,0.2485460741357156,1,均衡区
6345,108.817848030555,34.24297766735451,108.81672190442887,108.81897415668112,34.241851541228385,34.24410379348064,630.32,8.0,1.0,0.0,1.0,0.0,13.0,0.0,0.497090574066433,0.2461308425195542,0,高需求低供给
4339,109.06784803055452,34.28126595564285,109.0667219044284,109.06897415668064,34.28013982951672,34.282392081768975,697.88,4.0,18.0,5.0,1.0,5.0,0.0,0.0,0.797951145544383,0.2459043587025967,0,高需求低供给
7481,108.80658676929376,34.22045514483196,108.80546064316763,108.80771289541988,34.219329018705835,34.22158127095809,357.95,0.0,11.0,0.0,10.0,20.0,0.0,0.0,0.7132642055574826,0.2458989083288089,2,均衡区
5234,109.04532550803204,34.26550018987706,109.04419938190593,109.04645163415816,34.264374063750935,34.26662631600319,718.21,1.0,27.0,0.0,1.0,0.0,6.0,0.0,0.7433183624363989,0.2448368613270346,0,高需求低供给
1342,108.94172190442865,34.33081550519246,108.94059577830252,108.94284803055476,34.32968937906633,34.331941631318585,753.85,3.0,14.0,3.0,10.0,0.0,0.0,0.0,0.7158286237905744,0.2433641341403911,0,高需求低供给
4858,109.05433451704104,34.27225694663383,109.0532083909149,109.05546064316717,34.2711308205077,34.273383072759955,951.39,4.0,2.0,8.0,4.0,4.0,3.0,295.13,0.7063959605944243,0.2426125693247094,0,高需求低供给
3548,108.817848030555,34.29252721690412,108.81672190442887,108.81897415668112,34.291401090777995,34.29365334303025,791.14,4.0,1.0,9.0,5.0,6.0,1.0,0.0,0.6118681861197606,0.2415858532752038,1,均衡区
6344,108.81559577830276,34.24297766735451,108.81446965217664,108.81672190442887,34.241851541228385,34.24410379348064,403.91,11.0,0.0,1.0,1.0,0.0,8.0,0.0,0.5674449912893714,0.2340432122823278,0,高需求低供给
7252,109.05208226478878,34.22721190158873,109.05095613866266,109.0532083909149,34.2260857754626,34.228338027714855,641.96,1.0,11.0,2.0,8.0,11.0,1.0,0.0,0.5359484170040357,0.2332119165425818,0,高需求低供给
6571,108.80658676929376,34.23847316285,108.80546064316763,108.80771289541988,34.237347036723875,34.23959928897613,165.59,4.0,6.0,1.0,6.0,16.0,1.0,0.0,0.633296658252922,0.2301989908707453,0,高需求低供给
8466,108.94622640893311,34.20018487456167,108.945100282807,108.94735253505924,34.19905874843554,34.201311000687795,790.13,2.0,9.0,3.0,7.0,0.0,5.0,0.0,0.8242780952577917,0.2289344901140695,0,高需求低供给
7471,109.03631649902304,34.22270739708422,109.03519037289692,109.03744262514915,34.22158127095809,34.223833523210345,490.01,0.0,6.0,2.0,13.0,12.0,0.0,0.0,0.5794275602684589,0.2289106902999272,0,高需求低供给
7316,108.94172190442865,34.22495964933647,108.94059577830252,108.94284803055476,34.223833523210345,34.2260857754626,706.79,5.0,9.0,1.0,4.0,0.0,3.0,5396.09,0.9654019142475232,0.228351390431852,0,高需求低供给
6599,108.8696498323567,34.23847316285,108.86852370623058,108.87077595848282,34.237347036723875,34.23959928897613,1271.94,6.0,8.0,1.0,9.0,2.0,0.0,0.0,0.6244168356067543,0.227056610270628,2,均衡区
7364,109.04983001253652,34.22495964933647,109.0487038864104,109.05095613866266,34.223833523210345,34.2260857754626,487.72,4.0,9.0,0.0,3.0,16.0,1.0,1374.75,0.8689381467238925,0.2233767630191187,0,高需求低供给
7317,108.94397415668088,34.22495964933647,108.94284803055476,108.945100282807,34.223833523210345,34.2260857754626,557.46,5.0,11.0,3.0,4.0,0.0,2.0,243.04,0.8431971291070139,0.2186610031948001,0,高需求低供给
3055,108.94172190442865,34.30153622591314,108.94059577830252,108.94284803055476,34.300410099787015,34.30266235203927,800.46,2.0,9.0,2.0,6.0,2.0,3.0,2713.33,0.7901408249770396,0.2145327206635991,0,高需求低供给
3445,108.89442460713144,34.29477946915638,108.8932984810053,108.89555073325756,34.29365334303025,34.295905595282505,1270.42,4.0,5.0,4.0,5.0,5.0,1.0,479.73,0.8085762663090534,0.213280568885352,1,均衡区
863,108.94172190442865,34.33982451420148,108.94059577830252,108.94284803055476,34.33869838807535,34.340950640327605,721.94,2.0,20.0,0.0,3.0,0.0,1.0,3303.78,0.73416178257642,0.2028464603527649,0,高需求低供给
4947,108.9687489314556,34.27000469438157,108.96762280532948,108.96987505758172,34.268878568255445,34.2711308205077,749.66,0.0,17.0,0.0,10.0,0.0,1.0,0.0,0.6903388292374257,0.202359776152692,1,均衡区
2658,108.9687489314556,34.30829298266991,108.96762280532948,108.96987505758172,34.30716685654378,34.309419108796035,1030.88,1.0,4.0,2.0,2.0,0.0,11.0,747.84,0.7601495099472682,0.2020248713166214,1,均衡区
7228,108.99802821073484,34.22721190158873,108.9969020846087,108.99915433686095,34.2260857754626,34.228338027714855,1065.42,3.0,1.0,5.0,1.0,2.0,7.0,748.59,0.790728172617571,0.2020061194886712,0,高需求低供给
7541,108.94172190442865,34.22045514483196,108.94059577830252,108.94284803055476,34.219329018705835,34.22158127095809,896.69,2.0,2.0,7.0,2.0,3.0,1.0,6031.65,0.942516071565586,0.2016356135305375,2,均衡区
2122,108.9687489314556,34.31730199167893,108.96762280532948,108.96987505758172,34.3161758655528,34.318428117805055,954.46,2.0,16.0,3.0,3.0,1.0,1.0,0.0,0.6759083683056838,0.1997617915108048,1,均衡区
1250,109.00928947199608,34.33306775744471,109.00816334586996,109.0104155981222,34.331941631318585,34.33419388357084,638.9,1.0,2.0,1.0,7.0,14.0,3.0,239.56,0.8541344204862635,0.1992118846914681,0,高需求低供给
7672,108.9867669494736,34.21820289257971,108.98564082334748,108.98789307559971,34.21707676645358,34.219329018705835,783.97,0.0,15.0,1.0,8.0,0.0,2.0,342.29,0.7157540218248837,0.1975084402631354,0,高需求低供给
3989,108.88766785037468,34.28577046014736,108.88654172424856,108.8887939765008,34.28464433402123,34.286896586273485,876.47,2.0,6.0,5.0,4.0,8.0,0.0,274.9,0.6946573074420992,0.1961524372571188,0,高需求低供给
4126,108.89217235487918,34.2835182078951,108.89104622875304,108.8932984810053,34.282392081768975,34.28464433402123,1239.01,6.0,5.0,1.0,4.0,5.0,1.0,598.4300000000001,0.8265339540163699,0.1953874652931304,2,均衡区
4987,109.05883902154552,34.27000469438157,109.0577128954194,109.05996514767163,34.268878568255445,34.2711308205077,831.26,4.0,2.0,4.0,2.0,5.0,4.0,305.49,0.7462859611823555,0.1951131940014898,0,高需求低供给
1925,108.8223525350595,34.31955424393118,108.82122640893336,108.82347866118562,34.318428117805055,34.32068037005731,183.62,0.0,17.0,1.0,8.0,1.0,1.0,0.0,0.502269184045103,0.1943485487678665,0,高需求低供给
745,108.93271289541964,34.34207676645373,108.93158676929352,108.93383902154577,34.340950640327605,34.34320289257986,1016.89,3.0,10.0,4.0,5.0,0.0,0.0,394.23,0.8286710215562944,0.1943371721617428,0,高需求低供给
1296,108.83811830082524,34.33081550519246,108.8369921746991,108.83924442695135,34.32968937906633,34.331941631318585,818.51,6.0,4.0,0.0,3.0,12.0,1.0,0.0,0.6132740990819175,0.1932891919922663,1,均衡区
864,108.94397415668088,34.33982451420148,108.94284803055476,108.945100282807,34.33869838807535,34.340950640327605,892.96,4.0,9.0,3.0,4.0,1.0,1.0,0.0,0.6706456134309098,0.1909157092908146,0,高需求低供给
7363,109.04757776028428,34.22495964933647,109.04645163415816,109.0487038864104,34.223833523210345,34.2260857754626,183.95,2.0,2.0,0.0,6.0,19.0,1.0,329.22,0.7760902191173218,0.1896433695396981,0,高需求低供给
859,108.93271289541964,34.33982451420148,108.93158676929352,108.93383902154577,34.33869838807535,34.340950640327605,1171.85,4.0,8.0,3.0,3.0,0.0,1.0,2369.46,0.7655220030063254,0.1895578771441728,1,均衡区
1174,108.83811830082524,34.33306775744471,108.8369921746991,108.83924442695135,34.331941631318585,34.33419388357084,871.23,6.0,7.0,0.0,0.0,12.0,1.0,486.54,0.7832129324567493,0.1891842754965557,0,高需求低供给
7440,108.96649667920336,34.22270739708422,108.96537055307724,108.96762280532948,34.22158127095809,34.223833523210345,1514.33,2.0,3.0,2.0,2.0,3.0,7.0,922.3,0.8931056267570938,0.1877695665482254,0,高需求低供给
8528,108.89892911163592,34.19793262230941,108.8978029855098,108.90005523776205,34.196806496183285,34.19905874843554,830.65,0.0,13.0,3.0,7.0,2.0,0.0,20.18,0.7671832081330767,0.1873659710247946,0,高需求低供给
6343,108.8133435260505,34.24297766735451,108.81221739992438,108.81446965217664,34.241851541228385,34.24410379348064,376.51,5.0,1.0,1.0,1.0,1.0,9.0,0.0,0.9151681876593428,0.1861796380431787,0,高需求低供给
3858,108.89892911163592,34.28802271239961,108.8978029855098,108.90005523776205,34.286896586273485,34.28914883852574,1376.8,5.0,3.0,4.0,2.0,5.0,1.0,0.0,0.7385518158886946,0.1856123227547449,0,高需求低供给
3856,108.89442460713144,34.28802271239961,108.8932984810053,108.89555073325756,34.286896586273485,34.28914883852574,1652.74,6.0,4.0,1.0,2.0,1.0,4.0,0.0,0.6908343813392365,0.1842547862066236,0,高需求低供给
6047,108.94172190442865,34.24973442411128,108.94059577830252,108.94284803055476,34.24860829798515,34.250860550237405,1026.37,7.0,3.0,2.0,1.0,0.0,1.0,4543.16,0.8723545818440362,0.1799858786970275,1,均衡区
1979,108.94397415668088,34.31955424393118,108.94284803055476,108.945100282807,34.318428117805055,34.32068037005731,1382.66,4.0,1.0,5.0,4.0,0.0,2.0,82.5,0.9713928487968996,0.179665693268871,2,均衡区
5508,108.82010028280725,34.2587434331203,108.81897415668112,108.82122640893336,34.25761730699417,34.259869559246425,712.55,7.0,3.0,1.0,6.0,2.0,0.0,0.0,0.6753239462742411,0.1792599357119171,1,均衡区
7579,109.02730749001404,34.22045514483196,109.02618136388791,109.02843361614018,34.219329018705835,34.22158127095809,158.49,0.0,26.0,0.0,2.0,0.0,1.0,0.0,0.5982941800458117,0.1792175413580844,0,高需求低供给
7358,109.03631649902304,34.22495964933647,109.03519037289692,109.03744262514915,34.223833523210345,34.2260857754626,200.35,4.0,1.0,4.0,4.0,5.0,2.0,0.0,0.8768503357060674,0.1789800215381452,0,高需求低供给
8094,108.9687489314556,34.20919388357069,108.96762280532948,108.96987505758172,34.20806775744456,34.210320009696815,1002.36,3.0,7.0,6.0,2.0,1.0,0.0,440.27,0.9345161418134004,0.1789199689382867,0,高需求低供给
4728,109.05208226478878,34.27450919888608,109.05095613866266,109.0532083909149,34.273383072759955,34.27563532501221,1013.27,3.0,6.0,1.0,2.0,7.0,2.0,2748.46,0.7482158064599576,0.1786478902227876,0,高需求低供给
4128,108.89667685938367,34.2835182078951,108.89555073325756,108.8978029855098,34.282392081768975,34.28464433402123,701.42,0.0,1.0,4.0,7.0,2.0,5.0,0.0,0.7187968869140573,0.1786238120039009,0,高需求低供给
2647,108.94397415668088,34.30829298266991,108.94284803055476,108.945100282807,34.30716685654378,34.309419108796035,834.18,3.0,4.0,6.0,5.0,0.0,0.0,0.0,0.7280617323052677,0.1773926148920908,1,均衡区
4337,109.06334352605002,34.28126595564285,109.0622173999239,109.06446965217614,34.28013982951672,34.282392081768975,733.36,10.0,3.0,0.0,2.0,1.0,1.0,73.09,0.9192700284090624,0.1764635176971134,1,均衡区
7475,109.04532550803204,34.22270739708422,109.04419938190593,109.04645163415816,34.22158127095809,34.223833523210345,300.56,5.0,5.0,1.0,2.0,10.0,1.0,0.0,0.664167280479184,0.1759147727479043,0,高需求低供给
3412,108.82010028280725,34.29477946915638,108.81897415668112,108.82122640893336,34.29365334303025,34.295905595282505,385.21,1.0,7.0,1.0,6.0,10.0,1.0,0.0,0.6731076232103569,0.1758257533204193,1,均衡区
3467,108.94397415668088,34.29477946915638,108.94284803055476,108.945100282807,34.29365334303025,34.295905595282505,1472.62,2.0,12.0,0.0,5.0,3.0,1.0,0.0,0.6984182521046888,0.1751625945605275,0,高需求低供给
7899,109.00703721974382,34.2136983880752,109.0059110936177,109.00816334586996,34.21257226194907,34.214824514201325,1262.11,0.0,16.0,2.0,1.0,6.0,1.0,0.0,0.6728097859593357,0.1742250899289008,0,高需求低供给
7582,109.0340642467708,34.22045514483196,109.03293812064469,109.03519037289692,34.219329018705835,34.22158127095809,499.16,1.0,7.0,0.0,8.0,8.0,1.0,0.0,0.6770554673434871,0.1738357823026144,0,高需求低供给
8058,108.88766785037468,34.20919388357069,108.88654172424856,108.8887939765008,34.20806775744456,34.210320009696815,417.6,0.0,20.0,0.0,4.0,2.0,1.0,0.0,0.6168944858437178,0.1737715694463454,0,高需求低供给
5281,108.86739758010444,34.26324793762481,108.86627145397831,108.86852370623058,34.26212181149868,34.264374063750935,919.57,3.0,6.0,3.0,1.0,5.0,2.0,1168.83,0.7977203836302942,0.1728813572793071,0,高需求低供给
5315,108.94397415668088,34.26324793762481,108.94284803055476,108.945100282807,34.26212181149868,34.264374063750935,1671.49,2.0,6.0,2.0,6.0,0.0,2.0,358.54,0.7737302037061486,0.1723330105736578,0,高需求低供给
862,108.93946965217638,34.33982451420148,108.93834352605026,108.94059577830252,34.33869838807535,34.340950640327605,1218.01,4.0,5.0,2.0,6.0,0.0,1.0,0.0,0.5986635064275116,0.1722643152216167,0,高需求低供给
8105,108.99352370623032,34.20919388357069,108.9923975801042,108.99464983235646,34.20806775744456,34.210320009696815,764.06,2.0,6.0,2.0,3.0,8.0,2.0,0.0,0.6793385487103468,0.171832831161078,1,均衡区
2940,108.99127145397809,34.3037884781654,108.99014532785196,108.9923975801042,34.30266235203927,34.304914604291525,1499.49,3.0,2.0,1.0,0.0,3.0,3.0,8747.49,0.8129549426106909,0.1716273102647505,0,高需求低供给
1466,108.94172190442865,34.3285632529402,108.94059577830252,108.94284803055476,34.327437126814075,34.32968937906633,1191.25,0.0,4.0,0.0,5.0,1.0,6.0,4346.13,0.805436453413407,0.1714279382897372,0,高需求低供给
4178,109.00928947199608,34.2835182078951,109.00816334586996,109.0104155981222,34.282392081768975,34.28464433402123,605.65,7.0,7.0,1.0,3.0,0.0,0.0,438.15,0.949852649589474,0.1704285582271649,0,高需求低供给
3549,108.82010028280725,34.29252721690412,108.81897415668112,108.82122640893336,34.291401090777995,34.29365334303025,424.6,2.0,3.0,5.0,4.0,5.0,1.0,0.0,0.6680824245340741,0.169123846650244,0,高需求低供给
4597,109.05208226478878,34.27676145113834,109.05095613866266,109.0532083909149,34.27563532501221,34.277887577264465,872.07,6.0,0.0,1.0,1.0,1.0,3.0,5182.01,0.9364745051519104,0.1675994921297565,1,均衡区
3329,108.94172190442865,34.29703172140863,108.94059577830252,108.94284803055476,34.295905595282505,34.29815784753476,976.22,1.0,3.0,5.0,6.0,0.0,2.0,0.0,0.6759585736271978,0.1671838271512439,0,高需求低供给
4125,108.88992010262692,34.2835182078951,108.8887939765008,108.89104622875304,34.282392081768975,34.28464433402123,1140.56,4.0,9.0,2.0,1.0,5.0,0.0,171.85,0.7585828327528623,0.1663832491127056,0,高需求低供给
6996,108.98901920172584,34.23171640609324,108.98789307559971,108.99014532785196,34.23059027996711,34.232842532219365,928.24,6.0,1.0,1.0,1.0,1.0,2.0,5310.43,0.9014234392173291,0.1643462817872557,0,高需求低供给
7900,109.00928947199608,34.2136983880752,109.00816334586996,109.0104155981222,34.21257226194907,34.214824514201325,768.34,1.0,3.0,1.0,3.0,4.0,7.0,0.0,0.6979449450578974,0.1643035951728018,0,高需求低供给
3784,109.04082100352754,34.29027496465187,109.03969487740142,109.04194712965366,34.28914883852574,34.291401090777995,442.06,1.0,3.0,10.0,1.0,0.0,1.0,0.0,0.6588814888994098,0.1642815556975233,1,均衡区
8006,109.00703721974382,34.21144613582294,109.0059110936177,109.00816334586996,34.210320009696815,34.21257226194907,1036.67,1.0,2.0,3.0,2.0,1.0,6.0,1900.66,0.7605978221958485,0.1626710717808985,0,高需求低供给
1110,108.96649667920336,34.33532000969697,108.96537055307724,108.96762280532948,34.33419388357084,34.336446135823095,1279.26,4.0,1.0,1.0,4.0,1.0,3.0,2240.65,0.7358496542136742,0.1608508924939823,0,高需求低供给
6404,108.95073091343762,34.24297766735451,108.9496047873115,108.95185703956376,34.241851541228385,34.24410379348064,1591.96,3.0,1.0,0.0,6.0,1.0,4.0,819.65,0.9118096151928022,0.1608127703385546,0,高需求低供给
4591,109.03856875127528,34.27676145113834,109.03744262514915,109.03969487740142,34.27563532501221,34.277887577264465,331.78,5.0,7.0,1.0,1.0,4.0,1.0,1304.37,0.7742524580437354,0.1600603261064671,0,高需求低供给
2465,108.83811830082524,34.31054523492216,108.8369921746991,108.83924442695135,34.309419108796035,34.31167136104829,684.28,5.0,0.0,0.0,3.0,12.0,1.0,197.22,0.7836062144121781,0.1595465058724173,2,均衡区
1251,109.01154172424832,34.33306775744471,109.0104155981222,109.01266785037444,34.331941631318585,34.33419388357084,283.13,3.0,0.0,2.0,4.0,7.0,2.0,1790.49,0.7284458692661533,0.1594490635100675,0,高需求低供给
1683,108.86064082334772,34.32405874843569,108.85951469722158,108.86176694947385,34.322932622309565,34.32518487456182,435.93,3.0,4.0,2.0,2.0,10.0,1.0,0.0,0.5546417094218886,0.1586670120017294,1,均衡区
7190,108.9124426251494,34.22721190158873,108.91131649902329,108.91356875127552,34.2260857754626,34.228338027714855,1036.82,6.0,1.0,0.0,1.0,1.0,2.0,5979.94,0.906944423167412,0.1584148992236065,1,均衡区
6690,108.81559577830276,34.23622091059775,108.81446965217664,108.81672190442887,34.23509478447162,34.237347036723875,543.66,0.0,0.0,12.0,0.0,4.0,0.0,0.0,0.6359074437782642,0.1581113271325088,0,高需求低供给
6861,108.94172190442865,34.23396865834549,108.94059577830252,108.94284803055476,34.232842532219365,34.23509478447162,1635.31,6.0,1.0,1.0,2.0,0.0,2.0,2421.28,0.9043382430703836,0.1578454059469849,0,高需求低供给
8260,108.88541559812244,34.20468937906618,108.88428947199633,108.88654172424856,34.20356325294005,34.205815505192305,826.07,6.0,2.0,2.0,0.0,2.0,3.0,745.62,0.7178588300552522,0.1578001087650849,0,高需求低供给
5977,109.05208226478878,34.25198667636353,109.05095613866266,109.0532083909149,34.250860550237405,34.25311280248966,522.46,7.0,0.0,0.0,1.0,1.0,2.0,5785.85,0.7501462767140666,0.1572975877832682,1,均衡区
2996,108.808839021546,34.30153622591314,108.80771289541988,108.80996514767212,34.300410099787015,34.30266235203927,396.62,4.0,0.0,4.0,3.0,4.0,1.0,740.75,0.8757451186074877,0.1563850444489418,1,均衡区
980,108.94172190442865,34.33757226194922,108.94059577830252,108.94284803055476,34.336446135823095,34.33869838807535,768.45,3.0,7.0,2.0,5.0,1.0,0.0,0.0,0.642334833552554,0.1538374684015919,0,高需求低供给
7566,108.99802821073484,34.22045514483196,108.9969020846087,108.99915433686095,34.219329018705835,34.22158127095809,1233.42,4.0,0.0,1.0,1.0,0.0,7.0,231.89,0.8460839563377013,0.1533944138896538,0,高需求低供给
3146,108.83811830082524,34.29928397366089,108.8369921746991,108.83924442695135,34.29815784753476,34.300410099787015,667.41,3.0,0.0,3.0,1.0,8.0,1.0,3354.25,0.8745280370800698,0.1532912014272852,2,均衡区
6605,108.8831633458702,34.23847316285,108.88203721974406,108.88428947199633,34.237347036723875,34.23959928897613,1196.68,7.0,0.0,1.0,0.0,1.0,1.0,5017.98,0.9166515527732368,0.1525627249896783,0,高需求低供给
482,109.0340642467708,34.3488335232105,109.03293812064469,109.03519037289692,34.34770739708437,34.349959649336625,86.63,5.0,1.0,1.0,3.0,4.0,3.0,0.0,0.6460221754417871,0.1520880936372613,0,高需求低供给
6384,108.90568586839268,34.24297766735451,108.90455974226654,108.9068119945188,34.241851541228385,34.24410379348064,1642.39,4.0,1.0,1.0,0.0,0.0,0.0,11517.98,0.8963278301980647,0.1519985877087546,0,高需求低供给
1044,108.817848030555,34.33532000969697,108.81672190442887,108.81897415668112,34.33419388357084,34.336446135823095,326.72,1.0,2.0,0.0,2.0,1.0,10.0,0.0,0.6849088350065878,0.1511670784986305,0,高需求低供给
5602,109.03181199451856,34.2587434331203,109.03068586839242,109.03293812064469,34.25761730699417,34.259869559246425,841.79,1.0,2.0,6.0,3.0,3.0,1.0,109.45,0.8042645620741089,0.1505575001379387,0,高需求低供给
1978,108.94172190442865,34.31955424393118,108.94059577830252,108.94284803055476,34.318428117805055,34.32068037005731,1150.55,6.0,1.0,1.0,2.0,1.0,2.0,1166.04,0.9679107005317118,0.1504880525301399,1,均衡区
2121,108.96649667920336,34.31730199167893,108.96537055307724,108.96762280532948,34.3161758655528,34.318428117805055,1299.45,1.0,2.0,4.0,5.0,0.0,2.0,650.22,0.9032970340746328,0.1501680227797851,0,高需求低供给
3839,108.8561363188432,34.28802271239961,108.85501019271707,108.85726244496934,34.286896586273485,34.28914883852574,1086.36,1.0,1.0,5.0,5.0,5.0,0.0,0.0,0.5164295405973104,0.1501041712417586,1,均衡区
5413,108.88541559812244,34.26099568537255,108.88428947199633,108.88654172424856,34.259869559246425,34.26212181149868,1583.67,4.0,7.0,0.0,3.0,0.0,0.0,3171.26,0.8592875418425425,0.1499317750842079,0,高需求低供给
8586,108.85163181433872,34.19568037005716,108.8505056882126,108.85275794046484,34.19455424393103,34.196806496183285,475.33,7.0,0.0,3.0,1.0,2.0,1.0,0.0,0.7166800879545487,0.1494679282388271,0,高需求低供给
7429,108.94172190442865,34.22270739708422,108.94059577830252,108.94284803055476,34.22158127095809,34.223833523210345,957.26,4.0,3.0,1.0,4.0,2.0,1.0,1371.28,0.9253698819851,0.1493223568597179,0,高需求低供给
5440,108.94622640893311,34.26099568537255,108.945100282807,108.94735253505924,34.259869559246425,34.26212181149868,1340.67,6.0,3.0,2.0,1.0,0.0,1.0,890.1,0.8087646183986671,0.1490769592847535,1,均衡区
3447,108.89892911163592,34.29477946915638,108.8978029855098,108.90005523776205,34.29365334303025,34.295905595282505,1493.21,2.0,4.0,3.0,4.0,4.0,0.0,0.0,0.5933830059552974,0.148084354037598,0,高需求低供给
4957,108.99127145397809,34.27000469438157,108.99014532785196,108.9923975801042,34.268878568255445,34.2711308205077,1469.12,2.0,4.0,0.0,2.0,0.0,4.0,4464.16,0.780051637417298,0.1475725719818437,1,均衡区
3448,108.90118136388816,34.29477946915638,108.90005523776205,108.9023074900143,34.29365334303025,34.295905595282505,1157.46,2.0,2.0,3.0,2.0,10.0,0.0,358.45,0.848664556312236,0.1473151994469643,1,均衡区
4594,109.04532550803204,34.27676145113834,109.04419938190593,109.04645163415816,34.27563532501221,34.277887577264465,621.86,1.0,3.0,0.0,2.0,2.0,5.0,5318.19,0.9093367545130248,0.1470426393647496,0,高需求低供给
5240,109.05883902154552,34.26550018987706,109.0577128954194,109.05996514767163,34.264374063750935,34.26662631600319,867.55,2.0,7.0,2.0,0.0,4.0,3.0,302.37,0.7563037566287218,0.1469321905872647,0,高需求低供给
8452,108.91469487740166,34.20018487456167,108.91356875127552,108.91582100352778,34.19905874843554,34.201311000687795,1169.92,4.0,2.0,2.0,0.0,0.0,1.0,6923.830000000001,0.937742720173266,0.1468463055478816,1,均衡区
8592,108.8651453278522,34.19568037005716,108.86401920172608,108.86627145397831,34.19455424393103,34.196806496183285,719.71,6.0,0.0,1.0,1.0,1.0,2.0,3547.36,0.897548432156932,0.1459558536709176,1,均衡区
3857,108.89667685938367,34.28802271239961,108.89555073325756,108.8978029855098,34.286896586273485,34.28914883852574,1157.86,4.0,0.0,1.0,1.0,1.0,1.0,8211.01,0.9060770981301846,0.1449360333982982,0,高需求低供给
1802,108.83811830082524,34.32180649618344,108.8369921746991,108.83924442695135,34.32068037005731,34.322932622309565,604.52,1.0,3.0,1.0,1.0,17.0,0.0,1679.43,0.6922538788782292,0.1445288371851978,1,均衡区
4124,108.88766785037468,34.2835182078951,108.88654172424856,108.8887939765008,34.282392081768975,34.28464433402123,1654.83,2.0,3.0,1.0,3.0,5.0,0.0,4139.8,0.7667149674438297,0.1437286894464574,0,高需求低供给
943,108.85838857109546,34.33757226194922,108.85726244496934,108.85951469722158,34.336446135823095,34.33869838807535,262.24,3.0,1.0,2.0,2.0,2.0,4.0,1529.6,0.7473243736688594,0.1436990023632226,0,高需求低供给
1053,108.83811830082524,34.33532000969697,108.8369921746991,108.83924442695135,34.33419388357084,34.336446135823095,805.52,4.0,1.0,1.0,1.0,5.0,1.0,4489.13,0.7619853913919535,0.142376528532422,1,均衡区
5967,109.0295597422663,34.25198667636353,109.02843361614018,109.03068586839242,34.250860550237405,34.25311280248966,960.59,0.0,2.0,1.0,2.0,3.0,6.0,2672.12,0.8219784094489857,0.1423214361248028,1,均衡区
8304,108.98451469722134,34.20468937906618,108.98338857109522,108.98564082334748,34.20356325294005,34.205815505192305,1264.8,2.0,15.0,0.0,1.0,2.0,0.0,0.0,0.7572973113437582,0.1417417863483355,0,高需求低供给
8033,108.83136154406849,34.20919388357069,108.83023541794236,108.8324876701946,34.20806775744456,34.210320009696815,189.12,3.0,1.0,3.0,1.0,0.0,5.0,633.69,0.8467829219816891,0.1415763686429831,0,高需求低供给
6031,108.90568586839268,34.24973442411128,108.90455974226654,108.9068119945188,34.24860829798515,34.250860550237405,1847.27,1.0,5.0,2.0,4.0,0.0,2.0,480.29,0.941807993304323,0.1412272701957149,0,高需求低供给
2668,108.99127145397809,34.30829298266991,108.99014532785196,108.9923975801042,34.30716685654378,34.309419108796035,606.25,2.0,5.0,2.0,4.0,0.0,0.0,3945.91,0.9034672555481624,0.141188234346896,0,高需求低供给
874,108.96649667920336,34.33982451420148,108.96537055307724,108.96762280532948,34.33869838807535,34.340950640327605,1146.87,1.0,0.0,2.0,3.0,5.0,0.0,7344.29,0.8530899711267619,0.1407496453270222,0,高需求低供给
6575,108.81559577830276,34.23847316285,108.81446965217664,108.81672190442887,34.237347036723875,34.23959928897613,741.73,2.0,7.0,0.0,0.0,7.0,2.0,2517.54,0.7549996022876416,0.1405706971057478,1,均衡区
7659,108.95748767019435,34.21820289257971,108.95636154406824,108.95861379632048,34.21707676645358,34.219329018705835,166.77,2.0,14.0,0.0,2.0,0.0,1.0,955.49,0.7619836412532774,0.1405557958081647,1,均衡区
1794,108.82010028280725,34.32180649618344,108.81897415668112,108.82122640893336,34.32068037005731,34.322932622309565,150.33,5.0,1.0,0.0,0.0,1.0,1.0,9557.13,0.8058125663998501,0.1404270329784101,0,高需求低供给
8555,108.95973992244662,34.19793262230941,108.95861379632048,108.96086604857274,34.196806496183285,34.19905874843554,614.09,7.0,0.0,0.0,0.0,1.0,0.0,7431.43,0.934331351801066,0.1403338780451857,0,高需求低供给
2783,108.94397415668088,34.30604073041765,108.94284803055476,108.945100282807,34.304914604291525,34.30716685654378,1246.49,4.0,1.0,2.0,3.0,1.0,2.0,72.57,0.7740421063313584,0.1400877705333225,1,均衡区
5355,109.0340642467708,34.26324793762481,109.03293812064469,109.03519037289692,34.26212181149868,34.264374063750935,383.14,4.0,6.0,1.0,5.0,0.0,0.0,0.0,0.5413112504192872,0.1398167651484482,0,高需求低供给
2054,108.81559577830276,34.31730199167893,108.81446965217664,108.81672190442887,34.3161758655528,34.318428117805055,415.29,3.0,1.0,1.0,3.0,1.0,5.0,71.23,0.7452496939096847,0.1394268681065085,0,高需求低供给
3795,109.06559577830228,34.29027496465187,109.06446965217614,109.0667219044284,34.28914883852574,34.291401090777995,800.3,0.0,0.0,0.0,14.0,0.0,1.0,0.0,0.6207986635307308,0.1393647107042368,0,高需求低供给
3449,108.90343361614042,34.29477946915638,108.9023074900143,108.90455974226654,34.29365334303025,34.295905595282505,1035.5,1.0,3.0,5.0,4.0,2.0,0.0,0.0,0.575223928735055,0.1390735462384366,0,高需求低供给
3853,108.88766785037468,34.28802271239961,108.88654172424856,108.8887939765008,34.286896586273485,34.28914883852574,585.89,5.0,2.0,0.0,0.0,0.0,0.0,9967.8,0.9677931781782187,0.1390647312792153,0,高需求低供给
7898,109.00478496749156,34.2136983880752,109.00365884136544,109.0059110936177,34.21257226194907,34.214824514201325,1232.93,2.0,1.0,3.0,2.0,1.0,1.0,4968.77,0.8057116042555043,0.1386846408111616,0,高需求低供给
1848,108.94172190442865,34.32180649618344,108.94059577830252,108.94284803055476,34.32068037005731,34.322932622309565,957.67,3.0,1.0,2.0,4.0,0.0,3.0,0.0,0.59225162164907,0.1382617107983671,1,均衡区
4002,108.9169471296539,34.28577046014736,108.91582100352778,108.91807325578004,34.28464433402123,34.286896586273485,1335.7,2.0,7.0,1.0,3.0,0.0,0.0,3592.07,0.859707273908085,0.1377940882250148,0,高需求低供给
5384,108.82010028280725,34.26099568537255,108.81897415668112,108.82122640893336,34.259869559246425,34.26212181149868,537.92,2.0,1.0,2.0,1.0,4.0,3.0,3410.2699999999995,0.9150670015899292,0.1374839151790996,0,高需求低供给
8594,108.8696498323567,34.19568037005716,108.86852370623058,108.87077595848282,34.19455424393103,34.196806496183285,947.15,3.0,3.0,4.0,1.0,2.0,1.0,0.0,0.8976037848522024,0.1366794204330854,1,均衡区
1483,108.98001019271685,34.3285632529402,108.97888406659072,108.98113631884296,34.327437126814075,34.32968937906633,953.82,4.0,2.0,4.0,0.0,5.0,0.0,0.0,0.6572136168989592,0.1364621333195015,0,高需求低供给
1221,108.94397415668088,34.33306775744471,108.94284803055476,108.945100282807,34.331941631318585,34.33419388357084,1575.58,1.0,2.0,3.0,2.0,3.0,3.0,0.0,0.9305637390959686,0.1362679932023123,1,均衡区
1359,108.98001019271685,34.33081550519246,108.97888406659072,108.98113631884296,34.32968937906633,34.331941631318585,381.34,7.0,0.0,0.0,4.0,1.0,0.0,1400.61,0.9794086516276022,0.1362062677157756,0,高需求低供给
3849,108.87865884136568,34.28802271239961,108.87753271523955,108.87978496749182,34.286896586273485,34.28914883852574,822.09,3.0,1.0,2.0,1.0,2.0,4.0,548.1,0.8448896386840442,0.1352436242507915,0,高需求低供给
8135,108.82910929181624,34.20694163131843,108.82798316569011,108.83023541794236,34.205815505192305,34.20806775744456,133.7,0.0,1.0,4.0,0.0,0.0,8.0,31.15,0.8375058882450902,0.135232935234835,0,高需求低供给
214,108.99352370623032,34.35559027996726,108.9923975801042,108.99464983235646,34.354464153841135,34.35671640609339,1001.22,3.0,1.0,1.0,2.0,5.0,3.0,0.0,0.7154688846732515,0.1341338251704403,0,高需求低供给
582,109.0430732557798,34.34658127095824,109.04194712965366,109.04419938190593,34.345455144832115,34.34770739708437,47.42,7.0,5.0,0.0,1.0,2.0,0.0,355.02,0.8685892224811885,0.1336104038847527,0,高需求低供给
7870,108.94172190442865,34.2136983880752,108.94059577830252,108.94284803055476,34.21257226194907,34.214824514201325,945.53,7.0,1.0,1.0,0.0,1.0,0.0,3020.88,0.893827302953988,0.1335844751605293,1,均衡区
4438,108.99127145397809,34.27901370339059,108.99014532785196,108.9923975801042,34.277887577264465,34.28013982951672,1585.15,5.0,0.0,2.0,0.0,0.0,1.0,4084.15,0.8276645602028122,0.1334184233264882,0,高需求低供给
3552,108.826857039564,34.29252721690412,108.82573091343788,108.82798316569011,34.291401090777995,34.29365334303025,828.08,5.0,4.0,1.0,1.0,1.0,0.0,2836.69,0.8237304288995151,0.1333652825407624,2,均衡区
7245,109.03631649902304,34.22721190158873,109.03519037289692,109.03744262514915,34.2260857754626,34.228338027714855,429.71,3.0,0.0,2.0,6.0,2.0,1.0,0.0,0.51228522371893,0.1329960059693669,0,高需求低供给
7791,109.00703721974382,34.21595064032745,109.0059110936177,109.00816334586996,34.214824514201325,34.21707676645358,736.36,1.0,6.0,2.0,2.0,4.0,2.0,0.0,0.6695032014083109,0.132972860771842,1,均衡区
3107,109.05883902154552,34.30153622591314,109.0577128954194,109.05996514767163,34.300410099787015,34.30266235203927,868.08,3.0,2.0,1.0,4.0,3.0,0.0,2495.04,0.9139864739687564,0.1322544572746985,0,高需求低供给
6727,108.89892911163592,34.23622091059775,108.8978029855098,108.90005523776205,34.23509478447162,34.237347036723875,1513.51,2.0,2.0,2.0,2.0,1.0,3.0,872.0699999999999,0.8770131790230458,0.1320491509097994,1,均衡区
8593,108.86739758010444,34.19568037005716,108.86627145397831,108.86852370623058,34.19455424393103,34.196806496183285,759.35,3.0,6.0,1.0,3.0,2.0,0.0,837.11,0.917422903316368,0.1309972467069347,0,高需求低供给
7792,109.00928947199608,34.21595064032745,109.00816334586996,109.0104155981222,34.214824514201325,34.21707676645358,592.84,4.0,2.0,3.0,2.0,1.0,0.0,1568.76,0.8161357384715645,0.1309478343668497,0,高需求低供给
5774,108.86739758010444,34.25423892861579,108.86627145397831,108.86852370623058,34.25311280248966,34.255365054741915,623.89,6.0,1.0,0.0,0.0,0.0,0.0,7572.08,0.9650389543835112,0.130931639709655,0,高需求低供给
3865,108.91469487740166,34.28802271239961,108.91356875127552,108.91582100352778,34.286896586273485,34.28914883852574,1497.07,2.0,9.0,1.0,3.0,0.0,0.0,176.93,0.9283553652524872,0.1306403447609107,1,均衡区
3877,108.94172190442865,34.28802271239961,108.94059577830252,108.94284803055476,34.286896586273485,34.28914883852574,1458.78,2.0,2.0,1.0,2.0,1.0,2.0,4130.13,0.8761866351511979,0.1299572387355611,0,高需求低供给
3684,108.81559577830276,34.29027496465187,108.81446965217664,108.81672190442887,34.28914883852574,34.291401090777995,409.14,4.0,0.0,0.0,5.0,0.0,3.0,533.31,0.8270154776186237,0.1297640932790877,0,高需求低供给
6283,108.94172190442865,34.24522991960677,108.94059577830252,108.94284803055476,34.24410379348064,34.246356045732895,1562.56,1.0,6.0,0.0,5.0,0.0,2.0,356.06,0.8895136519081309,0.1295848171435185,1,均衡区
2330,108.83811830082524,34.31279748717442,108.8369921746991,108.83924442695135,34.31167136104829,34.313923613300545,737.86,2.0,2.0,2.0,2.0,5.0,2.0,410.57,0.7763724162632861,0.1293798295253359,0,高需求低供给
6574,108.8133435260505,34.23847316285,108.81221739992438,108.81446965217664,34.237347036723875,34.23959928897613,602.54,3.0,3.0,0.0,4.0,1.0,3.0,0.0,0.6948768002803893,0.1292822374526506,0,高需求低供给
6337,108.79983001253702,34.24297766735451,108.79870388641088,108.80095613866314,34.241851541228385,34.24410379348064,199.63,5.0,4.0,0.0,3.0,1.0,1.0,553.22,0.7426286483211485,0.1291980359690204,0,高需求低供给
7944,108.86739758010444,34.21144613582294,108.86627145397831,108.86852370623058,34.210320009696815,34.21257226194907,1041.86,1.0,1.0,3.0,4.0,5.0,1.0,0.0,0.5198995033039356,0.1291472360015263,0,高需求低供给
3446,108.89667685938367,34.29477946915638,108.89555073325756,108.8978029855098,34.29365334303025,34.295905595282505,1119.76,2.0,2.0,2.0,5.0,3.0,0.0,284.23,0.7977211918799971,0.1287242619608658,1,均衡区
2389,108.97100118370786,34.31279748717442,108.96987505758172,108.97212730983398,34.31167136104829,34.313923613300545,792.5,1.0,2.0,3.0,2.0,1.0,2.0,3193.09,0.9439738562836716,0.1286309614372052,1,均衡区
3837,108.85163181433872,34.28802271239961,108.8505056882126,108.85275794046484,34.286896586273485,34.28914883852574,971.08,4.0,0.0,4.0,2.0,2.0,0.0,0.0,0.638944463023101,0.1284258561396651,0,高需求低供给
4857,109.05208226478878,34.27225694663383,109.05095613866266,109.0532083909149,34.2711308205077,34.273383072759955,425.67,0.0,2.0,7.0,1.0,1.0,2.0,0.0,0.6814674976208912,0.1284104879224302,0,高需求低供给
4949,108.9732534359601,34.27000469438157,108.97212730983398,108.97437956208624,34.268878568255445,34.2711308205077,666.49,2.0,2.0,2.0,3.0,1.0,3.0,380.72,0.6932823544797373,0.1283684844414546,0,高需求低供给
1658,108.80433451704153,34.32405874843569,108.8032083909154,108.80546064316763,34.322932622309565,34.32518487456182,116.57,2.0,0.0,1.0,0.0,0.0,9.0,0.0,0.5899916683989384,0.128065047580864,0,高需求低供给
2859,108.808839021546,34.3037884781654,108.80771289541988,108.80996514767212,34.30266235203927,34.304914604291525,766.35,1.0,1.0,3.0,4.0,3.0,2.0,0.0,0.6364325610193025,0.128028995196834,2,均衡区
7853,108.90343361614042,34.2136983880752,108.9023074900143,108.90455974226654,34.21257226194907,34.214824514201325,1006.0,3.0,0.0,2.0,1.0,1.0,1.0,5683.06,0.8960925256322778,0.127586907993138,0,高需求低供给
6869,108.95973992244662,34.23396865834549,108.95861379632048,108.96086604857274,34.232842532219365,34.23509478447162,1996.1,3.0,3.0,0.0,3.0,1.0,2.0,536.54,0.7135473299999037,0.127567131694063,0,高需求低供给
3859,108.90118136388816,34.28802271239961,108.90005523776205,108.9023074900143,34.286896586273485,34.28914883852574,1069.12,3.0,2.0,3.0,2.0,3.0,0.0,494.13,0.8814698751952604,0.1270065899548812,0,高需求低供给
1792,108.81559577830276,34.32180649618344,108.81446965217664,108.81672190442887,34.32068037005731,34.322932622309565,169.12,4.0,0.0,5.0,0.0,0.0,2.0,81.57,0.7659237887293984,0.1267767350280621,0,高需求低供给
6143,108.88992010262692,34.24748217185902,108.8887939765008,108.89104622875304,34.246356045732895,34.24860829798515,1091.33,1.0,2.0,1.0,4.0,2.0,1.0,4095.46,0.902875705135486,0.1262268150960069,1,均衡区
1249,109.00703721974382,34.33306775744471,109.0059110936177,109.00816334586996,34.331941631318585,34.33419388357084,551.34,3.0,0.0,2.0,2.0,1.0,4.0,0.0,0.6001213819500935,0.1262093598378273,1,均衡区
7310,108.92820839091516,34.22495964933647,108.92708226478902,108.92933451704128,34.223833523210345,34.2260857754626,792.47,4.0,6.0,1.0,0.0,1.0,0.0,3194.2200000000003,0.7692179563516545,0.1261215772640566,1,均衡区
1916,108.80208226478926,34.31955424393118,108.80095613866314,108.8032083909154,34.318428117805055,34.32068037005731,167.76,0.0,0.0,2.0,0.0,0.0,10.0,0.0,0.5308961205072027,0.1261006200975619,0,高需求低供给
1804,108.84262280532973,34.32180649618344,108.8414966792036,108.84374893145583,34.32068037005731,34.322932622309565,416.09,4.0,1.0,1.0,2.0,1.0,0.0,5662.530000000001,0.7568304884175375,0.1257083041454802,0,高需求低供给
1168,108.82460478731174,34.33306775744471,108.82347866118562,108.82573091343788,34.331941631318585,34.33419388357084,292.51,1.0,1.0,1.0,5.0,2.0,4.0,0.0,0.6783046932220771,0.1257061415247861,0,高需求低供给
4881,108.82010028280725,34.27000469438157,108.81897415668112,108.82122640893336,34.268878568255445,34.2711308205077,281.79,6.0,2.0,1.0,1.0,1.0,0.0,2392.6000000000004,0.8076750197922564,0.1254737000922015,1,均衡区
4379,108.85838857109546,34.27901370339059,108.85726244496934,108.85951469722158,34.277887577264465,34.28013982951672,934.5,4.0,1.0,2.0,1.0,2.0,0.0,3519.47,0.8482767031307422,0.1254603448679695,0,高需求低供给
5564,108.94622640893311,34.2587434331203,108.945100282807,108.94735253505924,34.25761730699417,34.259869559246425,1355.88,1.0,11.0,1.0,1.0,1.0,1.0,165.56,0.6917807922249329,0.1252997630871346,0,高需求低供给
8509,108.8561363188432,34.19793262230941,108.85501019271707,108.85726244496934,34.196806496183285,34.19905874843554,1257.05,0.0,0.0,2.0,1.0,0.0,8.0,0.0,0.5509422416489421,0.1251804962429888,0,高需求低供给
6841,108.89667685938367,34.23396865834549,108.89555073325756,108.8978029855098,34.232842532219365,34.23509478447162,1061.82,1.0,7.0,2.0,3.0,0.0,1.0,346.19,0.7695755260133296,0.1246047486433879,1,均衡区
4595,109.04757776028428,34.27676145113834,109.04645163415816,109.0487038864104,34.27563532501221,34.277887577264465,580.22,1.0,2.0,1.0,5.0,1.0,3.0,600.15,0.8912741946585809,0.1243174335406214,0,高需求低供给
7137,109.04983001253652,34.22946415384098,109.0487038864104,109.05095613866266,34.228338027714855,34.23059027996711,645.08,0.0,4.0,3.0,4.0,4.0,0.0,1157.36,0.7454870233734863,0.124292005712341,0,高需求低供给
5114,109.05883902154552,34.26775244212932,109.0577128954194,109.05996514767163,34.26662631600319,34.268878568255445,982.66,0.0,6.0,2.0,2.0,3.0,2.0,799.67,0.7283089281813853,0.1242751562238396,1,均衡区
6495,108.89442460713144,34.24072541510226,108.8932984810053,108.89555073325756,34.23959928897613,34.241851541228385,1262.5,3.0,6.0,1.0,1.0,2.0,1.0,227.75,0.7310392272866397,0.1242428607748044,0,高需求低供给
3971,108.84712730983422,34.28577046014736,108.8460011837081,108.84825343596034,34.28464433402123,34.286896586273485,625.98,6.0,6.0,0.0,0.0,1.0,0.0,987.12,0.8584626735219976,0.1239503788311888,1,均衡区
1659,108.80658676929376,34.32405874843569,108.80546064316763,108.80771289541988,34.322932622309565,34.32518487456182,64.14,0.0,0.0,0.0,0.0,0.0,12.0,0.0,0.6305477622031765,0.1237445828398309,0,高需求低供给
4834,109.00028046298708,34.27225694663383,108.99915433686095,109.0014065891132,34.2711308205077,34.273383072759955,2165.17,0.0,4.0,3.0,4.0,0.0,1.0,0.0,0.6045773005285026,0.1231764320161299,1,均衡区
620,108.89892911163592,34.34432901870599,108.8978029855098,108.90005523776205,34.34320289257986,34.345455144832115,445.4,0.0,4.0,0.0,2.0,17.0,0.0,0.0,0.4555938173656718,0.1231518364541906,1,均衡区
1177,108.84487505758196,34.33306775744471,108.84374893145583,108.8460011837081,34.331941631318585,34.33419388357084,386.57,1.0,2.0,2.0,1.0,3.0,4.0,1438.28,0.7737947948452161,0.1229672147291995,0,高需求低供给
6439,109.0295597422663,34.24297766735451,109.02843361614018,109.03068586839242,34.241851541228385,34.24410379348064,456.69,1.0,0.0,1.0,5.0,0.0,5.0,0.0,0.694867906921401,0.1226146131315136,0,高需求低供给
5955,109.00253271523933,34.25198667636353,109.0014065891132,109.00365884136544,34.250860550237405,34.25311280248966,1291.23,3.0,0.0,0.0,1.0,0.0,2.0,7214.75,0.8229705168682921,0.1226135600831894,0,高需求低供给
4911,108.88766785037468,34.27000469438157,108.88654172424856,108.8887939765008,34.268878568255445,34.2711308205077,1172.1,5.0,1.0,0.0,0.0,0.0,4.0,712.61,0.7322166684611165,0.1225223075731443,0,高需求低供给
6972,108.93496514767187,34.23171640609324,108.93383902154577,108.936091273798,34.23059027996711,34.232842532219365,777.5,0.0,0.0,0.0,0.0,0.0,3.0,13451.03,0.9512688202976524,0.1224290609020531,0,高需求低供给
7131,109.03631649902304,34.22946415384098,109.03519037289692,109.03744262514915,34.228338027714855,34.23059027996711,1084.71,4.0,1.0,4.0,1.0,1.0,0.0,0.0,0.5935840094688132,0.1218804362427849,1,均衡区
4465,109.05208226478878,34.27901370339059,109.05095613866266,109.0532083909149,34.277887577264465,34.28013982951672,1105.78,1.0,0.0,1.0,3.0,0.0,6.0,0.0,0.6763159421788555,0.1218652030286849,0,高需求低供给
7423,108.92820839091516,34.22270739708422,108.92708226478902,108.92933451704128,34.22158127095809,34.223833523210345,1160.51,2.0,7.0,2.0,2.0,1.0,0.0,113.55,0.748705634240258,0.1216350185752985,1,均衡区
1730,108.96649667920336,34.32405874843569,108.96537055307724,108.96762280532948,34.322932622309565,34.32518487456182,1019.47,2.0,2.0,2.0,3.0,0.0,1.0,2635.28,0.8258355401171529,0.1213039644803252,0,高需求低供给
6132,108.8651453278522,34.24748217185902,108.86401920172608,108.86627145397831,34.246356045732895,34.24860829798515,790.28,3.0,6.0,1.0,0.0,4.0,1.0,345.96,0.7750350039357898,0.1212030108352697,0,高需求低供给
6613,108.90118136388816,34.23847316285,108.90005523776205,108.9023074900143,34.237347036723875,34.23959928897613,1521.98,2.0,1.0,2.0,2.0,1.0,3.0,0.0,0.8590400778085314,0.1210628495771808,2,均衡区
8445,108.89892911163592,34.20018487456167,108.8978029855098,108.90005523776205,34.19905874843554,34.201311000687795,863.69,3.0,2.0,1.0,3.0,1.0,2.0,172.2,0.965259415538456,0.1210114426629088,1,均衡区
4290,108.95748767019435,34.28126595564285,108.95636154406824,108.95861379632048,34.28013982951672,34.282392081768975,836.08,9.0,0.0,0.0,0.0,0.0,0.0,782.17,0.8554203390718748,0.12077768764766,2,均衡区
1888,109.03181199451856,34.32180649618344,109.03068586839242,109.03293812064469,34.32068037005731,34.322932622309565,613.79,1.0,8.0,1.0,3.0,4.0,0.0,0.0,0.715914591394474,0.120757522647727,1,均衡区
4820,108.9687489314556,34.27225694663383,108.96762280532948,108.96987505758172,34.2711308205077,34.273383072759955,1696.29,4.0,4.0,0.0,2.0,0.0,0.0,2475.97,0.7771470988653995,0.1206825021594321,0,高需求低供给
7329,108.97100118370786,34.22495964933647,108.96987505758172,108.97212730983398,34.223833523210345,34.2260857754626,705.11,2.0,4.0,0.0,2.0,1.0,1.0,5392.67,0.9069579102943266,0.1206505272827092,0,高需求低供给
6408,108.95973992244662,34.24297766735451,108.95861379632048,108.96086604857274,34.241851541228385,34.24410379348064,2137.58,2.0,1.0,0.0,3.0,1.0,2.0,2875.81,0.7677220850884633,0.1202221859776431,0,高需求低供给
2406,109.00928947199608,34.31279748717442,109.00816334586996,109.0104155981222,34.31167136104829,34.313923613300545,525.84,5.0,0.0,0.0,0.0,1.0,1.0,6466.570000000001,0.8789374410116643,0.1201712284958051,0,高需求低供给
3991,108.89217235487918,34.28577046014736,108.89104622875304,108.8932984810053,34.28464433402123,34.286896586273485,1392.54,4.0,3.0,1.0,1.0,0.0,2.0,0.0,0.8195218529454428,0.120041875578748,0,高需求低供给
6728,108.90118136388816,34.23622091059775,108.90005523776205,108.9023074900143,34.23509478447162,34.237347036723875,1680.12,2.0,1.0,1.0,3.0,1.0,2.0,1677.13,0.8482174119907101,0.1200299507869514,0,高需求低供给
8285,108.94172190442865,34.20468937906618,108.94059577830252,108.94284803055476,34.20356325294005,34.205815505192305,872.77,2.0,3.0,2.0,0.0,2.0,3.0,1011.35,0.9051450648369732,0.1199955659371675,0,高需求低供给
1603,108.96649667920336,34.32631100068795,108.96537055307724,108.96762280532948,34.32518487456182,34.327437126814075,1096.48,3.0,1.0,1.0,4.0,1.0,1.0,1033.81,0.7462436000213415,0.1199947421295731,0,高需求低供给
1556,108.86064082334772,34.32631100068795,108.85951469722158,108.86176694947385,34.32518487456182,34.327437126814075,498.5,2.0,4.0,0.0,5.0,3.0,0.0,1604.09,0.8019014249679615,0.1199679270656146,0,高需求低供给
4895,108.85163181433872,34.27000469438157,108.8505056882126,108.85275794046484,34.268878568255445,34.2711308205077,710.79,2.0,5.0,1.0,1.0,6.0,1.0,214.24,0.7391946937434728,0.1197815142095555,0,高需求低供给
8599,108.88091109361794,34.19568037005716,108.87978496749182,108.88203721974406,34.19455424393103,34.196806496183285,249.19,5.0,0.0,2.0,2.0,1.0,0.0,2068.63,0.7888936725146343,0.1196040885167715,1,均衡区
717,108.8696498323567,34.34207676645373,108.86852370623058,108.87077595848282,34.340950640327605,34.34320289257986,432.72,2.0,4.0,3.0,2.0,2.0,0.0,1123.18,0.7920850910546815,0.1193027210552821,1,均衡区
4831,108.99352370623032,34.27225694663383,108.9923975801042,108.99464983235646,34.2711308205077,34.273383072759955,1575.37,1.0,9.0,0.0,1.0,0.0,3.0,0.0,0.6314175489129003,0.1192515044621725,1,均衡区
3990,108.88992010262692,34.28577046014736,108.8887939765008,108.89104622875304,34.28464433402123,34.286896586273485,868.33,0.0,6.0,1.0,3.0,8.0,0.0,0.0,0.799739762732866,0.1189394733869491,0,高需求低供给
3850,108.88091109361794,34.28802271239961,108.87978496749182,108.88203721974406,34.286896586273485,34.28914883852574,796.66,3.0,0.0,1.0,2.0,2.0,3.0,874.05,0.8168647490267638,0.1184700930040898,2,均衡区
5438,108.94172190442865,34.26099568537255,108.94059577830252,108.94284803055476,34.259869559246425,34.26212181149868,1574.91,2.0,2.0,0.0,3.0,0.0,0.0,6461.18,0.9568882428154728,0.1182548415880144,0,高需求低供给
1932,108.83811830082524,34.31955424393118,108.8369921746991,108.83924442695135,34.318428117805055,34.32068037005731,477.97,2.0,2.0,5.0,2.0,1.0,0.0,0.0,0.6438168272017238,0.1182488937634114,0,高需求低供给
4246,108.85838857109546,34.28126595564285,108.85726244496934,108.85951469722158,34.28013982951672,34.282392081768975,888.1,4.0,1.0,1.0,4.0,2.0,0.0,65.97,0.7034239660177065,0.1180302703728556,0,高需求低供给
1667,108.82460478731174,34.32405874843569,108.82347866118562,108.82573091343788,34.322932622309565,34.32518487456182,120.78,2.0,0.0,0.0,3.0,0.0,5.0,2432.01,0.7501923838890947,0.1177741802969033,0,高需求低供给
74,108.9259561386629,34.36009478447177,108.92483001253676,108.92708226478902,34.358968658345646,34.3612209105979,370.46,6.0,0.0,1.0,0.0,0.0,1.0,3292.02,0.8902444775566082,0.1177291995220973,0,高需求低供给
5968,109.03181199451856,34.25198667636353,109.03068586839242,109.03293812064469,34.250860550237405,34.25311280248966,850.17,3.0,4.0,2.0,2.0,0.0,1.0,0.0,0.6917048014798093,0.1176134859816992,1,均衡区
5415,108.88992010262692,34.26099568537255,108.8887939765008,108.89104622875304,34.259869559246425,34.26212181149868,1537.87,1.0,1.0,0.0,3.0,1.0,2.0,5253.969999999999,0.8613307767094547,0.11753437561469,1,均衡区
265,108.94397415668088,34.35333802771501,108.94284803055476,108.945100282807,34.35221190158888,34.354464153841135,806.2,5.0,1.0,1.0,0.0,0.0,2.0,1836.55,0.8049132692895682,0.1169430403499995,0,高需求低供给
5358,109.04082100352754,34.26324793762481,109.03969487740142,109.04194712965366,34.26212181149868,34.264374063750935,567.29,4.0,2.0,1.0,2.0,3.0,0.0,1325.44,0.933806494124105,0.1169419962783592,1,均衡区
2386,108.96424442695113,34.31279748717442,108.963118300825,108.96537055307724,34.31167136104829,34.313923613300545,453.41,1.0,10.0,1.0,0.0,0.0,2.0,1534.89,0.8574956920515074,0.1168790931821814,0,高需求低供给
991,108.96649667920336,34.33757226194922,108.96537055307724,108.96762280532948,34.336446135823095,34.33869838807535,1013.7,5.0,0.0,0.0,1.0,2.0,2.0,1291.9299999999998,0.7701675909658873,0.1164456453229657,1,均衡区
5187,108.93946965217638,34.26550018987706,108.93834352605026,108.94059577830252,34.264374063750935,34.26662631600319,2083.35,1.0,2.0,2.0,2.0,4.0,0.0,2024.68,0.8537935266060058,0.1162041534535156,0,高需求低供给
329,108.89667685938367,34.35108577546275,108.89555073325756,108.8978029855098,34.349959649336625,34.35221190158888,323.15,2.0,0.0,3.0,2.0,4.0,2.0,0.0,0.4286555408265157,0.1159865576509508,1,均衡区
4494,108.82010028280725,34.27676145113834,108.81897415668112,108.82122640893336,34.27563532501221,34.277887577264465,253.67,2.0,0.0,2.0,2.0,0.0,3.0,3000.9300000000003,0.7116169749041469,0.1156241414465018,0,高需求低供给
1482,108.9777579404646,34.3285632529402,108.97663181433848,108.97888406659072,34.327437126814075,34.32968937906633,1037.57,1.0,1.0,7.0,1.0,0.0,0.0,0.0,0.6564744243322204,0.1153778806001199,0,高需求低供给
2580,108.79307325578029,34.30829298266991,108.79194712965416,108.7941993819064,34.30716685654378,34.309419108796035,236.31,6.0,1.0,0.0,0.0,1.0,0.0,4765.03,0.976423380056788,0.1149015788686005,0,高需求低供给
4902,108.86739758010444,34.27000469438157,108.86627145397831,108.86852370623058,34.268878568255445,34.2711308205077,358.03,3.0,1.0,1.0,1.0,3.0,1.0,4074.58,0.7980807133561807,0.1148886128400294,2,均衡区
8204,108.98451469722134,34.20694163131843,108.98338857109522,108.98564082334748,34.205815505192305,34.20806775744456,1337.13,2.0,2.0,0.0,5.0,0.0,2.0,194.96,0.8263895372798995,0.1148264174238467,0,高需求低供给
4362,108.82010028280725,34.27901370339059,108.81897415668112,108.82122640893336,34.277887577264465,34.28013982951672,192.46,0.0,6.0,0.0,0.0,3.0,3.0,5255.41,0.8218539606491791,0.1147900296145704,2,均衡区
6342,108.81109127379824,34.24297766735451,108.80996514767212,108.81221739992438,34.241851541228385,34.24410379348064,573.19,5.0,0.0,0.0,1.0,0.0,4.0,0.0,0.616012306076804,0.1145769978753884,0,高需求低供给
5460,108.99127145397809,34.26099568537255,108.99014532785196,108.9923975801042,34.259869559246425,34.26212181149868,1362.76,3.0,0.0,0.0,0.0,2.0,0.0,8874.24,0.9489758576263704,0.114389715748181,0,高需求低供给
4437,108.98901920172584,34.27901370339059,108.98789307559971,108.99014532785196,34.277887577264465,34.28013982951672,1510.78,3.0,3.0,2.0,1.0,1.0,1.0,0.0,0.674956047725047,0.1142873013301808,1,均衡区
1007,109.00253271523933,34.33757226194922,109.0014065891132,109.00365884136544,34.336446135823095,34.33869838807535,109.29,0.0,2.0,3.0,2.0,2.0,4.0,0.0,0.6275555951257277,0.1141722130301075,1,均衡区
7359,109.03856875127528,34.22495964933647,109.03744262514915,109.03969487740142,34.223833523210345,34.2260857754626,247.2,5.0,1.0,0.0,1.0,1.0,3.0,268.1,0.7763805237076302,0.1140794626471466,0,高需求低供给
2405,109.00703721974382,34.31279748717442,109.0059110936177,109.00816334586996,34.31167136104829,34.313923613300545,718.4,4.0,0.0,1.0,2.0,2.0,2.0,0.0,0.7751749374645401,0.1137624624457764,0,高需求低供给
5772,108.86289307559996,34.25423892861579,108.86176694947385,108.86401920172608,34.25311280248966,34.255365054741915,605.92,2.0,5.0,1.0,2.0,4.0,0.0,1001.86,0.8872946352873616,0.1135735079881855,0,高需求低供给
6412,108.9687489314556,34.24297766735451,108.96762280532948,108.96987505758172,34.241851541228385,34.24410379348064,2475.11,5.0,0.0,0.0,1.0,1.0,0.0,2546.81,0.7554988991289097,0.1133900142292212,0,高需求低供给
5431,108.9259561386629,34.26099568537255,108.92483001253676,108.92708226478902,34.259869559246425,34.26212181149868,2024.58,4.0,1.0,0.0,2.0,2.0,1.0,308.93,0.8354394010051495,0.1132712572519496,0,高需求低供给
1252,109.01379397650057,34.33306775744471,109.01266785037444,109.01492010262668,34.331941631318585,34.33419388357084,92.74,1.0,0.0,0.0,0.0,0.0,0.0,16204.84,0.8160169697005542,0.1129046715248814,0,高需求低供给
3688,108.82460478731174,34.29027496465187,108.82347866118562,108.82573091343788,34.28914883852574,34.291401090777995,977.3,1.0,1.0,2.0,2.0,9.0,0.0,467.84,0.7929401229229669,0.112901690637213,2,均衡区
5749,108.81109127379824,34.25423892861579,108.80996514767212,108.81221739992438,34.25311280248966,34.255365054741915,272.02,4.0,0.0,4.0,0.0,0.0,1.0,926.99,0.9561195305766724,0.1127454133119565,0,高需求低供给
6832,108.87640658911344,34.23396865834549,108.87528046298732,108.87753271523955,34.232842532219365,34.23509478447162,1212.22,3.0,4.0,0.0,1.0,2.0,0.0,3697.67,0.8616036355159884,0.1127366871898437,2,均衡区
7295,108.89442460713144,34.22495964933647,108.8932984810053,108.89555073325756,34.223833523210345,34.2260857754626,617.56,6.0,2.0,0.0,0.0,0.0,0.0,3618.81,0.8724337342752048,0.1123011796321645,0,高需求低供给
2385,108.96199217469886,34.31279748717442,108.96086604857274,108.963118300825,34.31167136104829,34.313923613300545,1385.46,0.0,5.0,2.0,0.0,0.0,2.0,4273.04,0.6733301532618091,0.1122385259981527,0,高需求低供给
5437,108.93946965217638,34.26099568537255,108.93834352605026,108.94059577830252,34.259869559246425,34.26212181149868,1990.16,2.0,6.0,0.0,3.0,0.0,0.0,1091.38,0.8350362621012456,0.1122295656627805,1,均衡区
1248,109.00478496749156,34.33306775744471,109.00365884136544,109.0059110936177,34.331941631318585,34.33419388357084,362.84,3.0,0.0,1.0,3.0,1.0,3.0,0.0,0.6567928451482817,0.1120661926961515,1,均衡区
3852,108.88541559812244,34.28802271239961,108.88428947199633,108.88654172424856,34.286896586273485,34.28914883852574,963.48,2.0,4.0,0.0,1.0,0.0,4.0,752.3499999999999,0.8354106553256484,0.1120523105627963,0,高需求低供给
8670,108.8696498323567,34.1934281178049,108.86852370623058,108.87077595848282,34.192301991678775,34.19455424393103,945.22,2.0,4.0,0.0,1.0,7.0,1.0,429.9,0.8538865005992202,0.1118028556241466,2,均衡区
6290,108.95748767019435,34.24522991960677,108.95636154406824,108.95861379632048,34.24410379348064,34.246356045732895,1244.79,1.0,5.0,1.0,3.0,0.0,2.0,0.0,0.7119314280325615,0.1116046365431794,0,高需求低供给
1183,108.85838857109546,34.33306775744471,108.85726244496934,108.85951469722158,34.331941631318585,34.33419388357084,90.03,2.0,1.0,0.0,6.0,4.0,1.0,0.0,0.6415089879312045,0.1115224340082311,0,高需求低供给
5374,108.79757776028475,34.26099568537255,108.79645163415864,108.79870388641088,34.259869559246425,34.26212181149868,687.52,2.0,1.0,2.0,0.0,4.0,1.0,3670.58,0.8434905799253681,0.1113593894308404,2,均衡区
1462,108.93271289541964,34.3285632529402,108.93158676929352,108.93383902154577,34.327437126814075,34.32968937906633,1419.52,1.0,1.0,1.0,0.0,4.0,1.0,6245.37,0.8530508146381661,0.1113528545848773,0,高需求低供给
4643,108.86064082334772,34.27450919888608,108.85951469722158,108.86176694947385,34.273383072759955,34.27563532501221,1782.05,0.0,1.0,6.0,0.0,2.0,0.0,1539.64,0.9355723177994034,0.1113517367592626,1,均衡区
450,108.96199217469886,34.3488335232105,108.96086604857274,108.963118300825,34.34770739708437,34.349959649336625,1095.74,1.0,2.0,3.0,2.0,1.0,2.0,0.0,0.7261199918314242,0.111193263818581,0,高需求低供给
5733,109.04983001253652,34.25649118086804,109.0487038864104,109.05095613866266,34.255365054741915,34.25761730699417,719.81,2.0,0.0,2.0,1.0,0.0,4.0,1081.79,0.86855171499639,0.1110418276954088,0,高需求低供给
5280,108.8651453278522,34.26324793762481,108.86401920172608,108.86627145397831,34.26212181149868,34.264374063750935,1573.95,1.0,0.0,3.0,2.0,7.0,0.0,0.0,0.5947652662398255,0.11099357790494,0,高需求低供给
4719,109.03181199451856,34.27450919888608,109.03068586839242,109.03293812064469,34.273383072759955,34.27563532501221,783.9,5.0,0.0,0.0,1.0,2.0,1.0,2222.52,0.958378426319436,0.1107173689456847,0,高需求低供给
5378,108.80658676929376,34.26099568537255,108.80546064316763,108.80771289541988,34.259869559246425,34.26212181149868,322.95,0.0,7.0,2.0,1.0,1.0,3.0,0.0,0.6330769466431816,0.1106169233978832,0,高需求低供给
7185,108.90118136388816,34.22721190158873,108.90005523776205,108.9023074900143,34.2260857754626,34.228338027714855,1283.48,1.0,3.0,5.0,0.0,0.0,1.0,245.82,0.7258452040196999,0.1105420921420115,0,高需求低供给
8596,108.8741543368612,34.19568037005716,108.87302821073509,108.87528046298732,34.19455424393103,34.196806496183285,649.94,1.0,1.0,1.0,4.0,2.0,3.0,0.0,0.6773522891476739,0.1105366027040967,0,高需求低供给
5314,108.94172190442865,34.26324793762481,108.94059577830252,108.94284803055476,34.26212181149868,34.264374063750935,1148.25,5.0,1.0,0.0,3.0,0.0,0.0,1111.31,0.8125497237696422,0.1103382183743911,3,均衡区
647,108.95973992244662,34.34432901870599,108.95861379632048,108.96086604857274,34.34320289257986,34.345455144832115,1168.02,2.0,3.0,0.0,2.0,2.0,2.0,1602.02,0.6928607841365424,0.1101652071725499,0,高需求低供给
742,108.9259561386629,34.34207676645373,108.92483001253676,108.92708226478902,34.340950640327605,34.34320289257986,1006.91,1.0,2.0,2.0,3.0,1.0,2.0,257.71000000000004,0.8635438200064459,0.1101210115239963,0,高需求低供给
2131,108.98901920172584,34.31730199167893,108.98789307559971,108.99014532785196,34.3161758655528,34.318428117805055,887.84,2.0,8.0,0.0,0.0,0.0,3.0,0.0,0.6434603295569855,0.1099816976852454,0,高需求低供给
8456,108.92370388641064,34.20018487456167,108.92257776028453,108.92483001253676,34.19905874843554,34.201311000687795,1214.3,4.0,0.0,0.0,0.0,0.0,0.0,7946.639999999999,0.9732932192544228,0.1099718878796223,0,高需求低供给
5210,108.99127145397809,34.26550018987706,108.99014532785196,108.9923975801042,34.264374063750935,34.26662631600319,1839.37,0.0,1.0,2.0,2.0,2.0,3.0,726.7099999999999,0.8817057319780282,0.1099422428649532,1,均衡区
7482,108.808839021546,34.22045514483196,108.80771289541988,108.80996514767212,34.219329018705835,34.22158127095809,406.09,0.0,7.0,0.0,3.0,5.0,1.0,666.37,0.8858643241703573,0.1099306185222201,0,高需求低供给
3244,109.05883902154552,34.29928397366089,109.0577128954194,109.05996514767163,34.29815784753476,34.300410099787015,741.69,0.0,2.0,0.0,4.0,4.0,3.0,888.35,0.8399247604681821,0.1098540365188621,1,均衡区
6166,108.94172190442865,34.24748217185902,108.94059577830252,108.94284803055476,34.246356045732895,34.24860829798515,1032.0,1.0,4.0,0.0,6.0,1.0,0.0,993.22,0.8816223705072538,0.1096641476302479,1,均衡区
4775,108.86739758010444,34.27225694663383,108.86627145397831,108.86852370623058,34.2711308205077,34.273383072759955,1161.54,2.0,1.0,0.0,1.0,4.0,4.0,0.0,0.6548893936677993,0.1096444254136328,1,均衡区
6135,108.87190208460896,34.24748217185902,108.87077595848282,108.87302821073509,34.246356045732895,34.24860829798515,1088.41,2.0,1.0,3.0,1.0,3.0,1.0,294.24,0.7741584072346557,0.1095942356146441,0,高需求低供给
4942,108.95748767019435,34.27000469438157,108.95636154406824,108.95861379632048,34.268878568255445,34.2711308205077,920.3,4.0,3.0,2.0,0.0,0.0,0.0,1931.42,0.865474191933156,0.1095899604605552,1,均衡区
1741,108.99127145397809,34.32405874843569,108.99014532785196,108.9923975801042,34.322932622309565,34.32518487456182,590.0,0.0,2.0,1.0,2.0,1.0,3.0,4296.25,0.87915423080605,0.1092947944512031,1,均衡区
8669,108.86739758010444,34.1934281178049,108.86627145397831,108.86852370623058,34.192301991678775,34.19455424393103,601.02,5.0,1.0,0.0,1.0,1.0,2.0,531.45,0.8198955981489332,0.1092488291554492,0,高需求低供给
2958,109.03181199451856,34.3037884781654,109.03068586839242,109.03293812064469,34.30266235203927,34.304914604291525,275.27,2.0,1.0,0.0,4.0,0.0,4.0,0.0,0.8012076463917717,0.1090897023855435,0,高需求低供给
8123,109.0340642467708,34.20919388357069,109.03293812064469,109.03519037289692,34.20806775744456,34.210320009696815,296.01,4.0,3.0,1.0,1.0,2.0,1.0,0.0,0.9134114597077092,0.1089050102607507,0,高需求低供给
4292,108.96199217469886,34.28126595564285,108.96086604857274,108.963118300825,34.28013982951672,34.282392081768975,1472.04,4.0,0.0,2.0,0.0,0.0,1.0,2167.51,0.7731795099332311,0.1088336366783573,0,高需求低供给
576,109.0295597422663,34.34658127095824,109.02843361614018,109.03068586839242,34.345455144832115,34.34770739708437,335.73,1.0,0.0,6.0,3.0,0.0,0.0,0.0,0.6447924303266968,0.1087809824945876,0,高需求低供给
6587,108.84262280532973,34.23847316285,108.8414966792036,108.84374893145583,34.237347036723875,34.23959928897613,324.14,6.0,1.0,0.0,0.0,0.0,0.0,4585.7,0.7138287422117563,0.1086674194385044,0,高需求低供给
3844,108.86739758010444,34.28802271239961,108.86627145397831,108.86852370623058,34.286896586273485,34.28914883852574,754.69,1.0,1.0,1.0,0.0,4.0,3.0,3371.23,0.9106710869610496,0.1080934533503442,0,高需求低供给
7397,108.8696498323567,34.22270739708422,108.86852370623058,108.87077595848282,34.22158127095809,34.223833523210345,1130.73,1.0,4.0,2.0,2.0,1.0,0.0,2745.95,0.668397904823613,0.1079262606950193,1,均衡区
1990,108.9687489314556,34.31955424393118,108.96762280532948,108.96987505758172,34.318428117805055,34.32068037005731,1502.66,2.0,2.0,2.0,3.0,1.0,0.0,622.31,0.7235739162345917,0.1078307027164706,0,高需求低供给
3466,108.94172190442865,34.29477946915638,108.94059577830252,108.94284803055476,34.29365334303025,34.295905595282505,1168.43,3.0,1.0,1.0,2.0,0.0,0.0,4124.43,0.7956939514611536,0.1077768520694796,0,高需求低供给
1485,108.98451469722134,34.3285632529402,108.98338857109522,108.98564082334748,34.327437126814075,34.32968937906633,746.09,0.0,0.0,7.0,2.0,1.0,0.0,0.0,0.5522038886858203,0.1077219711160788,0,高需求低供给
5954,109.00028046298708,34.25198667636353,108.99915433686095,109.0014065891132,34.250860550237405,34.25311280248966,1835.94,3.0,1.0,1.0,0.0,3.0,1.0,1886.16,0.7969044143707643,0.1075995736407211,1,均衡区
622,108.90343361614042,34.34432901870599,108.9023074900143,108.90455974226654,34.34320289257986,34.345455144832115,344.65,1.0,4.0,1.0,3.0,7.0,0.0,0.0,0.4560956784723705,0.1075746389943784,0,高需求低供给
748,108.93946965217638,34.34207676645373,108.93834352605026,108.94059577830252,34.340950640327605,34.34320289257986,1182.64,5.0,1.0,1.0,1.0,0.0,1.0,0.0,0.6857656837992139,0.1073601077151661,0,高需求低供给
7690,109.02730749001404,34.21820289257971,109.02618136388791,109.02843361614018,34.21707676645358,34.219329018705835,160.93,1.0,6.0,1.0,0.0,0.0,4.0,941.11,0.7567536491416189,0.1072221528996857,0,高需求低供给
1565,108.88091109361794,34.32631100068795,108.87978496749182,108.88203721974406,34.32518487456182,34.327437126814075,274.33,1.0,1.0,0.0,5.0,2.0,3.0,422.85,0.7166267375887566,0.1071234320376298,0,高需求低供给
5900,108.87865884136568,34.25198667636353,108.87753271523955,108.87978496749182,34.250860550237405,34.25311280248966,1531.03,1.0,3.0,3.0,1.0,1.0,1.0,540.36,0.971190460757777,0.1070975567841173,0,高需求低供给
7362,109.04532550803204,34.22495964933647,109.04419938190593,109.04645163415816,34.223833523210345,34.2260857754626,223.24,0.0,5.0,0.0,3.0,10.0,0.0,330.36,0.7902243730080485,0.106970257136163,0,高需求低供给
618,108.89442460713144,34.34432901870599,108.8932984810053,108.89555073325756,34.34320289257986,34.345455144832115,313.81,1.0,2.0,2.0,4.0,0.0,1.0,1798.49,0.9168990035806294,0.1067694084789458,0,高需求低供给
7689,109.0250552377618,34.21820289257971,109.02392911163568,109.02618136388791,34.21707676645358,34.219329018705835,231.74,4.0,1.0,0.0,0.0,0.0,5.0,0.0,0.5912098119111407,0.1067404569728301,0,高需求低供给
7985,108.95973992244662,34.21144613582294,108.95861379632048,108.96086604857274,34.210320009696815,34.21257226194907,960.55,2.0,3.0,1.0,3.0,1.0,1.0,400.59,0.7779818864856148,0.1062786636634876,0,高需求低供给
6390,108.91919938190615,34.24297766735451,108.91807325578004,108.92032550803228,34.241851541228385,34.24410379348064,1667.39,5.0,0.0,1.0,0.0,0.0,0.0,2885.25,0.901480167751856,0.106250725009983,1,均衡区
4441,108.99802821073484,34.27901370339059,108.9969020846087,108.99915433686095,34.277887577264465,34.28013982951672,1576.87,3.0,1.0,2.0,0.0,2.0,1.0,897.62,0.9166030309542692,0.1062381470096652,1,均衡区
7226,108.99352370623032,34.22721190158873,108.9923975801042,108.99464983235646,34.2260857754626,34.228338027714855,1406.19,0.0,0.0,3.0,0.0,1.0,4.0,1907.4700000000005,0.7816288595825244,0.1060272917474424,0,高需求低供给
6828,108.86739758010444,34.23396865834549,108.86627145397831,108.86852370623058,34.232842532219365,34.23509478447162,1110.8,2.0,2.0,0.0,1.0,3.0,0.0,5839.58,0.8423112032576168,0.1060167650196239,0,高需求低供给
5373,108.79532550803252,34.26099568537255,108.7941993819064,108.79645163415864,34.259869559246425,34.26212181149868,732.31,0.0,3.0,1.0,5.0,3.0,0.0,1906.8,0.7459125743188385,0.1057943018031892,1,均衡区
8136,108.83136154406849,34.20694163131843,108.83023541794236,108.8324876701946,34.205815505192305,34.20806775744456,388.57,3.0,0.0,1.0,1.0,0.0,4.0,704.78,0.7728619937785877,0.1056176599292699,1,均衡区
4830,108.99127145397809,34.27225694663383,108.99014532785196,108.9923975801042,34.2711308205077,34.273383072759955,1739.21,4.0,4.0,0.0,2.0,0.0,0.0,0.0,0.6661531792836289,0.1055989344236664,2,均衡区
5685,108.94172190442865,34.25649118086804,108.94059577830252,108.94284803055476,34.255365054741915,34.25761730699417,1736.5,1.0,3.0,1.0,2.0,1.0,2.0,585.35,0.8634971442401276,0.1053431382580991,1,均衡区
5771,108.86064082334772,34.25423892861579,108.85951469722158,108.86176694947385,34.25311280248966,34.255365054741915,702.61,2.0,1.0,4.0,0.0,4.0,0.0,586.9,0.9128237229605398,0.105321660797723,1,均衡区
2265,108.99127145397809,34.31504973942667,108.99014532785196,108.9923975801042,34.313923613300545,34.3161758655528,350.51,1.0,0.0,0.0,0.0,0.0,0.0,14447.68,0.8948608623005748,0.1052773801792451,0,高需求低供给
5930,108.94622640893311,34.25198667636353,108.945100282807,108.94735253505924,34.250860550237405,34.25311280248966,2150.42,1.0,0.0,0.0,4.0,0.0,2.0,2511.78,0.8403559904488749,0.1051411398070689,1,均衡区
3796,109.06784803055452,34.29027496465187,109.0667219044284,109.06897415668064,34.28914883852574,34.291401090777995,888.15,1.0,4.0,3.0,2.0,1.0,0.0,785.07,0.7208986071233316,0.1050938315961795,0,高需求低供给
4429,108.97100118370786,34.27901370339059,108.96987505758172,108.97212730983398,34.277887577264465,34.28013982951672,1461.94,5.0,3.0,0.0,1.0,0.0,0.0,514.9,0.9826594120636823,0.1050903055093666,0,高需求低供给
4647,108.8696498323567,34.27450919888608,108.86852370623058,108.87077595848282,34.273383072759955,34.27563532501221,1478.85,6.0,0.0,0.0,2.0,0.0,0.0,20.55,0.9066026176151012,0.1048942254496533,2,均衡区
635,108.93271289541964,34.34432901870599,108.93158676929352,108.93383902154577,34.34320289257986,34.345455144832115,781.76,3.0,3.0,1.0,1.0,1.0,1.0,1279.09,0.8468870238370765,0.1047489918077033,0,高需求低供给
983,108.94847866118538,34.33757226194922,108.94735253505924,108.9496047873115,34.336446135823095,34.33869838807535,1189.41,0.0,3.0,1.0,6.0,1.0,0.0,1073.15,0.7395877795570045,0.1045862783819625,0,高需求低供给
1991,108.97100118370786,34.31955424393118,108.96987505758172,108.97212730983398,34.318428117805055,34.32068037005731,944.18,2.0,1.0,1.0,1.0,2.0,3.0,773.8699999999999,0.7639020728869413,0.1045454371193689,1,均衡区
2332,108.84262280532973,34.31279748717442,108.8414966792036,108.84374893145583,34.31167136104829,34.313923613300545,131.38,6.0,0.0,0.0,0.0,0.0,0.0,4908.98,0.939435902104629,0.104233731403279,0,高需求低供给
4305,108.99127145397809,34.28126595564285,108.99014532785196,108.9923975801042,34.28013982951672,34.282392081768975,2291.44,2.0,1.0,1.0,3.0,0.0,0.0,2115.44,0.8781680154254694,0.104001175376236,0,高需求低供给
5946,108.9822624449691,34.25198667636353,108.98113631884296,108.98338857109522,34.250860550237405,34.25311280248966,1178.42,4.0,1.0,1.0,0.0,0.0,0.0,4189.8,0.989436762900424,0.1038769356651011,0,高需求低供给
4596,109.04983001253652,34.27676145113834,109.0487038864104,109.05095613866266,34.27563532501221,34.277887577264465,925.09,3.0,0.0,0.0,2.0,3.0,2.0,867.28,0.9393882460012716,0.1037764707036025,0,高需求低供给
78,108.93496514767187,34.36009478447177,108.93383902154577,108.936091273798,34.358968658345646,34.3612209105979,402.67,1.0,4.0,0.0,3.0,2.0,2.0,1275.18,0.7652155276254538,0.1037381637790376,1,均衡区
1810,108.8561363188432,34.32180649618344,108.85501019271707,108.85726244496934,34.32068037005731,34.322932622309565,396.16,2.0,2.0,0.0,3.0,3.0,2.0,536.44,0.6843500011184179,0.1035771028936873,0,高需求低供给
4263,108.89667685938367,34.28126595564285,108.89555073325756,108.8978029855098,34.28013982951672,34.282392081768975,610.95,3.0,0.0,2.0,2.0,0.0,0.0,3421.5600000000004,0.8161821244422587,0.1035412675951709,0,高需求低供给
6758,108.9687489314556,34.23622091059775,108.96762280532948,108.96987505758172,34.23509478447162,34.237347036723875,1626.47,0.0,9.0,0.0,3.0,0.0,0.0,1296.14,0.7845525683513999,0.1035051061258486,1,均衡区
2804,108.99127145397809,34.30604073041765,108.99014532785196,108.9923975801042,34.304914604291525,34.30716685654378,982.75,6.0,2.0,0.0,1.0,0.0,0.0,138.55,0.8760558839681486,0.1034927635557399,1,均衡区
4329,109.04532550803204,34.28126595564285,109.04419938190593,109.04645163415816,34.28013982951672,34.282392081768975,1369.3,1.0,2.0,0.0,5.0,4.0,0.0,508.78,0.8116533352016029,0.1034211596686612,1,均衡区
5807,108.94172190442865,34.25423892861579,108.94059577830252,108.94284803055476,34.25311280248966,34.255365054741915,999.12,2.0,2.0,1.0,3.0,0.0,0.0,3071.4700000000003,0.939721638891282,0.1031913581949725,0,高需求低供给
8598,108.87865884136568,34.19568037005716,108.87753271523955,108.87978496749182,34.19455424393103,34.196806496183285,371.99,3.0,3.0,0.0,5.0,0.0,0.0,121.68,0.9629987756431558,0.1028618397422361,1,均衡区
1047,108.82460478731174,34.33532000969697,108.82347866118562,108.82573091343788,34.33419388357084,34.336446135823095,489.19,1.0,1.0,1.0,3.0,6.0,0.0,2156.02,0.8930544722039884,0.1025814029501156,2,均衡区
5604,109.03631649902304,34.2587434331203,109.03519037289692,109.03744262514915,34.25761730699417,34.259869559246425,1025.68,1.0,5.0,3.0,2.0,0.0,0.0,0.0,0.6395157889720322,0.1024093680943542,0,高需求低供给
6305,108.99127145397809,34.24522991960677,108.99014532785196,108.9923975801042,34.24410379348064,34.246356045732895,854.25,3.0,5.0,0.0,0.0,0.0,0.0,4474.56,0.9167039876715868,0.1022223758089131,0,高需求低供给
6191,108.99802821073484,34.24748217185902,108.9969020846087,108.99915433686095,34.246356045732895,34.24860829798515,1044.89,0.0,0.0,2.0,0.0,1.0,6.0,231.58,0.8933411384705726,0.1021862947403107,0,高需求低供给
2430,109.06334352605002,34.31279748717442,109.0622173999239,109.06446965217614,34.31167136104829,34.313923613300545,40.48,0.0,0.0,0.0,0.0,0.0,0.0,16432.16,0.8208643917062846,0.1021380391287588,0,高需求低供给
8315,109.00928947199608,34.20468937906618,109.00816334586996,109.0104155981222,34.20356325294005,34.205815505192305,630.76,3.0,2.0,0.0,2.0,0.0,3.0,0.0,0.6513343240983044,0.1019177145894963,0,高需求低供给
8424,108.85163181433872,34.20018487456167,108.8505056882126,108.85275794046484,34.19905874843554,34.201311000687795,819.11,4.0,0.0,1.0,1.0,0.0,0.0,4076.94,0.8435520268956598,0.101719132980167,0,高需求低供给
4722,109.03856875127528,34.27450919888608,109.03744262514915,109.03969487740142,34.273383072759955,34.27563532501221,590.92,6.0,0.0,1.0,0.0,0.0,0.0,2110.21,0.6902889071065443,0.1015756447987195,1,均衡区
4646,108.86739758010444,34.27450919888608,108.86627145397831,108.86852370623058,34.273383072759955,34.27563532501221,864.63,4.0,0.0,2.0,0.0,0.0,1.0,1889.71,0.8275775719943337,0.1015257702465585,0,均衡区
1465,108.93946965217638,34.3285632529402,108.93834352605026,108.94059577830252,34.327437126814075,34.32968937906633,1267.25,1.0,2.0,5.0,1.0,0.0,0.0,0.0,0.668317213581109,0.1013079078096888,1,均衡区
8008,109.01154172424832,34.21144613582294,109.0104155981222,109.01266785037444,34.210320009696815,34.21257226194907,398.26,1.0,0.0,1.0,0.0,0.0,6.0,1791.04,0.8935976750150667,0.1012719642883947,0,均衡区
8622,108.93271289541964,34.19568037005716,108.93158676929352,108.93383902154577,34.19455424393103,34.196806496183285,1003.68,1.0,3.0,1.0,2.0,7.0,0.0,0.0,0.712665101620909,0.1011352476699153,0,均衡区
6590,108.84937956208648,34.23847316285,108.84825343596034,108.8505056882126,34.237347036723875,34.23959928897613,401.75,1.0,0.0,0.0,0.0,0.0,0.0,13633.75,0.8624849078503508,0.1007039239680477,0,均衡区
7324,108.95973992244662,34.22495964933647,108.95861379632048,108.96086604857274,34.223833523210345,34.2260857754626,1025.68,5.0,1.0,0.0,1.0,1.0,0.0,1771.64,0.8284730251953941,0.1006905553623549,1,均衡区
5452,108.9732534359601,34.26099568537255,108.97212730983398,108.97437956208624,34.259869559246425,34.26212181149868,1539.52,2.0,1.0,1.0,1.0,6.0,0.0,1027.44,0.8972738067757985,0.1006262887435112,1,均衡区
678,109.0295597422663,34.34432901870599,109.02843361614018,109.03068586839242,34.34320289257986,34.345455144832115,329.94,2.0,1.0,2.0,3.0,1.0,1.0,581.88,0.7404579794850045,0.100610068057937,0,均衡区
6415,108.97550568821237,34.24297766735451,108.97437956208624,108.97663181433848,34.241851541228385,34.24410379348064,2149.98,0.0,0.0,5.0,0.0,0.0,0.0,3533.64,0.8620683591577089,0.1006008577958555,0,均衡区
3693,108.83586604857298,34.29027496465187,108.83473992244686,108.8369921746991,34.28914883852574,34.291401090777995,504.27,3.0,0.0,0.0,1.0,0.0,1.0,6458.16,0.8810247283604147,0.1005834479697164,0,均衡区
1060,108.85388406659096,34.33532000969697,108.85275794046484,108.85501019271707,34.33419388357084,34.336446135823095,411.8,0.0,2.0,4.0,1.0,6.0,0.0,322.71,0.8291583904352865,0.1005758561119154,0,均衡区
7583,109.03631649902304,34.22045514483196,109.03519037289692,109.03744262514915,34.219329018705835,34.22158127095809,493.3,3.0,1.0,0.0,4.0,2.0,1.0,0.0,0.5871475195379539,0.1005515602832149,0,均衡区
267,108.94847866118538,34.35333802771501,108.94735253505924,108.9496047873115,34.35221190158888,34.354464153841135,1013.13,1.0,1.0,3.0,2.0,2.0,1.0,222.1,0.7393510600948677,0.1005482332984497,0,均衡区
6065,108.9822624449691,34.24973442411128,108.98113631884296,108.98338857109522,34.24860829798515,34.250860550237405,1417.47,0.0,0.0,4.0,2.0,0.0,2.0,329.67,0.8604627631345638,0.1004182111013238,0,均衡区
100,108.98451469722134,34.36009478447177,108.98338857109522,108.98564082334748,34.358968658345646,34.3612209105979,330.49,2.0,1.0,1.0,6.0,1.0,0.0,0.0,0.5077180113335601,0.1003327434657593,0,均衡区
4948,108.97100118370786,34.27000469438157,108.96987505758172,108.97212730983398,34.268878568255445,34.2711308205077,1345.3,2.0,0.0,2.0,2.0,2.0,1.0,393.55,0.8499753051840091,0.1003020071877387,0,均衡区
5439,108.94397415668088,34.26099568537255,108.94284803055476,108.945100282807,34.259869559246425,34.26212181149868,1272.52,2.0,6.0,0.0,2.0,0.0,0.0,1624.9,0.9048061437401592,0.1002632539371849,0,均衡区
6691,108.817848030555,34.23622091059775,108.81672190442887,108.81897415668112,34.23509478447162,34.237347036723875,476.66,2.0,3.0,0.0,0.0,5.0,3.0,0.0,0.5929629919692334,0.099995496385042,1,均衡区
5037,108.88541559812244,34.26775244212932,108.88428947199633,108.88654172424856,34.26662631600319,34.268878568255445,1438.04,1.0,1.0,3.0,0.0,1.0,1.0,2981.05,0.807424988795622,0.0999904497302463,0,均衡区
4935,108.94172190442865,34.27000469438157,108.94059577830252,108.94284803055476,34.268878568255445,34.2711308205077,1188.32,3.0,3.0,0.0,2.0,2.0,0.0,1167.13,0.8257792849298826,0.0999050058442238,3,均衡区
6606,108.88541559812244,34.23847316285,108.88428947199633,108.88654172424856,34.237347036723875,34.23959928897613,1394.2,2.0,0.0,3.0,1.0,0.0,1.0,1278.94,0.9097151454626988,0.0997663511551888,1,均衡区
8597,108.87640658911344,34.19568037005716,108.87528046298732,108.87753271523955,34.19455424393103,34.196806496183285,444.42,1.0,5.0,2.0,3.0,0.0,0.0,699.11,0.8764824846501152,0.0997254740296349,0,均衡区
3792,109.05883902154552,34.29027496465187,109.0577128954194,109.05996514767163,34.28914883852574,34.291401090777995,497.21,0.0,9.0,1.0,0.0,0.0,3.0,0.0,0.6343545560841984,0.0995903792446479,0,均衡区
5008,108.82010028280725,34.26775244212932,108.81897415668112,108.82122640893336,34.26662631600319,34.268878568255445,490.59,4.0,1.0,0.0,2.0,2.0,0.0,2203.02,0.8265367996741759,0.0995315623355171,1,均衡区
905,109.03631649902304,34.33982451420148,109.03519037289692,109.03744262514915,34.33869838807535,34.340950640327605,455.58,0.0,0.0,7.0,0.0,0.0,1.0,911.23,0.6617709465347029,0.0993918932493661,0,均衡区
5964,109.02280298550956,34.25198667636353,109.02167685938343,109.02392911163568,34.250860550237405,34.25311280248966,1016.29,3.0,0.0,1.0,0.0,1.0,3.0,950.75,0.804370431221911,0.0993289800310635,0,均衡区
4966,109.01154172424832,34.27000469438157,109.0104155981222,109.01266785037444,34.268878568255445,34.2711308205077,900.26,2.0,1.0,0.0,0.0,0.0,1.0,8014.24,0.8746062509758611,0.0993050245931463,0,均衡区
8560,108.97100118370786,34.19793262230941,108.96987505758172,108.97212730983398,34.196806496183285,34.19905874843554,1097.62,3.0,2.0,1.0,1.0,1.0,0.0,2496.6,0.8411200329150732,0.0992975327285441,0,均衡区
3455,108.9169471296539,34.29477946915638,108.91582100352778,108.91807325578004,34.29365334303025,34.295905595282505,1282.29,2.0,0.0,0.0,1.0,0.0,1.0,6934.59,0.827555009153567,0.0991073274620942,0,均衡区
206,108.97550568821237,34.35559027996726,108.97437956208624,108.97663181433848,34.354464153841135,34.35671640609339,818.59,2.0,0.0,4.0,1.0,3.0,0.0,0.0,0.5048036373194273,0.098942827544694,0,均衡区
3604,108.94397415668088,34.29252721690412,108.94284803055476,108.945100282807,34.291401090777995,34.29365334303025,1388.27,2.0,0.0,2.0,4.0,0.0,0.0,423.3,0.8642904623522999,0.0987972909575068,1,均衡区
3054,108.93946965217638,34.30153622591314,108.93834352605026,108.94059577830252,34.300410099787015,34.30266235203927,960.64,1.0,3.0,1.0,5.0,1.0,0.0,0.0,0.6929961618518402,0.098743917392393,0,均衡区
7953,108.88766785037468,34.21144613582294,108.88654172424856,108.8887939765008,34.210320009696815,34.21257226194907,492.32,2.0,7.0,1.0,2.0,0.0,0.0,0.0,0.7363316580876175,0.0987236932276518,0,均衡区
5155,108.86739758010444,34.26550018987706,108.86627145397831,108.86852370623058,34.264374063750935,34.26662631600319,914.69,2.0,1.0,0.0,1.0,3.0,2.0,2639.9,0.7095068436008282,0.0986166537150473,1,均衡区
6573,108.81109127379824,34.23847316285,108.80996514767212,108.81221739992438,34.237347036723875,34.23959928897613,504.62,4.0,1.0,0.0,3.0,1.0,1.0,0.0,0.4800651659440779,0.0985980929276665,0,均衡区
5894,108.8651453278522,34.25198667636353,108.86401920172608,108.86627145397831,34.250860550237405,34.25311280248966,849.09,0.0,3.0,3.0,1.0,4.0,1.0,0.0,0.8237827723334442,0.0984870626904686,2,均衡区
3716,108.88766785037468,34.29027496465187,108.88654172424856,108.8887939765008,34.28914883852574,34.291401090777995,846.51,4.0,4.0,0.0,1.0,0.0,1.0,0.0,0.6702531674202493,0.0984628302393929,0,均衡区
2671,108.99802821073484,34.30829298266991,108.9969020846087,108.99915433686095,34.30716685654378,34.309419108796035,450.31,0.0,0.0,3.0,4.0,3.0,1.0,39.02,0.7741199341530367,0.0984445624623405,2,均衡区
5583,108.98901920172584,34.2587434331203,108.98789307559971,108.99014532785196,34.25761730699417,34.259869559246425,1888.39,1.0,0.0,1.0,4.0,2.0,1.0,210.55,0.7530607866004165,0.0983717288660736,1,均衡区
5102,109.03181199451856,34.26775244212932,109.03068586839242,109.03293812064469,34.26662631600319,34.268878568255445,919.95,1.0,2.0,3.0,1.0,4.0,0.0,541.0,0.8242919351411455,0.0982566547317867,0,均衡区
7577,109.02280298550956,34.22045514483196,109.02167685938343,109.02392911163568,34.219329018705835,34.22158127095809,876.33,5.0,0.0,0.0,1.0,2.0,0.0,1801.5,0.8244789464391015,0.0982507536355251,1,均衡区
7844,108.8831633458702,34.2136983880752,108.88203721974406,108.88428947199633,34.21257226194907,34.214824514201325,884.38,1.0,1.0,3.0,0.0,1.0,0.0,5213.9400000000005,0.865514610543958,0.0982280039555158,0,均衡区
4283,108.94172190442865,34.28126595564285,108.94059577830252,108.94284803055476,34.28013982951672,34.282392081768975,1733.33,1.0,2.0,2.0,0.0,0.0,1.0,3861.64,0.7681955527930963,0.0980484362178344,0,均衡区
9,108.93946965217638,34.36459928897628,108.93834352605026,108.94059577830252,34.36347316285016,34.36572541510241,533.51,5.0,0.0,0.0,0.0,0.0,2.0,1888.17,0.8208581237212359,0.0979030346411897,0,均衡区
7674,108.99127145397809,34.21820289257971,108.99014532785196,108.9923975801042,34.21707676645358,34.219329018705835,1087.31,2.0,0.0,1.0,3.0,1.0,2.0,0.0,0.7253930059172221,0.0977566746162544,1,均衡区
6150,108.90568586839268,34.24748217185902,108.90455974226654,108.9068119945188,34.246356045732895,34.24860829798515,1019.66,1.0,9.0,0.0,2.0,0.0,0.0,685.94,0.9028168757429946,0.0976532040280065,0,均衡区
5225,109.0250552377618,34.26550018987706,109.02392911163568,109.02618136388791,34.264374063750935,34.26662631600319,445.89,3.0,0.0,0.0,4.0,0.0,2.0,119.48,0.8686560446251571,0.0975536996806683,0,均衡区
2856,108.80208226478926,34.3037884781654,108.80095613866314,108.8032083909154,34.30266235203927,34.304914604291525,274.73,1.0,4.0,2.0,0.0,0.0,3.0,858.26,0.7955212110217302,0.0975416677110352,1,均衡区
6455,108.80433451704153,34.24072541510226,108.8032083909154,108.80546064316763,34.23959928897613,34.241851541228385,206.22,3.0,0.0,2.0,0.0,0.0,3.0,809.86,0.8805645322611106,0.0974503941819325,0,均衡区
3661,109.072352535059,34.29252721690412,109.07122640893289,109.07347866118512,34.291401090777995,34.29365334303025,705.17,1.0,0.0,5.0,0.0,5.0,0.0,0.0,0.4298260957244201,0.0974487090093623,0,均衡区
4721,109.03631649902304,34.27450919888608,109.03519037289692,109.03744262514915,34.273383072759955,34.27563532501221,537.83,0.0,0.0,0.0,0.0,0.0,0.0,14769.65,0.8688000634356916,0.0972519731110732,0,均衡区
8595,108.87190208460896,34.19568037005716,108.87077595848282,108.87302821073509,34.19455424393103,34.196806496183285,669.12,1.0,2.0,0.0,4.0,2.0,1.0,1920.88,0.7688314408643486,0.0972383219556334,0,均衡区
2782,108.94172190442865,34.30604073041765,108.94059577830252,108.94284803055476,34.304914604291525,34.30716685654378,1003.72,3.0,2.0,0.0,1.0,0.0,2.0,1529.22,0.8370201182464438,0.0971170314716738,0,均衡区
4816,108.95973992244662,34.27225694663383,108.95861379632048,108.96086604857274,34.2711308205077,34.273383072759955,1069.62,3.0,5.0,0.0,1.0,0.0,1.0,340.88,0.7336914027007106,0.0971112000635792,1,均衡区
1975,108.93496514767187,34.31955424393118,108.93383902154577,108.936091273798,34.318428117805055,34.32068037005731,1025.27,1.0,7.0,0.0,1.0,1.0,2.0,0.0,0.6505901779562236,0.0970130655293577,0,均衡区
7178,108.88541559812244,34.22721190158873,108.88428947199633,108.88654172424856,34.2260857754626,34.228338027714855,1042.31,5.0,0.0,1.0,0.0,0.0,0.0,2346.79,0.9114075502023368,0.0969598898512519,0,均衡区
4943,108.95973992244662,34.27000469438157,108.95861379632048,108.96086604857274,34.268878568255445,34.2711308205077,164.84,1.0,10.0,0.0,1.0,1.0,1.0,0.0,0.8226665907999847,0.0966092686842189,2,均衡区
2579,108.79082100352802,34.30829298266991,108.7896948774019,108.79194712965416,34.30716685654378,34.309419108796035,283.16,3.0,2.0,0.0,4.0,2.0,0.0,256.0,0.7473457871406277,0.0965272454999794,0,均衡区
7251,109.04983001253652,34.22721190158873,109.0487038864104,109.05095613866266,34.2260857754626,34.228338027714855,590.41,0.0,5.0,2.0,3.0,0.0,1.0,289.62,0.7462488601464465,0.0964357900323876,0,均衡区
1420,108.83811830082524,34.3285632529402,108.8369921746991,108.83924442695135,34.327437126814075,34.32968937906633,816.56,3.0,0.0,2.0,1.0,4.0,0.0,289.0,0.772150358947704,0.0962500773259098,0,均衡区
5490,109.05883902154552,34.26099568537255,109.0577128954194,109.05996514767163,34.259869559246425,34.26212181149868,790.87,2.0,2.0,2.0,0.0,3.0,1.0,868.95,0.7621395121408324,0.0962067648965754,0,均衡区
1051,108.83361379632072,34.33532000969697,108.8324876701946,108.83473992244686,34.33419388357084,34.336446135823095,246.39,3.0,0.0,0.0,4.0,0.0,2.0,230.83,0.8447761981995683,0.096145483199762,0,均衡区
8111,109.00703721974382,34.20919388357069,109.0059110936177,109.00816334586996,34.20806775744456,34.210320009696815,694.42,2.0,0.0,0.0,0.0,0.0,0.0,10372.27,0.9631612493040204,0.0961345780689345,0,均衡区
4808,108.94172190442865,34.27225694663383,108.94059577830252,108.94284803055476,34.2711308205077,34.273383072759955,1276.85,3.0,1.0,1.0,0.0,0.0,0.0,4817.24,0.8177901767848772,0.0960296538394233,1,均衡区
6149,108.90343361614042,34.24748217185902,108.9023074900143,108.90455974226654,34.246356045732895,34.24860829798515,34.28,1.0,9.0,1.0,0.0,2.0,1.0,0.0,0.686094771093853,0.0959551243220376,0,均衡区
6313,109.00928947199608,34.24522991960677,109.00816334586996,109.0104155981222,34.24410379348064,34.246356045732895,1693.31,1.0,1.0,2.0,0.0,1.0,1.0,3529.21,0.9894025002787966,0.0957212798873011,1,均衡区
6400,108.94172190442865,34.24297766735451,108.94059577830252,108.94284803055476,34.241851541228385,34.24410379348064,1642.56,4.0,0.0,1.0,0.0,0.0,2.0,0.0,0.5920920739496284,0.0955280615860885,1,均衡区
7176,108.88091109361794,34.22721190158873,108.87978496749182,108.88203721974406,34.2260857754626,34.228338027714855,1085.78,1.0,0.0,1.0,1.0,2.0,4.0,268.69,0.7465149391396735,0.0955272563520833,1,均衡区
6259,108.88766785037468,34.24522991960677,108.88654172424856,108.8887939765008,34.24410379348064,34.246356045732895,2266.47,0.0,2.0,3.0,1.0,4.0,0.0,0.0,0.6419069188754806,0.0955091013915222,0,均衡区
6133,108.86739758010444,34.24748217185902,108.86627145397831,108.86852370623058,34.246356045732895,34.24860829798515,647.27,1.0,2.0,1.0,2.0,1.0,1.0,3407.84,0.7963407854692919,0.0954931700565036,1,均衡区
7189,108.91019037289716,34.22721190158873,108.90906424677104,108.91131649902329,34.2260857754626,34.228338027714855,1404.91,1.0,0.0,1.0,2.0,2.0,3.0,0.0,0.7348395860217957,0.0954037042719781,0,均衡区
5778,108.87640658911344,34.25423892861579,108.87528046298732,108.87753271523955,34.25311280248966,34.255365054741915,1380.66,1.0,0.0,0.0,1.0,1.0,3.0,3954.15,0.8156848149275492,0.0952178490963459,1,均衡区
1356,108.9732534359601,34.33081550519246,108.97212730983398,108.97437956208624,34.32968937906633,34.331941631318585,379.33,0.0,2.0,1.0,1.0,2.0,1.0,6155.5,0.9593309318194692,0.0946832147146446,0,均衡区
5100,109.02730749001404,34.26775244212932,109.02618136388791,109.02843361614018,34.26662631600319,34.268878568255445,803.91,1.0,3.0,2.0,1.0,5.0,0.0,313.81,0.7592651905289645,0.0946601000714766,0,均衡区
5366,109.05883902154552,34.26324793762481,109.0577128954194,109.05996514767163,34.26212181149868,34.264374063750935,704.96,3.0,3.0,2.0,0.0,2.0,0.0,344.7,0.7109067722826419,0.0946165825131668,0,均衡区
1924,108.82010028280725,34.31955424393118,108.81897415668112,108.82122640893336,34.318428117805055,34.32068037005731,329.89,0.0,2.0,0.0,9.0,0.0,0.0,46.81,0.7681289969553785,0.0944554213715216,0,均衡区
2236,108.9259561386629,34.31504973942667,108.92483001253676,108.92708226478902,34.313923613300545,34.3161758655528,924.97,0.0,1.0,1.0,1.0,0.0,2.0,6151.969999999999,0.7992970328187041,0.0943352940054672,1,均衡区
7220,108.98001019271685,34.22721190158873,108.97888406659072,108.98113631884296,34.2260857754626,34.228338027714855,1050.96,0.0,0.0,1.0,0.0,0.0,7.0,0.0,0.7080008750621812,0.0943164014759141,0,均衡区
2901,108.90343361614042,34.3037884781654,108.9023074900143,108.90455974226654,34.30266235203927,34.304914604291525,433.65,3.0,1.0,3.0,0.0,3.0,0.0,0.0,0.7287533855604155,0.0941775334020646,0,均衡区
5950,108.99127145397809,34.25198667636353,108.99014532785196,108.9923975801042,34.250860550237405,34.25311280248966,1873.98,4.0,1.0,0.0,2.0,0.0,0.0,556.79,0.8622322117688515,0.0941612374488071,0,均衡区
1984,108.95523541794212,34.31955424393118,108.954109291816,108.95636154406824,34.318428117805055,34.32068037005731,1156.37,3.0,0.0,1.0,3.0,1.0,0.0,617.5799999999999,0.7990627677809768,0.0939835699485687,0,均衡区
6840,108.89442460713144,34.23396865834549,108.8932984810053,108.89555073325756,34.232842532219365,34.23509478447162,1186.61,2.0,0.0,2.0,0.0,1.0,1.0,3081.17,0.9715394379043484,0.0939063735817997,0,均衡区
4304,108.98901920172584,34.28126595564285,108.98789307559971,108.99014532785196,34.28013982951672,34.282392081768975,1680.72,0.0,4.0,2.0,0.0,0.0,3.0,0.0,0.6847344079885936,0.0938552723639713,1,均衡区
3550,108.8223525350595,34.29252721690412,108.82122640893336,108.82347866118562,34.291401090777995,34.29365334303025,689.45,2.0,3.0,2.0,2.0,1.0,0.0,0.0,0.8192933411117539,0.0938406782070037,0,均衡区
4732,109.06109127379776,34.27450919888608,109.05996514767163,109.0622173999239,34.273383072759955,34.27563532501221,1001.44,1.0,0.0,2.0,2.0,0.0,2.0,1678.27,0.8205219209843401,0.0938023871788774,0,均衡区
5912,108.90568586839268,34.25198667636353,108.90455974226654,108.9068119945188,34.250860550237405,34.25311280248966,1964.28,2.0,0.0,0.0,0.0,0.0,0.0,7938.110000000001,0.9233841841637652,0.0936725740879193,0,均衡区
2374,108.93721739992414,34.31279748717442,108.936091273798,108.93834352605026,34.31167136104829,34.313923613300545,1082.6,5.0,0.0,0.0,1.0,0.0,1.0,587.9100000000001,0.7538452719473733,0.0935169176303872,0,均衡区
6070,108.99352370623032,34.24973442411128,108.9923975801042,108.99464983235646,34.24860829798515,34.250860550237405,2030.53,0.0,8.0,0.0,3.0,0.0,0.0,0.0,0.7058194569825628,0.0934999211053617,0,均衡区
856,108.9259561386629,34.33982451420148,108.92483001253676,108.92708226478902,34.33869838807535,34.340950640327605,1174.19,2.0,2.0,2.0,1.0,1.0,0.0,1600.89,0.7095147439253476,0.0933396686852285,0,均衡区
5965,109.0250552377618,34.25198667636353,109.02392911163568,109.02618136388791,34.250860550237405,34.25311280248966,873.62,0.0,3.0,1.0,1.0,1.0,2.0,3458.82,0.7182876063769034,0.0932190205000625,0,均衡区
5336,108.99127145397809,34.26324793762481,108.99014532785196,108.9923975801042,34.26212181149868,34.264374063750935,1093.55,4.0,1.0,0.0,2.0,0.0,0.0,1612.61,0.8675346907778285,0.0929215393167887,0,均衡区
2021,109.03856875127528,34.31955424393118,109.03744262514915,109.03969487740142,34.318428117805055,34.32068037005731,965.85,1.0,0.0,2.0,2.0,0.0,3.0,0.0,0.6932549076672836,0.09277118005301,0,均衡区
1102,108.94847866118538,34.33532000969697,108.94735253505924,108.9496047873115,34.33419388357084,34.336446135823095,1223.76,0.0,2.0,2.0,3.0,2.0,1.0,0.0,0.6741186410401449,0.0924841579184458,2,均衡区
8645,108.98451469722134,34.19568037005716,108.98338857109522,108.98564082334748,34.19455424393103,34.196806496183285,1104.4,5.0,0.0,0.0,0.0,0.0,1.0,1659.43,0.910088955673688,0.0924799057915631,0,均衡区
434,108.9259561386629,34.3488335232105,108.92483001253676,108.92708226478902,34.34770739708437,34.349959649336625,1172.73,3.0,3.0,0.0,2.0,0.0,1.0,0.0,0.604661372268782,0.0924654562917617,0,均衡区
7401,108.87865884136568,34.22270739708422,108.87753271523955,108.87978496749182,34.22158127095809,34.223833523210345,1068.66,0.0,6.0,1.0,4.0,0.0,0.0,0.0,0.7366477578504638,0.0924246457421733,0,均衡区
8512,108.86289307559996,34.19793262230941,108.86176694947385,108.86401920172608,34.196806496183285,34.19905874843554,1383.33,5.0,0.0,0.0,1.0,0.0,1.0,0.0,0.6561989389803851,0.0923850713647322,0,均衡区
2971,109.06109127379776,34.3037884781654,109.05996514767163,109.0622173999239,34.30266235203927,34.304914604291525,1025.52,0.0,2.0,2.0,2.0,1.0,2.0,667.23,0.8243977481765459,0.0923559988900461,0,均衡区
4284,108.94397415668088,34.28126595564285,108.94284803055476,108.945100282807,34.28013982951672,34.282392081768975,1838.48,0.0,4.0,2.0,2.0,0.0,1.0,0.0,0.687878221224486,0.0922932519815809,0,均衡区
5947,108.98451469722134,34.25198667636353,108.98338857109522,108.98564082334748,34.250860550237405,34.25311280248966,1952.72,1.0,0.0,1.0,0.0,1.0,1.0,5362.2,0.9490929840885514,0.0922911857063179,0,均衡区
5199,108.96649667920336,34.26550018987706,108.96537055307724,108.96762280532948,34.264374063750935,34.26662631600319,1254.7,2.0,4.0,1.0,0.0,2.0,0.0,1664.0400000000002,0.9556581250552794,0.0922783911731984,0,均衡区
5099,109.0250552377618,34.26775244212932,109.02392911163568,109.02618136388791,34.26662631600319,34.268878568255445,557.9,2.0,1.0,1.0,3.0,3.0,0.0,753.04,0.8102285838280987,0.0922566822853861,1,均衡区
4754,108.82010028280725,34.27225694663383,108.81897415668112,108.82122640893336,34.2711308205077,34.273383072759955,411.85,2.0,2.0,1.0,3.0,0.0,1.0,652.2,0.7668320070715186,0.0920652277470518,0,均衡区
5773,108.8651453278522,34.25423892861579,108.86401920172608,108.86627145397831,34.25311280248966,34.255365054741915,540.67,0.0,6.0,1.0,3.0,0.0,0.0,2103.73,0.8563744101771007,0.0920308778212769,0,均衡区
1050,108.83136154406849,34.33532000969697,108.83023541794236,108.8324876701946,34.33419388357084,34.336446135823095,418.04,0.0,2.0,1.0,6.0,2.0,0.0,348.48,0.8244620235657664,0.0920147301047452,0,均衡区
7330,108.9732534359601,34.22495964933647,108.97212730983398,108.97437956208624,34.223833523210345,34.2260857754626,646.1,6.0,0.0,1.0,0.0,0.0,0.0,410.23,0.6978734907230354,0.0919262787031609,0,均衡区
7057,108.8696498323567,34.22946415384098,108.86852370623058,108.87077595848282,34.228338027714855,34.23059027996711,1272.11,0.0,0.0,4.0,2.0,1.0,1.0,175.17,0.7266629221089999,0.0918180533013887,1,均衡区
3411,108.817848030555,34.29477946915638,108.81672190442887,108.81897415668112,34.29365334303025,34.295905595282505,729.91,1.0,2.0,3.0,1.0,4.0,0.0,0.0,0.5671359545380694,0.0917464687885721,0,均衡区
4985,109.05433451704104,34.27000469438157,109.0532083909149,109.05546064316717,34.268878568255445,34.2711308205077,555.87,4.0,1.0,2.0,0.0,0.0,0.0,1514.17,0.7879066829033056,0.0916508870462,0,均衡区
7505,108.86064082334772,34.22045514483196,108.85951469722158,108.86176694947385,34.219329018705835,34.22158127095809,876.63,0.0,2.0,2.0,5.0,1.0,0.0,0.0,0.6936415139446918,0.0916034010376159,0,均衡区
751,108.94622640893311,34.34207676645373,108.945100282807,108.94735253505924,34.340950640327605,34.34320289257986,1499.35,3.0,0.0,0.0,2.0,0.0,1.0,1951.7,0.8262930908226774,0.0914341884452746,0,均衡区
4642,108.85838857109546,34.27450919888608,108.85726244496934,108.85951469722158,34.273383072759955,34.27563532501221,1349.84,0.0,2.0,5.0,0.0,2.0,0.0,0.0,0.72945535686363,0.0914178922983915,0,均衡区
8032,108.82910929181624,34.20919388357069,108.82798316569011,108.83023541794236,34.20806775744456,34.210320009696815,136.0,1.0,1.0,2.0,0.0,0.0,4.0,1183.06,0.8455337286837982,0.0913499173119416,1,均衡区
3518,109.05883902154552,34.29477946915638,109.0577128954194,109.05996514767163,34.29365334303025,34.295905595282505,976.34,1.0,1.0,2.0,1.0,2.0,1.0,1943.95,0.7989348936930504,0.091275998418874,1,均衡区
5405,108.86739758010444,34.26099568537255,108.86627145397831,108.86852370623058,34.259869559246425,34.26212181149868,1244.81,1.0,1.0,1.0,1.0,1.0,0.0,5648.5,0.9498617734154732,0.0912682467812494,1,均衡区
6205,109.0295597422663,34.24748217185902,109.02843361614018,109.03068586839242,34.246356045732895,34.24860829798515,415.68,1.0,0.0,0.0,1.0,0.0,6.0,592.21,0.8048253183454781,0.0912423652124953,0,均衡区
4200,109.05883902154552,34.2835182078951,109.0577128954194,109.05996514767163,34.282392081768975,34.28464433402123,1020.38,5.0,1.0,0.0,0.0,1.0,0.0,1595.59,0.8307201944528732,0.0910440548574727,2,均衡区
7578,109.0250552377618,34.22045514483196,109.02392911163568,109.02618136388791,34.219329018705835,34.22158127095809,244.91,2.0,9.0,0.0,0.0,0.0,1.0,0.0,0.9549051640755306,0.0909053617722527,0,均衡区
1354,108.9687489314556,34.33081550519246,108.96762280532948,108.96987505758172,34.32968937906633,34.331941631318585,434.28,1.0,8.0,1.0,2.0,0.0,0.0,0.0,0.4753044767788181,0.0908101608774518,0,均衡区
5445,108.95748767019435,34.26099568537255,108.95636154406824,108.95861379632048,34.259869559246425,34.26212181149868,917.4,3.0,1.0,1.0,0.0,0.0,0.0,4530.87,0.7939897198454391,0.0906665030044141,1,均衡区
8484,108.9867669494736,34.20018487456167,108.98564082334748,108.98789307559971,34.19905874843554,34.201311000687795,590.49,1.0,2.0,1.0,4.0,1.0,1.0,0.0,0.6355749085741598,0.0906528941829766,0,均衡区
7738,108.88766785037468,34.21595064032745,108.88654172424856,108.8887939765008,34.214824514201325,34.21707676645358,944.49,2.0,1.0,2.0,3.0,0.0,0.0,369.72,0.7416301069226277,0.0906496521266392,2,均衡区
1977,108.93946965217638,34.31955424393118,108.93834352605026,108.94059577830252,34.318428117805055,34.32068037005731,1675.07,1.0,0.0,3.0,1.0,2.0,1.0,0.0,0.5887769779770032,0.0905861713287027,0,均衡区
4821,108.97100118370786,34.27225694663383,108.96987505758172,108.97212730983398,34.2711308205077,34.273383072759955,1716.35,2.0,1.0,1.0,2.0,2.0,0.0,727.89,0.8625735176632708,0.0905717197644837,0,均衡区
7675,108.99352370623032,34.21820289257971,108.9923975801042,108.99464983235646,34.21707676645358,34.219329018705835,1055.34,0.0,0.0,4.0,0.0,3.0,2.0,0.0,0.6527428780874381,0.0904261252878025,1,均衡区
7997,108.9867669494736,34.21144613582294,108.98564082334748,108.98789307559971,34.210320009696815,34.21257226194907,825.87,2.0,0.0,1.0,1.0,0.0,3.0,1057.21,0.80128611705796,0.0904057608514894,0,均衡区
7331,108.97550568821237,34.22495964933647,108.97437956208624,108.97663181433848,34.223833523210345,34.2260857754626,1060.75,1.0,0.0,2.0,0.0,0.0,4.0,471.94,0.8274452709551517,0.0902801106833867,0,均衡区
8282,108.93496514767187,34.20468937906618,108.93383902154577,108.936091273798,34.20356325294005,34.205815505192305,1139.12,0.0,0.0,0.0,3.0,1.0,2.0,4375.55,0.7133652053060177,0.0901752722102137,1,均衡区
4468,109.05883902154552,34.27901370339059,109.0577128954194,109.05996514767163,34.277887577264465,34.28013982951672,995.43,2.0,3.0,0.0,1.0,0.0,3.0,0.0,0.4937561811610891,0.0901475801583431,1,均衡区
890,109.00253271523933,34.33982451420148,109.0014065891132,109.00365884136544,34.33869838807535,34.340950640327605,347.96,2.0,0.0,2.0,1.0,0.0,3.0,0.0,0.7292774599868489,0.0900355621761525,0,均衡区
3330,108.94397415668088,34.29703172140863,108.94284803055476,108.945100282807,34.295905595282505,34.29815784753476,1073.44,1.0,3.0,2.0,2.0,0.0,1.0,0.0,0.540077659758512,0.0899446039677591,0,均衡区
4720,109.0340642467708,34.27450919888608,109.03293812064469,109.03519037289692,34.273383072759955,34.27563532501221,639.23,2.0,1.0,0.0,1.0,0.0,3.0,2103.28,0.8712111526753182,0.0899310649278392,0,均衡区
7033,108.81559577830276,34.22946415384098,108.81446965217664,108.81672190442887,34.228338027714855,34.23059027996711,555.48,1.0,1.0,0.0,3.0,2.0,3.0,0.0,0.652571466011299,0.0898811305743726,0,均衡区
6072,108.99802821073484,34.24973442411128,108.9969020846087,108.99915433686095,34.24860829798515,34.250860550237405,1695.22,0.0,0.0,1.0,1.0,0.0,5.0,0.0,0.879264132440876,0.0898725362236569,1,均衡区
5189,108.94397415668088,34.26550018987706,108.94284803055476,108.945100282807,34.264374063750935,34.26662631600319,2169.77,1.0,1.0,0.0,3.0,0.0,2.0,499.92,0.7362370637814288,0.0898335694535927,1,均衡区
7281,108.86289307559996,34.22495964933647,108.86176694947385,108.86401920172608,34.223833523210345,34.2260857754626,866.78,1.0,1.0,3.0,1.0,2.0,1.0,0.0,0.7951798410051323,0.0895385528208602,0,均衡区
2000,108.99127145397809,34.31955424393118,108.99014532785196,108.9923975801042,34.318428117805055,34.32068037005731,334.36,4.0,1.0,0.0,0.0,0.0,0.0,5054.72,0.9419351749096808,0.0895292930707455,0,均衡区
2864,108.82010028280725,34.3037884781654,108.81897415668112,108.82122640893336,34.30266235203927,34.304914604291525,463.76,1.0,1.0,2.0,3.0,4.0,0.0,0.0,0.5695981524928593,0.0894815622428476,0,均衡区
5118,109.06784803055452,34.26775244212932,109.0667219044284,109.06897415668064,34.26662631600319,34.268878568255445,804.67,2.0,2.0,0.0,3.0,2.0,1.0,0.0,0.6462121517961124,0.089439292306407,2,均衡区
1758,109.0295597422663,34.32405874843569,109.02843361614018,109.03068586839242,34.322932622309565,34.32518487456182,446.14,1.0,3.0,3.0,2.0,1.0,0.0,0.0,0.5520922424602889,0.0894111060393231,0,均衡区
6403,108.94847866118538,34.24297766735451,108.94735253505924,108.9496047873115,34.241851541228385,34.24410379348064,2043.33,0.0,0.0,2.0,0.0,0.0,1.0,5702.65,0.8250912380244413,0.0893658501340396,1,均衡区
7952,108.88541559812244,34.21144613582294,108.88428947199633,108.88654172424856,34.210320009696815,34.21257226194907,483.36,3.0,1.0,0.0,4.0,1.0,0.0,384.03,0.7875513631632333,0.0891634591162795,0,均衡区
5195,108.95748767019435,34.26550018987706,108.95636154406824,108.95861379632048,34.264374063750935,34.26662631600319,1156.37,1.0,3.0,0.0,2.0,0.0,1.0,3156.59,0.8166724493503791,0.0891524780785305,0,均衡区
7930,108.83586604857298,34.21144613582294,108.83473992244686,108.8369921746991,34.210320009696815,34.21257226194907,315.62,1.0,0.0,0.0,0.0,1.0,6.0,1099.8,0.7427181323567149,0.0890185905642382,0,均衡区
7168,108.86289307559996,34.22721190158873,108.86176694947385,108.86401920172608,34.2260857754626,34.228338027714855,1255.71,1.0,2.0,2.0,2.0,0.0,0.0,1889.83,0.8448593732116847,0.0889233151394442,0,均衡区
8430,108.8651453278522,34.20018487456167,108.86401920172608,108.86627145397831,34.19905874843554,34.201311000687795,528.6,1.0,2.0,1.0,1.0,0.0,1.0,4578.98,0.8768455202553327,0.0886873124226936,0,均衡区
5966,109.02730749001404,34.25198667636353,109.02618136388791,109.02843361614018,34.250860550237405,34.25311280248966,871.28,1.0,2.0,1.0,0.0,0.0,4.0,433.69000000000005,0.8247349083030933,0.0885814873270282,0,均衡区
3463,108.93496514767187,34.29477946915638,108.93383902154577,108.936091273798,34.29365334303025,34.295905595282505,1150.42,0.0,0.0,1.0,3.0,0.0,1.0,4612.77,0.8054373670166585,0.0885724933140613,1,均衡区
8261,108.88766785037468,34.20468937906618,108.88654172424856,108.8887939765008,34.20356325294005,34.205815505192305,1335.23,3.0,3.0,0.0,2.0,1.0,0.0,0.0,0.5824380921384954,0.0884085388461034,1,均衡区
7696,109.04082100352754,34.21820289257971,109.03969487740142,109.04194712965366,34.21707676645358,34.219329018705835,102.66,4.0,0.0,1.0,1.0,0.0,0.0,3061.65,0.7890439405528441,0.0883161708199295,0,均衡区
5614,109.05883902154552,34.2587434331203,109.0577128954194,109.05996514767163,34.25761730699417,34.259869559246425,856.75,5.0,0.0,1.0,1.0,0.0,0.0,0.0,0.6543885409346919,0.0881755663609284,0,均衡区
1685,108.8651453278522,34.32405874843569,108.86401920172608,108.86627145397831,34.322932622309565,34.32518487456182,232.79,1.0,2.0,2.0,1.0,0.0,3.0,0.0,0.6078525600601491,0.088047069176302,0,均衡区
5763,108.84262280532973,34.25423892861579,108.8414966792036,108.84374893145583,34.25311280248966,34.255365054741915,690.4,1.0,2.0,0.0,0.0,0.0,1.0,7443.58,0.9012476653119518,0.0880396154295376,0,均衡区
6577,108.82010028280725,34.23847316285,108.81897415668112,108.82122640893336,34.237347036723875,34.23959928897613,276.33,4.0,0.0,0.0,2.0,0.0,0.0,3128.33,0.8070635970093867,0.0880085595674966,0,均衡区
6608,108.88992010262692,34.23847316285,108.8887939765008,108.89104622875304,34.237347036723875,34.23959928897613,1013.57,0.0,7.0,0.0,3.0,0.0,1.0,0.0,0.7082908310189427,0.08796536544872,1,均衡区
7480,108.80433451704153,34.22045514483196,108.8032083909154,108.80546064316763,34.219329018705835,34.22158127095809,349.08,0.0,6.0,0.0,2.0,6.0,0.0,482.55,0.7756150772632643,0.0878737537168716,0,均衡区
6735,108.9169471296539,34.23622091059775,108.91582100352778,108.91807325578004,34.23509478447162,34.237347036723875,1706.36,2.0,2.0,0.0,1.0,0.0,0.0,4104.21,0.8786744421553738,0.0878350732729999,1,均衡区
747,108.93721739992414,34.34207676645373,108.936091273798,108.93834352605026,34.340950640327605,34.34320289257986,1208.52,1.0,2.0,0.0,2.0,0.0,3.0,401.93,0.8203011225417329,0.0875969291480254,1,均衡区
7290,108.8831633458702,34.22495964933647,108.88203721974406,108.88428947199633,34.223833523210345,34.2260857754626,955.04,2.0,3.0,2.0,0.0,1.0,0.0,1393.2,0.7933312157713304,0.0875815850265659,1,均衡区
5941,108.97100118370786,34.25198667636353,108.96987505758172,108.97212730983398,34.250860550237405,34.25311280248966,1904.22,1.0,0.0,0.0,1.0,0.0,2.0,4238.14,0.8545602353959103,0.0875594374097154,0,均衡区
3690,108.82910929181624,34.29027496465187,108.82798316569011,108.83023541794236,34.28914883852574,34.291401090777995,734.67,4.0,0.0,2.0,1.0,0.0,0.0,102.79,0.7412104054304449,0.0874741620992908,0,均衡区
2197,108.83811830082524,34.31504973942667,108.8369921746991,108.83924442695135,34.313923613300545,34.3161758655528,348.62,1.0,1.0,0.0,1.0,7.0,2.0,577.43,0.7268746668355361,0.0874593170620579,1,均衡区
7957,108.89667685938367,34.21144613582294,108.89555073325756,108.8978029855098,34.210320009696815,34.21257226194907,952.14,2.0,3.0,2.0,0.0,1.0,0.0,1366.4,0.7957410676793429,0.0874051037486492,0,均衡区
5829,108.99127145397809,34.25423892861579,108.99014532785196,108.9923975801042,34.25311280248966,34.255365054741915,1507.21,3.0,0.0,1.0,0.0,1.0,0.0,3229.58,0.7663197969212611,0.0873066252870013,1,均衡区
1788,108.80658676929376,34.32180649618344,108.80546064316763,108.80771289541988,34.32068037005731,34.322932622309565,100.18,2.0,0.0,0.0,0.0,0.0,6.0,0.0,0.7266675895176039,0.0872753032507082,0,均衡区
6131,108.86289307559996,34.24748217185902,108.86176694947385,108.86401920172608,34.246356045732895,34.24860829798515,881.46,1.0,2.0,2.0,1.0,5.0,0.0,0.0,0.6422895730462164,0.0871692309874402,0,均衡区
5684,108.93946965217638,34.25649118086804,108.93834352605026,108.94059577830252,34.255365054741915,34.25761730699417,2192.91,2.0,3.0,0.0,1.0,0.0,1.0,640.41,0.8011227450995082,0.087152952329099,0,均衡区
7943,108.8651453278522,34.21144613582294,108.86401920172608,108.86627145397831,34.210320009696815,34.21257226194907,1108.92,1.0,0.0,1.0,2.0,1.0,3.0,0.0,0.5738488809578117,0.0870528361790458,1,均衡区
5874,108.82010028280725,34.25198667636353,108.81897415668112,108.82122640893336,34.250860550237405,34.25311280248966,470.25,3.0,1.0,0.0,2.0,0.0,2.0,261.5,0.8272130640080799,0.0870492230808007,0,均衡区
7102,108.97100118370786,34.22946415384098,108.96987505758172,108.97212730983398,34.228338027714855,34.23059027996711,1404.93,0.0,1.0,2.0,1.0,1.0,3.0,0.0,0.6449887507982903,0.0869068076100656,0,均衡区
7296,108.89667685938367,34.22495964933647,108.89555073325756,108.8978029855098,34.223833523210345,34.2260857754626,630.34,2.0,2.0,2.0,2.0,1.0,0.0,0.0,0.6869891255520078,0.0868201075742877,1,均衡区
4109,108.85388406659096,34.2835182078951,108.85275794046484,108.85501019271707,34.282392081768975,34.28464433402123,921.9,1.0,2.0,1.0,1.0,0.0,3.0,387.81,0.7367556904832623,0.0867612983552689,0,均衡区
8206,108.98901920172584,34.20694163131843,108.98789307559971,108.99014532785196,34.205815505192305,34.20806775744456,1293.3,1.0,1.0,1.0,1.0,2.0,0.0,4094.67,0.9000675339931175,0.0867053501342186,1,均衡区
1389,109.04757776028428,34.33081550519246,109.04645163415816,109.0487038864104,34.32968937906633,34.331941631318585,41.22,7.0,0.0,0.0,0.0,0.0,0.0,229.73,0.903521478657718,0.0866512592952388,0,均衡区
5468,109.00928947199608,34.26099568537255,109.00816334586996,109.0104155981222,34.259869559246425,34.26212181149868,1033.46,3.0,1.0,0.0,1.0,0.0,0.0,3933.41,0.9599234097934768,0.0866044015268749,0,均衡区
6413,108.97100118370786,34.24297766735451,108.96987505758172,108.97212730983398,34.241851541228385,34.24410379348064,1872.97,2.0,0.0,2.0,0.0,2.0,1.0,0.0,0.9525989333672896,0.086550225234928,0,均衡区
1992,108.9732534359601,34.31955424393118,108.97212730983398,108.97437956208624,34.318428117805055,34.32068037005731,709.98,0.0,1.0,2.0,2.0,4.0,1.0,613.35,0.7569555527241173,0.0865055374124229,0,均衡区
3491,108.99802821073484,34.29477946915638,108.9969020846087,108.99915433686095,34.29365334303025,34.295905595282505,191.81,1.0,2.0,0.0,5.0,0.0,0.0,2716.04,0.7427256884066471,0.0864907716870582,0,均衡区
6951,108.88766785037468,34.23171640609324,108.88654172424856,108.8887939765008,34.23059027996711,34.232842532219365,912.95,0.0,1.0,0.0,3.0,1.0,4.0,0.0,0.5107514802470046,0.0864734060510409,0,均衡区
4014,108.94397415668088,34.28577046014736,108.94284803055476,108.945100282807,34.28464433402123,34.286896586273485,1437.84,1.0,1.0,1.0,2.0,1.0,2.0,0.0,0.676146794900861,0.086437706501126,0,均衡区
6030,108.90343361614042,34.24973442411128,108.9023074900143,108.90455974226654,34.24860829798515,34.250860550237405,862.4,3.0,1.0,3.0,0.0,0.0,0.0,133.28,0.9166390225866786,0.0864354098845874,0,均衡区
7841,108.87640658911344,34.2136983880752,108.87528046298732,108.87753271523955,34.21257226194907,34.214824514201325,1238.0,1.0,0.0,2.0,1.0,2.0,1.0,1643.63,0.789208587208102,0.0862477402843626,1,低需求高供给
1684,108.86289307559996,34.32405874843569,108.86176694947385,108.86401920172608,34.322932622309565,34.32518487456182,248.52,0.0,2.0,0.0,6.0,2.0,1.0,0.0,0.6234222349310276,0.0862256109873242,1,低需求高供给
6380,108.89667685938367,34.24297766735451,108.89555073325756,108.8978029855098,34.241851541228385,34.24410379348064,1320.85,1.0,0.0,1.0,2.0,1.0,2.0,980.13,0.8100177250194451,0.0861975703066595,0,均衡区
5935,108.95748767019435,34.25198667636353,108.95636154406824,108.95861379632048,34.250860550237405,34.25311280248966,1426.92,2.0,1.0,0.0,1.0,1.0,2.0,1247.89,0.7289554006080707,0.0861797459326641,0,均衡区
8336,108.84937956208648,34.20243712681392,108.84825343596034,108.8505056882126,34.201311000687795,34.20356325294005,797.64,0.0,3.0,0.0,2.0,7.0,1.0,0.0,0.634454070727746,0.0861040375992749,0,均衡区
7398,108.87190208460896,34.22270739708422,108.87077595848282,108.87302821073509,34.22158127095809,34.223833523210345,1213.15,2.0,0.0,1.0,1.0,0.0,2.0,1423.81,0.7535660638977788,0.0860269417252046,0,均衡区
1613,108.98901920172584,34.32631100068795,108.98789307559971,108.99014532785196,34.32518487456182,34.327437126814075,875.12,1.0,0.0,0.0,1.0,1.0,5.0,0.0,0.6844071429642979,0.085987728597981,0,均衡区
7912,109.03631649902304,34.2136983880752,109.03519037289692,109.03744262514915,34.21257226194907,34.214824514201325,478.03,2.0,2.0,1.0,1.0,2.0,1.0,775.91,0.8234783655706821,0.0858378392072955,0,均衡区
7169,108.8651453278522,34.22721190158873,108.86401920172608,108.86627145397831,34.2260857754626,34.228338027714855,1232.95,0.0,0.0,2.0,2.0,5.0,1.0,0.0,0.578088469878816,0.0858100974008004,0,均衡区
5810,108.94847866118538,34.25423892861579,108.94735253505924,108.9496047873115,34.25311280248966,34.255365054741915,1566.33,1.0,1.0,1.0,3.0,1.0,0.0,1541.9299999999998,0.763460748553924,0.0857785377686854,1,低需求高供给
7988,108.96649667920336,34.21144613582294,108.96537055307724,108.96762280532948,34.210320009696815,34.21257226194907,1116.63,5.0,0.0,0.0,0.0,2.0,0.0,672.29,0.9195557621003682,0.0857722003521187,0,均衡区
7733,108.87640658911344,34.21595064032745,108.87528046298732,108.87753271523955,34.214824514201325,34.21707676645358,1055.3,0.0,0.0,1.0,1.0,0.0,5.0,429.43,0.7941442216216285,0.0857439868843383,0,均衡区
4681,108.94622640893311,34.27450919888608,108.945100282807,108.94735253505924,34.273383072759955,34.27563532501221,2062.37,0.0,0.0,4.0,1.0,0.0,1.0,37.29,0.7560561518226788,0.0857340674873618,0,均衡区
6535,108.98451469722134,34.24072541510226,108.98338857109522,108.98564082334748,34.23959928897613,34.241851541228385,596.27,2.0,1.0,2.0,0.0,0.0,0.0,4293.72,0.8263678659555542,0.0856794185566467,0,均衡区
4796,108.91469487740166,34.27225694663383,108.91356875127552,108.91582100352778,34.2711308205077,34.273383072759955,1602.82,1.0,1.0,0.0,0.0,0.0,5.0,0.0,0.6741916202001006,0.0856306346543168,1,低需求高供给
2065,108.84037055307748,34.31730199167893,108.83924442695135,108.8414966792036,34.3161758655528,34.318428117805055,51.94,0.0,5.0,0.0,1.0,0.0,4.0,688.37,0.8940397159941426,0.0855065316174962,0,均衡区
5387,108.826857039564,34.26099568537255,108.82573091343788,108.82798316569011,34.259869559246425,34.26212181149868,279.93,3.0,1.0,0.0,0.0,0.0,4.0,0.0,0.5913061801377207,0.0854536025019326,0,均衡区
4846,109.02730749001404,34.27225694663383,109.02618136388791,109.02843361614018,34.2711308205077,34.273383072759955,1205.62,3.0,0.0,0.0,3.0,0.0,1.0,70.17,0.7554709570473325,0.0854059228896064,0,均衡区
3386,109.07010028280676,34.29703172140863,109.06897415668064,109.07122640893289,34.295905595282505,34.29815784753476,863.48,0.0,2.0,3.0,2.0,3.0,0.0,0.0,0.5700653304177126,0.0853795100651193,0,均衡区
4944,108.96199217469886,34.27000469438157,108.96086604857274,108.963118300825,34.268878568255445,34.2711308205077,1031.95,1.0,0.0,3.0,2.0,1.0,0.0,878.47,0.9302196102156124,0.0853043000352012,0,均衡区
4308,108.99802821073484,34.28126595564285,108.9969020846087,108.99915433686095,34.28013982951672,34.282392081768975,1541.37,0.0,0.0,4.0,1.0,2.0,0.0,797.94,0.922027366943058,0.0851872142034474,2,低需求高供给
7058,108.87190208460896,34.22946415384098,108.87077595848282,108.87302821073509,34.228338027714855,34.23059027996711,1227.81,0.0,0.0,0.0,0.0,0.0,7.0,0.0,0.7098289424495969,0.0850029387684764,0,均衡区
6048,108.94397415668088,34.24973442411128,108.94284803055476,108.945100282807,34.24860829798515,34.250860550237405,796.26,3.0,4.0,0.0,2.0,0.0,0.0,0.0,0.7139448450052022,0.084999311810474,2,低需求高供给
4137,108.9169471296539,34.2835182078951,108.91582100352778,108.91807325578004,34.282392081768975,34.28464433402123,1756.64,0.0,2.0,1.0,0.0,0.0,2.0,3755.0,0.7563364439497402,0.0849763299265655,0,均衡区
4817,108.96199217469886,34.27225694663383,108.96086604857274,108.963118300825,34.2711308205077,34.273383072759955,1783.65,0.0,1.0,1.0,4.0,0.0,1.0,574.02,0.845413626320528,0.0849425197160757,2,低需求高供给
8464,108.94172190442865,34.20018487456167,108.94059577830252,108.94284803055476,34.19905874843554,34.201311000687795,717.73,5.0,0.0,0.0,0.0,0.0,0.0,2735.16,0.8686755122751695,0.0848439503234966,0,均衡区
5392,108.83811830082524,34.26099568537255,108.8369921746991,108.83924442695135,34.259869559246425,34.26212181149868,559.34,1.0,0.0,3.0,0.0,0.0,2.0,1848.19,0.8833388726371719,0.0848042808357696,0,均衡区
3010,108.84037055307748,34.30153622591314,108.83924442695135,108.8414966792036,34.300410099787015,34.30266235203927,730.91,0.0,0.0,6.0,1.0,0.0,0.0,0.0,0.7939765010724823,0.0847061947885446,0,均衡区
3793,109.06109127379776,34.29027496465187,109.05996514767163,109.0622173999239,34.28914883852574,34.291401090777995,504.59,0.0,4.0,0.0,0.0,1.0,5.0,0.0,0.6173601073569491,0.0847007812024011,0,均衡区
5972,109.04082100352754,34.25198667636353,109.03969487740142,109.04194712965366,34.250860550237405,34.25311280248966,577.09,1.0,0.0,1.0,1.0,0.0,1.0,5806.26,0.801182840052806,0.0846871345653275,0,均衡区
1167,108.8223525350595,34.33306775744471,108.82122640893336,108.82347866118562,34.331941631318585,34.33419388357084,203.78,1.0,0.0,0.0,4.0,1.0,3.0,0.0,0.6417062187827115,0.0846267387008611,1,低需求高供给
6401,108.94397415668088,34.24297766735451,108.94284803055476,108.945100282807,34.241851541228385,34.24410379348064,2390.77,3.0,0.0,1.0,1.0,0.0,0.0,554.0,0.917433293371054,0.0846206506554888,1,低需求高供给
3914,109.0250552377618,34.28802271239961,109.02392911163568,109.02618136388791,34.286896586273485,34.28914883852574,523.0,0.0,2.0,3.0,0.0,4.0,1.0,498.37,0.9187939871639322,0.0845468774315793,0,均衡区
6347,108.8223525350595,34.24297766735451,108.82122640893336,108.82347866118562,34.241851541228385,34.24410379348064,747.1,1.0,0.0,5.0,0.0,2.0,0.0,0.0,0.504951962530241,0.0845134564433055,0,均衡区
8247,108.8561363188432,34.20468937906618,108.85501019271707,108.85726244496934,34.20356325294005,34.205815505192305,1232.15,0.0,0.0,0.0,0.0,0.0,7.0,0.0,0.6076023806329299,0.0844892728125238,0,均衡区
2255,108.9687489314556,34.31504973942667,108.96762280532948,108.96987505758172,34.313923613300545,34.3161758655528,510.12,1.0,5.0,0.0,2.0,0.0,2.0,0.0,0.6348345486530221,0.0844121481264409,0,均衡区
3544,108.808839021546,34.29252721690412,108.80771289541988,108.80996514767212,34.291401090777995,34.29365334303025,72.12,2.0,1.0,2.0,0.0,2.0,2.0,0.0,0.8762264932632916,0.0843784077543409,1,低需求高供给
5503,108.808839021546,34.2587434331203,108.80771289541988,108.80996514767212,34.25761730699417,34.259869559246425,669.62,2.0,0.0,2.0,0.0,0.0,3.0,0.0,0.6774159840521367,0.0843472844941829,0,均衡区
1027,109.04757776028428,34.33757226194922,109.04645163415816,109.0487038864104,34.336446135823095,34.33869838807535,227.48,2.0,0.0,3.0,1.0,1.0,1.0,0.0,0.733727548795164,0.0843031318717885,0,均衡区
3581,108.89217235487918,34.29252721690412,108.89104622875304,108.8932984810053,34.291401090777995,34.29365334303025,1086.96,1.0,0.0,5.0,0.0,1.0,0.0,0.0,0.6861914305188735,0.084233983509629,1,低需求高供给
7325,108.96199217469886,34.22495964933647,108.96086604857274,108.963118300825,34.223833523210345,34.2260857754626,1112.45,1.0,3.0,0.0,1.0,0.0,1.0,3784.19,0.858969959106533,0.0841825686281255,1,低需求高供给
6946,108.87640658911344,34.23171640609324,108.87528046298732,108.87753271523955,34.23059027996711,34.232842532219365,959.82,2.0,2.0,1.0,2.0,0.0,1.0,0.0,0.6261663716812599,0.0841795348901974,0,均衡区
7070,108.89892911163592,34.22946415384098,108.8978029855098,108.90005523776205,34.228338027714855,34.23059027996711,1268.07,2.0,0.0,3.0,0.0,0.0,1.0,384.54,0.8273426360391729,0.0841568885307555,1,低需求高供给
8246,108.85388406659096,34.20468937906618,108.85275794046484,108.85501019271707,34.20356325294005,34.205815505192305,1228.76,0.0,0.0,1.0,1.0,0.0,5.0,0.0,0.6460645170741043,0.0840485065655291,0,均衡区
1812,108.86064082334772,34.32180649618344,108.85951469722158,108.86176694947385,34.32068037005731,34.322932622309565,575.37,0.0,6.0,0.0,1.0,4.0,1.0,608.23,0.9015665375380206,0.083916124213179,2,低需求高供给
3781,109.0340642467708,34.29027496465187,109.03293812064469,109.03519037289692,34.28914883852574,34.291401090777995,436.29,1.0,2.0,4.0,0.0,1.0,0.0,714.63,0.9269025025993248,0.0838856431257293,0,均衡区
1665,108.82010028280725,34.32405874843569,108.81897415668112,108.82122640893336,34.322932622309565,34.32518487456182,57.6,3.0,0.0,0.0,1.0,4.0,2.0,0.0,0.5252856442635296,0.0838699471081731,0,均衡区
8511,108.86064082334772,34.19793262230941,108.85951469722158,108.86176694947385,34.196806496183285,34.19905874843554,1016.64,0.0,1.0,1.0,1.0,8.0,1.0,0.0,0.5920037207529331,0.0836521147867432,1,低需求高供给
7931,108.83811830082524,34.21144613582294,108.8369921746991,108.83924442695135,34.210320009696815,34.21257226194907,223.77,1.0,1.0,1.0,0.0,0.0,5.0,0.0,0.7455873438241114,0.0836014104554071,0,均衡区
5459,108.98901920172584,34.26099568537255,108.98789307559971,108.99014532785196,34.259869559246425,34.26212181149868,1896.22,3.0,2.0,0.0,1.0,1.0,0.0,383.58,0.8804082592391536,0.0835450287372501,0,均衡区
7319,108.94847866118538,34.22495964933647,108.94735253505924,108.9496047873115,34.223833523210345,34.2260857754626,1154.18,2.0,1.0,1.0,2.0,0.0,0.0,1974.29,0.8842580171220382,0.0835305866371337,2,低需求高供给
5757,108.82910929181624,34.25423892861579,108.82798316569011,108.83023541794236,34.25311280248966,34.255365054741915,258.25,5.0,1.0,0.0,1.0,0.0,0.0,823.76,0.9351581346311402,0.0834876764882492,0,均衡区
5106,109.04082100352754,34.26775244212932,109.03969487740142,109.04194712965366,34.26662631600319,34.268878568255445,676.36,2.0,3.0,1.0,2.0,1.0,0.0,171.83,0.77538123107486,0.0834573917895211,1,低需求高供给
869,108.95523541794212,34.33982451420148,108.954109291816,108.95636154406824,34.33869838807535,34.340950640327605,1070.9,0.0,2.0,0.0,3.0,2.0,2.0,616.8,0.8092280836981154,0.0834441406399286,0,均衡区
5070,108.95973992244662,34.26775244212932,108.95861379632048,108.96086604857274,34.26662631600319,34.268878568255445,594.2,0.0,2.0,2.0,2.0,1.0,2.0,0.0,0.690693153619487,0.0834013338958269,2,低需求高供给
7477,109.04983001253652,34.22270739708422,109.0487038864104,109.05095613866266,34.22158127095809,34.223833523210345,294.16,5.0,0.0,0.0,0.0,0.0,2.0,0.0,0.6617169351237688,0.0833379059996562,0,均衡区
5063,108.94397415668088,34.26775244212932,108.94284803055476,108.945100282807,34.26662631600319,34.268878568255445,2143.18,0.0,2.0,3.0,1.0,0.0,0.0,1039.8,0.8323916007556742,0.0832602204359511,1,低需求高供给
3752,108.9687489314556,34.29027496465187,108.96762280532948,108.96987505758172,34.28914883852574,34.291401090777995,1136.2,0.0,2.0,4.0,1.0,0.0,0.0,730.6800000000001,0.9452515121927544,0.0832301534772203,0,均衡区
677,109.02730749001404,34.34432901870599,109.02618136388791,109.02843361614018,34.34320289257986,34.345455144832115,647.78,3.0,0.0,0.0,1.0,4.0,0.0,2024.13,0.8104310950861221,0.0831498570671837,0,均衡区
7442,108.97100118370786,34.22270739708422,108.96987505758172,108.97212730983398,34.22158127095809,34.223833523210345,1566.56,0.0,0.0,1.0,0.0,0.0,4.0,2133.23,0.9278637105476328,0.0830618340882654,1,低需求高供给
4261,108.89217235487918,34.28126595564285,108.89104622875304,108.8932984810053,34.28013982951672,34.282392081768975,2034.37,0.0,0.0,2.0,3.0,2.0,0.0,645.06,0.7336535725630458,0.0830514384658774,0,均衡区
1061,108.8561363188432,34.33532000969697,108.85501019271707,108.85726244496934,34.33419388357084,34.336446135823095,537.03,0.0,0.0,1.0,1.0,10.0,1.0,0.0,0.6949617923220481,0.0829734516135748,1,低需求高供给
5529,108.86739758010444,34.2587434331203,108.86627145397831,108.86852370623058,34.25761730699417,34.259869559246425,917.79,2.0,2.0,1.0,0.0,1.0,2.0,0.0,0.8959758598265783,0.0828334548839901,0,均衡区
8243,108.84712730983422,34.20468937906618,108.8460011837081,108.84825343596034,34.20356325294005,34.205815505192305,770.5,2.0,0.0,0.0,1.0,0.0,1.0,5095.22,0.7739308574606724,0.0827490834598832,1,低需求高供给
2022,109.04082100352754,34.31955424393118,109.03969487740142,109.04194712965366,34.318428117805055,34.32068037005731,731.25,1.0,0.0,1.0,0.0,0.0,5.0,0.0,0.726813964887936,0.0827318369566508,0,均衡区
6723,108.88992010262692,34.23622091059775,108.8887939765008,108.89104622875304,34.23509478447162,34.237347036723875,1213.96,1.0,1.0,0.0,1.0,0.0,2.0,3574.54,0.870442862662294,0.0826350411280354,0,均衡区
4600,109.05883902154552,34.27676145113834,109.0577128954194,109.05996514767163,34.27563532501221,34.277887577264465,676.82,1.0,1.0,1.0,2.0,2.0,2.0,0.0,0.4770730223390518,0.0825070194159404,0,均衡区
154,108.99127145397809,34.35784253221952,108.99014532785196,108.9923975801042,34.35671640609339,34.358968658345646,812.99,1.0,0.0,0.0,0.0,0.0,0.0,9856.61,0.9503690346204426,0.0824695287381055,0,均衡区
2414,109.02730749001404,34.31279748717442,109.02618136388791,109.02843361614018,34.31167136104829,34.313923613300545,399.94,5.0,0.0,0.0,0.0,0.0,0.0,2939.79,0.774409002292899,0.0824589297656933,0,均衡区
6967,108.92370388641064,34.23171640609324,108.92257776028453,108.92483001253676,34.23059027996711,34.232842532219365,1189.4,1.0,0.0,0.0,3.0,0.0,1.0,3431.89,0.7998491240732225,0.0824168459275022,0,均衡区
3203,108.96649667920336,34.29928397366089,108.96537055307724,108.96762280532948,34.29815784753476,34.300410099787015,448.53,5.0,0.0,0.0,0.0,1.0,1.0,253.56,0.9486285999362196,0.0824088799229132,0,均衡区
7846,108.88766785037468,34.2136983880752,108.88654172424856,108.8887939765008,34.21257226194907,34.214824514201325,920.24,5.0,0.0,0.0,0.0,0.0,0.0,1972.18,0.8948287595718751,0.0823727864489937,0,均衡区
5435,108.93496514767187,34.26099568537255,108.93383902154577,108.936091273798,34.259869559246425,34.26212181149868,1629.92,4.0,1.0,0.0,0.0,0.0,0.0,1764.88,0.9203945373245578,0.0822684760936854,4,低需求高供给
2860,108.81109127379824,34.3037884781654,108.80996514767212,108.81221739992438,34.30266235203927,34.304914604291525,673.11,2.0,0.0,2.0,2.0,1.0,0.0,974.05,0.7984826687642312,0.0822582892466238,0,均衡区
718,108.87190208460896,34.34207676645373,108.87077595848282,108.87302821073509,34.340950640327605,34.34320289257986,495.61,1.0,1.0,4.0,0.0,3.0,0.0,0.0,0.6730509411298675,0.0822292301379886,1,低需求高供给
6517,108.94397415668088,34.24072541510226,108.94284803055476,108.945100282807,34.23959928897613,34.241851541228385,1634.38,1.0,2.0,0.0,1.0,0.0,3.0,102.76,0.9686170558104782,0.0822149031306663,1,低需求高供给
80,108.93946965217638,34.36009478447177,108.93834352605026,108.94059577830252,34.358968658345646,34.3612209105979,1000.03,0.0,1.0,2.0,3.0,1.0,0.0,1833.72,0.9013763320648746,0.0821539868155157,1,低需求高供给
7800,109.02730749001404,34.21595064032745,109.02618136388791,109.02843361614018,34.214824514201325,34.21707676645358,265.63,2.0,0.0,4.0,0.0,0.0,1.0,0.0,0.65047051662908,0.0821413559382205,0,均衡区
5603,109.0340642467708,34.2587434331203,109.03293812064469,109.03519037289692,34.25761730699417,34.259869559246425,693.67,0.0,3.0,1.0,3.0,4.0,0.0,0.0,0.8683661487254198,0.0820982369398055,0,均衡区
7990,108.97100118370786,34.21144613582294,108.96987505758172,108.97212730983398,34.210320009696815,34.21257226194907,878.38,2.0,2.0,2.0,0.0,3.0,0.0,0.0,0.8132668529878736,0.0820031443819579,1,低需求高供给
2772,108.91919938190615,34.30604073041765,108.91807325578004,108.92032550803228,34.304914604291525,34.30716685654378,689.83,1.0,0.0,0.0,1.0,0.0,4.0,1945.29,0.8059988471322272,0.0818532094912514,1,低需求高供给
2224,108.89892911163592,34.31504973942667,108.8978029855098,108.90005523776205,34.313923613300545,34.3161758655528,412.72,1.0,2.0,0.0,2.0,2.0,2.0,841.92,0.8768263245919025,0.0818414391120775,1,低需求高供给
1343,108.94397415668088,34.33081550519246,108.94284803055476,108.945100282807,34.32968937906633,34.331941631318585,1045.45,3.0,0.0,3.0,0.0,0.0,0.0,0.0,0.9342866784058688,0.081793477919465,0,均衡区
6843,108.90118136388816,34.23396865834549,108.90005523776205,108.9023074900143,34.232842532219365,34.23509478447162,1259.2,2.0,0.0,3.0,0.0,0.0,1.0,0.0,0.8213019515207024,0.0817234588565137,0,均衡区
4825,108.98001019271685,34.27225694663383,108.97888406659072,108.98113631884296,34.2711308205077,34.273383072759955,1198.09,3.0,4.0,0.0,1.0,0.0,0.0,0.0,0.9610072286969716,0.081719961373647,0,均衡区
6534,108.9822624449691,34.24072541510226,108.98113631884296,108.98338857109522,34.23959928897613,34.241851541228385,1009.17,0.0,2.0,1.0,2.0,0.0,2.0,1413.98,0.9396810086953826,0.0816818836563118,0,均衡区
7977,108.94172190442865,34.21144613582294,108.94059577830252,108.94284803055476,34.210320009696815,34.21257226194907,1091.86,0.0,0.0,3.0,0.0,0.0,1.0,4039.81,0.913904810310425,0.0816011844618655,1,低需求高供给
7107,108.9822624449691,34.22946415384098,108.98113631884296,108.98338857109522,34.228338027714855,34.23059027996711,1439.15,1.0,0.0,1.0,1.0,2.0,2.0,530.94,0.9529098716290358,0.0814640633456352,1,低需求高供给
8208,108.99352370623032,34.20694163131843,108.9923975801042,108.99464983235646,34.205815505192305,34.20806775744456,636.99,0.0,9.0,1.0,0.0,1.0,0.0,766.65,0.9294691026685008,0.0814359399420457,0,均衡区
2863,108.817848030555,34.3037884781654,108.81672190442887,108.81897415668112,34.30266235203927,34.304914604291525,466.58,2.0,0.0,2.0,0.0,2.0,2.0,0.0,0.6733863955354242,0.0814038401095845,0,均衡区
4424,108.95973992244662,34.27901370339059,108.95861379632048,108.96086604857274,34.277887577264465,34.28013982951672,1413.17,5.0,0.0,0.0,0.0,0.0,0.0,1134.52,0.7486660596116073,0.0813512575644293,1,低需求高供给
399,109.05433451704104,34.35108577546275,109.0532083909149,109.05546064316717,34.349959649336625,34.35221190158888,266.65,1.0,7.0,0.0,0.0,1.0,2.0,0.0,0.7039744744140768,0.0813469820800706,0,均衡区
2366,108.91919938190615,34.31279748717442,108.91807325578004,108.92032550803228,34.31167136104829,34.313923613300545,395.52,1.0,0.0,0.0,0.0,0.0,1.0,8768.8,0.8301322533396761,0.0813000840153279,0,均衡区
5160,108.87865884136568,34.26550018987706,108.87753271523955,108.87978496749182,34.264374063750935,34.26662631600319,1731.86,0.0,0.0,2.0,2.0,4.0,0.0,628.6,0.8283952279534009,0.0811346770837054,0,均衡区
5782,108.88541559812244,34.25423892861579,108.88428947199633,108.88654172424856,34.25311280248966,34.255365054741915,1046.66,3.0,0.0,0.0,0.0,0.0,0.0,5340.03,0.9908067425756928,0.081094325859649,0,均衡区
3835,108.84712730983422,34.28802271239961,108.8460011837081,108.84825343596034,34.286896586273485,34.28914883852574,997.91,0.0,1.0,0.0,4.0,2.0,2.0,0.0,0.650606169168934,0.0809808994080257,0,均衡区
3038,108.90343361614042,34.30153622591314,108.9023074900143,108.90455974226654,34.300410099787015,34.30266235203927,210.78,4.0,2.0,0.0,0.0,2.0,0.0,1463.47,0.8247397708314099,0.080967344838424,0,均衡区
5172,108.90568586839268,34.26550018987706,108.90455974226654,108.9068119945188,34.264374063750935,34.26662631600319,1863.44,1.0,0.0,1.0,1.0,0.0,2.0,1415.25,0.7963468177041361,0.0809085268193885,0,均衡区
8507,108.85163181433872,34.19793262230941,108.8505056882126,108.85275794046484,34.196806496183285,34.19905874843554,619.8,0.0,0.0,0.0,0.0,9.0,2.0,1688.48,0.8697497167711414,0.0808177596613719,2,低需求高供给
1971,108.9259561386629,34.31955424393118,108.92483001253676,108.92708226478902,34.318428117805055,34.32068037005731,801.12,5.0,0.0,0.0,0.0,0.0,1.0,212.17,0.911628338043633,0.080817575733965,0,均衡区
1534,108.81109127379824,34.32631100068795,108.80996514767212,108.81221739992438,34.32518487456182,34.327437126814075,87.1,0.0,0.0,0.0,8.0,0.0,1.0,0.0,0.5660659128471555,0.0808161538667013,0,均衡区
5469,109.01154172424832,34.26099568537255,109.0104155981222,109.01266785037444,34.259869559246425,34.26212181149868,1056.58,3.0,0.0,0.0,0.0,0.0,2.0,1999.69,0.886525814757495,0.0807387237709617,0,均衡区
5758,108.83136154406849,34.25423892861579,108.83023541794236,108.8324876701946,34.25311280248966,34.255365054741915,375.37,2.0,0.0,0.0,0.0,0.0,0.0,8340.09,0.950106262659918,0.080719130209265,0,均衡区
5537,108.88541559812244,34.2587434331203,108.88428947199633,108.88654172424856,34.25761730699417,34.259869559246425,2297.0,0.0,2.0,3.0,0.0,1.0,0.0,1007.4,0.8180136270086152,0.0805261626776178,1,低需求高供给
1663,108.81559577830276,34.32405874843569,108.81446965217664,108.81672190442887,34.322932622309565,34.32518487456182,79.39,2.0,0.0,4.0,0.0,0.0,1.0,0.0,0.6629678582826598,0.0803904684113683,0,均衡区
7626,108.8831633458702,34.21820289257971,108.88203721974406,108.88428947199633,34.21707676645358,34.219329018705835,916.46,0.0,0.0,0.0,7.0,0.0,0.0,1362.11,0.9197277853291496,0.0803809009198813,0,均衡区
8264,108.89442460713144,34.20468937906618,108.8932984810053,108.89555073325756,34.20356325294005,34.205815505192305,1274.11,0.0,1.0,1.0,2.0,0.0,0.0,5146.2,0.8545439764242432,0.0803259968741324,0,均衡区
3949,108.79757776028475,34.28577046014736,108.79645163415864,108.79870388641088,34.28464433402123,34.286896586273485,257.62,0.0,1.0,4.0,2.0,2.0,0.0,0.0,0.5886215290580714,0.0803059383200412,1,低需求高供给
6460,108.81559577830276,34.24072541510226,108.81446965217664,108.81672190442887,34.23959928897613,34.241851541228385,563.78,0.0,0.0,1.0,0.0,0.0,6.0,0.0,0.8549808479914397,0.0802504504780393,0,均衡区
3191,108.93946965217638,34.29928397366089,108.93834352605026,108.94059577830252,34.29815784753476,34.300410099787015,925.28,1.0,2.0,2.0,1.0,1.0,1.0,0.0,0.8023036113012866,0.0802372285969044,0,均衡区
6096,109.05208226478878,34.24973442411128,109.05095613866266,109.0532083909149,34.24860829798515,34.250860550237405,271.28,0.0,2.0,0.0,3.0,4.0,2.0,0.0,0.6400825881017124,0.0801721767759642,0,均衡区
926,108.82010028280725,34.33757226194922,108.81897415668112,108.82122640893336,34.336446135823095,34.33869838807535,279.62,3.0,1.0,2.0,1.0,1.0,0.0,0.0,0.568216226347969,0.0801281108247637,0,均衡区
5450,108.9687489314556,34.26099568537255,108.96762280532948,108.96987505758172,34.259869559246425,34.26212181149868,1847.74,1.0,0.0,1.0,0.0,2.0,0.0,4451.13,0.9140108192090588,0.0800697415544487,0,均衡区
7519,108.89217235487918,34.22045514483196,108.89104622875304,108.8932984810053,34.219329018705835,34.22158127095809,1605.88,2.0,0.0,0.0,2.0,1.0,0.0,2847.87,0.7097011231056148,0.0800594924017476,0,均衡区
6971,108.93271289541964,34.23171640609324,108.93158676929352,108.93383902154577,34.23059027996711,34.232842532219365,1275.43,1.0,0.0,1.0,1.0,3.0,2.0,0.0,0.7315495196205323,0.080050630961321,0,均衡区
4248,108.86289307559996,34.28126595564285,108.86176694947385,108.86401920172608,34.28013982951672,34.282392081768975,1071.71,0.0,1.0,1.0,0.0,0.0,5.0,0.0,0.7064643196485657,0.0800192956290202,0,均衡区
8673,108.87640658911344,34.1934281178049,108.87528046298732,108.87753271523955,34.192301991678775,34.19455424393103,640.91,3.0,0.0,0.0,1.0,2.0,0.0,3068.8,0.774225122107249,0.0800031329485087,0,均衡区
1569,108.88992010262692,34.32631100068795,108.8887939765008,108.89104622875304,34.32518487456182,34.327437126814075,337.79,1.0,3.0,2.0,0.0,4.0,0.0,663.57,0.9049736153081958,0.0798730268161336,0,均衡区
744,108.9304606431674,34.34207676645373,108.92933451704128,108.93158676929352,34.340950640327605,34.34320289257986,1410.81,2.0,0.0,2.0,1.0,0.0,1.0,0.0,0.6637465419602511,0.0798441379681901,0,均衡区
2253,108.96424442695113,34.31504973942667,108.963118300825,108.96537055307724,34.313923613300545,34.3161758655528,405.67,1.0,4.0,1.0,2.0,0.0,1.0,0.0,0.8582480567613456,0.0798267201046632,0,均衡区
8630,108.95073091343762,34.19568037005716,108.9496047873115,108.95185703956376,34.19455424393103,34.196806496183285,665.18,1.0,0.0,3.0,1.0,0.0,1.0,1082.33,0.9072644605956872,0.0797996447430623,1,低需求高供给
8544,108.93496514767187,34.19793262230941,108.93383902154577,108.936091273798,34.196806496183285,34.19905874843554,1035.77,1.0,1.0,0.0,3.0,1.0,2.0,0.0,0.6146820200710944,0.0796736863618322,0,均衡区
3719,108.89442460713144,34.29027496465187,108.8932984810053,108.89555073325756,34.28914883852574,34.291401090777995,1509.91,0.0,1.0,4.0,0.0,2.0,0.0,434.11,0.8821174857323376,0.0796495970472874,0,均衡区
3988,108.88541559812244,34.28577046014736,108.88428947199633,108.88654172424856,34.28464433402123,34.286896586273485,587.34,1.0,0.0,2.0,0.0,1.0,3.0,510.97,0.6935403393057687,0.0796401189926341,1,低需求高供给
7602,108.82910929181624,34.21820289257971,108.82798316569011,108.83023541794236,34.21707676645358,34.219329018705835,27.85,2.0,0.0,0.0,1.0,2.0,3.0,736.24,0.955433420885198,0.0796375144203179,0,均衡区
7485,108.81559577830276,34.22045514483196,108.81446965217664,108.81672190442887,34.219329018705835,34.22158127095809,383.32,0.0,4.0,0.0,2.0,3.0,2.0,0.0,0.641313692835837,0.0795882907150213,0,均衡区
3701,108.85388406659096,34.29027496465187,108.85275794046484,108.85501019271707,34.28914883852574,34.291401090777995,877.79,3.0,0.0,0.0,1.0,1.0,2.0,0.0,0.7936959070770904,0.0795867246554208,0,均衡区
2657,108.96649667920336,34.30829298266991,108.96537055307724,108.96762280532948,34.30716685654378,34.309419108796035,925.48,2.0,0.0,0.0,0.0,1.0,1.0,4955.92,0.7969082396934664,0.0795862813278855,0,均衡区
4107,108.84937956208648,34.2835182078951,108.84825343596034,108.8505056882126,34.282392081768975,34.28464433402123,1081.01,2.0,6.0,0.0,1.0,0.0,0.0,0.0,0.8158001746926,0.0795834541252991,0,均衡区
7771,108.96199217469886,34.21595064032745,108.96086604857274,108.963118300825,34.214824514201325,34.21707676645358,851.66,3.0,2.0,0.0,1.0,0.0,1.0,471.11,0.914446355699518,0.0795785033158687,0,均衡区
4804,108.93271289541964,34.27225694663383,108.93158676929352,108.93383902154577,34.2711308205077,34.273383072759955,1659.2,1.0,0.0,1.0,0.0,0.0,3.0,1209.04,0.8448365886842931,0.0794966903281124,1,低需求高供给
194,108.94847866118538,34.35559027996726,108.94735253505924,108.9496047873115,34.354464153841135,34.35671640609339,1143.94,1.0,3.0,2.0,1.0,0.0,0.0,1052.95,0.7406472650023411,0.0794050563284883,1,低需求高供给
7769,108.95748767019435,34.21595064032745,108.95636154406824,108.95861379632048,34.214824514201325,34.21707676645358,618.32,4.0,0.0,1.0,0.0,2.0,0.0,519.86,0.9021801380149208,0.0792938989740863,0,均衡区
7491,108.82910929181624,34.22045514483196,108.82798316569011,108.83023541794236,34.219329018705835,34.22158127095809,117.39,0.0,1.0,3.0,2.0,0.0,2.0,0.0,0.6342510405225297,0.0791801501231935,0,均衡区
1029,109.05208226478878,34.33757226194922,109.05095613866266,109.0532083909149,34.336446135823095,34.33869838807535,280.51,1.0,1.0,3.0,1.0,3.0,0.0,130.63,0.8082264556564888,0.0791468685736436,0,均衡区
7472,109.03856875127528,34.22270739708422,109.03744262514915,109.03969487740142,34.22158127095809,34.223833523210345,380.35,3.0,0.0,1.0,1.0,4.0,0.0,0.0,0.7596191516296669,0.079132174739265,0,均衡区
5377,108.80433451704153,34.26099568537255,108.8032083909154,108.80546064316763,34.259869559246425,34.26212181149868,466.71,1.0,0.0,3.0,2.0,2.0,0.0,0.0,0.9178850219809604,0.0790152600229467,1,低需求高供给
6757,108.96649667920336,34.23622091059775,108.96537055307724,108.96762280532948,34.23509478447162,34.237347036723875,1805.4,0.0,3.0,0.0,0.0,2.0,2.0,1861.82,0.959373971982518,0.0790068354164859,1,低需求高供给
5188,108.94172190442865,34.26550018987706,108.94059577830252,108.94284803055476,34.264374063750935,34.26662631600319,1659.47,1.0,2.0,1.0,1.0,1.0,0.0,2096.08,0.8268919672194672,0.0789962030331357,1,低需求高供给
6262,108.89442460713144,34.24522991960677,108.8932984810053,108.89555073325756,34.24410379348064,34.246356045732895,2024.55,0.0,0.0,0.0,2.0,0.0,2.0,3229.92,0.7474049950270114,0.0789819420276511,0,均衡区
1620,109.00478496749156,34.32631100068795,109.00365884136544,109.0059110936177,34.32518487456182,34.327437126814075,859.14,2.0,1.0,2.0,1.0,2.0,0.0,0.0,0.6132108894949558,0.0789665540213747,1,低需求高供给
1921,108.8133435260505,34.31955424393118,108.81221739992438,108.81446965217664,34.318428117805055,34.32068037005731,368.28,1.0,0.0,1.0,0.0,3.0,2.0,2521.4,0.9391618102623902,0.078945241768515,0,均衡区
7175,108.87865884136568,34.22721190158873,108.87753271523955,108.87978496749182,34.2260857754626,34.228338027714855,972.23,1.0,1.0,0.0,1.0,0.0,3.0,1618.37,0.9277614450601024,0.0789224097042509,1,低需求高供给
683,109.04082100352754,34.34432901870599,109.03969487740142,109.04194712965366,34.34320289257986,34.345455144832115,110.15,3.0,2.0,0.0,0.0,4.0,0.0,1640.65,0.8879097988058304,0.0789127723906826,0,均衡区
1373,109.01154172424832,34.33081550519246,109.0104155981222,109.01266785037444,34.32968937906633,34.331941631318585,42.9,1.0,2.0,1.0,2.0,3.0,1.0,198.18,0.6962873919750571,0.0789015128551471,0,均衡区
7309,108.9259561386629,34.22495964933647,108.92483001253676,108.92708226478902,34.223833523210345,34.2260857754626,1260.52,1.0,2.0,2.0,1.0,0.0,1.0,0.0,0.788964678801744,0.078854245281423,1,低需求高供给
4277,108.92820839091516,34.28126595564285,108.92708226478902,108.92933451704128,34.28013982951672,34.282392081768975,1537.1,0.0,2.0,1.0,0.0,6.0,1.0,123.08,0.8427282211839352,0.0788465844969907,4,低需求高供给
7172,108.87190208460896,34.22721190158873,108.87077595848282,108.87302821073509,34.2260857754626,34.228338027714855,1052.85,1.0,0.0,0.0,0.0,0.0,4.0,2246.76,0.8388940168932807,0.0788439661185508,0,均衡区
4286,108.94847866118538,34.28126595564285,108.94735253505924,108.9496047873115,34.28013982951672,34.282392081768975,1289.19,0.0,1.0,1.0,1.0,1.0,2.0,2220.78,0.7976887787363114,0.078812382261087,1,低需求高供给
7327,108.96649667920336,34.22495964933647,108.96537055307724,108.96762280532948,34.223833523210345,34.2260857754626,1290.07,0.0,1.0,2.0,1.0,2.0,1.0,1203.85,0.90113865651382,0.0787918854255412,1,低需求高供给
6829,108.8696498323567,34.23396865834549,108.86852370623058,108.87077595848282,34.232842532219365,34.23509478447162,1281.32,1.0,1.0,1.0,3.0,0.0,1.0,0.0,0.6786684922228804,0.078778424656703,1,低需求高供给
4950,108.97550568821237,34.27000469438157,108.97437956208624,108.97663181433848,34.268878568255445,34.2711308205077,1339.49,2.0,2.0,0.0,1.0,1.0,1.0,884.68,0.727526127314719,0.0787486324592475,1,低需求高供给
3720,108.89667685938367,34.29027496465187,108.89555073325756,108.8978029855098,34.28914883852574,34.291401090777995,1295.27,1.0,0.0,1.0,2.0,3.0,1.0,0.0,0.732039212481831,0.0786871350257701,0,均衡区
8741,108.86739758010444,34.19117586555265,108.86627145397831,108.86852370623058,34.19004973942652,34.192301991678775,373.47,1.0,0.0,1.0,1.0,1.0,3.0,873.86,0.9579804829801858,0.0786705023144933,0,均衡区
7770,108.95973992244662,34.21595064032745,108.95861379632048,108.96086604857274,34.214824514201325,34.21707676645358,797.17,2.0,4.0,1.0,1.0,0.0,0.0,386.05,0.8028899990008199,0.0786675140240697,1,低需求高供给
4428,108.9687489314556,34.27901370339059,108.96762280532948,108.96987505758172,34.277887577264465,34.28013982951672,1203.51,0.0,0.0,0.0,0.0,0.0,1.0,8933.199999999999,0.8549905234831513,0.0786650944134208,0,均衡区
6179,108.97100118370786,34.24748217185902,108.96987505758172,108.97212730983398,34.246356045732895,34.24860829798515,1491.19,0.0,0.0,1.0,1.0,0.0,4.0,221.9,0.7921448636703554,0.0786338069433346,0,均衡区
4068,109.06559577830228,34.28577046014736,109.06446965217614,109.0667219044284,34.28464433402123,34.286896586273485,748.47,3.0,1.0,0.0,2.0,0.0,1.0,0.0,0.925720727225648,0.0786211362705145,0,均衡区
1973,108.9304606431674,34.31955424393118,108.92933451704128,108.93158676929352,34.318428117805055,34.32068037005731,1008.59,0.0,2.0,1.0,1.0,0.0,3.0,685.02,0.8872995480059225,0.078564746120781,0,均衡区
7699,109.04757776028428,34.21820289257971,109.04645163415816,109.0487038864104,34.21707676645358,34.219329018705835,112.25,4.0,0.0,0.0,1.0,0.0,2.0,0.0,0.6740470369679257,0.078525490114963,0,均衡区
6956,108.89892911163592,34.23171640609324,108.8978029855098,108.90005523776205,34.23059027996711,34.232842532219365,804.95,1.0,0.0,0.0,1.0,0.0,3.0,2887.67,0.799805684074638,0.0785070104926503,1,低需求高供给
433,108.92370388641064,34.3488335232105,108.92257776028453,108.92483001253676,34.34770739708437,34.349959649336625,1357.96,3.0,1.0,2.0,0.0,0.0,0.0,0.0,0.7028958379765524,0.0782599643977176,0,均衡区
4278,108.9304606431674,34.28126595564285,108.92933451704128,108.93158676929352,34.28013982951672,34.282392081768975,2388.54,2.0,0.0,0.0,0.0,3.0,1.0,681.48,0.9657912330140676,0.0782412599660769,0,均衡区
6086,109.0295597422663,34.24973442411128,109.02843361614018,109.03068586839242,34.24860829798515,34.250860550237405,751.76,0.0,0.0,1.0,4.0,0.0,2.0,493.88,0.7424615557707844,0.0782064759857705,0,均衡区
7415,108.91019037289716,34.22270739708422,108.90906424677104,108.91131649902329,34.22158127095809,34.223833523210345,1400.75,1.0,0.0,1.0,1.0,0.0,2.0,1782.72,0.7223233190823817,0.0781983666493213,0,均衡区
1448,108.90118136388816,34.3285632529402,108.90005523776205,108.9023074900143,34.327437126814075,34.32968937906633,257.2,3.0,2.0,0.0,1.0,0.0,1.0,1239.48,0.87769957904283,0.0781965986905497,0,均衡区
4149,108.94397415668088,34.2835182078951,108.94284803055476,108.945100282807,34.282392081768975,34.28464433402123,1773.14,2.0,1.0,1.0,0.0,2.0,1.0,0.0,0.5609241701417277,0.0781178491073501,0,均衡区
1797,108.826857039564,34.32180649618344,108.82573091343788,108.82798316569011,34.32068037005731,34.322932622309565,321.47,2.0,1.0,0.0,4.0,2.0,0.0,0.0,0.7688006334912616,0.0781034967268971,1,低需求高供给
1058,108.84937956208648,34.33532000969697,108.84825343596034,108.8505056882126,34.33419388357084,34.336446135823095,485.31,1.0,1.0,2.0,1.0,3.0,1.0,0.0,0.5647876123281758,0.0780937237389725,0,均衡区
2541,109.00928947199608,34.31054523492216,109.00816334586996,109.0104155981222,34.309419108796035,34.31167136104829,825.87,1.0,3.0,1.0,1.0,1.0,1.0,740.35,0.7295088591283201,0.077998480906761,0,均衡区
3192,108.94172190442865,34.29928397366089,108.94059577830252,108.94284803055476,34.29815784753476,34.300410099787015,645.65,0.0,4.0,2.0,1.0,0.0,0.0,2557.83,0.8001406300035204,0.0779908958190108,0,均衡区
6988,108.97100118370786,34.23171640609324,108.96987505758172,108.97212730983398,34.23059027996711,34.232842532219365,1381.28,2.0,0.0,1.0,0.0,4.0,0.0,1490.27,0.8157820260571442,0.0779825097833808,1,低需求高供给
4991,109.06784803055452,34.27000469438157,109.0667219044284,109.06897415668064,34.268878568255445,34.2711308205077,809.52,1.0,0.0,2.0,1.0,3.0,1.0,199.49,0.7931049857904764,0.0779787351311106,0,均衡区
8734,108.85163181433872,34.19117586555265,108.8505056882126,108.85275794046484,34.19004973942652,34.192301991678775,442.56,0.0,0.0,0.0,1.0,0.0,5.0,1839.61,0.9315697819119104,0.077942433415903,0,均衡区
5780,108.88091109361794,34.25423892861579,108.87978496749182,108.88203721974406,34.25311280248966,34.255365054741915,639.3,1.0,0.0,4.0,0.0,0.0,1.0,426.86,0.8596231781842683,0.0778464785559934,0,均衡区
7289,108.88091109361794,34.22495964933647,108.87978496749182,108.88203721974406,34.223833523210345,34.2260857754626,531.84,1.0,0.0,3.0,0.0,1.0,2.0,123.73,0.6961669366677226,0.07772523919299,2,低需求高供给
4555,108.95748767019435,34.27676145113834,108.95636154406824,108.95861379632048,34.27563532501221,34.277887577264465,989.88,4.0,0.0,0.0,1.0,0.0,0.0,1634.26,0.8569545112651987,0.0777105755577519,0,均衡区
5436,108.93721739992414,34.26099568537255,108.936091273798,108.93834352605026,34.259869559246425,34.26212181149868,1881.39,2.0,2.0,0.0,1.0,0.0,1.0,370.58,0.94855282761701,0.077565186060898,0,均衡区
992,108.9687489314556,34.33757226194922,108.96762280532948,108.96987505758172,34.336446135823095,34.33869838807535,1023.46,0.0,1.0,2.0,1.0,2.0,2.0,0.0,0.62116963533654,0.0775286650855364,0,均衡区
7174,108.87640658911344,34.22721190158873,108.87528046298732,108.87753271523955,34.2260857754626,34.228338027714855,862.24,1.0,0.0,0.0,0.0,0.0,3.0,3893.69,0.9569377310825632,0.0774272927342612,0,均衡区
7632,108.89667685938367,34.21820289257971,108.89555073325756,108.8978029855098,34.21707676645358,34.219329018705835,966.98,1.0,1.0,0.0,3.0,4.0,0.0,690.82,0.7343249949486932,0.0773479804402704,0,均衡区
4815,108.95748767019435,34.27225694663383,108.95636154406824,108.95861379632048,34.2711308205077,34.273383072759955,1438.98,1.0,0.0,0.0,2.0,0.0,1.0,3543.79,0.8609307507578062,0.0773123115388628,2,低需求高供给
6407,108.95748767019435,34.24297766735451,108.95636154406824,108.95861379632048,34.241851541228385,34.24410379348064,1448.7,1.0,1.0,0.0,0.0,1.0,1.0,4621.05,0.8978279692617108,0.0773031928203444,0,均衡区
3519,109.06109127379776,34.29477946915638,109.05996514767163,109.0622173999239,34.29365334303025,34.295905595282505,1113.09,1.0,1.0,4.0,0.0,0.0,0.0,357.23,0.779013323159725,0.0772322816749179,0,均衡区
8050,108.8696498323567,34.20919388357069,108.86852370623058,108.87077595848282,34.20806775744456,34.210320009696815,852.0,1.0,0.0,2.0,0.0,1.0,1.0,2796.52,0.9573539935174168,0.0771979668767382,0,均衡区
4462,109.04532550803204,34.27901370339059,109.04419938190593,109.04645163415816,34.277887577264465,34.28013982951672,1029.55,1.0,2.0,1.0,2.0,3.0,0.0,0.0,0.6883854009430417,0.0771943466494497,1,低需求高供给
3993,108.89667685938367,34.28577046014736,108.89555073325756,108.8978029855098,34.28464433402123,34.286896586273485,753.28,3.0,2.0,1.0,0.0,0.0,1.0,0.0,0.7111545277522845,0.0771800130256824,0,均衡区
5451,108.97100118370786,34.26099568537255,108.96987505758172,108.97212730983398,34.259869559246425,34.26212181149868,1800.16,3.0,1.0,0.0,1.0,0.0,0.0,1106.06,0.9642014626062506,0.0771020506947547,0,均衡区
5134,108.82010028280725,34.26550018987706,108.81897415668112,108.82122640893336,34.264374063750935,34.26662631600319,116.48,3.0,1.0,1.0,0.0,1.0,1.0,1103.29,0.8104464832288868,0.0770007669510603,0,均衡区
3469,108.94847866118538,34.29477946915638,108.94735253505924,108.9496047873115,34.29365334303025,34.295905595282505,1511.67,2.0,0.0,1.0,0.0,3.0,1.0,192.17,0.8206994570512042,0.0769944940325285,1,低需求高供给
128,108.93271289541964,34.35784253221952,108.93158676929352,108.93383902154577,34.35671640609339,34.358968658345646,703.92,1.0,3.0,2.0,0.0,1.0,1.0,130.16,0.9556143914868072,0.0768685602890118,0,均衡区
786,109.0250552377618,34.34207676645373,109.02392911163568,109.02618136388791,34.340950640327605,34.34320289257986,221.64,1.0,0.0,0.0,2.0,4.0,0.0,4146.71,0.7683251401005077,0.0767781241708161,0,均衡区
6614,108.90343361614042,34.23847316285,108.9023074900143,108.90455974226654,34.237347036723875,34.23959928897613,1063.29,1.0,1.0,0.0,3.0,0.0,2.0,78.14,0.7782084375109589,0.0767176783729704,0,均衡区
3888,108.96649667920336,34.28802271239961,108.96537055307724,108.96762280532948,34.286896586273485,34.28914883852574,632.99,4.0,0.0,0.0,0.0,0.0,0.0,3382.29,0.9500217213427146,0.0767023983672477,0,均衡区
4170,108.99127145397809,34.2835182078951,108.99014532785196,108.9923975801042,34.282392081768975,34.28464433402123,1584.23,0.0,1.0,1.0,0.0,0.0,2.0,3426.6,0.9574073500002518,0.0766864788498834,0,均衡区
36,108.93496514767187,34.36234703672403,108.93383902154577,108.936091273798,34.3612209105979,34.36347316285016,551.49,1.0,1.0,1.0,1.0,3.0,1.0,1285.8000000000002,0.7822052475101403,0.0766093300899836,0,均衡区
6726,108.89667685938367,34.23622091059775,108.89555073325756,108.8978029855098,34.23509478447162,34.237347036723875,1160.39,0.0,0.0,3.0,1.0,2.0,1.0,253.88,0.7823869708153974,0.0764900104055408,0,均衡区
909,109.04532550803204,34.33982451420148,109.04419938190593,109.04645163415816,34.33869838807535,34.340950640327605,509.4,0.0,0.0,0.0,0.0,13.0,1.0,0.0,0.6200649178877867,0.0764514473994158,1,低需求高供给
3973,108.85163181433872,34.28577046014736,108.8505056882126,108.85275794046484,34.28464433402123,34.286896586273485,789.4,2.0,1.0,1.0,1.0,4.0,0.0,0.0,0.6004144175260826,0.0763342114253115,0,均衡区
861,108.93721739992414,34.33982451420148,108.936091273798,108.93834352605026,34.33869838807535,34.340950640327605,1435.34,0.0,1.0,1.0,2.0,1.0,1.0,1872.3,0.7459013149921693,0.0763011477363517,0,均衡区
8342,108.86289307559996,34.20243712681392,108.86176694947385,108.86401920172608,34.201311000687795,34.20356325294005,898.84,0.0,1.0,3.0,2.0,2.0,0.0,0.0,0.7304453893033661,0.0762891206696129,2,低需求高供给
5872,108.81559577830276,34.25198667636353,108.81446965217664,108.81672190442887,34.250860550237405,34.25311280248966,118.95,2.0,1.0,1.0,1.0,1.0,2.0,0.0,0.5909804207482365,0.0761967549657558,0,均衡区
5562,108.94172190442865,34.2587434331203,108.94059577830252,108.94284803055476,34.25761730699417,34.259869559246425,1462.71,3.0,2.0,0.0,1.0,0.0,0.0,642.5600000000001,0.8427311503545878,0.0760802547956707,1,低需求高供给
7638,108.91019037289716,34.21820289257971,108.90906424677104,108.91131649902329,34.21707676645358,34.219329018705835,939.65,0.0,4.0,0.0,4.0,1.0,0.0,274.79,0.948932621080057,0.0760595699329038,1,低需求高供给
5669,108.90568586839268,34.25649118086804,108.90455974226654,108.9068119945188,34.255365054741915,34.25761730699417,1729.78,1.0,0.0,0.0,3.0,0.0,1.0,1527.46,0.7607940611366799,0.0760221053612177,0,均衡区
5652,108.86739758010444,34.25649118086804,108.86627145397831,108.86852370623058,34.255365054741915,34.25761730699417,833.43,1.0,0.0,2.0,3.0,0.0,0.0,893.29,0.8593971187961751,0.0759820135398648,1,低需求高供给
3974,108.85388406659096,34.28577046014736,108.85275794046484,108.85501019271707,34.28464433402123,34.286896586273485,634.89,0.0,5.0,1.0,1.0,4.0,0.0,0.0,0.8698444818292657,0.0758842964457642,1,低需求高供给
7887,108.98001019271685,34.2136983880752,108.97888406659072,108.98113631884296,34.21257226194907,34.214824514201325,971.25,0.0,3.0,1.0,3.0,0.0,1.0,0.0,0.7174171166531724,0.0757577387065625,0,均衡区
1843,108.9304606431674,34.32180649618344,108.92933451704128,108.93158676929352,34.32068037005731,34.322932622309565,868.41,1.0,3.0,1.0,0.0,1.0,2.0,0.0,0.7723827689291574,0.0757520576192466,0,均衡区
400,109.05658676929328,34.35108577546275,109.05546064316717,109.0577128954194,34.349959649336625,34.35221190158888,194.42,0.0,9.0,0.0,0.0,0.0,2.0,0.0,0.6845253031257343,0.0757480750476156,0,均衡区
8057,108.88541559812244,34.20919388357069,108.88428947199633,108.88654172424856,34.20806775744456,34.210320009696815,311.26,1.0,5.0,0.0,1.0,0.0,1.0,1780.48,0.849821293936754,0.0756982513657068,0,均衡区
1815,108.86739758010444,34.32180649618344,108.86627145397831,108.86852370623058,34.32068037005731,34.322932622309565,104.3,2.0,1.0,1.0,0.0,0.0,3.0,210.07,0.8491060046059534,0.0756972697767146,0,均衡区
2151,109.0340642467708,34.31730199167893,109.03293812064469,109.03519037289692,34.3161758655528,34.318428117805055,533.05,2.0,0.0,1.0,2.0,2.0,0.0,1208.61,0.7634421015510577,0.0756451760541089,0,均衡区
3387,109.072352535059,34.29703172140863,109.07122640893289,109.07347866118512,34.295905595282505,34.29815784753476,732.6,0.0,2.0,0.0,0.0,4.0,2.0,2495.81,0.9263718777224426,0.0756103859171547,0,均衡区
7214,108.96649667920336,34.22721190158873,108.96537055307724,108.96762280532948,34.2260857754626,34.228338027714855,1699.43,0.0,0.0,3.0,1.0,3.0,0.0,143.9,0.777815935266095,0.075544695037372,2,低需求高供给
5084,108.99127145397809,34.26775244212932,108.99014532785196,108.9923975801042,34.26662631600319,34.268878568255445,1850.34,1.0,0.0,1.0,1.0,1.0,0.0,3067.12,0.864629246625659,0.0754614631717655,1,低需求高供给
3972,108.84937956208648,34.28577046014736,108.84825343596034,108.8505056882126,34.28464433402123,34.286896586273485,994.28,0.0,2.0,1.0,3.0,0.0,0.0,2428.1000000000004,0.8411826599116241,0.0754356590186517,0,均衡区
8245,108.85163181433872,34.20468937906618,108.8505056882126,108.85275794046484,34.20356325294005,34.205815505192305,831.56,2.0,1.0,0.0,2.0,4.0,0.0,78.57,0.7250761714290938,0.0753938578674917,1,低需求高供给
3751,108.96649667920336,34.29027496465187,108.96537055307724,108.96762280532948,34.28914883852574,34.291401090777995,601.52,4.0,2.0,0.0,0.0,1.0,0.0,647.3,0.8234511825905921,0.075280682999347,0,均衡区
4638,108.84937956208648,34.27450919888608,108.84825343596034,108.8505056882126,34.273383072759955,34.27563532501221,1423.06,1.0,1.0,0.0,1.0,3.0,1.0,1320.32,0.9577708506173588,0.075233424015532,1,低需求高供给
4474,109.072352535059,34.27901370339059,109.07122640893289,109.07347866118512,34.277887577264465,34.28013982951672,665.03,3.0,1.0,0.0,2.0,1.0,0.0,547.47,0.850288508261554,0.0751672499163347,0,均衡区
8395,108.9822624449691,34.20243712681392,108.98113631884296,108.98338857109522,34.201311000687795,34.20356325294005,353.08,3.0,1.0,0.0,0.0,1.0,0.0,3857.37,0.8832039553210487,0.0751216401838059,0,均衡区
866,108.94847866118538,34.33982451420148,108.94735253505924,108.9496047873115,34.33869838807535,34.340950640327605,1537.38,0.0,2.0,1.0,3.0,2.0,0.0,0.0,0.8054288126671018,0.0751032152750819,0,均衡区
95,108.9732534359601,34.36009478447177,108.97212730983398,108.97437956208624,34.358968658345646,34.3612209105979,115.2,1.0,3.0,2.0,2.0,1.0,0.0,0.0,0.5217000376774422,0.0749631823711439,0,均衡区
4057,109.04082100352754,34.28577046014736,109.03969487740142,109.04194712965366,34.28464433402123,34.286896586273485,489.52,0.0,3.0,3.0,1.0,2.0,0.0,0.0,0.6793510359569874,0.074913349189524,1,低需求高供给
1100,108.94397415668088,34.33532000969697,108.94284803055476,108.945100282807,34.33419388357084,34.336446135823095,1555.36,1.0,0.0,0.0,2.0,2.0,2.0,0.0,0.5678255899289414,0.0748064979541609,1,低需求高供给
3095,109.03181199451856,34.30153622591314,109.03068586839242,109.03293812064469,34.300410099787015,34.30266235203927,292.12,0.0,0.0,2.0,2.0,0.0,3.0,0.0,0.7373382403384543,0.074780654996361,0,均衡区
2018,109.03181199451856,34.31955424393118,109.03068586839242,109.03293812064469,34.318428117805055,34.32068037005731,626.42,1.0,2.0,0.0,4.0,2.0,0.0,0.0,0.6996782080641483,0.0747788612088779,0,均衡区
5456,108.9822624449691,34.26099568537255,108.98113631884296,108.98338857109522,34.259869559246425,34.26212181149868,1470.29,1.0,1.0,0.0,3.0,0.0,1.0,804.76,0.7431263371053338,0.0747665903236392,0,均衡区
340,108.9214516341584,34.35108577546275,108.92032550803228,108.92257776028453,34.349959649336625,34.35221190158888,1032.25,0.0,0.0,3.0,1.0,3.0,0.0,970.92,0.9030892294063172,0.0746868041751052,1,低需求高供给
1459,108.9259561386629,34.3285632529402,108.92483001253676,108.92708226478902,34.327437126814075,34.32968937906633,915.47,0.0,0.0,0.0,4.0,0.0,3.0,0.0,0.5161275327629858,0.0746592420081027,0,均衡区
7430,108.94397415668088,34.22270739708422,108.94284803055476,108.945100282807,34.22158127095809,34.223833523210345,1525.42,0.0,2.0,1.0,3.0,0.0,0.0,1342.53,0.9428983926748552,0.0746438261699441,1,低需求高供给
2908,108.91919938190615,34.3037884781654,108.91807325578004,108.92032550803228,34.30266235203927,34.304914604291525,893.54,5.0,0.0,0.0,0.0,0.0,0.0,780.35,0.8374244111263343,0.0746280199522264,0,均衡区
6250,108.86739758010444,34.24522991960677,108.86627145397831,108.86852370623058,34.24410379348064,34.246356045732895,848.53,2.0,0.0,1.0,0.0,6.0,0.0,236.05,0.8472162226624154,0.0745722627729285,0,均衡区
2435,109.07460478731126,34.31279748717442,109.07347866118512,109.07573091343738,34.31167136104829,34.313923613300545,507.64,1.0,2.0,0.0,0.0,1.0,0.0,6365.6900000000005,0.9570679137373528,0.0745491786424091,0,均衡区
4735,109.06784803055452,34.27450919888608,109.0667219044284,109.06897415668064,34.273383072759955,34.27563532501221,1164.56,1.0,0.0,2.0,0.0,5.0,0.0,695.08,0.7206059741784568,0.0745477933369993,0,均衡区
5762,108.84037055307748,34.25423892861579,108.83924442695135,108.8414966792036,34.25311280248966,34.255365054741915,272.46,1.0,2.0,1.0,3.0,0.0,0.0,1468.75,0.891468082376999,0.07453738101932,0,均衡区
3755,108.97550568821237,34.29027496465187,108.97437956208624,108.97663181433848,34.28914883852574,34.291401090777995,1472.62,1.0,0.0,3.0,1.0,1.0,0.0,0.0,0.6955013143178833,0.0744975331439836,2,低需求高供给
1889,109.0340642467708,34.32180649618344,109.03293812064469,109.03519037289692,34.32068037005731,34.322932622309565,509.14,1.0,2.0,1.0,1.0,4.0,0.0,1039.12,0.704607116601257,0.074489841542502,1,低需求高供给
8569,108.99127145397809,34.19793262230941,108.99014532785196,108.9923975801042,34.196806496183285,34.19905874843554,1112.43,1.0,0.0,2.0,2.0,0.0,1.0,0.0,0.7712371349627268,0.0744118637005999,0,均衡区
6134,108.8696498323567,34.24748217185902,108.86852370623058,108.87077595848282,34.246356045732895,34.24860829798515,1083.4,1.0,1.0,0.0,2.0,6.0,0.0,0.0,0.6195492409493603,0.0743250237149302,0,均衡区
7588,109.04757776028428,34.22045514483196,109.04645163415816,109.0487038864104,34.219329018705835,34.22158127095809,137.63,4.0,0.0,0.0,0.0,0.0,0.0,3773.77,0.966061397031687,0.0743075435164847,0,均衡区
7318,108.94622640893311,34.22495964933647,108.945100282807,108.94735253505924,34.223833523210345,34.2260857754626,1138.12,0.0,1.0,2.0,1.0,0.0,1.0,2189.29,0.9439743116245622,0.0743018008282851,1,低需求高供给
3137,108.817848030555,34.29928397366089,108.81672190442887,108.81897415668112,34.29815784753476,34.300410099787015,587.27,4.0,2.0,0.0,0.0,1.0,0.0,511.81,0.805093867886477,0.0742263585797591,1,低需求高供给
6459,108.8133435260505,34.24072541510226,108.81221739992438,108.81446965217664,34.23959928897613,34.241851541228385,387.93,0.0,1.0,1.0,2.0,1.0,3.0,0.0,0.5901384847430883,0.0741732089651895,0,均衡区
6054,108.95748767019435,34.24973442411128,108.95636154406824,108.95861379632048,34.24860829798515,34.250860550237405,1768.02,1.0,2.0,0.0,1.0,0.0,2.0,321.25,0.8487185596873129,0.074075123157098,0,均衡区
8702,108.94172190442865,34.1934281178049,108.94059577830252,108.94284803055476,34.192301991678775,34.19455424393103,394.76,0.0,2.0,2.0,0.0,0.0,0.0,5524.27,0.9208542127837384,0.0740527624611902,0,均衡区
6421,108.98901920172584,34.24297766735451,108.98789307559971,108.99014532785196,34.241851541228385,34.24410379348064,1272.96,1.0,0.0,0.0,1.0,0.0,2.0,2998.16,0.8590714985268109,0.0739574337492647,1,低需求高供给
6311,109.00478496749156,34.24522991960677,109.00365884136544,109.0059110936177,34.24410379348064,34.246356045732895,1564.08,0.0,0.0,2.0,1.0,0.0,2.0,791.54,0.8417595033980919,0.0738788530733214,1,低需求高供给
1538,108.82010028280725,34.32631100068795,108.81897415668112,108.82122640893336,34.32518487456182,34.327437126814075,93.87,1.0,0.0,0.0,0.0,0.0,6.0,0.0,0.4038988571501302,0.0738075097098221,0,均衡区
6493,108.88992010262692,34.24072541510226,108.8887939765008,108.89104622875304,34.23959928897613,34.241851541228385,865.04,0.0,0.0,3.0,2.0,0.0,1.0,403.12,0.7672529116514639,0.0737999372431753,0,均衡区
2457,108.82010028280725,34.31054523492216,108.81897415668112,108.82122640893336,34.309419108796035,34.31167136104829,195.95,0.0,0.0,0.0,7.0,0.0,1.0,0.0,0.6470289071700134,0.0737720072478142,0,均衡区
3686,108.82010028280725,34.29027496465187,108.81897415668112,108.82122640893336,34.28914883852574,34.291401090777995,697.71,2.0,0.0,3.0,0.0,2.0,0.0,0.0,0.5290034735222604,0.0737112930422906,0,均衡区
3777,109.0250552377618,34.29027496465187,109.02392911163568,109.02618136388791,34.28914883852574,34.291401090777995,523.57,2.0,1.0,0.0,0.0,3.0,0.0,3766.77,0.8639610868257114,0.0736552659518753,0,均衡区
7526,108.90793812064491,34.22045514483196,108.9068119945188,108.90906424677104,34.219329018705835,34.22158127095809,1228.3,1.0,0.0,1.0,1.0,0.0,1.0,2963.94,0.7458305565808684,0.0736424455498699,0,均衡区
5192,108.95073091343762,34.26550018987706,108.9496047873115,108.95185703956376,34.264374063750935,34.26662631600319,1426.87,0.0,0.0,2.0,0.0,0.0,2.0,2370.34,0.86931723692413,0.0736414613812952,0,均衡区
6004,108.84487505758196,34.24973442411128,108.84374893145583,108.8460011837081,34.24860829798515,34.250860550237405,758.28,0.0,4.0,1.0,1.0,4.0,0.0,452.12,0.7769188670454906,0.0735808655087684,1,低需求高供给
4892,108.84487505758196,34.27000469438157,108.84374893145583,108.8460011837081,34.268878568255445,34.2711308205077,466.43,3.0,0.0,1.0,0.0,1.0,1.0,895.99,0.8267896124527896,0.0735363148393251,2,低需求高供给
8446,108.90118136388816,34.20018487456167,108.90005523776205,108.9023074900143,34.19905874843554,34.201311000687795,1071.38,3.0,0.0,0.0,0.0,0.0,1.0,2405.44,0.9295072244684716,0.073451117914019,0,均衡区
6648,108.98001019271685,34.23847316285,108.97888406659072,108.98113631884296,34.237347036723875,34.23959928897613,696.89,2.0,0.0,2.0,1.0,1.0,0.0,847.88,0.8396991124328372,0.0734079105286958,0,均衡区
7029,108.80658676929376,34.22946415384098,108.80546064316763,108.80771289541988,34.228338027714855,34.23059027996711,42.26,3.0,4.0,0.0,1.0,1.0,0.0,0.0,0.6620734256149348,0.0733902838683892,0,均衡区
7177,108.8831633458702,34.22721190158873,108.88203721974406,108.88428947199633,34.2260857754626,34.228338027714855,1239.08,1.0,1.0,1.0,1.0,2.0,1.0,387.35,0.7888371410360003,0.0733697462416145,1,低需求高供给
1530,108.80208226478926,34.32631100068795,108.80095613866314,108.8032083909154,34.32518487456182,34.327437126814075,115.23,1.0,0.0,0.0,1.0,0.0,5.0,0.0,0.5632363217116043,0.0733228955065206,0,均衡区
5376,108.80208226478926,34.26099568537255,108.80095613866314,108.8032083909154,34.259869559246425,34.26212181149868,592.42,1.0,0.0,1.0,3.0,0.0,1.0,1033.77,0.82080302221405,0.0733205992580645,1,低需求高供给
8614,108.91469487740166,34.19568037005716,108.91356875127552,108.91582100352778,34.19455424393103,34.196806496183285,1101.95,0.0,2.0,1.0,1.0,0.0,3.0,0.0,0.5116790539171944,0.0733113066648402,1,低需求高供给
8063,108.89892911163592,34.20919388357069,108.8978029855098,108.90005523776205,34.20806775744456,34.210320009696815,1054.69,3.0,0.0,1.0,0.0,1.0,1.0,0.0,0.7191259403771706,0.0733042167653778,0,均衡区
5764,108.84487505758196,34.25423892861579,108.84374893145583,108.8460011837081,34.25311280248966,34.255365054741915,409.87,1.0,0.0,0.0,0.0,0.0,1.0,7390.72,0.8587106890727708,0.0733031692100369,0,均衡区
8582,108.84262280532973,34.19568037005716,108.8414966792036,108.84374893145583,34.19455424393103,34.196806496183285,497.99,2.0,0.0,0.0,1.0,0.0,0.0,5547.31,0.8786645411475872,0.0732702810916575,0,均衡区
6066,108.98451469722134,34.24973442411128,108.98338857109522,108.98564082334748,34.24860829798515,34.250860550237405,1815.98,0.0,1.0,4.0,0.0,0.0,0.0,478.1,0.7937530736208227,0.0732538818936556,0,均衡区
4635,108.84262280532973,34.27450919888608,108.8414966792036,108.84374893145583,34.273383072759955,34.27563532501221,546.2,1.0,2.0,0.0,2.0,4.0,0.0,1006.84,0.8860499057925579,0.0731415021326827,1,低需求高供给
4833,108.99802821073484,34.27225694663383,108.9969020846087,108.99915433686095,34.2711308205077,34.273383072759955,1794.29,2.0,0.0,0.0,0.0,0.0,3.0,0.0,0.6563635150827944,0.0731154414942993,0,均衡区
5328,108.9732534359601,34.26324793762481,108.97212730983398,108.97437956208624,34.26212181149868,34.264374063750935,904.72,0.0,1.0,0.0,3.0,2.0,2.0,140.53,0.7707605691629397,0.0730223888208925,0,均衡区
7648,108.93271289541964,34.21820289257971,108.93158676929352,108.93383902154577,34.21707676645358,34.219329018705835,1092.49,2.0,0.0,0.0,1.0,1.0,2.0,343.85,0.9579086890999596,0.0729953536024718,0,均衡区
7395,108.8651453278522,34.22270739708422,108.86401920172608,108.86627145397831,34.22158127095809,34.223833523210345,1258.02,1.0,1.0,1.0,3.0,1.0,0.0,0.0,0.6692059678236827,0.0729763496476233,0,均衡区
6920,108.817848030555,34.23171640609324,108.81672190442887,108.81897415668112,34.23059027996711,34.232842532219365,263.58,1.0,1.0,0.0,2.0,1.0,3.0,0.0,0.4819391088445661,0.0729701687788361,0,均衡区
4105,108.84487505758196,34.2835182078951,108.84374893145583,108.8460011837081,34.282392081768975,34.28464433402123,732.5,0.0,0.0,1.0,0.0,6.0,2.0,711.26,0.7734457787675961,0.0728113952534159,0,均衡区
6712,108.8651453278522,34.23622091059775,108.86401920172608,108.86627145397831,34.23509478447162,34.237347036723875,1149.88,0.0,1.0,2.0,1.0,5.0,0.0,0.0,0.7052529151065501,0.0727590384133747,0,均衡区
6850,108.9169471296539,34.23396865834549,108.91582100352778,108.91807325578004,34.232842532219365,34.23509478447162,1007.63,1.0,0.0,1.0,1.0,0.0,1.0,3041.29,0.8819492436316486,0.0726931812729008,0,均衡区
1905,109.07010028280676,34.32180649618344,109.06897415668064,109.07122640893289,34.32068037005731,34.322932622309565,529.65,1.0,0.0,2.0,0.0,1.0,2.0,925.01,0.9190014271379314,0.0726870230389962,0,均衡区
4670,108.9214516341584,34.27450919888608,108.92032550803228,108.92257776028453,34.273383072759955,34.27563532501221,1696.04,1.0,0.0,1.0,1.0,2.0,1.0,415.06,0.8610172592262156,0.0726682579186954,0,均衡区
787,109.02730749001404,34.34207676645373,109.02618136388791,109.02843361614018,34.340950640327605,34.34320289257986,429.43,1.0,1.0,0.0,2.0,7.0,0.0,0.0,0.6396054811882473,0.0726317496737986,0,均衡区
8700,108.93721739992414,34.1934281178049,108.936091273798,108.93834352605026,34.192301991678775,34.19455424393103,933.67,0.0,0.0,1.0,3.0,5.0,0.0,191.05,0.7899417633659783,0.0725787534689788,0,均衡区
6148,108.90118136388816,34.24748217185902,108.90005523776205,108.9023074900143,34.246356045732895,34.24860829798515,879.54,1.0,7.0,0.0,0.0,0.0,1.0,0.0,0.6919892190796405,0.0725754453816911,0,均衡区
3999,108.91019037289716,34.28577046014736,108.90906424677104,108.91131649902329,34.28464433402123,34.286896586273485,895.94,1.0,2.0,0.0,2.0,0.0,2.0,0.0,0.9227473750503028,0.0725753392105279,1,低需求高供给
5116,109.06334352605002,34.26775244212932,109.0622173999239,109.06446965217614,34.26662631600319,34.268878568255445,675.38,1.0,3.0,2.0,0.0,3.0,0.0,0.0,0.5299268993684466,0.0725525288917128,0,均衡区
4701,108.99127145397809,34.27450919888608,108.99014532785196,108.9923975801042,34.273383072759955,34.27563532501221,1923.28,1.0,1.0,1.0,1.0,0.0,1.0,651.1,0.8033077995619391,0.0725486950027413,0,均衡区
7820,108.82910929181624,34.2136983880752,108.82798316569011,108.83023541794236,34.21257226194907,34.214824514201325,417.28,1.0,0.0,4.0,0.0,0.0,1.0,0.0,0.7526678127621871,0.0725278000432862,0,均衡区
3362,109.0160462287528,34.29703172140863,109.01492010262668,109.01717235487894,34.295905595282505,34.29815784753476,822.4,0.0,0.0,2.0,0.0,0.0,4.0,0.0,0.6390361461309817,0.0724371241489965,0,均衡区
3854,108.88992010262692,34.28802271239961,108.8887939765008,108.89104622875304,34.286896586273485,34.28914883852574,1047.68,2.0,1.0,1.0,0.0,2.0,1.0,0.0,0.8113447070643817,0.072394966691599,0,均衡区
3389,109.0768570395635,34.29703172140863,109.07573091343738,109.07798316568964,34.295905595282505,34.29815784753476,595.44,1.0,1.0,0.0,2.0,0.0,3.0,0.0,0.6089655989240365,0.0723176796471268,0,均衡区
555,108.9822624449691,34.34658127095824,108.98113631884296,108.98338857109522,34.345455144832115,34.34770739708437,175.78,1.0,3.0,1.0,3.0,0.0,0.0,465.05,0.7127633895905989,0.0723050635901593,0,均衡区
4430,108.9732534359601,34.27901370339059,108.97212730983398,108.97437956208624,34.277887577264465,34.28013982951672,1514.82,1.0,0.0,2.0,0.0,0.0,0.0,3386.42,0.9143538803436504,0.0722950428090997,0,均衡区
7927,108.82910929181624,34.21144613582294,108.82798316569011,108.83023541794236,34.210320009696815,34.21257226194907,72.47,1.0,0.0,1.0,2.0,0.0,3.0,0.0,0.5617730432741821,0.0722804617456404,0,均衡区
263,108.93946965217638,34.35333802771501,108.93834352605026,108.94059577830252,34.35221190158888,34.354464153841135,748.47,0.0,2.0,1.0,2.0,1.0,0.0,2962.77,0.828173939789176,0.0722184725995285,0,均衡区
3708,108.8696498323567,34.29027496465187,108.86852370623058,108.87077595848282,34.28914883852574,34.291401090777995,877.43,1.0,0.0,1.0,4.0,1.0,0.0,0.0,0.6870548908008471,0.0721804625810961,1,低需求高供给
6472,108.84262280532973,34.24072541510226,108.8414966792036,108.84374893145583,34.23959928897613,34.241851541228385,336.46,3.0,1.0,0.0,3.0,0.0,0.0,58.43,0.7008122918715484,0.0721656547378562,1,低需求高供给
4981,109.04532550803204,34.27000469438157,109.04419938190593,109.04645163415816,34.268878568255445,34.2711308205077,607.04,1.0,0.0,3.0,0.0,2.0,1.0,0.0,0.6898081871259825,0.0721574845470797,1,低需求高供给
7311,108.9304606431674,34.22495964933647,108.92933451704128,108.93158676929352,34.223833523210345,34.2260857754626,1055.61,1.0,1.0,3.0,0.0,0.0,1.0,0.0,0.5155941168738072,0.0721454133631375,0,均衡区
1339,108.93496514767187,34.33081550519246,108.93383902154577,108.936091273798,34.32968937906633,34.331941631318585,747.61,1.0,1.0,4.0,0.0,0.0,0.0,99.15,0.775415144576102,0.0720903620133123,0,均衡区
8421,108.84487505758196,34.20018487456167,108.84374893145583,108.8460011837081,34.19905874843554,34.201311000687795,683.59,2.0,1.0,1.0,1.0,1.0,0.0,1459.43,0.9229528529805704,0.0720838989600932,0,均衡区
8343,108.8651453278522,34.20243712681392,108.86401920172608,108.86627145397831,34.201311000687795,34.20356325294005,249.95,0.0,2.0,2.0,1.0,3.0,0.0,1873.84,0.7550900631222061,0.0720716045252837,2,低需求高供给
7746,108.90568586839268,34.21595064032745,108.90455974226654,108.9068119945188,34.214824514201325,34.21707676645358,738.57,0.0,1.0,1.0,1.0,1.0,3.0,315.04,0.7843804984136122,0.0720023465947088,0,均衡区
7407,108.89217235487918,34.22270739708422,108.89104622875304,108.8932984810053,34.22158127095809,34.223833523210345,1007.91,0.0,3.0,1.0,2.0,2.0,0.0,834.59,0.7668087241380153,0.0719203430526029,0,均衡区
3683,108.8133435260505,34.29027496465187,108.81221739992438,108.81446965217664,34.28914883852574,34.291401090777995,51.26,0.0,0.0,0.0,4.0,1.0,3.0,0.0,0.7210820043284093,0.071918448451394,0,均衡区
8355,108.89217235487918,34.20243712681392,108.89104622875304,108.8932984810053,34.201311000687795,34.20356325294005,964.36,1.0,2.0,1.0,1.0,1.0,1.0,330.92,0.8656618452229443,0.0719042479523667,0,均衡区
2281,109.02730749001404,34.31504973942667,109.02618136388791,109.02843361614018,34.313923613300545,34.3161758655528,710.94,1.0,2.0,1.0,2.0,0.0,1.0,156.94,0.7836459071532506,0.0718993835879687,2,低需求高供给
6456,108.80658676929376,34.24072541510226,108.80546064316763,108.80771289541988,34.23959928897613,34.241851541228385,190.8,2.0,2.0,0.0,1.0,1.0,2.0,0.0,0.6503289999273445,0.0718943456057308,0,均衡区
3950,108.79983001253702,34.28577046014736,108.79870388641088,108.80095613866314,34.28464433402123,34.286896586273485,382.9,3.0,1.0,1.0,0.0,1.0,1.0,0.0,0.6036384196241478,0.07183879929445,0,均衡区
1849,108.94397415668088,34.32180649618344,108.94284803055476,108.945100282807,34.32068037005731,34.322932622309565,1078.3,0.0,0.0,5.0,0.0,1.0,0.0,0.0,0.5621884918518816,0.071824406536851,0,均衡区
4423,108.95748767019435,34.27901370339059,108.95636154406824,108.95861379632048,34.277887577264465,34.28013982951672,1195.18,5.0,0.0,0.0,0.0,0.0,0.0,0.0,0.6402292041907772,0.0718055788879054,0,均衡区
5326,108.9687489314556,34.26324793762481,108.96762280532948,108.96987505758172,34.26212181149868,34.264374063750935,1585.42,1.0,0.0,0.0,2.0,0.0,2.0,762.37,0.8013281639423677,0.0717887721945055,0,均衡区
8018,109.0340642467708,34.21144613582294,109.03293812064469,109.03519037289692,34.210320009696815,34.21257226194907,251.41,1.0,2.0,2.0,1.0,0.0,1.0,475.39,0.7743178804988176,0.0717799887595272,0,均衡区
1371,109.00703721974382,34.33081550519246,109.0059110936177,109.00816334586996,34.32968937906633,34.331941631318585,219.36,0.0,0.0,2.0,3.0,0.0,2.0,0.0,0.6016768444859352,0.0717722240723562,1,低需求高供给
4148,108.94172190442865,34.2835182078951,108.94059577830252,108.94284803055476,34.282392081768975,34.28464433402123,1589.57,3.0,0.0,1.0,1.0,0.0,0.0,0.0,0.6041366983408485,0.0717581278649956,0,均衡区
1786,108.80208226478926,34.32180649618344,108.80095613866314,108.8032083909154,34.32068037005731,34.322932622309565,247.48,1.0,1.0,0.0,1.0,0.0,4.0,0.0,0.8382877225315326,0.0717267141086779,0,均衡区
8290,108.95298316568989,34.20468937906618,108.95185703956376,108.954109291816,34.20356325294005,34.205815505192305,1373.81,1.0,0.0,3.0,0.0,0.0,1.0,113.38,0.7934717803389383,0.0717231464763901,0,均衡区
4335,109.05883902154552,34.28126595564285,109.0577128954194,109.05996514767163,34.28013982951672,34.282392081768975,1366.27,2.0,0.0,0.0,1.0,3.0,1.0,0.0,0.7711966529715332,0.0716458712277312,1,低需求高供给
3583,108.89667685938367,34.29252721690412,108.89555073325756,108.8978029855098,34.291401090777995,34.29365334303025,936.92,2.0,3.0,1.0,1.0,0.0,0.0,0.0,0.7356712656469818,0.0716200534927773,0,均衡区
4302,108.98451469722134,34.28126595564285,108.98338857109522,108.98564082334748,34.28013982951672,34.282392081768975,1255.33,0.0,4.0,0.0,0.0,1.0,3.0,0.0,0.5767832748032063,0.0715969493672198,0,均衡区
5203,108.97550568821237,34.26550018987706,108.97437956208624,108.97663181433848,34.264374063750935,34.26662631600319,1625.75,2.0,1.0,0.0,1.0,2.0,0.0,914.53,0.932976896950208,0.0715947850816247,0,均衡区
7581,109.03181199451856,34.22045514483196,109.03068586839242,109.03293812064469,34.219329018705835,34.22158127095809,307.89,1.0,0.0,0.0,2.0,1.0,2.0,2038.59,0.8015030967040595,0.0715770894170239,0,均衡区
4951,108.9777579404646,34.27000469438157,108.97663181433848,108.97888406659072,34.268878568255445,34.2711308205077,654.07,3.0,2.0,0.0,1.0,0.0,0.0,1206.35,0.839016944070428,0.0715552457892322,0,均衡区
2149,109.0295597422663,34.31730199167893,109.02843361614018,109.03068586839242,34.3161758655528,34.318428117805055,818.97,1.0,2.0,1.0,0.0,2.0,0.0,2828.19,0.8778750269993263,0.0715072878498314,1,低需求高供给
8110,109.00478496749156,34.20919388357069,109.00365884136544,109.0059110936177,34.20806775744456,34.210320009696815,641.15,3.0,0.0,1.0,2.0,0.0,0.0,0.0,0.6714683378277418,0.0714094618292108,0,均衡区
5765,108.84712730983422,34.25423892861579,108.8460011837081,108.84825343596034,34.25311280248966,34.255365054741915,497.17,5.0,0.0,0.0,0.0,0.0,0.0,868.78,0.8575207406843108,0.0713984071528759,0,均衡区
1495,109.00703721974382,34.3285632529402,109.0059110936177,109.00816334586996,34.327437126814075,34.32968937906633,319.45,1.0,1.0,1.0,1.0,0.0,2.0,1383.15,0.802427222558362,0.0713930870213479,0,均衡区
8561,108.9732534359601,34.19793262230941,108.97212730983398,108.97437956208624,34.196806496183285,34.19905874843554,870.31,1.0,0.0,2.0,2.0,0.0,0.0,1621.11,0.7141456921459374,0.0713841300761697,0,均衡区
1477,108.96649667920336,34.3285632529402,108.96537055307724,108.96762280532948,34.327437126814075,34.32968937906633,707.3,3.0,0.0,0.0,1.0,1.0,0.0,2246.73,0.8155265309790749,0.0713449505840653,0,均衡区
8165,108.89667685938367,34.20694163131843,108.89555073325756,108.8978029855098,34.205815505192305,34.20806775744456,799.67,1.0,1.0,1.0,1.0,0.0,1.0,2137.18,0.9326548493851416,0.071221207660503,0,均衡区
6830,108.87190208460896,34.23396865834549,108.87077595848282,108.87302821073509,34.232842532219365,34.23509478447162,1279.5,1.0,0.0,1.0,1.0,2.0,1.0,880.06,0.8250515748994325,0.0712027024408596,1,低需求高供给
2244,108.94397415668088,34.31504973942667,108.94284803055476,108.945100282807,34.313923613300545,34.3161758655528,1061.84,0.0,0.0,2.0,2.0,2.0,1.0,0.0,0.7242706165970353,0.0711807475842343,1,低需求高供给
743,108.92820839091516,34.34207676645373,108.92708226478902,108.92933451704128,34.340950640327605,34.34320289257986,910.06,2.0,0.0,0.0,4.0,0.0,0.0,326.89,0.8149228175551922,0.0711771692229898,0,均衡区
4952,108.98001019271685,34.27000469438157,108.97888406659072,108.98113631884296,34.268878568255445,34.2711308205077,734.87,3.0,1.0,0.0,1.0,1.0,0.0,1161.14,0.8729675979236012,0.0711178131852222,1,低需求高供给
2937,108.98451469722134,34.3037884781654,108.98338857109522,108.98564082334748,34.30266235203927,34.304914604291525,1339.99,2.0,0.0,2.0,0.0,0.0,0.0,1605.61,0.8395011608949957,0.0711150426973212,0,均衡区
6430,109.00928947199608,34.24297766735451,109.00816334586996,109.0104155981222,34.241851541228385,34.24410379348064,1260.46,3.0,0.0,1.0,0.0,0.0,0.0,1600.6,0.8742767206897021,0.0710972765709578,0,均衡区
3921,109.04082100352754,34.28802271239961,109.03969487740142,109.04194712965366,34.286896586273485,34.28914883852574,481.01,2.0,2.0,0.0,0.0,4.0,0.0,1845.51,0.7001151125820778,0.0710954241905196,0,均衡区
430,108.9169471296539,34.3488335232105,108.91582100352778,108.91807325578004,34.34770739708437,34.349959649336625,1282.5,1.0,1.0,1.0,0.0,4.0,1.0,0.0,0.5877896451419498,0.0709906985222259,0,均衡区
7517,108.88766785037468,34.22045514483196,108.88654172424856,108.8887939765008,34.219329018705835,34.22158127095809,1246.02,0.0,1.0,1.0,2.0,0.0,2.0,295.98,0.8227149039989804,0.0709076663201448,0,均衡区
8308,108.99352370623032,34.20468937906618,108.9923975801042,108.99464983235646,34.20356325294005,34.205815505192305,1050.7,1.0,0.0,1.0,2.0,4.0,0.0,0.0,0.7303478624762499,0.0707663533739054,0,均衡区
6759,108.97100118370786,34.23622091059775,108.96987505758172,108.97212730983398,34.23509478447162,34.237347036723875,1207.26,2.0,0.0,0.0,1.0,0.0,1.0,2279.55,0.8827350466719878,0.0706633009563901,0,均衡区
5936,108.95973992244662,34.25198667636353,108.95861379632048,108.96086604857274,34.250860550237405,34.25311280248966,1909.45,3.0,0.0,0.0,0.0,0.0,0.0,2410.33,0.7615555512502155,0.0706442692062553,1,低需求高供给
5409,108.87640658911344,34.26099568537255,108.87528046298732,108.87753271523955,34.259869559246425,34.26212181149868,1368.21,1.0,0.0,2.0,0.0,1.0,0.0,2504.95,0.9906312813032904,0.0705583902488405,1,低需求高供给
1052,108.83586604857298,34.33532000969697,108.83473992244686,108.8369921746991,34.33419388357084,34.336446135823095,285.02,0.0,0.0,0.0,4.0,4.0,1.0,288.73,0.917581953149197,0.0705460248424534,0,均衡区
2935,108.98001019271685,34.3037884781654,108.97888406659072,108.98113631884296,34.30266235203927,34.304914604291525,1071.72,2.0,1.0,0.0,0.0,3.0,1.0,751.26,0.7636913436846582,0.0704250982191704,3,低需求高供给
7565,108.99577595848258,34.22045514483196,108.99464983235646,108.9969020846087,34.219329018705835,34.22158127095809,904.07,1.0,1.0,1.0,2.0,2.0,0.0,640.89,0.8548152583210407,0.0704225770045558,1,低需求高供给
7493,108.83361379632072,34.22045514483196,108.8324876701946,108.83473992244686,34.219329018705835,34.22158127095809,935.16,0.0,2.0,2.0,2.0,2.0,0.0,0.0,0.5653762719462515,0.0704190183173068,0,均衡区
8429,108.86289307559996,34.20018487456167,108.86176694947385,108.86401920172608,34.19905874843554,34.201311000687795,1060.51,1.0,3.0,1.0,1.0,2.0,0.0,0.0,0.745139510446755,0.0703969934744429,0,均衡区
7766,108.95073091343762,34.21595064032745,108.9496047873115,108.95185703956376,34.214824514201325,34.21707676645358,610.97,1.0,0.0,2.0,0.0,4.0,1.0,0.0,0.6934794986847395,0.0703341961840137,1,低需求高供给
2411,109.02055073325732,34.31279748717442,109.0194246071312,109.02167685938343,34.31167136104829,34.313923613300545,980.04,0.0,0.0,1.0,0.0,0.0,3.0,2731.19,0.8334344167609353,0.0703107687973487,0,均衡区
3685,108.817848030555,34.29027496465187,108.81672190442887,108.81897415668112,34.28914883852574,34.291401090777995,952.85,0.0,4.0,2.0,0.0,3.0,0.0,0.0,0.691820591154974,0.0702161066917229,1,低需求高供给
4264,108.89892911163592,34.28126595564285,108.8978029855098,108.90005523776205,34.28013982951672,34.282392081768975,1561.83,0.0,2.0,0.0,2.0,1.0,1.0,1570.31,0.7121675450618379,0.0702088477335635,0,均衡区
6713,108.86739758010444,34.23622091059775,108.86627145397831,108.86852370623058,34.23509478447162,34.237347036723875,1088.36,0.0,0.0,1.0,5.0,0.0,0.0,539.66,0.7474276094457482,0.0701288483540696,0,均衡区
6872,108.96649667920336,34.23396865834549,108.96537055307724,108.96762280532948,34.232842532219365,34.23509478447162,1530.24,2.0,0.0,0.0,1.0,0.0,1.0,1646.72,0.9003496354417946,0.0701054009707699,0,均衡区
6852,108.9214516341584,34.23396865834549,108.92032550803228,108.92257776028453,34.232842532219365,34.23509478447162,2159.23,0.0,0.0,0.0,1.0,0.0,3.0,1066.28,0.977111289428324,0.0700870788444689,0,均衡区
3460,108.92820839091516,34.29477946915638,108.92708226478902,108.92933451704128,34.29365334303025,34.295905595282505,1164.98,0.0,1.0,2.0,1.0,2.0,0.0,1791.7,0.728429585841765,0.0700606273586036,0,均衡区
7204,108.94397415668088,34.22721190158873,108.94284803055476,108.945100282807,34.2260857754626,34.228338027714855,1446.28,1.0,2.0,1.0,1.0,1.0,0.0,907.74,0.8764010755116183,0.0700326755997932,0,均衡区
7785,108.99352370623032,34.21595064032745,108.9923975801042,108.99464983235646,34.214824514201325,34.21707676645358,963.69,1.0,4.0,1.0,1.0,0.0,0.0,643.0,0.7729206092056015,0.0700264548674407,0,均衡区
7056,108.86739758010444,34.22946415384098,108.86627145397831,108.86852370623058,34.228338027714855,34.23059027996711,996.94,1.0,1.0,2.0,1.0,1.0,0.0,845.25,0.7603972938572617,0.069964224725228,0,均衡区
