id,name,address,district,city,type,lng_gcj,lat_gcj,lng,lat,tel,keyword,api
B0FFIH821V,黑豆腊汁肉夹馍,[],长安区,西安市,餐饮服务;中餐厅;中餐厅,108.810771,34.218961,108.8060867,34.2204704,13379054970,肉夹馍,around
B0LU14ESKN,舍得面馆肉夹馍,斗门镇八一村田家寨菜鸟驿站斜对面,长安区,西安市,餐饮服务;中餐厅;中餐厅,108.812359,34.21883,108.8076771,34.2203421,15229367652,肉夹馍,around
B0LA5RTNOR,申记酿皮(云汇谷店),天谷八路云汇谷下沉广场西南角,雁塔区,西安市,餐饮服务;餐饮相关场所;餐饮相关,108.834075,34.205375,108.8294303,34.2069316,17794248682,肉夹馍,around
B0KR2SA53F,王二肉夹馍(软件新城店),天谷九路软件新城A7南侧,雁塔区,西安市,餐饮服务;快餐厅;快餐厅,108.834964,34.205205,108.8303208,34.2067634,,肉夹馍,text
B0I3JR8ONT,袁记肉夹馍(软件新城云汇谷店),高新区天谷八路156号云汇谷C2楼一层西103-3号商铺,雁塔区,西安市,餐饮服务;中餐厅;中餐厅,108.834789,34.2069,108.8301454,34.2084575,13709297918,肉夹馍,text
B0FFGO1KCP,潼关肉夹馍(锦业路店),锦业路88号满堂悦小区西门,雁塔区,西安市,餐饮服务;中餐厅;中餐厅,108.843085,34.192358,108.8384566,34.1939359,15291982195,肉夹馍,text
B0LULR8NVV,飞鸿肉夹馍(云水天境餐厅),鱼斗路288号云水天境东门往北第三家,雁塔区,西安市,餐饮服务;餐饮相关场所;餐饮相关,108.832307,34.218403,108.8276582,34.2199518,,肉夹馍,text
B0JBORWL5E,雷彤腊汁肉夹馍(西安高新漳浒寨雷家寨小区店),西安高新漳浒寨雷家寨小区西2门东北60米,雁塔区,西安市,餐饮服务;中餐厅;中餐厅,108.837019,34.219118,108.8323782,34.2206754,,肉夹馍,text
B0KDHAKT00,阳阳肉夹馍(铺尚新村花园店),科技八路辅路与化龙三路交叉口南180米,雁塔区,西安市,餐饮服务;中餐厅;中餐厅,108.850807,34.202287,108.8461901,34.2038754,13227777667,肉夹馍,text
B0FFIPUHP4,秋记老潼关肉夹馍(雁环北路店),双期寨十字南厕第2间门面房,雁塔区,西安市,餐饮服务;中餐厅;中餐厅,108.821439,34.235433,108.8167704,34.2369553,15091591374,肉夹馍,text
B0J1DZX5KN,老潼关肉夹馍(丈八西社区店),丈八六路丈八西村8排3号,雁塔区,西安市,餐饮服务;中餐厅;中餐厅,108.856218,34.195355,108.8516097,34.1969551,19191707501,肉夹馍,text
B0FFGYZTGW,老韩家腊牛肉夹馍肉丸糊辣汤(丈八新村店),雁塔区高新区丈八北村5号楼2单元,雁塔区,西安市,餐饮服务;中餐厅;中餐厅,108.856141,34.196811,108.8515325,34.1984104,17719538870,肉夹馍,text
B0KUDN9GW8,多多夹馍(丈八西社区店),丈八西社区东北2门旁(丈八六路地铁站D口步行300米),雁塔区,西安市,餐饮服务;中餐厅;中餐厅,108.856375,34.196625,108.8517669,34.1982249,,肉夹馍,text
B0FFH3T198,方记腊汁肉夹馍,锦业76北门旁(丈八六路地铁站C口步行230米),雁塔区,西安市,餐饮服务;中餐厅;中餐厅,108.858279,34.193487,108.8536738,34.1950911,15991777734,肉夹馍,text
B0IU3CGZ26,关潼村肉夹馍(高新逸品店),丈八六路6号高新逸品,雁塔区,西安市,餐饮服务;中餐厅;中餐厅,108.856545,34.202306,108.8519367,34.2039042,029-81148986,肉夹馍,text
B0G3O1B30T,老潼关肉夹馍(南飞鸿天锦店),丈八街办英发新苑7号楼5号铺,雁塔区,西安市,餐饮服务;中餐厅;中餐厅,108.848023,34.226833,108.8433998,34.2284078,,肉夹馍,text
B0LUJZAL80,陕腔秦味腊汁肉夹馍,丈八街办丈八五路41号10幢3单元商业30107号商铺,雁塔区,西安市,餐饮服务;中餐厅;中餐厅,108.864575,34.195784,108.8599778,34.1973971,,肉夹馍,text
B0GRTZE4CV,合乐里肉丸糊辣汤·牛羊肉泡馍,丈八西路11号丈八家园,雁塔区,西安市,餐饮服务;中餐厅;中餐厅,108.866561,34.198706,108.8619659,34.2003211,13097655678,肉夹馍,text
B0FFHIGMKM,鸿天腊汁肉夹馍(绿地鸿海店),科技西路2528号绿地鸿海F1层,雁塔区,西安市,餐饮服务;餐饮相关场所;餐饮相关,108.840525,34.238602,108.8358886,34.2401588,13363911083;18161893655,肉夹馍,text
B0JR1AU0MT,杜家热米皮(罗马·景福城店),丈八西路与丈八四路交叉口西120米,雁塔区,西安市,餐饮服务;快餐厅;快餐厅,108.868039,34.198671,108.8634456,34.2002882,18729276206,肉夹馍,text
B0IAD5X2I6,宋益驴蹄子面·肉夹馍(罗马景福城店),瞪羚路1008号,雁塔区,西安市,餐饮服务;中餐厅;中餐厅,108.867871,34.201289,108.8632772,34.202905,13891488520,肉夹馍,text
B0FFILE6QZ,陕记老潼关肉夹馍(复地优尚国际店),复地优尚国际二期西门旁,雁塔区,西安市,餐饮服务;快餐厅;快餐厅,108.852195,34.229346,108.8475781,34.2309273,029-84263266;17792883395,肉夹馍,text
B0K3YS6LAU,老秦味米皮肉夹馍,嘉世公寓a区47栋一单元底层商铺,雁塔区,西安市,餐饮服务;中餐厅;中餐厅,108.869726,34.194725,108.8651347,34.1963458,029-68790309,肉夹馍,text
B0JRT73XD1,金潼肉夹馍(丈八四路地铁A口绿地世纪城A区店),西安市高新区丈八四路地铁口A口绿地世纪城西门10103号,雁塔区,西安市,餐饮服务;快餐厅;快餐厅,108.869793,34.194459,108.8652018,34.19608,13088988119,肉夹馍,text
B0LKZUFGG5,陕焰·肉夹馍(星光耀店),罗马·景福城东门B1011号,雁塔区,西安市,餐饮服务;中餐厅;中餐厅,108.868866,34.199862,108.8642734,34.2014799,,肉夹馍,text
B0MULZRHK9,子午路张记肉夹馍(小烟庄店),1150号汇智小烟庄南区一层N1-114、115号商铺,雁塔区,西安市,餐饮服务;中餐厅;中餐厅,108.861746,34.219632,108.8571433,34.2212326,19991849161,肉夹馍,text
B0KGJC5SPW,约多多老潼关肉夹馍(鱼化寨店),科技西路4-1-108室靠近鱼化寨(地铁站),雁塔区,西安市,餐饮服务;中餐厅;中餐厅,108.84711,34.238602,108.8424844,34.2401708,13519104879;17602939344,肉夹馍,text
B0HDHHFPH2,王记腊汁肉夹馍(粤汉国际店),锦业路38号粤汉国际B座F2层,雁塔区,西安市,餐饮服务;中餐厅;中餐厅,108.873524,34.192411,108.8689366,34.1940375,15129008131,肉夹馍,text
B0L2VC8UMF,超享乐剁椒面(西咸吾悦广场店),沣东新城沣明路西咸吾悦广场B1层,未央区,西安市,餐饮服务;餐饮相关场所;餐饮相关,108.82234,34.253215,108.8176714,34.2547321,17795802110,肉夹馍,text
B0FFFA93MV,高家腊汁肉(王寺店),王寺南街与中一巷交叉口北60米,长安区,西安市,餐饮服务;中餐厅;中餐厅,108.802316,34.258856,108.7976164,34.2603367,18302960322,肉夹馍,text
B0FFIY4GJN,壹禾蒸饺(旗远·锦樾店),锦业路旗远锦樾3号楼北侧商铺,雁塔区,西安市,餐饮服务;中餐厅;中餐厅,108.874463,34.192556,108.8698764,34.1941836,15229733953,肉夹馍,text
B0KR65XGGD,东关肉夹馍旗远锦樾店,锦业一路与丈八三路十字西北角,雁塔区,西安市,餐饮服务;中餐厅;中餐厅,108.875068,34.191661,108.870482,34.1932897,029-81884543;13689295092,肉夹馍,text
B0LDAZFATB,秦关腊汁肉夹馍,丈八三路西旗远锦樾旺街3-20101-1,雁塔区,西安市,餐饮服务;餐饮相关场所;餐饮相关,108.875165,34.192982,108.870579,34.1946103,,肉夹馍,text
B0M6FL06DR,臻潼关肉夹馍(吾悦广场店),四号路25号西安西咸吾悦广场F1层,未央区,西安市,餐饮服务;中餐厅;中餐厅,108.822652,34.254499,108.8179838,34.2560162,13002975321,肉夹馍,text
B0KUNUTSPZ,武小勇红油米线(西咸吾悦广场店),沣东新城吾悦广场悦天地步行街4号20146,未央区,西安市,餐饮服务;快餐厅;快餐厅,108.822968,34.254474,108.8183004,34.2559918,18191459752,肉夹馍,text
B0K1TAV3CL,马彩霞陕北羊杂碎(绿城·春风心语·春风苑店),春风新语商铺5-10102,雁塔区,西安市,餐饮服务;中餐厅;中餐厅,108.868023,34.220308,108.8634278,34.2219176,15332586131,肉夹馍,text
B0I235XE9J,赵天琦米线公司(绿地中心店),丈八二路绿地中心B北裙楼一楼10128-1赵天琦米线公司,雁塔区,西安市,餐饮服务;快餐厅;快餐厅,108.879063,34.195049,108.8744798,34.1966811,17795715858,肉夹馍,text
B0K15DZDUF,超享乐剁椒面(锦业路益田店),锦业路7号益田假日里B1层26号,雁塔区,西安市,餐饮服务;中餐厅;中餐厅,108.881775,34.194875,108.8771936,34.1965099,17791892722,肉夹馍,text
B0K2PUC4J7,子午路张记肉夹馍,华洲城熙悦都21-3-103,雁塔区,西安市,餐饮服务;快餐厅;快餐厅,108.848242,34.248258,108.8436174,34.2498252,029-81333360;18191971559,肉夹馍,text
B0LRSU3N4J,沐雪食光,丈八沟街道锦业路7号益田假日里后街一楼东侧楼梯口,雁塔区,西安市,餐饮服务;快餐厅;快餐厅,108.882408,34.194689,108.877827,34.1963246,18182423650,肉夹馍,text
B0FFHF8JIO,邢老三肉丸糊辣汤(丈八北路店),丈八北路89号龙城铭园东门3号楼1层,雁塔区,西安市,餐饮服务;中餐厅;中餐厅,108.872543,34.223329,108.8679522,34.2249436,029-88855373;17391898265,肉夹馍,text
B0MA9UB6HN,陕焰肉夹馍(丈八北路店),丈八北路226号,雁塔区,西安市,餐饮服务;中餐厅;中餐厅,108.87257,34.223477,108.8679792,34.2250915,,肉夹馍,text
B0M6AZYQL9,袁记肉夹馍(大寨路店),铭城国际社区西区南门西90米,雁塔区,西安市,餐饮服务;中餐厅;中餐厅,108.855501,34.245458,108.8508877,34.2470389,,肉夹馍,text
B0L2SH5IQA,马彩霞陕北羊杂碎(荣民捌号店),丈八北路291号荣民捌号50104商铺,雁塔区,西安市,餐饮服务;餐饮相关场所;餐饮相关,108.873275,34.227538,108.8686846,34.229152,15332586131,肉夹馍,text
B0KGO7J5DW,云蒙缘蒙自小黄牛米线,鱼化寨街道鱼斗路外事学院南校区北门第4间商铺,雁塔区,西安市,餐饮服务;中餐厅;中餐厅,108.871038,34.233517,108.8664449,34.2351259,18161819272,肉夹馍,text
B0FFIWVO5U,王菊美食街·王菊面馆(总店),雁塔区高新区东辛庄社区27排1-102号,雁塔区,西安市,餐饮服务;中餐厅;中餐厅,108.877359,34.233805,108.8727715,34.2354215,13709187994;17719550362,肉夹馍,text
B0K6M5ERXX,小超秦镇米皮黄焖鸡肉夹馍(保利天悦店),[],雁塔区,西安市,餐饮服务;中餐厅;中餐厅,108.867693,34.214118,108.863098,34.2157293,,肉夹馍,text
B0FFL7H7IV,老潼关肉夹馍(王寺南街店),[],长安区,西安市,餐饮服务;快餐厅;快餐厅,108.801802,34.257655,108.7971019,34.2591353,13571349177;13720768603,肉夹馍,text
B0FFFHJ0H2,飞鸿肉夹馍(橡树街区店),高新区丈八街办沣惠南路36号橡树街区C座10105商铺,雁塔区,西安市,餐饮服务;中餐厅;中餐厅,108.886175,34.211225,108.8815944,34.2128582,029-85916376,肉夹馍,text
B0MGKRKRB0,兀家面馆(龙城铭园店),丈八北路以科技一路交叉口龙城铭园二期118号,雁塔区,西安市,餐饮服务;餐饮相关场所;餐饮相关,108.872434,34.228176,108.8678427,34.2297887,15829200515,肉夹馍,text
B0L0RH53NL,大毛老潼关肉夹馍(卓越坊店),卓越坊东1门旁,雁塔区,西安市,餐饮服务;中餐厅;中餐厅,108.834075,34.242375,108.8294273,34.2439183,,肉夹馍,text
B0FFH5KUZD,永盛和腊牛肉夹馍肉丸胡辣汤(王寺店),和平丽苑西6门旁,未央区,西安市,餐饮服务;中餐厅;中餐厅,108.825603,34.257575,108.8209396,34.2590964,18192546359,肉夹馍,text
B0HROCKROB,长丘肉夹馍粉蒸肉,王寺东街129号,长安区,西安市,餐饮服务;中餐厅;中餐厅,108.809727,34.259722,108.8050378,34.2612142,13649245254,肉夹馍,text
B001D0VTCF,晓辉擀面皮(城市风景·夏日景色1区店),雁塔区高新区科技三路西口城市风景夏日景色16-10103号商铺,雁塔区,西安市,餐饮服务;中餐厅;中餐厅,108.873823,34.222841,108.8692334,34.2244573,15339046035;15398009353,肉夹馍,text
B001D074CB,邢老三肉丸糊辣汤腊牛肉夹馍总店,劳动西路总店,莲湖区,西安市,餐饮服务;中餐厅;中餐厅,108.908554,34.265952,108.9039655,34.2675729,029-81325884,肉夹馍,text
B0JUFHQ94S,土豆片夹馍西安丈八四路店,西安天安人寿中心,雁塔区,西安市,餐饮服务;中餐厅;中餐厅,108.879054,34.194711,108.8744709,34.1963432,15226126997,肉夹馍,text
B0FFK50GCR,西安饭庄·非遗(朱雀路店),朱雀大街青松路46号融尚第十区1-3楼,雁塔区,西安市,餐饮服务;中餐厅;中餐厅,108.938495,34.211462,108.9338646,34.2130804,029-83692061;029-83692062,肉夹馍,text
B0FFJJ05U9,左左香老潼关肉夹馍(雁塔区华洲城熙悦都店),华洲城熙悦都东门26幢1单元10101号,雁塔区,西安市,餐饮服务;中餐厅;中餐厅,108.848525,34.248025,108.8439009,34.2495928,,肉夹馍,text
B001D0WJDU,法门寺擀面皮,汉城南路23号,莲湖区,西安市,餐饮服务;中餐厅;中餐厅,108.872249,34.267506,108.8676544,34.2691032,13891950517,肉夹馍,text
B0LAK6DIJM,老秦人肉夹馍,沣东大道与天台路交叉口东100米,未央区,西安市,餐饮服务;快餐厅;快餐厅,108.826675,34.259275,108.8220133,34.2607978,13299097573,肉夹馍,text
B0L23C56OP,子午路张记肉夹馍(西安DT51店),高新区唐延路69号D区B1层B1027号,雁塔区,西安市,餐饮服务;中餐厅;中餐厅,108.891169,34.202787,108.8865905,34.2044268,,肉夹馍,text
B0KDP96CL4,三桥老街米线肉夹馍,西贤庄西南侧80米,未央区,西安市,餐饮服务;中餐厅;中餐厅,108.833479,34.284447,108.8288269,34.2859722,18092723949,肉夹馍,text
B0H2YSYJ24,翔子米皮,边东街16号东泰·城市之光南区东门,碑林区,西安市,餐饮服务;中餐厅;中餐厅,108.929184,34.242935,108.9245707,34.2445533,13359249206;18629308923,肉夹馍,text
B0FFGY55W3,子午路张记肉夹馍(子午路总店),子午路十字东南角东方大酒店正对面,雁塔区,西安市,餐饮服务;中餐厅;中餐厅,108.93943,34.222445,108.9347965,34.2240582,029-85391737;13309264105,肉夹馍,text
B0FFG51NKD,飞鸿肉夹馍(枫林绿洲店),领先时代广场(木塔寺地铁站D口步行260米),雁塔区,西安市,餐饮服务;中餐厅;中餐厅,108.893147,34.214767,108.8885677,34.2164038,,肉夹馍,text
B0LARM6FVO,子午路张记肉夹馍(大都荟店),科技路新西兰1期(延平门地铁站C2东南口步行300米),雁塔区,西安市,餐饮服务;餐饮相关场所;餐饮相关,108.891336,34.237296,108.8867547,34.2389235,17309259361,肉夹馍,text
B0FFKQZSAW,飞鸿肉夹馍(科技三路万科金域店),高新区科技三路万科金域国际1楼,雁塔区,西安市,餐饮服务;中餐厅;中餐厅,108.894273,34.220499,108.8896933,34.2221343,,肉夹馍,text
B0FFG1EEOQ,红油米线(南小巷),西关南小巷32号2幢1单元,莲湖区,西安市,餐饮服务;快餐厅;快餐厅,108.916923,34.256687,108.9123272,34.2583092,15802947138,肉夹馍,text
B0MBFR8EH1,子午路张记肉夹馍(咖啡街区店),高新区丈八街道高新一路13号,雁塔区,西安市,餐饮服务;餐饮相关场所;餐饮相关,108.904937,34.236046,108.9003532,34.2376786,13389189225,肉夹馍,text
B0L0MN7XDA,刘老大腊汁肉夹馍,雁环北路与科技西路交叉口西南20米,雁塔区,西安市,餐饮服务;中餐厅;中餐厅,108.821064,34.23598,108.8163947,34.2375014,,肉夹馍,text
B0KUA70KIX,子午路张记肉夹馍(科创路店),通泰酒店一层2号铺,雁塔区,西安市,餐饮服务;餐饮相关场所;餐饮相关,108.909598,34.224302,108.9050121,34.2259388,18629670511,肉夹馍,text
B0K66DQKAM,奔跑吧陕菜(小寨众汇店),"小寨东路196号西安国际贸易中心众汇食代广场小寨国贸店二层L2-2,L2-3号商铺",雁塔区,西安市,餐饮服务;中餐厅;中餐厅,108.947457,34.222331,108.9428027,34.2239311,18602992803,肉夹馍,text
B0K1X541X7,飞鸿肉夹馍(高新芳华店),科技一路28号高新芳华一层底商,雁塔区,西安市,餐饮服务;中餐厅;中餐厅,108.883554,34.227596,108.8789709,34.2292211,,肉夹馍,text
B0K1TL07YZ,香辣土豆片夹馍(粤汉国际B座店),锦业路38号粤汉国际B座F1层,雁塔区,西安市,餐饮服务;餐饮相关场所;餐饮相关,108.873685,34.192494,108.8690977,34.1941207,,肉夹馍,text
B0JR25B23Q,子午路张记肉夹馍(高新旺座现代城店),庄严巷与高新路交叉口西北160米,雁塔区,西安市,餐饮服务;快餐厅;快餐厅,108.89172,34.21502,108.8871406,34.2166559,18092901552,肉夹馍,text
B0JKTM3XC5,东关吉祥腊汁肉夹馍(吉祥路总店),吉祥路21号1幢1层10104号,雁塔区,西安市,餐饮服务;中餐厅;中餐厅,108.929737,34.223083,108.9251242,34.2247081,18161866233,肉夹馍,text
B0FFI5OLBV,赵记·笼笼肉夹馍(唐延路店),科技路209号(科技路与唐延路十字口东北角),雁塔区,西安市,餐饮服务;快餐厅;快餐厅,108.890074,34.237537,108.8854925,34.2391636,,肉夹馍,text
B0FFHUN81T,老潼关肉夹馍(都市之门店),锦业路1号都市之门C座F1层,雁塔区,西安市,餐饮服务;中餐厅;中餐厅,108.887504,34.196821,108.882925,34.1984602,15829091320,肉夹馍,text
B001D07BBR,子午路张记肉夹馍(翠华路店),翠花南路229号挚友大厦一楼,雁塔区,西安市,餐饮服务;中餐厅;中餐厅,108.956743,34.220391,108.952061,34.2219736,18710998717,肉夹馍,text
B0MBMM75DS,薛记腊汁肉夹馍(高新四路店),高新四路8号新西蓝2期,雁塔区,西安市,餐饮服务;快餐厅;快餐厅,108.895987,34.23739,108.8914059,34.2390199,,肉夹馍,text
B0LGUD9LRW,老杨腊汁肉夹馍,阿房大厦底商105号,未央区,西安市,餐饮服务;餐饮相关场所;餐饮相关,108.853503,34.27176,108.8488846,34.273327,18066717628,肉夹馍,text
B0LDHRQF7Z,陕焰·肉夹馍(太白南路店),太白南路263号新一代国际公寓F1层,雁塔区,西安市,餐饮服务;中餐厅;中餐厅,108.917886,34.224699,108.9132916,34.2263328,18165285161,肉夹馍,text
B0L11XNTJ4,袁记肉夹馍(西城睦邻荟店),大庆路27号,莲湖区,西安市,餐饮服务;中餐厅;中餐厅,108.861795,34.269218,108.8571884,34.2707997,15829924782,肉夹馍,text
B0KRCLDOMO,捌亩沟大碗面,华洲城云顶南门向东50米,雁塔区,西安市,餐饮服务;中餐厅;中餐厅,108.846878,34.241756,108.8422518,34.2433232,,肉夹馍,text
B0KKYSE569,老潼关肉夹馍(高新店),铂悦北1门旁(丈八北路地铁站D口旁),雁塔区,西安市,餐饮服务;快餐厅;快餐厅,108.874156,34.237027,108.8695656,34.2386385,18629204679,肉夹馍,text
B0FFLG4E6Z,唐人里·陕菜(省体育场店),南二环西段21号华融国际大厦B座一层,碑林区,西安市,餐饮服务;中餐厅;西北菜,108.938025,34.230459,108.9333942,34.2320713,15829302599,肉夹馍,text
B001D08BJN,李老三腊牛肉夹馍(边家村店),太白北路188号边家村十字西南角(物探大厦对面),碑林区,西安市,餐饮服务;中餐厅;清真菜馆,108.923207,34.239972,108.918604,34.2415968,13991383333;17391854284,肉夹馍,text
B0MUMUW96L,香辣土豆片夹馍(丈八一路店),丈八一路2号绿地soho同盟B座,雁塔区,西安市,餐饮服务;中餐厅;中餐厅,108.884025,34.197125,108.8794446,34.1987612,,肉夹馍,text
B0MG7DHBDM,刘记凉皮肉夹馍,科技路239号,雁塔区,西安市,餐饮服务;中餐厅;中餐厅,108.881953,34.241431,108.877368,34.2430495,18928888868,肉夹馍,text
B0LUJLAO0R,武立辉腊汁肉夹馍,探花路与慈恩西路交叉口西40米,雁塔区,西安市,餐饮服务;快餐厅;快餐厅,108.960641,34.209212,108.9559472,34.2107899,13152157950,肉夹馍,text
B0LRVMJM39,薛双明凉皮·肉夹馍(汉城南路店),汉城南路宏府鹍翔九区商铺D1,莲湖区,西安市,餐饮服务;中餐厅;中餐厅,108.870129,34.256964,108.8655331,34.2585627,13325466354,肉夹馍,text
B0LDT57Q5G,爱骅裤带面馆(钟楼店),南大街51号文物大厦一层(钟楼地铁站J口步行360米),碑林区,西安市,餐饮服务;中餐厅;中餐厅,108.947266,34.257102,108.9426095,34.2586893,19591594763,肉夹馍,text
B0LD4DGHSW,秦和食品陕西特产批发部(瑞丰店),丰庆路瑞丰食品批发城3楼3039,莲湖区,西安市,购物服务;购物相关场所;购物相关场所,108.922652,34.25128,108.918049,34.2529009,18109272108,肉夹馍,text
B0KKP76I5M,子午路张记肉夹馍,枣园街道群贤路280号西桃园社区商业H3底商一层H3-1-09B,莲湖区,西安市,餐饮服务;餐饮相关场所;餐饮相关,108.895131,34.245261,108.8905493,34.2468876,029-84229521,肉夹馍,text
B0K6XDYDP1,胡老大米皮(长丰园店),长丰园二期17号楼102商铺,雁塔区,西安市,餐饮服务;餐饮相关场所;餐饮相关,108.941028,34.190464,108.9363932,34.1920858,18792723033,肉夹馍,text
B0K3HL4YLL,芳香热米皮肉夹馍,沣东大道与王寺南街交叉口东南40米,长安区,西安市,餐饮服务;中餐厅;中餐厅,108.803275,34.259294,108.7985767,34.260776,,肉夹馍,text
B0H06ACZ3O,秦小吾脆皮肉夹馍.米线(金桥国际店),西咸新区沣东新城三桥街道办事处三桥街社区金桥国际一层南侧间第一,未央区,西安市,餐饮服务;中餐厅;中餐厅,108.8314,34.288981,108.8267439,34.2905003,15591838218;15891719540,肉夹馍,text
B0FFHN6KWK,飞鸿肉夹馍(西桃园店),二环南路西段与丰登南路交汇处向东100米路北西桃园世纪大厦1层,莲湖区,西安市,餐饮服务;中餐厅;中餐厅,108.896361,34.245763,108.8917792,34.2473899,18792462390,肉夹馍,text
B0FFG7KAEP,飞鸿肉夹馍(电子正街店),唐园小区西门南70米(安化门地铁站A口步行260米),雁塔区,西安市,餐饮服务;中餐厅;中餐厅,108.920043,34.199979,108.9154478,34.2016203,,肉夹馍,text
B001D09JEV,子午路张记肉夹馍(边家村店),太白路188号(边家村地铁站B口步行170米),碑林区,西安市,餐饮服务;中餐厅;中餐厅,108.923187,34.240215,108.918584,34.2418397,18092206101;18182402790,肉夹馍,text
B001D0894G,袁记·肉夹馍(西电医院店),丰登路与团结中路交叉口北140米,莲湖区,西安市,餐饮服务;中餐厅;火锅店,108.894364,34.265358,108.8897807,34.2669763,,肉夹馍,text
B0M66K8YNC,子午路张记肉夹馍(双桥国际店),电子正街12号双桥国际社区,雁塔区,西安市,餐饮服务;快餐厅;快餐厅,108.915513,34.193779,108.9109239,34.1954247,,肉夹馍,text
B0LDXUGKKM,陕焰·肉夹馍(电子六路店),融侨馨苑西区西1门南120米,雁塔区,西安市,餐饮服务;中餐厅;中餐厅,108.904948,34.201091,108.900367,34.2027361,,肉夹馍,text
B0LALLLLD0,尚家巷子酥皮菜夹馍,长安南路长延居东门电视塔E1口向南50米,雁塔区,西安市,餐饮服务;中餐厅;中餐厅,108.944988,34.196604,108.9403425,34.1982174,13891824309,肉夹馍,text
B0LA7DVYUI,陕焰肉夹馍(丈八东路店),电子城街道丈八东路39号,雁塔区,西安市,餐饮服务;餐饮相关场所;餐饮相关,108.918616,34.198617,108.9140228,34.2002596,13991101622,肉夹馍,text
B0L6RR4QGT,唐人里.陕菜(南门观景店),环城南路18号A座,碑林区,西安市,餐饮服务;中餐厅;中餐厅,108.943862,34.250146,108.9392152,34.2517419,029-83693690,肉夹馍,text
B0K0UC6Q06,子午路张记肉夹馍(小寨千玺港店),千玺港·众汇食代广场一层L1-12-1/L1-3号,雁塔区,西安市,餐饮服务;中餐厅;中餐厅,108.946216,34.225678,108.9415649,34.2272791,029-85255298,肉夹馍,text
B0JKN7JIW2,子午路张记肉夹馍(钟楼南大街店),南大街46号福康大厦一层,碑林区,西安市,餐饮服务;中餐厅;中餐厅,108.946693,34.255209,108.9420382,34.2567981,15339288170,肉夹馍,text
B0J1YAL8RT,飞鸿肉夹馍(土门医学院店),丰镐西路与创新路交叉口东180米,莲湖区,西安市,餐饮服务;中餐厅;中餐厅,108.885622,34.259166,108.8810374,34.2607809,13572003860,肉夹馍,text
B0HDYSQO2I,三桥老街肉夹馍,沣东大道与宁泰路交叉口西60米,长安区,西安市,餐饮服务;中餐厅;中餐厅,108.800606,34.25957,108.7959042,34.2610478,18629568392,肉夹馍,text
B0H2M73DEU,醉长安(永宁门店),南门里永宁里二层(书院门大牌楼旁),碑林区,西安市,餐饮服务;中餐厅;中餐厅,108.948088,34.252694,108.9434295,34.2542816,029-87365828;029-87365829,肉夹馍,text
B0G3ROCPYP,Zhaoji笼笼肉夹馍(吉祥村店),中共陕西省委党校南门西320米,雁塔区,西安市,餐饮服务;中餐厅;中餐厅,108.933242,34.223063,108.9286223,34.2246842,15091183723,肉夹馍,text
B0FFJGVB4D,飞鸿肉夹馍(桃园南路店),桃园南路与丰庆路交叉口西北40米,莲湖区,西安市,餐饮服务;中餐厅;中餐厅,108.900747,34.251822,108.8961638,34.253448,,肉夹馍,text
B0FFHTWYQU,刘嫂肉夹馍(南小巷店),丰庆路南小巷2号,莲湖区,西安市,餐饮服务;中餐厅;中餐厅,108.916231,34.251211,108.9116365,34.2528357,15529233156,肉夹馍,text
B0MUDLKLQW,酥皮菜夹馍,丈八西路91号西沙湖花园,雁塔区,西安市,餐饮服务;中餐厅;中餐厅,108.843875,34.198625,108.8392474,34.2002022,,肉夹馍,around
B0L3F168WZ,党记肉夹馍,云水一路与天谷七路交叉口西北260米,雁塔区,西安市,餐饮服务;快餐厅;快餐厅,108.835025,34.213523,108.8303813,34.2150786,,肉夹馍,around
B0GRMZYECQ,东关肉夹馍(瞪羚路店),丈八一号北门旁,雁塔区,西安市,餐饮服务;中餐厅;中餐厅,108.867036,34.201416,108.8624412,34.2030308,,肉夹馍,around
B0JKLAY61Y,子午路张记肉夹馍(国宾店),高新区丈八街办科技七路15号国宾中央区21-20106铺,雁塔区,西安市,餐饮服务;餐饮相关场所;餐饮相关,108.86991,34.20825,108.8653178,34.2098665,,肉夹馍,around
B0MDCH39JT,超享乐剁椒面(时光文化公园店),丈八北路时光文化公园绿觅尾巴屋对面,雁塔区,西安市,餐饮服务;餐饮相关场所;餐饮相关,108.910075,34.199475,108.9054907,34.2011204,19991213013,肉夹馍,text
B0FFGWTM9G,邢老三肉丸胡辣汤(唐沣国际店),沣惠南路18号唐沣国际广场F1层,雁塔区,西安市,餐饮服务;中餐厅;中餐厅,108.887022,34.2236,108.8824407,34.2252295,029-88212604;18700190338;18991121475,肉夹馍,text
B0H02ZDDSI,孙大鹏香辣土豆片夹馍(西安高新万达广场店),唐延路49号万达广场(西安高新店),雁塔区,西安市,餐饮服务;中餐厅;中餐厅,108.890925,34.208975,108.8863459,34.2106125,18567881776,肉夹馍,text
B0KA9COOMK,香辣土豆片夹馍,锦业路1号都市之门C座F1层,雁塔区,西安市,餐饮服务;餐饮相关场所;餐饮相关,108.887168,34.196974,108.8825889,34.1986129,,肉夹馍,text
B0K1LRETM8,成家山菠菜面,团结南路文兴巷中建国熙台17栋10106商铺,雁塔区,西安市,餐饮服务;餐饮相关场所;餐饮相关,108.879925,34.240675,108.8753388,34.2422917,13572815399,肉夹馍,text
B0IA34IV3P,赵记笼笼肉夹馍(泰华·金贸国际店),沣惠南路16号泰华·金贸国际B1层,雁塔区,西安市,餐饮服务;中餐厅;中餐厅,108.886925,34.224875,108.8823436,34.226504,17391909293,肉夹馍,text
B0FFHZZUZP,汉韵和热米皮肉夹馍(高新路店),望庭·国际南门旁,雁塔区,西安市,餐饮服务;餐饮相关场所;餐饮相关,108.893943,34.217248,108.8893635,34.2188843,18166668523,肉夹馍,text
B0FFH98EAM,佳合老潼关肉夹馍(西安绿地领海大厦店),绿地领海大厦底商(丈八一路地铁站C口步行100米),雁塔区,西安市,餐饮服务;快餐厅;快餐厅,108.885541,34.192944,108.8809616,34.1945829,15829778855,肉夹馍,text
B0J077GKR7,老东桥麻辣米线笼笼肉夹膜(T11BLOCK 商业街区店),唐延路11号T11商场内负一层7F129,雁塔区,西安市,餐饮服务;中餐厅;中餐厅,108.891091,34.22974,108.8865103,34.2313702,15191911868,肉夹馍,text
B0MUUCWVKX,赵记笼笼肉夹馍,山门口地铁站D口出口桔子酒店1层A-103号,雁塔区,西安市,餐饮服务;中餐厅;中餐厅,108.907148,34.198744,108.9025659,34.2003899,13379237095,肉夹馍,text
B0H0C9ZLO2,大鹏土豆片夹馍(兰岛广场店),高新区丈八街道科技六路兰岛广场4D-04号商铺,雁塔区,西安市,餐饮服务;中餐厅;中餐厅,108.901225,34.210825,108.8966449,34.2124663,13636808606;18710608299,肉夹馍,text
B0FFFRZDXP,大拇指热米皮肉夹馍,文兴巷与丈八北路交汇处,雁塔区,西安市,餐饮服务;中餐厅;中餐厅,108.872693,34.240628,108.868101,34.2422364,18192195769,肉夹馍,text
B0MD9RQ7LD,子午路张记肉夹馍(融城云谷店),科技三路57号融城云谷,雁塔区,西安市,餐饮服务;餐饮相关场所;餐饮相关,108.884525,34.222975,108.8799428,34.2246027,,肉夹馍,text
B0JRJHHMY5,平哥肉夹馍(西辛庄店),高新六路西辛庄小区33排1号,雁塔区,西安市,餐饮服务;中餐厅;中餐厅,108.876892,34.233376,108.8723042,34.2349921,13201663185,肉夹馍,text
B0LG2UEZPH,兴号腊汁肉夹馍(电子三路店),电子三路西口36号兰乔圣菲10号楼底商106号,雁塔区,西安市,餐饮服务;快餐厅;快餐厅,108.904702,34.20785,108.9001206,34.2094928,17792010511,肉夹馍,text
B0KR4DUBTW,阿喜砂锅·肉夹馍(总店),丈八北路辅路与科技路交叉口北120米,雁塔区,西安市,餐饮服务;中餐厅;中餐厅,108.872778,34.23851,108.8681862,34.2401193,,肉夹馍,text
B0LAYHXD6W,老潼关肉夹馍(雁塔店),高新区甘家寨社区东三排14号楼9单元老潼关肉夹馍,雁塔区,西安市,餐饮服务;餐饮相关场所;餐饮相关,108.901452,34.219585,108.8968711,34.2212232,17771805640,肉夹馍,text
B0LA7XXXBY,"富平米线,肉夹馍",丈八北路龙城铭园1期,雁塔区,西安市,餐饮服务;中餐厅;中餐厅,108.872388,34.223239,108.8677971,34.2248534,,肉夹馍,text
B0L0UHW7LL,陕焰·肉夹馍(电子西街店),西京3号(电子四路北50米),雁塔区,西安市,餐饮服务;中餐厅;中餐厅,108.912353,34.206374,108.9077661,34.2080165,,肉夹馍,text
B0JD1S1V4Q,老延家米皮肉夹馍(万象春天2期店),双桥三巷万象春天二期8-3-0110,雁塔区,西安市,餐饮服务;中餐厅;中餐厅,108.917121,34.191108,108.9125302,34.1927539,13772526025,肉夹馍,text
B0FFK94F8F,辣椒香土豆片夹馍(禾盛京广中心店),唐延路禾盛京广中心负一层,雁塔区,西安市,餐饮服务;中餐厅;特色/地方风味餐厅,108.892025,34.229525,108.8874444,34.2311558,,肉夹馍,text
B0FFIYOCP0,荣记腊汁肉夹馍(高新店),东辛庄社区便民服务综合楼西门旁,雁塔区,西安市,餐饮服务;中餐厅;中餐厅,108.877325,34.233575,108.8727375,34.2351916,15091822497,肉夹馍,text
B0MUYRRO9B,大秦焰肉夹馍,锦业一路中建方寸间B1层12号商铺,雁塔区,西安市,餐饮服务;中餐厅;中餐厅,108.882319,34.192028,108.8777381,34.1936644,,肉夹馍,text
B001D0WQ8X,凹煮八戒腊汁肉夹馍(大寨路店),大寨路与丈八北路十字东南角,雁塔区,西安市,餐饮服务;中餐厅;中餐厅,108.872817,34.244767,108.8682248,34.2463739,19002915018,肉夹馍,text
B0MAZMCAMS,老字号肉夹馍,鱼化一路与科技七路交叉口东北180米,雁塔区,西安市,餐饮服务;中餐厅;中餐厅,108.870375,34.209175,108.8657832,34.2107918,,肉夹馍,text
B0LAK6CZFA,鑫厨帮秦镇米皮肉夹馍,大寨路与睦邻路交叉口东220米,雁塔区,西安市,餐饮服务;中餐厅;中餐厅,108.86513,34.244942,108.8605295,34.2465383,,肉夹馍,text
B0MA3DYTMR,左左香老潼关肉夹馍(荣民捌号店),科技一路与丈八北路交汇处东南角荣民捌号1层2-50106号,雁塔区,西安市,餐饮服务;中餐厅;中餐厅,108.873423,34.227664,108.8688327,34.2292781,13659118085,肉夹馍,text
B0L3PUGREH,香探花.擀面皮肉夹馍(鱼化雅苑南门店),鱼化雅苑南门12号楼底商110商铺,雁塔区,西安市,购物服务;购物相关场所;购物相关场所,108.863168,34.235697,108.8585659,34.2372939,18191968289,肉夹馍,text
B0L2P5QB2O,陕焰·肉夹馍(电子二路店),电子正街与电子二路交叉口东南60米,雁塔区,西安市,餐饮服务;中餐厅;中餐厅,108.920157,34.211536,108.9155607,34.2131732,15265299991,肉夹馍,text
B0JU6SQQAE,关潼村肉夹馍(卓越未来中心店),锦业路2号卓越未来中心F1层,雁塔区,西安市,餐饮服务;中餐厅;中餐厅,108.890719,34.19298,108.8861412,34.1946228,15829539331,肉夹馍,around
B0FFLOUSE0,老潼关肉夹馍,太白南路与锦业路交叉口东南160米,雁塔区,西安市,餐饮服务;快餐厅;快餐厅,108.893825,34.192625,108.8892475,34.1942697,18092244713,肉夹馍,around
B0FFK7320K,老潼关肉夹馍,丈八街道科技五路摩尔中心,雁塔区,西安市,餐饮服务;快餐厅;快餐厅,108.885308,34.214874,108.8807268,34.2165052,17019232080,肉夹馍,around
B0MDB1HXGD,凉皮·热米皮肉夹馍,丈八东路与子午大道交叉口西南140米,雁塔区,西安市,餐饮服务;中餐厅;中餐厅|餐饮服务;快餐厅;快餐厅,108.903725,34.197525,108.8991449,34.1991712,,肉夹馍,around
B0FFFGUY34,邢老三肉丸糊辣汤(电子五路店),电子五路金泰假日花城3.1期东排10104号商铺,雁塔区,西安市,餐饮服务;中餐厅;特色/地方风味餐厅,108.904518,34.200966,108.8999372,34.2026111,15929240750,肉夹馍,around
B0JR1DU8ZS,陕记老潼关肉夹馍(旺座现代城H座店),科技五路与高新一路南段交叉口南180米,雁塔区,西安市,餐饮服务;中餐厅;中餐厅,108.891625,34.214975,108.8870455,34.2166108,,肉夹馍,around
B0MAZACQHX,老潼关肉夹馍,天地源·枫林绿洲(木塔寺地铁站E口步行370米),雁塔区,西安市,餐饮服务;中餐厅;中餐厅,108.896187,34.212465,108.8916079,34.2141041,,肉夹馍,around
B0FFG51IUE,飞鸿肉夹馍(枫林绿洲店),高新区枫林绿洲南门步行街,雁塔区,西安市,餐饮服务;中餐厅;中餐厅,108.896229,34.212515,108.8916498,34.2141541,,肉夹馍,around
B0FFIKCI97,贠记老潼关肉夹馍,云水二路与天谷七路交叉口西北40米,长安区,西安市,餐饮服务;中餐厅;中餐厅,108.831808,34.211939,108.8271589,34.2134891,,肉夹馍,around
B0L0TXBW0V,二童家香辣炒面双椒鸡捞面孜然肉夹馍摊,云水二路与天谷七路交叉口西北100米,长安区,西安市,餐饮服务;中餐厅;中餐厅,108.831425,34.212375,108.8267752,34.2139242,,肉夹馍,around
B0IGKRL2M3,富平肉夹馍(兰乔圣菲南区店),太白南路53号兰乔圣菲南区,雁塔区,西安市,餐饮服务;中餐厅;中餐厅,108.90563,34.208076,108.9010481,34.2097187,,肉夹馍,around
B0LRY7WNCH,亮子削筋面擀面皮肉夹馍(科技三路店),科技三路57号融城云谷,雁塔区,西安市,餐饮服务;中餐厅;中餐厅,108.884775,34.223075,108.8801929,34.2247028,,肉夹馍,around
B0HA1HFLK4,张兴邦擀面皮肉夹馍(电子三路店),电子三路兰乔欧洲街8号楼1层负104号,雁塔区,西安市,餐饮服务;中餐厅;中餐厅,108.906272,34.208333,108.9016897,34.2099757,,肉夹馍,around
B0MU6RVY2K,陕味坊酸辣粉老潼关肉夹馍凉皮,科技三路57号融城云谷4幢1单元13层11301号,雁塔区,西安市,餐饮服务;中餐厅;中餐厅,108.884849,34.223563,108.8802669,34.2251907,,肉夹馍,around
B0M6TD3V6G,鲜椿辣子肉夹馍店,沣惠南路18号西格玛大厦,雁塔区,西安市,餐饮服务;中餐厅;中餐厅,108.886675,34.223275,108.8820936,34.2249044,,肉夹馍,around
B0KRT9TFZF,老潼关肉夹馍(融侨馨苑东区店),融侨馨苑东区2号楼,雁塔区,西安市,餐饮服务;快餐厅;快餐厅,108.912486,34.202382,108.9078993,34.2040258,,肉夹馍,around
B0K6LUHGNJ,八亩沟擀面皮肉夹馍(启迪中心店),科技二路67号启迪中心F2层,雁塔区,西安市,餐饮服务;中餐厅;中餐厅,108.883104,34.226357,108.8785208,34.2279822,13379039379,肉夹馍,around
B0JKPRUOY9,子午路张记肉夹馍(启迪店),科技二路清华科技园(科技二路地铁站A口步行470米),雁塔区,西安市,餐饮服务;中餐厅;中餐厅,108.884656,34.226342,108.8800736,34.2279686,17391123547,肉夹馍,around
B0FFKYXLX0,老韩家肉丸糊辣汤腊牛肉夹馍(英发新苑店),高新区鱼化街办英发新苑4号楼7号,雁塔区,西安市,餐饮服务;快餐厅;快餐厅,108.847811,34.227582,108.8431874,34.2291562,18089237028,肉夹馍,around
B0K0XSNYJR,秦香悦·自选食堂,西京三号,雁塔区,西安市,餐饮服务;中餐厅;中餐厅,108.912525,34.206125,108.907938,34.2077676,,肉夹馍,around
B001D09I48,丁老大腊牛肉夹馍肉丸糊辣汤(蒋家寨店),丈八街办蒋家小区16号楼8101室,雁塔区,西安市,餐饮服务;中餐厅;中餐厅,108.904087,34.227258,108.8995044,34.2288938,13609111997;15109214865,肉夹馍,text
B0L6OHEKWF,小刚哥肉夹馍,丈八街办嘉汇巷8-1-1号商铺小刚哥肉夹馍,雁塔区,西安市,餐饮服务;中餐厅;中餐厅,108.90433,34.234475,108.8997467,34.2361082,029-88218208,肉夹馍,text
B0ID763GFW,子午路张记肉夹馍(三兴鑫园店),长安西路18号三兴鑫园,雁塔区,西安市,餐饮服务;快餐厅;快餐厅,108.935956,34.191183,108.931333,34.1928118,15829248393,肉夹馍,text
B0K2390SL1,秦小堡肉夹馍,明德广厦38号,雁塔区,西安市,餐饮服务;中餐厅;中餐厅,108.938726,34.201532,108.9340959,34.2031535,18629334500,肉夹馍,text
B001D08ANC,子午路张记肉夹馍(明德门店),朱雀大街南段,雁塔区,西安市,餐饮服务;中餐厅;中餐厅,108.938814,34.203562,108.9341835,34.2051827,029-85391737,肉夹馍,text
B0FFG0AFMB,子午路张记肉夹馍(momopark店),小寨西路232号momopark负一层B1-16,雁塔区,西安市,餐饮服务;中餐厅;中餐厅,108.933635,34.222173,108.9290145,34.223794,15389420269,肉夹馍,text
B0LDJRR22M,陕焰·肉夹馍(科技路店),白沙路56号徐家庄综合楼一层1-11号,雁塔区,西安市,餐饮服务;餐饮相关场所;餐饮相关,108.911237,34.228523,108.9066494,34.2301579,,肉夹馍,text
B0J2FH30V9,香探花擀面皮肉夹馍小锅米线(电子南街店),东安巷和电子南街交叉路口东北角,雁塔区,西安市,餐饮服务;快餐厅;快餐厅,108.920117,34.193534,108.9155222,34.1951774,13384945508,肉夹馍,around
B0JBMGXY77,田玉洁石锅猪蹄肉夹馍特色卤味(电子正街店),"三宝烤肉旁边,巷子里第一家",雁塔区,西安市,餐饮服务;中餐厅;中餐厅,108.919251,34.207098,108.9146563,34.2087373,18191553631,肉夹馍,around
B0IDLRIQAT,阿淇家米线肉夹馍(长安西路店),长安西路18号(水木源艺术培训学校正对面),雁塔区,西安市,餐饮服务;快餐厅;快餐厅,108.934405,34.191602,108.9297854,34.1932327,17792317990,肉夹馍,around
B0FFGIWOTH,邢老三肉丸糊辣汤(长安西路直营店),长安西路鸿达补习学校东边第3商铺,雁塔区,西安市,餐饮服务;餐饮相关场所;餐饮相关,108.93514,34.19161,108.9305188,34.1932397,15029198337,肉夹馍,around
B0GK2RM2SX,八里塬魏记腊汁肉夹馍(东仪路分店),东仪路41号(东仪福利院北),雁塔区,西安市,餐饮服务;中餐厅;中餐厅,108.928408,34.203758,108.9237992,34.2053913,18829189599,肉夹馍,around
B0L0BNSGQ8,新方源肉夹馍,东仪路与雁南二路辅路交叉口北80米,雁塔区,西安市,餐饮服务;中餐厅;中餐厅,108.928081,34.20588,108.9234726,34.2075129,,肉夹馍,around
B0M6ADZ6NI,朱记卤肉·米线笼笼肉夹馍(紫郡长安南区店),长安西路18号附16号,雁塔区,西安市,餐饮服务;中餐厅;中餐厅,108.937936,34.191172,108.9333086,34.1927981,,肉夹馍,around
B0MBPC19TB,腊牛肉夹馍,朱雀大街38B明德新天地,雁塔区,西安市,餐饮服务;中餐厅;中餐厅,108.932975,34.201875,108.9283575,34.203504,,肉夹馍,around
B0IGYSA16C,张兴邦擀面皮·肉夹馍(紫郡长安店),紫郡长安南区东门外D105号商铺,雁塔区,西安市,餐饮服务;快餐厅;快餐厅,108.938725,34.189275,108.9340959,34.1909006,,肉夹馍,around
B0K0Y5EE2Z,老王家米皮肉夹馍(电子城店),电子西街商业步行街,雁塔区,西安市,餐饮服务;快餐厅;快餐厅,108.912675,34.213575,108.9080872,34.2152149,13354272134,肉夹馍,around
B0FFH8VSLI,张记肉夹馍(电子商城店),太白南路181号西部电子商业步行街,雁塔区,西安市,餐饮服务;中餐厅;中餐厅,108.91291,34.213585,108.908322,34.2152248,15934871680;17795913938,肉夹馍,around
B0GRSMBNBH,张兴邦擀面皮·肉夹馍(华城万象店),华城万象二期1号楼10105号,雁塔区,西安市,餐饮服务;中餐厅;中餐厅,108.93968,34.194385,108.9350482,34.1960075,,肉夹馍,around
B0FFJYBX43,羊城夹馍(明德门公租房小区店),明德门廉租房小区7号楼1层北段,雁塔区,西安市,餐饮服务;餐饮相关场所;餐饮相关,108.935269,34.202663,108.9306466,34.2042888,15045732418;18192388865,肉夹馍,around
B0FFFWA5TZ,张记肉夹馍(华城国际西门店),长安南路82号华城国际物业楼一层W1-10110号商铺,雁塔区,西安市,餐饮服务;中餐厅;中餐厅,108.941289,34.190372,108.9366536,34.1919934,13891902179,肉夹馍,around
B0FFHGLBXT,秦娃肉夹馍(栗园商业广场店),电子一路18号栗园商业广场,雁塔区,西安市,餐饮服务;中餐厅;中餐厅,108.91476,34.215529,108.91017,34.2171675,,肉夹馍,around
B0L1S7QJD8,尚家巷子酥皮菜夹馍(长延堡路店),明德8英里东2门旁,雁塔区,西安市,餐饮服务;餐饮相关场所;餐饮相关,108.940977,34.196612,108.9363418,34.1982318,13891824309,肉夹馍,around
B0FFGFPTF3,老潼关肉夹馍(朱雀大街店),朱雀大街38号明德广厦1栋108-1号商铺,雁塔区,西安市,餐饮服务;中餐厅;特色/地方风味餐厅,108.938722,34.201809,108.9340919,34.2034304,18191968026,肉夹馍,around
B0LAHUIOY0,周至蒸肉夹馍,朱雀大街南段38号明德广厦,雁塔区,西安市,餐饮服务;中餐厅;中餐厅,108.938833,34.201725,108.9342026,34.2033463,,肉夹馍,around
B0LADD6XTQ,老潼关肉夹馍万象城,华城国际南门4号楼二单元底商,雁塔区,西安市,餐饮服务;中餐厅;中餐厅,108.943435,34.189981,108.9387942,34.1915992,18292015705,肉夹馍,around
B0M6SY328I,肘子夹馍,甘家寨东区,雁塔区,西安市,餐饮服务;餐饮相关场所;餐饮相关,108.90278,34.219898,108.8981986,34.2215363,,肉夹馍,around
B0LRKCJRBJ,秦大胖肉夹馍鸡汤米线,长安南路196号杏园小区30412-2号商铺,雁塔区,西安市,餐饮服务;中餐厅;中餐厅,108.941345,34.202103,108.9367085,34.2037204,18189299913,肉夹馍,around
B0FFHE5BFZ,潼关肉夹馍(凯旋广场店),朱雀大街凯旋广场D座,雁塔区,西安市,餐饮服务;中餐厅;特色/地方风味餐厅,108.93872,34.2059,108.9340895,34.20752,18509209237,肉夹馍,around
B0MBBUVXIR,香鲜生擀面皮,电子一路与含光路南段交叉口西180米,雁塔区,西安市,餐饮服务;餐饮相关场所;餐饮相关,108.929175,34.215125,108.9245639,34.2167536,,肉夹馍,around
B0FFGZYSF4,羊城夹馍(电视塔分店),长安南路196号(电视塔地铁站E2口旁),雁塔区,西安市,餐饮服务;中餐厅;中餐厅,108.945339,34.197592,108.9406925,34.1992044,13201738200;18681821920,肉夹馍,around
B0LKUHYSOD,香探花·擀面皮肉夹馍(高科尚都店),丈八五路高科尚都one商城锦业茶城1楼大厅,雁塔区,西安市,餐饮服务;餐饮相关场所;餐饮相关,108.864525,34.196225,108.8599277,34.1978379,,肉夹馍,around
B001D10L6C,老潼关肉夹馍四季西巷店,吉祥诚信商业街A区80号,雁塔区,西安市,餐饮服务;中餐厅;中餐厅,108.926125,34.217575,108.9215191,34.2192056,029-87547257,肉夹馍,around
B0FFH1HBJO,陈老大肉丸胡辣汤腊牛肉夹馍(青松路总店),西八里新村1号,雁塔区,西安市,餐饮服务;餐饮相关场所;餐饮相关,108.935324,34.211953,108.9307008,34.2135756,15771933084,肉夹馍,around
B0K3YS07PP,刘记肉夹馍(天坛西路店),长安南路196号杏园小区刘记肉夹馍,雁塔区,西安市,餐饮服务;中餐厅;中餐厅,108.94422,34.201966,108.9395761,34.2035788,18192825752,肉夹馍,around
B0MDXL0HAB,冯记肉夹馍(长延堡店),明德·盛荟,雁塔区,西安市,餐饮服务;中餐厅;中餐厅,108.941625,34.206053,108.9369875,34.2076686,,肉夹馍,around
B0KGCD5L23,老潼关肉夹馍(美丽的院子店),美丽的院子西区东门北60米,雁塔区,西安市,餐饮服务;快餐厅;快餐厅,108.923407,34.21969,108.9188053,34.2213221,,肉夹馍,around
B0K046BR2D,盖嫂嫂热米皮·肉夹馍(朱雀云天店),朱雀大厦西门旁,雁塔区,西安市,餐饮服务;餐饮相关场所;餐饮相关,108.93952,34.209542,108.9348873,34.2111596,,肉夹馍,around
B0LU99C1MJ,秦馍记肉夹馍,聚文路小寨华都商铺B1-02,雁塔区,西安市,餐饮服务;中餐厅;中餐厅,108.95547,34.191057,108.9507945,34.1926524,13991836020,肉夹馍,text
B0MAJX4JID,咱家米皮肉夹馍(朱雀大街店),朱雀大街青松路口融尚中央住区9号楼10112号商铺,雁塔区,西安市,餐饮服务;中餐厅;中餐厅,108.938686,34.211214,108.9340552,34.2128322,,肉夹馍,text
B0M6RSYWTX,秦东坡腊汁肉夹馍,融鑫园小区5号住宅楼5幢1单元10101室B04号铺,雁塔区,西安市,餐饮服务;快餐厅;快餐厅,108.912721,34.223488,108.9081324,34.2251244,15829101335,肉夹馍,text
B0L0BSTR8N,长乐坡冒粉米线(御笔华府店),四季西巷152号,雁塔区,西安市,餐饮服务;中餐厅;中餐厅,108.925977,34.220777,108.9213711,34.2224066,15291861699,肉夹馍,text
B0L1ZUMVHJ,郑大妈biang biang面(大唐不夜城店),长安南路433号兆丰家园1层商铺,雁塔区,西安市,餐饮服务;中餐厅;中餐厅,108.94699,34.206957,108.9423383,34.2085634,15129231858,肉夹馍,text
B0FFL9E1ZK,长安集市肉夹馍(中天国际公寓店),太白南路269号中天国际公寓,雁塔区,西安市,餐饮服务;中餐厅;中餐厅,108.918458,34.225122,108.9138629,34.2267554,18220503690;18220506686,肉夹馍,text
B0LKXSLRQC,陕焰·肉夹馍(含光南路店),含光路南段64号(吉祥村地铁站B西南口步行250米),雁塔区,西安市,餐饮服务;中餐厅;中餐厅,108.931625,34.219912,108.9270088,34.2215362,,肉夹馍,text
B0M6TO6LY2,袁记肉夹馍(交大一附院店),朱雀大街132号阳阳国际广场B1层,雁塔区,西安市,餐饮服务;中餐厅;中餐厅,108.937021,34.217832,108.9323935,34.2194502,029-85328953,肉夹馍,text
B0J33KGFJM,子午路张记肉夹馍(铂仁国际中心店),翠华路369号铂仁国际中心,雁塔区,西安市,餐饮服务;中餐厅;中餐厅,108.958278,34.192665,108.9535933,34.1942538,17149568333;18502930637,肉夹馍,text
B0KRNAM3B6,奔跑吧陕菜·雁塔长安(大雁塔店),大雁塔北广场E座第一层16号商铺,雁塔区,西安市,餐饮服务;中餐厅;中餐厅,108.962817,34.218494,108.958115,34.2200637,17729563205,肉夹馍,text
B0KBRCQ35Y,飞鸿肉夹馍(广电中心店),长安南路491号(纬一街地铁站C东南口步行220米),雁塔区,西安市,餐饮服务;中餐厅;中餐厅,108.946909,34.210292,108.9422572,34.2118974,13264149114,肉夹馍,text
B0FFHUN85X,魏家凉皮(大雁塔商厦店),大雁塔北广场北路43号雁塔商厦1层,雁塔区,西安市,餐饮服务;中餐厅;中餐厅,108.964592,34.223108,108.9598834,34.2246718,029-85228151;18229016494,肉夹馍,text
B0FFHWE468,关帝潼关肉夹馍铺(和谐路店),曲江新区小寨华都西区B1-12,雁塔区,西安市,餐饮服务;中餐厅;特色/地方风味餐厅,108.954756,34.191182,108.9500827,34.1927788,13389217043,肉夹馍,around
B0JGFHOWJ7,香辣土豆片夹馍(佳和中心A座店),聚文路与翠华路交叉口西北120米,雁塔区,西安市,餐饮服务;餐饮相关场所;餐饮相关,108.955278,34.192024,108.950603,34.1936194,18317778588;18700597481,肉夹馍,around
B0FFL0XDDG,李大饼土豆片夹馍(南窑村新家园店),曲江新区翠华南路南窑新家园小区西门外临街B区1014B号,雁塔区,西安市,餐饮服务;餐饮相关场所;餐饮相关,108.956714,34.190211,108.9520346,34.191804,15319726801,肉夹馍,around
B0HBXOU17B,缘味正香八亩沟擀面皮,翠华南路南窑村新家园西门外临街1015B号,雁塔区,西安市,餐饮服务;快餐厅;快餐厅,108.956928,34.19029,108.9522479,34.1918825,15877327229;18292726021,肉夹馍,around
B0LK0Y708E,聚魁老潼关肉夹馍,曲江大夏国际中心,雁塔区,西安市,餐饮服务;中餐厅;中餐厅,108.955025,34.194825,108.9503506,34.19642,,肉夹馍,around
B0HRHNZ57W,大鹏香辣土豆片夹馍(西安万象天地店),雁展路1111号西安万象天地T1栋L1层,雁塔区,西安市,餐饮服务;中餐厅;中餐厅,108.951325,34.198575,108.9466615,34.2001762,15369896325;18567727222,肉夹馍,around
B0JB1M9Y0W,小白龙笼笼肉夹馍(曲江茗筑店),曲江茗著,雁塔区,西安市,餐饮服务;中餐厅;中餐厅,108.96217,34.189608,108.9574726,34.1911891,029-89313909;15686000018,肉夹馍,around
B0L0X5M39K,臻享来肉夹馍,长安南路189号秦农银行北隔壁,雁塔区,西安市,餐饮服务;中餐厅;中餐厅,108.946968,34.201558,108.9423168,34.2031663,,肉夹馍,around
B0JBLZOJXL,子午路张记肉夹馍(瓦胡同店),长延堡街道翠华南路1688号创客大街项目内一号楼1507A铺位,雁塔区,西安市,餐饮服务;中餐厅;中餐厅,108.955741,34.201501,108.9510638,34.2030923,17791982820,肉夹馍,around
B0K05SRPCM,囍关中坐席臊子面(创客大街店),创客大街1688号天坛路臊子面,雁塔区,西安市,餐饮服务;中餐厅;中餐厅,108.955676,34.201802,108.9509989,34.2033933,,肉夹馍,around
B001D07NB2,羊城夹馍(师大路店),陕西师范大学雁塔校区教学四楼南门西250米,雁塔区,西安市,餐饮服务;中餐厅;中餐厅,108.947082,34.205036,108.9424302,34.2066429,13201672423;18092695383,肉夹馍,around
B0JU1AGX3D,刘莹肉夹馍,长安南路199号陕西师范大学雁塔校区,雁塔区,西安市,餐饮服务;中餐厅;中餐厅,108.951075,34.205225,108.9464117,34.2068244,13572332531,肉夹馍,around
B0LUSXSG3G,鼎香坊里脊肉夹馍(师大路口店),长安南路439号欧风商务,雁塔区,西安市,餐饮服务;中餐厅;中餐厅,108.946976,34.205982,108.9423244,34.2075887,18909386557,肉夹馍,around
B0FFIKFST8,小艺饺子馆,翠华路5号,雁塔区,西安市,餐饮服务;中餐厅;特色/地方风味餐厅,108.956802,34.204384,108.9521212,34.2059721,18220010634;18629503367,肉夹馍,around
B0G0AYR5ME,同州孜然夹馍(长安南路店),东八里村5区,雁塔区,西安市,餐饮服务;餐饮相关场所;餐饮相关,108.947589,34.208149,108.9429355,34.2097539,18391380681,肉夹馍,around
B0FFG03I17,菠菜面晓辉擀面皮(曲江华府店),雁南四路曲江华府5楼2单元2010室,雁塔区,西安市,餐饮服务;中餐厅;中餐厅,108.969115,34.196081,108.9643924,34.1976431,13201699996,肉夹馍,around
B0LRC9HLTR,秦镇米皮,长安南路与昌明路交叉口路北自西向东第二家门面房,雁塔区,西安市,餐饮服务;餐饮相关场所;餐饮相关,108.947973,34.209039,108.9433184,34.2106429,13772182861,肉夹馍,around
B0FFJUPLCA,醉美长安·陕菜(万象天地店)(暂停营业),雁展路1111号西安万象天地L3层L309a,雁塔区,西安市,餐饮服务;中餐厅;中餐厅,108.951538,34.200016,108.9468738,34.2016163,029-85700888,肉夹馍,around
B0LDM5EKTF,袁家村关中印象体验地(曲江银泰店),雁塔南路410号银泰百货西安曲江店A馆F3层,雁塔区,西安市,餐饮服务;餐饮相关场所;餐饮相关,108.963464,34.2064,108.9587607,34.2079724,029-85320025,肉夹馍,around
B0K1MGNKTH,鼎香坊里脊肉夹馍,纬一街地铁口B口西八里村10号,雁塔区,西安市,餐饮服务;中餐厅;中餐厅,108.946075,34.211525,108.9414254,34.2131314,,肉夹馍,around
B0J3H6HOS7,陈老大腊牛肉夹馍·肉丸胡辣汤(小寨店),长安南路与雁南一路交叉口西260米,雁塔区,西安市,餐饮服务;中餐厅;中餐厅,108.943849,34.211545,108.9392053,34.2131552,18792328161,肉夹馍,around
B0FFF9WO2Z,杨记腊汁肉夹馍(翠华路店),翠华南路44号雁塔区便民蔬菜市场(翠华路便民蔬果市场),雁塔区,西安市,餐饮服务;餐饮相关场所;餐饮相关,108.95638,34.209878,108.9517001,34.2114651,,肉夹馍,around
B0I1TD7MX2,依泽潼关肉夹馍(雁南一路店),纬一街499号2号商铺,雁塔区,西安市,餐饮服务;快餐厅;快餐厅,108.948831,34.211663,108.9441737,34.2132644,18966554353,肉夹馍,around
B0FFHWE7E0,飞鸿肉夹馍(芙蓉西路店),芙蓉西路曲江一街C101,雁塔区,西安市,餐饮服务;中餐厅;中餐厅,108.975586,34.191639,108.9708394,34.1931858,,肉夹馍,around
B0FFILBE9D,李记夹馍(西安电力电子技术研究所家属院店),朱雀大街88号西安电力电子技术研究所家属院,雁塔区,西安市,餐饮服务;餐饮相关场所;餐饮相关,108.938302,34.211939,108.933672,34.2135575,17392787689,肉夹馍,around
B0M6GZOR2K,绒馍馍(大唐不夜城·大城志店),雁塔南路424号,雁塔区,西安市,餐饮服务;快餐厅;快餐厅,108.963743,34.208361,108.9590386,34.2099321,15220075762,肉夹馍,around
B0K2FUONE6,超享乐剁椒面(玺岸广场店),翠花路与雁南一路交叉口西北角长庆坊玺岸广场2层214号,雁塔区,西安市,餐饮服务;中餐厅;中餐厅,108.955715,34.211986,108.951037,34.2135737,17629158676,肉夹馍,around
B0KAYL4XY4,潼关肉夹馍(通善坊店),陕西省文化馆曲江馆区西门西南90米,雁塔区,西安市,餐饮服务;快餐厅;快餐厅,108.96627,34.210057,108.9615566,34.2116214,18966884515,肉夹馍,around
B0FFHEAR9L,石洪腊牛肉夹馍(钻石半岛店),曲江新区雁南三路钻石半岛11号B楼1单元1层东户,雁塔区,西安市,餐饮服务;中餐厅;清真菜馆,108.974076,34.20389,108.9693342,34.2054367,18591401388;18706806863,肉夹馍,around
B0LB9CYB33,汉中一绝杨家热米皮潼关肉夹馍,红专南路电信十所家属院南门向东30米,雁塔区,西安市,餐饮服务;中餐厅;中餐厅,108.952593,34.215339,108.9479244,34.2169319,13892801587,肉夹馍,around
B0FFFYCETX,赵记笼笼肉夹馍(红专南路店),红专南路103-8号(电信十所家属院南门旁),雁塔区,西安市,餐饮服务;中餐厅;中餐厅,108.95239,34.215451,108.947722,34.2170443,13909239076;18702981991,肉夹馍,around
B001D07BBS,张记腊汁肉夹馍,红专南路103号,雁塔区,西安市,餐饮服务;中餐厅;中餐厅,108.952829,34.21545,108.9481597,34.2170424,13519192669;13991351322,肉夹馍,around
B0MUU5X99Q,袁记肉夹馍(翠华路店),翠华路104号,雁塔区,西安市,餐饮服务;中餐厅;中餐厅,108.95626,34.214776,108.95158,34.2163616,,肉夹馍,around
B001D08C1M,老潼关王华峰肉夹馍(红专南路店),红专路17号,雁塔区,西安市,餐饮服务;中餐厅;中餐厅,108.95369,34.215408,108.949018,34.2169987,,肉夹馍,around
B0MDU70WA0,一品香凉面肉夹馍(小寨店),小寨街道办罗家寨158号1-4,雁塔区,西安市,餐饮服务;中餐厅;中餐厅,108.934523,34.215333,108.9299012,34.2169554,,肉夹馍,around
B0H6OXT1RK,凉皮肉夹馍(大唐美食城店)(暂停营业),曲江新区雁南路1号太平洋影城负一层3号商铺,雁塔区,西安市,餐饮服务;中餐厅;中餐厅,108.964825,34.212175,108.9601165,34.2137422,15229917583,肉夹馍,around
B0LA1OFVAI,薛记腊汁肉夹馍,翠华路与红专南路交叉口北60米,雁塔区,西安市,餐饮服务;快餐厅;快餐厅,108.956356,34.21589,108.9516756,34.217475,13488356977,肉夹馍,around
B0FFG23RZ4,袁家老铺肉夹馍(芙蓉坊饮食街店),长延堡街道芙蓉西路90号芙蓉坊饮食街,雁塔区,西安市,餐饮服务;中餐厅;中餐厅,108.969823,34.210542,108.9650966,34.2120974,18791486081,肉夹馍,around
B0FFF9WLTL,中国元素餐厅(西安威斯汀大酒店),慈恩路66号威斯汀酒店1层,雁塔区,西安市,餐饮服务;中餐厅;中餐厅,108.96168,34.215116,108.9569822,34.2166895,029-65686568,肉夹馍,around
B0JAJZWVVL,一日三餐,芙蓉西路芙蓉坊3号售卖亭,雁塔区,西安市,餐饮服务;中餐厅;中餐厅,108.969475,34.211175,108.9647498,34.2127311,15991663115,肉夹馍,around
B0FFG3NF45,清真石洪腊牛肉夹馍(翠华路店),翠华南路184号布丁酒店旁(近如家酒店),雁塔区,西安市,餐饮服务;中餐厅;清真菜馆,108.956354,34.217046,108.9516736,34.2186306,18789464275,肉夹馍,around
B0LKJO4AKU,伍腊汁肉夹馍,长安中路与雁塔西路交叉口西20米,雁塔区,西安市,餐饮服务;中餐厅;中餐厅,108.946267,34.21879,108.9416163,34.2203935,,肉夹馍,around
B0M6KZBJQW,崔展华腊汁肉夹馍,长安中路黑河供水有限公司沿街门面房16-005号,雁塔区,西安市,餐饮服务;中餐厅;中餐厅,108.94621,34.218876,108.9415595,34.2204796,15929926228;17391813962,肉夹馍,around
B0MALR7MTK,全师傅肉夹馍(雁塔店),慈恩路与雁塔南路交叉口东南40米,雁塔区,西安市,餐饮服务;中餐厅;中餐厅,108.964609,34.215103,108.959901,34.2166696,,肉夹馍,around
B0FFLAA658,大秦biangbiang面(大雁塔店),雁塔南路482号,雁塔区,西安市,餐饮服务;中餐厅;中餐厅,108.964893,34.215174,108.960184,34.2167399,029-89318316,肉夹馍,around
B0FFK97RP0,唐猫庭院·千年陕菜(大唐不夜城店),大唐不夜城A区B7号,雁塔区,西安市,餐饮服务;中餐厅;中餐厅,108.96638,34.214561,108.9616658,34.2161236,19991210572,肉夹馍,around
B0MAD1KF59,西安古法肉夹馍,长安中路30号陕西融通商服服务社购物中心,雁塔区,西安市,餐饮服务;中餐厅;中餐厅,108.946175,34.219575,108.9415245,34.2211784,,肉夹馍,around
B0K3X7Y1QN,小白笼笼笼肉夹馍(大唐芙蓉园店),长延堡街道芙蓉南路66号芙蓉新天地2号楼一楼,雁塔区,西安市,餐饮服务;餐饮相关场所;餐饮相关,108.975425,34.208775,108.9706776,34.2103164,17792697873,肉夹馍,around
B0FFKAQI1C,相遇·椰子鸡·糟粕醋火锅(曲江店),芙蓉南路曲江书城一层商铺0602号,雁塔区,西安市,餐饮服务;餐饮相关场所;餐饮相关,108.976318,34.208398,108.9715672,34.2099371,029-89669448,肉夹馍,around
B0K2V9PGVE,子午路张记肉夹馍(大悦城黑金店),大悦城B1-93C,雁塔区,西安市,餐饮服务;中餐厅;中餐厅,108.962602,34.217147,108.9579008,34.2187176,17791319630,肉夹馍,around
B0FFF9WOHM,宝鸡面馆,雁塔西路郝佳城市东门2号门面房,雁塔区,西安市,餐饮服务;中餐厅;中餐厅,108.934395,34.219235,108.9297732,34.2208562,,肉夹馍,around
B0HD9S0NAE,张兴邦擀面皮肉夹馍(春临一路店),曲江新区曲江保障性住房一期一号楼二单元2号商铺,雁塔区,西安市,餐饮服务;快餐厅;快餐厅,108.975891,34.209352,108.9711417,34.2108919,,肉夹馍,around
B0FFGEQG20,天下第一面(南广场店),环塔南路大雁塔南广场东南角大唐不夜城A9,雁塔区,西安市,餐饮服务;中餐厅;中餐厅,108.965686,34.216162,108.9609741,34.2177257,13363917775,肉夹馍,around
B0I1GYW04W,王吉肉夹馍,大唐芙蓉园南门唐市芙蓉南路,雁塔区,西安市,餐饮服务;中餐厅;中餐厅,108.976122,34.209384,108.9713718,34.2109233,13319186838,肉夹馍,around
B0KD0HYRDX,潼关优品肉夹馍,小寨东路108号,雁塔区,西安市,餐饮服务;中餐厅;中餐厅,108.954667,34.222596,108.9499914,34.2241821,029-85253230,肉夹馍,text
B0MBPU18TT,超享乐剁椒面(MOMOPARK店),小寨西路232号MOMOPARKB2层28号,雁塔区,西安市,餐饮服务;餐饮相关场所;餐饮相关,108.932734,34.221582,108.9281155,34.2232043,,肉夹馍,text
B0FFH3185P,飞鸿肉夹馍(东方大酒店店),东方大酒店南门旁,雁塔区,西安市,餐饮服务;中餐厅;中餐厅,108.93987,34.223382,108.9352354,34.2249942,,肉夹馍,text
B0LA65A1F3,索罗巷·本味肉夹馍,翠华路325号长大翠花园宾馆一层325-2号铺位,雁塔区,西安市,餐饮服务;中餐厅;中餐厅,108.956748,34.224061,108.9520657,34.2256422,18629551676;18729033073,肉夹馍,text
B0FFHFOWQZ,秦镇薛昌利凉皮肉夹馍,小寨东路64号(财经大学北门向西100米),雁塔区,西安市,餐饮服务;快餐厅;快餐厅,108.959045,34.222605,108.9543554,34.2241818,18191571031,肉夹馍,text
B0L2TM2OL6,大嘻咹biangbiang面(大雁塔店),大雁塔地铁口E口向北100米,雁塔区,西安市,餐饮服务;中餐厅;中餐厅,108.964279,34.225062,108.9595714,34.2266259,029-85425011,肉夹馍,text
B0FFFCRLZZ,魏家凉皮(西影路店),西影路585号,雁塔区,西安市,餐饮服务;中餐厅;中餐厅,108.97065,34.223556,108.9659195,34.2251047,029-85562390,肉夹馍,text
B0J2SUNQ2D,古城老孙家泡馍(大雁塔店),雁塔北路商业大厦营业楼1楼西-6号商铺,雁塔区,西安市,餐饮服务;中餐厅;中餐厅,108.964441,34.223322,108.959733,34.2248861,16601231234,肉夹馍,text
B0LDDS7RBP,张记砂锅,擎友大厦西门旁,雁塔区,西安市,餐饮服务;餐饮相关场所;餐饮相关,108.956726,34.220299,108.9520441,34.2218816,,肉夹馍,text
B0FFFHJTK0,老潼关肉夹馍,东曲江池社区东2门北50米,雁塔区,西安市,餐饮服务;中餐厅;中餐厅,108.991793,34.193087,108.9869805,34.1945874,17792427130,肉夹馍,around
B0FFF8ZQ1Y,子午路张记肉夹馍(碧林湾店),中海碧林湾15幢1单元1层10109号,雁塔区,西安市,餐饮服务;中餐厅;中餐厅,108.994227,34.206294,108.9894032,34.2077827,15332310211,肉夹馍,around
B0LUGDE9NU,小白笼.笼笼肉夹馍米线(中海碧林湾店),芙蓉东路919号,雁塔区,西安市,餐饮服务;餐饮相关场所;餐饮相关,108.993679,34.206866,108.9888574,34.2083561,17792697873,肉夹馍,around
B0FFIKFFSU,彭家正汤·西安糊辣汤(曲江直营店),芙蓉东路919号中海·碧林湾,雁塔区,西安市,餐饮服务;中餐厅;中餐厅,108.993056,34.207479,108.988237,34.2089707,029-89662664;18220513378,肉夹馍,around
B0LB7DEX5W,东关赵记腊汁肉夹馍(中海碧林湾店),芙蓉东路中海碧林湾西门向北100米,雁塔区,西安市,餐饮服务;中餐厅;中餐厅,108.992975,34.207582,108.9881564,34.2090739,18991828909,肉夹馍,around
B0KDYGRP89,馍大帅肉夹馍,汉华城甜心广场50212号商铺,雁塔区,西安市,餐饮服务;中餐厅;中餐厅,108.998646,34.207882,108.9938033,34.2093569,15229203934,肉夹馍,around
B0LKULZPT7,遇小余冒粉·肉夹馍,汉华城商业街区1层5号门618号,雁塔区,西安市,餐饮服务;快餐厅;快餐厅,108.999125,34.207975,108.9942802,34.2094484,,肉夹馍,around
B0LRDH6RBA,西游记宝鸡擀面皮·肉夹馍(汉华城店),曲江新区汉华城小区北门2-10201,雁塔区,西安市,餐饮服务;中餐厅;中餐厅,108.998078,34.208901,108.9932376,34.2103772,18919281942,肉夹馍,around
B0MGLCNMSV,秦先生西安凉皮肉夹馍(曲江店),汉华城小区北门2-10201号商铺,雁塔区,西安市,餐饮服务;中餐厅;中餐厅,108.99811,34.209,108.9932695,34.2104761,,肉夹馍,around
B0L3OUYGV4,古法腊汁肉夹馍,新开门街与南三环辅路交叉口西北140米,雁塔区,西安市,餐饮服务;中餐厅;中餐厅,109.005175,34.208525,109.0003042,34.2099799,,肉夹馍,around
B0FFKTR28J,永明岐山面(曲江店),曲江新区南三环东段金地翔悦天下西门10105号门面,雁塔区,西安市,餐饮服务;中餐厅;中餐厅,109.012776,34.205303,109.007873,34.2067361,029-89832692;17791368939,肉夹馍,around
B0H33HRTQV,舍外·胡辣汤中的爱马仕(创意谷店),岳家寨一路黄渠头小区北门商铺6号楼二层03,雁塔区,西安市,地名地址信息;普通地名;村庄级地名|餐饮服务;餐饮相关场所;餐饮相关,109.006851,34.211171,109.0019728,34.2126199,18189283021,肉夹馍,around
B0MALS663T,仲若意肉夹馍(曲江宜居店),曲江新区雁翔路3766号曲江宜居小区配建商业5-6号楼第1层L1-01号,雁塔区,西安市,餐饮服务;餐饮相关场所;餐饮相关,109.007769,34.212288,109.0028868,34.2137338,,肉夹馍,around
B0KA1ZQIX0,赵天琦米线公司(曲江店),重阳路中冶一曲江山23幢1单元1层10112号,雁塔区,西安市,餐饮服务;快餐厅;快餐厅,108.995467,34.217405,108.990637,34.2188861,13991169688,肉夹馍,around
B0JR39G6FE,薛老二腊牛肉夹馍(缪家寨店),缪家寨南门东70米,雁塔区,西安市,餐饮服务;中餐厅;中餐厅,109.01792,34.205109,109.0129952,34.2065269,17792212780,肉夹馍,around
B0JULAGH8V,子午路张记肉夹馍(曲江店),华著中城37号(理工大曲江校区地铁站B口步行410米),雁塔区,西安市,餐饮服务;中餐厅;中餐厅,108.998753,34.21734,108.993909,34.2188112,18066698899,肉夹馍,around
B0KRLN2UTE,子午路张记肉夹馍(曲江宜居店),曲江新区雁翔路曲江宜居3766,雁塔区,西安市,餐饮服务;餐饮相关场所;餐饮相关,109.008623,34.213768,109.003737,34.2152107,18091099368,肉夹馍,around
B0JDSSOPVK,孙大鹏香辣土豆片夹馍(旺座曲江店),旺座曲江(缪家寨地铁站D口步行190米),雁塔区,西安市,餐饮服务;餐饮相关场所;餐饮相关,109.015261,34.209941,109.010347,34.2113651,13460918688,肉夹馍,around
B0L1Z9OO3A,乔小东肉夹馍,雁翔路42号孟村小区理工大地铁B口,雁塔区,西安市,餐饮服务;中餐厅;中餐厅,109.001579,34.218295,108.9967229,34.2197574,13700282291,肉夹馍,around
B0G2AOC4YO,小白笼笼笼肉夹馍(西安量子晨店),西影路量子晨数字娱乐双创产业园集装箱4号商铺,雁塔区,西安市,餐饮服务;中餐厅;中餐厅,108.976775,34.221625,108.9720213,34.2231582,15529377292,肉夹馍,around
B0M6LD49MU,刘涛老潼关肉夹馍(曲江奥园店),登高路辅路与黄渠头二路交叉口西120米,雁塔区,西安市,餐饮服务;中餐厅;中餐厅,109.012275,34.215025,109.0073733,34.2164562,,肉夹馍,around
B0KBO4774N,子午路张记肉夹馍(量子晨店),曲江新区西影路466号量子晨集装箱3号商铺,雁塔区,西安市,餐饮服务;快餐厅;快餐厅,108.976775,34.221925,108.9720213,34.2234581,13279321811;13299034845,肉夹馍,around
B0GRMAYLGO,陕西老潼关肉夹馍(西影厂店),芙蓉西路,雁塔区,西安市,餐饮服务;餐饮相关场所;餐饮相关,108.969909,34.220301,108.9651815,34.2218527,15902927599;18909208666,肉夹馍,around
B0JDX5FIMD,超享乐剁椒面(量子晨店),西影路466号量子晨集装箱2号商铺,雁塔区,西安市,餐饮服务;中餐厅;中餐厅,108.977049,34.222211,108.9722942,34.2237433,19509181728,肉夹馍,around
B0LRKAGVYB,擀面皮肉夹馍饸饹,登高路1388号曲江奥园城市天地1号楼,雁塔区,西安市,餐饮服务;中餐厅;中餐厅,109.011375,34.216025,109.0064771,34.2174586,,肉夹馍,around
B0FFG0BZ6M,老潼关肉夹馍,大雁塔北广场西步行街,雁塔区,西安市,餐饮服务;快餐厅;快餐厅,108.963126,34.219072,108.9584229,34.2206407,,肉夹馍,around
B0KUZCHW8R,袁家村关中印象体验地(西影TIME店),大雁塔街道西影路512号西影TIME3层01号商铺,雁塔区,西安市,餐饮服务;中餐厅;中餐厅,108.970649,34.2226,108.9659186,34.224149,029-89550789,肉夹馍,around
B0L2B5KFB3,花王肉夹馍(西影TIME店),西影路496号西影TIME,雁塔区,西安市,餐饮服务;中餐厅;中餐厅,108.970587,34.222627,108.9658568,34.2241762,,肉夹馍,around
B0FFL2PDEN,高陵土豆片夹馍(理工大曲江店),曲江中和府东北门西北80米,雁塔区,西安市,餐饮服务;餐饮相关场所;餐饮相关,108.997954,34.223782,108.9931129,34.2252533,15929109902;15929370225,肉夹馍,around
B0KBGM0HQO,西安凉皮肉夹馍(三秦掌柜店),大雁塔街道环塔东路7号,雁塔区,西安市,餐饮服务;中餐厅;中餐厅,108.966275,34.222675,108.9615605,34.2242349,,肉夹馍,around
B0FFIR0HHY,赵记腊汁肉夹馍(大雁塔北广场店),塔东路1号(近全季酒店、西安银行),雁塔区,西安市,餐饮服务;快餐厅;快餐厅,108.966321,34.222781,108.9616063,34.2243408,17719510853,肉夹馍,around
B001D09JDH,天下第一面(大雁塔旗舰店),雁塔路2号大雁塔北广场(灯具城对面),雁塔区,西安市,餐饮服务;中餐厅;中餐厅,108.96198,34.222438,108.9572805,34.2240082,029-88101818,肉夹馍,around
B0M6HDA11O,肘子夹馍,西影路585号金裕花园,雁塔区,西安市,餐饮服务;餐饮相关场所;餐饮相关,108.96927,34.225216,108.9645445,34.2267676,,肉夹馍,around
B0FFILISAH,子午路张记肉夹馍(后村店),后村西路乐和公馆1号楼子午路,雁塔区,西安市,餐饮服务;中餐厅;中餐厅,108.971814,34.226165,108.9670789,34.2277097,17765807176,肉夹馍,around
B0FFHE42Y6,老潼关肉夹馍(后村店),后村新村5号楼57号,雁塔区,西安市,餐饮服务;中餐厅;中餐厅,108.969181,34.225523,108.9644558,34.2270747,15529355888;15529503388,肉夹馍,around
B0FFI1WL5U,秦镇姜记凉皮(科荣花园小区店),乐游路6号(大雁塔地铁站D东北口步行470米),雁塔区,西安市,餐饮服务;中餐厅;中餐厅,108.967788,34.225147,108.9630679,34.2267023,13299033894;15129026599,肉夹馍,around
B0J265O782,焦记腊汁肉夹馍,雁塔北路与西影路交叉口北140米,雁塔区,西安市,餐饮服务;餐饮相关场所;餐饮相关,108.9643,34.22408,108.9595924,34.2256442,15339289590,肉夹馍,around
B0MDGSOQF9,陈姐米线肉夹馍,后村西路与后村南路交叉口西80米,雁塔区,西安市,餐饮服务;中餐厅;中餐厅,108.970787,34.226485,108.9660557,34.2280322,,肉夹馍,around
B0L6KMB96M,梁记凉皮肉夹馍油泼𰻝𰻝面,乐游路后村商业街1号楼1号,雁塔区,西安市,餐饮服务;中餐厅;中餐厅,108.967334,34.225517,108.9626155,34.2270733,,肉夹馍,around
B0LKTUX1VK,刘囍肉夹馍,曲江大道169号中海·观园B区,雁塔区,西安市,餐饮服务;中餐厅;中餐厅,108.984394,34.219004,108.9796101,34.2205169,17309223897;18392737165,肉夹馍,text
B0IGFHTZ0V,飞鸿肉夹馍(交大南洋时代店),延兴门西路755号国家大学科技园科技孵化基地2号楼1层1F23-1F25号商铺,雁塔区,西安市,餐饮服务;中餐厅;中餐厅,109.003017,34.227147,108.998154,34.2286018,18292337752,肉夹馍,text
B001D07PXY,子午路张记肉夹馍,建设东路3号西安高级职业技术培训中心西侧,碑林区,西安市,餐饮服务;中餐厅;中餐厅,108.970411,34.235724,108.9656804,34.2372688,15102949182,肉夹馍,text
B0FFHR9XXF,老韩家腊牛肉夹馍肉丸胡辣汤(西影路店),纯翠花园东南1门旁,雁塔区,西安市,餐饮服务;中餐厅;中餐厅,108.987623,34.228532,108.982825,34.2300322,13572583585,肉夹馍,text
B0J30CFNZ4,张兴邦擀面皮肉夹馍(西影路小学店),西影路小学(青龙寺地铁站H口步行380米),雁塔区,西安市,餐饮服务;中餐厅;中餐厅,108.989961,34.228852,108.9851533,34.2303453,17392477902,肉夹馍,text
B0FFHFZB18,杨田杨家粉蒸肉,安东街57号建东街十字东南角辣呦川菜旁边,碑林区,西安市,餐饮服务;中餐厅;中餐厅,108.96912,34.245786,108.9643933,34.2473303,15891396058,肉夹馍,text
B0FFF65CFV,飞鸿肉夹馍(南二环风尚店),南二环东段天伦御城龙脉南区1号楼,碑林区,西安市,餐饮服务;中餐厅;中餐厅,108.983071,34.236862,108.978291,34.2383722,13319389205,肉夹馍,text
B0FFKOPMQ8,老潼关肉夹馍,大雁塔街道雁塔北路南段126号-11商铺百瑞未来城负一层,雁塔区,西安市,餐饮服务;中餐厅;中餐厅,108.963551,34.224721,108.958846,34.2262867,18202991891,肉夹馍,text
B0H1M92LO0,王三肉夹馍店,长鸣路中段阳光城紫金城楼下底商10121店铺,雁塔区,西安市,餐饮服务;中餐厅;中餐厅,109.028343,34.218235,109.0233741,34.2196182,,肉夹馍,around
B0H2AC5Q7C,二魁肉酱米线(融创天朗·融公馆店),花间路融创天朗融公馆(月登阁地铁站C口步行100米),雁塔区,西安市,餐饮服务;中餐厅;中餐厅,109.040511,34.220248,109.0354949,34.221598,17319951069;18991270093,肉夹馍,around
B0FFH6WKZ0,老潼关肉夹馍(花间路),吉的堡生态城幼儿园西门北190米,雁塔区,西安市,餐饮服务;中餐厅;中餐厅,109.041581,34.228656,109.0365603,34.2300003,18066538297,肉夹馍,around
B0HB7C125G,老西安肉夹馍(东等幸福新城店),东等幸福新城南门西60米,雁塔区,西安市,餐饮服务;中餐厅;中餐厅,109.024215,34.231083,109.0192618,34.2324733,,肉夹馍,around
B0KDRMZ19W,秦东腊汁肉夹馍,东月路50号,雁塔区,西安市,餐饮服务;中餐厅;中餐厅,109.025853,34.231251,109.0208931,34.2326365,18629660027,肉夹馍,around
B0H1KC2YWC,姐妹俩米线肉夹馍(合能十里锦绣二期店)(暂停营业),合能十里锦绣二期南门旁,灞桥区,西安市,餐饮服务;快餐厅;快餐厅,109.056375,34.223389,109.0513047,34.2247017,13669135227,肉夹馍,around
B0I26ZI8FU,彭家正汤·西安糊辣汤(公园南路直营店),鑫龙天然居小区一期门面房52号,雁塔区,西安市,餐饮服务;中餐厅;中餐厅,109.006124,34.241725,109.0012464,34.243165,029-82294838,肉夹馍,text
B0FFKNN5AM,子午路张记肉夹馍(建工路店),建工路12号由西向东第五家商铺,碑林区,西安市,餐饮服务;快餐厅;快餐厅,109.003576,34.243311,108.9987092,34.2447581,029-82282953;13379026878,肉夹馍,text
B0KUDDAL2D,超享乐剁椒面(老钢厂店),幸福路109号老钢厂设计创业产业园6号楼6B-101号,新城区,西安市,餐饮服务;餐饮相关场所;餐饮相关,109.021133,34.246372,109.0161913,34.2477654,15829636165,肉夹馍,text
B0FFL2HNB7,王魁腊汁肉夹馍(建工路店),建工路龙城四季38号,雁塔区,西安市,餐饮服务;餐饮相关场所;餐饮相关,109.007314,34.242516,109.0024312,34.2439521,13324532095;18092690178,肉夹馍,text
B0K0D7BUQK,秦小吾脆皮肉夹馍(海伦国际店),海伦国际西区商铺22-30106,雁塔区,西安市,餐饮服务;中餐厅;中餐厅,109.002629,34.229218,108.9977674,34.2306733,18049698040,肉夹馍,text
B0FFFESXEO,重庆韩抄手(韩森路店),公园南路220号韩森寨派出所对面,新城区,西安市,餐饮服务;中餐厅;四川菜(川菜),109.006278,34.255951,109.0013986,34.2573851,18700797751,肉夹馍,text
B0LRM4XO8N,李老四腊牛肉夹馍(韩森路店),公园南路290号,新城区,西安市,餐饮服务;中餐厅;清真菜馆,109.005694,34.258798,109.0008168,34.2602327,15349226940,肉夹馍,text
B0J0YSPQRY,左左香老潼关肉夹馍(海伦国际店),西影路40-10101号,雁塔区,西安市,餐饮服务;中餐厅;中餐厅,109.004344,34.231361,108.9994749,34.2328103,,肉夹馍,text
B0I3T7GJMB,长祥王记肉夹馍(盛世芳洲·金座店),盛世芳洲·金座东南门旁,雁塔区,西安市,餐饮服务;中餐厅;中餐厅,109.00519,34.23578,109.0003169,34.2372251,18092794295;18302942401,肉夹馍,text
B0FFK754IH,马奎肉丸胡辣汤腊牛肉夹馍(康乐路店),韩森路61号一层北边,新城区,西安市,餐饮服务;中餐厅;中餐厅,109.009943,34.261207,109.0050474,34.2626279,18089206167,肉夹馍,text
B0FFI968QY,老潼关肉夹馍(十里锦绣一期大红牌),半引路三殿村十里锦绣6号楼,灞桥区,西安市,餐饮服务;快餐厅;快餐厅,109.055752,34.230008,109.0506831,34.2313196,18710814301,肉夹馍,text
B0K1CHJRRQ,汉中热米皮,公园南路海伦国际30号楼下20号商铺,雁塔区,西安市,餐饮服务;中餐厅;中餐厅,109.010572,34.231848,109.0056762,34.2332783,18161853716,肉夹馍,text
B0L11PJ97D,林生记腊汁肉夹馍,火炬路45号中昊大厦禾旺生鲜1幢10101室西北角,碑林区,西安市,餐饮服务;快餐厅;快餐厅,109.00338,34.247973,108.9985137,34.2494189,17868786208,肉夹馍,text
B0IDD7J8OA,王小沫香辣土豆片夹馍(合能十里锦绣店),合能十里锦绣二期19栋,灞桥区,西安市,餐饮服务;餐饮相关场所;餐饮相关,109.056941,34.224793,109.0518689,34.2261041,18191557357;18191557375,肉夹馍,text
B0M6JZDDCK,陕焰·肉夹馍(赛格·中京坊店),雁翔路111号(雁翔路北口地铁站C口步行100米),雁塔区,西安市,餐饮服务;餐饮相关场所;餐饮相关,108.990522,34.23705,108.9857112,34.2385386,,肉夹馍,text
B0FFGC31H5,沙坡李记腊汁肉夹馍(帝源豪庭大厦店),交大街2号帝源豪庭大厦B1层,碑林区,西安市,餐饮服务;中餐厅;中餐厅,108.993259,34.242491,108.9884363,34.2439694,18192167313,肉夹馍,text
B0FFLJZXFW,老潼关肉夹馍(乐居场店),乐居场38号(太乙路地铁站D口步行350米),碑林区,西安市,餐饮服务;中餐厅;中餐厅,108.975716,34.243523,108.9709646,34.245051,18202993397,肉夹馍,text
B0FFKV93XP,老潼关肉夹馍(老钢厂设计创意产业园店),韩森寨街道老钢厂设计创意产业园5-102号,新城区,西安市,餐饮服务;中餐厅;中餐厅,109.021239,34.24658,109.0162968,34.247973,18165155857,肉夹馍,text
B0LRMZX6UL,陕焰·肉夹馍(翠华路店),翠华路288号华鑫嘉苑临街商铺第1幢2单元0105室,雁塔区,西安市,餐饮服务;中餐厅;中餐厅,108.95635,34.226876,108.9516688,34.2284571,,肉夹馍,text
B0LGSP559N,高老庄腊汁肉夹馍,千户小区北1门旁,雁塔区,西安市,餐饮服务;快餐厅;快餐厅,109.007304,34.236221,109.0024218,34.2376595,,肉夹馍,text
B0LG0M2L42,秦镇米皮鲜蒸,交大商场街付1号南沙世纪花园一层3号商铺,碑林区,西安市,餐饮服务;中餐厅;中餐厅,108.992919,34.242832,108.9880977,34.2443113,15091543201,肉夹馍,text
B0JDXLAE2N,白鹿原腊汁肉夹馍(建工路店),建工路与德邻二巷交叉口西60米,雁塔区,西安市,餐饮服务;中餐厅;中餐厅,109.010962,34.242643,109.0060636,34.2440681,15129259493;15337025285,肉夹馍,text
B0I2T5SVDH,子午路张记肉夹馍(建东街店),和平门建东街陕一建家属院门面房,碑林区,西安市,餐饮服务;中餐厅;中餐厅,108.969315,34.246147,108.9645876,34.2476906,19721805989,肉夹馍,text
B0FFMAROXP,拴马桩擀面皮(大雁塔店),乐游北路25号,雁塔区,西安市,餐饮服务;中餐厅;中餐厅,108.967974,34.226282,108.9632531,34.2278364,13201532699,肉夹馍,text
B0FFKUN7CK,潼关村肉夹馍(建工路店),东方社区104街坊南门东80米,新城区,西安市,餐饮服务;中餐厅;中餐厅,109.013488,34.243406,109.0085788,34.2448232,,肉夹馍,text
B0FFGG1NAY,王魁腊汁肉夹馍(东关南街店),东关南街南段8号1幢1单元10103室,碑林区,西安市,餐饮服务;中餐厅;中餐厅,108.975086,34.252239,108.9703363,34.2537653,,肉夹馍,text
B0JACZKQJD,贾记笼笼肉夹馍米线(绿地国际生态城4期高层店),浐灞生态区白龙池路1290号绿地与湖,雁塔区,西安市,餐饮服务;餐饮相关场所;餐饮相关,109.045039,34.233337,109.0400054,34.2346711,15529081150,肉夹馍,text
B0KUR9WEE1,小食笼笼肉夹馍店(citymall太乙城店),太乙路1号太乙城生活中心负一层B-28商铺,碑林区,西安市,餐饮服务;中餐厅;中餐厅,108.973887,34.234753,108.9691434,34.2362891,15171793179,肉夹馍,text
B0KKL43G0H,路启·肉夹馍(太乙路店),青龙路10号恒志·云仰,碑林区,西安市,餐饮服务;中餐厅;中餐厅,108.975143,34.230852,108.9703949,34.2323862,,肉夹馍,text
B0LR65FTUB,香味氏族宝宝面皮(太乙城店),太乙路1号太乙城生活中心负一层B-01D,碑林区,西安市,餐饮服务;餐饮相关场所;餐饮相关,108.972742,34.235219,108.9680027,34.236758,18391022463,肉夹馍,text
B0LA3ABDFJ,赞婶家街坊铜锅涮肉,公园南路北口付139号,新城区,西安市,餐饮服务;中餐厅;火锅店,109.006941,34.257724,109.0020586,34.2591553,18690081113,肉夹馍,text
B0KD392SJQ,秦吉了肉夹馍(长安大街3号院店),长安大街三号商业步行街东2门向西30米C栋商铺30105室,碑林区,西安市,餐饮服务;中餐厅;中餐厅,108.950255,34.23186,108.945592,34.2334515,17349087572,肉夹馍,text
B0K6AUPJY6,尝安巷·凉皮肉夹馍(西安总店),东关南街与大新巷路口(长乐门地铁站D口步行490米),碑林区,西安市,餐饮服务;中餐厅;中餐厅,108.975327,34.256893,108.970576,34.2584168,17791362888;18991117618,肉夹馍,text
B0IGGSVYHD,飞鸿肉夹馍(长安立交店),长安中路239号(体育场地铁站C东南口步行400米),雁塔区,西安市,餐饮服务;中餐厅;中餐厅,108.947153,34.22889,108.942499,34.2304883,029-88213660,肉夹馍,text
B0FFILGTR7,王魁腊汁肉夹馍(总店),华龙佳园1层,碑林区,西安市,餐饮服务;中餐厅;中餐厅,108.983221,34.263445,108.9784382,34.2649444,029-82499907;13572909701,肉夹馍,text
B0FFF650OR,闫记肉夹馍(咸宁中路),咸宁中路19号东方社区三十一街坊,新城区,西安市,餐饮服务;餐饮相关场所;餐饮相关,109.010925,34.251412,109.006026,34.2528338,13519165785,肉夹馍,text
B0IUPREVAW,阿瑞菜夹馍肉夹馍,雁塔北路南段与乐游路交叉口40米临街商铺,雁塔区,西安市,餐饮服务;快餐厅;快餐厅,108.964532,34.225347,108.9598235,34.2269102,13834613334,肉夹馍,text
B0H0O6RV1D,澄城饸饹旋面肉夹馍,咸宁东路与知行巷交叉口西北220米,灞桥区,西安市,餐饮服务;中餐厅;中餐厅,109.030201,34.253101,109.0252217,34.254466,13571368838,肉夹馍,text
B0FFH2ON78,闻香腊汁肉夹馍(建设路店),建设西路169号西藏自治区人民政府驻西安办事处西侧,碑林区,西安市,餐饮服务;中餐厅;中餐厅,108.955715,34.235706,108.9510351,34.2372851,18400767129;18966812957,肉夹馍,text
B0LA6Z9YBV,麦香宝酥皮菜夹馍,合能十里锦绣二期南门东90米,灞桥区,西安市,餐饮服务;中餐厅;中餐厅,109.057201,34.223526,109.0521282,34.224837,18792548870,肉夹馍,text
B0IAT4HX0Q,左左香老潼关肉夹馍(花语城北门店),咸宁东路606号中国铁建花语城,灞桥区,西安市,餐饮服务;中餐厅;中餐厅,109.057075,34.250575,109.0520003,34.2518761,,肉夹馍,text
B0FFGGE6UM,薛家凉皮(田家湾店),咸宁东路北50米(田家湾地铁站D口步行170米),雁塔区,西安市,餐饮服务;餐饮相关场所;餐饮相关,109.040665,34.251436,109.0356457,34.252774,18609280261,肉夹馍,text
B0IUOB6ORV,赵天琦米线公司(龙湖店),韩森东路龙湖璟宸112号楼2单元102商铺,灞桥区,西安市,餐饮服务;中餐厅;中餐厅,109.037323,34.258098,109.0323156,34.2594419,17391919030,肉夹馍,text
B0LD7O1RXT,东城土鸡汤米线店,纺正街纺四路十字西北角1-3号,灞桥区,西安市,餐饮服务;餐饮相关场所;餐饮相关,109.064539,34.264723,109.0594416,34.2660047,17792213005,肉夹馍,text
B0ID752YO4,马桂花鸭汤米线(枣园刘新区店),纺四路294号枣园刘新区,灞桥区,西安市,餐饮服务;快餐厅;快餐厅,109.071648,34.264628,109.0665326,34.2658987,18292817521,肉夹馍,text
B0K12D932S,真味腊汁肉夹馍,纺织城正街与纺科路交叉口西20米,灞桥区,西安市,餐饮服务;快餐厅;快餐厅,109.064552,34.265763,109.0594544,34.2670443,18192618183,肉夹馍,text
B0MG6RIE6Q,彭家正汤(龙湖天街店),十里铺街道草北社区商业街楼1-11/12号,灞桥区,西安市,餐饮服务;中餐厅;中餐厅,109.036228,34.262023,109.0312244,34.2633682,17792295181,肉夹馍,text
B0K1VHROEI,超享乐剁椒面(龙湖香醍天街店),龙湖香醍天街A馆B1-C01,灞桥区,西安市,餐饮服务;中餐厅;中餐厅,109.037335,34.262363,109.0323272,34.2637052,17791205855,肉夹馍,text
B0KDY9YU2Z,赵天琦米线公司(韩森寨店),爱学路25街坊临街商铺(158车站旁),新城区,西安市,餐饮服务;快餐厅;快餐厅,109.005702,34.253492,109.0008252,34.2549288,18092974243,肉夹馍,text
B001D06E55,端履门腊汁肉店,公园南路172号(公园南路地铁站A口步行350米),新城区,西安市,购物服务;综合市场;农副产品市场,109.006254,34.253832,109.0013748,34.255267,13572811832;18109233870,肉夹馍,text
B0K3D7QHIY,凡腾饸饹面馆(林河世家店),纺四路林河世家1幢1单元10109室,灞桥区,西安市,餐饮服务;餐饮相关场所;餐饮相关,109.07079,34.265204,109.0656766,34.2664757,,肉夹馍,text
B0L07C2EFL,王老六腊汁肉夹馍,纺南路1号延河小区西区(穆将王地铁站D口步行270米),灞桥区,西安市,餐饮服务;中餐厅;中餐厅,109.060101,34.251736,109.0550171,34.2530308,,肉夹馍,text
B0KUCRZ49E,张凌峰肉夹馍,尚俭路与东一路十字东北角,新城区,西安市,餐饮服务;餐饮相关场所;餐饮相关,108.965186,34.262213,108.9604722,34.2637605,15934298989,肉夹馍,text
B0MG0HH8DV,袁记肉夹馍草北店,韩森东路24号,灞桥区,西安市,餐饮服务;中餐厅;中餐厅,109.035632,34.261517,109.0306308,34.262864,13839449356,肉夹馍,text
B0FFGACMM9,张军美味源菜夹馍(田马路店),田马路与等驾坡路辅路交叉口北60米,雁塔区,西安市,餐饮服务;餐饮相关场所;餐饮相关,109.03465,34.23533,109.0296548,34.2366897,,肉夹馍,text
B0FFG77I2K,老潼关肉夹馍(西安雁塔区),田家湾恒大绿洲59栋(田家湾地铁站D口步行190米),雁塔区,西安市,餐饮服务;中餐厅;特色/地方风味餐厅,109.04063,34.251068,109.0356108,34.2524062,15891710552,肉夹馍,text
B0FFF3S317,魏家凉皮(城东交通枢纽店),纺织城地铁站D东北口旁负一层,灞桥区,西安市,餐饮服务;中餐厅;中餐厅,109.069733,34.280062,109.0646208,34.2813291,029-83528612;029-89588214,肉夹馍,text
B0L337BELG,陕焰·肉夹馍(韩森东路店),韩森东路东段139号新东尚小区4栋10105室,新城区,西安市,餐饮服务;中餐厅;中餐厅,109.019425,34.259225,109.0144894,34.2606184,,肉夹馍,text
B0KUZSGTFE,木逗娃肉夹馍,[],灞桥区,西安市,餐饮服务;中餐厅;中餐厅,109.04635,34.256976,109.0413098,34.2582979,17629037165,肉夹馍,text
B0FFL2XY9M,香辣土豆片夹馍,纺织城正街256号西安纺织城商业大厦,灞桥区,西安市,餐饮服务;快餐厅;快餐厅,109.064519,34.263674,109.0594217,34.2649562,13060399730;13402968530,肉夹馍,text
B001D0W903,魏家凉皮(西北水电大厦店),南院门街道南大街3号(中大国际对面),碑林区,西安市,餐饮服务;中餐厅;中餐厅,108.947339,34.253529,108.9426825,34.2551176,029-87219096,肉夹馍,text
B0LDOAV4CN,秦豫肉夹馍(骡马市总店),步行街1号兴正元广场南区3号,碑林区,西安市,餐饮服务;中餐厅;中餐厅,108.950381,34.256357,108.9457156,34.2579389,18291821878,肉夹馍,text
B0L1OZNPS0,西华肉丸胡辣汤·腊牛肉夹馍,鹿塬街160号林河世家11栋1单元1层10107,灞桥区,西安市,餐饮服务;中餐厅;中餐厅,109.073032,34.267049,109.0679132,34.2683168,13379008563,肉夹馍,text
B0J1HS1A6Y,奔跑吧陕菜·渭水长安(华阳城店),长乐东路999号华阳城购物中心5层HY505,灞桥区,西安市,餐饮服务;中餐厅;西北菜,109.071883,34.279972,109.0667657,34.2812361,15596674857,肉夹馍,text
B0J06UO2SH,解家凉皮肉夹馍,新科路43号,新城区,西安市,餐饮服务;餐饮相关场所;餐饮相关,109.011855,34.247631,109.0069524,34.2490515,17792392598,肉夹馍,text
B0H3HS0V07,老韩家肉丸胡辣汤腊牛肉夹馍(金花北路店),金花北路41号5门面房,新城区,西安市,餐饮服务;中餐厅;中餐厅,108.995976,34.275608,108.991139,34.2770652,18095268249,肉夹馍,text
B0G3VBBE52,福满长安陕菜·烧烤(钟楼店),西安百货大厦北门旁,碑林区,西安市,餐饮服务;中餐厅;中餐厅,108.947584,34.255912,108.9429267,34.2574992,029-85221901,肉夹馍,text
B0FFKXO9NW,如意腊汁肉夹馍,田马路6号(田家湾地铁站B口步行440米),雁塔区,西安市,餐饮服务;中餐厅;中餐厅,109.033687,34.250236,109.0286942,34.2515926,,肉夹馍,text
B0LKF7UBI2,滋味坊米皮腊汁肉夹馍,广厦水岸东方三期北门西110米,灞桥区,西安市,餐饮服务;中餐厅;中餐厅,109.046125,34.261475,109.0410852,34.2627957,,肉夹馍,text
B0KATZPLZK,奔跑吧陕菜·常来长安(钟楼南大街店),南大街54号二层,碑林区,西安市,餐饮服务;中餐厅;中餐厅,108.946622,34.256278,108.9419673,34.2578668,029-87320866;13186198986,肉夹馍,text
B0K32C8I82,子午路张记肉夹馍(中贸广场店),四民巷52号中贸广场北区,碑林区,西安市,餐饮服务;中餐厅;中餐厅,108.946565,34.244706,108.9419114,34.2462994,029-87356868,肉夹馍,text
B0H26U0EJQ,老三米线,西安行知中学北2门东80米,新城区,西安市,餐饮服务;餐饮相关场所;餐饮相关,109.004334,34.253511,108.9994631,34.2549519,17677128467;18391455383,肉夹馍,text
B0GD9MJWFQ,小馋虫麻食(爱学路店),爱学路中段二十五街坊15号楼5单元1层1号,新城区,西安市,餐饮服务;中餐厅;中餐厅,109.00544,34.253499,109.0005644,34.2549366,18192171059,肉夹馍,text
B0FFGPTJMM,潼关肉夹馍砂锅(田家湾店),浐灞生态区等驾坡街道田家湾田北方浴池西边14号门面房南起第六间房,雁塔区,西安市,餐饮服务;餐饮相关场所;餐饮相关,109.039534,34.252141,109.0345188,34.2534815,13846234869;18292035355,肉夹馍,text
B0FFF653EO,老东关超凡腊汁肉夹馍(纺织城店),鹿塬街178号北侧,灞桥区,西安市,餐饮服务;中餐厅;中餐厅,109.071199,34.272084,109.066084,34.2733523,029-83477432;13572204769,肉夹馍,text
B0I30OMUQ0,子午路张记肉夹馍(钟楼店),北大街113号通济广场一层L1-5号,新城区,西安市,餐饮服务;中餐厅;中餐厅,108.947449,34.266445,108.9427912,34.2680283,15319923095,肉夹馍,text
B0FFJDT9UM,奔跑吧陕菜·盛世长安(民乐园万达店),"解放路0111号民乐园万达五楼(509,510,511,512)商铺",新城区,西安市,餐饮服务;中餐厅;西北菜,108.964116,34.268943,108.9594054,34.2704903,029-87386681;15529208339,肉夹馍,text
B0FFGOZ079,长安记·传承陕菜·长安三万里(钟楼店),通济中坊14号二楼南,新城区,西安市,餐饮服务;中餐厅;特色/地方风味餐厅,108.94743,34.266875,108.9427722,34.2684581,029-87210690,肉夹馍,text
B0FFILF70A,马奎肉丸胡辣汤(浐灞新城翠园小区店),水香路与纺建东路交叉口南200米,灞桥区,西安市,餐饮服务;中餐厅;中餐厅,109.076808,34.273811,109.0716803,34.2750712,17629050267;17629052625,肉夹馍,text
B0HRLU2L1G,赵天琦米线公司(纺织城店),纺建路140号地铁1号线半坡D口出东南方100米左右,灞桥区,西安市,餐饮服务;中餐厅;中餐厅,109.058776,34.274693,109.0536941,34.2759811,15877323720,肉夹馍,text
B0IUTZ1G8J,魏家凉皮(唐都医院2店),空军军医大学唐都医院东门东南60米,灞桥区,西安市,餐饮服务;中餐厅;中餐厅,109.063463,34.28165,109.058367,34.2829266,029-83620721,肉夹馍,text
B0HA4HQX2C,赵天琦米线公司(创始店·灞柳店),东城大道以北柳林居小区1号商铺,灞桥区,西安市,餐饮服务;中餐厅;中餐厅,109.068482,34.305398,109.0633708,34.306656,18049410417;18792744759,肉夹馍,text
B0L2VZ7XSN,子午路张记肉夹馍(凯德御锦城店),B1-32(浐河地铁站A2西北口步行220米),灞桥区,西安市,餐饮服务;中餐厅;中餐厅,109.043675,34.276625,109.0386426,34.2779454,18192242471,肉夹馍,text
B0L0P11UI3,子午路张记肉夹馍(唐都医院店),新寺路与新医路交叉口西40米,灞桥区,西安市,餐饮服务;快餐厅;快餐厅,109.062374,34.281743,109.0572811,34.2830215,13359233972,肉夹馍,text
B0L1XXS01Z,子午路张记肉夹馍(华阳城店),席王街道长乐东路999号西安华阳城购物中心5层5-02,灞桥区,西安市,餐饮服务;中餐厅;中餐厅,109.071625,34.279875,109.0665083,34.2811395,,肉夹馍,text
B0FFGT3VGA,飞鸿肉夹馍(唐都医院店),席王新村16号唐都医院正南门对面,灞桥区,西安市,餐饮服务;中餐厅;中餐厅,109.063974,34.28162,109.0588766,34.2828957,,肉夹馍,text
B0L3KUCAC9,灞柳源肉夹馍,新医路33号(纺二路地铁站D口步行460米),灞桥区,西安市,餐饮服务;中餐厅;中餐厅,109.063421,34.274327,109.0583258,34.2756067,18792462390,肉夹馍,text
B0GR1AY3FU,狗峰丸子汤肉夹馍馆(辰宇·世纪城店),电厂路辰宇世纪城安置楼东7号商铺,灞桥区,西安市,餐饮服务;中餐厅;中餐厅,109.053425,34.279167,109.0483592,34.2804641,13669293176;18966733147,肉夹馍,text
B0FFF652IV,成记腊汁肉夹馍(纺织城店),西安纺织城纺建路289号,灞桥区,西安市,餐饮服务;中餐厅;中餐厅,109.05825,34.27491,109.0531696,34.276199,17782582339,肉夹馍,text
B001D0WLGE,李老四腊牛肉夹馍(长乐新城D区店),韩森路145号长乐新城D区,新城区,西安市,餐饮服务;中餐厅;清真菜馆,109.007449,34.259222,109.0025643,34.2606512,13379088820,肉夹馍,text
B0L3D55TZ8,子午路张记肉夹馍,长乐商业楼(康复路地铁站D东北口步行380米),新城区,西安市,餐饮服务;快餐厅;快餐厅,108.988672,34.269223,108.9838663,34.2707044,029-88456839,肉夹馍,text
B0FFJ6VHJX,思乐过桥米线(华阳金街店),华阳金街3-30116,灞桥区,西安市,餐饮服务;中餐厅;中餐厅,109.072468,34.280577,109.0673493,34.28184,15109336231,肉夹馍,text
B0LDNAYQHC,格尚肉夹馍,融创宸阅和鸣2-10103商铺长乐破地铁D口向东20米,灞桥区,西安市,餐饮服务;餐饮相关场所;餐饮相关,109.031869,34.272445,109.0268815,34.2737977,,肉夹馍,text
B0LALZIGN2,秦三金肉夹馍店,普华浅水湾,灞桥区,西安市,餐饮服务;餐饮相关场所;餐饮相关,109.07969,34.296021,109.0745546,34.2972685,15596631736,肉夹馍,text
B0IKXHSOAQ,飞鸿肉夹馍(通化门店),长乐西路34号(通化门地铁站D东北口步行140米),新城区,西安市,餐饮服务;餐饮相关场所;餐饮相关,108.997547,34.269748,108.9927038,34.2712029,18991871090,肉夹馍,text
B0IAV1QD8X,李记肉丸胡辣汤腊牛肉夹馍(中国中铁·缤纷新城店),纺织城西街108号中国中铁·缤纷新城,灞桥区,西安市,餐饮服务;中餐厅;中餐厅,109.060236,34.255093,109.0551515,34.2563863,,肉夹馍,text
B0I25AAWT1,老黄家肉丸糊辣汤腊牛肉夹馍,鹿塬街7号,灞桥区,西安市,餐饮服务;中餐厅;清真菜馆,109.072219,34.270085,109.0671018,34.2713527,17629084581;17629085973;17766663110,肉夹馍,text
B0GDUC7Q21,王魁腊汁肉夹馍(兴庆路店),兴庆路兴庆坊邮局路口,碑林区,西安市,餐饮服务;中餐厅;中餐厅,108.988683,34.261528,108.9838779,34.2630125,13659280221,肉夹馍,text
B0G1ZR7CBK,白记啸林老潼关肉夹馍,林河世家东1门旁,灞桥区,西安市,餐饮服务;中餐厅;中餐厅,109.072725,34.266075,109.067607,34.2673436,,肉夹馍,text
B0FFK653ZV,子午路张记肉夹馍,解放路103号民生百货(解放路店),新城区,西安市,餐饮服务;快餐厅;快餐厅,108.963554,34.267043,108.9588455,34.2685924,18590354478,肉夹馍,text
B0FFG1G5AM,袁师傅腊汁肉夹馍(纺一路店),纺一路23号(公安灞桥分局),灞桥区,西安市,餐饮服务;中餐厅;中餐厅,109.071185,34.27247,109.06607,34.2737382,13991963415;18892069152,肉夹馍,text
B0FFFA8VHZ,秦豫肉夹馍(东羊市店),马厂子东羊市5号(大差市地铁站C东南口步行350米),碑林区,西安市,餐饮服务;中餐厅;中餐厅,108.9616,34.25669,108.9568991,34.2582481,18700976527,肉夹馍,text
B0FFGFQGQE,马家肉夹馍,王寺南街与中二巷交叉口东北20米,长安区,西安市,餐饮服务;中餐厅;中餐厅,108.801872,34.257667,108.7971719,34.2591474,15596676535,肉夹馍,around
B0LBCCDHJU,李老三肉丸糊辣汤腊牛肉夹馍,沣东大道与宁泰路交叉口西南40米,长安区,西安市,餐饮服务;中餐厅;中餐厅,108.800839,34.25929,108.7961375,34.2607682,15399062962,肉夹馍,around
B001D10WPJ,李家腊汁肉夹馍(沣东大道店),沣东大道与中一巷交叉口西南20米,长安区,西安市,餐饮服务;中餐厅;中餐厅,108.80593,34.259349,108.8012353,34.2608351,18309210929,肉夹馍,around
B0MDT7CE6U,山西油酥饼夹馍,西咸新区沣东新城薛朋诊所东侧110米,未央区,西安市,餐饮服务;中餐厅;中餐厅,108.827775,34.251625,108.8231158,34.2531528,,肉夹馍,around
B0MG0CHKH9,昝氏古法卤肉夹馍,富源二路昆明路立丰·昆明时光二区,未央区,西安市,餐饮服务;中餐厅;中餐厅,108.837275,34.251375,108.832632,34.2529208,,肉夹馍,text
B0FFHMSA1C,苏老二肉丸胡辣汤腊牛肉夹馍,天台路与阿房一路交叉口南60米,未央区,西安市,餐饮服务;中餐厅;中餐厅,108.825613,34.267458,108.8209488,34.2689755,18392036980,肉夹馍,text
B0JDFAVDB8,圣晖肉夹馍(保利和光店),西咸新区沣东新城王寺街道保利和光尘樾21-1-109,长安区,西安市,餐饮服务;餐饮相关场所;餐饮相关,108.801465,34.284524,108.7967622,34.2859928,18220060766,肉夹馍,text
B0KK2D5X7F,老古城肉夹馍·凉皮·米线(建材市场店),天台路建材市场北排12-13号,未央区,西安市,餐饮服务;中餐厅;中餐厅,108.823864,34.27718,108.819196,34.2786902,18091588266,肉夹馍,text
B0I12O8RDQ,热米皮肉夹馍(红光花园店),红光路10号红光花园,未央区,西安市,餐饮服务;中餐厅;中餐厅,108.846338,34.259241,108.8417095,34.2608005,15771720200,肉夹馍,text
B0LUY7WQY8,诗与米线,蓝光公园华府二期1-3-120,未央区,西安市,餐饮服务;中餐厅;中餐厅,108.815803,34.284639,108.8111212,34.2861315,13636813390,肉夹馍,text
B0LG012PHQ,贺家腊汁肉夹馍,三桥街道天台社区八路锦绣市场外铺6号,未央区,西安市,餐饮服务;快餐厅;快餐厅,108.814459,34.285274,108.809775,34.2867638,15091183723,肉夹馍,text
B0LG2LJKMS,张兴邦擀面皮·肉夹馍,阿房二路与宜家路交叉口西60米,未央区,西安市,餐饮服务;餐饮相关场所;餐饮相关,108.846488,34.273381,108.8418586,34.274935,17602900201,肉夹馍,text
B0MGRRLJ01,西府碎蛮儿豆花泡馍,三桥街道华润二十四城二期南门向东20米22-10107,未央区,西安市,餐饮服务;中餐厅;西北菜,108.823183,34.291538,108.8185127,34.2930409,13709289377,肉夹馍,text
B0HDGKMLUZ,香探花·擀面皮肉夹馍(三桥店),征和六路(华润置地·二十四城),未央区,西安市,餐饮服务;餐饮相关场所;餐饮相关,108.823433,34.291543,108.8187631,34.2930463,15202445443,肉夹馍,text
B0LK2ZQV5T,超享乐剁椒面(大旺城店),大庆西路81号大旺城购物中心1层025号,莲湖区,西安市,餐饮服务;餐饮相关场所;餐饮相关,108.856932,34.268077,108.8523189,34.2696513,17391817853,肉夹馍,text
B0FFIKFWSB,邢老三肉丸糊辣汤腊牛肉夹馍(双拥路店),阿房一路6号巨威大秦郡,未央区,西安市,餐饮服务;中餐厅;中餐厅,108.832129,34.288052,108.8274743,34.2895731,,肉夹馍,text
B0FFIYA2UT,土豆片夹馍,三桥街道三桥新街华润万象城金街2-10102号,未央区,西安市,餐饮服务;中餐厅;中餐厅,108.827133,34.290965,108.8224695,34.2924755,13572419059,肉夹馍,text
B0J15SWUTJ,周至粉蒸肉夹馍(万象城C座店),三桥街道万象城金街南(三桥地铁站B西南口步行420米),未央区,西安市,餐饮服务;快餐厅;快餐厅,108.828436,34.290754,108.8237747,34.292267,15249190355,肉夹馍,text
B0LUBXOFVV,陶啊瞒南七饸饹肉夹馍(三五零七店),昆明池路55号(汉城南路地铁站B口步行330米),雁塔区,西安市,餐饮服务;餐饮相关场所;餐饮相关,108.869267,34.25112,108.8646707,34.2527198,,肉夹馍,text
B0FFL4SS1H,秦镇史玉林凉皮(大寨路店),新乐城4号楼,雁塔区,西安市,餐饮服务;快餐厅;快餐厅,108.873561,34.244826,108.8689694,34.2464338,029-84248233;19802908621,肉夹馍,text
B0GKRDBMQP,煜满鑫李家肉夹馍,启航时代广场中段A12-05,未央区,西安市,餐饮服务;中餐厅;中餐厅,108.81422,34.301137,108.8095343,34.3026195,13119102154;13892874441,肉夹馍,text
B0JKX7PS35,超享乐剁椒面(元谷店),元谷Mall商业广场室内步行街5层SJ5-18号,雁塔区,西安市,餐饮服务;中餐厅;中餐厅,108.882364,34.250546,108.8777785,34.2521613,18220877313,肉夹馍,text
B0H2N7H9BK,老韩家肉丸糊辣汤(汉城西路店),汉城南路96号金辉优步花园,莲湖区,西安市,餐饮服务;中餐厅;中餐厅,108.870475,34.262193,108.8658791,34.2637901,13152325785;13659267498,肉夹馍,text
B0FFM6TUM0,光头肉夹馍(丰盛路店),西咸新区沣东新城三桥街道办事处西纺一村42号,未央区,西安市,餐饮服务;中餐厅;中餐厅,108.856219,34.272862,108.8516045,34.2744332,18220098782;18710912679,肉夹馍,text
B0FFFA92ZB,三桥老街腊汁肉夹馍(天人路店),天人路南100米,长安区,西安市,餐饮服务;中餐厅;中餐厅,108.798421,34.275842,108.7937151,34.2773099,,肉夹馍,text
B0IGKOMFKU,二胡腊汁肉夹馍岐山臊子面(汉城南路店),鸣元·名居西门旁(汉城南路地铁站D口步行140米),莲湖区,西安市,餐饮服务;中餐厅;中餐厅,108.87244,34.254246,108.8678466,34.2558488,13474555613,肉夹馍,text
B0FFMGARZG,王家肉夹馍凉皮(万象城金街店),万象城金街2-10173商铺,未央区,西安市,餐饮服务;中餐厅;中餐厅,108.828766,34.290691,108.8241053,34.2922046,15619356820,肉夹馍,text
B0FFIG3JJY,陕食尚老潼关肉夹馍(万象城店),三桥新街1076号西咸万象城L1层,未央区,西安市,餐饮服务;中餐厅;中餐厅,108.829775,34.289425,108.8251161,34.2909411,15349245981,肉夹馍,text
B0MDR1CQCS,阿房一路腊汁肉夹馍,富源一路与阿房一路交叉口南20米,未央区,西安市,餐饮服务;中餐厅;中餐厅,108.832903,34.268272,108.8282512,34.2698028,18220557800,肉夹馍,text
B0LD6SC1MV,八亩沟擀面皮夹馍(宏府鹍翔荟店),枣园街道汉城南路宏府鹍翔荟23号楼5栋3单元1层10102号商铺,莲湖区,西安市,餐饮服务;餐饮相关场所;餐饮相关,108.871048,34.25554,108.8664532,34.2571405,13099071867,肉夹馍,text
B0K3RZWBN2,上官脆皮菜夹馍,昆明路330号金辉悦府8号楼底商,雁塔区,西安市,餐饮服务;中餐厅;中餐厅,108.868654,34.25085,108.8640571,34.2524491,17792276010,肉夹馍,text
B0J2G9I2YA,焦立柱肉夹馍,天台路天台六路口066号,未央区,西安市,餐饮服务;中餐厅;中餐厅,108.825279,34.277145,108.8206134,34.2786579,17391130669,肉夹馍,text
B0H1OXXFDV,汉中凉皮(海伦春天2期店),海伦春天2期南门旁,未央区,西安市,餐饮服务;中餐厅;中餐厅,108.847746,34.269122,108.8431189,34.27068,18094521974,肉夹馍,text
B0FFF6548X,老地方米线(汉城南路店),611起点站对面,莲湖区,西安市,餐饮服务;中餐厅;中餐厅,108.872181,34.267751,108.8675863,34.269348,,肉夹馍,text
B001D07Z5L,新邢餐馆(肉丸胡辣汤腊牛肉夹馍店),团结西路159号,莲湖区,西安市,餐饮服务;中餐厅;中餐厅,108.872383,34.264834,108.8677887,34.2664325,13384921627;13991333765,肉夹馍,text
B0LGPRQSOX,艺宛秦镇米皮(阿房四路店),阿房四路福星苑小区门口往西8号商铺,未央区,西安市,餐饮服务;中餐厅;中餐厅,108.847915,34.282649,108.8432871,34.2842017,18729987292,肉夹馍,text
B0LGF7S6VD,雍小匠擀面皮,汉城南路金辉优步花园西侧,莲湖区,西安市,餐饮服务;餐饮相关场所;餐饮相关,108.868216,34.262188,108.8636177,34.263782,18400879110,肉夹馍,text
B0L057U8W1,子午路张记肉夹馍三桥店,华宇东原阅境8号楼20101,未央区,西安市,餐饮服务;中餐厅;中餐厅,108.851429,34.288472,108.8468061,34.2900284,15202933618,肉夹馍,text
B0FFJ1TSAG,刘东权秦镇米皮(西安米莱酒店店),阿房四路三桥新村1期8栋,未央区,西安市,餐饮服务;中餐厅;中餐厅,108.836578,34.282602,108.8319313,34.2841338,13891823936;18049080072,肉夹馍,text
B0FFJ4HGS6,肉丸胡辣汤腊牛肉夹馍,三桥街道阿房一路与天台路交叉口东160米,未央区,西安市,餐饮服务;中餐厅;中餐厅,108.827254,34.268383,108.8225925,34.2699032,,肉夹馍,text
B0MG2H27TR,陕焰·肉夹馍(中航华府店),大寨路279号,雁塔区,西安市,餐饮服务;中餐厅;中餐厅,108.856395,34.244908,108.851783,34.2464906,13892465089,肉夹馍,text
B0M6R13IQK,土豆片夹馍,鱼跃路与富源三路交叉口东120米,雁塔区,西安市,餐饮服务;中餐厅;中餐厅,108.826875,34.241725,108.822215,34.243255,,肉夹馍,text
B0LR7AHXLR,康哥肉夹馍(三桥店),三桥新街633号中建·开元城,未央区,西安市,餐饮服务;中餐厅;中餐厅,108.832219,34.2928,108.827564,34.2943192,,肉夹馍,text
B0LB7RFFE2,清真肉丸糊辣汤腊牛肉夹馍,昆明路西段561号立丰·昆明时光三区,未央区,西安市,餐饮服务;中餐厅;清真菜馆,108.832225,34.253275,108.8275732,34.2548106,,肉夹馍,text
B0KASZKV18,老韩家清真肉丸胡辣汤腊汁肉夹馍(中建·开元城店),三桥街道拥军路中建开元城商铺4-20119,未央区,西安市,餐饮服务;餐饮相关场所;餐饮相关,108.832109,34.292106,108.8274539,34.2936253,15529525879,肉夹馍,text
B0K325DYQM,红辉光头肉夹馍,枣园西路162号骊山汽车家属院401楼一层第四间,莲湖区,西安市,餐饮服务;快餐厅;快餐厅,108.861776,34.278542,108.8571686,34.2801198,18821629585,肉夹馍,text
B0FFKVYW0R,左左香老潼关肉夹馍(宜家家居店),搜宝中心西门北100米,未央区,西安市,餐饮服务;中餐厅;中餐厅,108.847372,34.285899,108.842743,34.2874493,,肉夹馍,text
B0FFHZZUYL,光头肉夹馍(化运菜市场店),枣园西路221号化运综合市场7-8号,莲湖区,西安市,餐饮服务;餐饮相关场所;餐饮相关,108.85831,34.284789,108.8536975,34.2863586,13389251417,肉夹馍,text
B0MGRGJADT,左左香老潼关肉夹馍,红光路与阿房路交叉口西200米,未央区,西安市,餐饮服务;中餐厅;中餐厅,108.851525,34.259575,108.8469046,34.2611436,18791996163,肉夹馍,text
B0L617GYRB,秦宫腊汁肉夹馍(团结南路)店,团结南路西悾十八街坊一楼商铺,莲湖区,西安市,餐饮服务;快餐厅;快餐厅,108.881896,34.260317,108.8773094,34.261928,15388611023,肉夹馍,text
B0J05UU4SS,怡路佳天府米线(华宇东原阅境店),阅镜18号楼商铺10112,未央区,西安市,餐饮服务;快餐厅;快餐厅,108.84997,34.286389,108.8453451,34.2879437,13426372813;13488222212,肉夹馍,text
B0H129DBWV,贺师傅腊汁肉夹馍,红光路与汇才巷交叉口西南40米,莲湖区,西安市,餐饮服务;中餐厅;中餐厅,108.861162,34.2592,108.8565554,34.2607847,13022861958,肉夹馍,text
B0FFM7BOOU,马记凉皮夹馍(西安西咸万象城店),三桥街道三桥新街1076号西安西咸万象城F1层,未央区,西安市,餐饮服务;餐饮相关场所;餐饮相关,108.829283,34.290298,108.8246232,34.2918128,15691937863;17792217253,肉夹馍,text
B0MBD6EYX3,秦味腊汁肉夹馍,阿房路与红光路交叉口北180米,未央区,西安市,餐饮服务;中餐厅;中餐厅,108.853725,34.260825,108.8491078,34.2623969,,肉夹馍,text
B0L1LKCPRQ,清真兰家肉丸胡辣汤,海伦春天2期,未央区,西安市,餐饮服务;餐饮相关场所;餐饮相关,108.849638,34.269132,108.8450139,34.2706934,,肉夹馍,text
B0KDBORY03,西咸新区沣东新城陈家腊汁肉夹馍,新城三桥街道阿房一路社区阿房一路海伦春天一期东侧商铺A07,未央区,西安市,餐饮服务;中餐厅;中餐厅,108.850405,34.26895,108.8457821,34.2705128,13572422314,肉夹馍,text
B0FFI18BEP,三桥老街口孔记肉夹馍,蔺高新居东侧180米,未央区,西安市,餐饮服务;中餐厅;中餐厅,108.836074,34.277907,108.8314268,34.2794398,,肉夹馍,text
B0MDFD94T1,佳佳菜夹馍(三桥店),西咸新区沣东新城三桥街道武警路社区三桥街道电信楼商业108号,未央区,西安市,餐饮服务;中餐厅;中餐厅,108.835673,34.288585,108.8310243,34.2901125,,肉夹馍,text
B0M6XYNXMU,腊牛肉夹馍,海伦春天2期,未央区,西安市,餐饮服务;中餐厅;中餐厅,108.849625,34.269175,108.8450009,34.2707363,,肉夹馍,text
B0LG076FU5,子午路张记肉夹馍(鼓楼店),旭弘大厦(广济街地铁站D1口步行50米),莲湖区,西安市,餐饮服务;中餐厅;中餐厅,108.940084,34.259573,108.935446,34.2611711,13838064907,肉夹馍,text
B0MDJOKYCZ,骨汤麻什孜然夹馍,大寨路与石桥一路交叉口东北60米,雁塔区,西安市,餐饮服务;中餐厅;中餐厅,108.847725,34.245575,108.8430998,34.2471423,,肉夹馍,around
B0MAD1J9V2,六元卤肉夹馍,富源二路昆明路立丰·昆明时光二区,未央区,西安市,餐饮服务;中餐厅;中餐厅,108.837275,34.251375,108.832632,34.2529208,,肉夹馍,around
B0K2S1CV2R,老谢肉夹馍,未央区社区服务中心西南侧60米,未央区,西安市,餐饮服务;中餐厅;中餐厅,108.820454,34.266657,108.8157812,34.2681653,18292478865,肉夹馍,around
B0H3HRZIWE,天汉凉皮肉夹馍(西辛庄店),高新六路6号西辛庄,雁塔区,西安市,餐饮服务;中餐厅;中餐厅,108.875225,34.232875,108.8706359,34.2344894,,肉夹馍,around
B0FFFCO9J3,樊记腊汁肉夹馍(科技路店),科技路西口都市印象16栋1楼(华润万家对面),雁塔区,西安市,风景名胜;风景名胜相关;旅游景点,108.87393,34.237917,108.8693393,34.2395279,,肉夹馍,around
B0LKT1Y4TU,馍阿哥肉夹馍·油泼面,昆明路6号天朗·莱茵小城,莲湖区,西安市,餐饮服务;中餐厅;中餐厅,108.86485,34.253323,108.8602485,34.2549157,,肉夹馍,around
B0KDSO4Q03,小马腊牛肉夹馍肉丸胡辣汤(三五零七社区店),三五零七社区东门旁(汉城南路地铁站B口步行440米),雁塔区,西安市,餐饮服务;中餐厅;中餐厅,108.868955,34.249989,108.8643585,34.2515888,,肉夹馍,around
B0MA2UQR0E,小胖肉夹馍,科技路与高新六路交叉口南160米,雁塔区,西安市,餐饮服务;中餐厅;中餐厅,108.876475,34.235775,108.8718867,34.2373898,,肉夹馍,around
B0LAC9FXV6,彭家正汤肉丸胡辣汤腊牛肉夹馍(科技路店)(暂停营业),高新六路二号七星花园1号楼10103商铺,雁塔区,西安市,餐饮服务;餐饮相关场所;餐饮相关,108.87659,34.236907,108.8720017,34.2385215,18161898242,肉夹馍,around
B0MGOZUS1R,老王家腊汁肉夹馍(高新大寨路店),大寨路6号莱安逸珲,莲湖区,西安市,餐饮服务;中餐厅;中餐厅,108.875425,34.243725,108.8708352,34.2453355,,肉夹馍,around
B0FFJH2566,老韩家腊牛肉夹馍肉丸糊辣汤(昆明路店),昆明路2号老韩家肉丸胡辣汤,雁塔区,西安市,餐饮服务;中餐厅;中餐厅,108.881271,34.252075,108.8766847,34.2536887,18192140526;18700089513,肉夹馍,text
B0LG2ZE2U3,超享乐剁椒面(延平门店),唐延中心城三秦文化美食街区南区C5,莲湖区,西安市,餐饮服务;餐饮相关场所;餐饮相关,108.889003,34.237686,108.8844212,34.2393118,15202466125,肉夹馍,text
B0FFI71YIW,夏家味道(华府·新桃园店),大寨路1号华府新桃园8号楼东侧2号小门面,莲湖区,西安市,餐饮服务;中餐厅;中餐厅,108.886571,34.245448,108.8819878,34.247069,15991801168,肉夹馍,text
B0JGZUGDLU,超享乐剁椒面(旺座·国际城店),唐延路与科技路交叉口东南180米,雁塔区,西安市,餐饮服务;中餐厅;中餐厅,108.891193,34.23594,108.8866118,34.2375679,19591554215,肉夹馍,text
B0HGKRJ4M3,曹记口口香秦镇米皮肉夹馍店,汉城南路611起点站对面曹记口口香秦镇米皮肉夹馍店,莲湖区,西安市,餐饮服务;中餐厅;特色/地方风味餐厅,108.872198,34.267507,108.8676033,34.2691042,18220309547,肉夹馍,text
B0JDCDQB8R,小白龙笼笼肉夹馍,科技路305号大都荟一楼小白龙店,雁塔区,西安市,餐饮服务;餐饮相关场所;餐饮相关,108.893659,34.237483,108.8890779,34.2391118,18827086874,肉夹馍,text
B0FFGFPBNC,张军擀面皮岐山面(新桃园店),大寨路华府新桃园4号楼01商铺,莲湖区,西安市,餐饮服务;中餐厅;中餐厅,108.885022,34.24584,108.8804382,34.2474596,18709282949,肉夹馍,text
B0L3O5YFYB,陕焰·肉夹馍(沣镐西路店),丰镐西路215号楼(土门地铁站B口步行310米),莲湖区,西安市,餐饮服务;中餐厅;中餐厅,108.886744,34.259573,108.8821598,34.2611886,13325487583;15534832261,肉夹馍,text
B0FFILH8ZQ,老潼关肉夹馍(庆怡小区店),天和长大厦西门北50米(土门地铁站B口步行250米),莲湖区,西安市,餐饮服务;中餐厅;中餐厅,108.890218,34.257794,108.8856349,34.2594129,,肉夹馍,text
B0FFFGROSU,老潼关肉夹馍(西辛庄店),高新六路6号西辛庄,雁塔区,西安市,餐饮服务;中餐厅;中餐厅,108.875782,34.234695,108.8711932,34.2363094,,肉夹馍,text
B0JR0CRIRK,老潼关肉夹馍高新店(怀德巷店),怀德巷糜家桥新村87号,莲湖区,西安市,餐饮服务;中餐厅;中餐厅,108.893227,34.240568,108.8886456,34.2421954,15332317516,肉夹馍,text
B0MBFS490V,左左香老潼关肉夹馍(丈八西路店),丈八西路与西三环路南段交叉口西140米,雁塔区,西安市,餐饮服务;餐饮相关场所;餐饮相关,108.844775,34.197975,108.8401489,34.1995541,,肉夹馍,text
B0G10LGLNE,张二大鸡排腊汁肉夹馍(中航华府店),大寨路中航华府商业街,雁塔区,西安市,餐饮服务;餐饮相关场所;餐饮相关,108.855366,34.243538,108.8507526,34.2451194,,肉夹馍,text
B0LRUNC41Z,秦小么凉皮肉夹馍,团结南路与德兴巷交叉口西北60米,莲湖区,西安市,餐饮服务;中餐厅;中餐厅,108.881416,34.243294,108.8768305,34.2449112,,肉夹馍,text
B0FFGFPX5O,老潼关肉夹馍(科创路店),博文路51号蒋家寨小区,雁塔区,西安市,餐饮服务;快餐厅;快餐厅,108.904537,34.227019,108.8999542,34.228655,13572067118,肉夹馍,text
B0LG5L4CH5,杨子肉夹馍,前进大厦东南门旁,莲湖区,西安市,餐饮服务;中餐厅;中餐厅,108.905724,34.237703,108.9011396,34.2393351,13022934489,肉夹馍,text
B0LD0HBLTC,忆长安·孜然夹馍·疙瘩汤(高新店),唐兴路与高新六路交叉口东180米,雁塔区,西安市,餐饮服务;餐饮相关场所;餐饮相关,108.87912,34.233083,108.8745338,34.2347017,,肉夹馍,around
B0IR1AUQZL,肉夹馍(高新店),唐兴路11号,雁塔区,西安市,餐饮服务;餐饮相关场所;餐饮相关,108.879332,34.232975,108.874746,34.234594,,肉夹馍,around
B0MBFD6EAO,军嫂凉皮肉夹馍,团结南路12号GT Mall,雁塔区,西安市,餐饮服务;中餐厅;中餐厅,108.880325,34.231375,108.8757398,34.2329956,,肉夹馍,around
B0MAD1K93G,老杨家杂肝汤腊牛肉夹馍,唐兴路与团结南路辅路交叉口西160米,雁塔区,西安市,餐饮服务;餐饮相关场所;餐饮相关,108.880022,34.232874,108.8754365,34.2344937,,肉夹馍,around
B0LABU43S3,秦味德蒸肉馆,丈八北路575号旭景碧泽园,雁塔区,西安市,餐饮服务;中餐厅;西北菜,108.876475,34.245775,108.8718858,34.247386,,肉夹馍,around
B0MGH1UCPM,鱿鱼夹馍,民洁路与民新路交叉口东南20米,雁塔区,西安市,餐饮服务;中餐厅;中餐厅,108.876825,34.248925,108.8722359,34.2505352,,肉夹馍,around
B0MG2S1ZFD,陕焰·肉夹馍(融侨城店),融侨城四期,莲湖区,西安市,餐饮服务;中餐厅;中餐厅,108.884673,34.247993,108.8800888,34.2496114,13191191781;18182661301,肉夹馍,around
B0MGA7FIHV,苗苗手工水饺(太和时代广场店),太和时代广场C座109号,莲湖区,西安市,餐饮服务;中餐厅;特色/地方风味餐厅,108.886775,34.247775,108.8821917,34.2493953,17392589674,肉夹馍,around
B0K6NA4CBP,香探花擀面皮肉夹馍小锅米线油泼面(高新四路店),高新四路甲字8号嘉龙大厦1层103室,雁塔区,西安市,购物服务;购物相关场所;购物相关场所,108.896801,34.239298,108.8922196,34.2409276,15829213551,肉夹馍,around
B0MUUCX56C,潼臻味潼关肉夹馍·米线(高新水晶城店),科技路二路41号水晶城(甘家寨地铁站D口步行140米),雁塔区,西安市,餐饮服务;中餐厅;中餐厅,108.900925,34.224325,108.8963439,34.2259614,17391585155,肉夹馍,around
B0MUPOG4ZF,酥皮菜夹馍,昆明路与创新路南段交叉口东南40米,雁塔区,西安市,餐饮服务;中餐厅;中餐厅,108.884075,34.251975,108.8794902,34.2535914,,肉夹馍,around
B0MU4SABAX,秦味香肉夹馍,科技路39号亚美大厦一层1102号商铺,雁塔区,西安市,餐饮服务;中餐厅;中餐厅,108.900744,34.233132,108.8961623,34.2347651,18591759006,肉夹馍,around
B0JGPCHX9E,秦小么凉皮肉夹馍(海星城市广场店),科技路37号金鹰国际购物中心高新店B1层,雁塔区,西安市,餐饮服务;餐饮相关场所;餐饮相关,108.902665,34.232902,108.8980826,34.2345356,,肉夹馍,around
B0ID77ND5D,肉夹馍,土门街道益民坊29天主教西安教区圣安多尼堂内(南侧),莲湖区,西安市,餐饮服务;快餐厅;快餐厅,108.875209,34.256984,108.8706179,34.2585891,,肉夹馍,around
B0MD2S6APM,陕焰·肉夹馍(科创路店),博文路51号蒋家寨小区,雁塔区,西安市,餐饮服务;中餐厅;中餐厅,108.903566,34.227499,108.8989836,34.2291347,,肉夹馍,around
B0K2L7OYKG,老同学豆腐皮夹馍,高新区高新三路8号西高智能大厦,雁塔区,西安市,餐饮服务;餐饮相关场所;餐饮相关,108.900461,34.23976,108.8958788,34.2413906,,肉夹馍,around
B0MAPCWO8O,古城张记凉皮肉夹馍(高新店),科技路与高新路交叉口西60米,雁塔区,西安市,餐饮服务;中餐厅;中餐厅,108.903582,34.231051,108.8989993,34.2326854,,肉夹馍,around
B0FFIK6JI7,老潼关肉夹馍(汉城南路店),汉城南路与沣镐西路交叉口东南40米,莲湖区,西安市,餐饮服务;中餐厅;中餐厅,108.872295,34.259055,108.8677011,34.2606557,,肉夹馍,around
B0KUJXT65F,多多米皮,博文路与科创路交叉口南80米,雁塔区,西安市,餐饮服务;中餐厅;综合酒楼,108.905351,34.225521,108.9007678,34.2271575,18991362075,肉夹馍,around
B0LKJ51U4H,陕北羊肉面,高新一路17号113-2号,雁塔区,西安市,餐饮服务;中餐厅;特色/地方风味餐厅,108.904337,34.234802,108.8997536,34.2364351,,肉夹馍,around
B0MGXHXZPU,鼎香坊里脊肉夹膜凉皮,沣镐路益民坊机床楼2栋10103室,莲湖区,西安市,餐饮服务;中餐厅;中餐厅,108.875552,34.258911,108.870961,34.2605158,,肉夹馍,around
B0LDKUPC52,吴鑫米皮店(光华路店),"光华路15号中航大厦(巨鹰陕西特产东隔壁,派柏·云酒店西隔壁)",雁塔区,西安市,餐饮服务;餐饮相关场所;餐饮相关,108.904821,34.235111,108.9002374,34.236744,,肉夹馍,around
B0JDBZJIHB,阿琨擀面皮米线包子肉夹馍,庆安创新路小区东2门北110米,莲湖区,西安市,餐饮服务;中餐厅;中餐厅,108.883718,34.258645,108.8791325,34.2602584,15591855663,肉夹馍,around
B0MATLXQOA,贾味轩凉皮肉夹馍(土门店),创新路与沣镐西路交叉口南80米,莲湖区,西安市,餐饮服务;快餐厅;快餐厅,108.883987,34.258711,108.8794017,34.2603246,13602583955,肉夹馍,around
B0MACXXIM4,田二郎油泼面肉夹馍,高新路25号高新商务,雁塔区,西安市,餐饮服务;中餐厅;中餐厅,108.907475,34.235625,108.9028897,34.2372578,,肉夹馍,around
B0FFMBZRKQ,秦味杨记老潼关肉夹馍(西市东桃园社区店),西市二路桃园商业街五号楼1层东北角,莲湖区,西安市,餐饮服务;中餐厅;中餐厅,108.904615,34.242212,108.9000309,34.2438423,18991120710;18991120760,肉夹馍,around
B0KACGO562,袁记肉夹馍(高新店),糜家桥小区1号楼00103-21商铺,雁塔区,西安市,餐饮服务;中餐厅;中餐厅,108.907729,34.235669,108.9031435,34.2373018,,肉夹馍,around
B0FFGK8YC6,胖子肉夹馍,科技路79号,雁塔区,西安市,餐饮服务;中餐厅;中餐厅,108.909039,34.22942,108.9044531,34.231055,13259973678,肉夹馍,around
B0IAJSTR7U,凉皮肉夹馍砂锅,沣镐西路与创新路交叉口东180米,莲湖区,西安市,餐饮服务;中餐厅;中餐厅,108.885754,34.259165,108.8811694,34.26078,15929607693,肉夹馍,around
B001D0W38H,吕记夹馍凉皮砂锅(雁塔水泥厂家属院店),西安雁塔水泥厂家属院北院南门旁,莲湖区,西安市,餐饮服务;中餐厅;中餐厅,108.89103,34.25659,108.8864471,34.2582099,13571868892,肉夹馍,around
B0MURCD19L,蒲城八宝辣子夹馍,导航宾馆西外侧一层门面房,雁塔区,西安市,餐饮服务;餐饮相关场所;餐饮相关,108.909415,34.233049,108.9048285,34.2346826,18821662414,肉夹馍,around
B0L2T737IU,宇三岁手工擀面皮(科技路店),白沙路50号,雁塔区,西安市,餐饮服务;中餐厅;中餐厅,108.910161,34.227117,108.9055744,34.2287526,18702965132,肉夹馍,around
B0FFIGZ316,刘记腊汁肉夹馍(科技路店),科技路与白沙路交叉口西北100米,雁塔区,西安市,餐饮服务;快餐厅;快餐厅,108.910394,34.228823,108.9058071,34.230458,,肉夹馍,around
B0I1T6YZ5U,八宝辣子夹馍,科技路与白沙路交叉口西北180米,雁塔区,西安市,餐饮服务;中餐厅;中餐厅,108.910373,34.229598,108.905786,34.2312327,,肉夹馍,around
B0LDFGQG4S,咕噜搭档肉丸糊辣汤腊牛肉夹馍,科技路9号安荣大厦,雁塔区,西安市,餐饮服务;中餐厅;中餐厅,108.910652,34.228592,108.9060649,34.230227,,肉夹馍,around
B0M6RDZ5AY,岳記里脊肉夹馍擀面皮麻酱砂锅,"徐家庄247号1-102 科技路南门刚进村5米右拐,修电动车往前70米即到",雁塔区,西安市,餐饮服务;中餐厅;中餐厅,108.910976,34.228935,108.9063885,34.2305698,,肉夹馍,around
B0JA9KBNNV,老李家肉丸糊辣汤 腊牛肉夹馍,[],莲湖区,西安市,餐饮服务;餐饮相关场所;餐饮相关,108.880843,34.262207,108.8762556,34.2638162,,肉夹馍,around
B0FFK2ZQ76,赵亚东赵记腊汁肉店(总店),桃园南路38号,莲湖区,西安市,购物服务;综合市场;农副产品市场|餐饮服务;餐饮相关场所;餐饮相关,108.900479,34.251065,108.8958959,34.2526912,029-84210973;029-84213973;13891858552,肉夹馍,around
B0MG2N0JBW,联络·肉夹馍,白沙路与科技路交叉口东北60米,雁塔区,西安市,餐饮服务;餐饮相关场所;餐饮相关,108.911325,34.228625,108.9067373,34.2302599,,肉夹馍,around
B0LKXKHWRG,盛丰潼关肉夹馍,团结二路5号西安油漆厂团结路家属院,莲湖区,西安市,餐饮服务;中餐厅;中餐厅,108.883975,34.261425,108.8793894,34.2630375,,肉夹馍,around
B0HALU5KU4,丽丽·香辣土豆片夹馍(土门店),[],莲湖区,西安市,餐饮服务;餐饮相关场所;餐饮相关,108.882011,34.263642,108.8774242,34.2652518,13186051890,肉夹馍,text
B0M6GUPBO1,壹品桑叶面,劳动南路118号大唐西市·西市城购物中心F1层6格F1209,莲湖区,西安市,餐饮服务;中餐厅;中餐厅,108.907559,34.245739,108.9029728,34.247368,13571051581,肉夹馍,text
B0MG0CI2O2,秦味肉夹馍,融鑫路与科创路交叉口东北140米,雁塔区,西安市,餐饮服务;中餐厅;中餐厅,108.913275,34.224325,108.9086858,34.2259609,,肉夹馍,around
B0MDYMTXJ7,袁家腊汁肉夹馍,科技路9号西安电子科技大学社区,雁塔区,西安市,餐饮服务;中餐厅;中餐厅,108.918647,34.227639,108.9140514,34.2292714,,肉夹馍,around
B0MG0CHS89,秦味肉夹馍,吉祥路辅路与太白南路交叉口东南240米,雁塔区,西安市,餐饮服务;中餐厅;中餐厅,108.919675,34.224025,108.9150784,34.2256581,13325452337;18192316357,肉夹馍,around
B0L359EYXB,鼎香坊里脊肉夹馍,永松路12号吉祥村小区466号楼,雁塔区,西安市,餐饮服务;中餐厅;中餐厅,108.923025,34.225425,108.9184235,34.2270553,,肉夹馍,around
B0FFHTWTO2,白家老八牛肉夹馍肚子汤(大洋时代国际A座店),南二环大洋时代国际A座,碑林区,西安市,餐饮服务;中餐厅;清真菜馆,108.920206,34.235201,108.9156077,34.2368297,13720528167,肉夹馍,around
B0LRMRXSW4,潼关村肉夹馍(太白印象城店),太白印象城B1-C-16,碑林区,西安市,餐饮服务;中餐厅;中餐厅,108.922374,34.235106,108.9177727,34.2367332,18791899419,肉夹馍,around
B0FFJEA6XA,秦镇西街秦镇米皮,[],雁塔区,西安市,餐饮服务;中餐厅;中餐厅,108.925625,34.226647,108.9210192,34.2282748,13096938986,肉夹馍,around
B0L257CZ1G,陕焰·肉夹馍(永松路店),永松路100号(西何小区东区西北门东北50米),雁塔区,西安市,餐饮服务;中餐厅;中餐厅,108.925204,34.230076,108.9205986,34.2317029,15534883350,肉夹馍,around
B0FFHTYHOS,赵记笼笼肉夹馍(延康东巷店),延康东巷与太白北路辅路交叉口西120米,碑林区,西安市,餐饮服务;餐饮相关场所;餐饮相关,108.921993,34.236716,108.9173921,34.2383429,029-89380564;17392572034;18064328897,肉夹馍,around
B0J2PH7RPL,永松路陈记肉夹馍(陕西省商贸学校店),[],雁塔区,西安市,餐饮服务;中餐厅;中餐厅,108.927122,34.2292,108.9225135,34.2308255,13772112969,肉夹馍,around
B0GR1ZXOTE,老潼关肉夹馍(试剂西苑店),吉祥路104号试剂西苑,雁塔区,西安市,餐饮服务;中餐厅;中餐厅,108.92706,34.222653,108.9224521,34.2242809,,肉夹馍,around
B0MUKHXS0W,薛记腊汁肉夹馍,西市城南1门东南60米,莲湖区,西安市,餐饮服务;中餐厅;中餐厅,108.909796,34.244599,108.9052083,34.2462282,18992840195,肉夹馍,around
B0H2PUQKE8,老潼关肉夹馍(陕西省商贸学校店),陕西省商贸学校西北门旁,雁塔区,西安市,餐饮服务;中餐厅;中餐厅,108.927575,34.229553,108.9229656,34.2311779,17749016833;18791538711,肉夹馍,around
B001D0728I,小翠农家凉皮(陕西省历史博物馆爱电小区店),崇业西路崇德坊小区21号楼(伊利诺伊幼儿园对面),雁塔区,西安市,餐饮服务;中餐厅;中餐厅,108.928111,34.226851,108.9235009,34.2284764,13630255185;15829044708,肉夹馍,around
B0MAYS14VK,尚家巷子酥皮菜夹馍,吉祥村45号(吉祥路邮政隔壁),雁塔区,西安市,餐饮服务;中餐厅;中餐厅,108.928175,34.223075,108.9235651,34.2247017,13759703805;18142484518,肉夹馍,around
B0LUXZL8PD,陕焰·肉夹馍(西荷花园店),西何家村16号,碑林区,西安市,餐饮服务;中餐厅;中餐厅,108.926323,34.235349,108.9217154,34.236973,17791887237,肉夹馍,around
B0HR0MTVFG,揪面片肉夹馍,水文巷6号信合家属院,碑林区,西安市,餐饮服务;中餐厅;中餐厅,108.92488,34.238265,108.9202745,34.2398891,13991167365,肉夹馍,around
B0FFF65MWW,王记腊汁肉夹馍(水文巷店),张家村街道水文巷7号,碑林区,西安市,餐饮服务;中餐厅;中餐厅,108.924968,34.238297,108.9203624,34.239921,13991167365,肉夹馍,around
B0MA5UOPYD,6元肉夹馍擀面皮,吉祥中街197号(吉祥村地铁站A1西北口步行420米),雁塔区,西安市,餐饮服务;中餐厅;中餐厅,108.929989,34.224831,108.9253756,34.2264552,18165166330,肉夹馍,around
B0LGVUXXVH,群英娃肉夹馍,含光路26号际华西苑新建1号楼沿街1层12号商铺,碑林区,西安市,餐饮服务;中餐厅;中餐厅,108.928725,34.233175,108.9241133,34.2347975,17868587115,肉夹馍,around
B0FFGH4AYV,张记肉夹馍(吉祥二巷店),吉祥二巷与吉祥中街交叉口东40米,雁塔区,西安市,餐饮服务;餐饮相关场所;餐饮相关,108.930296,34.224933,108.925682,34.2265569,15802981015,肉夹馍,around
B0MDH9TSWE,武立辉米线腊汁肉夹馍(边家村店),张家村街道友谊西路太白馨苑住宅楼边家村地铁站D口旁,碑林区,西安市,餐饮服务;中餐厅;中餐厅,108.924511,34.241397,108.9199059,34.2430202,18691935350,肉夹馍,around
B0K3H78SE3,二鹏土豆片夹馍,吉祥一巷与含光路南段交叉口西北20米,雁塔区,西安市,餐饮服务;快餐厅;快餐厅,108.931672,34.224312,108.9270554,34.2259346,13373513111,肉夹馍,around
B0KKY50LUK,糖糖菜夹馍,糜家桥与劳动南路辅路交叉口东60米,莲湖区,西安市,餐饮服务;餐饮相关场所;餐饮相关,108.91074,34.248179,108.9061512,34.2498066,,肉夹馍,around
B0JKF5ZGLL,老潼关肉夹馍,含光路221号02商铺,雁塔区,西安市,餐饮服务;中餐厅;中餐厅,108.932241,34.225487,108.9276231,34.2271085,15339241716,肉夹馍,around
B0FFLEODDV,老潼关肉夹馍(糜家桥店),糜家桥东侧,莲湖区,西安市,餐饮服务;餐饮相关场所;餐饮相关,108.912713,34.24806,108.9081224,34.2496872,,肉夹馍,around
B0LKFOVBJ6,高记腊汁肉夹馍,含光路南段1号怡和国际B座,雁塔区,西安市,餐饮服务;中餐厅;中餐厅,108.932425,34.227775,108.9278066,34.2293955,,肉夹馍,around
B0LAN11QCL,礼泉辣子肉夹馍,含光路南段与丁白路交叉口北80米,雁塔区,西安市,餐饮服务;中餐厅;中餐厅,108.931675,34.220825,108.9270586,34.2224488,,肉夹馍,around
B0L3F55AIO,清真兰老虎腊牛肉夹馍(水文南巷店),水文巷88号晶筑逸品,碑林区,西安市,餐饮服务;中餐厅;清真菜馆,108.928975,34.237775,108.9243625,34.2393955,13572478240,肉夹馍,around
B0LAVA7AV5,秦镇米皮·肉夹馍,糜家桥老村51号西1户,莲湖区,西安市,餐饮服务;中餐厅;中餐厅,108.912071,34.248442,108.907481,34.2500692,15811455822,肉夹馍,around
B0MAM773P1,陕焰·肉夹馍(含光中路店),含光路260号,碑林区,西安市,餐饮服务;中餐厅;中餐厅,108.931773,34.233524,108.9271554,34.2351431,,肉夹馍,around
B0L24BMLQO,武小勇红油米线(科技五路店),小寨西路232号MOMOPARK艺术购物中心B2层,雁塔区,西安市,餐饮服务;中餐厅;中餐厅,108.932917,34.221623,108.9282981,34.2232451,15591862217,肉夹馍,around
B0LK7L4HB8,缸子米线肉夹馍,陕西省人民医院南1门旁,碑林区,西安市,餐饮服务;中餐厅;中餐厅,108.930468,34.238274,108.9258526,34.2398928,,肉夹馍,around
B0LUV4DJHF,樊辉手擀菠菜面肉夹馍,边西街49号东泰·城市之光西区,碑林区,西安市,餐饮服务;中餐厅;中餐厅,108.926833,34.243395,108.9222238,34.2450155,,肉夹馍,around
B0MD0MQUHN,王三胖米线肉夹馍,张家村街道水文东巷18号门面房3号,碑林区,西安市,餐饮服务;中餐厅;中餐厅,108.931642,34.238265,108.9270243,34.2398825,15601174419;18161809374,肉夹馍,around
B0FFF64X8I,金芙蓉快餐(晶筑逸品东),张家村街道黄雁村体育学院对门南排一号,碑林区,西安市,餐饮服务;中餐厅;中餐厅,108.931735,34.238239,108.9271171,34.2398564,18729275432,肉夹馍,around
B0FFGZIDH4,老潼关肉夹馍(水文东巷店),陕西省人民医院南七楼北门东南60米,碑林区,西安市,餐饮服务;中餐厅;中餐厅,108.931775,34.238261,108.927157,34.2398783,18729275432,肉夹馍,around
B0JDVXPZSF,鸡蛋里脊肉夹馍,含光北路74号西安医学院含光校区,碑林区,西安市,餐饮服务;餐饮相关场所;餐饮相关,108.931913,34.238235,108.9272948,34.2398522,,肉夹馍,around
B0KDPX8BYJ,巷子口米线肉夹馍,丰庆路96号成套局家属院,莲湖区,西安市,餐饮服务;中餐厅;中餐厅,108.917052,34.250178,108.9124566,34.2518027,18089217676,肉夹馍,around
B0LKJR2NY9,小食笼笼肉夹馍,南二环凯德广场B1,雁塔区,西安市,餐饮服务;餐饮相关场所;餐饮相关,108.936229,34.228696,108.9316024,34.2303114,,肉夹馍,around
B0KGJ9A2UY,帝当来肉夹馍手工鸡蛋灌饼,西北大学新村东门南70米,碑林区,西安市,餐饮服务;快餐厅;快餐厅|餐饮服务;中餐厅;中餐厅,108.923225,34.247525,108.9186214,34.2491469,,肉夹馍,around
B0LULD6TPK,超享乐剁椒面(凯德广场新地城店),南二环西段64号凯德广场新地城B1层K01-K14商铺,雁塔区,西安市,餐饮服务;餐饮相关场所;餐饮相关,108.936512,34.228701,108.9318848,34.230316,17868494903,肉夹馍,around
B001D0VZJU,陈老三肉丸糊辣汤腊牛肉夹馍(原丰庆路店),南小巷九元电容器场隔壁,莲湖区,西安市,餐饮服务;中餐厅;清真菜馆,108.916231,34.251183,108.9116365,34.2528077,18710559954;19802992944,肉夹馍,around
B0KK6ZFM7X,拴马桩擀面皮(大学南路总店),学林雅苑北门西60米,碑林区,西安市,餐饮服务;中餐厅;中餐厅,108.927006,34.245803,108.9223963,34.2474224,13772054621,肉夹馍,around
B0FFG9UAY5,飞鸿肉夹馍(黄雁村店),友谊西路236号华豪丽品一期商铺1103室,碑林区,西安市,餐饮服务;中餐厅;中餐厅,108.932577,34.240551,108.9279572,34.2421665,,肉夹馍,around
B001D08EAH,香香渔鱼肉夹馍(黄雁村店),含光北路94号商铺,碑林区,西安市,餐饮服务;中餐厅;中餐厅,108.931885,34.241773,108.9272665,34.2433889,17719581561;18092919999,肉夹馍,around
B0FFLJWXTH,"子午路张记肉夹馍,黄雁村店",含光北路96号,碑林区,西安市,餐饮服务;中餐厅;中餐厅,108.931916,34.242031,108.9272975,34.2436467,13659203089,肉夹馍,around
B0LBU7B88F,老潼关肉夹馍汉中热米皮,丰庆路39号御溪望城4号楼南侧一层中二,莲湖区,西安市,餐饮服务;快餐厅;快餐厅,108.919834,34.251173,108.915235,34.2527958,18191410035,肉夹馍,around
B0KRBSRJR8,唐御礼陕西特产批发(瑞丰批发市场临街商铺),丰庆路1号一楼M5,莲湖区,西安市,购物服务;购物相关场所;购物相关场所,108.922658,34.251336,108.9180549,34.2529568,17396656378,肉夹馍,around
B0MAJ72Y1D,绿梦陕西特产工厂店,"丰庆路1号,瑞丰四楼4901号",莲湖区,西安市,购物服务;专卖店;专营店,108.922814,34.251326,108.9182107,34.2529467,13325456027,肉夹馍,around
B0FFL4QI6V,老碗面·吴记肉夹馍,御溪望城11幢1层10111号商铺,莲湖区,西安市,餐饮服务;餐饮相关场所;餐饮相关,108.920282,34.252708,108.9156822,34.2543299,18220893646,肉夹馍,around
B0FFF9WE6K,老李家腊汁肉夹馍,省体育场北路116号,碑林区,西安市,餐饮服务;中餐厅;中餐厅,108.939581,34.234969,108.9349462,34.2365774,13891837020;18691953621,肉夹馍,around
B0K3UUKJ5X,苏家肉夹馍,红缨路南口1号,碑林区,西安市,餐饮服务;中餐厅;中餐厅,108.935991,34.241936,108.9313639,34.2435467,13991913120,肉夹馍,around
B0K3MRUWU6,苏老二腊牛肉夹馍肉丸糊辣汤,劳动南路320号(大唐西市地铁站D口步行490米),莲湖区,西安市,餐饮服务;中餐厅;中餐厅,108.909725,34.25652,108.9051364,34.2581445,13909208039;18729075026,肉夹馍,around
B0KDOUMSD6,子午路张记肉夹馍(太古里店),体育场北路86号(西安体育学院家属院北门西70米),碑林区,西安市,餐饮服务;中餐厅;中餐厅,108.940477,34.234968,108.93584,34.236575,18966661188,肉夹馍,around
B0MARC55HP,菜夹馍肉夹馍手工凉皮,太白南路与吉祥路辅路交叉口西南180米,雁塔区,西安市,餐饮服务;中餐厅;中餐厅,108.916659,34.223832,108.9120662,34.2254668,,肉夹馍,text
B001D0VRJX,子午路张记肉夹馍(含光路店),含光北路147号(陕西青年职业学院含光校区西门南70米),碑林区,西安市,餐饮服务;快餐厅;快餐厅,108.932523,34.247804,108.9279028,34.2494168,029-89325682,肉夹馍,text
B001D09I3V,老安家肉丸糊辣汤牛肉夹馍(红缨路店),红缨路53号(与红樱东坊丁字路口),碑林区,西安市,餐饮服务;中餐厅;清真菜馆,108.936094,34.24395,108.9314665,34.2455598,13991824658,肉夹馍,text
B0L1KUTS5T,小计包子·腊汁肉夹馍,南小巷33号院内3号门面房,莲湖区,西安市,餐饮服务;中餐厅;中餐厅,108.916871,34.256267,108.9122753,34.2578894,,肉夹馍,text
B0FFK0AY34,刘峰肉夹馍(朱雀路店),朱雀东坊西安公馆3号楼1层,碑林区,西安市,餐饮服务;快餐厅;快餐厅,108.940383,34.244972,108.9357454,34.2465754,029-85237550,肉夹馍,text
B0FFI4MOWB,秦豫肉夹馍(省体育场店),体育场北路3号(体育场地铁站A西北口步行410米),碑林区,西安市,餐饮服务;餐饮相关场所;餐饮相关,108.945145,34.234902,108.940496,34.2365015,13259730241;15829702709,肉夹馍,text
B0LDRK3Z5F,缸子米线,南小巷小学正对面,莲湖区,西安市,餐饮服务;中餐厅;中餐厅,108.916884,34.256311,108.9122883,34.2579334,18700008854,肉夹馍,text
B0KA1AQI9X,子午路张记肉夹馍(小南门店),报恩寺街1号,莲湖区,西安市,餐饮服务;餐饮相关场所;餐饮相关,108.935586,34.252485,108.9309589,34.2540922,19721955290,肉夹馍,text
B0HK39WMSB,秦椒香油泼面(中贸广场店),四民巷52号中贸广场北区,碑林区,西安市,餐饮服务;中餐厅;中餐厅,108.945448,34.244538,108.9407974,34.2461334,13720551300,肉夹馍,text
B0FFF64YJC,张孬肉夹馍(中贸广场店),长安北路四民巷1号(永宁门地铁站B西南口步行440米),碑林区,西安市,餐饮服务;餐饮相关场所;餐饮相关,108.945663,34.244821,108.9410118,34.2464159,13636813606,肉夹馍,text
B0HRLX4D57,唐猫庭院·千年陕菜(赛格店),长安中路123号赛格国际购物中心十二层1201号商铺,雁塔区,西安市,餐饮服务;中餐厅;中餐厅,108.948203,34.223531,108.9435465,34.2251293,19829809735,肉夹馍,around
B0KRGHOB2T,武小勇红油米线(赛格店),长安中路123号赛格国际购物中心(小寨店)B2,雁塔区,西安市,餐饮服务;中餐厅;中餐厅,108.949268,34.223537,108.9446085,34.2251334,18149075359,肉夹馍,around
B0MUN52LW7,秦伍味肉夹馍,小寨东路196号西安国际贸易中心,雁塔区,西安市,餐饮服务;中餐厅;中餐厅,108.947836,34.222067,108.9431807,34.2236665,18165254316,肉夹馍,around
B0M6FMWQN7,筠梧轩·肉夹馍·面皮·蛋包饭,小寨东路52号百隆广场,雁塔区,西安市,餐饮服务;中餐厅;中餐厅,108.951108,34.222552,108.9464432,34.2241452,,肉夹馍,around
B0MA3O17T5,玲子米皮肉夹馍玫瑰八宝粥(小寨店),小寨东路126号百隆广场A座,雁塔区,西安市,餐饮服务;中餐厅;中餐厅,108.951125,34.222475,108.9464602,34.2240682,,肉夹馍,around
B0MD2Z57NV,戚家肉夹馍(小寨店),小寨东路11号壹又贰分之壹国际公寓,雁塔区,西安市,餐饮服务;中餐厅;中餐厅,108.952796,34.222579,108.9481262,34.2241689,15809219084,肉夹馍,around
B0FFF6574D,吴先生潼关肉夹馍,小寨东路与文娱巷交叉口南20米,雁塔区,西安市,餐饮服务;中餐厅;中餐厅,108.953615,34.222665,108.9489427,34.2242532,18792680378,肉夹馍,around
B0J2LUZIEW,西府二师兄擀面皮臊子面(省体育场店),陕西高速大厦东门北100米,碑林区,西安市,餐饮服务;中餐厅;中餐厅,108.94648,34.234517,108.9418274,34.2361144,13720707423,肉夹馍,around
B0HG211XV0,天府米线·笼笼肉夹馍(体育北路店),体育北路号(体育场地铁站A西北口步行350米),碑林区,西安市,餐饮服务;快餐厅;快餐厅,108.945808,34.234948,108.9411572,34.2365464,15769182589;18509222838,肉夹馍,around
B0MD1SRKUC,二飞腊汁肉夹馍,体育北路东段南侧家属院一楼商业门面房A7号,碑林区,西安市,餐饮服务;中餐厅;中餐厅,108.945948,34.234961,108.9412969,34.2365591,,肉夹馍,around
B001D10O8B,老魏家肉夹馍.凉皮,小寨东路与文娱巷交叉口东100米,雁塔区,西安市,餐饮服务;中餐厅;中餐厅,108.954725,34.222624,108.9500492,34.22421,,肉夹馍,around
B0FFK67BHY,泓沼轩热米皮(西安南稍门省体育场全季酒店店),长安壹栋东北1门旁,碑林区,西安市,餐饮服务;中餐厅;中餐厅,108.949464,34.235251,108.944803,34.2368427,13709141125,肉夹馍,around
B0FFKQ27L6,杨家麻辣粉肉夹馍(翠华北路店),翠华路371号,雁塔区,西安市,餐饮服务;中餐厅;中餐厅,108.956753,34.227496,108.9520704,34.229076,13379059618,肉夹馍,around
B0FFLN2ABS,张记粉蒸肉夹馍农家臊子面,万谛美途酒店西门旁,碑林区,西安市,餐饮服务;快餐厅;快餐厅,108.95394,34.233093,108.9492658,34.2346768,13379248743;17792656412,肉夹馍,around
B0MA3HZ6ST,陕焰肉夹馍(文艺南路店),文艺南路82号艺华大厦F1层,碑林区,西安市,餐饮服务;中餐厅;中餐厅,108.953561,34.233654,108.9488879,34.2352383,,肉夹馍,around
B0K0YHGCOI,舌之恋热米皮肉夹馍砂锅,育才路157号,雁塔区,西安市,餐饮服务;中餐厅;中餐厅,108.958021,34.226607,108.9533344,34.2281846,18909263104,肉夹馍,around
B0FFFDC9XP,余记肉夹馍(育才路店),长安大学雁塔校区北门西230米,雁塔区,西安市,餐饮服务;餐饮相关场所;餐饮相关,108.958713,34.226404,108.9540242,34.2279801,18991141775;18991348726,肉夹馍,around
B0MD5YW81P,大话米皮肉夹馍,长安北路辅路与友谊东路辅路交叉口南140米,碑林区,西安市,餐饮服务;中餐厅;中餐厅,108.947575,34.239825,108.942919,34.2414185,,肉夹馍,around
B0LR3OFY6R,澄城水盆羊肉(永宁路店),大话南门5号楼一楼商铺澄城水盆羊肉(永宁路店),碑林区,西安市,餐饮服务;餐饮相关场所;餐饮相关,108.948886,34.239645,108.9442263,34.2412361,15591831170,肉夹馍,around
B0L15YZ42I,陕焰·肉夹馍(南稍门店),永宁路与友谊东路辅路交叉口南20米,碑林区,西安市,餐饮服务;中餐厅;中餐厅,108.94858,34.240839,108.9439211,34.2424302,,肉夹馍,around
B0MAJH3O1R,陕焰肉夹馍(建设西路店),建设西路99号新旅城,碑林区,西安市,餐饮服务;中餐厅;中餐厅,108.959876,34.235872,108.9551826,34.2374421,,肉夹馍,around
B0FFL5YD1Z,潼关村肉夹馍(文艺路和平村店),文艺南路246号和平村小区,碑林区,西安市,餐饮服务;中餐厅;中餐厅,108.953629,34.240221,108.9489552,34.2418027,029-87800728;15109256484,肉夹馍,around
B0J2U7P1CW,黄家肉丸糊辣汤腊牛肉夹馍(友谊东路店),友谊东路辅路与文艺西路交叉口西60米,碑林区,西安市,餐饮服务;中餐厅;中餐厅,108.949801,34.241405,108.9451385,34.2429938,19991240192,肉夹馍,around
B0FFGWXCUX,飞鸿肉夹馍(红会医院店),友谊东路南稍门十字红会医院旁,碑林区,西安市,餐饮服务;中餐厅;中餐厅,108.949847,34.241406,108.9451844,34.2429947,029-81542219,肉夹馍,around
B0FFKPH19J,子午路张记肉夹馍(南稍门店),友谊东路517号子午路(南稍门地铁站D口步行350米),碑林区,西安市,餐饮服务;快餐厅;快餐厅,108.950013,34.241422,108.9453499,34.2430104,029-85368673,肉夹馍,around
B0J0RGMIFR,鼎香坊里脊肉夹馍(中贸广场店),南稍门中贸广场购物中心(南稍门地铁站G口旁),碑林区,西安市,餐饮服务;中餐厅;中餐厅,108.946236,34.242087,108.9415835,34.243682,,肉夹馍,around
B0KKNUZEGT,老魏家肉夹馍,文艺南路334号(文艺路地铁站B口步行120米),碑林区,西安市,餐饮服务;中餐厅;中餐厅,108.954041,34.240424,108.9493659,34.2420048,,肉夹馍,around
B0JK4URKTB,超享乐剁椒面(中贸广场店),长安北路130号中贸广场一层小吃街北A-8号商铺,碑林区,西安市,餐饮服务;餐饮相关场所;餐饮相关,108.944987,34.242915,108.9403378,34.2445118,18329963325,肉夹馍,around
B0FFF9WD56,李老十腊牛肉夹馍(建设西路店),建设西路科技大学北门临街门面10-9号,碑林区,西安市,餐饮服务;中餐厅;清真菜馆,108.962115,34.235494,108.957414,34.2370591,19991187807,肉夹馍,around
B0MGTU75B0,陕焰·肉夹馍(南郭路店),南郭路78号(南稍门地铁站G口步行300米),碑林区,西安市,餐饮服务;中餐厅;中餐厅,108.947963,34.243479,108.9433056,34.2450704,18092613711,肉夹馍,around
B0FFMGAZSE,小雨点·热米皮肉夹馍砂锅(文艺路店),文艺北路38号(文艺路地铁站A口步行260米),碑林区,西安市,餐饮服务;中餐厅;中餐厅,108.954121,34.243226,108.9494454,34.2448056,18700639697,肉夹馍,around
B0FFF64YJK,老陈米线砂锅店,长安北路118号中贸广场F1,碑林区,西安市,餐饮服务;中餐厅;中餐厅,108.946239,34.244832,108.9415863,34.2464259,13488316617,肉夹馍,around
B0KK35I4P3,李望生腊汁肉夹馍(西安公馆店),西安公馆商业2-1-2,碑林区,西安市,餐饮服务;快餐厅;快餐厅,108.93957,34.244259,108.9349344,34.2458639,,肉夹馍,around
B0MGGU3TT8,刘耳朵孜然牛肉夹馍,后村小区3号楼一楼30-1号商铺,雁塔区,西安市,餐饮服务;中餐厅;中餐厅,108.967875,34.226075,108.9631545,34.2276297,15991909691,肉夹馍,around
B0FFF9WM6G,环角菜夹馍,嘉馨园住宅小区北门旁,碑林区,西安市,餐饮服务;餐饮相关场所;餐饮相关,108.947403,34.245055,108.942747,34.2466468,,肉夹馍,around
B0FFF9WCMU,秦胜老潼关肉夹馍(友谊路店),友谊东路268号,碑林区,西安市,餐饮服务;中餐厅;中餐厅,108.9599,34.240967,108.9552061,34.2425351,13772187007,肉夹馍,around
B0M61HHPMW,烩菜肉夹馍蒸碗,紫玉兰庭西南门旁(文艺路地铁站D口步行220米),碑林区,西安市,餐饮服务;中餐厅;中餐厅,108.957243,34.242746,108.9525576,34.2443192,,肉夹馍,around
B0K6YA3YP6,张兴邦擀面皮肉夹馍(鲁家村店),雁塔路中段43号新旅城·上东,碑林区,西安市,餐饮服务;中餐厅;中餐厅,108.966963,34.233239,108.9622452,34.2347934,17391741972,肉夹馍,around
B0I2UDUPFK,金元老潼关肉夹馍(珠江时代广场店),体育馆南路与体育馆东路交叉口东60米,碑林区,西安市,餐饮服务;中餐厅;中餐厅,108.950975,34.245925,108.9463087,34.2475098,,肉夹馍,around
B0MUBA5ACG,老马家清真肉丸胡辣汤腊牛肉夹馍,金色城市东1门北50米,碑林区,西安市,餐饮服务;中餐厅;清真菜馆,108.953725,34.245425,108.9490505,34.2470046,,肉夹馍,around
B0MUMHWF03,小食笼笼肉夹馍(华清广场店),雁塔路99号建科大厦华清广场3F-007B商铺,碑林区,西安市,餐饮服务;中餐厅;中餐厅,108.964042,34.240071,108.959334,34.2416299,,肉夹馍,around
B0FFLB1D3Z,香辣土豆片夹馍,文艺北甲字18号1层9号,碑林区,西安市,餐饮服务;餐饮相关场所;餐饮相关,108.953744,34.245873,108.9490694,34.2474524,17792591880,肉夹馍,around
B0MUG5MY8X,秦记肉夹馍(永宁门王府井店),长安北路86号王府井北馆负1层,碑林区,西安市,餐饮服务;中餐厅;中餐厅,108.945625,34.247175,108.9409738,34.2487691,,肉夹馍,around
B0L1MDGV72,白鹿原·凉皮夹馍(华清广场店),雁塔路99号华清广场4层,碑林区,西安市,餐饮服务;中餐厅;中餐厅,108.964425,34.240475,108.9597156,34.2420328,,肉夹馍,around
B0KAYG14KH,金周至菜夹馍,建西街省戏曲研究院家属院,碑林区,西安市,餐饮服务;中餐厅;中餐厅,108.954238,34.246531,108.9495618,34.2481091,,肉夹馍,around
B0LKAOB2HV,子午路张记肉夹馍(SKP店),长安北路261号西安SKP B1层,碑林区,西安市,餐饮服务;中餐厅;中餐厅,108.949611,34.247891,108.9449486,34.2494776,,肉夹馍,around
B0FFF9W9QY,宝鸡皮皮擀面皮,南门外振兴路115门面由北向南第九间,碑林区,西安市,餐饮服务;中餐厅;中餐厅,108.943062,34.248177,108.9384174,34.249775,,肉夹馍,around
B0KDB7XCDW,陕味到凉皮肉夹馍,宏信花园七号楼(永宁门地铁站出入口步行300米),碑林区,西安市,餐饮服务;中餐厅;中餐厅,108.950549,34.247845,108.9458838,34.2494299,17719683697,肉夹馍,around
B0K1GKUVDR,立志汉中热米皮肉夹馍(仁义路店),仁义路甲字九号对面(永宁门地铁站C东南口步行320米),碑林区,西安市,餐饮服务;中餐厅;中餐厅,108.951086,34.248383,108.9464192,34.2499666,18344076375,肉夹馍,around
B0LKZUFNAY,小白籠米线肉夹馍,建设东路建大车队门口,碑林区,西安市,餐饮服务;中餐厅;中式素菜馆,108.970032,34.235763,108.9653028,34.2373088,,肉夹馍,around
B0MUZ18P15,约多多老潼关肉夹馍(合生汇店),仁义路与体育馆东路交叉口西北40米,碑林区,西安市,餐饮服务;中餐厅;中餐厅,108.950175,34.248625,108.9455109,34.2502103,18966569135,肉夹馍,around
B0FFF9WEVT,巨龙腊汁肉夹馍(陕西省体育局家属院店),建西街83号,碑林区,西安市,餐饮服务;中餐厅;中餐厅,108.958643,34.246128,108.9539528,34.2476969,13991247235,肉夹馍,around
B0K2HKESAJ,小食笼笼肉夹馍(合生汇店),南门合生汇负一层,碑林区,西安市,餐饮服务;中餐厅;中餐厅,108.948349,34.248876,108.9436901,34.2504646,14701174685;15332471841,肉夹馍,around
B0KAC5O05O,白起肉夹馍(南门店),仁义路8号(永宁门地铁站C东南口步行400米),碑林区,西安市,餐饮服务;餐饮相关场所;餐饮相关,108.951974,34.248338,108.9473046,34.2499199,18229059672,肉夹馍,around
B0K1777VUM,金元老潼关肉夹馍(珠江时代广场店),宏信国际花园西门南80米,碑林区,西安市,餐饮服务;中餐厅;中餐厅,108.95017,34.248668,108.9455059,34.2502533,18991952155,肉夹馍,around
B0KBLAWJPR,超享乐剁椒面(合生汇店),环城南路东段336号合生汇负一层霸王茶姬斜对面,碑林区,西安市,餐饮服务;中餐厅;中餐厅,108.948384,34.248926,108.943725,34.2505145,18291448303,肉夹馍,around
B0FFLC7EVH,纯手工肉夹馍店,仁义路中段路北(永宁门地铁站C东南口步行380米),碑林区,西安市,餐饮服务;中餐厅;中餐厅,108.95204,34.248381,108.9473704,34.2499628,18291991063,肉夹馍,around
B0FFHS9MXN,土豆片夹馍(秋林店),煤研大厦东门旁,碑林区,西安市,餐饮服务;快餐厅;快餐厅,108.963131,34.244233,108.9584258,34.2457924,19909278395,肉夹馍,around
B0MUKOZQ3R,臻味坊营养快餐肉夹馍凉皮米线,长安路街道环城南路东段334号南门宏信国际花园,碑林区,西安市,餐饮服务;中餐厅;中餐厅,108.950975,34.249475,108.9463084,34.2510584,,肉夹馍,around
B0K0A1THG2,大刘肉夹馍,文艺北路206号,碑林区,西安市,餐饮服务;中餐厅;中餐厅,108.953742,34.25012,108.9490671,34.2516977,,肉夹馍,text
B0FFF9WF7H,老潼关肉夹馍砂锅·麻辣米线(南门店),美美公寓南门旁,碑林区,西安市,餐饮服务;快餐厅;快餐厅,108.952141,34.249555,108.947471,34.2511361,15718822798;18991952155,肉夹馍,text
B0KAHKVDUT,大喜米皮(祭台新苑店),大雁塔街道青龙路1369号祭台新苑,碑林区,西安市,餐饮服务;中餐厅;特色/地方风味餐厅,108.975933,34.230431,108.9711818,34.2319633,13174770122;18681810013,肉夹馍,around
B0MGF54S6D,陕焰·肉夹馍(西延路店),西延路辅路恒志云仰2幢1单元1层10156号,碑林区,西安市,餐饮服务;中餐厅;中餐厅,108.975175,34.230775,108.9704267,34.2323092,13891823431,肉夹馍,around
B0MGJRDDM6,菁芳肉夹馍店,赛格中京坊(雁翔路北口地铁站C口步行140米),雁塔区,西安市,餐饮服务;餐饮相关场所;餐饮相关,108.990875,34.237075,108.9860628,34.2385625,,肉夹馍,around
B0HU2KR0KB,陈记腊汁肉夹馍店(铁安一街店),铁安一街与铁永坊交叉口南100米,碑林区,西安市,餐饮服务;中餐厅;中餐厅,108.976006,34.236797,108.971254,34.2383267,15229020555,肉夹馍,around
B0FFG79Z2T,铁永坊腊汁肉夹馍,友谊东路铁安一街14号高层门面,碑林区,西安市,餐饮服务;中餐厅;中餐厅,108.975742,34.23895,108.9709909,34.2404796,,肉夹馍,around
B0ID7CCKS4,邢老三肉丸胡辣汤腊牛肉夹馍(铁永坊店),铁永坊与太乙路辅路交叉口东80米,碑林区,西安市,餐饮服务;快餐厅;快餐厅,108.973246,34.237864,108.9685046,34.2394007,18700463875,肉夹馍,around
B0FFF64V6P,吴三肉夹馍(一八六队家属院店),乐居场9号一八六队家属院,碑林区,西安市,餐饮服务;中餐厅;中餐厅,108.975955,34.242763,108.9712027,34.2442906,13659219833,肉夹馍,around
B0FFIXZQBT,陕记老潼关肉夹馍(交大沙坡店),北沙坡街兰蒂斯城1期1栋,碑林区,西安市,餐饮服务;快餐厅;快餐厅,108.989461,34.244974,108.984654,34.2464627,,肉夹馍,around
B0JUUSJ64Y,馋小猫炸串拌饼夹馍(乐居场店),乐居场南路47号摩登COM商务公寓F1层,碑林区,西安市,餐饮服务;餐饮相关场所;餐饮相关,108.975911,34.244233,108.9711588,34.2457602,18392630534,肉夹馍,around
B0JBAAB7XC,凉皮·砂锅肉夹馍,乐南路47号秦晋商务大厦F1层,碑林区,西安市,餐饮服务;中餐厅;中餐厅,108.975919,34.24467,108.9711667,34.246197,15029987082;15109286112,肉夹馍,around
B0IR3AJE2P,同洲月牙饼夹馍(建东街店),建东街与太乙路交叉口东140米,碑林区,西安市,餐饮服务;餐饮相关场所;餐饮相关,108.973909,34.246198,108.9691643,34.2477298,17691042539,肉夹馍,around
B0MUS1F883,老叶家米线肉夹馍菜夹馍,火炬路与建工路交叉口北40米,碑林区,西安市,餐饮服务;中餐厅;中餐厅,109.003325,34.243475,108.9984593,34.2449228,,肉夹馍,around
B001D0VTPV,李老十腊牛肉夹馍. 糊辣汤(建东街店),建东街甲字8号(近太乙路),碑林区,西安市,餐饮服务;中餐厅;清真菜馆,108.971666,34.245974,108.9669299,34.2475117,15339171331;18792633504,肉夹馍,around
B0FFLNZWJY,岐山擀面皮(太乙路店),太乙路172号和平门小区一院东门4-6,碑林区,西安市,餐饮服务;中餐厅;中餐厅,108.972094,34.246914,108.9673562,34.2484502,17795799963,肉夹馍,around
B0LAHUB0P3,朱记腊汁肉夹馍,建东街与安东街交叉口东100米,碑林区,西安市,餐饮服务;中餐厅;中餐厅,108.970128,34.246166,108.9653976,34.2477076,,肉夹馍,around
B0FFI2LU68,饼一哥土豆片夹馍(立丰公寓店),安东街4号1幢0103号门面房(安东街与建东街西北角),碑林区,西安市,餐饮服务;快餐厅;快餐厅,108.968844,34.24623,108.9641183,34.2477748,13938400323;18809232603,肉夹馍,around
B0FFG3Z91P,魏姐重庆小面笼笼肉夹馍(太乙路店),太乙路与标新街交叉口,碑林区,西安市,餐饮服务;中餐厅;中餐厅,108.971898,34.248033,108.9671608,34.2495693,17791213439,肉夹馍,around
B0FFK1URX0,巨龙腊汁肉夹馍,建东街155号,碑林区,西安市,餐饮服务;中餐厅;中餐厅,108.966674,34.246131,108.9619562,34.2476812,13759996171;13991942039,肉夹馍,around
B0LBRACAOD,广东肠粉·周至粉蒸肉夹馍(上和商业广场店),公园南路与建工路交叉口北160米,新城区,西安市,餐饮服务;中餐厅;中餐厅,109.006781,34.24462,109.0019004,34.2460569,,肉夹馍,around
B0FFK91K8Z,李记肉夹馍素糊辣汤(安西街店),安西街与建东街交叉口北40米,碑林区,西安市,餐饮服务;中餐厅;中餐厅,108.96594,34.246367,108.9612248,34.2479189,13279329925,肉夹馍,around
B0KDJRGB5Z,老陕地biangbiang面肉夹馍,兴庆路与咸宁西路交叉口北100米,碑林区,西安市,餐饮服务;中餐厅;中餐厅,108.988457,34.252086,108.9836536,34.2535749,17795720777,肉夹馍,around
B0FFF9WAZU,爱琴腊汁肉夹馍,建东街付4号院西侧安西街东(靠近金一刀刀削面),碑林区,西安市,餐饮服务;中餐厅;中餐厅,108.965931,34.246741,108.9612158,34.2482928,13299012636,肉夹馍,around
B0LUVNE5Y5,昌顺大刀拨面(暂停营业),红方大厦南门旁(和平门地铁站B西南口步行450米),碑林区,西安市,餐饮服务;餐饮相关场所;餐饮相关,108.964568,34.245979,108.9598577,34.2475344,13571883428,肉夹馍,around
B0KA4RJ3NY,三多米线凉皮肉夹馍(陕送东苑店),建工路19-3号陕送东苑,新城区,西安市,餐饮服务;中餐厅;中餐厅,109.00942,34.243429,109.0045281,34.2448584,,肉夹馍,around
B0MGMZ98DC,秦东腊汁肉夹馍,西安秋林公司(秋林店),碑林区,西安市,餐饮服务;中餐厅;中餐厅,108.962975,34.245575,108.9582703,34.2471343,,肉夹馍,around
B0K27XXE9W,王夹馍肉酱米线(东关南街店),东关南街街道东关曹家巷小区1号楼2栋10101铺,碑林区,西安市,餐饮服务;餐饮相关场所;餐饮相关,108.975428,34.25246,108.970677,34.2539853,15129014993,肉夹馍,around
B0L02GMLL4,康桥肉夹馍,金花南路145号金花南小区,碑林区,西安市,餐饮服务;中餐厅;中餐厅,108.997125,34.252825,108.992285,34.2542879,,肉夹馍,around
B0JUAKHWKS,汉中热米皮潼关肉夹馍,陕钢家属院东门南50米,新城区,西安市,餐饮服务;餐饮相关场所;餐饮相关,109.006233,34.249211,109.0013543,34.2506478,,肉夹馍,around
B0FFKT3MRL,吴鑫米皮店(总店),雁塔北路78号途客酒店1层底商(4号线和平门地铁B口),碑林区,西安市,餐饮服务;中餐厅;中餐厅,108.963098,34.248328,108.9583926,34.2498859,,肉夹馍,around
B0JAFZBYV8,赵已肉夹馍(陕钢家属院店),咸宁中路陕钢家属院门面房107号,新城区,西安市,餐饮服务;中餐厅;中餐厅,109.005079,34.250963,109.0002051,34.2524026,15353740382,肉夹馍,around
B0FFKOUHVC,老潼关肉夹馍(环城南路东段辅路店),环城南路东段辅路与雁塔北路交叉口东40米,碑林区,西安市,餐饮服务;快餐厅;快餐厅,108.963875,34.250725,108.9591667,34.2522802,18629391176,肉夹馍,around
B0MDU90UHA,张记米皮肉夹馍,仁厚庄南路121号121公寓,碑林区,西安市,餐饮服务;中餐厅;中餐厅,108.994975,34.256425,108.9901439,34.2578929,,肉夹馍,around
B0MU5RTZAH,秦盛腊汁肉夹馍,万寿南路105街坊(万寿南路地铁站F口步行420米),新城区,西安市,餐饮服务;中餐厅;中餐厅,109.011245,34.249381,109.0063448,34.2508026,,肉夹馍,around
B0FFGFOR9J,鱼记老潼关肉夹馍(兴庆公园店),柿园路新郭门162号,碑林区,西安市,餐饮服务;快餐厅;快餐厅,108.984075,34.257925,108.9792892,34.2594242,,肉夹馍,around
B0M65SH89D,同州魏记·腊汁肉夹馍,仁厚庄南路85号高山流水星币传说,碑林区,西安市,餐饮服务;中餐厅;中餐厅,108.995003,34.257932,108.9901716,34.2593992,,肉夹馍,around
B0JUD9O8R8,邢老三腊牛肉夹馍(东等幸福新城店),长鸣路96号海亮唐宁府,雁塔区,西安市,餐饮服务;中餐厅;中餐厅,109.024445,34.230381,109.019491,34.2317709,13759968720,肉夹馍,around
B0FFG8M3HF,王魁腊汁肉店(柿园路店),柿园路兴庆公园北门车站往东行路南,碑林区,西安市,餐饮服务;中餐厅;中餐厅,108.984842,34.259211,108.9800529,34.2607075,,肉夹馍,around
B0L3ODXYX0,鱼师傅肘子肉夹馍,东仓门社区东北门旁(和平门地铁站A西北口步行460米),碑林区,西安市,餐饮服务;餐饮相关场所;餐饮相关,108.961363,34.252987,108.9566632,34.2545471,,肉夹馍,around
B0FFLCDSZD,伊雍斋腊牛肉夹馍,建国路57号中铁一局建国路小区,碑林区,西安市,餐饮服务;中餐厅;清真菜馆,108.967232,34.256268,108.9625113,34.2578129,,肉夹馍,around
B0K3YSAYXE,陕焰·肉夹馍(大差市店),玄风桥北巷与东二道巷交叉口西南20米,碑林区,西安市,餐饮服务;中餐厅;中餐厅,108.965526,34.258183,108.9608113,34.2597313,13206399919,肉夹馍,text
B0FFGT1A3W,范午米线·笼笼肉夹馍(更新街店),柿园新村6号楼(长乐门地铁站C2口步行240米),碑林区,西安市,餐饮服务;中餐厅;中餐厅,108.978139,34.259878,108.9733768,34.261393,13299027485,肉夹馍,text
B0FFK9LLG6,牛三堂肉丸胡辣汤腊牛肉夹馍,浐灞生态区东月路雁鸣家园小区西门面05号,雁塔区,西安市,餐饮服务;中餐厅;中餐厅,109.039386,34.230832,109.0343732,34.232181,029-89332445;18291091389;18292915777,肉夹馍,around
B0MD4XKJBX,左左香老潼关肉夹馍,幸福南路辅路与咸宁中路辅路交叉口南300米,新城区,西安市,餐饮服务;中餐厅;中餐厅,109.016425,34.248375,109.0115029,34.2497815,,肉夹馍,around
B0FFHS7NEF,秦镇大米皮(田马路店),田马路与咸宁东路辅路交叉口南80米,雁塔区,西安市,餐饮服务;中餐厅;中餐厅,109.033972,34.25044,109.0289781,34.2517958,18966711755,肉夹馍,around
B0JGCRQMEM,手工现打潼关肉夹馍,田家湾4组李信民诊所斜对面,雁塔区,西安市,餐饮服务;快餐厅;快餐厅,109.04028,34.249218,109.0352623,34.2505578,15191680025,肉夹馍,around
B0GRGDRA8M,薛家凉皮老潼关肉夹馍(田家湾店),咸宁东路辅路与沁水路交叉口东200米,雁塔区,西安市,餐饮服务;中餐厅;中餐厅,109.035926,34.251404,109.0309245,34.2527542,18966711755,肉夹馍,around
B0FFG0ZHDF,老潼关肉夹馍(咸宁中路店),咸宁中路咸宁中路8号家家好点西30米路北,新城区,西安市,餐饮服务;中餐厅;中餐厅,109.012538,34.251327,109.0076322,34.252744,15829888709,肉夹馍,around
B0MACXYCLA,鼎香坊里脊肉夹馍,咸宁东路辅路与知行巷交叉口北360米,灞桥区,西安市,餐饮服务;中餐厅;中餐厅,109.028975,34.254369,109.0240005,34.2557369,,肉夹馍,around
B0MBP71OU7,孜然夹馍,咸宁东路辅路与咸史路交叉口西北420米,雁塔区,西安市,餐饮服务;中餐厅;中餐厅,109.038975,34.253425,109.0339618,34.2547665,,肉夹馍,around
B0I1PAMULT,老潼关肉夹馍(秦川社区店),万寿中路24号秦川社区29街坊,新城区,西安市,餐饮服务;中餐厅;中餐厅,109.014091,34.254751,109.0091783,34.256162,,肉夹馍,around
B0MGNAP1P7,吉老潼关肉夹馍,韩森寨店,新城区,西安市,餐饮服务;快餐厅;快餐厅,109.013873,34.258155,109.0089609,34.2595653,,肉夹馍,around
B0FFKTBQQR,建宏肉丸胡辣汤腊牛肉夹馍(新东尚店),韩森路延伸段新东尚2号1单元10104号,新城区,西安市,餐饮服务;中餐厅;中餐厅,109.018389,34.259176,109.0134577,34.2605725,13895030332;18893333158,肉夹馍,around
B0LRLPMYQ7,虎圈圈肉夹馍西安烧烤,融创东方宸院北区,新城区,西安市,餐饮服务;中餐厅;中餐厅,109.012797,34.258338,109.0078895,34.2597515,,肉夹馍,around
B0MUBR7ETS,阮家肉夹馍,穆将王综合市场(穆将王地铁站B口步行210米),灞桥区,西安市,餐饮服务;中餐厅;中餐厅,109.055775,34.249425,109.0507044,34.2507292,,肉夹馍,around
B0LRN1LQDA,腊牛肉夹馍(嘉惠公寓店),韩森路105号嘉惠公寓,新城区,西安市,餐饮服务;快餐厅;快餐厅,109.009505,34.259463,109.0046114,34.2608859,,肉夹馍,around
B0LKKHN2I4,1王阿姐腊汁肉夹馍,公园南路16号,新城区,西安市,餐饮服务;快餐厅;快餐厅,109.006108,34.258449,109.0012291,34.2598826,18792597339,肉夹馍,around
B0FFF655NO,袁记肉夹馍,韩森寨街道长乐新城F区商铺,新城区,西安市,餐饮服务;中餐厅;中餐厅,109.008357,34.259423,109.0034684,34.2608494,,肉夹馍,around
B0K3ZZH265,刘霞手工夹馍,康乐路89号,新城区,西安市,餐饮服务;餐饮相关场所;餐饮相关,109.009934,34.262184,109.0050384,34.2636045,,肉夹馍,around
B0MGDPOW0H,老李米皮夹馍,康乐路68号宏远大厦,新城区,西安市,餐饮服务;餐饮相关场所;餐饮相关,109.009375,34.262425,109.0044817,34.2638471,,肉夹馍,around
B0L0F98AJV,西安市浐灞浐灞生态区米皮肉夹馍店,浐河东路水岸东方3期1栋3单元1层30105-1,灞桥区,西安市,餐饮服务;快餐厅;快餐厅,109.046097,34.261419,109.0410573,34.2627398,15991607567,肉夹馍,around
B0M6V5JFGI,格尚肉夹馍(天悦东都店),天悦东都东门南60米,灞桥区,西安市,餐饮服务;中餐厅;中餐厅,109.031138,34.267487,109.0261538,34.2688437,,肉夹馍,around
B0MU9U016M,岐山臊子肉夹馍,东三环与东三环出口交叉口西200米,灞桥区,西安市,餐饮服务;中餐厅;中餐厅,109.045675,34.265375,109.0406365,34.2666952,,肉夹馍,around
B0LKRH63EF,陕焰·肉夹馍(沁水路店),沁水路2号沁水新城,灞桥区,西安市,餐饮服务;中餐厅;中餐厅,109.03589,34.268419,109.0308872,34.2697625,,肉夹馍,around
B0MBMY670D,舒尚肉夹馍,沁水路2号沁水新城,灞桥区,西安市,餐饮服务;餐饮相关场所;餐饮相关,109.035864,34.268584,109.0308613,34.2699275,,肉夹馍,around
B0MGXKX0SC,宁记肘子夹馍店,公园北路与金康路交叉口东南140米,新城区,西安市,餐饮服务;餐饮相关场所;餐饮相关,109.007475,34.267025,109.0025895,34.268451,,肉夹馍,around
B0I1JXMKG4,集市长安肉夹馍·油泼面陕西民俗小吃体验店(西部电力国际商务中心店),互助路西部电力国际商务中心一层由西向东第三间商铺,碑林区,西安市,餐饮服务;中餐厅;中餐厅,108.992,34.260145,108.9871811,34.2616203,13389209428,肉夹馍,around
B0J13RNWQL,逗馋肉夹馍(万寿路店),长乐中路南侧万寿路一号地铁站综合出口c出口向西50米逗馋肉夹馍,新城区,西安市,餐饮服务;中餐厅;中餐厅,109.012944,34.26938,109.0080349,34.2707886,15829033100,肉夹馍,around
B001D0WDT8,小张热米皮菜豆腐专卖(公园北路店),公园北路67号,新城区,西安市,餐饮服务;中餐厅;中餐厅,109.006717,34.26788,109.0018347,34.2693079,15529099078,肉夹馍,around
B0L2NCHY0I,家的感觉-荞面饸饹肉夹馍,金华北路39号就掌灯42幢1单元1层10105号商铺,碑林区,西安市,餐饮服务;中餐厅;中餐厅,108.996026,34.263346,108.9911898,34.264808,,肉夹馍,around
B0LAHHAZAE,严瑾肉夹馍(公园北路店),公园北路九街坊8号楼8号,新城区,西安市,餐饮服务;中餐厅;中餐厅,109.006779,34.268334,109.0018964,34.2697616,19979999961,肉夹馍,around
B0LKOCH6DH,香辣土豆片夹馍,康乐路178号黄河机器制造厂九街坊小区,新城区,西安市,餐饮服务;餐饮相关场所;餐饮相关,109.00679,34.268563,109.0019073,34.2699904,,肉夹馍,around
B0I12C6QE6,老韩家肉丸糊辣汤(土门店),金康路西光37街坊8号楼底商西9号,新城区,西安市,餐饮服务;餐饮相关场所;餐饮相关,109.005127,34.268114,109.0002515,34.2695467,15191910806;17792383051,肉夹馍,around
B001D06M59,金康过桥米线(安民里住宅小区店),东新街149号安民里住宅小区,新城区,西安市,餐饮服务;中餐厅;特色/地方风味餐厅,108.96779,34.265928,108.9630665,34.2674677,15339235790,肉夹馍,text
B0H065EJ4W,赵天琦米线公司(长乐坊店),长乐坊与景龙池交叉口西60米,碑林区,西安市,餐饮服务;快餐厅;快餐厅,108.984338,34.263682,108.9795506,34.2651782,13700245824,肉夹馍,text
B0HKO5L8PJ,张兴邦擀面皮肉夹馍(金花北路店),陕建五公司家属院北院东门旁,碑林区,西安市,餐饮服务;快餐厅;快餐厅,108.995246,34.267449,108.9904128,34.2689117,15929558515,肉夹馍,text
B0L6DLB5C7,姚长利肉夹馍,金花北路辅路与樱花路交叉口南60米,新城区,西安市,餐饮服务;中餐厅;中餐厅,108.995897,34.274371,108.9910605,34.2758289,15398097794,肉夹馍,text
B0H2NRHRV4,袁记孜然肉夹馍(红华巷店),金康花园北门东60米,新城区,西安市,餐饮服务;快餐厅;快餐厅,108.999441,34.26762,108.9945899,34.26907,,肉夹馍,text
B0FFKU0BVH,袁记肉夹馍(五路口店),解放路258号腾悦广场1层002号商铺,新城区,西安市,餐饮服务;中餐厅;中餐厅,108.962552,34.267597,108.9578469,34.2691486,18161832564,肉夹馍,text
B0FFI18G52,飞鸿肉夹馍(西北商贸店),长乐西路炫彩商城2楼X002号,新城区,西安市,餐饮服务;中餐厅;中餐厅,108.984439,34.26908,108.9796508,34.2705737,,肉夹馍,text
B0FFF9WD7B,西安五一饭店(东大街易俗社街区店),西一路街道案板街26号1楼(钟楼地铁站H口步行90米),碑林区,西安市,餐饮服务;餐饮相关场所;餐饮相关,108.949653,34.260191,108.9449894,34.2617727,17392830511,肉夹馍,text
B0L0KAPEZL,里脊夹馍,三棉社区北区东南门旁(纺二路地铁站B口步行270米),灞桥区,西安市,餐饮服务;餐饮相关场所;餐饮相关,109.065243,34.268701,109.0601433,34.2699799,,肉夹馍,around
B0MU9R0J3L,糖甜甜菜夹馍(8年老店),纺三路蔬菜公司家属院北门,灞桥区,西安市,餐饮服务;中餐厅;中餐厅,109.068661,34.269639,109.0635524,34.2709121,15389252634,肉夹馍,around
B0L0G14ZCB,腊汁肉夹馍,半坡路与陶窑路交叉口南100米,灞桥区,西安市,餐饮服务;中餐厅;中餐厅,109.051326,34.268831,109.0462679,34.2701369,,肉夹馍,around
B0MG273QJ3,鹏三少老潼关肉夹馍,半坡路115号城东果蔬一排15号,灞桥区,西安市,餐饮服务;快餐厅;快餐厅,109.051143,34.268914,109.0460855,34.2702202,,肉夹馍,around
B0FFI8NLYH,任家馍夹菜(电力新坊西院店),半坡路130号电力新坊西院,灞桥区,西安市,餐饮服务;中餐厅;中餐厅,109.050923,34.269536,109.0458662,34.2708425,,肉夹馍,around
B0I62HHM2X,肉夹馍(枣园苏商住楼店),纺五路49号枣园苏商住楼,灞桥区,西安市,餐饮服务;中餐厅;四川菜(川菜),109.069234,34.260453,109.0641248,34.2617289,15991792928,肉夹馍,text
B0I34ZF9JJ,飞鸿肉夹馍(御锦城店),万锦城住宅小区开发项目3-R4地块50幢1单元1层10101号,灞桥区,西安市,餐饮服务;中餐厅;中餐厅,109.044884,34.281676,109.0398469,34.2829913,,肉夹馍,text
B0JR1YPEVJ,潼关肉夹馍,席王新村32号,灞桥区,西安市,餐饮服务;中餐厅;中餐厅,109.063633,34.280967,109.0585366,34.2822436,,肉夹馍,text
B001D10TMW,老潼关肉夹馍(咸宁东路店),咸宁东路609号(卫星测控中心地铁站A口步行180米),新城区,西安市,餐饮服务;中餐厅;中餐厅,109.023505,34.251376,109.0185531,34.2527606,029-65613288;17791298331,肉夹馍,text
B0HDPSJG4S,袁记肉夹馍御锦城店,浐灞生态区御锦城路569号万锦城3A地块10107号商铺,灞桥区,西安市,餐饮服务;中餐厅;中餐厅,109.045522,34.285258,109.0404823,34.2865703,13259830189,肉夹馍,text
B0H2HKFDP7,秦关腊汁肉夹馍(城东客运站店),天空之城购物中心西门旁(纺织城地铁站出入口步行50米),灞桥区,西安市,餐饮服务;中餐厅;中餐厅,109.068923,34.280215,109.0638128,34.2814833,18729210192,肉夹馍,text
B0J2HRKLUG,子艺李记擀面皮,席王路与纺渭路交叉口西北60米,灞桥区,西安市,餐饮服务;中餐厅;中餐厅,109.072591,34.286751,109.0674715,34.2880112,13072930067;15029570317;18729565659,肉夹馍,text
B0MBP12B0F,罗菠菜面腊汁肉夹馍(西安天空之城购物中心店),长乐东路238号天空之城中心枢纽B1层,灞桥区,西安市,餐饮服务;中餐厅;中餐厅,109.069825,34.280125,109.0647126,34.281392,,肉夹馍,text
B0KD57T3KY,老潼关肉夹馍(天空之城中心枢纽店),席王新村16号,灞桥区,西安市,餐饮服务;中餐厅;中餐厅,109.064317,34.281587,109.0592187,34.2828622,13679103582,肉夹馍,text
B0MUX67013,陕食记肉夹馍(通化门店),金花北路与长乐西路交叉口北40米,新城区,西安市,餐饮服务;中餐厅;中餐厅,108.995315,34.269907,108.9904813,34.2713685,,肉夹馍,text
B0J0Y4EV84,薛家凉皮·肉夹馍(电厂东路店),官厅老村55号,灞桥区,西安市,餐饮服务;中餐厅;中餐厅,109.054288,34.289983,109.0492185,34.2912737,15129183833,肉夹馍,text
B0MDC62UU8,饸饹肉夹馍,鹿塬街综合批发市场,灞桥区,西安市,餐饮服务;餐饮相关场所;餐饮相关,109.074925,34.271275,109.0698016,34.2725386,,肉夹馍,text
B0LRKZGP55,端履门腊汁肉夹馍(胡家庙店),长缨东路233号景玉和悦酒店底商东2号,新城区,西安市,餐饮服务;快餐厅;快餐厅,109.003275,34.277618,108.9984066,34.2790523,15829702709,肉夹馍,text
B0KAUCNUIM,飞鸿肉夹馍(胡家庙店),金花北路92号胡家庙地铁西南口向南50米,新城区,西安市,餐饮服务;餐饮相关场所;餐饮相关,108.99516,34.276252,108.9903264,34.2777113,,肉夹馍,text
B0LGVHJOEE,李姬肉夹馍,半坡路与陶窑路交叉口北60米,灞桥区,西安市,餐饮服务;中餐厅;中餐厅,109.051152,34.270198,109.0460944,34.2715037,,肉夹馍,text
B0K6LCIJB9,永贵肉夹馍(东城国际公寓店),电厂西路与电厂路交叉口西南20米,灞桥区,西安市,餐饮服务;中餐厅;中餐厅,109.050732,34.279452,109.045675,34.2807548,,肉夹馍,text
B0K0LLVR3L,陕贰壹腊汁肉夹馍粉汤羊血(领航店),灞瑞一路领航悦宸1号楼底商,灞桥区,西安市,餐饮服务;中餐厅;中餐厅,109.06803,34.293332,109.0629209,34.294596,13991111164,肉夹馍,text
B0FFG1ZUZA,胖妹米皮,热电小学东南门旁,灞桥区,西安市,餐饮服务;中餐厅;中餐厅,109.054334,34.29165,109.0492642,34.2929398,17749131558,肉夹馍,text
B0MG2C3W8V,唐食岐味肉夹馍,浐灞生态区十里铺村410号东边,灞桥区,西安市,餐饮服务;中餐厅;中餐厅,109.026467,34.28898,109.0214997,34.2903407,13679218565,肉夹馍,text
B0L1HDWYCI,孙老三腊牛肉夹馍,长乐东路与新医路交叉口东140米,灞桥区,西安市,餐饮服务;中餐厅;中餐厅,109.064525,34.278275,109.0594264,34.2795512,,肉夹馍,text
B0MUOA41IZ,二太子潼关肉夹馍(迷你店),长乐东路283号城东交通枢纽主楼天空之城负一层B1-456号商铺,灞桥区,西安市,餐饮服务;中餐厅;中餐厅,109.069175,34.280175,109.0640642,34.2814429,18392064896,肉夹馍,text
B0M61DH8FS,子午路张记肉夹馍(华夏世纪广场店),华夏世纪广场C座(半坡地铁站B西南口步行160米),灞桥区,西安市,餐饮服务;中餐厅;中餐厅,109.055925,34.273575,109.0508518,34.2748692,,肉夹馍,text
B0GKPDXQU9,吴记凉皮火烧肉夹馍(普华浅水湾步行商业街店),普华·熙岸西门西北90米,灞桥区,西安市,餐饮服务;快餐厅;快餐厅,109.079075,34.296375,109.0739408,34.297623,18691953857;18838780681,肉夹馍,text
B0KK04TRS4,薛老大秦镇米皮肉夹馍,辰宇·世纪城南区西1门南220米,灞桥区,西安市,餐饮服务;中餐厅;中餐厅,109.051004,34.276995,109.0459463,34.2782982,18292014803,肉夹馍,text
B0JK15JJU3,田一刀肉夹馍杂肝汤,席王街办卞家村八号院内8号,灞桥区,西安市,餐饮服务;中餐厅;中餐厅,109.063175,34.294525,109.0580787,34.2957966,13679208168,肉夹馍,text
B0IU7HIE3W,胡老大米皮(新房绿色家园店),新兴路新房绿色家园1号门面一层,未央区,西安市,餐饮服务;中餐厅;中餐厅,109.016662,34.310105,109.0117337,34.3114849,15991685748,肉夹馍,text
B0FFKV42CH,家宝甲热米皮,东城大道柳巷村法斯特物流门口西一排3号,灞桥区,西安市,餐饮服务;中餐厅;中餐厅,109.063944,34.300195,109.0588451,34.3014627,13289862868;15591768622,肉夹馍,text
B0FFHS1C98,肉夹馍刀削面(席王廉租房小区西区店),席王廉租房小区西区西门旁,灞桥区,西安市,餐饮服务;中餐厅;中餐厅,109.063414,34.291681,109.0583173,34.2929534,18681870276,肉夹馍,text
B0L255CPZ7,杨勇小南门肘子夹馍(灞桥分店),南程路与西柳瑞路交叉口西20米,灞桥区,西安市,餐饮服务;中餐厅;中餐厅,109.076775,34.285225,109.0716464,34.2864805,,肉夹馍,text
B0KB2NJLQU,脆皮肉夹馍,浐河东路与东三环辅路交叉口南140米,灞桥区,西安市,餐饮服务;中餐厅;中餐厅,109.043594,34.273198,109.0385622,34.27452,13992158952,肉夹馍,text
B0IUC1AIOJ,陆块六肉夹馍·凉皮(西安天空之城购物中心店),柳鸣路与新寺路交叉口东南40米,灞桥区,西安市,餐饮服务;餐饮相关场所;餐饮相关,109.06889,34.279853,109.0637799,34.2811215,,肉夹馍,text
B0FFGFQILM,屈家老潼关肉夹馍(通塬路店),金茂四路与通塬路交叉口东20米,灞桥区,西安市,餐饮服务;中餐厅;中餐厅,109.055978,34.300872,109.0509023,34.3021544,,肉夹馍,text
B0FFGDCCAW,郭记腊汁肉夹馍,鱼化二手车交易市场东南1门旁,未央区,西安市,餐饮服务;餐饮相关场所;餐饮相关,108.820822,34.279712,108.8161487,34.2812156,,肉夹馍,around
B0K6TSQFGT,阿雯肉夹馍,中南上悦城一期东门旁,未央区,西安市,餐饮服务;中餐厅;中餐厅,108.80173,34.296341,108.7970266,34.2978051,,肉夹馍,around
B0FFIZZR0H,潼关肉夹馍(西部国际车城店),西部国际车城西门旁,未央区,西安市,餐饮服务;快餐厅;快餐厅,108.813923,34.290474,108.8092377,34.2919606,,肉夹馍,around
B0I171UHQT,缘香记腊汁肉夹馍,水厂路与南区西路交叉口西100米,未央区,西安市,餐饮服务;中餐厅;中餐厅,108.827429,34.274198,108.8227673,34.2757161,,肉夹馍,around
B0FFLBCH5H,袁家肉夹馍(车城温泉小区店),车城温泉小区北门旁,未央区,西安市,餐饮服务;中餐厅;中餐厅,108.814398,34.29505,108.8097131,34.2965355,15529428906,肉夹馍,around
B0FFMHIADX,老字号眼镜肉夹馍,中国西部国际车城北门旁,未央区,西安市,餐饮服务;中餐厅;中餐厅,108.815057,34.295077,108.8103731,34.2965636,,肉夹馍,around
B0FFG3FT6E,富平肉夹馍(新店小区店),三桥街道办新店小区一区八栋四单元,未央区,西安市,餐饮服务;中餐厅;中餐厅,108.805628,34.30098,108.8009295,34.3024481,,肉夹馍,around
B0LKZKCEJX,飞龙肉夹馍,中国西部国际车城北门东150米,未央区,西安市,餐饮服务;中餐厅;中餐厅,108.816546,34.295231,108.8118645,34.2967202,,肉夹馍,around
B0KRUZYXH6,冒粉·肉夹馍(华润·二十四城西区一期店),华润·二十四城,未央区,西安市,餐饮服务;中餐厅;中餐厅,108.822779,34.289716,108.8181082,34.2912189,13087663577,肉夹馍,around
B0FFH85J48,秦镇樊荣凉皮肉夹馍,水场路与南区路交叉口西南40米,未央区,西安市,餐饮服务;中餐厅;中餐厅,108.831688,34.274169,108.8270336,34.2756951,,肉夹馍,around
B0MDLXM2BJ,凉皮肉夹馍,新店小区一区,未央区,西安市,餐饮服务;中餐厅;中餐厅|餐饮服务;快餐厅;快餐厅,108.805925,34.301775,108.8012269,34.3032432,,肉夹馍,around
B0JR2AHH2D,武汉热干面盖浇饭肉夹馍凉皮,三桥新街辅路与晨光路交叉口东南280米,未央区,西安市,餐饮服务;快餐厅;快餐厅,108.803508,34.303599,108.7988064,34.3050626,,肉夹馍,around
B0L1NHW4DA,现打肉夹馍,西咸新区沣东新城三桥街道启航时代广场社区启航佳苑A区13号楼底商2,未央区,西安市,餐饮服务;中餐厅;中餐厅,108.813114,34.301692,108.8084265,34.3031723,,肉夹馍,around
B0FFK6BRX4,李记晋南肉夹馍(启航佳苑西区店),启航佳苑西区西门旁(后卫寨地铁站A西北口步行210米),未央区,西安市,餐饮服务;中餐厅;中餐厅,108.81241,34.302091,108.8077214,34.3035699,,肉夹馍,around
B0M6RH16IW,罗军肉夹馍牛肉汤,西咸路启航佳苑西区(后卫寨地铁站D东北口步行140米),未央区,西安市,餐饮服务;餐饮相关场所;餐饮相关,108.814825,34.300825,108.8101403,34.3023087,,肉夹馍,around
B0LBXCI2ZK,关潼村肉夹馍万象域,[],未央区,西安市,餐饮服务;中餐厅;中餐厅,108.824979,34.293013,108.8203116,34.2945186,13629282781,肉夹馍,around
B0L3DL69PJ,腊汁肉夹馍,三桥安置新村(三桥地铁站B西南口步行300米),未央区,西安市,餐饮服务;中餐厅;中餐厅,108.829871,34.287977,108.8252124,34.2894939,,肉夹馍,around
B0H3216ZF8,老潼关肉夹馍(三桥路店),后卫馨佳苑西南门西100米,未央区,西安市,餐饮服务;快餐厅;快餐厅,108.822105,34.297565,108.8174324,34.2990632,,肉夹馍,around
B0H6FA30UP,富平肉夹馍,水场路与武警路交叉口西20米,未央区,西安市,餐饮服务;快餐厅;快餐厅,108.837203,34.274237,108.8325581,34.2757735,,肉夹馍,around
B0HKPS7WA5,王记凉皮肉夹馍(万象城店),双拥路与三桥新街交叉口西南140米,未央区,西安市,餐饮服务;快餐厅;快餐厅,108.831256,34.288416,108.8265997,34.2899353,,肉夹馍,around
B0L6VO1I45,晋南肉夹馍,金桥国际A南1门旁(三桥地铁站C东南口步行250米),未央区,西安市,餐饮服务;中餐厅;中餐厅,108.831475,34.288425,108.8268191,34.2899447,17392468458,肉夹馍,around
B0HGN1QL12,老潼关肉夹馍(天玺国际店),天玺国际西门旁(三桥地铁站出入口步行380米),未央区,西安市,餐饮服务;快餐厅;快餐厅,108.832715,34.29263,108.8280609,34.2941502,029-84522636;17791625617,肉夹馍,text
B0K64ZQDR7,杨记腊汁肉夹馍(新军寨店),新军寨村委会南隔壁,未央区,西安市,餐饮服务;快餐厅;快餐厅,108.822424,34.305342,108.8177513,34.3068374,18049224371,肉夹馍,text
B0FFH5KXGD,老猴擀面皮笼笼肉夹馍(西城明珠店),西咸新区沣东新城建章路车辆厂十字东工贸总公司住宅楼一层东第三间,未央区,西安市,餐饮服务;中餐厅;中餐厅,108.843158,34.29713,108.8385212,34.2986678,13488214105;18629283211,肉夹馍,text
B0FFGT7UAJ,袁记肉夹馍(三桥店),花园综合市场建章路西门旁,未央区,西安市,餐饮服务;中餐厅;中餐厅,108.842114,34.301225,108.8374751,34.302759,,肉夹馍,text
B0FFF8ZW11,飞鸿肉夹馍(建章店),锦雁花园西门北50米,未央区,西安市,餐饮服务;快餐厅;快餐厅,108.842123,34.302447,108.8374841,34.3039805,13572879644,肉夹馍,text
B0LRFK61CN,王记雁雀门臊子面肉夹馍,欧陆花园南门东120米,未央区,西安市,餐饮服务;中餐厅;中餐厅,108.845606,34.305375,108.8409726,34.3069136,,肉夹馍,text
B0ID4UNAO0,飞鸿肉夹馍(建章路鸿都店),建章路26号商铺F1-06室,未央区,西安市,餐饮服务;中餐厅;中餐厅,108.842049,34.329428,108.8374078,34.3309489,,肉夹馍,text
B0GR5U1X89,老潼关肉夹馍(三桥服饰广场店),陕西省未央区建章路三桥服饰广场A区1号,未央区,西安市,餐饮服务;快餐厅;快餐厅,108.841198,34.30518,108.8365573,34.3067106,18629190995,肉夹馍,text
B0J6AZXHJ3,食味佳腊汁肉夹馍,西城明珠南门旁,未央区,西安市,餐饮服务;餐饮相关场所;餐饮相关,108.843569,34.297227,108.8389329,34.2987655,13389227681,肉夹馍,text
B0G2M1Z1A5,顺江米线腊汁肉夹馍,沣东新城萌正希林幼儿园西门西60米,未央区,西安市,餐饮服务;中餐厅;中餐厅,108.828106,34.332612,108.8234407,34.3341052,15191821321,肉夹馍,text
B0GDLNG8GT,焦记肉夹馍,启征路与孙武路交叉口东南20米,未央区,西安市,餐饮服务;中餐厅;中餐厅,108.816691,34.306027,108.8120089,34.3075117,,肉夹馍,text
B0MAGCYXGQ,小娴米线,西咸新区沣东新城三桥街道杨何村杈杨村205号,未央区,西安市,餐饮服务;中餐厅;中餐厅,108.849115,34.282762,108.844489,34.2843168,15202926889,肉夹馍,text
B0L03ACE4P,辣粉世家·米线·肉夹馍,三桥街道三桥新街保利金香槟1号楼1层10126号,未央区,西安市,餐饮服务;餐饮相关场所;餐饮相关,108.836875,34.288125,108.8322284,34.289655,,肉夹馍,text
B0K3F5NTWM,壹木腊汁肉夹馍,三桥大厦B座106B(三桥地铁站B西南口步行190米),未央区,西安市,餐饮服务;中餐厅;中餐厅,108.832452,34.290953,108.8277976,34.2924735,13088964541,肉夹馍,text
B0FFFTHTW0,沣东曹三腊汁肉夹馍店,西咸新区沣东新城三桥地铁口鸿港国际一楼,未央区,西安市,餐饮服务;中餐厅;中餐厅,108.833353,34.290011,108.8287002,34.2915336,13619210729,肉夹馍,text
B0FFFSM0XY,张记肉夹馍(花园东街店),西城明珠西门旁,未央区,西安市,餐饮服务;中餐厅;中餐厅,108.843369,34.297276,108.8387326,34.2988141,,肉夹馍,text
B0FFFSUN6C,无名腊汁肉夹馍,建章路与零五路交叉口东南50米,未央区,西安市,餐饮服务;中餐厅;中餐厅,108.842053,34.309619,108.8374134,34.3111492,13022806675;13201680090,肉夹馍,text
B0J2CSZJ0V,老潼关肉夹馍(建章路店),建章路唐都纸品对面,未央区,西安市,餐饮服务;餐饮相关场所;餐饮相关,108.842116,34.308903,108.8374765,34.3104336,13808940916,肉夹馍,text
B0FFLC3RBD,腊汁肉夹馍,丰业大道建章二路对面,未央区,西安市,餐饮服务;中餐厅;中餐厅,108.829189,34.320547,108.8245266,34.322048,15091189334,肉夹馍,text
B0L29DQVS8,老马家肉丸胡辣汤腊牛肉肉夹馍,大庆路与汉城北路辅路交叉口西南40米,莲湖区,西安市,餐饮服务;餐饮相关场所;餐饮相关,108.871675,34.268725,108.8670797,34.270321,18169176710,肉夹馍,text
B0KG3DMREN,今嘻阿朵妹土豆粉,丰收路恒大翡翠龙庭二期10号1楼外铺商铺,莲湖区,西安市,餐饮服务;中餐厅;中餐厅,108.883748,34.282515,108.8791606,34.2841187,18165303662,肉夹馍,text
B0FFGX8N0L,方园肉夹馍米线店(长庆市场店),皂河市场A排2号,未央区,西安市,餐饮服务;中餐厅;中餐厅,108.842358,34.329708,108.8377172,34.3312293,15902913539,肉夹馍,text
B0MAMZ5BKZ,杨师傅擀面皮·肉夹馍,保利金香槟9栋1单元0109号,未央区,西安市,餐饮服务;快餐厅;快餐厅,108.839222,34.287416,108.8345794,34.2889507,13359270026,肉夹馍,text
B0FFHB4LJV,康哥肉夹馍(大兴西路),大兴西路,莲湖区,西安市,餐饮服务;中餐厅;中餐厅,108.873783,34.286628,108.8691883,34.2882192,029-89545337,肉夹馍,text
B0J6GMGSHX,兜兜腊汁肉夹馍,立信路三民村便民综合市场13号,莲湖区,西安市,餐饮服务;中餐厅;中餐厅,108.861395,34.285369,108.8567866,34.2869433,,肉夹馍,text
B0FFL5JL0N,汉中热米皮潼关肉夹馍(二府营),X307(丰产路),未央区,西安市,餐饮服务;中餐厅;中餐厅,108.828825,34.333567,108.8241609,34.3350611,,肉夹馍,text
B0FFI1P1WO,晋南油酥肉夹馍(孙武路店),孙武路与三桥路交叉口西60米,未央区,西安市,餐饮服务;餐饮相关场所;餐饮相关,108.822181,34.306053,108.8175079,34.3075476,,肉夹馍,text
B0FFH1VPOF,秦镇老马家大米皮肉夹馍(县河综合市场店),皂河综合市场,未央区,西安市,餐饮服务;快餐厅;快餐厅,108.842402,34.329514,108.8377613,34.3310355,18092049856;18192681132,肉夹馍,text
B0FFK0X8TB,老潼关肉夹馍(皂河市场店),建章路皂河综合市场B排2号,未央区,西安市,餐饮服务;中餐厅;中餐厅,108.842167,34.3296,108.8375259,34.331121,13259704961;18792440904,肉夹馍,text
B001D0VPS1,张记肉夹馍(阎家村东),丰产路与北宫西路交叉口西60米,未央区,西安市,餐饮服务;中餐厅;中餐厅,108.852609,34.333181,108.8479843,34.3347191,,肉夹馍,text
B0MGX9YMDQ,杨记石子馍夹菜肉,枣园西路128号丰盛园341栋,莲湖区,西安市,餐饮服务;中餐厅;中餐厅,108.862931,34.273772,108.8583255,34.2753535,,肉夹馍,text
B0MAFLUV53,王记腊汁肉夹馍,枣园东路与汉城北路交叉口东南280米,莲湖区,西安市,餐饮服务;中餐厅;中餐厅,108.874575,34.272975,108.8699821,34.2745729,,肉夹馍,text
B0M6JGC1ZO,片片面肉夹馍,光华小区东北门南160米,未央区,西安市,餐饮服务;中餐厅;中餐厅,108.853662,34.273686,108.8490437,34.2752525,,肉夹馍,around
B0MDX11XKV,全师傅潼关肉夹馍(钟楼南大街店),三桥新街与车刘社区路交叉口西20米,未央区,西安市,餐饮服务;餐饮相关场所;餐饮相关,108.851116,34.284811,108.846493,34.2863684,,肉夹馍,around
B0LKPBYUJ5,凡灶孜然牛肉夹馍,崇智路与立信路交叉口东南120米,莲湖区,西安市,餐饮服务;餐饮相关场所;餐饮相关,108.858375,34.284625,108.8537626,34.2861948,,肉夹馍,around
B0FFHQTV6Y,袁老大肉夹馍,花园西街与建章路交叉口西120米,未央区,西安市,餐饮服务;中餐厅;中餐厅,108.840675,34.297325,108.8360341,34.2988581,,肉夹馍,around
B0J0TAX35O,子午路张记肉夹馍(丰才巷店),[],莲湖区,西安市,餐饮服务;快餐厅;快餐厅,108.865632,34.272756,108.8610299,34.274342,18133935298,肉夹馍,around
B0M6PZLCW5,天津小笼包肉夹馍米线牛肉面饺子混沌,花园东街与建章路交叉口东南60米,未央区,西安市,餐饮服务;中餐厅;中餐厅,108.842525,34.297375,108.8378871,34.2989115,,肉夹馍,around
B0KGVRDKHN,香探花(万科·金色悦城店),万科金色悦城生活里广场,莲湖区,西安市,餐饮服务;中餐厅;中餐厅,108.85978,34.285658,108.8551694,34.2872296,17782554145,肉夹馍,around
B0MGOSVSFI,黄记肉夹馍,花园综合广场内(西侧),未央区,西安市,餐饮服务;中餐厅;中餐厅,108.842162,34.301266,108.8375232,34.3028001,,肉夹馍,around
B0L0ASBX59,小柳腊汁肉夹馍(暂停营业),汉城北路与影山楼巷交叉口南100米,莲湖区,西安市,餐饮服务;快餐厅;快餐厅,108.871665,34.271306,108.8670695,34.2729009,13076959555,肉夹馍,around
B0MGTD5JXE,一分利米皮·肉夹馍,团结西路与汉城南路交叉口东60米,莲湖区,西安市,餐饮服务;快餐厅;快餐厅,108.872648,34.264836,108.868054,34.2664348,,肉夹馍,around
B0KR79PJ33,焦太公肉夹馍,启征路与孙武路交叉口东南20米,未央区,西安市,餐饮服务;中餐厅;中餐厅,108.816691,34.306027,108.8120089,34.3075117,,肉夹馍,around
B0LDV5Z7H2,张兴邦擀面皮·肉夹馍(天朗莱茵小城店),枣园街道办事处莱茵小城社区居民委员会北侧130米,莲湖区,西安市,餐饮服务;中餐厅;中餐厅,108.873832,34.269333,108.8692387,34.2709315,,肉夹馍,around
B0K2YCP3OX,小李腊汁肉夹馍,孙武路与建章路交叉口西280米,未央区,西安市,餐饮服务;中餐厅;中餐厅,108.83872,34.305425,108.8340751,34.3069508,,肉夹馍,around
B0FFIVI4O9,潼关肉夹馍(城西客运站店),枣园东路与汉城北路交叉口东200米,莲湖区,西安市,餐饮服务;餐饮相关场所;餐饮相关,108.873943,34.273414,108.8693495,34.2750109,13991300139,肉夹馍,around
B0MUXM8N9D,高陵土豆片夹馍,孙武路与建章路交叉口西100米,未央区,西安市,餐饮服务;餐饮相关场所;餐饮相关,108.840749,34.305316,108.8361075,34.3068457,,肉夹馍,around
B0FFM8QYFJ,许香老潼关肉夹馍(邓家村店),大兴西路辅路与汉城北路交叉口东180米,莲湖区,西安市,餐饮服务;中餐厅;中餐厅,108.873705,34.286633,108.8691102,34.2882241,13992095515,肉夹馍,around
B0FFG3NDYA,大兴徐记肉夹馍凉皮店(大兴西路东段店),大兴西路118号(西安千叶城市酒店大兴西路店南门旁),莲湖区,西安市,餐饮服务;中餐厅;中餐厅,108.88604,34.286772,108.8814533,34.2883758,13022885655,肉夹馍,text
B0FFMDQP5O,荣胜肉丸糊辣汤腊牛肉夹馍,大兴果蔬市场南区5号,莲湖区,西安市,餐饮服务;中餐厅;中餐厅,108.884474,34.286611,108.8798866,34.2882136,18729301232,肉夹馍,text
B0LB7CFCZH,张兴邦擀面皮肉夹馍,太奥广场12号楼101号商铺,莲湖区,西安市,餐饮服务;中餐厅;中餐厅,108.895664,34.28301,108.8910792,34.2846216,,肉夹馍,text
B0FFIYONIC,笼笼肉夹馍,土门坊与沣惠南路交叉口西北200米,莲湖区,西安市,餐饮服务;中餐厅;中餐厅,108.888125,34.266625,108.8835406,34.2682389,,肉夹馍,around
B0FFHTS65G,汉中香辣热米皮(团结一路店),团结一路1号庆怡小区(土门地铁站B口步行340米),莲湖区,西安市,餐饮服务;中餐厅;中餐厅,108.887579,34.260227,108.882995,34.261843,,肉夹馍,around
B0MGH6SAMR,郭记米皮肉夹馍,团结一路1号庆怡小区(土门地铁站B口步行340米),莲湖区,西安市,餐饮服务;中餐厅;中餐厅,108.887579,34.260106,108.882995,34.2617221,,肉夹馍,around
B0MDC94U35,曾大姐擀面皮肉夹馍,丰收路33号,莲湖区,西安市,餐饮服务;中餐厅;中餐厅,108.886483,34.277575,108.8818972,34.2791831,,肉夹馍,around
B0H6GO73UG,娟子菜夹馍,桃园西路与沣惠路交叉口东40米,莲湖区,西安市,餐饮服务;餐饮相关场所;餐饮相关,108.891627,34.266922,108.8870434,34.2685381,,肉夹馍,around
B0FFL75MCH,李姐凉皮肉夹馍,沣惠北路雅逸公寓(曼卡顿酒店北边第三家),莲湖区,西安市,餐饮服务;中餐厅;中餐厅,108.891464,34.276051,108.8868796,34.2776633,,肉夹馍,around
B0FFL04HVU,一品香米线肉夹馍(祥安花园店),大兴西路邓六路邓家村,莲湖区,西安市,餐饮服务;中餐厅;中餐厅,108.875131,34.289172,108.8705373,34.2907637,,肉夹馍,around
B0FFGXJXA9,范记肉夹馍粉汤羊血(八号街坊小区店),丰登北路8号八号街坊小区,莲湖区,西安市,餐饮服务;中餐厅;中餐厅,108.894534,34.26732,108.8899505,34.2689376,13991863486,肉夹馍,around
B0FFGZOEFW,王记肉夹馍(祥安花园店),祥安花园东门旁,莲湖区,西安市,餐饮服务;中餐厅;中餐厅,108.875147,34.289586,108.8705532,34.2911776,13519193976,肉夹馍,around
B0MU7C5REE,一品香肉夹馍,丰登北路21号世纪春天,莲湖区,西安市,餐饮服务;中餐厅;中餐厅,108.894563,34.260424,108.8899801,34.2620443,,肉夹馍,around
B0JGYU01FT,邢老四肉丸糊辣汤腊牛肉夹馍(西电医院店)(装修中),团结东路443号,莲湖区,西安市,餐饮服务;中餐厅;中餐厅,108.895733,34.263183,108.8911498,34.2648028,13152000580,肉夹馍,around
B0L0ACD461,荣胜肉丸糊辣汤腊牛肉夹馍(白家口店),沣惠北路96号右边第一间,莲湖区,西安市,餐饮服务;中餐厅;中餐厅,108.890876,34.284444,108.8862909,34.2860524,,肉夹馍,around
B0MASCGYJB,清真鼎香坊里脊肉夹馍,西斜路63号郭家口西小区,莲湖区,西安市,餐饮服务;中餐厅;清真菜馆,108.897525,34.276275,108.8929406,34.2778902,,肉夹馍,around
B0M62UWCBL,潼关肉夹馍,桃园路街道丰镐东路143号旭景·丰泽桃园,莲湖区,西安市,餐饮服务;中餐厅;中餐厅,108.901385,34.25959,108.8968009,34.2612131,,肉夹馍,around
B0KKOP1Q1S,施记肉夹馍,红庙坡街道丰禾路杏园路晨轩足球俱乐部01商铺施记肉夹馍,莲湖区,西安市,餐饮服务;中餐厅;中餐厅,108.897728,34.281925,108.8931431,34.2835379,13681796210,肉夹馍,around
B0JDSUOAZV,凉皮肉夹馍,丰禾路336号,莲湖区,西安市,餐饮服务;中餐厅;中餐厅,108.899968,34.280452,108.8953827,34.2820662,18392989167;19829616318,肉夹馍,around
B0LKZGE955,陈师傅纯手工肉夹馍(西安丰禾万达广场店),万达广场(西安丰禾店),莲湖区,西安市,餐饮服务;中餐厅;中餐厅,108.900036,34.280952,108.8954506,34.282566,,肉夹馍,around
B0KRLP6NDO,小白籠笼笼肉夹馍(方欣店),大兴东路73号中南·青樾,莲湖区,西安市,餐饮服务;中餐厅;中餐厅,108.893975,34.288225,108.8893899,34.2898335,,肉夹馍,around
B0FFJ2UIJX,秦禾记关中名小吃(大兴九臻店),大兴东路18号九臻小区3号楼一层商铺,莲湖区,西安市,餐饮服务;中餐厅;中餐厅,108.901838,34.285252,108.8972517,34.2868646,,肉夹馍,around
B0FFKS90SX,老潼关肉夹馍(西缆二小区店),劳动路212号西缆二小区10号楼,莲湖区,西安市,餐饮服务;快餐厅;快餐厅,108.909259,34.266133,108.90467,34.2677538,13659280373,肉夹馍,around
B0MUN60R8L,阿福巷口肉夹馍火锅店,西二环与梨园路十字向东300米(大白杨村)长兴园湖曲,莲湖区,西安市,餐饮服务;餐饮相关场所;餐饮相关,108.897687,34.291268,108.8931013,34.2928768,,肉夹馍,around
B0JB9S0JHD,秦小吾脆皮肉夹馍(长兴园湖曲店),长兴园湖曲西门北90米,莲湖区,西安市,餐饮服务;中餐厅;中餐厅,108.897136,34.292076,108.8925504,34.2936843,4009021770,肉夹馍,around
B0KKO4XG0X,富平菜夹馍,梨园路2401号沁园春小区,未央区,西安市,餐饮服务;中餐厅;中餐厅,108.897292,34.293016,108.8927063,34.2946239,,肉夹馍,around
B0I2BUZADX,口口香小飞龙肉夹馍,隆泰巷与锦园路交叉口北60米,莲湖区,西安市,餐饮服务;中餐厅;中餐厅,108.90929,34.257356,108.9047017,34.2589803,13096928298,肉夹馍,around
B0KG3YM2UL,喜客多老潼关肉夹馍(梨园路店),未央区和生国际,未央区,西安市,餐饮服务;中餐厅;中餐厅,108.897825,34.293275,108.8932392,34.294883,15929950908,肉夹馍,around
B0FFF65442,老潼关肉夹馍(劳动路店),劳动南路辅路与明觉巷交叉口北120米,莲湖区,西安市,餐饮服务;中餐厅;中餐厅,108.910278,34.257828,108.9056888,34.2594519,15139080541,肉夹馍,around
B0FFHOTPWE,臻鸿肉夹馍(梨园路店),未央宫街办梨园路君悦华府一楼门面房东4号,未央区,西安市,餐饮服务;快餐厅;快餐厅,108.900043,34.292492,108.8954567,34.2941011,15191890199,肉夹馍,around
B0MDLNE4X4,柱哥肉夹馍,梨园路32号君悦华府,未央区,西安市,餐饮服务;中餐厅;中餐厅,108.900445,34.292464,108.8958586,34.2940732,,肉夹馍,around
B0FFGFRMB7,老潼关肉夹馍(劳动路店),西关正街309-1号,莲湖区,西安市,餐饮服务;中餐厅;中餐厅,108.911909,34.259566,108.9073183,34.2611889,15771984869;18091805573,肉夹馍,around
B0LDL7H7XX,王二肉夹馍,梨园路和生国际商品交易中心f50163号商铺,未央区,西安市,餐饮服务;快餐厅;快餐厅,108.899497,34.293603,108.8949108,34.2952114,17792217502,肉夹馍,around
B0FFMGHDEN,拴马桩擀面皮(大兴东路店),大兴东路10号蔚蓝馨城(光化门地铁站D口步行430米),莲湖区,西安市,餐饮服务;中餐厅;中餐厅,108.906561,34.286017,108.9019723,34.2876297,13772152730;15891393162,肉夹馍,around
B0FFH0VMQI,天府米线,粮科院家属楼北门东80米,莲湖区,西安市,餐饮服务;中餐厅;中餐厅,108.914466,34.26346,108.9098724,34.2650805,15591800166,肉夹馍,text
B0K3XH32HR,子午路张记肉夹馍(米禾农场店),罗高路168号米禾农场B区7号商铺,未央区,西安市,餐饮服务;中餐厅;中餐厅,108.886999,34.302142,108.8824114,34.3037399,17729387980,肉夹馍,text
B0FFF653BZ,袁记肉夹馍(大庆路玉祥门店),大庆路107号(南方酒店旁),莲湖区,西安市,餐饮服务;中餐厅;中餐厅,108.918361,34.270026,108.9137624,34.2716421,029-88625856;18066906285,肉夹馍,text
B0K0LPUFP7,金平老米家泡馍(时代盛典店),西大街金平老米家泡馍时代盛典103号,莲湖区,西安市,餐饮服务;中餐厅;清真菜馆,108.939202,34.259798,108.9345661,34.2613973,13088982346,肉夹馍,text
B0FFHTY9R0,老韩家腊牛肉夹馍肉丸糊辣汤(丰禾路分店),丰禾路与大丰路交叉口东80米,莲湖区,西安市,餐饮服务;中餐厅;清真菜馆,108.912654,34.280627,108.9080609,34.2822411,,肉夹馍,text
B0LR57B4T4,邻知香朱老大肉夹馍(老城根店),大兴东路御笔华庭3号楼3-10105,莲湖区,西安市,餐饮服务;快餐厅;快餐厅,108.916065,34.286771,108.9114678,34.2883812,,肉夹馍,text
B0MAR95TW3,酥皮菜夹馍,大庆路217号迎宾楼46号由西向东第六间商铺,莲湖区,西安市,餐饮服务;中餐厅;中餐厅,108.913024,34.269907,108.9084314,34.2715254,13196307492,肉夹馍,around
B0JDDCOMD3,潼关肉夹馍(陕西省小天鹅艺术团店),小天鹅艺术团南门东60米,莲湖区,西安市,餐饮服务;中餐厅;中餐厅,108.914095,34.263702,108.9095018,34.2653226,13646604066;15929958849,肉夹馍,around
B0K39OK79L,太特食坊腊汁肉夹馍,杨家围墙15号-1,莲湖区,西安市,餐饮服务;中餐厅;中餐厅,108.915391,34.263473,108.9107964,34.2650932,18792695238,肉夹馍,around
B0FFGFRAW5,樊荣肉夹馍(西站社区店),西站社区南2门旁,莲湖区,西安市,餐饮服务;中餐厅;中餐厅,108.913376,34.273428,108.9087828,34.2750448,18792605551,肉夹馍,around
B0FFGK0ZAL,老潼关肉夹馍(铁塔寺北街),一中北路与铁塔寺北街交叉口西南50米,莲湖区,西安市,餐饮服务;中餐厅;中餐厅,108.917599,34.265473,108.9130017,34.2670914,13679261849,肉夹馍,around
B0JBDAUDKA,大乔串串延安沾沾,恒天国际城小区9号楼1层10103,莲湖区,西安市,餐饮服务;中餐厅;中餐厅,108.917735,34.267988,108.9131373,34.2696053,13630240111,肉夹馍,around
B0FFJTFPDY,正宗·天府米线(一中店),铁塔寺北街2-5号,莲湖区,西安市,餐饮服务;中餐厅;中餐厅,108.917601,34.263989,108.9130038,34.265608,18092122005,肉夹馍,around
B0K1C5LHYB,史玉林凉皮(玉祥门店),大庆路恒和智系智慧产业园B座1楼1001,莲湖区,西安市,餐饮服务;快餐厅;快餐厅,108.917956,34.268833,108.913358,34.2704498,18161891087,肉夹馍,around
B0MD04Q0PG,小云腊汁肉夹馍,大庆路与铁塔寺北街交叉口东南160米,莲湖区,西安市,餐饮服务;中餐厅;中餐厅,108.918975,34.268225,108.9143757,34.2698415,,肉夹馍,around
B0G0V4IZLR,金晨土豆片夹馍,环城西路街道铁塔寺路与王家巷交叉口正西方向30米左右,莲湖区,西安市,餐饮服务;餐饮相关场所;餐饮相关,108.9192,34.263417,108.9146008,34.2650353,,肉夹馍,around
B0K12LI22A,老潼关肉夹馍(西关正街店),西关正街与兴学巷交叉口东100米,莲湖区,西安市,餐饮服务;快餐厅;快餐厅,108.917092,34.259497,108.9124958,34.261118,,肉夹馍,around
B0K3MCS5EL,双酱饼皇土豆片夹馍,王家巷与铁塔寺路交叉口西南60米,莲湖区,西安市,餐饮服务;快餐厅;快餐厅,108.919475,34.263577,108.9148755,34.2651951,17691399325,肉夹馍,around
B0L1ZMLA0R,旺角凉皮砂锅夹馍,南小巷245号,莲湖区,西安市,餐饮服务;餐饮相关场所;餐饮相关,108.916525,34.258025,108.9119296,34.2596469,,肉夹馍,around
B0J2OCDMTP,陈半街·肘子夹馍(恒天国际城东区店),恒天国际城东区(玉祥门地铁站C东南口旁),莲湖区,西安市,餐饮服务;中餐厅;中餐厅,108.920415,34.268777,108.9158138,34.2703924,18049452350,肉夹馍,around
B0JUG1B2EC,杨记肉夹馍(恒天国际城店),恒天国际城东区北门东120米(玉祥门地铁站C东南口旁),莲湖区,西安市,餐饮服务;中餐厅;中餐厅,108.920641,34.268851,108.9160394,34.2704662,17868802018;18392003106,肉夹馍,around
B0MG2U43D9,李家腊汁肉夹馍米线臊子面,西关正街南小巷副27号综合商贸楼一层,莲湖区,西安市,餐饮服务;餐饮相关场所;餐饮相关,108.916463,34.256832,108.9118678,34.2584544,,肉夹馍,around
B0FFG1ZP54,明辉肉丸糊辣汤腊牛肉夹馍(玉祥门店),建中巷2号附1号天朗蔚蓝国际2期,莲湖区,西安市,餐饮服务;中餐厅;中餐厅,108.920474,34.271816,108.9158724,34.2734301,13649271617,肉夹馍,around
B0IAJCY8OM,热米皮肉夹馍店,西关正街149号(安定门地铁站A口步行200米),莲湖区,西安市,餐饮服务;中餐厅;中餐厅,108.919819,34.259528,108.9152193,34.2611475,15829234353,肉夹馍,around
B0FFF65COD,胖子米皮,南小巷小学东南门旁,莲湖区,西安市,餐饮服务;中餐厅;中餐厅,108.916878,34.256302,108.9122823,34.2579244,13772075970;18400767132,肉夹馍,around
B001D10GOG,江波腊汁肉夹馍砂锅,五一巷与环城西路北段辅路交叉口西40米,莲湖区,西安市,餐饮服务;中餐厅;中餐厅,108.92213,34.261892,108.9175269,34.2635091,,肉夹馍,around
B0MANORHUT,凉皮·肉夹馍,丰禾路与大丰路交叉口西40米,莲湖区,西安市,餐饮服务;中餐厅;中餐厅,108.911275,34.280815,108.9066831,34.2824293,,肉夹馍,around
B0MAKCOJBV,帅虎腊汁肉夹馍,丰禾路168号秦岭棉织厂综合蔬菜市场门面9号,莲湖区,西安市,餐饮服务;快餐厅;快餐厅,108.914712,34.28062,108.9101168,34.2822334,,肉夹馍,around
B0FFL43WUP,艳华腊汁肉夹馍店,丰禾路张家村170,莲湖区,西安市,餐饮服务;餐饮相关场所;餐饮相关,108.919937,34.277965,108.9153357,34.2795769,15929901285,肉夹馍,around
B0KUA6TY3A,秦味源腊汁肉夹馍,唐元宫西门西北70米(桥梓口地铁站B口步行440米),莲湖区,西安市,餐饮服务;快餐厅;快餐厅,108.926562,34.260621,108.9219519,34.262235,13519195582,肉夹馍,around
B0LDOR4PTV,子午路张记肉夹馍(西门儿童医院店),西大街聚源小区a区唐元宫一层西一商铺,莲湖区,西安市,餐饮服务;中餐厅;中餐厅,108.926885,34.260571,108.9222744,34.2621847,15353615377,肉夹馍,around
B0MDY6T1A4,肘子肉夹馍,宏府安定广场西门旁(桥梓口地铁站B口步行320米),莲湖区,西安市,餐饮服务;中餐厅;中餐厅,108.926475,34.259075,108.9218652,34.2606897,,肉夹馍,around
B0GRKO5HNV,清真于师牛肉酱馍夹菜,香米园正街96号,莲湖区,西安市,餐饮服务;餐饮相关场所;餐饮相关,108.928304,34.266106,108.9236904,34.2677161,15054203788,肉夹馍,around
B0K3APPOMF,biangbiang面大师·凉皮肉夹馍油泼面,西大街宏府安定广场(桥梓口地铁站B口步行220米),莲湖区,西安市,餐饮服务;中餐厅;中餐厅,108.926731,34.25911,108.9221207,34.2607244,,肉夹馍,around
B0HKO5IZ6C,老潼关肉夹馍(唐元宫店),西大街369号唐元宫F1层,莲湖区,西安市,餐饮服务;中餐厅;中餐厅,108.927512,34.260835,108.9229002,34.262448,,肉夹馍,around
B0MD9XQYDJ,迎迎面肉夹馍,西安宏府安定广场3号楼B西门东北70米,莲湖区,西安市,餐饮服务;中餐厅;中餐厅,108.928236,34.259157,108.9236231,34.26077,,肉夹馍,around
B001D07LLV,李老十腊牛肉夹馍(自强西路店),自强西路349号(近星火路),莲湖区,西安市,餐饮服务;中餐厅;清真菜馆,108.92325,34.280353,108.9186437,34.2819616,15389201089,肉夹馍,around
B0FFJG46JO,袁师傅肉夹馍(永宜路店),红庙坡街道大兴东路4号送变电社区家属院隔壁,莲湖区,西安市,餐饮服务;快餐厅;快餐厅,108.915377,34.285072,108.9107807,34.2866832,,肉夹馍,around
B0K02SYJG2,杨记腊汁肉夹馍(骆驼巷店),第七十中学西门旁(桥梓口地铁站B口步行150米),莲湖区,西安市,餐饮服务;中餐厅;中餐厅,108.928345,34.258486,108.9237319,34.2600991,18792722711,肉夹馍,around
B0H35M2Q0K,秦香苑腊汁肉夹馍(总店)(暂停营业),西大街475号(宝隆大厦)一层,莲湖区,西安市,餐饮服务;中餐厅;中餐厅,108.927654,34.259594,108.9230421,34.2612074,17778955289,肉夹馍,around
B0L3X12ETT,清真·哈尼夹馍(贡院门店),西举院巷22号贡院门小区,莲湖区,西安市,餐饮服务;餐饮相关场所;餐饮相关,108.929868,34.260678,108.9252519,34.2622887,,肉夹馍,around
B0FFKSHAGM,子午路张记肉夹馍(老城根店),梧桐坊小区子午路张记(老城根店),莲湖区,西安市,餐饮服务;快餐厅;快餐厅,108.916578,34.286072,108.9119803,34.2876823,18710771641,肉夹馍,around
B0L0S9L96D,范午米线笼笼肉夹馍(大兴店),劳动北路352号天朗·大兴郡锦城,莲湖区,西安市,餐饮服务;快餐厅;快餐厅,108.911011,34.28793,108.9064188,34.2895414,13022959949;17792545277,肉夹馍,around
B0FFKSJXYH,老潼关肉夹馍(香槟城店),香槟城,莲湖区,西安市,餐饮服务;中餐厅;中餐厅,108.926437,34.279877,108.9218256,34.2814832,18291802816,肉夹馍,around
B0MDNOFWU6,庄先生·砂锅凉皮肉夹馍(红庙坡店),大兴东路辅路与永全路交叉口东南100米,莲湖区,西安市,餐饮服务;中餐厅;中餐厅,108.918675,34.285725,108.9140747,34.2873344,,肉夹馍,around
B0KUFS49G2,禹老三肉丸糊辣汤腊牛肉夹馍(大白杨南路店),大白杨南路融创阑园9号楼10103商铺,莲湖区,西安市,餐饮服务;中餐厅;中餐厅,108.915268,34.287091,108.9106717,34.2887014,,肉夹馍,around
B0L045XCGS,秦薯记土豆片夹馍,大兴东路龙湖星悦荟西侧步行街,莲湖区,西安市,餐饮服务;餐饮相关场所;餐饮相关,108.918839,34.285725,108.9142385,34.2873343,13991861185,肉夹馍,around
B0FFIA3L7Q,党记澄城水盆羊肉(夏家十字店),唐人街小区南门旁(桥梓口地铁站C口步行330米),莲湖区,西安市,餐饮服务;中餐厅;中餐厅,108.930391,34.257858,108.9257742,34.2594693,18710560878,肉夹馍,around
B0FFITBSMI,老潼关肉夹馍桥梓口店,柴家什字49号(桥梓口地铁站B口步行350米),莲湖区,西安市,餐饮服务;中餐厅;中餐厅,108.929979,34.256906,108.925363,34.2585181,18292827377,肉夹馍,around
B0K2DCEPWF,超享乐剁椒面(龙湖大兴星悦荟店),龙湖大兴星悦荟A馆LG002,莲湖区,西安市,餐饮服务;中餐厅;中餐厅,108.919074,34.285921,108.9144732,34.2875301,18092399224,肉夹馍,around
B0L047Y0AM,肉夹馍回坊烤肉,清真西寺东门北80米,莲湖区,西安市,餐饮服务;中餐厅;中餐厅,108.932419,34.263908,108.9277977,34.2655146,,肉夹馍,around
B0MDVLPJ1O,八佰秦·牛肉灌饼凉皮肉夹馍,劳动北路352号天朗·大兴郡锦城,莲湖区,西安市,餐饮服务;餐饮相关场所;餐饮相关,108.910825,34.288575,108.9062329,34.2901861,,肉夹馍,around
B0FFH2EU1M,马蓉蛋菜夹馍,洒金桥115号(洒金桥地铁站B西南口步行450米),莲湖区,西安市,餐饮服务;餐饮相关场所;餐饮相关,108.932712,34.266031,108.9280899,34.2676364,17791904782;17868240994,肉夹馍,around
B0FFIIQHL1,老金家蛋菜夹馍,大皮院与西华门大街交叉口西80米,莲湖区,西安市,餐饮服务;餐饮相关场所;餐饮相关,108.932589,34.263455,108.9279674,34.2650616,13689241491;17702913137,肉夹馍,around
B0MGZLJ9QW,老陕地biangbiang面水饺(洒金桥店),西北三路与莲湖路辅路交叉口西北40米,莲湖区,西安市,餐饮服务;中餐厅;特色/地方风味餐厅,108.93258,34.270185,108.9279579,34.2717888,,肉夹馍,around
B0J6ANW5OS,老杨家饦饦馍·蛋菜夹馍,广济街54号,莲湖区,西安市,餐饮服务;中餐厅;清真菜馆,108.932674,34.262905,108.9280523,34.2645117,,肉夹馍,around
B0M6A5YSK3,朱老大肉夹馍,莲湖路171号(洒金桥地铁站B西南口步行90米),莲湖区,西安市,餐饮服务;中餐厅;中餐厅,108.93314,34.269956,108.9285167,34.2715593,,肉夹馍,around
B0FFGH4AZ4,王二肉夹馍(西北三路店),西北三路与习武园交叉口西南40米,莲湖区,西安市,餐饮服务;中餐厅;中餐厅,108.932769,34.273272,108.9281462,34.2748744,18165358660,肉夹馍,around
B001D089ZF,杨锐肉夹馍(明珠巷店),星火东巷1号,莲湖区,西安市,餐饮服务;餐饮相关场所;餐饮相关,108.926214,34.282984,108.9216027,34.2845891,15109212326;18092693029,肉夹馍,around
B0JKJ9IJHD,小老弟肉夹馍(龙湖·水晶郦城南区店),永安路与永全路辅路交叉口西南40米,莲湖区,西安市,餐饮服务;中餐厅;中餐厅,108.917362,34.288572,108.9127631,34.2901808,18220897235,肉夹馍,around
B0MA5DNRTL,特一味米皮肉夹馍(西北三路店),陕西省公安厅家属院西门旁,莲湖区,西安市,餐饮服务;中餐厅;中餐厅,108.933139,34.274193,108.9285154,34.2757945,13572003860,肉夹馍,around
B001D06T7X,秦汉腊汁肉夹馍(双仁府小区北区店),双仁府路47号,莲湖区,西安市,餐饮服务;中餐厅;中餐厅,108.930214,34.253308,108.9255979,34.2549213,15389287628,肉夹馍,around
B0MA9RBIJ4,军军肉丸胡辣汤·肉夹馍,青年路235号,莲湖区,西安市,餐饮服务;中餐厅;中餐厅,108.93424,34.271468,108.9296143,34.2730693,,肉夹馍,around
B0FFIOBHJU,里脊肉夹馍(双仁府小区北区店),环城南路西段208号靠近西北大学太白校区中国书画研究中心,莲湖区,西安市,餐饮服务;快餐厅;快餐厅,108.930143,34.252914,108.9255271,34.2545275,15991616670,肉夹馍,around
B0H1M91ETK,鸿筠肉夹馍(桥梓口店),桥梓口辅路与五星街交叉口北40米,莲湖区,西安市,餐饮服务;中餐厅;中餐厅,108.932632,34.25605,108.9280109,34.2576595,15002954668,肉夹馍,around
B0FFH8506U,清真信真牛羊肉,西仓南巷44号,莲湖区,西安市,购物服务;综合市场;农副产品市场,108.935272,34.263496,108.9306447,34.2650992,13335396140,肉夹馍,around
B0MD7L86Y7,清真西安牛头王肉夹馍,新兴村小区北区,莲湖区,西安市,餐饮服务;中餐厅;中餐厅,108.934975,34.274075,108.9303475,34.2756743,,肉夹馍,around
B0MBFC7220,周老三热米皮砂锅肉夹馍,自强西路与纸坊巷交叉口东120米,莲湖区,西安市,餐饮服务;中餐厅;中餐厅,108.931725,34.280075,108.9271038,34.2816757,,肉夹馍,around
B001D08EHT,于老大腊牛肉夹馍肉丸糊辣汤,五星街36号,莲湖区,西安市,餐饮服务;快餐厅;快餐厅,108.934041,34.255598,108.929417,34.2572059,029-87622696,肉夹馍,around
B0L14X35T7,建民炒饭馆,青年二巷4号院平房-两间门面房,莲湖区,西安市,餐饮服务;中餐厅;中餐厅,108.936253,34.272349,108.9316228,34.2739474,15202902116;15902930928,肉夹馍,around
B0FFHSLQW4,东阔火烧夹馍店,纸坊村90号付1号商铺,莲湖区,西安市,餐饮服务;中餐厅;中餐厅,108.932904,34.279611,108.9282804,34.2812106,13002903986,肉夹馍,around
B0LGHSLUBL,味上味土豆片夹馍,自强西路89号店铺,莲湖区,西安市,餐饮服务;中餐厅;中餐厅,108.932465,34.280306,108.9278423,34.2819058,,肉夹馍,around
B0M6VPI0F9,兰老虎腊牛肉夹馍,工农路与自强西路交叉口西南60米,莲湖区,西安市,餐饮服务;中餐厅;中餐厅,108.932908,34.279801,108.9282844,34.2814005,,肉夹馍,around
B0I26SD9JW,王二肉夹馍,自强西路223号,莲湖区,西安市,餐饮服务;中餐厅;中餐厅,108.93256,34.280337,108.9279371,34.2819367,,肉夹馍,around
B0J1CDCO7B,敏敏炸菜夹馍,许士庙街2号,莲湖区,西安市,餐饮服务;快餐厅;快餐厅,108.93754,34.267195,108.9329073,34.2687937,18700923516,肉夹馍,around
B0FFF6593D,张记潼关肉夹馍凉皮(食汇外卖街区店),纸坊村十字西北角121号,莲湖区,西安市,餐饮服务;中餐厅;中餐厅,108.932887,34.28035,108.9282634,34.2819493,18392685206,肉夹馍,around
B0FFICH5W5,花干夹馍(许士庙街店),青年路街道许士庙街49号许士庙街,莲湖区,西安市,餐饮服务;中餐厅;中餐厅,108.937713,34.266849,108.93308,34.2684476,15249288802;18192158676,肉夹馍,around
B0FFH97QYA,原点肉夹馍(莲湖路店),莲湖路103号陕西教育大厦F1层,莲湖区,西安市,餐饮服务;中餐厅;中餐厅,108.937484,34.27003,108.9328512,34.2716276,029-87377055,肉夹馍,around
B0FFF6531H,秦镇米皮肉夹馍(永兴路店),陕西省公安厅监所管理总队东门旁,莲湖区,西安市,餐饮服务;中餐厅;中餐厅,108.928907,34.285356,108.9242908,34.2869575,13468952866;15991808463,肉夹馍,around
B0FFF64ZNQ,好再来营养快餐(药王洞小区店),药王洞小区1号楼,莲湖区,西安市,餐饮服务;中餐厅;中餐厅,108.937018,34.273724,108.932386,34.2753208,18629310739;18629388182,肉夹馍,around
B001D08T2F,胖子米皮肉夹馍(自强西路店),自强西路纸坊村十子东北角,莲湖区,西安市,餐饮服务;中餐厅;中餐厅,108.933611,34.280394,108.9289859,34.2819924,13571882571;15319783141,肉夹馍,around
B0J0BRUW4C,缘起古都擀面皮肉夹馍(阳光台365小区店),阳光台365小区西区东门旁,未央区,西安市,餐饮服务;餐饮相关场所;餐饮相关,108.905387,34.293721,108.9007983,34.2953303,15710444406;18907633323,肉夹馍,around
B0MDCL4AIQ,伊德鑫李老二腊牛肉夹馍,红庙坡街道红庙坡路69号红庙坡小区,莲湖区,西安市,餐饮服务;中餐厅;中餐厅,108.928024,34.286715,108.9234093,34.2883168,,肉夹馍,around
B0H6FM17C7,马坚肉丸糊辣汤•烤肉(回民街店)(暂停营业),北院门街道11号庙后街与西羊市,莲湖区,西安市,餐饮服务;中餐厅;清真菜馆,108.938776,34.263227,108.9341408,34.2648256,18706776700;18966922801,肉夹馍,around
B0K067VON9,卷上加仁现蒸凉皮肉夹馍,北广济街与大皮院交叉口南60米,莲湖区,西安市,餐饮服务;糕饼店;糕饼店,108.93892,34.263845,108.9342844,34.2654431,,肉夹馍,around
B0FFLCZI3V,龍村肉夹馍,青年路153号,莲湖区,西安市,餐饮服务;快餐厅;快餐厅,108.938781,34.271279,108.9341451,34.2728743,17791583185,肉夹馍,around
B0HDBCHMLJ,魏家凉皮(西大街店),西大街125号(广济街地铁站A1口旁),莲湖区,西安市,餐饮服务;餐饮相关场所;餐饮相关,108.938344,34.259728,108.9337101,34.2613286,,肉夹馍,around
B0FFKO0EWM,老味道卤肉夹馍(西安营建小区店),西安营建小区南门旁,莲湖区,西安市,餐饮服务;快餐厅;快餐厅,108.931116,34.284795,108.9264956,34.2863944,17791874730;18089230040,肉夹馍,around
B0J35HX854,土豆片夹馍,大皮院与北广济街交叉口东40米,莲湖区,西安市,餐饮服务;中餐厅;中餐厅,108.939413,34.264559,108.9347762,34.2661561,,肉夹馍,around
B0LG3M7BDC,西安牛头肉夹馍,北广济街126号(广济街地铁站A1口步行370米),莲湖区,西安市,餐饮服务;餐饮相关场所;餐饮相关,108.939079,34.262044,108.9344432,34.2636426,15339193051,肉夹馍,around
B0FFF6PUCW,袁记肉夹馍(五味什字店),五味什字10号,碑林区,西安市,餐饮服务;中餐厅;中餐厅,108.937337,34.255581,108.9327058,34.2571846,18202956878,肉夹馍,around
B0FFF65CWT,秦镇米皮(开元店),报恩寺街1号,莲湖区,西安市,餐饮服务;中餐厅;特色/地方风味餐厅,108.935932,34.252875,108.9313041,34.2544816,13772434315;18792901038,肉夹馍,around
B0LKSAI518,邢老三肉丸糊辣汤(钟鼓楼店),西大街时代盛典1幢30103室,莲湖区,西安市,餐饮服务;餐饮相关场所;餐饮相关,108.939394,34.259819,108.9347576,34.261418,18192843527,肉夹馍,around
B0L0KBODEM,全师傅潼关肉夹馍(钟楼西大街店),时代盛典(广济街地铁站D1口步行140米),莲湖区,西安市,餐饮服务;中餐厅;中餐厅,108.939425,34.259775,108.9347885,34.261374,18211656938,肉夹馍,around
B0MDU6YUXB,双酱土豆片夹馍,陕西青年职业学院含光校区西门南50米,碑林区,西安市,餐饮服务;餐饮相关场所;餐饮相关,108.932486,34.24799,108.9278658,34.2496028,,肉夹馍,around
B0FFF652YH,余记腊汁肉夹馍(西仪坊),桃园路街道丰登南路水果批发市场斜对面,莲湖区,西安市,餐饮服务;餐饮相关场所;餐饮相关,108.912852,34.267547,108.9082597,34.2691664,,肉夹馍,text
B0J37HVY6E,袁记肉夹馍(西大街店),西大街81号旭弘大厦F1层(广济街地铁站D1口旁),莲湖区,西安市,餐饮服务;中餐厅;中餐厅,108.94058,34.259597,108.9359407,34.2611944,029-81501182;17392502192,肉夹馍,text
B001D0890W,樊记腊汁肉夹馍(竹笆市店),竹笆市街53号(广济街地铁站C口步行410米),碑林区,西安市,餐饮服务;中餐厅;中餐厅,108.943654,34.257902,108.9390071,34.2594952,029-87273917,肉夹馍,text
B0K3M7SLX3,咕噜拍档肉丸糊辣汤(工农路店),工农路101号,莲湖区,西安市,餐饮服务;中餐厅;中餐厅,108.933558,34.285766,108.9289326,34.2873622,029-86320720,肉夹馍,text
B0LRMCYCR9,李鲜生烤肉铺子-清真(回民街店),红埠街40号10幢00103室,莲湖区,西安市,餐饮服务;中餐厅;中餐厅,108.941633,34.266918,108.9369905,34.2685108,18066611119,肉夹馍,text
B0FFGCBK57,老马家肉夹馍(回民街店),北院门146号(钟楼地铁站9号口步行470米),莲湖区,西安市,餐饮服务;中餐厅;清真菜馆,108.943545,34.262162,108.9388981,34.2637537,18049003315,肉夹馍,text
B0FFJS2Z83,陕小面李家biangbiang面(钟楼店),竹笆市街中环广场B座105号钟楼小区西门斜对面,碑林区,西安市,餐饮服务;中餐厅;中餐厅,108.943225,34.257905,108.9385792,34.2594989,13659232871,肉夹馍,text
B0FFMCIJE7,長安情biangbiang面(钟楼店),北大街28号钟楼地铁站B口右拐新街里钟楼一层005号,莲湖区,西安市,餐饮服务;餐饮相关场所;餐饮相关,108.946264,34.261285,108.9416099,34.2628724,13319210686,肉夹馍,text
B0FFF9RM2O,一分利面馆(回民街店),北院门120号(钟楼地铁站1号口步行340米),莲湖区,西安市,餐饮服务;中餐厅;中餐厅,108.943501,34.261635,108.9388542,34.263227,18639669272,肉夹馍,text
B0J0OCAUQ9,袁记肉夹馍(北大街店),北大街129号东方商场一楼商铺,新城区,西安市,餐饮服务;中餐厅;中餐厅,108.947415,34.268902,108.9427571,34.2704843,15398028283,肉夹馍,text
B0K3YS7TOZ,袁记肉夹馍(翡丽西安店),龙首北路西段与锦安路交叉口东120米,未央区,西安市,餐饮服务;中餐厅;中餐厅,108.927039,34.293073,108.9224255,34.294673,029-81503622;18191578265,肉夹馍,text
B0FFFZNI5A,乔记笼笼肉夹馍(钟楼小区店),钟楼小区28号,碑林区,西安市,餐饮服务;中餐厅;中餐厅,108.944371,34.257696,108.9397223,34.2592881,13201672595,肉夹馍,text
B0FFIRTGGZ,飞鸿肉夹馍(龙首北路店),皇族名居北1门旁,未央区,西安市,餐饮服务;餐饮相关场所;餐饮相关,108.927656,34.292558,108.9230414,34.2941576,029-89572318;15958250127,肉夹馍,text
B0FFF651WC,李老二腊牛肉夹馍(文景南路店),文景路南段红东花园小区3期4号楼1层2号,莲湖区,西安市,餐饮服务;中餐厅;清真菜馆,108.939149,34.290844,108.9345107,34.2924305,18291846920,肉夹馍,text
B001D0WMTV,子午路张记肉夹馍(北大街店),华山国际酒店西北门东南60米,新城区,西安市,餐饮服务;中餐厅;中餐厅,108.947855,34.273859,108.9431955,34.2754385,18629688835,肉夹馍,text
B0MUZ64A2J,隆记肉夹馍(钟楼店),二府街27号院南栋107商铺,莲湖区,西安市,餐饮服务;中餐厅;中餐厅,108.945236,34.267031,108.9405842,34.2686179,18629478818,肉夹馍,around
B0FFGCBML0,阿福香辣土豆片夹馍,北大街地铁站B西南口步行180米,莲湖区,西安市,餐饮服务;餐饮相关场所;餐饮相关,108.946944,34.267861,108.9422875,34.2694446,17391974267;18991953133,肉夹馍,around
B0MUJOTC8Z,老潼关肉夹馍(通济坊店),通济中坊与北大街辅路交叉口东60米,新城区,西安市,餐饮服务;中餐厅;中餐厅,108.947807,34.266857,108.9431482,34.2684394,18502927834,肉夹馍,around
B0FFHDYXXO,一品香肉夹馍菜夹馍(北大街店),莲湖一社区东2门旁(北大街地铁站B西南口步行160米),莲湖区,西安市,餐饮服务;中餐厅;中餐厅,108.946936,34.268156,108.9422795,34.2697395,18855872330,肉夹馍,around
B0KDLO07VR,老潼关肉夹馍(莲湖一社区店),北大街129号嘉隆大厦,新城区,西安市,餐饮服务;中餐厅;中餐厅,108.947436,34.268484,108.9427781,34.2700665,,肉夹馍,around
B0LUMM5F9Z,老孙家小炒泡馍(大皮院店),大皮院4号1层1号门面房,莲湖区,西安市,餐饮服务;中餐厅;清真菜馆,108.943182,34.264476,108.9385358,34.2660673,,肉夹馍,around
B0FFGCBMJ8,老井肉夹馍(嘉隆大厦店),陕西省广播电影电视局培训中心南门西50米,新城区,西安市,餐饮服务;中餐厅;中餐厅,108.948092,34.268209,108.9434322,34.2697904,13335380375,肉夹馍,around
B0MDNNEF5Z,小白笼·笼笼肉夹馍,北大街与莲湖路交叉口西南80米,莲湖区,西安市,餐饮服务;中餐厅;中餐厅,108.946694,34.269325,108.942038,34.2709084,,肉夹馍,around
B0JKG11UAP,秘制凉皮潼关肉夹馍,青年路街道莲湖路六号院北门口路边,莲湖区,西安市,餐饮服务;中餐厅;中餐厅,108.945401,34.269647,108.9407485,34.2712325,13572988111;13991177571,肉夹馍,around
B0FFFA8CVF,好掌柜老潼关肉夹馍,莲湖路2号(北大街地铁站出入口步行200米),莲湖区,西安市,餐饮服务;中餐厅;中餐厅,108.945325,34.269666,108.9406727,34.2712517,,肉夹馍,around
B0LU74X5IJ,全师傅潼关肉夹馍北大街店,北院门街道北大街88号宏府嘉会广场C座1楼,莲湖区,西安市,餐饮服务;中餐厅;中餐厅,108.946637,34.263401,108.9419817,34.2649869,,肉夹馍,around
B0K06CACJH,清真兰老虎肉丸糊辣汤腊牛肉夹馍,新民街1103号,新城区,西安市,餐饮服务;中餐厅;清真菜馆,108.949621,34.266588,108.944957,34.2681672,16628545014,肉夹馍,around
B0MBPU18PZ,袁记肉夹馍,宏府嘉会商务中心东门旁(钟楼地铁站A口步行80米),莲湖区,西安市,餐饮服务;中餐厅;中餐厅,108.946606,34.26299,108.9419508,34.2645761,,肉夹馍,around
B001D06NY5,辣哥腊汁肉夹馍擀面皮(新民街店),新民街49号,新城区,西安市,餐饮服务;中餐厅;中餐厅,108.949803,34.266459,108.9451385,34.2680379,15319452506,肉夹馍,around
B0FFHNQOTO,飞鸿肉夹馍(北大街店),北大街59号人民剧院北侧一楼第一间,新城区,西安市,餐饮服务;餐饮相关场所;餐饮相关,108.947746,34.263109,108.9430876,34.2646931,,肉夹馍,around
B0L2O6VAKM,迎迎面肉夹馍,西安新世界时尚广场东4门旁(钟楼地铁站A口旁),莲湖区,西安市,餐饮服务;中餐厅;中餐厅,108.946602,34.262575,108.9419468,34.2641613,,肉夹馍,around
B0MBAOAZPL,肘子夹馍,北大街29号中天国际大厦(钟楼地铁站D口步行60米),新城区,西安市,餐饮服务;中餐厅;中餐厅,108.947525,34.261925,108.9428673,34.2635099,,肉夹馍,around
B001D0X4YD,老婆饼肉夹馍(尚朴路店),南长巷17号(钟楼地铁站D口步行300米),新城区,西安市,餐饮服务;中餐厅;中餐厅,108.949797,34.262355,108.9451328,34.2639356,13991388711,肉夹馍,around
B0MACXXAEO,小商业街肉夹馍,钟鼓楼广场(钟楼地铁站B口步行210米),莲湖区,西安市,餐饮服务;中餐厅;中餐厅,108.945425,34.260925,108.9407732,34.262514,,肉夹馍,around
B0FFJXO2NY,老潼关肉夹馍(易俗社文化街区店),南长巷尚朴路23号院对面(钟楼地铁站D口步行330米),新城区,西安市,餐饮服务;中餐厅;中餐厅,108.949923,34.262306,108.9452585,34.2638864,15029991095,肉夹馍,around
B0M61DGX6P,魏家肉夹馍凉皮,北大街与钟楼盘道交叉口西北160米,莲湖区,西安市,餐饮服务;中餐厅;中餐厅,108.945525,34.260825,108.9408729,34.2624139,,肉夹馍,around
B0FFF9WFDJ,回坊老孙家泡馍(北院门老店),北院门老孙家小吃鼓楼西2号,莲湖区,西安市,餐饮服务;中餐厅;清真菜馆,108.943725,34.260975,108.9390777,34.2625669,029-87270822;13571800013,肉夹馍,around
B0LR2R5NSD,老潼关肉夹馍·手工面,后宰门创之星大厦130-2,新城区,西安市,餐饮服务;中餐厅;中餐厅,108.94939,34.27149,108.9447263,34.2730676,18700485810;18700838628,肉夹馍,around
B0M6HD9IFB,鑫西安传统肉夹馍,西一路189-04号(钟楼地铁站H口步行260米),新城区,西安市,餐饮服务;中餐厅;中餐厅,108.94981,34.26166,108.9451459,34.2632409,18192096796;18591783868,肉夹馍,around
B0FFLOU1R9,潼关肉夹馍(北院门店),西大街13号(钟楼地铁站C口步行410米),莲湖区,西安市,餐饮服务;中餐厅;中餐厅,108.944357,34.260307,108.9397081,34.2618981,,肉夹馍,around
B0FFHDPLXB,刘记肉夹馍·凉皮,北大街167号西安秋食宏业商厦,莲湖区,西安市,餐饮服务;中餐厅;中餐厅,108.946929,34.272668,108.9422721,34.2742496,,肉夹馍,around
B0MULRVMT8,子航菜夹馍店,青年路与青年一巷交叉口东160米,莲湖区,西安市,餐饮服务;餐饮相关场所;餐饮相关,108.940075,34.271075,108.9354361,34.2726685,,肉夹馍,around
B0KDO4PIQP,陕西利老潼关肉夹馍,兴乐里1号院东北门旁,新城区,西安市,餐饮服务;中餐厅;中餐厅,108.95221,34.269705,108.9475381,34.271278,18729014460,肉夹馍,around
B0IDKKB4KW,建宏肉丸糊辣汤腊牛肉夹馍(糖坊街店),俭家巷小区南门旁,莲湖区,西安市,餐饮服务;中餐厅;中餐厅,108.944959,34.273524,108.9403074,34.2751087,18092252020;18991301819,肉夹馍,around
B0FFG9IASF,石成腊汁肉夹馍店,糖坊街小区5号院5号楼,莲湖区,西安市,餐饮服务;中餐厅;中餐厅,108.943619,34.273519,108.9389709,34.2751059,15191587098,肉夹馍,around
B0H10XXKOI,里脊肉夹馍,立新街与药王洞交叉口南20米,莲湖区,西安市,餐饮服务;中餐厅;中餐厅,108.942676,34.273384,108.9380304,34.2749725,17791383339,肉夹馍,around
B0I1FCOEY3,特一味米皮肉夹馍(西五路109号院店),西五路109号西五路109号院,新城区,西安市,餐饮服务;中餐厅;中餐厅,108.952913,34.270182,108.948239,34.2717534,13572003860,肉夹馍,around
B0LUDZAARR,杨家正汤肉丸胡辣汤腊牛肉夹馍,桥梓口84号(广济街地铁站D1口步行180米),莲湖区,西安市,餐饮服务;餐饮相关场所;餐饮相关,108.940175,34.260459,108.9355367,34.2620566,,肉夹馍,around
B0FFH2D1K5,老潼关肉夹馍(钟楼店),吉庆巷15号(钟楼地铁站H口步行90米),碑林区,西安市,餐饮服务;快餐厅;快餐厅,108.950304,34.260253,108.9456385,34.2618335,13720640870,肉夹馍,around
B0FFGRPHX2,秦潼老潼关肉夹馍(唐城大厦店),唐城大厦西面临案板街门面房1层北起第二间,碑林区,西安市,餐饮服务;快餐厅;快餐厅,108.950286,34.260224,108.9456206,34.2618045,15091829081,肉夹馍,around
B0K011J2V0,瑞香缘米皮肉夹馍(莲湖店),糖坊街43号,莲湖区,西安市,餐饮服务;中餐厅;中餐厅,108.942991,34.273731,108.9383446,34.2753189,18991981423,肉夹馍,around
B0K3RC15OA,武小勇红油米线(后宰门店),北新街3-1号,新城区,西安市,餐饮服务;中餐厅;中餐厅,108.954422,34.27063,108.9497433,34.2721981,,肉夹馍,around
B0KAXZ6WLC,秦椒香biangbiang面牛羊肉泡馍(鼓楼店),竹笆市街49号钟楼小区(广济街地铁站C口步行400米),碑林区,西安市,餐饮服务;餐饮相关场所;餐饮相关,108.943642,34.257949,108.9389951,34.2595422,15398077158,肉夹馍,around
B0K3YSD30M,白老大肉夹馍,恒星大厦西门西北80米(钟楼地铁站G1口步行440米),新城区,西安市,餐饮服务;中餐厅;中餐厅,108.953893,34.261473,108.9492167,34.2630459,,肉夹馍,around
B0KKZMKMYB,频阳砂锅·肉夹馍,西五路109号院东北门旁,新城区,西安市,餐饮服务;中餐厅;中餐厅,108.954107,34.271244,108.9494292,34.2728125,,肉夹馍,around
B0KDSZRQSR,谝长安坐席臊子面(钟楼小区店),竹笆市街49号钟楼小区8号楼,碑林区,西安市,餐饮服务;中餐厅;中餐厅,108.944025,34.257875,108.9393771,34.2594676,19991898221,肉夹馍,around
B0LRAH0R95,秦腊汁肉夹馍,钟楼小区10-11(广济街地铁站C口步行470米),碑林区,西安市,餐饮服务;餐饮相关场所;餐饮相关,108.943953,34.257848,108.9393053,34.2594407,,肉夹馍,around
B0FFJ86X7I,潼关肉夹馍 (南新街店),南新街12-1号,新城区,西安市,餐饮服务;餐饮相关场所;餐饮相关,108.953911,34.26138,108.9492346,34.2629529,13152030803;13572022512,肉夹馍,around
B0LAACH6JO,老潼关肉夹馍(东隆文商大厦店),骡马市街C08号商铺(钟楼地铁站F口步行110米),碑林区,西安市,餐饮服务;快餐厅;快餐厅,108.949125,34.258175,108.9444631,34.2597585,17782898506,肉夹馍,around
B0LDGA85QT,全师傅潼关肉夹馍(钟楼南大街店),富豪大厦南门旁(钟楼地铁站F口步行330米),碑林区,西安市,餐饮服务;中餐厅;中餐厅,108.947271,34.257727,108.9426144,34.2593141,,肉夹馍,around
B0FFH8HUDB,老潼关肉夹馍南广济街店,南广济街风雷巷2号楼2栋00102,碑林区,西安市,餐饮服务;快餐厅;快餐厅,108.939366,34.258385,108.9347298,34.2599847,18165399004;18392982777,肉夹馍,around
B0FFF4AZXD,门师傅香辣土豆片夹馍(北柳巷),东大街骡马市1号民生百货(骡马市店)F1,碑林区,西安市,餐饮服务;餐饮相关场所;餐饮相关,108.952065,34.257824,108.9473945,34.259402,13379522622;17791880370,肉夹馍,around
B0L6UHUGJ8,高大囍六辣子夹馍(暂停营业),北大街364号副4号(鸿达大厦),莲湖区,西安市,餐饮服务;餐饮相关场所;餐饮相关,108.946916,34.272629,108.9422592,34.2742107,18161864305,肉夹馍,around
B0KDX70361,古今唐猫酒肆·千年陕菜(钟楼南大街店)(暂停营业),南大街粉巷18号,碑林区,西安市,体育休闲服务;娱乐场所;酒吧|餐饮服务;中餐厅;中餐厅,108.945766,34.255319,108.9411137,34.2569097,17788098589;18092021975,肉夹馍,around
B001D07KJR,老汤麻辣粉(德福巷酒吧街店),西安市第一医院北门西130米,碑林区,西安市,餐饮服务;中餐厅;中餐厅,108.943851,34.255242,108.9392038,34.2568359,029-87907788;18091865002,肉夹馍,around
B0FFIG9ZNE,老潼关肉夹馍(开元店),东木头市128号(钟楼地铁站F口步行400米),碑林区,西安市,餐饮服务;中餐厅;中餐厅,108.950269,34.255832,108.945604,34.2574143,18392808261,肉夹馍,around
B0J3FLG2RD,秦潼老潼关肉夹馍(西安城墙·碑林历史文化景区店),东木头市128号秦潼老潼关肉夹馍,碑林区,西安市,餐饮服务;中餐厅;中餐厅,108.950289,34.255831,108.9456239,34.2574133,13891359836,肉夹馍,around
B0KUYSWHZH,老米家泡馍(南大街店),南大街福康大楼底商AB-7-2,碑林区,西安市,餐饮服务;中餐厅;中餐厅,108.946831,34.255103,108.9421758,34.2566919,18629596409,肉夹馍,around
B0FFJ36LGL,赵家腊汁肉(大车家巷店),南院门大车家巷社区服务旁小车家巷4号布丁严选酒店楼下,碑林区,西安市,餐饮服务;快餐厅;快餐厅,108.942774,34.254772,108.9381296,34.2563679,15229289145,肉夹馍,around
B0FFH05OYC,老潼关肉夹馍(南广济街店),南广济街93号广济小区,碑林区,西安市,餐饮服务;快餐厅;快餐厅,108.942841,34.254711,108.9381965,34.2563068,18165399004,肉夹馍,around
B0K2RHCIBZ,双酱饼皇土豆片夹馍(五味什字店),铭师堂补习培训中心南门旁,碑林区,西安市,餐饮服务;快餐厅;快餐厅,108.938403,34.255777,108.9337693,34.2573791,17691399312,肉夹馍,around
B0JDLNSLPS,湛记蘸水米线(粉巷店),南广济街德福巷D西1号,碑林区,西安市,餐饮服务;餐饮相关场所;餐饮相关,108.939331,34.25485,108.9346952,34.2564511,18740390822,肉夹馍,around
B0HACUWGJO,老五果仁蛋菜夹馍(纺织公司家属楼店),新城坊1号纺织公司家属楼,新城区,西安市,餐饮服务;餐饮相关场所;餐饮相关,108.958575,34.273811,108.9538828,34.275369,,肉夹馍,around
B0FFFO5TM3,秦镇米皮潼关肉夹馍,西五路与尚德路交叉口东北角,新城区,西安市,餐饮服务;中餐厅;中餐厅,108.960668,34.270141,108.9559691,34.2716959,,肉夹馍,around
B0I1PKFJOE,凉皮肉夹馍(纺织公司家属楼店),新城坊1号纺织公司家属楼,新城区,西安市,餐饮服务;中餐厅;中餐厅,108.958917,34.273745,108.9542237,34.2753023,13519191422,肉夹馍,around
B0IDNHL3QY,老潼关肉夹馍(尚德路店),西五路43号(五路口往西50米),新城区,西安市,餐饮服务;中餐厅;中餐厅,108.960914,34.270185,108.9562143,34.2717393,13519191422;18220875133,肉夹馍,around
B0I0BPF144,兰家腊牛肉夹馍肉丸糊辣汤(自强西路店),建工大厦(安远门地铁站B西南口步行300米),莲湖区,西安市,餐饮服务;餐饮相关场所;餐饮相关,108.944492,34.279952,108.9398411,34.2815348,,肉夹馍,around
B0MG5H1OQQ,东关吉祥肉夹馍(自强西路店),自强西路22号万达商务F1层,莲湖区,西安市,餐饮服务;中餐厅;中餐厅,108.945175,34.279975,108.9405223,34.2815566,,肉夹馍,around
B0J076FH02,拴马桩擀面皮(菊花园店),菊花园14号,碑林区,西安市,餐饮服务;中餐厅;中餐厅,108.95693,34.256749,108.9522445,34.2583175,029-87384313;19991958102,肉夹馍,around
B0FFFA8WE0,华新宝鸡擀面皮岐山哨子面,"兴正元广场负一层,老八米线隔壁",碑林区,西安市,餐饮服务;中餐厅;中餐厅,108.95629,34.256189,108.9516066,34.2577591,15686236617;18192183305,肉夹馍,around
B0IGXCNK1O,长安娘酿凉皮肉夹馍(永宁里西安店),永宁里1-11商铺,碑林区,西安市,餐饮服务;餐饮相关场所;餐饮相关,108.948316,34.252836,108.9436569,34.2544231,17792858508,肉夹馍,around
B0FFH8U31X,吉米膳黄焖鸡米饭(自强西路店),自强西路24号建工大厦1幢1单元10201,莲湖区,西安市,餐饮服务;中餐厅;中餐厅,108.944735,34.280352,108.9400835,34.2819342,15009288185,肉夹馍,around
B0LK1DDEI6,王允浩腊汁肉夹馍,东厅门与菊花园路口北50米路东,碑林区,西安市,餐饮服务;餐饮相关场所;餐饮相关,108.957157,34.256593,108.9524708,34.2581611,15102958355,肉夹馍,around
B0LR5XBHBL,西安腊汁肉夹馍,西六路与尚德路交叉口东80米,新城区,西安市,餐饮服务;快餐厅;快餐厅,108.96141,34.271798,108.9567085,34.2733505,,肉夹馍,around
B0LRVLKADR,绒馍馍(永宁里城墙店),南大街1号永宁里西安F1层,碑林区,西安市,餐饮服务;餐饮相关场所;餐饮相关,108.948034,34.252166,108.9433757,34.2537539,15129290507;18192024179,肉夹馍,around
B0MD5KU59E,卤汁肉夹馍,万达新天地西门旁(大差市地铁站F口步行190米),碑林区,西安市,餐饮服务;中餐厅;中餐厅|餐饮服务;快餐厅;快餐厅,108.960375,34.258925,108.955678,34.260485,,肉夹馍,around
B0JDODHTI5,苏老二腊牛肉夹馍,尚德路204号,新城区,西安市,餐饮服务;中餐厅;中餐厅,108.960468,34.274064,108.9557695,34.2756177,17693388978,肉夹馍,around
B0HDOU7TA8,陕食尚老潼关肉夹馍(交通运输大厦店),自强东路759号交通运输大厦1层1-18号商铺,新城区,西安市,餐饮服务;中餐厅;中餐厅,108.950069,34.280573,108.9454026,34.2821456,13669255392;18792459885,肉夹馍,around
B0FFFA8JMD,山西刀削面(西七路店),宝康大厦西门西南50米,新城区,西安市,餐饮服务;中餐厅;中餐厅,108.960806,34.273599,108.9561064,34.2751521,18329388897,肉夹馍,around
B0K1RKU9RO,老潼关张先生肉夹馍,尚德路218号,新城区,西安市,餐饮服务;中餐厅;中餐厅,108.960431,34.274616,108.9557325,34.2761695,,肉夹馍,around
B0MGD1REG2,菜夹馍,中山门街道解放路103号民生百货一楼,新城区,西安市,餐饮服务;中餐厅;中餐厅,108.963425,34.266275,108.958717,34.2678251,,肉夹馍,around
B0MDKLDSUD,西安非遗肉夹馍(碑林博物馆店),三学街43号(蓝玉楼)由南向北第二间商铺,碑林区,西安市,餐饮服务;中餐厅;中餐厅,108.951743,34.252452,108.9470739,34.2540328,15229254111;18991377318,肉夹馍,around
B0IAT11LHP,将香禾老潼关肉夹馍(荣苑小区店),自强东路辅路与向荣街交叉口西60米,新城区,西安市,餐饮服务;中餐厅;中餐厅,108.952092,34.28046,108.9474196,34.2820287,,肉夹馍,around
B0MAUUU0GB,土豆片夹馍手工辣条擀面皮,柏树林街道县门北街32号院东县门小区三区2号楼2幢2014,碑林区,西安市,餐饮服务;餐饮相关场所;餐饮相关,108.959622,34.257122,108.9549277,34.2586844,15891319017,肉夹馍,around
B0KRM14L36,老铺肉夹馍·凉皮,皇城壹号北门旁(五路口地铁站F西南口步行360米),新城区,西安市,餐饮服务;中餐厅;中餐厅,108.963579,34.265506,108.9588705,34.267056,,肉夹馍,around
B0G0AAT93W,麦德肯潼关肉夹馍·新快餐(解放路店),解放路280号(五路口地铁站A西北口步行190米),新城区,西安市,餐饮服务;中餐厅;中餐厅,108.962563,34.271589,108.9578576,34.2731389,029-87371162,肉夹馍,around
B0FFHM2PEO,张福记肉夹馍,西安汽车站西1门南50米,新城区,西安市,餐饮服务;中餐厅;中餐厅,108.960711,34.274765,108.9560116,34.2763179,15991692928,肉夹馍,around
B0MU1D12DK,岗哥肉夹馍,向荣巷与自强东路交叉口北80米,新城区,西安市,餐饮服务;中餐厅;中餐厅,108.950636,34.28101,108.9459679,34.2825813,18792915317,肉夹馍,around
B0MUDMHUEI,芮哥肉夹馍,自强东路733号向荣小区,新城区,西安市,餐饮服务;中餐厅;中餐厅,108.950632,34.28107,108.9459639,34.2826413,,肉夹馍,around
B0FFLOR1Q8,老潼关肉夹馍(卫民社区店),解放门街道西七路汉庭优佳酒店对面,新城区,西安市,餐饮服务;中餐厅;中餐厅,108.961667,34.273591,108.9569645,34.2751422,,肉夹馍,around
B0J1RKCMSI,凉皮肉夹馍,马厂子与县坡巷交叉口西南20米,碑林区,西安市,餐饮服务;中餐厅;中餐厅,108.960545,34.257774,108.9558475,34.2593341,,肉夹馍,around
B0LKXAJMX6,双酱饼皇土豆片夹馍,解放路103号民生百货解放路店F1层,新城区,西安市,餐饮服务;快餐厅;快餐厅,108.963853,34.266508,108.9591435,34.268057,17691399328,肉夹馍,around
B0J6A99NVF,老潼关肉夹馍(西安雅悦宾馆店),解放门街道环城北路173号,新城区,西安市,餐饮服务;餐饮相关场所;餐饮相关,108.958897,34.277089,108.9542034,34.2786449,,肉夹馍,around
B0FFLEIXDK,臻品老潼关肉夹馍(西安解放路万达全季酒店店),解放路280号科技大厦一层,新城区,西安市,餐饮服务;中餐厅;中餐厅,108.964015,34.265766,108.959305,34.2673149,13335399697;18392390555,肉夹馍,around
B0JB9O3VR6,用心美食肉夹馍米线,西安市第八中学西北门西50米,碑林区,西安市,餐饮服务;中餐厅;中餐厅,108.959809,34.25663,108.9551141,34.2581922,13201808588,肉夹馍,around
B0MDXUYNBT,老潼关肉夹馍(老陕曹记六福蒸碗),解放路古玩市场下沉广场,新城区,西安市,餐饮服务;中餐厅;特色/地方风味餐厅,108.963371,34.270925,108.9586628,34.2724733,,肉夹馍,around
B0LDYKI84C,王记凉皮肉夹馍,碑林区少年宫东门旁,碑林区,西安市,餐饮服务;中餐厅;中餐厅,108.953875,34.252575,108.9491994,34.2541515,,肉夹馍,around
B0FFLEB7ZO,老童关肉夹馍,新民街34号(五路口地铁站A西北口步行470米),新城区,西安市,餐饮服务;中餐厅;中餐厅,108.962147,34.273598,108.9574428,34.275148,,肉夹馍,around
B0L047YBIM,凉皮肉夹馍店,自强东路733号向荣小区,新城区,西安市,餐饮服务;餐饮相关场所;餐饮相关,108.95148,34.281466,108.9468094,34.2830355,,肉夹馍,around
B0FFJIZHN0,老潼关肉夹馍(佳腾大厦店),解放路25号深业大厦F1层,新城区,西安市,餐饮服务;中餐厅;中餐厅,108.963452,34.2613,108.9587443,34.262852,18161921229;18991973716,肉夹馍,around
B0J6ZHJTYE,贝贝里脊肉夹馍,开通巷32号,碑林区,西安市,餐饮服务;中餐厅;中餐厅,108.956234,34.253232,108.951551,34.2548033,18292061289,肉夹馍,around
B0J6ADVP49,老潼关肉夹馍,大差市东南地铁c口(大差市地铁站C东南口步行110米),碑林区,西安市,餐饮服务;餐饮相关场所;餐饮相关,108.962557,34.259116,108.9578526,34.260671,,肉夹馍,around
B0KB5HEGAZ,超享乐剁椒面(民乐园万达步行街店),解放路111号西安民乐园万达广场北区1F层,新城区,西安市,餐饮服务;中餐厅;中餐厅,108.964905,34.268669,108.9601916,34.2702146,18229047303,肉夹馍,around
B0JGH6NEWS,香探花·擀面皮肉夹馍(民乐园店)(暂停营业),解放路111号西安民乐园万达广场北区1F层(3号门附近),新城区,西安市,餐饮服务;中餐厅;中餐厅,108.96494,34.268904,108.9602265,34.2704494,18991502897,肉夹馍,around
B0KK2SB5GG,超享乐剁椒面(大差市店),东大街263号唐都里生活广场B1-A10,新城区,西安市,餐饮服务;餐饮相关场所;餐饮相关,108.963543,34.259838,108.9588351,34.2613904,18391444730,肉夹馍,around
B0K19ZJ4VU,潼晨老潼关肉夹馍,自强路向荣巷54号,新城区,西安市,餐饮服务;中餐厅;中餐厅,108.950673,34.282381,108.9460047,34.2839517,15291329708,肉夹馍,around
B0LKNZPC99,开心鸭凉皮肉夹馍,尚俭路与东四路交叉口西北20米,新城区,西安市,餐饮服务;中餐厅;中餐厅,108.965175,34.268475,108.9604607,34.27002,,肉夹馍,around
B0FFHDGNAP,袁老大肉夹馍,西安站南二出口西150米,新城区,西安市,餐饮服务;中餐厅;中餐厅,108.960735,34.277013,108.9560353,34.2785649,15291065006;17792496609,肉夹馍,around
B0LGBL5NDQ,阿姐家纯鸡汤米线笼笼肉夹馍,民乐园北区(五路口地铁站E东南口步行190米),新城区,西安市,餐饮服务;中餐厅;中餐厅,108.965261,34.268362,108.9605464,34.2699068,13991893613,肉夹馍,around
B0L1UU45X4,陕西凉皮肉夹馍,朱雀大街北段与环城南路西段辅路交叉口东南40米,碑林区,西安市,餐饮服务;中餐厅;中餐厅,108.939387,34.250568,108.9347514,34.2521707,,肉夹馍,around
B0JKSAZLIP,馋嘴松鼠超级肉夹馍(唐都里店),大差市商业楼一楼10112唐都里263号,新城区,西安市,餐饮服务;中餐厅;中餐厅,108.963776,34.259679,108.9590673,34.2612309,13020741663,肉夹馍,around
B0FFFA8V8P,肉丸糊辣汤腊牛肉夹馍,东仓门与西四道巷交叉口北60米,碑林区,西安市,餐饮服务;中餐厅;中餐厅,108.961155,34.256051,108.9564556,34.2576104,,肉夹馍,around
B0MUD6FXLP,秦瑞肉夹馍,东六路与民安巷交叉口北20米,新城区,西安市,餐饮服务;中餐厅;中餐厅,108.964481,34.271974,108.9597689,34.2735192,,肉夹馍,around
B0JRGSOFJ8,张兴邦擀面皮·肉夹馍(安远门店),北关正街36号(安远门地铁A口往北255米),莲湖区,西安市,餐饮服务;餐饮相关场所;餐饮相关,108.946925,34.283175,108.9422673,34.2847522,,肉夹馍,around
B0FFH2WWK7,清真回坊肉丸糊辣汤腊牛肉夹馍(东仓门店),东仓门65号(大差市地铁站C东南口步行490米),碑林区,西安市,餐饮服务;中餐厅;清真菜馆,108.961169,34.25598,108.9564696,34.2575394,13669202478,肉夹馍,around
B0FFH9VNQF,烤鸭肉夹馍鸭汤店,东一路66号(大差市地铁站D东北口步行400米),新城区,西安市,餐饮服务;中餐厅;中餐厅,108.96484,34.261788,108.9601274,34.2633365,17613780507,肉夹馍,around
B001D06ZDS,铁头凉皮(东一路店),东一路56号(大差市地铁站D东北口步行410米),新城区,西安市,餐饮服务;中餐厅;中餐厅,108.964921,34.261787,108.9602081,34.2633353,029-87440108,肉夹馍,around
B0FFK6AIQ7,热米皮潼关肉夹馍(安民里住宅小区店),尚勤路与东三路丁字口向东50米民乐园12栋楼10106号,新城区,西安市,餐饮服务;中餐厅;中餐厅,108.965634,34.268286,108.9609181,34.26983,13772125882,肉夹馍,around
B0MA95B5Y1,郭记肉夹馍,尚勤路116号东新街小区,新城区,西安市,餐饮服务;中餐厅;中餐厅,108.965607,34.264185,108.9608915,34.2657307,18700827556,肉夹馍,around
B0L0O9JSXK,闻东小吃店,振华路10号璟宸尊域府10-4A,莲湖区,西安市,餐饮服务;中餐厅;中式素菜馆,108.942775,34.283328,108.9381283,34.2849122,,肉夹馍,around
B0LBAUG0HH,老潼关肉夹馍(大差市地铁C口),东二道巷3号(大差市地铁站C东南口旁),碑林区,西安市,餐饮服务;中餐厅;中餐厅,108.963617,34.258505,108.958909,34.2600577,18161921229,肉夹馍,around
B0L66M6IN2,云老舅肉夹馍,江西大厦北门西50米,新城区,西安市,餐饮服务;中餐厅;中餐厅,108.965662,34.269728,108.9609459,34.2712713,15291489567,肉夹馍,around
B0LBURODIP,老潼关肉夹馍(解放饭店店),西安恩玺酒店火车站五路口地铁站店东1门北460米,新城区,西安市,餐饮服务;中餐厅;中餐厅,108.963325,34.274975,108.9586166,34.2765217,18710864159,肉夹馍,around
B0FFHSKD37,同洲孜然夹馍(美美公寓店),文艺路仁义村美美公寓一楼门面房东侧一间,碑林区,西安市,餐饮服务;快餐厅;快餐厅,108.952498,34.249674,108.9478269,34.2512544,15389092260,肉夹馍,text
B0JABUSMA5,飞鸿肉夹馍(尚勤店),东七八路商业广场1层B-22-11号,新城区,西安市,餐饮服务;中餐厅;中餐厅,108.96725,34.274427,108.9625278,34.2759645,,肉夹馍,text
B0FFJI37SA,老潼关肉夹馍(尚俭路店),尚俭路575号(友豪医院对面),新城区,西安市,餐饮服务;中餐厅;中餐厅,108.965725,34.269775,108.9610086,34.2713181,15829552873;15891482610,肉夹馍,text
B0L04XZ7OG,香香师傅潼关肉夹馍,东新街149号安民里住宅小区,新城区,西安市,餐饮服务;中餐厅;中餐厅,108.968578,34.264422,108.9638518,34.2659603,13572355648;15129881571,肉夹馍,text
B0MGKYJYVD,乡韵老潼关肉夹馍,中山门小区东区北门旁,新城区,西安市,餐饮服务;快餐厅;快餐厅,108.969795,34.264122,108.9650643,34.2656574,17765037515,肉夹馍,text
B0FFJG1VKG,苗记老潼关肉夹馍,东二路安民里小区北门2幢345号,新城区,西安市,餐饮服务;中餐厅;中餐厅,108.967839,34.26592,108.9631154,34.2674595,15191350304,肉夹馍,text
B0FFFWAJ9G,余记肉夹馍(东六路店),中山门街道东六路16号,新城区,西安市,餐饮服务;中餐厅;中餐厅,108.968225,34.271775,108.9634995,34.2733112,18700830652;18789428107,肉夹馍,text
B0G1DUHESM,老潼关肉夹馍(火车站店),西安站地铁站出入口步行430米,新城区,西安市,餐饮服务;中餐厅;中餐厅,108.962325,34.280475,108.9576196,34.2820218,13271025708,肉夹馍,text
B0MUYHPU08,望终南古法腊汁肉夹馍(大差市店),和平路东四道巷1号9幢70102室-1,碑林区,西安市,餐饮服务;中餐厅;中餐厅,108.964321,34.257592,108.9596106,34.2591434,17829015260,肉夹馍,text
B0LBUHWVNT,老潼关肉夹馍(建国路店),建国路102号机床大厦,碑林区,西安市,餐饮服务;餐饮相关场所;餐饮相关,108.966853,34.258129,108.9621336,34.2596741,,肉夹馍,text
B0FFFA8EYR,老潼关肉夹馍,尚俭路631号,新城区,西安市,餐饮服务;中餐厅;中餐厅,108.965528,34.273454,108.960812,34.2749961,13271025708,肉夹馍,text
B0K6098E77,关潼村肉夹馍,环城北路东段辅路与尚俭路交叉口西北240米,新城区,西安市,餐饮服务;中餐厅;中餐厅,108.963606,34.278475,108.9588964,34.2800196,,肉夹馍,text
B0MG0UHTU7,子午路张记肉夹馍(炫彩商城店),炫彩商城西门旁(康复路地铁站B西南口旁),新城区,西安市,餐饮服务;快餐厅;快餐厅,108.984425,34.268975,108.9796368,34.2704688,,肉夹馍,around
B0I14D5CQK,老潼关肉夹馍(炫彩商城店),炫彩商城西北门旁(康复路地铁站B西南口旁),新城区,西安市,餐饮服务;快餐厅;快餐厅,108.984493,34.269163,108.9797045,34.2706565,,肉夹馍,around
B0FFLD7183,关潼村肉夹馍,铜川办事处招待所西门旁,新城区,西安市,餐饮服务;中餐厅;中餐厅,108.98849,34.26814,108.9836851,34.2696224,13359280613,肉夹馍,around
B0J3FC70NV,约多多老潼关肉夹馍(西京医院店),长乐西路街道兴庆路长庆村3号楼7号,新城区,西安市,餐饮服务;快餐厅;快餐厅,108.988445,34.268739,108.9836403,34.2702213,15029997648,肉夹馍,around
B0JDUHFQZV,肉夹馍(东方亿象城店),长乐西路256号东方亿象城F8层,新城区,西安市,餐饮服务;中餐厅;中餐厅,108.981145,34.268322,108.9763702,34.2698253,,肉夹馍,around
B0FFL4AI4R,袁家村关中印象体验地(东方亿象城店),长乐西路256号东方亿象城10层,新城区,西安市,餐饮服务;中餐厅;中餐厅,108.981364,34.268691,108.9765883,34.2701935,029-83227280,肉夹馍,around
B0FFFA8IAM,老潼关肉夹馍(伞塔路店),西安市第三中学分校北门旁,碑林区,西安市,餐饮服务;中餐厅;中餐厅,108.989639,34.26427,108.9848297,34.2657506,15091776572;18149053779,肉夹馍,around
B0G0PLFD27,刘尔利肉丸糊辣汤(长乐大厦小区店),长乐坊北火巷小区冠生家园对面,碑林区,西安市,餐饮服务;中餐厅;中餐厅,108.981862,34.263571,108.9770847,34.2650742,18706738015,肉夹馍,around
B0JD3UZB07,老潼关肉夹馍(榆兰酒店店),长乐中路133号新兴24G6层04号,新城区,西安市,餐饮服务;中餐厅;中餐厅,108.9895,34.269275,108.9846908,34.270754,15991630564,肉夹馍,around
B0LB4D7BRT,老黄家肉丸糊辣汤腊牛肉夹馍(伞塔路店),伞塔4号院东门西60米,碑林区,西安市,餐饮服务;中餐厅;中餐厅,108.989932,34.264276,108.9851215,34.2657557,,肉夹馍,around
B0MG9AOPU6,我的夹馍,永乐路226号工商行北家属院,碑林区,西安市,餐饮服务;餐饮相关场所;餐饮相关,108.979914,34.266878,108.9751442,34.2683853,,肉夹馍,around
B0GKKKUIZF,阳阳炸菜夹馍,永乐路115安仁坊,新城区,西安市,餐饮服务;快餐厅;快餐厅,108.978425,34.267025,108.9736611,34.2685364,,肉夹馍,around
B0LRDO6JMZ,郝老三肉丸糊辣汤腊牛肉夹馍(永乐路店),永乐路115安仁坊,新城区,西安市,餐饮服务;中餐厅;中餐厅,108.978275,34.267025,108.9735117,34.2685368,,肉夹馍,around
B0LK61LJSQ,西安腊汁肉夹馍(景龙池店),景龙池与索罗巷交叉口南40米,碑林区,西安市,餐饮服务;中餐厅;中餐厅,108.985025,34.260425,108.9802351,34.2619205,,肉夹馍,around
B0GRN57VBK,高铭记肉夹馍(长乐苑小区店),长乐西路62号长乐苑小区,新城区,西安市,餐饮服务;中餐厅;中餐厅,108.992195,34.269293,108.9873745,34.270764,,肉夹馍,around
B0FFHRWN39,郝老四肉丸糊辣汤腊牛肉夹馍(兴庆小区店),兴庆小区东北门西210米,碑林区,西安市,餐饮服务;中餐厅;清真菜馆,108.990438,34.261955,108.9856255,34.2634342,18966749743,肉夹馍,around
B0FFL6N4N2,大鹏夹馍擀面皮(二店),西安电建商务宾馆南门东150米,新城区,西安市,餐饮服务;中餐厅;中餐厅,108.992461,34.269741,108.9876394,34.271211,,肉夹馍,around
B0LG0929YP,高陵土豆片夹馍(朝阳门店),永乐路与北郭门交叉口东40米,碑林区,西安市,餐饮服务;餐饮相关场所;餐饮相关,108.975509,34.266934,108.9707565,34.2684533,,肉夹馍,around
B0JUM1MDCJ,老地方肉夹馍(更新小区店),更新街73号更新小区(长乐门地铁站C2口步行310米),碑林区,西安市,餐饮服务;餐饮相关场所;餐饮相关,108.978232,34.260374,108.9734694,34.2618886,15291847677,肉夹馍,around
B0KR37Z9XB,汉中热米皮(更新街店),更新街东关小区79号2幢,碑林区,西安市,餐饮服务;中餐厅;中餐厅,108.976816,34.261771,108.9720588,34.2632889,18710339978,肉夹馍,around
B0FFI2ABQ9,张辉老凤府削筋面(索罗巷店),更新街13号柿园新村(长乐门地铁站C2口步行320米),碑林区,西安市,餐饮服务;餐饮相关场所;餐饮相关,108.978394,34.260236,108.9736308,34.2617502,13992761503;15596657658,肉夹馍,around
B0MAUCU1B9,独秀夹馍砂锅(更新街店),更新街15号,碑林区,西安市,餐饮服务;餐饮相关场所;餐饮相关,108.978129,34.260443,108.9733668,34.2619578,,肉夹馍,around
B0MDA94EVN,麻嫂天府米线·笼笼肉夹馍(更新街店),更新街8号(长乐门地铁站C2口步行270米),碑林区,西安市,餐饮服务;中餐厅;中餐厅,108.978139,34.259878,108.9733768,34.261393,15309260257,肉夹馍,around
B0LACDKFL9,鲁老师肉夹馍·臊子面,北郭路1幢10101室,碑林区,西安市,餐饮服务;中餐厅;中餐厅|科教文化服务;培训机构;培训机构,108.974684,34.264624,108.9699349,34.2661464,,肉夹馍,around
B0LGMHATM3,三原脆皮肉夹馍(红华巷店),金花北路129号西安市政一公司家属院,碑林区,西安市,餐饮服务;中餐厅;中餐厅,108.996575,34.266695,108.9917362,34.268154,,肉夹馍,around
B0I245HZHT,肉夹馍凉皮米线店,金花北路3号电扇厂家属院门面房,碑林区,西安市,餐饮服务;中餐厅;中餐厅,108.996616,34.266739,108.991777,34.2681979,15388628053,肉夹馍,around
B0L1TC4R5S,鼎香坊里脊肉夹馍,中和巷16号房屋(长乐门地铁站D口步行220米),碑林区,西安市,餐饮服务;中餐厅;中餐厅,108.976486,34.260788,108.9717302,34.2623072,15291966368,肉夹馍,around
B0M66ZASU5,超享乐剁椒面(朝阳门益田店),长乐西路166号西安益田假日世界购物中心L5层,新城区,西安市,餐饮服务;餐饮相关场所;餐饮相关,108.974327,34.269003,108.9695789,34.2705246,17791357911,肉夹馍,around
B0IGJ5PTUH,小食笼笼肉夹馍(西安益田假日世界购物中心店),益田假日世界负一层(朝阳门地铁站出入口步行270米),新城区,西安市,餐饮服务;中餐厅;中餐厅,108.973616,34.269035,108.9688706,34.2705585,,肉夹馍,around
B0FFKZJV8V,汉中凉皮老店(四合窖店),长缨西路南四合窑市场门口南10米,新城区,西安市,餐饮服务;中餐厅;中餐厅,108.990432,34.276636,108.9856183,34.2781092,14727995457,肉夹馍,around
B0MDGUQXGX,陕焰·肉夹馍(长缨西路店),长缨西路158号百合苑小区第3幢1单元1B号房,新城区,西安市,餐饮服务;中餐厅;中餐厅,108.988665,34.277297,108.9838587,34.2787751,,肉夹馍,around
B0MAY60AQ8,陕焰·肉夹馍(长缨西路店),长缨西路百合苑小区自东向西第三间商铺,新城区,西安市,餐饮服务;中餐厅;中餐厅,108.988665,34.277297,108.9838587,34.2787751,,肉夹馍,around
B0FFHNO2A7,富平夹馍肉夹馍,长缨西路南四合窑口(胡家庙地铁站A西北口步行460米),新城区,西安市,餐饮服务;餐饮相关场所;餐饮相关,108.990555,34.277194,108.9857408,34.2786666,,肉夹馍,around
B0IAKSFIA6,李老三腊牛肉夹馍·烤肉(长缨西路店),长缨西路82号陕建机施集团第一社区,新城区,西安市,餐饮服务;中餐厅;中餐厅,108.99103,34.27725,108.9862138,34.2787212,13002993333;17391603965,肉夹馍,around
B0FFM1Y6YM,永兴坊·周至粉蒸肉夹馍,东新街1号,新城区,西安市,餐饮服务;中餐厅;中餐厅,108.96998,34.265003,108.9652486,34.2665375,,肉夹馍,around
B0FFGK7K4X,富平腊汁肉夹馍(永兴坊-非遗民俗街店),化育巷55号1号楼8号,新城区,西安市,餐饮服务;餐饮相关场所;餐饮相关,108.96939,34.264783,108.9646608,34.2663191,15829270613,肉夹馍,around
B0FFGK7K2I,牛军腊汁肉夹馍(安民里住宅小区店),东新街149号安民里住宅小区,新城区,西安市,餐饮服务;中餐厅;中餐厅,108.969341,34.264607,108.964612,34.2661433,,肉夹馍,around
B0MD5ZW298,乡韵老潼关肉夹馍,东一路25号中山门小区东区,新城区,西安市,餐饮服务;中餐厅;中餐厅,108.96962,34.262866,108.9648901,34.2644023,,肉夹馍,around
B0FFK41N58,刘大饼香辣土豆片夹馍(万和城店),长缨西路1号万和城购物中心B2层,新城区,西安市,餐饮服务;快餐厅;快餐厅,108.994743,34.277931,108.9899111,34.2793909,,肉夹馍,around
B0FFKMONXP,小食笼笼肉夹馍(万和城店),胡家庙长缨西路1号万和城B2层4F-427(胡家庙地铁A口30米),新城区,西安市,餐饮服务;中餐厅;中餐厅,108.994903,34.278231,108.9900704,34.2796903,15991898153,肉夹馍,around
B0H0RXH5CZ,左左香老潼关肉夹馍(万和城购物中心店),长缨西路1号万和城购物中心负二层4F208号,新城区,西安市,餐饮服务;中餐厅;中餐厅,108.994975,34.279425,108.990142,34.2808836,,肉夹馍,around
B0LGYL6BJ3,武小勇红油米线(东新街店),尚勤路155号,新城区,西安市,餐饮服务;中餐厅;中餐厅,108.967067,34.264592,108.9623463,34.266134,,肉夹馍,around
B0MD5ZVN7E,小样潼关肉夹馍,中山门小区西区西门旁,新城区,西安市,餐饮服务;中餐厅;中餐厅,108.967135,34.263098,108.9624141,34.2646404,,肉夹馍,around
B0H33CXNHB,东郊李记肉夹馍(勤工路店),勤工路与长缨东路交叉口南60米,新城区,西安市,餐饮服务;中餐厅;中餐厅,108.999617,34.276936,108.9947644,34.2783817,15902931871;15902939668,肉夹馍,around
B001D09001,正大岐山面(明日佳居店),尚勤路9号明日佳居1层,新城区,西安市,餐饮服务;中餐厅;中餐厅,108.967106,34.261086,108.9623854,34.2626293,029-87431856;13991943619;18702963400,肉夹馍,around
B0MDP5LWPX,冯哥肉夹馍,尚勤路12号-1号,新城区,西安市,餐饮服务;中餐厅;中餐厅,108.966962,34.260352,108.962242,34.2618959,,肉夹馍,around
B0FFF658XH,老潼关小庆肉夹馍(长缨东路),胡家庙街道长缨东路长缨东路263号,新城区,西安市,餐饮服务;中餐厅;中餐厅,109.001283,34.277661,108.9964232,34.2791013,,肉夹馍,around
B0ID6C5T4Z,田记肉夹馍(西铁华清小区一区店),西铁华清小区一区,新城区,西安市,餐饮服务;中餐厅;中餐厅,108.987277,34.283793,108.9824759,34.2852724,,肉夹馍,around
B0H65RPV81,袁老大肉夹馍(昆仑小区三十六街坊店),公园北路36街坊21号楼1门1层3号房间,新城区,西安市,餐饮服务;中餐厅;中餐厅,109.006253,34.269905,109.0013725,34.2713335,18691520688;18691838358,肉夹馍,around
B0KKGYUK99,老潼关肉夹馍(西安城墙·碑林历史文化景区店),百瑞大厦北1门西160米,新城区,西安市,餐饮服务;中餐厅;中餐厅,108.966193,34.2747,108.9614746,34.27624,,肉夹馍,around
B0L2VR8XG0,江南三月牛肉麻酱米线,柏树林街道建国门里东三道巷1层(张学良公馆对面),碑林区,西安市,餐饮服务;餐饮相关场所;餐饮相关,108.966779,34.257484,108.9620599,34.2590295,,肉夹馍,around
B0FFJ6XEWL,夹馍粥屋(长缨东路店),长缨东路15号2号楼下,新城区,西安市,餐饮服务;餐饮相关场所;餐饮相关,109.003009,34.277234,108.9981418,34.2786693,13572591661,肉夹馍,around
B0LAA7MPUU,高陵土豆片夹馍,东站路与长缨东路交叉口北40米,新城区,西安市,餐饮服务;中餐厅;中餐厅,109.002824,34.27799,108.9979576,34.2794255,,肉夹馍,around
B0FFK8YH6Q,王小沫土豆片夹馍(胡家庙店),长缨东路233号,新城区,西安市,餐饮服务;餐饮相关场所;餐饮相关,109.002856,34.277984,108.9979894,34.2794195,13096901185;18392162862,肉夹馍,around
B0MAAS9GKN,周至粉蒸肉夹馍(玄风桥店),玄风桥北巷与东三道巷十子西南角,碑林区,西安市,餐饮服务;快餐厅;快餐厅,108.965626,34.257858,108.960911,34.2594062,15249190355,肉夹馍,around
B0HDF5I14V,肉夹馍,尚俭门东八路144号肉夹馍店,新城区,西安市,餐饮服务;中餐厅;中餐厅,108.965175,34.274775,108.9604602,34.2763174,18291439866,肉夹馍,around
B0L1N7WVEQ,老潼关肉夹馍(环城北路东段辅路店),环城北路东段辅路与尚俭路交叉口东120米,新城区,西安市,餐饮服务;快餐厅;快餐厅,108.96651,34.277202,108.9617902,34.2787402,,肉夹馍,around
B0FFHRCH0Q,彭家正汤肉丸胡辣汤腊牛肉夹馍(东站路店),长缨东路193号唐韵三坊14号楼1层10107号,新城区,西安市,餐饮服务;中餐厅;中餐厅,109.002937,34.280214,108.9980699,34.2816483,18691959770,肉夹馍,around
B0FFLC9NKV,秦镇郭家米皮(东站路店),长缨东路193号唐韵三坊14栋10106号,新城区,西安市,餐饮服务;中餐厅;中餐厅,109.002917,34.280302,108.99805,34.2817363,,肉夹馍,around
B0I0P923O6,清真凉皮夹馍稀饭,解放宾馆北门旁(西安站地铁站C口步行290米),新城区,西安市,餐饮服务;中餐厅;清真菜馆,108.963979,34.275595,108.9592683,34.2771399,,肉夹馍,around
B0LB4DHDCE,咱故乡的饭(凉皮·肉夹馍·扯面),和平路105号(大差市地铁站C东南口步行120米),碑林区,西安市,餐饮服务;中餐厅;中餐厅,108.963599,34.257712,108.9588911,34.2592651,13324557392,肉夹馍,around
B0I24SI8Y2,赵天琦米线公司(胡家庙店),天时新苑西2门旁,新城区,西安市,餐饮服务;中餐厅;中餐厅,109.003066,34.280713,108.9981983,34.2821467,13991213740,肉夹馍,around
B0KD3XNGJ3,西安过桥米线笼笼肉夹馍(天时新苑店),东站路207号天时新苑,新城区,西安市,餐饮服务;中餐厅;中餐厅,109.003037,34.280769,108.9981694,34.2822027,,肉夹馍,around
B0FFJN0MB3,秦镇米皮肉夹馍,环城北路东段辅路与尚俭路交叉口西北200米,新城区,西安市,餐饮服务;中餐厅;中餐厅,108.964075,34.278425,108.9593638,34.2799685,,肉夹馍,around
B0FFGUL2F4,李老三腊牛肉夹馍(含元路店),含元路158号保亿风景大院25栋楼10101,新城区,西安市,餐饮服务;中餐厅;清真菜馆|公司企业;公司;公司,108.980199,34.28753,108.9754264,34.2890279,13991383333,肉夹馍,around
B0FFHNOW81,李老二肉夹馍大米凉皮,西安红旗乳品厂家属院,新城区,西安市,餐饮服务;中餐厅;中餐厅,109.006377,34.27936,109.0014952,34.2807842,,肉夹馍,around
B0FFH2Z9CR,熊记笼笼肉夹馍,含元路61号龙记·帝景湾,新城区,西安市,餐饮服务;中餐厅;中餐厅,108.984774,34.288529,108.9799828,34.2900136,13892814215,肉夹馍,around
B0L037D75I,全师傅潼关肉夹馍,望仙一路与翔鸾街交叉口西南220米,新城区,西安市,餐饮服务;中餐厅;中餐厅,108.964225,34.280225,108.9595131,34.2817674,,肉夹馍,around
B0M6T752MQ,正宗里脊肉夹馍,含元北路与八府庄一坊交叉口西南40米,新城区,西安市,餐饮服务;中餐厅;中餐厅,108.979975,34.289025,108.9752031,34.2905229,,肉夹馍,around
B0LGV9YEKD,六块六臊子面肉夹馍,含元路陕建一建集团51号厂区厍房1号商铺,新城区,西安市,餐饮服务;餐饮相关场所;餐饮相关,108.989904,34.289303,108.9850915,34.2907724,15829652558,肉夹馍,around
B0FFKIZRS4,老潼关肉夹馍(太华路店),太华南路141号华瑞万家广场南楼25号,新城区,西安市,餐饮服务;餐饮相关场所;餐饮相关,108.97328,34.287335,108.9685344,34.2888517,18049266387,肉夹馍,around
B0MG6NHFNQ,聚禾香肉夹馍,含元路61号铂廷,新城区,西安市,餐饮服务;餐饮相关场所;餐饮相关,108.986975,34.289675,108.9821746,34.2911527,,肉夹馍,around
B0MUC13Q45,李老三腊牛肉夹馍(八府庄一坊店),含元北路与八府庄一坊交叉口东100米,新城区,西安市,餐饮服务;中餐厅;中餐厅,108.981204,34.289599,108.9764272,34.2910932,,肉夹馍,around
B0LK6HKTHY,馨馨凉皮肉夹馍,丹凤门路(西)与建福门路交叉口东南260米,新城区,西安市,餐饮服务;中餐厅;中餐厅,108.961775,34.280125,108.9570716,34.2816732,13389269830,肉夹馍,around
B0K60A1KT5,张记老潼关肉夹馍(予民里小区店),予民里小区西门旁(五路口地铁站D东北口步行410米),新城区,西安市,餐饮服务;中餐厅;中餐厅,108.967099,34.269677,108.9623777,34.2712168,17386553912,肉夹馍,text
B0LATS3I0G,老潼关肉夹馍(民乐园店),群策巷1号楼后三号,新城区,西安市,餐饮服务;中餐厅;中餐厅,108.967275,34.273025,108.9625528,34.274563,15829231492,肉夹馍,text
B0JUCC99B2,燕子米皮(八府庄园C区店),含元北路251号八府庄园C区,新城区,西安市,餐饮服务;中餐厅;中餐厅,108.981205,34.290757,108.9764281,34.2922507,13488356183;15094065545,肉夹馍,text
B0I03SYZCO,老韩家肉丸胡辣汤腊牛肉夹馍(公园北路店),华旗·东郡北区南门西南110米,新城区,西安市,餐饮服务;中餐厅;中餐厅,109.006087,34.283881,109.0012061,34.2853042,13991841565;17392232928,肉夹馍,text
B0LBSURVZ8,陕奶奶米线肉夹馍,含元北路八府庄园4号楼商铺23号,新城区,西安市,餐饮服务;中餐厅;中餐厅,108.979025,34.291022,108.9742568,34.2925216,,肉夹馍,text
B0LGCUTR3C,老潼关肉夹馍秦镇薛家米皮,兴工东路66号胡家庙承志小区3号楼,新城区,西安市,餐饮服务;中餐厅;中餐厅,109.006067,34.283908,109.0011861,34.2853312,18658353102,肉夹馍,text
B0FFH2OC07,张记旋面饸饹肉夹馍凉皮米线,含元路7号(石家街地铁站B西南口步行120米),新城区,西安市,餐饮服务;中餐厅;中餐厅,108.993493,34.290353,108.9886653,34.2918113,15802982883,肉夹馍,text
B0KBYZ72CW,侯记肉夹馍凉皮,含元路与金花北路交叉口西200米,新城区,西安市,餐饮服务;中餐厅;中餐厅,108.993242,34.289906,108.9884154,34.2913653,,肉夹馍,text
B0FFI9FK6C,刘记老潼关肉夹馍(长缨路店),长缨东路东小寨村42号,新城区,西安市,餐饮服务;中餐厅;中餐厅,109.019939,34.277416,109.0149997,34.2788005,18392639006;18992367119,肉夹馍,around
B0LDGAAJCP,杨记肉夹馍,十里铺街道张一村党支部南侧80米,灞桥区,西安市,餐饮服务;中餐厅;中餐厅,109.029451,34.278091,109.0244726,34.279448,,肉夹馍,around
B0FFF655JF,徐记腊汁肉夹馍,东小寨村二组西头25号一楼商铺,新城区,西安市,餐饮服务;餐饮相关场所;餐饮相关,109.016361,34.277249,109.0114367,34.2786441,18729983250,肉夹馍,around
B0FFGFQTQA,3+6岐山臊子面(长缨东路店),电力医院向东一百米路北,新城区,西安市,餐饮服务;快餐厅;快餐厅,109.011601,34.277758,109.0066969,34.2791671,18392170029,肉夹馍,around
B0FFHVD2UP,曹记老潼关肉夹馍(灞桥区十里铺安居小区店),十里铺安居小区东门旁,灞桥区,西安市,餐饮服务;餐饮相关场所;餐饮相关,109.024896,34.287178,109.0199353,34.288544,,肉夹馍,around
B0MDLKF2IF,腊汁肉夹馍,半坡立交与长乐东路交叉口东南160米,灞桥区,西安市,餐饮服务;中餐厅;中餐厅,109.048875,34.274075,109.0438247,34.2753842,,肉夹馍,around
B0FFIKZB63,香辣土豆片夹馍,蜜雪冰城华清东路店西10米,灞桥区,西安市,餐饮服务;餐饮相关场所;餐饮相关,109.025926,34.28915,109.0209609,34.2905122,13932019411,肉夹馍,around
B0HRGK746L,十里铺街道华县锅巴菜夹馍,十里铺东方大市场公交站牌旁,灞桥区,西安市,餐饮服务;餐饮相关场所;餐饮相关,109.030176,34.289073,109.0251938,34.2904233,,肉夹馍,around
B0LUTC48JN,正鑫肉丸糊辣汤腊牛肉夹馍,众森物流园东1门旁,灞桥区,西安市,餐饮服务;中餐厅;中餐厅,109.02421,34.290265,109.0192519,34.2916316,15389185824,肉夹馍,around
B0J2VZEFID,马记狗峰丸子汤肉夹馍馆(十里铺店),众森物流市场一排108号,灞桥区,西安市,餐饮服务;快餐厅;快餐厅,109.02421,34.290302,109.0192519,34.2916686,,肉夹馍,around
B0FFF4S4Z5,袁正明肉夹馍金花路老字号店,金花北路179号金日鸿孚宾馆一楼,新城区,西安市,餐饮服务;餐饮相关场所;餐饮相关,108.995903,34.270389,108.9910668,34.2718485,18992813595,肉夹馍,around
B0H0MSIKWZ,稳龙胡辣汤(暂停营业),电厂西路稳龙胡辣汤,灞桥区,西安市,餐饮服务;中餐厅;中餐厅,109.050917,34.281636,109.0458592,34.2829375,18149243573,肉夹馍,around
B0KDKOO1J5,腊汁肉夹馍,西安西玛小型电机制造有限公司西南门旁,灞桥区,西安市,餐饮服务;中餐厅;中餐厅,109.024431,34.292915,109.0194717,34.2942799,,肉夹馍,around
B0K2HCMRJ0,霖先生月牙弯弯肉夹馍,御锦四路御城路交叉路口向东70米,灞桥区,西安市,餐饮服务;中餐厅;中餐厅,109.046305,34.289319,109.0412622,34.2906277,19721863168,肉夹馍,around
B0HG0HYT1Y,闫军凉皮肉夹馍店,阎家滩兴阎小区西北2门旁,灞桥区,西安市,餐饮服务;中餐厅;中餐厅,109.042371,34.293268,109.0373419,34.2945845,15529221530,肉夹馍,around
B0M6XCRM3Q,菜夹馍,米家崖巷与米秦北路交叉口南320米,灞桥区,西安市,餐饮服务;中餐厅;中餐厅,109.027825,34.297375,109.0228515,34.2987283,,肉夹馍,around
B0LKUHZDWY,荷姐铁板里脊肉夹馍(杜家街店),十里铺街道杜家街村民委员会南侧170米,灞桥区,西安市,餐饮服务;中餐厅;中餐厅,109.006486,34.293202,109.0016026,34.29462,,肉夹馍,around
B0KDFX6WTX,老西安肉夹馍稀饭,米家崖巷与米秦北路交叉口南280米,灞桥区,西安市,餐饮服务;中餐厅;中餐厅,109.028075,34.297875,109.0231005,34.2992273,,肉夹馍,around
B0L0M9A0E9,牛军肉夹馍,米秦路46号盛馨园,灞桥区,西安市,餐饮服务;中餐厅;中餐厅,109.013995,34.296479,109.0090792,34.2978729,,肉夹馍,around
B0FFI4W8JU,老潼关肉夹馍(东岭欣城店),浐灞生态区米秦路27号东岭欣城小区2号楼1层2-05号,灞桥区,西安市,餐饮服务;快餐厅;快餐厅,109.013066,34.296642,109.0081541,34.2980387,029-81046838;13379208615,肉夹馍,around
B0FFI2ESL7,腊汁肉夹馍,米秦路北50米,灞桥区,西安市,餐饮服务;中餐厅;中餐厅,109.006325,34.294725,109.0014421,34.2961428,,肉夹馍,around
B0HRVL6830,蒲城油酥肉夹馍面食,杜家街村委会西侧190米,灞桥区,西安市,餐饮服务;中餐厅;中餐厅,109.004239,34.294264,108.9993651,34.2956883,,肉夹馍,around
B0G33HW3TX,张记腊汁肉夹馍(官厅店),电厂西路与电厂东路交叉口东20米,灞桥区,西安市,餐饮服务;快餐厅;快餐厅,109.053198,34.290516,109.048132,34.2918087,18623943386,肉夹馍,around
B0FFH2NYNX,韩家肉丸糊辣汤,华清园西北门旁,灞桥区,西安市,餐饮服务;中餐厅;中餐厅,109.023855,34.299769,109.0188975,34.3011325,15929565128;18292572380,肉夹馍,around
B0FFHT5PDI,老潼关肉夹馍(华清园店),金裕青青家园东区大门南13号,灞桥区,西安市,餐饮服务;中餐厅;中餐厅,109.023825,34.299775,109.0188676,34.3011386,,肉夹馍,around
B0FFK6HHNS,张记肉夹馍(山水家园小区店),山水家园小区西北门东80米,灞桥区,西安市,餐饮服务;餐饮相关场所;餐饮相关,109.018892,34.29935,109.0139552,34.3007281,15829705953;18629410847,肉夹馍,around
B0MB36EGOD,梁记肉夹馍油泼面,山水家园小区西北门东50米,灞桥区,西安市,餐饮服务;餐饮相关场所;餐饮相关,109.01868,34.299324,109.0137441,34.3007028,,肉夹馍,around
B0FFGS9ANL,秦镇米皮老潼关肉夹馍,中共官厅供销合作社支部委员会东南门旁,灞桥区,西安市,餐饮服务;中餐厅;特色/地方风味餐厅,109.053304,34.291038,109.0482376,34.2923303,,肉夹馍,around
B0K2HAK7I6,白老三腊汁肉手工肉夹馍(听水花园店),米秦北路听水花园1栋2单元3号底商,灞桥区,西安市,餐饮服务;中餐厅;中餐厅,109.029568,34.300268,109.0245873,34.3016151,,肉夹馍,around
B0K10ZSVTG,袁记肉夹馍(李家堡店),李家堡商业街A区17号1层,灞桥区,西安市,餐饮服务;快餐厅;快餐厅,109.028353,34.300466,109.0233771,34.3018164,,肉夹馍,around
B0FFJ2BSZD,腊汁肉夹馍,新寺路唐都医院南门正对面,灞桥区,西安市,餐饮服务;中餐厅;中餐厅,109.063071,34.281328,109.0579761,34.2826054,,肉夹馍,around
B0L0K7QM1T,丁记酥皮菜夹馍,广运潭大道锦城四季1-10105,灞桥区,西安市,餐饮服务;快餐厅;快餐厅,109.014952,34.301169,109.0100317,34.302558,15594191685,肉夹馍,around
B0FFL0FMB5,菜夹馍,矿山路与广运潭西路交叉口西南320米,灞桥区,西安市,餐饮服务;中餐厅;中餐厅,109.007527,34.299028,109.0026386,34.3004403,,肉夹馍,around
B0FFHDH590,老潼关肉夹馍(浐灞店),米秦北路老人仓30号(万人福便利南侧10米),灞桥区,西安市,餐饮服务;中餐厅;中餐厅,109.009825,34.300025,109.0049267,34.3014299,15988815611;19992565988,肉夹馍,around
B0LUTR6WUA,周至粉蒸肉夹馍冯六,酒十路金裕青青家园西门商铺T-N6一层,灞桥区,西安市,餐饮服务;中餐厅;中餐厅,109.023451,34.302964,109.0184949,34.3043272,18091840791,肉夹馍,text
B0J0D5EP1Q,邢老四肉丸糊辣汤腊牛肉夹馍(东岸阳光店),东元西路78号东岸阳光,新城区,西安市,餐饮服务;中餐厅;中餐厅,108.993735,34.293383,108.9889061,34.2948393,,肉夹馍,text
B0FFKLWRSY,飞鸿肉夹馍(矿山路店),矿山路海璟印象城B区1号楼1层6号商铺,未央区,西安市,餐饮服务;中餐厅;中餐厅,108.999171,34.301672,108.9943182,34.3031084,13146218443,肉夹馍,text
B0FFMCR3WA,腊汁肉夹馍(桃源漫步一期店),漫步东门旁,灞桥区,西安市,餐饮服务;快餐厅;快餐厅,109.038105,34.303702,109.0330908,34.3050247,18729246565,肉夹馍,text
B0LBAS2ED0,薛家凉皮·肉夹馍,玄武东路罗马嘉园商铺11号楼20106,未央区,西安市,餐饮服务;中餐厅;中餐厅,109.012348,34.305095,109.0074385,34.3064901,13228065725,肉夹馍,text
B0M6DO7YM0,馍馍得福夹馍,余利军中医诊所东侧110米,灞桥区,西安市,餐饮服务;中餐厅;中餐厅|餐饮服务;快餐厅;快餐厅,109.069125,34.287075,109.0640137,34.2883401,,肉夹馍,around
B0LK9ZB5L8,席王街道6元肉夹馍店,席王路与纺渭路交叉口西260米,灞桥区,西安市,餐饮服务;中餐厅;中餐厅,109.070505,34.287116,109.0653904,34.288379,,肉夹馍,around
B0L067NAGP,老李菜夹馍,席王路与纺渭路交叉口西北40米,灞桥区,西安市,餐饮服务;快餐厅;快餐厅,109.07278,34.286757,109.06766,34.2880169,,肉夹馍,around
B0MUDRJTSK,6元肉夹馍,席王路与柳虹路交叉口西40米,灞桥区,西安市,餐饮服务;中餐厅;中餐厅,109.062525,34.287575,109.0574311,34.2888507,,肉夹馍,around
B0FFLEQ60C,秦镇大米皮老潼关肉夹馍,席王街道新医村门面房8号,灞桥区,西安市,餐饮服务;中餐厅;中餐厅,109.062521,34.287581,109.0574271,34.2888567,,肉夹馍,around
B0IRZM0QXI,小王菜夹馍,空军军医大学唐都医院北门西160米,灞桥区,西安市,餐饮服务;餐饮相关场所;餐饮相关,109.061447,34.287519,109.0563562,34.2887967,,肉夹馍,around
B0FFKYZELQ,张伟腊汁肉夹馍(席王廉租房小区西区店),席王廉租房小区西区东门商铺1层,灞桥区,西安市,餐饮服务;中餐厅;中餐厅,109.06523,34.291984,109.0601283,34.2932532,,肉夹馍,around
B0I24LX0CV,刑老四肉丸糊辣汤腊牛肉夹馍(绿水东城店),高科·绿水东城一期,灞桥区,西安市,餐饮服务;中餐厅;中餐厅,109.071693,34.294136,109.0665749,34.2953943,,肉夹馍,around
B0KRM1WR45,张林肉夹馍凉皮店,梁家街新村西门北90米,灞桥区,西安市,餐饮服务;中餐厅;中餐厅,109.063359,34.298712,109.0582618,34.2999814,,肉夹馍,around
B0LDBAE662,高陵土豆片夹馍,十里铺街道张一村党支部西侧,灞桥区,西安市,餐饮服务;中餐厅;中餐厅,109.029275,34.278875,109.0242973,34.2802321,,肉夹馍,around
B0MA19FLMN,馍小匠腊汁肉夹馍,官厅新村东北门东60米,灞桥区,西安市,餐饮服务;中餐厅;中餐厅,109.067525,34.300475,109.0624166,34.3017367,,肉夹馍,around
B0FFGFP9VX,佳乐小吃凉皮肉夹馍店,东城大道官厅新村辅料市场北18号,灞桥区,西安市,餐饮服务;中餐厅;特色/地方风味餐厅,109.068131,34.300502,109.0630211,34.3017627,18791590141,肉夹馍,around
B0MDT7DCJI,秦镇米皮肉夹馍,纺渭路3188号东江·世园名城,灞桥区,西安市,餐饮服务;中餐厅;中餐厅,109.072229,34.301227,109.0671091,34.3024814,,肉夹馍,around
B0G3V7EO2R,斌铭凉皮肉夹馍(灞桥店),柳巷村,灞桥区,西安市,餐饮服务;中餐厅;中餐厅,109.06822,34.304004,109.0631095,34.305263,18292419152,肉夹馍,around
B0FFM7A0BI,秦镇郭家米皮广安路店,辛家庙街道新兴路中段(广泰门地铁站F口步行340米),未央区,西安市,餐饮服务;中餐厅;中餐厅,109.016361,34.308946,109.0114341,34.3103273,15529387098;17702978860,肉夹馍,text
B0H0XH2KGQ,赵天琦米线公司(浐灞半岛店),浐灞半岛A11区11栋1单元10105号,未央区,西安市,餐饮服务;快餐厅;快餐厅,109.035755,34.32072,109.0307483,34.322041,17782551526,肉夹馍,text
B0FFJO5ZM4,飞鸿肉夹馍(浐灞半岛店),浐灞生态区浐灞大道欣源里生活广场一层,未央区,西安市,餐饮服务;餐饮相关场所;餐饮相关,109.032689,34.314037,109.0276947,34.3153693,15332386674,肉夹馍,text
B0K17CCSM3,子午路张记肉夹馍(浐灞半岛店),浐灞生态区浐灞半岛A14区21幢1单元10107号商铺,未央区,西安市,餐饮服务;中餐厅;中餐厅,109.039401,34.320446,109.0343805,34.3217577,13319275038,肉夹馍,text
B0FFH9OCOW,飞鸿肉夹馍(灞桥店),灞桥街道浐灞生态区灞桥街120号(灞桥区人民医院对面),灞桥区,西安市,餐饮服务;中餐厅;中餐厅,109.076459,34.311255,109.0713288,34.3124994,,肉夹馍,text
B0HGV9RJU9,汶氏兄弟土豆片夹馍·擀面皮(广兴路店),新房绿色家园小区17号商铺,未央区,西安市,餐饮服务;中餐厅;中餐厅,109.016623,34.308485,109.011695,34.3098658,18681838047,肉夹馍,text
B0K3T1OZR7,宋益驴蹄子面肉夹馍(浐灞半岛店),浐灞半岛生态区容德河与墅26栋,未央区,西安市,餐饮服务;中餐厅;中餐厅,109.031475,34.314375,109.0264855,34.3157105,13451511405,肉夹馍,text
B0KUH5J5TN,宋益驴蹄子面肉夹馍(西岸国际花园店),广运潭大道709号(广泰门地铁站C东南口步行260米),未央区,西安市,餐饮服务;餐饮相关场所;餐饮相关,109.01504,34.308547,109.0101187,34.3099324,15686448537,肉夹馍,text
B0J26SOXAT,北辰东路子午路张记肉夹馍林邑店,北辰东路518号林邑,未央区,西安市,餐饮服务;快餐厅;快餐厅,109.00269,34.306658,108.9978217,34.3080815,15609238398,肉夹馍,text
B0H3CZ9UAW,飞鸿肉夹馍(万科东郡店),万科东郡南门附近一楼底商,未央区,西安市,餐饮服务;中餐厅;中餐厅,109.000467,34.306962,108.9956082,34.3083921,,肉夹馍,text
B0MG77IG39,子午路张记肉夹馍(太元路店),华远君城3号楼1单元1层10104室,未央区,西安市,餐饮服务;中餐厅;中餐厅,108.985069,34.301212,108.9802755,34.3026902,17791430743,肉夹馍,text
B0HD45J3TE,飞鸿肉夹馍(天蔚蓝东庭店),浐灞三路天朗蔚蓝东庭4幢3单元1层30105-06室,未央区,西安市,餐饮服务;餐饮相关场所;餐饮相关,109.008899,34.324091,109.0040026,34.3254877,029-86629855,肉夹馍,text
B0FFFFX1AS,张记腊汁肉夹馍(读书村店),X114(纺渭路),灞桥区,西安市,餐饮服务;中餐厅;中餐厅,109.075613,34.322376,109.0704837,34.3236163,13571825263,肉夹馍,text
B0L347GJVV,樊老二肉夹馍,浐灞生态区纪年广场西北角点位-1-A01区域,灞桥区,西安市,餐饮服务;中餐厅;中餐厅,109.067104,34.321109,109.0619949,34.322362,17778974583,肉夹馍,text
B0H2Y7X56V,袁师傅腊汁肉夹馍,纺渭路,灞桥区,西安市,餐饮服务;中餐厅;中餐厅,109.075638,34.323641,109.0705085,34.3248807,18182417410;18729323933,肉夹馍,text
B0FFH5QNNU,刘记老潼关肉夹馍(浐灞半岛藏珑店),藏珑东门东南70米,未央区,西安市,餐饮服务;中餐厅;中餐厅,109.036028,34.319909,109.0310203,34.3212297,13133005775;15129263846,肉夹馍,text
B0FFHNFTS5,景祥肉夹馍(浐灞半岛店),浐灞半岛A10区第一栋1单元1层10102号,未央区,西安市,餐饮服务;快餐厅;快餐厅,109.034711,34.316451,109.0297086,34.3177768,,肉夹馍,text
B0FFIBDQP6,原杜家菜夹馍,沣东新城萌正希林幼儿园西门西北50米,未央区,西安市,餐饮服务;快餐厅;快餐厅,108.828192,34.332688,108.8235269,34.3341814,,肉夹馍,text
B0FFFWGMCF,李家肉夹馍,建章路与丰产路交叉口南40米,未央区,西安市,餐饮服务;中餐厅;中餐厅,108.841629,34.333316,108.8369867,34.3348343,13289289836;18109251105,肉夹馍,text
B0FFJ2UZAV,吕记腊汁肉夹馍,丰产路与北宫西路交叉口西160米,未央区,西安市,餐饮服务;中餐厅;中餐厅,108.851698,34.332858,108.847072,34.3343946,13228043282,肉夹馍,text
B0HDPLMC48,潼关肉夹馍(邓六路店),六村堡街道邓六路金豪宾馆附近,未央区,西安市,餐饮服务;中餐厅;中餐厅,108.864528,34.320981,108.8599207,34.3225441,18729094011,肉夹馍,text
B0FFJ3Y89F,葛家肉夹馍,建章路与丰业大道交叉口南60米,未央区,西安市,餐饮服务;中餐厅;中餐厅,108.84183,34.320763,108.8371891,34.3222876,,肉夹馍,text
B0GR3KH51F,老潼关肉夹馍,锦志程无人机驾驶员培训中心东北侧140米,未央区,西安市,餐饮服务;快餐厅;快餐厅,108.860007,34.334843,108.8553928,34.3363926,,肉夹馍,text
B0FFG9USHT,闫记肉夹馍,丰产路与北宫西路交叉口西北20米,未央区,西安市,餐饮服务;中餐厅;中餐厅,108.853071,34.33335,108.848447,34.3348888,,肉夹馍,text
B0K1HUTN73,阿南腊汁肉(建章路店),建章路188号,未央区,西安市,餐饮服务;中餐厅;中餐厅,108.842024,34.313413,108.837384,34.3149414,17791325336,肉夹馍,text
B0LDK1R0I7,六辣子肉夹馍,六村堡石化大道196号,未央区,西安市,餐饮服务;中餐厅;中餐厅,108.86766,34.322485,108.8630562,34.324052,,肉夹馍,text
B0L6BUYPSW,孙涛肉夹馍,邓六路与石化大道交叉口北100米,未央区,西安市,餐饮服务;中餐厅;中餐厅,108.864772,34.322751,108.8601648,34.3243137,,肉夹馍,text
B0FFMGKUDB,良财老潼关肉夹馍,六村堡街道石化大道北徐十字东10米路北好日子超市斜对面,未央区,西安市,餐饮服务;快餐厅;快餐厅,108.864828,34.319957,108.8602211,34.3215211,13991644938,肉夹馍,text
B0FFJRV46K,老敏肉夹馍(建章路总店),建章路与零五路交叉口东南20米,未央区,西安市,餐饮服务;快餐厅;快餐厅,108.842064,34.309841,108.8374244,34.3113711,,肉夹馍,text
B0FFH5L1KC,马家腊汁肉夹馍,建章路与丰产路交叉口南60米,未央区,西安市,餐饮服务;中餐厅;中餐厅,108.842008,34.33308,108.8373664,34.3345991,,肉夹馍,text
B0KD49W87T,小戴腊汁肉夹馍,青都新界西2门北60米,未央区,西安市,餐饮服务;中餐厅;中餐厅,108.944009,34.36053,108.9393529,34.3620759,15332465034,肉夹馍,text
B0LB2RRPR5,飞鸿肉夹馍(明光路海璟店),凤城一路与明光路十字西南角海璟暖暖的宅小区6号楼10102号,未央区,西安市,餐饮服务;中餐厅;中餐厅,108.928542,34.313573,108.9239242,34.3151624,029-85362009,肉夹馍,text
B0K6KC1YNJ,袁记肉夹馍(凤城十二路店),经济技术开发区旭景崇盛园9-1号商铺,未央区,西安市,餐饮服务;中餐厅;中餐厅,108.930102,34.361434,108.9254774,34.3629984,029-81305581;18209245131,肉夹馍,text
B0IATLZ5TX,腊汁肉夹馍米线,丰业大道与建章路交叉口西南40米,未央区,西安市,餐饮服务;中餐厅;中餐厅,108.84149,34.321093,108.8368485,34.3226168,,肉夹馍,text
B0FFLDV672,飞鸿肉夹馍(恒石国际中心店),恒石国际中心B栋,未央区,西安市,餐饮服务;餐饮相关场所;餐饮相关,108.925511,34.330243,108.9208971,34.3318274,18240885146,肉夹馍,text
B0MU9UZOA9,里脊肉夹馍,商储六村堡物流园东北侧200米,未央区,西安市,餐饮服务;中餐厅;中餐厅,108.828575,34.336275,108.8239102,34.3377673,,肉夹馍,text
B0JGBU543B,马新肉夹馍,丰业大道,未央区,西安市,餐饮服务;中餐厅;中餐厅,108.831778,34.320548,108.82712,34.3220539,15389215445,肉夹馍,around
B0MAHULP7H,王记凉皮肉夹馍,建章路与丰业大道交叉口南60米,未央区,西安市,餐饮服务;中餐厅;中餐厅,108.841685,34.320817,108.8370438,34.3223413,,肉夹馍,around
B0MDA73724,邓记肉夹馍,建章路与丰业大道交叉口西南20米,未央区,西安市,餐饮服务;中餐厅;中餐厅,108.841685,34.321151,108.8370438,34.3226751,,肉夹馍,around
B0MDMCZ032,鹏飞肉夹馍,二府营新村东侧,未央区,西安市,餐饮服务;中餐厅;中餐厅,108.829223,34.333108,108.8245596,34.3346031,,肉夹馍,around
B0FFG5ZABX,方园肉夹馍,邓六路与石化大道交叉口南100米,未央区,西安市,餐饮服务;中餐厅;中餐厅,108.864897,34.320951,108.8602901,34.3225147,,肉夹馍,around
B0FFJ4HGIU,赵亮肉丸糊辣汤腊牛肉夹馍,邓六路与石化大道交叉口南60米,未央区,西安市,餐饮服务;中餐厅;清真菜馆,108.864845,34.321446,108.860238,34.3230094,,肉夹馍,around
B0J1OUF95C,雁飞擀面皮肉夹馍,西纺三村南门北80米,未央区,西安市,餐饮服务;中餐厅;中餐厅,108.843561,34.274019,108.8389267,34.2755674,,肉夹馍,around
B0FFI67SW5,常家肉夹馍臊子面,和睦阳光北1门旁,未央区,西安市,餐饮服务;中餐厅;中餐厅,108.859257,34.272911,108.8546468,34.2744871,,肉夹馍,around
B0FFHTX3YI,李师傅手擀面(雅逸新城2期店),雅逸新城2期南1门旁,莲湖区,西安市,餐饮服务;中餐厅;中餐厅,108.888987,34.277524,108.884402,34.279134,13109514097,肉夹馍,text
B0LAJ9SBQC,張家凉皮肉夹馍,丰景路讲北村104,未央区,西安市,餐饮服务;中餐厅;中餐厅,108.887875,34.313125,108.8832868,34.3147186,15529509149,肉夹馍,text
B0J2AZ26KW,牛馍王腊汁肉夹馍,丰产路曹家堡村口东北角234公交站台,未央区,西安市,餐饮服务;中餐厅;中餐厅,108.877493,34.340604,108.872897,34.3421747,,肉夹馍,text
B0GKJZWSAM,砂锅凉皮肉夹馍,六村堡街办施家寨村口石化大道路北向西100米门面房,未央区,西安市,餐饮服务;餐饮相关场所;餐饮相关,108.882463,34.324008,108.8778716,34.3255919,19945268920,肉夹馍,around
B0FFH5QMZU,白先生肉夹馍,北宫东路与学生路交叉口北420米,未央区,西安市,餐饮服务;中餐厅;中餐厅,108.873202,34.33027,108.8686032,34.3318407,,肉夹馍,around
B0FFH5RQKK,老潼关肉夹馍(樊寨店),张家巷村村民委员会北侧270米,未央区,西安市,餐饮服务;快餐厅;快餐厅,108.89596,34.309217,108.8913731,34.3108172,,肉夹馍,around
B0FFGFPW8Y,汉中热米皮肉夹馍,张家巷村,未央区,西安市,餐饮服务;中餐厅;中餐厅,108.895934,34.309542,108.8913471,34.311142,,肉夹馍,around
B0MA6LLE4W,蓉姐肉夹馍,窦家寨村委会东南侧90米,未央区,西安市,餐饮服务;中餐厅;中餐厅,108.887827,34.324251,108.8832379,34.3258394,,肉夹馍,around
B0MUHRQ0W3,粉汤羊血肉夹馍,玉艳百货商店北侧50米,未央区,西安市,餐饮服务;中餐厅;中餐厅,108.896225,34.309475,108.8916381,34.3110752,,肉夹馍,around
B0JRJZF6IS,潼关肉夹馍(丰景路店),东唐寨村附近,未央区,西安市,餐饮服务;餐饮相关场所;餐饮相关,108.903137,34.313072,108.8985479,34.3146725,,肉夹馍,around
B0MBMY72Y2,王记菜夹馍肉夹馍,336乡道与大讲路交叉口西北500米,未央区,西安市,餐饮服务;中餐厅;中餐厅,108.905858,34.303862,108.9012683,34.3054669,,肉夹馍,around
B0J3AAJDRA,华子肉夹馍,唐家村卫生室东侧60米,未央区,西安市,餐饮服务;中餐厅;中餐厅,108.874694,34.340055,108.8700958,34.3416228,,肉夹馍,around
B0FFH6WKTZ,郭记老潼关肉夹馍(阁老门分店),阁老门南村27号,未央区,西安市,餐饮服务;中餐厅;中餐厅,108.909091,34.303469,108.9044991,34.3050739,13630288208,肉夹馍,around
B0J6YGXWZ3,潼关肉夹馍,阁老门村卫生室北侧150米,未央区,西安市,餐饮服务;中餐厅;中餐厅,108.909405,34.305379,108.9048127,34.306983,13488144143,肉夹馍,around
B0KRKR9USO,潼关肉夹馍,丰景路,未央区,西安市,餐饮服务;中餐厅;中餐厅,108.910293,34.313159,108.9056994,34.3147593,18829741370,肉夹馍,around
B0LAA7O4OL,富平菜夹馍,樊寨村居民楼西南侧,未央区,西安市,餐饮服务;餐饮相关场所;餐饮相关,108.911206,34.313362,108.9066116,34.314962,,肉夹馍,around
B0LB7GCW4K,刘记潼关肉夹馍,罗高路与丰产路交叉口北120米,未央区,西安市,餐饮服务;中餐厅;中餐厅,108.89273,34.343266,108.8881404,34.3448484,,肉夹馍,around
B0FFGFQ9PV,老潼关肉夹馍重庆小面(南玉丰村居民楼店),南玉丰村24号,未央区,西安市,餐饮服务;快餐厅;快餐厅,108.913925,34.323525,108.9093272,34.3251195,15129086136,肉夹馍,around
B0LAYMUMA2,吴记老潼关肉夹馍(朱宏路店),南玉丰村30号,未央区,西安市,餐饮服务;中餐厅;中餐厅,108.913947,34.323927,108.9093491,34.3255213,18691859101,肉夹馍,around
B0FFG8PRXA,正宗岐山面(南玉丰村居民楼店),石化大道南玉丰村56号正宗岐山面进村第一个十字路口向左拐第一家面馆,未央区,西安市,餐饮服务;快餐厅;快餐厅,108.914207,34.323548,108.9096089,34.3251424,15129052637,肉夹馍,around
B0FFJ4W3Z5,彭家正汤肉丸胡辣汤腊牛肉夹馍,龙首北路154号陕西双博肝肾病医院楼下,未央区,西安市,餐饮服务;餐饮相关场所;餐饮相关|购物服务;购物相关场所;购物相关场所,108.926051,34.292576,108.9214392,34.2941771,13991416828,肉夹馍,text
B0FFJAHNDX,袁家村关中印象体验地(盛龙广场店),未央路盛龙广场购物中心室内娱乐楼三层3F3015-3016号,未央区,西安市,餐饮服务;中餐厅;中餐厅,108.944719,34.299291,108.940066,34.3008651,13002981183,肉夹馍,text
B0FFFO60HW,雷记肉夹馍(朱宏路店),扬善路5-1号,未央区,西安市,餐饮服务;中餐厅;中餐厅,108.918752,34.338404,108.9141474,34.3399892,13689208669;13772056528,肉夹馍,text
B0L2FR246S,子午路张记肉夹馍(汉神广场店),凤城八路西安汉神购物广场一楼1A-09-1商铺,未央区,西安市,餐饮服务;中餐厅;中餐厅,108.936528,34.338815,108.9318919,34.3403831,18091592822,肉夹馍,text
B0JA14IRLH,武王腊汁肉夹馍(凤城六路店),凤城六路东段388号银池·花香丽舍,未央区,西安市,餐饮服务;中餐厅;中餐厅,108.948999,34.333302,108.9443314,34.3348528,15680854091,肉夹馍,text
B0FFIR9OK2,子午路张记肉夹馍(市图书馆店),未央路136艾斯广场F1层,未央区,西安市,餐饮服务;中餐厅;中餐厅,108.946723,34.320359,108.9420628,34.32192,029-89299656,肉夹馍,text
B0FFHMI4VW,袁记肉夹馍(凤城八路店),西文景路88号白桦林居(新市政府东门对面),未央区,西安市,餐饮服务;中餐厅;中餐厅,108.937522,34.344083,108.9328832,34.3456471,029-86527381,肉夹馍,text
B0FFF64Z40,子午路张记肉夹馍(龙首店),宫园美岸二期南门旁,未央区,西安市,餐饮服务;中餐厅;中餐厅,108.94006,34.292978,108.9354193,34.2945622,15502927843;18092083752,肉夹馍,text
B0KD6ZGQ7T,奔跑吧陕菜(熙地港店),未央路170号熙地港(西安)购物中心6层007A号店铺,未央区,西安市,餐饮服务;中餐厅;中餐厅,108.94541,34.338348,108.940752,34.3399027,029-89241640;19909265073,肉夹馍,text
B0K06K1R6L,岐季腊汁肉夹馍,大白杨东路老三届悦湖2栋1单元1层10111号,未央区,西安市,餐饮服务;中餐厅;中餐厅,108.920875,34.294475,108.9162711,34.2960793,17791264069,肉夹馍,text
B0FFLFL773,雷姥姥凉皮铺,朱宏路优活城3-1014,未央区,西安市,餐饮服务;快餐厅;快餐厅,108.923468,34.300351,108.9188598,34.3019508,13022853088,肉夹馍,text
B0FFI8BCQ3,邢老三肉丸糊辣汤(凤城六路店),凤城六路389号,未央区,西安市,餐饮服务;中餐厅;中餐厅,108.950072,34.33326,108.9454013,34.3348088,17791590418,肉夹馍,text
B0LRO7X16F,子午路张记肉夹馍(万象未央店),未央路109号万象未央B2门面房,未央区,西安市,餐饮服务;餐饮相关场所;餐饮相关,108.947713,34.306851,108.9430512,34.3084165,13319290527,肉夹馍,text
B0K3SOPQMI,兰家肉丸胡辣汤腊牛肉夹馍(锦春巷店),大风阁地铁站C口步行480米,未央区,西安市,餐饮服务;中餐厅;中餐厅,108.926651,34.300182,108.9220376,34.3017792,18392556554,肉夹馍,text
B0JRRUVKU9,飞鸿肉夹馍(第五国际店),凤城二路20号(市图书馆地铁站C东南口步行50米),未央区,西安市,餐饮服务;餐饮相关场所;餐饮相关,108.947787,34.317384,108.9431241,34.3189445,,肉夹馍,text
B0FFJHVR5G,滋味餐厅·潼关肉夹馍,朱宏路37号福清商会大厦一楼,未央区,西安市,餐饮服务;中餐厅;中餐厅,108.923915,34.303968,108.9193058,34.3055659,17791598895;18165310927,肉夹馍,text
B0JUPMUX8W,子午路张记肉夹馍(凤十店),凤城十路智慧国际B座A29号,未央区,西安市,餐饮服务;快餐厅;快餐厅,108.93942,34.352659,108.934776,34.3542161,029-86683678;15934875717;17791683069,肉夹馍,text
B0K6LUNT7Z,爱蓉月牙烧饼店,方新南路锦春巷韦二十八街,未央区,西安市,餐饮服务;餐饮相关场所;餐饮相关,108.926633,34.300173,108.9220196,34.3017703,18686935298,肉夹馍,around
B0JULRRZ75,闫老三肉夹馍,方新路与锦春巷交叉口西40米,未央区,西安市,餐饮服务;中餐厅;中餐厅,108.926461,34.299663,108.9218479,34.3012606,,肉夹馍,around
B0L3XN0CFG,秦味老砂锅·米线·肉夹馍,安盛花苑E座(大风阁地铁站C口步行350米),未央区,西安市,餐饮服务;中餐厅;中餐厅,108.927325,34.301625,108.9227103,34.303221,,肉夹馍,around
B0MUZ5782O,陕北康家羊肉面羊杂碎(西安总店),明光路南段186号雅荷紫金阳光,未央区,西安市,餐饮服务;中餐厅;中餐厅,108.928893,34.306165,108.9242751,34.3077574,17829397336,肉夹馍,around
B0FFJCCA6F,牛军肉夹馍擀面皮(龙府北郡店),龙府北郡,未央区,西安市,餐饮服务;餐饮相关场所;餐饮相关,108.929483,34.304146,108.9248642,34.3057387,,肉夹馍,around
B0H2L75THT,北周肉夹馍(明光路店),凤城一路与明光路十字东北角,未央区,西安市,餐饮服务;中餐厅;中餐厅,108.930083,34.314321,108.9254622,34.3159085,18310480668,肉夹馍,around
B0MGV5EO6G,香辣土豆片夹馍,大旺城购物中心海璟台北湾北区店西南门东170米,未央区,西安市,餐饮服务;快餐厅;快餐厅,108.931691,34.313913,108.9270671,34.3154989,17792392134,肉夹馍,around
B0K1B7S5D7,老潼关肉夹馍(海璟台北湾店),凤城一路50号海璟台北湾南区,未央区,西安市,餐饮服务;快餐厅;快餐厅,108.932869,34.313702,108.9282428,34.3152866,,肉夹馍,around
B0FFGIQKTH,老潼关肉夹馍(龙首北路天赐苑店),永新路18号天赐苑1楼,莲湖区,西安市,餐饮服务;快餐厅;快餐厅,108.930675,34.292525,108.9260548,34.2941216,18629682301,肉夹馍,around
B0LU5LBB5S,菜夹馍,世融·嘉城,未央区,西安市,餐饮服务;中餐厅;中餐厅,108.92605,34.32695,108.9214354,34.3285355,,肉夹馍,around
B0MDDOQ49K,孜然炒肉夹馍手工丸子汤,永新苑东区,莲湖区,西安市,餐饮服务;中餐厅;中餐厅,108.932825,34.290625,108.9282007,34.2922199,,肉夹馍,around
B0FFIG09JF,老潼关肉夹馍,农兴路与永新路交叉口东40米,莲湖区,西安市,餐饮服务;快餐厅;快餐厅,108.932125,34.289675,108.9275022,34.2912712,17749016833,肉夹馍,around
B0K0GY4XUS,袁靖肉夹馍,文景路16号青门新区,未央区,西安市,餐饮服务;中餐厅;中餐厅,108.938679,34.296846,108.9340413,34.2984306,,肉夹馍,around
B0FFKVFLO2,薛昌利薛家老店大米凉皮(永福大厦店),永福路永福大厦1单元1层10107号,莲湖区,西安市,餐饮服务;餐饮相关场所;餐饮相关,108.936288,34.292212,108.9316562,34.2938019,13572970826,肉夹馍,around
B0MD6491N5,田丰腊汁肉夹馍,名京·九合院锦荟苑,未央区,西安市,餐饮服务;中餐厅;中餐厅,108.941244,34.30623,108.9365993,34.3078066,,肉夹馍,around
B0LDGATGK4,左左香老潼关肉夹馍,凤城六路与朱宏路辅路交叉口东120米,未央区,西安市,餐饮服务;中餐厅;中餐厅,108.921975,34.333125,108.9173664,34.3347108,,肉夹馍,around
B0LGLKC3FY,西府擀面皮肉夹馍(凤华路店),久悦里B座东南侧,未央区,西安市,餐饮服务;中餐厅;中餐厅,108.934075,34.3249,108.9294453,34.3264779,,肉夹馍,around
B0FFG7I96S,袁老大肉夹馍(嘉汇苑店),张家堡街道方新路36号嘉汇苑,未央区,西安市,餐饮服务;中餐厅;中餐厅,108.940769,34.299536,108.9361261,34.3011163,17742022982,肉夹馍,around
B0FFFFQ2ZF,老潼关肉夹馍(汉城商业街店),朱宏路辅路与凤城七路交叉口西南380米,未央区,西安市,餐饮服务;中餐厅;中餐厅,108.916148,34.335593,108.9115468,34.3371809,,肉夹馍,around
B0K3UHSDH3,袁记肉夹馍(凤城四路店),凤城四路94号久悦里,未央区,西安市,餐饮服务;餐饮相关场所;餐饮相关,108.933949,34.325953,108.9293195,34.3275306,,肉夹馍,around
B0HDOD7XMW,邢老三肉丸糊辣汤腊牛肉夹馍,名京九合院17号楼10108,未央区,西安市,餐饮服务;中餐厅;中餐厅,108.942528,34.307041,108.93788,34.3086152,13484513878;18840343408,肉夹馍,around
B0FFF64W6U,袁记肉夹馍(台北湾店)(暂停营业),海璟台北湾南区北1门西60米,未央区,西安市,餐饮服务;中餐厅;中餐厅,108.932587,34.313701,108.9279613,34.3152859,,肉夹馍,around
B0K1YRDLIB,段老六肉夹馍凉皮,新北城东门美食街8号,未央区,西安市,餐饮服务;中餐厅;中餐厅,108.917023,34.33585,108.9124207,34.3374374,15771721138,肉夹馍,around
B0FFHTO1OP,陕记老潼关肉夹馍(仪凤巷店),凤城四路久悦路1-1-0107,未央区,西安市,餐饮服务;中餐厅;中餐厅,108.934194,34.326229,108.929564,34.3278061,18710871002,肉夹馍,around
B0LKJU2EUH,鲁老师肉夹馍臊子面(名京九合院),名京九合院17幢2单元20104号,未央区,西安市,餐饮服务;中餐厅;中餐厅,108.942858,34.30705,108.9382092,34.3086237,13093999942,肉夹馍,around
B0J3RHX31N,龙一米皮(工农路店),工农路101号陕西省粮油机械厂家属院,莲湖区,西安市,餐饮服务;中餐厅;中餐厅,108.933625,34.285575,108.9289995,34.2871712,,肉夹馍,around
B0IAJDW0PP,牛军肉夹馍擀面皮(名京·九合院锦荟苑店),肖家村名京九合院20栋,未央区,西安市,餐饮服务;餐饮相关场所;餐饮相关,108.943362,34.306045,108.938712,34.3076183,,肉夹馍,around
B0FFKRKR6C,张兴邦擀面皮肉夹馍(龙首商业街店),龙首商业街南排西段46-47,未央区,西安市,餐饮服务;餐饮相关场所;餐饮相关,108.941003,34.29541,108.9363598,34.2969918,,肉夹馍,around
B0MDXRYXCX,老方腊汁肉夹馍·凉皮,工农路与红庙坡路交叉口东南100米,莲湖区,西安市,餐饮服务;中餐厅;中餐厅,108.933825,34.285475,108.929199,34.287071,,肉夹馍,around
B0GR79J529,老潼关肉夹馍重庆小面(汉城商业街店),汉城商业街杨善路82号老潼关肉夹馍,未央区,西安市,餐饮服务;中餐厅;中餐厅,108.915325,34.337325,108.9107246,34.3389124,15002962830,肉夹馍,around
B0FFH0X5QO,牛军肉夹馍擀面皮(海璟蓝寓店),凤城四路雍景豪庭1幢1单元1层10118号,未央区,西安市,餐饮服务;中餐厅;中餐厅,108.937195,34.325133,108.9325585,34.3267067,15238896737;15938681849,肉夹馍,around
B0FFIBBVSC,大毛面庄,汉城街道办事处西北门旁9号,未央区,西安市,餐饮服务;中餐厅;中餐厅,108.914487,34.338264,108.9098874,34.3398513,15129483768,肉夹馍,around
B0L26HEHZK,月牙饼肉夹馍,永祥路5号航天家属院,未央区,西安市,餐饮服务;中餐厅;中餐厅,108.941942,34.293859,108.9372966,34.29544,,肉夹馍,around
B0IU7BDM1H,秦味肉夹馍,创业孵化基地东南侧,未央区,西安市,餐饮服务;中餐厅;中餐厅,108.913773,34.338618,108.9091741,34.3402053,18792746194,肉夹馍,around
B0MGFM3L7U,程掌柜热米皮肉夹馍,汉城街道扬善路商业街,未央区,西安市,餐饮服务;中餐厅;中餐厅,108.916554,34.338198,108.9119521,34.3397844,,肉夹馍,around
B0L1TH3P25,赵天琦米线公司(盛龙广场店),盛龙广场B区西门1-10139,未央区,西安市,餐饮服务;快餐厅;快餐厅,108.944202,34.298615,108.9395504,34.3001902,17792978555,肉夹馍,around
B0L09SCBEF,超享乐剁椒面(盛龙广场店),未央路80号盛龙广场B1层,未央区,西安市,餐饮服务;餐饮相关场所;餐饮相关,108.944692,34.298968,108.9400391,34.3005423,18191443104,肉夹馍,around
B0MUSUC5TZ,腊汁肉夹馍(至善堂四楼店),文景路19号陕西交通职业技术学院文景校区,未央区,西安市,餐饮服务;中餐厅;中餐厅,108.939675,34.324425,108.9350327,34.3259956,,肉夹馍,around
B0MU4S9D9Y,左左香老潼关肉夹馍,扬善路与朱宏路辅路交叉口西100米,未央区,西安市,餐饮服务;中餐厅;中餐厅,108.918575,34.33839,108.9139706,34.3399753,,肉夹馍,around
B0HR6U88JM,张记腊汁肉夹馍(龙首商业街店),二府庄新村小区东3门旁,未央区,西安市,餐饮服务;餐饮相关场所;餐饮相关,108.94477,34.295909,108.9401171,34.2974845,,肉夹馍,around
B0MAVZ5QM1,龙首原商业街菜夹馍,未央路56号,未央区,西安市,餐饮服务;中餐厅;中餐厅,108.944754,34.29551,108.9401012,34.2970857,17769198991,肉夹馍,around
B0LDH1U0FO,南桥延安擀面皮,虹桥雅轩北1门旁(龙首原地铁站A西北口步行330米),未央区,西安市,餐饮服务;餐饮相关场所;餐饮相关,108.943655,34.292902,108.9390053,34.2944806,,肉夹馍,around
B0HGSO6RNO,天府米线笼笼肉夹馍(龙首北路西段店),龙首北路西段24号虹桥雅轩,莲湖区,西安市,餐饮服务;中餐厅;中餐厅,108.943961,34.292554,108.9393105,34.2941323,13991932042,肉夹馍,around
B0LKVC5USG,笼笼肉夹馍,凤城三路3号巍然大厦,未央区,西安市,餐饮服务;餐饮相关场所;餐饮相关,108.943408,34.322416,108.9387565,34.3239817,,肉夹馍,around
B0GKA6WY9U,左左香老潼关肉夹馍(万象未央店),未央路万象未央109号门面房,未央区,西安市,餐饮服务;中餐厅;中餐厅,108.948075,34.306725,108.9434122,34.3082899,,肉夹馍,around
B0MBN6RJHM,油槐狗舌头肉夹馍,经发大厦A座(青少年中心地铁站E北口步行150米),未央区,西安市,餐饮服务;中餐厅;中餐厅,108.945775,34.318525,108.9411176,34.3200885,,肉夹馍,around
B0HANHMM5D,邢老四肉丸糊辣汤腊牛肉夹馍(尚品雅苑店),未央路东侧玄武路西口2号尚品雅苑商业裙楼1层1-2号商铺,未央区,西安市,餐饮服务;中餐厅;中餐厅,108.948387,34.305229,108.9437234,34.306794,13993310032,肉夹馍,around
B0KRG7U1D7,香辣土豆片夹馍,玄武路1号尚品雅苑(大明宫西地铁站D东北口步行70米),未央区,西安市,餐饮服务;中餐厅;中餐厅,108.948471,34.305194,108.9438072,34.3067589,,肉夹馍,around
B0LKOKE96D,秦老大肉夹馍(总店),玄武路1号尚品雅苑(大明宫西地铁站D东北口步行80米),未央区,西安市,餐饮服务;中餐厅;中餐厅,108.948588,34.305196,108.9439238,34.3067606,17782683728,肉夹馍,around
B0FFHSKLH0,李老十腊牛肉夹馍(凤城四路店),西安经济技术开发区凤城四路海荣豪佳花园第一座A层3号,未央区,西安市,餐饮服务;中餐厅;清真菜馆,108.940924,34.326843,108.9362785,34.3284105,13389273544,肉夹馍,around
B0L1V5B2MS,车车老潼关肉夹馍,张家堡街道二府庄路1-8号二府庄路壹号院商铺,未央区,西安市,餐饮服务;中餐厅;中餐厅,108.948084,34.299571,108.9434217,34.3011391,,肉夹馍,around
B0MDBXIQ50,馍满多·现烤辣子夹馍(龙首原夜市店),龙首商业街74号(龙首原地铁站A西北口步行250米),未央区,西安市,餐饮服务;餐饮相关场所;餐饮相关,108.946318,34.294055,108.9416611,34.2956286,18791044229,肉夹馍,around
B0MG0ZH6ES,陕大拿潼关肉夹馍,凤城六路93号,未央区,西安市,餐饮服务;中餐厅;中餐厅,108.93425,34.333509,108.9296193,34.3350826,15318020592,肉夹馍,around
B0IRAKPS0F,房记豆花泡馍手擀面,西安市经开区凤城六路93号紫葵易购生鲜电商创业园2-3商铺,未央区,西安市,餐饮服务;餐饮相关场所;餐饮相关,108.934275,34.333625,108.9296442,34.3351985,18165275373;18709265859,肉夹馍,around
B0MDKACPHI,西安经济技术开发区戴记粉蒸肉夹馍店,家园西路与家园东路交叉口北100米,未央区,西安市,餐饮服务;餐饮相关场所;餐饮相关,108.934075,34.333825,108.9294446,34.3353987,,肉夹馍,around
B0LA9US6P4,刚子肉夹馍鸡汤米线,楼阁台遗址东侧110米,未央区,西安市,餐饮服务;中餐厅;中餐厅,108.90021,34.3427,108.8956196,34.3442858,,肉夹馍,around
B0L0LZ8WQH,宝强热米皮肉夹馍,政法巷东北角一层1-7,未央区,西安市,餐饮服务;快餐厅;快餐厅,108.948351,34.298057,108.9436881,34.2996252,,肉夹馍,around
B0MGB1UZPW,三好夹馍,家园西路与家园东路交叉口北120米,未央区,西安市,餐饮服务;餐饮相关场所;餐饮相关,108.934358,34.334148,108.929727,34.3357212,,肉夹馍,around
B0FFKUN42E,葛二胖潼关肉夹馍(欧亚大厦店),未央区经济技术开发区未央路123号欧亚达大厦A座东四号,未央区,西安市,餐饮服务;快餐厅;快餐厅,108.948105,34.316205,108.9434413,34.3177655,13991331639,肉夹馍,around
B0K1FGE8TR,南亚米线·笼笼肉夹馍(馄饨·汤面·凤城四路店),崇德路与尚实路交叉口东北220米,未央区,西安市,餐饮服务;中餐厅;中餐厅,108.942314,34.326834,108.937665,34.3283994,,肉夹馍,around
B0MGB1VONK,王先生里脊肉夹馍餐饮店,希尔国际公馆(龙首原地铁站B西南口步行180米),莲湖区,西安市,餐饮服务;餐饮相关场所;餐饮相关,108.94558,34.290648,108.9409254,34.2922244,,肉夹馍,around
B0LKTUXB7U,舍得面馆·肉夹馍,自由空间公寓北侧80米,未央区,西安市,餐饮服务;餐饮相关场所;餐饮相关,108.903214,34.343284,108.8986225,34.3448701,,肉夹馍,around
B0MGZOK0ZK,鼎香坊里脊肉夹馍,希尔国际公馆(龙首原地铁站B西南口步行270米),莲湖区,西安市,餐饮服务;中餐厅;中餐厅,108.945575,34.290425,108.9409204,34.2920015,,肉夹馍,around
B0MGO7WDNW,薛家凉皮肉夹馍凤城一路店,经济技术开发区雅荷花园36幢1单元10114室,未央区,西安市,餐饮服务;中餐厅;中餐厅,108.949465,34.313853,108.9447976,34.3154121,15398015758,肉夹馍,around
B0LU3S9NQL,超享乐剁椒面(龙首印象城店),33号龙首印象城B1层33A,未央区,西安市,餐饮服务;餐饮相关场所;餐饮相关,108.948235,34.294763,108.9435727,34.2963329,15082962402,肉夹馍,around
B0K37MPT5S,老潼关肉夹馍(市图书馆店),凤城二路天地时代广场店C座30107号底商,未央区,西安市,餐饮服务;快餐厅;快餐厅,108.948262,34.318597,108.9435977,34.3201561,15384543060,肉夹馍,around
B0FFKSEM2P,尚客凉皮肉夹馍(天地时代广场店),凤城二路天地时代广场C座(青少年中心地铁站D东北口旁),未央区,西安市,餐饮服务;中餐厅;中餐厅,108.948325,34.318525,108.9436605,34.320084,18092208906;18149499638,肉夹馍,around
B0J0AA619W,李老三腊牛肉夹馍(凤城八路店),天朗·御湖北门西130米,未央区,西安市,餐饮服务;快餐厅;快餐厅,108.925267,34.340674,108.9206526,34.3422535,18049536778,肉夹馍,around
B0LDRXL8HL,秦镇米皮肉夹馍,振华路10号璟宸尊域府,莲湖区,西安市,餐饮服务;中餐厅;中餐厅,108.942736,34.283496,108.9380894,34.2850802,,肉夹馍,around
B0G1KH1WOD,香探花天朗御湖店,凤城八路与明光路交叉口西南100米,未央区,西安市,餐饮服务;中餐厅;中餐厅,108.929068,34.340385,108.924447,34.3419611,13289336337,肉夹馍,around
B0I2PZANI9,天府米线笼笼肉夹馍,龙首北路东段12-2号,莲湖区,西安市,餐饮服务;中餐厅;中餐厅,108.949292,34.29076,108.944627,34.2923297,18049524767;18702990860,肉夹馍,around
B0LRMSX7AP,龙首张记米线(龙首村东北新区店),城北龙首北路东段龙首村东北新区,莲湖区,西安市,餐饮服务;中餐厅;中餐厅,108.949885,34.291562,108.9452182,34.2931302,18192968016,肉夹馍,around
B0L2B4IQXH,钰怡面皮(凤城五路店),凤城五路西段14号赛高街区F1层,未央区,西安市,餐饮服务;餐饮相关场所;餐饮相关,108.944833,34.329449,108.9401772,34.331009,13689119214,肉夹馍,around
B0FFMB6HL1,老潼关肉夹馍(龙首店),龙首北路东段宫园壹号二期西门口老潼关肉夹馍,莲湖区,西安市,餐饮服务;餐饮相关场所;餐饮相关,108.951059,34.293402,108.9463886,34.2949672,18891996111,肉夹馍,around
B0FFG7D9YC,花嫂米线(龙首南路店),龙首南路159-2号附近,莲湖区,西安市,餐饮服务;中餐厅;中餐厅,108.949646,34.289433,108.9449801,34.2910026,18109259578,肉夹馍,around
B0H155U6YV,老韩家肉丸糊辣汤腊牛肉夹馍(开元南路店),延和东巷,未央区,西安市,餐饮服务;中餐厅;中餐厅,108.954193,34.308355,108.9495119,34.3099073,18089116282,肉夹馍,around
B0MBFD68OS,小薛夹馍,政法巷560号唐宫尚品,未央区,西安市,餐饮服务;餐饮相关场所;餐饮相关,108.953536,34.297648,108.9488578,34.2992065,,肉夹馍,around
B0MDA60RHJ,秦月肉夹馍,龙首南路与龙升巷交叉口西40米,莲湖区,西安市,餐饮服务;中餐厅;中餐厅,108.950572,34.289717,108.9459034,34.2912847,18161929192,肉夹馍,around
B0KRK58Q4N,长安面莊,凤城八路180号(文景路地铁站B西南口步行300米),未央区,西安市,餐饮服务;快餐厅;快餐厅,108.932832,34.340644,108.9282037,34.3422158,14700525974;17392210742,肉夹馍,around
B0FFIMWKQZ,春锋老潼关肉加馍(桃园西路店),桃园路街道桃园西路西开小区815号楼,莲湖区,西安市,餐饮服务;中餐厅;中餐厅,108.891648,34.266922,108.8870644,34.2685381,,肉夹馍,around
B0KA97Q6J5,忒哥米皮(龙首原店),福殿路与仙居巷十字西南角,莲湖区,西安市,餐饮服务;中餐厅;特色/地方风味餐厅,108.953327,34.293455,108.9486498,34.2950157,17319951071,肉夹馍,text
B0I2G6PI06,李记肉夹馍,石化大道与汉城湖文化美食街交叉口西140米,未央区,西安市,餐饮服务;中餐厅;中餐厅,108.916734,34.327075,108.9121328,34.3286667,,肉夹馍,text
B0HBYOIY1B,韩亚武功旗花面-凤城八路店,盐东小区(文景路地铁站A西北口步行240米),未央区,西安市,餐饮服务;中餐厅;中餐厅,108.934131,34.341803,108.9294999,34.3433727,13992052455,肉夹馍,text
B0KD0HU9HO,老韩家肉丸胡辣汤腊牛肉夹馍,大明宫圣远广场B座西北门西南50米,新城区,西安市,餐饮服务;中餐厅;中餐厅,108.953594,34.293283,108.948916,34.2948433,15291916895,肉夹馍,text
B0FFG6VLGN,袁家老陕北羊杂碎(凤城七路店),风景御园南3门旁(文景路地铁站C东南口步行430米),未央区,西安市,餐饮服务;餐饮相关场所;餐饮相关,108.938749,34.337737,108.9341078,34.3393025,13409114726,肉夹馍,text
B0LG4HB6ZJ,贾亚维笼蒸豆腐脑(大明宫店),宫园壹号二期DK13-06号1楼,新城区,西安市,餐饮服务;餐饮相关场所;餐饮相关,108.953621,34.293227,108.9489429,34.2947872,13401094741,肉夹馍,text
B0K12LA1DB,袁家村关中印象(四海唐人街店),四海唐人街东方集-东集二楼,未央区,西安市,餐饮服务;中餐厅;中餐厅,108.971191,34.320333,108.9664506,34.3218404,15339146636,肉夹馍,text
B0K0DMAS37,川派米线西安旗舰店,香克林小镇东门旁,未央区,西安市,餐饮服务;中餐厅;中餐厅,108.966055,34.32306,108.9613331,34.3245789,13052269113,肉夹馍,text
B0FFF64WJL,馨馨凉皮肉夹馍(西安凤城一路店),凤城一路南康新村148号,未央区,西安市,餐饮服务;中餐厅;中餐厅,108.958216,34.313869,108.9535217,34.3154103,15389090758,肉夹馍,text
B0IDVH8SLB,秦小吾脆皮肉夹馍·米线·馄饨,鼎新公寓南门旁,未央区,西安市,餐饮服务;中餐厅;中餐厅,108.956704,34.31383,108.9520146,34.3153746,15002905176,肉夹馍,text
B001D10Y14,聚丰祥岐山面(风景御园店),凤城八路158号风景御园,未央区,西安市,餐饮服务;中餐厅;中餐厅,108.938265,34.33788,108.933625,34.3394461,18700820894,肉夹馍,text
B0IGCXJP7L,贞观里张记肉夹馍陕西家乡菜(明珠家居·零售批发集散地C座店),北二环南侧贞观南路,未央区,西安市,餐饮服务;中餐厅;中餐厅,108.960341,34.307989,108.9556401,34.3095283,18391062850,肉夹馍,text
B0I0FMLPUW,味鼎长安.臻品陕菜(北客站店),首创富北高银26号楼文景路与凤城十二路十字向北300处,未央区,西安市,餐饮服务;中餐厅;中餐厅,108.939385,34.359884,108.9347405,34.3614375,029-83661555,肉夹馍,text
B0FFGILK7T,潼关肉夹馍,张家堡街道南康新村318号,未央区,西安市,餐饮服务;餐饮相关场所;餐饮相关,108.955375,34.312575,108.9506899,34.314123,15706091020,肉夹馍,around
B0M6LU6E0X,鼎香坊里脊肉夹馍(凤城一路店),凤城一路与开元路交叉口东南180米,未央区,西安市,餐饮服务;中餐厅;中餐厅,108.955325,34.312675,108.9506401,34.314223,13096919891,肉夹馍,around
B0I3TMAIL9,现烤肉夹馍(南康新村西区店),永德巷与开元路交叉口东240米,未央区,西安市,餐饮服务;餐饮相关场所;餐饮相关,108.956265,34.312093,108.9515771,34.3136393,13835933381,肉夹馍,around
B0I0UC5YBT,宋益驴蹄子面·肉夹馍(华帝金座店),凤城一路3-2号,未央区,西安市,餐饮服务;中餐厅;中餐厅,108.960127,34.311264,108.9554266,34.3128023,029-86116808;19191703516,肉夹馍,around
B0FFIBVVMS,东关赵记腊汁肉夹馍(凤城一路店),凤城一路鼎新苑8号楼1单元1楼,未央区,西安市,餐饮服务;快餐厅;快餐厅,108.960267,34.313569,108.9555659,34.3151059,18049492646;18049492649,肉夹馍,around
B0LKUHZ8LC,里脊肉夹馍,宫园壹号2期东门南160米,莲湖区,西安市,餐饮服务;中餐厅;中餐厅,108.953251,34.293574,108.948574,34.2951348,,肉夹馍,around
B0FFGCBMZV,樊家肉夹馍(龙首南路店),龙首南路龙首东社区1号楼2单元21号,莲湖区,西安市,餐饮服务;中餐厅;中餐厅,108.951657,34.289663,108.9469852,34.2912287,18992863832,肉夹馍,around
B0FFHD5ABK,老韩家肉丸糊辣汤腊牛肉夹馍(凤城三路店),凤城三路六号大院3-1-3,未央区,西安市,餐饮服务;中餐厅;中餐厅,108.957387,34.32187,108.9526947,34.3234094,17349031859;18735983177,肉夹馍,around
B0G1SC8ZRM,张兴邦擀面皮·肉夹馍(锦园君逸店),太华北路锦园君逸19栋一单元,未央区,西安市,餐饮服务;中餐厅;中餐厅,108.966125,34.313225,108.9614037,34.3147483,,肉夹馍,around
B0FFHTO51B,宝鸡面馆(煜星·凤鸣华府店),贞观路269号煜星·凤鸣华府,未央区,西安市,餐饮服务;中餐厅;中餐厅,108.961805,34.319748,108.9570982,34.3212785,13201589708,肉夹馍,around
B0KKMA7VOJ,宋益驴蹄子面·肉夹馍(颐和郡店),颐和郡西南门旁(市第三医院地铁站C口步行340米),未央区,西安市,餐饮服务;中餐厅;中餐厅,108.964382,34.317554,108.9596665,34.3190795,,肉夹馍,around
B0M6G7PCT9,陕二丫擀面皮凤城三路店,凤城三号小区南门2号右侧20米商铺,未央区,西安市,餐饮服务;中餐厅;中餐厅,108.961327,34.322137,108.9566217,34.3236675,18710380970,肉夹馍,around
B0FFKW88GH,王华峰潼关肉夹馍(颐和郡店),颐和郡北门旁,未央区,西安市,餐饮服务;快餐厅;快餐厅,108.964449,34.319827,108.9597331,34.3213513,18192189201,肉夹馍,around
B0H1XB0T66,张有刚腊汁肉夹馍(雅荷四季城店),雅荷四季城西区西门南50米,未央区,西安市,餐饮服务;中餐厅;中餐厅,108.957307,34.325325,108.9526147,34.3268629,15771917667,肉夹馍,around
B001D14WMM,焦记腊汁肉夹馍(雅荷四季城店),雅荷四季城西门旁,未央区,西安市,餐饮服务;中餐厅;中餐厅,108.957304,34.325639,108.9526117,34.3271768,13991216853,肉夹馍,around
B0LGAZL11N,陕焰·肉夹馍(第三人民医院店),凤城三路东段3号香克林小区底商1幢1单元10104室,未央区,西安市,餐饮服务;中餐厅;中餐厅,108.963246,34.322178,108.9585341,34.3237041,19929979294,肉夹馍,around
B0MU9CZ4LX,子午路张记肉夹馍(凤城三路三医院店),凤城三路东段3号香克林小镇,未央区,西安市,餐饮服务;餐饮相关场所;餐饮相关,108.963577,34.322214,108.9588639,34.3237393,15339096806,肉夹馍,around
B0IGKHJZG5,赵天琦米线公司(凤城三路店),香克林小镇南门西70米,未央区,西安市,餐饮服务;快餐厅;快餐厅,108.963778,34.322211,108.9590642,34.3237358,18142380912,肉夹馍,around
B0MGFL4HJ3,回坊老袁家泡馍·火锅(大明宫万达店),大明宫街道太华路与凤城一路向西50米路南,未央区,西安市,餐饮服务;快餐厅;快餐厅,108.970593,34.313742,108.9658553,34.3152539,18091196888,肉夹馍,around
B0FFK6Z4QC,老潼关肉夹馍,丰田汽车维修家属院西门旁,新城区,西安市,餐饮服务;快餐厅;快餐厅,108.950849,34.284231,108.94618,34.2858006,,肉夹馍,around
B0GUDAPA3I,张兴邦擀面皮肉夹馍(大明宫钻石店),西派国际B区8号楼10103商铺,未央区,西安市,餐饮服务;中餐厅;中餐厅,108.974074,34.307872,108.9693237,34.3093776,,肉夹馍,around
B0I2L5A02L,梓妍潼关肉夹馍(凤城三路店),太华北路480号,未央区,西安市,餐饮服务;中餐厅;中餐厅,108.967111,34.322216,108.9623854,34.3237328,18992457200,肉夹馍,around
B0FFHSHDV0,袁记肉夹馍(唐城店)(装修中),太华北路79号唐城医院3号楼门前左侧院南侧甲3号商铺,未央区,西安市,餐饮服务;中餐厅;中餐厅,108.97182,34.296495,108.9670792,34.2980115,,肉夹馍,around
B0MDTCD3TK,里脊肉夹馍,西安唐城医院啤酒路南1门西80米,未央区,西安市,餐饮服务;中餐厅;中餐厅,108.972275,34.296525,108.9675324,34.2980403,,肉夹馍,around
B0LKODG8EP,超享乐剁椒面(大明宫万达商场店),太华北路369号西安大明宫万达广场3F-3085A号,未央区,西安市,餐饮服务;快餐厅;快餐厅,108.973025,34.315425,108.968278,34.3169299,15398033916,肉夹馍,around
B0FFJA1TYQ,老潼关肉夹馍,太华北路369号(近余家寨)万达广场(西安大明宫店),未央区,西安市,餐饮服务;中餐厅;中餐厅,108.973651,34.31503,108.9689017,34.3165334,15353107084,肉夹馍,around
B0KUFCX5VX,超享乐剁椒面(四海唐人街店),凤城3路西南角四海唐人街,未央区,西安市,餐饮服务;中餐厅;中餐厅,108.970742,34.320352,108.9660032,34.3218605,13759912302,肉夹馍,around
B0K37DMTY0,馍满多·现烤辣子夹馍(大明宫万达店),大明宫万达3号门对面摊位,未央区,西安市,餐饮服务;快餐厅;快餐厅,108.973935,34.315539,108.9691846,34.3170414,,肉夹馍,around
B0LGBL3AEN,小食笼笼肉夹馍(四海唐人街店),太华北路与永敏路交叉口西北140米,未央区,西安市,餐饮服务;中餐厅;中餐厅,108.971012,34.320441,108.9662722,34.3219488,13709250220,肉夹馍,around
B0ID5DNPEC,牛馍王擀面皮(凤城五路店),常青二路Max未来底商10124,未央区,西安市,餐饮服务;餐饮相关场所;餐饮相关,108.948095,34.331901,108.9434301,34.3334541,17391940139,肉夹馍,around
B0FFLDCIUW,袁记肉夹馍(华远锦悦店),太华北路华远锦悦4栋30125室,未央区,西安市,餐饮服务;中餐厅;中餐厅,108.972025,34.319675,108.9672815,34.3211805,,肉夹馍,around
B0LKR563O0,二太子老潼关肉夹馍(余家寨地铁商业街店),大明宫街道太华北路399号,未央区,西安市,餐饮服务;餐饮相关场所;餐饮相关,108.971875,34.320025,108.967132,34.3215307,,肉夹馍,around
B0J1F56482,张嫂家红油米线(总店),百花家园10号商铺10102(四海中心正对面),未央区,西安市,餐饮服务;中餐厅;中餐厅,108.970328,34.322225,108.9655906,34.3237337,18049219958,肉夹馍,around
B0K2VCVVXH,子午路张记肉夹馍(大明宫万达店),子午路张记肉夹馍(大明宫店),未央区,西安市,购物服务;购物相关场所;购物相关场所,108.976161,34.311722,108.9714023,34.3132202,18089230902,肉夹馍,around
B0FFGFVUGT,沙县小吃(银河坊店),新太华南路433号银河坊便民市场西门,新城区,西安市,餐饮服务;中餐厅;特色/地方风味餐厅,108.972476,34.292691,108.967733,34.2942075,15779101623,肉夹馍,around
B0MDUL0TFP,秦海娃腊汁肉夹馍,太华北路369号19幢10112,未央区,西安市,餐饮服务;快餐厅;快餐厅,108.975525,34.315325,108.9707685,34.3168233,17791585118,肉夹馍,around
B0LDYCZFN8,孙熙腊汁肉夹馍,开元路与长青二路交叉口西北角晟煜广场1-15号,未央区,西安市,餐饮服务;中餐厅;中餐厅,108.953075,34.332475,108.9483954,34.3340183,,肉夹馍,around
B0FFGB4AQ4,老路家腊汁肉夹馍(风机厂家属楼店),风机厂家属楼西南1门旁,新城区,西安市,餐饮服务;中餐厅;中餐厅,108.973255,34.292885,108.968509,34.2943994,13679181890,肉夹馍,around
B0FFJ7WG75,田哥肉夹馍(太华小区店),银河坊太华小区5号楼西第1间,新城区,西安市,餐饮服务;中餐厅;中餐厅,108.97311,34.292637,108.9683646,34.2941519,18729868191,肉夹馍,around
B0G1FDNFR8,老潼关肉夹馍(凤城六路店),未央区经开区凤城六路与开元路十字西南角老潼关肉夹馍,未央区,西安市,餐饮服务;快餐厅;快餐厅,108.953198,34.333222,108.948518,34.3347647,,肉夹馍,around
B0LB2MPRPO,小二腊汁肉夹馍(万华园·上观苑店),凤城六路万华园小区(上观园)7幢,未央区,西安市,餐饮服务;中餐厅;中餐厅,108.950917,34.333644,108.9462438,34.335191,15332467002,肉夹馍,around
B0L119M0DF,玉琳腊汁肉夹馍,西安经济技术开发区凤城六路369号万华园·上观苑,未央区,西安市,餐饮服务;中餐厅;中餐厅,108.952461,34.333555,108.9477832,34.335099,,肉夹馍,around
B0FFF48LUN,路记光头凉皮店,凤城五路兴盛园小区北门4019号商铺,未央区,西安市,餐饮服务;中餐厅;中餐厅,108.964841,34.329425,108.9601229,34.3309439,15091155605,肉夹馍,around
B0KDP9AAPW,味思宇擀面皮肉夹馍(大明宫万达店),万科荣华·金域名城1号楼,未央区,西安市,餐饮服务;中餐厅;中餐厅,108.975765,34.319012,108.9710072,34.3205079,18092649886,肉夹馍,around
B0FFJEEC5A,左左香老潼关肉夹馍(旭辉国悦府店),永庆路430号,未央区,西安市,餐饮服务;中餐厅;中餐厅,108.975534,34.32199,108.9707769,34.3234852,,肉夹馍,around
B0FFFA8ELJ,孙记米皮肉夹馍店,太元路309号永家购物广场入口右侧第二间,未央区,西安市,餐饮服务;中餐厅;中餐厅,108.980825,34.301663,108.9760487,34.303153,15009266226,肉夹馍,around
B0K0647B53,美悦香肉夹馍(永顺东路总店)(暂停营业),井上村地铁站B口步行270米,未央区,西安市,餐饮服务;中餐厅;中餐厅,108.979184,34.316909,108.974413,34.3183966,,肉夹馍,around
B0MASCG26I,高陵土豆片夹馍,八府庄园F区西门旁,新城区,西安市,餐饮服务;中餐厅;中餐厅,108.978625,34.291825,108.9738583,34.2933254,,肉夹馍,around
B0KAGZSBWG,香探花·擀面皮肉夹馍小锅米线(荣华北经城店),西安市经济技术开发区凤城七路荣华北经城18号10幢10106,未央区,西安市,购物服务;购物相关场所;购物相关场所,108.958614,34.336621,108.9539165,34.3381507,13636808336,肉夹馍,around
B0KA3UKXX7,刘囍米皮肉夹馍(汇林华城店),汇林华城A区东1门旁,未央区,西安市,餐饮服务;快餐厅;快餐厅,108.984136,34.303006,108.9793462,34.304486,17791575765,肉夹馍,around
B0J2HLJYU8,陌上春卤肉肘子肉夹馍(西铁大明宫住宅小区店),西铁大明宫住宅小区西区东门南150米,未央区,西安市,餐饮服务;中餐厅;中餐厅,108.965674,34.314787,108.9609542,34.3163107,,肉夹馍,text
B0K3R5W53B,老潼关肉夹馍(颐和郡西),[],未央区,西安市,餐饮服务;中餐厅;中餐厅,108.962809,34.318816,108.9580989,34.3203447,,肉夹馍,text
B0LKZRFD54,关中来坐席臊子面肉夹馍(凤城八路店),荣华·EE康城西区东1门北70米,未央区,西安市,餐饮服务;快餐厅;快餐厅,108.957115,34.340496,108.9524221,34.342027,18829280030;18991842175,肉夹馍,text
B0FFM78UZZ,子午路张记肉夹馍(凤城八路店),水晶新天地东门旁,未央区,西安市,餐饮服务;中餐厅;中餐厅,108.965082,34.341487,108.9603621,34.3429994,13299033894;18165406708,肉夹馍,text
B0FFFPA7FP,袁师傅腊汁肉夹馍(太和路店),太和路长安易居27号楼,未央区,西安市,餐饮服务;中餐厅;中餐厅,108.984488,34.308211,108.9796963,34.3096877,15991782699;18729501190,肉夹馍,text
B0LUMA2V18,钰翔鲜潼关肉夹馍店,辛家庙社区安城御花苑D区1楼店铺,未央区,西安市,餐饮服务;餐饮相关场所;餐饮相关,108.988976,34.306837,108.9841659,34.3083014,13629130667;18391332019,肉夹馍,around
B0J02ZOWCG,肖记老潼关肉夹馍(安城御花苑D区店),安诚御花苑D区西北门旁,未央区,西安市,餐饮服务;餐饮相关场所;餐饮相关,108.988981,34.307214,108.9841709,34.3086782,15829935288,肉夹馍,around
B0M6HRBX5E,振的肉夹馍,太元路与太和路交叉口东北40米,未央区,西安市,餐饮服务;中餐厅;中餐厅,108.984775,34.301775,108.9799827,34.3032538,,肉夹馍,around
B0FFHM15QO,老潼关肉夹馍(东元路店),东元路226号陕重社区办公楼下6号,未央区,西安市,餐饮服务;中餐厅;中餐厅,108.99479,34.306593,108.9899555,34.3080403,13008403154,肉夹馍,around
B0MDJ6HQ2I,荣鑫葱花饼菜夹馍,东元路与东二环路出口交叉口西北80米,未央区,西安市,餐饮服务;餐饮相关场所;餐饮相关,108.995025,34.304425,108.9901897,34.3058726,,肉夹馍,around
B0G04C8J5Z,宋益驴蹄子面·肉夹馍(辛家庙店),辛家庙豪顿国际底层商铺一楼(地铁三号线辛家庙站C出口左手即到),未央区,西安市,餐饮服务;中餐厅;中餐厅,108.996404,34.304176,108.9915628,34.3056195,029-81044688;15771751055,肉夹馍,around
B0JAO7W914,包包牛肉丸子汤肉夹馍(豪顿国际店),豪顿国际(辛家庙地铁站C东南口步行80米),未央区,西安市,餐饮服务;餐饮相关场所;餐饮相关,108.996525,34.303719,108.9916834,34.3051624,,肉夹馍,around
B0L0YZ5X1F,超享乐剁椒面(浐灞印象城店),北辰东路700号西安浐灞印象城5层25号,未央区,西安市,餐饮服务;餐饮相关场所;餐饮相关,108.997075,34.307075,108.9922307,34.3085152,19829394017,肉夹馍,around
B0K17RSBR1,大荔月牙饼,太和路经东市场,未央区,西安市,餐饮服务;餐饮相关场所;餐饮相关,108.987151,34.296565,108.9823494,34.2980392,18229023987,肉夹馍,around
B0KRBHSYS1,好香来米线(珠江新城店),珠江新城南区12栋30102,未央区,西安市,餐饮服务;中餐厅;中餐厅,108.987382,34.316895,108.9825777,34.3183594,15877352953,肉夹馍,around
B0MGUXDGOP,腊汁肉夹馍,辛家庙街道刘南社区南门西50米,未央区,西安市,餐饮服务;中餐厅;中餐厅,108.999075,34.301675,108.9942226,34.3031116,,肉夹馍,around
B0G0V5LJMY,老潼关肉夹馍汇通面(泰和居小区店),泰和居西门6号,未央区,西安市,餐饮服务;中餐厅;中餐厅,108.98929,34.319484,108.9844776,34.3209416,15178078015,肉夹馍,around
B0H1CL4FJ2,香探花·擀面皮肉夹馍(浐灞1号店),浐灞大道浐灞1号11号楼底商20103号商铺,未央区,西安市,餐饮服务;中餐厅;中餐厅,108.999189,34.314898,108.9943351,34.3163283,,肉夹馍,around
B0LBFCWOQW,百臻千福腊汁肉馆,大明宫街道景云路1906号51栋50109室,未央区,西安市,餐饮服务;中餐厅;中餐厅,108.984572,34.321015,108.9797789,34.3224856,19299105204,肉夹馍,around
B0FFLDT3WJ,小食笼笼肉夹馍(华远·海蓝城4期店),浐灞生态区玄武东路华远海蓝城四期30号楼华远好天地1层10146号商铺,未央区,西安市,餐饮服务;中餐厅;中餐厅,109.003713,34.305783,108.9988404,34.3072038,13572259543;15332471841,肉夹馍,around
B0J0HYRY2W,王华峰潼关肉夹馍(浐灞一路店),浐灞1号北门旁(北辰东路地铁站B口步行300米),未央区,西安市,餐饮服务;快餐厅;快餐厅,108.999137,34.316973,108.9942831,34.3184025,15092262235;17392218406,肉夹馍,around
B0KKMCL0MX,李小馋热米皮.肉夹馍,永泰路与御井路交叉口东100米,未央区,西安市,餐饮服务;快餐厅;快餐厅,108.990025,34.322325,108.9852093,34.3237792,18192878390,肉夹馍,around
B001D10ZRF,邢老三肉丸胡辣汤腊牛肉夹馍(广安路分店),浐灞生态区湖畔家园C3号,未央区,西安市,餐饮服务;中餐厅;特色/地方风味餐厅,109.004393,34.310989,108.9995171,34.3124054,18009255348,肉夹馍,around
B0FFK9D0JW,沙县小吃(浐灞一号店),浐灞一路旭辉国宸府11号楼20117号沙县小吃店铺,未央区,西安市,餐饮服务;中餐厅;中餐厅,109.000343,34.317495,108.9954839,34.3189206,13055925932,肉夹馍,around
B0K36SFHMG,秦茂源.辣子肉夹馍.豆皮涮牛肚(浐灞一路店),浐灞一路旭辉国宸府110铺,未央区,西安市,餐饮服务;中餐厅;中餐厅,109.000619,34.317577,108.9957587,34.3190018,,肉夹馍,around
B0MBDOH6L6,腊牛肉夹馍,北辰东路1930号旭辉国宸府,未央区,西安市,餐饮服务;中餐厅;中餐厅,109.000975,34.317475,108.9961132,34.3188987,,肉夹馍,around
B0K10CWD9S,彭家正汤·西安糊辣汤(浐灞直营店),浐灞一路1号(北辰东路地铁站A口步行140米),未央区,西安市,餐饮服务;中餐厅;中餐厅,109.00096,34.31751,108.9960983,34.3189338,17791867253,肉夹馍,around
B0FFI1R5FC,汉中热米皮老潼关肉夹馍(泘沱社区店),浐灞二路滹沱社区南区23号商铺北辰大道与十字交汇处往东走30米路南,未央区,西安市,餐饮服务;中餐厅;中餐厅,108.99659,34.321874,108.9917466,34.3233089,15209267639;18829522870,肉夹馍,around
B0FFKV4LX4,老潼关肉夹馍(西安未央区),广运潭大道1506号华远·海蓝城3期,未央区,西安市,餐饮服务;快餐厅;快餐厅,109.009051,34.308739,109.0041553,34.3101423,,肉夹馍,around
B0KALZI8ON,宋益驴蹄子面肉夹馍(香树花城店),绿地·香树花城1期北2门东50米,未央区,西安市,餐饮服务;中餐厅;中餐厅,108.993558,34.326318,108.9887271,34.3277598,15771957088,肉夹馍,around
B0M6FDYUP4,果仁土豆片夹馍,玄武东路999号嘉园华府,未央区,西安市,餐饮服务;中餐厅;中餐厅,109.010725,34.305075,109.0058224,34.3064749,,肉夹馍,around
B0HA3H32OS,将香禾老潼关肉夹馍(嘉园华府店),浐灞生态区东方罗马嘉园9号楼1层10111号,未央区,西安市,餐饮服务;中餐厅;中餐厅,109.011603,34.305081,109.0066966,34.3064783,18161830591,肉夹馍,around
B0MGTN6VFZ,欢馨凉皮肉夹馍,浐灞二路1798号德美·万有引俪,未央区,西安市,餐饮服务;中餐厅;中餐厅,109.007139,34.321801,109.0022504,34.3232041,15389029918,肉夹馍,around
B0ID4CM9O8,赵天琦米线公司(玄武东路店),浐灞生态区广运潭大道南段1599号西岸花园二期1号楼10104,未央区,西安市,餐饮服务;中餐厅;中餐厅,109.014524,34.305099,109.0096052,34.3064875,17391697503,肉夹馍,around
B0L3TL7V4O,孟氏肉夹馍,广运潭大道南段1698号1幢2单元20102,未央区,西安市,餐饮服务;餐饮相关场所;餐饮相关,109.015524,34.308371,109.0106007,34.3097551,17782592932;18628480952,肉夹馍,around
B0L3MLOKBJ,福源·酥皮肉夹馍,华远枫悦西区东门旁,未央区,西安市,餐饮服务;中餐厅;中餐厅,108.978625,34.331075,108.973855,34.3325575,,肉夹馍,around
B0JG9Z0UHA,景记笼笼肉夹馍鸡汤米线,西大附中浐灞中学西门南80米,未央区,西安市,餐饮服务;中餐厅;中餐厅,109.009452,34.323596,109.0045533,34.3249913,18049533019,肉夹馍,around
B0L0F98484,汤记肉夹馍(新房村分店),新广路与广安路辅路交叉口东北200米,未央区,西安市,餐饮服务;中餐厅;中餐厅,109.018725,34.311975,109.0137879,34.313348,,肉夹馍,around
B0G1JO9PIP,老潼关肉夹馍(浩华香锅国际城店),西安市未央区浩华香颂国际城,未央区,西安市,餐饮服务;餐饮相关场所;餐饮相关,108.985793,34.334683,108.9809938,34.3361436,15029060979,肉夹馍,around
B0FFF65BDP,老潼关肉夹馍(新房村分店),浐灞生态区广兴路西岸国际花园2幢20103号,未央区,西安市,餐饮服务;快餐厅;快餐厅,109.02046,34.311835,109.0155156,34.3132029,,肉夹馍,around
B0MUSRDF7K,约多多老潼关肉夹馍(未央区广兴路店),广兴路99号西岸国际花园东苑2号楼10108号商铺,未央区,西安市,餐饮服务;中餐厅;中餐厅,109.021488,34.308398,109.0165396,34.3097645,13309296009,肉夹馍,around
B0LDVL7IUD,杨寨肉夹馍,永信路与太华北路交叉口东80米,未央区,西安市,餐饮服务;中餐厅;中餐厅,108.972496,34.334491,108.9677495,34.3359882,,肉夹馍,around
B0KRNHFU2K,杨集肉夹馍,太华北路855号禹花园小区临街门面房北面第二家,未央区,西安市,餐饮服务;餐饮相关场所;餐饮相关,108.972257,34.334633,108.9675114,34.3361308,18691044513,肉夹馍,around
B0MATLX3EK,香辣土豆片夹馍,十里铺北路与玄武东路交叉口西南100米,灞桥区,西安市,餐饮服务;中餐厅;中餐厅,109.022075,34.303925,109.0171245,34.3052918,,肉夹馍,around
B0KKAZO0V6,贵发肉夹馍,欧亚二路356号合能·枫丹唐悦,未央区,西安市,餐饮服务;中餐厅;中餐厅,109.000429,34.335126,108.9955681,34.336543,,肉夹馍,around
B0I6VH6K3F,老潼关肉夹馍(新房村店),浐灞大道与西平路交叉口西南320米,未央区,西安市,餐饮服务;餐饮相关场所;餐饮相关,109.022625,34.311837,109.0176716,34.3131986,,肉夹馍,around
B0KGXPP5BI,洪家肉夹馍店,浐灞大道与西平路交叉口南300米,未央区,西安市,餐饮服务;中餐厅;中餐厅,109.023079,34.311824,109.0181237,34.3131843,,肉夹馍,around
B0I2O7WEIC,关潼村肉夹馍(西部世界华商中心店),兴泰南路与兴泰五街交叉口西北60米,未央区,西安市,餐饮服务;中餐厅;中餐厅,109.010702,34.331095,109.0057973,34.3324829,15809289748,肉夹馍,around
B0MD3MFGOJ,子午路张记肉夹馍(欧亚大道店),浐灞生态区欧亚大道原创街区西区子午路张记肉夹馍,未央区,西安市,餐饮服务;快餐厅;快餐厅,109.012807,34.329661,109.0078934,34.3310433,18792530439,肉夹馍,around
B0L0SZJ5H0,超享乐剁椒面(源创Oya街区店),浐灞源创Oya街区1层1F-10号,未央区,西安市,餐饮服务;餐饮相关场所;餐饮相关,109.013076,34.329752,109.0081613,34.3311334,15319721990,肉夹馍,around
B0KK5UBFWC,合阳踅面,谭家街道谭家小区东门南50米,未央区,西安市,餐饮服务;中餐厅;中餐厅,108.971314,34.33792,108.9665717,34.3394186,13720679306,肉夹馍,around
B0MUB776GT,潼香记肉夹馍,兴泰北路与兴泰南路交叉口西南100米,未央区,西安市,餐饮服务;中餐厅;中餐厅,109.006925,34.335825,109.0020361,34.337222,,肉夹馍,around
B0G0PKB0T9,陕西老潼关肉夹馍(经九路店),万嘉暖气城北门旁,未央区,西安市,餐饮服务;中餐厅;中餐厅,108.979208,34.329178,108.9744359,34.3306598,,肉夹馍,text
B0L3FS5M66,赵天琦米线公司,浐灞生态区欧亚大道欧亚国际2幢10104商铺,未央区,西安市,餐饮服务;快餐厅;快餐厅,109.015754,34.331926,109.0108277,34.3332984,18009230023;18192169511,肉夹馍,text
B001D0WTVN,秦镇郭家米皮(浐灞半岛店),辛家庙街道浐灞半岛A10区3幢10106,未央区,西安市,餐饮服务;快餐厅;快餐厅,109.036351,34.316921,109.0313423,34.3182422,15877558767;18049439600,肉夹馍,around
B0M61HHBWI,老伙计·肘子夹馍·丸子汤,融创世园大观南区,未央区,西安市,餐饮服务;中餐厅;中餐厅,109.015925,34.332675,109.0109979,34.3340465,,肉夹馍,around
B0KA11SZ0I,老潼关肉夹馍(西安国际会展中心店),会展一路辅路与会展路交叉口西北260米,灞桥区,西安市,餐饮服务;快餐厅;快餐厅,109.03946,34.335803,109.034438,34.3371072,,肉夹馍,around
B0H1D9P23Q,龙雨轩胡辣汤肉夹馍,振业泊岸东门旁,灞桥区,西安市,餐饮服务;中餐厅;中餐厅,109.051252,34.338685,109.0461882,34.3399598,18161830498;18502924128,肉夹馍,around
B0HASL9GNW,邢老三肉丸胡辣汤·腊牛肉夹馍(振业泊岸店),浐灞生态区锦堤一路振业泊岸小区18幢10101号商铺,灞桥区,西安市,餐饮服务;中餐厅;中餐厅,109.051345,34.338903,109.0462808,34.3401774,17693365998,肉夹馍,around
B0JRAMP2XN,彭记·老潼关肉夹馍店(万科·悦湾店),万科·悦湾,未央区,西安市,餐饮服务;快餐厅;快餐厅,109.00801,34.342611,109.0031159,34.3440014,13032901125,肉夹馍,around
B0H129C9DX,高记腊汁肉夹馍(振业泊岸店),振业泊岸北门东110米,灞桥区,西安市,餐饮服务;中餐厅;中餐厅,109.05085,34.339937,109.0457874,34.341212,18192279672,肉夹馍,around
B0KRMX90CQ,肉夹馍·牛杂面(中南樾府店),中南樾府,灞桥区,西安市,餐饮服务;中餐厅;中餐厅,109.066805,34.332502,109.0616957,34.33375,,肉夹馍,around
B0KU3693UO,碧桂园满口酥肉夹馍凉皮,世博园19路附近碧桂园香湖湾1号香湖湾壹号,灞桥区,西安市,餐饮服务;中餐厅;中餐厅,109.063238,34.338393,109.0581378,34.3396442,13572117683,肉夹馍,around
B0H06SEG1O,狗峰丸子汤肉夹馍,鹿塬街综合批发市场北门旁,灞桥区,西安市,餐饮服务;中餐厅;中餐厅,109.074747,34.27184,109.0696239,34.2731036,,肉夹馍,text
B0LKFYSYTN,老潼关肉夹馍(灞桥区桃花潭公园店),浐河东路与半岛南一路交叉口西140米,灞桥区,西安市,餐饮服务;中餐厅;中餐厅,109.034125,34.307725,109.0291257,34.3090563,,肉夹馍,text
B0IAF59VXI,赵天琦米线公司(凤九店),凤城九路天汉中心10102号商铺,未央区,西安市,餐饮服务;中餐厅;中餐厅,108.921451,34.347701,108.916842,34.3492799,13636817770,肉夹馍,text
B0LKDSN3O9,西华肉丸胡辣汤·腊牛肉夹馍(西安北站店),凤城十二路首创漫香郡3幢11单元1层10105号,未央区,西安市,餐饮服务;中餐厅;中餐厅,108.943495,34.360654,108.9388402,34.3622007,15339126628,肉夹馍,text
B0FFG77QQC,邢老四肉丸糊辣汤腊牛肉夹馍(凤城北路店),西安市经开区凤城北路2-10102号,未央区,西安市,餐饮服务;中餐厅;中餐厅,108.943476,34.359696,108.9388213,34.3612432,029-86214213,肉夹馍,text
B0L32A2XGM,子午路张记肉夹馍(北苑店),凤城北路青都新界1幢10101室,未央区,西安市,餐饮服务;快餐厅;快餐厅,108.944053,34.360975,108.9393967,34.3625206,029-86107620,肉夹馍,text
B0FFKMT1NB,馍范香辣土豆片夹馍(凤城九路店),汉城街道凤城九路文景小区一区5幢20111商铺,未央区,西安市,餐饮服务;餐饮相关场所;餐饮相关,108.925414,34.349719,108.9207987,34.3512939,13228066667,肉夹馍,text
B0JGMH7KHS,飞鸿肉夹馍(凤城九路店),凤城九路35号(海荣名城南2门东130米),未央区,西安市,餐饮服务;餐饮相关场所;餐饮相关,108.944133,34.347695,108.9394776,34.3492472,,肉夹馍,text
B0H3MUA63N,香探花·擀面皮肉夹馍米线(文景小区店),文景小区西区南门里20米路东,未央区,西安市,餐饮服务;快餐厅;快餐厅,108.926506,34.348948,108.9218889,34.3505223,15594129369,肉夹馍,text
B0FFFO3ODG,飞鸿肉夹馍(十二路店),凤城十二路与凤城北路交叉口东南角,未央区,西安市,餐饮服务;中餐厅;中餐厅,108.944282,34.358144,108.9396254,34.3596907,,肉夹馍,text
B0FFIP5DRX,李记肉夹馍(罗高路店),罗高路174号靠近庆华驾校,未央区,西安市,餐饮服务;餐饮相关场所;餐饮相关,108.892248,34.349585,108.8876578,34.351164,13991327187,肉夹馍,text
B0FFHRJK7R,老潼关肉夹馍(凤城十路店),蔡家社区东门旁,未央区,西安市,餐饮服务;快餐厅;快餐厅,108.943789,34.354445,108.939134,34.3559944,19992822095,肉夹馍,text
B0GRG7P18M,老潼关肉夹馍,三官庙村衣惠万家服装批发城隔壁,未央区,西安市,餐饮服务;中餐厅;中餐厅,108.917125,34.356725,108.9125209,34.3583019,18729505712,肉夹馍,text
B0MGFH4DOX,金蛋刀削面,汉城街道庞马村40号,未央区,西安市,餐饮服务;餐饮相关场所;餐饮相关,108.917775,34.351375,108.9131706,34.3529543,15929979737,肉夹馍,text
B0J6Z6BEZJ,香辣土豆片夹馍,汉城,未央区,西安市,餐饮服务;餐饮相关场所;餐饮相关,108.917991,34.352381,108.9133862,34.3539597,13892573272,肉夹馍,text
B0G335VX6P,李文老潼关肉夹馍,汉长城保护区三观庙村6号,未央区,西安市,餐饮服务;快餐厅;快餐厅,108.917554,34.352928,108.9129497,34.3545066,18392371110,肉夹馍,text
B0FFH6CO8C,老潼关肉夹馍,惠西村卫生室北侧70米,未央区,西安市,餐饮服务;餐饮相关场所;餐饮相关,108.901693,34.350498,108.8971015,34.3520802,13991446857,肉夹馍,text
B0JDZCF228,梁记刀削面肉夹馍米线,汉城街道吴高墙村77号,未央区,西安市,餐饮服务;中餐厅;中餐厅,108.912918,34.351915,108.9083189,34.353496,19720295466,肉夹馍,around
B0K30SR4WM,元志初腊汁肉夹馍,海荣名城南2门东180米,未央区,西安市,餐饮服务;快餐厅;快餐厅,108.94461,34.347665,108.9399533,34.3492165,15229386653;18191898715,肉夹馍,text
B0GRHMQJM4,老潼关肉夹馍(首创·漫香郡店),未央区经济技术开发区凤城北路首创漫香郡东门5栋10101室,未央区,西安市,餐饮服务;中餐厅;中餐厅,108.943362,34.361257,108.9387075,34.3628036,18892068611,肉夹馍,text
B0FFHTMM7K,珍珠汉中热米皮肉夹馍(凤城北路店),西安经济技术开发区凤城十二路首创漫香郡3-1-1-10104号,未央区,西安市,餐饮服务;快餐厅;快餐厅,108.943464,34.360576,108.9388093,34.3621228,13186086998,肉夹馍,text
B0JABCTX7A,肉丸胡辣汤腊牛肉夹馍(文景小区西区和园店),凤城九路文景小区西区南街41-20105,未央区,西安市,餐饮服务;餐饮相关场所;餐饮相关,108.926507,34.349177,108.9218899,34.3507512,18791682123,肉夹馍,text
B0FFFO41BW,牛军擀面皮肉夹馍(凤城九路店),凤城九路83号北李社区,未央区,西安市,餐饮服务;中餐厅;中餐厅,108.934088,34.348228,108.9294564,34.3497946,,肉夹馍,text
B0LDPD2LM2,小憩一刻延安面皮,西安市经济技术开发区城市星钻小区5号楼1层3号,未央区,西安市,餐饮服务;中餐厅;中餐厅,108.94209,34.349309,108.9374397,34.3508637,18991115080,肉夹馍,text
B0MGHNSBGS,荣荣腊汁肉夹馍,旭景崇盛园南门北50米,未央区,西安市,餐饮服务;快餐厅;快餐厅,108.930083,34.360839,108.9254585,34.3624037,15399088120,肉夹馍,text
B0KAJ57XT7,馋嘴松鼠超级肉夹馍(凤九国际店),凤城九号西北门旁,未央区,西安市,餐饮服务;中餐厅;中餐厅,108.949151,34.348709,108.9444817,34.3502519,,肉夹馍,text
B0FFJ1WLXT,臻品老潼关肉夹馍(凤城十路店),未央路凤城十路保利中达广场,未央区,西安市,餐饮服务;中餐厅;中餐厅,108.948875,34.353175,108.9442061,34.3547162,029-86630934,肉夹馍,text
B0K3ZR9YOW,香辣土豆片夹馍(凤城八路店),凤城八路国金华府小区10号楼1101商铺,未央区,西安市,餐饮服务;中餐厅;中餐厅,108.934273,34.340776,108.9296416,34.342346,,肉夹馍,text
B0KG55BE4L,二太子潼关肉夹馍(行政中心店),未央区行政中心地铁商业街B区B1商铺,未央区,西安市,餐饮服务;餐饮相关场所;餐饮相关,108.947272,34.340993,108.9426086,34.3425432,17802900165,肉夹馍,text
B0FFJCXPBZ,老潼关肉夹馍,凤城十路张千户小区一楼商铺,未央区,西安市,餐饮服务;快餐厅;快餐厅,108.952503,34.353356,108.9478235,34.3548901,18165145999,肉夹馍,text
B0M60GLDA3,小杨家肉夹馍凉皮米线(凤城九路店),凤城九路与明光路交叉口东300米,未央区,西安市,餐饮服务;中餐厅;中餐厅,108.933075,34.347725,108.9284456,34.349293,,肉夹馍,around
B0FFHFYWUG,袁记肉夹馍(西安总部),陕西省西安市未央区凤城十路与文景路十字东北角智慧国际中心A座,未央区,西安市,餐饮服务;中餐厅;中餐厅,108.939075,34.353275,108.9344318,34.3548323,,肉夹馍,around
B0L1O5OODH,甫记腊汁肉夹馍,富尔顿国际财富中心,未央区,西安市,餐饮服务;中餐厅;中餐厅,108.938125,34.359775,108.9334835,34.3613303,,肉夹馍,around
B0KU29Z8XE,秦味肉夹馍凉皮,富尔顿国际财富中心C座,未央区,西安市,餐饮服务;中餐厅;中餐厅,108.938167,34.360316,108.9335254,34.361871,,肉夹馍,around
B0MA7AYNIO,巷口老铺·擀面皮肉夹馍·米线,富尔顿国际财富中心C座,未央区,西安市,餐饮服务;中餐厅;中餐厅,108.938175,34.360325,108.9335334,34.36188,,肉夹馍,around
B0MDUL0SXQ,秦老大肉夹馍凉皮米线,富尔顿国际财富中心C座,未央区,西安市,餐饮服务;中餐厅;中餐厅,108.938275,34.360275,108.9336331,34.3618299,,肉夹馍,around
B0MUKHXLXN,秦味宋小柒肉夹馍米皮,凤城八路158号风景御园,未央区,西安市,餐饮服务;中餐厅;中餐厅,108.942114,34.339509,108.9374645,34.3410686,18092676358;19991938798,肉夹馍,around
B0I64KV6NO,超级肉夹馍(首创禧悦里店),凤城十二路66号首创禧悦里F4层,未央区,西安市,餐饮服务;中餐厅;中餐厅,108.939947,34.359439,108.9353012,34.3609919,17702448000,肉夹馍,around
B0KBXYJYGS,刘记菜夹馍(九如御小区东区店),正则路与开元路交叉口东100米,未央区,西安市,餐饮服务;中餐厅;中餐厅,108.955015,34.351207,108.9503279,34.3527371,18710328201,肉夹馍,around
B0KUZXNUAK,恬恬餐饮陕味炒面(贰号大院店),凤城七路21号贰号大院,未央区,西安市,餐饮服务;中餐厅;中餐厅,108.956015,34.338536,108.9513258,34.3400703,,肉夹馍,around
B0HUT4XOT7,德发长·德记肉夹馍,鱼藻路21号文化中心广场内(东侧),未央区,西安市,餐饮服务;中餐厅;中餐厅,108.956889,34.343445,108.9521966,34.3449751,18049017336,肉夹馍,around
B0FFKFH4ZM,张兴邦擀面皮(凤城七路店),凤城七路贰号大院15号楼3单元北门商底,未央区,西安市,餐饮服务;中餐厅;中餐厅,108.956566,34.338515,108.951875,34.3400482,17782610079;18991685553,肉夹馍,around
B0LDPRZMEA,杨记·凉面肉夹馍,凤城七路与永徽路交叉口西北80米,未央区,西安市,餐饮服务;中餐厅;中餐厅,108.956725,34.337575,108.9520336,34.3391083,,肉夹馍,around
B0L0VHIQB2,九九砂锅·里脊肉夹馍,凤城七路与永徽路交叉口西北100米,未央区,西安市,餐饮服务;中餐厅;中餐厅,108.956775,34.337675,108.9520834,34.3392082,,肉夹馍,around
B0HA1YFIJP,老潼关肉夹馍(永徽路店),经济技术开发区凤城七路凤城庭院小区16幢1层1单元10106号房,未央区,西安市,餐饮服务;中餐厅;中餐厅,108.956925,34.338275,108.9522329,34.3398075,18092829156,肉夹馍,around
B0HDYSQH7W,运城马记肉夹馍菜夹馍米线凉皮(凤城十路店),经济技术开发区河址西社区便民小吃城16号,未央区,西安市,餐饮服务;中餐厅;中餐厅,108.95762,34.355792,108.9529242,34.3573143,13572203138,肉夹馍,around
B0LAYC05UE,热米皮鸡汤砂锅肉夹馍(河址西店),凤城十路河址西村便民小食城14号商铺,未央区,西安市,餐饮服务;中餐厅;中餐厅,108.957678,34.355786,108.952982,34.3573082,15029613215;18392987815,肉夹馍,around
B0MUMZUXIZ,馍二爷肉夹馍,龙朔南路与凤城十二路交叉口东140米,未央区,西安市,餐饮服务;中餐厅;中餐厅,108.957525,34.356425,108.9528295,34.3579472,,肉夹馍,around
B0MA17FAO9,文龙腊汁肉夹馍,凤城十路66号金源·御景华府,未央区,西安市,餐饮服务;餐饮相关场所;餐饮相关,108.939125,34.351825,108.9344818,34.353383,,肉夹馍,text
B0FFFWKTNI,赵记腊汁肉店(红旗店),经开区凤新路首府尚苑商业楼南1层5号,未央区,西安市,餐饮服务;中餐厅;中餐厅,108.959922,34.34625,108.9552194,34.347772,029-86266172;18092067808,肉夹馍,text
B0JG7YS704,老潼关肉夹馍(张家堡新区店),鱼藻路张家堡小区14号楼西侧门面房,未央区,西安市,餐饮服务;中餐厅;中餐厅,108.960632,34.343346,108.9559273,34.3448679,18049044405,肉夹馍,text
B0HU7ZYKQ7,蓉记笼笼肉夹馍,渭滨路与凤城九路西南角,未央区,西安市,餐饮服务;中餐厅;西北菜,108.965177,34.347313,108.9604563,34.3488223,13689290401,肉夹馍,around
B0LK2AQBTQ,老马家菜夹馍,渭滨街与渭滨东路交叉口南40米,未央区,西安市,餐饮服务;中餐厅;中餐厅,108.965675,34.352175,108.9609521,34.3536807,,肉夹馍,around
B0G33SW7VI,周记肉夹馍(文体路店),文体路与渭滨东路交叉口东20米,未央区,西安市,餐饮服务;快餐厅;快餐厅,108.968068,34.352559,108.9633364,34.3540586,,肉夹馍,around
B0MGYU6DO5,老潼关肉夹馍(西安高级中学店),崇文路800号华岭中央国际公寓,未央区,西安市,餐饮服务;中餐厅;中餐厅,108.969334,34.344326,108.9645985,34.3458265,,肉夹馍,around
B0MDUX2UMS,腊汁肉夹馍,朱宏路与S1机场专用高速出口交叉口西南240米,未央区,西安市,餐饮服务;中餐厅;中餐厅,108.91724,34.356185,108.9126358,34.3577621,,肉夹馍,around
B0KBOL8JRO,热米皮肉夹馍(秦晋家园店),未央区秦晋家园,未央区,西安市,餐饮服务;中餐厅;中餐厅,108.97497,34.354216,108.9702124,34.3556969,13636717726,肉夹馍,around
B0K2S51MKS,城惠腊汁肉夹馍,御井路6600号世茂璀璨倾城一期,未央区,西安市,餐饮服务;中餐厅;中餐厅,108.988123,34.35931,108.9833121,34.3607515,,肉夹馍,around
B0FFFPA7IT,魏老三腊汁肉夹馍(北辰大道店),梁家堡阳光新城小区南门东110米,未央区,西安市,餐饮服务;快餐厅;快餐厅,108.994828,34.354337,108.9899894,34.3557613,13629208060,肉夹馍,text
B0GU9XUMPU,邢老三腊牛肉夹馍肉丸糊辣汤(梁家堡阳光新城小区店),梁家堡阳光新城小区南门东130米,未央区,西安市,餐饮服务;快餐厅;快餐厅,108.995017,34.354352,108.9901776,34.3557757,15009201859;15091581859,肉夹馍,around
B0KK7SP6QX,赵天琦米线公司(颐合庭店),浐灞生态区颐合庭,未央区,西安市,餐饮服务;快餐厅;快餐厅,108.998588,34.355929,108.9937332,34.3573412,15829557727,肉夹馍,around
B0J26RZ4HL,老潼关肉夹馍,欧罗巴小镇6号楼A119商铺,未央区,西安市,餐饮服务;快餐厅;快餐厅,108.999862,34.354746,108.9950019,34.356155,13891441671,肉夹馍,around
B0FFJC8Y0F,老潼关肉夹馍(袁雒路店),袁雒路A区北区53号商铺,未央区,西安市,餐饮服务;快餐厅;快餐厅,109.001775,34.356025,108.9969065,34.3574276,18240893996,肉夹馍,around
B0FFLEZUBB,老潼关肉夹馍(恒大江湾店),恒大江湾南1门东100米,未央区,西安市,餐饮服务;快餐厅;快餐厅,109.006246,34.356336,109.0013583,34.3577249,13669132654;17392580391;18700599218,肉夹馍,around
B0L3H78M4D,肘子潼关肉夹馍,浐灞国际港华文路1518号华夏文旅西安度假区内(东侧),灞桥区,西安市,餐饮服务;中餐厅;中餐厅,109.022373,34.351167,109.0174173,34.3525105,,肉夹馍,around
B0FFJ2VDQJ,肉夹馍菜夹馍煎饼卷菜稀饭,凤城九路20附近(凤城九路地铁站D东北口步行460米),未央区,西安市,餐饮服务;餐饮相关场所;餐饮相关,108.934039,34.347912,108.9294076,34.3494788,,肉夹馍,around
B0HDKHDS16,西安老潼关肉夹馍(融汇大厦店勿幕门店),融汇大厦,碑林区,西安市,餐饮服务;中餐厅;中餐厅,108.935887,34.250533,108.9312594,34.2521406,13992383371,老潼关肉夹馍,text
B0LB9ZSC4V,老潼关肉夹馍,社会路与杜会路交叉口东南100米,莲湖区,西安市,餐饮服务;快餐厅;快餐厅,108.945825,34.262475,108.941172,34.2640627,,老潼关肉夹馍,text
B0KRPDMDSO,子午路张记(罗马景福城),罗马·景福城北门东160米,雁塔区,西安市,餐饮服务;餐饮相关场所;餐饮相关,108.868925,34.201325,108.8643323,34.2029425,18092585689,子午路张记,text
B0LD3RLOKG,子午路张记(学府首座店),兴庆路与北沙坡路交叉口东南100米,碑林区,西安市,餐饮服务;中餐厅;特色/地方风味餐厅,108.988547,34.244223,108.9837439,34.2457146,18909207368,子午路张记,text
B0K0YUGDY4,子午路张记,凤城四路142号电信综合楼一层由东向西第三家,未央区,西安市,餐饮服务;中餐厅;特色/地方风味餐厅,108.945096,34.326226,108.9404398,34.3277871,,子午路张记,text
B0K0L1PK73,袁记云饺(新城区海方商城店),韩森寨街道韩森路168号A1013-A05号,新城区,西安市,餐饮服务;中餐厅;特色/地方风味餐厅,109.008134,34.25874,109.0032464,34.2601673,18681800558,袁记肉夹馍,text
B0FFG7KYBM,袁记云饺(龙首店),北关街道未央路龙首原地铁站A出口旁,莲湖区,西安市,餐饮服务;餐饮相关场所;餐饮相关,108.94688,34.292101,108.9422217,34.2936745,15110999937,袁记肉夹馍,text
B0FFKMIM55,河南老王家姐弟肉丁胡辣汤(西安总店),东木头市15号(钟楼地铁站G1口步行470米),碑林区,西安市,餐饮服务;中餐厅;中餐厅,108.952935,34.256043,108.948262,34.25762,15937592006,秦豫肉夹馍,around
B0KR65VW4S,黑鹰轮胎,东木头市19号(秦豫肉夹馍隔壁),碑林区,西安市,汽车服务;汽车服务相关;汽车服务相关,108.95232,34.256051,108.9476489,34.2576292,,秦豫肉夹馍,around
B0IAPDP8BM,澄城水盆羊肉(吾悦广场店),和平春天南门西60米,未央区,西安市,餐饮服务;快餐厅;快餐厅,108.823264,34.2549,108.8185968,34.2564182,15591831170,腊汁肉夹馍,text
B0JRT73PZD,养膳楼·蒲城水盆(城市风景·夏日景色1区店),城市风景·夏日景色1区南门西60米,雁塔区,西安市,餐饮服务;中餐厅;中餐厅,108.873531,34.222878,108.8689412,34.224494,029-89199094;13892897760,腊汁肉夹馍,text
B0FFHR7DAY,赵家腊汁肉(科技四路店),西安高新区科技二路78号城市风景·夏日景色2区,雁塔区,西安市,餐饮服务;中餐厅;中餐厅,108.874344,34.220228,108.8697551,34.2218459,18009279189,腊汁肉夹馍,text
B0FFHQBB2E,赵老厨赵家腊汁肉(益田假日里店),锦业路益田假日里5幢1单元1层10126号,雁塔区,西安市,餐饮服务;快餐厅;快餐厅,108.882995,34.194971,108.8784143,34.196607,13289297367,腊汁肉夹馍,text
B0FFI1RB99,赵家腊汁肉(高新时代广场店),科技六路29号高新时代广场F1层,雁塔区,西安市,餐饮服务;快餐厅;快餐厅,108.881249,34.212549,108.8766659,34.2141773,18091891512,腊汁肉夹馍,text
B0FFIYETQE,马天小炒泡馍(宏府九天店),汉城南路红府鹍翔九天E15-10101号,莲湖区,西安市,餐饮服务;中餐厅;清真菜馆|餐饮服务;中餐厅;特色/地方风味餐厅,108.870484,34.256752,108.8658885,34.2583512,13324543588,腊汁肉夹馍,text
B0FFF6500B,老韩家肉丸胡辣汤(大寨路店),大寨路与丈八北路十字向东路南150米,雁塔区,西安市,餐饮服务;中餐厅;清真菜馆,108.873765,34.244793,108.8691736,34.2464011,13659292809,腊汁肉夹馍,text
B0FFM69G5L,豆花泡馍岐山擀面皮(西部电子商业步行街店),西部电子商城广场苏福记楼下,雁塔区,西安市,餐饮服务;快餐厅;快餐厅,108.913417,34.214948,108.9088284,34.2165872,13630259727,腊汁肉夹馍,text
B0HKKDHGZS,碎小伙豆花泡馍(华城万象店),华城万象2期3-10107(启源长丰幼儿园斜对面),雁塔区,西安市,餐饮服务;中餐厅;中餐厅,108.940826,34.194921,108.9361914,34.1965416,15029909016,腊汁肉夹馍,around
B0FFF6538L,老白家牛羊肉泡馍(科技二路店),科技二路26号,雁塔区,西安市,餐饮服务;中餐厅;清真菜馆,108.906554,34.220579,108.9019705,34.2222173,13991291140;18092019546,腊汁肉夹馍,around
B0FFGFPI7D,果渊斋老米家泡馍馆(电视塔店),长延居北门东50米(电视塔地铁站E2口旁),雁塔区,西安市,餐饮服务;中餐厅;清真菜馆,108.944823,34.197739,108.9401779,34.1993523,17778950253,腊汁肉夹馍,around
B0MAKUNVH9,彭家正汤·西安糊辣汤(丁白村直营店),永松路信达雁熙云著11幢1单元1层10101号房,雁塔区,西安市,餐饮服务;中餐厅;特色/地方风味餐厅,108.920207,34.219106,108.91561,34.2207405,,腊汁肉夹馍,around
B0J1MSWFHA,八百里秦川·陕菜小馆(大悦城店),慈恩西路67号西安大悦城4F层L4-03,雁塔区,西安市,餐饮服务;中餐厅;西北菜,108.962112,34.217293,108.9574125,34.2188647,13072917546;15502974707,腊汁肉夹馍,around
B0L0O5IV27,赵记腊汁肉(大悦城店),慈恩西路66号西安大悦城B1层,雁塔区,西安市,餐饮服务;中餐厅;中餐厅,108.962575,34.217175,108.9578739,34.2187457,,腊汁肉夹馍,around
B0KR4A144I,面管家(芙蓉园店),曲江新区唐市A8号商铺,雁塔区,西安市,餐饮服务;快餐厅;快餐厅,108.975808,34.209329,108.9710591,34.2108692,029-89133389,腊汁肉夹馍,around
B0FFG91N4H,启明腊汁肉揪面片,翠花南路229号挚友大厦综合楼一层1房间,雁塔区,西安市,餐饮服务;中餐厅;中餐厅,108.956755,34.220676,108.952073,34.2222584,13519154839;18840248466,腊汁肉夹馍,text
B0FFJ7WH9G,赵家腊汁肉(中冶·一曲江山店),曲江新区雁曲五路中冶一曲江山23-1-113-114商铺,雁塔区,西安市,餐饮服务;中餐厅;中餐厅,108.995565,34.217377,108.9907346,34.2188578,13720433403;18291876734,腊汁肉夹馍,around
B0J2F72TRM,永合澄城水盆羊肉(曲江云月店),曲江新区上巳路500号曲江云月1-109商铺,雁塔区,西安市,餐饮服务;餐饮相关场所;餐饮相关,108.994547,34.218861,108.9897208,34.2203443,15291340578,腊汁肉夹馍,around
B0FFKGKDGA,清真逍遥镇老宋家胡辣汤(西影路店),红星街与西影路交叉口西50米,雁塔区,西安市,餐饮服务;中餐厅;清真菜馆,108.971171,34.223578,108.9664385,34.2251253,,腊汁肉夹馍,around
B0JDHC9VQX,老李家biangbiang面(大雁塔北广场店),大雁塔街道雁塔北路43号,雁塔区,西安市,餐饮服务;中餐厅;中餐厅,108.964451,34.223344,108.9597429,34.2249081,18392386775,腊汁肉夹馍,around
B0FFHAB5NL,南京熟食,后村嘉园南门东90米,雁塔区,西安市,餐饮服务;餐饮相关场所;餐饮相关,108.969084,34.225285,108.9643591,34.226837,15191885806,腊汁肉夹馍,around
B0FFHBQU3I,光撒赵二大块牛肉面(青龙路店),大雁塔街道青龙路1369号祭台新苑,碑林区,西安市,餐饮服务;中餐厅;中餐厅,108.976245,34.230423,108.9714926,34.2319544,,腊汁肉夹馍,text
B0IRJ7OZZM,老韩家糊辣汤(中国铁建花语城店),半引路中国铁建花语城二期17栋3单元107号商铺,灞桥区,西安市,餐饮服务;中餐厅;中餐厅,109.056643,34.249867,109.0515696,34.2511693,15929738992,腊汁肉夹馍,text
B0J3JC0OOD,三秦凉皮,纺南路1号延河小区中区(穆将王地铁站D口步行410米),灞桥区,西安市,餐饮服务;中餐厅;中餐厅,109.060668,34.252256,109.0555824,34.2535496,,腊汁肉夹馍,text
B0FFJO9T6Q,老李家biangbiang面(钟楼总店),骡马市46号金地酒店隔壁地铁2号线6号线钟楼站K出口右转10米,碑林区,西安市,餐饮服务;中餐厅;中餐厅,108.950036,34.259035,108.9453714,34.2606165,18392386775,腊汁肉夹馍,text
B0FFFA8H92,澄城崇斌水盆羊肉(后宰门店),筑梦幼儿园南门旁,新城区,西安市,餐饮服务;中餐厅;特色/地方风味餐厅,108.95372,34.271514,108.9490434,34.2730832,17719597355,腊汁肉夹馍,text
B001D0WGM0,马洪小炒泡馍馆,红埠街46号(近莲湖区区委),莲湖区,西安市,餐饮服务;中餐厅;清真菜馆,108.941569,34.266849,108.9369267,34.2684419,13359185583;15353593679,腊汁肉夹馍,text
B0LRYSVYFN,庞一鸣泡馍馆(钟楼店),西一路169号(钟楼地铁站H口步行240米),新城区,西安市,餐饮服务;中餐厅;清真菜馆,108.950167,34.261861,108.9455018,34.2634411,13700208072,腊汁肉夹馍,text
B0L1Z7O412,朵家麻酱凉皮(造纸网厂小区店),纺正街2693号造纸网厂小区,灞桥区,西安市,餐饮服务;中餐厅;中餐厅,109.058638,34.274733,109.0535565,34.2760214,13399182168,腊汁肉夹馍,text
B0JGLUIOBD,老李家biangbiang面(南门店),南关正街101号伟世佳大厦1层(二火锅旁边),碑林区,西安市,餐饮服务;餐饮相关场所;餐饮相关,108.947331,34.245334,108.9426752,34.2469258,18392386775,腊汁肉夹馍,text
B0FFMDASIA,乐悠悠饭团(东四路中段北区店),东四路59号1-1-1,新城区,西安市,餐饮服务;餐饮相关场所;餐饮相关,108.968866,34.268902,108.9641384,34.2704378,18706808175,腊汁肉夹馍,text
B0FFGSFN3Y,马天小炒泡馍(钟楼回民街总店),二府街46号,莲湖区,西安市,餐饮服务;中餐厅;清真菜馆,108.943825,34.266933,108.9391769,34.2685223,,腊汁肉夹馍,text
B0FFFA8W50,楼北楼牛羊肉泡馍(大差市店),和平路东三道巷21号(近大差市),碑林区,西安市,餐饮服务;中餐厅;清真菜馆,108.96423,34.258109,108.9595199,34.2596604,13379000877,腊汁肉夹馍,text
B001D08D7R,老兰家传统烧烤炒菜泡馍(小南门店),报恩寺A2号小南门里(四府街),莲湖区,西安市,餐饮服务;餐饮相关场所;餐饮相关,108.935713,34.252351,108.9310857,34.2539581,029-87619888,腊汁肉夹馍,text
B001D07VW3,刘记腊汁肉揪面片(大车家巷店),大车家巷33号,碑林区,西安市,餐饮服务;中餐厅;中餐厅,108.942345,34.254958,108.9377017,34.2565545,029-87272467,腊汁肉夹馍,text
B0JGPMIXVI,阿南腊汁肉(大庆路店),阿房一路诚挚充电站门口东侧商铺,未央区,西安市,餐饮服务;餐饮相关场所;餐饮相关,108.844556,34.2691,108.8399238,34.2706522,17791325336,腊汁肉夹馍,text
B0K3AMS1QF,王家腊汁肉,武警路晨宇泽农贸市场F104号摊位,未央区,西安市,餐饮服务;中餐厅;中餐厅,108.833968,34.283758,108.8293168,34.2852844,18691452181,腊汁肉夹馍,text
B0JR57ZLB3,辰味腊汁肉,大秦七十二坊北2门北100米,未央区,西安市,餐饮服务;中餐厅;中餐厅,108.825751,34.266884,108.8210871,34.268402,,腊汁肉夹馍,text
B0LDRZ9GNG,每日鲜鲜饺·馄饨(万象城店),三桥街道武警路社区万象城金街2-10198号,未央区,西安市,餐饮服务;快餐厅;快餐厅,108.829625,34.289675,108.8249658,34.2911907,17391657537,腊汁肉夹馍,text
B0IDLOT6JH,秦渭老街蒸肉,三桥街道后卫馨佳苑小区西侧1号,未央区,西安市,餐饮服务;中餐厅;中餐厅,108.822057,34.297386,108.8173844,34.2988842,13002980259,腊汁肉夹馍,text
B0LBFHZEDA,王小五只有剁椒面(科技路店),科技路与白沙路西北角安荣大厦122号,雁塔区,西安市,餐饮服务;餐饮相关场所;餐饮相关,108.910664,34.228606,108.9060768,34.230241,18009247792,腊汁肉夹馍,around
B0IDZR99DY,邢老四肉丸糊辣汤(安荣大厦店),科技路与白沙路十字徐家庄综合楼一层4号商铺,雁塔区,西安市,餐饮服务;中餐厅;中餐厅,108.910738,34.228534,108.9061508,34.230169,15191906179,腊汁肉夹馍,around
B001D06QPN,马勇牛羊肉(煤电家属院店),大学南路边西街86号,碑林区,西安市,购物服务;综合市场;农副产品市场|餐饮服务;餐饮相关场所;餐饮相关,108.926452,34.244404,108.9218434,34.2460244,13379296716,腊汁肉夹馍,text
B0FFFP3217,凤翔改改豆花泡馍(双仁府街总店),双仁府街33号(近含光门),莲湖区,西安市,餐饮服务;中餐厅;中餐厅,108.930168,34.253279,108.925552,34.2548923,15353502616,腊汁肉夹馍,text
B0FFF9WHYD,丰润腊汁肉揪面片,西荷花园南2门旁,碑林区,西安市,餐饮服务;中餐厅;中餐厅,108.924404,34.235833,108.9197995,34.2374584,029-88466786,腊汁肉夹馍,around
B0FFMFQMBZ,彭家正汤·西安糊辣汤(西荷花园直营店),西荷花园南门西50米,碑林区,西安市,餐饮服务;中餐厅;中餐厅,108.926051,34.235708,108.9214438,34.2373321,029-85261569;15619308555,腊汁肉夹馍,around
B0FFJQX4Y5,老米家泡馍(长安三号店),长安大街3号1幢2单元1层20114号房,碑林区,西安市,餐饮服务;中餐厅;清真菜馆,108.950303,34.23121,108.9456399,34.2328016,19991216076,腊汁肉夹馍,around
B0FFLQBIAG,邢老三肉丸糊辣汤(乐居场店),建东街15号5号楼2单元1楼2号过桥米线往东20米,碑林区,西安市,餐饮服务;快餐厅;快餐厅,108.97419,34.246189,108.9694443,34.24772,13991301322,腊汁肉夹馍,around
B0LANLYD2K,生荣记米线(建东街店),建东街与安东街交叉口东60米,碑林区,西安市,餐饮服务;快餐厅;快餐厅,108.969775,34.246125,108.9650459,34.2476675,15289488991,腊汁肉夹馍,around
B0K36RFJQQ,禧悦巷子多肉米线(长乐中路店),长乐中路商铺(康乐路北口西南角),新城区,西安市,餐饮服务;快餐厅;快餐厅,109.009166,34.269367,109.0042731,34.2707869,13609244696,腊汁肉夹馍,around
B0HAZH7AWK,彭家正汤·西安糊辣汤(御锦城直营店),御锦三路御锦城3-R2期17幢第10114号商铺,灞桥区,西安市,餐饮服务;中餐厅;中餐厅,109.044857,34.285351,109.0398196,34.2866648,029-83561858;18292563760,腊汁肉夹馍,text
B0H0VZWSBH,老黄家牛羊肉泡馍(永泽5里州店),北程路与纺渭路交叉口东100米永泽五里州南门2101商铺大嘴鸟装饰楼下,灞桥区,西安市,餐饮服务;中餐厅;中餐厅,109.074373,34.288173,109.0692493,34.2894302,15289352915,腊汁肉夹馍,text
B0FFKS7RF4,伊鑫诚泡馍馆(锦溪东城新一家店),锦溪东城新一家北1门旁,灞桥区,西安市,餐饮服务;中餐厅;清真菜馆,109.07376,34.28344,109.0686381,34.2847,18700409428,腊汁肉夹馍,text
B0H0CMR6U0,腊汁肉揪面片,孙武路与建章路交叉口西220米,未央区,西安市,餐饮服务;中餐厅;中餐厅,108.839539,34.305254,108.8348955,34.3067815,,腊汁肉夹馍,text
B0FFF65CSS,张老三肉丸糊辣汤(第三机床厂家属院店),丰登南路130号,莲湖区,西安市,餐饮服务;中餐厅;中餐厅,108.89449,34.258616,108.8899072,34.260237,029-88694886;18717311837,腊汁肉夹馍,text
B0L2RUNES9,汤舍•肉丸胡辣汤,大兴东路中南清樾1号楼底商20104,莲湖区,西安市,餐饮服务;快餐厅;快餐厅,108.894625,34.286775,108.89004,34.2883845,18161919689,腊汁肉夹馍,around
B0FFF65311,赵亚东赵记腊汁肉店(劳动路北口店),劳动路159号(劳动路地铁站C1东南口步行210米),莲湖区,西安市,餐饮服务;中餐厅;中餐厅,108.910274,34.267811,108.905684,34.2694309,13259775831;17792245921,腊汁肉夹馍,around
B0J315FJ5K,伊品楼老孙家泡馍(天朗·大兴郡悦城店),桃园北路35号,莲湖区,西安市,餐饮服务;中餐厅;中餐厅,108.902073,34.289309,108.8974863,34.2909199,13088963138;13259715471,腊汁肉夹馍,around
B0FFGYRIIB,秦禾记关中名小吃,大兴东路2号梧桐坊商铺3号楼10108号房一层,莲湖区,西安市,餐饮服务;中餐厅;中餐厅,108.916,34.286089,108.9114029,34.2876995,13072944418,腊汁肉夹馍,text
B0HA6S8IED,樊记腊汁肉(西举院巷店),西举院巷69号西安市儿童医院对面,莲湖区,西安市,餐饮服务;中餐厅;中餐厅,108.926376,34.260036,108.9217663,34.2616504,13519195582;13991108605,腊汁肉夹馍,around
B0FFH6KVMV,老陕地牛羊肉泡馍,莲湖路169号(洒金桥地铁站B西南口步行100米),莲湖区,西安市,餐饮服务;中餐厅;中餐厅,108.932573,34.270055,108.9279509,34.2716589,,腊汁肉夹馍,around
B0KAHMZ668,路记腊汁肉,五星街17号,莲湖区,西安市,餐饮服务;餐饮相关场所;餐饮相关,108.934215,34.255933,108.9295906,34.2575406,18706876963,腊汁肉夹馍,around
B0FFLEN2AB,回文人家·回坊大牌档-特色菜(回民街百年老店),北院门111号,莲湖区,西安市,餐饮服务;中餐厅;清真菜馆,108.943826,34.262571,108.9391783,34.264162,029-87211466,腊汁肉夹馍,text
B0FFGCYG3Z,马里木腊牛肉(立新街家属楼店),立新街1号(北大街地铁站A2西北口步行450米),莲湖区,西安市,餐饮服务;中餐厅;中餐厅,108.94297,34.270796,108.9383238,34.2723851,18792786009,腊汁肉夹馍,around
B0FFLNHEFH,老米家泡馍(鼓楼景观店),西北角(广济街地铁站D1口步行330米),莲湖区,西安市,餐饮服务;中餐厅;清真菜馆,108.94298,34.260491,108.9383346,34.2620843,15902918884,腊汁肉夹馍,around
B0M6JCFHXE,古法肉夹馍,广济小区93号楼(广济街地铁站A1口步行390米),碑林区,西安市,餐饮服务;中餐厅;中餐厅,108.939325,34.256675,108.934689,34.2582754,,腊汁肉夹馍,around
B0L2CUI0S3,钟楼小奶糕(德福巷店),德福巷39号,碑林区,西安市,餐饮服务;糕饼店;糕饼店,108.944176,34.254484,108.939528,34.2560777,15389285090;15502974707,腊汁肉夹馍,around
B001D06CQV,大龙擀面皮(长乐西路店),长乐西路410-2号(华润万家北侧),新城区,西安市,餐饮服务;快餐厅;快餐厅,108.975937,34.269597,108.9711826,34.2711141,18202911338,腊汁肉夹馍,around
B0L6V4JAOU,伊祥黄家泡馍馆,中山门小区二号楼一单元底商,新城区,西安市,餐饮服务;中餐厅;清真菜馆,108.970359,34.263945,108.9656263,34.265479,13279218981,腊汁肉夹馍,around
B0FFG8L4YI,清真高炉烧饼夹菜(尚爱路店),尚爱路28号,新城区,西安市,餐饮服务;餐饮相关场所;餐饮相关,108.968991,34.271556,108.9642627,34.2730904,18837031442,腊汁肉夹馍,around
B0I2XC55XT,卤长安梆梆肉葫芦头泡馍(昆仑小区三十六街坊店),昆仑小区三十六街坊西1门旁,新城区,西安市,餐饮服务;中餐厅;中餐厅,109.002462,34.271064,108.9975977,34.2725035,18220505772,腊汁肉夹馍,around
B001D0W3K3,大马头餐饮,东一路95-2号,新城区,西安市,餐饮服务;中餐厅;清真菜馆,108.96659,34.26197,108.9618712,34.2635142,17802938631,腊汁肉夹馍,around
B001D0WPMJ,高明水盆羊肉泡馍,东七路一号楼一号,新城区,西安市,餐饮服务;中餐厅;中餐厅,108.96756,34.273558,108.9628368,34.2750951,15929907319,腊汁肉夹馍,around
B0HAPGSUIU,尚俭餐营养快餐(卫民社区店),西一路街道西五路26-8体育场门口,新城区,西安市,餐饮服务;快餐厅;快餐厅,108.965425,34.270725,108.9607096,34.2722685,15291695262;18681810927,腊汁肉夹馍,around
B0ID7RRDAM,安老三水煎包胡辣汤杂粮粥,华旗东郡1号楼1-1-7号03号门面房,新城区,西安市,餐饮服务;中餐厅;中餐厅,109.006447,34.284081,109.0015645,34.285503,,腊汁肉夹馍,around
B0FFFP2DSZ,邢老三肉丸胡辣汤(太华金堤店),辛家庙街道浐灞半岛A10区13栋10106商铺,未央区,西安市,餐饮服务;中餐厅;中餐厅,109.03793,34.315422,109.0329154,34.3167398,15353621976;18189150863,腊汁肉夹馍,text
B0J0ZGCOGF,务庄油饼小吃店,浐灞生态区香湖湾一路401号中南樾府19栋10109室商铺,灞桥区,西安市,餐饮服务;中餐厅;中餐厅,109.065685,34.334199,109.0605785,34.335448,15349259806,腊汁肉夹馍,text
B0GU7SG5HQ,彭家正汤·西安糊辣汤(凤七直营店),凤城七路福宝园2号楼,未央区,西安市,餐饮服务;中餐厅;中餐厅,108.94059,34.33708,108.9359445,34.3386431,029-86268823,腊汁肉夹馍,text
B0H09SM33T,贾亚维笼蒸豆腐脑(太华路旗舰店),太华路与凤城二路十字西南角,未央区,西安市,餐饮服务;餐饮相关场所;餐饮相关,108.971177,34.316881,108.9664369,34.31839,13379076861,腊汁肉夹馍,around
B0JKJ9J5JC,震惊世界辣条·辣条夹馍(大明宫店),大明宫万达广场三楼食客未央美食街区,未央区,西安市,餐饮服务;快餐厅;快餐厅,108.972799,34.314501,108.968053,34.3160069,13572876827,腊汁肉夹馍,around
B0FFHHIM05,赵家腊汁肉面(银池·品智天下店),银池·品智天下东南门旁,未央区,西安市,餐饮服务;中餐厅;中餐厅,108.948445,34.332196,108.9437791,34.3337483,13619281972;13991928276,腊汁肉夹馍,around
B0FFF4VKGI,彭家正汤·西安糊辣汤(太元路总店),大明宫遗址太元路中段路北汇林华城锦华苑1幢1-109号商铺,未央区,西安市,餐饮服务;中餐厅;中餐厅,108.984501,34.302439,108.9797098,34.3039183,18829560278,腊汁肉夹馍,text
B0FFGH4DX5,瓦罐猪蹄富平菜夹馍(安城御花苑D区店),井东二路8号安城御花苑D区,未央区,西安市,餐饮服务;餐饮相关场所;餐饮相关,108.988929,34.306584,108.9841191,34.3080486,18209141545,腊汁肉夹馍,around
B0LGSU1NRV,彭家正汤·西安糊辣汤(永隆路直营店),正荣紫阙台西区,未央区,西安市,餐饮服务;中餐厅;中餐厅,108.988583,34.326807,108.9837729,34.3282633,,腊汁肉夹馍,around
B0FFF64XSM,东关赵记腊汁肉店(太华北路店),太华北路808号五二四综合楼D座东关,未央区,西安市,餐饮服务;中餐厅;中餐厅,108.97139,34.336394,108.9666475,34.3378932,18191260213,腊汁肉夹馍,around
B0FFLC2F4S,赵家腊汁肉(欧亚国际2期店),欧亚大道欧亚国际二期2号楼-10106号商铺,未央区,西安市,餐饮服务;中餐厅;中餐厅,109.012353,34.331194,109.0074413,34.3325769,15339163488,腊汁肉夹馍,around
B0KAT5H2NK,胡老大米皮(文景小区店),经济技术开发区凤城九路文景小区西苑9幢1单元102号西,未央区,西安市,餐饮服务;快餐厅;快餐厅,108.924265,34.347691,108.9196517,34.3492679,,腊汁肉夹馍,text
B0J6GHL0PX,泓沼轩舌尖集市(保利若比邻西安拉菲社区商业Mall店),保利若比邻社区26号楼1层10116商铺,未央区,西安市,餐饮服务;中餐厅;中餐厅,108.948117,34.351161,108.9434505,34.3527046,17778963128,腊汁肉夹馍,around
B0K3ODUQ8G,香伍味(袁雒店),欧亚六路891号,未央区,西安市,餐饮服务;餐饮相关场所;餐饮相关,109.000818,34.356033,108.9959536,34.3574384,15249061128;15809285651,腊汁肉夹馍,around
