id,name,type,lng,lat,district,lng_gcj02,lat_gcj02
B001D07OYT,西北电力设计院有限公司,公司企业;公司;公司,108.87638795706424,34.22338075747612,雁塔区,108.880972,34.221756
B0FFFO5SYF,中兴通讯西安雁塔研发中心,购物服务;家电电子卖场;手机销售|商务住宅;产业园区;产业园区|公司企业;公司;公司,108.87784970130876,34.18725657195583,雁塔区,108.88243,34.185618
B0HG5DBVB7,陕西交通控股集团有限公司,公司企业;公司;公司,108.89660148320368,34.20517776836749,雁塔区,108.901181,34.203534
B001D09P0N,中国石油测井有限公司(丈八五路),公司企业;公司;冶金化工,108.85693482748393,34.18687697547013,雁塔区,108.861535,34.185265
B001D0691D,西安爱生技术集团有限公司,公司企业;公司;公司,108.87888085636078,34.2171563715874,雁塔区,108.883463,34.215527
B0FFHTM3YE,航空工业千山,公司企业;公司;公司,108.86889797075828,34.1890121305978,雁塔区,108.873485,34.187384
B0FFIW7LII,中国煤科西安研究院,公司企业;公司;公司,108.85009804717954,34.190906529620264,雁塔区,108.854708,34.189307
B0FFIRU5SJ,陕西航空电气有限责任公司,公司企业;公司;公司,108.8663158035017,34.18520306173414,雁塔区,108.870905,34.183577
B001D0ZWLY,中交第一公路勘察设计研究院有限公司,公司企业;公司企业;公司企业,108.87431567226652,34.22239496006608,雁塔区,108.878901,34.220772
B0IAVAE2JN,大唐陕西发电有限公司,公司企业;公司;公司,108.88280355454089,34.216588886721105,雁塔区,108.887384,34.214956
B0G2JZH4U7,中交第二公路工程局有限公司(科技六路),公司企业;公司;建筑公司,108.8746825933974,34.214068306687714,雁塔区,108.879267,34.212442
B001D0VSNQ,金堆城钼业股份有限公司(锦业一路),公司企业;公司;公司,108.84723678578236,34.19078366332796,雁塔区,108.851851,34.189189
B0FFJXPB9W,陕西航天动力高科技股份有限公司,公司企业;公司;网络科技,108.84857754589962,34.19404389999802,雁塔区,108.85319,34.192448
B0FFJ5I9VZ,中国移动通信集团陕西有限公司,公司企业;公司;电信公司,108.86306982336178,34.19199140771484,雁塔区,108.867663,34.190372
B0J2SLJE87,西安中诺通讯有限公司,公司企业;公司;公司,108.88032782069166,34.226215414170824,雁塔区,108.88491,34.224588
B0FFKQBPK5,陕西延长石油集团有限责任公司,公司企业;公司;公司,108.887070295619,34.20728208360102,雁塔区,108.891649,34.205643
B0FFGC4HRI,陕西中烟工业有限责任公司,公司企业;公司;公司,108.88266095530128,34.21098174231537,雁塔区,108.887241,34.209347
B0FFIT8WUP,西安建工集团,公司企业;公司;建筑公司,108.89936696610398,34.20973663470129,雁塔区,108.903948,34.208094
B0FFHGUHBG,西京电气集团有限公司,公司企业;公司;机械电子,108.90483971398456,34.20697447618106,雁塔区,108.909424,34.205331
B001D06JRL,西安华天通信有限公司,公司企业;公司;电信公司,108.87579363539729,34.21025079735331,雁塔区,108.880377,34.208622
B0IGHSD58V,中电科瑞测(西安)科技服务有限公司,公司企业;公司;公司,108.87036629780752,34.18863604843884,雁塔区,108.874952,34.187006
B0FFHOHQA3,中联西北工程设计研究院有限公司,公司企业;公司;公司,108.864221504941,34.1992106026302,雁塔区,108.868814,34.197592
B001D09PEX,西安瑞联新材料股份有限公司,公司企业;公司;公司,108.8536385735037,34.184848386108264,雁塔区,108.858243,34.183241
B001D094ZN,西安宝美电气工业有限公司,公司企业;公司;机械电子,108.86056892051197,34.19224871911035,雁塔区,108.865165,34.190633
B0FFGXH40R,霍尼韦尔,公司企业;公司;公司,108.87461374706751,34.18656253538976,雁塔区,108.879196,34.184927
B0HU55OQPA,陕西煤业股份有限公司,公司企业;公司;矿产公司,108.88260039394795,34.19273689014734,雁塔区,108.887179,34.191096
B0H0SA0WUZ,国网陕西省电力有限公司(南区),公司企业;公司;公司,108.8857310190555,34.22048060374854,雁塔区,108.890311,34.218847
B001D0W8UJ,五洲科技,公司企业;公司;公司,108.85407599904426,34.19951424472028,雁塔区,108.858681,34.197911
B001D08ASR,西安盛赛尔电子有限公司(团结南路),公司企业;公司;机械电子,108.87637442884756,34.21738488426565,雁塔区,108.880958,34.215758
B001D06XUF,西安思坦仪器股份有限公司,公司企业;公司;公司,108.87308417852864,34.21740339306811,雁塔区,108.87767,34.21578
B001D110IJ,航天恒星空间技术应用有限公司(锦业路),公司企业;公司;公司,108.85766419133786,34.19404074696851,雁塔区,108.862264,34.19243
B001D15LS0,中国石油集团东方地球物理勘探有限责任公司西安物探装备分公司,公司企业;公司;公司,108.8462847478451,34.185574706966776,雁塔区,108.8509,34.18398
B001D079H0,中国联通陕西省分公司(科技二路),公司企业;公司;电信公司,108.88254455230717,34.22801258594609,雁塔区,108.887126,34.226384
B001D0W90E,晨曦航空,公司企业;公司;公司,108.8540500162753,34.1988554247313,雁塔区,108.858655,34.197252
B0FFH98C9O,西京国际电气中心(电子三路),公司企业;公司;公司,108.90471559919116,34.20961358155552,雁塔区,108.9093,34.207971
B001D0ZSNE,西安华科光电有限公司,公司企业;公司;公司,108.85402418249473,34.19634222634407,雁塔区,108.858629,34.194738
B001D0VRL1,西安福宇精密机械有限公司,公司企业;公司;机械电子,108.8580582857532,34.199108656383814,雁塔区,108.862658,34.197499
B001D06HQN,西安航空制动科技有限公司,公司企业;公司;公司,108.87864334809692,34.20948883827183,雁塔区,108.883225,34.207857
B0FFG7N199,西安海欣制药有限公司,公司企业;公司;医药公司,108.87572707392486,34.22921796961451,雁塔区,108.880312,34.227596
B0FFGJU25Z,西安西工大思强科技股份有限公司,公司企业;公司;网络科技,108.8746613124226,34.21739511142095,雁塔区,108.879246,34.21577
B0HKPDB5MR,饰家名品整装家居体验馆(高山流水·和城店),公司企业;公司;广告装饰|购物服务;家居建材市场;家居建材市场,108.89156585344136,34.20160835665787,雁塔区,108.896144,34.199965
B0FFLJMM69,西安瑞霖电子科技股份有限公司,公司企业;公司;公司|生活服务;生活服务场所;生活服务场所,108.85401700460535,34.185971635306146,雁塔区,108.858621,34.184364
B001D0VR9T,华陆工程科技有限责任公司,公司企业;公司;公司,108.88474300870386,34.19289342350969,雁塔区,108.889321,34.191251
B001D0VVL4,西安立明电子科技有限责任公司,公司企业;公司;机械电子,108.85647271118714,34.20575793812217,雁塔区,108.861075,34.204153
B0FFFHJK8X,恒泰汽车服务连锁(科技八路店),汽车服务;汽车养护/装饰;汽车养护|汽车服务;洗车场;洗车场|公司企业;公司;公司|汽车维修;汽车综合维修;汽车综合维修,108.84732277610316,34.20497604593104,雁塔区,108.851938,34.203386
B0FFM95A13,西安赛格广场项目,公司企业;公司;公司,108.87174042545684,34.22625669484822,雁塔区,108.876328,34.224638
B001D0VSW2,海尔海斯(西安)控制技术有限公司,公司企业;公司;公司,108.85301806704432,34.20533754249627,雁塔区,108.857625,34.203738
B001D0VU66,西安爱德华测量设备股份有限公司,公司企业;公司;公司,108.8581145247098,34.197015445867535,雁塔区,108.862714,34.195405
B0FFGXHV1K,中财集团西安中财型材有限责任公司,购物服务;家居建材市场;建材五金市场|公司企业;公司;公司,108.86497524587126,34.18747052881242,雁塔区,108.869566,34.185847
B0G0JZINKG,中国中铁十局集团第七工程有限公司,公司企业;公司;公司,108.8570891881512,34.18486986826093,雁塔区,108.861689,34.183257
B001D0WOAD,四联智能技术股份有限公司,公司企业;公司;网络科技,108.8745586645206,34.224602425159794,雁塔区,108.879144,34.22298
B0GRXR7GKP,西安洛科电子科技股份有限公司,公司企业;公司;公司,108.85409955371276,34.20546525910409,雁塔区,108.858705,34.203864
B0FFJ93FX9,西安西测测试技术股份有限公司,公司企业;工厂;工厂,108.87366402804416,34.187150319022145,雁塔区,108.878247,34.185516
B0FFGRWCWD,紫光国芯,公司企业;公司;公司,108.87196048558918,34.227700423953,雁塔区,108.876548,34.226082
B0FFIMFJAO,陕西协成测试技术有限公司,公司企业;公司;公司,108.85299722811912,34.1905084896333,雁塔区,108.857603,34.188904
B0FFIR2NLU,维谛技术(西安)有限公司,公司企业;公司企业;公司企业,108.88127931117025,34.22512161583604,雁塔区,108.885861,34.223493
B0KK95HECD,陕药集团,公司企业;公司;公司,108.8763195503796,34.22793204069653,雁塔区,108.880904,34.226309
B001D0W5E8,陕西医药控股集团山海丹药业股份有限公司,公司企业;公司;医药公司,108.87365975797304,34.22796223573773,雁塔区,108.878246,34.226342
B001D026F1,西安德宝药用包装有限公司,公司企业;公司;公司,108.88277353087068,34.229251311901194,雁塔区,108.887355,34.227623
B0KDOSHGBZ,陕西掌中书教育有限公司,公司企业;公司;公司,108.86359407500346,34.19607678461979,雁塔区,108.868187,34.194458
B001D09PA0,SEW-传动设备(西安)有限公司(锦业二路),公司企业;公司;公司,108.87462086020749,34.18520898313981,雁塔区,108.879203,34.183573
B0FFL4XXTO,陕西天翌科技股份有限公司,公司企业;公司;公司,108.84921302385676,34.187418170404925,雁塔区,108.853824,34.185819
B0FFGAE1OL,中外运敦豪国际航空快件有限公司(陕西分公司),公司企业;公司;公司|生活服务;物流速递;物流速递,108.8523472733565,34.19102425057336,雁塔区,108.856954,34.189421
B0FFFZSOED,派瑞功率半导体,公司企业;公司;公司,108.87254739140675,34.18465188893158,雁塔区,108.877131,34.183018
B0FFFHCFTV,西安炬光科技股份有限公司,公司企业;公司;网络科技,108.85110391191982,34.18587586914021,雁塔区,108.855712,34.184273
B001D0YS14,陕西省煤业化工集团财务有限公司,公司企业;公司;矿产公司|公司企业;公司;冶金化工,108.88254738510273,34.19261988748606,雁塔区,108.887126,34.190979
B0FFGCC3FF,金花企业(集团)股份有限公司西安金花制药厂(西安厂区),公司企业;公司;公司,108.87137255907884,34.22086820737963,雁塔区,108.87596,34.219248
B001D0Z7M1,西安银马实业发展有限公司,公司企业;公司;公司,108.85259555434364,34.191885375681345,雁塔区,108.857202,34.190282
B0FFHCIXQL,通和实业,公司企业;公司;公司,108.85405611520903,34.19772681406409,雁塔区,108.858661,34.196123
B0FFF64VX9,中铁十五局集团第一工程有限公司,公司企业;公司;建筑公司,108.88057686936644,34.22697335305942,雁塔区,108.885159,34.225346
B0L0LRA12M,西安盒马北沈家桥前置仓,公司企业;公司;公司,108.89296113622687,34.195928826143614,雁塔区,108.897539,34.194283
B0KUJLR8K9,作业帮西安分公司,公司企业;公司;公司,108.86426560909426,34.198501902030884,雁塔区,108.868858,34.196883
B0FFJ21VR5,富士通(西安)系统工程有限公司,公司企业;公司企业;公司企业,108.8712996859364,34.19355953097439,雁塔区,108.875885,34.19193
B001D0VV4Q,西安中邦钛生物材料有限公司,公司企业;公司;公司,108.85514300156792,34.205076068687816,雁塔区,108.859747,34.203473
B001D0VWTF,西安中洲电力设备公司,公司企业;公司;公司,108.85681972121766,34.19880984220915,雁塔区,108.861421,34.197202
B001D07UE3,西安海声航空技术有限公司,公司企业;公司;公司,108.87355061758151,34.21623632151919,雁塔区,108.878136,34.214612
B0KAVZ8NAK,陕西延长石油(集团)氟硅化工有限责任公司,公司企业;公司;公司,108.871106783253,34.227822386527045,雁塔区,108.875695,34.226205
B0FFGH5EAT,西安力邦制药有限公司(科技一路),公司企业;公司;医药公司,108.881871210689,34.22925059880016,雁塔区,108.886453,34.227623
B0FFG3EM5C,陕西海通天线有限责任公司,公司企业;公司;公司,108.87047055420344,34.224012012337084,雁塔区,108.875059,34.222394
B0FFF651CA,长风·绿谷,公司企业;公司;公司,108.88000343118668,34.22924902727635,雁塔区,108.884586,34.227623
B001D02D21,西安千禾药业股份有限公司,公司企业;公司;医药公司,108.8810959076194,34.2292309689247,雁塔区,108.885678,34.227604
B0FFFGUVLI,同泽集团,公司企业;公司;公司,108.87794241261184,34.228991240517644,雁塔区,108.882526,34.227367
B001D0VW1U,西安西电高压开关操动机构有限责任公司,公司企业;公司;公司,108.85522520736264,34.203887606124155,雁塔区,108.859829,34.202284
B001D0WLXD,交大捷普,公司企业;公司;公司,108.87377194957952,34.22658585893791,雁塔区,108.878358,34.224965
B0IAH55851,正奥能源,公司企业;公司;公司,108.87305996140172,34.194904095130155,雁塔区,108.877644,34.193273
B0MGFZ4J4N,品盈科技(航天职场),公司企业;公司;公司,108.87666478672612,34.2151249719737,雁塔区,108.881248,34.213497
B0FFKGX6TU,国家能源集团陕西分部,公司企业;公司企业;公司企业,108.87548309799764,34.21445700872514,雁塔区,108.880067,34.21283
B0JGLUM2SY,STARRY SKY 星空运动健身会所,体育休闲服务;运动场馆;健身中心|公司企业;公司;公司,108.86993533196116,34.20854282874949,雁塔区,108.874523,34.20692
B0FFHUODDA,夜视研究院集团,公司企业;公司;公司,108.87198661026366,34.18893285409357,雁塔区,108.876571,34.187301
B0FFJHS9JR,东威利装饰·别墅设计中心,公司企业;公司;广告装饰,108.90509097131432,34.21377507647657,雁塔区,108.909676,34.212134
B0FFFO60QF,新通药物,公司企业;公司;医药公司|科教文化服务;科研机构;科研机构,108.85705811402032,34.197765564541456,雁塔区,108.861659,34.196157
B0HASC7OUQ,小米智能家居·全屋智能,公司企业;公司;公司,108.90283289911594,34.210400485303865,雁塔区,108.907416,34.208758
B0HRLSZOET,绿城中国西安城市公司(南部片区),公司企业;公司;公司,108.85634425559384,34.22179511333584,雁塔区,108.860948,34.220196
B0I0NH4W1J,国家电网陕西综合能源集团有限公司,公司企业;公司;公司,108.88588205626512,34.22037973915008,雁塔区,108.890462,34.218746
B0H2A797TX,腾讯云计算(西安)有限责任公司,公司企业;公司;网络科技,108.88264856784704,34.21577105516172,雁塔区,108.887229,34.214138
B0FFFO604S,西安信源有限公司,公司企业;公司;公司,108.85258565954526,34.1904008489986,雁塔区,108.857192,34.188797
B0FFL5FKID,西安汉唐传承医疗美容服务文化发展有限管理公司,公司企业;公司;公司,108.88176641867535,34.22615863987694,雁塔区,108.886348,34.22453
B0FFJMS9E0,西安华为技术有限公司,公司企业;公司;公司,108.87350250487532,34.192216477335656,雁塔区,108.878086,34.190584
B0LRKSGP5U,TP中国(西安中兴产业园G-H座3层),公司企业;公司;公司,108.87678704380434,34.18783235199338,雁塔区,108.881368,34.186195
B0H655PC8N,延长石油招标中心,公司企业;公司;公司,108.87109177090367,34.227821369230085,雁塔区,108.87568,34.226204
B001D0W8UY,巨子生物,公司企业;公司;公司,108.85682267132972,34.199479621094085,雁塔区,108.861424,34.197872
B0LUJ7BSJ1,城市人家装饰高新分公司,公司企业;公司;公司,108.85285350741091,34.22188947147762,雁塔区,108.857462,34.220296
B0H37CBR50,长安汇通集团有限责任公司,公司企业;公司;公司,108.88606034843828,34.20464235508683,雁塔区,108.890639,34.203003
B0HU1UCJO5,硬科技港·一亿中流加速器,公司企业;公司;公司,108.87947430823094,34.22767413349652,雁塔区,108.884057,34.226048
B0FFG4L4LH,西安万威机械制造股份有限公司,公司企业;公司;公司,108.85771031496937,34.205701880284764,雁塔区,108.862311,34.204095
B001D02244,西安天一秦昆制药有限责任公司,公司企业;公司;医药公司,108.85478836244572,34.19461703298848,雁塔区,108.859392,34.193011
B0LBLAKRF2,陕西好猫卷烟材料有限责任公司,公司企业;公司;公司,108.8643235471349,34.18756560732803,雁塔区,108.868915,34.185943
B0FFKU54U8,陕西投资新兴产业发展有限公司,公司企业;公司;公司,108.84844795734976,34.186506157638966,雁塔区,108.85306,34.184908
B0FFI72NF0,中国航天大厦,商务住宅;楼宇;商务写字楼|公司企业;公司;公司,108.876999978227,34.215229266392896,雁塔区,108.881583,34.213601
B001D07C1Z,旌旗电子,公司企业;公司;机械电子,108.85298051732062,34.199074609109424,雁塔区,108.857587,34.197473
B001D0VVCJ,西安金路交通工程科技发展有限责任公司,公司企业;公司;公司,108.85510089874128,34.205651804173954,雁塔区,108.859705,34.204049
B0FFK8YITP,付辉普拉提私教工作室(丹轩梓园店),体育休闲服务;运动场馆;健身中心|公司企业;公司企业;公司企业,108.89178586919122,34.22614884071128,雁塔区,108.896366,34.224514
B001D10TDO,福莱特热处理,公司企业;公司;公司,108.87536678578064,34.217404848568215,雁塔区,108.879951,34.215779
B0J16DY367,飞特质科(北京)计量检测技术有限公司西安分公司,公司企业;工厂;工厂,108.86346985469062,34.18463937566692,雁塔区,108.868062,34.183017
B0H3DRT53E,中立检测,政府机构及社会团体;公检法机构;公证鉴定机构|公司企业;公司;公司,108.85261372453806,34.19008299977808,雁塔区,108.85722,34.188479
B0I0V5DZR3,雁塔区杜城村城棚改项目安置楼建设工程,公司企业;公司企业;公司企业,108.9014986970454,34.186067699085775,雁塔区,108.906079,34.184417
B0FFHBJB8W,雅记香港老味(香榭兰廷店),餐饮服务;中餐厅;综合酒楼|公司企业;公司;公司,108.89472157736397,34.21095528977504,雁塔区,108.899301,34.209314
B0J06UQFJ4,陕西交控供应链管理集团有限公司,公司企业;公司;公司,108.87633751758688,34.215992339338044,雁塔区,108.880921,34.214365
B001D0W5US,立人科技,公司企业;公司;网络科技,108.87235745428384,34.21950782800187,雁塔区,108.876944,34.217886
B001D06ULK,三毅集团,公司企业;公司;公司,108.8708230043703,34.22211211523815,雁塔区,108.875411,34.220493
B001D09PYW,陕西国德电气制造有限公司,公司企业;公司;机械电子,108.87413722140312,34.188976236028275,雁塔区,108.87872,34.187342
B0FFFD3P0R,西安未来国际信息股份有限公司,公司企业;公司;公司,108.8748865933011,34.2158059112364,雁塔区,108.879471,34.21418
B0L3MUJX6V,鑫亚特汽车集团,公司企业;公司;公司,108.88258112198076,34.18354688209343,雁塔区,108.887159,34.181903
B0FFH6CRPA,陕西华信检测技术有限公司,公司企业;公司;公司,108.85298646741175,34.187338511268884,雁塔区,108.857592,34.185733
B0FFKXIYDZ,田园装饰,公司企业;公司;公司,108.87972541362544,34.2278532918067,雁塔区,108.884308,34.226227
B0FFFHJ3FU,中国铁塔股份有限公司(陕西省分公司),公司企业;公司;公司,108.88273360146724,34.21571014269193,雁塔区,108.887314,34.214077
B0FFGJCJP2,中国葛洲坝集团第三工程有限公司,公司企业;公司;公司,108.8701616128442,34.19499670047497,雁塔区,108.874748,34.193369
B0FFGA0WWN,西安思丹德,公司企业;公司;公司,108.8521250021488,34.19048306142373,雁塔区,108.856732,34.18888
B0KR67XW1V,作业帮教育科技(北京)有限公司西安分公司,公司企业;公司;公司,108.86831407413707,34.1934929205513,雁塔区,108.872902,34.191867
B0FFL03V57,一诺快记财税服务法务服务(西安高新总部),公司企业;公司;公司,108.88618731968404,34.21778286109043,雁塔区,108.890767,34.216148
B0LRBUO92L,西安华葵装饰(高新店),公司企业;公司;广告装饰,108.89605749061216,34.2073319036368,雁塔区,108.900637,34.205689
B0HB1ZEY1Q,西安酷赛科技有限公司,公司企业;公司;公司,108.87913722856476,34.18911516089029,雁塔区,108.883717,34.187476
B0KAM42XHT,助火科技,公司企业;公司;公司,108.86410361046764,34.196308414408406,雁塔区,108.868696,34.194689
B0MGL5NLIB,陕西煤业化工实业集团有限公司,公司企业;公司;冶金化工,108.87064066052892,34.22448704405683,雁塔区,108.875229,34.222869
B0GRG7QP41,中天西北建设投资集团有限公司,公司企业;公司;建筑公司,108.88655804397412,34.221996594663366,雁塔区,108.891138,34.220363
B0I39C11KD,西安投资控股有限公司,公司企业;公司;公司|金融保险服务;金融保险服务机构;金融保险机构,108.88115413458888,34.22669394199734,雁塔区,108.885736,34.225066
B0LAVA6NHM,陕西省采购招标有限责任公司,公司企业;公司;公司,108.88278100894472,34.198315168657025,雁塔区,108.88736,34.196676
B0FFIGZMTR,西安新艾电气技术有限公司,公司企业;公司;公司,108.8759427195027,34.21038590262853,雁塔区,108.880526,34.208757
B0FFM7AK9R,深圳天溯计量检测股份有限公司(陕西分公司),公司企业;公司;公司,108.85431696240732,34.204079084484434,雁塔区,108.858922,34.202477
B0IKDCAT7D,中国铁塔西安分公司,公司企业;公司;公司,108.87689191240244,34.215253151653094,雁塔区,108.881475,34.213625
B0G097QUNC,境与宅设计,公司企业;公司;广告装饰,108.87261462656672,34.19485961048393,雁塔区,108.877199,34.193229
B0HAVZ8OM8,陕西格佰建设工程有限公司,公司企业;公司;公司,108.90158756680168,34.19952424061546,雁塔区,108.906169,34.197878
B0HDDCAYR3,西安加木电子科技有限公司,公司企业;公司;公司,108.85714075869356,34.22844595232033,雁塔区,108.861744,34.226848
B0LB7C3IKT,陕西省成通机械化公路生态工程有限责任公司,公司企业;公司;公司,108.87671474062148,34.21607668621123,雁塔区,108.881298,34.214449
B0J2YAPQ11,陕煤电力集团,公司企业;公司;公司,108.88253237385196,34.19269585058135,雁塔区,108.887111,34.191055
B0KRSNALZ5,西安导引科技有限责任公司,公司企业;公司;公司,108.85266816359156,34.19802644887605,雁塔区,108.857275,34.196425
B0FFFZQC9J,陕西威信制药有限公司,公司企业;公司;医药公司,108.8780789535175,34.21067589878598,雁塔区,108.882661,34.209045
B0FFIIT82M,家立方,公司企业;公司;公司,108.89996137426702,34.200886718818154,雁塔区,108.904542,34.199241
B0FFGAAD8D,和利时,公司企业;公司;公司,108.868345135797,34.19308409535414,雁塔区,108.872933,34.191458
B0JDAS2925,陕西建工第六建设集团杜城棚改项目,公司企业;公司;公司,108.90481339615526,34.1862154298307,雁塔区,108.909396,34.184565
B0HB3X8RY6,西安天通电子科技有限公司,公司企业;公司;公司,108.87068671157162,34.18686700944237,雁塔区,108.875272,34.185236
B0M6R51Q3X,毕昇云图文广告(西安高新店),公司企业;公司;广告装饰,108.87991262113609,34.21386245808348,雁塔区,108.884494,34.212231
B0K1R51QVJ,美的智慧家(西安圣都装饰高新店),公司企业;公司;广告装饰,108.8749862231943,34.196281720870914,雁塔区,108.879569,34.194649
B0FFFDG2QD,中建五局第三建设有限公司西北分公司,公司企业;公司;公司,108.88113640025897,34.1982908544003,雁塔区,108.885716,34.196653
B0FFKBDQ3H,万象快印·广告·标书·图纸·快印(高新六路),公司企业;公司;广告装饰|生活服务;摄影冲印店;摄影冲印,108.87301216619754,34.229365007833884,雁塔区,108.877599,34.227746
B001D0ZKWH,西安奇维科技股份有限公司,公司企业;公司;网络科技,108.85703013347133,34.19707175376459,雁塔区,108.861631,34.195463
B0FFGXW2UZ,西安普迈项目管理有限公司,公司企业;公司;公司,108.90451939392854,34.214061055910484,雁塔区,108.909104,34.21242
B0FFFHJ0HR,陕西省一八六煤田地质有限公司(科技七路),公司企业;公司;矿产公司,108.8816987168547,34.20961645069571,雁塔区,108.886279,34.207982
B0KGASTWWK,高新君临,公司企业;公司企业;公司企业,108.8882973372004,34.22084004279365,雁塔区,108.892877,34.219205
B0FFL91QLX,陕西保障性住房建设工程有限公司,公司企业;公司;建筑公司,108.86444874880938,34.211684638737225,雁塔区,108.869042,34.21007
B0IGND3BUY,西安爱博企业集团,公司企业;公司;公司,108.8637109543958,34.22412820700454,雁塔区,108.868306,34.222519
B0FFGAK4WJ,西安华讯科技有限责任公司,公司企业;公司;公司,108.8635159832604,34.19615265025626,雁塔区,108.868109,34.194534
B0K26UJU4O,安企财税•注册公司•代理记账•许可证办理•资质代办,公司企业;公司;公司,108.87930967543504,34.19709567048573,雁塔区,108.88389,34.195459
B0IALMS5US,陕西瑞孚医疗科技有限公司,公司企业;公司;公司,108.86202967796648,34.19162404974459,雁塔区,108.866624,34.190006
B0FFKMQI9V,西安麦格米特电气有限公司,公司企业;公司企业;公司企业,108.88031894536832,34.22460898782663,雁塔区,108.884901,34.222981
B001D06V67,陕西合亚达胶粘制品有限公司,公司企业;公司;公司,108.87200490416356,34.22291620575712,雁塔区,108.876592,34.221296
B0JUP11CT3,信息通信公司,公司企业;公司;电信公司,108.87355778884375,34.21416305915233,雁塔区,108.878143,34.212538
B0KDYHXYOU,陕西新特恩科技有限公司,公司企业;公司;公司,108.85597630878812,34.19016539578373,雁塔区,108.860578,34.188556
B0GKKHXKA2,中建四局西北公司,公司企业;公司;公司,108.885963026513,34.20844398465625,雁塔区,108.890542,34.206806
B0J14SZ5IT,西安星源博锐新能源技术有限公司,公司企业;公司;公司,108.87567754068591,34.21050259082715,雁塔区,108.880261,34.208874
B0HKPD9B8L,陕西环保集团,公司企业;公司;公司,108.88118249562608,34.19733321442113,雁塔区,108.885762,34.195695
B0G0VZLO75,西安国开水环境有限公司,公司企业;公司;公司,108.89764632297074,34.18982412472267,雁塔区,108.902225,34.188175
B0G0D7BSZC,西安瀚博电子科技有限公司,公司企业;公司;公司,108.85408820549743,34.19715005944569,雁塔区,108.858693,34.195546
B0K2LUIP2U,陕西保利房地产开发有限公司,公司企业;公司;公司,108.864037246399,34.21243680944958,雁塔区,108.868631,34.210823
B0FFH6FKEY,西安金百泽电子科技有限公司,公司企业;公司;机械电子,108.8536674425092,34.18697874023419,雁塔区,108.858272,34.185372
B0FFFF96RH,爱立信(西安分公司),公司企业;公司;公司,108.86386226770732,34.19732473992792,雁塔区,108.868455,34.195706
B0FFHEH08V,安能物流(杜城西路店),公司企业;公司;公司|生活服务;物流速递;物流速递,108.90349214184054,34.18918260626824,雁塔区,108.908074,34.187533
B0I0XRDON5,征途广告快印,公司企业;公司;广告装饰,108.87854184132348,34.227650292262574,雁塔区,108.883125,34.226025
B0K3LD5GBM,西安亿颗糖电子科技有限公司,公司企业;公司;机械电子,108.87206020972567,34.219648438541434,雁塔区,108.876647,34.218027
B0LDRZC93W,中建八局中油测井科创中心项目部,公司企业;公司;公司,108.85492208327518,34.18788346864447,雁塔区,108.859525,34.186275
B0H1PCQC98,西安唐华精工环境工程有限公司,公司企业;公司;公司,108.90062924592657,34.197998732093005,雁塔区,108.90521,34.196352
B001D0W8UI,金程科技,公司企业;公司;网络科技,108.85705814837875,34.1973377081647,雁塔区,108.861659,34.195729
B0JKRCY3LY,赫里欧新能源,公司企业;公司;公司,108.8551626883856,34.18437799377924,雁塔区,108.859765,34.182768
B0I30GKSYA,西安今朝装饰(雁塔旗舰店),公司企业;公司;广告装饰,108.88834354606884,34.218271983332066,雁塔区,108.892923,34.216636
B0I63CXCF0,中建丝路建设投资有限公司,公司企业;公司;公司,108.8860403736822,34.204281465523216,雁塔区,108.890619,34.202642
B0GUZZF4DL,众彩达广告图文(金泰新理城3期东门店),公司企业;公司;广告装饰,108.86435572668952,34.21071984693762,雁塔区,108.868949,34.209105
B001D0VRUK,西安四星动力工程有限公司,公司企业;公司;公司,108.85516406220148,34.204673240161455,雁塔区,108.859768,34.20307
B001D10W1S,陕西正天建设有限公司,公司企业;公司;建筑公司,108.85853742401324,34.192431617619114,雁塔区,108.863136,34.190819
B0H3K5ZH24,喜洲之间设计工作室,公司企业;公司;广告装饰,108.87313201748732,34.19487818397397,雁塔区,108.877716,34.193247
B0HU9S6K41,西安莱伯生物科技有限公司,公司企业;公司;公司,108.86220988764596,34.191578323153585,雁塔区,108.866804,34.18996
B0J0BHGNP9,陕西研诚科技有限公司,公司企业;公司;公司,108.90110065453447,34.22701960374384,雁塔区,108.905684,34.225383
B0KU94DS8H,西安地铁,公司企业;公司;公司,108.86502461735496,34.19596578945963,雁塔区,108.869616,34.194345
B0FFLIL9HJ,陕西新西商工程科技有限公司(办公区),公司企业;公司;建筑公司|科教文化服务;科研机构;科研机构,108.85393042850274,34.204132441409115,雁塔区,108.858536,34.202531
B0FFGC1LRX,西安智多晶微电子有限公司,公司企业;公司;公司,108.87586638067428,34.22650110187435,雁塔区,108.880451,34.224878
B0FFGCOAKJ,标书王快印广告·文化墙·门头·展厅(科技四路店),公司企业;公司;广告装饰|生活服务;生活服务场所;生活服务场所,108.88660011054984,34.22124688960899,雁塔区,108.89118,34.219613
B0KK7AOY64,陕西中仪远大仪器设备有限公司,公司企业;公司;公司,108.85723830968324,34.19822568972075,雁塔区,108.861839,34.196617
B0J1CCBW8C,兴正伟科技控股集团有限公司,公司企业;公司;公司,108.88316838937304,34.18262263261885,雁塔区,108.887746,34.180978
B0FFG3EMAF,海泰电子(科技三路),公司企业;公司;机械电子,108.8781969604891,34.22387733672647,雁塔区,108.88278,34.222251
B0FFGPJYO2,西安开容电子技术有限责任公司,公司企业;公司;公司,108.85761118941085,34.20568973169502,雁塔区,108.862212,34.204083
B0FFK20KO1,陕西中禾雄耀装饰工程有限公司,公司企业;公司;公司,108.88357954120166,34.19480994750241,雁塔区,108.888158,34.193169
B0H3VA7LSO,西安迅尔电子有限责任公司,公司企业;公司;公司,108.85655287595264,34.20501131959329,雁塔区,108.861155,34.203406
B0FFF651MV,陕西医药控股山海丹健康产业集团有限公司,公司企业;公司;医药公司,108.8762905231398,34.22804796924964,雁塔区,108.880875,34.226425
B0FFG3UB7L,精益广告,公司企业;公司;广告装饰|生活服务;生活服务场所;生活服务场所,108.90381296893166,34.22593589946094,雁塔区,108.908398,34.224299
B0I10H76XY,陕西大洋立恒集团,公司企业;公司;公司,108.85955648111646,34.20743808695255,雁塔区,108.864155,34.205829
B0FFGC34TQ,金钼股份金属分公司,公司企业;公司;公司,108.84680199443204,34.19238037933005,雁塔区,108.851417,34.190787
B0LUZCUKKS,中国移动(高新分局),公司企业;公司;公司,108.86431477730584,34.19706045368987,雁塔区,108.868907,34.195441
B0FFGPJGZK,NTT DATA(中国)有限公司,公司企业;公司;公司,108.87245171767412,34.192149325808984,雁塔区,108.877036,34.190518
B0GRUO6T9T,西安九州医学中心,政府机构及社会团体;公检法机构;公证鉴定机构|公司企业;公司;医药公司,108.87999074981282,34.21270493198082,雁塔区,108.884572,34.211073
B0J1CRGMN5,顺丰同城高新分部(鸿基新城祥园南区店),生活服务;物流速递;物流速递|公司企业;公司;公司,108.85988599792438,34.21846172236609,雁塔区,108.864485,34.216856
B001D0VTCT,西安西京医疗用品有限公司,公司企业;公司;医药公司,108.85541483587978,34.19922049111367,雁塔区,108.860018,34.197615
B0IGKXMOVN,陕旅集团,公司企业;公司;公司,108.8862244239978,34.20406065974614,雁塔区,108.890803,34.202421
B0HRV7W5GD,新华三技术有限公司西安分公司,公司企业;公司;公司,108.87219258861548,34.228703324262945,雁塔区,108.87678,34.227085
B0KKOZPTFI,陕西硒谷产业发展有限公司,公司企业;公司;公司,108.88077869371094,34.1927584000441,雁塔区,108.885358,34.191119
B0FFMER4P8,复尔通图文广告,公司企业;公司;广告装饰|生活服务;生活服务场所;生活服务场所,108.90204233799766,34.2113591794877,雁塔区,108.906625,34.209717
B0KR49CWFV,比亚迪一厂,公司企业;公司企业;公司企业,108.88457465014298,34.19685798437007,雁塔区,108.889153,34.195217
B0MGTM553V,盛裕图文广告,公司企业;公司;广告装饰,108.89977048873727,34.20068577211226,雁塔区,108.904351,34.19904
B0LG9CR345,金辉大药房(晨星店),公司企业;公司;公司,108.9034100720238,34.20327489988359,雁塔区,108.907993,34.20163
B0FFLCDTY3,绿地集团(西北总部),公司企业;公司;公司,108.88225081673905,34.19842471645673,雁塔区,108.88683,34.196786
B0KRDALC0C,创维商用·LED显示屏·省级运营中心-陕西信迈慧通,公司企业;公司;公司|购物服务;购物相关场所;购物相关场所,108.88245974969834,34.18767944401902,雁塔区,108.887038,34.186037
B0GK1AXP7E,德施曼·智能锁(高新万达店),公司企业;公司;公司,108.88767418928964,34.20950267663796,雁塔区,108.892253,34.207864
B0FFLEO17I,西安葡萄籽教育科技有限公司,公司企业;公司企业;公司企业,108.8724387136282,34.22954129813031,雁塔区,108.877026,34.227923
B0GRYARU5H,石化盈科,公司企业;公司;公司,108.8725486929059,34.19339602262122,雁塔区,108.877133,34.191765
B0G3Z5QI33,中国水电三局时光云境小区项目部(二标段),公司企业;公司;公司,108.84710056123804,34.21588087094427,雁塔区,108.851717,34.214295
B0I1D5Q70Z,方林装饰集团(西安分公司),公司企业;公司;广告装饰,108.9244056239767,34.18659795900532,雁塔区,108.929014,34.184959
B0J2ZHCJIR,中国石油明德门加油站,汽车服务;加油站;中国石油|公司企业;公司;公司,108.9232051590158,34.20707029123075,雁塔区,108.927813,34.205437
B0FFMGZ1CX,翠华里,公司企业;公司;公司|商务住宅;商务住宅相关;商务住宅相关,108.9529336925191,34.21624972139046,雁塔区,108.957618,34.214667
B0K3XS0WVP,玖鼎筑家装饰集团(西安分公司),公司企业;公司;广告装饰,108.93490004062294,34.18979081215666,雁塔区,108.939531,34.188166
B0FFHGL72H,陕西建工安装集团第二工程公司,公司企业;公司;建筑公司,108.91171969343756,34.223940472727435,雁塔区,108.916312,34.222305
B0JD7ZETD9,舞悦浪漫舞厅(原开运舞厅),公司企业;公司;公司,108.94086355738044,34.20544302910881,雁塔区,108.945511,34.203833
B001D0VTHR,陕西三爻安然天然气加气有限公司,汽车服务;加气站;加气站|公司企业;公司;公司,108.9411386348936,34.18290105321218,雁塔区,108.945785,34.181284
B0FFFYLSUC,中船-东仪,公司企业;公司;公司,108.9230952853326,34.207933099555774,雁塔区,108.927703,34.2063
B0FFHUNYAS,北方光电集团有限公司,公司企业;公司;公司,108.9066069556274,34.210635890804234,雁塔区,108.911193,34.208994
B0FFG9W0SH,中国核工业集团公司陕西核工业服务局,公司企业;公司企业;公司企业,108.92648517709527,34.21751523774281,雁塔区,108.9311,34.215889
B0FFGHAZ0P,西北水电,购物服务;家居建材市场;建材五金市场|公司企业;公司;公司,108.91468499875872,34.199332524801164,雁塔区,108.919279,34.19769
B0H6UUU3T4,博雅邦装饰旗舰店,公司企业;公司;广告装饰,108.915476153358,34.196655949254115,雁塔区,108.920071,34.195013
B001D104X3,陕文投集团,公司企业;公司;公司,108.95561786453612,34.191147339191275,雁塔区,108.960309,34.189562
B001D06DG1,西安电炉研究所有限公司,公司企业;公司;公司|科教文化服务;科研机构;科研机构,108.93661102379151,34.21250253014962,雁塔区,108.941248,34.210888
B0FFFDCFV5,北方特种能源集团有限公司,公司企业;公司;公司,108.93651011199208,34.214517979641805,雁塔区,108.941147,34.212904
B0FFH018HJ,西安秦华天然气,公司企业;公司;公司,108.93276445788936,34.197169414343,雁塔区,108.937391,34.195544
B0L3TA7A6G,品盈科技,公司企业;公司;公司,108.92331494916182,34.19479634235706,雁塔区,108.927922,34.193159
B0I1D5T5FX,爱林整装(西安店),购物服务;家居建材市场;建材五金市场|公司企业;公司;广告装饰,108.92443060413336,34.186270040357684,雁塔区,108.929039,34.184631
B0L06ROOWA,芭宝整装,公司企业;公司;广告装饰,108.91528041783428,34.19666806532269,雁塔区,108.919875,34.195025
B0HGP7VBNA,翼森•西安城市体验店,公司企业;公司企业;公司企业,108.95571855763058,34.19076023891261,雁塔区,108.96041,34.189175
B001D0VU14,黄河上游水电开发有限责任公司(雁南三路),公司企业;公司;公司,108.95809728881838,34.20497298401764,雁塔区,108.962798,34.203398
B001D070IK,卫光,公司企业;公司;网络科技,108.90961576718198,34.214426702939804,雁塔区,108.914205,34.212787
B0L3M9P5V5,高达基地,公司企业;公司企业;公司企业,108.95732587424092,34.21809720614065,雁塔区,108.962025,34.216525
B0GK0M8MOG,西安市公共交通集团有限公司第五分公司,公司企业;公司;公司,108.9154366565339,34.228441860662485,雁塔区,108.920034,34.22681
B0FFGYKK3Z,西安中核核仪器股份有限公司,公司企业;工厂;工厂,108.95098330335291,34.22420505070976,雁塔区,108.955662,34.222621
B0FFHG18IJ,陕西恒业建设集团有限公司,公司企业;公司;公司,108.9087726809376,34.22620578108169,雁塔区,108.913362,34.22457
B0FFKGMW3F,印都图文快印·广告,公司企业;公司;广告装饰,108.95219974598795,34.19558040259407,雁塔区,108.95688,34.193989
B0FFGZZQ7Y,国家电投陕西公司,公司企业;公司;公司,108.95806741016165,34.20475112992488,雁塔区,108.962768,34.203176
B0FFGCR42W,广电网络(文曲路),公司企业;公司企业;公司企业,108.95657059314205,34.19180295290938,雁塔区,108.961265,34.19022
B0JG0CCOEL,西安聚猩智媒网络科技有限公司,公司企业;公司;网络科技,108.9613567271444,34.181634932175875,雁塔区,108.966067,34.18006
B0FFHGL5V6,陕西路桥集团有限公司第三工程公司,公司企业;公司;建筑公司,108.91714454648012,34.224800064535714,雁塔区,108.921744,34.223168
B0HDVZXADP,叁宝实业集团,公司企业;公司企业;公司企业,108.9061913926199,34.209671313156626,雁塔区,108.910777,34.208029
B001D08DQK,龙寰项目管理咨询有限公司,公司企业;公司;公司,108.90601403845452,34.215973143991455,雁塔区,108.9106,34.214333
B001D10SV0,陕西交通控股集团有限公司(西安绕城分公司),公司企业;公司;公司,108.93898395936112,34.18794404992113,雁塔区,108.943625,34.186325
B0HGF559WY,OPPEIN欧派家装(西北总部旗舰店),公司企业;公司;广告装饰,108.94668645400785,34.200160149820825,雁塔区,108.95135,34.198559
B0M60MM3SV,陕建八建太平坊项目,商务住宅;住宅区;住宅小区|公司企业;公司;公司,108.96217184776656,34.217783722731504,雁塔区,108.966888,34.216223
B0HD47JBVI,西安市杜万全堂中医药发展集团有限公司,公司企业;公司;公司,108.91379088739878,34.227606118595766,雁塔区,108.918386,34.225973
B0FFHQ9QM4,陕西明德集中供热有限责任公司,公司企业;公司;公司,108.92779972100546,34.20300777912713,雁塔区,108.932416,34.201378
B0KDMU733W,上海颐景建筑设计有限公司陕西分公司,公司企业;公司企业;公司企业,108.92235451058724,34.20888946821981,雁塔区,108.926961,34.207256
B0HA9S6SSN,西安国华教育集团,公司企业;公司;公司,108.9433087718334,34.19356571372504,雁塔区,108.947962,34.191956
B0JB913127,中国水利水电第三工程局有限公司雁塔区沙滹沱片区(北山门口村)城市更新EPC项目部,公司企业;公司;公司,108.91562410812044,34.207168287299766,雁塔区,108.92022,34.205529
B0K3UAQGNL,新人力集团,公司企业;公司;公司,108.93490680959376,34.20485374934943,雁塔区,108.939539,34.203234
B0FFHRDGPW,德国马牌轮胎(朱雀大街店),公司企业;公司;公司|汽车服务;汽车养护/装饰;汽车养护|汽车维修;汽车维修;汽车维修,108.93416485315022,34.20144199422575,雁塔区,108.938795,34.19982
B001D04U2W,陕西省科学器材公司,公司企业;公司;公司,108.96116175423175,34.226587039590775,雁塔区,108.965875,34.225027
B0K1TZU906,鲁班装饰集团·南大明宫旗舰店,公司企业;公司;广告装饰,108.9274660461792,34.20735067868062,雁塔区,108.932082,34.205722
B0FFG0WP8U,高新电信分局,公司企业;公司;电信公司,108.9087241127081,34.22142251999441,雁塔区,108.913313,34.219785
B0FFF3CKGY,西安中城卫保安服务有限公司,公司企业;公司;公司,108.93579921373416,34.197808805611444,雁塔区,108.940433,34.196188
B0HGNMLHFO,西安市电信分公司小寨局,公司企业;公司;电信公司,108.94146434822906,34.2249481215201,雁塔区,108.946115,34.223346
B0K0VCF3V5,金辉朱雀府一期项目顺隆建设项目部,公司企业;公司;公司,108.91536116501312,34.198458415090215,雁塔区,108.919956,34.196816
B0H1VDR2CI,西安市雁塔区城发集团,公司企业;公司;公司,108.91878401259024,34.2133129536856,雁塔区,108.923385,34.211678
B0LKCZ1CMG,盒马西安电子东街仓,公司企业;公司企业;公司企业,108.91894566049416,34.214582383723126,雁塔区,108.923547,34.212948
B0FFLM3KTS,恒泰汽车服务连锁(电子正街店),汽车服务;汽车养护/装饰;汽车养护|汽车服务;洗车场;洗车场|公司企业;公司;公司|汽车维修;汽车维修;汽车维修,108.91529294723472,34.21478983922243,雁塔区,108.919889,34.213153
B0H04SA3BS,南山门口村城市更新项目,公司企业;公司;公司,108.91172328101229,34.204090437246926,雁塔区,108.916314,34.202448
B0HADACIPE,西安今朝装饰(曲江店),公司企业;公司;广告装饰,108.95081616988188,34.19542438985881,雁塔区,108.955492,34.19383
B001D03XZY,陕西建工第八建设集团第一建筑工程公司,公司企业;公司;建筑公司,108.91198227405772,34.22536084034811,雁塔区,108.916575,34.223726
B0L39RRN9H,西安盒马前置仓拿铁城站,公司企业;公司;公司,108.9587022845209,34.19155207497943,雁塔区,108.963404,34.189974
B001D0WIDR,陕西三爻实业有限公司,公司企业;公司;公司,108.93113741749036,34.193449849643194,雁塔区,108.93576,34.191821
B0HRMSI4C3,西安集优优医疗美容(西北总部),生活服务;美容美发店;美容美发店|公司企业;公司;公司,108.9639620370443,34.20918727560531,雁塔区,108.968684,34.207628
B001D06I87,西安黑河供水有限责任公司,公司企业;公司;公司,108.94171403508224,34.22037732699039,雁塔区,108.946365,34.218774
B0HAXKLGMN,陕西卓信工程检测有限公司,公司企业;公司;公司,108.9101835469379,34.222165747270225,雁塔区,108.914774,34.220529
B0JGY5VVN6,陕西喜喜零食食品连锁有限公司,公司企业;公司;公司,108.91215923451014,34.2232615156196,雁塔区,108.916752,34.221626
B001D0VSVA,陕西建工第八建设集团有限公司太平坊项目部,公司企业;公司;建筑公司,108.96282347740429,34.21793305706595,雁塔区,108.967542,34.216374
B0FFL75B0W,雁塔区城中村和棚户区改造事务中心,公司企业;公司;公司,108.95154504559244,34.21771018631489,雁塔区,108.956225,34.216125
B0H2AC6Y27,彩虹星球(创客大厦店),公司企业;公司;公司,108.95104775985368,34.2037660879212,雁塔区,108.955725,34.202175
B0LBZAOGBG,西安兴唐装饰工程有限公司,公司企业;公司;公司,108.90976688098766,34.22351041833314,雁塔区,108.914357,34.221874
B0IRLAJ3UB,中信科移动通信技术股份有限公司,公司企业;公司;公司,108.94880356867284,34.21846560378443,雁塔区,108.953475,34.216875
B0JD2ZBC9H,西安宏泰时频技术有限公司,公司企业;公司;公司,108.92303735536612,34.208342013894466,雁塔区,108.927645,34.206709
B0HR3CD0Y9,百川图文快印广告,公司企业;公司;广告装饰,108.93464463964018,34.20234998863038,雁塔区,108.939276,34.200729
B0FFGSTYAH,云创科技,公司企业;公司;网络科技,108.95561683691898,34.191529215469274,雁塔区,108.960308,34.189944
B0M6XMOEYX,蒂普提克,公司企业;公司;公司,108.94361834234792,34.22512321122068,雁塔区,108.948275,34.223525
B001D04L9L,陕西建工第八建设集团第五建筑工程公司,公司企业;公司;建筑公司,108.91174158616012,34.22496209412376,雁塔区,108.916334,34.223327
B0JGJL5SOM,理想空间,公司企业;公司;公司,108.92161979914412,34.20855925170164,雁塔区,108.926225,34.206925
B0J02SLWI5,陕西北枫文化传媒有限公司,公司企业;公司;公司|科教文化服务;科教文化场所;科教文化场所,108.94047312993294,34.18660899349113,雁塔区,108.945118,34.184992
B0G3R9CHC8,京小盒生活超市(明德门店),公司企业;公司;商业贸易,108.93103069560864,34.20533298127262,雁塔区,108.935654,34.203708
B0LU9HCGL1,蓝装家博会,公司企业;公司企业;公司企业,108.94362484555276,34.19397900042672,雁塔区,108.948279,34.19237
B0KAO703L7,中国电信西安分公司雁塔营维中心,公司企业;公司;电信公司,108.94169571164424,34.22499370062148,雁塔区,108.946347,34.223392
B0FFFHJJW2,金湘印图文•快印广告,公司企业;公司;广告装饰,108.95609513835936,34.19260477417901,雁塔区,108.960788,34.191021
B0GDRUCXOQ,西安夏麦浪设计|专注高端设计,公司企业;公司;广告装饰,108.95096783677144,34.19362067188122,雁塔区,108.955644,34.192026
B0FFHBVLXI,尚之印图文广告,公司企业;公司;广告装饰|生活服务;生活服务场所;生活服务场所,108.9140484802363,34.22858162182986,雁塔区,108.918644,34.226949
B0I3HA86Z7,西安市雁塔区沙滹沱片区(沙滹沱村)城市更新项目,公司企业;公司;公司,108.92353883224465,34.20369312433327,雁塔区,108.928147,34.202059
B0L6VSLBFD,安泊府项目一标段,公司企业;公司;公司,108.94173799190554,34.18300497540145,雁塔区,108.946386,34.181389
B0LBGC85AA,鲁班装饰集团·含光路旗舰店,公司企业;公司;广告装饰,108.92745905999963,34.2073536857049,雁塔区,108.932075,34.205725
B0G23XGNR2,京小盒生活超市(翠华路店),公司企业;公司;商业贸易,108.95221603275212,34.203713622275366,雁塔区,108.956897,34.202125
B001D06N1B,玖玖五金机电经营部(电子城店),购物服务;家居建材市场;建材五金市场|公司企业;公司;商业贸易,108.9082805024768,34.20950685272637,雁塔区,108.912868,34.207865
B001D0WIE7,新庆金穗酒文化有限公司五粮液直营店,公司企业;公司;公司|购物服务;专卖店;专营店,108.9309723221604,34.21156190452806,雁塔区,108.935596,34.209939
B0FFKG8SJI,西安零点无人机科技有限公司,公司企业;公司;公司,108.92750167689272,34.21104735715914,雁塔区,108.932118,34.20942
B0FFKZW0M8,陕西华达科技股份有限公司,公司企业;公司;网络科技,108.90592974889502,34.20799094565005,雁塔区,108.910515,34.206348
B0FFF2T5EJ,陕西路桥集团有限公司第四工程公司,公司企业;公司;建筑公司,108.91714454648012,34.224800064535714,雁塔区,108.921744,34.223168
B0HRVL5H7W,宝石花物业智慧运营中心,公司企业;公司;公司,108.95063305689304,34.21624262672618,雁塔区,108.95531,34.214655
B001D08DP7,陕西教育招标有限公司,公司企业;公司;公司,108.90571032449364,34.21557434122513,雁塔区,108.910296,34.213934
B0FFHNEYA2,66图文广告,公司企业;公司;广告装饰|生活服务;摄影冲印店;摄影冲印,108.9370089433177,34.21356653940421,雁塔区,108.941647,34.211953
B0FFGFK910,真色彩快印(科技路分店),生活服务;摄影冲印店;摄影冲印|公司企业;公司;公司,108.90961477426434,34.22682327458873,雁塔区,108.914205,34.225188
B0HAVZ89NY,中丹广告快印刻章打印复印证件照标书,公司企业;公司;广告装饰|生活服务;生活服务场所;生活服务场所,108.94271903739264,34.22306758091552,雁塔区,108.947373,34.221467
B0FFKUVPVC,陕西江豪集团股份有限公司,公司企业;公司;公司,108.93503473425577,34.18957268489321,雁塔区,108.939666,34.187948
B0H2VHWWDN,全程广告图文装饰,公司企业;公司;广告装饰,108.92885208194062,34.1840248281614,雁塔区,108.933469,34.18239
B0KDA5E9DQ,秦娃娃酒业,公司企业;公司;公司,108.91325219748764,34.182281933027284,雁塔区,108.917843,34.180633
B0FFL2I8RC,吐哈油田西安管理处(西安办管理处),公司企业;公司;公司,108.92701028216877,34.22816981896372,雁塔区,108.931627,34.226548
B0FFF9WHLX,陕西广电网络产业集团公司,公司企业;公司;网络科技,108.94082716313186,34.21153298633214,雁塔区,108.945475,34.209925
B0L2RDMSBO,快印达广告,公司企业;公司;广告装饰,108.9275289570868,34.21930541862575,雁塔区,108.932146,34.217681
B0JBXATVEH,陕西正邦招标有限责任公司,公司企业;公司;公司,108.93484815018134,34.189976827437135,雁塔区,108.939479,34.188352
B0I2VH5P2Z,西安必邦财税管理有限公司,公司企业;公司;公司,108.94720885291846,34.20066295817995,雁塔区,108.951874,34.199063
B0MGJYB3VL,西京公司,公司企业;公司;公司,108.9143305177438,34.21111369153563,雁塔区,108.918925,34.209475
B0J3X560MI,尧柏水泥党建峰料场,公司企业;公司;公司,108.90720752418235,34.18434757414164,雁塔区,108.911792,34.182697
B0I13CY3R5,长安尚服局汉服美妆跟拍(长安十二时辰店),公司企业;公司;公司,108.96136197370558,34.21513864426785,雁塔区,108.966075,34.213575
B0LUY6WL83,果核宇宙MCN-总部,公司企业;公司;公司,108.95349020632496,34.199912150052334,雁塔区,108.958175,34.198325
B0L1L5EV28,陕西远景检验检测有限公司,公司企业;公司;公司,108.9647511943727,34.196186705860896,雁塔区,108.969475,34.194625
B0H69CLVU4,可为·茶務,购物服务;专卖店;专营店|餐饮服务;茶艺馆;茶艺馆|公司企业;公司;公司,108.95871557784275,34.21192012856611,雁塔区,108.963419,34.210349
B0FFHDY2LG,陕西省第八建筑工程公司第二分公司,公司企业;公司;建筑公司,108.9242534595342,34.22944531131002,雁塔区,108.928865,34.227821
B0MGM59W2Q,西安壹号设计装修公司,公司企业;公司;广告装饰,108.9265784608928,34.211713173233534,雁塔区,108.931193,34.210085
B0I6PUAD2W,心通达石业,公司企业;公司;广告装饰,108.9163289593578,34.19681735166403,雁塔区,108.920925,34.195175
B0FFJHF2K7,万嘉车道鑫恒辉汽车服务馆,公司企业;公司;公司|汽车服务;汽车服务相关;汽车服务相关,108.9363858258248,34.19710614731763,雁塔区,108.941021,34.195486
B0FFFZRPZC,陕西三森实业(集团)有限公司办公楼,商务住宅;楼宇;商务写字楼|公司企业;公司;公司,108.9393451136156,34.186716854457394,雁塔区,108.943987,34.185098
B0FFHC100R,超星集团,公司企业;公司;公司,108.94960112925727,34.19352954208252,雁塔区,108.954273,34.191932
B0GRHUV9J9,东方(西安)国际招标有限公司,公司企业;公司;公司,108.90600403849024,34.21607810888916,雁塔区,108.91059,34.214438
B0FFIA2ZKW,西安鸥鹏互联科技有限公司,公司企业;公司企业;公司企业,108.90972766931738,34.22666229278717,雁塔区,108.914318,34.225027
B0KDJZ2TN5,慈恩文创,公司企业;公司;公司,108.96005036316484,34.218480639489066,雁塔区,108.964759,34.216915
B0IKPZUROF,纽万创想,公司企业;公司;公司,108.9268830685253,34.22154135821777,雁塔区,108.931499,34.219917
B0FFGAM8S6,大唐联诚信息技术有限公司(西安),公司企业;公司;公司,108.94907166172118,34.21947570050804,雁塔区,108.953744,34.217886
B0LU2UVFWX,西安金印坊图文广告有限公司,公司企业;公司;广告装饰,108.93657620599936,34.186536347413735,雁塔区,108.941211,34.184913
B0HRCDLJCO,陕西地矿巽顺实业有限公司,公司企业;公司;公司,108.92542568904494,34.224169011352295,雁塔区,108.930039,34.222544
B0MGMH97JE,西安筑亿装饰集团,公司企业;公司;广告装饰,108.91646677406288,34.196701299614844,雁塔区,108.921063,34.195059
B0LKBAS8VV,西安铃牛信息科技有限公司,公司企业;公司;公司,108.93779747407643,34.207065553235346,雁塔区,108.942437,34.205451
B0FFI7SFP0,西安光远齿科技术有限公司,公司企业;公司;公司,108.90743544883924,34.20766072383616,雁塔区,108.912022,34.206018
B0L25SCI19,名韵整家装修装饰,公司企业;公司;广告装饰,108.94332064133886,34.19476529320334,雁塔区,108.947974,34.193156
B0KAZRCURX,八益食品,公司企业;公司;公司,108.91487871436962,34.21214901327161,雁塔区,108.919474,34.210511
B0G02Z3FZ0,伍月青广告印务锦旗灯箱条幅复印打印刻字(永松路店),公司企业;公司;广告装饰|生活服务;摄影冲印店;摄影冲印,108.92103019870798,34.228367735313995,雁塔区,108.925636,34.22674
B0FFM56WIE,西安嘉禾堂医药有限公司,公司企业;公司;医药公司,108.93103554430154,34.21948702939066,雁塔区,108.93566,34.217867
B001D06VCF,陕西华山九洲建筑劳务有限责任公司,公司企业;公司;建筑公司,108.91171263551632,34.224764178646794,雁塔区,108.916305,34.223129
B0FFJND3R4,迪卡建筑设计中心,公司企业;公司;公司,108.9348611259,34.18989183628037,雁塔区,108.939492,34.188267
B0FFH21HB7,益群国医堂办公区,公司企业;公司;公司,108.93181033258816,34.21315723710233,雁塔区,108.936436,34.211536
B0L6PUNRFN,全盛木业,购物服务;家居建材市场;建材五金市场|公司企业;公司;公司,108.96196298928872,34.225261558870265,雁塔区,108.966679,34.223703
B0JGCRPVBE,西安慧金科技有限公司,公司企业;公司;公司,108.9361630902111,34.21304202967841,雁塔区,108.940799,34.211427
B0KRGAQH01,优品家装饰集团,公司企业;公司;广告装饰,108.91597946021196,34.196667628524935,雁塔区,108.920575,34.195025
B0IK4USC01,鼎梦广告设计活动策划,公司企业;公司;广告装饰|科教文化服务;传媒机构;传媒机构,108.96215773814804,34.18301352285886,雁塔区,108.966871,34.181441
B0FFHUHN4A,陕西兴通监理咨询有限公司(吉祥路),公司企业;公司;建筑公司,108.91714354793145,34.224800065227804,雁塔区,108.921743,34.223168
B0FFGIZPIU,小寨津滔打印复印店,公司企业;公司;广告装饰,108.93995643223386,34.22466580691049,雁塔区,108.944603,34.223061
B0G217A0W8,国家电网,公司企业;公司;公司,108.95154442823866,34.18840417409049,雁塔区,108.956222,34.186809
B0JGDLOFON,辰宫地产(陕西长通),公司企业;公司;公司,108.91858541815404,34.18714495336285,雁塔区,108.923184,34.185501
B0HGC7IJUF,西安美至月广告工程有限公司,公司企业;公司;广告装饰|生活服务;摄影冲印店;摄影冲印,108.91138653683502,34.19323723942825,雁塔区,108.915976,34.191591
B0FFIA9XU2,西安小猪公寓物业管理有限公司,公司企业;公司;公司,108.91229273762175,34.227484924339976,雁塔区,108.916886,34.225851
B0I1N5AIOC,海燕图文广告,公司企业;公司;广告装饰,108.91054256260676,34.192170942732574,雁塔区,108.915131,34.190524
B0LAAUNDTS,今朝定制家具装饰家,公司企业;公司;广告装饰,108.94630165292948,34.22412052867733,雁塔区,108.950966,34.222527
B0GRVRSHMI,陕西聚鑫源集团股份有限公司,公司企业;公司;公司,108.92452942815918,34.18618196802939,雁塔区,108.929138,34.184543
B0HUAU82MQ,唐久便利店(阳阳国际店),公司企业;公司;公司,108.933182743059,34.21889333012393,雁塔区,108.937812,34.217276
B0IRJZNNM6,陕西赫禾儿医疗美容有限公司,公司企业;公司;公司,108.93309194835194,34.2189504368836,雁塔区,108.937721,34.217333
B0G3US11Y5,方华亿庭设计,公司企业;公司;广告装饰,108.93736217108685,34.187339858769434,雁塔区,108.941999,34.185718
B0FFIXK5WP,西安甄颜医疗美容管理有限公司,公司企业;公司企业;公司企业,108.94585485779652,34.20083052804377,雁塔区,108.950516,34.199228
B0FFJG1EQM,锐驰项目管理有限公司,公司企业;公司;公司,108.93501117464186,34.19721618289351,雁塔区,108.939643,34.195594
B001D0950Z,西安卫光电工厂,公司企业;公司企业;公司企业,108.9159091892662,34.21372482878106,雁塔区,108.920506,34.212088
B0KUB5YZ84,陕西秦巴山农业发展有限公司,公司企业;公司企业;公司企业,108.94687066370578,34.203139779560125,雁塔区,108.951535,34.20154
B0LKKSN1O6,西安排水集团有限公司雁塔管网运维中心,公司企业;公司;公司,108.95109071786196,34.22721973261933,雁塔区,108.95577,34.225637
B0G3MSVO4O,西安毅丰翻译有限公司,公司企业;公司;公司,108.91019997170348,34.191690234609084,雁塔区,108.914788,34.190043
B0GDSCRFXQ,湘义美图文广告,公司企业;公司;广告装饰,108.93060906534996,34.22461574453334,雁塔区,108.935233,34.222997
B0FFJWOJNK,68图文广告快印(政法大学店),公司企业;公司;广告装饰,108.94185358052935,34.20890311540256,雁塔区,108.946504,34.207296
B0LDH7LP81,益元温泡局,公司企业;公司;公司|生活服务;生活服务场所;生活服务场所,108.91181712974657,34.20462121347593,雁塔区,108.916408,34.202979
B0IGV74ILP,泽林广告快印(电信四所家属区南院店),公司企业;公司;广告装饰|生活服务;生活服务场所;生活服务场所,108.95102850215775,34.21999746487866,雁塔区,108.955707,34.218412
B0FFHB46ZC,西安彩晶光电科技股份有限公司,公司企业;公司;公司,108.90990675754578,34.19826015452565,雁塔区,108.914495,34.196615
B0FFJ3XZTV,三森纽约厅,购物服务;家居建材市场;家具建材综合市场|购物服务;家居建材市场;家具城|公司企业;公司;公司|生活服务;生活服务场所;生活服务场所,108.94068168335632,34.18520409429715,雁塔区,108.945327,34.183587
B0LUBDJAKT,壹亿图文广告,公司企业;公司;广告装饰,108.96221762025836,34.18181176248335,雁塔区,108.966931,34.180239
B0FFM14FIA,莱安地产集团有限公司,公司企业;公司;公司,108.9458140466853,34.19997789452262,雁塔区,108.950475,34.198375
B0FFG77TJT,西部国家版权交易中心,公司企业;公司;公司|政府机构及社会团体;政府机关;政府机关相关,108.95582615752502,34.19122784079366,雁塔区,108.960518,34.189643
B0HAVZ7V7T,品盛图文广告,公司企业;公司;广告装饰,108.92338362197708,34.209780181628844,雁塔区,108.927992,34.208148
B0FFFPU1F6,瑞奇眼镜工作室(小寨店),公司企业;公司企业;公司企业,108.94286755134202,34.22394599790417,雁塔区,108.947522,34.222346
B0HA5YN8JK,西安范老三环保科技有限公司,购物服务;专卖店;专营店|公司企业;公司;公司|汽车维修;汽车维修;汽车维修,108.93645433192606,34.2135094194779,雁塔区,108.941091,34.211895
B0HGXSXHZU,巨欢图文广告,公司企业;公司;广告装饰|生活服务;生活服务场所;生活服务场所,108.92916839369052,34.184344338334895,雁塔区,108.933786,34.18271
B0FFMBQGEQ,西安缘亿建筑安装工程有限公司,公司企业;公司;建筑公司,108.93501775499232,34.18982262788023,雁塔区,108.939649,34.188198
B0K2R5ADM8,恒大国际公寓物业服务部,公司企业;公司;公司,108.94105824566472,34.202785601477096,雁塔区,108.945706,34.201175
B0HKCS6RZB,兴唐通信科技有限公司,公司企业;公司;公司,108.9494056286173,34.219488014762014,雁塔区,108.954079,34.217899
B001D07PG1,长海图文广告,公司企业;公司;广告装饰|生活服务;生活服务场所;生活服务场所,108.91741317389952,34.22455296590087,雁塔区,108.922013,34.222921
B001D0Z913,西安东风仪表厂,公司企业;工厂;工厂,108.92201904072093,34.20950856237292,雁塔区,108.926625,34.207875
B0L11CL7UB,湘兰图文广告,公司企业;公司;广告装饰,108.95046636915625,34.19422851964606,雁塔区,108.955141,34.192633
B0FFHEGCZ4,西安创联新能源设备有限公司,公司企业;公司;公司,108.9066890251397,34.20886748601971,雁塔区,108.911275,34.207225
B0FFFDUVXZ,陕西亮业科建设工程集团有限公司,公司企业;公司;公司,108.93486412096954,34.18986384107381,雁塔区,108.939495,34.188239
B0FFH2G5BJ,西安朗顿翻译有限公司,公司企业;公司;公司,108.91321672449456,34.22614595298834,雁塔区,108.917811,34.224512
B0H1F5EPC7,华夏广告印刷城,公司企业;公司;广告装饰,108.94124354892936,34.20518246217825,雁塔区,108.945892,34.203573
B0FFH36KGD,艾克森国际翻译,公司企业;公司;公司,108.94237812225894,34.20902814408211,雁塔区,108.94703,34.207422
B0L24AONV5,西安智新电器有限公司,公司企业;公司企业;公司企业,108.91852947797626,34.21238647158021,雁塔区,108.92313,34.210751
B001D11TZO,西安盛业印务有限公司,公司企业;公司;公司|生活服务;生活服务场所;生活服务场所,108.90851292357888,34.226379798635,雁塔区,108.913102,34.224744
B0K0CC91MV,冠珠瓷砖,公司企业;公司;公司,108.9152165129388,34.19655714130121,雁塔区,108.919811,34.194914
B0FFKMP9ZQ,西安桔子装饰,公司企业;公司;广告装饰,108.94131837924822,34.20476347574061,雁塔区,108.945967,34.203154
B0FFF9WO3P,雅文印章图文广告(刻章),公司企业;公司;广告装饰|生活服务;摄影冲印店;摄影冲印,108.92713494071786,34.22932525529911,雁塔区,108.931752,34.227704
B0GKRUBK37,西安岚庭装饰,公司企业;公司;广告装饰,108.9348718755028,34.205076724481145,雁塔区,108.939504,34.203457
B0H0MLLB6V,壹为弘吉品牌设计,公司企业;公司;广告装饰,108.94713008265742,34.200741086426426,雁塔区,108.951795,34.199141
B0IKUD4AQM,赛度家居,公司企业;公司;广告装饰,108.92735501223528,34.21054570066513,雁塔区,108.931971,34.208918
B0FFHM8BA9,二一零所厂区,公司企业;公司企业;公司企业,108.9129819389104,34.214613190326936,雁塔区,108.917575,34.212975
B0IGN56H01,齐智创客教育科技有限公司,公司企业;公司;公司,108.90769361328212,34.215096065648154,雁塔区,108.912281,34.213456
B001D08EQ3,自力集团,公司企业;公司;公司,108.9095368619277,34.22673933253972,雁塔区,108.914127,34.225104
B0MGACFA4Z,世纪威锋(小寨西路店),公司企业;公司;公司,108.94068348813362,34.22466357350581,雁塔区,108.945332,34.22306
B0J1TUIH82,星辰云控股,公司企业;公司;公司,108.9536134993674,34.21593534837948,雁塔区,108.9583,34.214354
B0L3HLBNSD,西安橙瑾置业有限公司,公司企业;公司;公司,108.9092253387808,34.18734601084321,雁塔区,108.913812,34.185697
B0FFIII8RA,陕西秦旅旅游集团有限公司,公司企业;公司;公司,108.92780659049669,34.229295490992094,雁塔区,108.932425,34.227675
B0JBOZI9KD,视立美数字科技(西安)有限公司,公司企业;公司;公司,108.948283557104,34.20124162854208,雁塔区,108.952952,34.199644
B0FFIPJ791,西安创为物业管理有限公司,公司企业;公司;公司,108.90632943255194,34.20769396885155,雁塔区,108.910915,34.206051
B0H1ZH7Z6N,昊辰建工,公司企业;公司;公司,108.94927768618544,34.19901736872562,雁塔区,108.953949,34.197421
B0LKMM5K5W,陕西华夏建筑设计有限公司,公司企业;公司;广告装饰|公司企业;公司;建筑公司,108.96505119602595,34.19482139889047,雁塔区,108.969776,34.19326
B0FFM1NUE5,陕西锦辉商贸有限公司,公司企业;公司;公司,108.90563725857416,34.217150797546374,雁塔区,108.910223,34.215511
B0L0NUSQEW,芳菲数码影像工作室(政府小区店),科教文化服务;传媒机构;传媒机构|公司企业;公司;公司|生活服务;摄影冲印店;摄影冲印,108.9207646213064,34.22859088284181,雁塔区,108.92537,34.226963
B0FFHC17EC,陕西天基通信科技有限责任公司,公司企业;公司;公司,108.90654329152642,34.20713811509989,雁塔区,108.911129,34.205495
B0FFHFYVIQ,陕西省设备安装工程公司第五工程处,公司企业;公司;建筑公司,108.92025101621957,34.221699808847525,雁塔区,108.924855,34.220069
B0MGZUJQCB,陕西海堂项目管理咨询有限公司,公司企业;公司;公司,108.9211721744254,34.21327900526148,雁塔区,108.925777,34.211646
B0J0TZY3SF,陕西康桥智慧考试服务有限公司,公司企业;公司;公司,108.99787017761068,34.22860270154434,雁塔区,109.002732,34.227147
B0M66HA28U,西安盒马前置仓汉华城站,公司企业;公司;公司,108.99366695106043,34.208093723234725,雁塔区,108.998509,34.206618
B001D0VEX4,太阳食品集团生活小区,公司企业;公司;公司,108.97108398124335,34.222745902966835,雁塔区,108.975834,34.22121
B0GDOMQ75I,西安演艺集团,公司企业;公司;公司,108.99388995290036,34.22061165192068,雁塔区,108.998734,34.219141
B0KR1MNMQM,陕建曲江保回迁五典坡安置小区项目,公司企业;公司;公司,109.019644579643,34.21687280056254,雁塔区,109.024598,34.215478
B001D0VQAO,西北有色地质研究院,公司企业;公司;公司|科教文化服务;科研机构;科研机构,108.98126652307288,34.22935897046755,雁塔区,108.986058,34.227854
B0FFJT9UEA,陕西有色建设有限公司,公司企业;公司;建筑公司,108.9791412481536,34.22945205037361,雁塔区,108.983924,34.227941
B0FFKODE67,基准方中建筑设计有限公司西安分公司,公司企业;公司企业;公司企业,109.0068496783636,34.21502632837492,雁塔区,109.011749,34.213593
B0LB5H1W58,太平堡项目部,公司企业;公司;公司,109.01889042004017,34.2200868348677,雁塔区,109.023841,34.218691
B0I39M0KB5,中国有色金属工业西安勘察设计研究院有限公司,公司企业;公司;公司,108.9756517034188,34.225519350727595,雁塔区,108.98042,34.223997
B0FFG3ZGAJ,艺设图文广告(曲江中和府店),公司企业;公司;广告装饰|生活服务;摄影冲印店;摄影冲印,108.99287591419792,34.225222057211695,雁塔区,108.997716,34.22375
B0HAHAH1W3,国网西安市南供电公司,公司企业;公司;公司,108.99024592352949,34.203824490943674,雁塔区,108.995073,34.202337
B0L0JXGGRW,西部电影集团有限公司,公司企业;公司;公司,108.96748862095023,34.22470474316981,雁塔区,108.972225,34.22316
B0FFG9UWLN,西安北方秦川集团有限公司一分厂,公司企业;工厂;工厂,109.02336051248164,34.22748541041172,雁塔区,109.02833,34.226105
B0GUZLG9HM,绿地曲江名城睿海大厦中铁一局建安公司,公司企业;公司;公司,109.01177083109091,34.22520592410973,雁塔区,109.016692,34.223791
B0IGGMU1OO,曲江乐居物业服务中心,公司企业;公司;公司,108.99732230960896,34.19535997133516,雁塔区,109.002179,34.193891
B0FFLAAUOY,曲江文化产业集团,公司企业;公司;公司,109.0059707992878,34.21083245142734,雁塔区,109.010866,34.209395
B0FFI7KHZ2,西安曲江新区圣元热力,公司企业;公司;公司,109.0022074743292,34.20492589756897,雁塔区,109.007086,34.203475
B0FFKBMHTA,异构国际设计,公司企业;农林牧渔基地;其它农林牧渔基地,109.00893100251254,34.212310010598465,雁塔区,109.013839,34.210882
B0I3TRGS3R,曲江中大项目部,公司企业;公司;公司,109.01441189836144,34.186938238104,雁塔区,109.019341,34.185518
B0FFJVJOAD,陕西万众控股集团有限公司(曲江池东路店),公司企业;公司企业;公司企业,108.9846519561102,34.19897976023052,雁塔区,108.989455,34.197474
B0L25HCWCY,金链企服(陕西)信息咨询服务有限公司,公司企业;公司;公司,108.992433448308,34.21752514738592,雁塔区,108.997271,34.216049
B0LDRLJQ7B,西安今朝装饰(曲江旗舰店),公司企业;公司;广告装饰,109.00878722928564,34.205014966146635,雁塔区,109.013694,34.203584
B001D097U2,陕西路桥集团路面工程有限公司,公司企业;公司;公司,108.99384258529136,34.22746432396841,雁塔区,108.998687,34.225996
B0LA5APRHF,西安天子出租汽车集团有限公司,公司企业;公司;公司,108.99738562966574,34.22421976351558,雁塔区,109.002245,34.222761
B0LKHZPO72,盒马西安曲江香都仓,公司企业;公司;公司,108.978305307957,34.18517670287734,雁塔区,108.983081,34.183648
B0FFGMMO4O,西安热工院新区,公司企业;公司企业;公司企业,108.99831493811688,34.220510273086816,雁塔区,109.003178,34.219053
B0FFJOC03S,MONVAL慕薇全球婚纱艺术馆,公司企业;公司;公司|购物服务;购物相关场所;购物相关场所,108.98610086326876,34.19912343770539,雁塔区,108.99091,34.197622
B0FFJCVDEK,合生源福灸堂(中海·凯旋新天地店),公司企业;公司;公司,108.97210009524522,34.185224970495604,雁塔区,108.976851,34.183679
B0HG0NUP8O,中震科创空间,公司企业;公司;公司,108.9784163715856,34.227441852112186,雁塔区,108.983196,34.225928
B0J2M5VU1N,奈山造物,公司企业;公司;公司,109.00813440545038,34.21232040338993,雁塔区,109.013039,34.21089
B0JKTD4FV6,华睿诚工程设计有限公司,公司企业;公司;广告装饰,109.01085983419794,34.211722433465795,雁塔区,109.015776,34.2103
B0GD95LX4B,快印象图文广告快印,公司企业;公司;广告装饰|生活服务;生活服务场所;生活服务场所,108.99118337662696,34.19842350647605,雁塔区,108.996014,34.196937
B0J06UOZX2,西安黑河供水有限责任公司输水渠道管理分公司,公司企业;公司;公司,108.96682295396602,34.190261355252645,雁塔区,108.971554,34.188703
B0J1JSW5VR,北京经纬恒润科技股份有限公司西安分公司,公司企业;公司;公司,108.9978054842084,34.22826702050093,雁塔区,109.002667,34.226811
B0L3UUHUJA,鹤长安低碳食疗诊所,公司企业;公司企业;公司企业,109.00812047467365,34.21220548547661,雁塔区,109.013025,34.210775
B0FFKBC67X,上海憬华装饰(西安设计中心),公司企业;公司;公司,109.00806868882052,34.212292610992804,雁塔区,109.012973,34.210862
B0LAUR7F5S,星耀图文广告传媒,公司企业;公司;广告装饰,109.0057583089218,34.21562941415885,雁塔区,109.010653,34.214193
B0L3JDEFD5,保利天瑞二标段中天西北项目部,公司企业;公司;公司,108.9934660881364,34.2287999746821,雁塔区,108.998309,34.227331
B0KB1Z0URH,陕西延长石油能源化工工程有限公司,公司企业;公司企业;公司企业,109.00127090613232,34.22407201347766,雁塔区,109.006147,34.222625
B0LUXCL9BS,麦当劳(嘉德汇店),公司企业;公司企业;公司企业,108.97101048328136,34.18356046115596,雁塔区,108.975757,34.182011
B0H6P7RILM,金地智慧服务集团西北区域公司,公司企业;公司;公司|生活服务;物流速递;物流速递,108.98013593420598,34.19599190345905,雁塔区,108.98492,34.194472
B0KAJCUMY8,西安交通大学高端制造装备协同创新中心,科教文化服务;学校;高等院校|公司企业;公司;公司,108.99905858313689,34.222329362601684,雁塔区,109.003925,34.220875
B0LAV761YK,陕西秦源建设有限公司,公司企业;公司;建筑公司,109.00523538264264,34.181874368145486,雁塔区,109.010125,34.180425
B0KKGUE69C,华创启航装饰装修,公司企业;公司;广告装饰,109.0202269694716,34.21940522764749,雁塔区,109.025183,34.218013
B0MGMRASH4,正德堂曲江中医诊所,公司企业;公司;医药公司,108.980042088767,34.21090708620272,雁塔区,108.984827,34.209392
B0FFFDJHO8,中核西北建设集团有限公司(西影路),公司企业;公司;建筑公司,108.97765144553586,34.227862871209744,雁塔区,108.982428,34.226347
B0FFGH9VOV,陕西环发新能源有限公司,公司企业;公司;公司,108.9989492801834,34.21962166303782,雁塔区,109.003815,34.218166
B0IU95S2KE,西野空间设计,公司企业;公司;广告装饰,109.0081463596246,34.21225738940645,雁塔区,109.013051,34.210827
B0LU6LOH5Z,西安魏客餐饮管理有限公司曲江新区分公司,公司企业;公司;公司,109.00898685245308,34.21125820965713,雁塔区,109.013895,34.20983
B0JR0RVCC4,勇鹤图文广告,公司企业;公司;广告装饰,109.00615239261424,34.19446447316613,雁塔区,109.011047,34.193022
B0FFGXGS3D,金螳螂家(西安店),公司企业;公司;广告装饰,109.01426972583884,34.19608663662299,雁塔区,109.019199,34.194669
B0H1PMMNU4,福伺慢影潮趴私娱轰趴(精奢豪装西影厂店),体育休闲服务;娱乐场所;娱乐场所|公司企业;公司;公司,108.96782145138174,34.22358627627474,雁塔区,108.972559,34.222042
B0FFKKHU2A,新印美图文广告,公司企业;公司;广告装饰|生活服务;摄影冲印店;摄影冲印,108.9744504718736,34.2258875608845,雁塔区,108.979214,34.224362
B0FFFCLN66,西安元创化工科技股份有限公司,公司企业;公司;冶金化工,109.0012988068554,34.22382201884345,雁塔区,109.006175,34.222375
B0K2MHUB8B,陕西天通瑞电力科技有限公司,公司企业;公司;公司,109.01195150019892,34.208160411722666,雁塔区,109.016872,34.20674
B0IA97R3B8,陕西坤鸿达再生资源回收有限责任公司,公司企业;公司;公司,109.01881811190842,34.22726545774371,雁塔区,109.023769,34.225872
B0FFMHK2ZM,瑞恒项目管理有限公司,公司企业;公司;公司,109.01080906891062,34.21149766361589,雁塔区,109.015725,34.210075
B0FFIU8Z5D,陕西信远工程造价咨询有限公司,公司企业;公司企业;公司企业,109.01049143191918,34.21135366400248,雁塔区,109.015406,34.20993
B0KAN5ZE6C,陕西建设监理有限公司,公司企业;公司;公司,109.0112484925392,34.208042549292514,雁塔区,109.016166,34.20662
B0MBY15I8O,泉柏图文广告,公司企业;公司;广告装饰,109.007134285989,34.21708574259438,雁塔区,109.012035,34.215654
B0HA2SPPPP,西安泊艺轩装饰工程有限公司,公司企业;公司;广告装饰,109.00990397870558,34.210810612723066,雁塔区,109.014816,34.209385
B0IUASXSEM,锦红图文广告(金地·翔悦天下店),公司企业;公司;广告装饰,109.0083958336863,34.205820867111726,雁塔区,109.013301,34.204389
B0KDADF20C,MTKE·德国蒂升别墅电梯,公司企业;公司;公司,108.99425330415156,34.20968639919613,雁塔区,108.999098,34.208213
B0LGAUNN2P,嘉恒国际项目部,公司企业;公司;公司,109.0055234549472,34.213986702428315,雁塔区,109.010417,34.212549
B0MGX5XZQI,景艺设计,公司企业;公司;广告装饰,109.0094577413356,34.21247037252705,雁塔区,109.014368,34.211044
B0FFKGJCKW,启创图文(曲江店),公司企业;公司;广告装饰|生活服务;生活服务场所;生活服务场所,108.99633812105316,34.18841925229339,雁塔区,109.00119,34.186945
B0GRJRQSN9,西安道生中医医院有限公司,公司企业;公司;公司,108.98034205398493,34.19639717481908,雁塔区,108.985127,34.194878
B0GU35JYX0,西安曲江电竞产业园发展有限公司,公司企业;公司;公司,108.98760092220718,34.1823985000238,雁塔区,108.992415,34.180896
B0L0ZDEU1O,TKE蒂升电梯西安展厅,公司企业;公司;公司,108.98458656916274,34.20696423291512,雁塔区,108.98939,34.205461
B0I1VU4386,华能新能源股份有限公司,公司企业;公司;公司,108.9978658967334,34.22021074383265,雁塔区,109.002727,34.218752
B0JB4U450D,西安聚城房地产营销策划有限公司,公司企业;公司;公司|生活服务;生活服务场所;生活服务场所,109.00884401778698,34.20464592175747,雁塔区,109.013751,34.203215
B0H04DBDM8,唐久便利(中海观园B区店),公司企业;公司;公司,108.97967380994568,34.22046977241368,雁塔区,108.984458,34.218957
B0FFKSTJQI,琥珀装饰设计工程有限公司,公司企业;公司;广告装饰,108.9947997254158,34.18846989764538,雁塔区,108.999645,34.186991
B0H2F7LBH8,曲江第一学校项目部,公司企业;公司;公司,109.01428145425156,34.18685265125526,雁塔区,109.01921,34.185432
B0FFHYL0IH,陕西常瑞建设工程有限公司,公司企业;公司;公司,108.97980871274912,34.22706001061983,雁塔区,108.984594,34.22555
B0KUMO61H2,众诚齐力,公司企业;公司;公司,108.98340893303508,34.18947156902972,雁塔区,108.988206,34.187959
B0FFHVML0W,新坐标广告图文快印(西影社区店),公司企业;公司;广告装饰|生活服务;摄影冲印店;摄影冲印,108.96776652785398,34.22519483949597,雁塔区,108.972504,34.223651
B0LAHRFRK7,西安曲江330千伏输变电工程项目,公司企业;公司;公司,109.0058294349024,34.22240878731898,雁塔区,109.010725,34.220975
B0FFI4I0WG,天浩控股集团有限公司,公司企业;公司;公司,109.01189231628796,34.22520156360299,雁塔区,109.016814,34.223787
B0J3KRIQ00,西安话筒云仓,公司企业;公司;公司,108.99188672260756,34.20625872601627,雁塔区,108.996721,34.204777
B0J2R5R93V,陕西航志装饰,公司企业;公司;建筑公司,109.01613297569556,34.20717439042252,雁塔区,109.021071,34.205766
B0L2CRIPAW,肆方设计,公司企业;公司;广告装饰,108.96958704349294,34.1950704966001,雁塔区,108.974329,34.193521
B0KKBCV32O,王奇制冷设备有限公司,公司企业;公司;公司,108.98935277613931,34.19111943008362,雁塔区,108.994175,34.189625
B0K1XC7K4D,西安胜坤机械工程有限公司,公司企业;公司;机械电子,109.02268571271529,34.221971306077414,雁塔区,109.027652,34.220587
B0L3JMDXMT,陕西西影无界科技有限公司,公司企业;公司;公司,108.9667416708138,34.22187570412176,雁塔区,108.971475,34.220328
B0LRHU8MBH,中国华冶生化新能源科技院,公司企业;公司企业;公司企业,108.99762926775976,34.227969664004334,雁塔区,109.00249,34.226513
B0GRO76PEL,西安米粒机器人科技有限公司,公司企业;公司;公司,109.01041081318532,34.21089906360932,雁塔区,109.015325,34.209475
B0LUDR6X1V,中铁二十一局集团德盛和物业管理有限公司,公司企业;公司;公司,108.9972424749884,34.209488408213474,雁塔区,109.0021,34.208024
B0G3AP94FS,九鼎大荔同州水盆(真爱万科公园华府店),公司企业;公司企业;公司企业,109.00952910825244,34.22827251583393,雁塔区,109.014441,34.226852
B0HKLAQ12Q,其琛空间创意设计事务所,公司企业;公司;广告装饰,108.989551203272,34.199915899788884,雁塔区,108.994375,34.198425
B0LR0OP3XP,陕西宏宁新商贸有限公司,公司企业;公司;商业贸易,108.98183468225857,34.18689299974361,雁塔区,108.986625,34.185375
B0FFJLU9PO,中铁二十一局集团德盛和投资发展有限公司,公司企业;公司企业;公司企业,108.98921147818824,34.20194522876366,雁塔区,108.994034,34.200454
B0LURS3VMZ,陕西瑞羿思创电子科技有限公司,公司企业;公司;公司,109.01114393429286,34.20806985213076,雁塔区,109.016061,34.206647
B0JGVH76A3,陕西宝方科技有限公司,公司企业;公司;网络科技,108.97201138970766,34.222398515838776,雁塔区,108.976765,34.220865
B0KKO70OGP,中核(西安)工程设计有限公司,公司企业;公司;公司,108.97778188748958,34.22821237408753,雁塔区,108.982559,34.226697
B0J3A5IDF2,思达创旭,公司企业;公司;公司,108.98747741015796,34.21900646902888,雁塔区,108.992294,34.217516
B0KAUHH1TG,陕西创昱元项目管理有限公司,公司企业;公司;公司,108.99932585911672,34.21721437381736,雁塔区,109.004193,34.215759
B0JULRYKZH,中建一局西安地铁八号线工程施工总承包1标段项目五分部,公司企业;公司;公司,109.02470044628612,34.223603062305514,雁塔区,109.029675,34.222225
B0LABD1SUC,中建五局曲江中小学实践楼项目部,公司企业;公司;公司,109.01402853638211,34.18664346696037,雁塔区,109.018956,34.185222
B0L6MZOOVH,中国移动曲江新区分公司,公司企业;公司;公司,108.9874462106614,34.210943398856905,雁塔区,108.992262,34.20945
B0J1XZSJR0,西安天易装饰设计工程有限公司,公司企业;公司;广告装饰,108.98017642049824,34.21232020724898,雁塔区,108.984962,34.210806
B0LBRDJ808,门里门外广告,公司企业;公司;广告装饰,108.99667274006164,34.187725464216875,雁塔区,109.001526,34.186252
B0K2XO8KJH,西安如一四叶草医疗美容有限公司,公司企业;公司;公司,109.00945175811287,34.21257435414073,雁塔区,109.014362,34.211148
B0KD5ZU7YV,陕西甄铭项目管理有限公司,公司企业;公司;公司,109.00876233776248,34.20498904986151,雁塔区,109.013669,34.203558
B0LKGC2T0L,喵仙堡宠物用品有限公司,公司企业;公司;公司,108.97002725757372,34.18396896878569,雁塔区,108.97477,34.182417
B0LR3DD3T5,橱乐全屋定制办事处,公司企业;公司;公司,109.00945175811287,34.21257435414073,雁塔区,109.014362,34.211148
B0G19U9SSO,陕西圣木集团有限公司,公司企业;公司;公司,108.99692537076614,34.22709311982738,雁塔区,109.001783,34.225634
B0FFFDGVKE,西安滨润环保科技有限公司,公司企业;公司;公司,108.97914436284036,34.22790860508125,雁塔区,108.983927,34.226397
B0LKCL1XFR,唐碳,公司企业;公司;公司,108.97202129259352,34.2231082338804,雁塔区,108.976775,34.221575
B0LU47OPDB,陕西九上科技发展有限公司(无人机培训机构),公司企业;公司;公司,108.97740879278768,34.22345115601472,雁塔区,108.982184,34.221933
B0IA35XY6X,西影数码科技,公司企业;公司企业;公司企业,108.96669184610552,34.22202278047117,雁塔区,108.971425,34.220475
B0L31ZUDFU,陕西博元实业有限公司,公司企业;公司;公司,109.00778167028368,34.215226446728984,雁塔区,109.012685,34.213796
B0FFGC31GH,西安龙湖物业服务有限公司,公司企业;公司;公司,108.9857159828305,34.21722132331873,雁塔区,108.990525,34.215725
B0LUPZ1AT6,一诺快记西安第四分公司,公司企业;公司;公司,109.00990979173136,34.212739922307065,雁塔区,109.014822,34.211315
B0JB3SEB2S,延兴门南村安置小区项目,公司企业;公司;公司,109.0016687441547,34.229426859672024,雁塔区,109.006547,34.227983
B0FFJ1P3CP,西安康桥教育研究有限公司,公司企业;公司;公司|科教文化服务;科教文化场所;科教文化场所,108.99893434360035,34.219632704483985,雁塔区,109.0038,34.218177
B0I1VUX069,华商传媒集团,公司企业;公司;公司,109.00876760840464,34.21340311935034,雁塔区,109.013675,34.211975
B0FFL34KWS,西安素梅中医药科技有限公司(雁塔中医诊所),公司企业;公司;公司,108.99236475725262,34.21734341883141,雁塔区,108.997202,34.215867
B0IBCULMM9,西安博隆商业运营管理有限公司,公司企业;公司;公司,108.98969559456256,34.199854488244625,雁塔区,108.99452,34.198364
B0H3FH8WMP,陕西东江电力建设有限公司,公司企业;公司;建筑公司,108.9970577046854,34.228250296790485,雁塔区,109.001916,34.226792
B0FFJRV1SC,创世恒达广告,公司企业;公司;广告装饰,108.99300990593376,34.2184280881537,雁塔区,108.99785,34.216954
B0LG751R5S,玖號方舟中国运营中心,公司企业;公司;公司,108.98230901368213,34.19541480987822,雁塔区,108.987102,34.193901
B0FFHW3JPL,西安交大一八九六科技双创基地,公司企业;公司;公司,108.99872126336015,34.219609360161265,雁塔区,109.003586,34.218153
B0HG0CYHBZ,佰盛居装饰工程有限公司,公司企业;公司;广告装饰,109.01040583286428,34.21091707225127,雁塔区,109.01532,34.209493
B0FFG8SFOC,陕西大华消防工贸有限责任公司,公司企业;公司;公司|购物服务;专卖店;专营店,109.02014087232187,34.22473356352571,雁塔区,109.025097,34.223343
B0GRBZFQM6,陕西名欧控股集团有限公司,公司企业;公司;建筑公司,109.016782274853,34.20705353189543,雁塔区,109.021723,34.205647
B0FFLNB0XG,陕西佳天宇建设工程有限公司,公司企业;公司;公司,108.98932744350503,34.196426742459046,雁塔区,108.99415,34.194934
B0H0P5DHTA,西安盘相数字科技有限公司,公司企业;公司;公司,108.9976332383962,34.22811659838421,雁塔区,109.002494,34.22666
B0JUTUEVJ2,中国二十二冶集团西北分公司,公司企业;公司;公司,109.0119490760028,34.22519739598916,雁塔区,109.016871,34.223783
B0GRRSJ1ZR,工科实业集团有限公司,公司企业;公司;公司,108.974522182381,34.225936344422216,雁塔区,108.979286,34.224411
B0LB9SX17E,西安青禾空间设计有限公司,公司企业;公司;广告装饰,109.00992174392246,34.212702899425004,雁塔区,109.014834,34.211278
B0FFGC1Y7R,西安水务集团集采中心,公司企业;公司;公司,108.99099264905348,34.22900135433671,雁塔区,108.995825,34.227525
B0LGPMKLD6,新华文创共创中心,公司企业;公司;公司,108.9667775253095,34.222005564629455,雁塔区,108.971511,34.220458
B0FFMBFBT4,陕西卓唐建设工程有限公司,公司企业;公司;建筑公司,108.97914353949696,34.213691689553734,雁塔区,108.983925,34.212175
B0K2ZU5VDZ,铁一村安置楼项目部,公司企业;公司;公司,108.99421781143992,34.22943646962977,雁塔区,108.999064,34.22797
B0JK9ZA2FN,西安坐标原点地理空间研究院有限公司,公司企业;公司企业;公司企业,108.9926855315393,34.22759676973089,雁塔区,108.997525,34.226125
B0MB4SYLTU,中悠企服•公司注册•资质办理,公司企业;公司;公司,109.0106547446661,34.21126520616221,雁塔区,109.01557,34.209842
B0LUL51EXB,西安广瑞保安服务有限责任公司,公司企业;公司;公司,108.9716617441707,34.222558407731626,雁塔区,108.976414,34.221024
B0KG3ZMQ5O,中广文投(陕西)教育科技有限公司,公司企业;公司;公司,109.01066569716464,34.21127616957991,雁塔区,109.015581,34.209853
B0IRA7WVDV,曲江轻轨项目部,公司企业;公司;公司,108.9773421346768,34.21044594516454,雁塔区,108.982116,34.208923
B0FFKLF9VJ,鸿川建筑产业集团有限公司,公司企业;公司企业;公司企业,109.01077319024144,34.21186864152754,雁塔区,109.015689,34.210446
B0IUHSQD5O,O2BOX高压氧舱西安运营中心,公司企业;公司;公司,108.98462923051576,34.196812555172755,雁塔区,108.989432,34.195306
B0I16AX8SN,陕西星邑空间技术有限公司,公司企业;公司;公司,109.00652010971928,34.21480540140846,雁塔区,109.011418,34.213371
B0G2PAH86R,茅台品藏馆(贵州茅台专卖)茅台编号-001曲江店,公司企业;公司;公司,108.98285048881851,34.210862968040544,雁塔区,108.987647,34.209356
B0L2R5MPVP,马腾空钢琴仓库,公司企业;公司;公司,109.02390376348394,34.22225577445339,雁塔区,109.028875,34.220875
B0FFKXUD92,西安富之港酒业有限公司,购物服务;专卖店;烟酒专卖店|公司企业;公司;公司,108.99095710603972,34.20126122811312,雁塔区,108.995787,34.199775
B0L0PU13ZQ,陕西中能起航能源科技有限责任公司,公司企业;公司;公司,108.987172359813,34.21103618037974,雁塔区,108.991987,34.209542
B0I3ZASI5C,陕西省化工产品质量检验检测站有限公司,公司企业;公司;公司,108.97077567720868,34.228859518521425,雁塔区,108.975525,34.227325
B0HG5CBJ4C,陕西源平环保科技有限公司,公司企业;公司;公司,108.98068313563152,34.22685856761062,雁塔区,108.985472,34.225351
B0LAKRL9PM,贵州酱酒西北运营中心,公司企业;公司;公司,108.99539334536212,34.210459679284625,雁塔区,109.000243,34.20899
B0FFGC2X0R,中冶一曲江山物业,公司企业;公司;公司,108.99170757341992,34.21725942816333,雁塔区,108.996542,34.215781
B0H2CZUARY,西安饮食股份有限公司,公司企业;公司;公司,108.96657331511634,34.2217341907542,雁塔区,108.971306,34.220186
B0FFKCSKVN,西安天华建筑设计有限公司,公司企业;公司;公司,109.00830162036054,34.21315560788407,雁塔区,109.013207,34.211726
B0G2K7UGYS,瑞新文化,公司企业;公司;公司,109.00342945671926,34.20203717376983,雁塔区,109.008313,34.200589
B0L65Z7KZH,陕西云上文旅科技有限公司,公司企业;公司;公司,108.99768403323486,34.227954503240646,雁塔区,109.002545,34.226498
B0FFGC34FB,中海物业管理有限公司,公司企业;公司;公司,108.98730180988969,34.21107478234527,雁塔区,108.992117,34.209581
B0FFGHAXM2,西安市测绘仪器厂,公司企业;公司;冶金化工,108.98032860968806,34.22667465608431,雁塔区,108.985116,34.225166
B0J0OHCB21,西牛皮防水科技示范基地,公司企业;农林牧渔基地;其它农林牧渔基地,108.98064231232247,34.22675472308423,雁塔区,108.985431,34.225247
B0GR2ABWUI,庭韵市政园林公司,公司企业;公司;公司,108.9953893512762,34.21059464446657,雁塔区,109.000239,34.209125
B0J1XHQGVR,中交第二公路工程局有限公司,公司企业;公司;公司,109.0075060318057,34.22496980126074,雁塔区,109.012409,34.223542
B0G3JU7QWP,陕西华远医药集团申宝有限公司,公司企业;公司;公司,109.00891706679695,34.212253072370984,雁塔区,109.013825,34.210825
B0L3ASU6JJ,西安创意谷仓,公司企业;公司;公司,109.016087141251,34.207483418262534,雁塔区,109.021025,34.206075
B0LBD5QUAA,西安博源电气有限公司,公司企业;公司;机械电子,108.9980620919829,34.21973131898664,雁塔区,109.002924,34.218273
B0G2AOCD2X,金地物业,公司企业;公司;公司,108.99702819610094,34.18790732611299,雁塔区,109.001883,34.186435
B0IU6UTGBM,惠客鲜品,公司企业;公司;公司,109.01471492225124,34.20714057111765,雁塔区,109.019647,34.205728
B0G1DZDH79,陕西延长青山科技工程有限公司,公司企业;公司;冶金化工,108.9705107190585,34.22868629393207,雁塔区,108.975259,34.227151
B0G1XAHEEP,叶枝六月COFFEE,公司企业;公司;公司,108.96750267136753,34.22344116216885,雁塔区,108.972239,34.221896
B0KDXAQVOW,紫旭建设工程有限公司(办公室),公司企业;公司;建筑公司,109.01125347081243,34.20804953201599,雁塔区,109.016171,34.206627
B0LRK9ILG7,(吊篮租赁)陕西嘉年祥建筑工程有限公司,公司企业;公司;建筑公司,108.9666809309806,34.1970664629872,雁塔区,108.971412,34.19551
B0FFG77OIN,西安开元电子实业有限公司,公司企业;公司企业;公司企业,108.99312667410688,34.2272185761258,雁塔区,108.997968,34.225748
B0K1HCTG4B,西安三清堂医药有限公司第一分公司,公司企业;公司;公司,109.0091112126192,34.21255538336213,雁塔区,109.01402,34.211128
B0L2LXQ214,星河湾甲方项目部,公司企业;公司;公司,109.00881706120325,34.217401562141795,雁塔区,109.013725,34.215975
B0L2B7M39E,迈瑞,公司企业;公司;公司,108.9811856968204,34.20708811080382,雁塔区,108.985975,34.205575
B0KRBSRCEW,陕西东朋生物科技有限公司,公司企业;公司;公司,109.0114924558028,34.2080558165045,雁塔区,109.016411,34.206634
B0IR4D2F2D,置能建工(集团),公司企业;公司;公司,108.99698413259055,34.22691700551728,雁塔区,109.001842,34.225458
B0KUDAC0ES,陕西华银电力实业集团有限公司,公司企业;公司;公司,108.98402477658612,34.1965834070957,雁塔区,108.988825,34.195075
B0FFGC2SX3,陕西弘文教科图书有限公司,公司企业;公司企业;公司企业,108.97962145227784,34.227400424039246,雁塔区,108.984406,34.22589
B0G3C55K13,陕西图泽天地信息科技有限公司,公司企业;工厂;工厂,108.98050488442398,34.22667714744606,雁塔区,108.985293,34.225169
B0I1FRT6Z9,裕华建设集团,公司企业;公司;建筑公司,108.99890846608288,34.21950083008672,雁塔区,109.003774,34.218045
B0FFGSE1UD,西安加速器质谱中心,公司企业;公司;公司|科教文化服务;科研机构;科研机构,109.00031604114668,34.223819005937344,雁塔区,109.005188,34.222369
B0LDOO0KV5,西安马有鱼餐饮管理有限公司,公司企业;公司;公司,108.96670081142028,34.22203475295507,雁塔区,108.971434,34.220487
B0K1RD2CY9,陕西大秦福礼科技有限公司,公司企业;公司;公司,109.01431310035618,34.22506742923858,雁塔区,109.019245,34.22366
B0GRLCO3LS,前豐,公司企业;公司;公司,108.9958210681213,34.215729538202126,雁塔区,109.000673,34.214263
B0M6XUQJPQ,中建五局项目部,公司企业;公司;公司,109.00896916149004,34.184662202210376,雁塔区,109.013875,34.183225
B0FFLA8FZQ,西安曲江文商商业管理有限公司,公司企业;公司;公司,108.97003017566531,34.20921850598994,雁塔区,108.974775,34.207675
B0FFHM0QOX,西安华盛通信有限公司,公司企业;公司;公司,109.0093344199734,34.210654375824824,雁塔区,109.014244,34.209227
B0FFJ3V181,华春建设工程项目管理有限责任公司西安雁翔路分公司,公司企业;公司;公司,109.00986315130272,34.21082672951672,雁塔区,109.014775,34.209401
B0J0KOBDN7,古今长安品牌管理公司,公司企业;公司;公司,108.96574537731809,34.222175165511366,雁塔区,108.970475,34.220625
B0LGTX0L86,陕西振彰食品有限公司西安市西影路分店,公司企业;公司;公司,108.97157284073396,34.2256085486639,雁塔区,108.976325,34.224075
B0G3T1RJCE,长厦安基工程设计有限公司西安分公司,公司企业;公司;公司,109.00900459568912,34.21341240376432,雁塔区,109.013913,34.211985
B0G0GHIEVU,交大开元电子,公司企业;公司;机械电子,108.99286975458844,34.22745626508941,雁塔区,108.99771,34.225985
B0JB6ADOXE,鑫安实业,公司企业;公司;公司,108.98463735123302,34.20702906126803,雁塔区,108.989441,34.205526
B0FFH597A5,欣昌图文快印有限公司,公司企业;公司;广告装饰|生活服务;摄影冲印店;摄影冲印,109.00982829402342,34.210895809992714,雁塔区,109.01474,34.20947
B0H2A79AGP,悦十三潮公司,公司企业;公司;公司,108.97675352950988,34.18595884153847,雁塔区,108.981523,34.184426
B0J60ZCR5R,陕西子午科技有限责任公司,公司企业;公司;公司,108.98929559921152,34.220277593367385,雁塔区,108.99412,34.218793
B0FFK3OGXT,陕西西部土木集团股份有限公司,公司企业;公司;公司,108.9757706813128,34.19569839004516,雁塔区,108.980537,34.194166
B0I1X9ZLAR,金辉·云著物业服务中心,公司企业;公司;公司,108.96534815263068,34.181878879631185,雁塔区,108.970073,34.180314
B0JDXHBNRC,陕西普赛斯设计工程有限公司,公司企业;公司;公司,109.00811449670988,34.21224748880793,雁塔区,109.013019,34.210817
B0JKFC0KFO,陕西有色西勘测试有限责任公司,公司企业;公司;公司,108.97575529381774,34.225448086844345,雁塔区,108.980524,34.223926
B0JGNASNYG,中铁建设集团西安东站项目部,公司企业;公司;建筑公司,109.0557678811602,34.21910106976593,灞桥区,109.060851,34.217795
B0KD05XOZM,聚实惠新旧家具库房,公司企业;公司;公司|购物服务;购物相关场所;购物相关场所,109.06148149002108,34.192303330264885,灞桥区,109.066578,34.190998
B0J0DMG8AP,中国中铁一局集团有限公司,公司企业;公司;公司,109.0328582914504,34.215495931841346,雁塔区,109.037864,34.214137
B0JUXCPNYB,陕西交控西安东站高架快速路立交1标段项目经理部,公司企业;公司;公司,109.0298730940597,34.21120531352087,雁塔区,109.034867,34.209837
B0JAZAVC5R,中国水利水电三局西安东站项目部,公司企业;公司;公司,109.05634028532164,34.218549212205474,灞桥区,109.061425,34.217244
B0FFGKV0NF,凯乐包装设计制作有限责任公司,公司企业;公司;公司,109.05556406904718,34.1889157622543,灞桥区,109.060644,34.187599
B0HR3UDG2P,西安丰瑞环保建材有限公司,公司企业;公司;公司,109.0676829193931,34.19639669435455,灞桥区,109.072795,34.195102
B0LUN9B5BF,陕西建工集团神鹿坊城中村改造项目47号地块,公司企业;公司企业;公司企业,109.0565425932879,34.208277442134026,灞桥区,109.061627,34.206969
B0I2RUWLBE,陕西建工浐河硅谷发展有限公司,公司企业;公司;公司,109.04462810307366,34.215289345290856,灞桥区,109.049676,34.213959
B0L14M1B7C,陕西建工神鹿坊45地块项目部,商务住宅;住宅区;住宅小区|公司企业;公司;公司,109.05622734374847,34.21001441680652,灞桥区,109.061311,34.208706
B0JRTC2PF8,西安高铁东城建设发展有限公司,公司企业;公司;公司,109.05057269732372,34.216606088342445,灞桥区,109.05564,34.215289
B0LGVMSNIY,中铁二十二局集团有限公司西安东站XDZQ-2标段站项目经理部,公司企业;公司;公司,109.0568208533782,34.20768913979667,灞桥区,109.061906,34.206381
B0JKHCV2GB,中建三局马腾空安置房项目部,公司企业;公司企业;公司企业,109.03547166436306,34.21361788250772,雁塔区,109.040487,34.212265
B0L0UAVQ30,中建六局西安东站高架快速路项目2标段2分部,公司企业;公司;公司,109.06150964929844,34.18960517433999,灞桥区,109.066606,34.188299
B0FFITV7V8,陕西瑞淼环保设备有限公司,公司企业;工厂;工厂,109.0609435638504,34.18461272928808,灞桥区,109.066038,34.183304
B0FFJBZC7R,陕西水仙饮品有限公司,公司企业;公司企业;公司企业,109.05918358582068,34.20424215453815,灞桥区,109.064275,34.202937
B0LA59TQ88,西安市地铁5号线西安东站站(5S21号线)项目部,公司企业;公司;公司,109.0540474386107,34.21298647095602,灞桥区,109.059125,34.211675
B0J6SA1EH9,中铁二十二局集团有限公司西安东站XDZQ-2标段项目经理部,公司企业;公司;公司,109.06234443093535,34.19028560980285,灞桥区,109.067443,34.188981
B0K0L5YIAQ,中建三局西安东站道路3标段项目部,公司企业;公司;公司,109.07567192593515,34.21164497052504,灞桥区,109.080802,34.210365
B0KB1H9Q2S,陕建九建马腾空村安置房南区建设项目部,公司企业;公司;公司,109.03533825226204,34.21252060468269,雁塔区,109.040353,34.211167
B0FFLG5GI6,天一灯箱厂,公司企业;工厂;工厂,109.07803560875152,34.223565470147186,灞桥区,109.083171,34.222292
B0LUDH8WYV,西安市政公用建设投资集团有限公司,公司企业;公司;公司,109.044178599035,34.21554527151361,灞桥区,109.049225,34.214214
B0L0LXBESW,中建三局西安东站道路3标段工程项目现场,公司企业;公司;公司,109.06287965693032,34.20659027832305,灞桥区,109.067981,34.205292
B0K3356O1L,中国水利水电第三工程局湾子村商业安置项目部,公司企业;公司;公司,109.05238704306372,34.217391156744135,灞桥区,109.05746,34.216078
B0G33SWEO0,521照相广告快印中心(合能十里锦绣店),公司企业;公司;广告装饰|生活服务;摄影冲印店;摄影冲印,109.05193967379488,34.225913992561104,灞桥区,109.057012,34.224603
B0FFLGJWFR,昶悦家具厂,公司企业;公司企业;公司企业,109.0794414454746,34.20926828641292,灞桥区,109.084578,34.207991
B0JG770PG7,白鹿原水生态,公司企业;公司;公司,109.06882781986364,34.22533808603403,灞桥区,109.073945,34.224055
B0G0RMBQWB,西安友尚家具有限公司,公司企业;公司;公司,109.06143876261528,34.19043601619995,灞桥区,109.066535,34.18913
B0LBRRCC2D,中铁二十二局集团有限公司西安东站2标段项目经理部房建工区,公司企业;公司;公司,109.0572387467254,34.20683268152014,灞桥区,109.062325,34.205525
B0JRPHMV45,西安时代空间装饰工程有限公司,公司企业;公司;广告装饰,109.03207195141168,34.21933462594443,雁塔区,109.037075,34.217975
B0JK27P2FA,西安市南郊市政设施养护管理有限公司,公司企业;公司;公司,109.04791110478742,34.21715846839614,灞桥区,109.05297,34.215836
B0HUDDL56V,恒源液化气站,公司企业;公司;公司,109.06255424410972,34.18622260755493,灞桥区,109.067653,34.184917
B0FFLBESUT,西安大川苗木种植专业合作社,公司企业;农林牧渔基地;其它农林牧渔基地,109.08464701214078,34.20310560487505,灞桥区,109.089791,34.20183
B0LGD5A5G9,西安秦荣食品有限公司,公司企业;公司;公司,109.07629086356472,34.21062970421911,灞桥区,109.081422,34.20935
B0JA9MJAOV,西安中铂锐集装箱厂,公司企业;工厂;工厂,109.053812313696,34.187680483741346,灞桥区,109.058887,34.18636
B0FFILF13C,西安市众和同盛保安服务有限公司,公司企业;公司;公司,109.02548686302964,34.21696424552109,雁塔区,109.030464,34.215586
B0LUHCKL6Q,陕交控2号钢筋智能加工中心,公司企业;公司;公司,109.03327529457997,34.208697222859946,雁塔区,109.038282,34.207337
B0FFMC9VY7,西安罗鸿记食品有限公司,公司企业;公司;公司,109.08306313846995,34.22775994330877,灞桥区,109.088207,34.226492
B0LD3AHPYL,陕西建工集团神鹿坊城中村改造项目49地块,公司企业;公司企业;公司企业,109.04574425731202,34.20493044806694,灞桥区,109.050795,34.203599
B0HK1S8BS2,陕西悍鹰,公司企业;公司;公司,109.0250743038475,34.21941552102178,雁塔区,109.03005,34.218037
B0FFLCIIY4,西安向上教学设备有限公司,公司企业;公司;公司,109.06200127809348,34.19070801834723,灞桥区,109.067099,34.189403
B0KACC1B5E,中铁二十二局集团有限公司西安东站XDZQ-2标段拌合站,公司企业;公司;公司,109.0671572091987,34.195521710036154,灞桥区,109.072268,34.194226
B0G10AEEFM,陕建华为(西安)创新发展中心,公司企业;公司;公司,109.0446231320694,34.21514640682419,灞桥区,109.049671,34.213816
B0KB6Z9VSG,中铁一局马腾空项目部,公司企业;公司;公司,109.03505747215864,34.21043704400006,雁塔区,109.040071,34.209082
B0M65DHS07,神鹿坊城中村改造项目住宅楼安置工程施工项目,商务住宅;商务住宅相关;商务住宅相关|公司企业;公司;公司,109.05315051058987,34.20838980530404,灞桥区,109.058225,34.207075
B0GUU50DV8,陕西省正信达安防科技有限公司,公司企业;公司;公司,109.0583911815882,34.21092422327629,灞桥区,109.063481,34.20962
B0IB1UEHNU,中国建筑湾子村安置楼工程1标段项目部,公司企业;公司;公司,109.05211854597512,34.22104838800681,灞桥区,109.057191,34.219736
B0M657K8RN,陕西中油和众油品销售有限公司,公司企业;公司;公司,109.04926436699404,34.22182493980346,灞桥区,109.054328,34.220507
B0J0V7XST4,陕西交控钢筋智能加工配送中心,公司企业;公司企业;公司企业,109.03677444611348,34.206856955974075,雁塔区,109.041794,34.205505
B0LD37LNRY,莫干山板材定制家灞桥区授权工厂,公司企业;工厂;工厂,109.075677174504,34.208665000238874,灞桥区,109.080807,34.207384
B0KKU5UFFV,湾子村学校在建工程项目部,公司企业;公司;公司,109.05389704999456,34.222683321038204,灞桥区,109.058975,34.221375
B0H2JCTS9D,曲江半山松间项目,公司企业;公司;公司,109.04103353357172,34.19106391411478,雁塔区,109.046067,34.189717
B0JGJ97Q3Y,秦汉米面食品加工厂,公司企业;工厂;工厂,109.07479847729542,34.22441034463215,灞桥区,109.079928,34.223134
B0H0ZDWT0Y,中建一局雁鸣湖项目部,公司企业;公司;公司,109.04280352039972,34.18951228078776,雁塔区,109.047843,34.188169
B0JDKM5E8P,中铁十四局集团青岛工程有限公司西安东站高架快速路EPC4标项目经理部,公司企业;公司;公司,109.04697801520312,34.18363582620039,长安区,109.052031,34.1823
B0IGMC8BU9,冬峰制衣厂,公司企业;工厂;工厂,109.05709103942466,34.196659401089164,灞桥区,109.062176,34.195348
B0GRPZJDNE,西安市灞桥区博美沙发厂,公司企业;工厂;工厂,109.05938355643698,34.19828183287069,灞桥区,109.064475,34.196975
B0H6LGCRC4,旺发养殖场,公司企业;农林牧渔基地;其它农林牧渔基地,109.0744980194302,34.21331560901877,灞桥区,109.079626,34.212035
B0H2H1IMH0,陕西波特兰电子科技有限责任公司第一分公司,公司企业;公司;公司,109.03672096646729,34.226476153464844,雁塔区,109.041742,34.225131
B001D0VR7O,西安市灞桥区秦鹿面粉厂,公司企业;工厂;工厂,109.06143746369484,34.182345653931606,灞桥区,109.066533,34.181037
B0K1RDW02Z,陕建十二建项目部,公司企业;公司;公司,109.04276967735038,34.20072362011126,雁塔区,109.04781,34.199384
B0FFIQZTLZ,陕西铠铄车队,公司企业;公司企业;公司企业,109.0379067972322,34.20133103630004,雁塔区,109.04293,34.19998
B0HK3DM7XD,专业电气焊,公司企业;公司;公司,109.04573891199932,34.1858298350398,长安区,109.050788,34.184492
B0FFJHVGU0,西安市灞桥区今富床垫厂,公司企业;工厂;工厂,109.0755484734529,34.20800535923309,灞桥区,109.080678,34.206724
B0J3FHCH85,陕西千家缘食品有限公司,公司企业;公司;公司,109.0581397831777,34.20041127168478,灞桥区,109.063228,34.199103
B0H1N7A4N1,西安景康医药有限公司,公司企业;公司;公司,109.03311688471504,34.220524475875585,雁塔区,109.038124,34.219168
B0J2NLJBRV,天太集团,公司企业;公司;公司,109.03984666041104,34.22685335255582,雁塔区,109.044879,34.225516
B0IA5UEMJI,西安狄寨鹿原大樱桃合作社,公司企业;农林牧渔基地;其它农林牧渔基地,109.07957976666536,34.225945258565595,灞桥区,109.084718,34.224674
B0IROC0R1T,西安凯罗宾尼木制品有限公司,公司企业;公司;公司,109.06631590962976,34.19867083607792,灞桥区,109.071425,34.197375
B0I1GZY7ZG,西安市灞桥尚禾食品厂,公司企业;工厂;工厂,109.05626744542344,34.19589015457918,灞桥区,109.06135,34.194577
B0KRM1ZJMK,中交第二航务工程局有限公司,公司企业;公司;公司,109.05245840475978,34.222290268713834,灞桥区,109.057532,34.220979
B0JAJSQ8QT,陕西磊城鑫建筑材料有限公司,公司企业;公司;公司,109.08027183895456,34.22350956756038,灞桥区,109.085411,34.222238
B0IRMRM0KD,陕西天成木业有限公司,公司企业;公司;公司,109.06632489726428,34.19856785796147,灞桥区,109.071434,34.197272
B0KRJU4D2L,陕西鼎程力信建筑劳务有限公司,公司企业;公司;建筑公司,109.0749830616585,34.21359199966029,灞桥区,109.080112,34.212312
B0KRGZUFTE,华城金刚网纱窗有限公司,公司企业;公司;公司,109.07568597986074,34.21071927867863,灞桥区,109.080816,34.209439
B0L04ZW56N,中建六局西安东站高架2标段一分部,公司企业;公司;公司,109.05188482247226,34.22613702128793,灞桥区,109.056957,34.224826
B0JG9LDKB4,陕西海砜智能窗饰有限公司,公司企业;公司;公司,109.0756246960394,34.21531773130998,灞桥区,109.080755,34.214039
B0FFG83JVL,西安益农蜂业专业合作社,政府机构及社会团体;社会团体;社会团体相关|公司企业;农林牧渔基地;其它农林牧渔基地|公司企业;公司;公司,109.07443693233508,34.215686840946056,灞桥区,109.079565,34.214407
B0KK2H6581,西安东站市政道路及配套一期工程EPC项目2标,公司企业;公司;公司,109.05006405391504,34.21934716184083,灞桥区,109.05513,34.21803
B0KANCT45Z,陕西华特建设工程有限公司,公司企业;公司;公司,109.04638237651793,34.213894933360855,灞桥区,109.051436,34.212568
B0KU37LXOA,陕西琅琊阁文化遗产保护有限公司,公司企业;公司;公司,109.04437792405272,34.215555816275184,灞桥区,109.049425,34.214225
B0FFHRU2H3,灞桥区-高桥村星星捷马仓库,公司企业;公司;公司,109.06468263127572,34.2011163900422,灞桥区,109.069788,34.199819
B0L2OYV6AY,西十高铁西安段330kV供电工程施工项目部,公司企业;公司;公司,109.06912827316744,34.189248136512475,灞桥区,109.074243,34.187953
B0K3M9U3I5,陕西泓枫建筑装饰工程有限公司,公司企业;公司;广告装饰,109.04522757857792,34.22126787758263,灞桥区,109.050278,34.219941
B0MB4BYFGG,匠驴雁塔区曲江分公司,公司企业;公司;公司,109.03910710051932,34.18233937939752,长安区,109.044133,34.180985
B0JA7CZOIN,中国铁建大桥工程局集团西安东站高架快速路EPC4标项目经理部,公司企业;公司;公司,109.02616898978448,34.218804706377114,雁塔区,109.031149,34.217429
B0K6S52TXA,陕西至臻空间建筑装修有限公司,公司企业;公司;公司,109.038923112468,34.225017252593645,雁塔区,109.043952,34.223677
B0I1AZDB9U,西安绿美置业有限公司,公司企业;公司;公司,109.03778521926974,34.224956062627705,雁塔区,109.04281,34.223613
B0JAAR8RRU,西安凤鸿机械设备有限公司,公司企业;公司;公司,109.05459294827877,34.18835676982266,灞桥区,109.05967,34.187038
B0K0ZSTK2G,陕西交控(雁鸣湖工区),公司企业;公司;公司,109.04153350108724,34.20607967876722,雁塔区,109.04657,34.204739
B0I25M8BHO,陕西鸿驰源建筑工程有限公司,公司企业;公司;建筑公司,109.07878652283146,34.22112667503711,灞桥区,109.083923,34.219853
B0KD050GZN,中铁二十二局搅拌站,公司企业;公司;公司,109.0617772567409,34.197678059761195,灞桥区,109.066875,34.196375
B0L2SD5UUB,陕西顺盛混凝土有限公司,公司企业;公司;公司,109.06060850240608,34.1840004815374,灞桥区,109.065702,34.182691
B0H65ZL782,西安晟源达商贸有限公司,公司企业;公司;商业贸易,109.05895550197702,34.200830708013235,灞桥区,109.064046,34.199524
B0HG6ODWQU,陕西新中安建筑机械检测有限公司,公司企业;公司;公司,109.0497585535008,34.224723865995564,灞桥区,109.054824,34.223408
B0IDCSWVY8,灞桥区康丽洁家具厂,公司企业;工厂;工厂,109.0740828521256,34.22457804971302,灞桥区,109.079211,34.223301
B0L6L5DXR2,奥翔建设,公司企业;公司;建筑公司,109.03004334986794,34.2004455518636,雁塔区,109.035037,34.199074
B0I3JU8N5Q,悦光博广告装饰公司,公司企业;公司;广告装饰,109.06929472156438,34.19136022502698,灞桥区,109.07441,34.190066
B0I2CHE684,中建五局西安地铁5号线三分部项目部,公司企业;公司;公司,109.05122340422962,34.20814671988859,灞桥区,109.056292,34.206828
B0IUZH53I3,西安市灞桥区路恒食品厂,公司企业;工厂;工厂,109.06891082455304,34.188470675668725,灞桥区,109.074025,34.187175
B0GRLCMMWN,西安市长安区金建忠犬业俱乐部,公司企业;农林牧渔基地;其它农林牧渔基地,109.04571118668272,34.183698587753895,长安区,109.05076,34.18236
B0I2R5RTNO,陕西建工灞桥城市更新建设开发有限公司,公司企业;公司;公司,109.04452747079456,34.21495568970551,灞桥区,109.049575,34.213625
B0I305K3IP,天子集团公司,公司企业;公司;公司,109.02686225812292,34.21859587338609,雁塔区,109.031845,34.217222
B0HD7COFJX,嘉士博家具加工厂,公司企业;工厂;工厂,109.07075421971057,34.21825817047834,灞桥区,109.075875,34.216975
B0MGTG5I7R,高科麓湾物业服务中心,公司企业;公司;公司,109.04657481798856,34.22467167487521,灞桥区,109.05163,34.223349
B0JKRX22CS,西安远鹏遮阳装饰工程有限公司,公司企业;公司;广告装饰,109.07958705398148,34.22249749649896,灞桥区,109.084725,34.221225
B0J6Y7C1CM,西安绿辰再生资源利用有限公司,公司企业;公司;公司,109.06461492469433,34.19964099020854,灞桥区,109.06972,34.198343
B0JGCRLDPC,高科麓湾国际社区售楼部,公司企业;公司;公司,109.04552811309826,34.2266562649647,灞桥区,109.05058,34.225332
B0JDRDJSE0,西安中铂锐建筑工程有限公司,公司企业;公司;建筑公司,109.05370163780246,34.187741677230306,灞桥区,109.058776,34.186421
B0K1OC3ARV,名扬筑路材料加工厂,公司企业;工厂;工厂,109.0676829193931,34.19639669435455,灞桥区,109.072795,34.195102
B0LGTSXVYC,西安稷福红羽老鸡有限责任公司,公司企业;公司;公司,109.07944108021792,34.22499971793071,灞桥区,109.084579,34.223728
B0JAT6PQ6F,西安博达,公司企业;公司;公司,109.03768657737862,34.224951307809214,雁塔区,109.042711,34.223608
B0FFL4XD6D,西安市灞桥区宝顺锏花厂,公司企业;公司企业;公司企业,109.07537180586792,34.20801553674763,灞桥区,109.080501,34.206734
B0L0BUUXMJ,陕西华源厨具设备有限公司,公司企业;公司;公司,109.06601658994153,34.199021145821256,灞桥区,109.071125,34.197725
B0LKX4I3O4,中铁二十二局集团有限公司,公司企业;公司;公司,109.06051759959774,34.197269260305326,灞桥区,109.065612,34.195964
B0MANUQUXC,西安旺力再生资源有限公司,公司企业;公司;公司,109.06107948018716,34.19303074559357,灞桥区,109.066175,34.191725
B0K0JMDB43,陕西佐佑机械工程公司,公司企业;公司;机械电子,109.05384705653375,34.22433282324783,灞桥区,109.058925,34.223025
B0JUMS45FA,中国建筑五局,公司企业;公司;建筑公司,109.05117852859458,34.208313753011595,灞桥区,109.056247,34.206995
B0L6VD40G8,渭南市病媒生物防制有限公司,公司企业;公司;公司,109.07999601253329,34.22670263766344,灞桥区,109.085135,34.225432
B0KDU7F0BB,西安海米怡康医药有限公司,公司企业;公司;医药公司,109.03097746842964,34.21547887614701,雁塔区,109.035976,34.214115
B0LDP708WW,中国铁建大桥工程局集团有限公司,公司企业;公司;建筑公司,109.02679264798766,34.217249541955034,雁塔区,109.031775,34.215875
B0LR0XPNQ6,中建一局三公司地铁5号线项目部,公司企业;公司;公司,109.05559284916468,34.21373329077429,灞桥区,109.060675,34.212425
B0LD2SKLPI,陕西斯诺科贸易有限公司,公司企业;公司;商业贸易,109.04966953741427,34.22817979647516,灞桥区,109.054735,34.226865
B0L219UN9B,西安奥柯森家具加工有限公司,公司企业;公司;公司,109.06026411587952,34.18751191365623,灞桥区,109.065357,34.186203
B0G0DODQ9B,大众出租公司,公司企业;公司;公司,109.02665806295524,34.21863941860068,雁塔区,109.03164,34.217265
B0LD4OQ9CY,西安万年科技实业有限公司,公司企业;公司;公司,109.04926430645205,34.222531686337746,灞桥区,109.054328,34.221214
B0LKF1U7M2,西安松谦粮油有限公司,公司企业;公司;公司,109.06008311045896,34.18158613823896,灞桥区,109.065175,34.180275
B0KRM1WZ2G,中铁三局搅拌站,公司企业;公司;公司,109.0525371710334,34.22222913499101,灞桥区,109.057611,34.220918
B0MGSXNT8T,西安德农生物科技有限公司,公司企业;公司;公司,109.07240783444006,34.217382503812935,灞桥区,109.077532,34.216101
B0K6DU7E9U,陕西研捷汇设备租赁有限公司,公司企业;公司;公司,109.05505974895712,34.18641552243361,灞桥区,109.060138,34.185097
B0H3THEQGH,西安电力机械有限公司,公司企业;公司;公司,109.02774206788452,34.215288637834014,雁塔区,109.032728,34.213916
B0K6MZCDAQ,加得宝家具,公司企业;公司企业;公司企业,109.07315253504574,34.22647039364875,灞桥区,109.078279,34.225193
B0LRJUI1M4,西安唯创新航建筑有限公司,公司企业;公司;建筑公司,109.0461295560612,34.18654573867278,长安区,109.05118,34.185209
B0LUD68MYJ,喜梦宝家具仓库,公司企业;公司;公司,109.06372170556745,34.20462264871827,灞桥区,109.068825,34.203325
B0MGPU14MF,西安福汇棉厂,公司企业;工厂;工厂,109.0761850387664,34.21086072862657,灞桥区,109.081316,34.209581
B0MGSDM1AI,田间农业,公司企业;公司企业;公司企业,109.03518923865694,34.219158641606185,雁塔区,109.040204,34.217807
B0LKDOP5KO,闪电仓,公司企业;公司;公司,109.0354092250861,34.221475256487764,雁塔区,109.040425,34.220125
B0KRM1ZR4F,德国科技,公司企业;公司;公司,109.06105547123668,34.19386650752655,灞桥区,109.066151,34.192561
B0M6J1H6FV,西安智慧城市物联网有限公司,公司企业;公司;公司,109.0258961222274,34.21825165631525,雁塔区,109.030875,34.216875
B0L1HUXDSH,陕西建工第五建设集团有限公司南绕城边坡治理项目部,公司企业;公司;建筑公司,109.04851643460492,34.19060524756307,雁塔区,109.053575,34.189275
B0K6VZXBEG,白云集团,公司企业;公司;公司,109.0470458488474,34.21796604853099,灞桥区,109.052102,34.216642
B0GUCH5YS0,卫东水电安装,公司企业;公司;公司|生活服务;生活服务场所;生活服务场所,109.0589207613546,34.198923412309576,灞桥区,109.064011,34.197616
B0KDYD0V08,中铁十四局集团青岛工程有限公司,公司企业;公司;公司,109.04695308143351,34.183814822528795,长安区,109.052006,34.182479
B0FFGH9CV6,西安伟元电力工程有限公司工程部,公司企业;公司;公司,109.03019113810326,34.219725461727826,雁塔区,109.035187,34.218361
B0L0JNEBAH,大秦库房,公司企业;公司;公司,109.02689214387546,34.21854880812246,雁塔区,109.031875,34.217175
B0MBRGQ9R6,赵府羊奶产业园,公司企业;公司企业;公司企业,109.05779897181016,34.19761181696489,灞桥区,109.062886,34.196302
B0L1RSAX6X,西安熙禾农产品供应链有限公司,公司企业;公司;公司,109.0476967540967,34.18271257059508,长安区,109.052752,34.181378
B0FFJ2N2MW,梦雅特家具有限公司,公司企业;公司企业;公司企业,109.0762691363785,34.20794565576372,灞桥区,109.0814,34.206665
B0MG5GXPAI,西安创越联智胜会展服务有限公司,公司企业;公司;公司,109.0258961222274,34.21825165631525,雁塔区,109.030875,34.216875
B0L3JPCSTI,浙江驿栈网络科技有限公司,公司企业;公司;网络科技,109.03735188601966,34.2238695264833,雁塔区,109.042375,34.222525
B0FFLPX8VC,西安祥欧商贸有限公司,公司企业;公司;公司,109.06124383467422,34.18391746198374,灞桥区,109.066339,34.182609
B0MGSKKJYS,博涛广告,公司企业;公司;广告装饰,109.04734351653384,34.22216990373686,灞桥区,109.052401,34.220848
B0LA79W9I3,陕建,公司企业;公司;公司,109.05190433208796,34.20789243847336,灞桥区,109.056975,34.206575
B0L2250NNY,西安云润商贸有限公司,公司企业;公司;商业贸易,109.05210259558966,34.22103742368059,灞桥区,109.057175,34.219725
B0GUAOCUF8,红旗生态农业观赏示范园,公司企业;农林牧渔基地;其它农林牧渔基地,109.07015323909378,34.19832280877504,灞桥区,109.075271,34.197032
B0L3ASU1DO,陕西怀亮建筑工程有限公司,公司企业;公司;建筑公司,109.02674262526864,34.21984875581797,雁塔区,109.031725,34.218475
B0MGB9UUOY,五洲管理,公司企业;公司;公司,109.0259130554946,34.21824361236872,雁塔区,109.030892,34.216867
B0KD6XI1G3,西安朗纵建筑工程咨询有限公司,公司企业;公司;建筑公司,109.04576673636863,34.22179348986784,灞桥区,109.050819,34.220468
B0MGYC6LUI,西安盛达会展有限公司,公司企业;公司;公司,109.02609528313371,34.218800911095265,雁塔区,109.031075,34.217425
B0JBL1U5SB,西安文广家具有限公司,公司企业;公司;公司,109.07932855527233,34.21018206528823,灞桥区,109.084465,34.208905
B0LGJLS8M2,陕西交控3分部2工区项目部,公司企业;公司;公司,109.05331819755256,34.20618024001348,灞桥区,109.058393,34.204865
B0J1CYB74P,广西建工冶建,公司企业;公司;建筑公司,109.03639133496355,34.224605655470846,雁塔区,109.041411,34.223259
B0JR9ONU4V,华泰建设,公司企业;公司;建筑公司,109.03229406626724,34.21979787917446,雁塔区,109.037298,34.218439
B0IDPRT046,禾光农场,公司企业;农林牧渔基地;其它农林牧渔基地,109.09509867952568,34.22355349457342,灞桥区,109.100256,34.222289
B0FFK59BMR,西安市灞桥区舒春电器厂,公司企业;公司企业;公司企业,109.10620410960745,34.19691184553657,灞桥区,109.111365,34.195637
B0FFL8AETS,西安火龙宇展览工厂,公司企业;公司;广告装饰,109.11755416258164,34.20075696399196,灞桥区,109.122715,34.199477
B0FFGT8CDQ,西安市灞桥区成蹊家庭农场,公司企业;农林牧渔基地;其它农林牧渔基地,109.14479785938252,34.19075275737251,灞桥区,109.149935,34.189436
B0JD0UO3DZ,天盟TMOON有机农场实验基地,公司企业;农林牧渔基地;其它农林牧渔基地,109.1003350302113,34.22433506347112,灞桥区,109.105496,34.223071
B0K3K5KTQK,西安恒途文化传播有限公司(库房),公司企业;公司;公司,109.108295125027,34.20363536448857,灞桥区,109.113457,34.202362
B0FFL0ZK2D,西安居家格调家具有限公司,公司企业;公司;公司,109.1182824192628,34.20046964356233,灞桥区,109.123443,34.199189
B0IADDVU77,西安亚联航空科技有限公司,公司企业;公司;公司,109.10669305837328,34.20768435131201,灞桥区,109.111855,34.206413
B0HK6XFWSE,西安金禾源蔬果种植有限公司,公司企业;公司;公司,109.11960663783547,34.19201058261062,灞桥区,109.124766,34.190726
B0FFLAZFNQ,西安铭帆家具有限公司,公司企业;公司;公司,109.11926376594002,34.200504447446306,灞桥区,109.124424,34.199223
B0JACUGA1P,陕西橙果展示科技发展有限公司,公司企业;公司;公司,109.12648540069436,34.1914535263165,灞桥区,109.131641,34.190162
B0I2GDBYF9,like farm家庭农场,公司企业;农林牧渔基地;其它农林牧渔基地,109.13032058131157,34.19972321657252,灞桥区,109.135474,34.19843
B0L3GZHVZP,西安禾顺农业有限责任公司,公司企业;公司;公司,109.11091130852746,34.21078114637481,灞桥区,109.116074,34.209509
B0HGJUKDE5,兰天樱桃园,体育休闲服务;休闲场所;采摘园|公司企业;农林牧渔基地;其它农林牧渔基地,109.11221101293228,34.225961474886915,灞桥区,109.117375,34.224694
B0FFLJON61,麋鹿家庭农场,公司企业;农林牧渔基地;其它农林牧渔基地,109.12579813160434,34.2122417164081,灞桥区,109.130956,34.210958
B0FFHSJDYS,老魏西瓜种植示范基地,公司企业;公司企业;公司企业,109.11467288820212,34.20758652160952,灞桥区,109.119835,34.206311
B0KRM12OF3,千山板材授权加工基地(陕西顾嘉美居家具有限公司),公司企业;工厂;工厂|公司企业;公司;公司,109.10678036291536,34.226920569281766,灞桥区,109.111944,34.225656
B0JGBS64ZM,西安集创电子科技有限公司,公司企业;公司;公司,109.12427799194272,34.20296131964453,灞桥区,109.129436,34.201676
B0IUPAG428,西林家庭农场,公司企业;农林牧渔基地;其它农林牧渔基地,109.104409056101,34.19199494732375,灞桥区,109.109569,34.190719
B0L6SC5PL8,陕西胜焱电力工程有限公司,公司企业;公司;公司,109.10336799534792,34.20849411913256,灞桥区,109.108529,34.207224
B0KKBL0NGS,西安联拓移动小吃车餐车定制工厂,公司企业;工厂;工厂,109.1117806846156,34.20657407654324,灞桥区,109.116943,34.2053
B0FFHCQT16,白鹿原现代农业示范区,公司企业;农林牧渔基地;其它农林牧渔基地,109.1436357344362,34.198237426081775,灞桥区,109.148775,34.196925
B0FFMDWLXJ,西安市灞桥区白鹿锋态家庭农场,公司企业;农林牧渔基地;其它农林牧渔基地,109.10504102649448,34.201508933003865,灞桥区,109.110202,34.200236
B0J3UU1K79,TCL光伏科技,公司企业;公司;公司,109.1065670788386,34.20777027712284,灞桥区,109.111729,34.206499
B0IG5ZJ61C,西安鸿瑞永兴厨房设备有限公司,公司企业;公司;公司,109.12015981558396,34.204028024774686,灞桥区,109.12532,34.202747
B0KRBAJ8QR,行知生态园(项目办公室),公司企业;公司;公司,109.09671691051504,34.217891343704814,灞桥区,109.101875,34.216625
B0K3X5288U,西安海涛家庭农场,公司企业;农林牧渔基地;其它农林牧渔基地,109.11651249736046,34.2050686968199,灞桥区,109.121674,34.203791
B0MBP71OJR,西安双鸿净化过滤技术有限公司,公司企业;公司;公司,109.119709619784,34.20416858347774,灞桥区,109.12487,34.202888
B0LRU5CZTF,汪汪萌宠有家宠物店,购物服务;专卖店;宠物用品店|公司企业;公司;公司,109.10771285164238,34.20779669730646,灞桥区,109.112875,34.206525
B0K2VH9QUY,西安佰成灯箱标识厂,公司企业;工厂;工厂,109.09737442887987,34.206507282077524,灞桥区,109.102532,34.205237
B0K1G9U5II,华康家具厂,公司企业;工厂;工厂,109.11198369303584,34.20656319545303,灞桥区,109.117146,34.205289
B0GUSSKBPA,西安勤创电子科技有限公司,公司企业;公司;公司,109.08606992448864,34.228019995714185,灞桥区,109.091218,34.226754
B0LA96SXO6,陕西新胜印务有限责任公司,公司企业;公司;公司,109.12971269709786,34.204170968957726,灞桥区,109.134867,34.20288
B0FFLKF42B,荣华白板厂,公司企业;工厂;工厂,109.099430959527,34.208095738143,灞桥区,109.10459,34.206826
B0KGZL289A,TCL光伏科技(灞桥区)运营中心,公司企业;公司;公司,109.11961125543522,34.20790421525376,灞桥区,109.124772,34.206625
B0KGB91LJE,湖南湘中输变电建设有限公司西安项目部,公司企业;公司;公司,109.10574623886744,34.208248837864126,灞桥区,109.110908,34.206978
B0HANPM377,昱立家庭农场,体育休闲服务;休闲场所;采摘园|公司企业;农林牧渔基地;其它农林牧渔基地,109.12601798447837,34.20411176311411,灞桥区,109.131175,34.202825
B0LDB720W8,西安奎哥樱桃基地,公司企业;农林牧渔基地;其它农林牧渔基地,109.11221642422082,34.18681194610286,灞桥区,109.117377,34.185531
B0M6PLNUAP,西安市灞桥区星辰砂石厂,公司企业;工厂;工厂,109.12304827144884,34.203227992989326,灞桥区,109.128207,34.201944
B0L09DDDII,陕西秦娃食品管理有限公司,公司企业;公司;公司,109.11892201312264,34.20769270292322,灞桥区,109.124083,34.206414
B0KDKSBXQ2,美的光伏,公司企业;公司;公司,109.12346250727144,34.203136434678946,灞桥区,109.128621,34.201852
B0ID4ROKQO,春一果家庭农场,公司企业;农林牧渔基地;其它农林牧渔基地,109.11526789664988,34.19726044387177,灞桥区,109.120429,34.195981
B0JANZOQ8H,西安市灞桥区东塬果业专业合作社,公司企业;公司;公司,109.11837445041446,34.188983545807154,灞桥区,109.123534,34.187699
B0KKVZ4I35,陕西纵恒智诚智能装备有限公司,公司企业;公司;公司,109.10684100330953,34.2079513123111,灞桥区,109.112003,34.20668
B0LA3RFYKV,麦吉智慧农场,公司企业;农林牧渔基地;其它农林牧渔基地,109.11925199769148,34.197792351945004,灞桥区,109.124412,34.19651
B0K33YQ5BV,陕西欧胜源环卫设备制造有限公司,公司企业;公司;公司,109.12746288532126,34.19375885287763,灞桥区,109.132618,34.192467
B0FFJZR4JY,西安白鹿原关中马育种基地有限公司,公司企业;农林牧渔基地;其它农林牧渔基地,109.10958134839863,34.19949434696933,灞桥区,109.114743,34.198219
B0J3GSS8EO,迪玛吉展览科技(陕西)有限公司,公司企业;公司;公司,109.08529887321735,34.22893009977021,灞桥区,109.090446,34.227664
B0MB31GF0Y,西安樱桃鲜果汇种植基地,公司企业;农林牧渔基地;其它农林牧渔基地|体育休闲服务;休闲场所;采摘园,109.13567705162724,34.19377716952739,灞桥区,109.140825,34.192475
B0LGPSN5J8,金森制作工坊,公司企业;公司;公司,109.1368876550474,34.189767179674256,灞桥区,109.142034,34.188462
B0L35PCDXA,西安灞桥狄寨五坊村综合机房,公司企业;公司;公司,109.1324223868165,34.21141683656962,灞桥区,109.137575,34.210125
B0LRX72NQX,西安市灞桥区葡悦家庭农场,公司企业;农林牧渔基地;其它农林牧渔基地,109.11572835931048,34.21600232074742,灞桥区,109.120891,34.214729
B0K3USJFJI,灞桥区名品高果业,公司企业;农林牧渔基地;其它农林牧渔基地,109.13248183286856,34.19541837066844,灞桥区,109.137633,34.194121
B0LUNOBD4U,创维光伏(狄寨农贸市场店),公司企业;公司;公司,109.11536287976628,34.20915045700663,灞桥区,109.120525,34.207875
B001D0Z7M6,陕西城市花木有限公司,公司企业;公司;公司,109.14204115380164,34.19380943164793,灞桥区,109.147182,34.192498
B0J1FN74PS,白鹿仓信鸽,公司企业;农林牧渔基地;其它农林牧渔基地,109.10647920986764,34.21797167663373,灞桥区,109.111642,34.216704
B0L1RA9U3V,西安市灞桥区鑫鹏软垫家具厂,公司企业;工厂;工厂,109.09983608868517,34.20390320062147,灞桥区,109.104995,34.202632
B0J3O7WBYT,陕西卓信工程检测有限公司西安东站站房XDZJC-2标第三方检测项目部,公司企业;公司;公司,109.10373697930828,34.21855267577874,灞桥区,109.108899,34.217286
B0MGJ7CMBF,西安市灞桥区汇力黑板厂,公司企业;工厂;工厂,109.10506346776462,34.20784577066179,灞桥区,109.110225,34.206575
B0HU2UTYPU,西安环球阳光新能源科技有限公司,公司企业;公司;公司,109.12085514699204,34.203677766140096,灞桥区,109.126015,34.202396
B0IR214UPA,铭源建筑装饰工程有限公司,公司企业;公司;公司,109.1114194163308,34.20955684538904,灞桥区,109.116582,34.208284
B0LALRNMUR,凯雷德,公司企业;公司;公司,109.11841377248244,34.208403037108084,灞桥区,109.123575,34.207125
B0K01DC0KO,西安中天彩钢钢构,购物服务;家居建材市场;建材五金市场|公司企业;公司;公司,109.12835056588116,34.20495009375315,灞桥区,109.133506,34.203661
B0M66M9UO6,业华兴建有限公司,公司企业;公司;公司,109.11683017499284,34.2097223314915,灞桥区,109.121992,34.208446
B0L3H79CHZ,塬上兄弟种植专业合作社,公司企业;农林牧渔基地;其它农林牧渔基地,109.11482975259548,34.209453982393924,灞桥区,109.119992,34.208179
B0LKFMT0CZ,西安众达文化传媒有限公司,公司企业;公司;公司,109.1084001162306,34.20357243053467,灞桥区,109.113562,34.202299
B0LGXDBO73,西安奥美斯遮阳技术有限公司,公司企业;公司;公司,109.10164334728178,34.21301723609961,灞桥区,109.106804,34.211749
B0KRM1YVC8,西安配送中心8仓,生活服务;物流速递;物流速递|公司企业;公司;公司,109.11385089340426,34.20611248596989,灞桥区,109.119013,34.204837
B0FFHU62B5,西安陕鼓动力股份有限公司工程技术分公司,公司企业;公司;公司,108.8807174461874,34.23301325985175,雁塔区,108.8853,34.231388
B001D0W3G2,法士特齿轮,公司企业;公司;公司,108.85273791764268,34.276935010032936,莲湖区,108.857351,34.275363
B0JRAZO75K,中航工业庆安集团有限公司,公司企业;公司;公司,108.87350238574844,34.26858441799222,莲湖区,108.878092,34.26698
B001D02ACF,西安庆安制冷设备股份有限公司,公司企业;公司;公司|生活服务;生活服务场所;生活服务场所,108.89992124182088,34.240263644500295,莲湖区,108.904505,34.238632
B0FFI1ZUO2,京东家装(西安旗舰店),购物服务;家居建材市场;建材五金市场|公司企业;公司;广告装饰,108.90097873200996,34.25188525130541,莲湖区,108.905564,34.250258
B0FFGFQKEF,西安热电有限责任公司,公司企业;公司;公司,108.84664129330524,34.26018147419701,未央区,108.851262,34.258613
B001D00FF9,中国电信土门营业厅,购物服务;家电电子卖场;手机销售|生活服务;电讯营业厅;中国电信营业厅|公司企业;公司;电信公司,108.88908908973627,34.26191394567845,莲湖区,108.893672,34.260294
B0J2HUJY3L,大都荟(西安大都荟店),公司企业;公司;公司,108.88827491407284,34.23859352952359,雁塔区,108.892856,34.236965
B001D11X07,中国电信(电信广场营业厅),生活服务;电讯营业厅;中国电信营业厅|公司企业;公司;电信公司,108.89865949579216,34.23225649994719,雁塔区,108.903242,34.230622
B0FFFO5RNU,西安西电开关电气有限公司,公司企业;公司;机械电子,108.88363440895414,34.27158556402847,莲湖区,108.888219,34.269973
B001D09MPG,中国西电集团,公司企业;知名企业;知名企业,108.8877151527353,34.23499855099284,雁塔区,108.892296,34.233369
B0J21ZAD0R,高新四路营业厅(秦华燃气智慧生活体验馆),公司企业;公司;公司|生活服务;生活服务场所;生活服务场所,108.8948188321099,34.24493493260966,莲湖区,108.899401,34.243306
B001D07YO4,西部机场集团有限公司,公司企业;公司;公司,108.90160926169348,34.24062657190202,莲湖区,108.906194,34.238995
B0FFF651NX,国网西安供电公司高压电缆运检中心,公司企业;公司;公司,108.87191423411744,34.230379391734715,雁塔区,108.876502,34.228762
B0FFF8YJNZ,陕西有色金属控股集团有限责任公司,商务住宅;楼宇;商务写字楼|公司企业;公司;公司,108.89889452461364,34.23055215604304,雁塔区,108.903477,34.228917
B0FFF4T2AQ,中国石油天然气股份有限公司陕西销售分公司,公司企业;公司;冶金化工,108.87028269927868,34.23267362763101,雁塔区,108.874872,34.231059
B0FFG11L7W,中国移动(西安公司),公司企业;公司;电信公司,108.9024277658982,34.24037765206046,莲湖区,108.907013,34.238746
B001D152HO,航空工业庆安集团有限公司,公司企业;公司;公司,108.87453098587513,34.27024685448795,莲湖区,108.87912,34.268642
B001D10NP4,西安西电变压器有限责任公司(大庆路),公司企业;公司;公司,108.8899833256374,34.27158448947205,莲湖区,108.894567,34.269968
B0FFF2N6YO,西安庆安电气控制有限责任公司,公司企业;公司;机械电子,108.89785063721958,34.25979384160274,莲湖区,108.902435,34.25817
B0FFHUU9IF,中国航发西安动力控制科技有限公司,公司企业;公司;公司,108.86113434968388,34.26999492565915,莲湖区,108.865736,34.268407
B0HDMCU7X6,西安大数据产业示范园,公司企业;公司;公司,108.88559416121522,34.23085475600279,雁塔区,108.890175,34.229225
B0FFGXSMU4,唐兴数码,公司企业;公司;网络科技,108.87299780396114,34.23375037821493,雁塔区,108.877585,34.232133
B0IRYUDUZI,LEB³勒布立方(高新店),餐饮服务;甜品店;甜品店|公司企业;公司;公司,108.90316797976055,34.231505918022705,雁塔区,108.907753,34.229871
B0GRG5PLSA,嘉会国际交流中心(蒜泥空间),公司企业;公司;公司,108.8985739692282,34.23930886374594,雁塔区,108.903157,34.237677
B0FFGKPTYB,延长石油销售公司,公司企业;公司;冶金化工,108.90009321128984,34.23952193587432,莲湖区,108.904677,34.23789
B001D0ZLEQ,西安市天然气工程有限责任公司,公司企业;公司;公司,108.89001119206982,34.23581648087253,雁塔区,108.894592,34.234186
B0FFIV82WJ,陕西农业发展集团有限公司,公司企业;公司;公司,108.8973463594354,34.24080510469923,莲湖区,108.901929,34.239174
B0ID7UAF8S,中国节能,公司企业;公司;公司,108.8798293193072,34.254600278938184,莲湖区,108.884414,34.252984
B001D0WQI1,力邦艺术港,公司企业;公司;公司,108.89501451261198,34.23581142746347,雁塔区,108.899596,34.234179
B0FFHU4ZBT,晶鑫商业,公司企业;公司;公司,108.87267448847736,34.247093986339294,莲湖区,108.877263,34.245482
B0FFLMHLJK,首东置业,生活服务;中介机构;中介机构|公司企业;公司企业;公司企业,108.87372366660998,34.22968167764348,雁塔区,108.87831,34.228062
B0FFGCC3UE,西安兴蓉环境发展有限责任公司(大寨路),公司企业;公司;公司,108.8483020442681,34.24489730524125,雁塔区,108.852919,34.24332
B0FFMATHP6,西安南风日化有限责任公司(大寨路),公司企业;公司;公司,108.86503557611076,34.24651370466411,雁塔区,108.869631,34.244911
B0FFH2H270,西安市自来水有限公司城西供水服务分公司,公司企业;公司;公司,108.86885724313096,34.26001341061848,莲湖区,108.87345,34.258411
B0FFFO3NEQ,西安印钞有限公司,公司企业;公司;公司,108.86770377727814,34.2648540182416,莲湖区,108.872298,34.263255
B001D0W8YS,中国西电西安高压开关厂,公司企业;工厂;工厂,108.88720837835108,34.26889806572314,莲湖区,108.891792,34.267282
B0LR75JB22,西安怡康医药连锁有限责任公司,公司企业;公司;医药公司,108.88293781935128,34.251294132894486,莲湖区,108.887521,34.249674
B0M6OSLSQQ,中国西电电气股份有限公司,公司企业;公司;机械电子|公司企业;知名企业;知名企业,108.88777714636667,34.23515552875805,雁塔区,108.892358,34.233526
B0FFFTDMRM,陕西省土地工程建设集团,公司企业;公司;建筑公司,108.89721740869156,34.24080208153994,莲湖区,108.9018,34.239171
B001D02218,西安医药园,公司企业;公司;医药公司,108.87306010750032,34.23054762803593,雁塔区,108.877647,34.228929
B001D0588M,西安环球印务股份有限公司,公司企业;公司;公司|生活服务;生活服务场所;生活服务场所,108.8769517035334,34.23079162351842,雁塔区,108.881536,34.229169
B0K2VSC9EW,西安延腾置业有限公司自建共有产权住房项目,公司企业;公司;公司,108.85356494471608,34.253657744204645,雁塔区,108.858175,34.252075
B0L03RCU1P,西安市莲湖区土门制药厂十字,公司企业;公司企业;公司企业,108.86733058941049,34.26272439338809,莲湖区,108.871925,34.261125
B001D11IO3,中国邮政集团公司陕西省分公司,公司企业;公司;公司|生活服务;邮局;邮局,108.88586590346094,34.23474050101075,雁塔区,108.890447,34.233112
B0FFJNDOX3,陕西鼓风机(集团)有限公司(集团),公司企业;公司;公司,108.90349453848616,34.27155733145045,莲湖区,108.908083,34.269938
B0FFGVGM5H,大金机电设备(西安)有限公司,公司企业;公司;机械电子,108.89719650081938,34.23975047373865,雁塔区,108.901779,34.238119
B001D06SPW,西安葡萄城信息技术有限公司,公司企业;公司;网络科技,108.87237465503864,34.22965118518044,雁塔区,108.876962,34.228033
B001D07CRL,际华三五一一实业有限公司,公司企业;公司;公司,108.87308046354336,34.25124583890213,雁塔区,108.877669,34.249635
B0FFH85J9J,华清远见·西安中心,公司企业;公司;公司,108.89971254598032,34.237804551344375,雁塔区,108.904296,34.236172
B0L2SR6X0R,乐圣装饰体验馆,公司企业;公司;广告装饰,108.87895899784525,34.25333399273435,雁塔区,108.883544,34.251718
B0FFFO5UEB,西安西电高压电瓷有限责任公司,公司企业;公司;公司,108.88005402841232,34.27199150436251,莲湖区,108.88464,34.270382
B0KKLC9GIA,西安利君制药有限公司,公司企业;公司;医药公司,108.86781906142332,34.262683036906544,莲湖区,108.872413,34.261083
B0FFKG9H8Z,怡康医药总部(总部超市店),公司企业;公司;公司,108.86770426924396,34.271186448235554,莲湖区,108.872299,34.26959
B0MAPZWDCA,西安秦华天然气集团公司,公司企业;公司;公司,108.89454989055436,34.24503081573513,莲湖区,108.899132,34.243402
B001D0WLIN,陕西建工集团第一建筑工程公司安装公司,公司企业;公司;建筑公司,108.87639446582988,34.25451907180009,莲湖区,108.880981,34.252906
B0G2GZLYUN,和创财税集团(财务橙).公司注册.代理记账,公司企业;公司;公司,108.88554978417169,34.23545002819119,雁塔区,108.890131,34.233822
B0FFIC8W37,新东方前途出国(西安高新中心),科教文化服务;培训机构;培训机构|公司企业;公司;公司,108.89532656286296,34.23412913901849,雁塔区,108.899908,34.232496
B0FFHU6LPV,中国华能陕西公司,公司企业;公司;公司,108.89234377502312,34.239025316496395,雁塔区,108.896925,34.237395
B001D07TQ4,大天科技,公司企业;公司;网络科技,108.88799453774044,34.23052136521095,雁塔区,108.892575,34.22889
B0FFLCPIRY,陕西延长石油材料有限责任公司,公司企业;公司;冶金化工,108.87368684672433,34.27697816921823,莲湖区,108.878277,34.275377
B0K3Z1LV8L,西安延腾置业有限公司,公司企业;公司;公司,108.85764432293594,34.25436793430595,莲湖区,108.862249,34.252779
B001D09PA7,陕西龙钢集团西安钢铁有限公司,公司企业;公司;公司,108.8582836422602,34.26048550129035,莲湖区,108.862888,34.258898
B0FFGCBDUA,西安西化氯碱化工有限责任公司,公司企业;公司;冶金化工,108.857035595488,34.253678261515354,雁塔区,108.861641,34.25209
B0FFIKFZM8,中国航发西控(汉城南路),公司企业;公司;公司,108.8672109786672,34.26888475280714,莲湖区,108.871806,34.267288
B001D0WO86,业之峰高新店(来前请致电),公司企业;公司;广告装饰,108.86876654457473,34.23028864707894,雁塔区,108.873357,34.228675
B0FFF6548L,西安市庆安包装工业有限公司(汉城南路),公司企业;工厂;工厂,108.86810984056184,34.26885791517306,莲湖区,108.872704,34.26726
B0FFFVVZBL,西安林产化学工厂,公司企业;工厂;工厂,108.88184003638352,34.26871334605109,莲湖区,108.886425,34.267101
B001D0VSZP,双威集团,公司企业;公司;公司,108.870228738761,34.23160195764632,雁塔区,108.874818,34.229987
B0G3TUPE07,开瑞项目管理有限公司,公司企业;公司;公司,108.90006106695284,34.24153417503146,莲湖区,108.904645,34.239903
B0FFGFQASC,利君精华药业(红光路),公司企业;公司;医药公司,108.86299315118583,34.26163596567798,莲湖区,108.867592,34.260042
B0JDVAMYPS,西安秦华智慧生活家科技服务有限责任公司,公司企业;公司;公司,108.86135052315534,34.24609468757159,雁塔区,108.86595,34.244497
B0FFFU86MT,中粮工科检测认证有限公司西安分公司,公司企业;公司;公司,108.90465323546518,34.26464201532329,莲湖区,108.909242,34.26302
B0LDJRNOJF,华君健康城二期项目部,商务住宅;住宅区;住宅小区|公司企业;公司;公司,108.86855666172904,34.26381751565093,莲湖区,108.87315,34.262217
B0K6R7DTKA,幼兽啤酒公司(叁伍壹壹店),公司企业;公司;公司|餐饮服务;餐饮相关场所;餐饮相关,108.87242699835676,34.25082426778912,雁塔区,108.877016,34.249214
B0J04AXJEG,西安公交四公司,公司企业;公司企业;公司企业,108.87393451386605,34.270892948737426,莲湖区,108.878524,34.269289
B0FFGG4MCN,西安开米股份有限公司(科技一路),公司企业;公司;公司,108.88279744567812,34.23041490423941,雁塔区,108.887379,34.228787
B0IR7C7UJH,科锐国际,公司企业;公司;公司,108.87787114166603,34.231884111565755,雁塔区,108.882455,34.230261
B0FFLAKIAZ,跃隆快印广告,公司企业;公司;广告装饰,108.89567499540324,34.23996105293223,雁塔区,108.900257,34.23833
B0L3S72S4F,ISO50新力场,公司企业;公司企业;公司企业,108.88837238787076,34.27020021028371,莲湖区,108.892956,34.268584
B0KG3HP3GC,佰联云仓(高科仓),公司企业;公司企业;公司企业,108.8652800588205,34.24367911715512,雁塔区,108.869875,34.242075
B0KRDAGE2S,陕西广济堂医药集团股份有限公司,公司企业;公司;医药公司,108.8855921627939,34.268267296127746,莲湖区,108.890176,34.266652
B001D07E4U,西安新华印刷厂,公司企业;工厂;工厂|生活服务;摄影冲印店;摄影冲印,108.87680496881272,34.26381979337839,莲湖区,108.881392,34.26221
B0FFI1Y1WP,陕西瑞美医药有限公司,公司企业;公司;医药公司,108.86787062883758,34.26868068314348,莲湖区,108.872465,34.267083
B0H2RZ3Y9R,BoBoLab直播电商基地,公司企业;公司;公司,108.89734979189102,34.235391133142606,雁塔区,108.901932,34.233758
B001D08CVV,西安海翔机电制造有限公司,公司企业;公司;机械电子|购物服务;家居建材市场;建材五金市场,108.8885585025997,34.26892083480251,莲湖区,108.893142,34.267304
B0J0HYRY0S,金米财税·注册公司·代理记账·财务代办(陕西总部),公司企业;公司企业;公司企业,108.88725840856496,34.23116169813912,雁塔区,108.891839,34.229531
B0FFF8PN4K,中智西安经济技术合作有限公司,公司企业;公司;公司,108.8993890523217,34.233500123554066,雁塔区,108.903972,34.231866
B0H64SHJPC,大寨里联合办公,公司企业;公司;公司,108.87243536518496,34.24633100847047,莲湖区,108.877024,34.244719
B0FFGVUP8V,西安市西郊市政养护管理公司,公司企业;公司;公司,108.87394608732704,34.26384981554133,莲湖区,108.878535,34.262243
B0LD6HADCI,中建西北院延长石油昆明路项目部,公司企业;公司;公司|商务住宅;商务住宅相关;商务住宅相关,108.85393059616835,34.251833048952065,雁塔区,108.85854,34.250249
B0FFF651IT,西安藻露堂药业集团西京医药有限公司,公司企业;公司;医药公司,108.88321431293711,34.25871743349415,莲湖区,108.887798,34.2571
B0FFGCDW71,西安城投天然气有限公司,公司企业;公司;公司,108.86459574992683,34.25102236777299,雁塔区,108.869192,34.249422
B0L2MDYL8Q,西安盒马前置仓昆明城市花园站,公司企业;公司;公司,108.87888999438891,34.25294108289219,雁塔区,108.883475,34.251325
B0FFGFQC9F,出版集团印刷物资公司库房,公司企业;公司;公司,108.85346783094212,34.26582775412172,莲湖区,108.858079,34.26425
B0KBX7JZVO,中建八局延长石油昆明路项目,公司企业;公司;公司,108.85498187222773,34.25377698372756,雁塔区,108.85959,34.252192
B001D14N8Y,百利商业有限公司,公司企业;公司;公司,108.9004582359875,34.23676598991444,雁塔区,108.905042,34.235133
B0L1OZNJF1,商妹妹财税顾问集团(西安)有限公司,公司企业;公司;公司,108.90324017808592,34.240882419029504,莲湖区,108.907826,34.239251
B001D07SL3,西安超滤(高新三路),公司企业;公司;公司,108.89641160793464,34.241893501226194,雁塔区,108.900994,34.240263
B0JR2SAVF5,中国移动大寨分局,公司企业;公司;公司,108.85050813610954,34.24701425219556,雁塔区,108.855122,34.245434
B0FFFAEO0G,中国邮电器材西北有限公司,公司企业;公司;公司,108.8843456959122,34.27047553594977,莲湖区,108.88893,34.268862
B0MDMZXJUB,西安秦华燃气集团城西分公司,公司企业;公司;公司|生活服务;生活服务场所;生活服务场所,108.86117227716102,34.24655925030696,雁塔区,108.865772,34.244962
B0MBH7ICR4,盒马鲜生高新路仓,公司企业;公司;公司,108.90219004125544,34.23885723088451,雁塔区,108.906775,34.237225
B0FFHRUPML,中国电信西安市电信局莲湖分局,公司企业;公司;电信公司,108.88930112066484,34.26160617968992,莲湖区,108.893884,34.259986
B0KG3DHW3B,陕西金银珠宝鉴定中心,公司企业;公司;公司,108.90358833870891,34.24828956832305,莲湖区,108.908175,34.246661
B001D07SL4,西安迈克,公司企业;公司;公司,108.89647457376886,34.242055454044696,雁塔区,108.901057,34.240425
B0HA3H4KQQ,梦想加空间(西安长岭大厦店),公司企业;公司;公司,108.90093891242276,34.23744575568183,雁塔区,108.905523,34.235813
B0LRUCE5EV,鱼跃制氧机呼吸机血压计,公司企业;公司;公司|购物服务;购物相关场所;购物相关场所,108.86764016444788,34.271728144211615,莲湖区,108.872235,34.270132
B0FFFVKFE1,西安太乙电子有限公司,公司企业;公司;机械电子,108.9023540493944,34.23743875768442,雁塔区,108.906939,34.235806
B0FFHNS0HN,超能快印广告(Tiger国际公寓A座店),公司企业;公司;广告装饰,108.90489657855242,34.24554247208438,莲湖区,108.909484,34.243913
B0H6LSE6ZN,信永中和(西安)数据服务有限公司,公司企业;公司;公司,108.89432536957106,34.2397057640446,雁塔区,108.898907,34.238075
B0L1S5PVCR,火力空间装饰材料经销处,公司企业;公司;广告装饰,108.857969390448,34.27111273187216,莲湖区,108.862575,34.26953
B0FFHNY7TT,西安希格玛工程管理咨询股份有限公司,公司企业;公司;建筑公司,108.9027258662149,34.236672029334244,雁塔区,108.907311,34.235039
B0FFGJ8HMC,陕建一建集团安装第三公司,公司企业;公司;建筑公司,108.87602224504322,34.25438174987666,莲湖区,108.880609,34.252769
B0FFGHBNH3,西安利君医药集团有限公司,公司企业;公司;医药公司,108.8707578479996,34.26079341287873,莲湖区,108.875349,34.259189
B0GRYGTV01,延光厂,公司企业;公司企业;公司企业,108.89759041302656,34.26389715892954,莲湖区,108.902175,34.262275
B0FFKTW294,雅迪电动车(土门店),购物服务;专卖店;自行车专卖店|公司企业;公司;公司,108.88454437846973,34.26260086131716,莲湖区,108.889128,34.260984
B0J63S46NJ,西安玉石加工厂,公司企业;工厂;工厂,108.90212225385504,34.24921728909357,莲湖区,108.906708,34.247589
B0J3V58KXK,富力集团陕西公司,公司企业;公司;公司,108.87693640969977,34.25929772730406,莲湖区,108.881523,34.257686
B001D09FDL,陕西出版传媒集团印刷物资有限责任公司,公司企业;公司;公司,108.87587437184348,34.264100745530975,莲湖区,108.880462,34.262492
B0FFFF9VF7,时代图文快印(高新店),公司企业;公司;公司,108.89990072739032,34.23433685806705,雁塔区,108.904484,34.232703
B0IA1ZUPTI,3W COFFICE高新创路空间,公司企业;公司;公司,108.8987451129146,34.23654991876768,雁塔区,108.903328,34.234917
B0LGL7LXI9,四川巴蜀辣韵食品有限公司(陕西)分公司,公司企业;公司;公司,108.85058031602765,34.27092789790639,未央区,108.855196,34.269357
B0FFGHBMRQ,陕西新宇医药有限公司,公司企业;公司;公司,108.8676010408286,34.272800653706454,莲湖区,108.872196,34.271205
B0K32S9HF7,智诚中卫地铁项目部,公司企业;公司;公司,108.85008311149856,34.23960734806236,雁塔区,108.854697,34.238025
B0FFGK1HRK,西安西电后勤资产管理中心,公司企业;公司;公司,108.88685631523693,34.269094770856455,莲湖区,108.89144,34.267479
B001D09492,陕西省水利机械设备制造安装有限公司,公司企业;公司;公司,108.85920202716122,34.232598580932304,雁塔区,108.863803,34.230999
B0MG3M9HYP,陕西省通信服务有限公司,公司企业;公司;电信公司,108.89846060589736,34.23199157100972,雁塔区,108.903043,34.230357
B0FFFSVGDM,陕西中技招标有限公司,公司企业;公司;公司,108.89587359511218,34.24420849497004,雁塔区,108.900456,34.242579
B0FFLCI7AK,陕西红光钢铁有限责任公司,公司企业;公司;公司,108.85455072346384,34.26079752339436,莲湖区,108.85916,34.259216
B0KGHZURSI,西安雅宅装饰工程有限公司,公司企业;公司;广告装饰,108.86671473847242,34.26581135245052,莲湖区,108.87131,34.264214
B0K6O5VJWL,西安仟富来生物机构,公司企业;公司企业;公司企业,108.90402481091752,34.23844926543956,雁塔区,108.908611,34.236817
B0KD1RGK9H,中国电信陕西分公司-网络优化中心,公司企业;公司企业;公司企业,108.89840757351236,34.232687307082266,雁塔区,108.90299,34.231053
B0HRMUHILU,三菱电机中央空调直营店展厅,公司企业;公司;公司,108.87329665496873,34.23839797924424,雁塔区,108.877884,34.236782
B0FFHIKJQV,西安百缘宝贸易有限责任公司,公司企业;公司;公司,108.88500396704158,34.26911655213716,莲湖区,108.889588,34.267502
B0FFIJNDXR,西安恒泰鸿信汽车服务有限公司,公司企业;公司;公司|汽车服务;汽车服务相关;汽车服务相关,108.90214052653845,34.27060279233934,莲湖区,108.906728,34.268983
B0HR5CAOD0,品印科技专业标书代写制作,公司企业;公司;公司,108.8946729460592,34.24396625853508,莲湖区,108.899255,34.242337
B0FFIZAS38,兄弟快印广告.设计制作·文化展厅,公司企业;公司;公司,108.88773527372578,34.2335131133148,雁塔区,108.892316,34.231883
B0JRX76P87,中钢西重18号库,公司企业;公司企业;公司企业,108.8676898439928,34.276309318123275,莲湖区,108.872285,34.274715
B0FFGMQG5T,彩虹桥广告,公司企业;公司;广告装饰|生活服务;生活服务场所;生活服务场所,108.88913531787694,34.24660995811432,莲湖区,108.893717,34.244984
B0FFJWFC82,公博钱币艺术品鉴定中心,公司企业;公司企业;公司企业,108.9016906093728,34.24814370797097,莲湖区,108.906276,34.246515
B0L1HOYWFI,爱客·AIC咖啡馆(大都荟店),公司企业;公司;公司,108.88895083488254,34.24007134425668,雁塔区,108.893532,34.238443
B0FFK3KOL5,西安西电高压开关有限责任公司,公司企业;公司;公司,108.8519440291796,34.26160294408807,莲湖区,108.856557,34.260026
B0FFFGUU73,西安亮丽电管家电力维护服务有限公司,公司企业;公司;公司,108.8720633675114,34.230191631900105,雁塔区,108.876651,34.228574
B0FFHXLLGV,中鑫盛邦实业发展有限公司,公司企业;公司;广告装饰,108.8722769293622,34.23775407511261,雁塔区,108.876865,34.236139
B0LA67AD6J,中材途保(陕西)运营服务中心,公司企业;公司;公司,108.88849560575032,34.23014678428647,雁塔区,108.893076,34.228515
B0KDOUVQFU,西安锦尚大宅装饰工程有限公司,公司企业;公司;广告装饰,108.84642201350276,34.23464090135014,雁塔区,108.851041,34.233063
B0L3N9E3DL,禾里设计(大都荟店),公司企业;公司;广告装饰,108.8897708920876,34.23957595508881,雁塔区,108.894352,34.237947
B0K2YMNZ5T,德通建设集团有限公司(昆仑序)项目部,公司企业;公司;公司,108.8582770037059,34.243440118920994,雁塔区,108.86288,34.241846
B0FFKOLYSO,制药厂西福利区,公司企业;公司;公司,108.86457261823976,34.264808888962555,莲湖区,108.86917,34.263214
B0FFHSHDQB,陕西能源化工交易所,公司企业;公司;公司,108.8832543384674,34.24607838416392,雁塔区,108.887837,34.244456
B0J19OWWUX,西安亮丽集团有限责任公司第五工程分公司,公司企业;公司;公司,108.87153191614196,34.230511900708265,雁塔区,108.87612,34.228895
B0GU75EOP8,蒜泥空间(嘉汇坊店),商务住宅;产业园区;产业园区|公司企业;公司;公司|餐饮服务;咖啡厅;咖啡厅,108.8983171252542,34.23877502862324,雁塔区,108.9029,34.237143
B0H6NSEDNM,乾朝亿丰集团,公司企业;公司;公司,108.8997708054766,34.234195900122664,雁塔区,108.904354,34.232562
B0I2AHIU8H,土门街心花园东南角棚户区改造项目(建设中),公司企业;公司;公司,108.89023526417698,34.259831354367144,莲湖区,108.894818,34.25821
B001D13ZN0,长安国际信托股份有限公司(高新国际商务中心店),公司企业;公司;公司|金融保险服务;金融保险服务机构;金融保险机构,108.8992740931461,34.233690041751025,雁塔区,108.903857,34.232056
B0MG1ZSNNI,陕西华帆医疗科技有限公司,公司企业;公司;公司,108.86537597492678,34.27087351864123,莲湖区,108.869973,34.26928
B0FFI7GXS3,西安交通燃气有限责任公司,公司企业;公司;公司,108.86642460721828,34.25139367875539,雁塔区,108.871019,34.249791
B0LUBCBUTW,陕西卓佲项目管理有限公司,公司企业;公司;公司,108.90182687129628,34.23135302486497,雁塔区,108.906411,34.229718
B0JADP3470,西安名扬酒业有限公司,公司企业;公司企业;公司企业,108.8758364748067,34.274979272562526,莲湖区,108.880425,34.273375
B0FFFDGFDY,西安欣创电子技术有限公司,公司企业;公司;公司,108.89896611707437,34.23522243971698,雁塔区,108.903549,34.233589
B0IBC70VOO,陕西嘉天网约车服务中心,公司企业;公司企业;公司企业,108.87478799364052,34.27235026593333,莲湖区,108.879377,34.270746
B0ID47NRIX,西安东郊到家健康管理有限公司,公司企业;公司;公司,108.89657612067953,34.234797197469256,雁塔区,108.901158,34.233164
B0FFJSHDDQ,东兴豪庭装饰,公司企业;公司;广告装饰,108.86379982705948,34.239388712253074,雁塔区,108.868396,34.237785
B0HA6A8G8R,西安八牧商贸有限公司,公司企业;公司;公司,108.8611027777722,34.23930790046383,雁塔区,108.865702,34.237708
B0H2MA17EC,东威新能源(西安工厂直营店),公司企业;公司;公司|汽车销售;汽车销售;汽车销售,108.88144611264636,34.265867177878114,莲湖区,108.886031,34.264254
B0GKSNE4K2,德懋恭(高新咖啡街区店),购物服务;购物相关场所;购物相关场所|公司企业;公司企业;公司企业,108.899807593058,34.23661200470813,雁塔区,108.904391,34.234979
B0FFIL8RWA,迁高广告快印(科技路店),公司企业;公司;广告装饰|生活服务;生活服务场所;生活服务场所,108.90162991864074,34.23227268700554,雁塔区,108.906214,34.230638
B0L25CCYTN,陕西宜锦万福食品有限公司,公司企业;公司;公司,108.84880909645914,34.26609085624747,未央区,108.853427,34.264521
B0JUGC9Y56,西安芒果智慧财税服务有限公司,公司企业;公司;公司,108.90015001938784,34.24154117832206,莲湖区,108.904734,34.23991
B001D0803X,中交通力建设股份有限公司,公司企业;公司;建筑公司|公司企业;公司;网络科技,108.88801656551972,34.23019849622315,雁塔区,108.892597,34.228567
B0K6SH62ZV,西安新庆酒业有限公司,公司企业;公司;公司,108.87750310338986,34.25474607356035,莲湖区,108.882089,34.253132
B0FFLILFX5,陕西天财工程造价咨询有限公司,公司企业;公司;公司|生活服务;生活服务场所;生活服务场所,108.86856910619044,34.233492220233266,雁塔区,108.87316,34.23188
B0J2TY6GZQ,陕西财金投资管理有限责任公司,公司企业;公司;公司,108.89797979667712,34.24466574947311,莲湖区,108.902563,34.243036
B0FFF64ZD8,中航工业陕西资产经营管理有限公司,公司企业;公司;公司,108.8869859256779,34.26170782843386,莲湖区,108.891569,34.260089
B0JGR46WTY,爱康集团(创业广场店),公司企业;公司;公司,108.88913308670423,34.23701158829555,雁塔区,108.893714,34.235382
B0KUHACJNH,海得邦国际物流控股(集团)有限公司,公司企业;公司;公司,108.88673027459112,34.231936090164574,雁塔区,108.891311,34.230306
B0KKGZC7J3,陕西铱微实业有限公司,公司企业;公司企业;公司企业,108.86721761921405,34.24852882181776,雁塔区,108.871811,34.246924
B001D07TFB,步长集团(高新路),公司企业;公司;公司,108.9004074154374,34.2348726920189,雁塔区,108.904991,34.233239
B0FFK092BP,华跃空间,公司企业;公司;公司,108.90148160339396,34.237326810267554,雁塔区,108.906066,34.235694
B0J1XHQHAG,六九快印广告(太和时代店),公司企业;公司;广告装饰|生活服务;生活服务场所;生活服务场所,108.88233680807186,34.24888059853629,莲湖区,108.88692,34.24726
B0JGHKN1OM,西控公司,公司企业;公司企业;公司企业,108.89027735729395,34.258657839964165,莲湖区,108.89486,34.257036
B0G3Z6KSCI,聪明核桃教育科技有限公司,公司企业;公司;公司,108.88728430696966,34.23247023187095,雁塔区,108.891865,34.23084
B0FFKU40PT,陕西博鸿医药有限公司,公司企业;公司;医药公司,108.90483570007623,34.25708699934281,莲湖区,108.909424,34.255462
B0G33AW5MA,典信企服财税财务公司,公司企业;公司;公司,108.88640864590322,34.23915720208783,雁塔区,108.89099,34.23753
B0JGCCKPUL,盒马西安区域总部,公司企业;公司;网络科技,108.88824785030992,34.23936422498172,雁塔区,108.892829,34.237736
B0GRGSP67U,青矩工程顾问有限公司西安分公司,公司企业;公司;公司,108.88679928859376,34.23188815065614,雁塔区,108.89138,34.230258
B0JG05CX0Y,乐商宝(西安)企服集团有限公司,公司企业;公司;公司,108.90334511066035,34.24080943893875,莲湖区,108.907931,34.239178
B0KRVRLVEH,海狸享家·装修设计,公司企业;公司;广告装饰,108.88263676532236,34.23823388083286,雁塔区,108.887219,34.236609
B0M6PSLDRY,陕西鑫峰正达消防安全服务有限公司莲湖区教导队,公司企业;公司;公司,108.8881209629414,34.26279106461232,莲湖区,108.892704,34.261172
B0JAAXMV3N,陕西宏盛文旅开发有限公司,公司企业;公司;公司|生活服务;旅行社;旅行社,108.86776334077128,34.25854261349587,莲湖区,108.872357,34.256941
B0LR97PPBK,中铁七局西安公司大兴安置楼项目部,公司企业;公司企业;公司企业,108.87941108496248,34.25503973471392,莲湖区,108.883996,34.253424
B0I10H3ENL,西安景顺商贸有限公司,公司企业;公司;商业贸易,108.87608166688992,34.27452071163986,莲湖区,108.88067,34.272916
B001D07ZFY,西安银桥乳业集团(二环南路西段辅路),公司企业;公司;公司,108.89594257813192,34.24415453254893,雁塔区,108.900525,34.242525
B0KK463VIU,嘉鸿药业(陕西)有限责任公司 (办公室),公司企业;公司;医药公司,108.86706151804276,34.2728049556254,莲湖区,108.871657,34.27121
B0JU351NVJ,西安中凯环境检测有限公司,公司企业;公司;公司,108.88746729059751,34.23294416611272,雁塔区,108.892048,34.231314
B0FFH2AS54,陕西曼伦医疗器械有限公司,公司企业;公司;公司,108.867556946259,34.273451329352504,莲湖区,108.872152,34.271856
B0L61HMTFG,西安乔食郎商贸有限公司,公司企业;公司;商业贸易,108.8504552479936,34.26951226530626,未央区,108.855071,34.267941
B0FFFO3O59,陕西西纺物业管理有限公司,公司企业;公司;公司,108.84848391254656,34.27475176008662,未央区,108.853103,34.273186
B0HR9A6319,西安易俗社有限公司,公司企业;公司;公司,108.94362922711632,34.26316370144615,新城区,108.948289,34.26158
B0FFKQRPGJ,陕西建工安装集团有限公司,公司企业;公司;建筑公司,108.93392591530916,34.24482672369543,碑林区,108.938559,34.24322
B001D07Q7F,中国中铁一局(雁塔北路),公司企业;公司;公司,108.95973741006966,34.24366013391939,碑林区,108.964447,34.242103
B0FFFV64LM,中煤西安设计工程公司,公司企业;公司;建筑公司,108.95824725266178,34.24808597230449,碑林区,108.962952,34.246527
B001D04CEO,中电20所,科教文化服务;科研机构;科研机构|公司企业;公司;公司,108.90851811268784,34.236427101274785,雁塔区,108.913108,34.234795
B001D07EVB,西安市汽车客运总公司,公司企业;公司;公司,108.91572729478776,34.25289045668931,莲湖区,108.920327,34.251268
B0MAK6N99U,盒马鲜生(伟业大厦仓),公司企业;公司;公司,108.93502033366056,34.25689445098554,碑林区,108.939657,34.255294
B001D02D54,陕西建工第三建设集团有限公司(安东街),公司企业;公司;建筑公司,108.96379544301156,34.24835038377329,碑林区,108.96852,34.246805
B001D0WP1S,时代诺利达,商务住宅;楼宇;商住两用楼宇|公司企业;公司;公司,108.92951819838152,34.25207083407056,碑林区,108.934142,34.250461
B001D07S7J,陕西工程勘察研究院有限公司,科教文化服务;科研机构;科研机构|公司企业;公司;公司,108.92317776499328,34.237444415403665,碑林区,108.927788,34.235822
B001D04NIU,陕西建工第八建设集团有限公司,公司企业;公司;建筑公司,108.92122167185376,34.24337298123729,碑林区,108.925829,34.241751
B001D079NT,中国石油天然气股份有限公司(陕西西安销售分公司),公司企业;公司;公司,108.92133232744202,34.25776830681459,莲湖区,108.925941,34.256152
B0I0UU5428,芠艺荟,公司企业;公司;公司,108.9480099983933,34.24301618221647,碑林区,108.952681,34.241433
B001D0X54X,西安市政设计研究院有限公司,公司企业;公司;公司|科教文化服务;科研机构;科研机构,108.93375060856116,34.24134129755359,碑林区,108.938383,34.239733
B0FFID941Q,国网陕西省电力有限公司物资公司,公司企业;公司;公司,108.95280399723173,34.24225848884014,碑林区,108.95749,34.240685
B0LKJG0KYN,陕建一建集团,公司企业;公司;建筑公司|购物服务;家居建材市场;建材五金市场,108.92021912249088,34.2458968753831,碑林区,108.924825,34.244275
B0FFGL27IA,陕西地矿集团有限公司,公司企业;公司;矿产公司,108.9582401029857,34.25022216461237,碑林区,108.962945,34.248664
B0KRVCCMHQ,巅峰电竞(大话南门店),体育休闲服务;娱乐场所;网吧|公司企业;公司;公司,108.94289703890186,34.2415954277806,碑林区,108.947553,34.240002
B001D0WVAH,西安市市政建设(集团)有限公司,公司企业;公司;建筑公司,108.95673411672875,34.25217190559887,新城区,108.961434,34.250611
B001D02E73,西安第一印刷厂,公司企业;工厂;工厂,108.96044359914944,34.24752295989243,碑林区,108.965156,34.245969
B0I07ZJ78H,西安市市政工程(集团)有限公司,公司企业;公司;公司,108.95509772593718,34.251073049769346,碑林区,108.959792,34.249508
B0JBALFNVF,秦华燃气城中客服中心,公司企业;公司;公司,108.9212683177514,34.23437031954545,碑林区,108.925875,34.232745
B001D08016,西安邮局海关,政府机构及社会团体;政府机关;地市级政府及事业单位|生活服务;邮局;邮局|公司企业;公司;公司,108.9623905726665,34.27259823513321,新城区,108.967112,34.271059
B0FFHDLYXB,陕西省电力公司(尚德路),公司企业;公司;公司,108.95602056731616,34.2640518401231,新城区,108.960719,34.262494
B0FFK96QW7,陕西投资集团有限公司,公司企业;公司;公司|金融保险服务;金融保险服务机构;金融保险机构,108.93511807487756,34.23242963580286,碑林区,108.939753,34.23082
B001D0VZDK,陕西省纺织工业供销有限公司,公司企业;公司;公司,108.963958616355,34.27553911056735,新城区,108.968686,34.274005
B0HKORMCZJ,学而思网校(五路口民生百货店),公司企业;公司;公司,108.95913130573858,34.270959806231616,新城区,108.963841,34.269412
B001D01B28,陕西建工集团股份有限公司,公司企业;公司;建筑公司,108.94310764098178,34.276205331131955,新城区,108.947767,34.274626
B0G16NZ0E1,华润万家陕西公司,生活服务;中介机构;中介机构|公司企业;公司;公司,108.90566340902753,34.26488176201506,莲湖区,108.910253,34.26326
B0K63UN90C,西门街面玩家,体育休闲服务;娱乐场所;娱乐场所|公司企业;公司;公司,108.9210827907866,34.25720874627442,莲湖区,108.925691,34.255592
B001D09J76,西荷集团,公司企业;公司;公司,108.92243906818544,34.23743311963634,碑林区,108.927048,34.23581
B0FFGFW6NC,中国建筑材料工业地质勘查中心陕西总队,政府机构及社会团体;政府机关;省直辖市级政府及事业单位|公司企业;工厂;工厂|科教文化服务;科研机构;科研机构,108.94224701345864,34.276558726171935,莲湖区,108.946904,34.274978
B001D07YO5,西部建筑抗震勘察设计研究院有限公司,公司企业;公司;公司,108.96236868529428,34.247762165049274,碑林区,108.967088,34.246213
B0I06SRS0B,陕西国铁旅服传媒集团有限公司,公司企业;公司;公司,108.94802828928708,34.27565919368853,新城区,108.952702,34.274089
B0JAXA5NR2,字节跳动(西安N6工区),公司企业;公司;公司,108.95277848669072,34.261820934269856,新城区,108.957466,34.260255
B0L067OGJP,华硕授权服务中心(建大意诚科创中心店),公司企业;公司;公司,108.95972093908236,34.237894348877504,碑林区,108.96443,34.236335
B0FFH1GMCD,西北(陕西)国际招标有限公司,公司企业;公司;公司,108.93378535326369,34.23110906148198,雁塔区,108.938417,34.229497
B0FFFWAJ2I,恒泰汽车服务连锁(建国门店),购物服务;服装鞋帽皮具店;服装鞋帽皮具店|汽车服务;洗车场;洗车场|公司企业;公司;公司|汽车维修;汽车维修;汽车维修,108.96188177782096,34.25587421134691,碑林区,108.9666,34.254327
B0FFH2WBYM,金信国际,公司企业;公司;公司,108.93518690166802,34.23251550193289,碑林区,108.939822,34.230906
B0FFKPTR57,WeWork中国(中铁第壹国际社区店),公司企业;公司;公司,108.96036622794448,34.24318580346748,碑林区,108.965078,34.24163
B0IB3A8AD4,匠人集团,公司企业;公司;公司,108.96261351717938,34.27562643367059,新城区,108.967336,34.274089
B0K24AHDL2,瑞联鑫日丰管五金电料,公司企业;公司;公司,108.90846263151572,34.25556179569512,莲湖区,108.913054,34.253937
B001D00C96,陕西省建筑科学研究院有限公司,公司企业;公司;建筑公司,108.91762349268654,34.26648878281634,莲湖区,108.922227,34.264873
B001D0W5C6,陕西省杂技艺术团有限公司,公司企业;公司;公司,108.95150641187244,34.25160468544045,碑林区,108.956189,34.250032
B001D0WJON,西安西粮实业有限公司,公司企业;公司;公司,108.92323981527277,34.27269552806286,莲湖区,108.927853,34.271087
B0I3TCEJFM,企业微信西北运营中心,公司企业;公司;公司,108.94326659295383,34.23429349396543,碑林区,108.947923,34.232698
B0FFKUKEG4,西安翔腾微电子科技有限公司,公司企业;公司;机械电子,108.91863704030152,34.240675118536124,碑林区,108.92324,34.23905
B0HK5UL4EQ,中国电科,公司企业;公司;公司,108.90889755115067,34.23873711828329,雁塔区,108.913488,34.237106
B0FFM0SLNH,华为云(莲湖)联合发展中心,公司企业;公司;公司,108.91524742568647,34.27183517719785,莲湖区,108.919848,34.27022
B0FFHTVAXE,中石油煤层气有限责任公司韩城分公司,公司企业;工厂;工厂,108.90616381489905,34.26704679339961,莲湖区,108.910754,34.265426
B0L63R4GFQ,行乐道中医馆,公司企业;公司;公司,108.94966486099118,34.24364659074828,碑林区,108.954341,34.242067
B0FFGA9BDS,森源实业,公司企业;公司;公司,108.94298747026149,34.25781799407023,碑林区,108.947645,34.256231
B0FFG1TNV2,西安翔迅科技有限责任公司,公司企业;公司;公司,108.91848427166552,34.240707222096624,碑林区,108.923087,34.239082
B001D0WNVH,际华三五一三实业有限公司,公司企业;公司;公司,108.93021400995178,34.23593410032983,碑林区,108.934838,34.234319
B001D07OGE,陕西交控交通工程有限公司,公司企业;公司;商业贸易,108.94653646215832,34.2425422614945,碑林区,108.951203,34.240956
B0FFG7X77J,西安安迪佳电子百脑汇店(记录仪补光灯直播设备),购物服务;家电电子卖场;数码电子|公司企业;公司企业;公司企业,108.9585262265366,34.23655168684274,碑林区,108.963231,34.234989
B0J2HCHT2D,积木家连锁装修(南二环咨询中心),公司企业;公司;广告装饰,108.92938507729656,34.23227049889801,碑林区,108.934007,34.230653
B001D08DSQ,福音康复,公司企业;公司;公司,108.91422661884891,34.26134501695742,莲湖区,108.918825,34.259725
B0I1AAAGSY,永利创艺广告制作部,公司企业;公司;广告装饰|生活服务;生活服务场所;生活服务场所,108.95984876949248,34.25893293816241,碑林区,108.96456,34.257382
B001D0WDHL,中煤地建设工程有限公司,公司企业;公司;建筑公司,108.9558981941466,34.24917497689278,碑林区,108.960595,34.247611
B0FFK0UG12,万盛祥集团,公司企业;公司;公司,108.96446219753597,34.233628261283926,碑林区,108.969188,34.232079
B0LDHUJTTP,ROC科技交互场,公司企业;公司企业;公司企业,108.95956879362114,34.23398216944586,碑林区,108.964277,34.232421
B0FFF64ZYU,陕西省益秦集团公司,公司企业;公司;公司,108.93280325445116,34.27292717089051,莲湖区,108.937436,34.27133
B0KUOSTHNF,陕西国际经贸集团有限公司,公司企业;公司;公司,108.93836079240889,34.27181827654735,莲湖区,108.943007,34.270229
B0KKVAPWMR,陕西正信招标有限公司,公司企业;公司;公司,108.91837701400016,34.25837947476334,莲湖区,108.922981,34.256761
B0J14UXHWX,西安塞纳春天互联网家装,公司企业;公司;公司,108.92246606816084,34.236848312962685,碑林区,108.927075,34.235225
B0FFIDDK1J,四季荟,餐饮服务;中餐厅;火锅店|公司企业;公司;公司,108.93855251002948,34.232122408900565,碑林区,108.943196,34.230518
B001D0WPL9,陕西省迎宾汽车公司,公司企业;公司;公司,108.95990690351434,34.25478643273173,碑林区,108.964618,34.253234
B0FFFFL51U,陕西华山创业有限公司,公司企业;公司;公司,108.9545993703994,34.263522252722495,新城区,108.959293,34.261961
B0FFJG38W1,中国通信服务(陕西中天信息分公司),公司企业;公司;电信公司,108.94525424850468,34.24233879512201,碑林区,108.949917,34.24075
B0I6P5LPVS,西安市自来水有限公司城区供水服务分公司,公司企业;公司;公司,108.91855297699918,34.25550047692023,莲湖区,108.923157,34.253881
B0K64PJ0U1,佳森科技手机电脑维修回收(天成大厦c座),购物服务;家电电子卖场;数码电子|公司企业;公司;网络科技|生活服务;维修站点;维修站点,108.95941520657858,34.23552796198212,碑林区,108.964123,34.233967
B0M6DU761L,星火集团,公司企业;公司;公司,108.90639930076496,34.258472177597874,莲湖区,108.910989,34.256848
B0H2LA5KNI,陕西福乐康养老服务有限公司,公司企业;公司;公司,108.95833084086075,34.249581199454326,碑林区,108.963036,34.248023
B0J1HRALHM,西安供销助农直播基地,公司企业;公司企业;公司企业,108.92591575728125,34.26131239064654,莲湖区,108.930533,34.259702
B0FFF5ARA6,陕西莲秀吉餐饮有限公司,公司企业;公司;公司,108.9350821093446,34.23307744995472,碑林区,108.939717,34.231468
B0FFKW9PFP,丝路人才集团,公司企业;公司;公司|公司企业;工厂;工厂,108.9174125022222,34.27023740935628,莲湖区,108.922016,34.268623
B0FFGPWQWU,隐舍,公司企业;公司;公司|餐饮服务;茶艺馆;茶艺馆,108.9194825980657,34.2546530862151,莲湖区,108.924088,34.253034
B001D09JEY,红宝实业,公司企业;公司;公司,108.91845926226767,34.2412990175172,碑林区,108.923062,34.239674
B0FFGVZ5EZ,中煤科工集团西安研究院有限公司,公司企业;公司;公司|科教文化服务;科研机构;科研机构,108.9584148230097,34.24623229022594,碑林区,108.96312,34.244673
B0KA5RG3LC,DDS Taproom,公司企业;公司;公司,108.93150366502884,34.25471924549856,碑林区,108.936132,34.253113
B0FFKV95X1,中国电科西北集团,公司企业;公司;公司,108.90692481532008,34.233827496395726,雁塔区,108.911513,34.232194
B0FFHSFWWL,中国铁路物资西安有限公司,公司企业;公司;公司,108.95349894321734,34.2764753967057,新城区,108.95819,34.274917
B001D089RT,西安时代百盛百货有限公司办公区,公司企业;公司;公司,108.93415896205052,34.262193606354906,莲湖区,108.938794,34.260594
B0FFG34VPE,西安市总工会建强实业有限责任公司(西新街),公司企业;公司;建筑公司,108.94620050960356,34.266525518374124,新城区,108.950868,34.264948
B0KU5RSXZJ,伊哇科技有限公司,公司企业;公司;公司,108.9585441961647,34.272882406042,新城区,108.963252,34.271334
B0FFIGI5PT,西安联盛科技有限责任公司,公司企业;公司;公司,108.9611210532878,34.23694232553923,碑林区,108.965835,34.235386
B0LKNSQ6NX,西安市住房置业融资担保有限公司,公司企业;公司企业;公司企业,108.95652855920277,34.267568260854944,新城区,108.961229,34.266013
B0J29C2O8F,湛如影视器材租赁(西安店),公司企业;公司;公司,108.96120825155576,34.26738626460642,新城区,108.965925,34.265842
B001D0W5NU,陕西演艺集团有限公司,公司企业;公司;公司,108.95144791505705,34.24771431301743,碑林区,108.95613,34.24614
B0FFGJ8RWC,陕建三建集团,公司企业;公司;公司,108.9640853885407,34.24823269962672,碑林区,108.968811,34.246688
B0HAKXJOAL,西安市电信局,公司企业;公司;电信公司,108.92804535018637,34.27584307011896,莲湖区,108.932668,34.274241
B0JR2SA66V,西安自动化仪表一厂,公司企业;公司;机械电子,108.915256310771,34.273114646128136,莲湖区,108.919857,34.2715
B0FFGC2KLK,陕西银杰金融信息服务有限公司,公司企业;公司;公司,108.95917589946818,34.27401944314015,新城区,108.963886,34.272473
B0FFK91G90,浙文创·恒创创新中心,公司企业;公司;公司,108.91532343096304,34.27049168091122,莲湖区,108.919924,34.268876
B0G1JZ75TO,上品快印广告,公司企业;公司;广告装饰|生活服务;生活服务场所;生活服务场所,108.95862753081556,34.240759869332535,碑林区,108.963333,34.239199
B001D048PD,陕西省水利印刷厂,公司企业;工厂;工厂,108.92228427322004,34.27548727965266,莲湖区,108.926896,34.273879
B0FFF9WKGW,陕西工勘院工程检测有限责任公司,公司企业;公司;公司,108.9233824016647,34.23741122958649,碑林区,108.927993,34.235789
B0FFIBCVNT,核为贵,公司企业;公司;公司,108.9267915329238,34.26766486804171,莲湖区,108.931411,34.266058
B0LANCZKZF,秦兵凯将青少年体育训练基地,公司企业;公司;公司,108.95323523277132,34.271236133838066,新城区,108.957925,34.269675
B0FFM9HB9N,华唐企业管理集团·注册公司·记账报税,公司企业;公司;公司,108.95805496182672,34.259794845062665,碑林区,108.96276,34.25824
B0FFLIBW7O,西安金通税财税咨询有限公司,公司企业;公司;公司|金融保险服务;金融保险服务机构;金融保险机构,108.9515200308686,34.24346478448491,碑林区,108.956202,34.241889
B0FFLH1UJV,自来水公司城区营业所,公司企业;公司;公司,108.91821457619272,34.25445414064896,莲湖区,108.922818,34.252834
B001D07V7S,金龙快印广告,公司企业;公司;广告装饰|生活服务;生活服务场所;生活服务场所,108.937366269891,34.260238541955125,碑林区,108.942009,34.258643
B0FFHTX3NH,西安自来水第二工程有限公司,公司企业;公司;公司,108.918544879314,34.25686894481966,莲湖区,108.923149,34.25525
B0FFKW5NEC,陕西易通人力资源股份有限公司,生活服务;人才市场;人才市场|公司企业;公司;公司,108.94254762450848,34.23406187427103,碑林区,108.947202,34.232465
B0M677YY61,西安今朝装饰(长安店),公司企业;公司;广告装饰,108.94262632110252,34.23510234752199,碑林区,108.947281,34.233506
B0LK1UE2QB,品宣广告·图文,公司企业;公司;广告装饰,108.94164333842258,34.24372284674492,碑林区,108.946296,34.242128
B0L0FA03TB,怡嘉印务-致远广告,公司企业;公司;广告装饰,108.91488543432938,34.25288597240406,莲湖区,108.919484,34.251263
B0FFMEKG7U,杰诺森门窗,公司企业;公司;机械电子,108.91600857424548,34.23212215114397,雁塔区,108.920607,34.230492
B0LA9MIN58,湘美快印广告·标书·图纸·画册文化墙,公司企业;公司;广告装饰|生活服务;摄影冲印店;摄影冲印,108.93367760142148,34.231162195472635,雁塔区,108.938309,34.22955
B0LBU5B5CV,西安市亨得利钟表公司维修中心,公司企业;公司;公司,108.94864461039742,34.26087796226961,碑林区,108.953319,34.259303
B0KBCULZAN,华测授权专营店(陕西华测),公司企业;公司;公司,108.9499130533011,34.244069918366975,碑林区,108.95459,34.242491
B0JR2SAVIZ,上海荣华仪表西安自动化仪表一厂,公司企业;工厂;工厂,108.91560286928404,34.27274258566332,莲湖区,108.920204,34.271128
B0K11CNUIP,西安水务建设工程有限公司,公司企业;公司;公司,108.90763889781417,34.24959535367528,莲湖区,108.912229,34.247968
B001D07WXE,陕西广丰物业管理有限公司,公司企业;公司;公司,108.92663069919416,34.232319724482856,碑林区,108.931247,34.230699
B0FFFA8IT9,陕西出版印刷物资,公司企业;公司;公司,108.94541608218118,34.27552733427223,新城区,108.950082,34.273952
B0LG4ZC8CV,云上陕西科技运营有限公司,公司企业;公司;公司,108.95757009879996,34.26634235278347,新城区,108.962274,34.264789
B0FFF65DM4,陕西延长石油工贸有限责任公司,公司企业;公司;商业贸易,108.94688327670116,34.23210548776324,碑林区,108.95155,34.230516
B0G0A7YAOO,飞亚达西安分公司官方售后,公司企业;公司;公司,108.94160741293636,34.25635802127687,碑林区,108.946261,34.254768
B0FFH2KW05,陕西省煤炭运销有限责任公司,公司企业;公司;公司,108.95908360634658,34.25709049100713,碑林区,108.963792,34.255537
B001D0804V,西安中体实业有限公司,公司企业;公司;公司,108.933828627504,34.23884012814822,碑林区,108.938461,34.237231
B001D06VJO,陕西建工第八建设集团岩土基础工程公司,公司企业;公司;建筑公司,108.91120610502404,34.23858331296037,碑林区,108.915799,34.236953
B0FFK2CS8E,手机快修.一诺科技电脑维修,公司企业;公司;公司,108.95962360100928,34.23398203858368,碑林区,108.964332,34.232421
B0LDX9GLP3,陕西搅团(八家巷小区店),公司企业;公司;公司,108.91698404821436,34.25878031560236,莲湖区,108.921586,34.257161
B0FFH49UU7,陕西建工第八建设集团第二建筑工程公司,公司企业;公司;建筑公司,108.91209607379535,34.238652890168666,碑林区,108.91669,34.237023
B0J0AU9AAW,积木家连锁装修(南稍门咨询中心),公司企业;公司;广告装饰,108.9436040604802,34.24143920437379,碑林区,108.948262,34.239847
B0ID4CPLAA,嘉睿思办公空间,公司企业;公司;公司,108.93690905885502,34.252352361441254,碑林区,108.94155,34.250753
B0J1ZB640R,交行陕西省分行,公司企业;公司;公司,108.94310742902378,34.26650230635181,新城区,108.947766,34.264919
B001D0WLYU,陕煤物测,公司企业;公司;公司,108.96205549768128,34.263868608241765,新城区,108.966775,34.262325
B0HB3P6X25,陕西省歌舞剧院有限公司,公司企业;公司;公司,108.95065221319425,34.250476922162434,碑林区,108.955332,34.248902
B0J2A5UTLR,陕西丰源集团股份有限公司,公司企业;公司;公司,108.938330013373,34.25772000100479,碑林区,108.942975,34.256125
B0GK4SMPTX,强力巨彩LED显示屏陕西省旗舰店,购物服务;家电电子卖场;数码电子|公司企业;公司;商业贸易,108.91547260118055,34.25341740998644,莲湖区,108.920072,34.251795
B0J39AD4WH,新城·艾米新空间,公司企业;公司;公司,108.95921521940316,34.2684236412309,新城区,108.963925,34.266875
B0JGH6QLSL,创彩广告图文,公司企业;公司;广告装饰|生活服务;生活服务场所;生活服务场所,108.93339787984117,34.27292933873276,莲湖区,108.938032,34.271333
B0J1VB1YOV,西安成宇广告公司&门头灯箱工厂店,公司企业;公司;广告装饰,108.9163739427582,34.25849483886685,莲湖区,108.920975,34.256875
B0K12S9JRW,510高端装修设计工作室,公司企业;公司;广告装饰,108.90571526237903,34.24124897101558,碑林区,108.910303,34.239618
B0LUUARFSS,铁锤妆造局,公司企业;公司;公司,108.94632742340316,34.250653557179874,碑林区,108.950994,34.24907
B001D0WL8D,新华书店未央分公司,购物服务;专卖店;书店|公司企业;公司;公司,108.92286249295692,34.27260592655139,莲湖区,108.927475,34.270997
B0FFJVID14,中国电信西安市长途电信线务局(暂停营业),生活服务;电讯营业厅;中国电信营业厅|公司企业;公司;电信公司,108.93219605744449,34.24298483982363,碑林区,108.936825,34.241375
B0KA5A0FDD,西安旅游集团广瑞物业服务有限责任公司,公司企业;公司;公司,108.96244641130691,34.25989123211365,碑林区,108.967167,34.258347
B0FFF35LY8,国力仁和川菜(李家村店)(暂停营业),餐饮服务;中餐厅;综合酒楼|公司企业;公司;公司,108.95770730664194,34.24576912360198,碑林区,108.96241,34.244208
B0H6UUT9LB,高科图文广告,公司企业;公司;广告装饰|生活服务;摄影冲印店;摄影冲印,108.9492439885068,34.233526248781445,碑林区,108.953918,34.231942
B001D0711S,西安三建建筑工程有限公司,公司企业;公司;建筑公司,108.96179139632711,34.2522888355921,碑林区,108.966509,34.25074
B0FFKFS3CM,小米图文快印广告(东新商住店),公司企业;公司;广告装饰|生活服务;生活服务场所;生活服务场所,108.94721771707152,34.25130157067524,碑林区,108.951887,34.24972
B0FFIZXHMU,中国轻工业西安设计工程有限责任公司,公司企业;公司企业;公司企业,108.96377653548753,34.26027476438898,碑林区,108.968502,34.258734
B0KUH7CCWX,西安酒厂,公司企业;工厂;工厂,108.91088387391422,34.258408809517,莲湖区,108.915478,34.256786
B0FFH1SRSF,歌莉娅(钟楼骡马市店),购物服务;服装鞋帽皮具店;品牌服装店|公司企业;公司;公司,108.94534061949672,34.259310051577195,碑林区,108.950005,34.257728
B0MAKZND1S,亿和.番树象寄卖行,公司企业;公司;公司,108.93098081289024,34.242449662970124,碑林区,108.935607,34.240838
B0H2AC5BAS,西部云直播商城总部基地,公司企业;公司;公司|购物服务;购物相关场所;购物相关场所,108.94277808964851,34.25740753291772,碑林区,108.947435,34.25582
B001D0WEC3,陕西黄金集团股份有限公司,公司企业;公司;公司,108.95869851585744,34.23791777003894,碑林区,108.963404,34.236356
B0LGDZACD0,宅新意旧房翻新,公司企业;公司;广告装饰,108.94272606306596,34.234854260993835,碑林区,108.947381,34.233258
B0JDMA6NEF,西安诚捷财务 注册公司 代理记账 诚捷天下,公司企业;公司;公司,108.91659165721182,34.27063980883361,莲湖区,108.921194,34.269025
B0FFF653J5,中国检验认证集团陕西有限公司,公司企业;公司;公司,108.92690904689212,34.23358794333492,碑林区,108.931526,34.231968
B0H0MXS36Y,西安壹众口腔医疗管理有限责任公司,公司企业;公司;公司,108.90585970016387,34.23428954896425,雁塔区,108.910447,34.232656
B0FFILUGKC,陕西国土测绘工程院有限公司,公司企业;公司;公司,108.95710393650214,34.25116844334085,碑林区,108.961805,34.249608
B0K3USV4FD,草阳小区棚户区建造项目,公司企业;公司;公司,108.90895016186305,34.255389710417894,莲湖区,108.913542,34.253765
B0FFI4HUQ9,海硕供应链,公司企业;公司;公司,108.95094726447093,34.26296438466201,新城区,108.955629,34.261395
B0K6U7Q0TS,中国五洲工程设计集团西北区域中心,公司企业;公司;公司,108.92464855257523,34.23162410844814,雁塔区,108.929261,34.230001
B0M6V1KJ13,陕西省公共资源交易服务有限公司,公司企业;公司企业;公司企业,108.93778342784842,34.2328303859712,碑林区,108.942425,34.231225
B001D0WPUZ,陕西同济土木建筑设计有限公司,公司企业;公司;建筑公司|科教文化服务;科研机构;科研机构,108.93118311831692,34.257916411528214,莲湖区,108.935811,34.256311
B001D06DAW,西安地图出版社,科教文化服务;传媒机构;出版社|公司企业;公司;公司,108.95041062225016,34.24250448128787,碑林区,108.955089,34.240926
B0FFFA9S8C,西安大昌隆食品有限公司,公司企业;公司;公司,108.95345913114802,34.26350477815935,新城区,108.958149,34.261941
B0KDMR7RVA,陕西省通信服务有限公司(西安分公司),公司企业;公司;公司,108.93250607890016,34.27114031396446,莲湖区,108.937138,34.269542
B001D07FKN,西安市房地产经营三公司,公司企业;公司;公司,108.95475088035109,34.27561398482835,新城区,108.959446,34.274058
B0LRA4ZRW2,沃格眼镜有限公司,公司企业;公司企业;公司企业,108.93967653100071,34.257317945757336,碑林区,108.944325,34.255725
B0H0VC2EMI,西安市交通发展研究中心,公司企业;公司;公司,108.9057924912115,34.25006258756909,莲湖区,108.910381,34.248435
B001D141TA,德力西电气(陕西总代理),公司企业;公司;公司,108.9151934782664,34.272086106972644,莲湖区,108.919794,34.270471
B0FFF3BY0O,陕西建工第八建设集团第四建筑工程公司,公司企业;公司;建筑公司,108.9099833694528,34.239505453595726,碑林区,108.914575,34.237875
B0FFHWGFLZ,陕西建工第八建设集团第九建筑工程公司,公司企业;公司;建筑公司,108.91122008555746,34.238629289759544,碑林区,108.915813,34.236999
B001D0W5KL,中国石油化工股份有限公司陕西石油分公司,公司企业;公司;冶金化工,108.94291720695502,34.26349186204973,新城区,108.947575,34.261907
B001D06DBK,西安市第二市政工程公司(长胜街),公司企业;公司;公司,108.9551236431101,34.25102700944463,碑林区,108.959818,34.249462
B0FFGXV52J,西安市惜才人才资源开发有限责任公司,公司企业;公司;公司,108.95102085325094,34.26515135133209,新城区,108.955703,34.263583
B0MB3CFX55,西安苗火火餐饮管理有限公司,公司企业;公司;公司,108.94092429563632,34.24372109581051,碑林区,108.945575,34.242125
B0MB4UYPHY,中建四局太古里项目部,公司企业;公司;公司,108.93907930262873,34.24247467728002,碑林区,108.943725,34.240875
B0HK5CKXTX,陕西天地财务集团,公司企业;公司;公司,108.96069754113084,34.26166080844088,新城区,108.965412,34.260113
B0FFFA8IH9,陕西华茂建设监理咨询有限公司,公司企业;公司;建筑公司,108.9595875252216,34.273165814436446,新城区,108.964299,34.27162
B0LGA4JXXV,陕西高速集团,公司企业;公司;公司,108.94644974213716,34.242263535229256,碑林区,108.951116,34.240677
B0LKXCOQIU,IZUO爱左集团-亚太运营中心-爱左鑫火电商,公司企业;公司;公司,108.94278097989692,34.24632783540546,碑林区,108.947437,34.244736
B0K07AH61Y,西安热力集团城区供热有限责任公司(朱雀站),公司企业;公司;公司,108.93102440899968,34.23387081997237,碑林区,108.93565,34.232256
B0M6P7MKPE,万紫千红摄影器材二手租·新旧置换,公司企业;公司企业;公司企业,108.95854000842756,34.238636874348394,碑林区,108.963245,34.237075
B0IGGCYSM0,东日升广告装饰,公司企业;公司;广告装饰,108.96083058104512,34.267608093004405,新城区,108.965546,34.266063
B0FFIMG5GV,宾利房产,公司企业;公司;公司,108.9442667100176,34.23481446644556,碑林区,108.948926,34.233221
B0FFGJ80VM,博尔特假肢,公司企业;公司;公司,108.94886701797712,34.23515940979385,碑林区,108.95354,34.233575
B0LARLARO6,陕西投资集团华山招标有限公司,公司企业;公司;公司,108.9509231829156,34.26490265685846,新城区,108.955605,34.263334
B0FFF9WE2R,陕西能源集团有限公司,公司企业;公司;公司,108.93518690166802,34.23251550193289,碑林区,108.939822,34.230906
B0JBUS98H2,陕西老店餐饮管理有限公司,公司企业;公司;公司|餐饮服务;中餐厅;中餐厅,108.9621464738345,34.260151869110025,碑林区,108.966866,34.258607
B001D03MBU,西安市新世纪刻字厂,公司企业;工厂;工厂|生活服务;生活服务场所;生活服务场所,108.93177903467452,34.2425165805727,碑林区,108.936407,34.240906
B0FFJ92XD3,新合创新园,公司企业;公司;公司,108.95539289173888,34.249191114042915,碑林区,108.960088,34.247626
B001D0WGXH,西北有色地质矿业集团,公司企业;公司;矿产公司,108.95859387286563,34.23800398462487,碑林区,108.963299,34.236442
B001D10LW3,西安自来水第三工程有限公司,公司企业;公司;公司,108.91779792543004,34.25788909478091,莲湖区,108.922401,34.25627
B0K1CLNM3X,上海一建项目部,公司企业;公司;公司,108.94000333341413,34.236705307623325,碑林区,108.944651,34.235105
B0M6HRBPJ0,KOLON SPORT可隆(王府井),公司企业;公司;公司,108.94124896955869,34.24922042754034,碑林区,108.945901,34.247627
B0LAXC3OKD,西安宠物基地,公司企业;农林牧渔基地;其它农林牧渔基地,108.95684803013768,34.24847607450116,碑林区,108.961548,34.246914
B0FFGJ93IM,环宇荣合专营店,购物服务;家电电子卖场;手机销售|公司企业;公司;公司,108.94509687030254,34.26495525610664,新城区,108.949761,34.263375
B0JRYSCI80,城市骑手配送西安运营管理中心,公司企业;公司;公司,108.9428910616278,34.24152146650454,碑林区,108.947547,34.239928
B0IDDM7BFG,陕西中检计量测试技术有限公司,公司企业;公司;公司,108.90577148584424,34.25034748115424,莲湖区,108.91036,34.24872
B0LAG7TU96,木小匠装饰工程有限公司,公司企业;公司;公司|购物服务;购物相关场所;购物相关场所,108.93414801204872,34.23714230540099,碑林区,108.938781,34.235533
B0FFL03FXB,西安百事可乐饮料有限公司,公司企业;公司;公司,108.91553315953703,34.27031962201376,莲湖区,108.920134,34.268704
B001D045MI,十九粮店(兴乐里1号院店),购物服务;综合市场;农副产品市场|公司企业;公司;商业贸易,108.94719715692818,34.27125865247339,新城区,108.951868,34.269685
B0L305LGSS,圣思瑞广告装饰图文快印,公司企业;公司;广告装饰,108.9586295188405,34.24082184125968,碑林区,108.963335,34.239261
B0JKFH2FRG,西安长安大学工程设计研究院有限公司,公司企业;公司;公司,108.9514482643858,34.23111455300592,雁塔区,108.956129,34.229534
B0KDH9L4EQ,陕西高考服务网工作室,公司企业;公司;公司,108.92035391742436,34.23328750526422,雁塔区,108.924959,34.231661
B0GRP5LJ08,侯志伟餐饮集团,公司企业;公司;公司,108.94540837513934,34.25988569460836,碑林区,108.950073,34.258304
B0FFGC2PDC,陕西省工程监理有限责任公司,公司企业;公司;公司,108.9339196866029,34.272583738975364,莲湖区,108.938555,34.270988
B0FFFAA5CX,陕西棉花集团有限公司,公司企业;公司;公司,108.95488753660072,34.26199322143673,新城区,108.959582,34.260432
B0HB39ALPH,华鼎集团,公司企业;公司;公司,108.95828347226468,34.24385950456386,碑林区,108.962988,34.242299
B0FFHLWIV8,强驰标准件,公司企业;公司;公司,108.91480701509111,34.27183444083837,莲湖区,108.919407,34.270219
B001D106GW,陕西天盾警用安全装备器材有限公司,公司企业;公司;公司|购物服务;专卖店;专营店,108.93175543932036,34.27530761661056,莲湖区,108.936386,34.27371
B0J22AXAMU,西北建设有限公司,公司企业;公司;公司,108.96066065264692,34.274121839906144,新城区,108.965376,34.272579
B0H2YRWR21,庆丰糖酒公司,公司企业;公司;公司,108.91067057382313,34.25262816568564,莲湖区,108.915264,34.251003
B0KK4UXCND,安艺达地铁项目部,公司企业;公司;公司,108.95634171013457,34.27348726909752,新城区,108.961042,34.271934
B0J3LR9PCI,群珂互娱,公司企业;公司;公司,108.9524316437496,34.26140185066763,新城区,108.957118,34.259835
B0KKKZTSUO,陕西众信医药超市连锁股份有限公司,公司企业;公司;公司,108.9211106935574,34.23297997208129,雁塔区,108.925717,34.231354
B0IKBCHKYW,Dramatic舞蹈,公司企业;公司;公司|购物服务;购物相关场所;购物相关场所,108.94586474944286,34.251130262277826,碑林区,108.95053,34.249546
B0J01Z3GFH,西安墨寒广告有限公司,公司企业;公司;广告装饰|生活服务;生活服务场所;生活服务场所,108.94910237111095,34.25880385829174,碑林区,108.953778,34.257229
B0K21YYCHT,云聚物流(西站路店),生活服务;物流速递;物流速递|公司企业;公司;公司,108.91167966047465,34.27473786382819,莲湖区,108.916276,34.273122
B0LD6GACB6,陕西广天安易再生资源有限公司,公司企业;公司;公司,108.92885641851312,34.26661387852956,莲湖区,108.93348,34.265009
B0G0KLV39I,云聚物流西站街三部(蔚蓝印象店),生活服务;物流速递;物流速递|公司企业;公司;公司,108.91386996756368,34.27514260919955,莲湖区,108.918469,34.273528
B0FFHNK9LW,西安报业传媒集团新媒体中心,公司企业;公司;公司,108.9177469277084,34.2339272998024,雁塔区,108.922348,34.232299
B0FFHJGRC8,西安泽梓商贸有限公司(五金店),购物服务;家居建材市场;建材五金市场|公司企业;公司;商业贸易,108.94262947222978,34.245469435382134,碑林区,108.947285,34.243877
B0J6S72JQQ,圣艺图文广告,公司企业;公司;广告装饰,108.91623344174911,34.26718445159768,莲湖区,108.920835,34.265568
B0FFG3EP8R,中贸物业客户服务中心(中贸广场店),公司企业;公司;公司,108.93983511416968,34.24493148627782,碑林区,108.944483,34.243334
B0FFI6ZB85,远程测量华测导航,购物服务;专卖店;专营店|公司企业;公司;公司,108.95502665927192,34.242534483891944,碑林区,108.95972,34.240966
B0JAYS9TQL,西安富远停车场管理有限公司,公司企业;公司;公司,108.93422410349962,34.25853596714372,碑林区,108.938859,34.256935
B0FFIR51EG,中国铁路西安局集团有限公司,公司企业;公司;公司,108.97293303862712,34.24343123051382,碑林区,108.977692,34.241908
B001D07GD4,国网陕西省电力有限公司,公司企业;公司;公司,108.97531422749624,34.25982927625219,碑林区,108.980084,34.258319
B001D0VT7R,中铁第一勘察设计院集团(西影路),公司企业;公司;公司,108.99508670555906,34.23394018162264,雁塔区,108.999937,34.232478
B0FFH0NEH8,西光集团,公司企业;公司;公司,109.00593756550856,34.27485323209169,新城区,109.010838,34.27344
B001D07GKQ,国家电网(国网西安供电公司),公司企业;公司;公司|生活服务;电力营业厅;电力营业厅,108.9683941772,34.27347053879891,新城区,108.973138,34.271947
B001D06A5Z,西安北方秦川集团有限公司,公司企业;公司;公司,109.01321412056392,34.25605099466004,新城区,109.018144,34.254652
B001D02DEB,陕西电子信息集团黄河集团有限公司,公司企业;公司;公司,109.01446020417004,34.27571936586848,新城区,109.019397,34.274332
B0M6967VCT,博元桃花源启,公司企业;公司;公司,109.00668289521305,34.23287039817504,雁塔区,109.011583,34.231443
B001D0VTA7,西安雁东供热有限公司,公司企业;公司;公司,109.0130323442617,34.23879816271651,雁塔区,109.01796,34.237392
B001D04XW9,陕西省煤田地质局,政府机构及社会团体;政府机关;省直辖市级政府及事业单位|公司企业;公司企业;公司企业,108.97035480343902,34.24717878743281,碑林区,108.975104,34.24565
B0FFFFL234,国家电网公司西北分部,公司企业;公司;公司|生活服务;电力营业厅;电力营业厅,108.96827641500396,34.263870753355675,碑林区,108.973019,34.262343
B0FFH8JUDU,中共西成铁路客运专线陕西有限责任公司委员会,政府机构及社会团体;社会团体;社会团体相关|公司企业;公司企业;公司企业,109.00471434502435,34.24481686854704,新城区,109.009607,34.243388
B0FFKKI4QF,鑫达丰仓库,公司企业;公司企业;公司企业,109.01736381989772,34.24294285393834,雁塔区,109.02231,34.241551
B001D0789Y,西安正大制药有限公司,公司企业;公司;医药公司,108.9956003282344,34.23598086754516,雁塔区,109.000453,34.234521
B0HRH760HD,江苏华安卫士安检基地,公司企业;公司;公司,109.00668104774304,34.24305359029955,雁塔区,109.011582,34.24163
B001D06JPO,西安华山精密机械有限公司商务中心(幸福中路),公司企业;公司;机械电子,109.0114029380848,34.266194340719345,新城区,109.016326,34.264794
B0FFITCFHK,陕西地矿物化探队有限公司,公司企业;公司企业;公司企业,109.01910799392849,34.27355768145557,新城区,109.024064,34.272183
B0FFH71BHS,鲁班装饰集团·西安东郊旗舰店,公司企业;公司;广告装饰,109.02357084130884,34.27249839623581,灞桥区,109.028545,34.271136
B001D14Z6Z,西北工业集团有限公司,公司企业;公司;公司,109.01161618325165,34.240684666630294,雁塔区,109.016538,34.239275
B0K60DX077,西安市卫星测控中心站,公司企业;公司企业;公司企业,109.02218123919704,34.251729621332544,新城区,109.027148,34.250355
B0FFG2Z3FH,西安市幸福北路21号黄河厂,公司企业;工厂;工厂,109.01148791826036,34.27400489800036,新城区,109.016412,34.272608
B0FFHDLMD2,西北电力建设工程有限公司,公司企业;公司;建筑公司,108.9874063798442,34.27116475425194,新城区,108.992227,34.269694
B0G1FALC6Q,陕西国铁招投标代理公司,公司企业;公司;公司,108.97408045307829,34.24398286358348,碑林区,108.978844,34.242463
B0FFF2WJ9J,西安北方秦川防护科技有限公司,公司企业;公司;公司,109.01904790308662,34.25395472508558,新城区,109.024002,34.252572
B0FFL5TYN4,冠通置业,公司企业;公司;公司,108.98859760782832,34.231769512301895,雁塔区,108.99342,34.230287
B0FFH3WT3Q,陕西华氏医药有限公司,公司企业;公司;公司,108.9920845972644,34.26968435174652,新城区,108.996925,34.268227
B0FFJXELTA,中国石油集团测井有限公司,公司企业;公司;公司,108.96906411503312,34.230865354631675,雁塔区,108.973807,34.229327
B001D06TIG,清华德人西安幸福制药有限公司,公司企业;公司;医药公司,109.01144608035288,34.262334763445246,新城区,109.016369,34.260933
B0KB1R7LE1,汇智东望,公司企业;公司;公司,109.0209427488725,34.23457966117853,雁塔区,109.025903,34.233195
B001D06VZF,西延铁路有限责任公司,公司企业;公司;公司,108.9675406797592,34.23377928843223,碑林区,108.972278,34.232238
B001D06NJQ,西安康华药业有限公司,公司企业;公司;医药公司,108.99731965134424,34.275232230752344,新城区,109.002183,34.273793
B0FFG8RGL8,华东万悦城播商孵化基地,公司企业;公司;公司,108.97339899009803,34.27024838307763,新城区,108.978162,34.268737
B0G23DDKGA,中国铁路西安局集团有限公司(西安通信段),公司企业;公司;电信公司,108.97141850451509,34.237026766938065,碑林区,108.976171,34.235497
B001D0WHHK,中国三安建设有限公司(咸宁中路),公司企业;公司;建筑公司,109.00020608121731,34.252907432858386,新城区,109.00508,34.251468
B001D0W5W7,北方光电股份有限公司,公司企业;公司;机械电子,109.00597172225686,34.27124461384832,新城区,109.010872,34.26983
B0FFMHQPXI,研途考研(总部校区),公司企业;公司;公司|科教文化服务;培训机构;培训机构,108.9830683078832,34.25043679726866,碑林区,108.987869,34.248945
B001D03LK0,中铁物资集团西北有限公司,公司企业;公司;公司,108.96634348244125,34.24241516205268,碑林区,108.971077,34.240874
B001D07GD5,陕西电力交易中心有限公司,公司企业;公司;公司,108.9748541007332,34.25941772069341,碑林区,108.979622,34.257906
B0FFF64XKZ,陕西省一八六煤田地质有限公司(太乙路),公司企业;公司;矿产公司,108.96784712794896,34.250718069445874,碑林区,108.972587,34.249184
B001D117B4,宏丰图文广告·标书·标识标牌,公司企业;公司;广告装饰|生活服务;摄影冲印店;摄影冲印,108.98262226357448,34.26129683012949,碑林区,108.987422,34.259808
B0FFF6515J,中铁五局集团有限公司西北区域指挥部,公司企业;公司;公司,108.98261195672778,34.24136659860111,碑林区,108.98741,34.23987
B0FFHE4YJ8,西安地籍不动产勘察测绘有限责任公司,公司企业;公司;公司,108.96865645182586,34.23358443043407,碑林区,108.973398,34.232046
B0FFLC2BR6,陕西秦之盾保安服务有限公司,公司企业;公司;公司,108.9669527918878,34.23510232885558,碑林区,108.971688,34.23356
B0FFME1AFF,西安重工装备制造集团有限公司,公司企业;公司;矿产公司,108.96721465367732,34.24912633693401,碑林区,108.971952,34.24759
B0FFGA61F3,陕西动漫产业平台,公司企业;公司;公司|商务住宅;产业园区;产业园区,108.99849071246136,34.25005175399465,碑林区,109.003357,34.248606
B0M6MKU3FY,西安天宝国际工程有限公司,公司企业;公司;建筑公司,108.96802962276962,34.248425476765895,碑林区,108.97277,34.246891
B0FFIJFPHB,西安地铁,公司企业;公司企业;公司企业,108.9889252106332,34.231855502362976,雁塔区,108.993749,34.230374
B0FFH8N9WY,西安铁路信号有限责任公司(建工路),公司企业;公司;公司,108.995053907527,34.24519804670198,碑林区,108.999905,34.24374
B001D11QL5,福润德电子,公司企业;公司;机械电子,108.9993761808252,34.246658370705816,碑林区,109.004246,34.245214
B0FFGS9H4H,中国电信(新城分局),公司企业;公司;电信公司,108.9984511746494,34.25851956020658,新城区,109.003318,34.257077
B0G1JS6RCT,国家电网西安供电公司市区供电分公司,公司企业;公司;公司,108.97029057050456,34.253036692843416,碑林区,108.97504,34.25151
B0FFHU37XA,中国兵器工业集团西北工业集团有限公司(昭阳路),公司企业;公司;公司,109.0187472065309,34.24143340859833,新城区,109.023699,34.240045
B001D0VUV0,陕西信亚印务有限公司,公司企业;公司;公司,109.0160913896188,34.23986273718411,雁塔区,109.021032,34.238466
B001D0VS37,铁路客专公司,公司企业;公司;公司,109.00443355343543,34.24480472396607,新城区,109.009325,34.243375
B001D096O8,交大旭邦,公司企业;公司;公司,108.9830106917404,34.24869763748668,碑林区,108.987811,34.247205
B0FFGC1V8A,陕西信兴铁路人力资源管理有限公司,公司企业;公司企业;公司企业,108.9679299079402,34.249568297440085,碑林区,108.97267,34.248034
B001D126HM,西北工业集团南区,公司企业;公司;公司,109.01148871928456,34.24074402448518,雁塔区,109.01641,34.239334
B0LUGSJQIX,观云曲江项目部,公司企业;公司;建筑公司,109.00041708753857,34.23001544687557,雁塔区,109.00529,34.228568
B0FFFA8EE8,西安藻露堂药业集团有限责任公司,公司企业;公司;医药公司,108.96930991318206,34.25836721507601,碑林区,108.974056,34.25684
B0FFG4JNKF,黄河电子工程公司,公司企业;公司;机械电子,109.0113871233814,34.27664810442966,新城区,109.016311,34.275252
B0KKLC4JB0,赛利雅建筑装饰工程有限公司,公司企业;公司;广告装饰,109.01752913788724,34.231046815755725,雁塔区,109.022475,34.229651
B0FFF658ID,西安城区供热有限责任公司朝阳门站,公司企业;公司;公司,108.96774515207407,34.267315757651495,碑林区,108.972486,34.265788
B001D08CG1,中国移动(东新城市花园店),生活服务;电讯营业厅;中国移动营业厅|购物服务;家电电子卖场;手机销售|公司企业;公司;电信公司,108.99852002096254,34.244851662857926,碑林区,109.003386,34.243404
B0GRGCRBX0,国网西安供电公司输电运检中心,公司企业;公司企业;公司企业,108.98363979804375,34.26404775698618,碑林区,108.988444,34.262563
B0MG2U3W3O,今朝装饰(新城店),公司企业;公司;广告装饰,108.9930921502241,34.27127966117603,新城区,108.997937,34.269826
B0HRNZUFLI,铁科经纬(西安)信息技术有限公司,公司企业;公司;网络科技,108.96798547572428,34.240077772151146,碑林区,108.972725,34.23854
B0G16SYPYK,百腾会员体验店,公司企业;公司;公司,109.0066549180694,34.24593057266256,新城区,109.011556,34.244508
B0FFF64XK6,陕西天地地质有限责任公司,公司企业;公司;公司,108.97035876681696,34.2474376773826,碑林区,108.975108,34.245909
B0KU3BCX1G,西安地铁,公司企业;公司;公司,108.98408286948012,34.2529258604655,碑林区,108.988888,34.251438
B0FFGC1TU2,西安黄河机电有限公司设计研究所,公司企业;公司;公司,109.01165018148532,34.27457118015051,新城区,109.016575,34.273175
B0J3DCL2MP,红昌汽车文化俱乐部,公司企业;公司;商业贸易,108.99897545060162,34.24016505597748,雁塔区,109.003843,34.238717
B0LA1H9P63,西安亮丽电力集团第三工程分公司,公司企业;公司;公司,108.96994590552664,34.27731982875875,新城区,108.974696,34.275802
B0K03O3AWB,陕西大秦电能集团有限公司,公司企业;公司企业;公司企业,108.99765850265086,34.27151573273037,新城区,109.002523,34.270076
B0LUUSLIQT,陕西威远供应链管理有限公司,公司企业;公司;公司,109.01634811816992,34.24220709980436,雁塔区,109.02129,34.240812
B0LB2ZPMP1,国网陕西省电力有限公司建设分公司,公司企业;公司;公司,108.99732691018362,34.27176363783247,新城区,109.00219,34.270323
B001D0W5MD,西安黄河工业有限公司,公司企业;公司;公司,109.01738419738868,34.27293293935103,新城区,109.022333,34.271553
B0FFF658UC,中铁西安勘察设计研究院有限责任公司,公司企业;公司;公司,108.97303176355652,34.242043486387296,碑林区,108.977791,34.24052
B0I60DAEHN,西安科灵科美数据科技有限责任公司,公司企业;公司;公司,109.00769263824236,34.24394519928386,雁塔区,109.012598,34.242525
B0FFHHXCKU,西安宏运钢材批发部,公司企业;公司;机械电子|购物服务;家居建材市场;建材五金市场,108.97034407508832,34.268702309136344,新城区,108.975095,34.267182
B0K1G5Z8LH,西安幸福林带商业管理中心,公司企业;公司;公司,109.0114023006737,34.26192705705756,新城区,109.016325,34.260525
B0FFGAHLAO,西铁工程公司,公司企业;公司;公司,108.9912875709053,34.27488261585961,新城区,108.996125,34.273425
B0FFHJKEDF,西安秦川机械厂,公司企业;公司;公司,109.01133085279284,34.258978443560125,新城区,109.016253,34.257575
B0FFMAHXH6,西安碑林药业股份有限公司,公司企业;公司;公司,108.98396187696032,34.246869557557055,碑林区,108.988766,34.245379
B0KU5XNUGQ,西安万年饭店有限公司国网陕西建设分公司,公司企业;公司;公司,108.99732691018362,34.27176363783247,新城区,109.00219,34.270323
B0FFJUMWOE,陕西中煤新能源有限公司,公司企业;公司;公司,108.97015854106272,34.24744121237638,碑林区,108.974907,34.245912
B0LDJAW6NL,中国电信(西安分公司),公司企业;公司企业;公司企业,108.9769744508788,34.261016147278035,碑林区,108.981751,34.259511
B0GUHYSM73,安能物流(西北商贸中心店),公司企业;公司;公司,108.97598377770576,34.269089680240626,新城区,108.980757,34.267585
B0FFI86WIQ,彩印王快印广告·会议搭建·标识标牌(西安火炬路店),公司企业;公司;广告装饰|生活服务;生活服务场所;生活服务场所,108.99817613497235,34.24924702055022,碑林区,109.003041,34.2478
B0FFG1SAK4,陕西天源检测有限公司,公司企业;公司;公司,108.99982604538624,34.23705663750026,雁塔区,109.004697,34.23561
B0KAZY6N2K,上药控股(陕西)有限公司,公司企业;公司;医药公司,108.9912382147593,34.26968489888671,新城区,108.996075,34.268225
B0KRGSUNTH,西安华韵传承文化发展有限公司,公司企业;公司;公司,109.01596522154728,34.24809897217526,新城区,109.020906,34.246705
B0FFHP0G6E,腾飞库房,公司企业;公司;公司,109.01837208265697,34.26124880074501,灞桥区,109.023324,34.259867
B0HBTC5DOX,恒达广告(咸宁东路店),公司企业;公司;广告装饰|生活服务;生活服务场所;生活服务场所,109.01941847294204,34.25277411654549,新城区,109.024374,34.251392
B0K2XCE5AH,中建四局保利青龙寺项目部,公司企业;公司;公司,108.99308350343424,34.231489144104586,雁塔区,108.997925,34.23002
B001D0ZNAU,西安市茶叶公司,公司企业;公司;公司,108.97270039481498,34.262382477736324,碑林区,108.97746,34.260866
B0J6AZUMC5,陕西省建设工程造价服务中心,公司企业;公司;公司,108.97008679619918,34.24771030091586,碑林区,108.974835,34.246181
B0I0OA6W8I,陕西建工鼎盛装饰有限公司,公司企业;公司;广告装饰,109.00910946070375,34.24536839307065,新城区,109.014021,34.243953
B001D04OMA,西安市塑料制品四厂,公司企业;工厂;工厂,108.98328009850144,34.23023579270507,雁塔区,108.98808,34.228737
B0FFG50LAU,西安德翔医药有限公司,公司企业;公司;医药公司,109.02269736926849,34.27260681372194,灞桥区,109.027668,34.271242
B0FFJNDZQN,正大方略工程咨询有限公司,公司企业;公司;公司,108.98971991307327,34.242930984056635,雁塔区,108.994548,34.241456
B0K1R53V3D,爱诺因公司,公司企业;公司;公司,108.99852960933048,34.249280933760225,碑林区,109.003396,34.247835
B0HRYRH1JL,陕西新明天电子有限公司,公司企业;公司;机械电子,108.99903863504125,34.24666239476931,碑林区,109.003907,34.245217
B0K2X76YDR,碑林区城中村和棚户区改造事务中心,公司企业;公司;公司,108.98797693690273,34.25947376931312,碑林区,108.992799,34.258
B0KDCSEUOD,湘秦快印广告,公司企业;公司;广告装饰,109.00501411840564,34.24407824207948,雁塔区,109.009908,34.24265
B001D04MRE,陕西华山钢管有限公司,公司企业;公司;公司,109.02158421075592,34.26896146278827,灞桥区,109.02655,34.267592
B0LUMZCV8U,金致湘印电子科技有限公司,公司企业;公司;公司,108.99937315389845,34.24713619659632,碑林区,109.004243,34.245692
B001D05XGY,中铁十七局集团第二工程有限公司,公司企业;公司;建筑公司,108.99780727009538,34.25467502981358,新城区,109.002671,34.253229
B0G3LHG9T8,潇湘快印广告,公司企业;公司;广告装饰,108.99429028721624,34.26796739101375,碑林区,108.99914,34.266516
B0FFKFDALT,西安搏扬橡胶公司,公司企业;公司企业;公司企业,108.99911531609092,34.246525214369846,碑林区,109.003984,34.24508
B0IG7URAHD,中铁一局集团有限公司三馆一中心项目经理部,公司企业;公司;公司,108.97141846017428,34.24972894020828,碑林区,108.976172,34.248204
B0I05C4R4U,研农中医诊所,公司企业;公司;公司,108.99234580855423,34.26573816556733,碑林区,108.997187,34.26428
B0L1PM4K2L,西安市碑林区鲸云图文广告,公司企业;公司;广告装饰,108.9679527775714,34.26227624229476,碑林区,108.972694,34.260747
B0L0AHC980,西安哆喜宠物市场基地,公司企业;农林牧渔基地;其它农林牧渔基地,108.97061994574976,34.269433271080594,新城区,108.975372,34.267914
B0L6RZYRJ1,西安碑林城市服务管理集团有限公司,公司企业;公司;公司,108.97365108405612,34.232709274323255,碑林区,108.978412,34.231184
B0J1079TIC,中国石油测井公司质量安全监督中心,公司企业;公司;公司,108.96987901930277,34.23041135371453,雁塔区,108.974625,34.228875
B0LRKXK1LA,华山厂,公司企业;公司企业;公司企业,109.00871371057508,34.26248488998863,新城区,109.013625,34.261075
B0H2NHEH71,中建西安幸福林带建设投资有限公司,公司企业;公司;建筑公司,109.0105552658898,34.26947654195972,新城区,109.015475,34.268075
B0FFGE3QXA,卓越美发,生活服务;美容美发店;美容美发店|公司企业;公司;公司,108.9729766499447,34.27034950099018,新城区,108.977738,34.268837
B0J12HXZIE,西安获德图像技术有限公司,公司企业;公司;公司,108.99905438733222,34.248812520189475,碑林区,109.003923,34.247368
B0LDT74RV9,金鳞图文广告总店,公司企业;公司;广告装饰,109.00626848938413,34.25885970585894,新城区,109.011169,34.257441
B0FFJN3IER,中国铁路西安局集团有限公司离退休管理处,公司企业;公司;公司|政府机构及社会团体;政府机关;政府机关相关,108.9733635039467,34.2414318071766,碑林区,108.978124,34.239909
B0K2BGED4R,西安地铁,公司企业;公司;公司,109.0022691895813,34.25292016037408,新城区,109.007152,34.251487
B0HUFSWVGJ,西安市东郊市政设施养护管理有限公司,公司企业;公司;建筑公司,109.02026515426294,34.25079744972447,新城区,109.025224,34.249417
B0HG05Z0EW,印之卿图文广告,公司企业;公司;广告装饰|生活服务;生活服务场所;生活服务场所,108.97848492566632,34.24157641299537,碑林区,108.983266,34.240068
B0LU2RRAYX,金泰·唐樾(陕西建工集团股份有限公司一标段工程项目部),公司企业;公司;公司,108.98805467313764,34.234608082035926,雁塔区,108.992875,34.233125
B0IG5SJKTB,陕西西众微电子测控科技有限公司,公司企业;公司;公司,108.99816723764148,34.24847734441213,碑林区,109.003032,34.24703
B001D094DX,陕西现代公路机械工程有限公司(幸福南路),公司企业;公司;机械电子,109.01153173562504,34.23838278421186,雁塔区,109.016453,34.236972
B0L1HAX1NO,瑞锋图文广告,公司企业;公司;广告装饰|生活服务;生活服务场所;生活服务场所,108.9856844450863,34.26148476975408,碑林区,108.990497,34.260005
B0FFHI88ID,送电工区,公司企业;公司企业;公司企业,108.98380411933394,34.263960310826874,碑林区,108.988609,34.262476
B0FFFPKSNL,陕西伟杰信息技术咨询有限公司,公司企业;公司;公司,109.01187091330324,34.26664776171675,新城区,109.016796,34.265249
B0LG9RX8IR,西安中环洁城市环境服务有限公司,公司企业;公司;公司,108.99648235393352,34.23815238193913,雁塔区,109.001339,34.236696
B0FFKJNGIT,陕西兴达劳保防护用品有限公司,公司企业;公司企业;公司企业,108.9937482885525,34.271858441979816,新城区,108.998596,34.270407
B0K307RLJJ,梦云飞集团,公司企业;公司企业;公司企业,108.9669691527874,34.24214364493357,碑林区,108.971705,34.240604
B0FFIRGATK,天策咨询,公司企业;公司企业;公司企业,108.99817329311304,34.24750170140753,碑林区,109.003038,34.246054
B001D0WO2B,西安雪源制冷设备有限公司,购物服务;家电电子卖场;家电电子卖场|公司企业;公司;公司,108.98309592766978,34.265707679000336,碑林区,108.987898,34.264222
B001D058AG,西安黄河环境信息工程有限公司,公司企业;公司;公司,108.99761161169296,34.260669256633655,碑林区,109.002475,34.259225
B0FFFDCWWD,迅维图文广告·招牌制作,公司企业;公司;广告装饰|生活服务;生活服务场所;生活服务场所,108.96779935481266,34.23797804849368,碑林区,108.972538,34.236439
B0FFK1MU1Y,海伦国际物业服务中心,公司企业;公司;公司|生活服务;生活服务场所;生活服务场所,108.99827604380243,34.23322277150182,雁塔区,109.00314,34.23177
B0G1NG3QID,立丰国际信号厂,公司企业;工厂;工厂,108.9929328493583,34.24708873585401,碑林区,108.997775,34.245625
B0FFGT65YG,西安德联名车专业维修,公司企业;公司;公司|汽车维修;汽车综合维修;汽车综合维修,108.99144565429832,34.265776860588936,碑林区,108.996283,34.264316
B0FFGJZAPN,陕西健安劳保酒店用品有限公司,公司企业;公司;公司,108.99369244543666,34.27284920378764,新城区,108.99854,34.271398
B001D0VWT0,西安市金花纸箱厂,公司企业;工厂;工厂,109.02200501286477,34.25106737858846,新城区,109.026971,34.249692
B0L1FDXG8F,西安市碑林区幸福安居置业有限公司,公司企业;公司;公司,109.022407710821,34.24710076739103,新城区,109.027375,34.245725
B0H0DC94YP,中铁十四局集团西等驾坡城市更新一期项目经理部,公司企业;公司;公司,109.01056300523042,34.23657235574277,雁塔区,109.01548,34.235158
B0FFF64V6T,陕西新红锋投资集团,公司企业;公司;公司,108.97078445800288,34.24328112185762,碑林区,108.975535,34.241752
B0JGU1HKC0,统一企业,公司企业;公司;公司,108.9680125570903,34.25001590760079,碑林区,108.972753,34.248482
B0H1F7EQD8,西安新玖大建设工程有限公司,公司企业;公司;公司,108.9979611796571,34.24782622087091,碑林区,109.002825,34.246378
B0G3DR3OJ4,西安市热力集团远热城市热力服务有限公司,公司企业;公司;公司,108.9737725849978,34.269345722727806,新城区,108.978537,34.267835
B0FFM3WY6V,西安棉织厂,公司企业;工厂;工厂,108.98326395302558,34.23280589412368,雁塔区,108.988064,34.231308
B0FFFDDO9S,西安华清科教产业集团有限公司,公司企业;公司;公司,109.01197010276864,34.24755599524838,新城区,109.016894,34.24615
B001D12OCI,陕西富源酒业有限公司,公司企业;公司;公司,108.96748476515477,34.23531886323897,碑林区,108.972222,34.233778
B0IUOS8OVI,西安幸福林带游客服务中心,公司企业;公司;公司,109.0106885060112,34.25990099697821,新城区,109.015608,34.258496
B0FFI96R6D,陕西华虹医药有限公司,公司企业;公司;公司,108.9914652332936,34.26982615849605,新城区,108.996303,34.268367
B0J3BD1AMY,西安方泰洗涤服务有限公司,公司企业;公司;公司,109.01758253053652,34.2592478901239,新城区,109.022531,34.257863
B0MG2A2CYW,西安蓝光机电有限公司,公司企业;公司;机械电子,109.0193374507822,34.25698270050208,新城区,109.024293,34.255602
B0FFMFCIR5,中铁武汉电气化局机电分公司,公司企业;公司;机械电子,108.98042807978813,34.2402383518486,碑林区,108.985217,34.238735
B0K6C7XEIY,幸福林带安置小区建设项目,公司企业;公司;公司,109.02235793434592,34.246851004224176,新城区,109.027325,34.245475
B0L6PAC4CB,西安市雁塔区西等驾坡小区物业服务中心,公司企业;公司;公司,109.00858623515953,34.23895739414937,雁塔区,109.013495,34.237538
B0L1ZRO56P,东方厂,公司企业;公司企业;公司企业,109.00269052251078,34.25115756678192,新城区,109.007575,34.249725
B0FFIWIPWZ,正大鹏安建设项目管理有限公司本部,公司企业;公司企业;公司企业,108.9912262692655,34.26964295190981,新城区,108.996063,34.268183
B0FFK86CJC,陕西翰龙商贸公司,公司企业;公司;商业贸易,108.99040218248456,34.26487136056898,碑林区,108.995235,34.263407
B0L6LS90JR,中建丝路建设运营有限公司,公司企业;公司;公司,109.01153028795828,34.25563216862524,新城区,109.016453,34.254228
B0FFJ7XTQY,天创秦湘图文广告,公司企业;公司;广告装饰,108.98253935023097,34.24025622911987,雁塔区,108.987337,34.238759
B0MG2U43QA,陕西五建智享生活,公司企业;公司;公司,109.0084441520944,34.259050068674,新城区,109.013354,34.257638
B0HAG5VNVO,都市时空装饰(高山流水·星币传说店),公司企业;公司;广告装饰,108.9914282853338,34.25909158701026,碑林区,108.996265,34.257628
B0JK06O24V,新仁图文广告快印,公司企业;公司;广告装饰|生活服务;摄影冲印店;摄影冲印,109.00823506647696,34.27069101079363,新城区,109.013145,34.269283
B0LGMS89UK,陕西觉明建筑工程有限公司,公司企业;公司;建筑公司,108.97006464174936,34.26279444152854,碑林区,108.974814,34.261271
B0FFI6FFLX,西安叶源商贸有限公司,购物服务;服装鞋帽皮具店;服装鞋帽皮具店|公司企业;公司;公司,109.01981247205477,34.26902050938301,新城区,109.024771,34.267646
B001D073WI,西安信和物业管理有限公司,公司企业;公司;公司,109.00184225119068,34.27412494913763,新城区,109.006725,34.272699
B0MGY56BTO,西安恒盛源户外仓储中心,公司企业;公司;公司,109.0188759163138,34.26219396461719,灞桥区,109.02383,34.260814
B0JKAOKGF0,等闲内容引擎,公司企业;工厂;工厂,109.00046644832985,34.24706290259758,碑林区,109.005341,34.245622
B0FFJOX24A,鼎丰包装,公司企业;公司;公司,108.9975590504156,34.270088618479434,新城区,109.002423,34.268648
B0JR0USKYZ,八马茶业(陕西大区营运中心),公司企业;公司企业;公司企业,108.96933585230288,34.270060446413886,新城区,108.974083,34.268538
B0FFJBOPRD,正诚管理咨询集团有限公司,公司企业;公司;公司,108.98983740488316,34.24303059433371,雁塔区,108.994666,34.241556
B0KBPHUHZ3,梦云飞集团,公司企业;公司;公司,108.97855091188676,34.23848638862682,碑林区,108.983332,34.236977
B0FFLI1BLR,陕西众合智信商贸有限公司,公司企业;公司;公司,108.97204047770754,34.26856578374116,新城区,108.976798,34.26705
B0K3J5DB22,陕西·无印优装装饰,公司企业;公司;广告装饰,109.0172302527912,34.23257112522329,雁塔区,109.022175,34.231175
B0FFK7M9H0,铁一院检测有限公司,公司企业;公司;公司,109.00581167736028,34.23234422553011,雁塔区,109.010708,34.230914
B0LR66FIAH,陕西剧幕工坊影视文化有限公司,公司企业;公司;公司,109.01737829686382,34.24841471943838,新城区,109.022325,34.247025
B0K175NB2Z,北京历玳乐保安服务有限公司西安地铁五号线项目部,公司企业;公司;公司,108.96654702935406,34.238626064868775,碑林区,108.971281,34.237084
B001D06VI3,陕西三隆机电有限公司,公司企业;公司;机械电子,109.01954796902608,34.25241788212389,新城区,109.024504,34.251036
B0FFH2Z8ZE,安装四处东方厂,公司企业;公司;公司,109.0228555493865,34.251147938890654,新城区,109.027825,34.249775
B0K275AIN4,陕西西建科建筑工程技术有限公司,公司企业;公司;建筑公司,109.0241364492827,34.25026367996412,新城区,109.029111,34.248894
B0J0AH3JGM,西安康牌药业有限公司,公司企业;公司;商业贸易,108.99900062583906,34.248730715074444,碑林区,109.003869,34.247286
B0H1ORUQEI,疆飞科技,公司企业;公司企业;公司企业,109.0173892502632,34.24842668291564,新城区,109.022336,34.247037
B0FFF64XL2,步阳防盗安全门(太乙路店),购物服务;家居建材市场;建材五金市场|公司企业;公司;公司,108.96787198319244,34.25133176626356,碑林区,108.972612,34.249798
B0FFGYPHXI,西安泰普安全科技有限公司,公司企业;公司;公司,109.01946438347343,34.251594443266754,新城区,109.02442,34.250212
B0FFI1WL3S,祥意广告印务,公司企业;公司;广告装饰,108.97177381052856,34.252908742874006,碑林区,108.976529,34.251386
B0FFMHTFAG,监控维修网络维修,公司企业;公司;网络科技,108.99945975200676,34.271374318989345,新城区,109.004332,34.26994
B0FFL0KNHS,西安云开环境科技有限公司,公司企业;公司企业;公司企业,108.98739819320426,34.26179356801143,碑林区,108.992218,34.260319
B0FFIKTK4A,西安西北光电集团有限公司,公司企业;公司;公司,109.00599759987976,34.27137848076548,新城区,109.010898,34.269964
B0L677ZDYL,茄子咔咔,公司企业;知名企业;知名企业,108.9991173071772,34.24652920679013,碑林区,109.003986,34.245084
B0FFFPKSNW,语彤广告图文,公司企业;公司;广告装饰|生活服务;摄影冲印店;摄影冲印,109.01137386470842,34.26852848140616,新城区,109.016297,34.267129
B0FFLBXVW2,西安瑞可康复医院项目指挥部,公司企业;公司;公司,108.98368435237762,34.26718036275247,碑林区,108.988489,34.265697
B0LR9BOXV9,更新物业租售服务中心,公司企业;公司;公司|生活服务;中介机构;中介机构,108.97051877653072,34.27625773597697,新城区,108.975271,34.274741
B0J36HPXXZ,陕西江海源商贸有限公司,公司企业;公司;商业贸易,109.00921156290404,34.26273329441548,新城区,109.014125,34.261325
B0FFMCZTMG,国药控股陕西医疗耗材有限公司,公司企业;公司;医药公司,109.00110796393524,34.24371623206981,雁塔区,109.005985,34.242276
B0H6PDNYFF,金润堂大药房,公司企业;公司;公司,108.97346936597826,34.26230839843954,碑林区,108.978232,34.260794
B0K2POFZEU,西安荣冠科技有限公司,公司企业;公司;公司,109.02144608102196,34.277137491430544,灞桥区,109.026412,34.275771
B0LAGAQ5OU,陕西隆信项目管理有限公司,公司企业;公司;公司,108.98634056966216,34.23875362676535,雁塔区,108.991154,34.237267
B0GDCG6QQL,中国电信(纺织城营业厅),生活服务;电讯营业厅;中国电信营业厅|公司企业;公司;电信公司,109.0593974365131,34.26872770639533,灞桥区,109.064495,34.267447
B001D0W91D,公交八公司,公司企业;公司;公司,109.0588200601076,34.24501604600574,灞桥区,109.063914,34.243725
B0JUUSIJ1F,西安地铁雁鸣湖控制中心,公司企业;公司企业;公司企业,109.026482652922,34.23165219395493,雁塔区,109.031465,34.230282
B0HRRSTSKS,西安市自来水有限公司城东供水服务分公司,公司企业;公司;公司,109.03299446197786,34.254353139268765,雁塔区,109.038004,34.253009
B0FFGVVMEB,西安灯泡厂,公司企业;公司;冶金化工,109.03037570541154,34.25165608202762,雁塔区,109.035375,34.250304
B0FFGJ7LE2,田家湾灯泡厂,公司企业;公司企业;公司企业,109.03031689579298,34.252088070749195,雁塔区,109.035316,34.250736
B0FFH7DC4M,陕西天马仓库(田马路),公司企业;公司;公司,109.02744437962065,34.237176508421015,雁塔区,109.032431,34.235811
B0FFGC2Z15,龙达仓库,公司企业;公司;公司,109.02798213649686,34.23866648507596,雁塔区,109.032971,34.237303
B001D0VVH0,五环集团,公司企业;公司;公司,109.0537382657588,34.26047432961242,灞桥区,109.058819,34.25918
B0FFIPEJ4K,峰光鸣铸装饰(东大明宫店),购物服务;家居建材市场;建材五金市场|公司企业;公司;公司|生活服务;生活服务场所;生活服务场所,109.04584564991691,34.266326351533856,灞桥区,109.050902,34.265018
B0FFICLAJ4,西北电建四公司,公司企业;公司;公司,109.05526843926371,34.27577820485289,灞桥区,109.060355,34.274493
B001D10TEF,陕西高速机械化工程有限公司,公司企业;公司;机械电子,109.0505756301225,34.25215289395805,灞桥区,109.055646,34.250849
B001D06MAA,陕西建工金牛集团股份有限公司,公司企业;公司;建筑公司,109.04090772712952,34.252374215461145,雁塔区,109.045946,34.251049
B0FFG9W01H,苏家营村宇通仓库,公司企业;公司;公司,109.0844722441849,34.272207819304164,灞桥区,109.089622,34.270958
B0FFHN5PSN,纺织城三厂,公司企业;公司企业;公司企业,109.05869234633568,34.268906848415924,灞桥区,109.063788,34.267625
B0K0FDB8E8,西安国水风电设备股份有限公司,公司企业;公司;公司,109.05663652394396,34.25236708855303,灞桥区,109.061725,34.251075
B0FFFGUWJX,陕西建工安装集团(第四工程公司),公司企业;公司;建筑公司,109.02520890614186,34.2530825934594,新城区,109.030188,34.251717
B0FFL84EZB,宏发仓库南库,公司企业;公司;公司,109.03264131046608,34.23665082482945,雁塔区,109.037648,34.235299
B0FFGOWTZ7,宏发仓库,公司企业;公司;公司,109.03183421987156,34.238560223139004,雁塔区,109.036838,34.237207
B0GUKCFX38,自在空间,餐饮服务;茶艺馆;茶艺馆|公司企业;公司;公司|体育休闲服务;体育休闲服务场所;体育休闲服务场所|生活服务;生活服务场所;生活服务场所,109.05179615796008,34.27183855637556,灞桥区,109.056872,34.270545
B0J04SX5IN,陕西交控市政路桥集团西安东站高架快速路一标段1分部,公司企业;公司;公司,109.0560269359291,34.23301754465049,灞桥区,109.061112,34.231717
B0KU1DPZDU,中铁一局集团中铁天域DK-2项目部,公司企业;公司;公司,109.030028824575,34.230785893147484,雁塔区,109.035025,34.229425
B0JDLZTOVR,陕建华山路桥集团西安东站高架三标段项目经理部,公司企业;公司;公司,109.05168457202288,34.2361817291853,灞桥区,109.056757,34.234874
B0J2N7K79Z,灞桥区纺织城五厂十字,公司企业;公司企业;公司企业,109.0639282437276,34.26182416421384,灞桥区,109.069037,34.260548
B0LGBK0UWI,聚润农副产品批发市场,公司企业;公司企业;公司企业,109.04293095100634,34.27271533825888,灞桥区,109.047978,34.271403
B0FFILE8ZC,陕西金辉建材机械有限公司,公司企业;公司;机械电子,109.0803095155382,34.26103431326187,灞桥区,109.085452,34.259777
B001D08V7A,陕西省设备安装工程公司第四分公司田家湾基地,公司企业;公司;公司,109.03920780650114,34.25174054019092,雁塔区,109.04424,34.250411
B0IR97PHH9,陕西尧柏恒基混凝土有限公司,公司企业;公司;公司,109.08453348475972,34.26846331140736,灞桥区,109.089683,34.267212
B0FFGG75L3,西安利华水泥制品有限公司,公司企业;公司;公司,109.04607031005028,34.2499753217707,灞桥区,109.051126,34.248661
B001D0Z6C9,雁塔区银杉保温容器厂,公司企业;工厂;工厂,109.03250703486012,34.245858696015695,雁塔区,109.037514,34.24451
B0FFHGUK4D,大师兄西安加工中心(田家湾村妇女委员会西南),公司企业;公司;公司,109.03508233296944,34.24612995518848,雁塔区,109.040099,34.244788
B0FFF65A0D,诚盛小区,商务住宅;住宅区;住宅小区|公司企业;公司;商业贸易|餐饮服务;中餐厅;中餐厅,109.05862882215278,34.265422370541934,灞桥区,109.063724,34.264139
B001D09P6E,西安市出租汽车集团第二公司,公司企业;公司;公司,109.04998335553478,34.25366752208943,灞桥区,109.055052,34.252363
B0FFHNSC5U,三殿中苑物业服务中心,公司企业;公司;公司,109.05153938593745,34.231910603532384,灞桥区,109.056611,34.230601
B0FFGZYD7M,西安秦璟仓库,公司企业;公司;公司,109.03080332192695,34.23680660154764,雁塔区,109.035803,34.23545
B0JBXRT08P,陕西路桥集团有限公司210国道西安过境下大寨至侯官寨公路设计施工总承包项目经理部第二分部,公司企业;公司;公司,109.0690259207389,34.25369116083041,灞桥区,109.074146,34.252419
B0FFHCIOES,万寿纸箱厂,公司企业;公司;公司,109.03449957304257,34.24532874805651,雁塔区,109.039514,34.243985
B0KBMA8UI2,西安欣禾冷链仓储发展有限公司,公司企业;公司;公司,109.05782522373508,34.2518101715001,灞桥区,109.062917,34.25052
B0FFFGUWSE,白杨海绵厂,公司企业;工厂;工厂,109.02880218403328,34.24735996242377,雁塔区,109.033795,34.246002
B0KDX7TGOA,陕西物源众和家具物资仓储中心,公司企业;公司;公司,109.02703153527426,34.24275453751786,雁塔区,109.032017,34.24139
B0L2R5MH6L,服装商城,公司企业;公司;商业贸易|购物服务;服装鞋帽皮具店;服装鞋帽皮具店,109.05932187752464,34.26599994134531,灞桥区,109.064419,34.264718
B0FFL5FG5Y,西安维尔利环境服务有限公司,公司企业;公司;公司,109.0767089565239,34.25832858745256,灞桥区,109.081845,34.257067
B0JUHZSHFB,陕西国成药业有限公司,公司企业;公司;公司,109.08187189141576,34.27424174776158,灞桥区,109.087018,34.272991
B0FFKM8HZ7,陕西通鸿源旅游汽车有限公司,公司企业;公司企业;公司企业,109.04582036090468,34.247390870359446,灞桥区,109.050875,34.246075
B0FFHZBHYS,灞桥区国棉五厂,公司企业;公司企业;公司企业,109.0639662808936,34.26030171310805,灞桥区,109.069075,34.259025
B0HUVA18DP,灞桥区纺织城水泥厂,公司企业;公司企业;公司企业,109.06345905947472,34.2544048173628,灞桥区,109.068566,34.253125
B0KRZSD57J,中铁七局东临路项目部,公司企业;公司;公司,109.0728328295907,34.265084979898255,灞桥区,109.077962,34.263822
B001D0W3FI,西安市灞桥区基础设施建设投资总公司,公司企业;公司;建筑公司|金融保险服务;金融保险服务机构;金融保险机构,109.06517993336084,34.276064493200714,灞桥区,109.070293,34.274796
B0GK1GVFHE,译诚实业集团,公司企业;公司企业;公司企业,109.05324964809238,34.27298421456822,灞桥区,109.05833,34.271694
B0K2PMGHRX,西安华涛办公家具仓储卖场,公司企业;公司;公司,109.03280751670422,34.23856867429996,雁塔区,109.037815,34.237218
B0FFMFYQ3R,西安秦元琪堂古医学研究院有限公司,公司企业;公司;公司,109.02669658808524,34.26947294661225,灞桥区,109.031683,34.268118
B0IDU5ZCGJ,中铁十二局集团,公司企业;公司;公司,109.0577565048845,34.25077469533897,灞桥区,109.062848,34.249484
B0FFHS54UT,广运仓库,公司企业;公司;公司,109.02892206231982,34.243291193185016,雁塔区,109.033915,34.241932
B0JK36CPA7,纺织城五厂,公司企业;公司;冶金化工|公司企业;工厂;工厂,109.05871328794638,34.26891680799176,灞桥区,109.063809,34.267635
B0JD1UUK8F,西继迅达别墅家用电梯西安体验中心(海伦湾二期店),公司企业;公司;公司,109.04256013923072,34.23878053383003,雁塔区,109.047603,34.237454
B0FFMB8XPW,创新海绵厂,公司企业;工厂;工厂,109.029094074426,34.247013308226045,雁塔区,109.034088,34.245656
B0GRSD9TR1,广东大宋皮革有限公司,公司企业;公司企业;公司企业,109.02984284684568,34.23898634494185,雁塔区,109.034839,34.237628
B0JRP5SIHL,河北建设集团股份有限公司西安分公司,公司企业;公司;公司,109.03318892677692,34.27542814742596,灞桥区,109.038201,34.274093
B0LDR5D6YH,大安电动车西北总仓,公司企业;公司;公司,109.03056131627368,34.23607951553242,雁塔区,109.03556,34.234722
B0FFK8OJIV,陕西绿色家园园林机械有限公司,购物服务;购物相关场所;购物相关场所|公司企业;公司企业;公司企业,109.04027748438764,34.23444153301189,雁塔区,109.045312,34.233108
B0FFI6XNBI,陕西鑫诚医学诊断试剂有限公司,公司企业;公司;公司,109.05053335454922,34.25688612691087,灞桥区,109.055604,34.255584
B0KUHS8JCP,仁和·礼宴(灞桥店),餐饮服务;中餐厅;中餐厅|公司企业;公司;公司,109.05171813021131,34.251729743677174,灞桥区,109.056792,34.250428
B0G0P1HGHF,喜庆鸟家具厂,公司企业;工厂;工厂,109.03565820921948,34.24599754606689,雁塔区,109.040677,34.244657
B001D0VTXZ,高科新达灞桥分站,公司企业;公司;公司,109.06581225398944,34.24322761324973,灞桥区,109.070924,34.241947
B0FFHOMYVT,国棉四厂,公司企业;公司企业;公司企业,109.0587286503138,34.27580395207512,灞桥区,109.063825,34.274525
B0FFIGZMPL,陕西宇通汽车零部件有限公司,公司企业;工厂;工厂,109.07354858773208,34.27433740034552,灞桥区,109.07868,34.273079
B001D11WXM,西安回力弹簧厂,公司企业;工厂;工厂,109.0345691814454,34.24686998001283,雁塔区,109.039584,34.245527
B001D0VQ4G,陕西创尔特热能科技有限公司,公司企业;公司;网络科技,109.02946755072176,34.24783098961536,雁塔区,109.034463,34.246475
B0FFK89LEC,红森制冷配件(龙湖香醍西岸店),购物服务;专卖店;专营店|公司企业;公司;公司,109.0326752898689,34.25882220999309,灞桥区,109.037684,34.257479
B001D0Z7I3,陕西长乐管件有限公司,公司企业;公司;公司,109.02971647489254,34.237367290007384,雁塔区,109.034712,34.236008
B0FFL7PFC9,陕西陕桥电气有限公司,公司企业;公司;机械电子,109.03808082682497,34.25211014800536,雁塔区,109.043109,34.250778
B0LGOM1ZKA,中铁二十二局集团有限公司西安东站制梁场,公司企业;公司;公司,109.07864774588452,34.26732019143744,灞桥区,109.083788,34.266064
B0J175CDRA,苏交科(陕西)检测认证有限公司,公司企业;公司;公司,109.05716593193492,34.25343871355484,灞桥区,109.062256,34.252148
B0JKSH09AO,科大讯飞AI学习机专卖店(龙湖香醍天街店),购物服务;家电电子卖场;数码电子|公司企业;公司;公司,109.0324068637137,34.26404382739186,灞桥区,109.037415,34.262702
B0FFFWKKKO,东升装饰东大明宫旗舰店,公司企业;公司;广告装饰,109.04571912991489,34.26563391142641,灞桥区,109.050775,34.264325
B0L17K7KTV,中铁一局浐灞三小项目部,公司企业;公司;公司,109.03332009810627,34.26762400621755,灞桥区,109.038332,34.266286
B0FFFFX2GA,西安市灞桥区城镇建设开发公司,公司企业;公司;建筑公司,109.06970143237608,34.27668701929778,灞桥区,109.074825,34.275425
B0FFIFRQ7F,西安金诚织造织带厂,公司企业;公司企业;公司企业,109.08280437026863,34.22950748366018,灞桥区,109.087948,34.22824
B0FFH7K8SL,袁刚椰棕,公司企业;公司;公司,109.03069686815113,34.24694304769255,雁塔区,109.035697,34.24559
B001D0ZL3L,陕西恒达厨具,公司企业;公司;公司,109.03012019290716,34.245792024226766,雁塔区,109.035118,34.244437
B0FFGHAYY1,陕西西安圣典园林绿化有限公司,公司企业;公司;公司,109.0745810642534,34.2340030663586,灞桥区,109.079711,34.23273
B001D0VRGA,西安科搪化工设备有限责任公司(德邦),公司企业;公司;冶金化工,109.0578561487487,34.25168016726549,灞桥区,109.062948,34.25039
B0KK5R3KR2,鼎辉共创餐饮管理有限公司,公司企业;公司;公司,109.0592614804057,34.260925080565784,灞桥区,109.064358,34.259641
B0LGACO0HU,云野户外露营装备仓库(租售),公司企业;公司;公司,109.03268494044016,34.23904881335347,雁塔区,109.037692,34.237698
B0FFILE7K7,西安瑞丰动物养殖园,公司企业;农林牧渔基地;其它农林牧渔基地,109.08084605696456,34.2563667348868,灞桥区,109.085989,34.255108
B0FFG50L16,灞业大境物业服务中心,公司企业;公司;公司|生活服务;生活服务场所;生活服务场所,109.02520780135804,34.26613041638822,灞桥区,109.030188,34.26477
B0FFI9MGQ1,陕西双子叶现代农业科技园,商务住宅;产业园区;产业园区|公司企业;农林牧渔基地;其它农林牧渔基地,109.0836649267698,34.26606883535604,灞桥区,109.088813,34.264816
B0HDPZISML,西安帅典制冷材料仓储中心,公司企业;公司;公司,109.0327859282423,34.246425751772364,雁塔区,109.037794,34.245078
B0FFHP2X8F,易龙商务中心,公司企业;公司;公司|餐饮服务;中餐厅;中餐厅,109.02892446788334,34.25016255175065,雁塔区,109.033918,34.248806
B0FFM7MM6P,新画艺广告刻章 图文快印,公司企业;公司;广告装饰|生活服务;生活服务场所;生活服务场所,109.05847751789362,34.27376323297878,灞桥区,109.063573,34.272483
B0FFG6Z676,陕西信辉实业有限公司,公司企业;公司;公司,109.08411300065742,34.26933721942911,灞桥区,109.089262,34.268086
B0LA463E1M,西安学士课桌椅仓库,公司企业;公司;公司,109.03640315156636,34.23794971805822,雁塔区,109.041424,34.236608
B0J1F48F9L,西安金碧物业恒大绿洲物业服务中心,公司企业;公司;公司,109.03600314488094,34.25524809122773,雁塔区,109.041024,34.253912
B0FFK967ND,飞虹广告(咸宁东路店),公司企业;公司;广告装饰|生活服务;生活服务场所;生活服务场所,109.0278853436566,34.252454477551844,雁塔区,109.032875,34.251096
B0GRXA75XW,耘鼎图文快印广告店,公司企业;公司;公司,109.03574506636066,34.267306932795734,灞桥区,109.040766,34.265975
B001D14TI6,西安市三环路绿化养护有限公司,公司企业;公司;公司,109.04648687952178,34.25061315909495,灞桥区,109.051544,34.2493
B0FFK7XD9G,易派广告,公司企业;公司;公司,109.03637596871827,34.26464741957138,灞桥区,109.041399,34.263316
B0JKXZOHX9,陕西建工第四建设集团有限公司,公司企业;公司;建筑公司,109.05065579315064,34.235734979137995,灞桥区,109.055725,34.234425
B0FFKZHZFP,家诚物业服务中心,公司企业;公司;公司,109.05173110293492,34.274792470172265,灞桥区,109.056807,34.2735
B0MGPL1EE8,陕西哈喽呀建筑工程有限公司,公司企业;公司;建筑公司,109.03921009249608,34.248304863892045,雁塔区,109.044242,34.246974
B0FFIJQGQJ,西安市公共交通集团有限公司第八公司105路调度站,公司企业;公司;公司,109.0554428869352,34.25313398778169,灞桥区,109.060528,34.25184
B0GRPLKYFI,子航图文广告,公司企业;公司;广告装饰|生活服务;生活服务场所;生活服务场所,109.02880748435008,34.26707217177464,灞桥区,109.033802,34.265722
B0L2H5AT45,陕西鼎坤宏波商贸有限公司,公司企业;公司;商业贸易,109.04331154142405,34.27392996151568,灞桥区,109.04836,34.272619
B0FFHQEUNT,西安博达商务宾馆(思源学院店),公司企业;公司;公司|住宿服务;宾馆酒店;宾馆酒店,109.0802021905176,34.23227942789532,灞桥区,109.085342,34.231011
B0MBZODDED,晟壹装饰,公司企业;公司;广告装饰,109.04916701748375,34.27598123794392,灞桥区,109.054235,34.274684
B0FFG77GHL,富临间花,公司企业;公司;公司,109.03433610595027,34.24624481627053,雁塔区,109.03935,34.244901
B0I2RUS9OU,西安同鑫娜朵科技有限公司,公司企业;公司;公司,109.05517995055554,34.27284058364486,灞桥区,109.060266,34.271554
B0M6YSR4TR,诚税财务,公司企业;公司;公司,109.0492571920256,34.270624255086474,灞桥区,109.054325,34.269325
B0GDRCBPBO,西安百欣和商贸有限公司,公司企业;公司;商业贸易,109.0518287867826,34.274983195642776,灞桥区,109.056905,34.273691
B001D0VRMC,西安钟楼冷饮食品有限公司,公司企业;公司;公司,109.04686540897116,34.26488169538392,灞桥区,109.051925,34.263575
B0FFHJMKM4,西安蓝盾环保设备有限公司,公司企业;公司;公司,109.02890960124404,34.24927793382925,雁塔区,109.033903,34.247921
B0H3JD4R1K,宝露堂医药长乐东路29分店,公司企业;公司;公司,109.03210714734892,34.27408752205086,灞桥区,109.037115,34.272749
B0KRD9OZHQ,中铁建设预制构件场,公司企业;公司;公司,109.07301774249916,34.25026162473049,灞桥区,109.078146,34.248993
B0FFIBBW98,灞河新区管理委员会国有资产管理有限公司,公司企业;公司企业;公司企业,109.05658038044076,34.25588081612045,灞桥区,109.061669,34.25459
B0FFKT4HDP,恒丰广告,公司企业;公司;广告装饰|生活服务;生活服务场所;生活服务场所,109.02767318592257,34.25236608980984,雁塔区,109.032662,34.251007
B0ID3SKS4T,特别特装饰设计部,公司企业;公司;广告装饰,109.05220285588688,34.249308714011406,灞桥区,109.057278,34.248007
B0M6RR23D5,唐韵艺境装饰,公司企业;公司;广告装饰,109.04482209091294,34.2660857314682,灞桥区,109.049875,34.264775
B0FFGFF5U0,纺一路法恩莎仓库,公司企业;公司;公司,109.0840218653635,34.272378033425746,灞桥区,109.089171,34.271128
B0I19HUKOA,塞北之家(西安)房地产营销策划有限公司德佑加盟店,公司企业;公司;公司,109.0403901149274,34.23410838726658,雁塔区,109.045425,34.232775
B0J0O7CKGH,西安鑫涌机械设备制造有限公司,公司企业;公司;机械电子,109.02746886739182,34.25381808081632,雁塔区,109.032457,34.252459
B0JUKZQKKA,西安馨源汽车科技有限公司,公司企业;公司;公司,109.03014179941113,34.272889214769656,灞桥区,109.035142,34.271545
B0KU2RW8Q1,中诚卫地铁6号线项目,公司企业;公司;公司,109.06073119882632,34.26481704564703,灞桥区,109.065832,34.263537
B0J2ZZ6CDD,中铁十四局集团有限公司,公司企业;公司;公司,109.061885077508,34.254392301957395,灞桥区,109.066988,34.25311
B0FFG1SWV3,李梅三川工艺装饰美术部,公司企业;公司;广告装饰|生活服务;生活服务场所;生活服务场所,109.06515595905763,34.27643937286969,灞桥区,109.070269,34.275171
B0KBF7U4HR,西安昕程厨房设备有限公司,公司企业;公司;公司,109.02678678981184,34.239389479578584,雁塔区,109.031771,34.238023
B0FFG22PI1,顺意仓库,公司企业;公司;公司,109.02961694584222,34.23637392769501,雁塔区,109.034612,34.235014
B0HUAA1JQ3,陕建集团·大明宫东城国际二期项目部,公司企业;公司;公司,109.04395511527004,34.26498613578368,灞桥区,109.049005,34.263673
B0M67AWFYZ,国棉六厂,公司企业;工厂;工厂|公司企业;公司;冶金化工,109.05803225852976,34.25631304431567,灞桥区,109.063125,34.255025
B0KKPCCBTE,陕西满家装饰工程有限公司,公司企业;公司;广告装饰,109.05217897896776,34.24872498670375,灞桥区,109.057254,34.247423
B0FFGHAQ7I,陕西金花医药化玻有限公司库房,公司企业;公司;公司,109.05047356051296,34.25666333724293,灞桥区,109.055544,34.255361
B0I1CZ8Y83,金马广告(纺一路店),公司企业;公司;广告装饰,109.06511906503306,34.27625050561434,灞桥区,109.070232,34.274982
B001D0W613,西安电力机械有限公司,公司企业;工厂;工厂,109.04660174538104,34.27103977072231,灞桥区,109.051661,34.269735
B0FFHDS7Y0,永安建筑科技有限公司,公司企业;公司;公司,109.07951579255996,34.26138782775442,灞桥区,109.084657,34.26013
B0FFKF6A1P,宝美广告,公司企业;公司;广告装饰|生活服务;生活服务场所;生活服务场所,109.0586856507248,34.26559820082121,灞桥区,109.063781,34.264315
B0L66CB0OQ,西安佰年铭匠装饰工程有限公司,公司企业;公司;广告装饰,109.04586859889716,34.266033419121186,灞桥区,109.050925,34.264725
B0M6H7CBJC,DZN设计精工,公司企业;公司;广告装饰,109.04566521452088,34.26673658546119,灞桥区,109.050721,34.265428
B0IKU7ALQK,雨虹防水东交库房3区,购物服务;家居建材市场;建材五金市场|公司企业;公司;公司,109.0489303421012,34.26935845824662,灞桥区,109.053997,34.268058
B0FFGQIIOQ,陕西凯丰科技商贸有限公司,公司企业;公司;商业贸易,109.02878123353948,34.247739873001485,雁塔区,109.033774,34.246382
B0G0463RQW,西安吉利货架厂,公司企业;工厂;工厂,109.02743002827958,34.253727222391674,雁塔区,109.032418,34.252368
B0LABA4AR3,咚咚云仓,公司企业;公司;公司,109.07527327420532,34.273880741298655,灞桥区,109.080408,34.272624
B0K3SOEYI3,金和广告·图文,公司企业;公司;广告装饰,109.02756759787104,34.25241235974893,雁塔区,109.032556,34.251053
B0M6T75HMQ,中国移动通信集团陕西有限公司灞桥分公司,公司企业;公司;电信公司,109.05582009906558,34.27279241120821,灞桥区,109.060908,34.271507
B0FFI5KCCP,九龙天西北仓库中心,公司企业;公司;公司,109.02903634734432,34.24645167914007,雁塔区,109.03403,34.245094
B001D0VPZ8,西安绿洲胶粘制品有限公司,公司企业;公司;公司,109.02910602240358,34.24707725150064,雁塔区,109.0341,34.24572
B0J22CWF1C,西安青瑞·美容中心(半坡国际广场店),公司企业;公司;公司,109.04729007174728,34.2759072678757,灞桥区,109.052352,34.274606
B001D0VVH2,陕西省西岳建筑公司,公司企业;公司;建筑公司,109.05718723512231,34.260812767092304,灞桥区,109.062278,34.259525
B001D0WV7R,西安市亚星土木仪器有限公司,公司企业;公司;公司,109.02606252565568,34.25278734450749,灞桥区,109.031045,34.251424
B0LDO15RAC,恒艺软包,公司企业;公司;公司,109.02902075640736,34.2423612798881,雁塔区,109.034014,34.241002
B0I1K1068M,陕西大至医药有限公司,公司企业;公司;医药公司,109.05016751099696,34.256755930071286,灞桥区,109.055237,34.255453
B0FFL0XOKI,西安贝格消防器材有限公司,公司企业;公司;公司,109.02887853296882,34.25150415550981,雁塔区,109.033872,34.250148
B001D0VSRF,西安东城建筑实业公司,公司企业;公司;建筑公司,109.06290177588532,34.273947828329625,灞桥区,109.068009,34.272675
B0FFFDCC31,宏创广告(张李村店),公司企业;公司;广告装饰|生活服务;生活服务场所;生活服务场所,109.0842771271912,34.23074705350597,灞桥区,109.089423,34.229481
B0L26UF3FB,中陕核工业集团测绘院有限公司,公司企业;公司;公司,109.0334380952877,34.27415103010209,灞桥区,109.038451,34.272816
B0L1MCI05J,佳禾创新广告,公司企业;公司;广告装饰,109.02888726188677,34.25428704691379,雁塔区,109.033881,34.252932
B0M62HVKOX,田家湾村自来水厂,公司企业;工厂;工厂,109.03460940388108,34.2542150314373,雁塔区,109.039625,34.252875
B0M6JZDBOF,中陕核二二四大队,公司企业;公司;公司,109.03334743208448,34.27421223946692,灞桥区,109.03836,34.272877
B0L2BUL8UT,西安得爱丝床垫源头工厂,公司企业;工厂;工厂,109.03526161998649,34.246681288499154,雁塔区,109.040279,34.24534
B0FFL1OCMZ,中国能建,公司企业;公司;公司,109.06041205821572,34.27624190532475,灞桥区,109.065513,34.274966
B0FFG0XJ66,西安市雁塔区东方印刷厂,公司企业;工厂;工厂,109.02900001890777,34.25197264571688,雁塔区,109.033994,34.250617
B0LUGXKEXY,陕西茂亩田农业科技有限公司,公司企业;公司;公司,109.0497894990146,34.27070911057946,灞桥区,109.054859,34.269411
B0LGH5JKOF,京东方(BOE)陕西仓储中心,公司企业;公司;公司,109.02718050059742,34.24799812617803,雁塔区,109.032167,34.246636
B0L2RHMSW5,陕西红积木装饰工程有限公司,公司企业;公司;广告装饰|生活服务;生活服务场所;生活服务场所,109.06287409065077,34.25957368922261,灞桥区,109.06798,34.258295
B0FFL4MA4F,陕西东创物联信息技术有限公司,公司企业;公司;公司,109.0252337346797,34.2656945203449,灞桥区,109.030214,34.264334
B0J6AC0HV6,美的空调库房(奥马冰箱),公司企业;公司;公司,109.03101736661095,34.238356454386825,雁塔区,109.036018,34.237001
B0FFGVWOOP,纺织城四厂振兴,公司企业;公司企业;公司企业,109.06704304299645,34.26981439786454,灞桥区,109.07216,34.268546
B0HB65MLMN,西安泓钧晟商贸有限公司,公司企业;工厂;工厂,109.02599356902104,34.24374201795913,雁塔区,109.030975,34.242375
B0KD5STDY7,陕西开莱项目管理有限公司,公司企业;公司;公司,109.05124752047664,34.264028830985374,灞桥区,109.056321,34.262731
B0FFJ98JGP,西安再续战火企业管理有限公司,公司企业;公司企业;公司企业,109.05826248685976,34.26942738681239,灞桥区,109.063357,34.268145
B0J1255MFS,家豪国际软装设计中心,公司企业;公司;公司,109.04484401729174,34.26608468262518,灞桥区,109.049897,34.264774
B0FFKWWVBN,西安皮新彩家具护理有限公司,公司企业;公司企业;公司企业,109.03139796077916,34.23771468871295,雁塔区,109.0364,34.23636
B0KGLHSKYC,聚艺软包硬包工厂,公司企业;工厂;工厂,109.02909744157915,34.24254700284723,雁塔区,109.034091,34.241188
B0L2PHQT0A,陕西建材院建筑建材产品质量检测中心有限公司,公司企业;公司;公司,109.05628992569449,34.259169048356235,灞桥区,109.061378,34.257879
B0K2HGHW7V,陕西稻田诊断试剂有限公司库房,公司企业;公司;公司,109.051052735294,34.25692605212553,灞桥区,109.056125,34.255625
B0L6L5A879,西安市私宅整装定制(东郊店),公司企业;公司;广告装饰,109.0522614565352,34.251871604517966,灞桥区,109.057337,34.250571
B0FFI987W1,纺织城电力机械厂,公司企业;工厂;工厂,109.05837985728508,34.27295573625896,灞桥区,109.063475,34.271675
B0G1LC6BYP,西安雄川精密模具制造有限公司,公司企业;公司;公司,109.02898190310972,34.242418363002,雁塔区,109.033975,34.241059
B0LRHZ7FZC,猪二哥农副商贸有限公司,公司企业;公司;商业贸易,109.04342626447348,34.27258625152718,灞桥区,109.048475,34.271275
B0L1KLVDAW,陕西建工第七建设集团有限公司灞河新区永丰村集体土地上棚户区改造DK-3项目部,公司企业;公司;公司,109.049140004971,34.277124819572286,灞桥区,109.054208,34.275828
B0FFGC2958,建盛商贸有限公司,公司企业;公司;公司,109.05912813631912,34.26910601408265,灞桥区,109.064225,34.267825
B0JG69PSM3,领先美缝仓储中心,公司企业;公司;公司|公司企业;工厂;工厂,109.03047239437429,34.23918958843847,雁塔区,109.035471,34.237833
B0K1HR8KM3,城东纺织城五厂,公司企业;工厂;工厂,109.06102402305258,34.257907319006065,灞桥区,109.066125,34.256625
B001D0Z7EG,西安宝达制衣有限公司,公司企业;公司;公司,109.05614681673762,34.26517990800602,灞桥区,109.061235,34.263892
B0I33HVKQU,西安市浐灞生态区立新海绵厂,公司企业;工厂;工厂,109.02791569403314,34.24693552831533,雁塔区,109.032905,34.245575
B0HRUSFWQR,优之印图文广告,公司企业;公司;广告装饰|生活服务;生活服务场所;生活服务场所,109.05488976594016,34.27321197646067,灞桥区,109.059975,34.271925
B0LRMRXT2R,牧亨牛羊肉商贸有限公司,公司企业;公司;公司,109.04317407221932,34.27323156539838,灞桥区,109.048222,34.27192
B0MGVRFOCB,半坡电力机械厂,公司企业;工厂;工厂,109.04580242100214,34.27065968541505,灞桥区,109.050859,34.269353
B0LA5CT7EI,浐灞区包香园食品加工厂,公司企业;工厂;工厂,109.02862352256504,34.25158681237209,雁塔区,109.033616,34.25023
B0KD6UG17C,西安众新机械设备工程有限公司,公司企业;公司;机械电子,109.08081408634033,34.23361544536484,灞桥区,109.085955,34.232348
B0HA1YD79N,三寰海绵,公司企业;公司;公司,109.02995429423342,34.24040351361665,雁塔区,109.034951,34.239046
B0G3R5BWEC,陕西安健医特集团股份有限公司,公司企业;公司;公司,109.05092817156137,34.256347533073985,灞桥区,109.056,34.255046
B0FFFGUXJ4,飞越图文广告(咸宁东路店),公司企业;公司;广告装饰|生活服务;生活服务场所;生活服务场所,109.02620496132214,34.2527619614002,雁塔区,109.031188,34.251399
B0K2S53C0M,陕西七建西灞投项目部,公司企业;公司;公司,109.05817301854964,34.2545684813932,灞桥区,109.063266,34.25328
B0FFHJMKL1,晨宇印务有限公司,公司企业;公司;公司,109.05898412428893,34.27379234169517,灞桥区,109.064081,34.272513
B0KB4HT1K3,陕西国铁工程咨询管理有限公司,公司企业;公司;公司,109.05008972976076,34.24543348401435,灞桥区,109.055158,34.244126
B0FFJCECFG,西安国梦广告有限公司,公司企业;公司企业;公司企业,109.02975887844632,34.242439267023805,雁塔区,109.034755,34.241082
B0JDD5TR74,字由字简广告,公司企业;公司;广告装饰,109.06763493732448,34.26675782359282,灞桥区,109.072753,34.265489
B0FFFGUVYN,龙祥软包海绵,购物服务;家居建材市场;建材五金市场|公司企业;公司;公司,109.03009572119932,34.25243952397709,雁塔区,109.035094,34.251087
B0LAJRT65D,丽阳纸业,公司企业;公司;公司,109.0265416506194,34.2406916628031,雁塔区,109.031525,34.239325
B0KRCC5YE6,西安众驰汽车科技有限公司,公司企业;公司;公司,109.04263109136376,34.24814780859575,雁塔区,109.047675,34.246825
B0FFM3VI8F,启航广告图文快印,公司企业;公司;广告装饰|生活服务;生活服务场所;生活服务场所,109.06110047385329,34.27348890517337,灞桥区,109.066203,34.272213
B001D0VS67,西安市馨梦达棉毛制品公司,公司企业;公司;公司,109.04652350934975,34.2651503338936,灞桥区,109.051582,34.263843
B0FFF659Z0,西北电力建设第四工程公司安装公司,公司企业;公司;公司,109.06050979709444,34.2762527379934,灞桥区,109.065611,34.274977
B0J3LN2CO6,嘉景环保科技有限公司,公司企业;公司;公司,109.03149633536262,34.25235983860736,雁塔区,109.0365,34.251011
B0HRA5LDEF,陕西洪武科教设备有限公司,公司企业;公司;公司,109.03579388597184,34.26730680962814,灞桥区,109.040815,34.265975
B0L3JLENA5,正汇生鲜肉供应链有限公司,公司企业;公司;公司,109.0430275828637,34.27313694181964,灞桥区,109.048075,34.271825
B0MG1RTOM7,中盛立安(陕西)安全科技有限公司,公司企业;公司;公司,109.07520027950036,34.27541518260845,灞桥区,109.080335,34.274159
B0LDTH51HI,美的领沃别墅家用电梯西安展厅,公司企业;公司;公司,109.04261095173916,34.23892336231688,雁塔区,109.047654,34.237597
B0FFIBC4VS,西安同立创纸业有限公司,公司企业;公司;公司,109.0267401668064,34.248887990562004,雁塔区,109.031725,34.247525
B0FFF654UU,美乐乐家居(产业路店),公司企业;公司;网络科技|购物服务;家居建材市场;家居建材市场,109.02795130716316,34.2733249384068,灞桥区,109.032943,34.271975
B0K1TNHQAC,西安浐灞生态区枯木木材采集运输厂,公司企业;工厂;工厂,109.03169295148616,34.24803899325394,雁塔区,109.036697,34.246689
B0GKZA87B7,陕西鹏运机械自动化科技有限公司,公司企业;公司;机械电子,109.0735935010068,34.274307362970454,灞桥区,109.078725,34.273049
B0G3HS63J6,陕西中旭建筑设计咨询有限公司,公司企业;公司;公司,109.05188420635004,34.256542528344326,灞桥区,109.056959,34.255243
B001D0W5IP,西安市灞桥区工业总公司,公司企业;公司;公司,109.06104855607494,34.274117731058034,灞桥区,109.066151,34.272842
B0JDPDX9EX,铁肩公司,公司企业;公司;公司,109.06041504567249,34.27629487835302,灞桥区,109.065516,34.275019
B0K0GX9WGA,西安西安君泰淡水繁殖场,公司企业;农林牧渔基地;其它农林牧渔基地,109.08462848360432,34.232490193471335,灞桥区,109.089775,34.231225
B0K319PPHI,陕西冰洋制冷设备有限公司,公司企业;公司;公司,109.02577422877282,34.24625866374471,新城区,109.030755,34.244892
B0KRJCVHRP,苏家营新村(陕西国成药业有限公司),公司企业;公司;公司,109.08217842720948,34.27417555107305,灞桥区,109.087325,34.272925
B0MBD6FGJT,西安乐然超市连锁有限公司,公司企业;公司;公司,109.0593776175218,34.267256337699266,灞桥区,109.064475,34.265975
B0L0J6ENHP,智域西安Ai短视频直播孵化中心,公司企业;公司;公司,109.0436120633306,34.24424004579792,雁塔区,109.048659,34.242918
B0JULHVIQX,本未设计,公司企业;公司;广告装饰,109.05317993671518,34.272065727943634,灞桥区,109.05826,34.270775
B0JKYH6303,大嘴鸟装饰整体家装馆(浐灞店),公司企业;公司;广告装饰,109.04476427881798,34.266161830699495,灞桥区,109.049817,34.264851
B0FFGC2R7G,多彩间花厂,公司企业;工厂;工厂,109.03525764141224,34.246603328484845,雁塔区,109.040275,34.245262
B0FFFFWZ56,西安泵阀总厂股份有限公司(灞柳二路),购物服务;家居建材市场;建材五金市场|公司企业;公司;公司,109.11569000761035,34.277228795002856,灞桥区,109.120858,34.275979
B0FFFAH1A6,陕西盘龙药业集团股份有限公司,公司企业;公司;医药公司,109.12470259092676,34.267829600815425,灞桥区,109.129866,34.266568
B0FFMDL1LB,西安中铁轨道交通有限公司(西安地铁9号线)香王车辆段,公司企业;公司;公司,109.10506001637596,34.27035326065627,灞桥区,109.110227,34.269106
B0GUKSCK80,西安白鹿原益恒环境能源有限公司,公司企业;公司;公司,109.09063867546529,34.24894111283938,灞桥区,109.095794,34.247685
B0FFH5YAI1,陕西锦华服装有限责任公司,公司企业;公司;公司,109.12034294558552,34.27220760607541,灞桥区,109.125509,34.270952
B0FFFAHTPV,中国中铁一局集团电务工程有限公司科技研发基地,公司企业;公司;公司|科教文化服务;科研机构;科研机构,109.11796183544136,34.274739550942016,灞桥区,109.123129,34.273487
B0I0KU14XU,国药集团西安生物制药有限公司,公司企业;公司企业;公司企业,109.12151758813047,34.270921201488164,灞桥区,109.126683,34.269664
B0FFIA359Q,陕西金河洗涤有限公司,公司企业;公司;公司,109.11882914897708,34.27452334906086,灞桥区,109.123996,34.27327
B0FFFEXMS3,西安德蓝高科材料股份有限公司,公司企业;公司;公司,109.11752766241824,34.275177025632296,灞桥区,109.122695,34.273925
B0FFFAH1DA,西安众乐豆制品实业有限公司,公司企业;公司;公司,109.12706930655632,34.266019888756965,灞桥区,109.132231,34.264755
B0IKF56HHO,际华三五一三实业有限公司,公司企业;公司;公司,109.12962348263656,34.27463432937412,灞桥区,109.134784,34.27337
B0FFFFWZ5B,西安通达水泥制品机械设备有限责任公司,公司企业;公司;机械电子,109.1187271624573,34.273952499987566,灞桥区,109.123894,34.272699
B0FFG8AZM1,紫藤智能,公司企业;公司;公司,109.11905535839335,34.27306913821835,灞桥区,109.124222,34.271815
B0I0D7RABP,批菜网西安仓,公司企业;公司;公司,109.08645014482148,34.23129259206132,灞桥区,109.091599,34.230028
B0H37LCMXJ,展柜加工厂,公司企业;工厂;工厂,109.09144328528131,34.24379482323496,灞桥区,109.096599,34.242537
B0FFH1Q0BL,西安市图丰商贸有限公司,公司企业;公司;公司,109.12016294806394,34.27130981504875,灞桥区,109.125329,34.270054
B001D09PED,陕西红旗海丰混凝土有限公司,公司企业;公司;公司,109.1313641082027,34.2726822680377,灞桥区,109.136523,34.271415
B0K2NZ2T9U,菲菲家具工厂,公司企业;工厂;工厂,109.08926140580952,34.23500790309497,灞桥区,109.094414,34.233746
B0IUFCUEE5,陕西晨旭玻璃技术有限公司,公司企业;工厂;工厂,109.1445554666041,34.24921349219059,灞桥区,109.149698,34.247918
B0HDLUXD99,线盒厂,公司企业;公司;公司,109.12313679883572,34.25508110110871,灞桥区,109.1283,34.253816
B0GUNSIAD8,西安俊程精密科技有限公司,公司企业;公司;公司,109.1200066749475,34.27369469750437,灞桥区,109.125173,34.27244
B0FFFFX1Y2,意尔康(产业园店),公司企业;公司;公司,109.12007192566097,34.271132807444594,灞桥区,109.125238,34.269877
B0JBYATTMJ,中铁二十局集团有限公司西延铁路XYZQ-15标段项目经理部,公司企业;公司;公司,109.12034294558552,34.27220760607541,灞桥区,109.125509,34.270952
B0G0LZG01Q,西安春诚物流有限公司,公司企业;公司;公司,109.08529216239002,34.271660550273005,灞桥区,109.090443,34.270411
B0KR0SMDYD,中铁四局西十高铁项目部,公司企业;公司;公司,109.11988362356156,34.273707584662404,灞桥区,109.12505,34.272453
B0FFKKFKRE,西安毅刚环保建材有限公司江村老砖厂,公司企业;公司企业;公司企业,109.09062910159896,34.24416694618354,灞桥区,109.095784,34.242909
B0FFJ2KUNM,陕西一代骄家具有限公司,公司企业;公司企业;公司企业,109.08700722239034,34.233722406421485,灞桥区,109.092157,34.232459
B0LG97T0IB,中铁一局西安东站项目中心料库,公司企业;公司企业;公司企业,109.08729136500816,34.23948111557081,灞桥区,109.092442,34.23822
B0KDULFWS8,五环集团,公司企业;公司;公司,109.1296944359841,34.275822922459604,灞桥区,109.134855,34.274559
B0I1LAF7DD,西安昊昕昀硕科技有限公司,公司企业;公司;公司,109.12105918984628,34.27303091295846,灞桥区,109.126225,34.271775
B0L6NCUWG3,西安卓阳家具有限公司,公司企业;公司;公司,109.14484887060696,34.24889508231804,蓝田县,109.149991,34.247599
B0HR7ZOSNX,西安鸿顺翔吊装设备租赁有限公司,公司企业;公司;公司,109.14141415821392,34.25406871983715,灞桥区,109.146561,34.25278
B0IB5SK0L6,陕西盛铎绿色天承生态农业有限公司白鹿原分拣中心,公司企业;公司企业;公司企业,109.08588081635057,34.23212659473108,灞桥区,109.091029,34.230862
B0FFGC2M14,罗丽丝有限公司,公司企业;公司;公司,109.11974366204586,34.27262191002793,灞桥区,109.12491,34.271367
B0FFL9A05N,石家道节能环保有限公司,公司企业;公司;公司,109.09300456619826,34.268933502838884,灞桥区,109.098164,34.267686
B0FFFD3P0Q,西安华熔耐火材料有限公司,公司企业;公司;公司,109.11304752200807,34.26665737704263,灞桥区,109.118215,34.265405
B0JR2D9TGP,西安启陌灯箱厂,公司企业;工厂;工厂,109.09722361467333,34.24003321848112,灞桥区,109.102384,34.238775
B0I1ZZLP1Q,西安光驰科技有限公司,公司企业;公司;网络科技,109.12013271191157,34.27386873643425,灞桥区,109.125299,34.272614
B0HGCMH4SH,白鹿原顺路散养鸡场,公司企业;农林牧渔基地;其它农林牧渔基地,109.11341229597043,34.246762442322975,灞桥区,109.118578,34.245502
B0KAZHIVHH,西安解艺雕塑设计有限公司,公司企业;公司;公司,109.0896719404468,34.235036730041564,灞桥区,109.094825,34.233775
B0MGUHCKSK,三只牛再生利用有限公司,公司企业;公司;公司,109.14146160583388,34.23809390891861,灞桥区,109.146607,34.236799
B0HG4HTLZB,西安兴奥体育设施工程有限公司,公司企业;公司;公司,109.09420790037792,34.24115914522738,灞桥区,109.099366,34.239901
B0LGSAYDYF,优佳塑胶西安办事处,公司企业;公司;公司,109.09316771219424,34.2425768234314,灞桥区,109.098325,34.241319
B0J1DYYP0C,西安益隆达高空设备租赁有限公司,公司企业;公司;公司,109.09202455834917,34.256908573676974,灞桥区,109.097182,34.255656
B0G0GMHY36,西安美杰食品有限公司,公司企业;公司;公司,109.094751442954,34.241065087659635,灞桥区,109.09991,34.239807
B0HG2AZ83D,西安广地体育设施工程有限公司,公司企业;公司;公司,109.09427383512325,34.241250098870054,灞桥区,109.099432,34.239992
B0JRHZH0NP,陕西交控东临路项目灞河特大桥钢筋加工中心,公司企业;公司;公司,109.10638332328696,34.27422708698807,灞桥区,109.111551,34.272981
B0KBRHK41Y,西安阳邦检测技术有限公司,公司企业;公司;公司,109.12075102412123,34.2733395059712,灞桥区,109.125917,34.272084
B0FFHXOBD0,刘鹏辉樱桃基地,体育休闲服务;休闲场所;采摘园|公司企业;农林牧渔基地;其它农林牧渔基地,109.11583369095317,34.235402366802624,灞桥区,109.120998,34.234136
B0GKXSFILU,西安润欧包装材料有限公司,公司企业;公司;公司,109.13452077728098,34.26405987150309,灞桥区,109.139676,34.262785
B0LBXZJBIU,西安辰欧EPS线条厂,公司企业;工厂;工厂,109.13460980560858,34.264735719374166,灞桥区,109.139765,34.263461
B0GDRHBW2L,西安强腾机电设备制造有限公司,公司企业;公司;公司,109.13500925492728,34.26411151026158,灞桥区,109.140164,34.262836
B0G3JL9WSL,陕西省蓬腾农业园区,公司企业;农林牧渔基地;其它农林牧渔基地,109.1436299194213,34.2535183583027,灞桥区,109.148774,34.252226
B0HG0ZWAZ4,江苏腾飞体育设施材料有限公司,公司企业;公司;公司,109.09167832493785,34.24060396120628,灞桥区,109.096834,34.239345
B0JRXD5LFB,鸿泰曼尔斯顿床垫厂,公司企业;工厂;工厂,109.09525987033405,34.24280235476576,灞桥区,109.100419,34.241545
B0JKTXC1RA,德懋恭食品商店灞桥厂,公司企业;公司;公司,109.11943062427883,34.27164704082633,灞桥区,109.124597,34.270392
B0J3GL6I6U,西安市灞桥区嘉辉七彩纸箱加工厂,公司企业;工厂;工厂,109.13265802590072,34.27538079938793,灞桥区,109.137816,34.274113
B0KROZQG6D,西安市荣威消防设备有限公司,公司企业;公司;公司,109.12274932825322,34.26954093772948,灞桥区,109.127914,34.268282
B0MGOZVBO8,铧泰(博悦)西北运营中心,公司企业;公司;公司,109.09221871604328,34.241433494403246,灞桥区,109.097375,34.240175
B0FFK8THIR,西蓝高速公路养管处,公司企业;公司企业;公司企业,109.09293103508904,34.275811694549375,灞桥区,109.098091,34.274567
B0IDCZR4MF,同利达商贸有限公司,公司企业;公司;商业贸易,109.0897189121831,34.23475981480426,灞桥区,109.094872,34.233498
B0IUASWZP2,陕西顺来建筑工程有限公司,公司企业;公司;建筑公司,109.10017968506118,34.27512240156013,灞桥区,109.105345,34.273878
B0G2J7HY56,灞桥写真工厂,公司企业;工厂;工厂,109.09506524104276,34.274776711737815,灞桥区,109.100227,34.273532
B0H2S5DISC,西安木星隔断装饰有限公司,公司企业;公司;公司,109.0958405135086,34.24157174906984,灞桥区,109.101,34.240314
B0KDHUM4YE,西安壹唐食品(1号仓库),公司企业;公司;公司,109.13116255123204,34.277067202546434,灞桥区,109.136322,34.275802
B0JRJDGZG3,西安超利达环保科技有限公司,公司企业;公司;公司,109.08600912543986,34.27257076980958,灞桥区,109.091161,34.271322
B0LGPAJXY7,陕西艺城家居用品有限公司,公司企业;公司;公司,109.13285721481591,34.27531108585152,灞桥区,109.138015,34.274043
B0JBP9B376,西安众盈家具有限公司,公司企业;公司;公司,109.09070086153484,34.234566531029266,灞桥区,109.095855,34.233305
B0IGH7EGSV,西安创欣肉食品加工厂,公司企业;工厂;工厂,109.13295401105609,34.24427554406502,灞桥区,109.138109,34.242995
B0JBP97GAU,西安浐河果蔬贮运有限责任公司,公司企业;公司;公司,109.13295401105609,34.24427554406502,灞桥区,109.138109,34.242995
B0JD0C0NSP,陕西康谨泰农业发展有限公司,公司企业;公司;公司,109.09031505333438,34.237108718900735,灞桥区,109.095469,34.235848
B0K2LDEG9O,陕西荣海电力工程有限公司,公司企业;公司;公司,109.11550044243116,34.27179190658977,灞桥区,109.120668,34.27054
B0KDCZO25P,陕西伊牧滋食品有限公司,公司企业;公司;公司,109.12095315971948,34.272823901442266,灞桥区,109.126119,34.271568
B0KKKSWSTT,西安市灞桥区绿渔汇家庭农场,公司企业;农林牧渔基地;其它农林牧渔基地,109.11895946563315,34.25998834906452,灞桥区,109.124125,34.258729
B0FFHUAFRV,明伟食品有限公司,公司企业;公司;公司,109.13255817415954,34.26117644375202,灞桥区,109.137715,34.259903
B0K1GDRJTN,西安煜盛马涛食品公司,公司企业;公司;公司,109.0932039753675,34.23917110075268,灞桥区,109.098361,34.237912
B0K2XS2J6N,西安毅通土方工程有限责任公司,公司企业;公司;公司,109.0856769511488,34.23368913196304,灞桥区,109.090825,34.232425
B0FFIA9QLU,西安友轩钜,公司企业;公司;公司,109.0850502101028,34.27489436102452,灞桥区,109.090201,34.273646
B0G267NH1S,陕西绿昂体育设施有限公司,公司企业;公司;公司,109.0916097332871,34.27112898047068,灞桥区,109.096768,34.269882
B0KB5SE1YU,中铁二十局集团有限公司,公司企业;公司;公司,109.11984676537992,34.27191329062768,灞桥区,109.125013,34.270658
B0LDHCSC18,西安蓝田源德邦钢化玻璃厂,公司企业;公司企业;公司企业,109.14473270606678,34.24907082929644,蓝田县,109.149875,34.247775
B0LBRD7MH3,西安市灞桥区世茂欧式构件雕塑厂,公司企业;工厂;工厂,109.14343075287027,34.25256741712655,灞桥区,109.148575,34.251275
B0LBLLPZ5G,西安三森德园林景观设计有限公司,公司企业;公司;公司,109.08922044299072,34.258078075414375,灞桥区,109.094375,34.256825
B0G2OZE2ZZ,永恒现代农业站果蔬苗圃养殖,公司企业;农林牧渔基地;其它农林牧渔基地,109.08930921792523,34.23654131289246,灞桥区,109.094462,34.23528
B0L6MSRH7D,西安魂豆罗机械设备有限公司,公司企业;公司;公司,109.09296292054474,34.24237794680154,灞桥区,109.09812,34.24112
B0LG1C1YVN,西安市灞桥区开源锏花厂,公司企业;工厂;工厂,109.08932319691556,34.23660028526657,灞桥区,109.094476,34.235339
B0JBFAZICK,陕西胜丰建设工程有限公司,公司企业;公司;建筑公司,109.09917042830156,34.27332208713332,灞桥区,109.104335,34.272077
B0K6HZDB3F,益农信息社电商服务中心,公司企业;公司;公司,109.14174932381052,34.23380794418063,灞桥区,109.146894,34.232511
B0J1URAQ66,西安腾泽建筑装饰工程有限公司,公司企业;公司;广告装饰,109.09322068632248,34.24231091213226,灞桥区,109.098378,34.241053
B0JBPL9Z1Z,宏利GRC雕塑铸造厂,公司企业;工厂;工厂,109.14340671981054,34.252602365896635,灞桥区,109.148551,34.25131
B0FFHU5Q2D,陕西动化电炉有限公司,公司企业;公司;公司,109.13394917242904,34.26464387334446,灞桥区,109.139105,34.26337
B0KRB5UW6N,西安飞梵异色边牧基地,公司企业;农林牧渔基地;其它农林牧渔基地,109.08928750513373,34.26796108816294,灞桥区,109.094443,34.266712
B0LA9L0A6B,天能工业电池西安仓储中心,公司企业;公司;公司,109.08529216239002,34.271660550273005,灞桥区,109.090443,34.270411
B0K0PUWVUD,西安万庆会展服务有限公司,公司企业;公司;公司,109.09721455139434,34.24083291741663,灞桥区,109.102375,34.239575
B0J1NHK62Q,天盛广告,公司企业;公司;广告装饰,109.12273051611253,34.26727584027903,灞桥区,109.127895,34.266016
B0HRJ7OLEA,西安金奥体育设施工程有限公司,公司企业;公司;公司,109.08988452219542,34.237128869375624,灞桥区,109.095038,34.235868
B0HBO9MM94,何恒炜家庭农场,公司企业;农林牧渔基地;其它农林牧渔基地,109.091838672468,34.2577193067216,灞桥区,109.096996,34.256467
B0KRHKEC1G,东源纸品分装厂,公司企业;工厂;工厂,109.14171349789214,34.25428609074581,灞桥区,109.14686,34.252997
B0KUTSAZSG,陕西万葫建筑装饰工程有限公司,公司企业;公司;广告装饰,109.09483778293972,34.23633185034984,灞桥区,109.099996,34.235072
B0K06D0QQM,西安市灞桥区顺发机械厂,公司企业;工厂;工厂,109.14443192774355,34.26507503865604,灞桥区,109.149576,34.263786
B0L06RO034,重庆龙运体育设施有限公司,公司企业;公司;公司,109.09151948305818,34.240633997493255,灞桥区,109.096675,34.239375
B0HRT554NW,西安顺儿盛商贸股份有限公司,公司企业;公司;商业贸易,109.11831418579143,34.27205294236126,灞桥区,109.123481,34.270799
B0L0DNMCTS,西安秦明光电仪器厂,公司企业;工厂;工厂,109.13631115405336,34.25751392821645,灞桥区,109.141464,34.256234
B0H07U2O4B,陕西唯美鑫龙建材有限公司,公司企业;公司;公司,109.09296392926709,34.2422669886103,灞桥区,109.098121,34.241009
B0I2OCRSNO,西安东电流体技术有限公司,公司企业;公司;公司,109.13555081942846,34.26387534401712,灞桥区,109.140705,34.262599
B0H33NOZOM,西安顺兴龙建筑基础工程有限公司,公司企业;公司;公司,109.09280201533304,34.243030738162346,灞桥区,109.097959,34.241773
B0HAF7WLBJ,禾丰集团西北区标准化示范厂,公司企业;工厂;工厂,109.1363969169274,34.26125656246143,灞桥区,109.14155,34.259978
B0L29KQARA,西安灞桥洪庆工业园3号站综合机房,公司企业;公司企业;公司企业|商务住宅;产业园区;产业园区,109.11690758955169,34.27397704201316,灞桥区,109.122075,34.272725
B0L3KUCP23,西安畅恒建筑工程有限公司,公司企业;公司;建筑公司,109.12346198375964,34.26647488532575,灞桥区,109.128626,34.265214
B0J0FCPZFY,西安铭诚金属材料公司,公司企业;公司;公司,109.09796651080411,34.2697345469526,灞桥区,109.10313,34.268488
B0JBTOD3N6,西安来香食品有限公司,公司企业;公司;公司,109.12109725328386,34.27250416441772,灞桥区,109.126263,34.271248
B0M6VDJBK2,尚锦艺家纺有限公司,公司企业;公司;公司,109.09676232029804,34.27015642751516,灞桥区,109.101925,34.26891
B0LKKANLR3,西安南汕水务科技有限公司,公司企业;公司;公司,109.0918796354575,34.23472310324644,灞桥区,109.097035,34.233462
B0KDNUQ6QM,中粮悦尚锦云物业部,公司企业;公司;公司,109.12256043482084,34.2671847122769,灞桥区,109.127725,34.265925
B0MBNOUK5G,大悦城控股集团物业服务有限公司西安分公司,公司企业;公司;公司,109.12187904615288,34.26768186006795,灞桥区,109.127044,34.266423
B0G14ME6Z4,西安鑫融达不锈钢工程有限公司,公司企业;公司;公司,109.0906688554606,34.23502637118364,灞桥区,109.095823,34.233765
B0LGH7M5VK,陕西鑫鑫视听广告文化传播有限公司,科教文化服务;传媒机构;传媒机构|公司企业;公司;公司,109.0982138243524,34.24133270023507,灞桥区,109.103375,34.240075
B0LRD766Z0,新艺不锈钢木制展示柜厂,公司企业;工厂;工厂,109.09220959014984,34.24298091064956,灞桥区,109.097366,34.241723
B0LU4CYR3J,西安万事如意商贸有限公司,公司企业;公司;商业贸易,109.08659533575414,34.27288632468025,灞桥区,109.091748,34.271638
B0MBFD61RY,西安君嘉立建筑工程有限公司,公司企业;公司;公司,109.11195655701428,34.27687254119701,灞桥区,109.117125,34.275625
B0KKKDQP9K,苏家营宇通仓库Y-1纳贝尔仓库,公司企业;公司;公司,109.085806446964,34.27195513529741,灞桥区,109.090958,34.270706
B0K1HAC4YY,陕西奥之祥建筑工程有限公司,公司企业;公司;建筑公司,109.09579374696126,34.23931460536454,灞桥区,109.100953,34.238056
B0LGYU3JAD,刘村钢构,购物服务;家居建材市场;建材五金市场|公司企业;公司;公司,109.1279123151731,34.24997418731998,灞桥区,109.133072,34.248702
B0FFHGNXB8,永辉超市(西安丰禾万达广场店),购物服务;超级市场;超市|公司企业;公司;公司,108.89383601867983,34.28280941314429,莲湖区,108.898421,34.281196
B0FFGC24S4,维美德造纸机械技术有限公司,公司企业;公司;机械电子,108.8457410351662,34.28338238261073,未央区,108.850365,34.281825
B001D0W8ZE,联发特钢,公司企业;公司;公司,108.86274570193191,34.28865843396648,莲湖区,108.867347,34.287076
B0HA2RQZ64,冰欣冷库,公司企业;公司;公司,108.86481013987031,34.2863392943082,莲湖区,108.869409,34.284753
B001D0W3CQ,东欣冷库,公司企业;公司;公司,108.89283142305308,34.30490045176604,未央区,108.897418,34.303297
B0FFMGA37P,白家口冷冻市场(方欣国际食品城店),公司企业;公司;公司,108.8865396326093,34.28947304784556,莲湖区,108.891125,34.287866
B0FFFSMWVF,西安北极冷藏有限公司(大兴西路),公司企业;公司;公司,108.85684139007262,34.29039089106514,莲湖区,108.86145,34.288818
B0FFGFS2PJ,陕建一建集团第六公司,公司企业;公司;建筑公司,108.88311035469258,34.28272153804376,莲湖区,108.887696,34.281114
B0IDPAR8RD,西安金盾押运有限公司,公司企业;公司;公司,108.84769898425976,34.28400853368841,未央区,108.85232,34.282448
B001D119XP,恒泰汽车服务连锁(西二环店),公司企业;公司;公司|汽车服务;汽车养护/装饰;汽车养护|汽车服务;洗车场;洗车场|汽车维修;汽车维修;汽车维修,108.88584839127466,34.27851524511628,莲湖区,108.890433,34.276904
B0FFI0AIAY,海天冷库,公司企业;公司企业;公司企业,108.89284028047848,34.30665866655478,未央区,108.897427,34.305056
B0FFLC2BW6,西安蓝天农垦休闲种植基地,公司企业;农林牧渔基地;其它农林牧渔基地,108.90480379252308,34.318478716508274,未央区,108.909397,34.31688
B0J12Z5M17,铭铖医药,公司企业;公司;医药公司,108.8600110418797,34.28203927717306,莲湖区,108.864615,34.280458
B0KR5SYQXQ,陕西禹刚安全服务有限公司,公司企业;公司;公司,108.89484041000016,34.28753571923339,莲湖区,108.899426,34.285924
B001D0ZN8Q,西安西联供热有限公司,公司企业;公司;公司,108.87826367752362,34.27775250044675,莲湖区,108.882851,34.276147
B0FFIAILRE,四联绿色新源,公司企业;公司;公司,108.85378821675113,34.291380604296045,莲湖区,108.858401,34.289813
B0FFFO5ZIY,陕西华威建材设备制造有限公司,公司企业;公司;公司,108.875885549278,34.28689831460433,莲湖区,108.880475,34.285299
B001D0ZRK4,西安骊山汽车制造有限公司,公司企业;工厂;工厂|汽车销售;汽车销售;汽车销售,108.86120960525264,34.280352749586214,莲湖区,108.865812,34.278769
B0FFH5OHY5,西安亨通石化有限公司,公司企业;公司;冶金化工,108.85697320955543,34.3195840296866,未央区,108.861584,34.318024
B0K09SZLTD,西安时鲜冷库,公司企业;公司;公司,108.88442855532212,34.284960560358016,莲湖区,108.889014,34.283353
B0FFKFHW4M,陕西旭恒医药有限责任公司,公司企业;公司;医药公司,108.8622925243578,34.28448956696186,莲湖区,108.866894,34.282906
B0FFIPISYV,西安网讯信息科技有限公司,公司企业;公司;公司,108.86465784048922,34.288057352694544,莲湖区,108.869257,34.286472
B001D0VYQK,东升冷拉,公司企业;公司;公司,108.87407948456558,34.28500322383465,莲湖区,108.87867,34.283405
B0KKPXXJHU,西安·兴丰绿色有机空间,公司企业;农林牧渔基地;其它农林牧渔基地,108.89453794329856,34.30672821265081,未央区,108.899125,34.305125
B0FFJRWECK,五三三仓库,公司企业;公司;公司,108.89993783403214,34.282639734716234,莲湖区,108.904525,34.281025
B001D0W0N9,中国中铁一局物资工贸有限公司,公司企业;公司;商业贸易,108.86693369505872,34.28148917721981,莲湖区,108.87153,34.279898
B0JGLRJD6K,花田嬉事共享农场,公司企业;农林牧渔基地;其它农林牧渔基地,108.88425869914408,34.31997086888156,未央区,108.888847,34.318379
B001D0VWTJ,西安长虹纸制品包装有限公司,公司企业;公司;公司,108.89022566095788,34.30473840540727,未央区,108.894812,34.303136
B0FFGH0OBY,陕西省胶合板厂,公司企业;工厂;工厂,108.84896338063508,34.27782830527315,未央区,108.853582,34.276263
B0MB4ZYAFM,西安淘宝仓,公司企业;公司;公司,108.85985564192644,34.32193232634529,未央区,108.864463,34.320369
B001D0Z5G8,陕西经久冷库,公司企业;公司;公司,108.8605941214108,34.289752855777735,莲湖区,108.865198,34.288174
B001D0W5MX,小北极冷库,公司企业;公司;公司,108.87345976425948,34.28839110238792,莲湖区,108.878051,34.286795
B0KBPD3OCR,陕西建工第二建设集团有限公司,公司企业;公司;建筑公司,108.89890621536269,34.296672601306675,未央区,108.903494,34.295064
B0FFICAKNF,西安顺亿无缝钢管钢材市场,公司企业;公司;公司,108.84990245549696,34.281723272714835,未央区,108.85452,34.280158
B0GK2UIHM1,陕西恒普医药有限公司,公司企业;公司;公司,108.8541223562472,34.28293975075123,莲湖区,108.858734,34.281368
B0FFGZK59R,科仪阳光检测(北二环),公司企业;公司;公司,108.89457380358388,34.29591001951771,未央区,108.89916,34.294302
B0FFI9HXVY,西安南风牙膏有限责任公司,公司企业;公司;公司,108.90075144106156,34.28204803009473,莲湖区,108.905339,34.280433
B0GD3A20Q9,陕建新型建设公司第三分公司,公司企业;公司;建筑公司,108.88494251317836,34.287060026699564,莲湖区,108.889528,34.285453
B0FFKD9FVG,西安双昆冷库,公司企业;公司企业;公司企业,108.88174388782704,34.3074836617582,未央区,108.886332,34.305888
B0K2T5YXZ1,陕西药源地医药有限公司,公司企业;公司;医药公司,108.87746999986967,34.280732498569186,莲湖区,108.882058,34.279129
B0FFH62T50,西安兴蓉环境发展有限责任公司,公司企业;公司;公司,108.85848127132026,34.29304726960357,莲湖区,108.863088,34.291473
B0FFF5YNAM,陕西新国实业发展有限公司,公司企业;公司;公司,108.8501139785282,34.27908273859604,未央区,108.854731,34.277516
B0FFFO6129,陕西地矿物资供销有限公司,公司企业;公司;公司,108.87770656494634,34.28781372435213,莲湖区,108.882295,34.286213
B0FFKK8NJM,龙门冷库,公司企业;公司企业;公司企业,108.87942781847846,34.283395199595915,莲湖区,108.884015,34.281791
B0FFFO5SCX,陕西煤化物资储运有限公司,公司企业;公司;公司|生活服务;物流速递;物流速递,108.85694816092628,34.2825374056182,莲湖区,108.861556,34.280961
B0K0SU73O0,西咸新区正源特种设备安全技术有限公司,公司企业;公司;公司,108.8943985147032,34.2875675725084,莲湖区,108.898984,34.285956
B0LAU531NW,西安市未央区长乐酉集农场,公司企业;农林牧渔基地;其它农林牧渔基地,108.88487093481294,34.318954773061435,未央区,108.889459,34.317362
B001D0WSMO,联合医疗仪器有限公司,公司企业;公司;医药公司,108.8801518618251,34.28708327186011,莲湖区,108.884739,34.28548
B0JULHLKSS,陕西怡悦国药大药房有限公司,公司企业;公司;医药公司,108.8561490700386,34.28310291574846,莲湖区,108.860758,34.281528
B0HA76XO9F,陕西宝易乐购供应链管理有限公司,公司企业;公司;公司,108.88115771940356,34.28179137304288,莲湖区,108.885744,34.280185
B0JRNXSJQD,陕西国泽药业有限公司,公司企业;公司;医药公司,108.86182328988838,34.280716485931855,莲湖区,108.866425,34.279132
B0FFGHFHYT,大唐冷库,公司企业;公司;公司,108.88203866479978,34.28672999972917,莲湖区,108.886625,34.285125
B0H1R58XYO,西安汉长安城文化发展(集团)有限公司,公司企业;公司;公司,108.8632913291512,34.300859886407274,未央区,108.867893,34.299282
B0FFLA8LIO,西安市莲湖环卫集团有限公司,公司企业;公司;公司,108.85914433332762,34.29010754405713,莲湖区,108.86375,34.288531
B0GU3SI6V4,博利轩全屋定制(明月弘城店),公司企业;公司;公司,108.90326665410618,34.29701455541374,未央区,108.907857,34.295406
B0FFLDDL1P,西安飞渡房车科技有限公司,公司企业;工厂;工厂,108.86116425056971,34.28410110326639,莲湖区,108.865767,34.282519
B0FFIL9A22,中上新能源,汽车服务;充电站;充电站|公司企业;公司;公司,108.8552537227925,34.32226807001082,未央区,108.859867,34.320712
B001D1388S,方欣集团,公司企业;公司;公司,108.89008503731426,34.287626822172584,莲湖区,108.89467,34.286017
B0FFH4WOXC,中兆海山,公司企业;公司;公司,108.89583309331626,34.325364988337434,未央区,108.900422,34.32377
B0IKK5VMHG,西安宇润供应链服务有限公司,公司企业;公司;公司,108.85611287802638,34.32213249451341,未央区,108.860725,34.320575
B0JRSHNGJH,念湖归民宿(三桥皂河地铁站店),公司企业;公司;公司,108.8463416252116,34.2875666571975,未央区,108.850965,34.28601
B0IDHCT5LG,西安威柯建筑科技有限责任公司,公司企业;公司;建筑公司,108.89822108517124,34.302110111449934,未央区,108.902809,34.300504
B0FFKRZHYK,陕西津华医药有限公司,公司企业;公司;公司,108.86126141274411,34.28350149859963,莲湖区,108.865864,34.281919
B0KGTA7CMM,陕西冰点冷链物流有限公司,公司企业;公司;公司,108.84972876362916,34.32432600341134,未央区,108.85435,34.32278
B001D08S0B,陕西呈霖医药有限公司,公司企业;公司;医药公司,108.86098434142482,34.28033842689385,莲湖区,108.865587,34.278755
B0FFHC0OUN,嘉洋仓库,公司企业;公司企业;公司企业,108.87473093447434,34.28505889726884,莲湖区,108.879321,34.28346
B0FFHCIT5D,陕西建工第一建设集团有限公司装饰公司,公司企业;公司;公司,108.88615116476296,34.282031967039515,莲湖区,108.890736,34.280422
B0FFGFQAMD,陕西兴泰实业有限公司,公司企业;公司;公司,108.86767816663324,34.32190619918031,未央区,108.872277,34.320332
B0LRBHNFHO,西安扶元生物科技有限公司,公司企业;公司;公司,108.86232277235425,34.281833732599715,莲湖区,108.866924,34.280249
B0GDRSCPBY,陕西悠可商贸有限公司,公司企业;公司;商业贸易,108.8607779344573,34.31963376129026,未央区,108.865384,34.318068
B0H2D7F270,陕西经久化工有限公司,公司企业;公司;冶金化工,108.86077837424942,34.28933330683898,莲湖区,108.865382,34.287754
B0FFJ0OF62,拓展图文广告(丰禾万达广场店),公司企业;公司;广告装饰|生活服务;摄影冲印店;摄影冲印,108.89578950658952,34.28303988826327,莲湖区,108.900375,34.281426
B0FFGC2PSL,陕西省储蓄物资管理局五三三厂,公司企业;公司企业;公司企业,108.90354263000532,34.282445799722964,莲湖区,108.908132,34.280831
B001D0W1EE,西安市未央区自强养殖场,公司企业;农林牧渔基地;其它农林牧渔基地,108.90428259433668,34.31347608680023,未央区,108.908875,34.311875
B0FFLM87DQ,陕西杰晨机电设备有限公司,公司企业;公司;机械电子,108.84993744239723,34.31972051081993,未央区,108.854558,34.318172
B0GDR1EKXE,熙熙库房,公司企业;公司;公司,108.9048521854774,34.32555340121307,未央区,108.909446,34.323958
B0LASU4RJ2,唐寨农场,公司企业;农林牧渔基地;其它农林牧渔基地,108.89823605776104,34.31481537550306,未央区,108.902825,34.313215
B0KRM14D96,安井冷库,公司企业;公司;公司,108.8847724399358,34.287468733939335,莲湖区,108.889358,34.285862
B0FFFFYMQK,西安九洲医药有限责任公司,公司企业;公司;医药公司,108.86014708784062,34.2835098582315,莲湖区,108.864751,34.281929
B0L6Z5XX3O,西安篷程户外用品有限公司,公司企业;公司;公司,108.8671606981043,34.32151871373739,未央区,108.87176,34.319945
B001D0VYHI,西安高源高压电器制造有限公司,公司企业;公司;公司,108.89016077286264,34.303360988988615,未央区,108.894747,34.301758
B0FFH14Q71,陕西星宇医疗器械有限公司,公司企业;公司;医药公司,108.85541411618888,34.28282087206148,莲湖区,108.860024,34.281247
B0K1GRRUU0,鑫胜园室内大棚,公司企业;农林牧渔基地;其它农林牧渔基地,108.90536680800606,34.31271728130453,未央区,108.90996,34.311116
B0FFKFJY7T,东查奶牛场二手厨具库,公司企业;公司;公司,108.90043432050388,34.32307176452494,未央区,108.905025,34.321475
B0FFIN9OIN,万科物业幸福驿站,公司企业;公司;公司,108.852927168834,34.289527997574694,莲湖区,108.857541,34.287961
B0FFIB7S6L,西安欣和豆制品有限责任公司,公司企业;公司企业;公司企业,108.9049724454222,34.308715160785866,未央区,108.909565,34.307112
B0FFHSLKWH,陕西刘国锋中医药科技开发有限公司,公司企业;公司;医药公司,108.9043444564544,34.31461055971188,未央区,108.908937,34.31301
B0HU6533JC,华庆糖果10号库,公司企业;公司企业;公司企业,108.88130526827172,34.325499995062124,未央区,108.885895,34.323913
B0HA354RZK,西安轮行天下,公司企业;公司;公司,108.85571268568664,34.293115939227945,莲湖区,108.860323,34.291546
B0FFHZT8XP,陕西同一医药连锁有限责任公司库房,公司企业;公司;公司,108.86103012585104,34.283690081601605,莲湖区,108.865633,34.282108
B0FFGPJFWR,陕西健源医药有限公司,公司企业;公司;公司,108.8659276223583,34.28231450509351,莲湖区,108.870525,34.280725
B0K09H2ECO,卫斯理(西安)运营中心,公司企业;公司;公司|购物服务;专卖店;专营店,108.84815423390108,34.28943400521835,未央区,108.852775,34.287875
B0I1V5XEM9,水司五厂,公司企业;公司;冶金化工,108.87441049370229,34.28779139127274,莲湖区,108.879001,34.286194
B0KAAH7ZFH,益发烘焙原料库房,公司企业;公司;公司,108.87013743330752,34.2842740215254,莲湖区,108.874731,34.28268
B0FFILL0J3,兴博汽车,公司企业;公司;公司|汽车维修;汽车维修;汽车维修|汽车服务;汽车服务相关;汽车服务相关,108.88173841989246,34.28837905242499,莲湖区,108.886325,34.286775
B0K3BSKXFK,西安左右手安装服务公司,公司企业;公司;公司,108.8648203768614,34.320817930917215,未央区,108.869422,34.319247
B0IBT77PU8,西铁局西安机务段西折返段救援基地,公司企业;公司;公司,108.88655141343096,34.2797661738371,莲湖区,108.891136,34.278155
B0JAVA27NK,西安宏德盛建筑设备租赁有限公司,公司企业;公司;建筑公司,108.88037894161114,34.3246995894389,未央区,108.884969,34.323113
B0J04H323B,西安晨亦鑫数字供应链有限公司,公司企业;公司;公司,108.86462285952248,34.32464386915408,未央区,108.869225,34.323075
B0FFLNVVTJ,西安乐天儿包装有限公司,公司企业;公司;公司|购物服务;文化用品店;文化用品店,108.8981003322152,34.32456082468314,未央区,108.90269,34.322965
B0FFLIQSOA,玉米库房,公司企业;公司;公司,108.88266694162073,34.28604978564763,莲湖区,108.887253,34.284444
B0LGFUJ1HM,陕西珩亿贸易有限公司,公司企业;公司;商业贸易,108.89576412544618,34.312784810051646,未央区,108.900352,34.311184
B0FFJHEXT0,西安绿友园林机械有限公司,公司企业;公司;公司,108.85390703682026,34.283232278622684,莲湖区,108.858519,34.281661
B0H6BAENJV,臻鑫广告图文(大兴新区店),公司企业;公司;广告装饰,108.89819731292953,34.286949710828004,莲湖区,108.902784,34.285337
B0L369AK4C,陕西鼎信卓诚机械设备租赁有限公司,公司企业;公司;公司,108.8499214329986,34.31954556500336,未央区,108.854542,34.317997
B0FFI22KQH,塑料包装定制,购物服务;专卖店;专营店|公司企业;公司;公司,108.86804625077156,34.28790288621817,莲湖区,108.872642,34.286313
B0HRXASQ3Q,西安领程机电工程有限公司,公司企业;公司;公司,108.90536622143222,34.30758261052856,未央区,108.909959,34.305979
B0IUVHOHFD,瑰宝股份华优环境(复合风管工厂),公司企业;公司;公司,108.85634461816224,34.316738364644216,未央区,108.860956,34.315178
B0JDPSX0ID,潼永福生饼加工厂,公司企业;工厂;工厂,108.8620876341176,34.31749665176185,未央区,108.866692,34.315928
B0FFLC2OD7,中铁建设集团有限公司(西北分公司),公司企业;公司;建筑公司,108.89257918504416,34.28341070635753,莲湖区,108.897164,34.281798
B0K3DCQUMC,陕西百咖乐咖啡商贸有限公司,公司企业;公司;公司,108.8886396409945,34.292182114386286,莲湖区,108.893225,34.290575
B0L1PR7QW6,西安市汉长城保护区秦塬面粉加工厂,公司企业;工厂;工厂,108.89702475074375,34.32464259651471,未央区,108.901614,34.323047
B0I0SRIV77,陕西龙伟通信工程有限公司库房,公司企业;公司;公司,108.90306509967968,34.318085074654924,未央区,108.907657,34.316486
B0FFLKLUF4,西安路辉机电有限公司,公司企业;公司;公司,108.86178176504102,34.32391721965182,未央区,108.866387,34.322352
B0J14HYQO0,陕西古城石油化工有限责任公司,公司企业;公司;冶金化工,108.8531022329133,34.31658223607491,未央区,108.857718,34.315027
B0FFKLANB4,经久冷库,公司企业;公司企业;公司企业,108.87939047370617,34.287464435893945,莲湖区,108.883978,34.285862
B0JB1AC9OT,陕西天佑医疗器械有限公司,公司企业;公司;公司,108.86243495943133,34.28109220462981,莲湖区,108.867036,34.279507
B0FFGB9D14,常庄商贸有限公司,公司企业;公司;商业贸易,108.8831962323071,34.284585814297536,莲湖区,108.887782,34.282979
B0MAGAXR6U,陕西建工新型建设有限公司,公司企业;公司;建筑公司,108.88502455096727,34.28682618311454,莲湖区,108.88961,34.285219
B0H0S50PZL,西安海元化工有限公司,公司企业;公司;公司,108.8703605910597,34.2847021084743,莲湖区,108.874954,34.283108
B0FFGN2OK2,西安天长实业有限公司,公司企业;公司;公司,108.86767886891973,34.288314241638915,莲湖区,108.872275,34.286725
B001D0W2DE,西安市未央区绿环肉牛养殖基地,公司企业;农林牧渔基地;其它农林牧渔基地,108.89627865206398,34.31665815680096,未央区,108.900867,34.315059
B0L0ZAEAOH,西安鑫程商贸有限公司,公司企业;公司;公司,108.86462508691196,34.321849183126226,未央区,108.869227,34.320279
B0GUGH0ZRY,西安雅莱斯活动房有限公司,公司企业;公司;公司,108.85289985233682,34.31778934697303,未央区,108.857516,34.316235
B0KRM1XMDL,华胜冷库,公司企业;公司;公司,108.88043793775054,34.28772824368028,莲湖区,108.885025,34.286125
B0I11A6YY7,盛邦广告·门头·发光字·灯箱·会展广告,公司企业;公司;广告装饰,108.89904650912004,34.29219556687217,莲湖区,108.903634,34.290585
B001D0W2UR,西安市未央区未央宫养护所,政府机构及社会团体;政府机关;区县级政府及事业单位|公司企业;公司;公司,108.89204331832852,34.30749797654564,未央区,108.89663,34.305896
B0LUUAQL08,四川滴涎食品科技有限公司西安分公司,公司企业;公司;公司,108.89713977369613,34.28648672663263,莲湖区,108.901726,34.284874
B0LAO7PBVB,陕西商储医药物流有限公司,生活服务;物流速递;物流速递|公司企业;公司;公司|商务住宅;产业园区;产业园区,108.8773579420512,34.2806544229217,莲湖区,108.881946,34.279051
B0JBP97GL7,陕西中飞光电科技有限公司,公司企业;公司;公司,108.8760156710775,34.32374293903811,未央区,108.880608,34.32216
B0FFJNDQ2L,陕西忠通商贸有限公司,公司企业;公司企业;公司企业,108.87328791022009,34.3223197104115,未央区,108.877882,34.320739
B0LGB75TUN,陕西豫皖实业有限公司,公司企业;公司;公司,108.90193393561998,34.31692465395751,未央区,108.906525,34.315325
B0GKOD6UQA,西安冰海供应链管理有限公司,公司企业;公司;公司,108.89353883696758,34.32314534784553,未央区,108.898127,34.32155
B0LB5UQW2D,西塑料厂西院,公司企业;公司;冶金化工,108.8599703076694,34.290552588696336,莲湖区,108.864575,34.288975
B0KDGSGW6H,漱玉医药物流(陕西)有限公司仓库,公司企业;公司;公司,108.87693663425226,34.281427686361326,莲湖区,108.881525,34.279825
B0FFJFUFUT,陕西引领汽车配件有限公司,公司企业;公司企业;公司企业,108.8507469275854,34.29116367320958,未央区,108.855364,34.289601
B0J0T5UQ4J,陕西景凯机械工程建设有限公司,公司企业;公司;公司,108.89477187718364,34.31928354541839,未央区,108.89936,34.317686
B0K2HLM1ZI,陕西嘉通易联能源石化有限公司,公司企业;公司;冶金化工,108.85167699867058,34.319298627339336,未央区,108.856295,34.317747
B0K6M7I14C,西安信捷机械维修有限公司,公司企业;公司;公司,108.89787790677651,34.318569588068826,未央区,108.902467,34.316971
B0KGUSSCM4,陕西泰鼎警用装备有限公司,公司企业;公司;公司,108.86774535516356,34.32036100606815,未央区,108.872344,34.318786
B0HR3DCJPJ,陕西延长石油金石钻采设备有限公司,公司企业;公司;公司,108.87425895512382,34.28072322476276,莲湖区,108.878849,34.279123
B0MGJDCGCD,味滋香火锅底料底料工厂(西安分公司),公司企业;公司;公司,108.89324081456284,34.28674353702833,莲湖区,108.897826,34.285132
B0KD2POKWQ,慧豪鱼缸厂,公司企业;工厂;工厂,108.85062098004138,34.32543698791668,未央区,108.855241,34.32389
B0LBDDWSZ6,晟兴农场采摘,公司企业;农林牧渔基地;其它农林牧渔基地,108.88166165571609,34.30998046649729,未央区,108.88625,34.308386
B0FFGN75OI,西安鑫强医疗器械有限公司,公司企业;公司;公司,108.85457698053033,34.2828975014046,莲湖区,108.859188,34.281325
B0FFHSMJTF,陕西和谐安保服务有限公司,公司企业;公司;公司,108.9051387955726,34.302717825089736,未央区,108.909731,34.301112
B0I0AUAQF4,陕西云海围挡租赁批发有限公司,公司企业;公司;公司,108.87924911362016,34.31598465037729,未央区,108.883839,34.314395
B0GRHCXBJT,开瑞新能源,公司企业;公司;公司|汽车销售;汽车销售;汽车销售,108.86529865601698,34.32357728804437,未央区,108.8699,34.322007
B0KROHVID8,陕西仁安医药有限公司,公司企业;公司;医药公司,108.87739895248602,34.280817394217806,莲湖区,108.881987,34.279214
B0FFGJ8KJM,兴联仓库,公司企业;公司;公司,108.86888826600334,34.284986188231194,莲湖区,108.873483,34.283394
B0FFL4YTEN,大新医药有限责任公司,公司企业;公司;公司,108.89597747721858,34.28268508470633,莲湖区,108.900563,34.281071
B0KG7U0TKI,西安宝帆家具有限公司,公司企业;公司;公司,108.89990727975672,34.31463164607372,未央区,108.904497,34.313031
B0L0Z5FHCM,西安坤思特机械租赁有限公司,公司企业;公司;公司,108.89795282200969,34.28189281758987,莲湖区,108.902539,34.280278
B0KDF18LE9,恒越冷链,公司企业;公司;公司,108.87902912011396,34.31454211389667,未央区,108.883619,34.312952
B0G0N7XJPC,西安大秦香食品有限公司,公司企业;公司;公司,108.85957003499053,34.32514439210398,未央区,108.864178,34.323583
B0M63Z771S,国蜂控股,公司企业;公司企业;公司企业,108.89561356470176,34.28296987287113,莲湖区,108.900199,34.281356
B0MGFA55FX,西安合飞阳塑料制品有限公司,公司企业;公司;公司,108.89598340594613,34.32089812028539,未央区,108.900572,34.319301
B0HGCAGWE3,西安华捷建筑工程有限公司,公司企业;公司;公司,108.84800147508643,34.320769711915254,未央区,108.852625,34.319225
B0K6C6TVD4,西安味彩食品有限公司,公司企业;公司;公司,108.89487638862946,34.28768766472832,莲湖区,108.899462,34.286076
B0FFK54HAX,西安创业土不粘工程有限公司总部,公司企业;公司企业;公司企业,108.85032554457544,34.32549746163565,未央区,108.854946,34.323951
B0LKO7GRXV,西安润悦无忧安全技术服务有限公司,公司企业;公司;公司,108.8947587938644,34.295466268721746,未央区,108.899345,34.293858
B0KBGD9WPI,创维光伏,公司企业;公司;公司,108.87391416462876,34.32484321236921,未央区,108.878508,34.323263
B0L2LUOEWU,聚联仓储,公司企业;公司;公司,108.8531727701492,34.32354011419272,未央区,108.857789,34.321988
B0I3ZSVQDX,西安好特供应链管理有限公司,公司企业;公司;公司,108.88978871638878,34.30410547354233,未央区,108.894375,34.302503
B0FFLAHYXA,西安北浦商贸有限公司,公司企业;公司;商业贸易,108.88813266284448,34.29147413839169,莲湖区,108.892718,34.289867
B0L33S9TL0,枣相依果业有限公司库房,公司企业;公司;公司,108.86994464415214,34.27956377251162,莲湖区,108.874538,34.277968
B0KANGO6OA,陕西地矿第六地质队有限公司,公司企业;公司;公司,108.87796874117322,34.287427139481444,莲湖区,108.882557,34.285826
B0G0D59JG7,陕西省建筑构件公司,公司企业;公司;公司,108.88504253303172,34.28710107812524,莲湖区,108.889628,34.285494
B0LBRDJ070,强功厂房区,公司企业;公司企业;公司企业,108.86612444121828,34.324346030661886,未央区,108.870725,34.322775
B0LK4CX0TV,西安润鑫库房(中钢西重19号院店),公司企业;公司;公司,108.8723786930127,34.27908383259204,莲湖区,108.87697,34.277485
B0J2M5MNQ7,壹所设计工作室,公司企业;公司;广告装饰,108.84640370620367,34.28774668883752,未央区,108.851027,34.28619
B0H2NLITWA,汉湖天璟营销中心,公司企业;公司;公司,108.89328393399784,34.28516222576978,莲湖区,108.897869,34.28355
B0LKRR6SR5,陕西寰宇永灿消防安全技术有限责任公司,公司企业;公司;公司,108.86594656241664,34.32059854890056,未央区,108.870547,34.319026
B0LANHU1PU,陕西食汇千味食材供应链管理有限公司,公司企业;公司;公司,108.88593988552296,34.28503356010061,莲湖区,108.890525,34.283425
B0FFM538AT,西冶科技集团股份有限公司,公司企业;工厂;工厂,108.8962513632592,34.28301401101368,莲湖区,108.900837,34.2814
B0HRTZ6QVK,西安蜀湘红食品有限公司,公司企业;公司;公司,108.88165048116542,34.324541730314,未央区,108.88624,34.322954
B0LDSZMN27,西安新乐盛医药有限公司,公司企业;公司;公司,108.85982068514495,34.28360533262331,莲湖区,108.864425,34.282025
B0LA652CO8,中物语托盘地牛缠绕膜中心仓,公司企业;公司;公司,108.85829884320964,34.32034671827804,未央区,108.862908,34.318785
B0JU9C49Q0,陕西鑫航博钢铁,购物服务;家居建材市场;建材五金市场|公司企业;公司;公司,108.89151620003388,34.30961879756159,未央区,108.896103,34.308018
B0JRZ55N3T,鑫龙广告,公司企业;公司;公司,108.87765049258586,34.28832345236839,莲湖区,108.882239,34.286723
B0JKBMA8IR,陕西群体涌现电梯集团有限公司,公司企业;公司;公司,108.89595447460842,34.28280702760012,莲湖区,108.90054,34.281193
B0L3A1XVBM,陕西汇安通特种设备检测有限公司,公司企业;公司;公司,108.89482941206924,34.287544712175006,莲湖区,108.899415,34.285933
B0LG7GZ5PI,如通植物油甲醇灶具厂,公司企业;工厂;工厂,108.90416862329216,34.314177778463495,未央区,108.908761,34.312577
B0K21HXQ29,西安甄牛供应链,公司企业;公司;公司,108.8853785158654,34.288240819453,莲湖区,108.889964,34.286634
B0I1TOG98L,西安益帆钢管有限公司,公司企业;公司;公司,108.84956994899188,34.28193262013066,未央区,108.854188,34.280368
B0L2H1B3OL,陕西金沁鑫建设工程有限公司,公司企业;公司;建筑公司,108.85376018314106,34.31613151634646,未央区,108.858375,34.314575
B001D08T4E,西安准星衡器厂,公司企业;工厂;工厂,108.90278337226844,34.27974298678231,莲湖区,108.907372,34.278127
B0FFIOT9MR,西安沃尔电力工程有限公司,公司企业;公司;公司,108.89680357386209,34.2905009381077,莲湖区,108.90139,34.28889
B0LU27TF6P,陕西天通瑞电力科技有限公司(南徐寨库房),公司企业;公司;公司,108.86832498150882,34.31937320154546,未央区,108.872923,34.317797
B0HRUNCRGM,西安双盛电线电缆有限责任公司,公司企业;公司;公司,108.88195262017643,34.31179387797532,未央区,108.886541,34.3102
B0J0H5VKOY,万徽智慧空间(陕西)企业管理有限公司,公司企业;公司;公司,108.89706574178268,34.28722639641876,莲湖区,108.901652,34.285614
B0FFG21NY6,西安博大酒店用品有限公司,公司企业;公司;公司,108.88620959863198,34.28921394929756,莲湖区,108.890795,34.287607
B0JA3UUPK2,曹操出行(西安)官方运营中心,公司企业;公司;公司|汽车服务;汽车服务相关;汽车服务相关,108.87621761775458,34.28864890257763,莲湖区,108.880807,34.28705
B0KD1RG9XU,陕西徕雅新能源科技有限公司,公司企业;公司;公司,108.86815461190756,34.28467739815411,莲湖区,108.87275,34.283086
B0ID9R34RZ,仙达源西冷,公司企业;公司;公司,108.88687767912631,34.28952523595378,莲湖区,108.891463,34.287918
B0FFFTIELC,嘉禾化工,公司企业;公司;冶金化工|购物服务;专卖店;专营店,108.87037832703643,34.288177648069755,莲湖区,108.874972,34.286585
B0KAJCUN8A,阿山钻探物资钻机配件,公司企业;公司企业;公司企业,108.89650422957708,34.320976205008215,未央区,108.901093,34.319379
B0KA27I8QT,陕西柏岳家具有限公司,公司企业;公司;公司,108.86307467696108,34.28111110305903,莲湖区,108.867675,34.279525
B0G30ZJJA3,西安博采唐安包装有限公司,公司企业;公司;公司,108.87366210401488,34.32333164809897,未央区,108.878256,34.321751
B0FFH62T7P,西部超导材料科技股份有限公司,公司企业;公司;公司,108.92246323858176,34.32164478853045,未央区,108.927079,34.320057
B0J605ESYQ,未央城建集团,公司企业;公司;建筑公司,108.94179385432038,34.30623670361251,未央区,108.946452,34.304668
B0I2FHLDEB,西安明珠家居,购物服务;家居建材市场;家具城|公司企业;公司;公司,108.95435433089092,34.31071063216922,未央区,108.959051,34.309169
B0FFG0CFFR,陕西省天然气股份有限公司,公司企业;公司;公司,108.94846296130768,34.312540272825665,未央区,108.953141,34.310987
B0FFFT08KG,陕西送变电工程有限公司,公司企业;公司;公司,108.92242247675668,34.282387267415984,莲湖区,108.927035,34.280782
B0FFH0EUSQ,西安公交六公司,公司企业;公司;公司,108.9453596389537,34.30760457547977,未央区,108.950028,34.306043
B001D0WEKK,西安秦华天然气(凤城一路营业厅),公司企业;公司;公司|生活服务;生活服务场所;生活服务场所,108.94874986352264,34.31521746788431,未央区,108.953429,34.313666
B0H2YRYE6L,西安城投集团,公司企业;公司;公司,108.93225801905456,34.315941183328725,未央区,108.936893,34.314362
B0HA6OG4QV,业之峰装饰集团(西安未央分公司),公司企业;公司;广告装饰|生活服务;生活服务场所;生活服务场所,108.91921684895333,34.306401563391134,未央区,108.923826,34.304804
B001D0W1R2,中国石油长庆油田公司,公司企业;公司;冶金化工,108.93044269291887,34.320373532464245,未央区,108.935074,34.318794
B0FFHIJG6C,华电陕西能源有限公司,公司企业;公司;公司,108.9079677670998,34.29715766635482,未央区,108.912562,34.29555
B001D09IJE,西安迪赛生物药业有限责任公司(红庙坡路),公司企业;公司;医药公司,108.92835762866471,34.2892190550135,莲湖区,108.932982,34.287623
B001D07IP5,西安客运段(环城北路东段),公司企业;公司;公司,108.95589278886573,34.27887005827812,新城区,108.960592,34.277318
B0FFGFVE2S,中粮可口可乐饮料(陕西)有限公司,公司企业;公司;公司,108.93686683234978,34.318184419824924,未央区,108.941513,34.316613
B001D0Z4NY,峰光无限装饰公司(北郊总部),公司企业;公司;广告装饰|购物服务;家居建材市场;家居建材市场,108.9498058502916,34.31207974821313,未央区,108.954488,34.310529
B0FFFO3KL9,西安市公交集团,公司企业;公司;公司,108.91991221012476,34.31303400021001,未央区,108.924523,34.31144
B0H69ULG3G,西门子信号有限公司,公司企业;公司;公司,108.9259451124453,34.318156894925394,未央区,108.930567,34.316571
B0FFHSLNF1,西安市自来水公司城北供水服务分公司,公司企业;公司;公司,108.91915656059696,34.323547735185954,未央区,108.923767,34.321958
B0JBTH76I0,陕建工程七部,公司企业;公司;公司,108.91200146849842,34.32217883326666,未央区,108.916602,34.320584
B001D0WN60,大明宫遗址区保护改造办公室,政府机构及社会团体;政府机关;区县级政府及事业单位|公司企业;公司;公司,108.9571871879454,34.30579343055896,未央区,108.961893,34.304256
B0M6SS2PBS,陕西华图文景基地,公司企业;公司;公司,108.9295974214834,34.32148708283665,未央区,108.934227,34.319907
B0FFHK7R3E,陕西美惠欧莱福体检管理有限公司,公司企业;公司;公司,108.91922791548023,34.30536102149946,未央区,108.923837,34.303763
B001D0W5RS,西安海镁特镁业有限公司,公司企业;公司;冶金化工,108.92395240902552,34.323739369487605,未央区,108.928571,34.322154
B001D08043,西安中勘工程有限公司,公司企业;公司;公司,108.94839371259404,34.29363883139839,莲湖区,108.95307,34.292077
B0LKYU3N4E,信达锦华颂项目部,公司企业;公司;公司,108.93416170931714,34.302316677545534,未央区,108.9388,34.300734
B0JAV51DOE,成山农场(朱宏路店),公司企业;农林牧渔基地;其它农林牧渔基地|购物服务;购物相关场所;购物相关场所,108.92269730482262,34.303352917594985,未央区,108.927312,34.301757
B0FFFSLIT4,公交六公司,公司企业;公司;公司,108.91841956971597,34.30035187280931,未央区,108.923027,34.298751
B0FFHUY2LO,陕西秦源工程项目管理有限公司,公司企业;公司;公司,108.93623346540453,34.2804640381346,莲湖区,108.940875,34.278875
B001D0W5JZ,西安市出租汽车集团,公司企业;公司;公司,108.9283520220988,34.32161154413401,未央区,108.932979,34.32003
B0FFF6563D,西安市热力集团有限责任公司,公司企业;公司;公司,108.9443672441746,34.31089095033693,未央区,108.949033,34.309329
B0FFF6564H,陕建华山建设集团,公司企业;公司;建筑公司,108.95919779398152,34.31102535320505,未央区,108.963911,34.309495
B0K6VZTY0S,一带一路银发经济产业园,公司企业;工厂;工厂,108.96193054954018,34.280942901038955,新城区,108.966651,34.279406
B0GU7HFJ61,西安宝光智能电气有限公司,公司企业;公司;公司,108.9326747722779,34.31960491707524,未央区,108.937311,34.318028
B001D08000,水电十五局第二工程公司,公司企业;公司;建筑公司,108.91931539318476,34.3101338008586,未央区,108.923925,34.308538
B001D0WG4L,西安市政道桥建设集团有限公司第六工程公司,公司企业;公司;建筑公司,108.9183613140254,34.27979876464528,莲湖区,108.922967,34.278189
B0L6ZZ2O24,陕西中金司法鉴定中心,公司企业;公司企业;公司企业,108.94078947898625,34.31992219225449,未央区,108.945446,34.318358
B0IG2Z4N15,墨格电竞馆(龙首原店),体育休闲服务;娱乐场所;网吧|公司企业;公司企业;公司企业,108.94518521099216,34.29452370131171,莲湖区,108.949852,34.292956
B0KUNCL64F,大明宫建材股份商业运营中心,公司企业;公司;公司,108.96244610895084,34.31239385127717,未央区,108.967171,34.310872
B0KKCH6CXB,西安思库奥莱·家居工场,公司企业;公司;公司,108.92546917518732,34.31632225484389,未央区,108.93009,34.314735
B001D017E1,西菱输变电设备制造有限公司,公司企业;公司;公司,108.93399466149964,34.320125816462266,未央区,108.938634,34.318551
B0JARU7IBL,西安排水集团有限公司泵站运维中心,公司企业;公司企业;公司企业,108.91833937860616,34.27941094343406,莲湖区,108.922945,34.277801
B0FFHBB7QK,德富祥,购物服务;综合市场;农副产品市场|购物服务;专卖店;专营店|公司企业;公司;公司,108.92651318274268,34.29119632951748,莲湖区,108.931134,34.289599
B0JUCBRSIY,西安供电段抢修基地,公司企业;公司;公司,108.94948740961372,34.28055420081824,新城区,108.954166,34.278989
B0GR5H3VEV,南玉丰老雷家粉丝厂,公司企业;工厂;工厂,108.90756687056694,34.32541991569388,未央区,108.912163,34.323825
B001D0W2QI,大明宫实业集团,公司企业;公司;公司,108.96400242664802,34.31244794253688,未央区,108.968733,34.31093
B0JU3C19ZP,长庆油田分公司数字和智能化事业部,公司企业;公司;公司,108.94974997651566,34.32492990711318,未央区,108.954433,34.323385
B001D096CB,西安长庆化工集团有限公司,公司企业;公司;冶金化工,108.93805134865666,34.32410678361762,未央区,108.942701,34.32254
B0FFHSISJM,中国电信龙首电信局,公司企业;公司;电信公司,108.94335781635434,34.289998048026895,莲湖区,108.948019,34.288425
B0FFIJUIZ4,陕西新华书店教材发行基地,公司企业;公司;公司,108.92064501167432,34.30071393029362,未央区,108.925256,34.299115
B0FFLBXYVY,龙岗快印广告,公司企业;公司;广告装饰|生活服务;生活服务场所;生活服务场所,108.93952886605116,34.319651449989486,未央区,108.944182,34.318085
B001D0968T,西安方园工贸有限公司,公司企业;公司;商业贸易,108.92730615058628,34.32161376670909,未央区,108.931931,34.320031
B001D01668,果品冷库批发市场,公司企业;公司;公司,108.9306283463083,34.28256206777222,莲湖区,108.935257,34.280966
B0FFHTVVKF,西安市公共交通集团有限公司第六分公司(西区),公司企业;公司;公司,108.91946392896207,34.300580962773246,未央区,108.924073,34.298981
B0FFFT9NGI,西安电力设计院有限公司,公司企业;公司;公司,108.94209798008173,34.28204969275873,莲湖区,108.946755,34.280471
B0LB95WB9M,泰惠融,公司企业;公司;公司,108.91930779021726,34.30535795984839,未央区,108.923917,34.30376
B0FFGC194M,陕西钢铁集团有限公司,公司企业;公司;公司,108.93793659297144,34.31239539228873,未央区,108.942585,34.310823
B0L0GS2QAX,卓翔财税(代理记账.财务审计.注册公司),公司企业;公司;公司,108.94437326887989,34.29807566800357,未央区,108.949038,34.296508
B0LDF5W19M,LED显示屏音视频西北运营中心,公司企业;公司;公司,108.9434332601252,34.31882702408412,未央区,108.948097,34.317267
B0HUHHKKEJ,陕西鼎合报废汽车回收拆解有限责任公司莲湖分公司,公司企业;公司;公司,108.91046265233828,34.29181115551412,莲湖区,108.915059,34.290202
B0FFGC4NP0,北稍门彩印标牌市场,公司企业;公司;广告装饰|购物服务;综合市场;综合市场,108.94394153304724,34.28541194207208,莲湖区,108.948604,34.283838
B0LAKLNDGB,陕西华远医药集团有限公司,公司企业;公司;医药公司,108.92615562362144,34.28200264592994,莲湖区,108.930775,34.280401
B0LGMLFHJJ,中铁一局农兴路周边改造(保回迁)项目就地安置区EPC工程总承包项目经理部,公司企业;公司;公司,108.93868860286874,34.28837180305451,莲湖区,108.943337,34.28679
B0FFF659TK,西安市市政建设(集团)有限公司机械化施工分公司,公司企业;公司;建筑公司,108.91836944930924,34.29038226212,莲湖区,108.922976,34.288777
B001D0W1NM,西安市未央区新兴养殖场,公司企业;农林牧渔基地;其它农林牧渔基地,108.90646188378768,34.325192285900584,未央区,108.911057,34.323597
B001D07XD3,陕西地矿第二综合物探大队有限公司,科教文化服务;科研机构;科研机构|公司企业;公司;公司,108.9486080617608,34.293575427406346,莲湖区,108.953285,34.292014
B0FFK2M87B,中国铁路西安局集团有限公司西安房建公寓段,公司企业;公司企业;公司企业,108.95544088695146,34.28404090524202,新城区,108.960139,34.28249
B0GKJ9ZBX6,欧文美学半永久纹眉纹绣(老三届首座大厦店),生活服务;美容美发店;美容美发店|公司企业;公司企业;公司企业,108.94193427814626,34.296259879069545,未央区,108.946592,34.294687
B001D09KB5,众信医药超市(西安二分店),公司企业;公司;公司,108.91224637248308,34.282509357654135,莲湖区,108.916844,34.280897
B001D09P7G,中国中车,公司企业;公司;公司,108.93363339782792,34.32151468491453,未央区,108.938272,34.31994
B0MBYH5DIG,中国电信(诺比通讯老城根店),公司企业;公司;电信公司,108.9102563007531,34.286525505359364,莲湖区,108.914852,34.284914
B0K2UZU9UG,超导产业创新中心项目部,公司企业;公司;公司,108.92294555375302,34.319618278061576,未央区,108.927562,34.31803
B0LGP1R8FN,武商餐饮·陕菜传承,公司企业;公司;公司,108.9428659416607,34.28085282653944,莲湖区,108.947525,34.279275
B0FFGLBQ5F,西安市政道桥建设集团有限公司第五工程公司,公司企业;公司;建筑公司,108.9172706300654,34.28365592975385,莲湖区,108.921875,34.282047
B0FFHSHXFH,陕西省汽车工业贸易集团有限公司,公司企业;公司;商业贸易,108.92435333440184,34.2907648145204,莲湖区,108.92897,34.289165
B0FFH1U3UH,西安恒基物资租赁有限公司,公司企业;公司;公司,108.91830296915906,34.28518253662487,莲湖区,108.922909,34.283575
B0LGDSDYN0,兴荣图文广告,公司企业;公司;广告装饰,108.92347386233354,34.29171028303773,莲湖区,108.928089,34.29011
B0MG7UHTU3,西安猫狗宠物市场基地,公司企业;公司企业;公司企业,108.94059333474864,34.29125838016974,莲湖区,108.945247,34.289681
B0JAXGVOKK,容翼空间(利君V时代店),公司企业;公司企业;公司企业,108.94318329534748,34.31476935057457,未央区,108.947846,34.313207
B0FFL6CSMX,陕西天安恒发实业有限责任公司,公司企业;公司;公司,108.96197164520878,34.27796804519356,新城区,108.966692,34.27643
B0FFGC2TGX,西安今朝装饰(未央店),公司企业;公司;广告装饰,108.96509225719475,34.314204378989714,未央区,108.969827,34.31269
B0HRJ6JNAQ,蕾特恩专业祛痘国际连锁(图书馆店),生活服务;美容美发店;美容美发店|公司企业;公司;公司,108.942014965598,34.32198609612048,未央区,108.946675,34.320425
B0KR0RD8TU,聚恩财税服务·公司注册·代理记账·工商变更(西安分公司),公司企业;公司;公司,108.94070677666517,34.319004760343304,未央区,108.945363,34.31744
B0IKHNBH9W,腾盛圆中医教育(西安总校),科教文化服务;科教文化场所;科教文化场所|公司企业;公司企业;公司企业,108.93438496175398,34.31735053985399,未央区,108.939025,34.315775
B0J23ZZR21,西安排水集团有限公司应急抢险中心,公司企业;公司;公司,108.94863689695435,34.28223022543788,新城区,108.953313,34.280664
B0JDGMO3LF,陕西汇诚林碳产业集团有限公司,公司企业;公司;公司,108.9640340411071,34.279175407065935,新城区,108.968762,34.277643
B001D07YQF,中铁七局集团西铁工程公司水电分公司,公司企业;公司;公司,108.92455993051767,34.278627754771094,莲湖区,108.929176,34.277023
B0FFF65A5N,西安教学仪器厂,公司企业;工厂;工厂,108.92690286738927,34.285571303484275,莲湖区,108.931524,34.283972
B001D0W5BG,陕西众业达电器有限公司,公司企业;公司;公司|购物服务;家电电子卖场;家电电子卖场,108.93709282587032,34.32359554364874,未央区,108.94174,34.322027
B0K3MCKIOM,西安市政道桥建设集团有限公司(第一工程公司),公司企业;公司;建筑公司,108.91619018260128,34.28358768766362,莲湖区,108.920793,34.281978
B0FFM22155,中通服供应链股份有限公司(陕西分公司),公司企业;公司;公司,108.91043907595318,34.286862290911394,莲湖区,108.915035,34.285251
B0FFJBSSI8,大方集团,公司企业;公司企业;公司企业,108.91927872777669,34.30669938078152,未央区,108.923888,34.305102
B0HAM52VKG,佳润粉丝厂,公司企业;工厂;工厂|公司企业;公司;公司,108.911376941358,34.32526966100581,未央区,108.915977,34.323676
B0I2VS5OGE,陕西银海精微医疗科技有限公司,公司企业;公司;公司,108.9336657977913,34.31564136160791,未央区,108.938304,34.314064
B0HG6MDEOT,西安明盛不锈钢有限公司,购物服务;家居建材市场;建材五金市场|公司企业;公司;公司,108.92743511697496,34.28168634038356,莲湖区,108.932057,34.280086
B001D0W5D5,西安市华泰物资有限公司,公司企业;公司;公司,108.91776659770126,34.32461527961039,未央区,108.922375,34.323025
B0KRMD3OBX,西安致启安全技术有限公司,公司企业;公司;公司,108.95222345510736,34.308745175337656,未央区,108.956913,34.307198
B001D064SV,西安正源纬二十八街加气站(暂停营业),汽车服务;加气站;加气站|公司企业;公司企业;公司企业,108.9227733278532,34.301408710128854,未央区,108.927388,34.299812
B001D09UEB,秦川机床工具集团西安运营中心,公司企业;公司;公司,108.92604279554232,34.319737055322015,未央区,108.930665,34.318152
B0FFGH9QXX,西安新新灯具厂,公司企业;工厂;工厂,108.92426021036628,34.28203563047408,莲湖区,108.928876,34.280432
B0FFHGHO0M,西安隽永食品有限公司,公司企业;公司;公司,108.94595428922176,34.29047499143251,莲湖区,108.950623,34.288907
B0FFIS54SZ,中国石油长庆油田分公司质量安全环保技术监督中心,公司企业;公司企业;公司企业,108.92638594917288,34.32193465357795,未央区,108.931009,34.320351
B0M6TC4YOI,西安大型犬舍猫舍宠物基地,公司企业;公司企业;公司企业,108.95502093439484,34.325136468360824,未央区,108.959721,34.323603
B0J325ATWT,科大讯飞AI学习机专卖店 (龙首印象城店),购物服务;家电电子卖场;数码电子|公司企业;公司;公司,108.94342021584374,34.29522067120224,未央区,108.948082,34.29365
B0M65CK7KF,西安宠物猫狗市场·猫狗基地,公司企业;公司企业;公司企业,108.92431467303405,34.287452276114685,莲湖区,108.928931,34.285851
B0H6Z7S7D0,大买家生活超市(梨园路店),公司企业;公司;商业贸易,108.90963830202718,34.29465522919386,未央区,108.914234,34.293047
B0J3ACRVEV,爱文广告加工厂-门头-灯箱-展厅搭建-文化墙,公司企业;公司;广告装饰,108.94081901791024,34.28766653728279,莲湖区,108.945473,34.286088
B001D07WS6,陕西昌合储运有限责任公司,公司企业;公司;公司|生活服务;物流速递;物流速递,108.91057760672376,34.29081853879586,莲湖区,108.915174,34.289209
B0FFHSYJGF,福申建筑模板,公司企业;公司;公司,108.90608846754756,34.32192989410823,未央区,108.910683,34.320333
B0JB4AWZQ9,西安供销集团有限责任公司,公司企业;公司;公司,108.92211261507607,34.312134502336264,未央区,108.926727,34.310542
B0FFF6517K,诚信来广告标牌城海鑫广告,公司企业;公司;公司|生活服务;生活服务场所;生活服务场所,108.93449504176402,34.28842925640346,莲湖区,108.939133,34.286841
B0FFK82KZ0,君道广告,公司企业;公司;广告装饰,108.9271363509421,34.31097086581969,未央区,108.93176,34.309383
B0FFH81YS7,西安园林,公司企业;公司;公司,108.95040538257138,34.29478421703104,新城区,108.955088,34.293227
B0KRZCDVSB,四叶草空间设计,公司企业;公司;公司,108.94181714693038,34.3018456233335,未央区,108.946475,34.300275
B0FFHCOLEG,西安四方机电有限责任公司,公司企业;公司;机械电子|公司企业;公司;网络科技,108.934574959436,34.32412910327956,未央区,108.939216,34.322557
B0KBPDV4LH,西安市城区市政设施养护管理有限公司,公司企业;公司;公司,108.92600320965492,34.315562029311145,未央区,108.930625,34.313975
B0G3UY0WOQ,西安明珠电力安装工程有限公司,公司企业;公司;公司,108.92158864672008,34.28566863752346,莲湖区,108.9262,34.284064
B001D0WTJW,西安海红物业服务有限公司,公司企业;公司;公司,108.92025117178753,34.31911491949217,未央区,108.924863,34.317524
B0FFFGV0L7,陕西锦鹏置业有限公司,公司企业;公司;公司,108.96308125044948,34.30692875057899,未央区,108.967808,34.305406
B0IR05V4LA,北稍门广告城,公司企业;公司;广告装饰,108.940671420669,34.28760881505484,莲湖区,108.945325,34.28603
B0FFL4EN61,陕西能源售电有限责任公司,公司企业;公司;公司,108.94187941242993,34.32108575560296,未央区,108.946539,34.319524
B0FFLGX0VD,西安莲湖文化旅游集团有限公司,公司企业;公司;公司,108.90651041716376,34.29316976734634,莲湖区,108.911103,34.29156
B0FFK2YPOS,西安中车永电电气有限公司,公司企业;公司;机械电子,108.93366831842098,34.321485648839534,未央区,108.938307,34.319911
B0K35S826N,陕西惠陆赢供应链管理有限公司,公司企业;公司;公司,108.90815875812213,34.28255589408132,莲湖区,108.912752,34.280942
B001D0VYWK,陕西天兴酿造有限公司,公司企业;公司;公司,108.9061305168538,34.32087237957124,未央区,108.910725,34.319275
B0G2GZLRGM,陕西鼎立保安服务有限公司,公司企业;公司;公司,108.9248411722204,34.306304473583246,未央区,108.92946,34.304712
B0LGJZO4IO,华山论剑食品饮品运营中心,公司企业;公司;公司,108.92051702353814,34.2783596489607,莲湖区,108.925126,34.276751
B0LAOUPB4O,西安慧聪源企业服务有限公司,公司企业;公司;公司,108.94178626428602,34.30144585497877,未央区,108.946444,34.299875
B0KRM1069N,麦田云涧农场,公司企业;农林牧渔基地;其它农林牧渔基地,108.90846412902006,34.31156408386486,未央区,108.91306,34.309963
B0FFGPJCRW,虹瑰实业,公司企业;公司;公司,108.90636642967851,34.29457018903309,未央区,108.910959,34.292961
B0FFKGKW5U,七彩图文广告,公司企业;公司;广告装饰,108.93846828944028,34.2992764206671,未央区,108.943117,34.297699
B0FFIPZAHD,陕西天河数据恢复中心总店,生活服务;维修站点;维修站点|公司企业;公司企业;公司企业,108.93501732758622,34.31882493027452,未央区,108.939659,34.317251
B001D071GN,西安无线电二厂北厂区,公司企业;公司;网络科技,108.94600611883106,34.29069279807735,莲湖区,108.950675,34.289125
B0FFGFQIIU,陕西鸿业保安服务有限公司,公司企业;公司;公司,108.92679958937016,34.29155085606756,莲湖区,108.931421,34.289954
B0FFHSLP1N,陕西果业集团有限公司,公司企业;公司;公司,108.94940748119014,34.29499918340073,新城区,108.954087,34.29344
B001D0Z7JW,西安永信清真肉类食品有限公司,公司企业;公司;公司,108.93352002744092,34.317013935818885,未央区,108.938158,34.315437
B0FFG2BK8V,东鹏瓷砖(大明宫工厂店),购物服务;家居建材市场;建材五金市场|公司企业;公司;建筑公司,108.96330100829393,34.31229777006647,未央区,108.968029,34.310778
B0HUKU6YL2,中移建设,公司企业;公司;建筑公司,108.9524651254646,34.278704714563936,新城区,108.957153,34.277145
B0L3UUHUIL,西安翟银先物资有限公司,公司企业;公司;公司,108.94957388874556,34.28365271737265,新城区,108.954253,34.282089
B0J1XUT7L5,联投工业建筑陕西集团有限公司,公司企业;公司;建筑公司,108.93457299970648,34.299003546806546,未央区,108.939212,34.29742
B0FFKZGWO6,陕西供销电子商务集团有限公司,公司企业;公司;公司,108.90626307854804,34.28760521653687,莲湖区,108.910855,34.285993
B0JK67UECE,今朝装饰北郊店,公司企业;公司;广告装饰,108.94196020338195,34.29630081546126,未央区,108.946618,34.294728
B0IKKSPA6A,中国铁路西安局集团有限公司西安站改扩建工程指挥部,公司企业;公司;公司,108.95099171283832,34.28028718937543,新城区,108.955675,34.278725
B0FFG50LCH,魏琳树脂化工公司,购物服务;家居建材市场;建材五金市场|公司企业;公司;冶金化工,108.91710427257784,34.29110586114586,莲湖区,108.921709,34.2895
B0HA91BEOI,陕西建工第九建设集团有限公司枣园村城中村改造项目安置楼项目部,公司企业;公司;公司,108.9268526269431,34.30216714412508,未央区,108.931475,34.300575
B0FFHBLX4F,陕西航天建设集团有限公司,公司企业;公司企业;公司企业,108.94057808709373,34.29481586280911,未央区,108.945232,34.29324
B001D01669,西安供销干鲜果副食有限公司,购物服务;综合市场;果品市场|公司企业;公司;公司,108.92940901589064,34.281974858357785,莲湖区,108.934035,34.280377
B0LRT59TOO,西安盛鼎装饰工程有限公司,公司企业;公司;广告装饰,108.94153026899254,34.32233778256916,未央区,108.946189,34.320776
B0FFKFFSLR,优印工坊图文快印(金叶新城店),公司企业;公司;广告装饰|生活服务;摄影冲印店;摄影冲印,108.9160125430668,34.294615067633934,未央区,108.920616,34.29301
B0JRR5S0TG,阿田妈妈餐饮管理有限公司,公司企业;公司;公司,108.96429565214278,34.320913297637766,未央区,108.969028,34.3194
B0LGDZDBHT,西安电瓶车制造厂.奶茶三号,公司企业;工厂;工厂,108.91054255934596,34.27944738426226,莲湖区,108.915138,34.277833
B0FFGC2V8I,长庆油田物资公司,公司企业;公司企业;公司企业,108.9304677017963,34.319591864010114,未央区,108.935099,34.318012
B0LKJ72G6Z,陕西驰途旅游汽车有限公司,公司企业;公司;公司,108.92740632404433,34.30460442695945,未央区,108.93203,34.303014
B0FFIUXAXH,西安经发集团有限责任公司,公司企业;公司;公司,108.93155014273545,34.3217384474305,未央区,108.936184,34.320161
B0J3VCXT5R,陕西沁雪冷链制冷工程有限公司,公司企业;公司;公司,108.91648154605464,34.323627633905005,未央区,108.921088,34.322036
B0JA1AI6TL,中国移动未央分公司,公司企业;公司;电信公司,108.9410395607258,34.28594589184765,莲湖区,108.945694,34.284367
B0G3L4FFS6,亮丽集团众源工程分公司,公司企业;公司;公司,108.93798277902548,34.3086440216869,未央区,108.942631,34.30707
B0H2H1JTYS,陕西恒田生物农业有限公司,公司企业;公司;公司,108.92094960276116,34.32432489193992,未央区,108.925563,34.322737
B0L6HCI1D8,西奥电梯别墅家用电梯·西安未央体验馆,公司企业;公司;公司,108.91736441424486,34.297048094717,未央区,108.92197,34.295445
B0FFGCBMFW,中国电信未央分公司,公司企业;公司;电信公司,108.94397506431154,34.29000491540514,莲湖区,108.948638,34.288433
B0LBCHCG03,西安正义合信息科技有限公司,公司企业;公司;网络科技,108.94322288452564,34.31845058087378,未央区,108.947886,34.31689
B0FFFXJSIK,迪美广告印务(大明宫旗舰店),公司企业;公司;广告装饰|生活服务;摄影冲印店;摄影冲印,108.94434263808668,34.30691579349616,未央区,108.949008,34.305352
B0LB3RCR8W,大明宫建材家具工厂店装修设计中心,公司企业;公司;广告装饰,108.96226876368809,34.31223436223562,未央区,108.966993,34.310712
B0HRVL4ZW7,西安树仁教育科技有限公司,公司企业;公司;公司,108.94306991150516,34.29880773400291,未央区,108.947731,34.297238
B0KRDUBC7C,陕西煤业化工物资集团有限公司(北关办公区),公司企业;公司;冶金化工,108.9362533350999,34.28146658641074,莲湖区,108.940895,34.279878
B0IGDH9QMN,大秦主持人基地,公司企业;公司企业;公司企业,108.94383709715476,34.30674180529335,未央区,108.948501,34.305177
B001D07J0V,陕西省公路汽车检测修理有限公司,公司企业;公司;公司|汽车维修;汽车综合维修;汽车综合维修,108.94618206935884,34.28491593168703,新城区,108.950851,34.283346
B0H17H5QUC,西安市勘察测绘院第一分院,公司企业;公司企业;公司企业,108.94184793610158,34.303398878223064,未央区,108.946506,34.301829
B0J1KU89LY,中铁建设,公司企业;公司;建筑公司,108.9154476520372,34.29050320493587,莲湖区,108.92005,34.288896
B001D06G54,西安市未央区公路管理站,政府机构及社会团体;政府机关;区县级政府及事业单位|公司企业;公司;公司,108.92604329736932,34.301134500046764,未央区,108.930664,34.299541
B0IKOC8VBT,大庆油田招标中心西安分公司,公司企业;公司企业;公司企业,108.92965637512476,34.320507466180544,未央区,108.934286,34.318927
B0G015S6DZ,赢标快印广告(未央路旗舰店),公司企业;公司;广告装饰,108.94215289559656,34.305852242944106,未央区,108.946812,34.304284
B0LAKRLWQF,百嘉实业,公司企业;公司;公司,108.9362977774147,34.32401058042409,未央区,108.940943,34.322441
B0LU9SD33C,京东物流(龙首北路西段店),公司企业;公司;公司,108.9337183682407,34.29472465458401,未央区,108.938355,34.293138
B0FFHCP6T0,鼎诚图文广告(未央路政法巷口物资大厦店),公司企业;公司;广告装饰|生活服务;生活服务场所;生活服务场所,108.94302993825367,34.29986034193253,未央区,108.947691,34.298291
B0IUCML00V,华硕电脑中心(未央路店),购物服务;家电电子卖场;数码电子|公司企业;公司;公司,108.94163672353103,34.30084438370648,未央区,108.946294,34.299273
B0KR47CVW5,陕西中皇建设集团有限公司,公司企业;公司;建筑公司,108.912906974493,34.29000184268502,莲湖区,108.917506,34.288393
B0HB6RMUSE,西安优红利食品有限公司,公司企业;公司;公司,108.92096629593524,34.30299464207207,未央区,108.925578,34.301397
B0FFK3JLSR,陕西锦华防水工程有限公司,购物服务;家居建材市场;建材五金市场|公司企业;公司企业;公司企业,108.92882300651424,34.28496631141789,莲湖区,108.933448,34.283369
B0KG5RFVFN,领路者(陕西)科技集团有限公司,公司企业;公司;公司,108.93474914194458,34.3043908980741,未央区,108.939389,34.30281
B0GRN58PJM,德尔正广告,公司企业;公司;广告装饰,108.92755606529234,34.27930520005212,莲湖区,108.932178,34.277704
B0FFG1SAM5,西安光学测量仪器厂,公司企业;工厂;工厂,108.92566856811531,34.28195719379893,莲湖区,108.930287,34.280355
B0J25ARGHS,陕西东古恒昌食品有限公司,公司企业;公司;公司,108.92305459634932,34.30430415343586,未央区,108.92767,34.302709
B0K19SMQXV,陕西峰川装饰工程有限公司,公司企业;公司;广告装饰,108.91291637913108,34.29725768524172,未央区,108.917516,34.295652
B0L0B5V32R,陕西鼎誉泰建筑工程科技有限公司,公司企业;公司;建筑公司,108.94723701892212,34.320633978454644,未央区,108.951912,34.319082
B0LRZC2B1N,电驴哥电动车租赁(工农路店),公司企业;公司;公司|购物服务;购物相关场所;购物相关场所,108.92834414663947,34.283149657166554,莲湖区,108.932968,34.281551
B0FFJMR86P,西安市城区市政设施养护管理有限公司,公司企业;公司;公司,108.91905029838632,34.279234474677146,莲湖区,108.923657,34.277625
B0J09SUOIQ,西安兰湘子餐饮管理有限公司,公司企业;公司;公司,108.91915473424363,34.321430727854704,未央区,108.923765,34.31984
B0FFMERWS5,陕西华耀瑞隆通信科技发展有限公司,公司企业;公司;商业贸易,108.91103280419998,34.29453174384378,未央区,108.91563,34.292924
B0JG5MTQ71,陕西邦之星实业集团公司,公司企业;公司;公司,108.93414435651236,34.29482999810876,未央区,108.938782,34.293244
B0I1OZBP4Q,零点广告印务,公司企业;公司;广告装饰,108.94311305188872,34.283274360214165,莲湖区,108.947773,34.281698
B0KAL5BY4Q,陕西远疆海食品有限公司,公司企业;公司;公司,108.91053228057766,34.29548952974091,未央区,108.915129,34.293882
B0I25ACEVI,西安翼凡智能科技有限公司,公司企业;公司;公司,108.91032742200088,34.30892663873664,未央区,108.914925,34.307325
B001D0W5RT,米旗食品股份有限公司,公司企业;公司;公司,108.92163139866108,34.325032958693534,未央区,108.926246,34.323446
B001D0W2DL,西安黄河工程监理有限公司,公司企业;公司;建筑公司,108.95014088199756,34.3233698331543,未央区,108.954825,34.321825
B0LGALMT05,西安市政道桥建设集团有限公司房屋建筑公司,公司企业;公司;建筑公司,108.92550413346795,34.31601236032412,未央区,108.930125,34.314425
B0JGVP2J2R,恒业建设集团,公司企业;公司;公司,108.94287056726408,34.28530493672032,莲湖区,108.94753,34.283729
B0KR5DV6LB,康之善大药房,公司企业;公司;公司,108.93426817855573,34.31809936281505,未央区,108.938908,34.316524
B001D0WSIC,红星美凯龙西安全球家居1号店,购物服务;家居建材市场;家具城|公司企业;公司;公司,108.98961714902734,34.31741001931676,未央区,108.994451,34.315966
B001D08NKB,西安酒厂有限公司,公司企业;工厂;工厂,109.02012767852074,34.31021688291503,未央区,109.025091,34.308861
B001D019DC,中铁二十局集团有限公司,公司企业;公司;公司,108.96745066097016,34.29904011362561,未央区,108.972193,34.297525
B0FFGZY4OU,陕建五建集团,公司企业;公司;建筑公司,108.99165063850278,34.30343425955837,未央区,108.996492,34.30199
B0FFHQNW5V,百寰国际集团,商务住宅;楼宇;商务写字楼|购物服务;商场;普通商场|购物服务;商场;购物中心|公司企业;公司;公司,108.97064622490004,34.313374210497955,未央区,108.975402,34.311874
B001D01C4F,陕西建工机械施工集团有限公司,公司企业;公司企业;公司企业,108.98952349356968,34.28205491413253,新城区,108.994354,34.280595
B0FFKRR61H,中国铁路西安局集团有限公司西安机务段,公司企业;公司;公司,109.004369608812,34.295043403042804,灞桥区,109.009265,34.293634
B0GD1ANO91,中国铁路西安局集团有限公司西安电务段,公司企业;公司;公司,108.99948708826496,34.28982748746503,新城区,109.004361,34.288401
B001D0WJSJ,中铁二十局集团第六工程有限公司,公司企业;公司;机械电子|公司企业;公司;建筑公司,109.00817986299772,34.31151154986746,未央区,109.013093,34.310121
B001D03RW9,西安昆仑工业(集团)有限责任公司,公司企业;公司;公司,109.01140147874251,34.28356416149501,新城区,109.016326,34.282171
B001D019E0,亮丽电力集团第一工程分公司,公司企业;公司;公司,108.96740765985425,34.30103334504404,未央区,108.97215,34.299519
B0HGRRMVHF,陕西省引汉济渭工程建设有限公司,公司企业;公司;建筑公司,109.02083815246512,34.31736657268917,未央区,109.025805,34.316016
B0FFH9FYN3,西糖仓库,公司企业;公司企业;公司企业,108.98776639423583,34.30076607487022,未央区,108.992591,34.299309
B0HG5A9XMB,西安车务段,公司企业;公司;公司,109.0048509689832,34.289916165954175,新城区,109.009748,34.288506
B0KG6ZR24T,微海招聘,公司企业;公司;公司,108.9902466091021,34.27971972881062,新城区,108.99508,34.278261
B0FFIGCJVY,陕建机施集团,公司企业;公司;公司,108.99025628096346,34.283164250339894,新城区,108.99509,34.281707
B0HUBZCD2A,博雅邦装饰,公司企业;公司;广告装饰,108.98470694969475,34.316859853938006,未央区,108.98952,34.315401
B0FFMBQEXE,联想客户服务中心(百应华远锦悦小区店),购物服务;家电电子卖场;数码电子|公司企业;公司;网络科技,108.96961458680823,34.32099744931693,未央区,108.974367,34.319498
B0FFGFTS89,陕西建设机械股份有限公司(东二环路辅路),公司企业;公司;机械电子,108.99010092955682,34.283324648350224,新城区,108.994934,34.281867
B0FFK1YA1R,西安重装智慧矿山工程技术有限公司,公司企业;公司企业;公司企业,108.99688617245737,34.303266501747174,未央区,109.00175,34.301838
B001D0VP25,西安冰峰饮料股份有限公司,公司企业;公司;公司,109.01821562383029,34.30971263125778,未央区,109.023171,34.308351
B001D0W578,西安亮丽电力集团有限责任公司(工程安装分公司),公司企业;公司;公司,108.96978834417816,34.27937739063055,新城区,108.974538,34.27786
B001D0W55M,西安山高嘉晟热力有限责任公司,公司企业;公司;公司|生活服务;生活服务场所;生活服务场所,109.01393365142654,34.29666799414157,灞桥区,109.01887,34.295288
B0GD5S36HG,西安青马别墅设计装修公司,公司企业;公司;公司|生活服务;生活服务场所;生活服务场所,108.96785538800948,34.30800905581881,未央区,108.9726,34.306499
B0FFHKUVVJ,润家宜鲜超市(北辰大道店),购物服务;超级市场;超市|公司企业;公司;公司|生活服务;生活服务场所;生活服务场所,108.99156625928052,34.324277966048804,未央区,108.996409,34.322843
B0FFFPKP2F,西安物资供应段(八府庄北路),公司企业;公司;公司,108.98474604252344,34.28969984421552,新城区,108.989557,34.288229
B001D02DFC,陕西欧舒特汽车股份有限公司(幸福北路),公司企业;公司;公司,109.0114489853318,34.287018551188496,新城区,109.016374,34.285627
B001D0VSOY,西安市吉祥商贸仓储中心,公司企业;公司;商业贸易|生活服务;物流速递;物流仓储场地,109.00649130859529,34.29718904374969,灞桥区,109.011396,34.295787
B0FFI9FOQI,中国铁路西安局集团有限公司(西安客车车辆段),公司企业;公司;公司,109.0080637794474,34.29467340011673,灞桥区,109.012975,34.293275
B0KDNAUFTU,陕西水务发展集团有限公司,公司企业;公司;公司,109.02042982779368,34.3173767370873,未央区,109.025395,34.316025
B001D0WJWU,中铁长安重工有限公司,公司企业;公司;机械电子,109.0071183929132,34.31173164921821,未央区,109.012027,34.310338
B0J6PZUE07,鲁班装饰集团·西安北郊旗舰店,公司企业;公司;广告装饰,108.97135566139364,34.310973392646204,未央区,108.976114,34.309474
B0FFFPKS4P,西安市出租汽车集团亚辉出租公司,公司企业;公司;公司,109.00816125849832,34.29590356967282,灞桥区,109.013073,34.294506
B0FFH81VVV,陕西省三和建设集团有限公司,公司企业;公司;公司,109.01424716013165,34.29867418623003,灞桥区,109.019185,34.297296
B0FFH2AA5T,陕西广电网络含元路直营店,公司企业;公司;公司|生活服务;生活服务场所;生活服务场所,108.97650802949369,34.288917918132846,新城区,108.981285,34.287423
B0FFFPKQ5O,西安市扳手厂,公司企业;工厂;工厂,108.98676509879073,34.29510653726767,新城区,108.991585,34.293644
B001D094W3,西安长城开关制造有限公司,公司企业;公司;公司,109.01419048324604,34.29767779187627,灞桥区,109.019128,34.296299
B001D0VRRY,西安泾渭钻探机具制造有限公司,公司企业;公司;公司,109.01746262813276,34.2994054291328,灞桥区,109.022414,34.298037
B0FFJFGZET,中铁十七局集团第二工程有限公司,公司企业;公司企业;公司企业,108.997862239491,34.323880103399354,未央区,109.002732,34.322464
B001D02F0B,西安供电局城东分局,公司企业;公司;公司,109.00905473069412,34.280562455181624,新城区,109.013969,34.279161
B0FFJ9SL3U,陕西建工第五建设集团有限公司,公司企业;公司企业;公司企业,108.99150128390188,34.30335174577142,未央区,108.996342,34.301907
B0KAY728G7,陕西乐蜂装饰,公司企业;公司;广告装饰,108.99029133996274,34.30466079614771,未央区,108.995127,34.303213
B0L07Z16EC,西安伽澜健康管理有限公司,公司企业;公司;公司,108.96729876088972,34.30481494531149,未央区,108.972041,34.303302
B0FFLEB485,西安存济医学中心有限公司,公司企业;公司;公司,108.98991712684976,34.27834828994691,新城区,108.994749,34.276888
B0FFI0EHPE,中检西部检测有限公司,公司企业;公司;公司,109.01556966145026,34.29795560564536,灞桥区,109.020513,34.296581
B0FFFPKRL3,西安润洁环卫设备制造有限公司,公司企业;公司;公司,109.0161741448576,34.29776991350322,灞桥区,109.02112,34.296397
B0HBX7QB8B,中铁建安工程设计院有限公司,公司企业;公司;公司,109.00581797655134,34.31172358172742,未央区,109.010721,34.310326
B001D0ZTQ7,旺达彩钢结构,公司企业;公司;公司,109.00446895028688,34.29779089929248,灞桥区,109.009365,34.296383
B0JDUXZ6HQ,陕西乾渥建筑工程有限公司,公司企业;公司;建筑公司,108.97656230940622,34.28288033621218,新城区,108.981339,34.281383
B0FFM1NEWI,西安机务段退休办,公司企业;公司;公司,109.0047967686172,34.295071096695715,灞桥区,109.009694,34.293663
B0L3XZ0QRX,陕西百宝仓物资收售,公司企业;公司;公司,108.98523620534388,34.29909430993414,未央区,108.99005,34.297629
B0HGCRJ6W2,西安商印图文广告(海蓝城店),公司企业;公司;广告装饰|生活服务;摄影冲印店;摄影冲印,108.9990922736594,34.307924713672314,未央区,109.003966,34.306505
B0I1AZDXO5,陕西建工基础建设集团有限公司,公司企业;公司;公司,108.97493226799352,34.30207857792772,未央区,108.979704,34.300585
B0FFG4WBHU,中铁七局集团第三工程有限公司,公司企业;公司;建筑公司,109.01075782933002,34.31183066764237,未央区,109.015682,34.310448
B0LA9ZYXZ6,陕西大秦美家装饰,公司企业;公司;广告装饰,108.96740469354654,34.325067366835434,未央区,108.972149,34.323564
B0JALXD50N,西安市安居建设管理集团有限公司曲江御井路公租房项目部,公司企业;公司;建筑公司,108.98682542629685,34.312147756737474,未央区,108.991647,34.310693
B0HDCSIT3K,西安亮丽电力集团有限责任公司第二工程分公司,公司企业;公司;公司,109.00915730168391,34.28045419248615,新城区,109.014072,34.279053
B0G0AUWE2T,中铁上海工程局集团第七工程有限公司,公司企业;公司;公司,108.96738846893064,34.3042379693972,未央区,108.972131,34.302725
B0LDYUZENP,陕西逢源物流中心,生活服务;物流速递;物流仓储场地|公司企业;公司;公司,109.00626987547388,34.313620349307605,未央区,109.011175,34.312225
B0GUJ7RJGU,西安供电段,公司企业;公司;公司,109.00788658971084,34.294061200397984,灞桥区,109.012797,34.292662
B0FFL9BXY2,阿达驻车,公司企业;公司;公司|汽车服务;汽车服务相关;汽车服务相关,109.00860494793518,34.31264975168845,未央区,109.01352,34.311261
B001D113UR,西安市热力集团有限责任公司,公司企业;公司;公司,108.99970737915308,34.310807539465976,未央区,109.004584,34.309391
B0FFHB46VG,德林义肢西安公司,公司企业;公司;公司,109.0126497038213,34.3010898532598,灞桥区,109.017581,34.299708
B0FFGZYWLT,西安摩尔农产品有限责任公司,购物服务;综合市场;果品市场|公司企业;公司;公司,108.98553885229812,34.312099586185994,未央区,108.990355,34.310641
B0FFI78FSP,西安市公共交通集团有限公司(第三分公司),公司企业;公司;公司,109.01415038141226,34.28905665424237,新城区,109.019087,34.287674
B0FFI21BFJ,西安同辉餐饮管理咨询有限公司,公司企业;公司;公司,108.9900254407603,34.281047834613986,新城区,108.994858,34.279589
B0MG4LXMUP,融投汇璟台项目部办公区,公司企业;公司;公司,108.97564758624785,34.311967133576765,未央区,108.980423,34.31048
B0FFIAJRLX,骆驼户外(西北分公司总部),购物服务;体育用品店;户外用品|公司企业;公司;公司,108.98479060987049,34.28061657314656,新城区,108.989601,34.279142
B0K0U55TF7,中国联通(龙湖天曜营业厅),公司企业;公司;电信公司,109.00625435995632,34.28490206314061,新城区,109.011157,34.283494
B0J2S5LPMP,博创广告,公司企业;公司;广告装饰,108.9727176224432,34.31943879800681,未央区,108.977482,34.317947
B0FFGJ8FRS,西安十里铺酒厂,公司企业;公司企业;公司企业,109.0137633069209,34.30923590187188,未央区,109.0187,34.307861
B001D097LU,西安市出租汽车集团第一公司,公司企业;公司;公司,109.00446752466952,34.27913490177611,新城区,109.009362,34.277719
B0JU95EGXA,中国建筑第六工程局有限公司幸福路北延伸工程项目,公司企业;公司;公司,109.01263435921872,34.29410396637582,灞桥区,109.017565,34.292719
B0FFGC2SFA,几何空间设计公司,公司企业;公司;广告装饰|生活服务;生活服务场所;生活服务场所,108.96846904415747,34.3080874079313,未央区,108.973216,34.306579
B0FFHSFAAZ,西安红日遮阳篷厂,公司企业;工厂;工厂,109.02402448081216,34.2787365384282,灞桥区,109.029001,34.277378
B0FFIKEUOG,中铁二十局集团西安基地,公司企业;公司;建筑公司,108.96920106000267,34.29813990328313,未央区,108.97395,34.296629
B0J3GU6XEV,陕西东昊电力工程有限公司,公司企业;公司;公司,109.00348101860128,34.32377408655243,未央区,109.008375,34.322375
B0I2NMI7TM,西安德永信电脑技术服务有限公司,公司企业;公司;公司,108.98596215494852,34.311089795369924,未央区,108.99078,34.309632
B0LUY7YYU8,中通快递(十里铺分部),公司企业;公司;公司|生活服务;物流速递;物流速递,109.01572630752833,34.29437871028725,灞桥区,109.02067,34.293003
B0JBHA0ILV,陕西中科达建设工程有限公司,公司企业;公司;建筑公司,108.98560679525616,34.28528619433517,新城区,108.990421,34.283816
B0FFMHHZ1X,陕西思科力电子科技有限公司,公司企业;公司;公司,109.01498441419687,34.29446185593838,灞桥区,109.019925,34.293084
B0FFLJU3DV,禾润米业,公司企业;公司;公司,109.02063412890872,34.280400447151834,灞桥区,109.025597,34.279033
B0H625XTS8,西安市棉花公司仓库,公司企业;公司;公司,108.9788644123588,34.28954697076195,新城区,108.983651,34.288059
B0J65CHCQX,西安Keep-Trying,公司企业;公司;公司,108.99555518746484,34.2998510534949,未央区,109.000413,34.298417
B0GU4CUWH1,中铁建科检测有限公司,公司企业;公司;建筑公司,108.9695068962674,34.29799415471099,未央区,108.974257,34.296484
B0FFILG9NK,金潮覆膜篷布,公司企业;公司;公司,109.02062175982776,34.28534739290346,灞桥区,109.025585,34.283982
B001D0W8YY,三高阀门集团,公司企业;公司;公司,109.016178990983,34.299347204973365,灞桥区,109.021125,34.297975
B0FFHDE7K8,天元广告图文刻章,公司企业;公司;广告装饰|生活服务;生活服务场所;生活服务场所,108.96651668552872,34.317263315097684,未央区,108.971257,34.315754
B001D0W5PO,西安市水产冷库,公司企业;公司;公司,108.9893825766684,34.300260475339456,未央区,108.994214,34.298808
B0IGGCXN9U,祥瑞新材控股,公司企业;公司;公司,108.96800815317224,34.303804541796325,未央区,108.972753,34.302293
B0FFK66L8D,魅支星(中国)运营中心,公司企业;公司;公司,108.99154831713292,34.32450391371965,未央区,108.996391,34.323069
B0FFGG5FR3,炫果网络,公司企业;公司;公司,109.01447488515537,34.31422052787053,未央区,109.019415,34.31285
B0L0ARDAKZ,西安喜良缘信息科技有限公司,公司企业;公司;网络科技,108.9963108911796,34.312328161063505,未央区,109.001173,34.310902
B0L6CAE5G4,陕西匠鑫检验检测有限公司,公司企业;公司企业;公司企业,108.97916344088404,34.310670779443306,未央区,108.983953,34.309193
B0GK2HIVOE,飞扬地毯地板仓储中心,公司企业;公司;公司,109.01789052172938,34.279660673209335,新城区,109.022842,34.278285
B0H1UO04Q5,西安高老庄餐饮有限公司,公司企业;公司;公司,109.02161430775648,34.30169745583582,灞桥区,109.026583,34.300342
B0L29DRAK1,西安盒马前置仓辛家庙上东大道站,公司企业;公司;公司,108.99592834891588,34.30263668754208,未央区,109.000788,34.301205
B0FFJHCAQW,西安铭创鞋业有限公司,公司企业;公司企业;公司企业,108.98376490285897,34.28060259071628,新城区,108.988571,34.279125
B0FFGUL2F4,李老三腊牛肉夹馍(含元路店),餐饮服务;中餐厅;清真菜馆|公司企业;公司;公司,108.97542636871826,34.28902790124923,新城区,108.980199,34.28753
B001D104E7,西安市灞桥区机械厂,公司企业;工厂;工厂,109.02153948208208,34.29147314658088,灞桥区,109.026507,34.290113
B0FFH2O878,西安市正大联运有限公司,公司企业;公司;公司|生活服务;物流速递;物流速递,109.01951855229662,34.30593256833503,灞桥区,109.024479,34.304573
B0K63SMLL8,西安众森实业有限公司,公司企业;公司;公司|生活服务;物流速递;物流速递,109.01939736806578,34.290429735633865,灞桥区,109.024356,34.289063
B0FFHY6UVA,西安市公共交通集团有限公司第二公司,公司企业;公司企业;公司企业,109.0114499812699,34.28701654907146,新城区,109.016375,34.285625
B0L3ZR1RCS,方隅设计·私宅设计|专注实景落地,公司企业;公司;广告装饰,108.96772587349122,34.308086360061296,未央区,108.97247,34.306576
B0L19ZH2BA,西安帝久仪器仪表制造有限公司,公司企业;公司;机械电子,109.01842322596691,34.29245967473262,灞桥区,109.023378,34.291091
B0FFFPKS4G,陕西海通钢管有限公司,公司企业;公司;公司,108.9994468936184,34.29421770985188,灞桥区,109.004321,34.292793
B0K2AC0G6A,西安浐灞生态区苏王村城中村改造项目,公司企业;公司;公司,109.01257029019511,34.298131395231984,灞桥区,109.017501,34.296748
B0JK7SO2Q3,百尚供应链,公司企业;公司;公司,108.98379866277094,34.281796989529376,新城区,108.988605,34.28032
B0KUFCQZVY,九号电动车(十里铺店),公司企业;公司;公司|购物服务;购物相关场所;购物相关场所,109.01872336424168,34.2997476178133,灞桥区,109.02368,34.298383
B0FFIABKTY,熠航广告灯箱标牌设计制作公司,公司企业;公司;广告装饰|生活服务;生活服务场所;生活服务场所,108.96769553151336,34.301487391751685,未央区,108.972439,34.299974
B0FFKXA3AY,陕西三禾智能装备,公司企业;工厂;工厂|公司企业;公司;公司,109.01173072220512,34.31148392041002,未央区,109.016659,34.310104
B0FFFPKPEU,陕西三禾仓储设备有限公司,公司企业;公司;公司,109.02050098841003,34.31204598016932,未央区,109.025466,34.310692
B0M6BDHMBC,陕西万物再生物资回收有限公司,公司企业;公司;公司,108.9848916617478,34.29897137920229,未央区,108.989704,34.297505
B0JAOCW8R6,陕西蓝蝶网络科技有限公司,公司企业;公司;网络科技,108.96758027833692,34.322029334835975,未央区,108.972325,34.320525
B0FFIGLVWP,陕西铠铄建设工程有限公司,公司企业;公司;公司,109.0247796540194,34.288028497796674,灞桥区,109.02976,34.286676
B001D0VUCL,西安轻型汽车厂,公司企业;工厂;工厂,109.0178467622342,34.27896809021067,新城区,109.022798,34.277592
B001D01C66,西安泵阀总厂有限公司(长缨东路),公司企业;公司;公司,108.99531295966791,34.279149686849955,新城区,109.000168,34.277706
B0H1VDRFXQ,陕西伯格堡展览展示有限公司,公司企业;公司;公司,108.99867098507768,34.29724774332107,灞桥区,109.003542,34.295822
B0L335AEU9,团团省装饰,公司企业;公司;广告装饰,108.98016991590404,34.315447709320146,未央区,108.984964,34.313975
B0L0TLC0JS,西安盒马前置仓万和城站,公司企业;公司;公司,108.98886541811768,34.2805245255826,新城区,108.993693,34.279062
B0FFK4T1TB,盛唐鼎新茶城办公室(胡家庙承志小区店),购物服务;综合市场;农副产品市场|公司企业;公司;公司|购物服务;专卖店;专营店|生活服务;生活服务场所;生活服务场所,109.00084562278391,34.285149359695886,新城区,109.005725,34.283725
B0H1KU22WL,珠江新城物业服务中心,公司企业;公司;公司,108.98057903693714,34.31779544820446,未央区,108.985375,34.316325
B0LDTDR5HJ,陕西儒正集团,公司企业;公司;公司,108.97235144088911,34.290614703389544,新城区,108.977112,34.289109
B0FFFPKNNR,恒源广告图文(桐树湾店),公司企业;公司;广告装饰|生活服务;生活服务场所;生活服务场所,108.99025572371262,34.30187914257388,未央区,108.995091,34.30043
B0FFJOTB4Y,程迈广告图文,公司企业;公司;广告装饰,108.97174038280316,34.32037102619098,未央区,108.976501,34.318877
B0KAMC07DK,常泰装饰专注工装,公司企业;公司;广告装饰,108.96835248372668,34.30815168594121,未央区,108.973099,34.306643
B0HB17HT60,中舜国际工程设计有限公司,公司企业;公司;公司,108.97330880948252,34.28889382327163,新城区,108.978073,34.28739
B0LGGSW0U8,万泰建设广大门一标段工地项目部,公司企业;公司;公司,109.0137602041623,34.322419841603725,未央区,109.018698,34.321051
B0FFLHL3T8,品界洛克设计机构,公司企业;公司;广告装饰,108.96876675315168,34.30994478211889,未央区,108.973515,34.308438
B0LGTCX9F4,未央区陕西朗盛实业有限公司,公司企业;公司;公司,108.96583817286194,34.3057692961616,未央区,108.970575,34.304253
B0FFL52943,陕西陕煤澄合机电有限公司,公司企业;公司;机械电子|公司企业;工厂;工厂,108.98714186135656,34.30287099730475,未央区,108.991964,34.301413
B0JROSWHUR,西安嘉美家居维保有限公司,公司企业;公司;公司,109.01977796464146,34.31203106302856,未央区,109.02474,34.310675
B0FFID4ZUZ,大自然广告装饰工程有限公司,公司企业;公司;广告装饰,109.0079515752878,34.27905740467416,新城区,109.012861,34.277652
B0FFIPC7CC,中润安全技术有限公司,公司企业;公司企业;公司企业,108.96868618016484,34.30850264763169,未央区,108.973434,34.306995
B0FFL4Z5DB,艾斯制冷,公司企业;公司;公司,109.02104276211266,34.312092409083405,未央区,109.02601,34.31074
B0FFI2CSQZ,陕西卓亿餐饮管理有限公司,公司企业;公司;公司,108.97489340064688,34.30235256424558,未央区,108.979665,34.300859
B0LGF5PDN9,陕西廷安建设工程有限公司,公司企业;公司;建筑公司,108.96791749166798,34.31603223569918,未央区,108.972663,34.314526
B0FFGNBWZ8,陕西德泰生科贸有限公司,公司企业;公司;商业贸易,108.98376866736616,34.283251463610604,新城区,108.988575,34.281775
B0FFGG5ELG,西安中核蓝天铀业有限公司综合办公楼,公司企业;公司;公司,109.00203931088768,34.29903972149993,未央区,109.006925,34.297625
B0GKV55L8L,陕西美能清洁能源集团股份有限公司,公司企业;公司;公司,108.96757770865564,34.31691971579907,未央区,108.972322,34.315413
B0H339VNEX,陕西宾茂汽车运输服务有限责任公司,公司企业;公司;公司,108.99469590599224,34.29956278333916,未央区,108.99955,34.298126
B0KRL5126P,陕西瑞格印刷有限公司,公司企业;公司;公司,108.97740856421632,34.286793287567995,新城区,108.982189,34.2853
B0LGDHIOVC,嘉好住旧房改造珠江新城店,公司企业;公司;广告装饰,108.98137566113604,34.3188426614194,未央区,108.986175,34.317375
B0KD35H7XP,西安华银康医学检验实验室有限公司,公司企业;公司;公司,108.98756499247264,34.279782713118024,新城区,108.992387,34.278316
B0J297XFBA,滹沱锦绣小区,公司企业;公司;公司,108.99257790159194,34.324606763746786,未央区,108.997425,34.323175
B0H6F54BDJ,源美印刷,公司企业;公司;广告装饰,108.98231110236236,34.29090145159149,新城区,108.987112,34.289424
B0IR3MIBGK,英成物业客户服务中心,公司企业;公司;公司,108.97723126970531,34.29904247580252,未央区,108.982012,34.297554
B0LAGCUNSW,西安邵商优选商贸有限公司仓库(仓储部),公司企业;公司;公司,108.99976716781278,34.29832993724627,未央区,109.004643,34.296908
B0H3JD5LS2,西安市市政建设工程质量检测有限公司,公司企业;公司;公司,109.01766457225187,34.278346879561774,新城区,109.022615,34.27697
B0LRFH6Y1G,硕艺装饰设计工程有限公司,公司企业;公司;广告装饰,108.9683075393845,34.30955816831942,未央区,108.973054,34.30805
B0HKCC9TQ3,金科地产(永庆路店),公司企业;公司;公司,108.97178229965412,34.31939036860229,未央区,108.976543,34.317896
B0FFKLCLUW,峰光无限装饰总部(钻石店),公司企业;公司;广告装饰,108.96818202525093,34.30946753944608,未央区,108.972928,34.307959
B0FFI1616C,陕西国药器械医学诊断试剂有限公司,公司企业;公司;公司,108.99029112265222,34.28328209601435,新城区,108.995125,34.281825
B0K1YCESY1,中铁十七局集团西北区域总部,公司企业;公司;公司,108.99779553073512,34.323836326548225,未央区,109.002665,34.32242
B0K1FUBXRL,陕西卓建达防腐工程有限公司,公司企业;公司;公司,108.99640691106094,34.31909575528094,未央区,109.00127,34.317673
B0K3D7UY6A,江润图文广告,公司企业;公司;广告装饰,108.9977093664672,34.31829717261007,未央区,109.002578,34.316878
B0GUOO763U,旭辉图文广告,公司企业;公司;广告装饰,108.98102116806209,34.318337920849444,未央区,108.985819,34.316869
B0KRAUDCBB,陕西君营人力资源集团有限公司,公司企业;公司企业;公司企业,108.96933751030755,34.31059397514169,未央区,108.974088,34.309089
B0IBR70YNV,安能物流(西安市轻工网点),公司企业;公司;公司|生活服务;生活服务场所;生活服务场所,109.0155969932165,34.292682826856584,灞桥区,109.02054,34.291306
B0FFLNMJE6,展翔广告刻公章,公司企业;公司;公司,108.99043638306672,34.29672587346781,未央区,108.995272,34.295275
B0H2A78F93,凌辉建设工程咨询有限公司,公司企业;公司;公司,108.96779560964607,34.30807518256034,未央区,108.97254,34.306565
B001D0W619,中铁二十局集团陕西物资有限公司经销公司,公司企业;公司;公司,109.00219936535882,34.29017409796425,新城区,109.007085,34.288756
B0KGNSXDNK,西安鲁班世家装饰工程有限公司,公司企业;公司;广告装饰,108.98962013647728,34.317408011300856,未央区,108.994454,34.315964
B0I01DX1AD,斗车中国PickupTruck,公司企业;公司;公司,109.00707967764764,34.310323406368454,未央区,109.011988,34.308929
B0JBGDO087,盛世嘉园装饰,公司企业;公司;广告装饰,108.99174150754956,34.324304426156566,未央区,108.996585,34.32287
B0L3A5V87E,入目三分空间设计,公司企业;公司;广告装饰,108.96874192305822,34.30903525963106,未央区,108.97349,34.307528
B0LDLUMBIV,西安上物空间(全案木作),公司企业;公司;公司,108.97003587474396,34.309909424526786,未央区,108.974789,34.308406
B0LURL67RU,芍药·原创空间设计,公司企业;公司;广告装饰,108.9686960923853,34.309108347633924,未央区,108.973444,34.307601
B0KKUMIE19,陕西尚庭科能安装工程有限公司,公司企业;公司;公司,109.01689822143976,34.29656332447325,灞桥区,109.021847,34.295192
B0HBNCX01I,陕西巨人树环保科技有限公司,公司企业;公司;公司,108.9995194429757,34.29586177232728,灞桥区,109.004394,34.294438
B001D0W8ZA,陕西省建筑路桥工程公司,公司企业;公司;建筑公司,108.98594978900876,34.29206327401875,新城区,108.990766,34.290597
B0JKFCXZMB,陕西健为智能科技有限公司,公司企业;公司;公司,108.9685387581612,34.30832711594763,未央区,108.973286,34.306819
B0HA6LDNX6,山西建邦集团,公司企业;公司企业;公司企业,108.96738057632628,34.30329541055165,未央区,108.972123,34.301782
B0KKGDE5FQ,西安益巢装饰,公司企业;公司;广告装饰,108.98506034457154,34.318332132722546,未央区,108.989875,34.316875
B0GUJBNXQN,西安华油工程技术服务有限公司,公司企业;公司;公司,108.99797346172846,34.2796903892303,新城区,109.00284,34.278255
B0KU35G4UP,陕西懂装修设计有限公司,公司企业;公司;广告装饰,108.98919299032949,34.31697049144539,未央区,108.994025,34.315525
B0LDFUXDK3,安顿手表陕西运营中心,公司企业;公司;公司,108.98247111118044,34.31893943581572,未央区,108.987275,34.317475
B0FFHP52UO,大管家物业服务中心,公司企业;公司;公司,108.99324547059436,34.29551294666746,未央区,108.998093,34.29407
B0JDV1X27Q,西安华衡国有资本运营集团有限公司,公司企业;公司;公司,108.96765150874752,34.30379448047649,未央区,108.972395,34.302282
B0HDMGT8UL,颐和物业,公司企业;公司;公司,108.97677577433804,34.2910302554418,新城区,108.981554,34.289537
B0IA3SV4FS,中国康辉西安国际旅行社有限责任分公司凤城一路分公司,生活服务;旅行社;旅行社|公司企业;公司企业;公司企业,108.96970668067902,34.315550727053065,未央区,108.974459,34.314049
B0FFKWLHFI,辉泰环保有限公司,公司企业;公司企业;公司企业,109.0094413643088,34.32459969750254,未央区,109.014361,34.323219
B0FFG1UFHW,四川成都竹璧(竹胶板)西安营销中心,购物服务;家居建材市场;建材五金市场|公司企业;工厂;工厂,109.01860335893006,34.29388053617617,灞桥区,109.023559,34.292513
B0FFKEEFKT,新兴物业客服中心,公司企业;公司;公司,109.00171063316128,34.30016722209286,灞桥区,109.006595,34.298752
B0HKVSA6QI,宏盛广告,公司企业;公司;广告装饰,108.9801096718834,34.28517227283132,新城区,108.984901,34.283686
B0KDOLKO4K,陕西九末集团有限公司,公司企业;公司;公司,108.99652993808007,34.31244644264369,未央区,109.001393,34.311021
B0J19HWRDB,众彩视界(西安)科技有限公司,公司企业;公司;公司,109.01700576578725,34.2966459742743,灞桥区,109.021955,34.295275
B0H6UZT6IF,陕西和锦商贸有限公司,公司企业;公司;商业贸易|购物服务;家居建材市场;建材五金市场,108.97230176905477,34.28900053320456,新城区,108.977062,34.287494
B0FFKGSE8U,大福美心西北工程管理部,公司企业;公司企业;公司企业,108.97097295050074,34.313427306776475,未央区,108.97573,34.311928
B0J06CR2DQ,西安锦沣物业管理有限公司,公司企业;公司;公司,108.9885974273392,34.29408253123073,新城区,108.993425,34.292625
B0FFGC2LMS,西安煤化实业有限公司,公司企业;公司;公司,108.98981220985108,34.28271577085115,新城区,108.994644,34.281257
B0KK5XETG8,陕西君豪供应链有限公司,公司企业;公司;公司,108.99527154571958,34.298196642059125,未央区,109.000128,34.296761
B0FFI0KIKK,西安昆仑汽车电子有限公司,公司企业;公司;公司,109.01378754156866,34.281601896928265,新城区,109.018722,34.280215
B0FFMACBAB,诺先行(西安)供应链管理有限公司,公司企业;公司;公司,109.0168239234726,34.29193655538099,灞桥区,109.021772,34.290563
B0MABCSYC9,晋龙蛋品西北服务仓,公司企业;公司;公司,108.99949722728915,34.2995772078896,未央区,109.004372,34.298155
B0IA2568QE,中交物业,公司企业;公司;公司,108.98159386382284,34.281389587208324,新城区,108.986391,34.279906
B0JUTLTL6W,赢标快印广告(浐灞一路店),公司企业;公司;广告装饰,108.99497414031438,34.31833245185883,未央区,108.999831,34.316905
B0LGSC7ZJP,NATUZZI EDITIONS 意迪森(大明宫钻石店),公司企业;公司;公司,108.96807447058174,34.3090330186437,未央区,108.97282,34.307524
B0FFM3IMS9,李老三餐饮公司,公司企业;公司;公司,108.97841448185645,34.28672146357401,新城区,108.983199,34.285231
B0FFKJZAYB,晨珂广告(万科荣华·金域名城店),公司企业;公司;广告装饰|生活服务;摄影冲印店;摄影冲印,108.9709187039799,34.31897689581384,未央区,108.975676,34.31748
B0IRTRC4P0,建管家西安公司,公司企业;公司;公司,108.96754789242536,34.31606019004055,未央区,108.972292,34.314553
B0LRKUIOEN,中国邮政金花路揽投部,公司企业;公司;公司,108.98888754253392,34.28991446842922,新城区,108.993716,34.288456
B0FFJ4HGVU,西安环卫,公司企业;公司;公司,109.02012253232635,34.28863142205527,灞桥区,109.025084,34.287266
B0H3MA8O5I,浩泰汽车维修服务,公司企业;公司;公司|汽车维修;汽车维修;汽车维修,108.98082663750336,34.310301168089794,未央区,108.985623,34.308828
B0KKS126BA,西安虹炬彩广告工厂店,公司企业;公司;广告装饰,108.96730001018156,34.30172631842701,未央区,108.972042,34.300212
B0FFM8ODI7,西安协君财务咨询有限公司,公司企业;公司;公司,108.99312626544828,34.31605908974786,未央区,108.997975,34.314625
B0LA5UKCCT,安顿预警手表陕西运营中心,公司企业;公司;公司|购物服务;购物相关场所;购物相关场所,109.0121457071336,34.302657656416514,灞桥区,109.017075,34.301275
B0GRT7FXJP,卧龙电气南阳防爆西安仓储中心,公司企业;公司;公司,109.0152526773468,34.30166789813169,灞桥区,109.020195,34.300294
B0KDNANF4X,陕西黄河古贤水利枢纽开发有限公司,公司企业;公司;公司,109.02067481073928,34.317505975584325,未央区,109.025641,34.316155
B0K3DRW6F2,陕西伊然建筑装修工程有限公司,公司企业;公司;广告装饰,108.96838155044544,34.318141042510184,未央区,108.973129,34.316637
B0JK97FPVQ,西安极一空间设计,公司企业;公司;广告装饰,108.96842819221108,34.30818347221984,未央区,108.973175,34.306675
B0K3SCM6VO,乐远,公司企业;公司;公司,109.00715363764743,34.31889824803367,未央区,109.012063,34.317508
B0KA3ASJYA,陕西金徽饰家装饰,公司企业;公司;广告装饰,108.98068184740973,34.30290890882684,未央区,108.985477,34.301432
B0FFGJ8AUV,西安大爱健康产业有限公司,公司企业;公司;公司,109.01287269853908,34.30181486915857,灞桥区,109.017805,34.300434
B0FFFDTAXY,海通光学,公司企业;公司;公司,108.97539636555923,34.30262804078922,未央区,108.98017,34.301136
B0KROCM8FL,鑫京鑫不锈钢工程有限公司,公司企业;公司;公司,109.0183457987975,34.289490180645984,灞桥区,109.0233,34.28812
B0KUKCDQWX,陕西晨衣制衣有限公司,公司企业;公司;公司,108.98414413392854,34.294867375250824,新城区,108.988953,34.293397
B0FFHRWAE8,立林广告设计制作安装(罗马花园店),公司企业;公司;广告装饰,109.00786192650187,34.30318425800021,灞桥区,109.012773,34.301789
B0MGKCKO1X,秦鸿睿刘董供应链,公司企业;公司;公司,108.9890014326114,34.297432860635,未央区,108.993831,34.295978
B0LDKCNN5I,西安上凡设计有限公司,公司企业;公司;公司,108.96749474462148,34.30815093505089,未央区,108.972238,34.30664
B0JK7CR9G6,陕西斐·梵智能整装(永坤生活广场店),公司企业;公司;公司,108.99341797566883,34.316520995939385,未央区,108.998268,34.315088
B0LATZ6NGH,西安信义仓储,公司企业;公司;公司,108.98833390664971,34.30175494568562,未央区,108.993161,34.3003
B0HKGHC5XH,西安净水处理有限责任公司,公司企业;公司;公司,109.03588859515708,34.30166599116601,灞桥区,109.040913,34.300349
B0FFH1JKQN,中国银行软件中心(西安),公司企业;公司;网络科技,109.03759694030695,34.30628166536667,灞桥区,109.042628,34.304971
B0HK9H28HP,陕西交通控股集团有限公司(西渭分公司),公司企业;公司;公司,109.04296606740712,34.29323858455861,灞桥区,109.048015,34.291935
B0FFLKUS7U,陕建七建集团,公司企业;公司;建筑公司,109.04762853111616,34.281008407813445,灞桥区,109.052692,34.27971
B001D09P97,陕西省金属结构厂(三分厂),公司企业;工厂;工厂,109.0536292694025,34.29895841369865,灞桥区,109.058713,34.29768
B0FFIVJBPS,灞桥热电公司,公司企业;公司;公司,109.0467310791648,34.2854644687077,灞桥区,109.051792,34.284166
B0LKVS3SIW,东郊老巨沙石水泥场,公司企业;工厂;工厂,109.03580463684064,34.316470504945,灞桥区,109.04083,34.31516
B001D143R5,中华房屋土地开发集团公司,公司企业;公司;公司,109.07951986403243,34.2949528172018,灞桥区,109.084664,34.293709
B0FFMDW5A0,西北有色工程有限责任公司,公司企业;公司;建筑公司,109.05952431689748,34.27769679696754,灞桥区,109.064623,34.27642
B0FFGC31TG,中陕核工业集团综合分析测试有限公司,公司企业;公司;公司,109.07165652713589,34.31944579851903,灞桥区,109.076788,34.318205
B0JBOZOIIJ,陕西国铁工程建筑有限公司灞桥基地,公司企业;公司;建筑公司,109.06099200757647,34.30526842324797,灞桥区,109.066097,34.304006
B0LBD7VYEF,微火企业孵化器,公司企业;公司;公司,109.05023332772504,34.2797054691893,灞桥区,109.055305,34.278412
B0FFH99DUH,美美大库房,公司企业;公司;公司,109.03150741507248,34.29778700479135,灞桥区,109.036515,34.296457
B001D093P6,陕西省电力公司西安电力树脂厂,公司企业;工厂;工厂,109.05193626794028,34.28877516974551,灞桥区,109.057014,34.287489
B0KA5H7E47,灞桥区苏唐水村城中村改造项目(五村),公司企业;公司;公司,109.0832300080968,34.28388275543163,灞桥区,109.088379,34.282637
B0FFGH0F0Y,瑞力硅酸盐制品有限责任公司,公司企业;公司;公司,109.05445403040292,34.284972883100494,灞桥区,109.059539,34.28369
B0FFJ4HH8W,国家电网陕西省电力公司培训中心灞桥校区实训基地,公司企业;公司;公司,109.05358307403309,34.291238870793315,灞桥区,109.058666,34.289957
B0J6ZUK4LL,上实城开办公中心,公司企业;公司企业;公司企业,109.026860918636,34.31663302356577,未央区,109.031852,34.315299
B0FFGIL3RG,建设发展有限公司,公司企业;公司;公司,109.04472312427184,34.29283775333685,灞桥区,109.049778,34.291538
B0FFK3KYAJ,中铁七局集团西安铁路工程有限公司混凝土分公司,公司企业;公司;公司,109.03528420878445,34.29727845572959,灞桥区,109.040306,34.295958
B001D0W601,陕西金鹿服装有限公司,公司企业;公司;公司,109.05625146664347,34.30047880244912,灞桥区,109.061343,34.299206
B0K0LHTNKJ,269路调度站,公司企业;公司企业;公司企业,109.07266729172092,34.30965710746743,灞桥区,109.0778,34.308413
B0IGA5QHIK,中移建设陕西工程分公司,公司企业;公司企业;公司企业,109.06231542958076,34.306784602198945,灞桥区,109.067424,34.305525
B0FFFFX1UA,西安西锻机床有限公司,公司企业;公司;公司,109.07101545118933,34.32436227298198,灞桥区,109.076146,34.323123
B0LUAHP359,西安卓越摩运物流,公司企业;公司;公司|生活服务;生活服务场所;生活服务场所,109.06471675327958,34.291169785079354,灞桥区,109.06983,34.289907
B0H1XP1TQ7,中国石化西北销售分公司,公司企业;公司;冶金化工,109.08127615790892,34.31625785127926,灞桥区,109.086425,34.315025
B0FFGVVFOK,方欣食品有限公司,公司企业;公司;公司|商务住宅;产业园区;产业园区,109.06852304492034,34.322835166951535,灞桥区,109.073648,34.321592
B0LAK5JLAJ,秦岭数字科技有限责任公司,公司企业;公司;公司,109.05043387902369,34.3124097507918,灞桥区,109.055509,34.311131
B0MBA59PIM,陕西道奇科技孵化器有限公司,公司企业;公司;公司,109.02764890127771,34.315504388191805,未央区,109.032643,34.314172
B0LUSU60MJ,郑海广告·图文(桃花潭旗舰店),公司企业;公司;广告装饰|科教文化服务;学校;学校,109.03121830463282,34.30035463610824,灞桥区,109.036225,34.299025
B0KAULHX4M,中铁一局灞桥街村安置房项目部,公司企业;公司;公司,109.06916316007398,34.31652525924412,灞桥区,109.074289,34.31528
B0LG2D8HHJ,领科国际,公司企业;公司;公司,109.0776670655449,34.29477953242531,灞桥区,109.082808,34.293534
B0LB2CPCUU,陕西卓特特种设备有限公司,公司企业;公司;公司,109.05175912696777,34.308287934172405,灞桥区,109.056838,34.30701
B0J3JHXQ1T,西安建筑科大工程技术有限公司灞桥实验室,公司企业;公司企业;公司企业,109.07386456772429,34.27886816959956,灞桥区,109.078997,34.277612
B001D10YAV,西安市公共交通集团有限公司纺织城枢纽站(柳鸣路),公司企业;公司;公司|交通设施服务;交通服务相关;交通服务相关,109.06501059087482,34.28476409165838,灞桥区,109.070124,34.283499
B001D0VSMD,中国中铁电气化局集团有限公司电力变电分公司,公司企业;公司;公司,109.03254059817613,34.296318938425564,灞桥区,109.037552,34.294991
B0MG4HX6KF,陕西轩艺家玻璃,公司企业;公司;公司,109.0603171194134,34.29001424182496,灞桥区,109.065419,34.288744
B0L0X5LVNL,鸿福运图文广告,公司企业;公司;广告装饰,109.03966484061252,34.27899544446878,灞桥区,109.044701,34.277678
B0J19AWOWI,新天地金融中心二期陕建项目部,公司企业;公司企业;公司企业,109.05411406175904,34.30781753115513,灞桥区,109.0592,34.306544
B001D10YLY,灞桥市政设施养护管理有限公司,公司企业;公司;公司,109.0581669871498,34.27826890796895,灞桥区,109.063262,34.27699
B001D0VSPI,中国-东盟西安经贸中心,公司企业;公司;商业贸易,109.04485057314686,34.317499420524605,灞桥区,109.049908,34.316211
B0KA3MQ79C,中国-中亚机制秘书处,公司企业;公司;公司|政府机构及社会团体;政府及社会团体相关;政府及社会团体相关,109.03340873887248,34.314692445896085,未央区,109.038425,34.313375
B0FFHOLWJ1,陕西铁肩电力建设工程技术服务有限公司,公司企业;公司企业;公司企业,109.05127099671463,34.292460917429935,灞桥区,109.056347,34.291175
B0FFFFU2II,白鹿原实业公司,公司企业;公司;公司,109.0773580680288,34.27808394083662,灞桥区,109.082497,34.276831
B0L07732EB,西安如德建筑有限公司,公司企业;公司企业;公司企业,109.0632731401878,34.305048877079706,灞桥区,109.068384,34.30379
B0LAXC4EOC,秦创易购智能科技有限公司,公司企业;公司;公司,109.07571873777592,34.316353748574805,灞桥区,109.080858,34.315116
B0GK2HI6AS,科创时代文化创意有限公司,公司企业;公司;公司,109.0390783921417,34.30863697383486,灞桥区,109.044115,34.307331
B0FFI8063Q,西安市浐灞生态园林景观有限公司,公司企业;公司;公司,109.040838227997,34.307659187821855,灞桥区,109.045881,34.306357
B0HROZIPEJ,陕西西铁电务工程有限公司,公司企业;公司;公司,109.0609970333004,34.30481861637465,灞桥区,109.066102,34.303556
B0GR27BR9P,西安舍外餐饮有限公司,餐饮服务;中餐厅;中餐厅|公司企业;公司;公司,109.03976009049762,34.2954471846953,灞桥区,109.044798,34.294137
B0LG9CXNPL,陕七建六公司,公司企业;公司;公司,109.04631612447344,34.27757769711431,灞桥区,109.051375,34.276275
B0FFGCTRLS,西安畅达气体有限公司,公司企业;公司;公司,109.05679805820704,34.298740573482355,灞桥区,109.061891,34.297468
B0L3U5HEQM,筑梦众创空间,公司企业;公司;公司|生活服务;生活服务场所;生活服务场所,109.03524058283708,34.31815315484912,灞桥区,109.040264,34.316842
B0G399SBPF,陕西天孚能源有限公司,公司企业;公司;公司,109.04462176986888,34.28930150806743,灞桥区,109.049676,34.288
B0JB1M9BV5,陕煤浐灞项目,公司企业;公司;公司,109.04473866517918,34.309188473884525,灞桥区,109.049795,34.307896
B0L0UUW1G1,优雅空间装饰,公司企业;公司;广告装饰,109.03911442305608,34.295117889593016,灞桥区,109.04415,34.293806
B0L3ZS0E5T,中能建数智(西安)新能科技有限公司,公司企业;公司;公司,109.0507329157017,34.31275298204864,灞桥区,109.055809,34.311475
B0G31ZW3ZX,中国移动高科社区营业厅,生活服务;电讯营业厅;中国移动营业厅|公司企业;公司企业;公司企业,109.05922559494584,34.295413749853424,灞桥区,109.064325,34.294144
B0HKDC16KF,西安世园投资(集团)有限公司规划设计出,公司企业;公司;公司,109.03976895920148,34.31990513695244,灞桥区,109.044809,34.318606
B0MGMZ94ND,合财邦·企业注册·代理记账·证照办理,公司企业;公司;公司,109.05116299164354,34.30798127358442,灞桥区,109.05624,34.306702
B0KGZH6N96,陕西鸿祥幕墙工程有限公司,公司企业;公司;公司,109.03173684386302,34.30589480079648,灞桥区,109.036746,34.304569
B0JDRHNUST,中闻集团西安印务中心东厂库区,公司企业;公司;公司,109.05436044247402,34.28339772903183,灞桥区,109.059445,34.282114
B0L3TU7MG5,鑫亿图文广告,公司企业;公司;广告装饰,109.0730895240294,34.297149203157886,灞桥区,109.078222,34.2959
B0MGUUD4M7,陕西沣盛邦建筑材料有限公司,公司企业;公司;公司,109.0326546231645,34.30265684417475,灞桥区,109.037667,34.301332
B0JKZ7SJP0,中国建筑五局世园润府项目部,公司企业;公司;公司,109.06838376539834,34.31816752720343,灞桥区,109.073508,34.316922
B0KA97Q6K2,西安颐悦养老产业发展有限公司,公司企业;公司;公司|体育休闲服务;体育休闲服务场所;体育休闲服务场所,109.04004598789774,34.319754541092124,灞桥区,109.045087,34.318456
B0LKSAI4YT,西安鹿塬耐火材料有限公司,公司企业;公司;公司,109.0506039276013,34.29409656396868,灞桥区,109.055678,34.29281
B0FFHSDT6Q,陕西云展检测科技有限公司,公司企业;公司;网络科技,109.07371373632216,34.31484856189207,灞桥区,109.078849,34.313608
B0KKS1Q9M4,西安鑫航程复合材料科技有限公司,公司企业;公司;公司,109.05214636814937,34.29175946546738,灞桥区,109.057225,34.290475
B0HUNDA573,创越达广告装饰,公司企业;公司;广告装饰,109.05816086959192,34.29138734816044,灞桥区,109.063257,34.290114
B0LGTXW0I1,陕煤产业中心,公司企业;公司企业;公司企业,109.04743771435146,34.30930746975137,灞桥区,109.052503,34.308021
B001D0VTRV,中国中铁七局(西铁工程盾构分公司),公司企业;公司;公司,109.03291614881408,34.29660483489108,灞桥区,109.037929,34.295278
B0G1KL39NW,西安吊车随车吊出租,公司企业;公司;公司,109.08250646381316,34.31394100937965,灞桥区,109.087657,34.312708
B0JAP73GKB,湘秦快印广告(浐灞店),公司企业;公司;广告装饰,109.03278901874154,34.303761002037604,灞桥区,109.037802,34.302437
B0LGP5CDX4,西安浐灞国际港置业有限公司,公司企业;公司;公司,109.05149162208204,34.31208474876584,灞桥区,109.05657,34.310808
B0IDMZWIAT,御锦图文广告,公司企业;公司;广告装饰,109.04038525674387,34.290985621874654,灞桥区,109.045425,34.289675
B0FFHKDU3Q,隆高厨业,购物服务;家居建材市场;厨卫市场|公司企业;公司;公司,109.02511050323572,34.28596845658623,灞桥区,109.030092,34.284616
B0K3MUSCI3,炉青堂中医文化传播有限公司,公司企业;公司企业;公司企业,109.07747614584684,34.29774941048067,灞桥区,109.082617,34.296505
B0J0HSTO3G,陕西华山牧商贸有限公司,公司企业;公司;商业贸易,109.0507941307724,34.2964621429984,灞桥区,109.055869,34.295177
B0I3TUF29B,西安市安居资产运营管理集团有限公司,公司企业;公司企业;公司企业,109.03196517201916,34.303547251026465,灞桥区,109.036975,34.302221
B0FFLJFE1A,陕西鼎悦人力资源有限公司,公司企业;公司;公司,109.03795353309992,34.31925885805608,灞桥区,109.042987,34.317955
B0LG5CWGSN,中国能源建设集团西北建设投资有限公司,公司企业;公司;公司,109.03819064766492,34.31957812679175,灞桥区,109.043225,34.318275
B001D110U3,西安福信堂医药有限公司,公司企业;公司;公司,109.0702390872658,34.32470807085424,灞桥区,109.075368,34.323468
B0FFH2ZPJK,嘉年华实业仓库,公司企业;公司;公司,109.02652066208358,34.28854345607063,灞桥区,109.031508,34.287196
B0J3DM349F,灞桥区田王收费站工地,公司企业;公司;公司,109.08146884986846,34.30485488392225,灞桥区,109.086617,34.303617
B0FFKKW81D,陕西建工灞桥建设投资有限公司,公司企业;公司;公司,109.04631014482018,34.2775707131611,灞桥区,109.051369,34.276268
B0M6JZCYRT,陕西盛大吉昌餐饮管理有限公司,公司企业;公司;公司,109.05887890872854,34.27961410407595,灞桥区,109.063976,34.278337
B0LR7CJQGZ,西安哲卜清真食品加工有限公司,公司企业;公司;公司,109.05081048508671,34.291764153883086,灞桥区,109.055885,34.290477
B0H1NA7VA1,西安泓易服装有限公司,公司企业;公司;公司,109.06472463139713,34.3038811923365,灞桥区,109.069839,34.302624
B0JUAH14JS,陕西承通电力工程有限公司,公司企业;公司企业;公司企业,109.05123183419498,34.29574856611566,灞桥区,109.056308,34.294464
B0L6H750XZ,陕西中财润德医药科技有限公司,公司企业;公司;医药公司,109.05288534281642,34.27764399745357,灞桥区,109.057965,34.276355
B0FFJ4HH67,盛源制衣厂,公司企业;工厂;工厂,109.06506580537268,34.30379972280123,灞桥区,109.070181,34.302543
B0G015S6L9,陕西鑫丰洁环保科技有限公司,公司企业;公司;公司,109.06435674877274,34.28990087129671,灞桥区,109.069469,34.288637
B0H2D1GIPU,永常盛商贸有限公司,公司企业;公司;商业贸易,109.0509526227823,34.29663874294728,灞桥区,109.056028,34.295354
B0FFH5RPRI,盛欣广告,公司企业;公司;广告装饰|生活服务;生活服务场所;生活服务场所,109.02658826226153,34.32527973914729,未央区,109.031579,34.323949
B0L1TH37P9,晨光文具陇秀广告,公司企业;公司;广告装饰,109.07184903020232,34.28604143988935,灞桥区,109.076978,34.284786
B0IR3CGVB3,西安泓智财税服务有限公司,公司企业;公司;公司,109.0511316727439,34.278024336444865,灞桥区,109.056206,34.276732
B0JA15TST0,西安烨晟电子科技有限公司,公司企业;公司;机械电子,109.04007287172116,34.30835370137588,灞桥区,109.045113,34.30705
B0FFK967TM,鑫隆吉美诺食品厂,公司企业;工厂;工厂,109.0499392765828,34.29102126451543,灞桥区,109.055011,34.289732
B0FFG8BAGA,西安交远货运服务有限公司,公司企业;公司;公司|生活服务;生活服务场所;生活服务场所,109.0495349475933,34.298051042148984,灞桥区,109.054606,34.296764
B0FFLLIDV6,西安良兴金刚砂有限公司,公司企业;公司;公司,109.07670125425352,34.27806757483793,灞桥区,109.081839,34.276814
B0KDXRZHO2,亿之鑫图文广告,公司企业;公司;广告装饰,109.03299825539514,34.303415611883324,灞桥区,109.038012,34.302092
B0FFGFP4CF,台湾天烨机械西安分公司,公司企业;公司;机械电子,109.07872626367144,34.28280671394212,灞桥区,109.083868,34.281557
B0FFG20ZHQ,中霖集团,公司企业;公司;公司,109.040506449744,34.31868893429642,灞桥区,109.045549,34.317391
B001D10SK5,天源广告,公司企业;公司;广告装饰|生活服务;生活服务场所;生活服务场所,109.06270083889542,34.30220903808813,灞桥区,109.06781,34.300948
B0LRTA95SR,梓匠育苗,公司企业;农林牧渔基地;其它农林牧渔基地,109.07587865118276,34.29093892634095,灞桥区,109.081016,34.28969
B0JRNH4HQX,陕西希地工程项目管理有限公司,公司企业;公司;公司,109.03261272729009,34.30329966716409,灞桥区,109.037625,34.301975
B0FFK4QR30,永欣茂广告图文快印,公司企业;公司;广告装饰|生活服务;摄影冲印店;摄影冲印,109.06733541457332,34.292280546985495,灞桥区,109.072455,34.291022
B0FFIBBVLS,西安市灞桥区张艺根雕加工部,公司企业;公司企业;公司企业,109.07223801047525,34.311507763815506,灞桥区,109.07737,34.310264
B0I1ZAN6V2,陕建七建集团十二公司,公司企业;公司;建筑公司,109.04627325874068,34.27766275588672,灞桥区,109.051332,34.27636
B0FFH9FO5F,重庆千禾门业东区5排16号,公司企业;公司;广告装饰,109.06047562025331,34.290899595779855,灞桥区,109.065578,34.28963
B0FFFFU2TS,精雕广告(柳亭路),公司企业;公司;广告装饰,109.07250737036328,34.31250699553575,灞桥区,109.07764,34.311264
B0HKL7W0DX,中国大唐(电厂西路美庐·雅苑站),公司企业;公司;公司,109.04676387175252,34.28662290367647,灞桥区,109.051825,34.285325
B0IUH5NRMW,陕西荣腾保安服务有限公司,公司企业;公司;公司,109.05583063479898,34.28939041282867,灞桥区,109.06092,34.288112
B0M69HBBUC,陕西南剑机电科技有限公司,公司企业;公司;机械电子,109.0770582237438,34.31693216436927,灞桥区,109.0822,34.315696
B0LUUMI3ZL,陕西国兴建工集团有限公司,公司企业;公司;建筑公司,109.05298236749184,34.30871831648227,灞桥区,109.058065,34.307443
B0LA6SC0QY,陕西建工第七建设集团有限公司十一公司,公司企业;公司;建筑公司,109.04646563556344,34.27752738997669,灞桥区,109.051525,34.276225
B0G10CE4KI,西安西本服装厂,公司企业;工厂;工厂,109.06133822893058,34.30375253411531,灞桥区,109.066444,34.30249
B0L0BSUDBQ,如艺装饰,公司企业;公司;广告装饰,109.05808521325008,34.28984214751587,灞桥区,109.063181,34.288568
B0FFH0060H,陕西东大石油运销有限公司,公司企业;公司;公司,109.08132607936754,34.31625781318537,灞桥区,109.086475,34.315025
B0KAACDY8M,陕西鑫峰正达消防安全服务有限公司灞桥分公司,公司企业;公司;公司,109.0316377464573,34.29977078766455,灞桥区,109.036646,34.298442
B0JUTZ0DSX,合澄商贸,公司企业;公司;公司,109.07077799500937,34.28942528514368,灞桥区,109.075905,34.28817
B0JDCRVE1B,西安泡泡洗涤服务有限公司,公司企业;公司;公司,109.05293672927944,34.282957667279085,灞桥区,109.058017,34.281671
B0KK411RUQ,艾图图文广告,公司企业;公司;广告装饰|生活服务;摄影冲印店;摄影冲印,109.06351337630583,34.306882682754114,灞桥区,109.068625,34.305625
B0K6L5MR4C,西安恒信领航电子有限公司,公司企业;公司;机械电子,109.05301495195984,34.277643743601324,灞桥区,109.058095,34.276355
B0M6HHAC03,陕西以艾之名健康管理有限公司,公司企业;公司;公司,109.05124232113884,34.27813106789879,灞桥区,109.056317,34.276839
B0FFL7JLSI,华亿广告,公司企业;公司;广告装饰,109.05809615054024,34.29021596732994,灞桥区,109.063192,34.288942
B0HDXCAPYL,爱印广告,公司企业;公司;广告装饰|生活服务;生活服务场所;生活服务场所,109.04716218412044,34.2910701289272,灞桥区,109.052225,34.289775
B0GRXU7N5K,西安卓而美服装运营中心,公司企业;公司企业;公司企业,109.0772171853168,34.31409132017548,灞桥区,109.082359,34.312854
B0HBTS235M,西安合兴电力金具有限公司,公司企业;工厂;工厂,109.04540316132884,34.27751774197903,灞桥区,109.050459,34.276213
B0K6ASIK2Q,中铁物总供应链中心(东大库),公司企业;公司;公司,109.07882629834472,34.3148854905862,灞桥区,109.083971,34.31365
B0L1SAPL3L,陕西嘉庆电力工程有限公司,公司企业;公司;公司,109.07560605484028,34.31514342014342,灞桥区,109.080745,34.313905
B0FFF9TQRL,西安市建材厂,公司企业;公司企业;公司企业,109.08392196407348,34.318754831493294,灞桥区,109.089075,34.317525
B0H6TS7Q06,西安锦程绣花厂,公司企业;工厂;工厂,109.05774830547576,34.29962447957192,灞桥区,109.062844,34.298354
B0JDT76IO9,吉美广告图文,公司企业;公司;广告装饰|生活服务;生活服务场所;生活服务场所,109.03168650044068,34.30046635189256,灞桥区,109.036695,34.299138
B0LGK5PO8X,陕西泓森霖林业科技发展有限公司,公司企业;公司;公司,109.07213751110896,34.29663752272746,灞桥区,109.077268,34.295387
B0K14S0FOV,西安安居物业管理集团九鼎城市服务有限公司,公司企业;公司;公司,109.02622238416012,34.29397893015853,灞桥区,109.031209,34.292633
B0HR3UD0CJ,春一风医药有限公司,公司企业;公司;公司,109.07274288760182,34.31253271294998,灞桥区,109.077876,34.31129
B0G2NS1VN9,陕西建工第四建设集团有限公司世园得宝建设项目(建设中),公司企业;公司;公司|商务住宅;商务住宅相关;商务住宅相关,109.06707844095229,34.321881577251354,灞桥区,109.0722,34.320636
B0FFKC8LZX,陕西景娘餐饮管理有限公司,公司企业;公司;公司,109.05164107381997,34.27833817785092,灞桥区,109.056717,34.277047
B0LBYUSNIV,中陕核工业集团二二大队,公司企业;公司;公司,109.0707401988748,34.32251647706379,灞桥区,109.07587,34.321276
B0L215U80B,西安市保障房建设管理有限公司,公司企业;公司;建筑公司,109.03206478725946,34.303600965748295,灞桥区,109.037075,34.302275
B0G2M4X0MS,陕西唯美服饰有限公司,公司企业;公司;公司,109.07305727555146,34.30075365117274,灞桥区,109.07819,34.299506
B0LANRNXWB,西安盒马网络科技有限公司灞桥第一分公司,公司企业;公司;网络科技,109.06471261089185,34.28139495794692,灞桥区,109.069825,34.280128
B0J27SDJ4T,陕西善达医疗集团,公司企业;公司;公司,109.05290627868116,34.277654951825184,灞桥区,109.057986,34.276366
B0FFFZYRSA,西安睿博服装设备有限公司,购物服务;专卖店;专营店|公司企业;公司;公司,109.0631477037146,34.302205340362924,灞桥区,109.068258,34.300945
B0FFHYG0E0,锻压厂,公司企业;工厂;工厂,109.06990034850202,34.31867931579235,灞桥区,109.075028,34.317436
B0FFGS99NN,卓雨绣花厂,公司企业;工厂;工厂,109.05872660930676,34.29946083460614,灞桥区,109.063825,34.298192
B0GUBNLX19,陕西诺达彩钢钢构有限公司,公司企业;公司;公司,109.06141221796716,34.29010039825024,灞桥区,109.066517,34.288832
B0FFMCY8L8,陕西大米兄弟商贸有限公司,公司企业;公司;商业贸易,109.05374150909834,34.292306103057854,灞桥区,109.058825,34.291025
B0LB5C2SJ6,西安电机厂,公司企业;工厂;工厂,109.03414122209898,34.3119008344352,灞桥区,109.03916,34.310584
B0HDZMZPB4,西安铁路线桥工程公司,公司企业;公司;建筑公司,109.0613839920712,34.30510285594007,灞桥区,109.06649,34.303841
B0J1MDWU6V,禾普视觉健康医疗管理有限公司,公司企业;公司;公司,109.05164208837002,34.27813326131826,灞桥区,109.056718,34.276842
B0FFLBUV90,剑英台球桌厂,公司企业;公司企业;公司企业,109.06158674361464,34.29031502243391,灞桥区,109.066692,34.289047
B0I23ZYLBB,西安鑫扬再生资源有限公司,公司企业;公司;公司,109.08037763828676,34.31575878627044,灞桥区,109.085525,34.314525
B0GRH5WFSA,西安亿航船舶管理有限公司,公司企业;公司;公司,109.05162612039906,34.27833121078977,灞桥区,109.056702,34.27704
B0MBNOUOQM,西安东和建筑垃圾清运有限公司,公司企业;公司;公司,109.04009680397928,34.31979739926551,灞桥区,109.045138,34.318499
B0JA5CLXGB,西凤酒(灞桥形象店),公司企业;公司;商业贸易,109.0692687685066,34.29531863943334,灞桥区,109.074393,34.294064
B0K1XAXTPD,西安立鑫新能源有限公司,公司企业;公司;公司,109.0581568949194,34.279659344404216,灞桥区,109.063252,34.278381
B0IUD7FU0U,葛洲坝西北分公司,公司企业;公司;公司,109.0383401164167,34.3194778068063,灞桥区,109.043375,34.318175
B0FFIYWENV,香源绣花厂,公司企业;公司;公司,109.05963518961124,34.29881156025552,灞桥区,109.064736,34.297544
B0FFL35IU4,西安金诺会议会展有限公司,公司企业;公司;公司,109.06680925221872,34.28523230275528,灞桥区,109.071927,34.28397
B0J3T7MJNI,陕西隆峰加固工程有限公司,公司企业;公司;公司,109.03271142431956,34.30246078334571,灞桥区,109.037724,34.301136
B0LBPS3G3A,宁波甬琮供应链管理有限公司(西安分仓),公司企业;公司;公司,109.06643349743612,34.29259767102363,灞桥区,109.071551,34.291338
B0GR2HBQ3S,琪瑄广告图文,公司企业;公司;广告装饰|生活服务;生活服务场所;生活服务场所,109.0578117698443,34.28064454047132,灞桥区,109.062906,34.279366
B0KB1SBHOM,鑫富康劳保用品仓储,公司企业;公司;公司,109.02555772570616,34.285842268968246,灞桥区,109.030541,34.284491
B0G39SMUYS,西安眇思地毯商贸有限公司,公司企业;公司;商业贸易,109.03554934626956,34.30754521865816,灞桥区,109.040573,34.30623
B0G3ZPONNK,中陕核工业集团二一大队有限公司,公司企业;公司;公司,109.07184287993148,34.32241419246539,灞桥区,109.076975,34.321175
B0I2JU1EYV,陕西建工第七建设集团市政路桥公司,公司企业;公司;公司,109.04631014482018,34.2775707131611,灞桥区,109.051369,34.276268
B0HGFD58YH,中陕核集团211大队公司,公司企业;公司;公司,109.070745188285,34.32251547138604,灞桥区,109.075875,34.321275
B0KRXCCNPY,卓都建设,公司企业;公司;建筑公司,109.06320141675592,34.280873477375,灞桥区,109.06831,34.279604
B0KGF74DY3,西安正清圣泰眼镜有限公司正清眼镜,公司企业;公司;公司,109.03352858124596,34.31125270792379,灞桥区,109.038545,34.309934
B0FFGFQB3S,顺利导管厂,公司企业;工厂;工厂,109.07829194712755,34.317999528368404,灞桥区,109.083436,34.316765
B0JGRD7SY7,陕西古都铁片餐饮管理有限公司,公司企业;公司;公司,109.077489114323,34.29784635576522,灞桥区,109.08263,34.296602
B0LDXAGIP3,中铁大桥局集团有限公司西安东站XDZQ-1标1号拌合站,公司企业;公司;公司,109.0840066055178,34.32147750966625,灞桥区,109.08916,34.320249
B0JKTX88NU,西安市公共交通集团有限公司第二公司203路调度站,公司企业;公司;公司,109.02800250547686,34.29210386942387,灞桥区,109.032996,34.290762
B0LUCUSXC0,尚璟·云集商业街管理中心,公司企业;公司;公司,109.06994997751664,34.28718228040006,灞桥区,109.075075,34.285925
B0M6X7T0JU,席王压缩站,公司企业;公司;公司|生活服务;生活服务场所;生活服务场所,109.08267696416856,34.28232179629703,灞桥区,109.087825,34.281075
B0KBR1UXZN,陕西东超世沃科技有限公司,公司企业;公司;公司,109.0342682321802,34.30622207754677,灞桥区,109.039287,34.304903
B0L2XCY706,赵家库房,公司企业;公司;公司,109.07543636438362,34.31526353836398,灞桥区,109.080575,34.314025
B0KDU7CNLR,乐远,公司企业;公司;公司,109.03176280259116,34.293515198651086,灞桥区,109.036771,34.292184
B0FFFDZGGX,浐灞物业服务中心,公司企业;公司;公司,109.04063698515932,34.31873560152953,灞桥区,109.04568,34.317438
B0M67AWC03,西安浐灞发展集团有限公司,汽车销售;汽车销售;汽车销售|公司企业;公司;公司,109.03669604138726,34.32013157088544,灞桥区,109.041725,34.318825
B0L6SS4ANM,童视亮(陕西)青少年眼保健有限公司,公司企业;公司;公司,109.07757501163124,34.29727252763101,灞桥区,109.082716,34.296028
B0L2DS83RZ,伊科普(西安)科技有限公司,公司企业;公司;公司,109.03974456225542,34.27893327834014,灞桥区,109.044781,34.277616
B0KAFUH8NO,陕西麒言会展服务有限公司,公司企业;公司;公司,109.04097066464004,34.30879735972415,灞桥区,109.046014,34.307496
B0KG15C0ZC,西安美盛财务管理有限公司,公司企业;公司;公司,109.06192484584216,34.278989284069,灞桥区,109.06703,34.277717
B0J1VUA3RT,悍德森健身器材(西北运营中心),公司企业;公司;公司,109.032660839061,34.29985606961469,灞桥区,109.037673,34.29853
B0FFG6DEVY,今康医药超市(西安市第十分店),公司企业;公司;医药公司,109.03758397964694,34.29470781831588,灞桥区,109.042614,34.293392
B0FFM9MR13,陕西德宇益康药业有限公司,公司企业;公司;公司,109.07902683472535,34.281849855394334,灞桥区,109.084169,34.2806
B0LK57V3BF,河南弗斯德智能科技有限公司西安分公司,公司企业;公司;公司,109.06695692518927,34.28501918677595,灞桥区,109.072075,34.283757
B0L0JNE3TK,陕西徽商天下一站式家装体验馆,公司企业;公司;广告装饰,109.0611209608363,34.2903437691203,灞桥区,109.066225,34.289075
B0L1FR007P,西安瀛凯视听设备有限公司,公司企业;公司;公司,109.0465429713048,34.29390624913722,灞桥区,109.051604,34.292611
B0LKU5YUUK,三川一禾(凯德广场御锦城店),公司企业;公司;公司|汽车销售;汽车销售;汽车销售,109.03825501709991,34.27757346678742,灞桥区,109.043286,34.276252
B0FFJ4HG9N,慧丽制衣厂,公司企业;工厂;工厂,109.06026848807664,34.29880549478769,灞桥区,109.065371,34.297539
B0LD0CGJCS,陕西辟谷健康管理有限公司,公司企业;公司;公司,109.03520823542252,34.311939091981365,灞桥区,109.040231,34.310625
B0K0779RG1,西安焙力士餐饮技术服务有限公司,公司企业;公司;公司,109.04766171033418,34.27767473155136,灞桥区,109.052725,34.276375
B0J65UGX91,陕西三松建筑工程有限公司,公司企业;公司;建筑公司,109.05166302032418,34.27817620138165,灞桥区,109.056739,34.276885
B0FFFO3T7E,中铁十二局集团第一工程有限公司,公司企业;公司;公司,109.08910416932804,34.28567979627498,灞桥区,109.094261,34.284438
B0FFGH0P8S,西安纺织集团有限责任公司,公司企业;公司;公司|商务住宅;产业园区;产业园区,109.12431016411335,34.28145956089314,灞桥区,109.129475,34.280204
B0FFFAHTQ2,陕西路安特实业有限公司(灞柳二路),公司企业;公司;公司,109.10317528416157,34.28628214435781,灞桥区,109.108343,34.285042
B0FFFFX2DJ,陕西交通控股集团有限公司(西商分公司),公司企业;公司;公司,109.11311232897768,34.28038176064923,灞桥区,109.118281,34.279135
B0FFG8NHQR,中铁一局集团电务工程有限公司(灞柳一路),公司企业;公司;公司,109.10565086421866,34.281602771479484,灞桥区,109.110819,34.28036
B0M6OSLSWU,陕西安旗食品有限公司,公司企业;公司;公司,109.11144611048728,34.2818181853549,灞桥区,109.116615,34.280573
B0FFF5KB9X,凡高实业西北,公司企业;公司;公司,109.10584250637832,34.28511234755998,灞桥区,109.111011,34.283871
B001D0Z7K6,陕西金翼服装有限责任公司,公司企业;公司;公司,109.11125222673392,34.28046364913375,灞桥区,109.116421,34.279218
B0IDC7HEDJ,西安北方庆华机电有限公司,公司企业;公司;机械电子,109.11299916071653,34.29362503465383,灞桥区,109.118169,34.292384
B0L165S6K8,西安航天化学动力有限公司,公司企业;公司企业;公司企业,109.12754526669578,34.304710964996104,灞桥区,109.13271,34.303462
B0FFFAHTPY,西安江海纸塑实业有限公司,公司企业;公司;公司,109.10746918115252,34.28472208997114,灞桥区,109.112638,34.28348
B001D0VXE9,西安银河电力设备厂,公司企业;工厂;工厂,109.09097415229928,34.31963599180262,灞桥区,109.096136,34.31841
B001D0VT9Z,西安通达铁路器材有限责任公司,公司企业;公司;公司,109.1065804286963,34.28394708995443,灞桥区,109.111749,34.282705
B001D0Z7K8,西安兆龙食品有限公司,公司企业;公司;公司,109.11098383107148,34.31928634907965,灞桥区,109.116156,34.318058
B0I2OSON7C,中建八局西北建设有限公司灞河左岸项目部,公司企业;公司;公司,109.09701743986264,34.27811412624304,灞桥区,109.102181,34.276871
B0FFILGZ4S,西安阿吉利斯环保设备有限公司,公司企业;公司;公司,109.10658195845828,34.32361638117236,灞桥区,109.111754,34.322392
B0J1JZU0YE,西安市纺织城开发建设有限公司,公司企业;公司;建筑公司,109.0871496400506,34.29573035246816,灞桥区,109.092305,34.294492
B0FFFFX1WY,陕西航天科技集团有限公司,公司企业;公司;公司,109.11278348094676,34.301187584137004,灞桥区,109.117954,34.29995
B0FFIN78WQ,赵东面粉厂,公司企业;公司企业;公司企业,109.10718239611845,34.31717859865995,灞桥区,109.112354,34.315951
B0FFGC2IF9,西安市华佰利热力有限公司,公司企业;公司;公司,109.1039951888696,34.28383336965758,灞桥区,109.109163,34.282592
B0J3LZ5707,陕西元丰新材料科技有限公司(研发基地),公司企业;公司;公司|科教文化服务;科研机构;科研机构,109.12207103416809,34.28035781056098,灞桥区,109.127237,34.279104
B0FFG4HSXO,西安市西蓝天然气股份有限公司,公司企业;公司;公司,109.10808292066405,34.3208412541628,灞桥区,109.113255,34.319615
B0FFH19Q75,陕西中天火箭技术股份有限公司,公司企业;公司企业;公司企业,109.12908669279943,34.301694094917934,灞桥区,109.13425,34.300442
B0GDLUISZB,西安海丰红木家具厂,公司企业;工厂;工厂,109.12400327814026,34.300972819160265,灞桥区,109.12917,34.299726
B0FFHJDHBN,西安华源卫生保健品有限公司,公司企业;公司;公司,109.12862958959994,34.28737779509936,灞桥区,109.133792,34.28612
B0FFIPS8NZ,西安双利板业,公司企业;公司企业;公司企业,109.12722428544386,34.29041887922178,灞桥区,109.132388,34.289164
B0FFGH9NUY,陕西威达机械制造股份有限公司,公司企业;公司;机械电子,109.1102480557723,34.28262721413747,灞桥区,109.115417,34.281383
B0FFIMATCQ,中国兵器(洪庆街店),公司企业;公司;公司,109.11294015827504,34.29359301256765,灞桥区,109.11811,34.292352
B0FFH005NW,艾尔希庆华(西安)汽车有限公司,公司企业;公司;公司|公司企业;工厂;工厂,109.11748069050977,34.29757443735867,灞桥区,109.12265,34.296332
B0FFILIPSG,佰鸿集团,公司企业;公司;公司,109.10883219513175,34.28228468886398,灞桥区,109.114001,34.281041
B0FFFAF1H2,西安诚惠金属保护有限公司,公司企业;公司;公司,109.10576709878622,34.324296788809214,灞桥区,109.110939,34.323073
B0FFILM9UD,西安蓝茗医疗科技有限公司,公司企业;公司企业;公司企业,109.1095188104736,34.28593745526446,灞桥区,109.114688,34.284695
B0FFH6FZYS,西安庆华民用爆破器材股份有限公司(市场营销部办事处),公司企业;公司;公司,109.1116621284228,34.293103479057386,灞桥区,109.116832,34.291863
B0FFIK783R,西安市灞桥区中兴木材加工厂,公司企业;公司企业;公司企业,109.09749024941108,34.32222659361295,灞桥区,109.102658,34.321003
B001D0Z7E9,西安东风塑业有限公司,公司企业;公司;公司,109.11175584676091,34.31921280535254,灞桥区,109.116928,34.317984
B0FFJU031M,西安鸿庆观赏鱼养殖场,公司企业;农林牧渔基地;其它农林牧渔基地,109.12676816043091,34.32249195300721,临潼区,109.131935,34.321252
B0FFI75KTY,西安卓友防水补漏工程有限公司,公司企业;公司;公司,109.10101776560896,34.2919873449541,灞桥区,109.106185,34.29075
B0KDVHA5KZ,陕建六建工地,公司企业;公司;公司,109.11678029963277,34.32263552696582,灞桥区,109.121952,34.321405
B001D0W1CD,西安同力金属表面处理有限公司,公司企业;公司;公司,109.1183693637416,34.315976870295444,灞桥区,109.12354,34.314742
B0FFH3YUGH,西安金正畜牧有限责任公司,公司企业;公司;公司,109.13321529275302,34.32400803980826,临潼区,109.138377,34.322761
B0FFH0PYCP,北方特种能源集团有限公司,公司企业;公司企业;公司企业,109.11230508417924,34.29391549352807,灞桥区,109.117475,34.292675
B0FFFFX14M,陕西金龙特种门窗制造有限公司,公司企业;公司;公司,109.09576177020432,34.31951499030577,灞桥区,109.100928,34.31829
B0FFGHAAMQ,西安超码科技有限公司,公司企业;公司;公司,109.12162787723749,34.30254280496816,灞桥区,109.126796,34.301299
B0FFK2GQNC,陕西灿宁公路工程试验检测有限公司,公司企业;公司企业;公司企业,109.09053262003818,34.31963314224886,灞桥区,109.095694,34.318407
B0MBFH6QOR,菜亿箩(西安东郊仓),公司企业;公司;公司,109.10428495119903,34.285396778245506,灞桥区,109.109453,34.284156
B0K21DX2JM,西安张天星商贸有限公司,公司企业;公司;商业贸易,109.09161053895748,34.31915701479508,灞桥区,109.096773,34.317931
B0H2H5JQYN,俊钢仓库,公司企业;公司;公司,109.08796610201291,34.3018262741588,灞桥区,109.093123,34.300591
B0JDDSYT9B,陕西风林通风设备有限公司,公司企业;公司;公司,109.10730607923148,34.29766943572548,灞桥区,109.112476,34.296433
B0GUY91VA2,庆华厂车道门,公司企业;公司;冶金化工|公司企业;工厂;工厂,109.11120519915754,34.292215612948404,灞桥区,109.116375,34.290975
B0FFLCO33R,陕西正泽检测科技有限公司,公司企业;公司;公司,109.10760618796785,34.284367294106765,灞桥区,109.112775,34.283125
B001D0Z7FA,西安嘉奥调味食品有限公司,公司企业;公司;公司,109.10928079222812,34.320669858826506,灞桥区,109.114453,34.319443
B0K1BASZIN,中铁一局集团电务工程有限公司西安东站XDZH标段项目经理部(信号),公司企业;公司;公司,109.11185068852748,34.32105600078354,灞桥区,109.117023,34.319828
B0H15STKL3,陕西拓达承建建筑工程有限公司,公司企业;公司企业;公司企业,109.10806195694428,34.286166712892395,灞桥区,109.113231,34.284925
B0FFGN0K5D,陕西羲和新材料有限公司,公司企业;公司;公司,109.11484296868797,34.31007392347179,灞桥区,109.120014,34.308839
B0HRV7W4LM,西安云海消防设备有限公司,公司企业;公司;公司,109.10815060927114,34.3014291130895,灞桥区,109.113321,34.300194
B0FFFAHTT0,西安天风建筑安装工程公司,公司企业;公司;建筑公司,109.11575853093268,34.30572552655026,灞桥区,109.120929,34.304488
B0FFLKPNYA,西安鑫锦和食品有限公司,公司企业;公司;公司,109.11313143011216,34.29068538856549,灞桥区,109.118301,34.289443
B0JRHYEN2F,西安星火线切割机械加工厂,公司企业;工厂;工厂,109.1073563714618,34.30565391107556,灞桥区,109.112527,34.304421
B0FFGJ8M68,陕西金兰服装有限公司,公司企业;公司;公司,109.11018919814406,34.281027858490624,灞桥区,109.115358,34.279783
B0KKNODJ0U,陕西北方民爆集团有限公司,公司企业;公司;公司,109.11366443624158,34.27984133326736,灞桥区,109.118833,34.278594
B0FFGFQKS7,西安金恒电力设备有限公司,公司企业;公司;公司,109.11062972259376,34.3205875580004,灞桥区,109.115802,34.31936
B0FFFF9AU4,新东宝汽车服务部,公司企业;公司;公司|汽车服务;汽车养护/装饰;汽车养护,109.10598595486526,34.29099787324497,灞桥区,109.111155,34.289759
B0FFFFX1YN,陕西电通机械制造有限公司,公司企业;公司;机械电子,109.12854934595194,34.3009078126413,灞桥区,109.133713,34.299656
B0FFHHRRG7,神厨食品有限公司,公司企业;公司;公司,109.11244418210642,34.281452907782395,灞桥区,109.117613,34.280207
B0LKU7ZP5O,灞上文娱产业基地,公司企业;公司;公司,109.1179782376634,34.281640684435146,灞桥区,109.123146,34.280391
B0FFKZFC4X,陕西星优家居用品有限公司,公司企业;公司;公司,109.10515872113665,34.28484025373335,灞桥区,109.110327,34.283599
B0LBPCBD9P,西安帅强帘业有限公司,公司企业;公司;公司,109.09480969532166,34.31780091431627,灞桥区,109.099975,34.316575
B0H1V5RLT9,西安浩森智造科技有限公司,公司企业;公司;公司,109.11454796883656,34.30949798471647,灞桥区,109.119719,34.308263
B0K1NAICSB,珑星图文广告,公司企业;公司;广告装饰,109.1127736005665,34.31124106276047,灞桥区,109.117945,34.310008
B0FFHB2PGH,中国中铁七局集团西安铁路工程有限公司租赁分公司,公司企业;公司;公司,109.10220824541662,34.2914097625678,灞桥区,109.107376,34.290172
B0MGPH0RJ4,云筑门窗厂,公司企业;工厂;工厂,109.14104862082482,34.324030091314846,临潼区,109.146202,34.322772
B0FFGC2URU,陕西博溪生物科技有限公司,公司企业;公司;公司,109.1086191821564,34.28271941167831,灞桥区,109.113788,34.281476
B0J19AW11O,陕西新绿城新能源科技有限公司,公司企业;公司;公司,109.09251177581922,34.317701437840185,灞桥区,109.097675,34.316475
B0L2OUVXEO,陕西常胜智造科技有限公司,公司企业;公司;公司,109.116392085521,34.28964805189267,灞桥区,109.121561,34.288403
B0KAUDMB68,西安亿嘉叁笑商贸有限公司,公司企业;公司;公司,109.11825227593664,34.31653051978932,灞桥区,109.123423,34.315296
B0JBHR2567,陕西兴冶重工科技有限公司中转库,公司企业;公司;公司,109.10268646804744,34.32078165759673,灞桥区,109.107857,34.319557
B0LUDREDIG,西安航天新能源装备科技有限公司,公司企业;公司;公司,109.1213887122508,34.30312632281,灞桥区,109.126557,34.301883
B0FFFFX2BF,东城广源广告,公司企业;公司;广告装饰,109.11235551100437,34.28906761823457,灞桥区,109.117525,34.287825
B0FFFFX19H,陕西兴达路桥安装有限公司,公司企业;公司;建筑公司,109.09942703674032,34.32180279975826,灞桥区,109.104596,34.320579
B0KAZHEZFB,陕西奥博门业装饰工程有限公司,公司企业;公司;公司,109.10470835024331,34.32496616108374,灞桥区,109.10988,34.323743
B0L0GL41W6,四川金盾保安服务有限公司陕西分公司,公司企业;公司;公司,109.1148537662761,34.31240886841242,灞桥区,109.120025,34.311175
B0HKUHW2D8,陕西顺和杰民食品有限公司,公司企业;公司;公司,109.11223517980058,34.28133883344531,灞桥区,109.117404,34.280093
B001D09P4K,天丰广告,公司企业;公司;广告装饰|生活服务;摄影冲印店;摄影冲印,109.11275040829416,34.30198820893324,灞桥区,109.117921,34.300751
B0KAOZTT6Z,陕西迈开电气科技有限公司,公司企业;公司;公司,109.10397910189307,34.31919867161895,灞桥区,109.10915,34.317973
B0FFGH0HPQ,西安天达制造试验分公司,公司企业;公司;公司,109.10558308217271,34.32505537385524,灞桥区,109.110755,34.323832
B0FFGC2Y0L,中天火箭公司,公司企业;公司;公司,109.11287342449891,34.30191731472276,灞桥区,109.118044,34.30068
B0FFGC20B4,西安向阳航天材料股份有限公司,公司企业;公司;公司,109.11486170956898,34.301643719131135,灞桥区,109.120032,34.300405
B0JR1CWDVV,明照精品杂粮大米有限公司,公司企业;公司;公司,109.0996757004167,34.323976793450846,灞桥区,109.104845,34.322754
B0FFKWXAVP,荣晨服饰有限公司,公司企业;公司;公司,109.1088228426872,34.286328969620406,灞桥区,109.113992,34.285087
B0FFH9G614,西安三华精密机械有限公司,公司企业;公司企业;公司企业,109.11145767466957,34.32109876148284,灞桥区,109.11663,34.319871
B0M6M6TNE1,庆华工厂,公司企业;公司;冶金化工|公司企业;工厂;工厂,109.11280462035116,34.29961329334173,灞桥区,109.117975,34.298375
B0FFGVVMS9,陕西中威飓通风机有限公司,公司企业;公司;公司,109.11010970334932,34.321025090502786,灞桥区,109.115282,34.319798
B0MAYS1K3T,光顺隆安废纸打包有限公司,公司企业;公司;公司,109.11156697285853,34.28341857643526,灞桥区,109.116736,34.282174
B0KAM7ZSKK,西安万亩田粮油经销有限公司,公司企业;公司;公司,109.10089701598524,34.324136820406984,灞桥区,109.106067,34.322914
B0FFHKWJ9B,西安钟楼水表工业集团公司,公司企业;公司;公司,109.09346736247024,34.32361745300614,灞桥区,109.098632,34.322394
B001D0W3G5,西安市胶木电器厂,公司企业;工厂;工厂,109.11456127732096,34.317424366293,灞桥区,109.119733,34.316193
B0FFHYJX81,陕西湘宝商贸有限责任公司,公司企业;公司;公司,109.0951632048056,34.320053816170955,灞桥区,109.100329,34.318829
B0FFG1B90X,洪庆王中王酱醋厂,购物服务;综合市场;农副产品市场|公司企业;工厂;工厂,109.11159499374176,34.31748451634319,灞桥区,109.116767,34.316255
B0G0APS4AA,陕西宇航科技工业公司,公司企业;公司;公司,109.11398229401328,34.30481072129956,灞桥区,109.119153,34.303574
B0FFM4POHA,西安兴雁工贸有限公司,公司企业;公司;公司,109.10955477509602,34.28631031339333,灞桥区,109.114724,34.285068
B0KUVUVDR0,西安辉成光学有限公司,公司企业;公司;公司,109.1109146850054,34.32096153260854,灞桥区,109.116087,34.319734
B0FFMGQX9C,西安嘉乐福家具有限公司,公司企业;公司;公司,109.1319176850358,34.294547708664865,灞桥区,109.137078,34.293289
B0FFMC6SPJ,通远科技创业园,公司企业;公司;公司,109.1105182120432,34.28072815093506,灞桥区,109.115687,34.279483
B0LRKLJUAB,西安森航数控机械加工厂,公司企业;工厂;工厂,109.11611771814204,34.31595013936077,灞桥区,109.121289,34.314717
B0JUS7PW8Y,西安蓝通机械设备制造有限公司,公司企业;工厂;工厂,109.09890331549498,34.322255569651965,灞桥区,109.104072,34.321032
B0LBLZMAWB,西安兴嘉旺商贸有限公司,公司企业;公司;公司,109.1105138344094,34.307919307620644,灞桥区,109.115685,34.306686
B0K1OZ26Y8,西安慕味食品有限公司,公司企业;公司;公司,109.10679392271234,34.32349351429411,灞桥区,109.111966,34.322269
B0I3SAYIP1,西安御卤世家食品有限公司,公司企业;公司;公司,109.10939774894749,34.32104773696194,灞桥区,109.11457,34.319821
B0HKNHORSB,西安市灞桥区晟铭苗圃基地厂,公司企业;农林牧渔基地;其它农林牧渔基地,109.12564926262276,34.3013003928516,灞桥区,109.130815,34.300052
B0LURAUBMG,西安达成商贸有限公司日化采购基地,公司企业;公司;公司,109.11774524452092,34.315023806554386,灞桥区,109.122916,34.313789
B0FFGC2T89,西安商隆粮油贸易有限责任公司,公司企业;公司;公司,109.11278874539582,34.309599817096824,灞桥区,109.11796,34.308366
B0LBS5UVXM,西安一新会展服务有限公司,公司企业;公司;公司,109.13099740143475,34.31150000207002,灞桥区,109.13616,34.31025
B0LG0527BH,西安伟亚达遮阳科技有限公司,公司企业;公司;公司,109.1311574920772,34.277694934862986,灞桥区,109.136317,34.27643
B0J2US0FNR,灞桥区疾控中心建设项目部(陕外建设),公司企业;公司;公司,109.08620943004006,34.30046975829605,灞桥区,109.091364,34.299233
B0FFH4A3L8,航天计量,公司企业;公司;公司|购物服务;购物相关场所;购物相关场所,109.11280251412728,34.30082575594116,灞桥区,109.117973,34.299588
B0MAYU2991,向阳公司,公司企业;公司;公司,109.1119541316535,34.30461057354645,灞桥区,109.117125,34.303375
B0K0LCR4L3,秦唐秦臻食品有限公司,公司企业;公司;公司,109.10504269017326,34.31989362996481,灞桥区,109.110214,34.318668
B0J1U58N11,天建电气设备(北京)有限公司西安分公司,公司企业;公司;公司,109.1100567044615,34.32104305588143,灞桥区,109.115229,34.319816
B0JG353NCW,鑫佳辉供应链管理有限公司,公司企业;公司;公司,109.103807026795,34.2864652061498,灞桥区,109.108975,34.285225
B0KK17GSNQ,斗鲜(西安)餐饮管理有限公司,公司企业;公司;公司,109.11042603064396,34.30570825737434,灞桥区,109.115597,34.304474
B0HARM2LSD,西安尚派家具有限公司,公司企业;公司;公司,109.10931074728738,34.32115264750133,灞桥区,109.114483,34.319926
B0L0DHN489,中冶华南西北运营中心,公司企业;公司;公司,109.11217469592124,34.30970540637941,灞桥区,109.117346,34.308472
B0GRRMH49U,西安凌仕环保科技有限公司,公司企业;公司;公司,109.10690632582109,34.284317049862125,灞桥区,109.112075,34.283075
B0FFLK61AS,西安徳玛机电科技有限公司,公司企业;公司;公司,109.12871845386292,34.3011559002931,灞桥区,109.133882,34.299904
B0KA2ZEV4D,3d打印-西安贝丽智能科技有限公司,公司企业;公司;公司,109.08998224048143,34.28501373525729,灞桥区,109.09514,34.283772
B0K6SS4SCM,中铁二十局集团有限公司西延铁路XYZQ-15标段项目经理部1号钢筋加工厂,公司企业;公司企业;公司企业,109.09771375655193,34.29178328907013,灞桥区,109.102879,34.290546
B0LDTH4BU1,西安煜创电子科技有限公司,公司企业;公司;公司,109.11448597130536,34.309355007898986,灞桥区,109.119657,34.30812
B0H1VRT4GS,西安和兴电器有限公司,公司企业;公司企业;公司企业,109.10794692137212,34.2867754060787,灞桥区,109.113116,34.285534
B0H1RLDIJM,西安市灞桥区半山缘火龙果基地,公司企业;农林牧渔基地;其它农林牧渔基地,109.13771359422506,34.29245344662921,灞桥区,109.142868,34.291186
B0FFFFX225,陕西海欣庆华医药化工有限公司,公司企业;公司;医药公司,109.11552820878514,34.30884295810867,灞桥区,109.120699,34.307607
B0JDB771Z1,西安昱升测控设备有限公司,公司企业;公司;公司,109.10967579519824,34.28597851241249,灞桥区,109.114845,34.284736
B0I117ARAF,庆华汽车安全系统有限公司,公司企业;公司;公司,109.1127302200837,34.29268827828908,灞桥区,109.1179,34.291447
B0L0F18LQ0,西安塬阳利新建设工程有限公司,公司企业;公司;建筑公司,109.0907917263214,34.29236229607107,灞桥区,109.095951,34.291124
B0K0HSKWBF,西安市东三环至临潼公路设计施工总承包项目经理部第二分部综合场站,公司企业;公司;公司,109.1365371143766,34.306505581270905,灞桥区,109.141694,34.305246
B0K3AH3VAO,西安市灞桥区岳家沟家庭农场,公司企业;农林牧渔基地;其它农林牧渔基地,109.14378761948574,34.29366205198459,灞桥区,109.148935,34.292386
B0HU3HZ95L,陕西星海亚克力工厂,公司企业;工厂;工厂,109.11452394525162,34.2982919714795,灞桥区,109.119694,34.297052
B0FFKWA0V5,陕西喜牛食品有限公司,公司企业;公司;公司,109.12829132719293,34.287440374956105,灞桥区,109.133454,34.286183
B0J3UH09DP,陕西北方友邦爆破科技有限公司,公司企业;公司;公司,109.11337440492814,34.27981815975025,灞桥区,109.118543,34.278571
B0IRGAAJ6W,西安市恒诚保安服务有限公司九号线项目部,公司企业;公司;公司,109.107442632148,34.2910573674886,灞桥区,109.112612,34.289818
B0JAYUDE0L,西安久力恒亚克力制品有限公司,公司企业;公司;公司,109.141661727933,34.308276282437625,灞桥区,109.146813,34.30701
B0FFGAM23W,西安市灞桥区志国门窗加工厂,公司企业;工厂;工厂,109.09719948297156,34.3218977604483,灞桥区,109.102367,34.320674
B0FFKURMNP,陕西鑫垚森木业有限公司,公司企业;公司;公司,109.09746927435152,34.32210864961748,灞桥区,109.102637,34.320885
B0MGT55KEW,友发钢管 利达钢管,公司企业;公司;公司,109.10793714614796,34.31852027354598,灞桥区,109.113109,34.317293
B0L1PL7L19,西安市灞桥区瑞丰禾食品有限公司,公司企业;公司;公司,109.10758915388196,34.28479110754457,灞桥区,109.112758,34.283549
B0G0DLC21Q,西安思百特幕墙有限公司,公司企业;公司;公司,109.09815904810162,34.31933792475067,灞桥区,109.103327,34.318113
B0MGRAJF0X,第二十一再生水厂,公司企业;工厂;工厂,109.09843433293368,34.29114455594694,灞桥区,109.1036,34.289907
B0G0D644B2,陕西亿农上品农业有限公司,公司企业;公司;公司,109.12341838262752,34.28452636255011,灞桥区,109.128584,34.283273
B0LGADGG6F,西安玻尔智能科技有限公司,公司企业;公司;公司,109.10804723323947,34.28303103761409,灞桥区,109.113216,34.281788
B0LDG7DCO3,韩峪配水厂,公司企业;工厂;工厂,109.1428237757382,34.32393585456465,临潼区,109.147975,34.322675
B0JAARJQDR,西安天娇纸品有限公司,公司企业;公司;公司,109.12800741963116,34.31827231740515,灞桥区,109.133173,34.317029
B0KR6ZH2PI,中铁一局集团有限公司西安东站XDZH-2标段项目经理部,公司企业;公司;公司,109.1086593125036,34.281172081290265,灞桥区,109.113828,34.279928
B0FFFFX246,北方庆华电器(集团)有限责任公司铁路运输分公司,公司企业;公司;公司,109.1169658172266,34.30586935673439,灞桥区,109.122136,34.304631
B0MB94U2G6,西安五环非织造材料有限公司,公司企业;公司企业;公司企业,109.10938016822786,34.281974069409046,灞桥区,109.114549,34.28073
B0JB6HFY59,春禾粮田商贸有限公司,公司企业;公司;商业贸易,109.10001858580335,34.32304525301889,灞桥区,109.105188,34.321822
B0K6MAFGDX,西安市长途电信线务局(洪庆分局),公司企业;公司;电信公司,109.11237232454904,34.31407453019588,灞桥区,109.117544,34.312843
B0KA753HRC,陕西新翌成制冷设备有限责任公司,公司企业;公司;公司,109.11165171153576,34.32072404379796,灞桥区,109.116824,34.319496
B0LUF922UK,陕西东辰文化仓储中心,公司企业;农林牧渔基地;其它农林牧渔基地,109.09520480312968,34.324256843635865,灞桥区,109.100371,34.323034
B0KDSZUWJT,玺盛达彩钢厂,公司企业;工厂;工厂,109.09166237787312,34.320400421044305,灞桥区,109.096825,34.319175
B0KUXD1JQS,陕西科骏达装备科技有限公司,公司企业;公司;公司,109.11237718521036,34.304241983040214,灞桥区,109.117548,34.303006
B0I0GRJAR2,西安华中有色金属有限公司,公司企业;公司;冶金化工,109.09404229667328,34.31847473556273,灞桥区,109.099207,34.317249
B0HA7ZZMW2,西安市灞桥区秀刚肉制品加工厂,公司企业;工厂;工厂,109.1194560413493,34.2898734046913,灞桥区,109.124624,34.288626
B0L2N1IPG1,西安盛顺铭商贸有限公司,公司企业;公司;商业贸易,109.0946098903994,34.317501085199446,灞桥区,109.099775,34.316275
B0HAV59631,西安市灞桥区立春化工厂,公司企业;工厂;工厂,109.12783894806888,34.28792564688502,灞桥区,109.133002,34.286669
B0FFJO5RA4,陕西西慕电气设备有限公司,公司企业;公司;公司,109.10359715004525,34.28594637893349,灞桥区,109.108765,34.284706
B0GUCH3LHI,西蓝集团生产区,公司企业;公司;公司,109.1072610945307,34.320451110100954,灞桥区,109.112433,34.319225
B0MG574I8O,独特西安仓,公司企业;公司;公司,109.10498867518156,34.285951731997216,灞桥区,109.110157,34.284711
B0I0XZ9BWB,陕富面粉,公司企业;公司;公司|购物服务;购物相关场所;购物相关场所,109.09950579630728,34.324017765100095,灞桥区,109.104675,34.322795
B001D0Z7GV,陕西东盛塑料发展有限公司,公司企业;公司;公司,109.11087765872526,34.32126637079839,灞桥区,109.11605,34.320039
B0LD2CN8RP,西安市灞桥区瑞禾食品有限公司,公司企业;公司;公司,109.10773732495768,34.30541816588857,灞桥区,109.112908,34.304185
B0JUVS7XWB,陕西宇康医药科技有限公司,公司企业;工厂;工厂,109.10774615207067,34.28450629067906,灞桥区,109.112915,34.283264
B0FFHE32T8,天达能源公司,公司企业;公司;公司,109.10500925009694,34.32503721161902,灞桥区,109.110181,34.323814
B0LK3PZKXF,西安庆华民用爆破器材股份有限公司客户接待中心,公司企业;公司企业;公司企业,109.11160712749756,34.29309845058427,灞桥区,109.116777,34.291858
B0L2HSAS59,陕西馨雅纺织科技有限公司,公司企业;公司;公司,109.10350518917784,34.285897379209295,灞桥区,109.108673,34.284657
B0G10MET0H,中共华源卫生保健品有限公司支部委员会,公司企业;公司企业;公司企业,109.12834036355162,34.287447428742766,灞桥区,109.133503,34.28619
B0J2H7I2YP,西安布草洗涤厂,公司企业;工厂;工厂,109.13458406811462,34.30725956276926,灞桥区,109.139743,34.306003
B0FFL6OQD2,华润置地物业航天四院客户服务中心,公司企业;公司;公司,109.11997161404864,34.30854261679722,灞桥区,109.125141,34.307303
B0KDHCHWE6,中慧创(西安)机电科技有限公司,公司企业;公司;公司,109.14135136175952,34.308214837843565,灞桥区,109.146503,34.306949
B0L6YSYVP8,西安鑫锂城新能源科技有限公司,公司企业;公司;公司,109.1160255529922,34.31759031506606,灞桥区,109.121197,34.316358
B0FFKH4V58,陕西丰恒达工贸有限公司跃鑫库,公司企业;公司企业;公司企业,109.10611334720576,34.3204417061344,灞桥区,109.111285,34.319216
B0HRJUPZ44,西安峰源信实业有限公司,公司企业;公司;公司,109.09253576285704,34.31758548527411,灞桥区,109.097699,34.316359
B0MUZ18PKI,陕西麒言会展服务有限公司,公司企业;公司;公司,109.11240561017058,34.287968119128536,灞桥区,109.117575,34.286725
B0J60ADC5M,西安鸿冠星智能机电科技有限公司,公司企业;公司;机械电子,109.10715972261472,34.29063244294988,灞桥区,109.112329,34.289393
B0FFFFX14N,陕西振丰科实业有限公司,公司企业;公司;商业贸易,109.09570676279915,34.32009672609223,灞桥区,109.100873,34.318872
B0IUUZPRZV,陕西嘉越社区服务有限公司,公司企业;公司;公司,109.10658195581468,34.30078979415801,灞桥区,109.111752,34.299555
B0JGGZN428,西安市新宇光学技术有限公司,公司企业;公司;公司,109.1148009689108,34.29855604256374,灞桥区,109.119971,34.297316
B0JRGZUTYR,陕西金稞食品有限公司,公司企业;公司;公司,109.12129234804252,34.28389858880204,灞桥区,109.126459,34.282647
B0KAV5EE0H,陕西金栋威建设工程有限公司,公司企业;公司;建筑公司,109.09797637688185,34.29409228141199,灞桥区,109.103142,34.292856
B0JRCR6UI1,华利麦丰精品杂粮大米贸易有限公司(麦丰粮行),购物服务;综合市场;农副产品市场|公司企业;公司;公司,109.09995051080914,34.32434163921105,灞桥区,109.10512,34.323119
B0FFGH4AVW,西安大中西玛电机销售维修有限公司,公司企业;公司;公司,109.09633531131767,34.31968985060672,灞桥区,109.101502,34.318465
B0L6990OEP,陕西交控,公司企业;公司;公司|政府机构及社会团体;政府及社会团体相关;政府及社会团体相关,109.11227556958852,34.2883448815942,灞桥区,109.117445,34.287102
B0KUAN20MC,向阳北路向阳二区商网,公司企业;公司;公司,109.12072796098008,34.30826241530224,灞桥区,109.125897,34.307022
B0FFFFX2FH,洪庆酿造厂,公司企业;工厂;工厂,109.11780613316812,34.316513169274856,灞桥区,109.122977,34.315279
B0LGP9RGD7,西安纺织控股有限责任公司,公司企业;公司;公司,109.1164566152936,34.28377260743831,灞桥区,109.121625,34.282525
B0KBP6T40V,西安东城泽宇建筑工程有限公司,公司企业;公司;建筑公司,109.0930637267778,34.32371149980212,灞桥区,109.098228,34.322488
B0FFGC32X8,西安天使提琴厂,公司企业;工厂;工厂,109.11005967700628,34.32135491177649,灞桥区,109.115232,34.320128
B0JR9UEZWR,西安六爻飞梦信息科技有限公司(厂房),公司企业;公司;公司,109.1123451276806,34.30487767996045,灞桥区,109.117516,34.303642
B0GUO74RR4,隆基绿能科技股份有限公司,公司企业;公司;公司,108.85278504625283,34.36293604039902,未央区,108.857405,34.361404
B0FFJSUDZZ,华羿微电子股份有限公司,公司企业;公司;机械电子,108.85334161591275,34.36551960966494,未央区,108.857961,34.363988
B0FFHOEXTJ,西安动车段,公司企业;公司;公司,108.87908841567018,34.36096057299591,未央区,108.883682,34.359393
B0FFJUYQZY,陕西九州通医药有限公司,公司企业;公司;医药公司,108.87798858273224,34.36414890285887,未央区,108.882583,34.362584
B0HR979NN9,西安高铁基础设施段,公司企业;公司;公司,108.90058065345606,34.3676266687562,未央区,108.905175,34.366052
B001D0W4OH,大普工业园,公司企业;公司;公司|商务住宅;产业园区;产业园区,108.88173776181756,34.37117952097682,未央区,108.886331,34.369615
B0FFG91Y6J,中国电子,公司企业;公司;机械电子,108.84673971450398,34.368289998400286,未央区,108.851369,34.366771
B0FFGFTT5Z,双健包装(尚苑路),公司企业;公司;公司,108.87889263646376,34.36940999514881,未央区,108.883487,34.367847
B0J1LCRZ8F,陕西蓝雪,公司企业;公司;公司,108.84821727546066,34.364382599579464,未央区,108.852844,34.362859
B0H25ZLEWN,中国铁路西安局集团有限公司工务机械段,公司企业;公司企业;公司企业,108.89028208356294,34.36164804151851,未央区,108.894873,34.360073
B0H6XNUIN8,陕西秦北混凝土有限公司,公司企业;公司;公司,108.86217533874976,34.37202176676637,未央区,108.866784,34.37048
B0JRHRD7OS,西安大地工程检测有限公司,公司企业;公司;公司,108.85630652816673,34.36680668736713,未央区,108.860922,34.365271
B0I25M969I,草滩集团,公司企业;公司;公司,108.86291358897688,34.36688351958227,未央区,108.867521,34.365338
B001D0Z5Y6,汉钢工贸有限责任公司PC钢棒厂,公司企业;工厂;工厂,108.87417928514073,34.33812213845264,未央区,108.878774,34.336548
B0FFKPJQKL,西安芮雨供应链管理有限公司,公司企业;公司企业;公司企业,108.84788745660704,34.33124856509701,未央区,108.852512,34.329709
B0FFGFQBXM,西汉花卉园,购物服务;花鸟鱼虫市场;花卉市场|公司企业;农林牧渔基地;其它农林牧渔基地,108.88553526144251,34.34159841133582,未央区,108.890125,34.340016
B001D15MOH,西安雄峰印刷包装有限公司(草滩六路),公司企业;公司;公司,108.87652037397226,34.368599150498454,未央区,108.881116,34.367038
B0FFI399HD,达能(陕西)食品饮料有限公司,公司企业;公司;公司,108.8586929511199,34.362334697601725,未央区,108.863305,34.360793
B0FFLOZBQH,石化大道花卉种植批发基地,公司企业;农林牧渔基地;其它农林牧渔基地,108.90024204370404,34.32780751958428,未央区,108.904833,34.326213
B0G13Z1KNQ,西安米旗食品有限公司,公司企业;工厂;工厂|公司企业;公司;公司,108.84916497150478,34.37329854140635,未央区,108.853791,34.371778
B0IDMUW47N,西安鑫汉都农牧公司水产养殖基地,公司企业;农林牧渔基地;其它农林牧渔基地,108.89624812027972,34.34826197127704,未央区,108.900839,34.346678
B0FFGFQM41,陕西鲁康医药有限公司,公司企业;公司;医药公司,108.85988519872949,34.34028258881103,未央区,108.864494,34.338728
B0FFGFQMVJ,臻汇璟仓库,公司企业;公司;公司,108.89552172516188,34.3559519131165,未央区,108.900113,34.354372
B0HU57OVSR,合容电气,公司企业;公司企业;公司企业,108.84581888292422,34.36102516339852,未央区,108.850449,34.359504
B0FFH2IF5Z,新意达商砼,公司企业;公司;公司,108.85135225917688,34.35983726618214,未央区,108.855974,34.358306
B0IUKZE3WE,稳江通仓储,公司企业;公司;公司,108.86498433991784,34.3482499112915,未央区,108.869588,34.346692
B001D0VZKW,西部电缆股份有限公司,公司企业;公司;公司|公司企业;工厂;工厂,108.88293014479852,34.37167719990527,未央区,108.887523,34.370112
B0FFGFV85V,西安秦华天然气,公司企业;公司;公司,108.85093122987328,34.35268120737952,未央区,108.855553,34.351147
B0FFLMI75S,陕西金冠生物科技股份有限公司,公司企业;公司;公司,108.87389490933336,34.36510923660185,未央区,108.878492,34.363549
B0HRTZ5361,西安新鼎尚电力工程有限公司,公司企业;公司;公司,108.871747646538,34.37289073889555,未央区,108.876347,34.371337
B0FFGHNZ6K,西安金域医学检验所,公司企业;公司;公司,108.85024694997992,34.36856387781401,未央区,108.854871,34.367039
B0K6NA2GJT,西安欧中材料科技股份有限公司,公司企业;公司;公司,108.86321228186684,34.36242325955891,未央区,108.867819,34.360875
B0J30SD362,西安蚂蚁众城商贸有限公司,公司企业;公司;商业贸易,108.90099970190796,34.32681602308297,未央区,108.905591,34.325221
B0IDLUA2X8,陕西国铁科学技术研究发展有限公司,公司企业;公司企业;公司企业,108.86524910393688,34.35461506507482,未央区,108.869853,34.35306
B0FFFPCXMC,西安耀新机械设备有限公司,公司企业;公司;机械电子|汽车服务;汽车服务相关;汽车服务相关,108.88045884577686,34.326329889006004,未央区,108.885049,34.324744
B0H3HH0VV3,陕西正为环境检测股份有限公司,公司企业;公司;公司,108.846249926475,34.368720916104486,未央区,108.85088,34.367203
B001D0VPWT,西安力邦临床营养股份有限公司,公司企业;公司;公司,108.84594630811708,34.333477114261754,未央区,108.850574,34.331942
B001D0WUI0,陕西龙驹实业有限公司,公司企业;公司;公司,108.8516047373668,34.35840542159857,未央区,108.856226,34.356873
B0L0DUO7YZ,陕西雨棚钢结构,公司企业;公司;公司,108.85889517160976,34.337936248674005,未央区,108.863505,34.336382
B0FFHHFDQO,西安展实检测工程有限公司,公司企业;公司;公司,108.84856736803346,34.369736401519745,未央区,108.853194,34.368215
B0FFI95QKW,陕西传旗电器成套设备工程有限公司,公司企业;公司;公司,108.86731212793968,34.33043069994823,未央区,108.871912,34.328861
B0FFHG8WPX,普洛斯,公司企业;公司企业;公司企业,108.86955038258168,34.36549900869009,未央区,108.874151,34.363944
B0FFLD6AUJ,西安草滩环境科技有限公司,公司企业;公司;公司,108.84705984577154,34.37272121932079,未央区,108.851689,34.371204
B0J2YZOVOK,陕西天迈建筑科技有限公司,公司企业;公司;公司,108.85717062623532,34.36716484927032,未央区,108.861785,34.365628
B0GD7A9XVT,鑫糊涂鱼池,体育休闲服务;休闲场所;垂钓园|公司企业;农林牧渔基地;其它农林牧渔基地,108.8902993341158,34.33367100609262,未央区,108.894888,34.332082
B0IAPZNBA0,西安华冠齿科用品有限公司,公司企业;公司;公司,108.84669581266836,34.36624499184945,未央区,108.851325,34.364725
B0LGA5HFLP,兴和苑田园农场,公司企业;农林牧渔基地;其它农林牧渔基地,108.89046070409309,34.32901131422461,未央区,108.895049,34.32742
B0G3AUFLNT,西安天正机电成套设备有限公司,公司企业;公司;公司,108.8768533529954,34.3713530305678,未央区,108.881449,34.369793
B001D15MOY,西安长实建设工程检测有限公司,公司企业;公司;公司,108.88011022655866,34.36936710581003,未央区,108.884704,34.367803
B0FFIB9W6S,西安盖雄商贸有限公司,公司企业;公司;公司,108.88389251929668,34.33339724977786,未央区,108.888482,34.331812
B0K6DA8T9T,陕西胥行时代新能源科技有限公司(中创新航授权服务站),公司企业;公司;公司,108.8747784498972,34.366085675062536,未央区,108.879375,34.364525
B0FFH6COIC,西安北方木工机械公司仓库,公司企业;公司;公司,108.88709966700112,34.35226709743434,未央区,108.89169,34.350689
B001D0WUES,正德科技,公司企业;公司;网络科技,108.85569117088156,34.36114165745458,未央区,108.860307,34.359604
B0K3ZMBMM4,粤浦科技未央国际科创中心项目,公司企业;公司;公司,108.87147631800886,34.361834211029304,未央区,108.876075,34.360275
B0K1KUG40Y,陕西伍肆循环家具有限公司,公司企业;公司;公司,108.8964975199471,34.34226200299837,未央区,108.901088,34.340675
B0JDFSU66H,西安木门加工厂,公司企业;工厂;工厂,108.881452145699,34.352613877494505,未央区,108.886044,34.35104
B0KGFZ2F3W,西安振刚机械,公司企业;公司;机械电子,108.85716319416623,34.335227908551374,未央区,108.861775,34.333675
B0FFGHA1T7,西安市帕菲克精密义齿有限公司,公司企业;公司;公司,108.84933543049746,34.37075217984024,未央区,108.853961,34.36923
B0G12SJ23J,西安隆基新能源有限公司,公司企业;公司;公司,108.85004071684624,34.36770997693017,未央区,108.854665,34.366185
B001D0W4LL,陕西中秦电力设备制造有限公司,公司企业;公司;机械电子,108.88441152748968,34.37231995556251,未央区,108.889004,34.370754
B0JA1ZJO48,西安喜氏会展服务有限公司,公司企业;公司;公司,108.85793058517986,34.34257250877971,未央区,108.862542,34.341022
B0FFH04FX4,陕西众森电能科技有限公司,公司企业;公司;公司,108.84986223368291,34.370441239244585,未央区,108.854487,34.368918
B0I14HC9BC,陕西超良机械电器有限公司,公司企业;公司;机械电子,108.84576233461148,34.36671711004529,未央区,108.850393,34.365199
B0H1FZFAR8,西安广成粮油商贸公司仓库,公司企业;公司;公司,108.86541412857554,34.34402958901686,未央区,108.870017,34.342469
B0FFMB7QKJ,陕西智进检测技术有限公司,公司企业;公司;公司,108.84792626580284,34.371438400073465,未央区,108.852554,34.369919
B0FFHCIEVV,陕西易度智能科技有限公司,公司企业;公司;公司,108.8480955197522,34.371456682425865,未央区,108.852723,34.369937
B0ID77M4T0,天诚冷链,公司企业;公司;公司,108.85930168527976,34.337802926455176,未央区,108.863911,34.336248
B0KRA779IS,陕建惠普生物工地,公司企业;公司;公司,108.84609196328864,34.365253452374986,未央区,108.850722,34.363734
B001D15KZ2,西安永兴科技发展有限公司,公司企业;公司;公司,108.85586747248792,34.36031036452856,未央区,108.860483,34.358772
B0FFHG186C,陕西中测检测科技有限公司,公司企业;公司;公司,108.84998356901788,34.36850046573374,未央区,108.854608,34.366976
B0JDNH5JJV,陕西佳农食品有限公司,公司企业;公司;公司,108.87186927403044,34.366315339480145,未央区,108.876468,34.364758
B001D15MP1,中闻集团西安印务有限公司,公司企业;公司;公司,108.87584761728895,34.37277626714137,未央区,108.880444,34.371218
B0JUP5VSCD,陕西明铖检测技术有限公司,公司企业;公司;公司,108.8464372292188,34.368545336089866,未央区,108.851067,34.367027
B0JUV76DK5,西安亚太菁英智能装备有限公司,公司企业;公司;公司,108.85672606063488,34.36702023282043,未央区,108.861341,34.365484
B001D0WTD5,西安奥邦科技有限责任公司,公司企业;公司;公司,108.87555864856292,34.37007639755034,未央区,108.880155,34.368517
B0LR3NBMIG,立讯未来中心项目部,公司企业;公司;公司,108.86997906920382,34.36166052158176,未央区,108.874579,34.360103
B0FFJFAZ7B,陕西赛银动力技术股份有限公司,公司企业;公司;公司,108.84673822141018,34.361997271616765,未央区,108.851367,34.360475
B0IUY77MK4,西安市未央区悠悠农场,公司企业;农林牧渔基地;其它农林牧渔基地,108.87786447518356,34.352216892724186,未央区,108.882458,34.350646
B0FFHLN414,陕西华邦检测服务有限公司,公司企业;公司;公司,108.8495269290113,34.36809390405407,未央区,108.854152,34.36657
B0J2SUHH3D,陕西中环华臻检测技术有限公司,公司企业;公司企业;公司企业,108.84857408285085,34.37338548383489,未央区,108.853201,34.371866
B0FFLGIXN7,陕西新华文化产业发展有限公司,公司企业;公司;公司,108.87851532469269,34.37085988324771,未央区,108.88311,34.369298
B0GRMC0RTU,西安安特石油科技有限公司,公司企业;公司;公司,108.84582231068104,34.368161459412136,未央区,108.850453,34.366644
B0FFJHQOYC,西安西瑞控制技术股份有限公司,公司企业;公司企业;公司企业,108.8512942021192,34.37187888972883,未央区,108.855917,34.370354
B0FFJ2TPU5,奥丰情铝业,公司企业;公司企业;公司企业,108.87014664234896,34.34393967616154,未央区,108.874745,34.342373
B0FFHGTD0G,西安致美齿科技术发展公司,公司企业;公司;公司,108.84975202938271,34.37096077821195,未央区,108.854377,34.369438
B0J2KM6P48,西安百润重工科技有限公司,公司企业;公司;公司,108.8549246905466,34.36673053619094,未央区,108.859542,34.365197
B0FFIZWNEU,西安拓日新能源科技有限公司,公司企业;公司企业;公司企业,108.84604500064636,34.36389507615494,未央区,108.850675,34.362375
B0KAKMQE59,卓渊仓库,公司企业;公司;公司,108.89930389991818,34.33555972809154,未央区,108.903895,34.333969
B0FFH2FH20,陕西国华现代测控技术有限公司,公司企业;公司;公司,108.85021190346492,34.368504849602125,未央区,108.854836,34.36698
B0FFIWCGJG,大明岗亭,公司企业;公司企业;公司企业,108.84542361436606,34.33202689145495,未央区,108.850052,34.330492
B0K1FHHOZ7,陕西中环检测服务有限公司,公司企业;公司;公司,108.8571165736981,34.36694987778537,未央区,108.861731,34.365413
B0HB1SGI6I,西安中驰电气设备有限公司,公司企业;公司;公司,108.88894612857406,34.37336223031679,未央区,108.893538,34.371794
B0FFJLH43V,西安凯德液压机电有限责任公司,公司企业;公司;公司,108.87508932354716,34.37026381107038,未央区,108.879686,34.368705
B0FFKZVXPO,陕西驭腾测试技术有限公司,公司企业;公司企业;公司企业,108.85000154618804,34.36910917647786,未央区,108.854626,34.367585
B0H2ZUA04P,西安优启邦地坪材料科技有限公司,公司企业;公司;公司,108.8579138188816,34.33941103394166,未央区,108.862525,34.337859
B001D0WIS9,西安正章干洗有限公司,公司企业;公司;公司,108.88072547480871,34.36965548354745,未央区,108.885319,34.368091
B0IBUHD8PW,五洲科技,公司企业;公司企业;公司企业,108.8768567601135,34.36632467517354,未央区,108.881452,34.364762
B0H2CST11V,西安昂晨节能科技有限公司,公司企业;公司;公司,108.84609787033096,34.366514804934994,未央区,108.850728,34.364996
B0HDRZU13X,西安秦能电力检测有限公司,公司企业;公司;公司,108.84718047432064,34.36722932151634,未央区,108.851809,34.365709
B0FFHYNNAW,云轩家具厂,公司企业;公司企业;公司企业,108.89635589988158,34.350558845408095,未央区,108.900947,34.348976
B0FFH6CO6I,汉都华业农业发展有限公司(养殖基地),公司企业;农林牧渔基地;其它农林牧渔基地,108.89262653125736,34.35367812973214,未央区,108.897217,34.352098
B0L0XZL4IS,陕西沪港印务经贸有限公司,公司企业;公司;商业贸易,108.88423241429848,34.37314039248996,未央区,108.888825,34.371575
B0FFH3TT1Q,西安凯胜二手塑料桶购销公司,公司企业;公司;公司,108.89564531420731,34.33575497514812,未央区,108.900235,34.334165
B0MBX7YWMS,陕西合创时代科技有限公司,公司企业;公司;公司,108.84574472987852,34.361495790335965,未央区,108.850375,34.359975
B0LK0U82GG,陕西微谱检测技术服务有限公司,公司企业;公司;公司,108.88147961012098,34.371819971515855,未央区,108.886073,34.370256
B0FFMEEP9D,西安海鑫达危险品运输有限公司,公司企业;公司;公司|生活服务;物流速递;物流速递,108.8588845248282,34.33339143251938,未央区,108.863494,34.331835
B0FFJMBY2B,西安长乐土方工程有限公司,公司企业;公司;公司,108.89180527373053,34.35811054406199,未央区,108.896396,34.356533
B0J2LUTHMA,西安地上铁新能源服务中心,公司企业;公司;公司,108.89353649389524,34.3274183321172,未央区,108.898125,34.325825
B0H067GN4N,陕西臻旺厨电器有限公司,公司企业;公司;公司,108.86166196995042,34.34447113357819,未央区,108.866269,34.342916
B0LUS7ZGDT,西安河边出道钓具有限公司,公司企业;公司;公司,108.89728362032471,34.3499213584431,未央区,108.901875,34.348338
B0FFGC1O94,西安紫江企业有限公司,公司企业;公司;公司,108.8593878136219,34.362316755425574,未央区,108.863999,34.360774
B0G2KKQT0I,西安芦丁鸡养殖基地,公司企业;农林牧渔基地;其它农林牧渔基地,108.8799205626192,34.3516920394182,未央区,108.884513,34.350119
B0H6S716ML,安森智能,公司企业;公司;公司,108.8512781688466,34.37200479632124,未央区,108.855901,34.37048
B0LAUN0021,西安圣旺食品有限公司,公司企业;公司;公司,108.8757597827528,34.3700246315596,未央区,108.880356,34.368465
B0I2YL7I83,陕西铮越消防科技有限公司,公司企业;公司;公司,108.8592162587418,34.329383852143614,未央区,108.863825,34.327825
B0FFKWF5ZI,陕西结远商贸有限公司,公司企业;公司;公司,108.89063151723224,34.343690276011294,未央区,108.895221,34.342106
B0LGN7W00V,西安隆基清洁能源有限公司,公司企业;公司;公司,108.85487697472504,34.36241370397355,未央区,108.859494,34.360878
B0FFHZBHVX,西安大成环保科技有限公司,公司企业;公司;公司,108.88184308304233,34.36768744323449,未央区,108.886436,34.366121
B0L1KHTZCE,西安博采纸箱包装厂,公司企业;工厂;工厂,108.88569757703344,34.35051309032637,未央区,108.890288,34.348935
B0FFHSO9YJ,西安金旗印务有限公司,公司企业;公司;公司,108.8819571360594,34.367559602133795,未央区,108.88655,34.365993
B0LDHCLJLO,陕西创翼未来无人机科技有限公司,公司企业;公司;公司,108.857946473535,34.34420672666927,未央区,108.862558,34.342657
B0FFHE5V2J,西安高通科技发展有限公司,公司企业;公司企业;公司企业,108.87707453632754,34.370701592011784,未央区,108.88167,34.369141
B0FFH30CIB,创新孵化中心,公司企业;公司;公司|商务住宅;产业园区;产业园区,108.8502520276465,34.36769534179829,未央区,108.854876,34.36617
B0FFGAF0QZ,西安天时包装有限公司,公司企业;工厂;工厂,108.87991129893469,34.36733399836191,未央区,108.884505,34.365769
B0FFL9RWDJ,西安未央未来口腔诊所,公司企业;公司;公司,108.88244886555272,34.373121061142015,未央区,108.887042,34.371557
B0K04MOIAO,陕西艾特力科智能科技有限公司,公司企业;公司;公司,108.87517610268428,34.34889387823277,未央区,108.879771,34.347324
B0JGPZEC29,西安唐园防腐木厂,公司企业;公司;公司,108.87368587812024,34.33878328050538,未央区,108.878281,34.33721
B0I3HA74EQ,中铁二十五局集团西北分公司,公司企业;公司;公司,108.84682071632557,34.36980134544926,未央区,108.85145,34.368283
B0LRVSJNVQ,中测筑安(陕西)工程科技有限公司,公司企业;公司;公司,108.85663493106938,34.36715102200743,未央区,108.86125,34.365615
B0JK15KF3P,美怡佳健康药房(尚稷路店),公司企业;公司;医药公司,108.8656213205528,34.36911107862925,未央区,108.870226,34.367563
B0FFGC2TTH,西安爱比德电气科技有限公司,公司企业;公司;公司,108.8827439836196,34.372911402637804,未央区,108.887337,34.371347
B0J1KSA3JI,南兴装备西北运营中心,公司企业;公司;公司,108.84934992125548,34.36495024469328,未央区,108.853975,34.363425
B0KRL76SI1,陕西水至诚商贸有限公司,公司企业;公司;商业贸易,108.89568484738476,34.34141222651721,未央区,108.900275,34.339825
B0FFGJ8LDZ,陕西三为矿山安全设备有限公司,公司企业;公司;公司,108.88249491050009,34.37276228760121,未央区,108.887088,34.371198
B0GKYRKGM7,陕西福全圣纱窗有限公司,公司企业;公司;公司,108.895984426127,34.345510278455826,未央区,108.900575,34.343925
B0KRK7AGFX,陕西卓睿致远篷布制品有限公司,公司企业;公司;公司,108.84786169478168,34.34019518936698,未央区,108.852487,34.33866
B0I3JU8N8P,西安福美晟阁活动隔断厂家,公司企业;公司;公司,108.8730518754697,34.345412319422614,未央区,108.877648,34.343843
B0IAN9JYY5,西安辰邦工贸有限公司,公司企业;公司;商业贸易,108.86143575933552,34.34382012796299,未央区,108.866043,34.342265
B0HBMSN5S9,西安蓝特标识标牌有限公司,公司企业;公司;公司,108.88922222176876,34.335046802270455,未央区,108.893811,34.333459
B0FFI1QIO4,陕西斯耐德电气成套设备有限公司,公司企业;公司;公司,108.86830407597104,34.33038198954264,未央区,108.872903,34.328811
B0FFIW4MSZ,西安箱盒汇包装设计公司,公司企业;公司;广告装饰|生活服务;生活服务场所;生活服务场所,108.87909294014096,34.36689349746013,未央区,108.883687,34.365329
B0GDHAZX3H,西安市未央区远大印务有限公司,公司企业;公司;公司,108.85193104240246,34.37277147695669,未央区,108.856553,34.371246
B0L07A0QCY,陕西伊普思机电设备有限公司,公司企业;公司;公司,108.85669843357198,34.33717524093799,未央区,108.861311,34.335624
B0HGSC69Z0,陕西创优检测有限公司,公司企业;公司;公司,108.8815976824395,34.37149524000975,未央区,108.886191,34.369931
B0FFGHBBGL,陕西泽瑞微电子股份有限公司,公司企业;公司;公司,108.88088166104878,34.36816539859658,未央区,108.885475,34.3666
B0K2FRSAO6,西安海之沣商贸有限公司,公司企业;公司;商业贸易,108.84895194926872,34.33254177480562,未央区,108.853575,34.331001
B0GR514Z99,诺晨花卉种植基地,公司企业;农林牧渔基地;其它农林牧渔基地,108.8668458975301,34.34004744463492,未央区,108.871447,34.338483
B0L2TH3U57,卷王激光切管,公司企业;公司企业;公司企业,108.86141748118986,34.33460060416675,未央区,108.866024,34.333041
B0L2H7BKOP,西安答音食品有限公司,公司企业;公司;公司,108.88786476237084,34.35215460735282,未央区,108.892455,34.350576
B0FFH4YSAP,美邦木业,公司企业;公司;商业贸易,108.88437119190714,34.32664981573304,未央区,108.88896,34.325061
B0L11SKV77,凯德莱农业机械有限公司,公司企业;公司;机械电子,108.88557543672148,34.327085440543016,未央区,108.890164,34.325496
B0LRMUXNCN,西安永固印务有限责任公司,公司企业;公司;公司,108.87707946400884,34.37163510373976,未央区,108.881675,34.370075
B001D0ZL23,陕西电力电缆制造有限公司,公司企业;公司;公司,108.88132044788314,34.373049188992965,未央区,108.885914,34.371486
B0GUS7NTEK,吊篮爬架检测服务站,公司企业;公司;公司|生活服务;生活服务场所;生活服务场所,108.8785980049058,34.325670539329295,未央区,108.883189,34.324086
B0HABAQN35,西铁局中央厨房项目部,公司企业;公司;公司,108.89414950387858,34.36303187662143,未央区,108.898741,34.361456
B0K10SUWJL,陕西菏泽德建筑工程有限公司,公司企业;公司;建筑公司,108.85930363271156,34.33848459735438,未央区,108.863913,34.33693
B0JRCRBVGS,陇芯微(西安)电子科技有限公司,公司企业;工厂;工厂,108.85595605744284,34.36690408460182,未央区,108.860572,34.365369
B0FFGPI6RE,卫辉餐具消毒有限公司,公司企业;公司;公司,108.84609882995272,34.3299370784221,未央区,108.850726,34.3284
B0I6DU1B77,陕西宜路行餐饮管理有限公司,公司企业;公司;公司,108.8930927142407,34.362939562062955,未央区,108.897684,34.361364
B0KR2UEADT,西安天博医学检验所有限公司,公司企业;公司企业;公司企业,108.86186982556156,34.36164075453179,未央区,108.866478,34.360094
B0J2TL8984,西安永丰帐篷篷布厂,公司企业;工厂;工厂,108.8974983882538,34.35177346673766,未央区,108.90209,34.350191
B0HAAH3XYB,陕西国联计量检测校准有限公司,公司企业;公司;公司,108.8984669777412,34.32699472883968,未央区,108.903057,34.3254
B0IU6ZCCRH,陕西威斯丁玫瑰园生态农业科技有限公司,公司企业;公司;公司,108.90023477037286,34.33125387637903,未央区,108.904826,34.329661
B0KAPHJBVH,西安福沃德能源科技有限公司,公司企业;公司;公司,108.89325662161288,34.35132255269649,未央区,108.897847,34.349741
B0GRXA98XQ,三燚拉弯厂,公司企业;工厂;工厂,108.85676802524806,34.34336132043616,未央区,108.861381,34.341813
B0GKVS38W7,陕西浩晨检测技术服务有限公司,公司企业;公司;公司,108.84894844793004,34.36342535130724,未央区,108.853574,34.3619
B0JA2DA60T,西安草滩景观工程有限公司,公司企业;公司;公司,108.85904130108486,34.3633686893854,未央区,108.863653,34.361827
B0FFKJJL26,西安大正医药有限责任公司库房,公司企业;公司企业;公司企业,108.85140344837195,34.358407085307,未央区,108.856025,34.356875
B0KUNSLB1I,西安洲诺商贸有限公司,公司企业;公司;商业贸易,108.89163546093148,34.34355978779523,未央区,108.896225,34.341975
B0LUOAJJG5,陕西汉之星文创中心有限公司,公司企业;公司;公司,108.90488527495285,34.361373711144715,未央区,108.909482,34.359796
B0LUU9S071,洁泽厨业,公司企业;公司;公司,108.88938125157313,34.33472404088043,未央区,108.89397,34.333136
B0JBTOC1Y7,陕西昌泽环保科技有限公司,公司企业;公司;公司,108.85575640066985,34.359371671286866,未央区,108.860372,34.357833
B0KUZCHW4U,凯哥地坪仓储服务店,公司企业;公司;公司,108.86944227615233,34.34080136375609,未央区,108.874041,34.339234
B0LK2URJ76,臻汇景仓储,公司企业;公司;公司,108.89283441812005,34.35470468834499,未央区,108.897425,34.353125
B0I0CSE0ZQ,西安一缆天通信科技有限公司库房,公司企业;公司;公司,108.88413603982742,34.327763119429015,未央区,108.888725,34.326175
B0HRFZ2DPB,西安赛图印刷有限公司,公司企业;公司;公司,108.85137924083216,34.37291348362662,未央区,108.856002,34.371389
B0HDTBKUIT,嘉鑫汽车服务中心,公司企业;公司企业;公司企业,108.84946753223096,34.33479956707747,未央区,108.85409,34.333259
B0KBXDHCJ0,百诺木工数控设备有限公司,公司企业;公司;公司,108.8908585916078,34.35506068500789,未央区,108.895449,34.353482
B0KRM1ZR4G,汉晟仓储,公司企业;公司;公司,108.8814253034967,34.32565702010684,未央区,108.886015,34.32407
B0FFL9QJZA,星展测控科技股份有限公司(经开办公区),公司企业;公司企业;公司企业,108.84791653398608,34.36794222335446,未央区,108.852544,34.366421
B0GRTLGDHU,陕西悦锐消防设备有限公司,公司企业;公司;公司,108.89444312405398,34.3420755497532,未央区,108.899033,34.340489
B0KGMHT0U6,陕西文力豪飞建筑工程有限公司,公司企业;公司;建筑公司,108.89541734876428,34.33614672546752,未央区,108.900007,34.334557
B0JKX5QE1B,西安鑫诺激光自动化科技有限公司,公司企业;公司;公司,108.84796231393834,34.37151642106484,未央区,108.85259,34.369997
B0K1MCOGZZ,赵家库房,公司企业;公司;公司,108.88737561555612,34.35333372471986,未央区,108.891966,34.351756
B0FFGZZHW0,陕西图灵电子科技有限公司,公司企业;公司;公司,108.84836393325703,34.37133820721538,未央区,108.852991,34.369818
B001D0WSKR,西安盛杰力精密机械有限公司,公司企业;公司;机械电子,108.87542553301056,34.370431073037665,未央区,108.880022,34.368872
B0FFGPT6H6,西安华伟光电技术有限公司,公司企业;公司;公司,108.84839782183916,34.37334420296577,未央区,108.853025,34.371825
B0FFG219U0,陕西定远齿科技术有限公司,公司企业;公司;公司,108.8489528485526,34.370916440001395,未央区,108.853579,34.369395
B0J2DCE51O,安得智联陕西分公司,公司企业;公司;公司,108.8472835646986,34.36805406866525,未央区,108.851912,34.366534
B0HAMC3BTR,陕西贝用交通设施有限公司,公司企业;公司;公司,108.88392399823746,34.32755106604028,未央区,108.888513,34.325963
B0I07RSQJF,西安旗舰印务,公司企业;公司;公司,108.85184789260816,34.37315713440001,未央区,108.85647,34.371632
B001D0WSPX,西安亚东地图有限公司,公司企业;公司;公司,108.87780785153213,34.37198862069561,未央区,108.882403,34.370428
B0FFG7P40D,西安卡卡动力机械设备有限公司,公司企业;公司;机械电子,108.8809727663814,34.36733091248889,未央区,108.885566,34.365765
B0H6ZLSOD9,西安富迪环保科技有限公司,公司企业;公司;公司,108.89380424967024,34.35466905117719,未央区,108.898395,34.353089
B0IGYDDQBQ,陕西中达邦盛篷布制品有限公司,公司企业;公司;公司,108.89821398088706,34.34075805961129,未央区,108.902805,34.33917
B0HK9768D3,嘉伟仓库9号,公司企业;公司企业;公司企业,108.89889182106096,34.33897702164748,未央区,108.903483,34.337388
B0JUY5QLB8,西安中钛华测检测技术有限公司,公司企业;工厂;工厂,108.84851730190664,34.36962637346687,未央区,108.853144,34.368105
B0KUS7R1LE,西安墙布工厂,公司企业;工厂;工厂,108.8948341410388,34.35310616593186,未央区,108.899425,34.351525
B0FFHCIUN1,圣旺三达炸鸡汉堡设备原料批发(未央分店),公司企业;公司;公司|购物服务;专卖店;专营店,108.87577078740114,34.370054627030086,未央区,108.880367,34.368495
B0I2UMQGO2,西安智疆航空科技发展有限公司,公司企业;公司;公司,108.88150262359416,34.37176501948646,未央区,108.886096,34.370201
B0LACUKHH0,陕西汉腾华远设备租赁有限公司,公司企业;公司;公司,108.86750949028702,34.34071697602282,未央区,108.87211,34.339152
B0GRPNIF25,陕西华豫电力工程有限公司,公司企业;公司;公司,108.9010597009096,34.326397222823005,未央区,108.905651,34.324802
B0JDJ7Q5KY,爱迪收西安中转仓,公司企业;公司;公司,108.89396213512724,34.3432628115799,未央区,108.898552,34.341677
B0GUJBNV9B,陕西稳定吊装有限公司,公司企业;公司;公司,108.84958342492592,34.325866030734744,未央区,108.854205,34.324321
B0JULALY2D,西安万盛起重设备有限公司,公司企业;公司;公司,108.9028015523925,34.327115860093606,未央区,108.907394,34.325521
B0GD9SM36K,西安安福特消防设备有限公司,公司企业;公司;公司,108.85046763229631,34.33936304390397,未央区,108.855089,34.337823
B0JGKLUWHT,陕西闽鑫物资租赁有限公司,公司企业;公司;公司,108.8606279375136,34.329793757244616,未央区,108.865235,34.328233
B0LA9SXVNI,中为实业库房,公司企业;公司;公司,108.8952151849033,34.33888433907164,未央区,108.899805,34.337296
B0JDVNYQQP,西安鑫新立本册厂,公司企业;工厂;工厂,108.8622095987952,34.34448891222153,未央区,108.866816,34.342933
B0KUJ5MY2N,西安亚洁布草洗涤有限公司,公司企业;公司;公司,108.88053740997071,34.36945243000927,未央区,108.885131,34.367888
B0FFF2I5KY,西安永强弹簧制造有限公司,公司企业;公司;公司,108.86593489164208,34.341198680080005,未央区,108.870537,34.339636
B0FFM49OFT,九州通西北现代医药物流运营总部电子商务中心,公司企业;公司;公司,108.87894910487624,34.36394989993325,未央区,108.883543,34.362384
B0K6CMWI4D,友缘成鑫装饰,公司企业;公司;广告装饰,108.87515083044602,34.327213410598,未央区,108.879744,34.325633
B0JDXA883B,西安绿领时代商贸有限公司,公司企业;公司;商业贸易,108.87686360389328,34.343475284856346,未央区,108.881457,34.341901
B0K117QOJA,陕西和顾建筑租赁有限公司,公司企业;公司;公司,108.89758433297136,34.33961351804791,未央区,108.902175,34.338025
B0FFG25MCZ,西安真特美工贸有限责任公司,公司企业;公司;商业贸易,108.85992194483497,34.331580858517285,未央区,108.86453,34.330022
B0LDH7JUK2,陕西环安检测股份有限公司,公司企业;公司;公司,108.8816237232058,34.37111446248241,未央区,108.886217,34.36955
B0MGTU7DQK,西安福全食品有限公司,公司企业;公司;公司,108.8936303064812,34.3419613412966,未央区,108.89822,34.340375
B0JDOS9XA0,西安欣苗生物科技有限公司,公司企业;公司;公司,108.89443424770772,34.32813028848483,未央区,108.899023,34.326537
B0FFG22HDW,陕西前进齿科新技术开发有限公司,公司企业;公司企业;公司企业,108.8794531226688,34.36682685713623,未央区,108.884047,34.365262
B0KRM1X5GD,西安同鑫伟业环保科技有限公司,公司企业;公司;公司,108.8589783367792,34.337168747655866,未央区,108.863588,34.335614
B0L6NS9E1D,优果丰汇仓配中心,公司企业;公司;公司,108.88422385802332,34.36760230611457,未央区,108.888816,34.366034
B0IAXD228Y,西安中车长客轨道车辆有限公司,公司企业;公司;公司,108.8472496831646,34.36595210897264,未央区,108.851878,34.364431
B0KDCHOJ6Q,西安灌浆料修补料金刚砂环氧砂浆厂家,公司企业;工厂;工厂,108.87107864044752,34.32893206605853,未央区,108.875675,34.327357
B001D0VXPU,华天科技(西安)有限公司,公司企业;公司;网络科技|购物服务;家电电子卖场;数码电子,108.92088199727192,34.33321671980527,未央区,108.925496,34.331633
B0H0NUWLUS,陕西燃气产业研发与孵化基地,公司企业;公司企业;公司企业,108.91796977297152,34.343465043420885,未央区,108.92258,34.341884
B0FFF64X4O,陕西省建筑设计研究院(集团)有限公司,科教文化服务;科研机构;科研机构|公司企业;公司;公司,108.93205090235924,34.33551722182695,未央区,108.936687,34.333947
B0FFIY8ZQC,中国启源工程设计研究院有限公司(凤城十二路),公司企业;公司;公司,108.92598374461596,34.3588739949504,未央区,108.930609,34.357308
B001D0W5PH,西安西电高压开关有限责任公司(凤城十二路),公司企业;公司;公司,108.93222132393302,34.36256345161289,未央区,108.93686,34.361007
B0FFKJBYUV,陕西轨道交通集团有限公司,公司企业;公司;公司,108.93947720806356,34.34173897513868,未央区,108.944132,34.340183
B0FFH2Z6HR,长庆油田西安基地,公司企业;公司;公司,108.94373459658358,34.32877579943082,未央区,108.9484,34.327221
B0FFF64XGZ,中国移动(凤城四路营业厅),生活服务;电讯营业厅;中国移动营业厅|购物服务;家电电子卖场;手机销售|公司企业;公司;电信公司,108.94117176155274,34.328309589465235,未央区,108.94583,34.32675
B001D09OL5,西核公司,公司企业;公司;公司,108.95866927703892,34.33986499684145,未央区,108.963383,34.338347
B0FFGFPSYG,西安西玛电机有限公司,公司企业;公司;机械电子,108.92849101192836,34.35525297533064,未央区,108.933121,34.353688
B0FFH0WHZV,中车永济电机有限公司,公司企业;公司;机械电子,108.92637610246568,34.35736533654947,未央区,108.931002,34.355799
B0JKFC1RKM,第四再生水厂,公司企业;工厂;工厂,108.91007101452436,34.36704542313626,未央区,108.914673,34.365472
B0FFGFPRU4,陕西中财印务有限公司,公司企业;公司;公司,108.92593122727656,34.32944060886197,未央区,108.930554,34.32786
B0FFI5J928,大唐西北电力试验研究院,科教文化服务;科研机构;科研机构|公司企业;公司;公司,108.91849431226656,34.339325686883214,未央区,108.923105,34.337743
B001D0W8XK,中国航发动力股份有限公司,公司企业;公司;公司,108.96308114499963,34.35690877207445,未央区,108.967812,34.35541
B0FFGX8CH8,西安西电电力电容器有限责任公司,公司企业;公司;机械电子,108.92684118932256,34.332606087336245,未央区,108.931466,34.331028
B001D0ZKR9,中国电信(经开营业厅),公司企业;公司;电信公司|生活服务;电讯营业厅;中国电信营业厅,108.94194770744058,34.32744364476668,未央区,108.946608,34.325885
B0FFJKTFKV,陕水集团总部,公司企业;公司企业;公司企业,108.9335562344903,34.36275050064633,未央区,108.938198,34.361196
B0LU47YRFD,甲乙装饰,公司企业;公司;广告装饰,108.93924620853733,34.34921065128515,未央区,108.943901,34.347658
B0KK35WYCF,中国电信(经开营业厅),公司企业;公司;电信公司|生活服务;电讯营业厅;中国电信营业厅,108.94200953585816,34.32745652959855,未央区,108.94667,34.325898
B0FFG8EWAA,西安经开城建集团有限责任公司,公司企业;公司;建筑公司,108.91542736020996,34.35649421858881,未央区,108.920035,34.354918
B0K31SLLNX,陕西省煤田地质集团有限公司,公司企业;公司;公司,108.93241072269036,34.32766249602479,未央区,108.937047,34.326089
B0G124KHKS,西安铁路北客站广场管理中心,公司企业;公司;公司,108.9393928689412,34.37323601688903,未央区,108.94405,34.371696
B0IG27BHUG,积木家6好整装(大融城店),公司企业;公司;广告装饰,108.94479255410424,34.3411698485973,未央区,108.949462,34.339623
B001D0W4OL,延长石油CNG加气站,汽车服务;加气站;加气站|公司企业;公司;公司,108.91757360584596,34.35284764326334,未央区,108.922184,34.351271
B0I0HHTOBM,西安市公共交通集团有限公司保修分公司,公司企业;公司;公司,108.9452607522826,34.371133702317564,未央区,108.949934,34.369603
B0FFI78YSX,华瑞国际,公司企业;公司;公司|商务住宅;商务住宅相关;商务住宅相关,108.94437997616052,34.338312016186684,未央区,108.949048,34.336763
B0HRR5UNPC,华天慧创科技(西安)有限公司,公司企业;公司;公司,108.91897099145493,34.33418981543608,未央区,108.923582,34.332605
B0FFG1AHF5,合容电气,公司企业;公司;机械电子,108.92002414046786,34.33644788136859,未央区,108.924637,34.334865
B001D0W3X3,国家电网西安供电公司市北供电分公司,公司企业;公司;公司,108.93199537179454,34.35594615431036,未央区,108.936633,34.354386
B001D091GY,中国移动营业厅(未央路店),生活服务;电讯营业厅;中国移动营业厅|公司企业;公司;电信公司|购物服务;家电电子卖场;手机销售,108.94209520362116,34.328632819613176,未央区,108.946756,34.327075
B0LRG1TS6T,四号电动车仓库,公司企业;公司;公司,108.90692031174991,34.32727120075771,未央区,108.911516,34.325677
B0FFLCCY9B,中国中车,公司企业;公司;公司,108.92712036545112,34.36063282512348,未央区,108.931748,34.359069
B0H1K1692C,华润雪花啤酒(中国)有限公司西安分公司,公司企业;公司;公司,108.93016509587773,34.35986654892299,未央区,108.934799,34.358306
B0I2J545XQ,北京恒安卫士保安服务有限公司西安分公司,公司企业;公司;公司,108.9611338929886,34.34818797251314,未央区,108.965857,34.34668
B001D0W1DD,西安经开数据中心,公司企业;公司;公司,108.9196453488565,34.353768604066204,未央区,108.924259,34.352194
B001D003EA,陕西省西安市出口加工区A区,公司企业;公司;公司,108.92407839922654,34.35811837614658,未央区,108.9287,34.35655
B0K0YLEEJR,中国建筑秦创原项目部,公司企业;公司;公司,108.9316689614786,34.37005128696929,未央区,108.936307,34.368498
B0HRTA6QIP,中建七局第四建筑有限公司,公司企业;公司企业;公司企业,108.92639227094286,34.36724421045814,未央区,108.931019,34.365683
B001D12FBZ,龙腾半导体股份有限公司,公司企业;公司;公司,108.91833928593944,34.35496601117739,未央区,108.922951,34.353391
B0FFIWWX23,蒜泥科技孵化器,公司企业;公司;公司,108.9308191083778,34.34213962436572,未央区,108.935453,34.340571
B0HGTS8QZ4,红旗厂中厂门,公司企业;公司企业;公司企业,108.9608163799068,34.3560627722189,未央区,108.965539,34.354558
B0FFHGTD71,西安西航集团莱特航空制造技术有限公司,公司企业;公司;公司,108.92408458854624,34.35563763580253,未央区,108.928706,34.354068
B0FFG8Y7KF,西安永华集团有限公司,公司企业;公司;公司,108.92614524618332,34.336440009921354,未央区,108.930769,34.334863
B0IK6AIQUI,陕西建材科技集团股份有限公司,公司企业;公司;公司,108.9260221633667,34.32805316994658,未央区,108.930645,34.326472
B0FFGH483Y,陕西艺林实业有限责任公司,公司企业;公司;公司,108.92726656390846,34.32985092315202,未央区,108.931892,34.328272
B0FFHBBET6,大医集团西安科创中心,购物服务;家电电子卖场;数码电子|公司企业;公司;公司,108.93497987245686,34.362527555216765,未央区,108.939625,34.360975
B001D0VZDP,中节能环境保护股份有限公司,公司企业;公司;机械电子,108.92665546387737,34.35846946098448,未央区,108.931282,34.356904
B0LRJRI3TP,国家管网集团西北公司,公司企业;公司;公司,108.91833721495584,34.34349975477793,未央区,108.922948,34.341919
B0FFKYYQJN,晟煋广场,公司企业;公司;公司|生活服务;生活服务场所;生活服务场所,108.94884400445925,34.334467209007215,未央区,108.953525,34.332925
B0J6PSWBWN,西安排水集团有限公司,公司企业;公司;公司,108.9122043701136,34.37004194829388,未央区,108.916809,34.368471
B001D118Z7,天御集团,公司企业;公司;公司,108.92987100771668,34.33173289190167,未央区,108.934502,34.330158
B001D0VZ4B,陕西长征电力科技有限公司,公司企业;公司;公司,108.923251731986,34.33542248832448,未央区,108.92787,34.333842
B0LUH7IOA3,经开收费站,公司企业;公司;公司,108.91971897701752,34.369290533526254,未央区,108.924334,34.367724
B0FFGALEOO,陕西存红印刷有限责任公司,公司企业;公司;公司|生活服务;生活服务场所;生活服务场所,108.9064738905821,34.33739943837823,未央区,108.91107,34.33581
B0FFICC5G8,西安新力车用气瓶检测有限公司,公司企业;公司;公司,108.91610013511172,34.335385279323056,未央区,108.920707,34.333799
B0HGVHPMQF,西安城投新能源有限责任公司,公司企业;公司;公司,108.94590877482604,34.37209595952365,未央区,108.950584,34.370567
B0FFH1NE3K,雨丰设计培训学校,公司企业;公司;广告装饰|科教文化服务;培训机构;培训机构,108.92925478616772,34.32595840738352,未央区,108.933884,34.32438
B001D12HE7,中航工业庆安,公司企业;公司;公司,108.92140825972103,34.35619288204495,未央区,108.926025,34.354621
B0FFGZZ9XE,广联达股份有限公司,公司企业;公司;网络科技,108.92469102207212,34.36112320893431,未央区,108.929314,34.359557
B0FFG781RN,陕西粮农云商食品有限公司,公司企业;公司;公司,108.9290321688218,34.33937723294309,未央区,108.933662,34.337805
B0FFLJ2UAS,西安华安.注册公司.代理记账.财务审计公司,公司企业;公司;公司,108.94332134233076,34.33399605333786,未央区,108.947986,34.332443
B0FFHTLTX4,中国(陕西)自由贸易试验区,公司企业;公司;商业贸易|商务住宅;产业园区;产业园区,108.92384386411362,34.3576718388934,未央区,108.928465,34.356103
B001D0VZGL,西安恒邦电气有限公司,公司企业;公司;机械电子,108.92121128156867,34.335273441546164,未央区,108.925826,34.333691
B001D12DEI,时硕科技(西安)有限公司,公司企业;公司;机械电子,108.91904924973582,34.35425083220596,未央区,108.923662,34.352676
B0L6L7VEEQ,西安沐森医疗科技抗衰企业管理有限公司,公司企业;公司;公司|生活服务;美容美发店;美容美发店,108.95040825409232,34.34527770624757,未央区,108.955095,34.343744
B0FFHSIRJO,吴高墙养殖场,公司企业;农林牧渔基地;其它农林牧渔基地,108.9055314707502,34.352506134880144,未央区,108.910128,34.350924
B0L1TM2V3E,陕建八建集团宝石花总部基地二标段项目经理部,公司企业;公司;公司,108.94884200390486,34.359054973927314,未央区,108.953525,34.357525
B0FFKR7R81,中昕国际建设咨询集团,公司企业;公司企业;公司企业,108.93505085192128,34.360671408371374,未央区,108.939696,34.359118
B0H6F53ANK,广药陕西医药有限公司,公司企业;公司;医药公司,108.9243016855094,34.361860226834885,未央区,108.928924,34.360294
B0KKOUXOIM,数字西安技术运营(集团)有限公司,公司企业;公司;公司,108.94458729078065,34.33940209820346,未央区,108.949256,34.337854
B0IG1LH8OJ,国脉会馆,公司企业;公司;公司,108.91893774762352,34.33785106714128,未央区,108.923549,34.336268
B0FFMEGENI,大长安旅游发展有限公司,公司企业;公司;公司,108.93385829944468,34.328557045351786,未央区,108.938498,34.326986
B0LU959AMR,DX影视服装道具库,公司企业;公司企业;公司企业,108.91282402227264,34.34033074753499,未央区,108.917427,34.338745
B0HR9Z7XJ2,西安城投建设有限公司,公司企业;公司;建筑公司,108.94559472376172,34.37177472952331,未央区,108.950269,34.370245
B0J6Z4EWZX,西安蓝柏墙布西北库,公司企业;公司;公司,108.91179786511545,34.35742568216314,未央区,108.916401,34.355848
B0FFF01GS3,中国电信(徐家湾营业厅),公司企业;公司;电信公司,108.96108112389648,34.34767335785524,未央区,108.965804,34.346165
B0FFH01BHS,陕西泉石置业开发有限责任公司,公司企业;公司;公司,108.93231455489423,34.35710612957393,未央区,108.936953,34.355547
B0FFK34AAR,宝利库房,公司企业;公司企业;公司企业,108.90624698316688,34.326265823886864,未央区,108.910842,34.324671
B0FFL2IQG4,西安汉港新材料科技有限公司,公司企业;公司;冶金化工,108.91321955553065,34.34008966482368,未央区,108.917823,34.338504
B0GK715KZS,中铁一局集团物资工贸有限公司,公司企业;公司;公司,108.94983996602528,34.358369285583166,未央区,108.954526,34.356841
B0LADC8EHA,陕农乡村建设集团,公司企业;公司;公司,108.93546637294736,34.35416011654935,未央区,108.940112,34.352604
B0FFKEKRBS,西安宝钛新材料科技有限公司,公司企业;公司企业;公司企业,108.92299926584936,34.334384232836,未央区,108.927617,34.332803
B0JGMUAIQ2,博阳能源科技有限公司,公司企业;公司;公司,108.92286992733696,34.353780765675495,未央区,108.927489,34.352209
B0FFFO3IVL,西安西罗涡轮制造有限公司,公司企业;公司;公司,108.9196293374524,34.354225385521815,未央区,108.924243,34.352651
B0FFLC2I07,中共恒联众一实业有限公司支部委员会,公司企业;公司企业;公司企业,108.9074271606738,34.348258862001686,未央区,108.912025,34.346675
B0H0Y5HUIJ,震坤行工业超市-西安办公室,公司企业;公司企业;公司企业,108.94358621496862,34.350923234867054,未央区,108.948253,34.349379
B0M6M6U2ND,陕西省交通建设集团公司西安绕城分公司未央收费站,公司企业;公司;公司,108.9438099228509,34.358982731776166,未央区,108.948478,34.357443
B0G2YZQTOV,重药控股陕西医药有限公司,公司企业;公司;医药公司,108.92435089260732,34.333443353185736,未央区,108.928971,34.331863
B0JU2Z0D2U,安居·乐筑(元朔路店),公司企业;工厂;工厂,108.9269948561349,34.37001308172516,未央区,108.931623,34.368454
B0I0HUQRXU,西安众联,公司企业;公司;公司,108.95100320433608,34.335115437147536,未央区,108.955691,34.333578
B0FFKHMSQU,陕西匆匆出行科技有限公司,公司企业;公司;公司|汽车维修;汽车维修;汽车维修,108.95772865202537,34.33846588609446,未央区,108.962439,34.336945
B0H37SDSDS,人民医学网(陕西总校),公司企业;公司;公司,108.93815180966727,34.32756898711104,未央区,108.942802,34.326004
B0FFGH4JQS,陕西中北工程质量检测技术有限公司,公司企业;公司;公司,108.9135161973703,34.339939583083435,未央区,108.91812,34.338354
B0JA17L7GE,西安东方宏业科技股份有限公司,公司企业;公司;网络科技,108.92717771334586,34.367268314925376,未央区,108.931806,34.365708
B0I1XRPX9B,天行健车联网信息技术有限公司,公司企业;公司;公司|购物服务;购物相关场所;购物相关场所,108.94354163770922,34.35956192560014,未央区,108.948209,34.358022
B0FFM7FW5W,坤逸图文广告·标书·图纸·会议资料·文化墙,公司企业;公司;广告装饰,108.91994064977168,34.33180518885472,未央区,108.924553,34.33022
B0HGRSO35A,陕西交控集团资源开发集团,公司企业;公司;公司,108.94174088842182,34.35680156207057,未央区,108.946403,34.355257
B0HG3PC6BD,西安城市发展(集团)有限公司,公司企业;公司;公司,108.94337383771374,34.35065875497734,未央区,108.94804,34.349114
B0GRYCV7H8,中共陕西煤业化工建设(集团)有限公司委员会,政府机构及社会团体;社会团体;社会团体相关|公司企业;公司企业;公司企业,108.95282278633223,34.34215411780647,未央区,108.957517,34.340624
B0I0B5DMGI,德厚众合供应链折扣仓,公司企业;公司;公司,108.91343987245992,34.33275310843343,未央区,108.918043,34.331164
B0JAO5XBQW,广联达西安科技有限公司,公司企业;公司;公司,108.92460393426424,34.36421569812607,未央区,108.929227,34.362651
B0LD05EE9C,西安移动经开区分公司,公司企业;公司;电信公司,108.94132234757444,34.32835830507788,未央区,108.945981,34.326799
B0J1UM6G11,中国电信西安分公司经开营维中心(第二长途通信大楼店),购物服务;家电电子卖场;手机销售|公司企业;公司;电信公司,108.94150789936413,34.32763832382356,未央区,108.946167,34.326079
B0JKMAJ63U,陕西康赢质量检测服务有限公司,公司企业;公司企业;公司企业,108.90959871601385,34.35212326013915,未央区,108.914199,34.350542
B0FFGC1JR2,陕西蔚蓝节能环境科技集团,公司企业;公司;公司,108.92444257999291,34.359942071948765,未央区,108.929065,34.358375
B0IDRUMDUV,陕西至诚项目管理集团有限公司,公司企业;公司;公司,108.94356752984906,34.33542291576395,未央区,108.948233,34.333871
B0LAUS6G5F,陕西汉典勘测工程有限公司,公司企业;公司;公司,108.96046858389602,34.344291522883104,未央区,108.965189,34.34278
B0GDSDR76C,陕西华鼎建设控股集团有限公司,公司企业;公司;公司,108.93865057814276,34.36379219520158,未央区,108.943305,34.362246
B0FFGILCPS,西安航空发动机集团天鼎核电设备有限公司,公司企业;公司;公司,108.95416589314172,34.360368008179286,未央区,108.958866,34.35885
B0L0BSUGAN,鲤享家轻装轻改·旧房改造(西安店),公司企业;公司;广告装饰,108.9311929788864,34.34590927173185,未央区,108.935828,34.344343
B0K0U6TOM8,西安国宏天易智能科技有限公司,公司企业;公司;公司,108.92008042879696,34.35651385423824,未央区,108.924695,34.354941
B0H1JZPXVV,西安城投智能充电股份有限公司,公司企业;公司;公司,108.94556676759788,34.37224153565237,未央区,108.950241,34.370712
B0L1SCQ3EJ,肥肥果业二号仓,公司企业;公司;公司,108.9224833121808,34.36979286053235,未央区,108.927103,34.368229
B0JR2D9TSR,西安市公租房建设管理有限责任公司,公司企业;公司;公司,108.9651884713476,34.331580988328675,未央区,108.969925,34.330075
B0FFK80HZV,西安森上电子商务有限公司,公司企业;公司;公司,108.93498500453865,34.36074846608232,未央区,108.93963,34.359195
B0L69HQ9NM,西安经济技术开发区保安服务有限公司,公司企业;公司;公司,108.92941226393906,34.328295105678926,未央区,108.934042,34.326718
B0JKTCD3KS,陕喜福,公司企业;公司企业;公司企业,108.9135724932242,34.33539176592737,未央区,108.918176,34.333804
B0FFJ1LXHS,陕西华地勘察设计咨询有限公司,公司企业;公司企业;公司企业,108.93993518597128,34.33939435814722,未央区,108.944591,34.337838
B0LA3REMTW,赢标图文广告(凤城五路店),公司企业;公司;广告装饰,108.95612774225084,34.3308872355972,未央区,108.960832,34.329359
B0FFLGWWI4,大福酒厂(风景御园店),购物服务;专卖店;专营店|公司企业;公司企业;公司企业,108.93735866151349,34.34199428229979,未央区,108.942008,34.340435
B0FFJMS9AI,北京鸿联九五信息产业有限公司西安分公司,公司企业;公司;公司,108.91966084923014,34.359646593405984,未央区,108.924275,34.358075
B0FFJ5CJFE,印之欣快印广告•标书•蓝图打印(长和国际店),公司企业;公司;广告装饰|生活服务;摄影冲印店;摄影冲印,108.92559893093582,34.34101636941176,未央区,108.930222,34.339441
B0I0XRCUYJ,陕西省水务集团,公司企业;公司;公司,108.94390012617866,34.353332444255386,未央区,108.948568,34.35179
B0IGBRQDHO,西安智能再制造研究院有限公司,公司企业;公司;公司,108.91847989427488,34.35715978845826,未央区,108.923092,34.355586
B001D0ZS76,西安郑兴广告装饰有限公司,公司企业;公司;广告装饰,108.94666696470227,34.34222774932143,未央区,108.951342,34.340685
B0FFHSKSA7,禾里設計(汉神店),公司企业;公司;广告装饰,108.93245563018796,34.3398825464691,未央区,108.937093,34.338315
B0JB15FHND,西安农业投资(集团)有限公司,公司企业;公司;公司,108.9331478615228,34.354409350086335,未央区,108.937788,34.35285
B0FFJ849HH,荣华控股,公司企业;公司企业;公司企业,108.93823848650833,34.3411173099209,未央区,108.94289,34.339559
B0JUGL97MX,西安德悦智慧谷运营管理有限公司,公司企业;公司;公司,108.9346313626389,34.354482189456675,未央区,108.939275,34.352925
B0LAPXLMKF,西安庆安智航通用设备有限公司,公司企业;公司;公司,108.92174434113056,34.36049437920216,未央区,108.926362,34.358925
B0FFM2A0IM,印之优快印广告,公司企业;公司;广告装饰|生活服务;摄影冲印店;摄影冲印,108.937924251281,34.341633561227454,未央区,108.942575,34.340075
B0LBLCP2TN,淘丁企服·注册公司·代理记账·资质许可证办理,公司企业;公司;公司,108.94409827994728,34.33221448705911,未央区,108.948765,34.330662
B0J0A74SL8,钢研纳克成都检测认证有限公司西安分公司,公司企业;公司;公司,108.92015923950424,34.35727739939878,未央区,108.924774,34.355705
B0G3TORE37,赛高城市广场企业总部,公司企业;公司;公司,108.94146498896038,34.34027830534799,未央区,108.946125,34.338725
B0FFI2LIYE,西安中特特种设备技术服务有限公司,公司企业;公司;公司,108.93379155789944,34.36429136680766,未央区,108.938434,34.362738
B0K3K9CRRR,三棵树全屋美缝(西北总仓),公司企业;公司;公司,108.96399596962314,34.366947294552816,未央区,108.968731,34.365456
B0M6YZQBW0,陕西煤业化工建设集团有限公司,公司企业;公司;公司,108.95282278608788,34.34215711633152,未央区,108.957517,34.340627
B0L0772F90,一元禾商贸,公司企业;公司;商业贸易,108.90986444811033,34.33958139285656,未央区,108.914464,34.337994
B0K0FY7YV8,地铁项目部,公司企业;公司;公司,108.95610300828196,34.34087545355738,未央区,108.960808,34.339352
B0L1TC45DC,中国石油招标中心西北分中心,公司企业;公司;公司,108.92394157766734,34.359009056767384,未央区,108.928563,34.357441
B0MGD1RE3H,盒马西安前置仓凤城五路站,公司企业;公司;公司,108.93731068931646,34.33082877367993,未央区,108.941959,34.329264
B0LKJL2I06,西安安检项目部,公司企业;公司;公司,108.96150058387784,34.34813210551907,未央区,108.966225,34.346625
B0FFKXA11X,西安江河电子科技有限公司,公司企业;公司;公司,108.93782261883874,34.36492194356152,未央区,108.942475,34.363375
B0L6NZTPO3,高德服务商,公司企业;公司企业;公司企业,108.91668942060744,34.33391060268302,未央区,108.921297,34.332324
B0JBAMDYNE,中金宏晟,公司企业;公司;公司,108.91671039897184,34.333806638658054,未央区,108.921318,34.33222
B0FFG781HY,中铁十六局集团西北区域指挥部,公司企业;公司;公司,108.93135634546812,34.3492533882854,未央区,108.935992,34.347689
B0K137V1U1,西安青青之舞文化艺术有限公司,公司企业;公司;公司|科教文化服务;培训机构;培训机构,108.9494107389707,34.35301988923808,未央区,108.954095,34.351488
B0G3ZSQ9VN,西安九头鸟货架有限公司,公司企业;公司;公司,108.9071143728588,34.3367616021856,未央区,108.911711,34.335172
B0JGYDWAU4,西安赛隆增材技术股份有限公司,公司企业;公司;公司,108.91826042979386,34.35466822115484,未央区,108.922872,34.353093
B0FFJ1F5N8,陕西建工项目管理有限公司,公司企业;公司企业;公司企业,108.92597025939033,34.328109199874206,未央区,108.930593,34.326528
B0FFL3EYV2,陕西众力企业发展集团有限责任公司,公司企业;公司;公司,108.96037996450542,34.343487134324135,未央区,108.9651,34.341975
B0HU1MANHJ,绿城中国西北区域公司,公司企业;公司;公司,108.9443427374125,34.35483386542919,未央区,108.949012,34.353293
B0FFINMK93,西安正和电力设计有限公司,公司企业;公司;公司,108.94411739138604,34.354735332813554,未央区,108.948786,34.353194
B0KD7LVHZI,一粉一城总部,公司企业;公司;公司,108.9370034734279,34.33070831313602,未央区,108.941651,34.329143
B0GUVCVFAC,艺彩图文广告店,公司企业;公司;广告装饰|生活服务;摄影冲印店;摄影冲印,108.9195565308867,34.328494081060754,未央区,108.924168,34.326907
B0FFM3FFN9,西安福音康复健康产业有限公司,公司企业;公司;公司,108.9433249668776,34.35076778901398,未央区,108.947991,34.349223
B0L1T15SXW,陕西燃气集团交通能源发展有限公司,公司企业;公司;公司,108.91766524435334,34.34325636682036,未央区,108.922275,34.341675
B0FFIR45W5,广汽传祺(西安锦淇店),汽车销售;广汽传祺销售;广汽传祺销售|公司企业;公司企业;公司企业,108.931094344981,34.33173831663214,未央区,108.935728,34.330165
B0FFJN75N7,云印国际广告图文印刷,公司企业;公司;广告装饰|生活服务;生活服务场所;生活服务场所,108.92623760456776,34.34214811982133,未央区,108.930862,34.340574
B0FFHQC0S1,西安港博食品有限公司,公司企业;公司;公司,108.91187066716073,34.35882893087807,未央区,108.916474,34.357252
B0H1M7YLXT,银河控股集团,公司企业;公司;公司,108.92322281019746,34.33509467482568,未央区,108.927841,34.333514
B0LDBADLEN,西安龙威半导体有限公司,公司企业;公司;公司,108.9241033554508,34.35809336387081,未央区,108.928725,34.356525
B0FFGIFMOL,西电通用电气自动化有限公司,公司企业;公司;公司,108.92787087915627,34.335574472642854,未央区,108.932498,34.333999
B0K3YHDCMI,陕西森旺信息技术有限公司,公司企业;公司;公司,108.96491370128967,34.3411830308136,未央区,108.96965,34.339681
B0LR0OPZHD,白桦林晓一标段陕建项目部,公司企业;公司;公司,108.93218586363918,34.36922802356522,未央区,108.936825,34.367675
B0FFLJ65DX,宝石花物业长庆地区公司(西安分公司),公司企业;公司;公司,108.94996706716644,34.32776911673214,未央区,108.954651,34.326226
B0FFL6ZC71,陕西国药器械有限公司,公司企业;公司;医药公司,108.938469996901,34.36439817415777,未央区,108.943124,34.362852
B001D0W5RL,西安航空发动机集团天鼎有限公司,公司企业;公司;公司,108.96111839177024,34.35496559632978,未央区,108.965842,34.353461
B001D0W4XV,西安优智科技产业有限公司,公司企业;公司;网络科技,108.92531476406664,34.3374204286345,未央区,108.929937,34.335843
B0HBR76XBZ,陕西英伟建设工程有限公司,公司企业;公司企业;公司企业,108.90604611465032,34.3267616293665,未央区,108.910641,34.325167
B0KAJC7YKN,陕西外经贸城乡建设集团有限公司,公司企业;公司;公司,108.95946643416426,34.32832167238772,未央区,108.964182,34.3268
B0J36CQ5IS,陕西娱小酒商贸有限公司新北城配送区南区,公司企业;公司;公司,108.913467887638,34.33212939317438,未央区,108.918071,34.33054
B0L1JZ724R,佳越设计,公司企业;公司;广告装饰,108.94146715409276,34.325875229469595,未央区,108.946126,34.324315
B0I16XXJ84,立讯精密科技(西安)有限公司,公司企业;公司;公司,108.92401210896,34.363207821470745,未央区,108.928634,34.361642
B0FFIACJOE,西安市丰悦纸品厂,公司企业;公司企业;公司企业,108.90631815752276,34.3481771596381,未央区,108.910915,34.346593
B0I14HCG6M,一汽奔腾悦意陕西盛达4S店,公司企业;公司;公司,108.92559860013527,34.33274838476544,未央区,108.930221,34.331169
B0FFH401CH,西安汉城印刷基地,公司企业;公司;公司,108.91077434528393,34.34106131684613,未央区,108.915375,34.339475
B0FFK7GG3E,陕西上德招标有限公司,公司企业;公司;公司,108.94491119784692,34.34132654908164,未央区,108.949581,34.33978
B0FFG1UY95,西安瑞行城市热力发展集团有限公司,公司企业;公司;公司,108.93260192520026,34.3444580939948,未央区,108.93724,34.342893
B0FFKK8NC2,雷格斯租赁(西安城发中心),公司企业;公司企业;公司企业,108.94346258439916,34.35068757892521,未央区,108.948129,34.349143
B0KULNDPYF,小天使集团,公司企业;公司;公司,108.94309685440152,34.335475745492595,未央区,108.947761,34.333923
B0MG2A1PIT,陕西银河输变电有限公司,公司企业;公司;公司,108.92337552592076,34.33522646303349,未央区,108.927994,34.333646
B0IGHRG48J,陕西炫华商贸有限责任公司,公司企业;公司;商业贸易,108.91142221503712,34.358452323722155,未央区,108.916025,34.356875
B0K3KDGRM7,陕西向阳保安服务有限公司,公司企业;公司;公司,108.92586373550128,34.34949787832652,未央区,108.930488,34.347927
B0FFGC15OL,陕西雄峰实业集团有限公司,公司企业;公司;公司,108.93341867938793,34.36122448368675,未央区,108.93806,34.359669
B0I3SUWIII,陕西联安消防工程集团有限公司,公司企业;公司;公司,108.92433468593548,34.33637095503916,未央区,108.928955,34.334792
B0G0XH1RAK,西安弗洛伊德心理咨询(未央店),公司企业;公司;公司|生活服务;生活服务场所;生活服务场所,108.9435098799254,34.33312812809355,未央区,108.948175,34.331575
B0FFF5BE4W,西安东正制冷工程设备有限公司,公司企业;公司;公司,108.9316667906373,34.33521388515942,未央区,108.936302,34.333643
B0LGZ5VC1Z,陕西省东庄水利枢纽工程建设有限责任公司,公司企业;公司;公司,108.94384029843562,34.35331056529464,未央区,108.948508,34.351768
B0L6SLPNHQ,赵天琦米线公司(未央里店),公司企业;公司;公司,108.93690300823783,34.364170784290664,未央区,108.941553,34.362622
B0IGMS5TPX,腾德工程咨询有限公司,公司企业;公司;公司,108.9274960195226,34.36793460042085,未央区,108.932125,34.366375
B0FFHTUJCR,陕西华远医药集团医疗器械有限公司,公司企业;公司;医药公司,108.92123724669672,34.335165470990326,未央区,108.925852,34.333583
B0MB3LGDGQ,西安经济技术开发区启岸广告部,公司企业;公司;广告装饰,108.93829438001872,34.34065544624618,未央区,108.942946,34.339097
B0HRY7GEZK,西安四方建设管理有限责任公司,公司企业;公司;建筑公司,108.92595976653908,34.35917686568172,未央区,108.930585,34.357611
B0FFKO01QI,默行图文广告(荣华·北经城北区店),公司企业;公司;广告装饰|生活服务;摄影冲印店;摄影冲印,108.95452547168628,34.33874005047456,未央区,108.959225,34.337212
B0HDBHGDU9,凤九快印广告,公司企业;公司;广告装饰,108.9165373970614,34.349283150767114,未央区,108.921146,34.347704
B0L0PM0HN1,苏金涛商贸有限公司,公司企业;公司;商业贸易,108.91354460647948,34.33442224921674,未央区,108.918148,34.332834
B001D11B5N,陕西金龙护卫有限公司,公司企业;公司;公司,108.98634962937756,34.33382900080176,未央区,108.991171,34.332383
B0KKVR7XKQ,西安未央金融中心,商务住宅;楼宇;商住两用楼宇|公司企业;公司;公司,108.97829732975556,34.34262712435648,未央区,108.983086,34.341162
B0FFGG7CPF,中核集团西安核设备有限公司(北辰路),公司企业;公司;公司,108.98912824253031,34.341227133036675,未央区,108.993962,34.339793
B0LAT7ZG4J,方林装饰集团(未央店),公司企业;公司;广告装饰,108.96549632558911,34.33158519993414,未央区,108.970234,34.33008
B0LBRUK09M,华保整装MALL,公司企业;公司;广告装饰|购物服务;家居建材市场;建材五金市场,108.976060175191,34.35731307460408,未央区,108.980841,34.355849
B0IR759309,杏园南收费站,公司企业;公司;公司,109.02129429066233,34.35254726404252,灞桥区,109.026266,34.351215
B0GKCASZYD,中铁十二局集团第四工程有限公司,公司企业;公司;建筑公司,109.00753865069416,34.33473758717289,未央区,109.012451,34.333356
B0FFJPQV16,西安新港分布式能源有限公司,公司企业;公司企业;公司企业,109.02346363915,34.362189192804344,灞桥区,109.028445,34.360868
B0KKHM606Y,成山&宜品莱(西安未央龙湖天街店),公司企业;公司;公司,108.98077783817928,34.34646311670604,未央区,108.985577,34.345007
B0G3MZUU60,锦鹏实业集团有限公司,公司企业;公司;公司,108.96807861933269,34.35559264871099,未央区,108.972828,34.354106
B0KD35OP84,秦川路407库,公司企业;公司;公司,108.96797533508064,34.36380769855437,未央区,108.972725,34.362325
B0GU5HV678,韵通塑业厂家直销 波纹管 PE管 MPP电力管,公司企业;工厂;工厂,108.98605628944148,34.3647543772452,未央区,108.990879,34.363323
B0LAXR4RXN,铸铁井盖雨水篦子,公司企业;公司;公司,108.9807844466354,34.3628867613211,未央区,108.985585,34.361439
B0KR3BSV4S,陕钢集团龙钢公司西安轧钢厂,公司企业;工厂;工厂|公司企业;公司;公司,108.9709739067628,34.33815762515013,未央区,108.975733,34.33667
B0KRRHYYKL,信电综合勘察设计研究院有限公司,公司企业;公司;公司,109.00982838902152,34.32842472680125,未央区,109.01475,34.327047
B0LAR9BHBC,柏泰塑木防腐木厂,公司企业;工厂;工厂,108.9780689318727,34.37069745533274,未央区,108.982859,34.369246
B0J60HCRUN,陕西喜鹊装饰工程有限公司,公司企业;公司;广告装饰,108.9663818938265,34.333039225682285,未央区,108.971123,34.331537
B0MG0SGTPL,浐灞国际港星光里项目,公司企业;公司企业;公司企业,109.02045124909525,34.346667621793614,灞桥区,109.025419,34.34533
B0FFINTH6L,陕西建工第三建设集团设备安装公司,公司企业;公司;建筑公司,108.96542401667875,34.33861398673113,未央区,108.970162,34.337112
B0LK1ZDC5C,鑫友装饰(西安店),公司企业;公司企业;公司企业,108.96754070786524,34.33078029942958,未央区,108.972286,34.32928
B0HG55BWDH,西安国际设计中心,公司企业;公司;公司,109.00750684129126,34.33409499322682,未央区,109.012419,34.332713
B0K0JAB14X,陕西元丰新材料科技有限公司,公司企业;公司;公司,109.01081614440665,34.32883257512826,未央区,109.015742,34.327458
B0K1YC36C3,陕西科控技术产业研究院有限公司,公司企业;公司;公司,109.00896806024156,34.3284662896795,未央区,109.013886,34.327086
B0FFHTT6DU,微讯广告(陕甘宁服务中心),公司企业;公司;广告装饰,108.98470716067848,34.36238258745084,未央区,108.989524,34.360946
B0LUTU62US,锦图空间设计-北郊店,公司企业;公司;广告装饰,108.98994094458688,34.327305417292095,未央区,108.994777,34.325867
B0L0H7QYLV,未央区三合(福建)建设工程有限公司璟琇和鸣项目部,公司企业;公司;公司,108.97649318136386,34.34824244144696,未央区,108.981275,34.346775
B0GRL7NI2U,毕昇云·臻润图文广告(未央碧桂园天玺店),公司企业;公司;广告装饰,108.98295935066892,34.327718892615536,未央区,108.987766,34.32626
B0FFGZZ4Y1,西安西罗航空部件有限公司,公司企业;公司;公司,108.96894985296724,34.36088464212256,未央区,108.973703,34.359403
B0JUGN2W06,陕西交控西安绕城分公司未央路产养护管理中心,公司企业;公司;公司,109.02183205598084,34.35297551655691,灞桥区,109.026806,34.351645
B0LKMZ5C59,鼎发装饰(整装家居西安旗舰店),公司企业;公司;广告装饰,108.96738367167636,34.326299839840715,未央区,108.972128,34.324797
B0FFLCIL1J,西安安泰叶片技术有限公司,公司企业;公司;公司,108.97051822985188,34.35569911582745,未央区,108.975277,34.354219
B001D093RK,西安西航集团铝业有限公司,公司企业;公司;公司,108.96798496253216,34.35575481200504,未央区,108.972734,34.354268
B0KKBZSQ7T,陕西得道管业货场,公司企业;公司;公司,108.97904276776296,34.36092377780732,未央区,108.983836,34.35947
B0IUUZOY9F,西部第三方检测集团有限公司,公司企业;公司;公司,109.007558016502,34.329418081134385,未央区,109.01247,34.328034
B0JRO4ULRW,陕西龙门钢铁集团有限责任公司,公司企业;公司;公司,108.9703275578972,34.336450192567504,未央区,108.975084,34.33496
B0IAZZP1W0,团结片区中小学项目建设指挥部,公司企业;公司;公司,108.98291686482123,34.347724280278015,未央区,108.987725,34.346275
B0M627WFRO,中国核工业二三建设有限公司陕西分公司,公司企业;公司;建筑公司,108.98403787262346,34.33945908242167,未央区,108.98885,34.338009
B0LBDZSRCU,西安天翼智飞科技集团,公司企业;公司;公司,109.00716470794193,34.329360294943,未央区,109.012075,34.327975
B0K2P7KEBD,瑞拓实业仓库基地,公司企业;公司;公司,108.97847504654928,34.36141814247928,未央区,108.983266,34.359963
B0LUSC5V04,陕西云阙时代文化传媒有限公司,公司企业;公司;公司,108.96742981976833,34.33452379022046,未央区,108.972175,34.333025
B0JGS5J3BL,舒阳洁具·厨卫暖通大世界,公司企业;公司;公司,108.97622819692262,34.373017425762484,未央区,108.981011,34.371562
B0FFFEOZZU,西安未央区徐家湾红旗东路天鼎运输分公司,公司企业;公司;公司|生活服务;物流速递;物流速递,108.96676655906091,34.35596588193944,未央区,108.971511,34.354476
B0K0GR3DG4,德国瓦克美容美缝旗舰店,公司企业;公司;公司,108.97644169089465,34.36873608633179,未央区,108.981225,34.367279
B0HA7HYNJF,欧派岩板陶瓷(显庆路店),购物服务;家居建材市场;建材五金市场|公司企业;公司;公司,108.96717067278146,34.37247525526248,未央区,108.971918,34.370995
B0FFFPA5YL,中国联通陕西省分公司(欧亚大道店),公司企业;公司;电信公司,108.99494618757956,34.33115249858001,未央区,108.999804,34.329731
B0I3KCA8WQ,陕建机施集团浐灞三路公租房DK-3项目经理部,公司企业;公司;公司,108.9938284260666,34.32594635614677,未央区,108.998681,34.324519
B0KUH57WJ0,中建三局港宸润府二期项目部,公司企业;公司;公司,109.02290611050968,34.359705044187166,灞桥区,109.027885,34.358381
B0LAYYX0KP,吉佳井盖库房,公司企业;公司;公司,108.98048482485316,34.361171511768724,未央区,108.985284,34.359722
B0IGBDLPB8,西安市未央区北三环大明宫建材有限公司,公司企业;公司;公司,108.96710913420308,34.36970088075598,未央区,108.971856,34.368219
B0GRGHP79S,陕西新丰泰骏美汽车销售服务有限公司,汽车维修;大众特约维修;一汽-大众维修|汽车销售;大众特约销售;一汽-大众销售|公司企业;公司;公司,108.99337378741146,34.33300036756165,未央区,108.998225,34.331575
B0L1FAVVNO,土工布土工膜土工格栅无纺布厂家,购物服务;家居建材市场;建材五金市场|公司企业;工厂;工厂,108.97309872402244,34.372608328225766,未央区,108.977869,34.371144
B0FFL4R8WH,积木家连锁装修(浐灞咨询中心),公司企业;公司;广告装饰,109.00162566991008,34.33979403812723,未央区,109.006513,34.338397
B0FFHDJB9O,陕西合力保温材料制品公司,公司企业;公司;公司,108.98359561693628,34.3407127645904,未央区,108.988406,34.339262
B0IRR7HDFE,中铁十二局集团有限公司西北区域总部,公司企业;公司;公司,108.9694981785568,34.35563787340718,未央区,108.974253,34.354155
B0IGZ50VCL,中铁二十二局集团有限公司,公司企业;公司;公司,108.98088246420166,34.369838847834494,未央区,108.985684,34.368395
B0K21SRB4Z,圣凯罗瓷砖,公司企业;公司;公司,108.96867592177828,34.37276815364614,未央区,108.973429,34.371292
B0KASAN0D3,天太建设集团东方红村南区安置房项目部,公司企业;公司;公司,108.99143065671149,34.350397673602416,未央区,108.996275,34.348975
B0JKBANM0O,中建三局东方红村安置房北区建设项目部,公司企业;公司;公司,108.9919784259506,34.349046702188325,未央区,108.996825,34.347625
B0LGP7PB8H,骐骥广告,公司企业;公司;广告装饰,108.9835112476882,34.37341831177985,未央区,108.988324,34.371984
B0FFM4JLM2,陕西通达顺商贸有限公司D区14排,公司企业;公司;商业贸易,108.9693357956896,34.36784899922757,未央区,108.974091,34.366372
B0J6MZC7SH,上海胜华电缆旗舰店,购物服务;家居建材市场;建材五金市场|公司企业;公司;公司,108.97349018168306,34.37252529686966,未央区,108.978262,34.371062
B0M6OALW3S,中煤科工(西安)智能成套装备科技有限公司,公司企业;公司;公司,109.01058892372794,34.3310601916713,未央区,109.015514,34.329686
B0LRXC1U0S,陕西幸福优家建筑装修工程有限公司,公司企业;公司;广告装饰,109.0023498011535,34.33677031251567,未央区,109.00724,34.335374
B0L09HCCUF,西安速洁建筑垃圾清运有限公司,公司企业;公司;公司,108.98994094458688,34.327305417292095,未央区,108.994777,34.325867
B0FFI2MH62,龙涟国际西北运营中心,公司企业;公司企业;公司企业,108.9692899025606,34.368692678516354,未央区,108.974045,34.367216
B0FFFP3WOD,陕西安南机电物资有限公司,购物服务;家居建材市场;建材五金市场|公司企业;公司;公司,108.96557305647517,34.3678228317125,未央区,108.970314,34.366336
B0FFJO7P04,西安-亚马逊AWS联合创新中心,公司企业;公司企业;公司企业,109.00983802607614,34.33223387829502,未央区,109.01476,34.330858
B0H2PSPIBT,西安点晴信息科技有限公司,公司企业;公司;公司,109.0017929444777,34.339840507296024,未央区,109.006681,34.338444
B001D0W5PF,西航集团天鼎有限公司纯净水厂,公司企业;工厂;工厂|公司企业;公司;公司,108.96608711383416,34.35593965046881,未央区,108.970829,34.354448
B0L35XFK0C,陕西省纺织科学研究院有限公司,公司企业;公司;公司,109.01074842620164,34.32890974090394,未央区,109.015674,34.327535
B0L3YAIKWS,西安映远超精机电设备制造有限公司,公司企业;公司;机械电子,108.9674080306794,34.357239564303846,未央区,108.972155,34.355752
B0I21AMM89,西安绿环林业技术服务有限责任公司,公司企业;公司;公司,109.00747796534098,34.334092081701385,未央区,109.01239,34.33271
B0JUJL0N9J,西安中保保安服务有限责任公司,公司企业;公司;公司,108.98994094458688,34.327305417292095,未央区,108.994777,34.325867
B0FFIZ7745,瑞和东晟广告装饰公司,公司企业;公司;广告装饰,109.01027812146478,34.33255940318522,未央区,109.015202,34.331185
B0JULSLZBZ,国信招标集团(陕西分公司),公司企业;公司;公司,108.9737654613801,34.331764103256376,未央区,108.978535,34.330281
B0JUF1U5GW,东方蓝天钛金科技有限公司西安分公司,公司企业;公司;公司,108.96916236251604,34.35694310042039,未央区,108.973916,34.35546
B0K3LCX7T7,陕西胜兴誉和建筑工程有限公司,公司企业;公司;公司,108.98075181614436,34.36006031412248,未央区,108.985552,34.358611
B0M6MSU7A4,龙牌中国红石膏板圣戈班仓储运营中心,公司企业;公司;公司,108.96812485640092,34.3627078761029,未央区,108.972875,34.361225
B0GRC7E5P8,西安津达线缆有限公司,购物服务;家居建材市场;建材五金市场|公司企业;公司;公司,108.981184186403,34.37021177934318,未央区,108.985987,34.368769
B0KAAC8YC0,金燕子库房,公司企业;公司;公司,108.97259230501838,34.3655624182088,未央区,108.97736,34.364093
B0FFHC8QA7,鑫大彩钢厂,公司企业;工厂;工厂,108.97016703341504,34.362452592381075,未央区,108.974925,34.360975
B0FFHC8Q4F,水立方彩钢厂,购物服务;家居建材市场;建材五金市场|公司企业;工厂;工厂,108.97219446691206,34.35834023475319,未央区,108.97696,34.356866
B0J06ULXW4,陕西顺久安防工程有限公司,公司企业;公司;公司,108.96848124045624,34.35368855588284,未央区,108.973232,34.352202
B0GUOL4OR9,陕西世朗建材有限公司,公司企业;公司;公司,108.97066225640296,34.37281883388439,未央区,108.975423,34.371348
B0I2JR3Z6Z,西安无忧水务净水有限公司,公司企业;公司;公司,109.00029840812762,34.32774487679113,未央区,109.005179,34.326338
B0KA9ZPB2F,中建新疆建工未央区璟辰里项目部,公司企业;公司;公司,108.99043224037428,34.33460844996078,未央区,108.995271,34.333175
B0L2XZXQCW,鸿信(陕西)能源有限公司,公司企业;公司;公司,108.96803837602856,34.33613841658701,未央区,108.972786,34.334642
B0FFKFOOFO,陕西凯美木业地板批发,购物服务;家居建材市场;建材五金市场|公司企业;公司企业;公司企业,108.97014201009524,34.36390790520331,未央区,108.9749,34.362431
B0KKM5JX2J,西安启明井盖库房,公司企业;公司;公司,108.9924589054343,34.354577466703724,未央区,108.997308,34.35316
B0L11ULJTJ,悟心家装饰,公司企业;公司;广告装饰,108.9938249513944,34.35569477477314,未央区,108.99868,34.354282
B0GK27IZLA,恒越达物资,公司企业;公司;公司,108.96562981287528,34.36820948361843,未央区,108.970371,34.366723
B0JURA2TCI,铝方通铝单板铝格栅铝扣板工厂店,购物服务;家居建材市场;建材五金市场|公司企业;公司;公司,108.9679740543731,34.36726989751265,未央区,108.972724,34.365789
B0L0FPX83J,西安核设备有限公司仓储中心,公司企业;公司;公司,108.98456077319108,34.338374076511016,未央区,108.989375,34.336925
B0K2PXEPL0,陕西好万家装饰工程有限公司,公司企业;公司;广告装饰,109.01134956985187,34.332441256265625,未央区,109.016278,34.33107
B0JKGZW1UD,中建四局未央金融中心项目部,公司企业;公司;公司,108.97636605876274,34.34383998614119,未央区,108.981147,34.34237
B0L3ZA0Q06,颐合邸(建设中),公司企业;公司;公司,108.99178604573136,34.35148205873213,未央区,108.996632,34.350061
B0K3LC8G34,中铁十四局集团西安地铁8、10号线环园中路停车场项目经理部(建设中),公司企业;公司;公司,108.98447771815968,34.33119878693681,未央区,108.989291,34.329746
B0L3DR5RC0,龙兴不锈钢金属装饰工程有限公司,公司企业;公司;公司,108.9781596897382,34.36916100672119,未央区,108.98295,34.367709
B0J0YUFJSG,陕西安南机电物资有限公司(A区),公司企业;公司;公司,108.9672506172772,34.36948162788854,未央区,108.971998,34.368
B0LDH1JXID,陕西渭合通信有限公司,公司企业;公司;公司,108.98635312828765,34.33966815567269,未央区,108.991175,34.338225
B0FFLH6128,陕西兴沿达通风保温工程有限公司,公司企业;公司;公司,108.9683974639883,34.366980935810176,未央区,108.973149,34.365501
B0JRCZAYID,西安拓博康宝动力科技有限公司,公司企业;公司;公司,108.96710922000683,34.35652570695221,未央区,108.971855,34.355037
B0FFHTWRZN,陕西今象供暖设备工程有限公司锅炉空气能,公司企业;公司;商业贸易,108.9784635353846,34.36814367647816,未央区,108.983255,34.366692
B0JK7URFRU,久诚照相图文广告,公司企业;公司;广告装饰,108.99632604337287,34.35746729657381,未央区,109.001192,34.356063
B0L1J58OHD,陕西明法咨询服务有限公司,公司企业;公司;公司,108.98994293593567,34.32730741037998,未央区,108.994779,34.325869
B0H2P7RSKT,西安绘家信息科技有限公司,公司企业;公司;广告装饰,108.96782015969872,34.336699716466086,未央区,108.972567,34.335203
B0KDAZHG3M,中铁二十局第二工程有限公司,公司企业;公司;公司,109.00207377660534,34.33932490646124,未央区,109.006963,34.337929
B0J03ZYXBU,亚克基防静电地板(西安强盛德机房设备有限公司),公司企业;公司;公司,108.98734759617366,34.355627243785584,未央区,108.992175,34.354195
B0HDA5XX54,八进制网络科技有限公司,公司企业;公司;公司,109.00777074828562,34.33364241583724,未央区,109.012684,34.332261
B0LK17DA74,福舍大宅设计中心(港务区店),公司企业;公司;广告装饰,109.01370337203598,34.3704721028959,灞桥区,109.018645,34.369127
B0LBHUOBIU,正泰配电箱·配电柜·箱变高压柜(陕西浩开电力设备有限公司),购物服务;家居建材市场;建材五金市场|公司企业;公司;公司,108.97355001058656,34.371727554634,未央区,108.978322,34.370264
B0FFH3OKFH,腾飞木业装修店,购物服务;家居建材市场;建材五金市场|公司企业;公司;公司,108.97370259185575,34.36947532261457,未央区,108.978475,34.368011
B0LKGZ1Y0F,威泽鸿钢管搭建有限公司,公司企业;公司;公司,108.98568728712344,34.3354241894229,未央区,108.990506,34.333977
B0I2SUMWV9,陕西顶美管业库房,公司企业;公司;公司,108.98674143843222,34.36427059940311,未央区,108.991567,34.362841
B0J3OMPE43,陕西天朗软膜天花,公司企业;工厂;工厂,108.97210960479312,34.36070325208282,未央区,108.976875,34.35923
B0FFG2H9DY,马氏木工机械,公司企业;公司;机械电子,108.96979011371786,34.36701522627083,未央区,108.974547,34.365539
B0FFL3UF3Y,西安昌胜泡沫板厂,公司企业;工厂;工厂|购物服务;购物相关场所;购物相关场所,108.96602134394573,34.36827444434247,未央区,108.970764,34.366789
B0L2AA1QF1,世纪丰盛广告,公司企业;公司;广告装饰,108.9798372945848,34.33942329518641,未央区,108.984632,34.337961
B0IRHUQ9EP,西安精鑫隔断设计工程有限公司卫生间隔断,公司企业;公司;公司,108.9748897630459,34.37068539879531,未央区,108.979667,34.369225
B001D146PC,陕西大鹏实业发展有限公司,购物服务;家居建材市场;建材五金市场|公司企业;公司;公司,108.96707631310416,34.36903531620148,未央区,108.971823,34.367553
B0K3UUM7HX,西安启幕科技,公司企业;公司;公司,108.98178757441018,34.335481582592315,未央区,108.98659,34.334023
B0FFHJD4DH,昕佳艺图文广告,公司企业;公司;广告装饰|生活服务;生活服务场所;生活服务场所,108.96973924143984,34.35573318283023,未央区,108.974495,34.354251
B0LKSRJLJE,大王椰美速板(西北运营中心),公司企业;公司;公司,108.97547160623776,34.368590880165755,未央区,108.980251,34.367131
B0FFGZFSYX,太平集团有限公司,公司企业;公司;公司,108.99212967911724,34.326307312494194,未央区,108.996975,34.324875
B0K3M7RRAH,三和精化,公司企业;公司;公司,108.97432095856531,34.371585501461226,未央区,108.979096,34.370124
B0LAKXLS6O,陕西宏钢物资有限公司,公司企业;公司;公司,108.96743606184776,34.36770207873531,未央区,108.972184,34.36622
B0FFIB45KW,喷泉喷灌,购物服务;专卖店;专营店|公司企业;公司;公司,108.96932354689318,34.371433145239976,未央区,108.974079,34.369958
B0H3555TSK,彩印王快印广告(浐灞店),公司企业;公司;广告装饰,109.0049170979647,34.33253057343129,未央区,109.009818,34.33114
B0LALCAUW9,联通数字科技有限公司西安研发中心,公司企业;公司;公司,108.99565908073208,34.33163011010798,未央区,109.00052,34.330211
B0KG177NF9,人玉教直播基地,公司企业;公司;公司,109.0030448065123,34.33675021246676,未央区,109.007938,34.335356
B0MG4HWS0X,泰山石膏板(西安万枫建材有限公司),公司企业;公司;公司,108.9689542303276,34.3682258135964,未央区,108.973708,34.366748
B0KUV6AG4N,陕西阳光林语设计工程有限公司,公司企业;公司;广告装饰,109.00093884004572,34.36111341484602,未央区,109.005825,34.359725
B0JAVZTOYY,陕西千海网约车服务有限公司,公司企业;工厂;工厂,108.98992522285975,34.37266969744029,未央区,108.994765,34.371254
B0IU67XCP0,兵哥图文广告,公司企业;公司;广告装饰,108.96783311549206,34.3366387121402,未央区,108.97258,34.335142
B0MGVHEA2X,西安宇博科技发展有限公司,公司企业;公司;网络科技,108.9838445483594,34.34105486767608,未央区,108.988656,34.339605
B0K225KDCS,鑫华源铁艺铝艺旋转楼梯,公司企业;公司;公司,108.9792501251525,34.3704822012253,未央区,108.984045,34.369034
B0M61HHGXD,雨虹美缝西北库房,公司企业;公司;公司,108.97270750145944,34.35769816336917,未央区,108.977475,34.356225
B0LDVU50JG,中环标检科技有限公司,公司企业;公司;公司,109.00677931977692,34.329856221750966,未央区,109.011688,34.32847
B0JDAZ48L7,陕西丹海环保科技有限公司,公司企业;公司;公司,108.96689449212568,34.36305990659309,未央区,108.97164,34.361574
B0I1MSBNCR,陕西大企鹅制冷有限公司,公司企业;公司;公司,109.00980288322936,34.335699312988844,未央区,109.014725,34.334325
B0L17Z83PK,市政道桥建设集团有限公司浐灞生态区欧亚四路项目部,公司企业;公司;公司,108.99625639484972,34.34492781839794,未央区,109.001121,34.343517
B0HA45S4TH,陕西旺朋钢铁有限公司,公司企业;公司;公司,108.96772974966024,34.370102050296914,未央区,108.972479,34.368622
B0KK6ZF72W,迪克装饰,公司企业;公司;广告装饰,109.00477569891623,34.33261995877672,未央区,109.009676,34.331229
B0FFL2K6FA,西安晋金消防器材有限公司,公司企业;公司;公司,108.96746499481802,34.36718527381231,未央区,108.972213,34.365703
B0LUJZ8YZN,陕西建工集团百花村安置房项目部,公司企业;公司;公司,108.97043381940284,34.328286827239054,未央区,108.97519,34.326793
B0FFL6NJNZ,陕西天诺管道钢材有限公司,公司企业;公司;公司,108.96581799127183,34.36965124343229,未央区,108.97056,34.368166
B0FFHFNM9C,西安辉远视频传媒广告图文,公司企业;公司;广告装饰,109.01468930925289,34.369345782630056,灞桥区,109.019635,34.368003
B0G0VHLRB3,西安硕居建材腻子粉加工厂,公司企业;工厂;工厂,108.96826873356576,34.36966886431258,未央区,108.97302,34.36819
B0FFK886UU,西安京颐置业有限公司,公司企业;公司;公司,108.99460559944418,34.3556624299606,未央区,108.999464,34.354252
B0FFILB0T5,豪发电动卷帘门厂,购物服务;家居建材市场;建材五金市场|公司企业;工厂;工厂,108.99598786648004,34.36502042632059,未央区,109.000853,34.363619
B0LG551ZIH,陕西辉腾建材有限公司,公司企业;公司;公司,108.9674528368026,34.3696600067771,未央区,108.972201,34.368179
B0FFG2IKS3,陕西沪龙泵阀成套设备有限公司,购物服务;家居建材市场;建材五金市场|公司企业;公司;公司,108.96629737952324,34.36742018092041,未央区,108.971041,34.365935
B0IRD5OBO7,贝尔斯软装设计有限公司,公司企业;公司;广告装饰,109.00761253060078,34.33240748666207,未央区,109.012525,34.331025
B0IATLWNB3,华辉石业(武德路店),购物服务;家居建材市场;建材五金市场|公司企业;公司;公司,108.97804585008436,34.37281540042672,未央区,108.982836,34.371365
B0FFFV63EW,陕西旭日暖通器材有限公司,购物服务;家居建材市场;厨卫市场|公司企业;公司;公司,108.97791276533536,34.36831315332677,未央区,108.982702,34.36686
B0JK6H56QH,陕西河川建材-联塑市政管道,购物服务;家居建材市场;建材五金市场|公司企业;公司;公司,108.97130371447912,34.37334582503532,未央区,108.976067,34.371877
B0J6UZLAHO,北辰大道扩建-市政道桥项目部,公司企业;公司;公司,109.00208679379593,34.36221935665488,未央区,109.006978,34.360835
B0L1C9661G,中国建筑第四工程局华润玺宸上院项目(北门),公司企业;公司;公司,109.00322090711065,34.35029598937911,未央区,109.008116,34.348909
B0LD9HQOMJ,陕西中饰新材料有限公司,公司企业;公司;公司,108.97746742997596,34.3700604966523,未央区,108.982255,34.368607
B0I6B5M21I,西安互联立方遮阳科技有限公司,公司企业;公司;公司,109.00495989463018,34.33275833438198,未央区,109.009861,34.331368
B0L6GYBU66,亿固家五金有限公司,公司企业;公司;公司,108.97162466561151,34.37086027234796,未央区,108.976389,34.369391
B0LBO9BQEL,造木空间设计,公司企业;公司;广告装饰,108.96655599135192,34.33605631913963,未央区,108.971298,34.334556
B0HKPH9CJV,中大建设,公司企业;公司;建筑公司,109.00176828517648,34.33705394079391,未央区,109.006656,34.335656
B0FFGI1QRQ,晓都实业,购物服务;家居建材市场;建材五金市场|公司企业;公司;公司,108.97058096508808,34.36806356011575,未央区,108.975341,34.36659
B0MG05HN5P,利沣源钢铁(北三环大明宫店),公司企业;公司;公司,108.97898331396937,34.36932057584226,未央区,108.983777,34.367871
B0KU3CGDDS,迎通装饰,公司企业;公司;广告装饰,108.98449204573222,34.36258711416767,未央区,108.989308,34.36115
B0KRL76KW8,锦图全案设计-运营公司,公司企业;公司;广告装饰,108.98999371772474,34.327329247843124,未央区,108.99483,34.325891
B0FFFPW520,图文快印易特广告,公司企业;公司;广告装饰|生活服务;摄影冲印店;摄影冲印,108.97670065079656,34.36866839337536,未央区,108.981485,34.367212
B0I26CK5DI,西安鑫荣丰建筑材料有限公司,公司企业;公司;公司,108.97997020189148,34.37009534053132,未央区,108.984768,34.368649
B0K3M7PMNZ,万悟设计,公司企业;公司;广告装饰,109.00300896729192,34.33667535757253,未央区,109.007902,34.335281
B001D0Z53C,西安市钢盛水暖有限公司,公司企业;公司;公司,108.96705452282336,34.367490183443934,未央区,108.971801,34.366007
B0HAPZS9SY,西安兴隆劳保盖土网批发部,公司企业;公司;公司|购物服务;购物相关场所;购物相关场所,108.97337371249056,34.3716860615189,未央区,108.978145,34.370222
B0JGTUV4PR,秀泊环氧地坪工程安装与施工,公司企业;公司;公司,108.97482317167504,34.3689654895779,未央区,108.9796,34.367504
B0K045SGP9,陕西纺标检测认证有限公司,公司企业;公司;公司,109.01074842620164,34.32890974090394,未央区,109.015674,34.327535
B0HKDUYFJE,陕西凯丰沐浴健康科技有限公司,公司企业;公司;公司,109.01031496172646,34.332591277550456,未央区,109.015239,34.331217
B0J3ZZOZ6K,凯达建材烘干板方木仓储,购物服务;家居建材市场;建材五金市场|公司企业;公司;公司,108.97955416825724,34.36699416248375,未央区,108.98435,34.365545
B0H157W5LG,招商西安序项目,公司企业;公司;公司,109.00034351477508,34.347963896002206,未央区,109.005226,34.346567
B0FFJGFCNL,西安津成电线电缆有限公司,购物服务;家居建材市场;建材五金市场|公司企业;公司;公司,108.972606757692,34.371491266393484,未央区,108.977375,34.370025
B0JUOH8C9Y,陕西中远管业西安库房,公司企业;公司企业;公司企业,108.98750788179832,34.36804235447871,未央区,108.992337,34.366617
B0G265NEGA,西安翰境美学空间设计有限公司,公司企业;公司;广告装饰,109.01085160845572,34.333386289513044,未央区,109.015778,34.332014
B0FFJRJ1UJ,西安大唐塑业有限公司,公司企业;公司;公司|购物服务;购物相关场所;购物相关场所,108.97048298529428,34.37242252553083,未央区,108.975243,34.370951
B0FFM4JQ8O,云梦山景观石材,公司企业;公司;公司,108.98157045847978,34.37176584028183,未央区,108.986375,34.370325
B0FFKLYP1X,金泰铁艺铝艺,购物服务;家居建材市场;建材五金市场|公司企业;农林牧渔基地;其它农林牧渔基地,108.98106962094124,34.370681862706064,未央区,108.985872,34.369239
B0FFGZUBHA,神华石业,公司企业;工厂;工厂|购物服务;购物相关场所;购物相关场所,108.97799516250414,34.37153722125696,未央区,108.982785,34.370086
B0KUCCZ3EA,红旗铁路公园项目指挥部,公司企业;公司;公司,108.966606851998,34.33542549301757,未央区,108.971349,34.333925
B0KDG4CK59,西安新创匠遇良材建筑装修工程有限公司,公司企业;公司;广告装饰,109.00291459652784,34.357790121021466,未央区,109.007809,34.356406
B0JULUVCL3,鸿凡装饰,公司企业;公司;广告装饰,108.96829466588316,34.36928999543132,未央区,108.973046,34.367811
B0ID5MK6AN,陕西清元集团,公司企业;公司;公司,109.00297127756366,34.35867549566379,未央区,109.007866,34.357292
B0LU4CYB4A,罗蒂尼门业,公司企业;公司;公司,108.97581216130284,34.369522438581406,未央区,108.980593,34.368064
B0FFH3ZCWS,众邦电线电缆(昭远门路店),购物服务;家居建材市场;建材五金市场|公司企业;工厂;工厂,108.97534582546824,34.37203341625372,未央区,108.980125,34.370575
B0FFFY9H04,宏艺达景观材料,公司企业;公司;公司,108.98158938175538,34.37174579603711,未央区,108.986394,34.370305
B0FFJQ1K2H,陕西三只羊建材有限公司,公司企业;公司;商业贸易|购物服务;家居建材市场;建材五金市场,108.96951574726768,34.37215625164478,未央区,108.974272,34.370682
B0HDGGMNP4,陕西鑫顶彩建材有限公司,公司企业;公司;公司,108.96831904675182,34.36354593129519,未央区,108.97307,34.362064
B0MG4CXK6T,中煤科工智能成套装备科技有限公司-基建指挥部,公司企业;公司;公司,109.00765048019947,34.331077010096976,未央区,109.012563,34.329694
B0LDD142BJ,赛荣项目管理有限公司,公司企业;公司;公司,108.96742964755153,34.336622774689765,未央区,108.972175,34.335125
B0LAY70G9E,城市人家装饰港务旗舰店,公司企业;公司;广告装饰,109.0258751555378,34.35977371235349,灞桥区,109.030866,34.358458
B0FFH67OT3,中国水电三局,公司企业;公司;公司|政府机构及社会团体;政府及社会团体相关;政府及社会团体相关,109.0464654610742,34.337611295737844,灞桥区,109.05153,34.336336
B0FFKG8O7N,国美电器,公司企业;公司;公司,109.07450330672212,34.35938105844029,灞桥区,109.079644,34.358163
B0FFK10GUA,西安企畅凯信财务管理有限公司华南城分公司,公司企业;公司;公司,109.0330609981578,34.36202926547633,灞桥区,109.03808,34.360734
B0HU15BAUM,普冷西安陆港冷库,公司企业;公司;公司,109.07733869747273,34.363050318363655,灞桥区,109.082485,34.361837
B0FFMG9YVK,华南城五金机电交易中心,购物服务;家居建材市场;建材五金市场|公司企业;公司;公司,109.0297216816285,34.36355828488979,灞桥区,109.034728,34.362255
B0G2NZ34ZM,陕西品诚热力有限公司,公司企业;公司;公司,109.02702294982478,34.35560768333152,灞桥区,109.032018,34.354293
B0KAX7G3NS,陕西数字产业控股(集团)有限公司(陕西数控),公司企业;公司;公司,109.0623363417138,34.36477846764223,灞桥区,109.06745,34.363547
B0I1RZYVNJ,中建三局灞河右岸PPP项目部,公司企业;公司;公司,109.04139932862368,34.33012643430671,灞桥区,109.046446,34.328836
B0JGJ92XJO,西安国际港集团有限公司,公司企业;公司;公司,109.03012444671664,34.37140509870057,灞桥区,109.035133,34.370107
B0FFFA919C,西安泰成混凝土有限责任公司,公司企业;公司;公司,109.07749428491124,34.34167896001192,灞桥区,109.082639,34.340455
B0KGJDT98G,西安传化丝路公路港物流金融数据中心,公司企业;公司企业;公司企业,109.07381482520849,34.357440797623795,灞桥区,109.078954,34.356221
B0KU2S4JJZ,中国能建西北电建科创中心项目部,公司企业;公司;公司,109.04654954600612,34.345006479943265,灞桥区,109.051615,34.343735
B0FFH7UX1R,向阳(混凝土)实业有限公司,公司企业;公司;公司,109.07793572958867,34.35055713941255,灞桥区,109.083082,34.349338
B0KDUM3J3O,中国铁建语澜溪项目部,公司企业;公司;公司,109.0465084876538,34.358839595442525,灞桥区,109.051575,34.357575
B0KDBUUP2O,陕建五建集团务东务西安置房项目部,公司企业;公司;公司,109.05743005495992,34.34745557925219,灞桥区,109.062529,34.346207
B0GR24AM98,西安轩晨玻璃有限公司,公司企业;公司;公司,109.07610881402206,34.35301864390995,灞桥区,109.081252,34.351799
B0K677AL3E,新陆新居二期西地块第二批项目,公司企业;公司企业;公司企业,109.05275889005104,34.356743665518856,灞桥区,109.057845,34.355491
B0LKY540V9,世澜汇项目部,公司企业;公司;公司,109.03163810535167,34.34232392743665,灞桥区,109.03665,34.341015
B0FFILBLKF,西安华南城,公司企业;公司;公司,109.0302418379426,34.36152594605394,灞桥区,109.03525,34.360223
B0GRT7F344,双喜临门窗帘&绣王府墙布工厂店,公司企业;公司;公司,109.04971146989446,34.3666027390642,灞桥区,109.054789,34.365349
B0IUMSQJH5,西安自贸港建设运营有限公司,公司企业;公司;公司,109.0302290402828,34.3714198118199,灞桥区,109.035238,34.370122
B0L35MCN6S,浩宸胶业批发 结构胶 发泡胶 玻璃胶 植筋胶 云石胶 万能胶 彩色胶 胶带,公司企业;公司;商业贸易,109.0452044497714,34.36315925396454,灞桥区,109.050267,34.361894
B0FFKEKR18,卓恒中央空调制冷通风材料一站式配件中心,购物服务;家电电子卖场;家电电子卖场|公司企业;公司;公司,109.03957783641056,34.3641488264272,灞桥区,109.044621,34.362871
B0KA9AIU2I,浐灞生态区锦堤住宅项目经理部,公司企业;公司;公司,109.02596334761913,34.35340571612454,灞桥区,109.030954,34.352087
B0LKK5NACP,创策堂图文广告,公司企业;公司;广告装饰,109.02934640858793,34.36044390134452,灞桥区,109.034351,34.359138
B0L0GC3MGS,陕西秦必安安全技术服务有限公司,公司企业;公司;公司,109.04775379215296,34.36603317306789,灞桥区,109.052825,34.364775
B0JU2A0571,新陆新居陕建新基建二期项目部,公司企业;公司;公司,109.05623435023664,34.36013931981153,灞桥区,109.061331,34.358895
B0KKZCMD8A,华泰工品总部,公司企业;公司;商业贸易,109.03541027516933,34.36103075364758,灞桥区,109.040438,34.359741
B0KDCDU86Y,西安达升科技股份有限公司,公司企业;公司;公司,109.06497809524512,34.360477639613094,灞桥区,109.070098,34.359248
B0IUPZEKI0,陕西立高混凝土有限公司,交通设施服务;停车场;停车场出入口|交通设施服务;停车场;公共停车场|公司企业;公司;公司,109.07509638235888,34.34542048050027,灞桥区,109.080237,34.344196
B0FFM5IJ39,亨吉利世界名表中心(西安砂之船店),购物服务;专卖店;钟表店|公司企业;农林牧渔基地;其它农林牧渔基地,109.040234070631,34.345936502057825,灞桥区,109.045278,34.344651
B0LUVDCRHH,中国铁建根耀集团总部项目,公司企业;公司;公司,109.0361012030754,34.343741736280634,灞桥区,109.04113,34.342445
B0KDKCBY2P,陕煤浐灞住宅项目,公司企业;公司;公司,109.0544529615688,34.343635968437084,灞桥区,109.059543,34.34238
B0LAUSV5RG,俊远装饰,公司企业;公司;广告装饰,109.03771069199246,34.36259718959061,灞桥区,109.042747,34.361314
B0HAVH95G8,陕西恒辉仓储基地,公司企业;公司;公司,109.07417873522787,34.32730824008558,灞桥区,109.079316,34.326074
B0FFGDGGZX,西安市浐灞生态区荣豪养殖场,公司企业;农林牧渔基地;其它农林牧渔基地,109.04465908029992,34.35391621390392,灞桥区,109.049719,34.352645
B0LRUACLF8,农业灌溉滴灌微喷带喷灌大全,公司企业;公司企业;公司企业,109.04237898761102,34.36418316788947,灞桥区,109.047432,34.362912
B0JAT5OI2D,西安伟龙实业发展有限公司,公司企业;公司;公司,109.03975437033526,34.36225438260699,灞桥区,109.044798,34.360976
B0HRV99S3V,西安朗晴阁遮阳工程有限公司,公司企业;公司;公司,109.04264415812936,34.36317107712504,灞桥区,109.047698,34.3619
B0FFFA9LJL,西安市浐灞生态区菊侠冷库,公司企业;公司;公司,109.06561241701137,34.339100431715,灞桥区,109.070732,34.337861
B0JUGSBE4Z,大明交通设施,公司企业;公司;公司,109.04671647186083,34.362672166085616,灞桥区,109.051784,34.36141
B0FFME5NJR,智能锁锁城,购物服务;家居建材市场;建材五金市场|公司企业;公司;公司,109.0426508475242,34.36650732568944,灞桥区,109.047705,34.365238
B0FFMB5BSF,陕西远泰金属科技有限公司,公司企业;公司;公司,109.07690707249344,34.34474100537653,灞桥区,109.082051,34.343518
B0KDTCHD48,西安么小默医疗美容服务有限公司,公司企业;公司;公司,109.04345993624663,34.34482249497114,灞桥区,109.048515,34.343544
B0L1SSPM5O,顾新家装饰,公司企业;公司;广告装饰,109.04878876260068,34.36247881609407,灞桥区,109.053863,34.361221
B0K6OUTB2E,新陆新居二期东地块第二批项目陕三建,公司企业;公司企业;公司企业,109.0578271441212,34.356664228260826,灞桥区,109.062928,34.355421
B0FFGDGGXI,陕西亮丽照明工程有限公司,公司企业;公司;广告装饰,109.0694944642055,34.339085121110394,灞桥区,109.074623,34.337851
B0L21SS9CR,西安浐灞国际港银发经济电商服务中心,公司企业;公司;公司,109.05343874450442,34.36942076881913,灞桥区,109.058528,34.368176
B0JDZAGAXK,高科光电LED显示屏(考拉光电),公司企业;公司;公司,109.03731918058674,34.36185854033328,灞桥区,109.042354,34.360574
B0FFFA8YQZ,西安星港厨房设备工程有限公司,公司企业;公司;公司,109.08285713887892,34.334559063685816,灞桥区,109.08801,34.333336
B0J2SLVAOG,西安浐灞国际会展公用型保税仓库,公司企业;公司;公司,109.03383537982288,34.34681398100622,灞桥区,109.038856,34.345513
B0JD4ST60B,启航制冷工程采购中心,公司企业;公司;公司,109.05452400184092,34.35230150682869,灞桥区,109.059615,34.35105
B0HGZH43NG,陕西联众供水设备有限公司,公司企业;公司;公司,109.04000908476785,34.36666847548406,灞桥区,109.045054,34.365393
B0J34G26FG,欣鑫保温(华南城店),公司企业;公司;公司,109.04081739478696,34.36471256478551,灞桥区,109.045865,34.363438
B0LDTH7APJ,济民农业智慧储拣中心,公司企业;公司;公司,109.08176774092324,34.36949922201223,灞桥区,109.086922,34.368293
B0FFLC4R0F,陕西博陶酒店用品有限公司,公司企业;公司;公司,109.05461973027585,34.35218238522835,灞桥区,109.059711,34.350931
B0FFL71NIZ,陕西众誉新能源科技有限公司,公司企业;工厂;工厂,109.04199430847888,34.36434298230269,灞桥区,109.047046,34.363071
B0LUTA3R1N,中国能建路桥工程有限公司浐灞高中项目部,公司企业;公司;公司,109.02593462102328,34.35154473500749,灞桥区,109.030925,34.350225
B0LAGAU0E1,赢标图文广告(锦堤一路店),公司企业;公司;广告装饰,109.04586231390417,34.33928180948308,灞桥区,109.050925,34.338006
B0LAUZ7457,华南城五金批发市场,公司企业;公司;公司,109.04197323931628,34.36599617071338,灞桥区,109.047025,34.364725
B0LRGASUY5,陕西华晟检测科技有限公司,公司企业;公司;公司,109.04625397610867,34.36291905170098,灞桥区,109.05132,34.361656
B0FFLD4GDC,西安新斯波蓝冷暖设备有限公司,公司企业;公司;公司,109.04295187754016,34.36572603707501,灞桥区,109.048007,34.364457
B0JDYCYWVD,西安金琳电子科技有限公司(强力巨彩旗舰店),公司企业;公司;公司,109.05003047458092,34.36647214616091,灞桥区,109.055109,34.365219
B0LUSR28L1,智匠未来科技有限公司(西安),公司企业;公司;公司,109.03591868057998,34.34602706344997,灞桥区,109.040947,34.344731
B0FFI2C0MJ,西安新纪元包装器材有限公司,购物服务;专卖店;专营店|公司企业;公司;公司,109.02751431499225,34.36370917684668,灞桥区,109.032512,34.3624
B0FFG13SD4,西部飞龙通用航空有限公司,公司企业;公司;公司,109.03116837180816,34.348582061824374,灞桥区,109.036179,34.347275
B0JGN5VV0D,西安信开生态发展有限公司,公司企业;公司;公司,109.02972942963626,34.35446592855457,灞桥区,109.034735,34.353158
B0FFMCOSGF,西安市浐灞生态区聚财来食品厂,公司企业;工厂;工厂,109.06996754989868,34.33766720853709,灞桥区,109.075097,34.336433
B0FFGAH7RR,西安砂之船商业管理有限公司,公司企业;公司;公司,109.03967510311362,34.34539111561664,灞桥区,109.044717,34.344104
B0H2GZUAMN,浐灞安置房项目部,商务住宅;住宅区;住宅小区|公司企业;公司;公司,109.03749066779528,34.34891569667574,灞桥区,109.042525,34.347625
B0FFLBZIRT,陕西富达万里供应链管理有限公司,公司企业;公司;公司,109.0739455505252,34.357630557509566,灞桥区,109.079085,34.356411
B0FFKO0H9T,西安大衡天成信息科技有限公司,公司企业;公司企业;公司企业,109.0633990856661,34.371109482816024,灞桥区,109.068516,34.369883
B0H3DRT565,陕西安广特种设备有限公司,公司企业;公司;公司,109.02933772657074,34.345431512485135,灞桥区,109.034341,34.344118
B0KRS5F9S0,西安华翌诺输送带源头工厂,公司企业;工厂;工厂,109.04746080300718,34.36536115413909,灞桥区,109.052531,34.364102
B0H17Z5A97,陕西鼎行商贸有限公司,公司企业;公司;商业贸易,109.07435241123564,34.327133135909165,灞桥区,109.07949,34.325899
B0L3ZU0SVI,清洗剂 除胶剂 润滑剂 除锈剂CRC WD-40,公司企业;公司企业;公司企业,109.04040592260742,34.36383200255382,灞桥区,109.045452,34.362556
B0K3HU5KUR,中铁电气化局集团西安电气化工程有限公司,公司企业;公司;公司,109.03355426426111,34.348847691283446,灞桥区,109.038574,34.347547
B0K1JUB7DA,美巢腻子粉瓷砖胶防水港务区旗舰店,公司企业;公司;公司,109.04922615247258,34.3649516129507,灞桥区,109.054302,34.363696
B0FFITKHTU,陕西唐语景观工程有限公司,公司企业;公司企业;公司企业,109.04529118818634,34.362824233807366,灞桥区,109.050354,34.361559
B0LDK6EW14,陕建五建浐灞市政项目部,公司企业;公司;公司,109.04461592121908,34.34585035734732,灞桥区,109.049675,34.344575
B0HASH6M0N,电机减速机风机,公司企业;公司;公司,109.02890592112364,34.36285984027555,灞桥区,109.033909,34.361554
B0I1M7B29K,网片·钢丝网·护栏网·筛网·铁丝网工厂店(深兰网业),公司企业;公司;公司,109.04078344292626,34.36554221348376,灞桥区,109.045831,34.364268
B0IU67UKNL,百维特家居门窗有限公司,公司企业;公司;公司,109.04851830601396,34.36622943908967,灞桥区,109.053592,34.364973
B0FFIZMO12,西安世园旅游汽车有限公司,公司企业;公司;公司,109.0590921958167,34.350378200669496,灞桥区,109.064196,34.349134
B0I1177GVV,上海人民泵业(西北总代理),公司企业;工厂;工厂,109.0269515746888,34.36330592547117,灞桥区,109.031947,34.361995
B0FFLD928A,恒泰东三环分公司,公司企业;公司企业;公司企业,109.05005186328216,34.33805644179456,灞桥区,109.055128,34.336789
B0GR0ZVV50,曼瑞德陕西运营中心,公司企业;公司;公司,109.04454070035024,34.36295485040583,灞桥区,109.049601,34.361688
B0FFHYFYC4,河南省矿山起重机陕西分公司,公司企业;公司;商业贸易|购物服务;专卖店;专营店,109.036754283209,34.36142716869651,灞桥区,109.041787,34.360141
B0K6DZ8TJB,农药肥料园林植保绿之尚园艺,公司企业;农林牧渔基地;其它农林牧渔基地,109.04984807686829,34.36615668845787,灞桥区,109.054926,34.364903
B0FFILBNBU,陕西森达实业有限责任公司,公司企业;公司;公司,109.02877848771502,34.3620625967423,灞桥区,109.033781,34.360756
B0LRNSL7X1,佳诚人才科技有限公司,公司企业;公司;公司,109.04053661434575,34.36204761484295,灞桥区,109.045583,34.360771
B0G2NH2CDX,杰铭清洁工业吸尘器洗地机扫地车高压洗车机,公司企业;公司;公司,109.04480460595344,34.36532502484055,灞桥区,109.049866,34.36406
B0LUMH2W8N,锦澈设计,公司企业;公司;广告装饰,109.04274889415498,34.36204141909319,灞桥区,109.047803,34.36077
B0FFLCT1I4,西安华兴酒店用品有限公司,公司企业;公司;公司,109.05421292579877,34.35224312916371,灞桥区,109.059303,34.350991
B0L3UZGOGD,西安市第十二再生水厂,公司企业;工厂;工厂,109.0315683420402,34.35435909678429,灞桥区,109.036581,34.353056
B0FFIRWLEZ,西安余特包装机械设备有限公司,公司企业;公司;公司|购物服务;购物相关场所;购物相关场所,109.04624964409876,34.366930973289755,灞桥区,109.051316,34.36567
B0KDHCLTFU,城屹装饰,公司企业;公司;广告装饰,109.04683304459618,34.34000932206389,灞桥区,109.051899,34.338736
B0K31CQ7V7,西安博欣新材料科技有限公司,公司企业;公司;公司,109.03012444671664,34.37140509870057,灞桥区,109.035133,34.370107
B0IRFA6Z83,陕西东凯电力科技有限公司,公司企业;公司;公司,109.02578838045686,34.361194220991706,灞桥区,109.030779,34.359879
B0FFLILJ8T,西安精工轴承有限公司华南城分公司,公司企业;公司;商业贸易,109.0452769161724,34.36653033803914,灞桥区,109.05034,34.365267
B0FFJV7CGE,西安金钛不锈钢制品有限公司,公司企业;公司企业;公司企业,109.028437819852,34.36209050384401,灞桥区,109.033439,34.360783
B0K11CGV5J,西安凌途房车有限公司,公司企业;公司;公司,109.03978318913651,34.339914553638785,灞桥区,109.044825,34.338625
B0K0Y9LOY5,西安西海地坪,公司企业;公司;公司,109.04985812286164,34.36525813615472,灞桥区,109.054936,34.364004
B0KR5SWDJH,会展广告快印,公司企业;公司;广告装饰,109.03626795237636,34.339503400287306,灞桥区,109.041297,34.338205
B0L14C2D0Z,陕西富泰基业智能科技有限公司,公司企业;公司;公司,109.06540406716924,34.36040405114738,灞桥区,109.070525,34.359175
B0FFI1875B,浩海消防器材,购物服务;专卖店;专营店|公司企业;公司;公司,109.04316916822602,34.3652937615005,灞桥区,109.048225,34.364025
B0G10CEK5Y,大予开工网络机柜监控杆操作台配电箱,公司企业;公司;机械电子,109.04690981106154,34.36296959060176,灞桥区,109.051978,34.361708
B0JAPZYLN1,陕西嘉隆路灯厂,公司企业;工厂;工厂,109.0366575273943,34.36271574438083,灞桥区,109.04169,34.36143
B0J1LSTMSE,天之涵广告装饰工程有限公司,公司企业;公司;广告装饰,109.03048234683536,34.36807489811309,灞桥区,109.035492,34.366776
B0FFHZWW4P,西安天畅电气设备有限公司,公司企业;公司企业;公司企业,109.04393866166582,34.363873738513966,灞桥区,109.048997,34.362606
B0FFLB8MQ7,润美城市环境设施,购物服务;购物相关场所;购物相关场所|公司企业;公司企业;公司企业,109.04795342137643,34.36283440783535,灞桥区,109.053025,34.361575
B0KDZAOPOW,西安酩悦商贸有限公司,公司企业;公司;公司,109.07486992692937,34.34414934703327,灞桥区,109.08001,34.342924
B0H6OZQ541,施耐德电气(港兴一路店),购物服务;家居建材市场;建材五金市场|公司企业;公司;公司,109.04130655581112,34.36611767417578,灞桥区,109.046356,34.364845
B0JBP98Q77,西安源美环境科技有限公司,公司企业;公司;公司,109.08463138004436,34.3368797805756,灞桥区,109.089787,34.335659
B0IA277JKT,变频器·伺服·PLC·软起动·维修,公司企业;公司;商业贸易,109.02847972068916,34.361328783695264,灞桥区,109.033481,34.360021
B0HKYSSKY2,西安秦北电力工程有限公司,公司企业;公司;公司,109.04941344266372,34.36627453145765,灞桥区,109.05449,34.36502
B0L2DM89Y7,匠心江南墙布窗帘工厂,公司企业;工厂;工厂,109.04954200578896,34.36661008792227,灞桥区,109.054619,34.365356
B0IAF59A5T,陕西津飞线缆有限公司,公司企业;公司;公司,109.02627734286447,34.362237332170174,灞桥区,109.03127,34.360924
B0HRV7VGRG,秦美园林绿化机械,公司企业;农林牧渔基地;其它农林牧渔基地,109.04875667739128,34.364653755653706,灞桥区,109.053831,34.363397
B0FFGAB6E5,西安移山压缩机有限公司,公司企业;公司;公司|购物服务;专卖店;专营店,109.03037729959908,34.36169149954456,灞桥区,109.035386,34.360389
B0G0SL1A7G,西安春波秋收物资有限公司,公司企业;公司;公司,109.04914951068278,34.36363145966342,灞桥区,109.054225,34.362375
B0HRJZMO8Q,陕西创安消防科技有限公司,公司企业;公司;公司,109.0672514665698,34.33996268619844,灞桥区,109.072375,34.338726
B0KGB71SQP,京东方(BOE)西安仓储中心,公司企业;公司;公司,109.036442380989,34.361978663915764,灞桥区,109.041474,34.360692
B0IGHRFQAC,西安市·西安莆兴建材有限公司,公司企业;公司;公司,109.08214403458976,34.3709551783033,灞桥区,109.087299,34.36975
B0ID1M5782,聚合成电力物资电力工器具绞磨机,购物服务;家居建材市场;建材五金市场|公司企业;公司;公司,109.02878946000712,34.36188465904827,灞桥区,109.033792,34.360578
B0FFGDJDQ1,祺洋气动液压机电工厂店,购物服务;家居建材市场;建材五金市场|公司企业;公司;公司,109.02771658705171,34.362892048769666,灞桥区,109.032715,34.361583
B0FFGFQC3X,冬香养殖场,公司企业;农林牧渔基地;其它农林牧渔基地,109.08101427270984,34.34260849171881,灞桥区,109.086165,34.341388
B0H3BC10QZ,西安众海消防,公司企业;公司;公司,109.04265892610884,34.36527195139114,灞桥区,109.047713,34.364002
B0J199326F,联塑管道总代理陕西金恒德钢铁实业有限公司,购物服务;家居建材市场;建材五金市场|公司企业;公司企业;公司企业,109.03144809858716,34.36258320030826,灞桥区,109.036461,34.361284
B0HDH7EABD,铝模辅材配件工具一站式采购,公司企业;公司;建筑公司,109.03091709096252,34.363153309093896,灞桥区,109.035928,34.361853
B0L1TA2C2U,鑫明华劳保编织袋吨包网袋篷布厂,公司企业;工厂;工厂,109.03988060563648,34.36592117437937,灞桥区,109.044925,34.364645
B0FFI2YBSO,德鑫工具沪誉工具西北仓储中心,购物服务;家居建材市场;建材五金市场|公司企业;公司企业;公司企业,109.025921791833,34.36185451130094,灞桥区,109.030913,34.36054
B0IA67CKYE,正泰电器(西安智美销售中心),公司企业;公司;商业贸易,109.03168430459743,34.36128424912939,灞桥区,109.036698,34.359985
B0LG175585,西安漏邦修缮工程有限公司,公司企业;公司;公司,109.05573359441712,34.350879952816825,灞桥区,109.060828,34.34963
B0G3DS2DDE,众邦电线电缆集团(华南城D区),购物服务;家居建材市场;建材五金市场|公司企业;公司;公司,109.03969437799998,34.36464828572931,灞桥区,109.044738,34.363371
B0LDPC1F9T,交通设施西安龙祥鑫交通设施有限公司,公司企业;公司;公司,109.02928547145054,34.3624850118262,灞桥区,109.03429,34.36118
B0K2M6TLLA,本田发电机(西安合骏机电有限公司),公司企业;公司;公司,109.03002553803624,34.363137689927065,灞桥区,109.035033,34.361835
B0G0U5O85L,西安菱宇制冷设备有限公司,公司企业;公司;公司,109.04561987768844,34.36528622349148,灞桥区,109.050684,34.364023
B0IDS5KMBW,上海凯一特阀门制造有限公司,公司企业;公司;公司,109.08200922253047,34.37116816402109,灞桥区,109.087164,34.369963
B0HGV7RW03,焊机批发维修租赁,公司企业;公司;商业贸易,109.02736704669304,34.36195248865293,灞桥区,109.032364,34.360642
B0FFLCRN34,陕西天丞消防科技有限公司,公司企业;公司;公司,109.04157384311272,34.36353738685258,灞桥区,109.046624,34.362264
B0MGK7KIHJ,西安大洋供应链有限公司,公司企业;公司;公司,109.0302161157532,34.37112300314082,灞桥区,109.035225,34.369825
B0FFMFKBS0,陕西凯东晟金属制品有限公司,公司企业;公司;冶金化工,109.0817456200112,34.37127430235149,灞桥区,109.0869,34.370069
B0K6U5OT0S,西部电缆,购物服务;家居建材市场;建材五金市场|公司企业;公司;公司,109.03670654095622,34.360464783949595,灞桥区,109.041739,34.359178
B0FFHC6ABA,西安沃杰工贸有限公司,公司企业;公司;商业贸易,109.04227138531628,34.36389356884406,灞桥区,109.047324,34.362622
B0FFJGL76H,西安玖思义酒店用品有限公司,公司企业;公司;商业贸易,109.0492040991242,34.36638091398143,灞桥区,109.05428,34.365126
B0M6LR75AS,陕西一翔管道设备有限公司,公司企业;公司;公司,109.03727544180994,34.36067525921469,灞桥区,109.04231,34.35939
B0HU9C8WEH,陕西奥雅照明工程有限公司,公司企业;公司;公司,109.0534223628996,34.35129712918382,灞桥区,109.05851,34.350043
B0JGCCO52X,精消消防设备厂家(陕西),公司企业;公司企业;公司企业,109.03764501417916,34.361625853881506,灞桥区,109.042681,34.360342
B0HKDSW2DL,螺丝·预埋板·幕墙材料(陕西拓丛工贸有限公司),公司企业;公司;公司,109.04171009295878,34.366725406667335,灞桥区,109.046761,34.365454
B0H0TMR0QA,陕西瑞邦电力电缆制造有限公司,公司企业;公司;公司,109.04806204331796,34.363143015679675,灞桥区,109.053134,34.361884
B0FFIW5FYE,西安永飞机电设备有限公司,公司企业;公司;公司,109.02980338832218,34.36327621231802,灞桥区,109.03481,34.361973
B0HRV98R2X,江苏亨通电力电缆(陕西办事处),购物服务;家居建材市场;建材五金市场|公司企业;公司;公司,109.02837217395304,34.36096126457984,灞桥区,109.033373,34.359653
B0G327G59J,风机风扇,购物服务;家居建材市场;建材五金市场|公司企业;公司;公司,109.04570448809577,34.36653338511346,灞桥区,109.050769,34.365271
B0L0YZ63N6,塑料薄膜,公司企业;公司;公司,109.0477517988816,34.36603017891087,灞桥区,109.052823,34.364772
B0G055KI1G,西安木可焊接电焊机,公司企业;公司;公司|生活服务;生活服务场所;生活服务场所|购物服务;购物相关场所;购物相关场所,109.0498871146162,34.36429557684092,灞桥区,109.054965,34.363041
B0LBOZ9NYE,西安鼎盛嘉泰兽药器械有限公司,公司企业;公司;公司,109.04723454939952,34.36526669240968,灞桥区,109.052304,34.364007
B0KAAZ8VXX,派沃空气能陕西运营中心,公司企业;公司;公司|购物服务;购物相关场所;购物相关场所,109.04133564571696,34.36389076468989,灞桥区,109.046385,34.362617
B0GK2HH4UV,陕西新兴管道科技有限公司,购物服务;家居建材市场;建材五金市场|公司企业;公司;公司,109.04209795222754,34.36429776353979,灞桥区,109.04715,34.363026
B0KGVMJ334,西安鼎之丰照明工程有限公司,购物服务;家居建材市场;灯具瓷器市场|公司企业;公司;公司,109.05081421812874,34.36418572856076,灞桥区,109.055895,34.362933
B0JBBC3OB2,土工布无纺布防渗膜蓄排水板土工格栅盖土网草坪,公司企业;公司;公司,109.0314412522608,34.36109598657948,灞桥区,109.036454,34.359796
B0FFGBFB5E,泰丰线缆有限公司,购物服务;家居建材市场;建材五金市场|公司企业;公司;公司,109.02612093455382,34.362599576138585,灞桥区,109.031113,34.361286
B0KUG9WTXX,西安黄河光伏科技股份有限公司,公司企业;公司;公司,109.03361901870684,34.34886451561111,灞桥区,109.038639,34.347564
B0I1L5IMSI,兴华铸管西北配送中心,公司企业;公司;公司,109.08393145216766,34.37023833168931,灞桥区,109.089089,34.369034
B0MG9LQND1,华泰电缆西安分公司,公司企业;公司;公司,109.03808831647312,34.36266722308297,灞桥区,109.043126,34.361385
B0HA6HAZ0B,西安欧之联电缆有限公司,购物服务;家居建材市场;建材五金市场|公司企业;公司;公司,109.04197340664184,34.36404718487091,灞桥区,109.047025,34.362775
B0HGBZP6H2,陕西盘力机电设备有限公司,公司企业;公司;公司,109.0262961586306,34.36351761732284,灞桥区,109.031289,34.362205
B0LBFHTEZU,零食优选(西北分公司),公司企业;公司;公司,109.03342371855692,34.349293805466566,灞桥区,109.038443,34.347993
B0KB9SAIDB,戴纳斯帝运营中心,公司企业;公司;公司,109.05607250626892,34.352162680791004,灞桥区,109.061168,34.350914
B0FFLILG34,山河消防交通总库,公司企业;公司;公司,109.06444950023976,34.35923006881141,灞桥区,109.069568,34.357999
B0HG0O46SI,西安宇喆之光照明工程有限公司,公司企业;公司;公司,109.0419184668707,34.36556652298007,灞桥区,109.04697,34.364295
B0I3F7QA1B,西安创远起重设备有限公司,公司企业;公司;公司,109.02821361426332,34.363091593717144,灞桥区,109.033214,34.361784
B0LDHZSAYG,江西强丰铜业(西安)仓储中心,公司企业;公司;公司,109.05852238772056,34.354668021897986,灞桥区,109.063625,34.353425
B0JDU6GIMY,锐风喷涂设备(和祥路店),公司企业;公司;公司,109.0471328997848,34.36505802137098,灞桥区,109.052202,34.363798
B0FFL7DQJV,西安路达电力物资有限公司,公司企业;公司;公司,109.0273829966726,34.36180052357169,灞桥区,109.03238,34.36049
B0FFFW83GL,金发电缆有限公司,公司企业;公司;商业贸易|购物服务;家居建材市场;建材五金市场,109.02838299302609,34.362580399042514,灞桥区,109.033384,34.361273
B0HUBLF4V9,木林森商用照明,公司企业;公司;商业贸易|购物服务;家居建材市场;灯具瓷器市场,109.04968081410055,34.36374329183999,灞桥区,109.054758,34.362488
B0H34S2TOZ,诺森机电成套设备有限公司,公司企业;公司;机械电子,109.03662369654371,34.36219209983538,灞桥区,109.041656,34.360906
B0FFFGREUR,西安东升轴承有限公司,公司企业;公司;商业贸易,109.03711408012244,34.36010295458775,灞桥区,109.042148,34.358817
B0GDJ53XVH,大明钢板,公司企业;公司;公司,109.0846193212206,34.337745367116085,灞桥区,109.089775,34.336525
B0FFL781W8,陕西拜珥塑料科技有限公司,公司企业;公司;公司,109.04092780409736,34.36706007809382,灞桥区,109.045976,34.365787
B0H6CMW511,陕西申智贸易有限公司,公司企业;公司;公司,109.02674137327004,34.3637122915184,灞桥区,109.031736,34.362401
B0IU5MWLY0,开山集团空压机(华南城店),购物服务;家居建材市场;建材五金市场|公司企业;公司;公司,109.0274387471074,34.362144193694185,灞桥区,109.032436,34.360834
B0MGMUA03F,陕西安则源物资有限公司,公司企业;公司;公司,109.04872095010124,34.36282278130722,灞桥区,109.053795,34.361565
B0J11C8ZIN,西安春博凯瑞防水保温工程有限公司,公司企业;公司;公司,109.0285921164811,34.36324248988774,灞桥区,109.033594,34.361936
B0IB1AFI29,众邦电缆集团(B区直营店),购物服务;家居建材市场;建材五金市场|公司企业;公司;公司,109.02997880901194,34.36208935734516,灞桥区,109.034986,34.360786
B0G2S7L6ON,西安鼎信起重升降机械有限公司,公司企业;公司;公司,109.0422960979798,34.36623429267149,灞桥区,109.047349,34.364964
B0LG3D2RQD,虬龙科技(西安总代),公司企业;公司;公司,109.04018022039764,34.35803752900062,灞桥区,109.045225,34.356758
B0G2N74JLR,彩源广告,公司企业;公司;广告装饰|生活服务;生活服务场所;生活服务场所,109.05116112545323,34.364358933635,灞桥区,109.056243,34.363107
B0H6JY9TE6,正源广告,公司企业;公司;广告装饰,109.05119601235872,34.364416832893454,灞桥区,109.056278,34.363165
B0G0775D0I,西安永翔不锈钢制品有限公司,公司企业;公司;公司,109.02643466950587,34.36279560996244,灞桥区,109.031428,34.361483
B0JUUSKNO7,西安星扬建材有限公司,购物服务;家居建材市场;建材五金市场|公司企业;公司;公司,109.0470841513326,34.36399268104963,灞桥区,109.052153,34.362732
B0JDTS907I,广亚消防气体七氟丙烷,公司企业;公司;公司,109.04187555602942,34.366265258968305,灞桥区,109.046927,34.364994
B0J0AB7QIU,亿丰照明科技有限公司(西北运营中心),公司企业;公司;公司,109.05087091143992,34.36569082972521,灞桥区,109.055952,34.364439
B0L6BGVQNQ,泽西港务仓,公司企业;公司;公司,109.06496025143592,34.359182331862336,灞桥区,109.07008,34.357952
B0L3BREHRP,陕西怡菲尼净水设备有限公司,公司企业;公司;公司,109.05165364630744,34.363876191132206,灞桥区,109.056737,34.362625
B0FFKW3H3B,中建西部建设北方有限公司临潼预拌厂,公司企业;公司企业;公司企业,109.10531954375504,34.34347040766723,临潼区,109.110493,34.342256
B001D0WTID,西安东唐混凝土工程有限公司,公司企业;公司;公司,109.09493361500368,34.34039713277908,灞桥区,109.100101,34.339182
B001D11H0D,华恒科技,公司企业;公司;网络科技,109.10656668073624,34.32682786125167,灞桥区,109.111739,34.325605
B001D0VXXR,陕西五洲矿业股份有限公司西安分公司,公司企业;公司;矿产公司,109.10591043055727,34.331499414742105,灞桥区,109.111083,34.330279
B0FFL5YXYM,迈亨贸易,公司企业;公司;商业贸易,109.09241525228444,34.336191704417026,灞桥区,109.09758,34.334974
B0FFJN99GK,陕西盛邦赛福消防科技有限公司,公司企业;公司;公司,109.1077089562108,34.33253456705119,灞桥区,109.112882,34.331314
B0FFK5PM25,陕西超硕达建筑材料有限公司,公司企业;公司;公司,109.09760110666208,34.357247455137305,临潼区,109.102772,34.356041
B0LGLCOATP,陕西恒达福混凝土制品有限公司灞桥分公司,公司企业;公司;公司,109.09412605026746,34.343313834998284,灞桥区,109.099293,34.3421
B0FFH25ZMG,陕西鲁泰防水保温工程有限公司,公司企业;公司;公司,109.09997917977309,34.327938940754635,灞桥区,109.105149,34.326718
B0FFGFPYUH,中铁七局集团西安铁路工程有限公司(制梁分公司),公司企业;公司;公司,109.13994421599268,34.35965091542408,临潼区,109.145102,34.358412
B0FFFA9GR5,华亨泡沫厂,公司企业;工厂;工厂,109.09588795401864,34.361981144926915,灞桥区,109.101058,34.360777
B0FFIML8NK,陕西路桥工程检测有限公司,公司企业;公司;公司,109.10291791083046,34.3260432320506,灞桥区,109.108089,34.324821
B0FFJ7P7DE,中核混凝土股份有限公司(西安北站),公司企业;公司企业;公司企业,109.0949108832878,34.34897288899852,灞桥区,109.100079,34.347762
B0FFIJUK12,东海气体,公司企业;公司;公司,109.10238990864492,34.32863490520682,灞桥区,109.107561,34.327414
B0H0R5DDB4,陕西鑫立喷嘴研制开发有限公司,公司企业;公司;公司,109.11685466205768,34.33014503118624,灞桥区,109.122027,34.328918
B001D113TM,陕西鑫辉钢铁有限公司,公司企业;公司;公司,109.0925357911009,34.34013275269357,灞桥区,109.097701,34.338917
B0JAJ51B57,天兴土工仓库,公司企业;公司;公司,109.10370383652352,34.36903195309765,临潼区,109.108879,34.367831
B0FFIW4WUX,新石库,公司企业;公司企业;公司企业,109.10562020298828,34.3463950499781,临潼区,109.110794,34.345182
B0FFKRB0EN,中铁大桥局有限公司西安东站XDZQ-1标段项目部,公司企业;公司;公司,109.12101961109572,34.336604406181195,灞桥区,109.126191,34.335377
B0FFJ968EK,西安聚源混凝土有限公司,公司企业;公司;公司,109.09528098720646,34.34429916163025,灞桥区,109.100449,34.343086
B0FFI13EK2,陕西泉通商务中心,商务住宅;楼宇;商务写字楼|公司企业;公司;公司,109.09638569675488,34.34913063367482,灞桥区,109.101555,34.34792
B001D09OZG,西安铁均钢结构有限公司,公司企业;公司;公司,109.09632169147773,34.36116152494756,灞桥区,109.101492,34.359957
B0HDHZDJKG,冠顿门窗,公司企业;公司;公司,109.12327994168416,34.35724627740527,临潼区,109.128452,34.356027
B001D0040D,西安市长江锻压有限责任公司,公司企业;公司;公司,109.094112428889,34.33912389480333,灞桥区,109.099279,34.337908
B0FFIJUDED,中国外运陕西有限公司,公司企业;公司;公司|生活服务;物流速递;物流速递,109.11172749268596,34.334666469165946,灞桥区,109.116901,34.333445
B0JR1RT886,西安和利尚品门窗加工厂,购物服务;家居建材市场;建材五金市场|公司企业;工厂;工厂,109.10162786539372,34.36736544111168,灞桥区,109.106802,34.366164
B0KGU5F7OP,顺鑫土工布库房,公司企业;公司;公司,109.10818553570992,34.35930646025643,临潼区,109.113361,34.358099
B0I3R5VRKS,西安诚合工业自动化设备有限公司,公司企业;公司;公司,109.11465215236964,34.33044530660778,灞桥区,109.119825,34.32922
B0HGACZQYZ,西安奎鑫金属材料有限公司,公司企业;公司;公司,109.09216775192483,34.33324019671461,灞桥区,109.097332,34.332021
B0KA9UQDRC,陕西仁智达钢铁有限公司,公司企业;公司;公司,109.0995048578422,34.34616705465497,临潼区,109.104676,34.344955
B0IKLDS5DT,陕西巨鼎诚建材有限公司,公司企业;公司;公司,109.10156332765902,34.35103581405577,临潼区,109.106736,34.349826
B001D11A7A,朝阳厂,公司企业;工厂;工厂,109.1255067682868,34.32876062116589,灞桥区,109.130675,34.327525
B0K15HYQT2,远元集团,公司企业;公司;公司,109.08980080353436,34.37238718688475,灞桥区,109.094966,34.371187
B0FFJ1B7J2,陕西百木德木业有限公司,公司企业;公司;公司,109.1301052345527,34.32772136471956,临潼区,109.13527,34.32648
B0LGSZWZEF,西安市政道桥建设集团有限公司豁口商混站,公司企业;公司;公司,109.09091242065035,34.328746726777226,灞桥区,109.096075,34.327525
B0H2H1J1CD,陕西汉通建设工程质量检测有限公司,公司企业;公司;公司,109.13658806051768,34.353479221085784,临潼区,109.141749,34.352242
B001D0Z7KE,西安中田实业有限公司,公司企业;公司;公司,109.10701272157728,34.32526975820714,灞桥区,109.112185,34.324046
B0LBOD5MVT,北庆陆港,公司企业;公司;公司,109.11135160505928,34.33329692147367,灞桥区,109.116525,34.332075
B0FFLH2S0K,西安利君康乐制药有限公司,公司企业;公司企业;公司企业,109.11707371682212,34.364440100200056,临潼区,109.122249,34.36323
B0IRJDN10Z,固瑞朗门窗有限公司,公司企业;公司;公司|购物服务;购物相关场所;购物相关场所,109.09370693954396,34.33740481241488,灞桥区,109.098873,34.336188
B001D09PBC,西安黄河建材有限公司,公司企业;公司;公司,109.10649045425002,34.32961251133788,灞桥区,109.111663,34.328391
B0HATHYPKH,陕西万宇物流供应链有限公司,公司企业;公司;公司,109.10467691114836,34.33009671868492,灞桥区,109.109849,34.328876
B0FFFV60SJ,西安远大电子设备有限公司,公司企业;公司;公司,109.1084753407671,34.3268386011195,灞桥区,109.113648,34.325615
B0FFMDHWHO,西安渝禾面业有限公司,公司企业;公司;公司,109.1061238101614,34.32654684301266,灞桥区,109.111296,34.325324
B0FFHFBQ6B,西安鑫铭工贸有限公司,公司企业;公司;商业贸易,109.103381512719,34.328473176007094,灞桥区,109.108553,34.327252
B0KUTABTGD,顺新晖(北京)供应链管理有限公司西安分公司,公司企业;公司;公司,109.11510760120032,34.34908050096635,临潼区,109.120282,34.347864
B0JRBZOMGQ,西安江荣堆场,公司企业;公司;公司,109.14116586905968,34.368527136272355,临潼区,109.146323,34.367291
B0FFHN0YJI,西安集佰侬生物科技有限公司,公司企业;公司企业;公司企业,109.10466498744786,34.32926911019639,灞桥区,109.109837,34.328048
B0FFK0FYJN,西安琨腾药业有限公司朝阳分公司,公司企业;公司企业;公司企业,109.12831066623946,34.32947640099096,灞桥区,109.133477,34.328238
B0FFGX4VGY,西安方申木业有限公司,公司企业;公司;公司,109.1149236529622,34.359508085453385,临潼区,109.120099,34.358297
B0FFL5E7FQ,槐树种植基地,公司企业;农林牧渔基地;其它农林牧渔基地,109.11588981361392,34.35991855532371,临潼区,109.121065,34.358707
B0J2G7CBZC,好莱欧家具建材厂,公司企业;工厂;工厂,109.13291659701834,34.32878938908103,临潼区,109.138079,34.327545
B0FFGZYQCD,陕西鑫铭泰工贸有限公司,公司企业;公司;商业贸易,109.10103393452836,34.347106713805886,临潼区,109.106206,34.345895
B0LK753JIO,陕西海铭工贸有限公司,公司企业;公司;商业贸易,109.10305171993194,34.350435370076106,临潼区,109.108225,34.349225
B0JBL1RDF5,薛伟砖厂,公司企业;工厂;工厂,109.10276625316146,34.36851202897597,灞桥区,109.107941,34.367311
B0J27SCQ6H,西安众帮废旧物资回收有限公司,公司企业;公司;公司,109.12368910209032,34.335203645860844,灞桥区,109.128859,34.333973
B0K23U0Y45,陕西西安钢材钢板加工厂家,公司企业;工厂;工厂,109.10690082040182,34.347238063070925,临潼区,109.112075,34.346025
B0HAYRYVTD,陕西秦远汇远达新型材料有限公司,公司企业;公司;公司,109.0963663534875,34.36463272318674,灞桥区,109.101537,34.36343
B0HGU7FIV2,西安宝中宝米业有限公司,公司企业;工厂;工厂,109.11105387669656,34.33018225405138,灞桥区,109.116227,34.328959
B0IRZAZ4QH,西安佩奇全屋定制家具厂,公司企业;工厂;工厂,109.1048332329962,34.325853776689435,灞桥区,109.110005,34.324631
B0FFFA9LJW,西安德容船舶型材有限公司,公司企业;公司;公司,109.09194995456866,34.33338418822943,灞桥区,109.097114,34.332165
B0I6DKLDPU,西安三胜定制家具厂,公司企业;工厂;工厂,109.12753208160616,34.35242224860235,临潼区,109.132701,34.351196
B0GKAS20ZO,西安中交万向科技股份有限公司,公司企业;公司;公司,109.11614738817988,34.33122098880471,灞桥区,109.12132,34.329995
B0FFM10NOT,陕西赫尔墨斯检测检验有限公司,公司企业;公司;公司,109.09694924321192,34.36095958139217,灞桥区,109.10212,34.359755
B0FFJSN0XF,西安市临潼区广达机械备件有限公司,公司企业;公司企业;公司企业,109.1398076474419,34.36435228303818,临潼区,109.144966,34.363116
B0FFL0ZXUW,西安市鑫禾源米业有限公司,公司企业;公司;公司,109.08586855795603,34.3270497718992,灞桥区,109.091025,34.325825
B0IDX718Z1,陕西灞沣源环保建材公司,公司企业;公司;公司,109.08961506192443,34.33751997230888,灞桥区,109.094777,34.336302
B0G35SW968,西安天龙不锈钢有限公司,公司企业;公司;公司,109.10777966653924,34.3471214576456,临潼区,109.112954,34.345908
B0L16SR7PU,格雅明轩实木家具厂,公司企业;工厂;工厂,109.13862440020876,34.363317084807555,临潼区,109.143784,34.362082
B0J3KRGSMG,家具板材生产基地,购物服务;家居建材市场;建材五金市场|公司企业;公司;公司,109.13275043113316,34.32893610400074,临潼区,109.137913,34.327692
B001D09OLC,陕西天成电器有限公司,公司企业;公司;公司,109.09549881192974,34.36712451612787,灞桥区,109.100669,34.365923
B0K1CZEJK4,瑞鑫钢材库,公司企业;公司;公司,109.09580729289472,34.33599216412113,灞桥区,109.100975,34.334775
B0KUVZH1AL,陕西磐锋锯业有限公司,公司企业;公司;公司,109.1043983468773,34.34900040106642,临潼区,109.109572,34.347789
B0G1ZU61TK,西安永正鑫物资有限公司,公司企业;公司;商业贸易,109.12348295456115,34.33555926718216,灞桥区,109.128653,34.334329
B0FFJGKNCG,西安金和金属物资有限公司,公司企业;公司;公司,109.09966497026744,34.33239079479977,灞桥区,109.104835,34.331172
B0JASU7XH8,西安星宇照明工程有限公司,公司企业;公司;公司,109.122024535928,34.35434953446507,临潼区,109.127197,34.35313
B0FFIRFCKC,玖璟石业有限公司,公司企业;工厂;工厂,109.14220058613992,34.351694375279656,临潼区,109.147355,34.350448
B0JAHH3U52,西安钢铄金属材料有限公司,公司企业;公司;公司,109.10138776095322,34.3470657779485,临潼区,109.10656,34.345854
B0FFKO0225,西安冈茨电机科技有限公司,公司企业;公司企业;公司企业,109.12806545187684,34.32982595122259,灞桥区,109.133232,34.328588
B0FFIEK2JV,西安市灞桥兴旺养殖场,公司企业;农林牧渔基地;其它农林牧渔基地,109.09996030437166,34.37229966630803,灞桥区,109.105134,34.371101
B0J3H5PYRD,陕西凹凸家居有限公司,公司企业;公司;公司,109.11123007834756,34.36211547357194,临潼区,109.116406,34.360908
B0FFMDYVZ8,陕西兴建新型材料有限公司,公司企业;公司;公司,109.10311476341964,34.349648777707465,临潼区,109.108288,34.348438
B0FFGFQJHV,陕西龙凤石业有限公司,公司企业;公司;公司,109.1248777795954,34.335522710985074,灞桥区,109.130047,34.334291
B0LKG519YK,鑫耀欣建材镀锌方管,公司企业;公司;公司,109.10196215772852,34.35082697788334,临潼区,109.107135,34.349617
B0KKSHVJHG,陕西通和顺兴物资有限公司,公司企业;公司;商业贸易,109.13510921204389,34.34586999653991,临潼区,109.140271,34.344631
B0HDSH6GVB,众兴彩钢,购物服务;家居建材市场;建材五金市场|公司企业;工厂;工厂,109.09841824012204,34.34948037256807,灞桥区,109.103589,34.34827
B0L04CY5KB,西安市灞桥区深恒环保科技有限公司,公司企业;公司;公司,109.09286593639348,34.33487322847795,灞桥区,109.098031,34.333655
B0H0BSZG1C,陕西安华远润滑液压设备制造有限公司,公司企业;公司;公司,109.10834747918344,34.32545220189601,灞桥区,109.11352,34.324228
B0FFL4A3NG,君丰教学设备有限公司,公司企业;公司企业;公司企业,109.09566177858407,34.36601907379223,灞桥区,109.100832,34.364817
B001D11M3Z,西安洪集机电有限公司,公司企业;公司;机械电子,109.10495718455596,34.32596775764409,灞桥区,109.110129,34.324745
B0JUR1BPGA,西安意格淋浴房工厂,公司企业;工厂;工厂,109.12803032021992,34.3538720839706,临潼区,109.133199,34.352646
B0LR5CB3XV,陕西雨辰众诚建筑材料有限公司,公司企业;公司;公司,109.09104425749116,34.32903454657656,灞桥区,109.096207,34.327813
B0FFILGXU9,速新广告,公司企业;公司;广告装饰,109.11027270107628,34.33238679327014,灞桥区,109.115446,34.331165
B0JUP5T50M,西安通合金属材料有限公司,公司企业;公司;公司,109.11377959638818,34.35814102682366,临潼区,109.118955,34.35693
B0G10SFOPZ,陕西建大彩钢厂夹心板厂c型钢厂钢跳板厂家批发,购物服务;家居建材市场;建材五金市场|公司企业;公司;广告装饰,109.09609216801825,34.34630806956421,灞桥区,109.101261,34.345096
B0KRK7ESI3,西安盛凯钢铁有限公司,公司企业;公司;公司,109.1001254053462,34.34726754610207,临潼区,109.105297,34.346056
B0G06RQ0KI,西安林泉钢铁有限公司,公司企业;公司;公司,109.1078927372216,34.34610600858385,临潼区,109.113067,34.344892
B0H0VAZIQ9,西安佰欧特环保科技有限公司,公司企业;公司;公司,109.1034094972444,34.328526156892394,灞桥区,109.108581,34.327305
B0FFM9NCNP,海通钢管,购物服务;家居建材市场;建材五金市场|公司企业;公司;建筑公司,109.10272296739087,34.349162943999005,临潼区,109.107896,34.347952
B0G1JH7F7S,西安秦雪农家面粉加工厂,公司企业;工厂;工厂,109.09456273618636,34.36542654029743,灞桥区,109.099732,34.364224
B0FFHL9L1P,西安尚琪暖通设备有限公司,公司企业;公司;公司,109.10360357020456,34.32684699684519,灞桥区,109.108775,34.325625
B0FFGJTWQV,西安攀胜工贸有限公司,公司企业;公司;公司,109.1045612625674,34.32651139170406,灞桥区,109.109733,34.325289
B0G1LS6XE7,陕西欣丰粮油农产品股份有限公司,公司企业;公司;公司,109.10969874851628,34.33220859694834,灞桥区,109.114872,34.330987
B0K3OZW8FO,红棉花官方授权全屋定制工厂,公司企业;工厂;工厂,109.12834892896556,34.361063775727665,临潼区,109.133518,34.359841
B0FFFFX24N,西安市公众冷拔丝厂,公司企业;工厂;工厂,109.1035094589516,34.32852517934751,灞桥区,109.108681,34.327304
B0LA4H8LTU,国家电网新筑驻点,公司企业;公司;公司,109.10168012551186,34.352703989561405,临潼区,109.106853,34.351495
B0I04ZHYVC,陕西机勘工程检测咨询有限公司(材料试验所),公司企业;公司;公司,109.13658106534568,34.35334028161327,临潼区,109.141742,34.352103
B0FFIX2SDK,西安中核蓝天铀业有限公司灞桥分公司,公司企业;公司;公司,109.10169380079036,34.344921885382895,临潼区,109.106866,34.343709
B0KAPMGCRU,西北货架总厂,公司企业;工厂;工厂,109.1429584444469,34.35251813157633,临潼区,109.148112,34.351271
B0G0JSHTAM,江运钢管,购物服务;家居建材市场;建材五金市场|公司企业;公司;公司,109.0984042181302,34.34983519463248,灞桥区,109.103575,34.348625
B0GDRMC1MU,陕西七果木业仓储中心,公司企业;公司;公司,109.0888033808952,34.35591314708083,灞桥区,109.093966,34.354704
B0I3F7P60A,陕西港奥之窗,公司企业;工厂;工厂,109.1231829738724,34.356270679214404,临潼区,109.128355,34.355051
B0JUOZAQ2B,陕西洪运福粮油商贸有限公司,公司企业;公司;公司,109.09114183108444,34.344183162336755,灞桥区,109.096306,34.342969
B0HGYZWLKL,陕西金佳润钢结构工程有限公司,公司企业;公司;公司,109.10577577597618,34.36219708443027,临潼区,109.110951,34.360992
B0L3VZH8BK,美团小象超市(常温仓),公司企业;公司;公司,109.11315034538984,34.34879036346696,临潼区,109.118325,34.347575
B0IGBAJZ25,西安鑫润德广告有限公司,公司企业;公司;广告装饰,109.09080871362626,34.33808126689643,灞桥区,109.095972,34.336864
B0FFG052AT,陕西秦海石油有限公司,公司企业;公司;公司,109.10705247909227,34.327947505619505,灞桥区,109.112225,34.326725
B0HRSAQ07C,万鼎隆盘扣物资租赁站,公司企业;公司;公司,109.13477379702604,34.346803078026404,临潼区,109.139936,34.345565
B0FFJEZSAP,陕西金汤岩土工程有限公司,公司企业;公司企业;公司企业,109.13616377364204,34.36313168565114,临潼区,109.141326,34.3619
B0L0ZHF94S,西安绿港建能材料有限公司,公司企业;公司;公司,109.1037499032518,34.36807646543634,临潼区,109.108925,34.366875
B0HGPZTBQ5,西安国际港务区广佛华粤铝材仓储部,公司企业;公司;公司,109.10023152344633,34.3680709157954,灞桥区,109.105405,34.36687
B0K0OZIOOC,江河门配西安运营中心,公司企业;工厂;工厂,109.12233069736293,34.36567999870485,临潼区,109.127504,34.364466
B0FFHCJ2Q6,陕西唐嘉钢结构工程有限公司,公司企业;公司企业;公司企业,109.09137216207267,34.36053783454314,灞桥区,109.096538,34.359332
B0MABDS916,陕西炬泽商贸品牌折扣仓,公司企业;公司;公司,109.12267943839696,34.336467035945624,灞桥区,109.12785,34.335238
B0I1GZW4G1,陕西利文斯顿门窗工程有限公司,公司企业;公司;建筑公司,109.1180651031616,34.352051224371976,临潼区,109.123239,34.350834
B0HDGCO3QL,西安新同信钢化玻璃厂,公司企业;工厂;工厂,109.13913996963682,34.36341178769594,临潼区,109.144299,34.362176
B0K1A6M4L4,陕西泉通特钢有限公司,公司企业;公司;公司,109.103001744621,34.35038538511375,临潼区,109.108175,34.349175
B0KRHCRHW2,沃凯彩钢钢构工程有限公司,公司企业;公司;公司,109.09663269473708,34.335617267892474,灞桥区,109.101801,34.3344
B0FFILBT5W,西安木传奇木业有限公司,公司企业;公司;公司,109.09329752269376,34.35785069974062,灞桥区,109.098465,34.356644
B0LABC0RCQ,广亚铝业广亚门窗厂,公司企业;工厂;工厂,109.1238102934852,34.35663911809176,临潼区,109.128982,34.355419
B001D0W4GM,中核蓝天铀业公司灞桥分公司,公司企业;公司;公司,109.09678389208472,34.34351139684245,灞桥区,109.101953,34.342298
B0K1JL5BS7,人造草坪西北运营基地,公司企业;公司;公司,109.09661761711274,34.37088442633715,灞桥区,109.101789,34.369685
B0G3RUBWME,盛迈仓储嘉浩库,公司企业;公司;公司,109.1129601817792,34.35045541199674,临潼区,109.118135,34.349241
B0L0GU3PYW,陕西建业彩钢钢构有限公司,公司企业;公司企业;公司企业,109.10040308453146,34.34918561074826,临潼区,109.105575,34.347975
B0HAK7JJU8,博世铝业·精品门窗西北运营中心,公司企业;公司;公司,109.09394773016209,34.33734079529955,灞桥区,109.099114,34.336124
B0K1PM6H3F,陕西今色源门窗厂,公司企业;工厂;工厂,109.12834544441874,34.35515079881138,临潼区,109.133514,34.353925
B0JULUZ6X4,陕西华瑞铭信铝艺门亭有限公司,公司企业;公司;公司,109.12875625015806,34.360948310107624,临潼区,109.133925,34.359725
B0HR0NN2V4,陕西立信电气科技有限公司,公司企业;公司;公司,109.09993388414856,34.354446921775754,临潼区,109.105106,34.353239
B0L1B5Z2N5,陕西临灞环保产业有限公司,公司企业;公司;公司,109.10165286705052,34.34438814382831,临潼区,109.106825,34.343175
B0JKPSZ5ZZ,陕西泓建胜物资有限公司,公司企业;公司;公司,109.13594816215694,34.34472871288505,临潼区,109.141109,34.343488
B0JBP94O18,西安艺立定制家具有限公司,公司企业;公司;公司,109.09697118729162,34.35000015443028,灞桥区,109.102141,34.34879
B0L1CZ4P4J,陕西港轩贸易有限公司,公司企业;公司;商业贸易,109.1085506054221,34.34653906900109,临潼区,109.113725,34.345325
B0KGOMD7VW,西安勤则兴地面保护膜工厂,公司企业;工厂;工厂,109.11988822382666,34.358283585232215,临潼区,109.125062,34.357068
B0FFLJWPQP,陕西苏威大型卷板厂,公司企业;公司企业;公司企业,109.10703790103432,34.34599673119376,临潼区,109.112212,34.344783
B0KB6U8P4J,西安冰洁钢材有限公司,购物服务;家居建材市场;建材五金市场|公司企业;公司;公司,109.10418552486836,34.34779794777833,临潼区,109.109359,34.346586
B0GRJSO16E,陕西晋成鑫激光切割,公司企业;工厂;工厂,109.10693290035162,34.346249566867705,临潼区,109.112107,34.345036
B0H3ZDEEQI,陕西龙鑫恒盛设备搬运安装有限公司,公司企业;公司;公司,109.09879344679766,34.35580518182788,临潼区,109.103965,34.354598
B0KDAHE96Y,西安万沃再生资源回收利用有限公司,公司企业;公司;公司,109.10624943229124,34.341928463372845,灞桥区,109.111423,34.340713
B0IBXHPDRZ,陕西亿澜实业有限公司,公司企业;公司;公司,109.10290889418351,34.3491130048036,临潼区,109.108082,34.347902
B0LDVH5L18,晟扬广告传媒有限公司,公司企业;公司;广告装饰,109.10684130907184,34.364621189616365,临潼区,109.112017,34.363417
B0HG29ZSB8,陕西翟鑫杨商贸有限公司,公司企业;公司;商业贸易,109.10250251939271,34.343938502960214,临潼区,109.107675,34.342725
B0J2BRIK82,西安鑫瑞钢踏板脚手架加工厂,公司企业;工厂;工厂,109.11484944000506,34.361784861850104,临潼区,109.120025,34.360575
B0HATMYV6W,顺畅专业喷塑厂栏杆生产厂,公司企业;工厂;工厂,109.13992890586954,34.36299316814621,临潼区,109.145087,34.361756
B0J3ZSXOY1,中储钢超,公司企业;公司;公司,109.10958748728363,34.34669646127722,临潼区,109.114762,34.345482
B0LRJBFSMQ,广东中亚系统门窗(西北总经销),公司企业;公司;公司,109.1296463388803,34.356531630444344,临潼区,109.134814,34.355305
B0LKRZ5S6Q,陕西晟通鑫汽车服务有限公司,公司企业;公司企业;公司企业,109.0966198401471,34.3683207756056,灞桥区,109.101791,34.36712
B0KAVSESGS,西安志威联创建材有限公司,公司企业;公司;公司,109.08680272600024,34.3455662899481,灞桥区,109.091962,34.344351
B0JR2GI9KQ,中铁二十局集团有限公司西延铁路15标二工区,公司企业;公司;公司,109.09642322697586,34.36558622177482,灞桥区,109.101594,34.364384
B0G3RU9UHZ,西安柯迪智能科技有限公司,公司企业;公司;公司,109.12140887219616,34.33568520967696,灞桥区,109.12658,34.334457
B0K6FDC1HZ,陕西金好易石化有限公司,公司企业;公司;公司,109.10646659005612,34.32812421147286,灞桥区,109.111639,34.326902
B0G0XKX2GH,西安万源金属材料有限责任公司,公司企业;公司;公司,109.10285207331847,34.34733688111159,临潼区,109.108025,34.346125
B0IRUZ4ADS,陕西铭坤电力工程有限公司,公司企业;公司;公司,109.09472196857357,34.33838614866619,灞桥区,109.099889,34.33717
B0MGDZQ1DB,陕西中科新雨机器人科技有限公司,公司企业;公司;公司,109.09523758336016,34.3493166694803,灞桥区,109.100406,34.348106
B0JALRC1MN,巨风空压机西北仓储中心,公司企业;公司;公司,109.08831698115353,34.36703162075725,灞桥区,109.09348,34.365828
B0I3CSNS5Z,警龙库,公司企业;公司;公司,109.1091514235804,34.35925790774835,临潼区,109.114327,34.35805
B0G2AD63NT,西安立军钢结构有限公司,公司企业;公司;公司,109.09221068375064,34.33353804157866,灞桥区,109.097375,34.332319
B0IU5CYUN7,西安市临潼区中达食品加工厂,公司企业;工厂;工厂,109.1334603023532,34.326528172016744,临潼区,109.138622,34.325282
B0FFKQTV4Y,通顺达库,公司企业;公司;公司,109.10065186289336,34.35019212945416,临潼区,109.105824,34.348982
B0G22HU1M0,西安军盛德建材有限公司,公司企业;公司;公司,109.10305300297787,34.34719898970114,临潼区,109.108226,34.345987
B0HKA5JRHM,西安秦临工贸有限公司,公司企业;公司;商业贸易,109.11303333786726,34.36015652431645,临潼区,109.118209,34.358947
B0H2N5FZF2,西安鑫德美大功率激光切板切管,公司企业;公司企业;公司企业,109.10133747234526,34.35064298134198,临潼区,109.10651,34.349433
B0LA499B4R,陕西达容辰建材工贸有限公司,公司企业;公司;商业贸易,109.10330161592933,34.35048539690196,临潼区,109.108475,34.349275
B0JRCZ9GMA,恒宝泰钢绞线声测管D11库,公司企业;公司;公司,109.10399958899974,34.347811894919865,临潼区,109.109173,34.3466
B0HBTM1LIV,威达工具西安仓储服务中心,公司企业;公司;公司,109.0870693327932,34.35763507379048,灞桥区,109.09223,34.356426
B0FFKJE48V,陕西瑞达金属制品厂,公司企业;工厂;工厂,109.12054609084248,34.351549587078615,临潼区,109.125719,34.35033
B0KRM12VXO,百世云仓,生活服务;物流速递;物流速递|公司企业;公司;公司,109.10975168029532,34.33294626795102,灞桥区,109.114925,34.331725
B0H3THG9IE,陕西创标检测技术服务有限公司,公司企业;公司;公司,109.13705654653847,34.35357782970662,临潼区,109.142217,34.35234
B0FFLIIUC8,陕西崇兴物资有限公司,购物服务;家居建材市场;建材五金市场|公司企业;公司;公司,109.08725086905233,34.33746104603597,灞桥区,109.09241,34.336242
B0FFMEFLCL,众合壹钢钢铁,公司企业;公司;公司,109.10115163442698,34.34985135559521,临潼区,109.106324,34.348641
B0K17ALL2E,陕西奕墨源钢铁有限公司,公司企业;公司;公司,109.10574225913682,34.34537759369393,临潼区,109.110916,34.344164
B0J21SHMNY,疆疆好西安库房,公司企业;工厂;工厂,109.120809182167,34.35183068224144,临潼区,109.125982,34.350611
B0FFKQWIHC,西安锦泰德润异形管厂,公司企业;公司;公司|购物服务;购物相关场所;购物相关场所,109.09984325919,34.35075577997738,临潼区,109.105015,34.349546
B0FFKVU3L9,宏著六米剪板折弯厂,公司企业;工厂;工厂,109.10356143473608,34.32857616669954,灞桥区,109.108733,34.327355
B0LD3AE15Q,西安市临潼区鑫诺不锈钢制品厂,公司企业;工厂;工厂,109.1316477073324,34.34873703030096,临潼区,109.136813,34.347504
B0JGU1G260,西安晟华德再生资源有限责任公司,公司企业;公司;公司,109.09644553087404,34.36192611946671,灞桥区,109.101616,34.360722
B0L1PM4GNY,陕西岳至盛电力建设有限公司,公司企业;公司;公司,109.08617175532456,34.34311183868726,灞桥区,109.09133,34.341895
B0IUF7Y4YG,奥航钢铁提货处,公司企业;公司;公司,109.09845418579944,34.349835194772496,灞桥区,109.103625,34.348625
B0JBPL51ZY,西安新东升商贸有限公司,公司企业;公司;商业贸易,109.10800689183762,34.34413803089573,临潼区,109.113181,34.342923
B001D09PP9,西安美都工贸有限公司,公司企业;公司;商业贸易,109.10291067599351,34.328759942303584,灞桥区,109.108082,34.327539
B0LD5U7XQO,西安奇洁洗涤有限公司,公司企业;公司;公司,109.10656468092483,34.32683085913066,灞桥区,109.111737,34.325608
B0J6SR4V04,陕西仁泽鑫金属制品有限公司,公司企业;公司;公司,109.10281582418015,34.327516514610714,灞桥区,109.107987,34.326295
B001D0Z7FE,西安祥森地毯配套有限责任公司,公司企业;公司;公司,109.10466034220828,34.32523402174586,灞桥区,109.109832,34.324011
B0IDTAJAX5,通众护栏加工厂专业铁艺生产厂家,公司企业;工厂;工厂,109.12974443099507,34.35638382366161,临潼区,109.134912,34.355157
B0LB3LCVXK,陕西天锦莱制衣有限公司,公司企业;公司;公司,109.13756114159446,34.35295586010499,临潼区,109.142721,34.351717
B0FFL63REX,老薛铝门加工厂,公司企业;工厂;工厂,109.13406378380716,34.35046029710799,临潼区,109.139227,34.349225
B0L6MZVI6A,雷森驰铝业有限公司,公司企业;公司;公司,109.12985846839946,34.35701264023217,临潼区,109.135026,34.355786
B0G2U61JEE,陕西鑫晟诺实业有限公司,公司企业;公司;公司,109.13014871735142,34.356883057855484,临潼区,109.135316,34.355656
B0G1RR4XIB,西安德胜朵米拉木业有限公司,公司企业;公司;公司,109.091280018677,34.34040497855106,灞桥区,109.096444,34.339189
B0G2XRMJIK,西安欧姆龙电气有限公司,公司企业;公司;机械电子,109.12039140265912,34.35863884639899,临潼区,109.125565,34.357423
B0K117OF7E,陕西祁连山视听设备有限公司库房,公司企业;公司;公司,109.10182614644717,34.34026220065508,灞桥区,109.106998,34.339047
B0G3MZW9WQ,西安华建彩钢岩棉夹芯板厂,公司企业;工厂;工厂,109.14182614018252,34.36303700454214,临潼区,109.146982,34.361797
B0K30L2L3E,西安玉贝工贸有限公司,公司企业;公司;商业贸易,109.13660785767262,34.34460669110809,临潼区,109.141768,34.343365
B0JK5DCQ5V,宏圣航激光切割加工重型切管,公司企业;工厂;工厂,109.10409430719028,34.350645498841565,临潼区,109.109268,34.349435
B0HGVZOOGA,西安昌鑫钢铁,公司企业;公司企业;公司企业,109.10281840238068,34.343740659459414,临潼区,109.107991,34.342527
B0KBJHAQ4L,鑫鸿源树脂瓦厂,公司企业;工厂;工厂,109.09629342573533,34.34160337616129,灞桥区,109.101462,34.340389
B0L6X5X17K,陕西华旭混凝土工程有限公司,公司企业;公司;公司,109.08986749913286,34.32930283193634,灞桥区,109.095029,34.328081
B0JBTOBTT4,西安鑫鸿源树脂瓦厂,公司企业;工厂;工厂,109.11347952581086,34.35853463437303,临潼区,109.118655,34.357324
B0HBGZF9PN,西安西光创威光电有限公司,公司企业;公司;公司,109.12834783757025,34.32783922296823,灞桥区,109.133514,34.3266
B0FFJMCIN8,西安鸿轩物资回收有限公司,公司企业;公司企业;公司企业,109.08749541536118,34.36204259757649,灞桥区,109.092657,34.360836
B0H31C0GYX,西安铁坤商贸有限公司,公司企业;公司;商业贸易,109.10078429140027,34.33308455200094,灞桥区,109.105955,34.331866
B0KB990TL4,西安奇恒钢铁有限公司,公司企业;公司;公司,109.14204230339234,34.36416075257955,临潼区,109.147198,34.362921
B0IG4D25VI,伟业临潼分公司,公司企业;公司;公司,109.13320070891515,34.36479882718236,临潼区,109.138366,34.363572
B0FFK801LX,陕西鑫佳华物资有限公司,公司企业;公司;公司,109.09580231780087,34.335752280897054,灞桥区,109.10097,34.334535
B0HUJ50XD1,陕西固中财铝业科技有限公司,公司企业;公司;公司,109.1366666411066,34.34778719222997,临潼区,109.141827,34.346547
B0IKBHC6EI,陕西蓝天幕墙材料有限公司,公司企业;公司;公司,109.09958151780828,34.34953437774623,临潼区,109.104753,34.348324
B0FFL6AR62,精诚库,公司企业;公司;公司,109.1005719203132,34.350022206932174,临潼区,109.105744,34.348812
B0IGVC3BKE,西安英力机械有限公司,公司企业;公司;机械电子,109.12541253486656,34.33073657808169,灞桥区,109.130581,34.329502
B0HKXCT7F6,陕西中源汽配城发展有限公司,公司企业;公司;公司,109.08621409665454,34.37287658172783,灞桥区,109.091375,34.371675
B0KA6CM3HS,陕西俊腾实业有限公司,公司企业;公司;公司,109.1014184130806,34.350864880370466,临潼区,109.106591,34.349655
B0I16SWTU0,红星管件厂,公司企业;工厂;工厂,109.10425015154438,34.32897114330229,灞桥区,109.109422,34.32775
B0K69DQDJ3,三轩,公司企业;工厂;工厂,109.1352792116837,34.34782125641114,临潼区,109.140441,34.346583
B001D09OMW,康师傅(西安)饮品有限公司,公司企业;公司;公司,108.90415136628084,34.37961518363215,未央区,108.908749,34.378047
B001D11A8C,石羊集团,公司企业;公司;公司,108.89121349135029,34.38087031478198,未央区,108.895806,34.379305
B0HUK788DX,中国重型机械研究院股份公司,公司企业;公司企业;公司企业,108.8770536750248,34.381237941767886,未央区,108.88165,34.379683
B001D15MOF,西安桃李食品有限公司,公司企业;公司;公司,108.89038538287568,34.3827299270402,未央区,108.894978,34.381166
B001D09OFJ,西安得利斯食品有限公司,公司企业;公司;公司,108.8936071782239,34.38087125509786,未央区,108.8982,34.379305
B001D0WHLL,西安小六饮食(集团)股份有限公司,公司企业;公司;公司,108.88915849727556,34.38129509031734,未央区,108.893751,34.379731
B001D09NYX,维维股份,公司企业;公司;公司,108.86947163342327,34.37392247832743,未央区,108.874073,34.372372
B001D09OFI,博世力士乐(西安)电子传动与控制有限公司,公司企业;公司;机械电子,108.89637942130184,34.38123684833752,未央区,108.900973,34.37967
B0FFJP6CYC,西安古都放心早餐工程有限公司,公司企业;公司;公司,108.888801404106,34.38227436956429,未央区,108.893394,34.380711
B0FFGH09MT,陕西穆堂香调味食品有限公司,公司企业;公司;公司|餐饮服务;餐饮相关场所;餐饮相关,108.89246266025802,34.377193814107855,未央区,108.897055,34.375626
B001D09OJ1,布勒设备(西安)有限公司,公司企业;公司;公司,108.8825547853398,34.37457337207567,未央区,108.887148,34.37301
B0HDT5M0OV,上美四季农场,公司企业;农林牧渔基地;其它农林牧渔基地,108.8963710004804,34.38649298485474,未央区,108.900965,34.384929
B001D0WJ7J,西安米旗冷冻食品有限公司,公司企业;公司;公司,108.88948157411056,34.38043472310748,未央区,108.894074,34.37887
B0FFKRL8IE,草滩花卉市场,公司企业;农林牧渔基地;其它农林牧渔基地|购物服务;购物相关场所;购物相关场所,108.88974584036498,34.377158619482,未央区,108.894338,34.375592
B001D0W4J2,西安迅达电缆制造有限公司,公司企业;公司;公司,108.89698161341042,34.37624066447065,未央区,108.901575,34.374671
B001D0VZV9,陕西斯达防爆安全科技股份有限公司,公司企业;公司;公司,108.89279079526123,34.374941144127995,未央区,108.897383,34.373372
B0K6XM4XJN,西安凯立新材料股份有限公司,公司企业;公司;公司,108.87301017069376,34.378595126952064,未央区,108.877609,34.377043
B0FFGPTEID,中法高速铁路技术(西安)有限公司,公司企业;公司;公司,108.8574122142163,34.37612148724178,未央区,108.862027,34.374589
B0FFIUSFBL,美邦药业集团,公司企业;公司企业;公司企业,108.89144056413248,34.37975201789555,未央区,108.896033,34.378186
B0MGBMSLT0,陕西建工新能源有限公司,公司企业;公司;公司,108.86725429169012,34.37733586198616,未央区,108.871858,34.37579
B0LBOS1GBF,陕西天工建设有限公司,公司企业;公司;建筑公司,108.84910077044772,34.399310189540564,渭城区,108.853729,34.397804
B0FFFGVSC0,御品轩(尚稷路店),公司企业;公司;公司|餐饮服务;餐饮相关场所;餐饮相关,108.88786181682292,34.37631605368583,未央区,108.892454,34.37475
B001D0W500,高科电力电子,公司企业;公司;机械电子,108.89182093995514,34.37465491119757,未央区,108.896413,34.373086
B001D0WUGQ,兴乐消防,公司企业;公司;公司,108.89364363108244,34.37516333242799,未央区,108.898236,34.373594
B0FFF03KC4,德联集团(草滩三路),公司企业;公司;公司,108.89297568060827,34.37600964293313,未央区,108.897568,34.374441
B0GU2NDMFS,陕西三秦林木种子有限责任公司店,公司企业;公司;公司,108.89054487461338,34.376560327980684,未央区,108.895137,34.374993
B0JUJCKJX8,西安今正制药有限公司,公司企业;公司;医药公司,108.89555311305332,34.37585653903919,未央区,108.900146,34.374287
B0FFI2MW0U,西安石羊食品工业园有限公司,公司企业;公司;公司,108.89203748782576,34.379981145488635,未央区,108.89663,34.378415
B0FFGVUQ07,西安鹰之航航空科技股份有限公司,公司企业;公司;公司,108.8499410973255,34.3735607219203,未央区,108.854566,34.372039
B0L035CXYF,西安佳伟食品有限责任公司,公司企业;公司;公司,108.88913265798008,34.379290159073946,未央区,108.893725,34.377725
B001D113TX,西安圣威制药有限公司,公司企业;公司;医药公司,108.89805459541763,34.38363686614692,未央区,108.902649,34.382071
B0FFF0452G,伏特龙电力,购物服务;家居建材市场;建材五金市场|公司企业;公司;公司,108.8929756807693,34.37600764400138,未央区,108.897568,34.374439
B0FFIAQ7NS,秦汉园林绿化工程有限公司,公司企业;公司企业;公司企业,108.89422497292556,34.40663810256197,渭城区,108.89882,34.405086
B0FFHVSOMS,葡小淘原生态葡萄苑,公司企业;农林牧渔基地;其它农林牧渔基地,108.873550809349,34.41284955242449,渭城区,108.878152,34.411316
B0LGAUHFZX,西安天隆科技有限公司,公司企业;公司;网络科技,108.87532779991729,34.37872955228711,未央区,108.879925,34.377175
B0FFH9FKPO,西安阿尔斯通永济电气设备有限公司,公司企业;公司;公司,108.89312468376605,34.37566887958849,未央区,108.897717,34.3741
B0L121V8JK,金泠图文广告,公司企业;公司;广告装饰,108.87818883979236,34.374722529832496,未央区,108.882784,34.373163
B0FFGDKVJA,陕西华荣万盛食品有限公司,公司企业;公司;公司,108.89146445385347,34.38109630229559,未央区,108.896057,34.379531
B0G33ZWDYK,普新仓库,公司企业;公司;公司,108.8700239826006,34.375625244153355,未央区,108.874625,34.374075
B001D0W152,西安涟漪饮用水有限公司,公司企业;公司;公司,108.8909239543178,34.375351149136456,未央区,108.895516,34.373783
B0HG0BUIWI,西安康明斯中国零件分拨中心,公司企业;公司;公司,108.89269222705464,34.38217421798191,未央区,108.897285,34.380609
B0HRHZ1W2E,陕西冶金设计研究院有限公司,公司企业;公司;公司,108.8778811532844,34.381157784184275,未央区,108.882477,34.379602
B0L6K1MZ3V,西安彬林电子科技有限公司,公司企业;公司;机械电子,108.89233247194322,34.37974139349303,未央区,108.896925,34.378175
B0LRHH84ZQ,西安巨信广告印刷科技有限公司,公司企业;公司;广告装饰,108.89729851357902,34.37601084891276,未央区,108.901892,34.374441
B0HAULUAXD,西安悦欣印刷物资有限公司,公司企业;公司;公司,108.8842403183548,34.37435775114129,未央区,108.888833,34.372793
B0K1SZ55U8,西安乐鲜食品有限责任公司,公司企业;公司;公司,108.88838247091076,34.3811387550014,未央区,108.892975,34.379575
B0JU41GXYT,西安氢基碳能科技有限公司,公司企业;公司;公司,108.8516225209715,34.37376743565108,未央区,108.856245,34.372243
B001D141GM,陕西沪港环保科技有限公司,公司企业;公司;商业贸易,108.8850895716672,34.37381663507144,未央区,108.889682,34.372251
B0L0BUUJW3,共创再生资源回收,公司企业;公司;公司|生活服务;生活服务场所;生活服务场所,108.8999063009092,34.37649293428417,未央区,108.904501,34.374923
B0JBPL94C3,科兴通达工程检测有限公司,公司企业;公司;公司,108.89088289684396,34.37609273443888,未央区,108.895475,34.374525
B0J24S147O,北京城建北方集团佳莲学院里项目经理部,公司企业;公司;公司,108.8746755672091,34.40096659006909,渭城区,108.879275,34.399425
B0KRM1YW88,西安悦美义齿研制开发有限公司,公司企业;公司;公司,108.89115752807852,34.38046251031194,未央区,108.89575,34.378897
B0LACDJB0A,陕七建城市学院项目部,公司企业;公司;公司,108.8555027084734,34.37612948994877,未央区,108.86012,34.3746
B0IBFA166Y,星华产业园,公司企业;公司;公司,108.898489355718,34.384276581210344,未央区,108.903084,34.382711
B0LDSH30OK,陕西农业发展集团西安分公司,公司企业;公司;公司,108.84572431776752,34.39089403783307,渭城区,108.850357,34.389389
B0KUFU6XZD,集白广告,公司企业;公司;广告装饰,108.88971387150578,34.37677081112469,未央区,108.894306,34.375204
B0IG7HO06O,陕西兴龙日盛装饰装修有限公司,公司企业;公司;广告装饰,108.88163692666782,34.381065154819,未央区,108.886231,34.379506
B0MG71HZFD,尚林农场,公司企业;农林牧渔基地;其它农林牧渔基地,108.89635600676424,34.38647699020611,未央区,108.90095,34.384913
B0LURC47MY,颐养健康城二期DK7项目陕建一建集团项目部,公司企业;公司;公司,108.88507784303653,34.40763691482524,渭城区,108.889673,34.40609
B038E0O8DY,咸阳风林机械制造有限公司,公司企业;公司;机械电子,108.88015667974284,34.41362361473538,渭城区,108.884754,34.412084
B0KA1ZQB92,西安德盛康泰医疗有限公司,公司企业;公司;公司,108.89104853557684,34.38045746433806,未央区,108.895641,34.378892
B0MG2Z26AR,面香源三秦面庄草滩四路店,公司企业;公司;公司,108.88998284088365,34.37714174634357,未央区,108.894575,34.375575
B0GR592REZ,西安大洋印务有限公司,公司企业;公司;公司,108.88407831992966,34.373793934205345,未央区,108.888671,34.372229
B0G1SH8JBL,奥卡广场项目部,公司企业;公司;公司,108.84864452372034,34.39394941508013,渭城区,108.853273,34.392441
B0M6V7KLTD,宝昌金属,公司企业;公司;冶金化工,108.89977537322122,34.37643295614222,未央区,108.90437,34.374863
B0FFKG96Y2,陕西省土地工程建设集团渭北分公司,公司企业;公司企业;公司企业,108.84600675719308,34.39087154648906,渭城区,108.850639,34.389366
B0HRVR1YUV,中国重型机械研究院股份公司冶金装备所,公司企业;公司;公司,108.87827942438253,34.380481525749595,未央区,108.882875,34.378925
B0K1PUL0FI,陕西万里达铁路电气化器材有限公司,公司企业;公司;公司,108.85774959965784,34.376700697913776,未央区,108.862364,34.375168
B0KRAA525P,陕西红山盛唐物资回收有限公司,公司企业;公司;公司,108.88515929915611,34.41460692987096,渭城区,108.889755,34.413064
B0FFH8F6L0,陕西一开电气有限公司,公司企业;公司;公司,108.84777328150916,34.40543442795446,渭城区,108.852404,34.403934
B0FFJAOGT2,陕西建筑产业投资集团有限公司,公司企业;公司企业;公司企业,108.84582323041256,34.39386556157603,渭城区,108.850456,34.392362
B0L16ZR6RU,陕西管畅市政工程有限公司,公司企业;公司;公司,108.89799357502854,34.38420754586189,未央区,108.902588,34.382642
B001D0W1AF,晋鹏公司,公司企业;公司;公司,108.8909230514586,34.37414579091359,未央区,108.895515,34.372577
B0FFF04R03,中国中铁一局集团第三工程公司,公司企业;公司;建筑公司,108.88209409894333,34.38106152590998,未央区,108.886688,34.379502
B0K6F7NDLI,西安浩宇印刷包装有限公司,公司企业;公司;公司,108.88413228265917,34.37443962974733,未央区,108.888725,34.372875
B0FFHHGUAY,西安兴荣市政工程有限公司,公司企业;公司;公司,108.89707660594412,34.375899865529895,未央区,108.90167,34.37433
B0LUSA3XUT,大医科技城,公司企业;公司;公司,108.89962747292512,34.413324333747134,渭城区,108.904225,34.411775
B0KAJMXFXM,陕西好邦食品,公司企业;公司;公司,108.89216749813292,34.37966736745343,未央区,108.89676,34.378101
B0JD4CLO5E,西安方小方食品有限公司,公司企业;公司;公司,108.89080445937024,34.38157374987046,未央区,108.895397,34.380009
B0LG0Z1QOX,轻氧柒图文广告,公司企业;公司;广告装饰,108.88373293981212,34.37730180931401,未央区,108.888326,34.375739
B0H0BUYEG6,西安市未央区吉顺祥生熟肉食加工厂,公司企业;公司企业;公司企业,108.89345030707489,34.37963686702517,未央区,108.898043,34.37807
B0K0PUL5TN,云起有点田,公司企业;农林牧渔基地;其它农林牧渔基地,108.88303336231964,34.3818068564249,未央区,108.887627,34.380247
B0J1OUC1EN,两只攀雀酒店布草消耗品(西安)工厂,公司企业;工厂;工厂,108.89359962303104,34.37536820805028,未央区,108.898192,34.373799
B0FFGA6K7Z,朋邦工贸,公司企业;公司;公司,108.89400044737576,34.37654771226886,未央区,108.898593,34.374979
B0FFJ8SDTP,西安奥卡云数据科技有限公司,公司企业;公司企业;公司企业,108.84581722215206,34.393852558262424,渭城区,108.85045,34.392349
B0FFM18ROU,陕西秦安通盛安全防护技术有限公司,公司企业;公司;公司,108.8909595284504,34.3806123405518,未央区,108.895552,34.379047
B0K06ZY8C1,戴斯电梯西安体验中心(西安展厅),公司企业;公司;公司,108.85013538592972,34.39823055613828,渭城区,108.854762,34.396722
B0LD0UGRIS,西咸公交第三分公司,公司企业;公司;公司,108.86866130982712,34.40600975301479,渭城区,108.873266,34.404478
B0LDKUGUIT,南方泵业陕西仓储中心,公司企业;公司;公司,108.89841482489642,34.37886450149363,未央区,108.903009,34.377296
B0K2R4FFNT,西安吴祥草滩五路木料场,公司企业;工厂;工厂,108.88778300042874,34.3739422739016,未央区,108.892375,34.372375
B0IA7RG6P7,陕西安全产业计量检测有限公司,公司企业;公司;公司,108.89279079526123,34.374941144127995,未央区,108.897383,34.373372
B0L6CRQ5DH,雅兰易加科技数控中心,公司企业;公司;公司,108.90119701901617,34.420718073722604,渭城区,108.905796,34.419173
B0LDV77XI4,中石化绿源西咸新区分公司综合服务中心,公司企业;公司;公司,108.84994910408552,34.39833418258198,渭城区,108.854576,34.396826
B0MBNXUTW8,中国铁建长河天骄府项目部,公司企业;公司;公司,108.88402951539864,34.408420723350844,渭城区,108.888625,34.406875
B0K3OLV0XK,华瑞宏博供应链,公司企业;公司;公司,108.89905528019034,34.3819908938122,未央区,108.90365,34.380424
B0JA6UH2L9,西安上德食品有限公司,公司企业;公司;公司,108.89098142868522,34.381834689121135,未央区,108.895574,34.38027
B0LRSZ4EV7,徐工集团,公司企业;公司;公司,108.89875549675372,34.38103737451238,未央区,108.90335,34.37947
B0KD57UHGG,经开车饰界汽车用品广场,公司企业;公司;公司,108.89065872383124,34.37837540785828,未央区,108.895251,34.376809
B0MBFD6GIL,陕西车饰界置业管理有限公司,公司企业;公司;公司,108.89071572846755,34.37828648207841,未央区,108.895308,34.37672
B0KD2OXKQY,陕西中航气弹簧有限责任公司秦汉分公司,公司企业;公司;公司,108.84567399355096,34.39393126253043,渭城区,108.850307,34.392428
B0FFKULLZB,域达塑制包装,公司企业;公司企业;公司企业,108.8480475586552,34.407130928866934,渭城区,108.852678,34.405631
B0FFLF9EIG,今时义齿有限公司,公司企业;公司;公司,108.88252585207302,34.37362085612241,未央区,108.887119,34.372057
B0FFHK0LMD,美的库房,公司企业;公司企业;公司企业,108.86799714013016,34.3756477173576,未央区,108.8726,34.3741
B0LRYXWK4U,西安挑宝益康医药连锁有限公司,公司企业;公司;公司,108.89488226954808,34.376194173483235,未央区,108.899475,34.374625
B0I2K7J19L,现代美居装饰工程有限责任公司,公司企业;公司;广告装饰,108.88079660392972,34.38084157710661,未央区,108.885391,34.379283
B0KGTCFGAW,陕西奥贝斯机电设备有限公司,公司企业;公司;公司,108.84785035369218,34.405983246898515,渭城区,108.852481,34.404483
B0JBX7VMRZ,陕西安娜菲琳实业有限公司,公司企业;公司;广告装饰,108.88047647458062,34.38073236319289,未央区,108.885071,34.379174
B0I11S5YKK,天津二建项目部,公司企业;公司;公司,108.90012076152,34.3817890980597,未央区,108.904716,34.380222
B0L0CHYBIJ,时迈智行(陕西)科技有限公司,公司企业;公司;公司,108.84851999039488,34.37352631617096,未央区,108.853147,34.372007
B0L1GUBLJ4,西安布谷鸟酒店家具有限公司,公司企业;公司;公司,108.88283195842034,34.37358911087556,未央区,108.887425,34.372025
B0HR6S8LHM,西安宇启恒飞电气设备有限公司,公司企业;公司;公司,108.89833487595178,34.37866559717606,未央区,108.902929,34.377097
B0L6PSY5X6,灵眸空间装饰(室内设计工作室),公司企业;公司;广告装饰,108.87897977497754,34.40545528432957,渭城区,108.883577,34.403912
B0FFKDOTR6,东成专业电动工具,公司企业;公司;公司,108.85156284337818,34.40579965367024,渭城区,108.856188,34.404293
B0G0O5WD7N,窑店蜂窝煤厂,公司企业;工厂;工厂,108.8500103560491,34.4086813908929,渭城区,108.854638,34.407179
B0IGC5BQJX,陕西建工秦汉建设投资有限公司,公司企业;公司;公司,108.84549173481982,34.39362811051074,渭城区,108.850125,34.392125
B0KUV9N8B7,西安臻美智运科技有限公司,公司企业;公司;公司,108.86821534247235,34.375685973569446,未央区,108.872818,34.374138
B0LBZSNSW3,绿城江城阅项目部,公司企业;公司;公司,108.88856817304476,34.40979182936855,渭城区,108.893163,34.408244
B0LUHZFJB0,西安啸林印务有限公司,公司企业;公司;公司,108.88385518574592,34.37468529732379,未央区,108.888448,34.373121
B0LRYSW6AM,陕西乐腾食品有限公司,公司企业;公司;公司,108.89084151642052,34.38084216265148,未央区,108.895434,34.379277
B0L63Z5D8U,航飞精密工具有限公司,公司企业;公司;公司,108.8915264614036,34.38093741492754,未央区,108.896119,34.379372
B0LD4XPS7V,秦汉应急水厂,公司企业;工厂;工厂,108.85233812503122,34.403620184425726,渭城区,108.856962,34.402111
B0KRV5H8WK,中铁建工集团铂樾万境(南区)总承包工程项目经理部,公司企业;公司;公司,108.84720846464968,34.39257969789012,渭城区,108.851839,34.391073
B0IUXZDEC9,陕西新星工程检测有限公司,公司企业;公司;公司,108.89127387122964,34.376100905157585,未央区,108.895866,34.374533
B0IRSZ8ZRX,中铁二十局兰池三路三标项目部,公司企业;公司;公司,108.9029074736338,34.41405396045485,渭城区,108.907507,34.412505
B0I2GCL2D0,西安金鸣包装材料有限公司,公司企业;公司;公司,108.8969926219498,34.37608475003144,未央区,108.901586,34.374515
B0MGD1RM6L,秦源里项目部,公司企业;公司;公司,108.86912068907684,34.40650703954482,渭城区,108.873725,34.404975
B0LKY43W6R,陕西西咸新区秦汉城市发展集团有限公司,公司企业;公司;公司,108.85194019277704,34.395796944687056,渭城区,108.856564,34.394284
B0LAAHMFUY,西咸新区本尚财务管理咨询有限公司,公司企业;公司;公司,108.84596345715048,34.39374787345372,渭城区,108.850596,34.392244
B0LG097IQC,西安依姿堂生物科技有限责任公司,公司企业;公司;公司,108.89268950390272,34.378743069968515,未央区,108.897282,34.377176
B0KAJZTPYM,西咸新区公路日常维修项目,公司企业;公司;公司,108.85300780701571,34.40684843924862,渭城区,108.857631,34.40534
B0LRM9Z8EB,西咸新区公路养管项目北片区项目部,公司企业;公司;公司,108.85296475551796,34.40673943127565,渭城区,108.857588,34.405231
B0LUU7N95L,秦汉和悦府项目部,公司企业;公司;公司|商务住宅;商务住宅相关;商务住宅相关,108.84755859994068,34.39748656359234,渭城区,108.852189,34.395982
B0MGKXM3E1,津成电缆库房,公司企业;公司;公司,108.87037440611746,34.37412646502151,未央区,108.874975,34.372575
B0J06UH2P0,陕西天地建设有限公司,公司企业;公司;建筑公司,108.89530093189433,34.37899578843743,未央区,108.899894,34.377428
B0KRJUTRRT,西安雪世物资供应处,公司企业;公司;公司,108.86940344411116,34.37551554593969,未央区,108.874005,34.373966
B0KDVYEJ6K,西安绿光智慧物流配送有限公司,公司企业;公司;公司,108.8683594364571,34.376190885722025,未央区,108.872962,34.374643
B0LDZ9MLZJ,西安草滩德溢供应链管理有限公司,公司企业;公司;公司,108.89913030482688,34.38124230749625,未央区,108.903725,34.379675
B0LAMCC9EH,陕西创杰尚优众创空间有限公司,公司企业;公司;公司,108.84595544515588,34.3937428621799,渭城区,108.850588,34.392239
B0HA6LCTVI,湖畔菜园,公司企业;农林牧渔基地;其它农林牧渔基地,108.8954951038834,34.38858761939159,未央区,108.900089,34.387025
B0GUFSG670,源鑫面粉加工厂,公司企业;公司企业;公司企业,108.8536095077107,34.40854944303089,渭城区,108.858232,34.407041
B0LRHA7KRV,西咸新区秦汉新城派拉蒙影视传媒有限公司,公司企业;公司;公司,108.84581722450426,34.39382357441657,渭城区,108.85045,34.39232
B0J06COS8N,西安金品源食品有限公司,公司企业;公司;公司,108.89076044349412,34.38179760838044,未央区,108.895353,34.380233
B0M6ORN18C,醒市无仓,公司企业;公司;公司,108.86862974326247,34.37549459722511,未央区,108.873232,34.373946
B0LKYZ3JL5,陕西终南石化供应链有限公司,公司企业;公司;冶金化工,108.8457350822933,34.39400632815168,渭城区,108.850368,34.392503
B0MGA1GERV,中电建水电十五局(西咸新区)工程建设有限公司,公司企业;公司;公司,108.84584226290669,34.39382861560931,渭城区,108.850475,34.392325
B0K3MSRH5C,西安心灵空间设计装饰,公司企业;公司;广告装饰,108.87714020022258,34.3753501898134,未央区,108.881736,34.373792
B0JANUNFEV,西安耐斯特地坪装饰工程有限公司,公司企业;公司;广告装饰,108.87309445688084,34.41301994871742,渭城区,108.877696,34.411487
B0MGHSSV7W,西咸新区秦汉新城中油氢能科技有限公司,公司企业;公司;公司,108.85195120920784,34.395787967980525,渭城区,108.856575,34.394275
B0LKY432DM,西咸新区秦汉置业管理有限公司,公司企业;公司;公司,108.85196222855193,34.39574301141448,渭城区,108.856586,34.39423
B0KRMA2L01,陕西金羽卫装备科技有限公司,公司企业;公司;公司,108.84577514476314,34.394002400786725,渭城区,108.850408,34.392499
B0L1SUQLO5,绿城复地柳岸晓风北门物业部,公司企业;公司;公司,108.89993257948396,34.3852731895324,未央区,108.904528,34.383708
B0LKNRQKG8,陕西聚贤盛业商贸有限公司,公司企业;公司;商业贸易,108.89332935482965,34.416521065887224,渭城区,108.897925,34.414975
B0JBL1U5T1,西安健源食品有限责任公司,公司企业;公司;公司,108.89064744634848,34.38182554092011,未央区,108.89524,34.380261
B0LUGZE8CR,新田源农场,公司企业;农林牧渔基地;其它农林牧渔基地,108.88217819415948,34.41746405014187,渭城区,108.886775,34.415925
B0L6RX4M6B,牧德饲料,公司企业;公司;公司|购物服务;购物相关场所;购物相关场所,108.84909639349068,34.403883587720415,渭城区,108.853725,34.40238
B0M6JCFHF6,秦汉产发集团,公司企业;公司;公司,108.84594242613868,34.393728847129765,渭城区,108.850575,34.392225
B0MBP727QK,陕五建项目部,公司企业;公司;公司,108.86551959384674,34.376818853372484,未央区,108.870125,34.375275
B0L2AL2993,中天美好生活服务集团有限公司西咸分公司,公司企业;公司;公司,108.85188081557314,34.39941081486442,渭城区,108.856505,34.3979
B0H2BMK2UT,陕西薪欢喜机械有限公司,公司企业;公司;公司,108.84552018750524,34.4132609761836,渭城区,108.850155,34.411769
B0LAKDJJF9,陕西众之邦企业管理有限公司,公司企业;公司;公司,108.85196322698182,34.395779992371544,渭城区,108.856587,34.394267
B0LKJG0DVC,陕西油建建设集团有限公司,公司企业;公司;公司,108.85195120920784,34.395787967980525,渭城区,108.856575,34.394275
B0MGHSSZHD,陕西西咸新区秦汉新城乐派影业有限公司,公司企业;公司;公司,108.85195120920784,34.395787967980525,渭城区,108.856575,34.394275
B0L3TX8JRJ,陕西风泽中孚食品科技有限公司,公司企业;公司;公司,108.89443713525266,34.3792154191568,未央区,108.89903,34.377648
B0L067NRKK,绿城物业服务集团有限公司陕西分公司,公司企业;公司;公司,108.8829776053234,34.37856656257244,未央区,108.887571,34.377005
B0M6JRFQIH,陕西沪港实业发展集团有限公司,公司企业;公司;公司,108.88363212478468,34.37463915749844,未央区,108.888225,34.373075
B0KUNDK8LP,中建八局云起时项目部,公司企业;公司;公司,108.87963741546886,34.37670379682094,未央区,108.884232,34.375144
B0L04CXXJ4,比盈集团,公司企业;公司;公司,108.89248253689864,34.37869201756479,未央区,108.897075,34.377125
B0L2X1Z7JB,西咸新区秦汉新城景和园绿化管理有限责任公司,公司企业;公司;公司,108.85196022294365,34.395776989071784,渭城区,108.856584,34.394264
B0L2SY4OUZ,中隆达(西安)建设工程有限公司,公司企业;公司;建筑公司,108.85196022294365,34.395776989071784,渭城区,108.856584,34.394264
B0LDLXWKZ9,西安好事多供应链管理有限公司,公司企业;公司;公司,108.89195356886876,34.37908959150292,未央区,108.896546,34.377523
B0M6J6B74V,大景园林绿化公司,公司企业;公司;公司,108.8897408495314,34.37704467802311,未央区,108.894333,34.375478
B038E0O355,秦渭机械厂,公司企业;工厂;工厂,108.8494028407512,34.40397905590224,渭城区,108.854031,34.402475
B0MGNKMNRE,中十冶(西咸新区)建设工程有限公司,公司企业;公司;公司,108.84584226290669,34.39382861560931,渭城区,108.850475,34.392325
B0L3H797B9,西安金勃工贸有限公司,公司企业;公司;公司,108.89118049292873,34.38087929530984,未央区,108.895773,34.379314
B0LDLNLI8U,西安漫游者影视文化有限公司,公司企业;公司企业;公司企业,108.85185106765763,34.39577181087444,渭城区,108.856475,34.394259
B0MG1ASJ3G,西咸新区秦汉新城远博项目管理有限公司,公司企业;公司;公司,108.85195120920784,34.395787967980525,渭城区,108.856575,34.394275
B0L3AOYYV5,陕西景富餐饮管理有限公司,公司企业;公司;公司,108.88705654999,34.390899641152004,未央区,108.89165,34.389342
B0M69SAE7Z,秦时一诚(西安)影视传媒有限公司,公司企业;公司;公司,108.84584226290669,34.39382861560931,渭城区,108.850475,34.392325
B0MBYO60UK,西咸新区范氏生态农业有限公司,公司企业;公司;公司,108.84719342123408,34.40517457151464,渭城区,108.851825,34.403675
B0LRHA8G12,陕西安建凤城建设工程有限公司,公司企业;公司;建筑公司,108.85150056863472,34.39573724724058,渭城区,108.856125,34.394225
B0KD7PQFOM,中铁十局电务公司,公司企业;公司;公司,108.89742946378708,34.37600287737318,未央区,108.902023,34.374433
B0M69S9TI4,西咸新区秦汉新城昊菜文旅传媒工作室,公司企业;公司;公司,108.84584226290669,34.39382861560931,渭城区,108.850475,34.392325
B0MBA7A18R,陕西超越鼎峰体育科技,公司企业;公司;公司,108.85221172807704,34.40630943827182,渭城区,108.856836,34.404802
B0LRJXIHV4,西咸新区秦汉新城创慧园区管理有限公司,公司企业;公司;公司,108.85196022294365,34.395776989071784,渭城区,108.856584,34.394264
B0LKJL30T9,中长建,公司企业;公司;公司,108.8469440485116,34.39273115378393,渭城区,108.851575,34.391225
B0M6FSX7XL,西咸新区睿智芯能科技有限公司,公司企业;公司;公司,108.85195120920784,34.395787967980525,渭城区,108.856575,34.394275
B0M65SHAZ6,西咸新区秦汉新城科迪广建筑工程施工部,公司企业;公司;公司,108.84581722450426,34.39382357441657,渭城区,108.85045,34.39232
B0MBMY6DBG,陕西大泉餐饮管理有限公司,公司企业;公司;公司,108.89168247930156,34.38054069582955,未央区,108.896275,34.378975
B0L047YYI8,西咸新区秦汉新城瑞威荣技术服务部,公司企业;公司企业;公司企业,108.84581722450426,34.39382357441657,渭城区,108.85045,34.39232
B0FFKUW16L,西安地铁运营分公司渭河车辆段综合维修基地,公司企业;公司;公司,108.93994575608292,34.39349207687184,未央区,108.944606,34.391964
B0FFKJOD6O,西安市轨道交通集团有限公司运营分公司,公司企业;公司;公司,108.93494655106934,34.392087756800926,未央区,108.939594,34.390551
B0FFHFBKKY,三航动力2期项目,公司企业;公司企业;公司企业,108.9158546168965,34.42028783730453,渭城区,108.920468,34.418747
B0FFG89YD9,西安市热力集团城北供热有限责任公司,公司企业;公司;公司,108.9267193033422,34.38358512551849,未央区,108.931348,34.382033
B0FFFEI9DO,陕西有色光电科技有限公司,公司企业;公司;网络科技,108.92306166436452,34.414585442771696,渭城区,108.927686,34.413047
B0I04ZK1JZ,西安地铁二号线渭河车辆段,公司企业;公司;公司,108.93994575608292,34.39349207687184,未央区,108.944606,34.391964
B0FFKW4ADG,陕西城际铁路有限公司控制中心,公司企业;公司;公司,108.91965802066704,34.39468081956799,未央区,108.924275,34.393128
B001D15MQC,西安正麒电气有限公司,公司企业;公司;机械电子,108.94195170670169,34.401003401733966,未央区,108.946618,34.399483
B0G16C1ZGZ,西安雨润冷库,公司企业;农林牧渔基地;其它农林牧渔基地|公司企业;公司;公司,108.91620501618723,34.384577911902944,未央区,108.920816,34.383017
B0FFHKGAFD,西安经建渣土清运有限责任公司,公司企业;公司;公司,108.93226836255243,34.3854152333432,未央区,108.936909,34.383871
B0FFHQR8R8,汇杰锂能,公司企业;公司;公司,108.91623417555792,34.419191241039094,渭城区,108.920848,34.41765
B0JGVP579H,标果工厂,公司企业;公司;公司,108.9149655243242,34.38694039237831,未央区,108.919575,34.38538
B0H3T7MK2N,成山农场(西安)有限公司,公司企业;公司;公司,108.91340795226844,34.381833048876246,未央区,108.918015,34.380269
B0FFGFU4T6,陕西邦盛药业有限公司,公司企业;公司;医药公司,108.92563785648986,34.37807928853992,未央区,108.930264,34.376523
B0GD95KZUN,西安地铁运营分公司线网管控中心,公司企业;公司企业;公司企业,108.9376131458196,34.38960104788492,未央区,108.942267,34.388067
B0GRLCNGUX,渭河南,公司企业;公司企业;公司企业,108.9193056488809,34.39381858197841,未央区,108.923922,34.392265
B0FFIMAPN1,西安蓝池宇洁洗涤服务有限公司,公司企业;公司企业;公司企业,108.91594162994754,34.418633758885555,渭城区,108.920555,34.417092
B0GK6MQUCT,西安亚泰洗涤有限公司,公司企业;公司;公司,108.91396621172788,34.419358506114335,渭城区,108.918577,34.417816
B0JD0MZDB9,中交二公局三公司尚稷路项目部,公司企业;公司;公司,108.95100887255056,34.40010237224127,未央区,108.955702,34.398599
B001D15MQA,华商数码信息股份有限公司,公司企业;公司;公司,108.94218431502225,34.39791973158792,未央区,108.946851,34.396398
B0IR3SK9J2,陕西国铁安防科技有限公司,公司企业;公司;公司,108.93153984603886,34.375032818951055,未央区,108.936178,34.373482
B0FFMBQ4MX,陕西华兴密封科技有限公司,公司企业;公司;公司,108.91282847838612,34.42129595630372,渭城区,108.917438,34.419754
B0FFGYOZ0D,西安赛湖,公司企业;公司;公司,108.91456487355724,34.376814114655915,未央区,108.919173,34.375248
B038E02HZI,陕西有色天宏硅业,公司企业;公司;冶金化工,108.91637765544108,34.41076007750972,渭城区,108.920991,34.409214
B0J1ULXM5X,西安维塑智能科技有限公司,公司企业;公司;公司,108.94121674544265,34.4007118517709,未央区,108.945881,34.39919
B0FFHS077R,地铁运营分公司,公司企业;公司;公司,108.93516503283097,34.39197049834192,未央区,108.939813,34.390434
B0FFJEHGCD,陕西宇澳电器公司,公司企业;公司;公司,108.91323409439,34.41987059426361,渭城区,108.917844,34.418328
B0FFJ47WCR,陕西超洁净洗涤科技有限公司,公司企业;公司企业;公司企业,108.9156280205737,34.41916364455316,渭城区,108.920241,34.417622
B0IA5XJP3Z,西安圣宝鸿新材料科技有限公司,公司企业;公司;公司,108.9199059812681,34.41496602414064,渭城区,108.924525,34.413425
B0K6CDX3N0,百世供应链(西咸一仓),公司企业;公司;公司,108.913371985361,34.38197998809924,未央区,108.917979,34.380416
B0FFGC2H4E,西安市地下铁道有限责任公司运营分公司OCC控制中心,公司企业;公司企业;公司企业,108.93524682561127,34.39208131520716,未央区,108.939895,34.390545
B0JGNAUROS,缤果严选(陕西)供应链有限公司,公司企业;公司;公司,108.91409806188784,34.38200558232331,未央区,108.918706,34.380442
B0HRV7VXLI,陕西省天宏硅材料有限责任公司,公司企业;公司;公司,108.91652611773318,34.414801627305515,渭城区,108.92114,34.413258
B0KB3M4XO4,西北工业集团有限公司北郊分厂,公司企业;工厂;工厂,108.96069897624014,34.40255500945351,未央区,108.965425,34.401075
B0J13MJC4T,陕西沃疆供应链管理有限公司,公司企业;公司;公司,108.91688122853724,34.38241463803829,未央区,108.921493,34.380853
B0G3GZTI0V,西安红会医院新院区中建三局项目部,公司企业;公司;公司,108.9450426524314,34.3923925961536,未央区,108.949717,34.390873
B0GU2KDRDX,陕西黄马甲餐饮管理有限公司,公司企业;公司;公司,108.94255725185526,34.39824588441394,未央区,108.947225,34.396725
B0FFGC20PB,西安顶益食品有限公司,公司企业;公司企业;公司企业,108.90632559844568,34.3798427154284,未央区,108.910925,34.378275
B0L31OW2JG,美团小象人事部,公司企业;公司企业;公司企业,108.9125628302442,34.383810402571974,未央区,108.917169,34.382247
B0J1Z7Q75O,中交三航局江语云庭EPC工程总承包项目部,公司企业;公司企业;公司企业,108.9187188332133,34.390487887171105,未央区,108.923334,34.388932
B0KABL5UFS,春鸣里小区项目EPC总承包,公司企业;公司;公司,108.90917356145208,34.38426354760805,未央区,108.913776,34.382699
B0JKZCQI8S,陕西四季展宏商贸有限公司,公司企业;公司;商业贸易|购物服务;购物相关场所;购物相关场所,108.91978601114728,34.37990982313408,未央区,108.924402,34.378349
B0MBYG4KZT,安居集团北客站公租房项目,公司企业;公司企业;公司企业,108.94892308779237,34.379453082707435,未央区,108.953608,34.377934
B0IR1ZUR79,陕西康丰泰工贸有限公司,公司企业;公司;商业贸易,108.9181584905758,34.41765580687025,渭城区,108.922775,34.416115
B0FFI13NXJ,陕西东尚汽车贸易有限公司,公司企业;公司企业;公司企业,108.91805863245136,34.41776581573243,渭城区,108.922675,34.416225
B0IUYC86BG,中铁电气化局集团有限公司北客站枢纽工程项目部,公司企业;公司;公司,108.92380004694768,34.38111155219814,未央区,108.928423,34.379555
B0FFG12AL4,宁夏小任果业发展有限公司,公司企业;公司;公司,108.91716104912548,34.379615959046774,未央区,108.921773,34.378053
B0LACRJK7B,十四号线机场段安检基地,公司企业;公司;公司,108.92080460695458,34.41381594282609,渭城区,108.925425,34.412275
B0LU1AFV0O,陕西建工第九建设集团草二项目部,公司企业;公司;公司,108.9642218617852,34.39458378657975,未央区,108.96896,34.393108
B0H1RU9LFZ,工会爱心驿站(尚宏驿),公司企业;公司;公司,108.91053917916344,34.39590261909648,未央区,108.915144,34.394345
B0LRZD19YA,晓餐冻品网(西安仓),公司企业;公司;公司,108.91361750677734,34.38408771295532,未央区,108.918225,34.382525
B0FFG364KL,陕西大唐现代农业有限公司,购物服务;综合市场;果品市场|公司企业;公司;公司,108.92072644112446,34.38040477218423,未央区,108.925344,34.378845
B0KUH7HM5Q,西安王宏甄选供应链管理有限公司,公司企业;公司;公司,108.91835899630534,34.38292730322525,未央区,108.922973,34.381367
B0HU3503FU,陕西瑞麟洗涤厂,公司企业;公司;公司,108.9162740954836,34.41948604086976,渭城区,108.920888,34.417945
B0G36RNM3U,西安通广装饰设计有限公司,公司企业;公司企业;公司企业,108.96359736440166,34.37992540222378,未央区,108.968332,34.37844
B0FFJGFL13,陕西国盛不锈钢厨房设备工程有限公司,公司企业;公司;公司,108.91621235023696,34.4174123033513,渭城区,108.920826,34.41587
B0KRLS3CY3,桃花源广告,公司企业;公司;广告装饰,108.92999598429432,34.390398479358154,未央区,108.934632,34.388854
B0H2NSEW0X,陕西优冷供应链管理有限公司,公司企业;公司;公司,108.91262872999668,34.384067230535,未央区,108.917235,34.382504
B0LRTRAEII,西咸新区第十再生水厂,公司企业;工厂;工厂,108.9333284751818,34.415561703762364,渭城区,108.937974,34.414036
B0GKYPGCZA,安徽水利开发有限公司,公司企业;公司;公司,108.926816222437,34.41920481569783,渭城区,108.931448,34.417673
B0KAYR28RM,陕西友家乐装饰有限公司,公司企业;公司;广告装饰,108.90601232641193,34.386535140373084,未央区,108.910612,34.384971
B0H1AA3WRL,西安蓝桥新能源科技有限公司,公司企业;公司;公司,108.91255069242035,34.4104474501003,渭城区,108.917159,34.408899
B0JKJSJRJ0,西安好果云加工中心,公司企业;公司企业;公司企业,108.91416679287288,34.3842373310684,未央区,108.918775,34.382675
B0KRZDCADK,西安银海洗涤服务有限公司,公司企业;公司;公司,108.9150059072066,34.41863633582558,渭城区,108.919618,34.417094
B0LRAR14NX,MAPAI马牌,公司企业;公司;公司,108.91271037687711,34.38721546918894,未央区,108.917317,34.385654
B0JUCSSWH0,陕西云果供应链管理有限公司,公司企业;公司;公司,108.91965022159027,34.3799898898399,未央区,108.924266,34.378429
B0K2OUYNDF,西安草滩文旅产业发展有限公司,公司企业;公司;公司,108.92669984828844,34.38967381073043,未央区,108.931329,34.388125
B0I26ZH6FR,聚果(西安)果品有限公司,公司企业;公司;公司,108.91650174307468,34.3827697007281,未央区,108.921113,34.381208
B0J0HDVQA0,西安力森木业有限公司,公司企业;公司;公司,108.95457706460272,34.390459035201125,未央区,108.959281,34.388958
B0L0NSRLAY,陕西翱翔云端无人机科技有限公司,公司企业;公司;公司,108.96351963891831,34.3921918835884,未央区,108.968255,34.390713
B0MGKAJZR6,陕西森聚砂浆加气块水泥公司,公司企业;公司;公司,108.93289876649902,34.387309328605205,未央区,108.937541,34.385767
B0LACUKHI1,西安蒜泥科技创新服务有限公司,公司企业;公司;公司,108.94132445099623,34.40072165926527,未央区,108.945989,34.3992
B0K3UBR8BQ,电商直播基地,公司企业;公司;公司,108.9516597842646,34.37582534166346,未央区,108.956353,34.37431
B0H0KCNEIJ,车辆管,公司企业;公司企业;公司企业,108.91361025358856,34.412077963844034,渭城区,108.91822,34.410531
B0I2UMP1UW,陕西申远诚信装饰工程有限公司,公司企业;公司;广告装饰,108.96202833876728,34.37666904944369,未央区,108.966757,34.375178
B0K0Z7UQK1,白桦林境2标段项目部,公司企业;公司;公司,108.94985474352376,34.397220400824,未央区,108.954544,34.395713
B0FFGA3YQM,陕西薛辉商贸有限公司,购物服务;专卖店;烟酒专卖店|公司企业;公司;公司,108.91921173698972,34.38219304738356,未央区,108.923827,34.380633
B0K3CSED9R,陕西正一净科技发展有限公司秦汉分公司,公司企业;公司;公司,108.91524155292365,34.41909492334901,渭城区,108.919854,34.417553
B0J2DZU53B,陕西云果鲜农产品有限公司,公司企业;公司;公司,108.91869944988925,34.383232879830345,未央区,108.923314,34.381673
B0L0P711C9,中交第二公路工程局有限公司白桦林观澜(北区)项目经理部,公司企业;公司;公司,108.92245323335314,34.396124582134846,未央区,108.927075,34.394575
B0J15UTKA7,中交第二公路工程局有限公司,公司企业;公司;公司,108.94152735795468,34.39505849158637,未央区,108.946192,34.393534
B0JB1K7ZAH,陈氏阳光果蔬贸易有限公司陕西分公司,公司企业;公司;公司,108.92018597160006,34.384789847196245,未央区,108.924803,34.383232
B0H3BS28GT,西安经开智慧城市指挥中心,公司企业;公司;公司,108.93088797476992,34.37892459295092,未央区,108.935525,34.377375
B0L0J6DUH7,东兴隆五村三园搅拌站,公司企业;公司;公司,108.95546841168614,34.38647622870953,未央区,108.960175,34.384975
B0M61UIPJU,陕西紫东晟隆建筑工程有限公司,公司企业;公司;建筑公司,108.96306836709223,34.379085176894044,未央区,108.967801,34.377598
B0LGC7RC2C,中泰网红食品仓库,公司企业;公司;公司,108.91901009749245,34.38163550722588,未央区,108.923625,34.380075
B0MG4DX50Q,环岳冷链云仓(雨润仓),公司企业;公司;公司,108.9162090038802,34.384660864063214,未央区,108.92082,34.3831
B0M6UXSTYF,陕西开山压缩机有限公司,公司企业;公司;公司,108.91449762267264,34.38101289398202,未央区,108.919106,34.379449
B0L0PZ0NZV,优鲜达商业运营,公司企业;公司;公司,108.92117850903624,34.38262218069716,未央区,108.925797,34.381064
B0GKYMGS3Y,印象广告,公司企业;公司;广告装饰,108.96392735239112,34.37750887346005,未央区,108.968663,34.376023
B0LDV568Y3,光电科技,公司企业;公司;公司,108.91954877479864,34.41221891492703,渭城区,108.924167,34.410676
B0FFH30MFK,北方华山机电有限公司,公司企业;公司;公司,108.96057155255322,34.401064164105364,未央区,108.965297,34.399583
B0K6258O7G,中铁七局集团西安地铁四号线草滩停车场加盖造地EPC项目经理部,公司企业;公司;公司,108.9225227971682,34.38765921356921,未央区,108.927144,34.386105
B0LK2URO2O,科达星途科技有限公司,公司企业;公司;公司,108.963341380596,34.378961562204864,未央区,108.968075,34.377475
B0G0PMBWY4,陕西西冷供应链管理有限公司冷库,公司企业;公司;公司,108.91963081492214,34.38539996810017,未央区,108.924247,34.383842
B0L0J6E8WH,中泰网红食品仓配中心,公司企业;公司;公司,108.91406694589814,34.383937549978626,未央区,108.918675,34.382375
B0JRBH0N62,未央区中医医院陕七建项目部(建设中),公司企业;公司;公司,108.95135346623805,34.37945304525076,未央区,108.956046,34.377939
B0H0KUMR5I,中铁电气化局集团有限公司钢筋加工场,公司企业;公司;公司,108.92269817216427,34.379223637071455,未央区,108.927319,34.377665
B0LDVR5338,西安大地守约农副产品有限责任公司,公司企业;公司;公司,108.91955903557876,34.3840837438854,未央区,108.924175,34.382525
B0J0LALJBQ,中建三局渭河二号线保租房项目部,公司企业;公司;公司,108.93461266973816,34.38818940125476,未央区,108.939259,34.38665
B0HAAA6814,西安·盛发果贸供应链,公司企业;公司;公司,108.9168744245501,34.38011088925457,未央区,108.921486,34.378548
B0HUCRUCOI,商林景观库房,公司企业;公司;公司,108.94145522498717,34.39911134175405,未央区,108.94612,34.397589
B0JBUH8T58,陕西金卓纳智能科技有限责任公司,公司企业;公司;公司,108.91383937699716,34.41932059792283,渭城区,108.91845,34.417778
B0HRNZUU9E,陕西正阳邦格恩新材料科技有限公司,公司企业;公司;公司,108.9200257891496,34.41495393291251,渭城区,108.924645,34.413413
B0KKRR1I3L,中建七局和瑞府项目,公司企业;公司;公司,108.94439664413125,34.3786123367097,未央区,108.949068,34.377084
B0HK6R77K3,新合创木塑公司总部,公司企业;公司企业;公司企业,108.96313995824477,34.38088003013722,未央区,108.967873,34.379394
B0K2RUADPY,西安鲜颂供应链有限公司,公司企业;公司;公司,108.91825610326129,34.38353904740664,未央区,108.92287,34.381979
B0KGUC388V,陕西众诚商业运营管理有限责任公司,公司企业;公司;公司,108.91677135963609,34.41983550342915,渭城区,108.921386,34.418295
B0JRGZR6NL,西安蒜泥互动网络技术有限公司,公司企业;公司;公司,108.94123868356124,34.40073779903696,未央区,108.945903,34.399216
B0L1FZVOQ8,陕西中孚塑业有限公司,公司企业;公司;公司,108.96280234278044,34.37899988455381,未央区,108.967534,34.377512
B0LDPCVOAE,秦汉新城项目部,公司企业;公司;公司,108.93325872248222,34.41451541382296,渭城区,108.937904,34.412989
B0HGAHZI9F,红会医院高铁新城院区陕建三建项目部,公司企业;公司;公司,108.94719657221307,34.388888389647754,未央区,108.951877,34.387371
B0KD0HVRDI,西安比目制造营业部,公司企业;公司;公司,108.96255385929798,34.38369096181589,未央区,108.967285,34.382205
B0L3OUYGSY,润果坊农业,公司企业;公司;公司,108.91843512990532,34.37983891776568,未央区,108.923049,34.378277
B0M6UDPDYN,陕西铭钊果品有限公司,公司企业;公司;公司,108.9159265123142,34.38325381248029,未央区,108.920537,34.381692
B0FFK33EVH,西安容康大健康科技有限公司,公司企业;公司;公司,108.9123059874257,34.41042358159108,渭城区,108.916914,34.408875
B0H0FLMA2C,奥通线缆(陕西配送中心),公司企业;公司;公司,108.941810252996,34.39908473539379,未央区,108.946476,34.397563
B0J17CJFKH,西安空天紫电等离子体技术有限公司,公司企业;公司;公司,108.94157176834264,34.40079818489407,未央区,108.946237,34.399277
B0K6DS75U0,陕西鸿泰尚品供应链,公司企业;公司;公司,108.91873346659932,34.38237731847434,未央区,108.923348,34.380817
B0JRSUNH5V,西安宏鑫途提车管理有限公司,公司企业;公司;公司,108.96406703033576,34.387323196381615,未央区,108.968804,34.385843
B0KRGHRW7T,陕西金海治合洗涤服务有限公司,公司企业;公司;公司,108.91590262300971,34.4193893379258,渭城区,108.920516,34.417848
B0IKVZCTC8,陕西爱果果农业科技有限公司,公司企业;公司;公司,108.91667945154724,34.383241325672834,未央区,108.921291,34.38168
B0J3SZ0POO,西安市热力集团恒热热力技术有限责任公司,公司企业;公司;公司,108.92500962521686,34.38334310957388,未央区,108.929635,34.381789
B0IGN54OGD,鼎茂木业(西安仓储中心),公司企业;公司企业;公司企业,108.96351956623712,34.38093505183985,未央区,108.968254,34.37945
B0FFIIEF8A,九方瓦业库房,公司企业;公司企业;公司企业,108.9649282892711,34.381967937380935,未央区,108.969668,34.380487
B0JD1C2FWD,中铁广州局兰池佳苑二期项目部,公司企业;公司;公司,108.91241728513094,34.41746541987044,渭城区,108.917026,34.415921
B0LD19GS2N,陕西石羊农业科技股份有限公司,公司企业;公司;公司,108.91939830801527,34.3838639919088,未央区,108.924014,34.382305
B0LDAUFCVM,陕西环宇盛瑞酒店管理有限公司,公司企业;公司企业;公司企业,108.94577397408516,34.374514933076306,未央区,108.950449,34.372987
B0H0JMSL9V,陕西优鲜臻品农业科技有限公司,公司企业;公司;公司,108.92028290772129,34.3836313977209,未央区,108.9249,34.382073
B0K0PCW3RC,陕西荆山神泉饮品有限公司水站,公司企业;公司;公司,108.965046439621,34.386956916528305,未央区,108.969787,34.385479
B0MGVLFXC0,中建八局项目部,公司企业;公司;公司,108.92420264038284,34.38937763414758,未央区,108.928827,34.387826
B0JD151OHX,任鹏进口果业有限公司,公司企业;公司;公司,108.9205923289602,34.38452465073421,未央区,108.92521,34.382967
B0J1UDZIGE,润昌通服务有限公司,公司企业;公司;公司,108.91501550630936,34.3863356939447,未央区,108.919625,34.384775
B0LD4OQ9HU,东兴隆,公司企业;公司企业;公司企业,108.94185451686756,34.38208406081753,未央区,108.946519,34.380553
B0K6NL7KV8,中交三航局江语云庭项目(EPC)工程总承包项目经理部,公司企业;公司;公司,108.92896419080115,34.390224856918195,未央区,108.933598,34.388679
B0G04D89TT,西安和兴盛果蔬农业发展有限公司,公司企业;农林牧渔基地;其它农林牧渔基地,108.91832796232256,34.38393178010359,未央区,108.922942,34.382372
B0J2BHSBPC,陕西海之蓝众一洗涤有限公司,公司企业;公司;公司,108.9142797985054,34.41946227007439,渭城区,108.918891,34.41792
B0KACRUAWW,西咸新区希皓然洗涤有限公司,公司企业;公司;公司,108.91451354943575,34.41876754697034,渭城区,108.919125,34.417225
B0H2TZPCRZ,西安汇鑫洗涤有限公司,公司企业;公司;公司,108.91325018087298,34.41855436298209,渭城区,108.91786,34.417011
B0LAHRJ3VN,西安盛源家服家政(经开分公司),公司企业;公司;公司,108.94629056006542,34.385411062478816,未央区,108.950968,34.38389
B0KKM5JHUN,印迹(西安)食品有限公司,公司企业;公司;公司,108.9175451344928,34.38395633754758,未央区,108.922158,34.382396
B0FFKU49XA,陕西郭欣悦粮油经销有限公司,公司企业;公司;公司|购物服务;购物相关场所;购物相关场所,108.91701293135692,34.38373582990074,未央区,108.921625,34.382175
B0M6SY2N9S,西安尚北铭城物业管理有限公司,公司企业;公司;公司,108.96150220492024,34.389165551524975,未央区,108.96623,34.38768
B0MGCSE8LD,震雄西安注塑机,公司企业;公司;公司,108.95237053658072,34.375351074293555,未央区,108.957066,34.373837
B0JUO1GM90,花好月圆物业,公司企业;公司;公司|生活服务;生活服务场所;生活服务场所,108.95083345177382,34.37538032476505,未央区,108.955524,34.373863
B0LD5RUDW7,乐游园农场,公司企业;农林牧渔基地;其它农林牧渔基地,108.96076077715207,34.40229800580119,未央区,108.965487,34.400818
B0KDBXY3U9,华山分厂钢板租赁厂,公司企业;工厂;工厂,108.9596588720754,34.39999696261652,未央区,108.964381,34.398513
B0MGXAXBM2,洪耀爆品供应链,公司企业;公司;公司,108.91653972831604,34.382283939089355,未央区,108.921151,34.380722
B0M6F10ZZJ,陕西澳美娅生物科技有限公司,公司企业;公司;公司,108.91211720319215,34.41052361262271,渭城区,108.916725,34.408975
B0KROYQ8GJ,龙兴包装,公司企业;公司;公司,108.9187603274847,34.38358464195733,未央区,108.923375,34.382025
B0M6C7VSKZ,佰味源食品,公司企业;公司;公司,108.9186755948687,34.381894624403586,未央区,108.92329,34.380334
B0GK1DXRNX,陕西中原智控科技有限公司,公司企业;公司;公司,108.91047581030264,34.38894450897251,未央区,108.91508,34.387383
B0H1R7CNK2,陕西心灵美农业科技有限公司,公司企业;公司;公司,108.9192767183688,34.38116055541666,未央区,108.923892,34.3796
B0I2GSAU0K,根哥凯乐洗衣,公司企业;公司;公司,108.91503085921086,34.418816214834884,渭城区,108.919643,34.417274
B0KBG532JU,西安市政工程集团尚华路东侧规划路项目一分部,公司企业;公司;公司,108.95424316318848,34.37836936802124,未央区,108.958945,34.376861
B0IAL5W38F,中锦润业建筑工程有限公司,公司企业;公司;建筑公司,108.96109468728793,34.38889869290885,未央区,108.965821,34.387412
B0LKK7OVA3,陕西弘雅妆造影视服饰有限公司,公司企业;公司;公司,108.91782888259952,34.41893529425216,渭城区,108.922445,34.417395
B0K6MZFCUC,隆源集团,公司企业;公司;公司,108.9522729584084,34.374047978335625,未央区,108.956968,34.372533
B0L19CHTU0,西安千嘉汇供应链管理有限公司,公司企业;公司;公司,108.9190738268538,34.38375230828401,未央区,108.923689,34.382193
B0KD0H38HY,西安海润邦水果进出口有限公司,公司企业;公司;公司,108.92045772313224,34.38238392892678,未央区,108.925075,34.380825
B0J0MAR76G,陕西七号云仓电子商务有限公司,公司企业;公司;公司,108.91630695735724,34.383530415844334,未央区,108.920918,34.381969
B0I0MH3BRM,西安红富源供应链管理有限公司,公司企业;公司;公司,108.91754221427874,34.383022847407325,未央区,108.922155,34.381462
B0KDLHHLOO,陕西唯美家乡供应链有限责任公司,公司企业;公司;公司,108.9178846522717,34.38367324747756,未央区,108.922498,34.382113
B0LGCCRZAP,双亮食品库房,公司企业;公司;公司,108.91988674788476,34.3811670619296,未央区,108.924503,34.379607
B0J2BMCYM8,陕西百年玛莎商业运营部,公司企业;公司;公司,108.91000423285404,34.390003105335666,未央区,108.914608,34.388442
B0FFIIYKWB,陕西爱枣网供应链公司,公司企业;公司;公司,108.91761522240344,34.381585574985984,未央区,108.922228,34.380024
B0L6V4K63K,陕西树果鲜农业科技有限公司,公司企业;公司;公司,108.92025824280763,34.37998539373708,未央区,108.924875,34.378425
B0JA7RZ7PP,陕西臻禾实业有限公司,公司企业;公司;公司,108.96195362991853,34.37640637380786,未央区,108.966682,34.374915
B0J02ZP32G,红姑娘生态农业有限公司(西北销售部),公司企业;公司;公司,108.91874251413618,34.38161672383104,未央区,108.923357,34.380056
B0L1RCC327,西安盈仓汇冷链食品,公司企业;公司;公司,108.91851069126034,34.383834695749904,未央区,108.923125,34.382275
B0MGNLQC5W,九冶特高压项目部,公司企业;公司;公司,108.91657051436276,34.42147466763141,渭城区,108.921185,34.419935
B0KAYC2FE9,西安鑫嘉源果品有限公司,公司企业;公司;公司,108.91707089582336,34.383135116693374,未央区,108.921683,34.381574
B0MA4CVIWW,良田云仓,公司企业;公司;公司,108.92000829607026,34.38433324302012,未央区,108.924625,34.382775
B0LKFSU1HO,河北省第四建筑工程有限公司,公司企业;公司;建筑公司,108.94668627264274,34.37452416868573,未央区,108.951364,34.372998
B0KUK95JZ1,陕西河远流洗涤有限公司,公司企业;公司;公司,108.9149000248658,34.418931224870946,渭城区,108.919512,34.417389
B0IKDRA8AQ,玄玄商贸有限公司,公司企业;公司;公司,108.91683348359942,34.38010991763489,未央区,108.921445,34.378547
B0KAZHBJOQ,闽峰消防仓储中心,公司企业;公司;公司,108.9645045502822,34.37356352301212,未央区,108.969242,34.372077
B0L2HN9RCJ,尚姐包装,公司企业;公司;公司,108.917329524521,34.38305897806537,未央区,108.921942,34.381498
B0HKOUGLSS,美加馨库房,公司企业;公司;公司,108.96384129349616,34.382063633679905,未央区,108.968577,34.38058
B0FFGELY16,西安圣益医药有限公司,公司企业;公司;医药公司,108.96375797447428,34.37750829944706,未央区,108.968493,34.376022
B0MB7HPCZ4,陕西菁欣果业,公司企业;公司;公司|购物服务;综合市场;果品市场,108.91291840022586,34.3837882386544,未央区,108.917525,34.382225
B0I1BAWEPI,秦汉新城九头鸟建筑装饰工程有限公司,公司企业;公司;广告装饰,108.90861137880708,34.41827344681493,渭城区,108.913216,34.416728
B0MBMY67R2,陕西神农雨供应链管理有限责任公司(雨润仓),公司企业;公司;公司,108.91783275372713,34.383378445513145,未央区,108.922446,34.381818
B0L0HSQDSO,益风电缆有限公司,公司企业;公司;公司,108.9432372268324,34.39969084547967,未央区,108.947907,34.398172
B0L1C96640,德力西库房,公司企业;公司;公司,108.91281854640329,34.3834884517788,未央区,108.917425,34.381925
B0L23Z4MDF,陕西冠昇优品服装服饰有限公司,公司企业;公司;公司,108.91269440092756,34.387157508871425,未央区,108.917301,34.385596
B0M65SH1N8,陕西宏顺保安服务有限公司,公司企业;公司;公司,108.94837417529676,34.3745298280927,未央区,108.953057,34.373007
B0M6T54C9X,陕西嘉晖智能信息技术有限公司,公司企业;公司;网络科技,108.9470494573994,34.38345765124378,未央区,108.951729,34.381937
B0L2SZ6039,海升农业,公司企业;公司;公司,108.91752120548644,34.383515594447374,未央区,108.922134,34.381955
B0L3H1C910,中国建筑第七工程局,公司企业;公司;公司,108.94455319420896,34.37860305027482,未央区,108.949225,34.377075
B0HANHO2G1,宝石电气设备有限责任公司,公司企业;公司;公司,108.94134043588812,34.400371829479546,未央区,108.946005,34.39885
B0LDD5B05Q,中建三局白桦林隐市政周边项目部,公司企业;公司;公司,108.92833066970486,34.38824271367817,未央区,108.932963,34.386695
B0K6AUB2XB,陕西云深处文化科技有限公司,公司企业;公司;公司,108.91647468860062,34.383919093679914,未央区,108.921086,34.382358
B0FFKZNH31,联洲果品商贸有限公司,公司企业;公司;公司,108.91691341459207,34.379538171505374,未央区,108.921525,34.377975
B0FFM4HQSO,邓氏宏源公司,公司企业;公司;公司,108.92009633621704,34.382078396179374,未央区,108.924713,34.380519
B0LKB6S311,西安市思泉餐料有限公司,公司企业;公司;公司,108.91861859626142,34.3829620885802,未央区,108.923233,34.381402
B0I0PZZALL,西安雨润三余农产品有限公司,公司企业;公司;公司,108.91556522610304,34.380588484725,未央区,108.920175,34.379025
B0FFGGZCRU,恒德陶瓷精品加工仓储,公司企业;公司;公司,108.98210168613738,34.41463044148485,未央区,108.986912,34.413215
B0FFFC38OD,斯伦贝谢长和油田工程有限公司,公司企业;公司;公司,108.971776174768,34.393801415109934,未央区,108.976543,34.392345
B0I1TZ8TH2,大明宫招商部配套库区,公司企业;公司;公司,108.97487923639292,34.413731525105504,未央区,108.97966,34.412295
B0JD47L34N,陕西交通控股集团有限公司西延分公司,公司企业;公司;公司,108.96959190285476,34.41511611481992,未央区,108.974352,34.413666
B0FFG2VS2G,陕西华圣现代农业集团有限公司,公司企业;公司;公司,108.97790881390092,34.41608363791606,未央区,108.982702,34.414657
B0I3F7PNB1,北三环陶瓷卫浴仓储交易中心,公司企业;公司企业;公司企业,108.96653922269674,34.38255848526719,未央区,108.971285,34.381082
B0JDB5GGJR,陕建二建集团浐灞保障房二期(冯家滩)项目部,公司企业;公司;建筑公司,108.99739720609186,34.407702770114355,未央区,109.002272,34.406329
B0LGHGNVC4,尊力建材(西安营销中心),购物服务;家居建材市场;建材五金市场|公司企业;公司;公司,108.97371075582014,34.41538579301316,未央区,108.978487,34.413947
B0H2SHCIR2,鑫方盛集团(陕西),公司企业;公司;公司,108.9763422839067,34.37848118718392,未央区,108.981126,34.377029
B0JU75HBV2,西安市好师傅雨棚加工厂,公司企业;工厂;工厂,108.98721401451247,34.39333156059771,未央区,108.992044,34.391919
B0KDD57V3V,浐灞再生水利用示范点,公司企业;公司;公司,109.0043160794319,34.37530971642457,未央区,109.009218,34.373939
B0L1NNVU1E,华盛建材仓库(西北总仓),公司企业;公司;公司,108.97473457456228,34.416626233370714,未央区,108.979515,34.415191
B0K3SHGNI0,西安瓷砖仓库中心,购物服务;家居建材市场;建材五金市场|公司企业;公司;公司,108.97426346081528,34.41655058385987,未央区,108.979042,34.415114
B0IUZ77YQQ,西安尊力建材有限公司(总部),公司企业;公司;公司,108.97332328912698,34.415423836992154,未央区,108.978098,34.413984
B0HAVM7LYV,西安徽府大宅装饰,公司企业;公司;公司,108.98823045114176,34.39637983274103,未央区,108.993065,34.394972
B0IKFAZGHW,项老师眼镜(陕科大店),公司企业;工厂;工厂,108.9708059116037,34.382331344604665,未央区,108.975568,34.380866
B0IB7AW4L9,东方建材陶瓷仓储调运中心,公司企业;公司企业;公司企业,108.9740572559202,34.416863970099875,未央区,108.978835,34.415427
B0FFJCSK4V,纵横广告快印部,公司企业;公司;广告装饰,109.0132359458814,34.39878304426909,灞桥区,109.018178,34.397452
B0LKK7OGU9,陕西军创安防集团,公司企业;公司;公司,108.97291420533544,34.399755971135804,未央区,108.977686,34.398306
B0FFIDGL7S,西安大明宫装饰(旗舰店),公司企业;公司;广告装饰,108.9762934798787,34.37849131879771,未央区,108.981077,34.377039
B0FFLFWXW6,华礼卫浴仓库,公司企业;公司;商业贸易,108.9710108482648,34.3976313416173,未央区,108.975775,34.396175
B0H1TSHPH5,勇顺图文广告,公司企业;公司;广告装饰,108.97302439433668,34.39221889069812,未央区,108.977796,34.390765
B0HKKKENCT,西安三鱼洁具,公司企业;公司;公司,108.97436629611546,34.41359502804025,未央区,108.979145,34.412157
B0IGBSKUPF,长庆钻井科技,公司企业;公司;公司,108.97038089888876,34.39035809054106,未央区,108.975142,34.388896
B0K0JUE7H1,西安净水处理有限责任公司第十再生水厂,公司企业;工厂;工厂,108.98699383684918,34.418573748964015,未央区,108.991825,34.417175
B0IBDA7V3S,德利兴仓储,公司企业;公司;公司,108.97469873138174,34.41646242903492,未央区,108.979479,34.415027
B0FFK008KN,金日升库房,公司企业;公司;公司,108.9772651551512,34.419383518978755,未央区,108.982056,34.417957
B0FFLHNKFI,秦华热力集团有限公司,公司企业;公司;公司,109.01148548553164,34.39745899742298,灞桥区,109.01642,34.396122
B0HR2AU7YV,中国中铁一局上庄综合开发项目部,公司企业;公司;公司,109.000985351949,34.38828579553918,未央区,109.005874,34.386912
B0L2A40CUJ,巨人通力别墅电梯(西安城市展厅),公司企业;公司;公司,108.98536538503116,34.3745122820503,未央区,108.990186,34.373084
B0MGVND9DZ,中粮·悦著云朗物业服务中心,公司企业;公司;公司,109.02221622241784,34.403008552855106,灞桥区,109.027196,34.401706
B0KBBSO9RT,西安奥体运营管理有限公司,公司企业;公司;公司,109.01949656282324,34.3774484560388,灞桥区,109.024463,34.376124
B0LAGST7P5,木源集金缅木地板工厂,公司企业;工厂;工厂,108.97876705309878,34.41920036213201,未央区,108.983564,34.417778
B0JB91YPOI,中粮陆港国际丝路中心,公司企业;公司;公司,109.02405060943646,34.38162026108011,灞桥区,109.029036,34.380311
B0LBUZ55J3,数控冲孔·激光切割·剪板折弯·洞洞板(西安源江兴金属制品),公司企业;公司企业;公司企业,108.99070025914568,34.39246962438557,未央区,108.995545,34.391067
B0K0GH3O59,西安市浐灞生态区陇海液化气有限公司,公司企业;公司;公司|生活服务;生活服务场所;生活服务场所,108.99562870706949,34.373437089207975,未央区,109.000493,34.372039
B0K0KA1NY5,西安福恩装饰工程有限公司,公司企业;公司;广告装饰,108.9886138193263,34.39642066625831,未央区,108.99345,34.395014
B0LKN7QK07,西安净水处理有限责任公司第五再生水厂,公司企业;工厂;工厂,108.99996879078653,34.375804651285044,未央区,109.004852,34.374421
B0G2Y7S6PV,福建六建集团有限公司王家棚城中村改造项目部,公司企业;公司;公司,108.9885580601477,34.40833206229269,未央区,108.993395,34.406932
B0H35Z248R,长通钢铁(未央湖库),购物服务;家居建材市场;建材五金市场|公司企业;公司;公司,108.97301037219492,34.417292599450604,未央区,108.977784,34.415853
B0K3YXFEYE,西安未央,公司企业;公司;公司,108.97688966326484,34.39546533136807,未央区,108.981677,34.394024
B0KRM1X6LV,陕西建工第六建设集团有限公司未央区后村集体土地上棚户区改造项目,公司企业;公司;公司,108.9909785005393,34.39927297904212,未央区,108.995825,34.397875
B0J3SC9ISA,安居集团启源二路保障性租赁住房项目,公司企业;公司;公司,108.99705185991112,34.40575093889087,未央区,109.001925,34.404375
B0FFJITNTN,众得广告图文,公司企业;公司;广告装饰,109.01690922084836,34.40201739971896,灞桥区,109.021867,34.400699
B0L30CLPR9,西安碧桂园·凤凰城物业服务中心,公司企业;公司;公司,108.98409553055512,34.376707845691854,未央区,108.988911,34.375277
B0JRUU0W2A,西安润鑫玻璃有限公司,公司企业;公司;公司,108.98754770466395,34.39209625534439,未央区,108.992379,34.390684
B0LKCR2DMQ,陕西建工集团股份有限公司承建GW1-14-3-1项目,公司企业;公司;公司,109.02240043392727,34.39173836369223,灞桥区,109.02738,34.39043
B0FFK830SJ,荣华激光切割,公司企业;工厂;工厂|生活服务;生活服务场所;生活服务场所,108.98952720851808,34.393124776963056,未央区,108.994367,34.391719
B0J2B7U8YP,金地玖峯禧项目部,公司企业;公司;公司,109.01606407635435,34.39826899246716,灞桥区,109.021018,34.396946
B0FFJSZRAB,汇亚磁砖西安中心仓,公司企业;公司企业;公司企业,108.97577912409628,34.419789458172644,未央区,108.980564,34.418359
B0FFIYZWC1,陕西海油实业有限公司,公司企业;公司企业;公司企业,108.97667144230604,34.396712247576446,未央区,108.981458,34.395271
B0I35CMRXC,秦北消防总部,公司企业;公司;公司,108.98909017523624,34.39185678868088,未央区,108.993928,34.390449
B0H0NZRN6X,德田陶瓷·西北运营中心(恒德陶瓷精品加工仓储店),公司企业;公司;公司,108.98200406856964,34.414906563705955,未央区,108.986814,34.413491
B0LGSA1KET,陕西西安普拉陶中心仓,公司企业;公司;公司,108.9659755756665,34.37967449890298,未央区,108.970719,34.378195
B0JK6D3SIQ,工品汇胶类仓储中心(西安库),公司企业;公司;公司,108.97534914353103,34.416268732576206,未央区,108.980132,34.414835
B0I35HMBR8,佳盾门业西安仓库,公司企业;公司;公司,108.97868538050406,34.41927854892233,未央区,108.983482,34.417856
B0FFI0T1F2,西安百业广告,公司企业;公司;广告装饰|生活服务;生活服务场所;生活服务场所,108.96877878319847,34.38178804673023,未央区,108.973533,34.380317
B0IUA50C56,大成装饰(骞柳小区店),公司企业;公司;广告装饰,109.01793793552856,34.401976426240694,灞桥区,109.0229,34.400661
B0KDFY2RM0,碧桂园凤凰城-天逸天境物业服务中心,公司企业;公司;公司,108.98941999712434,34.37719479804158,未央区,108.994258,34.37578
B0FFLJ2ST7,厚朗实业(铝单板厂家),公司企业;公司;公司,108.99051597130688,34.393364679852645,未央区,108.99536,34.391962
B0M61LKEDA,珈禾科教集团,公司企业;公司;公司,108.97602965167782,34.377178763471626,未央区,108.980812,34.375725
B0KR7SHAPJ,中国建筑第三工程局中粮陆港国际丝路中心(西区)项目部,公司企业;公司;公司,109.02250392594874,34.38103493334009,灞桥区,109.027483,34.379721
B0J2BUK0X8,德奥家用电梯(陕西钜通机电),公司企业;公司;公司,108.99032682601096,34.40474682691823,未央区,108.995171,34.40335
B0FFGEGXZG,旭升广告,公司企业;公司;广告装饰|生活服务;生活服务场所;生活服务场所,108.97184187571077,34.38221860504104,未央区,108.976608,34.380756
B0JDC5QBW9,陕西勤道天商贸有限公司,公司企业;公司;商业贸易,108.98770789800646,34.39362592816038,未央区,108.99254,34.392215
B0L0G5436G,瑞尔特工厂直营仓,公司企业;公司;公司,108.9733243167927,34.41504105815901,未央区,108.978099,34.413601
B0L1GAAF2T,北京城建北方集团远洋未央华府二期项目经理部,公司企业;公司;公司,108.9867663281848,34.41224313003375,未央区,108.991596,34.41084
B0FFMGAZKO,上海吉祥多彩铝塑板(陕西运营中心),购物服务;家居建材市场;建材五金市场|公司企业;公司;公司,108.98719510655378,34.393187696838794,未央区,108.992025,34.391775
B0KUPCGPVC,聚鑫源金属加工厂不锈钢铝单板钢结构,公司企业;公司企业;公司企业,108.98928230797635,34.39244888548564,未央区,108.994121,34.391042
B0LGRRB7WD,中财管道北三环仓储配送中心,公司企业;公司;公司,108.98312544535524,34.390378247835834,未央区,108.987938,34.388952
B0J0OCDBKC,鹰牌陶瓷西北中心仓,公司企业;公司企业;公司企业,108.97496243119632,34.41942295324946,未央区,108.979744,34.41799
B0LGJMMYFS,冷库冷链 制冷设备 设计安装,公司企业;公司;公司,108.98854343781808,34.392600008966504,未央区,108.993379,34.391191
B0I3JR9AU3,广告图文,生活服务;摄影冲印店;摄影冲印|公司企业;公司;公司,108.97263673279794,34.3824503140692,未央区,108.977406,34.38099
B0KGLCQF4D,陕西锦匠家居维修有限公司,公司企业;公司;公司,108.9922459621902,34.37674854936827,未央区,108.997096,34.375342
B0FFINGE9R,图论软件(北郊校区),公司企业;公司企业;公司企业,108.97647252863946,34.38125132708306,未央区,108.981257,34.379801
B0HKASIV73,陕西新能晟建材有限公司,公司企业;公司;公司,108.96559128385807,34.376374257326184,未央区,108.970333,34.374892
B0KDKOK7GW,匠欣装饰,公司企业;公司;广告装饰,109.01738630940496,34.4010795401053,灞桥区,109.022346,34.399762
B0FFF3NUOU,宝宇建筑装饰,公司企业;公司;建筑公司,108.98358860956372,34.40120183396263,未央区,108.988404,34.399783
B0KGZZU76O,西安美立森新材料有限公司,公司企业;公司企业;公司企业,108.9881721086845,34.39147574037787,未央区,108.993006,34.390065
B0LBFL01QN,叁筑设计·一站式装修(西安店),公司企业;公司;广告装饰,108.97624775983437,34.37733806629978,未央区,108.981031,34.375885
B0L03RDGM8,西安悦安筑家装饰,公司企业;公司;广告装饰,109.0167864038026,34.382387657632954,灞桥区,109.021742,34.381058
B0KDZ1P06X,东方物探公司长庆物探分公司,公司企业;公司;公司,108.97049138788806,34.39135324332133,未央区,108.975253,34.389892
B0FFGMV92S,卫华集团(西安经营部),购物服务;家居建材市场;建材五金市场|公司企业;公司;公司|汽车服务;汽车服务相关;汽车服务相关,108.99307831283464,34.37770852422217,未央区,108.997932,34.376305
B0LGT9ZSCK,如鼎工贸,公司企业;公司;商业贸易,108.9775577124731,34.374291000745544,未央区,108.982346,34.37284
B0LUJ5AQ57,涌溢生态农场,公司企业;农林牧渔基地;其它农林牧渔基地,108.9821210797612,34.42093867258424,未央区,108.986932,34.419527
B0JGB74VAZ,永兴陶瓷加工厂,公司企业;工厂;工厂,108.97640473127224,34.41824861325435,未央区,108.981192,34.416819
B0H3MS8WYH,江西锦洪泵业陕西仓储中心,公司企业;公司;公司,108.97446174722644,34.41562257877789,未央区,108.979241,34.414186
B001D0Z7Q3,吉佳图文广告,公司企业;公司;广告装饰|购物服务;超级市场;超市|生活服务;生活服务场所;生活服务场所,108.97202116628056,34.382295076383286,未央区,108.976788,34.380833
B0KG0MDL69,中建四局陆港新家园(一期)项目部,公司企业;公司;公司,109.02413699350376,34.38475331595057,灞桥区,109.029123,34.383446
B0GKKLZ4P6,陕西天铝新材料有限公司,公司企业;公司;公司,108.98750438871944,34.37412715093306,未央区,108.992334,34.372705
B0IGK7L21D,草二村DK-4项目项目部,公司企业;公司;公司,108.9683958108093,34.387085169127225,未央区,108.973149,34.385616
B0KDCSKECE,二分田园,公司企业;农林牧渔基地;其它农林牧渔基地,108.9991195972121,34.374126126524615,未央区,109.003999,34.372739
B0HDYSQ9OJ,西安速盛铭实业有限公司,公司企业;公司;公司,108.97224435305114,34.405690425177454,未央区,108.977014,34.404242
B0LUDRF0I9,西安慕上餐饮管理有限公司,公司企业;公司;公司,108.9942626897063,34.41985118544309,未央区,108.999125,34.418475
B0M6PDL6UN,美心防盗门西安中心仓,公司企业;公司;公司,109.02096475176758,34.40990715756975,灞桥区,109.02594,34.408605
B0FFL4QO92,宁波牌水表陕西仓储库,公司企业;公司;公司,108.97319359445817,34.41793371970971,未央区,108.977968,34.416495
B0MG5R4YDE,华源C库,公司企业;公司;公司,108.97270246585146,34.41876457564089,未央区,108.977475,34.417325
B0G1XSFXYS,吊车出租(暂停营业),公司企业;公司;公司,109.02021964533849,34.400164862774524,灞桥区,109.025191,34.398855
B0HUUCRWQK,天利仓库,公司企业;公司;公司,108.97140602698995,34.401004370513384,未央区,108.976172,34.399551
B0K0VOIH9W,陕西爱之家装饰工程有限公司,公司企业;公司;广告装饰,108.97649337011168,34.40624734004655,未央区,108.98128,34.404811
B0FFIAAENP,老林石材加工厂,公司企业;工厂;工厂,108.9792299057532,34.37412133132043,未央区,108.984025,34.372675
B0J12H1EN9,利程广告,公司企业;公司;广告装饰,108.98828848071751,34.393078503433124,未央区,108.993123,34.391669
B0KDTOONCS,陕西春林晟景房地产开发有限责任公司,公司企业;公司;公司,108.99640972650846,34.392686259677085,未央区,109.001279,34.391301
B0JD79F54D,效果图cad制图室,公司企业;公司;广告装饰,108.98908795541467,34.38263785493095,未央区,108.993925,34.381225
B0KUJLNLD7,未央湖华恒库区,公司企业;公司;公司,108.97951216901622,34.41717342553966,未央区,108.984312,34.415752
B0HBRY5TOQ,亚华雕塑,公司企业;公司;公司,108.97728387943587,34.37361813327615,未央区,108.982071,34.372166
B0IRO716HI,鑫盛陶瓷加工厂,公司企业;工厂;工厂,108.9765441650732,34.41828619910782,未央区,108.981332,34.416857
B0LAKHFH6M,本木源陕西运营中心·三湘木业,公司企业;公司;公司|购物服务;购物相关场所;购物相关场所,108.97376727171476,34.4185167979959,未央区,108.978544,34.41708
B0KU7H7DXY,西安层叠土石方地基基础工程有限公司,公司企业;公司;公司,108.97250430683404,34.40597255462842,未央区,108.977275,34.404525
B0G1TAV8MT,上海哲核阀门制造有限公司,公司企业;公司;公司,108.96553666416096,34.37423154038862,未央区,108.970278,34.372748
B0G3SZWFLQ,中交二公局西安地铁10号线1标四分部,公司企业;公司;公司,109.0243485371526,34.41522049996663,灞桥区,109.029338,34.413931
B0FFL9DPTM,西安仁松广告,公司企业;公司;广告装饰|生活服务;生活服务场所;生活服务场所,108.97248832152526,34.38239974685527,未央区,108.977257,34.380939
B0KAYUOUHK,长青园林机械西安分公司,公司企业;公司;公司,108.99132356022886,34.39288152236755,未央区,108.996171,34.391481
B0JA25E0C8,陕西纵缆集团北三环仓库,公司企业;公司;公司,108.97843612346595,34.3744534200975,未央区,108.983228,34.373005
B0LAYMUMIV,陕西星康桥信息咨询有限公司,公司企业;公司;公司,108.97873128555764,34.39410886615777,未央区,108.983526,34.392672
B0LATU38Q9,西安博曜体育产业有限责任公司,公司企业;公司;公司,109.00379670783708,34.382536401916695,未央区,109.008697,34.381168
B0FFJ0ME6P,西安亿彩瓷砖仓库批发,购物服务;家居建材市场;建材五金市场|公司企业;公司;公司,108.97097610501174,34.396164258716105,未央区,108.97574,34.394707
B0FFHZZX2F,驹祥广告店,公司企业;公司;广告装饰|生活服务;生活服务场所;生活服务场所,108.9867637919895,34.38287164924006,未央区,108.991591,34.381452
B0KD9D7ARN,西安工业大学产教融合基地中建四局项目部,公司企业;公司;公司,108.97751448193496,34.37918450330735,未央区,108.982303,34.377736
B0J6VL8XJI,陕西众合森工实业有限公司,公司企业;公司;公司,108.97615673115074,34.382107750038784,未央区,108.98094,34.380657
B0JRVUJ91I,鼎诚御峰里项目,公司企业;公司;公司,109.02223208681713,34.392123626986404,灞桥区,109.027211,34.390815
B0K2OD3O5S,一米洋光卫生间隔断玻璃隔断,公司企业;公司;公司,108.98894271595124,34.39289265402106,未央区,108.99378,34.391485
B0LR74H335,威斯特消防,购物服务;专卖店;专营店|公司企业;公司;公司,108.98976429304808,34.391991696716985,未央区,108.994605,34.390586
B0IAKSEIXI,陕西宏景华艺环境设计工程有限公司,公司企业;公司;公司,108.96631263811769,34.37571975275444,未央区,108.971057,34.374239
B0LAAHO2L9,西安泰岭节能科技有限公司,公司企业;公司;公司,108.99576885183804,34.388351600275804,未央区,109.000635,34.386962
B0IDOZXVAP,陕西容大锦盛实业发展有限公司,公司企业;公司;公司,108.9801315773098,34.39368309272502,未央区,108.984932,34.39225
B0G24MF08Q,捷达商贸库房,公司企业;公司企业;公司企业,108.97315990597086,34.415784074663016,未央区,108.977934,34.414344
B0HDP7L9CU,西安好勒卫浴有限公司总库房,公司企业;公司;公司,108.97342950338329,34.41982495581186,未央区,108.978205,34.418388
B0FFGJ7LMO,scp公司,公司企业;公司;公司,108.97195347089983,34.3939078742814,未央区,108.976721,34.392452
B0KGJUYDHE,陕西莱亿晟精密机械有限公司,公司企业;公司;机械电子,108.99047211255784,34.39391450518983,未央区,108.995316,34.392512
B0FFKPDDUM,美宇广告,公司企业;公司;公司|生活服务;生活服务场所;生活服务场所,108.98197337849098,34.40071282095323,未央区,108.986782,34.399289
B0IDSUKVA1,西安双威机房地板有限公司,公司企业;公司;公司,108.97503146163464,34.41572693533276,未央区,108.979813,34.414292
B0LADU990E,陕西辉腾建材仓储中心,公司企业;公司;公司,108.97325042093698,34.417313928316425,未央区,108.978025,34.415875
B0MGZSIPF8,优博英葵精定,公司企业;公司;公司,109.0234976930401,34.383381856796305,灞桥区,109.028481,34.382072
B0MGOZUZ0R,中国石油天然气集团有限公司长庆油田分公司,公司企业;公司;公司,108.9705003503714,34.391386200999925,未央区,108.975262,34.389925
B0IGSZ60UX,欧泰联整体卫浴有限公司,公司企业;公司;公司,109.01785596873208,34.40559160296248,灞桥区,109.022818,34.404278
B0LBLA9DP5,全通嘉之荣库房,公司企业;公司;公司,108.97444581170672,34.41561162935466,未央区,108.979225,34.414175
B0KGUMH9RG,湖北宝源木业OSB陕西代理,公司企业;公司企业;公司企业,108.9732333284938,34.41924483762407,未央区,108.978008,34.417807
B0LB3S6DFK,翰丰食品馒头加工厂,公司企业;工厂;工厂,108.97278888522514,34.4095906948813,未央区,108.977561,34.408146
B0JGHRSJJJ,米莎莉洁具仓储有限公司,公司企业;公司;公司,109.02005894566804,34.40440591408167,灞桥区,109.02503,34.403098
B0L127UQHG,恒德库区A区,商务住宅;商务住宅相关;商务住宅相关|公司企业;公司;公司,108.9826125442008,34.41483883308938,未央区,108.987425,34.413425
B0KK4A2TLY,永康建雄机械西安分公司,公司企业;公司;机械电子,108.97486697781076,34.417438388322466,未央区,108.979648,34.416004
B0LA4U4MAD,罗浮威尔陶瓷库房,公司企业;公司;公司,108.97260312258382,34.41556672656129,未央区,108.977375,34.414125
B0LUU7PDHP,王家棚城中村改造项目,公司企业;公司企业;公司企业,108.98540226068415,34.410101407269856,未央区,108.990226,34.408693
B0HR1UC53E,陕西垣发消防泵阀设备有限公司,公司企业;公司;公司,108.9659759887854,34.37464419358665,未央区,108.970719,34.373162
B0L3ZH0EVQ,西安佳盛瓷砖加工厂,公司企业;工厂;工厂,108.975097959113,34.418573077578685,未央区,108.97988,34.41714
B001D0W00J,西安未央湖旅游开发区管理委员会,政府机构及社会团体;政府机关;区县级政府及事业单位|公司企业;公司企业;公司企业,108.98544276512412,34.4020169216715,未央区,108.990266,34.400604
B0LATR8EPZ,金凯德陕西办事处,公司企业;公司;公司,108.9750434151876,34.4157099120351,未央区,108.979825,34.414275
B0IAOZYHHB,跃耀陶瓷建材有限公司,公司企业;公司;公司,108.96531148952184,34.3743950290494,未央区,108.970052,34.372911
B0LR01NGZH,恒德仓库D区,公司企业;公司;公司,108.98211463152752,34.414640398042344,未央区,108.986925,34.413225
B0LBZUOR92,老席库房,公司企业;公司;公司,108.97700023929976,34.41925934036571,未央区,108.98179,34.417832
B0FFFTHXYK,龙兴装饰,公司企业;公司;广告装饰,109.01692815188711,34.401898412003696,灞桥区,109.021886,34.40058
B0H1XG23WA,陕西明华安防设备有限公司,公司企业;公司;公司,108.96598300979096,34.37407048093871,未央区,108.970726,34.372588
B0L13R6SPI,华博仓储东区,公司企业;公司;公司,108.98002291009348,34.41909382869686,未央区,108.984825,34.417675
B0KDNHBCH8,陕西龙台建筑工程有限公司,公司企业;公司;建筑公司,108.98189811332428,34.39563989523618,未央区,108.986706,34.394213
B0FFL6TQ3H,华源南库,公司企业;公司;公司,108.97180796089134,34.39488072662136,未央区,108.976575,34.393425
B0FFLF32KT,牛娃渔业养殖场,公司企业;公司企业;公司企业,108.97713154432029,34.42121980966112,未央区,108.981922,34.419794
B0LBLUOAEG,精艺水刀加工厂,公司企业;工厂;工厂,108.97676925725943,34.41826058060207,未央区,108.981558,34.416832
B0FFL1A2OP,陕西西安冠成五好总库,公司企业;公司企业;公司企业,108.98141707528931,34.42003924765908,未央区,108.986225,34.418625
B0KAR58YKZ,博亿华陶瓷加工厂,公司企业;工厂;工厂,108.97534116359314,34.41641267039832,未央区,108.980124,34.414979
B0LBUA8SHE,西安宸宇建筑幕墙钢工程有限公司,公司企业;公司企业;公司企业,108.98234504765897,34.386143852438565,未央区,108.987154,34.384713
B0L3OKXA6X,大明宫招商部配套库区1期,公司企业;公司;公司,108.9748941782873,34.413711495244726,未央区,108.979675,34.412275
B0GKM6MFAD,陕西鑫永跃实业有限公司,公司企业;公司;公司,108.96582959783711,34.37389896635391,未央区,108.970572,34.372416
B0LKZPEGF6,灞浦七路项目部,公司企业;公司;公司,109.00120220659473,34.39076976611443,未央区,109.006092,34.389398
B0L35LEWIL,乾德财务(西安分公司),公司企业;公司;公司,108.97505516991228,34.39399029469606,未央区,108.979835,34.392543
B0MBSLETZW,陕西龙盛茂福供应链管理有限公司,公司企业;公司;公司,108.98348451070656,34.407604482522785,未央区,108.9883,34.406189
B0J1RSHX3B,陕西齐芯泵业有限公司,公司企业;公司;公司,108.9747914330609,34.41559268142553,未央区,108.979572,34.414157
B0JK56D318,大禹防水集团,公司企业;公司;公司,108.97747710381805,34.37351863964559,未央区,108.982265,34.372067
B0G2ZRHB98,陆港绿城西安全运村营销中心,公司企业;公司;公司,109.0149563362934,34.39111924080856,灞桥区,109.019905,34.389789
B0IB1HFXEW,陕西金来旺实业有限公司,公司企业;公司;公司,108.98101586860238,34.41844235119825,未央区,108.985822,34.417026
B0I3F9XMK3,梅赛德斯瓷砖(华源C库店),公司企业;公司企业;公司企业,108.97261788300872,34.41775540138524,未央区,108.97739,34.416315
B0K6ZAQM02,龙元帅库房,公司企业;公司;公司,108.98261556296087,34.41446304390931,未央区,108.987428,34.413049
B0IDFR11LC,陕西通九州建设工程有限公司,公司企业;公司;建筑公司,108.97383311693169,34.39310317527443,未央区,108.978608,34.391652
B0LUL1A5OI,西安中彩盛和建材有限公司,公司企业;公司;公司,108.98722999172124,34.39279481173443,未央区,108.99206,34.391382
B0L0PA03Z4,圣劳伦斯暖气片西安仓储运营中心,公司企业;公司;公司,108.97569561381248,34.41793578530916,未央区,108.98048,34.416504
B0I3ZUVF7A,三棵树防水西安仓储中心,公司企业;公司;公司,108.97468595920722,34.414331711787014,未央区,108.979466,34.412895
B0I0S5FJIK,西安锦厨乐酒店用品有限公司,公司企业;公司;公司,108.9747270682654,34.41103751431927,未央区,108.979507,34.409599
B0LAAKAS3J,辉龙铜业,公司企业;公司;冶金化工,108.98993356816604,34.39203016824188,未央区,108.994775,34.390625
B0IR39O0SJ,东牧卫浴西北营销管理中心,公司企业;公司企业;公司企业,108.96559039171017,34.375105937010794,未央区,108.970332,34.373623
B0L05ZTEWT,招商楼宇科技(深圳)有限公司-陕西片区,公司企业;公司;公司,108.99883350706826,34.40176480111603,未央区,109.003714,34.400392
B0J1TLI15W,双子广告,公司企业;公司;广告装饰,108.99182472936648,34.40106941771077,未央区,108.996675,34.399675
B0FFH79C3O,长庆未央湖花园物业公司,公司企业;公司;公司,108.97061293794414,34.39108606487366,未央区,108.975375,34.389625
B0L6UDYDQN,西安精盛达装饰工程有限公司,公司企业;公司;广告装饰,108.99077192088912,34.392853195994654,未央区,108.995617,34.391451
B0JULSLRQ0,艾瑞克塑胶西安运营中心,公司企业;公司;公司,108.98151562497274,34.42054366366112,未央区,108.986324,34.41913
B0K3R72FM4,西安君艺丰建材有限公司,公司企业;公司;公司,108.98887202377848,34.392806912894606,未央区,108.993709,34.391399
B0IAXS2AGV,西安鑫三友胶业辅料批发中心(立邦),公司企业;公司;公司,108.96567998478127,34.37598623750475,未央区,108.970422,34.374504
B0KKH55ZAE,康泰三角带批发仓库,公司企业;公司;公司,108.98920050193404,34.38233368352691,未央区,108.994038,34.380921
B0M6CZU3U6,龙磊建材吊装有限公司,公司企业;公司;公司,108.98409531149136,34.40334013394,未央区,108.988913,34.401924
B0KUS5Q4MB,杰艺陶瓷加工厂,公司企业;工厂;工厂,108.98201805223104,34.41440581573068,未央区,108.986828,34.41299
B0FFIL49VI,陕西鑫众物业管理有限公司,公司企业;公司;公司,108.97621446807604,34.3824743891506,未央区,108.980998,34.381024
B0J1KC8HK2,陕西丰锐达钢铁未央湖配套库区,公司企业;公司;公司,108.97315076143288,34.41796381954376,未央区,108.977925,34.416525
B0FFKSTNSA,陈家物业,公司企业;公司;公司,108.98275458424084,34.39526161493724,未央区,108.987566,34.393837
B0M6N7FHG9,华博仓储陶瓷区,公司企业;公司;公司,108.97583992385046,34.41925560342169,未央区,108.980625,34.417825
B0G30PIPOS,金棚陶瓷工艺加工厂,公司企业;公司;冶金化工,108.9814311755227,34.41813533057453,未央区,108.986239,34.41672
B0KRM1XE7R,陕建项目部,公司企业;公司;公司,108.99924092184663,34.387819352703126,未央区,109.004122,34.38644
B0I3LH09YH,西安沃通电子科技有限公司,公司企业;公司;机械电子,108.97402722808768,34.40658202253822,未央区,108.978804,34.405139
B0I0AS8MHE,陕西畅昕电子科技有限公司,公司企业;公司;机械电子,109.01055120182174,34.40055504302658,灞桥区,109.015482,34.399217
B0JDVHTEDT,西安皖南优品装饰有限公司,公司企业;公司;广告装饰,108.98813918468308,34.39223841540201,未央区,108.992973,34.390828
B0FFF01NDU,陕药集团派昂医药公用型保税仓库,公司企业;公司;医药公司,109.0672588677016,34.381111483251814,灞桥区,109.072386,34.379896
B0FFGPXW22,西安地铁三号线港务区车辆段,公司企业;公司;公司,109.04760077112404,34.406725210644346,灞桥区,109.052675,34.405489
B001D15L55,爱菊粮油集团,公司企业;公司;公司,109.05796169591632,34.40357666575026,灞桥区,109.063067,34.402359
B0I39D05NR,陕西康佳智能家电有限公司,公司企业;公司;公司,109.08473248975642,34.4026060964572,灞桥区,109.089894,34.40142
B0LGARLN1N,山东能源集团西北矿业有限公司,公司企业;公司;公司,109.04004002777329,34.37766957511404,灞桥区,109.045086,34.3764
B0FFGDG8BZ,西安机车检修段,公司企业;公司;公司,109.0832420765108,34.40880050602449,灞桥区,109.088402,34.407617
B0FFJN4JB0,国药控股陕西有限公司,公司企业;公司企业;公司企业,109.06694597029696,34.3768272240198,灞桥区,109.072072,34.375609
B0FFLCDEA5,中国邮政集团公司陕西省西安邮区中心局,公司企业;公司;公司,109.07383588739708,34.3791743699885,灞桥区,109.078977,34.377966
B0K6DS88BO,中建七局国网陕西电力新基地项目部,公司企业;公司;公司,109.04161348090096,34.377741798553366,灞桥区,109.046665,34.376476
B0KG155R1T,中国电建西北区域总部,公司企业;公司;建筑公司,109.04032682499104,34.391436379778774,灞桥区,109.045375,34.390175
B0JG17FROD,陕西中创道禾信息技术有限公司,公司企业;公司企业;公司企业,109.06640480235689,34.38189525530888,灞桥区,109.07153,34.380679
B0J09SVJ4E,中建八局拾光屿项目部,公司企业;公司企业;公司企业,109.03569522226128,34.40753368237297,灞桥区,109.040728,34.40627
B0G1ZK0TPV,陕建华山路桥集团国际港务区指挥部,公司企业;公司企业;公司企业,109.03686912613458,34.41649053249101,灞桥区,109.041907,34.415235
B0FFI6QOID,陕西医药控股集团派昂医药有限责任公司,公司企业;公司;医药公司,109.06686779605133,34.38092912588346,灞桥区,109.071994,34.379713
B0J6ZNDYZS,博纳云仓,公司企业;公司;公司,109.06097966305742,34.378751268773016,灞桥区,109.066091,34.377525
B0IKHSEF7B,陕西国铁贸易有限公司,公司企业;公司;商业贸易,109.06533238167752,34.40472609165018,灞桥区,109.070457,34.403521
B0FFH92VJV,佳帮手港务区本部,公司企业;公司;公司,109.06328951102648,34.380893423129905,灞桥区,109.068407,34.379672
B0JRCH76II,陕建华山路桥集团,公司企业;公司;公司,109.03386297455948,34.37364510350384,灞桥区,109.038886,34.372358
B0FFL2M96E,西安国际港务区爱瑞康健康体检管理有限公司,公司企业;公司;公司,109.0657300049826,34.37507688838981,灞桥区,109.070853,34.373856
B0J06UD8WG,国网陕西省电力有限公司超高压公司,公司企业;公司;公司,109.07144975773596,34.37917111395858,灞桥区,109.076586,34.37796
B0JARS5594,陕西华氏医药有限公司库房,公司企业;公司企业;公司企业,109.07659018887692,34.39582437298887,灞桥区,109.081738,34.394628
B0LDOU1QP6,陕西红旗检测技术有限公司,公司企业;公司;公司,109.08122215280656,34.3974114484036,灞桥区,109.086378,34.39622
B0FFKYL49W,西安李照森食品有限责任公司,公司企业;公司企业;公司企业,109.071093579299,34.3783829687296,灞桥区,109.076229,34.377171
B0I0NA7BWY,五矿云仓西安有限公司,公司企业;公司;公司,109.05411134880194,34.42003519830768,灞桥区,109.059207,34.41882
B0LDU5FLUI,陕西智拓固相增材制造技术有限公司(银河厂区),公司企业;公司企业;公司企业,109.080868083185,34.41605601850338,灞桥区,109.086025,34.414875
B0GUB5N22X,鑫之辉智能,公司企业;公司企业;公司企业,109.06145618283512,34.381372075216724,灞桥区,109.066569,34.380148
B0FFLMD2TV,湘印腾新图文广告(金融小镇店),公司企业;公司;公司,109.06577586923342,34.37537166477983,灞桥区,109.070899,34.374151
B0GRAA391V,陕西华山路桥集团环保科技有限公司,公司企业;公司;公司,109.0399695340146,34.40951600374673,灞桥区,109.045018,34.408264
B0JBTM74OW,中国铁路西安局集团有限公司西安西站服务中心,公司企业;公司;公司,109.07364229458726,34.41325448179602,灞桥区,109.078786,34.412065
B0L1798QQ6,中建五局望雲项目部,公司企业;公司;公司,109.03448939375498,34.39961026438012,灞桥区,109.039517,34.398339
B0KBJH5RWP,中国水利水电第三工程局有限公司西北区域总部办公区,公司企业;公司;公司,109.03981666021112,34.39115575903057,灞桥区,109.044863,34.389893
B0FFK8T6N9,西安鸿华肠衣食品有限公司,公司企业;公司;公司,109.0383358150573,34.41618108830121,灞桥区,109.043379,34.414929
B0K3Y5AGTW,西安聚能医工科技有限公司,公司企业;公司企业;公司企业,109.04665656401666,34.410171272709704,灞桥区,109.051728,34.408935
B0K22HKD63,陕西凌锐美创智能科技有限公司,公司企业;公司;公司,109.0812440060853,34.398693709963524,灞桥区,109.0864,34.397503
B0J1DZ04S4,中建三局秦汉雅苑项目部,公司企业;公司;公司,109.05517741353704,34.39466276481437,灞桥区,109.060274,34.393435
B0J0JCNSTU,华润医药商业(陕西)有限公司,公司企业;公司;医药公司,109.06435548256958,34.37359870497556,灞桥区,109.069475,34.372375
B0FFM0ZZ3P,西安洪源饮品有限公司,公司企业;公司;公司,109.03673920833084,34.421068156516185,灞桥区,109.041777,34.419815
B0L2XCYE1C,中交天和西安装备制造有限公司,公司企业;公司;公司,109.03985452890504,34.39111569011243,灞桥区,109.044901,34.389853
B0L0BCVJZ1,中建七局重庆医药集团医药科技产业园项目,公司企业;公司企业;公司企业,109.0524510345586,34.41202612632854,灞桥区,109.057541,34.410803
B0KKNH3Y80,创业水泥预制加工厂,公司企业;工厂;工厂,109.02922319554028,34.415236111552055,灞桥区,109.034232,34.41396
B0KAF5IE7A,西安蓉城易购,公司企业;公司;公司,109.06625212212728,34.405333415265275,灞桥区,109.071379,34.40413
B0JR5CZD7D,陕西建工运营管理有限公司,公司企业;公司;公司,109.03398053543694,34.373610819113814,灞桥区,109.039004,34.372324
B0FFMC863J,陕西鑫龙医药有限责任公司,公司企业;公司;公司,109.07407152104324,34.400952080332395,灞桥区,109.079215,34.399756
B0KR0LKGZK,新筑悦澜颂项目第五批,公司企业;公司;公司,109.05035680294507,34.38550030383567,灞桥区,109.055438,34.384258
B0LKKCNCWY,西安武创机器人智能制造基地一期项目,公司企业;公司;公司,109.08171678087128,34.415655604847075,灞桥区,109.086875,34.414475
B0LR3HC3ZU,中建三局邮政二期项目部,公司企业;公司;公司,109.0784252279394,34.38087788483956,灞桥区,109.083575,34.379675
B0LD9ZWQL1,陕西天石实业混凝土有限公司港务站,公司企业;公司;公司,109.04072299035732,34.41966926949086,灞桥区,109.045775,34.418425
B0K3RG01YK,中国移动库房,公司企业;公司;公司,109.06649992595324,34.3778932793327,灞桥区,109.071625,34.376675
B0KKAOTEYI,鼎诚潮前陕建工程七部项目部,公司企业;公司;公司,109.04693252887432,34.38852289140865,灞桥区,109.052003,34.387275
B0KUFA6W7T,招商揽阅书华项目部,公司企业;公司;公司,109.02697810312908,34.40266446368426,灞桥区,109.031977,34.401375
B0KAYZ0KJ5,陕西建工集团股份有限公司悦澜颂第三批,公司企业;公司;公司,109.04721476120204,34.38671027438338,灞桥区,109.052286,34.385462
B0KGUU30IZ,西安珉丰堆场,公司企业;公司;公司,109.06834269775298,34.41187175849142,灞桥区,109.073475,34.410675
B0FFGA2WCC,新丝路国际电子商务产业园有限公司,公司企业;公司;公司,109.0627090154242,34.38054751682261,灞桥区,109.067825,34.379325
B0HK75L6O8,京东物流-西安亚一商超B母婴玩具仓3号库,公司企业;公司;公司,109.07709439089751,34.38303294410677,灞桥区,109.082242,34.38183
B0M6JAD3JY,西安素诺新能源发展有限责任公司,公司企业;公司;公司,109.08061692762034,34.3995936913829,灞桥区,109.085772,34.398403
B0K10RWLN2,浙江宇视科技(西安)城市展厅,公司企业;公司;公司,109.0813108306879,34.39949420725148,灞桥区,109.086467,34.398304
B0I0MS4IHI,中欧班列(长安号)集拼中心,公司企业;公司;公司,109.07093802194376,34.40002522497348,灞桥区,109.076075,34.398825
B0L2V57SN6,西安典石美居设计装饰有限公司,公司企业;公司;广告装饰,109.02867939687864,34.37934274513531,灞桥区,109.033683,34.378045
B0FFMA7N6Y,上海展鸣风机西北中心库,公司企业;工厂;工厂,109.06099332302335,34.38224835714928,灞桥区,109.066105,34.381024
B0HA6RCKYY,湘港图文快印广告,公司企业;公司;广告装饰,109.03472034649458,34.378469326350114,灞桥区,109.039747,34.377187
B0FFMFFWHK,小蚂蚁共享服务仓(快仓一部),公司企业;公司;公司,109.0614851132459,34.381302066100645,灞桥区,109.066598,34.380078
B0JR2HA72O,中建四局秦汉雅苑项目部,公司企业;公司;公司,109.05838025031404,34.395328587025645,灞桥区,109.063486,34.394107
B0K2XA8A0O,西安茂荣电力设备有限公司,公司企业;公司;公司,109.08307017321692,34.39917111683659,灞桥区,109.088229,34.397982
B0L3K5BV4P,自然界装饰,公司企业;公司;广告装饰,109.03461378228712,34.38967349481374,灞桥区,109.039641,34.388397
B0I1XMPXPW,绿城中国,公司企业;公司企业;公司企业,109.02537332516872,34.3929603484768,灞桥区,109.030365,34.391661
B0KDYMTUMN,陕西缔都医药化工有限公司,公司企业;公司;医药公司,109.06412200430412,34.37424971139481,灞桥区,109.069241,34.373026
B0KUO7Q49Q,鲁班装饰集团(全运村店),公司企业;公司;广告装饰,109.02513535729442,34.392037522128376,灞桥区,109.030126,34.390737
B0J06UQEA1,山西铁锅西北中心库,公司企业;公司;公司,109.06061629707231,34.382530826765134,灞桥区,109.065727,34.381306
B0MGUYB1LT,西安东康启明机电设备有限公司,公司企业;公司;公司,109.08283353373018,34.39906733847003,灞桥区,109.087992,34.397878
B0KD0ZYJGJ,西安综合保税区A8仓库,公司企业;公司;公司,109.07089208167316,34.38900443350705,灞桥区,109.076028,34.387798
B0KAMAXU2Y,汇图广告快印,公司企业;公司;广告装饰,109.04113089979984,34.38088224509629,灞桥区,109.046181,34.379617
B0KKLCBW8G,陕西派昂医药控股集团孙思邈大药房连锁有限公司,公司企业;公司;医药公司,109.0662501476266,34.382141341867,灞桥区,109.071375,34.380925
B0MGOZVR5H,新筑综合货场3号库,公司企业;公司;公司,109.06649764541936,34.40412875498706,灞桥区,109.071625,34.402925
B0L2V77U68,西安吉利广告型材灯箱/uv雕刻加工厂,公司企业;工厂;工厂,109.0823053201326,34.39917065330096,灞桥区,109.087463,34.397981
B0K2RHADJM,西安振威风口加工厂,公司企业;工厂;工厂,109.08340169994534,34.39901198238844,灞桥区,109.088561,34.397823
B0K129HTYL,西安秉立精工科技有限公司,公司企业;公司;公司,109.08043436085984,34.39801672623105,灞桥区,109.085589,34.396825
B0HDGPLM5M,西安先德电子商务有限公司,公司企业;公司;公司,109.07642168786406,34.382208042520624,灞桥区,109.081568,34.381004
B0KDLZGJUW,西安国际陆港多式联运有限公司,公司企业;公司;公司,109.0703243804838,34.39956124639259,灞桥区,109.07546,34.39836
B0J219JTOF,招商城市主场2期,公司企业;公司;公司,109.0447336759837,34.40203020471992,灞桥区,109.049798,34.400785
B0KG157LGV,中国十七冶悦澜颂第一批项目部,公司企业;公司;公司,109.04916630893284,34.388471146226735,灞桥区,109.054244,34.387228
B0G1XAI1B0,陕建集团西安地铁10号线2标段项目指挥部,公司企业;公司;公司,109.03673771212505,34.415281568886435,灞桥区,109.041775,34.414025
B0MBFA34RQ,国马酒专卖店,公司企业;公司;公司,109.02563745646346,34.39076483428039,灞桥区,109.03063,34.389465
B0MG0SGOFD,领家装饰,公司企业;公司;广告装饰,109.03808998223444,34.378111074801325,灞桥区,109.043129,34.376837
B0FFG8DGY2,陕西远丰电力设备有限公司,公司企业;公司;公司,109.0552436869846,34.38928362576037,灞桥区,109.06034,34.388053
B0K06CACWK,高科系统门窗,公司企业;工厂;工厂,109.08156312794408,34.40300402619059,灞桥区,109.08672,34.401816
B0KKF7I9XV,中天建设集团有限公司琉光屿项目工程总承包(EPC),公司企业;公司;公司,109.03432473145747,34.40285784496945,灞桥区,109.039352,34.401588
B0KUCHMNDA,陕西云鼎机械租赁有限公司,公司企业;公司;公司,109.03114498419608,34.40082728021402,灞桥区,109.03616,34.399548
B0LBXKF7Y2,华润电力(陕西)有限公司,公司企业;公司;公司,109.03496785106351,34.37348635839925,灞桥区,109.039995,34.372202
B0J025KMJZ,视界广告装饰,公司企业;公司;广告装饰,109.02516762727365,34.375661349088894,灞桥区,109.030157,34.374352
B0J3GD326W,陕西金利达建筑工程有限公司,公司企业;公司;建筑公司,109.055144811475,34.40269629808467,灞桥区,109.060242,34.401473
B0L3S93S9M,西安超级草根商贸有限公司,公司企业;公司;公司,109.0627169520364,34.38104323635205,灞桥区,109.067833,34.379821
B0FFHU2O9J,新筑库,公司企业;公司企业;公司企业,109.05727441954798,34.40591555232381,灞桥区,109.062378,34.404698
B0IB17FD2I,昆明明超电缆有限公司(西安分公司),公司企业;公司;公司,109.06508856345422,34.37498987207113,灞桥区,109.07021,34.373768
B0K3O7UFF5,西安丰行广告文化传播有限公司,公司企业;公司;广告装饰,109.03469886118432,34.37341008474466,灞桥区,109.039725,34.372125
B0J6YH0EFI,中建三局西安港务区欧亚大道转体桥项目,公司企业;公司;公司,109.03580448824567,34.411363194491194,灞桥区,109.040838,34.410102
B0L1SUPVZO,陕西日昇月机电科技有限公司,公司企业;公司;机械电子,109.084142628778,34.39905747351255,灞桥区,109.089303,34.397869
B0JR4AYW8F,居美馨装饰,公司企业;公司;广告装饰,109.0345021441394,34.378679770835554,灞桥区,109.039528,34.377397
B0KRK7B6KF,叮当智慧药房连锁(西安)有限公司,公司企业;公司;公司,109.0640061966311,34.375348301671536,灞桥区,109.069125,34.374125
B0KG37KW6S,西安市安居建设管理集团有限公司,公司企业;公司;建筑公司,109.03817663202858,34.37853663323122,灞桥区,109.043216,34.377263
B0L6BAYYUY,招商揽阅天成项目部,公司企业;公司;公司,109.02677360176108,34.40631294087566,灞桥区,109.031772,34.405025
B0L0X7LRTQ,自贸港堆场,公司企业;公司;公司,109.06424532254258,34.41302092322346,灞桥区,109.069368,34.411819
B0K35Z7UM9,西安逸诺医疗科技有限公司,公司企业;公司企业;公司企业,109.08071981696052,34.39896596419882,灞桥区,109.085875,34.397775
B0LANSXW7F,微居木作设计有限公司,公司企业;公司;公司,109.03808700033888,34.37802612775495,灞桥区,109.043126,34.376752
B0JA29DMAB,派昂医药大厦派昂医药公司库房,公司企业;公司;医药公司,109.06769681357424,34.38158962298509,灞桥区,109.072825,34.380375
B0K3H161PW,智维新材(西安)科技有限公司,公司企业;公司;公司,109.08091448093607,34.39924365466687,灞桥区,109.08607,34.398053
B0L1P56GI5,钰锦装饰,公司企业;公司;广告装饰,109.04056974873184,34.38235278127601,灞桥区,109.045618,34.381087
B0MAGUZ5K0,西安陆港分拣中心1号库,公司企业;公司;公司|生活服务;生活服务场所;生活服务场所,109.08471543388576,34.38067326976757,灞桥区,109.089875,34.379475
B0J0AS571P,龙翔控股集团-西安区域总部,公司企业;公司;公司,109.05197351341565,34.37717053786982,灞桥区,109.057059,34.375927
B0LRPUS48C,中国铁路西安局集团有限公司西安西站,公司企业;公司;公司,109.07364429114114,34.41324848308431,灞桥区,109.078788,34.412059
B0KBJUF0CK,西安国际港务区陶然铭居二期EPC项目,公司企业;公司;公司,109.08396674670958,34.37772532647733,灞桥区,109.089125,34.376525
B0LRAR0M2S,妙创装饰,公司企业;公司;广告装饰,109.0390312038732,34.38259835120984,灞桥区,109.044074,34.381329
B0K0PDQWIK,西安凌科检测科技有限公司,公司企业;公司;公司,109.03467694981158,34.37333118260274,灞桥区,109.039703,34.372046
B0LUCSSW5S,陕西军粮新丝路食品有限责任公司,公司企业;公司;公司,109.07951164228189,34.38931033652896,灞桥区,109.084664,34.388113
B0K6TSPL1U,西安永革机械租赁有限公司,公司企业;公司;公司,109.04531400529632,34.41037112176446,灞桥区,109.050381,34.409132
B0L2VU8MNA,吉利广告展示器材/广告材料批发仓库,公司企业;公司;公司,109.08263086031684,34.39880262943707,灞桥区,109.087789,34.397613
B0J0Y7QESY,华润新能源投资有限公司陕西分公司,公司企业;公司;公司,109.0348343515576,34.37345471534022,灞桥区,109.039861,34.37217
B0IAJUXMQA,云玥府项目部,公司企业;公司;公司,109.05154676229571,34.37789200594315,灞桥区,109.056631,34.376648
B0HA374EG3,国际港线路车间,公司企业;公司;公司,109.05233506510476,34.41574618554258,灞桥区,109.057425,34.414525
B0LA7OUQ8F,陕西普瑞斯健康产业有限公司,公司企业;公司;公司,109.08163538939976,34.39873039290875,灞桥区,109.086792,34.39754
B0LA5HRRDS,西安漫金联合办公空间,公司企业;公司;公司,109.06440529865654,34.374298257964995,灞桥区,109.069525,34.373075
B0LASC4ETM,西安锦跃服饰有限公司,公司企业;公司;公司,109.0822184413044,34.39929764420623,灞桥区,109.087376,34.398108
B0J3VO0CMO,中建八局西北建设拾光屿项目EPC总承包,公司企业;公司;公司,109.03571610485668,34.40799936166162,灞桥区,109.040749,34.406736
B0KUUOXGSQ,三合(福建)建设工程有限公司云玺项目部,公司企业;公司企业;公司企业,109.03016482448584,34.38851376055364,灞桥区,109.035175,34.387225
B0K6ACR0BR,招商局蛇口工业区控股股份有限公司,公司企业;公司;公司,109.03594382441712,34.37820436599738,灞桥区,109.040975,34.376925
B0KDDCCHHC,陕西网宇电力科技有限公司,公司企业;公司;公司,109.03458128537213,34.37358729099097,灞桥区,109.039607,34.372302
B0MBF57AOW,西安捷美医疗技术有限公司,公司企业;公司;公司,109.08209168823268,34.39869007880343,灞桥区,109.087249,34.3975
B0JAOUVTGA,京慧航烟酒商贸行,公司企业;公司;商业贸易,109.04828201420813,34.40152571947139,灞桥区,109.053358,34.400288
B0L6YSINL1,西安维康实业有限公司,公司企业;公司;公司,109.0810193469346,34.39886578619061,灞桥区,109.086175,34.397675
B0JDVLU9T7,旺园控股集团,公司企业;公司;公司,109.06432748629334,34.37435134681517,灞桥区,109.069447,34.373128
B0I0NZ6PX2,传胜供应链管理(西安)有限公司,公司企业;公司;公司,109.0726216329231,34.39859203530188,灞桥区,109.077762,34.397393
B0JK27XFRD,陕西蜂族科技有限公司,公司企业;公司;公司,109.06431557314554,34.37369171565993,灞桥区,109.069435,34.372468
B0JGXC7IQ4,陕西艾潽机械制造有限公司,公司企业;公司;机械电子,109.03892929298372,34.3741941164009,灞桥区,109.043971,34.37292
B0FFGFPP5P,西安伟腾粮食加工有限公司,公司企业;公司;公司,109.04472232150124,34.41814490830343,灞桥区,109.049788,34.416909
B0KBJD5REC,中国水利水电第三工程局有限公司制造安装公司,公司企业;公司;公司,109.03988739597872,34.39130150813736,灞桥区,109.044934,34.390039
B0L2D99O4L,陕西健医生物医药科技有限公司,公司企业;公司;医药公司,109.08158645296147,34.398875347863786,灞桥区,109.086743,34.397685
B0M6DS64R4,春秋(陕西)计量检测有限公司,公司企业;公司;公司,109.08443322672888,34.39896234440985,灞桥区,109.089594,34.397774
B0I37CSD2V,陕西中发动力能源科技有限公司,公司企业;公司;公司,109.06231008177312,34.3800484175258,灞桥区,109.067425,34.378825
B0HKCC9UGJ,京东物流西安亚一商超A休闲食品仓1号库,公司企业;公司;公司,109.07840101626655,34.383779332253894,灞桥区,109.083551,34.382578
B0G10CDWYQ,陕西青兰国兴贸易集团有限公司,公司企业;公司;商业贸易,109.06606518669298,34.37526330609644,灞桥区,109.071189,34.374043
B0JK5ZEDVJ,中建八局超导重离子项目部,公司企业;公司;公司,109.04983242832937,34.40888225253045,灞桥区,109.054914,34.407652
B0LK6HL0X7,端利(西安)生物科技有限公司,公司企业;公司;公司,109.06636057811076,34.37418945670897,灞桥区,109.071485,34.372969
B0MG4OZKWV,西安碳桢科技有限公司,公司企业;公司;公司,109.08136867663336,34.40021475596018,灞桥区,109.086525,34.399025
B0K27U41QS,陕西春鹏新材料科技有限公司,公司企业;公司;公司,109.0814226413449,34.39965003420459,灞桥区,109.086579,34.39846
B0HAYD0AVG,西安巨麦智能电子科技有限公司,公司企业;公司;公司,109.07566867253362,34.38696320093224,灞桥区,109.080814,34.385761
B0KULHGR6P,西安翰德电力电器制造有限公司,公司企业;公司;公司,109.08145651450523,34.40049253216852,灞桥区,109.086613,34.399303
B001D15M4M,中西部商品交易中心有限公司,公司企业;公司;公司,109.0644681418784,34.37431815297755,灞桥区,109.069588,34.373095
B0J3GS4CDL,陕八建桂语晴澜项目部,公司企业;公司;公司,109.03982712884893,34.385282964454994,灞桥区,109.044873,34.384017
B0KBDA8INI,中国建筑八局,公司企业;公司;建筑公司,109.03563142397586,34.40793661174565,灞桥区,109.040664,34.406673
B0LUPUYXDO,西安蓝海源分析检测设备有限公司,公司企业;公司;公司,109.08388292449384,34.399913156875755,灞桥区,109.089043,34.398725
B0KU6U4JSH,雅洁尔医疗科技(西安)有限公司,公司企业;公司;公司,109.08161142968856,34.398696429998566,灞桥区,109.086768,34.397506
B0L1FL0WYQ,方圆图文广告,公司企业;公司;广告装饰,109.04076533867818,34.37910407156258,灞桥区,109.045814,34.377837
B0K1C7GDX5,快准车服西安中心仓,公司企业;公司;公司,109.07592840334296,34.395921973032955,灞桥区,109.081075,34.394725
B0L01LGU2Q,陕西合昇科技有限公司,公司企业;公司;公司,109.08166833507984,34.398765348569604,灞桥区,109.086825,34.397575
B0LKLS8V3H,西安港汽车整车进口口岸营运中心,公司企业;公司;公司,109.07581765697908,34.406827899341,灞桥区,109.080965,34.405637
B0KAAS8ODZ,陕西物流国成青兰供应链管理有限公司,公司企业;公司;公司,109.06566113819903,34.37544779029864,灞桥区,109.070784,34.374227
B0LKC40MMK,新华医疗康复产业(西安)有限公司,公司企业;公司;公司,109.06620093903226,34.37439557437305,灞桥区,109.071325,34.373175
B0K3PCPPEW,新腾维新材料有限公司,公司企业;公司;公司,109.08468279141071,34.39995063245888,灞桥区,109.089844,34.398763
B0LGGL1R31,中国电建水电三局六公司,公司企业;公司;建筑公司,109.0399780576766,34.39148718737522,灞桥区,109.045025,34.390225
B0M6F70BKV,陕西鸿鑫宇光电科技有限公司,公司企业;公司;公司,109.08111907926408,34.400115003585306,灞桥区,109.086275,34.398925
B0MB9DUBKF,京东亚一园区五号库,公司企业;公司;公司,109.07787597705914,34.38327708090529,灞桥区,109.083025,34.382075
B0KD7PNNHX,西安源发国际贸易有限公司,公司企业;公司;商业贸易,109.06415597658696,34.37359900600568,灞桥区,109.069275,34.372375
B0L61ZK03L,陕西铭博电气科技有限公司,公司企业;公司;公司,109.03463664443788,34.37864144756019,灞桥区,109.039663,34.377359
B0KGRUKLUR,西安君御昊建筑工程有限公司,公司企业;公司;建筑公司,109.04003931882356,34.38593010074986,灞桥区,109.045086,34.384665
B0IRHMSREX,陕西中港工贸有限公司,公司企业;公司;商业贸易,109.04006509145962,34.38750717441122,灞桥区,109.045112,34.386243
B0JRD4SCYK,旺足洗护工厂,公司企业;公司企业;公司企业,109.05579817987324,34.38810824075564,灞桥区,109.060896,34.386878
B0KRAAC831,陕西易霖管道有限公司,公司企业;公司;公司,109.03762602784428,34.373901468174736,灞桥区,109.042663,34.372624
B0FFGHATQ3,陆港物资贸易有限公司,公司企业;公司;商业贸易,109.07283383128328,34.40282139728447,灞桥区,109.077975,34.401625
B0K1RAUWDW,西安宏华光电科技有限公司,公司企业;公司;公司,109.08181808970828,34.39891515274625,灞桥区,109.086975,34.397725
B0L215TCZN,西安镭射传动科技有限公司,公司企业;公司;公司,109.0815680931596,34.403312846599114,灞桥区,109.086725,34.402125
B0LK5DSYIN,西部国际酒饮交易中心西安建工项目部,公司企业;公司;公司,109.0601429434374,34.37812599553406,灞桥区,109.065252,34.376898
B0L14407B4,西安华之强科技有限公司,公司企业;公司;公司,109.0432213402946,34.38441444982076,灞桥区,109.048279,34.383156
B0M6L56IJ0,京东亚一园区7号库,公司企业;公司;公司,109.0811206201954,34.38247477681959,灞桥区,109.086275,34.381275
B0JDUHOW8V,中建四局港悦府悦境项目,公司企业;公司;公司,109.06888959166608,34.376022022253004,灞桥区,109.07402,34.374806
B0J06CH36X,西安益华农生物科技有限公司,公司企业;公司;公司,109.06290845052786,34.38119685264479,灞桥区,109.068025,34.379975
B0KRMO4EYJ,西安马克医疗科技有限公司,公司企业;公司;公司,109.06621689979096,34.374410543620655,灞桥区,109.071341,34.37319
B0KRM15EK0,中粮悦著云廷项目陕建项目部,公司企业;公司;公司,109.03489745054674,34.38120539898673,灞桥区,109.039925,34.379925
B0HUYAR7SM,南阳电机,公司企业;公司;公司,109.0397513229493,34.38616266584895,灞桥区,109.044797,34.384897
B0K3UZKHGM,西安智琦仪器仪表有限公司,公司企业;公司;公司,109.08383596914294,34.4001730403736,灞桥区,109.088996,34.398985
B0MG0ZGZ8L,西安众之鑫广告有限公司,公司企业;公司;广告装饰,109.08263749131544,34.40290330190386,灞桥区,109.087796,34.401716
B0KAR7DT4B,翊杉环保科技有限公司,公司企业;公司;公司,109.05203941038457,34.38757576051339,灞桥区,109.057126,34.386338
B0K03KYELU,陕西鑫丰盈实业有限公司,公司企业;公司;公司,109.08196785429054,34.3989650142711,灞桥区,109.087125,34.397775
B0HASU7OIG,西安宝胜电缆陕西仓储中心,公司企业;公司;公司,109.06221033789043,34.38005857089238,灞桥区,109.067325,34.378835
B0LRLNMRI3,西安六合欣商贸有限公司,公司企业;公司;商业贸易,109.0622501324791,34.381240868554734,灞桥区,109.067365,34.380018
B0JA2CAFLS,陕西国铁工程咨询管理有限公司西延高铁西安枢纽联络线工程监理项目部(暂停营业),公司企业;公司;公司,109.0326059594866,34.38261054583397,灞桥区,109.037625,34.381325
B0KACU0WZ7,中国水利水电第三工程局有限公司第六工程公司,公司企业;公司;公司,109.039828619201,34.39113774023309,灞桥区,109.044875,34.389875
B0K2M5VK0K,西安联昊电气有限公司,公司企业;公司;公司,109.04452906080007,34.417140934590705,灞桥区,109.049594,34.415904
B0FFMB6NM8,陕西中钢网电子商务有限公司,公司企业;公司;公司,109.0626312646642,34.3799669527744,灞桥区,109.067747,34.378744
B0KDTADAQ6,中铁二十三局西派麟悦项目,公司企业;公司;公司,109.03041147110508,34.393162530106146,灞桥区,109.035423,34.391877
B0KDXC0O9B,畅凯(西安)供应链服务有限公司,公司企业;公司;公司,109.07431016300396,34.38825091413501,灞桥区,109.079453,34.387048
B0IUUZR97Y,大树派装饰设计,公司企业;公司;广告装饰,109.0382015611236,34.378312692408095,灞桥区,109.043241,34.377039
B0JD47PQV7,坤源供应链集团有限公司,公司企业;公司;公司,109.06588360176772,34.37547845227654,灞桥区,109.071007,34.374258
B0LG0Z1QOJ,陕西擎天智造贸易有限公司,公司企业;公司;公司,109.03838492130284,34.37804838481062,灞桥区,109.043425,34.376775
B0KANUYZ0P,镀莱五金制造有限公司库房部,公司企业;公司;公司,109.05487543951963,34.404541752900705,灞桥区,109.059972,34.403319
B0L3H79RXG,陕西旅居时代房车,公司企业;公司;公司,109.0636671714055,34.39685804476247,灞桥区,109.068787,34.395646
B0HGUUGY92,金指数陕西仓储中心,公司企业;公司;公司,109.06779453714424,34.40512638552767,灞桥区,109.072925,34.403925
B0JALRDR9J,西安双科知识产权代理有限公司,公司企业;公司;公司,109.03559514030536,34.37790540663365,灞桥区,109.040625,34.376625
B0HA15GIFP,中外运物流西北有限公司,生活服务;物流速递;物流仓储场地|公司企业;公司;公司,109.099499135902,34.40005843956548,灞桥区,109.104675,34.398875
B0FFIBXR85,明亨物流(西北大明营业部),生活服务;物流速递;物流速递|公司企业;公司企业;公司企业,109.10964577476884,34.400360965923724,灞桥区,109.114825,34.399175
B001D0WT2N,陕西隆生建材有限公司,公司企业;公司;公司,109.13529318837236,34.39390993507278,临潼区,109.140459,34.392696
B0IK5RYIK3,陕西中石新型建材有限公司,公司企业;公司;公司,109.12287055630266,34.393304631380886,临潼区,109.128046,34.392105
B0H25ZMM7K,莲湖堆场,公司企业;公司;公司,109.09965953019892,34.383096852879355,临潼区,109.104834,34.381904
B0FFHIKF6K,帕源路桥建设有限公司(沥青搅拌站),公司企业;公司;公司,109.09535010570328,34.38795835848651,灞桥区,109.100522,34.386768
B0IGBUP33N,陕建混凝土临潼分公司,公司企业;公司;公司,109.10117709088568,34.39011814029747,临潼区,109.106353,34.388929
B0FFLCKWV6,西安市临潼区祥丰肉牛养殖基地,公司企业;农林牧渔基地;其它农林牧渔基地,109.09741519167316,34.38057220435132,临潼区,109.102588,34.379378
B0JAJMWVF8,西安市临潼区博辉建材有限公司,公司企业;公司;公司,109.12393957270426,34.38851234911568,临潼区,109.129114,34.387309
B0IDTUXMP8,陕西数通通风管道加工厂,公司企业;公司;公司,109.12729992197728,34.37515618523718,临潼区,109.132471,34.373942
B0FFI07UQZ,西安市临潼区腾飞商贸有限公司,公司企业;公司企业;公司企业,109.1401342228993,34.39633749196358,临潼区,109.145295,34.395118
B0LK0582AC,西安海泉新能源有限公司,公司企业;公司;公司,109.1175511656181,34.39509593643328,临潼区,109.122729,34.393902
B0FFIPFB3T,西安市中安电气有限公司,公司企业;公司企业;公司企业,109.10041233799504,34.41463712100125,灞桥区,109.10559,34.413462
B0I0HHSTDS,西安欣豪尚品门业有限公司,公司企业;公司;公司,109.12639759533428,34.38310690097886,临潼区,109.13157,34.381898
B0GKCST8WJ,西安瑞格建材有限公司,公司企业;公司;公司,109.11373883382088,34.40095591822615,灞桥区,109.118918,34.399768
B0K2S7950P,陕西千锂马新能源科技有限公司,公司企业;公司;公司,109.08671810659138,34.399578692229746,灞桥区,109.091882,34.398392
B0KUNAD6GA,西安公交集团第七分公司,公司企业;公司;公司,109.09988175932584,34.40181646559514,灞桥区,109.105058,34.400634
B0KKACO8VM,西安圣达广告有限公司,公司企业;公司;广告装饰,109.08522770552968,34.403788127287115,灞桥区,109.09039,34.402603
B0FFHEGGCJ,贝卡尼工厂,公司企业;公司企业;公司企业,109.11977080630218,34.38530318412765,临潼区,109.124947,34.384102
B0FFFA9IWN,燕都商砼,公司企业;公司;公司,109.09797707464126,34.38891163726602,灞桥区,109.103151,34.387722
B0G2OUGSQ3,陕西绿康宝再生资源有限公司,公司企业;公司;公司,109.11623945377328,34.39913666861323,临潼区,109.121418,34.397946
B001D0W4CL,西泉面粉厂,公司企业;工厂;工厂,109.14182731301914,34.40675613573738,临潼区,109.146987,34.40554
B0LBR55X19,三高·临潼智能制造港,公司企业;公司;公司,109.12729845206948,34.391901071764586,临潼区,109.132471,34.390696
B001D09OLB,西安大成玉米制品有限责任公司,公司企业;公司;公司,109.09677577339195,34.379174993694875,灞桥区,109.101948,34.37798
B0HAFUUEHJ,北京广源全屋定制家具厂,公司企业;工厂;工厂,109.1326521828808,34.399233442488374,临潼区,109.137821,34.398026
B0GKAM258Z,西安捷易居集装箱有限公司,公司企业;公司;公司,109.13233316336954,34.39614776782956,临潼区,109.137502,34.394939
B0LURL5KWM,西安硕阳厨卫仓储,公司企业;公司;公司,109.12554035503985,34.390770769365616,临潼区,109.130714,34.389567
B001D0W027,渭河锻造厂,公司企业;公司;公司|公司企业;工厂;工厂,109.09972649776309,34.417198568746755,灞桥区,109.104904,34.416025
B0FFIBA730,金诚信彩钢瓦厂,公司企业;工厂;工厂,109.1012644890662,34.38508191775977,临潼区,109.10644,34.38389
B0FFLKPH8T,西安市临潼区碧莹家禽养殖有限公司,公司企业;公司;公司,109.12207504898984,34.40577682058605,临潼区,109.127252,34.404585
B0FFKXT8QE,西安市临潼区西泉街办文海纸品厂,公司企业;工厂;工厂,109.12515944992744,34.398316152150414,临潼区,109.130334,34.397117
B001D09OJE,东方农牧科技发展有限公司,公司企业;公司;公司,109.10108337668824,34.41018278091269,灞桥区,109.106261,34.409005
B0FFIL7LSO,龙江绿纯现代农业发展有限公司,公司企业;公司;公司,109.09663684661032,34.413701641517605,灞桥区,109.101812,34.412526
B0K2LUN6TI,美锦护栏厂,公司企业;工厂;工厂,109.10124836503827,34.38658709229211,临潼区,109.106424,34.385396
B0KUFAQZ38,陕西居安纱窗金刚网加工厂,公司企业;工厂;工厂,109.10790527739356,34.3741375917468,临潼区,109.113082,34.372938
B0FFLA75ZA,临潼区西安中域商贸有限公司,公司企业;公司;公司,109.10135322117792,34.38763353146368,临潼区,109.106529,34.386443
B0LRMZYAUE,陕西苏威大型卷板工厂,公司企业;工厂;工厂,109.08932263484712,34.40327339673731,灞桥区,109.09449,34.40209
B0FFKJIANU,西安绿岛风官方直营店,公司企业;公司企业;公司企业,109.09399038487597,34.37511253690085,灞桥区,109.09916,34.373915
B0LBPY4XHP,安博中国,公司企业;公司;公司,109.08932867652298,34.3798973560815,灞桥区,109.094494,34.378701
B0LAVK2SD9,陕西银河电力装备有限公司,公司企业;公司;公司,109.08572096162789,34.4161017223442,灞桥区,109.090885,34.414924
B0FFJMETM1,菲盈新库,公司企业;公司企业;公司企业,109.10119382664884,34.38163678277768,临潼区,109.106369,34.380443
B0H1RHAFO7,陕西华煜远建筑工程有限公司,公司企业;公司;公司,109.10811372907692,34.41418433622295,灞桥区,109.113294,34.413007
B0FFFA9IFN,西安市灞桥区彩虹养殖专业合作社,公司企业;农林牧渔基地;其它农林牧渔基地,109.10094255071697,34.40902143582185,灞桥区,109.10612,34.407843
B0JA7S0A1L,中国铁建大桥工程局集团有限公司,公司企业;公司;建筑公司,109.09862286251476,34.42068747097865,灞桥区,109.1038,34.419516
B0LDYCZM5B,陕西鑫诺门窗工程有限公司,公司企业;公司;公司,109.10442845419384,34.3818742757333,临潼区,109.109605,34.38068
B0G0RPC24A,西安晨宇新型建材有限公司,公司企业;公司;公司,109.1136818346554,34.40086593278106,灞桥区,109.118861,34.399678
B0FFLEJ4IR,西安佳鸣风口加工厂,公司企业;工厂;工厂,109.10689157164808,34.384304725063295,临潼区,109.112069,34.383111
B0JKJ5HXPR,畔森品牌西北运营总仓,公司企业;公司;公司,109.1236194127187,34.388245173202755,临潼区,109.128794,34.387042
B0LBTZ05FC,万亩猕猴桃基地,公司企业;农林牧渔基地;其它农林牧渔基地,109.13791246363202,34.38788993400144,临潼区,109.143075,34.386669
B001D09OJH,东方农牧三绿生态养殖示范园,公司企业;农林牧渔基地;其它农林牧渔基地,109.099043571129,34.40961995560687,灞桥区,109.10422,34.408442
B0G3ZDRYHK,陕西盼盼纱窗工厂,公司企业;工厂;工厂,109.10226689941258,34.38640933955201,临潼区,109.107443,34.385218
B0LB7DEX6C,亿隆铝艺制品厂,公司企业;工厂;工厂,109.10811770067994,34.380339354284345,临潼区,109.113295,34.379143
B0FFGFQ68L,易通国际集装箱堆场,公司企业;公司;公司,109.0974388596393,34.38416925151156,临潼区,109.102612,34.382977
B0IRXAYO8N,西安雨辰户外设备有限公司,公司企业;公司;公司,109.12979000439324,34.39588875218117,临潼区,109.134961,34.394683
B0FFLENFPZ,顺婕库,公司企业;公司企业;公司企业,109.10190644001275,34.38211862011957,临潼区,109.107082,34.380925
B0IUJMIXH4,瑞纳斯陕西运营中心,公司企业;公司;公司,109.1376306068888,34.39417105235067,临潼区,109.142794,34.392954
B0JG95CGG0,西安港青程集装箱场站,公司企业;公司;公司,109.1245247274104,34.3906947438475,临潼区,109.129699,34.389492
B0LKDOPBNZ,京东亚一二期4号库,公司企业;公司;公司,109.08726192182851,34.38242091711562,灞桥区,109.092425,34.381225
B0FFKEYVJX,陕西银山物资有限公司,公司企业;公司企业;公司企业,109.09743741978969,34.400592128474685,灞桥区,109.102612,34.399409
B0LG052MN8,小马电气焊加工钢材厂,公司企业;公司;公司|公司企业;工厂;工厂,109.0988276325748,34.38766032711739,临潼区,109.104002,34.38647
B0LUXLOVJ6,西安市秦博特建材有限公司,公司企业;公司;公司,109.12040194188512,34.39813362206906,临潼区,109.125579,34.396939
B0KUY5UM0N,兄弟拉弯厂,公司企业;工厂;工厂,109.1378420617026,34.403007374657626,临潼区,109.143006,34.401795
B0KRNGM2XZ,西安群博铁艺加工厂,公司企业;工厂;工厂,109.10564077849048,34.37398485949296,临潼区,109.110817,34.372786
B0FFKMPUA0,西安光正广告灯箱厂,公司企业;公司企业;公司企业,109.1235357355271,34.39542210745227,临潼区,109.128711,34.394223
B0IDX71FUJ,西安云鹏暖通设备工程有限公司,公司企业;公司;公司,109.13474549927082,34.395541280632166,临潼区,109.139912,34.394329
B0KGAATS66,西安市临潼区巡航展柜型材厂,公司企业;工厂;工厂,109.126402534949,34.38383351107102,临潼区,109.131575,34.382625
B0LGU5DZ76,道闸车牌识别批发仓库,公司企业;公司;公司,109.11645459290378,34.38676870775724,临潼区,109.121632,34.385571
B0KKMZJU4T,天域新博(西安)装备制造有限公司,公司企业;公司;公司,109.08491356282022,34.3989130784531,灞桥区,109.090075,34.397725
B0J2VCEGPZ,得力集团西安区域仓,公司企业;公司;公司,109.090939818782,34.38099717300044,灞桥区,109.096107,34.379802
B0FFHV66RM,沃特森全屋定制加工厂,公司企业;工厂;工厂,109.11810218831296,34.3854207233676,临潼区,109.123279,34.384221
B0JAGUAT26,壁虎胶带厂,公司企业;工厂;工厂,109.1211095653815,34.406000791817966,临潼区,109.126287,34.40481
B0J0HUTYEX,汇金洋流体,公司企业;公司企业;公司企业,109.12487558605132,34.406137409183835,临潼区,109.130051,34.404943
B0LAXHSOHX,陕西鸿乐工贸有限公司,公司企业;公司;公司,109.1240287121478,34.38751398865365,临潼区,109.129203,34.38631
B0L3XL1Z3K,刘国香西瓜蔬菜园,公司企业;农林牧渔基地;其它农林牧渔基地,109.1289513377753,34.418666658363364,临潼区,109.134125,34.417475
B0H6OHTKW3,西安龙鸿机电设备有限公司,购物服务;专卖店;专营店|公司企业;公司;公司,109.09686422443002,34.38469599490642,临潼区,109.102037,34.383504
B0G0ADVDA2,陕西运泉智能遮阳科技有限公司,公司企业;公司;广告装饰,109.13802203843692,34.405513202141144,临潼区,109.143186,34.404302
B0FFM9M2K8,东成电动工具(陆港基地),购物服务;家居建材市场;建材五金市场|公司企业;公司;公司,109.10573360679165,34.398442495827624,灞桥区,109.110912,34.397257
B0KG9A19AW,西安顶源皓金属装饰工程有限公司,公司企业;公司;广告装饰,109.10484903752152,34.37367379098879,临潼区,109.110025,34.372475
B0FFKKLXJ8,普利特新材料技术有限公司,公司企业;公司;公司,109.0963162231528,34.38936647537977,灞桥区,109.101489,34.388177
B0I2LSY0IB,陕西中成电气有限公司,公司企业;公司;公司,109.09620745341124,34.376282592830606,灞桥区,109.101379,34.375086
B0HA7ZXYZB,众鑫旺水泥支撑垫块预制构件厂,公司企业;工厂;工厂,109.10733366417946,34.40503031527857,灞桥区,109.112513,34.403848
B0L6AAZII4,陕西永玖中药饮片有限公司,公司企业;公司;医药公司,109.08571545530673,34.39914148241415,灞桥区,109.090878,34.397954
B0FFFA9IVY,西安市灞桥区缠利生态养猪场,公司企业;农林牧渔基地;其它农林牧渔基地,109.09807284416732,34.39080858824476,灞桥区,109.103247,34.38962
B0IUKDMSKY,蓝氏美居背景墙画打印厂墙板厂,公司企业;工厂;工厂,109.12525375923497,34.38407614091255,临潼区,109.130427,34.382869
B0JGA7E8E1,西安旺鹏门窗有限公司,公司企业;公司;公司,109.10142853002456,34.383691696967446,临潼区,109.106604,34.382499
B0HGU7GZL5,西安市临潼区金通达百叶窗加工厂,公司企业;工厂;工厂,109.10147438696558,34.38506695331147,临潼区,109.10665,34.383875
B0L2YLXA5K,西安秦木源木地板仓储,公司企业;公司;公司,109.1084066645103,34.41444930470978,灞桥区,109.113587,34.413272
B0KU3RG60Y,明达中空玻璃厂,公司企业;工厂;工厂,109.1309059204044,34.396027037687794,临潼区,109.136076,34.39482
B0GUVUV7WQ,陕西德天建筑装饰工程有限公司,公司企业;公司;广告装饰,109.09680869797904,34.40255804728422,灞桥区,109.101983,34.401376
B0L335AVV2,天晟板业(仓储中心),公司企业;公司;公司,109.12702205399606,34.39420148190695,临潼区,109.132195,34.392998
B0H2PUR887,陕西省临潼区艾尚德商贸厂,公司企业;工厂;工厂,109.13776037859984,34.409783370179504,临潼区,109.142925,34.408575
B0HGPZRF81,金泰丰源生态农业有限公司,公司企业;公司企业;公司企业,109.10662009160777,34.390442257846004,临潼区,109.111798,34.389252
B0HA45RQ0C,西安固铂盾门窗有限公司,购物服务;家居建材市场;建材五金市场|公司企业;公司;公司,109.09860188709084,34.386386022757314,临潼区,109.103776,34.385195
B0FFK1AXE8,帝王豪门加工厂,公司企业;公司企业;公司企业,109.10444308392016,34.38603801170265,临潼区,109.10962,34.384846
B0KAYC0MPT,西安市临潼区赫森居全屋定制厂,公司企业;工厂;工厂,109.1446676405267,34.420587501878245,临潼区,109.149825,34.419375
B0LG1731C9,西安市嘉诚门窗高端定制厂,公司企业;工厂;工厂,109.12420802190856,34.385183448177166,临潼区,109.129382,34.383978
B0L2P1QX1H,3号库,公司企业;公司企业;公司企业,109.09753844493784,34.399502740553736,灞桥区,109.102713,34.398319
B0K3U7IMN2,陕西三华商贸有限公司,公司企业;公司;商业贸易,109.10566931866433,34.390531891556066,临潼区,109.110847,34.389342
B0JG37YZ65,三棵树陕西运营中心,公司企业;工厂;工厂,109.10918466877452,34.40200681710831,灞桥区,109.114364,34.400822
B0G1YAQ4MS,晨阳全屋定制家具厂,公司企业;工厂;工厂,109.12427459863626,34.401847234597284,临潼区,109.12945,34.400651
B0K2SC9YM5,陕西多达铝业有限公司,公司企业;公司;冶金化工,109.1222939467954,34.39681411182345,临潼区,109.12747,34.395617
B0J66MV2HR,锦盈鑫通风设备制造厂,公司企业;工厂;工厂,109.12000702727973,34.38387916683824,临潼区,109.125183,34.382677
B001D0VZTH,西安市灞桥区新合彩印厂,公司企业;工厂;工厂,109.09929855936052,34.41937326591718,灞桥区,109.104476,34.418201
B0IAKSFP0E,迈托斯五金西安运营中心,公司企业;公司;公司,109.09582543290294,34.402698056204414,灞桥区,109.100999,34.401516
B0KGZ55D22,华润医药商业(陕西)有限公司库房,公司企业;公司;公司,109.09972016598208,34.39824247623844,灞桥区,109.104896,34.397058
B0H6S71LA2,西安蕴龙食品有限公司,公司企业;公司;公司,109.12783422310504,34.41033123225491,临潼区,109.133008,34.409136
B0K2J54YG2,西安秦通胶带加工厂,公司企业;工厂;工厂,109.08497639283128,34.39986650253303,灞桥区,109.090138,34.398679
B0HR5RC6IL,金立星·明美数控·门窗设备,购物服务;家居建材市场;建材五金市场|公司企业;公司;公司,109.09768417329612,34.401450633256985,灞桥区,109.102859,34.400268
B0LKZPEESH,西安北辰医药有限公司,公司企业;公司;公司,109.0999084893806,34.41610422275217,灞桥区,109.105086,34.41493
B0IRRUFQC5,西安亚一北斗综合A仓1号库,公司企业;公司;公司,109.08726192182851,34.38242091711562,灞桥区,109.092425,34.381225
B0JURCB64N,众刚锯片工厂,公司企业;工厂;工厂,109.09894554664444,34.38780225181133,临潼区,109.10412,34.386612
B0KRSA6EI1,亮泽照明设备有限公司,公司企业;公司;公司,109.14221069426831,34.39629965667426,临潼区,109.147369,34.395077
B0KASCN7U2,富丽淋浴房加工厂,公司企业;工厂;工厂,109.12696184564622,34.3846966590408,临潼区,109.132134,34.383488
B0KG1A5PJB,陕西利源昊晟物资有限公司,公司企业;公司企业;公司企业,109.12510137255823,34.38738816841285,临潼区,109.130275,34.386183
B0LU5CLHCN,西安中凯铁路电气有限责任公司,公司企业;公司;机械电子,109.08551769536922,34.39942543466931,灞桥区,109.09068,34.398238
B0GDXUS5ZM,陕西瑜乐亿达商贸有限公司,公司企业;公司企业;公司企业,109.12991611080284,34.3958449288419,临潼区,109.135087,34.394639
B0KGLAKVPA,陕西欧米诺家具有限公司,公司企业;公司;公司,109.14246893739464,34.41994343570709,临潼区,109.147629,34.418734
B0L11ULED8,西安同创领驭保温有限公司,公司企业;公司;公司,109.09974366295496,34.38102698014101,临潼区,109.104918,34.379833
B0FFJRCSWY,西安恒瑞翔通风设备工程有限公司,公司企业;公司企业;公司企业,109.11292019524234,34.38446357617092,临潼区,109.118098,34.383267
B0JUO9HOF5,西安杰都广告有限公司,公司企业;工厂;工厂,109.12777560517804,34.39409639126028,临潼区,109.132948,34.392892
B0KDXRZLRY,西安祥瑞源激光切割旋转楼梯,公司企业;公司企业;公司企业,109.13786542882632,34.39911061674226,临潼区,109.143029,34.397896
B0LD1LM3M8,顺华门窗加工厂,公司企业;工厂;工厂,109.11470172657496,34.38102259052672,临潼区,109.119879,34.379823
B0H3ZSF911,西安市临潼区尚美百叶窗加工厂,公司企业;工厂;工厂,109.12912596114349,34.413125112716095,临潼区,109.134299,34.41193
B001D0WGOA,西安市神马节能门窗有限责任公司,公司企业;公司;公司,109.10051221238572,34.415452653030776,灞桥区,109.10569,34.414278
B0LGD7DSBN,西安郭记铁艺装饰有限公司,公司企业;公司;公司,109.10106470967844,34.383713639491255,临潼区,109.10624,34.382521
B0I3TRGDQ9,陕西康润环保科技有限公司,公司企业;公司;公司,109.13796839904742,34.41213430541631,临潼区,109.143133,34.410927
B0JAGZHU44,西安市韦尔斯润滑油,公司企业;公司;公司,109.09644536243596,34.3752601177186,灞桥区,109.101617,34.374063
B0JGCRRNJA,威码逊智能科技(西安)有限公司,公司企业;公司;公司,109.09505224895072,34.40050839836374,灞桥区,109.100225,34.399325
B0JB1UA9A5,三维控股陕西省销售中心,公司企业;公司;公司,109.10806976246674,34.402497052682264,灞桥区,109.113249,34.401313
B0LRRSJWXT,西安立赫三号库,公司企业;公司;公司,109.1006696360377,34.40967303054035,灞桥区,109.105847,34.408495
B0LURM2UN7,西安镜屏半导体科技有限公司,公司企业;公司;机械电子,109.08667318864156,34.39929887359556,灞桥区,109.091837,34.398112
B0K0KUCAEH,文星建筑材料有限公司,公司企业;公司;公司,109.11373687825972,34.40044720505399,灞桥区,109.118916,34.399259
B0L6UU0GPL,西安渭河精密光学技术有限公司,公司企业;公司;公司,109.09892600726847,34.41686772961504,灞桥区,109.104103,34.415694
B0ID7D0Z54,日丰管西安仓储中心,公司企业;公司;公司,109.10430768226198,34.4025237780601,灞桥区,109.109486,34.401341
B0GR77HNRZ,中财管道西北仓储中心,公司企业;公司;公司,109.10627312692552,34.402344464302175,灞桥区,109.111452,34.401161
B0MGDPON27,西安益荣食品有限公司,公司企业;公司;公司,109.09405307644006,34.400808396538984,灞桥区,109.099225,34.399625
B0KAS5N2T9,西安永元户外用品有限公司,公司企业;公司;公司,109.12867920128964,34.39504090793804,临潼区,109.133851,34.393836
B0H14CUOGN,陕西太平洋线缆有限公司西北仓储运营中心,公司企业;公司;公司,109.09847863535512,34.37875616398806,灞桥区,109.103652,34.377561
B0K057VGE9,西安高斯激光科技有限公司,公司企业;公司;公司,109.08600704475757,34.3994131663751,灞桥区,109.09117,34.398226
B0KUXR1LE9,中铁二十二局陶然铭局项目部,公司企业;公司;公司,109.0849652942223,34.37832438477772,灞桥区,109.090125,34.377125
B0LGTXZ0KW,西安市恒鑫硬包辅料仓储,公司企业;公司;公司,109.10852808116384,34.3753592016645,临潼区,109.113705,34.37416
B0G2KUTEMR,辰富建材有限公司(桥梁板竹胶板建筑模板方木),购物服务;家居建材市场;建材五金市场|公司企业;公司;公司,109.1015769455648,34.400923146458055,灞桥区,109.106754,34.39974
B0JGPHECS7,西安莆兴建材有限公司,公司企业;公司;公司,109.10208462509698,34.40186268986172,灞桥区,109.107262,34.40068
B0G2S5KXEC,陕西督朗建设工程有限公司,公司企业;公司;建筑公司,109.10004979945876,34.41166382354386,灞桥区,109.105227,34.410487
B0L2KZG500,陕建汉唐四路项目部,公司企业;公司;公司,109.0885494418621,34.41569154694043,灞桥区,109.093717,34.414515
B0I0B5FNB9,陕西智运天下供应链管理有限公司,公司企业;公司;公司,109.09984411835916,34.39797163635076,灞桥区,109.10502,34.396787
B0JBFZZAWD,鑫奥尼门窗定制厂,公司企业;公司企业;公司企业,109.1268585480082,34.38726513835205,临潼区,109.132031,34.386058
B0I2P5IZ5K,济南冉凌智能装备科技有限公司(西北运营中心),公司企业;公司;机械电子,109.09767736375976,34.399333831305114,灞桥区,109.102852,34.39815
B0HAG7XO3W,西安汇格五金加工厂,公司企业;工厂;工厂,109.14353220327408,34.42054273499481,临潼区,109.148691,34.419332
B0I37RU8SH,西安大华交通工程有限公司,公司企业;公司;公司,109.09979409133356,34.387211613381346,临潼区,109.104969,34.386021
B0J0A792RB,汉德空压机,公司企业;公司;公司|购物服务;购物相关场所;购物相关场所,109.0970414846654,34.38026139087563,临潼区,109.102214,34.379067
B0LR9LQLX5,陕西华木轩门业有限公司,公司企业;公司;公司,109.1175318141259,34.38764305175083,临潼区,109.122709,34.386445
B0LD6DA4FW,亿能暖通科技有限公司,公司企业;公司;公司,109.1287002684475,34.394460256936114,临潼区,109.133872,34.393255
B0JDMS3WYS,陕西森泊达液压油管基地,公司企业;公司;公司,109.13792039420464,34.4001890862513,临潼区,109.143084,34.398975
B0IARRBQ10,陕西大秦骊城建设工程有限公司,公司企业;公司;公司,109.0966048228228,34.38005353264909,临潼区,109.101777,34.378859
B0HU1CD0CD,西安超润丰网业有限公司库房部,公司企业;公司;公司,109.10018652603542,34.41390752806225,灞桥区,109.105364,34.412732
B0GUDZPHCM,西安永润新型材料有限公司,公司企业;公司;公司,109.09620827788976,34.37827752322098,灞桥区,109.10138,34.377082
B0MGCCFAWN,陕西灵艺环境设计工程有限公司,公司企业;公司;广告装饰,109.12108038897944,34.396470168943246,临潼区,109.126257,34.395274
B0FFIDPYLC,西安四方标识广告有限公司,公司企业;公司;公司,109.12165766049746,34.39647370078149,临潼区,109.126834,34.395277
B0K04DU1FI,河南易众拍卖行有限公司西安分公司,公司企业;公司;公司,109.0974567598987,34.385163708243425,临潼区,109.10263,34.383972
B0KRM13XW7,陆港建材批发基地,公司企业;公司;公司,109.10659601551345,34.40275834039804,灞桥区,109.111775,34.401575
B0LUO7HTN0,西安东岩岛台加工厂,公司企业;工厂;工厂,109.13935036692348,34.395846607099045,临潼区,109.144512,34.394628
B0LR6OH6YN,陕西博泰宇实业有限公司,公司企业;公司;公司,109.0850643773292,34.398665128161525,灞桥区,109.090226,34.397477
B0G0JZI0KP,佳鑫纸箱厂,公司企业;工厂;工厂,109.11053422434271,34.38334084939713,临潼区,109.115712,34.382145
B0LR67GY1K,西安美创构件雕塑有限公司,公司企业;公司;公司,109.11871222391548,34.38738214756926,临潼区,109.123889,34.386183
B0GK4HOHUV,西安中冶止水钢板止水螺杆,公司企业;工厂;工厂,109.10172704535331,34.39896927238366,灞桥区,109.106904,34.397785
B0K6CDX3HI,西安市卓粤金属加工厂,公司企业;工厂;工厂,109.12916143360788,34.385270875240536,临潼区,109.134332,34.38406
B0LD975LXN,中财风口(西安运营中心),公司企业;公司;公司,109.0976269492094,34.381657609282094,临潼区,109.1028,34.380464
B0L3UUGWV8,西安市临潼区金帝豪铝艺大门厂,公司企业;工厂;工厂,109.10662209133724,34.39044025965688,临潼区,109.1118,34.38925
B0G31CYC8Y,宝丰建材有限公司方木模板批发,公司企业;公司;商业贸易,109.1027674380365,34.40058853230157,灞桥区,109.107945,34.399405
B0FFMCOR9Y,尼克菲尔门窗有限公司(旌华铝门配件),购物服务;家居建材市场;建材五金市场|公司企业;工厂;工厂,109.10663064133044,34.38415271428794,临潼区,109.111808,34.382959
B0HDXS9X8T,恒远百叶窗加工厂,公司企业;工厂;工厂,109.10103576843748,34.38321190907162,临潼区,109.106211,34.382019
B0HR35BXKE,贵州路桥集团有限公司,公司企业;公司;公司,109.09956109027335,34.38876774442268,临潼区,109.104736,34.387578
B0L6KZQLDY,西安万来商贸有限责任公司2号库房,公司企业;公司;公司,109.10820575274388,34.402380175662174,灞桥区,109.113385,34.401196
B0I0J58DY4,西安市智晟灯箱厂,公司企业;公司企业;公司企业,109.12710196919411,34.38441396977255,临潼区,109.132274,34.383205
B0H657O5ES,陕西嘉宇轩全屋定制加工厂,公司企业;工厂;工厂,109.11774691686968,34.38722245244207,临潼区,109.122924,34.386024
B0MB6CO9JV,顺鑫木门工厂,公司企业;工厂;工厂,109.11942567540252,34.38524691766083,临潼区,109.124602,34.384046
B0IRGZC98N,西安一品精工吸塑灯箱厂,公司企业;工厂;工厂,109.12933260236484,34.39628798085433,临潼区,109.134504,34.395083
B0H1TZHWSE,西安德实建材有限公司,公司企业;公司;公司,109.11519946491082,34.38503775034453,临潼区,109.120377,34.38384
B0LR37EUG0,汉德车桥,公司企业;公司;公司,109.10713128254592,34.39843298351653,灞桥区,109.11231,34.397247
B0K0B5MG7R,西安尚亿全屋定制OEM代工厂,公司企业;工厂;工厂,109.14325401113048,34.40735799460068,临潼区,109.148412,34.40614
B0LBDCUH63,华谊盛通展柜货架厂,公司企业;工厂;工厂,109.12048994943048,34.39847950575394,临潼区,109.125667,34.397285
B0FFKP5M0O,西安凯利莱集装箱房有限公司,公司企业;公司企业;公司企业,109.13876847794792,34.398511258957654,临潼区,109.143931,34.397295
B0LKA79T4T,西安科锐隆门窗有限责任公司,公司企业;公司;公司,109.12759235421292,34.384033729836005,临潼区,109.132764,34.382824
B0GK3YRZEG,智慧机械,公司企业;公司;公司,109.10659326603418,34.39991295307276,灞桥区,109.111772,34.398728
B0H23HPP43,西安吉华水泥支撑垫块木砖厂,公司企业;工厂;工厂,109.10632241213352,34.3875727361928,临潼区,109.1115,34.386381
B0IG1LH8R5,富喜莱商贸有限公司,公司企业;公司;商业贸易,109.11189119973628,34.38368739415583,临潼区,109.117069,34.382491
B0JD575329,西安名派豪门钛镁合金加工厂,公司企业;工厂;工厂,109.13748204581604,34.39874127764336,临潼区,109.142646,34.397527
B0LRGSTFVZ,西安永信通铁路科技有限公司,公司企业;公司;公司,109.08668016813562,34.39943079548389,灞桥区,109.091844,34.398244
B0K3T700DV,西部新材料交易中心六号库,公司企业;公司;公司,109.09705158679168,34.40181245562237,灞桥区,109.102226,34.40063
B0KKZ7UWGF,德迩诺铝业西安运营中心,公司企业;工厂;工厂,109.09627843288035,34.3987022728112,灞桥区,109.101452,34.397518
B0JU4520ZB,陕西一片天卫浴有限公司,公司企业;工厂;工厂,109.10694841325008,34.37457898700673,临潼区,109.112125,34.37338
B0JAK5KP7R,西安市临潼区培源木器工艺加工厂,公司企业;工厂;工厂,109.11867139512393,34.38526727212579,临潼区,109.123848,34.384067
B0FFGFQK9U,陕西信合椅业厂,公司企业;工厂;工厂,109.14197237048316,34.39669107126364,临潼区,109.147131,34.395469
B0JDGZOQOJ,西安亦派角码厂,公司企业;工厂;工厂,109.12875021124584,34.39555070595099,临潼区,109.133922,34.394346
B0I3KZA04Y,西安金易卓建筑材料有限公司,公司企业;公司;公司,109.10460698640148,34.386533783640594,临潼区,109.109784,34.385342
B0KDTDF29O,陕西华宸电气成套设备有限公司,公司企业;公司;公司,109.10704075205872,34.39329182891644,灞桥区,109.112219,34.392103
B0JU5UD5RH,华勤技术股份有限公司(西安研发中心),公司企业;公司;公司,108.81263797837978,34.219908999372244,雁塔区,108.817312,34.218388
B0FFJGD4PZ,陕西斯瑞真空技术有限公司,公司企业;公司;公司,108.8084365496605,34.24180156121213,雁塔区,108.813119,34.240296
B001D0WJWG,交大金满楼能源公司,公司企业;公司;公司,108.81917840460046,34.23684273639507,雁塔区,108.823843,34.235316
B0HBRZ62LH,西安聚盟科技发展有限公司,公司企业;公司;公司,108.79457547838848,34.23653426702076,长安区,108.799277,34.235049
B0KBT91RVC,陕建发展沣东新城安置房项目部,公司企业;公司;公司,108.80359994703723,34.23340751137201,长安区,108.808289,34.231907
B0FFG9R98H,陕西交控新材料有限公司,公司企业;公司;建筑公司,108.8154949303179,34.240996417867805,雁塔区,108.820166,34.239478
B0KU9HINPP,东里三期B地块EPC总承包工程,公司企业;公司;公司,108.78647910141225,34.240520779767024,长安区,108.79119,34.239048
B001D0VVU7,西安惠品肉业有限公司,公司企业;公司;公司,108.80479437415602,34.23746598823397,长安区,108.809482,34.235965
B0FFG8W34J,陕西佳运钢结构有限公司,公司企业;公司;公司,108.78201138935043,34.23591521684746,长安区,108.786726,34.234446
B0FFHBUTAS,西安沣东华能热力有限公司,公司企业;公司;公司,108.80142505200709,34.24292140028349,长安区,108.806118,34.241428
B0L3G5HX3F,西安斯瑞先进铜合金科技有限公司,公司企业;公司;公司,108.81042558836322,34.24275767227005,雁塔区,108.815105,34.241249
B0FFKF996C,华能陕西新能源分公司,公司企业;公司;公司,108.80084631703804,34.24196283473548,长安区,108.80554,34.24047
B0MAKMMHCL,玥尚装饰,公司企业;公司企业;公司企业,108.80715288337112,34.2379887853053,雁塔区,108.811837,34.236484
B001D0Z1TJ,西安宏沣模具地砖厂,公司企业;工厂;工厂,108.78144851068518,34.24098069457355,长安区,108.786164,34.239514
B0FFH7X8U1,西安鑫州工贸设备有限公司,公司企业;公司;公司,108.81379291945883,34.19437086722338,长安区,108.818463,34.192839
B0KKPZCGVH,千山板材授权加工厂(西安邦迪雅全屋定制工厂),公司企业;工厂;工厂,108.78101221147038,34.240321466243564,长安区,108.785728,34.238855
B0FFKMC8EV,慧康集团,公司企业;公司企业;公司企业,108.81465837452632,34.2432230568669,雁塔区,108.819331,34.241707
B0JKZCNF6V,粒子运车西安办事处,公司企业;公司;公司,108.77537482119318,34.24600768880153,长安区,108.780095,34.244549
B0FFL2VB45,振泰聚合园,公司企业;公司企业;公司企业,108.77923078018104,34.24108129420867,长安区,108.783948,34.239617
B001D0VS4S,陕西容大天盛混凝土有限公司,公司企业;公司;公司,108.77806373024072,34.24373510810492,长安区,108.782782,34.242273
B0LRN5KXXI,西安望家欢农业科技有限公司,公司企业;公司;公司,108.80374759256611,34.24042113761062,长安区,108.808437,34.238923
B0FFG0NC0A,创天基(桥梁)钢结构,公司企业;公司;公司,108.78218348557307,34.236508188636435,长安区,108.786898,34.235039
B0K6TRSCX5,环岳云仓西北仓,公司企业;公司;公司,108.78953499391434,34.219494428545026,长安区,108.794241,34.21801
B0FFLB3Q5M,陕西嘉洁丽纸业有限公司,公司企业;公司;公司,108.77615955753265,34.24279763183966,长安区,108.780879,34.241337
B0GRSMAE8V,中国电建陕西省斗门水库项目部,公司企业;公司企业;公司企业,108.78822088618357,34.215857988463064,长安区,108.792928,34.214374
B0K2FRPQUX,陕西嘉禾生物科技股份有限公司,公司企业;公司;公司,108.81340014986242,34.24533798203013,雁塔区,108.818075,34.243825
B0FFJO65FJ,迈隆(西安)电子技术有限公司,公司企业;公司企业;公司企业,108.81540652913316,34.24414706296592,雁塔区,108.820078,34.24263
B0JG59HSJ1,鑫荣懋果业科技集团股份有限公司,公司企业;公司;公司,108.82048838017893,34.190290486918514,长安区,108.825147,34.188745
B0FFL76KZU,陕西鑫盛泰钢结构有限公司,公司企业;公司;公司,108.77544235626662,34.239941051608355,长安区,108.780162,34.23848
B0FFLHALW6,西安高特环保科技有限公司,公司企业;公司;公司,108.81741346309917,34.23666155096788,雁塔区,108.822081,34.235138
B0FFIA3EPC,沣东三鼎公司,公司企业;公司;公司,108.78003323701238,34.24286545618073,长安区,108.78475,34.241401
B0FFL3NU7V,陕西永辉彩食鲜供应链管理有限公司,公司企业;公司;冶金化工,108.81958407882048,34.18751571863085,长安区,108.824244,34.185971
B0FFGZZ02V,西安新定远精密齿研有限公司,公司企业;公司;公司,108.81567632148284,34.23986217537055,雁塔区,108.820347,34.238343
B0FFG24Q4P,陕西海嵘工程项目管理有限公司,公司企业;公司;公司,108.81755215324081,34.24333929223845,雁塔区,108.82222,34.241818
B0JKA9D9NQ,陕西恒盛集团,公司企业;公司;公司,108.81586128794423,34.24404293036237,雁塔区,108.820532,34.242525
B0FFK40YVS,西安市泰升食品有限责任公司,公司企业;公司;公司,108.78046276276791,34.24049280953858,长安区,108.785179,34.239027
B0JAMUDUPC,中核二四公司沣镐七里镇东里DK4项目部,公司企业;公司;公司,108.79202480398567,34.24400980463955,长安区,108.79673,34.242531
B0HA5AM7QV,中电建市政项目部,公司企业;公司;公司,108.7959033161622,34.18525307919376,长安区,108.800599,34.183748
B0KRFCT6JA,陕西沣汇明阳包装材料有限公司,公司企业;公司;公司,108.80569280692083,34.187045115072515,长安区,108.810375,34.185525
B0JGJC37F7,中铁十二局集团有限公司睿杰公寓项目部,公司企业;公司企业;公司企业,108.82069373736464,34.21490049667706,雁塔区,108.825354,34.213363
B0JU2C2XLP,陕西鑫澜彩钢有限公司,公司企业;公司;公司,108.77805922910782,34.2375834229517,长安区,108.782777,34.236119
B0FFGCC06M,豪通古建砖瓦厂,公司企业;工厂;工厂,108.77696918437447,34.241417918646135,长安区,108.781688,34.239956
B0G07S2MAJ,陕西远光高科技有限公司,公司企业;公司;公司,108.81522455231827,34.240166239398604,雁塔区,108.819896,34.238648
B0FFKJ9EE8,陕西华博检测技术有限公司,公司企业;公司企业;公司企业,108.81632811892571,34.24332205618351,雁塔区,108.820998,34.241803
B0MUAR3FW1,立讯科技,公司企业;公司;公司,108.82116323336592,34.24330298826385,雁塔区,108.825825,34.241775
B0FFHUY695,陕西无限畅购商贸有限责任公司,公司企业;公司;公司,108.81059576510513,34.24390053793092,雁塔区,108.815275,34.242392
B0MA5SNKQG,陕西享服配供应链有限公司,公司企业;公司;公司,108.78738039589007,34.22348719045139,长安区,108.792089,34.222007
B0HGK7I7V0,西安四腾环境科技有限公司,公司企业;公司;公司,108.81270718217529,34.243432465391805,雁塔区,108.817383,34.24192
B0K2LSP2X3,智能感知(西安)创新中心,公司企业;公司;公司,108.81810907148326,34.23115187008781,雁塔区,108.822775,34.229625
B0HG2D16E6,创汇社区幸福农场,公司企业;农林牧渔基地;其它农林牧渔基地,108.81451059444264,34.18815021476564,长安区,108.819179,34.186615
B0MAX5LRUX,西安观赏鱼锦鲤养殖场,公司企业;农林牧渔基地;其它农林牧渔基地,108.82022962227614,34.206625511767385,长安区,108.82489,34.205086
B0J3OZPFK0,陕西慈如善环保科技有限公司,公司企业;公司;公司,108.7765555824972,34.24553496129471,长安区,108.781275,34.244075
B0G0RCEGTD,西安启华自动控制系统有限公司,公司企业;公司;公司,108.81533442967587,34.243909022489866,雁塔区,108.820006,34.242392
B0MAVU6WWH,匠为集团(西安分公司),公司企业;公司;公司,108.78686893243767,34.22282278140178,长安区,108.791578,34.221343
B0FFFFX2JF,陕西金石机械制造有限公司(鱼跃路),公司企业;公司;机械电子,108.81620989171998,34.24370869335979,雁塔区,108.82088,34.24219
B0JK5ACHH1,西安衣旧情深商贸有限公司,公司企业;公司;商业贸易,108.7762439255811,34.23893016941709,长安区,108.780963,34.237468
B0MG1DSV1B,邦泰观宸映玥府项目部,公司企业;公司;公司,108.81594761874945,34.229386555704586,雁塔区,108.820617,34.227863
B0HDA7XKFM,德宇科技,公司企业;公司;公司,108.81274925377775,34.24338755772098,雁塔区,108.817425,34.241875
B0LUUAH981,陕西福惠工程有限公司,公司企业;公司;公司,108.77560566593235,34.237337176579906,长安区,108.780325,34.235875
B0FFGCBNJS,西安富邦电子科技有限公司,公司企业;公司;机械电子,108.81901860538753,34.2433909753929,雁塔区,108.823684,34.241867
B0L1JM8DIT,中建八局沣东科创一小项目,公司企业;公司企业;公司企业,108.81099806409914,34.223441818331956,长安区,108.815675,34.221925
B0KDJA85JQ,西安未来物业管理有限公司,公司企业;公司;公司,108.8155267902416,34.24337157654157,雁塔区,108.820198,34.241854
B0KAMZ3SEF,西安永华消防设备有限公司,公司企业;公司;公司,108.77775690713203,34.238986598598075,长安区,108.782475,34.237523
B0KKR5OCW2,西安邢老三餐饮管理有限公司,公司企业;公司;公司,108.80255870745268,34.2424154302824,长安区,108.80725,34.24092
B0FFGYZ8VJ,陕西众邦环保检测技术有限公司,公司企业;公司;公司,108.81688202833003,34.24344602232473,雁塔区,108.821551,34.241926
B0JU5S4VVB,陕西枫先达实业有限公司,公司企业;公司;公司,108.80453168525979,34.24115716268325,雁塔区,108.80922,34.239658
B0G3SAX0SM,陕西安达利科技有限公司,公司企业;公司;公司,108.81227958519624,34.242294133358584,雁塔区,108.816956,34.240782
B0MBKDPV4E,陕西巨量星能科技有限公司,公司企业;公司;公司,108.81605904542353,34.23873329696374,雁塔区,108.820729,34.237213
B0H0FZKN0J,陕西中杰勘测工程技术有限公司,公司企业;公司企业;公司企业,108.81223748395992,34.242706901857986,雁塔区,108.816914,34.241195
B0H05UIV6Z,陕西陆方安全科技有限责任公司,公司企业;公司;公司,108.812999183619,34.23690844494322,雁塔区,108.817674,34.235393
B0L1H5XCAM,人保惠拍陕西西安库,公司企业;公司;公司,108.77720634226823,34.241387158291616,长安区,108.781925,34.239925
B0LA2CMSBI,悠然居装饰,公司企业;公司;广告装饰,108.8149386231512,34.221157697097276,雁塔区,108.819609,34.219633
B0LG076ABI,陕西松针益品餐饮管理有限公司,公司企业;公司;公司,108.80389522489686,34.23529929865287,长安区,108.808584,34.233799
B0KKS94D2M,鼎瑞建材砂石料厂,公司企业;工厂;工厂,108.7980788974912,34.225269664304754,长安区,108.802775,34.223775
B0H6G71IRO,沣东新城考古营地项目,公司企业;公司;公司,108.79449873839518,34.2198862242005,长安区,108.799199,34.218395
B0MD3SFIVY,领汇汽车(西安优迪售后服务中心),公司企业;公司;公司|汽车维修;汽车维修;汽车维修,108.81181086363588,34.241909444246446,雁塔区,108.816488,34.240398
B0MUDCJ0GR,陕西旭海机械装备有限公司,公司企业;公司;机械电子,108.78982498263693,34.2235273725664,长安区,108.794531,34.222044
B0HRADLR3R,未来人工智能计算中心项目部,公司企业;公司企业;公司企业,108.8142018489888,34.2404912648201,雁塔区,108.818875,34.238975
B0HGKZGNSY,西安恒泰电子科技有限公司,公司企业;工厂;工厂,108.81679243650035,34.23657344512489,雁塔区,108.821461,34.235051
B0K24LCXTB,博浩西安普丰数据中心,公司企业;公司;公司,108.82021620082199,34.18682111755003,长安区,108.824875,34.185275
B0MAK7O4GS,陕西金瑞永飞物资回收有限公司,公司企业;公司;公司,108.78420100576348,34.23960635413997,长安区,108.788914,34.238136
B0LDCMP34A,西安旭林珑食品有限公司,公司企业;公司;公司,108.79597748135045,34.23358243464707,长安区,108.800677,34.232094
B0GDHAZ2WU,陕西耀隆建材有限公司,公司企业;公司;商业贸易,108.77745490521437,34.23651222870359,长安区,108.782173,34.235048
B0LUB1KTY6,西安国能数智科技有限公司,公司企业;公司;公司,108.81802297044423,34.23062090651225,雁塔区,108.822689,34.229094
B0MU59USWB,天地源云和锦上中建四局项目部,公司企业;公司;公司,108.82177305584382,34.22121526709309,雁塔区,108.826432,34.219678
B0LUOSKF7B,中建八局云澜小区项目部,公司企业;公司;公司,108.81154871735397,34.226214791975295,长安区,108.816225,34.224698
B0FFF9Q2BT,海嵘集团,公司企业;公司;公司,108.8176503116475,34.24340644712026,雁塔区,108.822318,34.241885
B0FFGH9Z8H,西安亮剑科技有限公司,公司企业;公司;公司,108.81803896619802,34.243345185398496,雁塔区,108.822706,34.241823
B0J30ZAIKB,西安怡弘机电科技有限公司,公司企业;公司;机械电子,108.77811589961576,34.242102779148865,长安区,108.782834,34.24064
B0FFL6MLRD,西安石油大佳润实业有限公司,公司企业;公司;公司,108.81874113811233,34.24340545725731,雁塔区,108.823407,34.241882
B0FFHUMU7G,陕西蔚蓝航天测控技术开发有限公司,公司企业;公司;机械电子,108.81545596238709,34.239808794491395,雁塔区,108.820127,34.23829
B0MGV5F2RH,西安皓恒商务服务有限公司,公司企业;公司;公司,108.7758304488314,34.24165675915399,长安区,108.78055,34.240196
B0HAUCUO6F,陕西中屹建筑工程有限公司,公司企业;公司;建筑公司,108.78033233814776,34.24445217025372,长安区,108.785049,34.242988
B0MDJCJVGO,泓瑞整装,公司企业;公司;广告装饰,108.80669194785483,34.24085891924153,雁塔区,108.811377,34.239356
B0LB55T0VP,海康威视智慧安防,公司企业;公司企业;公司企业,108.81860976861573,34.23290214851436,雁塔区,108.823275,34.231375
B0JRLA74A1,雁塔区陕建六建浪潮项目(建设中),公司企业;公司;公司,108.81549496126839,34.215937561321866,雁塔区,108.820164,34.21441
B0JD7ZE6C8,陕建周宋三期项目部,公司企业;公司;公司,108.81633821006417,34.23006701946699,雁塔区,108.821007,34.228543
B0FFI7OV4X,锦志诚广告装饰公司,公司企业;公司;广告装饰,108.81432228417452,34.23755258552229,雁塔区,108.818995,34.236035
B0G0YUKZ34,西安秦之岭展览展示有限公司,公司企业;公司;公司,108.77948205831528,34.23995297935978,长安区,108.784199,34.238488
B0K3ORUQMR,益海富嘉,公司企业;公司;公司,108.80402145926007,34.23469273319369,长安区,108.80871,34.233192
B0FFJF1ECK,陕西冠笛通用电气有限公司,公司企业;公司企业;公司企业,108.8160857143022,34.24336159862265,雁塔区,108.820756,34.241843
B0HR3CD8OE,陕西怀德通信技术有限公司,公司企业;公司;公司,108.81679944782576,34.23657745646631,雁塔区,108.821468,34.235055
B0M6PSLOPT,西安联力电子科技有限公司总部,公司企业;公司;机械电子,108.81765735660872,34.23065622093998,雁塔区,108.822324,34.22913
B0IGR7YF9Y,西安万泰燃气设备有限公司,公司企业;公司;公司,108.81872208068808,34.24371930279544,雁塔区,108.823388,34.242196
B0FFMA6IP3,陕西京西建设工程检测有限公司,公司企业;公司;公司,108.81906367426025,34.243476026400465,雁塔区,108.823729,34.241952
B0H6S71SSA,四川环亚生物科技有限公司,公司企业;公司;公司,108.78968815934753,34.21951562547537,长安区,108.794394,34.218031
B0L3Z11LZQ,新定远义齿有限公司A2栋,地名地址信息;门牌信息;楼栋号|公司企业;公司;公司,108.81565428658088,34.239844142039885,雁塔区,108.820325,34.238325
B0J2N6344Z,西安麦霸食品有限公司,公司企业;公司;公司,108.80278409636061,34.24162109927345,长安区,108.807475,34.240125
B0HRTR7557,信益莱广告,公司企业;公司;广告装饰,108.7917820783931,34.23718104033072,长安区,108.796487,34.2357
B0JRNAX79Y,陕西沐辰清清洁科技有限公司,公司企业;公司;公司,108.77985009296215,34.242920242577455,长安区,108.784567,34.241456
B0FFGC2EGI,西安晟航数控机械有限公司,公司企业;公司;公司,108.81870908082118,34.24344838175885,雁塔区,108.823375,34.241925
B0MUCZ1AYM,西安诺瓦星云科技有限公司成品仓,公司企业;公司;公司,108.82046547009178,34.18869896686325,长安区,108.825124,34.187153
B0L3S93LNI,西安易朴通讯技术有限公司高新分公司,公司企业;公司;公司,108.81305164397529,34.21994672658625,雁塔区,108.817725,34.218425
B0LDBHF282,明纬电源-西安双科电子科技有限公司,公司企业;公司;机械电子,108.81388608625755,34.243541540828105,雁塔区,108.81856,34.242027
B0FFKZJR9Z,西安昆明池物业服务有限公司,公司企业;公司;公司,108.79339919021754,34.23470824445993,长安区,108.798102,34.233224
B0HBYDH4W6,中服软件(西安)有限公司,公司企业;公司;公司,108.81439792638102,34.24348948449013,雁塔区,108.819071,34.241974
B0J06CQN9O,西安天涵模型有限公司,公司企业;公司;公司,108.77932797984003,34.23951298521655,长安区,108.784045,34.238048
B0MGG14SM0,西安亚成智能科技有限公司,公司企业;公司;公司,108.81191906226756,34.241599753810185,雁塔区,108.816596,34.240088
B0MD777ZKS,西安元境智联科技有限公司,公司企业;公司;公司,108.81443417607062,34.24114243897852,雁塔区,108.819107,34.239626
B0MD4RK6AB,陕西商安演出器材租赁有限公司,公司企业;公司;公司,108.79771597810851,34.218359582141744,长安区,108.802412,34.216863
B0KDADEOFE,西安统源家庭用品有限公司,公司企业;公司;公司,108.7796381785124,34.239911157590946,长安区,108.784355,34.238446
B0FFKXG67I,西安唐品食品有限公司,公司企业;公司企业;公司企业,108.81563288618906,34.24434639884421,雁塔区,108.820304,34.242829
B0LK2US3K8,中建三局,公司企业;公司;公司,108.81159788143262,34.237487728766965,雁塔区,108.816275,34.235975
B0LDFLYG23,陕西兴龙鼎力保温材料有限公司,公司企业;公司;公司,108.81420177589743,34.241390925204556,雁塔区,108.818875,34.239875
B0FFGC2E4V,西安流遍润滑机械有限公司,公司企业;公司;公司,108.81915077576156,34.24403097645491,雁塔区,108.823816,34.242507
B0FFJW1P3B,西安铭信包装材料有限公司,公司企业;公司企业;公司企业,108.81185448607577,34.19809615170956,长安区,108.816528,34.196569
B0FFKN2B2K,西安华澳丽康生物工程有限公司,公司企业;公司企业;公司企业,108.81404135285258,34.243376883346585,雁塔区,108.818715,34.241862
B0H1S5IHIR,陕西鲁小国商贸有限公司,公司企业;公司;公司,108.81066991048132,34.20657617166292,长安区,108.815346,34.205054
B0L1PD539A,陕西全安通风设备有限公司,公司企业;公司;公司,108.78261091553685,34.235694973915045,长安区,108.787325,34.234225
B0L315VKP1,快送达饮品供应链,公司企业;公司;公司,108.77660181521232,34.24304395339568,长安区,108.781321,34.241583
B001D0VT4D,恒达制粉,公司企业;公司;公司,108.77648094667798,34.24049380367988,长安区,108.7812,34.239032
B0JULRRQS6,泰电电气,公司企业;公司;公司,108.8087718408096,34.219992152499614,长安区,108.813452,34.218478
B0I6SRRXA4,西安卡迪韦特汽车部件有限公司,公司企业;公司;公司,108.82146808063355,34.189772480429276,长安区,108.826125,34.188225
B0KAN7V2NA,中保惠拍陕西西安库,公司企业;公司;公司,108.77738444689535,34.24155226835506,长安区,108.782103,34.24009
B0HD9DYPS4,通号料库,公司企业;公司;公司,108.77806288595788,34.241819833508934,长安区,108.782781,34.240357
B0MDF7AIPW,陕西上达农业科技发展有限公司,公司企业;公司;公司,108.80331995389913,34.24061136011475,长安区,108.80801,34.239114
B0H2D7EQBV,西安雅伍电子科技有限公司,公司企业;公司;机械电子,108.81970639302499,34.18617738154275,长安区,108.824366,34.184632
B0MAMO80C3,陕西沣羽悦动体育有限公司,公司企业;公司;公司,108.82106643848677,34.20166776078263,长安区,108.825725,34.200125
B0I1PHS3N3,央务恒远,公司企业;公司;公司,108.78090112000908,34.24035433338162,长安区,108.785617,34.238888
B0MUZU79SN,陕西正创新型材料有限公司,公司企业;公司;公司,108.8056577519275,34.18707504613413,长安区,108.81034,34.185555
B0LG7C0PAW,西安双龙新材料科技有限公司,公司企业;公司;公司,108.77983407910465,34.242941217810646,长安区,108.784551,34.241477
B0J06UEAIB,西安国祯环保工程有限公司,公司企业;公司;公司,108.8138510333494,34.243489497436215,雁塔区,108.818525,34.241975
B0FFLB7I7L,长安区天河有限公司,公司企业;公司;公司,108.78257253777777,34.23992334842518,长安区,108.787287,34.238455
B0J2H5HL0M,西安速普瑞电气有限公司,公司企业;公司;公司,108.81860886811292,34.24399798781052,雁塔区,108.823275,34.242475
B0K39576UI,西安莱凯光电科技有限公司,公司企业;公司;公司,108.81243173088397,34.24351794062748,雁塔区,108.817108,34.242006
B0IKVZFKX8,婚礼盒子道具仓库,公司企业;公司;公司,108.797680880621,34.218988305007635,长安区,108.802377,34.217492
B0FFGCBNOU,西安毫米波光子科技有限公司,公司企业;公司;公司,108.81607295311021,34.24015578773048,雁塔区,108.820743,34.238636
B0LKG51RNF,西安西立电子技术有限公司,公司企业;公司;公司,108.81702026041604,34.243419285761966,雁塔区,108.821689,34.241899
B0M6OGL2R4,西安景泰交通工程有限公司,公司企业;公司;公司,108.81765726735297,34.24409619764258,雁塔区,108.822325,34.242575
B0K35UJPWK,陕西腾达聚源环保科技有限公司,公司企业;公司;公司,108.77979250400287,34.2373472803091,长安区,108.784509,34.235881
B0MGDUR8DC,陕西庚辰兴铸环保科技有限公司,公司企业;公司;公司,108.7883173400817,34.223806281422284,长安区,108.793025,34.222325
B0LULX999Z,陕西亮之源建设工程有限公司,公司企业;公司;建筑公司,108.81284992742017,34.23709010974292,雁塔区,108.817525,34.235575
B0JUJGGCKT,陕西新宏飞物资有限公司,公司企业;公司;公司,108.78002047428451,34.23983758641853,长安区,108.784737,34.238372
B0MU59UT12,云和锦上陕十建项目部,公司企业;公司;公司,108.82240813890589,34.22116846932844,雁塔区,108.827066,34.21963
B0JAJ9YSS2,陕西斗门水库工程施工三标项目部,公司企业;公司企业;公司企业,108.79579317451976,34.185271908868344,长安区,108.800489,34.183767
B0G3UH0UIX,陕西立仁建设工程有限公司,公司企业;公司;公司,108.78261965075055,34.239033736218886,长安区,108.787334,34.237565
B0L0RA5LW8,西安博兴交通设施科技有限公司,公司企业;公司;公司,108.81166238478754,34.24487905236932,雁塔区,108.81634,34.243369
B0L2ZR40L1,行辙通元道具库房,公司企业;公司;公司,108.81895447726306,34.206591161414444,长安区,108.823617,34.205054
B0L3LAPMTK,中新推拉棚雨棚厂,公司企业;工厂;工厂,108.8172255510399,34.24405042224886,雁塔区,108.821894,34.24253
B0L3T58NBP,西安厚德泰克自动化技术有限公司,公司企业;公司;公司,108.81675683047783,34.24331984100048,雁塔区,108.821426,34.2418
B0L3GSGW24,西安雨棚厂家,公司企业;工厂;工厂,108.77574856815838,34.23958746399425,长安区,108.780468,34.238126
B0MDUZZ2K3,荣亿盛水泥砖厂,公司企业;工厂;工厂,108.81446952252827,34.2375838400043,雁塔区,108.819142,34.236066
B0FFKU0J0J,西安锦业沙盘模型制作公司,公司企业;公司;公司,108.7798080692686,34.24282023641217,长安区,108.784525,34.241356
B0JGFUOHRH,鱼斗路75号保利天汇售楼部西边保利天汇项目部保安亭,公司企业;公司;公司,108.81883308248672,34.22130577591334,雁塔区,108.823497,34.219774
B0FFKSQ9P5,西安安坦纳微波科技有限公司,公司企业;公司企业;公司企业,108.81914779155933,34.243774068660045,雁塔区,108.823813,34.24225
B0KKO4ME02,陕西五洋蔚莱建设有限公司,公司企业;公司;建筑公司,108.77753763842779,34.24046182900752,长安区,108.782256,34.238999
B0L3NRDGK4,陕西志睿膜结构有限公司,公司企业;公司;公司,108.77565649822742,34.23976531278553,长安区,108.780376,34.238304
B0L3H793ME,西安三建建筑工程有限公司,公司企业;公司;建筑公司,108.81039052152296,34.24289755750585,雁塔区,108.81507,34.241389
B0LUN77B8N,陕西凯盛实业有限公司,公司企业;公司;公司,108.77520946899403,34.23688398676812,长安区,108.779929,34.235422
B0IG4S1MOP,双旗寨安置性商品房项目三标段,公司企业;公司;公司,108.81662665584447,34.2304693992807,雁塔区,108.821295,34.228945
B0L17S90OC,西安大千模型科技有限公司,公司企业;公司;公司,108.7801062854371,34.24295849809026,长安区,108.784823,34.241494
B0FFHJGDLU,西安科力康医药科技有限公司,公司企业;公司;医药公司,108.81528233434125,34.2440268829896,雁塔区,108.819954,34.24251
B0LUCOWQCJ,中国能建中国葛洲坝集团第三工程有限公司湖光山色东锦二期项目施工总承包项目部,公司企业;公司;公司,108.78665897061136,34.23205016093011,长安区,108.791369,34.230574
B0K01D7ZSW,西安格森全屋定制工厂,公司企业;工厂;工厂,108.77924702082427,34.23827836490866,长安区,108.783964,34.236813
B0MU5SSDCI,邦泰集团,公司企业;公司;公司,108.81851017238053,34.225854542191,雁塔区,108.823175,34.224325
B0MDFOB0GD,全安风管厂,公司企业;公司企业;公司企业,108.78276104478297,34.23569514461506,长安区,108.787475,34.234225
B0K1GHRSTO,西安聚合光科能源科技有限公司,公司企业;公司;公司,108.8158757417202,34.23874095985077,雁塔区,108.820546,34.237221
B0IUO5B24X,陕西利雄动力科技有限公司,公司企业;公司;公司,108.78163678301792,34.23953544646117,长安区,108.786352,34.238068
B0KB6H8WB6,中铁二十局第六工程有限公司睿杰公寓项目二标,公司企业;公司;公司,108.82069375875155,34.2146365894833,雁塔区,108.825354,34.213099
B0FFFTDWHV,博纳广告(环村南路),公司企业;公司;广告装饰|生活服务;生活服务场所;生活服务场所,108.81431127338722,34.23746359889506,雁塔区,108.818984,34.235946
B0MGHAS76Y,西安润光工贸有限公司,公司企业;公司;商业贸易,108.81198704566941,34.19381181881589,长安区,108.81666,34.192283
B0L3A1XYZV,西安市林丰电子科技有限公司,公司企业;公司;公司,108.81764827989672,34.24375631041842,雁塔区,108.822316,34.242235
B0LKBDSP2L,屿白全案设计,公司企业;公司;广告装饰,108.81493862850613,34.22109172070118,雁塔区,108.819609,34.219567
B0L1HUX6V3,GLP,公司企业;公司;公司,108.81856526592391,34.188765426075165,长安区,108.823227,34.187223
B0LAOHLO90,陕西诚美盛达建筑工程有限公司,公司企业;公司;建筑公司,108.77809794597474,34.24138203382522,长安区,108.782816,34.239919
B0J6YR8HWK,西安市沣源制粉有限公司,公司企业;公司;公司,108.78599698688501,34.223842327057746,长安区,108.790707,34.222364
B0H6HSHU2C,西安鑫欣荣商贸有限公司,公司企业;公司;公司,108.77828416482686,34.240290631198036,长安区,108.783002,34.238827
B0L1GCBGXE,创汇智家装饰,公司企业;公司;广告装饰,108.80671798580025,34.240878956076514,雁塔区,108.811403,34.239376
B0L6BPVQEP,倍优思家具,购物服务;家居建材市场;家具城|公司企业;公司;公司,108.778225071707,34.24092533288907,长安区,108.782943,34.239462
B0L0AKBD8H,和协实业集团,公司企业;公司;公司,108.79904020228577,34.237393698326315,长安区,108.803736,34.235902
B0L3KABL0Q,西安鑫盛科地坪工程有限公司,公司企业;公司;公司,108.79443004348815,34.239667881476066,长安区,108.799132,34.238184
B0FFH4A13Z,中软国际科技服务有限公司,公司企业;公司;公司,108.83361912863525,34.21049327416265,雁塔区,108.838257,34.20893
B0FFM5SH7J,和利时西北总部基地,公司企业;公司;公司,108.82699085094892,34.22258555715872,雁塔区,108.831641,34.221039
B0FFGIMIE9,库柏西安熔断器有限公司,公司企业;公司;公司,108.84344859496827,34.19454373650045,雁塔区,108.848069,34.192957
B0FFG72968,施耐德电气设备工程有限公司,公司企业;公司;机械电子,108.83066157965207,34.19218693681235,长安区,108.835303,34.190623
B0GROO4OSM,西安绕城分公司河池寨收费站,公司企业;公司;公司,108.82817573271464,34.19962577818187,雁塔区,108.832822,34.198069
B0I2FDH69H,西安中熔电气股份有限公司,公司企业;公司;机械电子,108.83865355945599,34.18550300922709,长安区,108.843281,34.183922
B0FFIPHYIM,阿里巴巴丝路总部,公司企业;公司;公司,108.8314025269909,34.2084938148266,雁塔区,108.836044,34.206934
B0FFGILE9N,科达利厂,公司企业;公司;公司,108.84463584642734,34.189818413933395,雁塔区,108.849254,34.188228
B001D0WRGZ,西安西电电力系统有限公司,公司企业;公司;公司,108.83893357371682,34.19105670582059,雁塔区,108.843561,34.189477
B0FFGL92PB,陕西电子信息集团,公司企业;公司;机械电子,108.83920860712547,34.19625948265624,雁塔区,108.843836,34.194681
B0FFGB72HR,陕西斯瑞新材料股份有限公司(丈八七路),公司企业;公司;公司,108.83561901502596,34.1916683799705,长安区,108.840252,34.190095
B0H3DCR6YD,陕西华达科技股份有限公司,公司企业;公司;公司,108.82717099926452,34.18741394165006,长安区,108.831818,34.185855
B0IRUC2XHK,中熔电气产业基地,公司企业;公司;公司,108.83861951467534,34.185361992470746,长安区,108.843247,34.183781
B0FFJTA3D6,西安高新区热力有限公司,公司企业;公司企业;公司企业,108.83800186794284,34.20556211524557,雁塔区,108.842632,34.203989
B0FFIW4HNL,易点天下网络科技股份有限公司,公司企业;公司;公司,108.82967758697033,34.20846458447712,雁塔区,108.834322,34.206908
B0JBTP5P56,中航工业自控所新区,公司企业;公司;公司,108.83010210636947,34.19861873998293,雁塔区,108.834745,34.197058
B0FFK1QC7F,西安高科新达混凝土有限责任公司,公司企业;公司;公司,108.82999577749486,34.1880470472232,长安区,108.834638,34.186483
B0MG2D3FP6,盒马鲜生绿地国际花都仓,公司企业;公司;公司,108.83458631041026,34.24087907426199,雁塔区,108.839225,34.239325
B0FFHLJMOB,三星电子(西安)研究所,公司企业;公司;机械电子|科教文化服务;科研机构;科研机构,108.8286199614658,34.20620537390686,雁塔区,108.833266,34.20465
B0I2DR1AIQ,上海特朗思大宇宙信息技术服务有限公司(西安),公司企业;公司;网络科技,108.83889180187644,34.212209451930065,雁塔区,108.843521,34.210637
B0FFGIMI91,西安开天铁路电气股份有限公司,公司企业;公司;机械电子,108.84295190013884,34.19336623799249,雁塔区,108.847573,34.19178
B0FFFHJHDZ,西安中扬电气股份有限公司,公司企业;公司;机械电子,108.84404976262248,34.19184270519022,雁塔区,108.848669,34.190254
B0FFGVWU0P,蓝晓科技,公司企业;公司;网络科技,108.827293355751,34.197981672013526,雁塔区,108.831941,34.196426
B0FFL9YXPW,科大讯飞丝路总部,公司企业;公司;公司,108.82972675728477,34.20739504598284,雁塔区,108.834371,34.205838
B0I26CIP5F,西安图为电气技术有限公司,公司企业;公司企业;公司企业,108.82939227808109,34.206251810421044,雁塔区,108.834037,34.204695
B0KDACMAY5,西安诺瓦星云科技股份有限公司,公司企业;公司;公司,108.82608819629606,34.22394537107469,雁塔区,108.83074,34.222401
B0FFGKA0R3,陕西金融控股集团,公司企业;公司;公司,108.83848540246177,34.196432097386904,雁塔区,108.843114,34.194855
B0JRL57N28,陕西交控工程技术有限公司,公司企业;公司;公司,108.83100568034591,34.18580967411891,长安区,108.835646,34.184243
B001D10TJU,西安仁仁药业有限公司,公司企业;公司;医药公司,108.82922168826025,34.18515853287221,长安区,108.833865,34.183595
B0FFKBDK91,因诺科技,公司企业;公司企业;公司企业,108.82809856859582,34.21241024405975,雁塔区,108.832746,34.210858
B0LGNHWLCI,陕西交通建设养护工程有限公司,公司企业;公司;建筑公司,108.83048381234899,34.18554078127866,长安区,108.835125,34.183975
B0KKTAALIZ,欧卡智舶,公司企业;公司;公司,108.8282382457399,34.20698338842238,雁塔区,108.832885,34.205429
B0G13U2I1B,西安中科创达软件有限公司,公司企业;公司;公司,108.83140352934275,34.20848581947093,雁塔区,108.836045,34.206926
B0FFMCDKCB,西安紫光展锐科技有限公司,公司企业;公司;公司,108.83654506190825,34.210322780341116,雁塔区,108.841178,34.208754
B0FFH92ZVH,西安软通动力技术服务有限公司,公司企业;公司;公司,108.83661312097917,34.210999671125876,雁塔区,108.841246,34.209431
B0GR5S27JD,西安歌尔泰克电子科技有限公司,公司企业;公司;公司,108.83529099654375,34.20988560332315,雁塔区,108.839926,34.208319
B0FFKDO770,美林数据技术股份有限公司,公司企业;公司;公司,108.83594705250967,34.21043863081684,雁塔区,108.840581,34.208871
B001D0VRK6,陕西雁塔封头管业有限公司(鱼斗路),公司企业;公司;公司,108.83688573664608,34.22140950213017,雁塔区,108.841519,34.219844
B0L1ZLONUI,上海龙旗科技股份有限公司西安分公司,公司企业;公司;网络科技,108.83048296480906,34.20842911040728,雁塔区,108.835126,34.206871
B001D0VVJ6,西安真空开关厂,公司企业;工厂;工厂,108.8304602728152,34.24128719311865,雁塔区,108.835106,34.239741
B0LABA0CZ9,中核二四机电测试厂房项目,公司企业;公司;公司,108.83296028602088,34.194702413257936,长安区,108.837598,34.193135
B0M6ZS12GD,西安盒马前置仓国宾天街站,公司企业;公司;公司,108.86655694875932,34.211371578346636,雁塔区,108.871148,34.209754
B0FFI876SE,西安西拓电气股份有限公司,公司企业;公司;公司,108.83110115902417,34.20669187035332,雁塔区,108.835743,34.205132
B0FFGC2RM5,卫光科技,公司企业;公司;公司,108.83854733419236,34.19854950089653,雁塔区,108.843176,34.196973
B0J2TH6NPA,西安数智产业一亿中流加速器,公司企业;公司;公司,108.82890833337397,34.22009205589592,雁塔区,108.833555,34.218541
B001D0VS1X,西安高新区热力有限公司,公司企业;公司;公司,108.83400027548808,34.204260133943464,雁塔区,108.838637,34.202694
B0FFH99BLO,维塔士电脑软件(西安)有限公司,公司企业;公司;网络科技,108.82822095967343,34.21016025776141,雁塔区,108.832868,34.208607
B0FFJ37XNZ,汇丰软件(西安分公司),公司企业;公司企业;公司企业,108.83439327345168,34.21251301599912,雁塔区,108.83903,34.210949
B0MAZ7E7OH,西安晶捷电子技术有限公司,公司企业;公司;机械电子,108.8527678421378,34.20377466639317,雁塔区,108.857375,34.202175
B0FFIIIDP2,西安全志科技有限公司,公司企业;公司;公司,108.83000526919129,34.20694572425508,雁塔区,108.834649,34.205388
B0H1BKQ52S,浙江大华西安研发及营销中心,公司企业;公司;公司,108.83092187721168,34.21878930428605,雁塔区,108.835565,34.217234
B0LBSDPYE9,长鑫存储技术(西安)有限公司,公司企业;公司;公司,108.83838295701088,34.21228049218644,雁塔区,108.843013,34.210709
B0KBHAHLUG,施耐德电气中国有限公司(西安分公司),公司企业;公司;公司,108.83769890575319,34.21127358314576,雁塔区,108.84233,34.209703
B0MA9UARK1,西部航天科技(陕西)有限公司,公司企业;公司;公司,108.86020617008568,34.19619487104661,雁塔区,108.864803,34.194581
B0FFJGELHO,江苏润和软件股份有限公司,公司企业;公司;公司,108.83036977007335,34.20844889089103,雁塔区,108.835013,34.206891
B0KKRSLTAQ,中核华辰建筑工程有限公司航空工业自控所锦业园区三期项目部,公司企业;公司;公司,108.82898013598653,34.19928340664089,雁塔区,108.833625,34.197725
B0FFK004BK,西安四叶草信息技术有限公司,公司企业;公司企业;公司企业,108.83046789513688,34.208973893712404,雁塔区,108.835111,34.207416
B0IU9HXNJ3,中电金信软件有限公司,公司企业;公司;公司,108.8353470561399,34.210314558731035,雁塔区,108.839982,34.208748
B0KA9LMS11,西安广和通无线软件有限公司,公司企业;公司;公司,108.82968059881162,34.20838161880667,雁塔区,108.834325,34.206825
B0FFMGZ8V9,西安西驰电气股份有限公司(总部),公司企业;公司;商业贸易,108.82976141102878,34.212418368415044,雁塔区,108.834406,34.210863
B0L0FBURJC,西安超聚变数字技术有限公司,公司企业;公司;公司,108.83598006904403,34.21091952493441,雁塔区,108.840614,34.209352
B0HAO5IB3Q,西安唐旺食品科技有限公司,公司企业;公司;公司,108.82420402686259,34.1861797708169,长安区,108.828856,34.184626
B0FFL3OUNA,天天充电,公司企业;公司;网络科技|生活服务;生活服务场所;生活服务场所,108.83001334496092,34.218566676445015,雁塔区,108.834658,34.217013
B001D0WTWS,西安报业传媒集团印务公司,公司企业;公司;公司,108.84437736169158,34.19080363084949,雁塔区,108.848996,34.189214
B0FFM8RF8A,大华股份,公司企业;公司;公司,108.8309318950147,34.2187803262888,雁塔区,108.835575,34.217225
B0LDPR094L,三秦光学制造(西安)有限公司,公司企业;公司;公司,108.86293216607028,34.18579624455007,雁塔区,108.867525,34.184175
B0IG5AIQOL,西安伟宇佰川电子科技有限公司,公司企业;公司;机械电子,108.82763966453571,34.189106269327446,长安区,108.832286,34.187547
B0KG7S1VCV,西安万禾悦能源科技有限公司,公司企业;公司;公司,108.83151577252525,34.20784025301415,雁塔区,108.836157,34.20628
B0J3UL1SR6,西安小米通讯技术有限公司,公司企业;公司;公司,108.83877275656148,34.210337885109325,雁塔区,108.843402,34.208765
B0IRL5H90K,北极雄芯信息科技(西安)有限公司,公司企业;公司;公司,108.828378502109,34.20677972231975,雁塔区,108.833025,34.205225
B001D12D9Y,西安欧意特科技有限责任公司,公司企业;公司;公司,108.85236774835145,34.197925987583126,雁塔区,108.856975,34.196325
B0J1Y5JOZ9,融域智慧,公司企业;公司;公司,108.83156499484744,34.20612293645331,雁塔区,108.836206,34.204562
B0FFGHASPJ,西安精英光电技术有限公司,公司企业;公司;公司,108.85840932589667,34.2041244910754,雁塔区,108.863009,34.202516
B0JRTH2MT9,中建八局山海境小区项目部,公司企业;公司;公司,108.82440516171404,34.238249954728346,雁塔区,108.829061,34.236714
B0KDS5TYGC,西安汇达农业科技发展有限公司,公司企业;公司;公司,108.83278935139866,34.239878093562,雁塔区,108.837431,34.238327
B0J3HAHQ6J,老烟庄村集体土地上棚户区改造项目,公司企业;公司;公司,108.8467196604415,34.21984680141309,雁塔区,108.851337,34.218263
B0FFH81XPW,伊顿电源(上海)有限公司,公司企业;公司;公司,108.8438552048247,34.194962323308246,雁塔区,108.848475,34.193375
B0L0GU3W62,西安高科建材科技有限公司,公司企业;公司;公司,108.8600780162446,34.196188683086525,雁塔区,108.864675,34.194575
B0HAYD0ICM,陕西金合信息科技股份有限公司,公司企业;公司;网络科技,108.82846664236857,34.206909843338074,雁塔区,108.833113,34.205355
B0FFGVZ4I1,西安泰科迈医药科技股份有限公司,公司企业;公司;医药公司,108.85514669056698,34.1965509605815,雁塔区,108.85975,34.194945
B0K16ZU8K5,西安纽扣软件科技有限公司,公司企业;公司;网络科技,108.83551678979184,34.21715347703597,雁塔区,108.840152,34.215589
B0LRYCWH1X,陕西建工第九建设集团云璞小区项目,公司企业;公司;公司,108.84885435491485,34.214007556714314,雁塔区,108.853468,34.212418
B0K3J1E6DL,澳维鲸瀚,公司企业;公司;公司,108.83880269903722,34.211664478482184,雁塔区,108.843432,34.210092
B0GRM5ZG2W,西安云维智联科技有限公司,公司企业;公司;公司,108.8571502906487,34.19704794844676,雁塔区,108.861751,34.195439
B0K01438UE,西安地铁,公司企业;公司;公司,108.85270545387708,34.19506250206624,雁塔区,108.857312,34.19346
B001D10WTT,陕西科飞电器有限责任公司,公司企业;公司;公司,108.84411077743628,34.19285447907497,雁塔区,108.84873,34.191266
B001D0Z7FV,陕西艾尔肤组织工程有限公司,公司企业;公司;公司,108.85658696724775,34.20442857232368,雁塔区,108.861189,34.202823
B0L2AD1ZO4,阳光电源(西安)有限公司,公司企业;公司;公司,108.82836720394062,34.21023350741027,雁塔区,108.833014,34.20868
B0FFM9ZKXD,中建八局高新国际会议二期项目部,公司企业;公司;公司,108.83217919606847,34.216577447081676,雁塔区,108.83682,34.215019
B0LUSY0QG9,弘奎(西安)智能科技有限公司,公司企业;公司企业;公司企业,108.82881416669812,34.220161853897,雁塔区,108.833461,34.218611
B0H3HR0L5L,西安蓝鲸时代信息科技有限公司,公司企业;公司;公司,108.82448028800789,34.18878643771094,长安区,108.829132,34.187233
B0M6RU26OH,陕西锦盛云天信息科技有限公司西安分公司,公司企业;公司;网络科技,108.85708411411586,34.19818346456338,雁塔区,108.861685,34.196575
B0K6MRHW0X,陕外建设时光云境一标段项目部,公司企业;公司;公司,108.84875600541466,34.2165314997618,雁塔区,108.85337,34.214943
B0J3R5ZFBJ,陕西博林生物技术有限公司,公司企业;公司;公司,108.82805858972269,34.21130155552314,雁塔区,108.832706,34.209749
B0FFG1LXC8,西安博达软件股份有限公司,公司企业;公司;网络科技,108.84000991473937,34.196318928335344,雁塔区,108.844636,34.194739
B0I09ZJN5D,西安西电电力电子有限公司,公司企业;公司;公司,108.8408686341699,34.192320822092285,雁塔区,108.845493,34.190738
B0HGNUNV33,佰钧成科技有限公司,公司企业;公司;公司,108.83586375013196,34.21245877233478,雁塔区,108.840498,34.210892
B0JDRUJ1IZ,文印社快印广告(锦业路店),公司企业;公司;广告装饰|生活服务;摄影冲印店;摄影冲印,108.83989483188608,34.19501215445926,雁塔区,108.844521,34.193432
B0GUB5MNFO,逸静隔音窗(西安公司),公司企业;公司;公司,108.85002423757899,34.18718862403091,雁塔区,108.854634,34.185588
B0JD1H1VUF,亿诚建设项目管理有限公司,公司企业;公司;公司,108.85977056291095,34.19719988703037,雁塔区,108.864368,34.195587
B0HGKBEZEX,天佳易测控技术有限公司,公司企业;公司;公司,108.85414319501031,34.19821978926849,雁塔区,108.858748,34.196616
B0FFFGV4B8,陕西海外投资发展股份有限公司,公司企业;公司;公司,108.86920190207714,34.1933070907677,雁塔区,108.873789,34.19168
B0FFHJGRA5,西安兵标检测有限责任公司,公司企业;公司企业;公司企业,108.85812787223458,34.205361637968416,雁塔区,108.862728,34.203754
B0KR56N3DM,西安妙言网络科技有限公司,公司企业;公司;公司|科教文化服务;培训机构;培训机构,108.86674368210339,34.19204238329201,雁塔区,108.871333,34.190418
B0KR3DYCXY,西安超斯塔科技有限公司,公司企业;公司;公司,108.83600015480327,34.21027278701712,雁塔区,108.840634,34.208705
B001D07ZMM,西安元智系统技术有限责任公司,公司企业;公司;公司,108.85515259777515,34.19780654911267,雁塔区,108.859756,34.196201
B0IR271W08,大马蜂,公司企业;公司;公司,108.83077760838214,34.206681266416865,雁塔区,108.83542,34.205122
B0J6SZ4DX6,Coachip叩持电子,公司企业;公司;公司,108.86393342150926,34.19636915864547,雁塔区,108.868526,34.19475
B0I1JN5F1N,东芝兴仪控制系统西安公司,公司企业;公司;公司,108.86043884348828,34.19127284977338,雁塔区,108.865035,34.189657
B0GDVA8LWJ,西安雷擎电子科技有限公司,公司企业;公司;公司,108.83018060938033,34.21882889764406,雁塔区,108.834825,34.217275
B0JRC535AG,陕西玖思和创电机科技有限公司,公司企业;工厂;工厂,108.8441046976992,34.19372717876797,雁塔区,108.848724,34.192139
B0JKOAKSF2,陕西凯信企业管理集团西安总部,公司企业;公司;公司,108.8667066353028,34.19216929286118,雁塔区,108.871296,34.190545
B0LDV76O1K,皇家广告图文照相,公司企业;公司;广告装饰|生活服务;生活服务场所;生活服务场所,108.84856178133349,34.20326776857252,雁塔区,108.853175,34.201675
B0G2ZAFOZA,西安高科软件新城建设开发有限公司,公司企业;公司;公司|购物服务;购物相关场所;购物相关场所,108.85906245719798,34.21263254163024,雁塔区,108.863662,34.211026
B0MUMAUPUN,恒奇艺广告图文快印,公司企业;公司;广告装饰,108.86114326477822,34.24628931141236,雁塔区,108.865743,34.244692
B0LGBA0XN3,智码开锁换锁,公司企业;公司;公司,108.84308740982328,34.20214553353235,雁塔区,108.847709,34.200562
B0JDBHGFFS,西安清泰科新能源技术有限责任公司,公司企业;公司企业;公司企业,108.85836823970719,34.192084474799074,雁塔区,108.862967,34.190472
B0G26AIUQO,西安绅唐商贸有限公司,公司企业;公司;公司,108.82887672991164,34.23926897641927,雁塔区,108.833525,34.237725
B0K39L3U6M,西安今朝装饰(南郊店),公司企业;公司;广告装饰,108.86600616854275,34.22667640738519,雁塔区,108.870599,34.225065
B0K6XR6FIM,西安城投特来电新能源有限责任公司,公司企业;公司;公司,108.83476368959484,34.239884779552,雁塔区,108.839402,34.23833
B001D09Q0E,西安澳思娜美姿生物科技有限公司,公司企业;公司;公司,108.85597630878813,34.19016539578373,雁塔区,108.860578,34.188556
B0H6LADQEW,西安朗晟猎头企业管理咨询有限公司,公司企业;公司;公司,108.86826712941286,34.192255271395524,雁塔区,108.872855,34.190629
B0JG1UFBGY,国家能源集团国神公司财务共享中心,公司企业;公司;公司,108.85402567844118,34.190186270707876,雁塔区,108.85863,34.18858
B0FFGM2ZHW,西安新鸿业投资发展有限公司,公司企业;公司;公司,108.85634525417584,34.221829102724264,雁塔区,108.860949,34.22023
B0FFH5XMCS,思特沃克软件技术(西安)有限公司,公司企业;公司;公司,108.83646388251928,34.210866440928655,雁塔区,108.841097,34.209298
B0LATH3IXA,长江协同创新科技(苏州)集团有限公司,公司企业;公司;公司,108.85699371518527,34.201699136651484,雁塔区,108.861595,34.200092
B0M6L77CHK,西安立芯光电科技有限公司,公司企业;公司企业;公司企业,108.84017013332766,34.196852042246235,雁塔区,108.844796,34.195272
B0HRHA1O7A,西安臻泰智能科技有限公司,公司企业;公司;公司,108.82849522879665,34.21263791061723,雁塔区,108.833142,34.211085
B0LKOZFZ3P,西安飞行时代科技有限公司,公司企业;公司;公司,108.83002634698435,34.21881661208542,雁塔区,108.834671,34.217263
B0LGAHNLLR,陕西鑫源盛茂废旧物资回收有限公司,公司企业;公司;公司,108.83134072500546,34.24189661612369,雁塔区,108.835985,34.240349
B0LDL7SJEN,艾可萨(西安)存储技术有限公司,公司企业;公司;公司,108.82827832268612,34.2068794995581,雁塔区,108.832925,34.205325
B0HAF5UZNY,西安高科集团高科房产高科云天项目部,公司企业;公司;公司,108.82686499065146,34.230564424460276,雁塔区,108.831516,34.229021
B0FFGVW1LK,西安航天民芯科技有限公司,公司企业;公司;公司,108.85705733925575,34.19494450691266,雁塔区,108.861658,34.193335
B0J09RXOCX,陕西佰宏餐饮有限公司,公司企业;公司;公司,108.86132826754977,34.18661667905673,雁塔区,108.865923,34.184998
B0FFH624WJ,西安地铁一号线西咸车辆段(不对外开放),公司企业;公司;公司,108.79855477556154,34.308232788579325,未央区,108.803257,34.306771
B0KGSAI7WJ,陕西回收王物资回收公司,公司企业;公司;公司,108.8104379353767,34.275654650240114,长安区,108.81512,34.274159
B001D0WC7N,西安华瑞汽车销售服务有限公司,汽车维修;北京汽车维修;北京汽车维修|汽车销售;北京汽车销售;北京汽车销售|公司企业;公司企业;公司企业,108.81622215705596,34.28997498677305,未央区,108.820896,34.288475
B0LGX1A538,西安市公安局交通管理支队车辆管理所西区分所,公司企业;公司;公司,108.7870539055738,34.28673395644282,长安区,108.791768,34.285279
B0GU2NCKZ9,广汽埃安西安沣东新城体验中心,汽车销售;汽车销售;汽车销售|公司企业;公司;公司,108.8212254932081,34.27841511924793,未央区,108.82589,34.276901
B0KUZHGUDB,西安西电高压套管有限公司,公司企业;公司;公司,108.77673680595393,34.305395332233196,秦都区,108.781461,34.30396
B0K65CJMQZ,陕西美都爱建实业有限公司,公司企业;公司;公司,108.78374181595608,34.249093201452354,长安区,108.788456,34.247627
B0IKHAD59U,中铁五局集团有限公司沣尚居项目经理部,公司企业;公司;公司,108.791918445776,34.24688755694924,长安区,108.796624,34.24541
B0J3R71W88,西安楼兰社区团购,公司企业;工厂;工厂,108.81797918215338,34.276438929028,未央区,108.822649,34.27493
B0FFKVRE02,西安市公共交通集团有限公司第一分公司,公司企业;公司;公司,108.81622099042377,34.30430770072096,未央区,108.820896,34.302814
B0LA49B050,西安瓷厨艺酒店用品有限公司,公司企业;公司;公司,108.81670350187883,34.27093385599899,未央区,108.821375,34.269425
B0I2R7YILV,陕西嘉润供应链管理有限公司,公司企业;公司;公司,108.82232236960921,34.278256231268564,未央区,108.826985,34.27674
B0H21A70U6,陕西交通控股集团有限公司(西宝分公司),公司企业;公司;公司,108.80376370117573,34.25167385905335,长安区,108.808454,34.25018
B0LD46223G,企叮咚集团,公司企业;公司企业;公司企业,108.80929249598144,34.25887544008255,未央区,108.813975,34.257375
B0FFJB5V8H,陕西建腾彩钢钢构工程有限公司,公司企业;公司;公司,108.81298305918749,34.287378238972096,未央区,108.817662,34.285883
B0FFFEWLBB,西安西咸新区安特电力器材总公司,公司企业;公司;公司,108.78001207791111,34.30581442898582,秦都区,108.784734,34.304376
B0J6AZW2UK,西安康奈网络科技有限公司,公司企业;公司企业;公司企业,108.79684193370481,34.2907928570805,未央区,108.801545,34.289326
B0G3U73243,西安东奇智升工程科技有限公司,公司企业;公司;公司,108.7849817666805,34.26366993938507,长安区,108.789696,34.262208
B0LRK7JKIG,西安绿电新能源交通科技有限公司,公司企业;公司;公司,108.79234175063844,34.298253035454124,未央区,108.797051,34.296796
B0FFF2HB34,陕西建新环保科技发展有限公司,公司企业;公司;公司,108.77797360825332,34.2934288092159,长安区,108.782696,34.291987
B0KUJRGH8Y,陕西讯凌驰装饰,公司企业;公司;广告装饰,108.82022022569667,34.26072546038408,未央区,108.824885,34.259206
B0KU2L2F9Z,西安优加美农产品有限公司,公司企业;公司;公司,108.81393384342776,34.27213133321942,未央区,108.81861,34.270628
B0HATC13IN,沣东自贸功能区公用型保税仓,公司企业;公司;公司,108.79132019661579,34.29052697522689,未央区,108.79603,34.289068
B0JAD5EA31,逗零嘴仓储中心,公司企业;公司;公司,108.81364436327465,34.27223576895947,未央区,108.818321,34.270733
B0FFHKEKYW,西安广泰二手车交易有限公司,公司企业;公司;公司|汽车服务;二手车交易;二手车交易,108.80707558347055,34.28941800616773,未央区,108.811764,34.287934
B0JB3SCSKT,陕西四惠自动变速箱有限公司,公司企业;公司;公司,108.81952766497879,34.26556123886038,未央区,108.824194,34.264045
B0I2HS30SO,陕西四维数邦科技有限公司(数据产品研发基地),公司企业;公司;公司,108.79402546908274,34.28968816161647,未央区,108.798732,34.288225
B0JBUHDY8D,西安蓝悦控制技术有限公司,公司企业;公司;公司,108.8105244092546,34.259203469510524,未央区,108.815205,34.257701
B0J6ZUNAKV,华山国际工程有限公司TIEC,公司企业;公司;公司,108.79367807635579,34.2893138210546,未央区,108.798385,34.287851
B0K2GLO91N,陕西魔方美居智能装修有限公司,公司企业;公司;广告装饰,108.80022033117667,34.30476096127297,未央区,108.80492,34.303295
B0FFHQ81R1,信立消防器材有限公司,公司企业;公司;公司,108.8149949250899,34.26789198192873,未央区,108.819669,34.266385
B0FFLJ399R,大为消防,科教文化服务;培训机构;培训机构|公司企业;公司;公司,108.80868595693035,34.30304482124171,未央区,108.813373,34.301564
B0FFHM8AGQ,西安西电电力电容器有限责任公司,公司企业;公司;公司,108.77757343234883,34.304469552578,秦都区,108.782297,34.303033
B0FFG810Q6,启航电竞网咖,体育休闲服务;娱乐场所;网吧|公司企业;公司;网络科技,108.81138829149543,34.302157956696526,未央区,108.816071,34.300672
B0LKOAGAP5,陕西陆合医药有限公司,公司企业;公司;医药公司,108.81970514308534,34.27568443001107,未央区,108.824372,34.274172
B0L16HRRXR,西北易货贸易中心,公司企业;公司;商业贸易,108.79257306104965,34.297789564973606,未央区,108.797282,34.296332
B0GR5L4CD8,中国电信(王寺营业厅),生活服务;电讯营业厅;中国电信营业厅|公司企业;公司;电信公司,108.79935851174531,34.263478096564285,长安区,108.804056,34.261996
B0LKG720T5,西安猫狗宠物市场基地,公司企业;公司企业;公司企业,108.81711348237182,34.291889791735024,未央区,108.821786,34.290389
B0IU65NRCY,陕西中通有蜜科技有限公司,公司企业;公司;公司,108.81971320594067,34.250410569135006,雁塔区,108.824378,34.248888
B0FFGO52RF,陕西锦绣前程节能玻璃有限公司,公司企业;公司;公司,108.77733291287596,34.24767488517899,长安区,108.782052,34.246215
B0KG0DK2F0,中水三局西安1号线西咸段保障房项目部,公司企业;公司;公司,108.80175636825174,34.30619278000562,未央区,108.806454,34.304725
B0FFGCDXRN,西海岸化工,公司企业;公司;冶金化工,108.81464866913329,34.276358879967475,未央区,108.819324,34.274856
B0FFFA9ETI,陕西绿洲农化有限公司,公司企业;公司;公司,108.8097753417713,34.30697196298009,未央区,108.814461,34.305491
B0FFHGH8S3,陕西亿科医药,公司企业;公司;医药公司,108.81737305578582,34.27784123160025,未央区,108.822044,34.276334
B0KUDA9POC,西安农投-西安菜篮子工程有限公司,公司企业;公司;公司,108.81837023300794,34.28388152926447,未央区,108.82304,34.282375
B0FFGCDWLR,陕西语泽生物科技有限公司,公司企业;公司;网络科技,108.81965608120883,34.2507613274246,雁塔区,108.824321,34.249239
B0GRRBHI6S,西安霖金建筑工程有限公司,公司企业;公司;公司,108.7958482856233,34.27079676160845,长安区,108.800551,34.269323
B0L6CZ2Q3X,逗零嘴总部,公司企业;公司;公司,108.81540382055013,34.25282771485893,未央区,108.820076,34.251314
B0J6GMI0L2,瑞幸咖啡(西咸吾悦广场店),餐饮服务;咖啡厅;咖啡厅|公司企业;公司企业;公司企业,108.81724870281914,34.25498724081081,未央区,108.821918,34.253471
B0FFFXYAWJ,陕西宝丽洋泵业有限公司,公司企业;公司;公司,108.77812879681272,34.304662014245956,秦都区,108.782852,34.303225
B0HBOHLX28,陕西鑫光广告文化传播有限公司,公司企业;公司;广告装饰,108.79479885622364,34.272122666862245,长安区,108.799503,34.270651
B0FFGFQPM3,西安忠信仓储西区,公司企业;公司;公司,108.79015927913389,34.28574044016581,长安区,108.79487,34.284281
B0FFG61WA5,轿车托运-陕西陆航物流有限公司-汽车托运,公司企业;公司;公司,108.81521452884104,34.289530343114116,未央区,108.81989,34.288032
B0KGRHCT9F,陕西昊运工程机械有限公司,公司企业;公司;机械电子,108.78423313918302,34.250591200446316,长安区,108.788947,34.249125
B0LRLNMQ4V,西安西电智慧电气制造有限公司,公司企业;公司;机械电子,108.77534081985353,34.30694934069133,秦都区,108.780066,34.305516
B0FFFA9HUK,巨力轻钢彩板有限公司,公司企业;公司;公司,108.81299263000835,34.268237231097096,未央区,108.81767,34.266734
B0FFIJLELZ,品忆香炒货工坊(启航店),购物服务;综合市场;果品市场|公司企业;公司;公司,108.8101593755991,34.301708987539634,未央区,108.814844,34.300225
B0MG7HHK1P,恒泰力报废机动车回收公司,公司企业;公司;公司,108.7984250057562,34.278749391862306,长安区,108.803125,34.277275
B001D094VS,西安市华明电器开关厂,公司企业;工厂;工厂,108.81855184920158,34.26771856253427,未央区,108.82322,34.266205
B0FFGCDWZA,西安红运金属科技有限公司,公司企业;公司;公司,108.8142554432661,34.271212290218486,未央区,108.818931,34.269708
B0FFGZZ4YN,王寺十字,公司企业;公司企业;公司企业,108.79812609259004,34.26050636656033,长安区,108.802825,34.259025
B001D127HA,国联质检(西北)检测中心,政府机构及社会团体;公检法机构;公证鉴定机构|公司企业;公司;公司,108.81380432870388,34.27586855855194,未央区,108.818481,34.274367
B0K2A5YE8Q,中铁十二局集团地铁5号线和平车辆段综合开发项目(一期)一标段,公司企业;公司;公司,108.79917518228939,34.25217827203864,长安区,108.803872,34.250692
B0FFL6BF57,陕西福尔康纸塑制品有限公司,公司企业;工厂;工厂|公司企业;公司;公司,108.81663714793052,34.273936501403014,未央区,108.821309,34.272429
B0I2RAQ85X,上海正扬地基基础工程有限公司西安分公司,公司企业;公司;公司,108.78380904086514,34.27158233790701,长安区,108.788525,34.270125
B0MGDZQ08N,西安百业兴纱窗有限公司,公司企业;公司;商业贸易,108.81058872684297,34.305742943692856,未央区,108.815273,34.30426
B0LDBA1Z9B,老三沙厂,公司企业;公司;冶金化工|公司企业;工厂;工厂,108.79797555847959,34.26460449556569,长安区,108.802675,34.263125
B0I21KLXWT,中观实业,公司企业;公司;公司,108.81968533403185,34.26058752316564,未央区,108.824351,34.259069
B0G19U8AX0,陕西天人建设工程有限公司,公司企业;公司;建筑公司,108.7893774215948,34.28573839404658,长安区,108.794089,34.28428
B0L66MASKE,车坛爪子基地,公司企业;农林牧渔基地;其它农林牧渔基地,108.8105651140861,34.275934758128415,长安区,108.815247,34.274439
B0MBXZYNCV,陕西泽益速通农业科技有限公司,公司企业;公司;公司,108.8174897687866,34.28377495405213,未央区,108.822161,34.28227
B0KGZSX1Z3,西安地铁1号线西咸车辆段保障性租赁住房项目工程施工1标段项目经理部,公司企业;公司;公司,108.80087318092914,34.30548467721897,未央区,108.805572,34.304018
B0KU2160DJ,方林集团西安工程交付中心,公司企业;公司;公司,108.80781679200634,34.28853965546751,未央区,108.812504,34.287054
B001D0W4PE,陕西黄河消防设备有限责任公司,公司企业;公司;公司|购物服务;购物相关场所;购物相关场所,108.80888915114846,34.29226090834485,未央区,108.813575,34.290775
B0K2JP5L15,一汽解放青岛(西安宝信达店),公司企业;公司;公司|汽车销售;一汽解放销售;一汽解放销售,108.79223570041327,34.260573655102036,长安区,108.796942,34.259101
B0LRJ7INYQ,金拓装饰设计,公司企业;公司;广告装饰,108.81925964244759,34.29724441355768,未央区,108.823929,34.295742
B0FFGC22PG,西安市世强物流服务有限公司,公司企业;公司;公司,108.81207057356086,34.28754353805453,未央区,108.816751,34.28605
B0FFGCDXSL,陕西蓝天锅炉设备制造有限公司,公司企业;公司;公司,108.8219711856624,34.2608206818397,未央区,108.826633,34.259298
B0JUDHT4QA,陕西可比克石油开发有限公司,公司企业;公司;公司,108.81264654740083,34.274674974499604,未央区,108.817325,34.273175
B0FFHF5MU8,诚域集团陕西雅福康医药有限公司,公司企业;公司;公司,108.80320737783869,34.28255143675806,未央区,108.807901,34.281071
B0KDHLMCNA,西安聚之合新能源基地,公司企业;公司;公司,108.79865343016532,34.277306347657685,长安区,108.803353,34.275831
B0J2R7U2U4,西安正欣包装材料科技有限公司,公司企业;公司;公司,108.7846602442768,34.26638545999409,长安区,108.789375,34.264925
B0I1ORB4AG,陕西田农甜农业有限公司,公司企业;公司;公司,108.80872660330098,34.30816459715925,未央区,108.813414,34.306686
B0KKUM92AO,沣颂苑项目中建八局项目部,公司企业;公司;公司,108.80695620410206,34.254960947602825,长安区,108.811642,34.253463
B0H1RZ9R21,鲁翔航飞钢材有限公司,公司企业;公司;公司,108.8177637060047,34.27786593909747,未央区,108.822434,34.276358
B0JRD7693F,徐工装载机西安直营公司,公司企业;公司;公司,108.81977486508475,34.280560526053506,未央区,108.824442,34.27905
B0JULR1I0K,陕西楚捷机械有限公司,公司企业;公司;公司,108.79013982550319,34.266526383265834,长安区,108.794849,34.265059
B0LDC7TYDK,山猫陕西捷世通机械科技有限公司,公司企业;公司;机械电子,108.81753515083443,34.26768070592669,未央区,108.822205,34.266169
B001D14T98,西安公路管理局三桥公路管理段王寺道班,公司企业;公司;公司,108.79878090074604,34.26136303979823,长安区,108.803479,34.259881
B0MBZUCSG0,陕西吾悦吾家装饰设计工程有限公司,公司企业;公司;广告装饰,108.80702682846992,34.260906719497775,长安区,108.811713,34.259411
B0LGV1ZDZW,西安鑫腾建材建筑配件·胶业批发,公司企业;公司;公司,108.8187062754563,34.27798462649865,未央区,108.823375,34.276475
B038E0O8CY,西安西电微电机有限责任公司,公司企业;公司;机械电子,108.77821083874963,34.30484801282458,秦都区,108.782934,34.303411
B0L06UN9PE,鸿跃实业有限公司,公司企业;公司;公司,108.80320355319762,34.30487772921933,未央区,108.807899,34.303407
B0H0TDR995,姚家村河北建工项目部,公司企业;公司;公司,108.81074559426828,34.24893187526174,雁塔区,108.815425,34.247425
B0JA2DEF22,新拓三维技术(西安)有限公司,公司企业;公司;公司,108.79696914378292,34.29024728485454,未央区,108.801672,34.28878
B0KK3DP6QA,长春天弘供应链管理有限公司西安分公司,公司企业;公司;公司,108.78142092706172,34.24785804480779,长安区,108.786137,34.246394
B0FFF3XENS,陕西永盛运输物流有限公司,公司企业;公司;公司|生活服务;物流速递;物流速递,108.81419787792564,34.28932159175753,未央区,108.818875,34.287825
B0H05AF5OJ,瑞祥义齿,购物服务;便民商店/便利店;便民商店/便利店|公司企业;公司;公司,108.79390402930972,34.25647265352699,长安区,108.798608,34.254996
B0L2HK96XP,能飞无人机西北实训基地,公司企业;公司;公司,108.79693714040788,34.2897774384934,未央区,108.80164,34.28831
B0FFH1BL93,西安汇鑫叉车有限公司,公司企业;公司;公司,108.81985872624557,34.271689360977035,未央区,108.824525,34.270175
B0HDASW4E9,西安地铁五号线和平主所,公司企业;公司;公司,108.80510258144241,34.25285363138211,长安区,108.809791,34.251358
B0LD7U011Z,西安家泰会展服务有限公司,公司企业;公司;公司,108.79035598039233,34.26757325170452,长安区,108.795065,34.266106
B0GRDHH4HV,西安鑫速度石化有限公司,公司企业;公司;公司,108.81121153908379,34.30793605763205,未央区,108.815895,34.306453
B0L3CUJA7M,富生供应链有限公司西安分公司,公司企业;公司;公司,108.8151700102623,34.27038928301836,未央区,108.819844,34.268883
B0FFFA9129,西安曼达拉电器有限公司,公司企业;公司;公司,108.79987475064245,34.28149950642782,未央区,108.804573,34.280024
B0LRLKMBUZ,陕西绿森贸易有限公司,公司企业;公司;商业贸易,108.81722615996145,34.273540743614305,未央区,108.821897,34.272032
B0I30SO0D5,西安诺一甄选名车行,公司企业;公司;公司|汽车销售;汽车销售;汽车销售,108.8170591568431,34.282470714967,未央区,108.821731,34.280966
B0KGDDROK0,西安八戒实业有限公司,公司企业;公司;公司,108.8118276733744,34.30610997224371,未央区,108.81651,34.304625
B0J03ZZR3W,西安三友激光切割有限公司,公司企业;公司;公司,108.81291851011957,34.26823609875455,未央区,108.817596,34.266733
B0FFG8PKWD,陕西金航工程机械有限公司,公司企业;公司;机械电子|汽车服务;汽车服务相关;汽车服务相关,108.8210681576159,34.27926347190577,未央区,108.825733,34.27775
B0KDNRUK4E,奕乐石英石大板仓,公司企业;公司;公司,108.8013938589766,34.28160688361761,未央区,108.80609,34.280129
B0IGJUSBLN,陕西柳瑞机械设备有限公司,公司企业;公司;公司,108.81989602897832,34.28106054071149,未央区,108.824563,34.27955
B0FFKMPXHX,西安市新光玻璃制品有限责任公司,公司企业;公司企业;公司企业,108.77557576645479,34.24813805412121,长安区,108.780296,34.24668
B0JGH6O0XU,好来客食品集团有限公司,公司企业;公司;公司,108.81378192905123,34.26802773425174,未央区,108.818458,34.266523
B0FFG73HA9,西安沣东文化投资发展有限公司,公司企业;公司;公司,108.8122430489259,34.2604940032948,未央区,108.816921,34.258989
B0K31ZLZW2,陕西锋创腾跃广告文化传播有限公司,公司企业;公司;广告装饰,108.81105467653946,34.27858451994043,未央区,108.815736,34.277089
B0GR1DWOXO,启航快印广告,公司企业;公司;广告装饰|生活服务;生活服务场所;生活服务场所,108.80807097760038,34.30336161569986,未央区,108.812759,34.301882
B0KG0MKUC5,文卉轮胎玻璃回收厂,公司企业;工厂;工厂,108.80286356035244,34.26191334438764,长安区,108.807556,34.260425
B0FFGFPDJ7,杨老二西安废纸回收中心国强公司,公司企业;公司;公司,108.79692119712327,34.27656299842311,长安区,108.801623,34.27509
B001D0VSSB,西安长虹电控设备厂,公司企业;工厂;工厂,108.82116264939464,34.250500227111175,雁塔区,108.825825,34.248975
B0K0A1YT86,陕西初心达企业管理有限公司,公司企业;公司;公司,108.81024047933208,34.30200899687201,未央区,108.814925,34.300525
B0I23CVI83,陕西秦乳源商贸有限公司,公司企业;公司;商业贸易,108.79557644577874,34.27686485588577,长安区,108.80028,34.275394
B0LBDDXWYY,陕西康盛佳华建设,公司企业;公司;建筑公司,108.8090937793748,34.300752547716115,未央区,108.81378,34.29927
B0JRF5MDOK,玖曼图文广告,公司企业;公司;广告装饰,108.80022685356208,34.28619907428016,未央区,108.804925,34.284725
B0J06HHPDO,美福莱仓储,公司企业;公司;公司,108.81811192188337,34.27006079865071,未央区,108.822781,34.268549
B0LR6RGQWH,环普创新城E1座,公司企业;公司;公司,108.81565338930137,34.25088992198341,未央区,108.820325,34.249375
B0H6LRES5B,车张佳园项目部,公司企业;公司;公司,108.81747849259722,34.28694458612285,未央区,108.82215,34.285441
B0FFLF09D7,西安西咸吾悦广场营销中心(文创南路店),公司企业;公司;公司,108.8199782047919,34.25594090346943,未央区,108.824643,34.25442
B0L2ZL47SC,陕西川泽云启商贸有限公司,公司企业;公司;商业贸易,108.79406171766864,34.28718528653118,长安区,108.798768,34.285721
B0I0GU8WRK,合力叉车(天台路辅路店),公司企业;公司;公司|汽车服务;汽车服务相关;汽车服务相关,108.81602381547815,34.29013655530994,未央区,108.820698,34.288637
B0GUXOC8NN,陕西荣立洁环卫设备有限公司,公司企业;公司;公司,108.77805184975593,34.303362517737156,秦都区,108.782775,34.301925
B0MGC5F0V6,华盛氧气氩气氮气二氧化碳氦气液氮公司,公司企业;公司;公司,108.82026492361953,34.27771362547651,未央区,108.824931,34.276201
B0FFJ2W7XP,通鑫工程机械,公司企业;公司;公司,108.78195057644066,34.294236646498916,长安区,108.78667,34.292791
B0I0Y700H3,陕西来运通实业有限公司,公司企业;公司;公司,108.81797386089723,34.30491364349584,未央区,108.822646,34.303417
B0K6Y56TQR,陕西昌达项目管理有限公司,公司企业;公司;公司,108.81852649322596,34.29622050743591,未央区,108.823197,34.294719
B0I3JH6ZDL,西安德泰合盛设备工程有限公司,公司企业;公司;公司,108.78449541337416,34.25018666847036,长安区,108.789209,34.24872
B0FFIXWJF5,大江印务有限公司,公司企业;公司;公司,108.8127120739724,34.26949621660275,未央区,108.81739,34.267994
B0HG3CDOMP,中建新疆建工西咸沣明路项目部,公司企业;公司;公司,108.81188806358156,34.25329020893922,未央区,108.816566,34.251783
B0LAOUPB0P,青岛琴园现代农业有限公司西安加配中心,公司企业;公司;公司,108.80067485547126,34.281542758275684,未央区,108.805372,34.280066
B0FFIJWOCN,安能快递,公司企业;公司;公司|生活服务;物流速递;物流速递,108.81346470940174,34.28899341178776,未央区,108.818143,34.287498
B0FFHIKCGV,西安兴华淀粉设备有限公司,公司企业;公司;公司,108.77625513238429,34.24873345194387,长安区,108.780975,34.247275
B001D0W4DZ,浙远钢构,公司企业;公司;公司,108.81045027147222,34.28406015099633,未央区,108.815133,34.282568
B0L3CHJSQS,中龙品厨,公司企业;公司;公司,108.81549955127872,34.270411872661086,未央区,108.820173,34.268905
B001D0W5GV,西安鼎力工程机械有限公司,公司企业;公司;机械电子,108.81920486330894,34.281069256915394,未央区,108.823873,34.27956
B0IAN7J0R2,陕西万禾志邦沣东诊所,公司企业;公司;公司,108.82023124626147,34.26070149038433,未央区,108.824896,34.259182
B0FFG930T6,青量工具量具刃具数控刀具,公司企业;公司;公司,108.80379056172134,34.303001534859426,未央区,108.808485,34.301529
B0LRB5NFWS,盛瑾迈(陕西)设备租赁有限公司,公司企业;公司;公司,108.78979936388855,34.26758149840229,长安区,108.794509,34.266115
B0FFHQE658,西安宝发树脂瓦厂,公司企业;工厂;工厂,108.81753350530515,34.27560145669854,未央区,108.822204,34.274093
B0M6KDBRTM,西安易机租工程机械租赁有限公司,公司企业;公司;公司,108.78610243790112,34.29311502097649,长安区,108.790818,34.291664
B0JBORRG1L,西安富昌油气新能源有限公司,公司企业;公司;公司,108.82115757730686,34.27595801477498,未央区,108.825822,34.274443
B0J14KSS2E,陕西恒晟诚祥建筑工程有限公司,公司企业;公司;建筑公司,108.79759179743684,34.26770965266604,长安区,108.802292,34.266232
B0FFGPIGEX,西部车城-郊县车辆管理,公司企业;公司;公司,108.80930777088116,34.2926824547871,未央区,108.813993,34.291196
B0JRLZ6WNE,陕建五建集团沣采苑项目部,公司企业;公司;公司,108.80165576252527,34.29960654858522,未央区,108.806353,34.298136
B0LK1ZE053,欣吉耀商贸公司,公司企业;公司;商业贸易,108.82121972923137,34.250709252436565,雁塔区,108.825882,34.249184
B0L1BXZBQV,陕西春风实业集团有限公司,公司企业;公司;公司,108.81529317208565,34.270893300703484,未央区,108.819967,34.269387
B0J0LCQ8CS,星邦智能西北保障中心,公司企业;工厂;工厂,108.81782465865615,34.30433062959386,未央区,108.822497,34.302834
B0J0HDUBU2,陕西西安骊山车厢厂,公司企业;工厂;工厂,108.78330540617208,34.24935259400983,长安区,108.78802,34.247887
B0L0751W9C,快马建材仓储一站式配送中心,公司企业;公司;公司,108.81617150198134,34.272380290848595,未央区,108.820844,34.270873
B0KKZHEXBF,中财管道(铁赢巷仓库),公司企业;公司;公司,108.81829713044722,34.27131362775387,未央区,108.822966,34.269802
B0JK56CV8L,陕西路邦筑路机械有限公司,公司企业;公司;机械电子,108.77796871981377,34.30424903988477,秦都区,108.782692,34.302812
B0MGR9L5FB,西安赛特实业有限公司,公司企业;公司;公司,108.77711112407107,34.292253476715906,长安区,108.781834,34.290812
B0JGXC1OXD,西安沣泉流体科技有限公司,公司企业;公司;公司,108.78206334024561,34.27380742488779,长安区,108.786781,34.272353
B0GKJX1B9S,陕西嘉丰源远工贸有限公司,公司企业;公司;公司,108.80186987548981,34.301949857692584,未央区,108.806567,34.30048
B0K267WPZ8,陕西宠星汇商贸有限公司,公司企业;公司;商业贸易,108.7922156125523,34.29813191156377,未央区,108.796925,34.296675
B0LGBS5DOU,玖光色彩全国运营中心西安总部,公司企业;公司;公司,108.81320612104317,34.29106505591533,未央区,108.817885,34.289571
B0L19SFTB9,胡家村胡家路中天项目部,公司企业;公司;公司,108.78535759792501,34.30681905463334,秦都区,108.790075,34.305375
B0MGTY6WIQ,江苏金卓建设工程有限公司西安项目部,公司企业;公司;建筑公司,108.77703645633734,34.250874364529004,长安区,108.781756,34.249416
B0GUMH5RE8,西安小菜鲜生农业科技有限公司,公司企业;农林牧渔基地;其它农林牧渔基地,108.80664314974318,34.262069600751104,长安区,108.81133,34.260575
B0FFHA1QJA,陕西金凤凰科工贸有限责任公司,公司企业;公司;公司,108.81158516071906,34.270742699604156,未央区,108.816265,34.269243
B0JDZZBYAR,咸阳康泰纸业有限公司,公司企业;公司;公司,108.78520732064796,34.296228568367496,秦都区,108.789924,34.29478
B0KK27BLCG,华尧重工(陕西)有限公司,公司企业;公司;公司,108.80131000710627,34.26605715882832,长安区,108.806005,34.264573
B0MRNK5MJL,秦华燃气集团(后卫寨长安通客户体验中心启航店),公司企业;公司;公司,108.81039074548131,34.30165941625675,未央区,108.815075,34.300175
B0KGPZ09JW,维纳氢能科技有限公司,公司企业;公司;公司,108.81152499137205,34.259333187006874,未央区,108.816204,34.257829
B0G3AK70GP,陕西金成峰建筑科技有限公司,公司企业;公司;公司,108.79251842766914,34.26799507076655,长安区,108.797225,34.266525
B0J177I9E9,西安飞月厨具仓储中心,公司企业;公司;公司,108.81181169318397,34.26865495322654,未央区,108.816491,34.267154
B0JUHSPXJI,新印图文广告(万象域店),公司企业;公司;广告装饰,108.81996809665942,34.29404712227388,未央区,108.824636,34.292542
B0KABS7QX0,陕西车邦(五福金牛)汽车用品制造有限公司,公司企业;公司;公司,108.81589752999741,34.26645020705384,未央区,108.82057,34.264941
B0J3HSEZG0,陕西建工第三建设集团有限公司,公司企业;公司;建筑公司,108.82108343251015,34.26385981228372,未央区,108.825747,34.26234
B0JRRAQVQR,龙雷鼎盛吊车租赁,公司企业;公司;公司,108.77728132948229,34.2666453566533,长安区,108.782002,34.265193
B0FFKHMMO9,陕西宝瑞兴刀模有限公司,公司企业;公司;公司,108.80574680277896,34.26198211492416,长安区,108.810435,34.260489
B0LD2UKMBV,装修生活馆,公司企业;公司;广告装饰,108.82057690157022,34.2968110463277,未央区,108.825244,34.295306
B0LU7MVR83,公牛充电桩西安运营中心,公司企业;公司;公司,108.81355824790406,34.29654130858906,未央区,108.818237,34.295049
B0FFJP11KO,山宇重工装载机,公司企业;公司;公司|汽车服务;汽车服务相关;汽车服务相关,108.81323052269929,34.28661101029428,未央区,108.817909,34.285115
B001D093XZ,陕西洛玻玻璃有限公司,公司企业;公司;公司,108.80226868576217,34.28671813384568,未央区,108.806964,34.285241
B0HA9CAANL,陕西膜芮环保科技有限公司,公司企业;公司;公司,108.81853137645454,34.273122317325075,未央区,108.8232,34.271611
B0KRDSONXA,西安质品优创商贸有限公司分仓,公司企业;公司;公司,108.82055352126626,34.25169263150994,雁塔区,108.825217,34.250169
B0H2YSWOI2,联塑管道陕西科佰诚工贸有限公司,公司企业;公司;商业贸易,108.80315565529905,34.30277258961224,未央区,108.807851,34.301301
B0LBYS5JQ6,飞书深诺,公司企业;公司;公司,108.80944269057714,34.25937550404233,未央区,108.814125,34.257875
B0L1YRF2K4,韦伯(陕西)重工有限公司,公司企业;公司;公司,108.80950479549534,34.25928264934944,未央区,108.814187,34.257782
B0LUOCE0Y5,众邦电线电缆集团(西咸新区),公司企业;公司;公司,108.80309453794698,34.30312533219962,未央区,108.80779,34.301654
B0FFKA9KY8,华润置地,公司企业;公司企业;公司企业,108.8191838461727,34.293164053199426,未央区,108.823853,34.29166
B0JDMD44FJ,西安林创房旅居车科技有限公司,公司企业;公司;公司,108.81338640502112,34.29117233334159,未央区,108.818065,34.289678
B0LKNZPJUY,山东临工(配件库房),公司企业;公司;公司,108.80141388879157,34.28158792384403,未央区,108.80611,34.28011
B0KUSX6G03,西安市兴典商贸有限公司,公司企业;公司;公司,108.81825640095151,34.267138252889886,未央区,108.822925,34.265625
B0I33UUFFD,广东坚朗五金制品西安仓储中心,公司企业;公司;公司,108.81219054295728,34.290292572369175,未央区,108.816871,34.2888
B0JABLTQN5,盛大印刷西安分公司,公司企业;公司;公司,108.82025806016993,34.251218266818405,雁塔区,108.824922,34.249695
B0G22X12LP,济南天业工程机械有限公司(陕西分公司),公司企业;公司;公司,108.82104915337518,34.278918580711505,未央区,108.825714,34.277405
B0K3051I3O,陕西乐森臻品农业发展有限公司,公司企业;公司;公司,108.81684517489538,34.26554230499405,未央区,108.821516,34.264031
B0FFFA9LRL,西安科汇塑业有限公司,公司企业;公司;公司,108.78608358309934,34.27886906257856,长安区,108.790798,34.277412
B001D007EA,中车西安车辆有限公司,公司企业;公司;公司,108.83376813019734,34.30023926904968,未央区,108.838413,34.298711
B0LGR7F0I7,西骏冷链,公司企业;公司企业;公司企业,108.84129615831723,34.256485415783324,未央区,108.845925,34.254925
B0MUKAXB7J,盒马鲜生枣园路仓,公司企业;公司;公司,108.86233080190387,34.28157985095026,莲湖区,108.866932,34.279995
B0LRDU6ZIE,顽石空间,公司企业;公司企业;公司企业,108.83903416225489,34.26025679908803,未央区,108.843667,34.258702
B001D08RYM,轻工业西安机械设计研究院有限公司,公司企业;公司;公司,108.84321907130214,34.28341289240392,未央区,108.847847,34.28186
B0FFH5QL9M,宇翔电气,购物服务;家居建材市场;建材五金市场|公司企业;公司;公司,108.82825488520099,34.27364327656991,未央区,108.832907,34.272114
B0FFGCDWXO,陕西喵小盒餐饮管理有限公司,公司企业;公司;公司,108.83442010246749,34.25236736169665,未央区,108.83906,34.250818
B0FFGCDY1V,灵通彩钢厂,公司企业;工厂;工厂,108.82458210701562,34.27970685560777,未央区,108.829241,34.278187
B0FFKFUV9N,三桥车辆厂,公司企业;公司;冶金化工,108.8383879860184,34.29876249140078,未央区,108.843025,34.297225
B0FFFF7ZTZ,陕西野森林食品有限公司,公司企业;公司;公司|购物服务;购物相关场所;购物相关场所,108.82870384869584,34.271234110485956,未央区,108.833355,34.269703
B001D0VZOA,陕西龙工总公司,公司企业;公司;公司,108.84131640755493,34.30335180686992,未央区,108.845949,34.301811
B0FFJ3TGRR,华南石材厂,购物服务;家居建材市场;建材五金市场|公司企业;工厂;工厂,108.83286629293423,34.27933657244365,未央区,108.837511,34.277801
B001D0W58U,西安西铁机车车辆配件有限公司,公司企业;公司;公司|公司企业;工厂;工厂,108.83605548507501,34.29403325027355,未央区,108.840696,34.292498
B001D0VTME,西安华通电器设备有限公司,公司企业;公司;公司,108.82929378743445,34.247380679805005,雁塔区,108.833942,34.245839
B0FFMGPV5C,成长汽配欢乐港运营中心,公司企业;公司;公司|生活服务;生活服务场所;生活服务场所,108.84504825194533,34.29212542088256,未央区,108.849674,34.290573
B0FFGC2K0C,肖里村沙发厂,公司企业;公司;冶金化工,108.82326037435487,34.24854889735737,未央区,108.827919,34.247019
B0JB7UMLSU,卓迅仓储北区,公司企业;公司企业;公司企业,108.82355834207992,34.30456617857213,未央区,108.828221,34.303059
B0FFGCDY6S,陕西嘉禾药业有限公司,公司企业;公司;冶金化工,108.82289480984186,34.26017366471849,未央区,108.827555,34.258649
B0FFFA9AZ2,西安长东船舶动力有限公司,公司企业;公司;公司,108.82622674807612,34.30651531242983,未央区,108.830885,34.305004
B0IAHD4DLJ,陕西盘龙医药物流有限公司,生活服务;物流速递;物流速递|公司企业;公司;公司,108.83339247349609,34.27577204104763,未央区,108.838036,34.274234
B0J1OZDY77,陕西嘉禾农业集团有限公司,公司企业;公司;公司,108.82652095946555,34.26075623529545,未央区,108.831175,34.259225
B0FFGCDXIS,仁智达钢铁,公司企业;公司;商业贸易,108.83234051151572,34.265590234179946,未央区,108.836985,34.26405
B0FFFTHTW6,陕西省西咸新区沣东新城环卫车场,交通设施服务;停车场;专用停车场|公司企业;公司;公司,108.83329282019173,34.29412206282755,未央区,108.837938,34.292592
B0JBTC7ZCO,永兴隆工业发展有限公司(西安分公司),公司企业;公司;公司,108.82441832580446,34.2488569482747,未央区,108.829075,34.247325
B0LKJH1MDC,陕西及食达供应链有限公司,公司企业;公司;公司,108.83491695727228,34.252152371501836,未央区,108.839556,34.250602
B0HKBLZG22,陕西米禾供应链管理股份有限公司,公司企业;公司;公司,108.83980828711528,34.24966636703738,雁塔区,108.844439,34.248106
B001D0ZODB,西安三桥物资储运有限公司,公司企业;公司;公司|生活服务;物流速递;物流速递,108.83655530214418,34.29427207327992,未央区,108.841195,34.292736
B001D0ZM8A,西安市塑料制品一厂,公司企业;工厂;工厂,108.82980535257074,34.28828404084303,未央区,108.834456,34.286758
B0K66UUHXO,陕西仁誉鼎辉报废汽车回收有限公司,公司企业;工厂;工厂,108.83798934597782,34.261383429799984,未央区,108.842624,34.259831
B0GUZ7EZKR,卓迅仓储,公司企业;公司;公司,108.82261078594344,34.30383073424748,未央区,108.827275,34.302325
B0FFGHB2Y6,西安秦通沥青搅拌厂,公司企业;公司;冶金化工,108.84287085135756,34.25446704875224,未央区,108.847497,34.252903
B0G22O0N6V,中国邮政(建章路中段邮政所),公司企业;公司;公司|生活服务;邮局;邮局,108.83563003726904,34.29074688308498,未央区,108.840271,34.289211
B0FFGCDXU1,陕西众隆冶金设备有限公司,公司企业;公司;冶金化工,108.83021599764092,34.264270777946564,未央区,108.834864,34.262734
B0KKODNH59,西安优恩美商贸有限公司,公司企业;公司;商业贸易,108.82652108509096,34.259206851015165,未央区,108.831175,34.257675
B0HATC0GOI,西安排水集团莲湖管网运维中心,公司企业;公司;公司,108.84545299762729,34.25349402377198,雁塔区,108.850075,34.251925
B001D0W455,陕西金山推工程机械有限公司,公司企业;公司;机械电子|汽车服务;汽车服务相关;汽车服务相关,108.82464805884369,34.2693512563616,未央区,108.829306,34.267827
B0J6DRE1CR,华旭泰新能源,公司企业;公司;公司,108.83990948395801,34.261673836604515,未央区,108.844541,34.260118
B0K075KFEQ,中德建材仓储运营中心,公司企业;公司;公司,108.83242840022353,34.26881409314688,未央区,108.837073,34.267275
B001D10YU4,荣辉企业,公司企业;公司;公司,108.84131633668287,34.30422741611666,未央区,108.845949,34.302687
B0JBPL9RFH,西安刚飞肉类供应链有限公司,公司企业;公司;公司,108.83970752302204,34.25709328436312,未央区,108.844339,34.255536
B0FFH5QJVI,陕西发展医药有限公司,公司企业;公司;医药公司,108.83396533726328,34.27708056839478,未央区,108.838608,34.275542
B0KAGAPR1Y,陕西神农雨供应链管理有限责任公司,公司企业;农林牧渔基地;其它农林牧渔基地,108.83939363024797,34.24938471741886,雁塔区,108.844025,34.247825
B0FFJRY5R5,西安胜利纸箱包装有限公司,公司企业;公司企业;公司企业,108.82571865131234,34.272300060452594,未央区,108.830375,34.270775
B0G0Z5XTNN,西安星禾农业科技有限公司,公司企业;公司;公司,108.84129515984628,34.256446429315716,未央区,108.845924,34.254886
B0FFFA98CK,华悦能源三桥工业气站,公司企业;公司;公司,108.82968968652094,34.30640987170525,未央区,108.834342,34.304892
B0G2AN4J0J,富源一路二号仓库,公司企业;公司;公司,108.83158037180095,34.25131945498493,未央区,108.836225,34.249775
B0G2NH1WS6,西凹里租赁型保障房项目,公司企业;公司企业;公司企业,108.8343847030599,34.25657264967114,未央区,108.839025,34.255025
B0LA7MSQ2G,陕西八匹马交通设施有限公司,公司企业;公司;公司,108.82876165569252,34.27484073553655,未央区,108.833413,34.273311
B0FFGCDW69,西安耀星纸业包装有限公司,公司企业;公司;公司,108.82323724765646,34.274314577335346,未央区,108.827898,34.272795
B0KDOCLAQY,陕西省糖酒副食有限公司,公司企业;公司;公司,108.8362938875599,34.29399271021561,未央区,108.840934,34.292457
B0FFGZ0TTQ,西安艺美包装有限责任公司,公司企业;公司;公司,108.83097545162744,34.27468296166666,未央区,108.835623,34.273149
B0K2T5NX0M,陕西中德新材料有限公司,公司企业;公司;公司,108.83221202525236,34.268902651639415,未央区,108.836857,34.267364
B0H0FZKMKH,厨乐厨业制造厂,购物服务;家居建材市场;厨卫市场|公司企业;工厂;工厂,108.8305687914929,34.274265370348544,未央区,108.835217,34.272732
B0JDJMEKXQ,陕西富达,公司企业;公司;公司|生活服务;物流速递;物流速递,108.82438409318989,34.27570115261393,未央区,108.829043,34.27418
B0LRDS6XJ4,金瑞晟云仓,公司企业;公司;公司,108.82673856285285,34.30727893112346,未央区,108.831396,34.305767
B0KAFXH17K,陕西盈合鼎厨房设备工程有限公司,公司企业;公司;公司,108.8644162688896,34.279526633325304,莲湖区,108.869015,34.277938
B0FFKH3BTK,西安华诚,公司企业;公司企业;公司企业,108.8291246433713,34.2703112791965,未央区,108.833775,34.268779
B0H01AOQIA,陕西美成电气成套设备有限公司,公司企业;公司;公司,108.82466363235284,34.27494399034782,未央区,108.829322,34.273422
B0FFGCDY19,陕西大迪木业有限公司,公司企业;公司;公司,108.82339343967958,34.25054437571777,未央区,108.828052,34.249015
B0FFHMS9Y8,陕西盘龙太医堂药业有限公司,公司企业;公司;医药公司,108.82291734777839,34.27868816301217,未央区,108.827579,34.277171
B0KKZ7LXQ3,陕西鲁班专佳工程有限责任公司,公司企业;公司;公司,108.82606744470296,34.30689184380081,未央区,108.830726,34.305381
B0K3UAIK2A,西安净水公司鱼化再生水厂,公司企业;工厂;工厂,108.83552712743244,34.25036620016404,雁塔区,108.840165,34.248814
B0LDDU7STI,陕西臻享装饰设计有限公司,公司企业;公司;广告装饰,108.84282855478419,34.26970788351854,未央区,108.847456,34.26815
B0FFKQW5VW,西安小猪配齐供应链管理有限公司(沣东分仓),公司企业;公司;公司,108.82480114524957,34.25916863536896,未央区,108.829458,34.25764
B0FFJFGA5W,三联磁业,公司企业;公司企业;公司企业,108.82494891350771,34.2774944675834,未央区,108.829607,34.275973
B0JGH6NLWR,欧尼罗系统门窗(水厂东路店),购物服务;家居建材市场;建材五金市场|公司企业;工厂;工厂,108.83140013314645,34.275208541566556,未央区,108.836047,34.273674
B0GR27B404,诚信佳项目管理有限责任公司,公司企业;公司;公司,108.84401046337207,34.269307160887685,未央区,108.848636,34.267747
B0LBFUVM3O,安能物流(后卫寨店),公司企业;公司;公司|生活服务;物流速递;物流速递,108.82587206839872,34.30740624519734,未央区,108.830531,34.305896
B0JGTUPVHK,陕西臻泽农业发展有限公司,公司企业;公司;公司,108.8265711505722,34.25945684599935,未央区,108.831225,34.257925
B0FFGXVRW8,腾信仓储,公司企业;工厂;工厂,108.82527705381577,34.307356150143576,未央区,108.829937,34.305847
B0FFJZY2MU,西安东瑞机械制造有限公司,公司企业;公司;机械电子,108.8278694832197,34.30748896330516,未央区,108.832525,34.305975
B0LDRZCP2L,陕西禾和鲜商贸有限公司,公司企业;公司;公司,108.82627059966653,34.25990610271153,未央区,108.830925,34.258375
B0FFGCDWMF,仁智达钢铁东库,公司企业;公司;公司,108.83228946095173,34.26514231903456,未央区,108.836934,34.263602
B0L129V0D6,中建丝路友谊村项目部,公司企业;公司;公司,108.86808167154278,34.25817716340073,莲湖区,108.872675,34.256575
B0FFHSHDP3,西安保赛医药有限公司,公司企业;公司;公司,108.83191599023107,34.275473399674674,未央区,108.836562,34.273938
B0MBNCTG1M,西安时鲜供应链管理有限公司,公司企业;公司企业;公司企业,108.82541914665386,34.25985452344362,未央区,108.830075,34.258325
B0FFH85LFF,安能物流(水场路店),公司企业;公司;公司|生活服务;物流速递;物流速递,108.82645363435017,34.275698040252834,未央区,108.831109,34.274173
B0FFGCDXU4,陕西龙王不锈钢,公司企业;公司;公司,108.82985721492028,34.266369257984834,未央区,108.834506,34.264834
B0KU7778E5,永专信日化用品销售公司,公司企业;公司;公司,108.82460546934753,34.27572855649987,未央区,108.829264,34.274207
B0MGFU4KR5,特发新能(陕西)电力设备有限公司,公司企业;公司;公司,108.82931468218932,34.27384818527105,未央区,108.833965,34.272317
B0LKXSM39X,陕西鲜临门生鲜科技发展有限公司,公司企业;公司;公司,108.83984356511996,34.259331647968786,未央区,108.844475,34.257775
B0FFG3EJSJ,西安泰康医院管理有限公司,公司企业;公司;医药公司,108.82667577038306,34.266366276257294,未央区,108.83133,34.264837
B0HDGSOVK1,陕西欧正贸易有限公司,公司企业;公司;商业贸易,108.82579187598198,34.25872367197268,未央区,108.830447,34.257193
B0JA1HMN2L,陕西华仁国济医药有限公司,公司企业;公司;公司,108.84277807998325,34.286984583825905,未央区,108.847407,34.285434
B0GUA1ESS8,陕西信和达模具有限公司,公司企业;公司;公司,108.8301159983996,34.2745104183986,未央区,108.834765,34.272978
B001D0WTGV,西安西骏新材料有限公司,公司企业;公司;公司,108.84114694550203,34.25612928530325,未央区,108.845776,34.254569
B0LKODFMC0,陕西欣桥般蔬集配供应链有限公司,公司企业;公司;公司,108.83790630080206,34.24784757718334,雁塔区,108.84254,34.24629
B0JD1H4ZI4,沣汇仓储,公司企业;公司;公司,108.82838547628306,34.306140540092336,未央区,108.83304,34.304625
B0FFGCDY2Z,陕西航远彩色包装有限公司,公司企业;公司;公司,108.82821276608384,34.274223957901,未央区,108.832865,34.272695
B0HKDDX57W,西安丰龙农业科技有限公司,公司企业;公司;公司,108.82262618317485,34.27460031646737,未央区,108.827288,34.273082
B0LBZHH7PV,陕西大庄启航科技有限公司仓库,公司企业;公司;公司,108.8267944826734,34.260078019270054,未央区,108.831448,34.258546
B0FFL0ZPLI,西安信意车厢厂,公司企业;工厂;工厂,108.82308451883245,34.28009288801589,未央区,108.827746,34.278576
B0FFG6I6FV,陕西三桥精细化工公司,公司企业;公司;公司,108.82498888670887,34.30333740918546,未央区,108.829649,34.301827
B0FFJRX0J7,西安天瑞广告,公司企业;公司;广告装饰|生活服务;生活服务场所;生活服务场所,108.82855417432295,34.25168362692204,未央区,108.833204,34.250145
B0I2J75ET4,沣东自来水维护项目部,公司企业;公司;公司,108.84403668345247,34.27948900356597,未央区,108.848663,34.277933
B0JB1SF9QB,陕西开芯农副产品有限公司,公司企业;公司;公司,108.82967703958542,34.252365473348355,未央区,108.834325,34.250825
B0J0GHJ4MN,陕西汇通天下医药有限公司,公司企业;公司;医药公司,108.84384605894077,34.28349697747919,未央区,108.848473,34.281943
B0FFGY5LZ3,西安正合物业逸兴分公司,公司企业;公司;公司,108.85000025903628,34.26111588052698,莲湖区,108.854616,34.259542
B0LAHAHDFF,西安蔬润康农业科技发展有限公司,公司企业;公司;公司,108.82560264574056,34.25756777339747,未央区,108.830258,34.256037
B0J0VLX2LJ,陕西加宇白广告设计有限公司,公司企业;公司;广告装饰,108.83905933974627,34.3080865686493,未央区,108.843696,34.306552
B0L14M0XC1,陕西闪菜农业科技有限公司,公司企业;公司;公司,108.82721018411996,34.26020575019932,未央区,108.831863,34.258673
B0I6B9XI3I,煜盛通风管道加工厂,公司企业;公司;公司,108.83007912232858,34.27220030022433,未央区,108.834728,34.270667
B0LA6RD39Y,西安华农汇农业有限公司,公司企业;公司;公司,108.82622055956712,34.25934323204218,未央区,108.830875,34.257812
B0JUDSYFJD,西安博绿特农业科技有限公司,公司企业;公司;公司,108.82405463191645,34.24975491974943,未央区,108.828712,34.248224
B0FFLCSYGN,西安蓝旋风通风工程有限公司,公司企业;公司;公司,108.82426669916087,34.2780879404908,未央区,108.828926,34.276568
B0G0CRYCB1,陕西玖月禾农业科技有限公司,公司企业;公司;公司,108.82542925977353,34.25867101167085,未央区,108.830085,34.257141
B0HRG59Q02,西安康凯机械有限公司,公司企业;公司;公司,108.82495378689667,34.279159781961084,未央区,108.829612,34.277639
B0M675Y1QS,西安天阙供应链管理有限公司,公司企业;公司;公司,108.82599083694592,34.27576014470864,未央区,108.830647,34.274236
B0HKHD9MXF,陕西鑫鹏通信技术有限公司,公司企业;公司;公司,108.82560862716674,34.257923644112985,未央区,108.830264,34.256393
B0K1M5RV5S,少东家共享折扣仓,公司企业;公司;公司|购物服务;购物相关场所;购物相关场所,108.83203915370184,34.27604339442469,未央区,108.836685,34.274508
B0H1B7FRSN,西安骏腾凯沃汽车配件有限公司,公司企业;公司;公司,108.8245048054211,34.30646010381653,未央区,108.829166,34.304952
B0KKKRQKHE,陕西丽麦源食品有限公司,公司企业;公司;公司,108.82324723146228,34.274724426755284,未央区,108.827908,34.273205
B0FFGCDY1W,净化板业,公司企业;公司;公司,108.82277908945241,34.27896878724118,未央区,108.827441,34.277452
B0FFHSV2EH,鑫鑫包装,公司企业;公司;公司|购物服务;专卖店;专营店,108.86707728639438,34.288325461254665,莲湖区,108.871674,34.286737
B0LRSX57Z0,第二十再生水厂,公司企业;工厂;工厂,108.83520841907261,34.25250677626815,未央区,108.839847,34.250956
B0JUHMPG62,三品图文广告(西咸万象城三桥店),公司企业;公司;广告装饰,108.82603167012611,34.29102276745291,未央区,108.830689,34.289505
B0FFH5OICX,陕西哈尔特精密机械有限公司,公司企业;公司;机械电子,108.82439385177727,34.27888584590553,未央区,108.829053,34.277366
B001D0W5DZ,西安造纸机械厂,公司企业;工厂;工厂,108.84344938934721,34.284007053151605,未央区,108.848077,34.282454
B0FFH85J84,陕西天学模具有限公司,公司企业;公司;公司,108.82320708628184,34.2756709600053,未央区,108.827868,34.274152
B001D0VX9T,陕西宇龙工程机械有限责任公司,公司企业;公司;机械电子,108.82371548099783,34.26916358441809,未央区,108.828375,34.267641
B0K1H5TES9,西安戴诺克航空科技有限公司,公司企业;公司;公司,108.82893587976453,34.275755684539966,未央区,108.833587,34.274226
B0FFKTYQMD,西安惠徳机电设备有限公司,公司企业;公司;公司,108.8309580943673,34.26637132550446,未央区,108.835605,34.264834
B0FFM7N4M1,陕西兴宇建筑安装工程有限公司,公司企业;公司;建筑公司,108.82970658143316,34.30806315929542,未央区,108.834359,34.306546
B0FFH9HQGS,陕西鑫北玻安全玻璃有限公司,公司企业;公司;公司,108.82580039598903,34.27717919776656,未央区,108.830457,34.275656
B001D093I1,西安市华丰包装有限公司,公司企业;公司;公司,108.83702510164032,34.30644655998681,未央区,108.841665,34.304915
B0IGVR2RSM,陕西同力重工股份有限公司,公司企业;公司;公司,108.81125636903516,34.335462276175775,未央区,108.815942,34.333992
B0HB3S986U,盒马鲜生西安沣东运营中心,公司企业;公司;公司,108.80783556870053,34.31619839370461,未央区,108.812525,34.314725
B0JAPUXXJ5,西安日立能源电力电容器有限公司,公司企业;公司企业;公司企业,108.80178455505933,34.31665406577105,未央区,108.806483,34.315191
B0FFIDFSZ8,西安市北得龙金属材料有限公司,公司企业;公司企业;公司企业,108.82076598929987,34.32429691803403,未央区,108.825435,34.322804
B0FFFEWLBN,西安西开精密铸造有限责任公司,公司企业;公司;公司,108.78169212883853,34.30931266963193,秦都区,108.786413,34.307874
B0FFGFQBWS,新龙药业,公司企业;公司;医药公司,108.80407856777619,34.320375101702965,未央区,108.808774,34.31891
B0FFH5X3MA,陕西华威科技股份有限公司,公司企业;公司;网络科技,108.81820179936479,34.322669934133124,未央区,108.822875,34.321181
B0FFH91NY8,陕西恒达福混凝土制品有限公司,公司企业;公司;公司,108.78904800702753,34.31094187301507,秦都区,108.793762,34.309495
B0FFI8VYEH,金元三轮车厂,公司企业;公司;公司,108.82041888172444,34.330692240703065,未央区,108.825089,34.329203
B0J2HOPYFR,西咸新区轨道交通投资建设有限公司,公司企业;公司;公司,108.79462606910283,34.34037274980011,秦都区,108.799336,34.338932
B0KRA53EF8,中国化学水岸铭居项目部,公司企业;公司企业;公司企业,108.79007721873884,34.334315299977554,未央区,108.794792,34.332878
B0FFJCZ2CS,西安都乐食品有限公司,公司企业;公司企业;公司企业,108.8179592746977,34.32412680396167,未央区,108.822633,34.322639
B0JK568240,西安天工电气有限公司,公司企业;公司;机械电子,108.81737707532535,34.326909421090704,未央区,108.822052,34.325424
B0KDO5NM77,西安重装伟肯电气有限责任公司,公司企业;公司;公司,108.82168230186828,34.3272792164942,未央区,108.82635,34.325786
B0J09CYQ54,陕西海通医药有限公司,公司企业;公司企业;公司企业,108.81712600261422,34.33494811580252,未央区,108.821802,34.333467
B038E0O8D9,西安西电豪特电力开关制造有限公司,公司企业;公司;公司,108.77779617160854,34.30950250739627,秦都区,108.78252,34.308068
B0J39X9ZD9,陕西新丝路医药有限公司,公司企业;公司;医药公司,108.82000281004618,34.322919147326665,未央区,108.824673,34.321427
B0I2VC63KR,西安新华印务有限公司,公司企业;公司;公司,108.80131013170981,34.32586900059491,未央区,108.80601,34.324411
B0JA3SW34Y,陕西士多嘉科技有限公司,公司企业;公司;公司,108.80781754018389,34.31620735852088,未央区,108.812507,34.314734
B0H395SF0M,陕西思极科技有限公司,公司企业;公司;公司,108.78035266388399,34.33851449420862,秦都区,108.785077,34.337091
B0FFL7Q8GM,西安维亚造纸机械有限公司,公司企业;公司;公司,108.81923648225393,34.34794162264561,未央区,108.82391,34.346463
B038E0OFPI,陕西龙源佳泰电器设备有限公司,公司企业;公司;公司,108.78792776622699,34.31163609593731,秦都区,108.792643,34.310191
B0FFFFYRHD,金鸽食品,公司企业;公司;公司,108.79233704743415,34.36793349970637,渭城区,108.797052,34.36651
B0FFKYHBDZ,西安讯迪电气工程有限公司,公司企业;公司;公司,108.81660201119423,34.32412531417201,未央区,108.821278,34.32264
B0LD9HWRRF,陕西净菜供应链管理有限公司,公司企业;公司;公司,108.81796227989017,34.32412481042992,未央区,108.822636,34.322637
B0J09UV4LZ,陕西伟业医药有限公司,公司企业;公司企业;公司企业,108.81720915072655,34.334831324715836,未央区,108.821885,34.33335
B0KA2HE45I,陕西商储冷鲜加工中心,公司企业;公司;公司,108.81770079065659,34.3247620296366,未央区,108.822375,34.323275
B0JDM53XPV,西安地铁16号线沙河滩车辆段,公司企业;公司;公司,108.79578553598859,34.340254518727434,未央区,108.800494,34.338812
B0FFGIL6ZC,西安汤姆森电气有限公司,公司企业;公司;公司,108.77581096970471,34.308550047974265,秦都区,108.780536,34.307117
B0FFH9EL0H,咸阳东大洋混凝土有限公司,公司企业;公司;公司,108.79318903233069,34.34382897392976,未央区,108.797901,34.342392
B0FFI2K6CV,西安路安轨道装备有限公司,公司企业;公司;公司,108.80471701023103,34.32650828732441,未央区,108.809412,34.325045
B038E01XDJ,西北电力建设第四工程公司,公司企业;公司;建筑公司,108.78036316747428,34.36907103358091,渭城区,108.78509,34.367663
B0H6J5CW0Y,陕西聚合云仓供应链有限公司,公司企业;公司;公司,108.82186735992097,34.33043605971192,未央区,108.826535,34.328944
B0FFGC1DCL,西安翔凌汽车零部件有限公司,公司企业;公司;公司,108.80705708316839,34.319768405358495,未央区,108.811748,34.318298
B0FFH2ZADB,陕西合力叉车有限责任公司,公司企业;公司;公司,108.8040282394021,34.3234945600117,未央区,108.808724,34.322031
B0KGUSR2A2,西安汇川技术研发中心有限公司,公司企业;公司;公司,108.80800677225726,34.3292125933101,未央区,108.812697,34.327745
B038E0O5LV,咸阳华源石化工贸有限公司,公司企业;公司;冶金化工,108.77540503754071,34.36577386665858,渭城区,108.780135,34.364369
B0KROYPT4L,西安领充数字能源科技有限公司,公司企业;公司;公司,108.80068369567942,34.320444540636075,未央区,108.805384,34.318985
B0FFG9W0PD,金元三轮(陕西银翔金元车业有限公司店),购物服务;专卖店;自行车专卖店|公司企业;公司;公司,108.81885098155523,34.33382983039475,未央区,108.823524,34.332345
B0KK2D5RIQ,陕西拓鑫峻特种设备安全技术有限公司,公司企业;公司;公司,108.8224773620394,34.31856978213222,未央区,108.827143,34.317071
B0H2UURGBM,印彩图文快印广告(西咸中心店),公司企业;公司企业;公司企业,108.77907195951038,34.335318706753135,秦都区,108.783797,34.333895
B0FFMEDMSZ,咸阳三和,公司企业;公司;公司,108.78970034621834,34.315451678419194,秦都区,108.794414,34.314006
B0LR01NPNG,陕西数字医药产业园A栋,公司企业;公司;公司,108.81719913199005,34.3348562942776,未央区,108.821875,34.333375
B0JR97LY1L,西安英孚瑞科技有限公司,公司企业;公司;公司,108.81052030801087,34.321836455544044,未央区,108.815206,34.320361
B0G22AREN3,陕西鑫鑫德商贸有限责任公司,公司企业;公司;公司,108.80482241903061,34.32341392124899,未央区,108.809517,34.321949
B0I3TA7UXY,科仪阳光检测环境事业部,公司企业;公司;公司,108.80544324750718,34.32460740259336,未央区,108.810137,34.323142
B0G0MHNOMJ,西安都创医药科技有限公司,公司企业;公司;公司,108.80539729699386,34.32315700658048,未央区,108.810091,34.321691
B0FFFFYRHG,咸阳玻璃钢有限责任公司,公司企业;公司;公司,108.79356647960472,34.368365020562116,渭城区,108.79828,34.36694
B0FFGZ30WM,西咸新区沣河金湾热力公司,公司企业;公司;公司,108.77512352280407,34.30902820763174,秦都区,108.779849,34.307596
B0GR1HXKEK,众汇充电,公司企业;公司;公司,108.8200726092525,34.32684042996745,未央区,108.824743,34.32535
B0LKU7YN2U,东方科美生物医药胶原蛋白研发及生产基地项目部,公司企业;公司;公司,108.80863570382881,34.32974342840171,未央区,108.813325,34.328275
B0JUJ5SFX5,西安华协医药有限责任公司,公司企业;公司;医药公司,108.81511409727437,34.31740473506715,未央区,108.819792,34.315919
B0I1X5P6VG,陕西虹之彩花卉科技产业园,公司企业;农林牧渔基地;其它农林牧渔基地,108.81543249287051,34.34356281595266,未央区,108.820112,34.342089
B0KRMU3PMR,西安安科讯数字能源技术有限公司,公司企业;公司;公司,108.80710248818653,34.327918654632214,未央区,108.811794,34.326452
B0FFFFYUG2,陕西汇源健康食品有限公司,公司企业;公司;公司,108.78508325487529,34.36890149409134,渭城区,108.789806,34.367488
B0HKDZUBSV,陕西西咸新区发展集团有限公司,公司企业;公司;公司,108.7790999857316,34.33524876931452,秦都区,108.783825,34.333825
B0J155QS08,怡康医药库房收货区,公司企业;公司;公司,108.80304151924025,34.32693730877504,未央区,108.807739,34.325477
B0FFJND5RC,西安圣雪绒羊绒制品有限公司,公司企业;公司企业;公司企业,108.82061159604532,34.32591786710616,未央区,108.825281,34.324426
B0I1FZNH6T,陕西康利医药有限公司,公司企业;公司;医药公司,108.81076368668843,34.3219298409272,未央区,108.815449,34.320454
B0L255CJTF,昂晨智能制造(西安)有限公司,公司企业;公司;公司,108.8170809734209,34.3220921445255,未央区,108.821756,34.320605
B0JUO9DMB7,蒙牛库房,公司企业;公司;公司,108.80781754018389,34.31620735852088,未央区,108.812507,34.314734
B0LR5LC81W,西网产业园,公司企业;公司;公司,108.80312757069873,34.32783502458748,未央区,108.807825,34.326375
B001D0VYKF,利君锌业,公司企业;公司;冶金化工,108.81487212140225,34.31221667744947,未央区,108.81955,34.310729
B0J12UZ2XR,天鼎医药,公司企业;公司;医药公司,108.81491491906883,34.327858478349015,未央区,108.819594,34.326378
B0KGGM4LPS,重庆医药集团陕西有限公司,公司企业;公司企业;公司企业,108.81714895074153,34.33605562206297,未央区,108.821825,34.334575
B0K6VMWG0W,汇川储能及电源系统制造基地,公司企业;公司;公司,108.80703330319432,34.328891074182636,未央区,108.811725,34.327425
B0J65CL1EN,万威刀具制造智能工厂,公司企业;工厂;工厂,108.80302803398268,34.32038836141497,未央区,108.807725,34.318925
B0FFFA9ET6,明月钢化玻璃,公司企业;公司;公司,108.81304743741526,34.308603027686324,未央区,108.817728,34.307117
B0HA9Z786J,陕西瑞尔康环保科技有限责任公司,公司企业;公司;公司,108.81490631448504,34.322825835798305,未央区,108.819585,34.321343
B0GRL1PXV3,西安市沣东新城春雷五金机械加工厂,公司企业;工厂;工厂,108.82242380037593,34.31204867911637,未央区,108.827089,34.310547
B0MBFR86AF,西安翔凌汽车零部件有限公司(新厂),公司企业;公司;公司,108.81812452476706,34.34903702262104,未央区,108.8228,34.347561
B0G2NS2358,西安利乐众生食品科技有限公司,公司企业;工厂;工厂,108.80441381085012,34.32345122146239,未央区,108.809109,34.321987
B0H1F5FZ2U,陕西正诚路桥工程研究院有限公司,公司企业;公司;公司,108.80602914865378,34.32435551066212,未央区,108.810722,34.322889
B0FFIXOY2X,陕西金信建筑工程质量检测有限公司,公司企业;公司;公司,108.80470734438745,34.322235281000204,未央区,108.809402,34.32077
B0H2ZUAE0W,陕西汉唐丝路实业有限公司,公司企业;公司;公司,108.81217680118382,34.311432188727515,未央区,108.816859,34.309949
B0JUO1CDLA,陕西华虹医药有限公司,公司企业;公司;公司,108.79866169790749,34.323198069668564,未央区,108.803365,34.321743
B0JUPU4IMF,陕西晶泰新能源科技有限公司,公司企业;公司;公司,108.80272670397245,34.31909746780462,未央区,108.807424,34.317634
B0M6MLW2TZ,陕西马森野崎牧场观光有限公司,公司企业;公司;公司,108.79866276919907,34.346826653318,未央区,108.803368,34.345383
B0FFJVJQK7,陕西创美惠众医药有限公司,公司企业;工厂;工厂,108.80658331046526,34.32039430556759,未央区,108.811275,34.318925
B0FFGWES0I,西安迪安医学检验实验室有限公司,公司企业;公司;医药公司,108.80597319385332,34.32276616192546,未央区,108.810666,34.321299
B0JGA9BO3E,西安华中数控有限公司,公司企业;公司;公司,108.80132462883172,34.32002776140022,未央区,108.806024,34.318567
B0HDDC9US5,西安市正通市政工程试验检测有限公司,公司企业;公司企业;公司企业,108.8201517364026,34.32692153841008,未央区,108.824822,34.325431
B0J2YSO12V,绿能慧充沣东研发生产基地,公司企业;公司;公司,108.81188032430859,34.32372098005497,未央区,108.816564,34.322244
B0L3H79G1U,西安联森医药有限责任公司,公司企业;公司;医药公司,108.80603246037629,34.320593277322196,未央区,108.810725,34.319125
B0JG19Z5X9,陕西龙山海天艺术印务有限公司,公司企业;公司;公司,108.80766771897967,34.3234537315287,未央区,108.812358,34.321984
B0FFM3M58B,陕西精益工模具制造有限公司,公司企业;公司;公司,108.80399410464977,34.3245320158564,未央区,108.80869,34.323069
B0FFG9DMZR,咸阳西秦生物科技有限公司,公司企业;公司;公司,108.78757064517391,34.36969317222609,渭城区,108.792291,34.368277
B0GRUD5BV4,西安华和工矿设备有限公司,公司企业;公司;公司,108.82226364332007,34.32293834695093,未央区,108.82693,34.321442
B0HKNUP7IJ,西安众慧航电精密仪器有限公司,公司企业;公司;公司,108.8046981361599,34.324621146103944,未央区,108.809393,34.323157
B0JG9A7YAT,邦泽广告快印(沣东阳光荟店),公司企业;公司;广告装饰,108.78235395225066,34.330468571331,秦都区,108.787076,34.329039
B0G315Y3R3,陕西隆盛源环保科技有限公司,公司企业;公司;公司,108.82050029746507,34.327273019223654,未央区,108.82517,34.325782
B0LBKU2D5U,启峰万卓(陕西)医药有限公司,公司企业;公司;医药公司,108.80873669992103,34.3194484488482,未央区,108.813425,34.317975
B0JGPUGN2O,陕西鑫安合辉环保科技有限公司,公司企业;公司;公司,108.8065158603013,34.32466019366457,未央区,108.811208,34.323193
B0FFF3J26S,陕西惠森实业集团,公司企业;公司;公司|公司企业;农林牧渔基地;其它农林牧渔基地,108.80385156396525,34.31633659583507,未央区,108.808547,34.31487
B0FFKKY25Y,七彩堂快印广告,公司企业;公司;广告装饰|生活服务;生活服务场所;生活服务场所,108.7823265945408,34.33455357913519,秦都区,108.787049,34.333126
B0J05ZTQ23,986快印广告,公司企业;公司;广告装饰,108.80666920078906,34.323341074683164,未央区,108.811361,34.321873
B0MBYZ4NJ1,陕西遍山建设工程有限公司(保力强液压传动研发及生产基地建设项目),公司企业;公司;建筑公司,108.80932447434958,34.33348183564134,未央区,108.814013,34.332014
B0J3RUPNUD,西安瀚海天行科技有限公司,公司企业;公司;公司,108.80714102897299,34.322007505150246,未央区,108.811832,34.320538
B0LKYU3MR2,中陕核杨凌核盛辐照技术有限公司(西安分公司),公司企业;公司;公司,108.81341495060504,34.32191556976816,未央区,108.818096,34.320435
B0KASGG83W,迅湃(西安)新能源智能设备制造有限公司,公司企业;公司;公司,108.81319782031747,34.319183452483244,未央区,108.817879,34.317702
B038E01FVD,咸阳市彩虹商贸食品有限公司,公司企业;公司;商业贸易,108.79072820830976,34.36776336035835,渭城区,108.795445,34.366342
B0I0CMGC4N,西安奔云信息科技有限公司,公司企业;公司;公司,108.80240208560306,34.320956073361266,未央区,108.8071,34.319494
B0G3SXY6KC,上药控股(陕西)有限公司,公司企业;公司;公司,108.81006617344923,34.326945254018774,未央区,108.814753,34.325473
B0KB6Z7MGO,知野牧场,公司企业;农林牧渔基地;其它农林牧渔基地,108.82119459645021,34.35036704323615,未央区,108.825865,34.348886
B0L0CZWZMG,西安鸿运远大贸易有限公司(欧曼售后服务),公司企业;公司;商业贸易,108.81291236193405,34.35595905253496,未央区,108.817597,34.354496
B0FFG8B7WO,西安辰辉电器设备有限公司,公司企业;公司;公司,108.8045770692429,34.323242591589896,未央区,108.809272,34.321778
B0M63Z7720,陕西尚亿达物联技术有限责任公司,公司企业;公司;公司,108.81952042217877,34.32997591632171,未央区,108.824192,34.328488
B0KB9SAQ1T,启承悬浮科技(西安)有限公司,公司企业;公司;公司,108.80169918067246,34.319757490881365,未央区,108.806398,34.318296
B0JB7MJHHP,霍尼韦尔(西安)有限公司,公司企业;公司;公司,108.78025059417318,34.338398442163715,秦都区,108.784975,34.336975
B0LUZUV3U7,陕西新世纪医药有限公司,公司企业;公司;医药公司,108.81342908096445,34.320596210825734,未央区,108.81811,34.319115
B0FFHH2ROS,西安锦江物业服务有限公司,公司企业;公司企业;公司企业,108.78073480589569,34.31601556451608,秦都区,108.785457,34.314581
B0GKSHKFS6,陕西欧卡联盟工程机械设备有限公司,公司企业;公司;公司,108.82006796904636,34.310010218788555,未央区,108.824737,34.308512
B0JBHUXF5K,秦创原科技创新投资集团股份有限公司,公司企业;公司;公司,108.78084615077654,34.33731160932573,秦都区,108.78557,34.335887
B0J32A6WYG,西安鼎正测控科技有限公司,公司企业;公司;公司,108.80763274844674,34.322432150148245,未央区,108.812323,34.320962
B0KARRB8NX,陕西明途食品有限公司,公司企业;公司;公司,108.81299376012431,34.31585762373331,未央区,108.817675,34.314375
B0I01ZUXEK,西安社社通商贸有限公司,公司企业;公司;商业贸易,108.81645362274895,34.313575935523296,未央区,108.821129,34.312086
B0J2KZ155U,陕西药为善医药有限责任公司,公司企业;公司;医药公司,108.82145346806539,34.33275517700098,未央区,108.826122,34.331265
B0H1SHJRAY,陕西银泰钢结构有限公司,公司企业;公司;公司,108.81079047634245,34.31275512681475,未央区,108.815475,34.311275
B0I0YSXOMW,西安煤科地热能开发有限公司,公司企业;公司;公司|科教文化服务;科教文化场所;科教文化场所,108.78035066363807,34.338498499873275,秦都区,108.785075,34.337075
B0I3LZZ7AO,陕西省建筑设备安装质量检测中心有限公司,政府机构及社会团体;公检法机构;公证鉴定机构|公司企业;公司;公司,108.82039512517483,34.32720285708116,未央区,108.825065,34.325712
B0IGAZMP8D,西安华宇反光标牌工程有限公司,公司企业;公司;公司,108.82205209667677,34.32523587210274,未央区,108.826719,34.323741
B0KANUVDSF,西安雪秀贸易有限公司,公司企业;公司;商业贸易,108.81214273882196,34.311525085748016,未央区,108.816825,34.310042
B0I37UQCTT,西安蜂鸟中试科技有限公司,公司企业;公司;公司,108.80069874964096,34.32004075258846,未央区,108.805399,34.318581
B0MGUAAWON,西安汇川技术有限公司,公司企业;公司;公司,108.8113104448856,34.32331515889632,未央区,108.815995,34.321839
B0FFL2PY9K,西安东龙精密工具有限公司,公司企业;公司;公司,108.80581579562957,34.324742967329314,未央区,108.810509,34.323277
B0L05XUAYE,陕西锦泽工程车辆有限公司,公司企业;公司;公司,108.81992007232152,34.31797229753264,未央区,108.82459,34.316478
B0LDUUELZP,西安方元明鑫精密机电制造有限公司,公司企业;公司;机械电子,108.80785405131833,34.32289731321719,未央区,108.812544,34.321427
B0KANH1Y2Q,西安未央道具库,公司企业;公司;公司,108.81507766041011,34.30974417392876,未央区,108.819755,34.308255
B0KDGHKP97,西安豪迈数控机床有限公司,公司企业;公司;机械电子,108.80104820640355,34.32043812657401,未央区,108.805748,34.318978
B0K2VC9KCA,竞彩图文广告快印,公司企业;公司;广告装饰,108.78921034189811,34.32121735606676,秦都区,108.793925,34.319775
B0K37ZLCJO,辉利沣东冷库,公司企业;公司;公司,108.81832987328805,34.32440135748366,未央区,108.823003,34.322913
B0JUJ5T271,西安华协医药有限责任公司仓储,公司企业;公司;医药公司,108.81101332847602,34.318925680699444,未央区,108.815698,34.317448
B0J3XC9JV5,中铁四局时光云启雅园2标项目经理部,公司企业;公司;公司,108.78804943958625,34.3416280634558,秦都区,108.792767,34.340197
B0K0J7EAE6,陕西祥宇建设有限公司,公司企业;公司;建筑公司,108.81212906861833,34.35631047424406,未央区,108.816815,34.354849
B0JBPD7SNO,西安砺芯慧感科技有限公司,公司企业;公司;公司,108.80142581991691,34.31943619922014,未央区,108.806125,34.317975
B0JRJMG9OX,陕西建工第三建设集团有限公司起步区C地块工程总承包项目经理部,公司企业;公司;公司,108.77774168223999,34.339449363421856,秦都区,108.782468,34.338029
B0JG4MCYHF,陕西禄利邦木材有限公司,公司企业;公司;公司,108.8072319152431,34.34963128441826,未央区,108.811925,34.348175
B0JUY7WERB,中核承影(西安)医疗设备有限公司,公司企业;公司;医药公司,108.80212770090517,34.32085767290793,未央区,108.806826,34.319396
B0KRM12O6E,陕西西昂科技集团有限公司,公司企业;公司;公司,108.8027776558661,34.32058785820932,未央区,108.807475,34.319125
B0HAHSH2ZQ,陕建丝路创发中心,公司企业;公司;公司,108.78000086552115,34.33273891617882,秦都区,108.784725,34.331313
B0FFMAVI8K,西安天河高压开关工程有限公司,公司企业;工厂;工厂,108.78969863093788,34.311945280828304,秦都区,108.794412,34.310498
B0LRGCTICZ,陕西鲁康医药有限公司(菜鸟库区),公司企业;公司;医药公司,108.80878895717994,34.317289539598384,未央区,108.813477,34.315815
B0J04532NZ,陕西和盛康医药科技有限公司,公司企业;公司;公司,108.82169397331495,34.331566195729614,未央区,108.826362,34.330075
B0KAJU6VU3,海川医药(丰产路店),公司企业;公司;公司,108.81614735125997,34.335254177546965,未央区,108.820825,34.333775
B0J3UP0FJX,一家牧场,公司企业;公司企业;公司企业,108.78710714072167,34.321220630103504,秦都区,108.791824,34.319781
B0L0DAMZQV,陕西药易达医药供应链有限公司,公司企业;公司;医药公司,108.80501895855022,34.32038166772729,未央区,108.809713,34.318915
B0L27AJZTY,陕西中大康成医药有限公司,公司企业;公司;医药公司,108.80282721771428,34.326835005898985,未央区,108.807525,34.325375
B0HU15BAPR,卡斯柯信号(西安)有限公司,公司企业;公司;公司,108.7831528018187,34.340737512375846,秦都区,108.787875,34.339312
B0L2SC6G4J,陕西祯祥业济医药有限公司,公司企业;公司;医药公司,108.814746508913,34.31721015844781,未央区,108.819425,34.315725
B0LUDABL1W,西安沃恩机床有限公司,公司企业;公司;公司,108.80263442862959,34.32084350490269,未央区,108.807332,34.319381
B0L6PZC4XM,陕西快乐草原烤全羊餐饮管理有限公司,公司企业;公司;公司,108.80483937502463,34.34877366137586,未央区,108.809536,34.347321
B0JAXC34FF,陕西维美纸业有限责任公司,公司企业;公司;公司,108.78891080432301,34.311621383153394,秦都区,108.793625,34.310175
B0MG3SA4EE,陕西东远医疗器械有限公司,公司企业;公司;公司,108.77737077517315,34.31084048480573,秦都区,108.782095,34.309407
B0JUH5YBY0,陕西弘海特种玻璃,公司企业;公司;公司,108.81569766868029,34.32220956210352,未央区,108.820375,34.320725
B0FFJYL2A3,陕西润之宸实业有限公司,公司企业;公司企业;公司企业,108.80599018263014,34.32321797891991,未央区,108.810683,34.321751
B0JALD641L,浩欣客供应链,公司企业;公司;公司,108.81068911875288,34.32744811170467,未央区,108.815375,34.325975
B0IUYDKO2L,启明星辰西安安全运营中心,公司企业;公司;公司,108.77879948097348,34.338746763806185,秦都区,108.783525,34.337325
B0FFK8IG77,西安笑宽自动化设备有限公司技术中心,公司企业;公司企业;公司企业,108.80577794562282,34.322205094339004,未央区,108.810471,34.320738
B0FFFFYUFS,陕西诚通通信技术有限公司,公司企业;公司;公司,108.7793016824146,34.365160964696315,渭城区,108.784029,34.363752
B0HRS5Q21L,西安启明星辰信息技术有限公司,公司企业;公司;公司,108.78052179007356,34.33858663971011,秦都区,108.785246,34.337163
B0LGA7O7XX,陕西康正医药有限公司,公司企业;公司;医药公司,108.81729020969568,34.33576802048503,未央区,108.821966,34.334287
B0IK9H0X0N,西安展辉木材有限公司(暂停营业),公司企业;公司;公司,108.80372615380541,34.35587222810873,未央区,108.808425,34.354425
B0KRM14ZZ8,盒马沣东运营中心3号库,公司企业;公司;公司,108.81149131293579,34.31620478484095,未央区,108.816175,34.314725
B0LBCSBPXO,陕西鸿兴绿通供应链管理有限责任公司,公司企业;公司;公司,108.79359850482645,34.368530979497294,渭城区,108.798312,34.367106
B0I03CWD13,陕西金信天钛材料科技有限公司,公司企业;公司;公司,108.80154587383345,34.32085573218208,未央区,108.806245,34.319395
B0K65ZIGIV,中水数智(陕西)工程技术有限公司,公司企业;公司;公司,108.80779801399237,34.32229549848302,未央区,108.812488,34.320825
B0K3OCP8LD,陕西鼎恒实业有限公司,公司企业;公司;公司,108.81309325423099,34.324053990006085,未央区,108.817775,34.322575
B0MGTU7REA,尚饰居装饰,公司企业;公司;广告装饰,108.77829160232405,34.32064588123987,秦都区,108.783016,34.319216
B0JB1N2KJL,湘彩广告快印店,公司企业;公司;广告装饰,108.78286639337671,34.33045815794846,秦都区,108.787588,34.329028
B0JU7LRH5H,西安燧石科技有限公司,公司企业;公司;网络科技,108.80633258801961,34.324591914177276,未央区,108.811025,34.323125
B0HUFMWU5Q,秦御茯茶,公司企业;公司;公司,108.785502610268,34.36943872102165,渭城区,108.790225,34.368025
B0K30ZUYFV,嘉好(陕西西安仓),公司企业;公司;公司,108.80958419586689,34.31735389570337,未央区,108.814271,34.315878
B0JDP7UWCA,陕西琨伦医药有限公司,公司企业;公司;医药公司,108.80277013600298,34.326826916299,未央区,108.807468,34.325367
B0JA4ARM5E,陕西同人应用材料有限公司,公司企业;公司;公司,108.8150309732919,34.31724765679387,未央区,108.819709,34.315762
B0H1U5YAYO,陕西锦辰烘贝食品科技有限公司,公司企业;公司;公司,108.80720804520584,34.3230661243019,未央区,108.811899,34.321597
B0HUU5R6XI,陕西博文,公司企业;公司;公司,108.80756650119302,34.324216199365075,未央区,108.812257,34.322747
B0IKJR6YLI,陕西固高科技有限公司,公司企业;公司;公司,108.77532649444623,34.33524312969503,秦都区,108.780054,34.333823
B0JKY6DR55,陕西春辉医药有限公司,公司企业;公司;医药公司,108.81732835824255,34.3347245949901,未央区,108.822004,34.333243
B0KB7CO89I,西安中之继电子科技有限公司,公司企业;公司;机械电子,108.80116342988084,34.31968366237691,未央区,108.805863,34.318223
B0L0K7QEO0,大秦电能集团西咸分公司,公司企业;公司;公司,108.77533150000956,34.335211149677534,秦都区,108.780059,34.333791
B0GD1RONKM,陕西星力机械设备有限公司,公司企业;公司;公司,108.77828173541486,34.3189356663716,秦都区,108.783006,34.317505
B0FFF43RDO,咸阳嘉润建筑工程机械有限公司,公司企业;公司;机械电子,108.78926117310118,34.31172180019371,秦都区,108.793975,34.310275
B0J06UPEQF,陕西大洋医药有限公司,公司企业;公司;医药公司,108.81719913199005,34.3348562942776,未央区,108.821875,34.333375
B0LANAM2R1,陕西美什美畅科技有限公司,公司企业;公司;公司,108.80543940467874,34.32260933409748,未央区,108.810133,34.321143
B0MBD6EWV6,西安翰华印务有限公司,公司企业;公司;公司,108.80197608671094,34.32573413952594,未央区,108.806675,34.324275
B0M6ZA0U61,陕西伟航建设工程有限公司,公司企业;公司;建筑公司,108.81133566505437,34.33338341966388,未央区,108.816021,34.331912
B0FFFA9M19,陕西汇达园林绿化公司,公司企业;公司;公司,108.80780881117995,34.31271594454922,未央区,108.812498,34.311241
B0KBLZYNKX,陕西广源医药有限公司,公司企业;公司;医药公司,108.8159760633675,34.33530584010612,未央区,108.820654,34.333827
B0MGTR8ANY,陕西秦瑜信息科技有限公司,公司企业;公司;网络科技,108.78393961172806,34.339419072724944,秦都区,108.788661,34.337992
B0MDV7O2UI,陕西华析智检科技有限公司,公司企业;公司;公司,108.80561769341811,34.3223457579735,未央区,108.810311,34.320879
B0H12C93EP,西安标源印务有限公司,公司企业;公司;公司,108.80669213650086,34.32455754221901,未央区,108.811384,34.32309
B0L3TH7ZO7,西安精动微电机科技有限公司,公司企业;公司;机械电子,108.81608394744524,34.326637183241665,未央区,108.820761,34.325154
B0JA2UAF7B,喵星救援(西安)基地,公司企业;公司;公司,108.80223643652616,34.31374513508706,未央区,108.806934,34.31228
B0HGFC4PJZ,西安盒马中电四项目部,公司企业;公司;公司,108.81364476456977,34.31650849303081,未央区,108.818325,34.315025
B0J6VCCVUD,西咸壹号鸽舍,公司企业;公司企业;公司企业,108.80002148395776,34.348519939214064,未央区,108.804725,34.347075
B0LKS5HZWG,陕西和音社电子科技有限公司,公司企业;公司;公司,108.80276764501559,34.320543862322296,未央区,108.807465,34.319081
B0J2KZ155L,犀有物西安未央分拨中心,公司企业;公司;公司,108.80682257833794,34.30930180532812,未央区,108.811513,34.307827
B0KD5BOFRF,陕西晨杰环保科技有限公司,公司企业;公司;公司,108.80565777158337,34.32212492890135,未央区,108.810351,34.320658
B0JUFCVARG,盛鑫环保工程有限公司西安项目部,公司企业;公司;公司,108.8218310995507,34.345181816199485,未央区,108.8265,34.343697
B0J3LA7YFS,中建八局时光云启项目部,公司企业;公司;公司,108.78792250966042,34.339157109764834,秦都区,108.79264,34.337725
B0L0ZRFTSL,陕西德泓医药有限公司,公司企业;公司;医药公司,108.82030530526293,34.32311761572095,未央区,108.824975,34.321625
B0LRA90Z7H,西安秦草数字科技有限公司,公司企业;公司;公司,108.81512412858103,34.31722283730318,未央区,108.819802,34.315737
B0LBGR8SLZ,亚讯广告,公司企业;公司;广告装饰,108.78495580765316,34.3240536451834,秦都区,108.789675,34.322618
B0KGD7PKHC,陕西金瑞药业有限公司,公司企业;公司;公司,108.81709886727846,34.33605553027176,未央区,108.821775,34.334575
B0M651L3LM,陕西氢科未来能源科技有限公司,公司企业;公司;公司,108.80746219990105,34.32594720454408,未央区,108.812153,34.324479
B0J2F55GFR,西安煤科透明地质科技有限公司,公司企业;公司;公司,108.78035067183183,34.3383985485941,秦都区,108.785075,34.336975
B0MGYZ5P61,陕西法士特集团科技创新有限责任公司,公司企业;公司;公司,108.78080813503732,34.337134654229494,秦都区,108.785532,34.33571
B0LU7A0NQQ,陕西斯赛姆科技有限公司,公司企业;公司;公司,108.81576439867285,34.32688348417819,未央区,108.820442,34.325401
B0JDBZ9CI6,陕西秦卫生物医药有限公司,公司企业;公司;公司,108.80217486867402,34.31962732215912,未央区,108.806873,34.318165
B0J0O7FAYK,陕西熊猫健康大药房连锁有限公司,公司企业;公司;医药公司,108.81734539007454,34.33468264650552,未央区,108.822021,34.333201
B0MUGRNGIX,天回航天,公司企业;公司;公司,108.80618245461646,34.32344219959634,未央区,108.810875,34.321975
B0K1PZF0B7,陕西太合数智科技有限公司,公司企业;公司;公司,108.81505099524594,34.31738263076784,未央区,108.819729,34.315897
B0MU7560MS,欣意广告,公司企业;公司;广告装饰,108.78054151001693,34.329984809436816,秦都区,108.785265,34.328557
B0L2RHLRAR,山江优选仓库B区5号库,公司企业;公司;公司,108.82155669945672,34.332065700379935,未央区,108.826225,34.330575
B0LRA40N5J,旭杰坤食品加工厂,公司企业;工厂;工厂,108.81711397336339,34.32276888828168,未央区,108.821789,34.321282
B0MBFU701B,新能源电气装备研发及生产基地,公司企业;公司;公司,108.81133965408155,34.33359632424885,未央区,108.816025,34.332125
B0MBA7A2CG,西安宇昕商贸有限公司,公司企业;公司;商业贸易,108.80749709845132,34.31557909655702,未央区,108.812187,34.314106
B0H1SHJRBD,西安璟慈新材料科技有限公司,公司企业;公司;公司,108.80758655710797,34.323908378505855,未央区,108.812277,34.322439
B0K2JD29CI,陕西康源医药有限公司,公司企业;公司;医药公司,108.81759976811607,34.33525683626352,未央区,108.822275,34.333775
B0J0H6HPBQ,西安伟驰汽车科技有限公司,公司企业;公司;公司,108.80194382744934,34.32834784950375,未央区,108.806643,34.32689
B0G0MCNPVF,西安市豪圣电力电器制造有限责任公司,公司企业;公司;公司,108.80508872250448,34.32455083326089,未央区,108.809783,34.323086
B0FFJNM1MH,西安维美羊绒制品有限公司,公司企业;公司企业;公司企业,108.82064568520822,34.32553111301879,未央区,108.825315,34.324039
B0K6P5VS67,杭叉集团股份有限公司陕西省办事处,公司企业;公司;公司|汽车服务;汽车服务相关;汽车服务相关,108.82120638904331,34.32856671860394,未央区,108.825875,34.327075
B0IBUSM6K8,陕西飞轮高铁装备股份有限公司,公司企业;公司;公司,108.8044746743757,34.326227015743285,未央区,108.80917,34.324764
B0FFH1IJGS,红太阳(建章路),公司企业;公司;公司,108.84020251189081,34.316770697196624,未央区,108.844838,34.315238
B0FFFPLABV,西安顶益食品有限公司制面工厂,公司企业;工厂;工厂,108.83133527189248,34.35850993840592,未央区,108.835989,34.357014
B0FFHXQ8EB,西安沣东发展集团有限公司,公司企业;公司;公司,108.83615918287016,34.312276317212486,未央区,108.840801,34.310749
B0FFK3LAZ7,德尚仓储,公司企业;公司企业;公司企业,108.84125947439817,34.32612325213534,未央区,108.845894,34.324593
B001D0ZNCB,陕西高速公路工程试验检测公司,公司企业;公司;公司,108.84004504525406,34.331719380188,未央区,108.844682,34.330194
B0MDSZE7RI,凯迪拉克-陕西天锐凯鑫(西三环店),汽车销售;通用特约销售;凯迪拉克销售|汽车维修;通用特约维修;凯迪拉克维修|汽车销售;克莱斯勒特约销售;吉普销售|公司企业;公司;公司|生活服务;生活服务场所;生活服务场所,108.8429602381734,34.325759491510844,未央区,108.847592,34.324226
B001D0W0BS,陕西交通控股集团有限公司西长分公司,公司企业;公司;公司,108.83890214612211,34.33199915456173,未央区,108.843541,34.330476
B0FFIN3KWA,陕西龙行天下押运有限公司,公司企业;公司;公司,108.84376957517856,34.34986120954136,未央区,108.848402,34.348338
B0FFFA9221,西安秉信环保包装有限公司,公司企业;公司;公司,108.82731932393843,34.359437913755926,未央区,108.83198,34.35795
B0FFH04ZUF,中国石油昆仑物流长庆运输分公司,公司企业;公司;公司,108.8366857351304,34.328687649455965,未央区,108.841328,34.327167
B0FFJZL7S7,中节能(西安)生态环保有限公司,公司企业;公司;公司,108.84167862188775,34.36973224168023,未央区,108.846316,34.368223
B001D0VZ0G,中联重科股份有限公司西安园区,公司企业;公司;公司|商务住宅;产业园区;产业园区,108.83533013002925,34.32044501231239,未央区,108.839974,34.318923
B0JK2UWDDI,西安赛隆增材技术股份有限公司,公司企业;公司;公司,108.84485878458058,34.3684685985741,未央区,108.849491,34.366953
B001D09PLG,唐都纸品,公司企业;公司;公司,108.83629955005262,34.310643320713254,未央区,108.840941,34.309115
B0FFFA92G9,西安蓝辉科技股份有限公司,公司企业;公司;网络科技,108.83304724966428,34.32072362225654,未央区,108.837695,34.319206
B0FFFVNYGP,陕西玉龙医药有限公司,公司企业;公司;医药公司,108.83893253592571,34.31544298569074,未央区,108.84357,34.313912
B0FFHKLXGX,陕西恒宇泰建设工程有限公司,公司企业;公司;建筑公司,108.8407539538742,34.347131140616995,未央区,108.845391,34.345612
B0FFJXU1IF,陕西鑫百科达医药有限公司,公司企业;公司;医药公司,108.82939795806787,34.30924104693281,未央区,108.834051,34.307725
B0FFGC345P,西安沣东热力有限公司,公司企业;公司;公司,108.82335940526258,34.348853843797386,未央区,108.828026,34.347368
B0JUS7QZ5R,西安霹雳文化产业有限公司,公司企业;公司;公司,108.84455269291405,34.36366955985325,未央区,108.849185,34.362152
B0HUTMXEEY,陕西太合智能钻探有限公司,公司企业;公司企业;公司企业,108.82403639382999,34.3263050791737,未央区,108.8287,34.324807
B0FFKL4ZV1,陕西中鑫混凝土有限公司,公司企业;公司;公司,108.83809233709948,34.350155757043936,未央区,108.842734,34.348643
B0FFHE7CKF,陕西奥特门业有限公司,公司企业;公司;公司,108.82728844064403,34.33272312823285,未央区,108.831947,34.331222
B0FFHQ6IH3,西安思金工贸有限公司,公司企业;工厂;工厂,108.82734152463944,34.32048601708629,未央区,108.831999,34.318979
B001D15GVW,西安力邦制药有限公司,公司企业;公司;医药公司,108.8451679942897,34.334770120071326,未央区,108.849797,34.333237
B001D0W3S9,西安宝丰瓦业有限公司,公司企业;公司;公司,108.84069077668133,34.310970242427146,未央区,108.845325,34.309434
B0IAJASVNA,陕西医药控股集团兴庆医药有限公司,公司企业;公司;医药公司,108.8241788490463,34.323697574685816,未央区,108.828842,34.322198
B0FFGAQGMR,陕西思维印务有限公司,公司企业;公司;公司,108.84297653865535,34.33473123699422,未央区,108.847609,34.333202
B0LDVD55CH,宇通(西安)售后服务中心,公司企业;公司;公司|汽车服务;汽车服务相关;汽车服务相关|汽车维修;汽车维修;汽车维修,108.83548549344526,34.331530065386886,未央区,108.84013,34.330013
B001D0VPVC,陕西秦食实业有限公司,公司企业;公司;公司,108.84409685997083,34.340375494186766,未央区,108.848728,34.338847
B0FFGVVW35,富远物流,公司企业;公司;公司|生活服务;物流速递;物流速递,108.83411084218932,34.33564652202694,未央区,108.838758,34.334134
B0FFIJUK4N,西安远大钢结构有限公司,公司企业;公司;公司,108.82401580635302,34.3331047985195,未央区,108.82868,34.33161
B0K6TZR1IY,陕西万骐大件运输有限公司,公司企业;公司;公司,108.83965024339527,34.35833646914445,未央区,108.84429,34.356825
B0J1MZRUOV,陕西长鑫精密装备有限公司,公司企业;公司;公司,108.84298816922524,34.364237473531624,未央区,108.847623,34.362723
B0FFJM6FWZ,西安新盈泰工程科技有限公司,公司企业;公司;公司,108.84366223899808,34.35191398592028,未央区,108.848295,34.350392
B0LU5AKQQ8,陕西小二哥供应链管理有限公司,公司企业;公司;公司,108.8232596234762,34.33176902355767,未央区,108.827925,34.330275
B0FFFW2I5T,西安海大油脂有限公司,公司企业;公司;公司,108.82719375862763,34.314480514778054,未央区,108.831851,34.312971
B0HBRS5PLZ,西安博菲克管理集团有限公司,公司企业;公司企业;公司企业,108.84483686507009,34.36705030276207,未央区,108.849469,34.365534
B0GUHSSUA3,16号院子,公司企业;工厂;工厂,108.82291976329205,34.31059626685301,未央区,108.827584,34.309093
B0LDT57Q0C,陕西九运通商业运营管理有限责任公司,公司企业;公司;公司,108.83099772996754,34.33344175601362,未央区,108.83565,34.331934
B001D09PF2,特奥星玻璃技术有限公司,公司企业;公司;公司,108.8292657450859,34.321412204115404,未央区,108.83392,34.319902
B0G0NUVWXL,西安笨娜娜供应链有限公司,公司企业;公司;公司,108.83187404270781,34.311002898466775,未央区,108.836523,34.309483
B0FFF8ZXWA,西安忠义金属制品设备总厂,公司企业;工厂;工厂,108.82349707543635,34.331194743109656,未央区,108.828162,34.3297
B0FFKF7FEG,西安未央区陇海液化气有限公司,公司企业;公司;公司,108.84341758881578,34.34279209480676,未央区,108.84805,34.341266
B0H6XDV0W8,陕西鸿博实业有限公司,公司企业;公司;公司,108.82499904000379,34.32630688395165,未央区,108.829661,34.324807
B0FFK91WUE,西安笑宽自动化设备有限公司生产基地,公司企业;公司企业;公司企业,108.8265170693197,34.30868588021116,未央区,108.831175,34.307175
B001D09PDP,中国石油化工股份有限公司西安石化分公司,公司企业;公司;公司,108.83630049423185,34.323706289630884,未央区,108.840943,34.322184
B0HRPS3DIE,西安西自仪检测技术有限公司,公司企业;公司企业;公司企业,108.84521246470284,34.36689704707529,未央区,108.849844,34.36538
B0FFGH9NX8,西安家麒工模具有限公司,公司企业;公司;公司,108.83631818820305,34.3278513656324,未央区,108.840961,34.326331
B0FFKTYWB9,陕西正峰医药有限责任公司,公司企业;公司企业;公司企业,108.83538474298217,34.32635833918275,未央区,108.840029,34.324839
B0J0R7MUIA,金汤城建(西安长城华韵制造示范区项目部),公司企业;公司;公司,108.84279009958783,34.36119069475678,未央区,108.847425,34.359675
B001D09PHZ,亚强电气,公司企业;公司;公司,108.83444149939955,34.322088589952905,未央区,108.839087,34.320569
B0FFJE10ZM,西安市第二市政工程公司拌和厂,公司企业;公司企业;公司企业,108.84479402417891,34.351899006481894,未央区,108.849425,34.350375
B0G3FMGLWT,陕西壹涵鸿运制冷工程有限公司,公司企业;公司;公司,108.82829674738828,34.337909516481545,未央区,108.832954,34.336409
B0M6HHB5U4,西永改扩建工程LJ-1标段项目经理部,公司企业;公司;公司,108.84140166641838,34.314228045783885,未央区,108.846035,34.312692
B0GU3XM4BZ,西安锐港工贸有限公司,公司企业;公司;公司,108.8239613290466,34.32552330766461,未央区,108.828625,34.324025
B0JBTS7DG8,长庆运输公司办公楼,公司企业;公司;公司,108.83688407121396,34.328627045446524,未央区,108.841526,34.327106
B001D0VZBX,鸿都购物广场(长庆店),购物服务;超级市场;超市|公司企业;公司企业;公司企业,108.83742877937632,34.331090877190945,未央区,108.84207,34.32957
B0H0R5CY2X,陕西鑫语途包装(二区),公司企业;公司;公司,108.84475672403634,34.34252461074426,未央区,108.849387,34.340996
B0M6UDPDPP,陕西菜乐乐鲜配农业科技有限公司,公司企业;公司;公司,108.84012035345363,34.317070409040724,未央区,108.844756,34.315538
B0JR3DFNOA,陕西御锦盛隆油脂有限公司,公司企业;公司;公司,108.83052850187639,34.31403898739073,未央区,108.83518,34.312523
B0FFHBLKQK,陕西顺天医药有限公司(库房),公司企业;公司;医药公司,108.82267702609523,34.33919933910652,未央区,108.827344,34.33771
B0FFHL3HLH,西安成峰物资贸易有限公司,公司企业;公司;商业贸易,108.82387572488537,34.318847270066165,未央区,108.828539,34.317346
B0FFLCD2P5,西安沣渭城市服务有限公司,公司企业;公司;公司,108.83710763483916,34.31391632452827,未央区,108.841748,34.312388
B0FFHV8ORL,陕西喜盛石油化工有限公司,公司企业;公司;冶金化工,108.82886797536656,34.33483408203216,未央区,108.833524,34.333331
B0LBFSUW2U,陕西华远医药集团西安有限公司,公司企业;公司;医药公司,108.82409467914461,34.32401826625278,未央区,108.828758,34.322519
B001D0VPO2,西安志宽食品有限公司,公司企业;公司;公司,108.8440847605175,34.34136898543868,未央区,108.848716,34.339841
B0IR4R3BJO,惠达卫浴库房,公司企业;公司;公司,108.84364274258647,34.33294528997123,未央区,108.848274,34.331414
B0HUYCT8JH,陕西欣森医药有限公司,公司企业;公司;公司,108.82401959597048,34.32346238657395,未央区,108.828683,34.321963
B0MUMLX53E,汉宫农耕场,公司企业;农林牧渔基地;其它农林牧渔基地,108.85534664428883,34.312384784284845,未央区,108.859959,34.310824
B0FFHK7JJU,富粮油脂有限公司,公司企业;公司;公司,108.82975547856397,34.31036421015688,未央区,108.834408,34.308848
B0FFIKZYE5,招财猫广告图文快印刻章,公司企业;公司;广告装饰|生活服务;摄影冲印店;摄影冲印,108.83746751177952,34.31048255508205,未央区,108.842107,34.308952
B0JD5ZBY6B,陕西疆云供应链有限责任公司,公司企业;公司;公司,108.84270388674729,34.3497643496931,未央区,108.847338,34.348243
B0FFKEJZ5S,陕西安信利医药有限公司,公司企业;公司;医药公司,108.83472080936781,34.33642328342079,未央区,108.839367,34.33491
B0GKJZW59S,金牛管仓储中心,公司企业;公司;公司,108.84389107308968,34.33372036013125,未央区,108.848522,34.332189
B0JAK5LCE2,海阔仓储,公司企业;公司企业;公司企业,108.83079114194733,34.311674560561684,未央区,108.835442,34.310157
B0FFHUWXX1,西安德赛控制系统有限责任公司,公司企业;公司;公司,108.82967957250723,34.33226984263394,未央区,108.834334,34.330764
B0KDTHCNXN,西安兴蓉环保科技有限公司,公司企业;公司;公司,108.83017010091378,34.3484198551005,未央区,108.834825,34.346921
B0I3L9YEJ4,陕西华远医药集团医药物流有限公司,生活服务;物流速递;物流速递|公司企业;公司企业;公司企业,108.82411469752766,34.32421321213877,未央区,108.828778,34.322714
B0FFKF2DBM,陕西秦邦库房,公司企业;公司企业;公司企业,108.833426903821,34.33293755094911,未央区,108.838075,34.331425
B0KG9L633X,陕西鼎雪商贸有限公司,公司企业;公司;公司,108.82391739560467,34.31146174115206,未央区,108.82858,34.309957
B0LDCXVPDZ,新华书店,公司企业;公司企业;公司企业,108.85430733312045,34.36076064178787,未央区,108.858925,34.359225
B0ID4LQKZI,陕西邑博建设工程有限公司,公司企业;公司;公司,108.8312412474893,34.33218381768303,未央区,108.835893,34.330675
B0FFM87FWS,兰州金凤凰营业厅西安分公司,公司企业;公司;公司,108.83614632634703,34.334938653082425,未央区,108.84079,34.333422
B0LR2D4SBH,深圳市凯卓立(陕西)分公司,公司企业;公司;公司,108.82836215024295,34.33432637578444,未央区,108.833019,34.332824
B0JG1HDN4I,凯峰车厢厂,公司企业;工厂;工厂,108.82460311914048,34.341615762727145,未央区,108.829267,34.340124
B0I2D5RYAJ,陕西宜安环保科技有限公司,公司企业;公司;公司,108.84437713496597,34.33006997548247,未央区,108.849007,34.328536
B001D10XS1,沣东文化策划有限公司,公司企业;公司;公司,108.83703248661732,34.31420005557161,未央区,108.841673,34.312672
B0LRAX1Q3J,飞航激光切管,公司企业;公司企业;公司企业,108.86100400166696,34.33453003609419,未央区,108.865611,34.332971
B0FFKWRWNJ,西安国力重工非公路矿用车制造有限公司,公司企业;公司;公司,108.82737048362289,34.33392570387125,未央区,108.832029,34.332425
B0JK71S7FU,陕西众禄达环保通风设备有限公司,公司企业;公司企业;公司企业,108.83345993014491,34.33330343673036,未央区,108.838108,34.331791
B0MD276W7L,上海新孚美变速箱技术服务有限公司西安分公司,公司企业;公司;公司,108.83264348177381,34.32173839285351,未央区,108.837292,34.320222
B0MDOCVXN4,汇安集团西安办事处,公司企业;公司;公司,108.8373747824947,34.31758912825941,未央区,108.842015,34.316062
B0FFFA95V0,荣坤光伏公司,公司企业;公司;公司|生活服务;生活服务场所;生活服务场所,108.8381344704836,34.31231495115674,未央区,108.842773,34.310784
B0H2NCG24Y,佳麦机械,公司企业;公司;机械电子,108.82952003514455,34.335528972209275,未央区,108.834175,34.334025
B0JASHCNLK,西安市未央区秦渭缘食品加工厂,公司企业;工厂;工厂,108.86371267594666,34.33956745410165,未央区,108.868317,34.338007
B0JA3SSS0N,德尚仓储,公司企业;公司;公司,108.83008923777348,34.320374236107305,未央区,108.834742,34.318862
B0HDY5R4SK,苏交科集团检测认证有限公司陕西分公司,公司企业;公司;公司,108.82406844006834,34.326410089594035,未央区,108.828732,34.324912
B0M6X1TGOO,陕西亨鑫供应链管理有限公司,公司企业;公司;公司,108.82454179642227,34.33198732140043,未央区,108.829205,34.330491
B0JUCO9J5J,西安汇景电子有限公司,公司企业;公司;机械电子,108.82421989493452,34.32399651121306,未央区,108.828883,34.322497
B001D0Z4P3,西安浩宇电信工程有限公司,公司企业;公司;公司,108.84507299490548,34.33292783987176,未央区,108.849702,34.331394
B0LGZRW5QD,无锡军航物流有限公司(西安分公司),公司企业;公司;公司,108.83063024258584,34.33171489524794,未央区,108.835283,34.330207
B0JRRUREPQ,陕西宝瑞亨达实业有限公司,公司企业;公司;公司,108.82384790674303,34.34064582277377,未央区,108.828513,34.339155
B0JKCUGM8B,西安方惠成包装有限公司,公司企业;公司;公司,108.83007220761107,34.32038719806652,未央区,108.834725,34.318875
B0G0KRUODK,西安国森商贸有限公司,公司企业;公司;商业贸易,108.82554409471555,34.337123723592676,未央区,108.830206,34.335628
B0G3JU7YB4,奇步楼梯西北分公司,公司企业;公司;公司,108.82316438708915,34.33267840898014,未央区,108.82783,34.331185
B0LD7UWMLC,西安友宝智能科技有限公司,公司企业;公司;公司,108.83788569082847,34.316854410334905,未央区,108.842525,34.315326
B0KUO7SCT0,陕西一木适家家具有限公司,公司企业;公司;公司,108.82413201982243,34.33292210418663,未央区,108.828796,34.331427
B0JBDAU61D,西安瑞福源商贸有限公司,公司企业;公司;商业贸易,108.84014931847643,34.31808799144506,未央区,108.844785,34.316556
B0J2NHBK3A,锂能新能源,公司企业;公司;公司,108.83742149627736,34.33443725577661,未央区,108.842063,34.332918
B0I1OHBX5R,宾之郎西安市场部,公司企业;公司;公司,108.86301632937828,34.32190592277946,未央区,108.86762,34.320338
B0JG19TSZN,陕西永明粮油商贸有限公司,公司企业;公司;公司,108.8410549383932,34.31628647116338,未央区,108.845689,34.314752
B0IDLLJW3X,陕西华元会展服务有限公司,公司企业;公司;公司,108.83709502629269,34.3088186204838,未央区,108.841735,34.307288
B0MA2RRXS9,西安汉唐分析检测有限公司(计量中心),公司企业;公司;公司,108.86267775828782,34.36149998188818,未央区,108.867285,34.359952
B0H15RU7R0,陕西一骑供应链服务有限公司,公司企业;公司;公司,108.86770120393827,34.321716317414975,未央区,108.8723,34.320142
B0I0KHZPXO,江西久汇电源西安办事处,公司企业;公司;公司,108.85979357191657,34.3466742972302,未央区,108.864403,34.345123
B0GRHAT6G8,中建汉城厂,公司企业;公司;冶金化工,108.84074281728526,34.34859439021499,未央区,108.84538,34.347076
B0H6HCGPJ1,西安众达通风管道加工厂,公司企业;公司;公司,108.82433627444831,34.32177277146788,未央区,108.828999,34.320272
B0K1CSL9HO,西安万里鹏城彩印有限公司,公司企业;公司;公司,108.84068650739874,34.36363562797827,未央区,108.845325,34.362125
B0G31HX76L,西安胜鑫电力有限公司,公司企业;公司;公司,108.82883701376112,34.33370756715277,未央区,108.833493,34.332204
B0JDH7C1CA,陕西虎哥汽车科技有限公司,公司企业;公司;公司|汽车服务;汽车服务相关;汽车服务相关,108.85591810229676,34.3161539624225,未央区,108.86053,34.314594
B0FFFWLWYY,陕西康华医药有限公司,公司企业;公司;医药公司,108.82362707563465,34.33392467552141,未央区,108.828292,34.332431
B0H33CU7H1,陕西西咸新区贝斯特检测技术有限公司,公司企业;公司;公司,108.83058714314087,34.31970048506132,未央区,108.835239,34.318187
