id,name,type,lng,lat,district,lng_gcj02,lat_gcj02
B0FFH8NA9O,山西特色蒸碗炒菜(甘家寨东区店),餐饮服务;中餐厅;西北菜,108.89824353572205,34.221563328083604,雁塔区,108.902825,34.219925
B0FFJCXVM4,东哥紫阳蒸盆子(旺座现代城C座店),餐饮服务;中餐厅;中餐厅,108.88674841448363,34.21773023452254,雁塔区,108.891328,34.216095
B0FFI93YHR,韩家韩国料理烧烤(绿地店),餐饮服务;外国餐厅;韩国料理,108.87241735090458,34.19639987298383,雁塔区,108.877002,34.19477
B0FFG23DS9,水晶炒饭(总店),餐饮服务;中餐厅;中餐厅,108.89767983284588,34.22077751938773,雁塔区,108.902261,34.219139
B0FFFGUZMM,明东碳烤韩国料理(绿地中央广场店),餐饮服务;外国餐厅;韩国料理,108.87262350772454,34.19643009619605,雁塔区,108.877208,34.1948
B0FFHE0IX0,白水葫芦头(万家灯火店),餐饮服务;中餐厅;中餐厅,108.8518654283865,34.205491588707794,雁塔区,108.856474,34.203894
B0FFGO5QSL,费二辣皮子炒鸡拌面,餐饮服务;餐饮相关场所;餐饮相关,108.85053609728524,34.198240827527954,雁塔区,108.855146,34.196643
B0FFFHJ0I2,瓦库15号(科技6路店),餐饮服务;茶艺馆;茶艺馆,108.88064302256528,34.212924419041045,雁塔区,108.885224,34.211292
B0FFJB86H8,石葵居酒屋(锦业时代店),餐饮服务;外国餐厅;日本料理,108.87352229560028,34.19501357036806,雁塔区,108.878106,34.193382
B0FFJ0A1DQ,客拉客海鲜烧烤店,餐饮服务;中餐厅;中餐厅,108.8967084687488,34.217389537914784,雁塔区,108.901289,34.21575
B0FFITJZJ5,酣舍·粤菜融合菜·中餐·茶馆(金泰假日花城店),餐饮服务;中餐厅;中餐厅,108.89782639406108,34.200529585202865,雁塔区,108.902406,34.198884
B0FFIN7EX5,光sa赵二羊肉饸饹(逸翠园i都会店),餐饮服务;中餐厅;中餐厅,108.88073325965053,34.18543776294117,雁塔区,108.885312,34.183796
B0FFHE1QR6,567大连海鲜(锦业路店),餐饮服务;中餐厅;中餐厅,108.85343146288302,34.19511767239222,雁塔区,108.858037,34.193514
B0FFFO3Q37,重庆阳光人家(东滩社区北区店),餐饮服务;中餐厅;四川菜(川菜),108.8458437311358,34.20220540722515,雁塔区,108.850461,34.200617
B0HA1HFLK4,张兴邦擀面皮肉夹馍(电子三路店),餐饮服务;中餐厅;中餐厅,108.90168966802509,34.20997566408752,雁塔区,108.906272,34.208333
B0H6XKUB1R,包鲜森(坤元商务中心店),餐饮服务;餐饮相关场所;餐饮相关,108.89843536788013,34.210125389012696,雁塔区,108.903016,34.208483
B0FFHHUDBZ,杨凌蘸水面(丈八西社区店),餐饮服务;中餐厅;中餐厅,108.85151650951924,34.19827445861497,雁塔区,108.856125,34.196675
B0FFGDDDN7,杨凌蘸水面(白沙路店),餐饮服务;中餐厅;中餐厅,108.90509832132344,34.22181522505773,雁塔区,108.909684,34.220177
B0FFG0U0H3,重庆川菜鱼庄(付村花园店),餐饮服务;中餐厅;海鲜酒楼,108.85810257187846,34.1837637895878,雁塔区,108.862701,34.182149
B0FFJ3PH5R,陶艺川菜(甘家寨东区店),餐饮服务;中餐厅;四川菜(川菜),108.89783872256848,34.22135134085793,雁塔区,108.90242,34.219713
B0L32D3456,瑞幸咖啡(高新方圆荟店),餐饮服务;休闲餐饮场所;休闲餐饮场所,108.86739945382048,34.227851803371394,雁塔区,108.871991,34.226239
B0K3VNKSMM,Manner Coffee(西安DT51店),餐饮服务;咖啡厅;咖啡厅,108.88604634614197,34.204639347035624,雁塔区,108.890625,34.203
B0H6XZW7JW,包鲜森(汇豪树中心店),餐饮服务;快餐厅;快餐厅,108.88092725223484,34.22405470685276,雁塔区,108.885509,34.222426
B0FFJ7NJJJ,长盛春腊牛羊肉店,餐饮服务;中餐厅;中餐厅,108.86355243729254,34.20346623194257,雁塔区,108.868146,34.20185
B0FFK03XRR,GrandCafe咖啡厅(西安君悦酒店),餐饮服务;咖啡厅;咖啡厅,108.87604308924188,34.194059553471355,雁塔区,108.880625,34.192425
B0FFJRC2SS,大铁锹精酿啤酒手抓海鲜(甘家寨店),餐饮服务;中餐厅;特色/地方风味餐厅,108.89966277366864,34.22279405213564,雁塔区,108.904245,34.221156
B0FFFP6IUW,茗居茶楼(锦业路店),餐饮服务;茶艺馆;茶艺馆,108.8529688217365,34.195077929318884,雁塔区,108.857575,34.193475
B0MGL1NJLJ,西安虾胡闹虾尾店(西安国宾店),餐饮服务;中餐厅;海鲜酒楼,108.86838575533731,34.21079513179296,雁塔区,108.872975,34.209175
B0M6SZ3AQ8,瑞幸咖啡(瞪羚谷创业园店),餐饮服务;餐饮相关场所;餐饮相关,108.85513468100108,34.19646896885243,雁塔区,108.859738,34.194863
B0LKCD1S96,杨铭宇黄焖鸡(高新店),餐饮服务;快餐厅;快餐厅,108.8822265839794,34.2262189873761,雁塔区,108.886808,34.22459
B0LAF5138U,蜀渝拌·重庆凉拌菜(高新店),餐饮服务;餐饮相关场所;餐饮相关,108.88873378765636,34.20305349003472,雁塔区,108.893312,34.201412
B0KDGOSBIE,饭盒故事西安店,餐饮服务;中餐厅;中餐厅,108.89901540636482,34.218836401916555,雁塔区,108.903597,34.217197
B0KBXUL0KI,N多寿司(高科尚都西安店),餐饮服务;餐饮相关场所;餐饮相关,108.86035321112831,34.19788452239124,雁塔区,108.86495,34.196271
B0KAACAJXP,百佳悦茶室,餐饮服务;茶艺馆;茶艺馆,108.8707679648267,34.20954448128484,雁塔区,108.875355,34.207921
B0K6M5IFQ3,水一方茶馆(万达·天樾一期南区店),餐饮服务;茶艺馆;茶艺馆,108.88963586675504,34.202403184625915,雁塔区,108.894214,34.200761
B0K6G90L6P,窑鸡王(立丰城店),餐饮服务;餐饮相关场所;餐饮相关,108.89842631460816,34.19834341398573,雁塔区,108.903006,34.196697
B0JGTSSTSF,科技二路你好签签,餐饮服务;中餐厅;火锅店,108.86426734829888,34.2267300356237,雁塔区,108.868862,34.225121
B0J3HUQMDC,老八米线(望庭尚街店),餐饮服务;中餐厅;中餐厅,108.88949558442448,34.21841155043585,雁塔区,108.894075,34.216775
B0J0S9L7X5,崔记面馆(铺尚新村花园店),餐饮服务;中餐厅;中餐厅,108.84963036747624,34.20327059293211,雁塔区,108.854242,34.201676
B0IRDBIKZR,正山堂(枫叶新家园店),餐饮服务;茶艺馆;茶艺馆,108.88845581967392,34.22744274984546,雁塔区,108.893036,34.22581
B0HG0R0LB7,炅爸爸擂椒拌饭(高新店),餐饮服务;中餐厅;中餐厅,108.89547243741664,34.22269335061785,雁塔区,108.900053,34.221056
B0GRCUDWHI,漫思茶(高新店),餐饮服务;茶艺馆;茶艺馆|餐饮服务;冷饮店;冷饮店,108.88231768814204,34.21283082797495,雁塔区,108.886898,34.211197
B0FFKSZE70,谢宝林烤肉拌饭(甘家寨),餐饮服务;快餐厅;快餐厅,108.89851131577332,34.22284790511448,雁塔区,108.903093,34.22121
B0FFJ3UM9F,上茶茶楼(天地源·丹轩坊店),餐饮服务;茶艺馆;茶艺馆,108.89016840430504,34.22064708968972,雁塔区,108.894748,34.219011
B001D10WN7,岐山臊子待客面,餐饮服务;中餐厅;中餐厅,108.84931288669117,34.20341900199566,雁塔区,108.853925,34.201825
B0FFFO3MV3,杨凌蘸水面(丈八六路店),餐饮服务;中餐厅;中餐厅,108.84906552020102,34.20341558098829,雁塔区,108.853678,34.201822
B0FFGEXVYT,新疆小厨(旗远·锦樾店),餐饮服务;中餐厅;中餐厅,108.87057906694147,34.193785604206056,雁塔区,108.875165,34.192157
B0FFJ6WK8U,绣桥中餐厅(西安君悦酒店),餐饮服务;餐饮相关场所;餐饮相关,108.87597204395492,34.194065479304584,雁塔区,108.880554,34.192431
B0FFIC1ZXI,遇见长安(高新万达店),餐饮服务;中餐厅;西北菜|汽车销售;长安汽车销售;长安汽车销售,108.88794019519364,34.20975174445908,雁塔区,108.892519,34.208113
B0FFHLXNR6,新疆麦麦提烤肉(里花水社区店),餐饮服务;中餐厅;清真菜馆,108.84682355636347,34.198242461760714,雁塔区,108.851439,34.196651
B0FFHK39NV,好大嫂抿节(旗远·锦樾店),餐饮服务;中餐厅;中餐厅,108.87041789480216,34.194223266036296,雁塔区,108.875004,34.192595
B0FFH0NEMN,东阳磐安私房菜馆(甘家寨西区店),餐饮服务;中餐厅;中餐厅,108.89551853972644,34.22124988033314,雁塔区,108.900099,34.219612
B001D0927E,聚宾楼·科技三路店,餐饮服务;中餐厅;北京菜,108.88217368992753,34.22465751041932,雁塔区,108.886755,34.223028
B0FFFZHMK4,阿宝海鲜烧烤(甘家寨店),餐饮服务;中餐厅;中餐厅,108.89943388224584,34.22286400618145,雁塔区,108.904016,34.221226
B0FFJBCFBQ,画臻楼融合餐厅,餐饮服务;中餐厅;中餐厅,108.87299069715868,34.19755513141333,雁塔区,108.877575,34.195925
B0FFJ0AEQB,妈妈的味道(韩国艺术之街店),餐饮服务;外国餐厅;韩国料理,108.87029258990596,34.196692291793376,雁塔区,108.874879,34.195065
B0FFFCVF6M,盈盛迎茶秀(万家灯火店),购物服务;专卖店;专营店|餐饮服务;茶艺馆;茶艺馆,108.85100918666711,34.20566310183246,雁塔区,108.855619,34.204067
B0LGNOT17F,澄老二澄城水盆羊肉·老二盐筋烤肉(高新领域店),餐饮服务;快餐厅;快餐厅,108.90060122540758,34.198449579262565,雁塔区,108.905182,34.196803
B0LDYR1F82,问茶·茶空间(丈八北路店),餐饮服务;茶艺馆;茶艺馆,108.86884905245546,34.22489371378282,雁塔区,108.873439,34.223278
B0L0UYVAYR,茶话弄(神州数码科技园店),餐饮服务;冷饮店;冷饮店,108.86358205646812,34.196143745471865,雁塔区,108.868175,34.194525
B0KA7NZ1FH,luckin coffee 瑞幸咖啡(西安高新万达广场店),餐饮服务;咖啡厅;咖啡厅,108.88602286653938,34.21058128277912,雁塔区,108.890602,34.208944
B0J2AC1P7Z,尚养三品鸡元汤金泰假日花城店,餐饮服务;中餐厅;中餐厅,108.89900373694265,34.202281155898405,雁塔区,108.903584,34.200636
B0HRDNVZ6L,罗记食品(西安高新医院软件园百事盛酒店店),餐饮服务;糕饼店;糕饼店,108.87621707198738,34.220625573396994,雁塔区,108.880801,34.219
B0G0UYM6YI,重庆鸡公煲(袁旗寨社区店),餐饮服务;中餐厅;四川菜(川菜),108.84763378026284,34.198349833356886,雁塔区,108.852248,34.196757
B0FFFO5ULI,麻浦肉食(逸翠·尚府北区店),餐饮服务;外国餐厅;韩国料理,108.8779639293622,34.185190353099536,雁塔区,108.882544,34.183551
B0FFHDD2TM,百碗香黄焖鸡排骨米饭(文理学院店),餐饮服务;餐饮相关场所;餐饮相关,108.90371483364652,34.21602845141046,雁塔区,108.908299,34.214388
B0FFFPIC45,乾县面馆(甘家寨东区店),餐饮服务;中餐厅;中餐厅,108.89904312290582,34.222213199103315,雁塔区,108.903625,34.220575
B0FFFO5WWD,忠清岛(逸翠·尚府北区店),餐饮服务;外国餐厅;韩国料理,108.87755471945704,34.18496703450137,雁塔区,108.882135,34.183328
B0M6D979AC,清真兰州拉面,餐饮服务;中餐厅;清真菜馆,108.87496023626449,34.22088618525169,雁塔区,108.879545,34.219262
B0LKZCFAU1,太太好粥(雁塔区店),餐饮服务;餐饮相关场所;餐饮相关,108.87918969081451,34.22115922861329,雁塔区,108.883772,34.219531
B0LGOH556F,一心·饺子郎鲜饺馆(电子三路店),餐饮服务;中餐厅;特色/地方风味餐厅,108.9021993409389,34.21007662219175,雁塔区,108.906782,34.208434
B0L1TH37I5,一玖·茶空间,餐饮服务;茶艺馆;茶艺馆,108.90345598737704,34.22889785302672,雁塔区,108.908041,34.227262
B0KD35RY52,尚品良牛高新旗舰店,餐饮服务;中餐厅;火锅店,108.8893097297348,34.20405145559872,雁塔区,108.893888,34.20241
B0G3ZBML7H,老成都巷子火锅,餐饮服务;中餐厅;火锅店,108.89868948448242,34.21974204012646,雁塔区,108.903271,34.218103
B0FFFHJ0UA,好大嫂抿节(甘家寨东区店),餐饮服务;中餐厅;西北菜,108.89639056064452,34.21759939374,雁塔区,108.900971,34.21596
B0FFFHIWPV,春和生葫芦头泡馍(枫林绿洲店),餐饮服务;中餐厅;中餐厅,108.89523890890528,34.21762109713905,雁塔区,108.899819,34.215982
B0FFHFTP23,清真海清斋铜锅涮肉(电子城店),餐饮服务;中餐厅;清真菜馆,108.90036682113424,34.205107307441935,雁塔区,108.904948,34.203463
B0FFFHJTR6,家乡香脆锅巴米饭,餐饮服务;中餐厅;中餐厅,108.8493333218141,34.198378743438134,雁塔区,108.853945,34.196783
B0FFIELZZ0,酥皮菜夹馍,餐饮服务;快餐厅;快餐厅,108.85990556548086,34.224146717138346,雁塔区,108.864505,34.222543
B0MGXCYQAO,炫一个铜锅涮肉(木塔寨店),餐饮服务;中餐厅;火锅店,108.88846323659746,34.20974404209687,雁塔区,108.893042,34.208105
B0MGVREKBU,牛阿良牛肉汤烧饼(鸿基新城店),餐饮服务;中餐厅;中餐厅,108.86116129380814,34.22127359910011,雁塔区,108.865759,34.219667
B0MGU7D85O,王二妹地摊串串野火锅,餐饮服务;中餐厅;火锅店,108.89902409097756,34.22272401355834,雁塔区,108.903606,34.221086
B0LRSS3XUG,肆斗麦手擀面(保利·双水磨小区北区店),餐饮服务;中餐厅;中餐厅,108.86968852073976,34.21596893532515,雁塔区,108.874277,34.214349
B0LKSNGVP0,京穆兰兰州牛肉面,餐饮服务;中餐厅;清真菜馆,108.88089419048528,34.212159899192855,雁塔区,108.885475,34.210527
B0LKKDNHHX,秦大碗手工油泼面(高新店),餐饮服务;中餐厅;中餐厅,108.882465658472,34.22634513042165,雁塔区,108.887047,34.224716
B0L1ACJQQN,三万鲤茶弈馆·棋牌·茶秀,餐饮服务;茶艺馆;茶艺馆,108.897138742225,34.22452207534622,雁塔区,108.90172,34.222885
B0L0VPHN1J,京穆兰兰州牛肉面(双水磨路店),餐饮服务;中餐厅;清真菜馆,108.86971755047496,34.21591698906382,雁塔区,108.874306,34.214297
B0L0GH3JCC,食小美,餐饮服务;中餐厅;中餐厅,108.89616273695674,34.20383312866328,雁塔区,108.900742,34.202189
B0KRM1XLVO,麦稻中式健康餐.高新店,餐饮服务;中餐厅;中餐厅,108.8964124007404,34.2195057215057,雁塔区,108.900993,34.217867
B0KKP1513U,光头炒面(立丰城店),餐饮服务;快餐厅;快餐厅,108.89971615473593,34.19270643938804,雁塔区,108.904296,34.191058
B0JAPZ4Q1G,重庆川菜(高科尚都店),餐饮服务;中餐厅;四川菜(川菜),108.8607567162739,34.19758221812838,雁塔区,108.865353,34.195968
B0H2615A1P,王记炒鸡(甘家寨东区店),餐饮服务;中餐厅;中餐厅,108.89720224029732,34.218004419942694,雁塔区,108.901783,34.216365
B0FFJ2LJHX,赵家腊汁肉(金泰店),餐饮服务;中餐厅;中餐厅,108.89801820729602,34.201873160727665,雁塔区,108.902598,34.200228
B0FFHI15DS,饥饿12点美食广场(摩尔店),餐饮服务;中餐厅;中餐厅,108.88083282482152,34.216406356349786,雁塔区,108.885414,34.214775
B0FFFHIWJK,王家饺子馆(甘家寨东区店),餐饮服务;中餐厅;特色/地方风味餐厅,108.89779184325508,34.220082786365886,雁塔区,108.902373,34.218444
B0FFII5LNH,孙家凯君泡馍(万家灯火店),餐饮服务;中餐厅;中餐厅,108.85182742586257,34.20484874580117,雁塔区,108.856436,34.203251
B0FFH01893,川湘缘食府(铺尚新村花园店),餐饮服务;中餐厅;中餐厅,108.8472158374327,34.20218981046171,雁塔区,108.851831,34.200599
B0FFG7WWFJ,塞纳维餐厅(丈八一路店),餐饮服务;外国餐厅;西餐厅(综合风味),108.87904841775436,34.19869989508975,雁塔区,108.883629,34.197064
B0MGDSR0M9,阿妹鲜卤,餐饮服务;餐饮相关场所;餐饮相关,108.87051503563391,34.1934976233703,雁塔区,108.875101,34.191869
B0MGD7R9L6,毋记削筋面,餐饮服务;中餐厅;中餐厅,108.85952720312262,34.19798725903312,雁塔区,108.864125,34.196375
B0MG2Z2E97,牛一轩牛肉汤面馆,餐饮服务;中餐厅;中餐厅,108.90369106797355,34.213316406885966,雁塔区,108.908275,34.211675
B0MBHMI1J3,辰火东北菜铁锅炖,餐饮服务;中餐厅;中餐厅,108.86904228835505,34.21166165067141,雁塔区,108.873631,34.210041
B0MAGCZ0US,雪泊仕雪糕批发超市(丈八店),餐饮服务;餐饮相关场所;餐饮相关,108.84871114749984,34.2014876299863,雁塔区,108.853324,34.199894
B0M6U9RFD4,季汤明·滋补炖汤(丈八北路店),餐饮服务;中餐厅;中餐厅,108.86996493405924,34.213833022711285,雁塔区,108.874553,34.212212
B0M66DB1FG,刘家滋补胡辣汤(丈八西路店),餐饮服务;中餐厅;中餐厅,108.86218016368308,34.20019040360745,雁塔区,108.866775,34.198575
B0M657K8R3,吉鲜三文鱼,餐饮服务;餐饮相关场所;餐饮相关,108.86343029944392,34.21598671901732,雁塔区,108.868025,34.214375
B0LUMAAQ24,百姓食府(逸翠园店),餐饮服务;中餐厅;中餐厅,108.88157338861043,34.18810859283461,雁塔区,108.886152,34.186467
B0LRO9XHN4,芽塑轻食,餐饮服务;餐饮相关场所;餐饮相关,108.90531169421342,34.21502760184507,雁塔区,108.909897,34.213387
B0LRKLJZVL,百姓美食广场,餐饮服务;中餐厅;中餐厅,108.8830320846786,34.19839833371076,雁塔区,108.887611,34.196759
B0LRD5669P,嘻哈帮火锅(甘家寨店),餐饮服务;中餐厅;火锅店,108.89753287676896,34.22095742942163,雁塔区,108.902114,34.219319
B0LKYA3J2G,老陕大锅丸子烩菜,餐饮服务;餐饮相关场所;餐饮相关,108.89969991322688,34.22081676390401,雁塔区,108.904282,34.219178
B0LK1RF05S,Pull-Tab拉环咖啡(西安首店),餐饮服务;甜品店;甜品店,108.85962631565216,34.198093371697055,雁塔区,108.864224,34.196481
B0LGP7OVZG,M2coffee,餐饮服务;咖啡厅;咖啡厅,108.8774306673885,34.18473698939916,雁塔区,108.882011,34.183098
B0LD2XHOVS,闲叙阁,餐饮服务;餐饮相关场所;餐饮相关,108.89702284857484,34.21123676340696,雁塔区,108.901603,34.209595
B0LD19L7H6,蓝泽膳坊美食城,餐饮服务;中餐厅;中餐厅,108.87907542846727,34.19873490787197,雁塔区,108.883656,34.197099
B0LB2RLIGU,签牛签火锅串串,餐饮服务;中餐厅;火锅店,108.85203721480622,34.1987401671772,雁塔区,108.856645,34.19714
B0L66MLHUH,拐杖土豆粉(阳光天地店),餐饮服务;中餐厅;中餐厅,108.86324576076284,34.182724680677744,雁塔区,108.867838,34.181102
B0L3MUK4XD,早麦郎鲜包,餐饮服务;快餐厅;快餐厅,108.85301889171308,34.195078011345416,雁塔区,108.857625,34.193475
B0L35ND1P1,闲中乐休闲茶室,餐饮服务;茶艺馆;茶艺馆,108.88999690523995,34.20191752989275,雁塔区,108.894575,34.200275
B0L30HKU9X,朴地·柒号茶宴,餐饮服务;茶艺馆;茶艺馆,108.88191247242597,34.2261747521255,雁塔区,108.886494,34.224546
B0L2D5921K,豫见胡辣汤(高新店),餐饮服务;中餐厅;中餐厅,108.85181693045678,34.19837792362942,雁塔区,108.856425,34.196778
B0L25OD8II,初心面馆(悦熙广场店),餐饮服务;中餐厅;中餐厅,108.90211631221456,34.21109626961322,雁塔区,108.906699,34.209454
B0L0VHI6NY,潮荟纪隆江猪脚饭(高新店),餐饮服务;中餐厅;中餐厅,108.86608214452032,34.22793605008519,雁塔区,108.870675,34.226325
B0L0V5I6ZI,清真伊星泡馍馆,餐饮服务;中餐厅;清真菜馆,108.87670787269585,34.21437527831641,雁塔区,108.881291,34.212747
B0L0A7CXAJ,福旺沣八两猪蹄,餐饮服务;中餐厅;中餐厅,108.8999006925619,34.222288252991554,雁塔区,108.904483,34.22065
B0KKNR61GA,湘悦情自选快餐(绿地领海大厦店),餐饮服务;快餐厅;快餐厅,108.8813677751863,34.19476922505072,雁塔区,108.885947,34.19313
B0KKFC9XKP,刘小二古法火锅(天地源·枫林绿洲G区店),餐饮服务;中餐厅;火锅店,108.88925479248516,34.21574936782786,雁塔区,108.893834,34.214112
B0KK6DF7GS,青雅茶缘,餐饮服务;茶艺馆;茶艺馆,108.88875450643506,34.21908092195864,雁塔区,108.893334,34.217445
B0KB1Z48VU,太初茶楼,餐饮服务;茶艺馆;茶艺馆,108.8753410693122,34.21365214395087,雁塔区,108.879925,34.212025
B0K6PZUHKE,三好卤味凉菜(甘家寨店),餐饮服务;餐饮相关场所;餐饮相关,108.89811565450626,34.22076159571969,雁塔区,108.902697,34.219123
B0K2Z601TX,谷丰削筋面,餐饮服务;中餐厅;中餐厅,108.87367148256668,34.19403705903027,雁塔区,108.878255,34.192405
B0K0ZUYI03,张小哥汉中麻辣粉(高新店),餐饮服务;中餐厅;中餐厅,108.87841839364724,34.21994195471599,雁塔区,108.883001,34.218314
B0JKBZJD5B,甜沐希(袁旗寨社区店),餐饮服务;餐饮相关场所;餐饮相关,108.84962375930483,34.198271273868166,雁塔区,108.854235,34.196675
B0JGXAZK28,披萨休闲西餐(丈八店),餐饮服务;外国餐厅;西餐厅(综合风味),108.84585675328036,34.20218043859281,雁塔区,108.850474,34.200592
B0JGJZW4VK,万象汇几道茶歇,餐饮服务;茶艺馆;茶艺馆,108.87305722339786,34.22907416441701,雁塔区,108.877644,34.227455
B0JDFGS0AE,刘姐重庆小面特色砂锅(里花水社区店),餐饮服务;中餐厅;中餐厅,108.8465361147605,34.19825995414428,雁塔区,108.851152,34.196669
B0JD57785E,兮和·茶坊(保利爱尚里店),餐饮服务;茶艺馆;茶艺馆,108.87009616365545,34.21238968666285,雁塔区,108.874684,34.210768
B0JAOHXW7K,秦煜市井串串(甘家寨店),餐饮服务;中餐厅;火锅店,108.8966172386346,34.22066035495285,雁塔区,108.901198,34.219022
B0J2D90WDX,东二楼和牛火锅(云顶园店),餐饮服务;中餐厅;火锅店,108.89201634510871,34.21990218221234,雁塔区,108.896596,34.218265
B0J1V54SVZ,丝路茶铺锦业路店(粤汉国际店),餐饮服务;茶艺馆;茶艺馆,108.86873740874152,34.194201216752575,雁塔区,108.873325,34.192575
B0J147V95I,猪元掌·隆江猪脚饭(付村花园西区店),餐饮服务;中餐厅;中餐厅,108.8588355644368,34.18284120355735,雁塔区,108.863433,34.181225
B0IDKPHDJ8,亿家牛砂锅,餐饮服务;中餐厅;中餐厅,108.86021406026038,34.19768338407236,雁塔区,108.864811,34.19607
B0IAFOCR1G,渝品香重庆川菜(丈八西社区店),餐饮服务;中餐厅;四川菜(川菜),108.85175284999416,34.19824186290717,雁塔区,108.856361,34.196642
B0I1CUAKLD,如是茶馆(万达·天樾一期北区店),餐饮服务;茶艺馆;茶艺馆,108.88930367985624,34.20467323991478,雁塔区,108.893882,34.203032
B0HBB174XQ,吴记羊肉面抿节(高速太白锦苑店),餐饮服务;中餐厅;中餐厅,108.89725826194469,34.20497497147866,雁塔区,108.901838,34.203331
B0HA7MXQY1,北京烤鸭(团结南路店),餐饮服务;餐饮相关场所;餐饮相关,108.87654122028226,34.221264670184105,雁塔区,108.881125,34.219639
B0HA1SDP1X,宝鸡削筋面(博文路店),餐饮服务;中餐厅;中餐厅,108.89781467148042,34.22211206432023,雁塔区,108.902396,34.220474
B0H0MOOZNF,老张家正宗鸡汤刀削面(付村花园西区店),餐饮服务;中餐厅;中餐厅,108.8628743492787,34.18270116495765,雁塔区,108.867467,34.181079
B0GUBNKS25,初心美食城(绿地蓝海大厦店),餐饮服务;餐饮相关场所;餐饮相关,108.87953261098168,34.19925214551281,雁塔区,108.884113,34.197616
B0G225V4KV,佳和喔香古树普洱茶体验馆(望庭·国际店),餐饮服务;中餐厅;中餐厅,108.88853148648062,34.21917276743586,雁塔区,108.893111,34.217537
B0G1JA7Z9W,纸妹川味纸包鱼(南窑头社区东区店),餐饮服务;中餐厅;中餐厅,108.87825632049964,34.21977886126629,雁塔区,108.882839,34.218151
B0FFKT1W45,祥和园川菜(南窑头社区东区店),餐饮服务;中餐厅;四川菜(川菜),108.87885753631576,34.221005980850414,雁塔区,108.88344,34.219378
B0FFK1GNSO,第二场啤酒屋(绿地世纪城B区店),餐饮服务;中餐厅;中餐厅,108.8721390308984,34.197679127133725,雁塔区,108.876724,34.19605
B0FFHVF4JK,重庆平价川菜(博文路店),餐饮服务;中餐厅;中餐厅,108.89791979048378,34.22008680590123,雁塔区,108.902501,34.218448
B0FFJJ2YGR,遇见饸饹(西万路店),餐饮服务;中餐厅;中餐厅,108.88947401490071,34.20052673852354,雁塔区,108.894052,34.198884
B0FFIJWW4H,遇见饸饹(丈八六路店),餐饮服务;中餐厅;中餐厅,108.85196117681195,34.19786733461336,雁塔区,108.856569,34.196267
B0FFHHAY6P,二怪特色裤带面刀削面(沙井村店),餐饮服务;餐饮相关场所;餐饮相关,108.90403011972008,34.222070271282234,雁塔区,108.908615,34.220432
B0FFHGICFI,黄牛村韩国料理(绿地中央广场店),餐饮服务;外国餐厅;韩国料理,108.87371731866718,34.19650128729685,雁塔区,108.878301,34.19487
B0FFFHJ1FU,椒香火辣老成都传统串串香(甘家寨东区店),餐饮服务;中餐厅;特色/地方风味餐厅|餐饮服务;中餐厅;火锅店,108.896844421863,34.217374571769106,雁塔区,108.901425,34.215735
B001D10W8W,老南院门葫芦头(丈八西路店),餐饮服务;中餐厅;中餐厅,108.8503618318698,34.19838648484724,雁塔区,108.854972,34.196789
B001D0YY6E,acquolina阿果里呐意大利比萨店(紫薇尚层店),餐饮服务;快餐厅;快餐厅,108.8947872200952,34.20271714417354,雁塔区,108.899366,34.201073
B0MG9CQEB1,匠和风精致料理(西安中大国际店),餐饮服务;外国餐厅;日本料理,108.8930448879636,34.22386116252886,雁塔区,108.897625,34.222225
B0MG1HTSWN,贵州烙锅十里飘香特色烤肉,餐饮服务;中餐厅;中餐厅,108.89676620444556,34.22043746638262,雁塔区,108.901347,34.218799
B0MBCRO7L1,熊麻婆现炒浇头面·饭(西安中大国际中心店),餐饮服务;餐饮相关场所;餐饮相关,108.8929949200201,34.22356125217274,雁塔区,108.897575,34.221925
B0MAG5Y8XI,花小小新疆炒米粉(春风心语店),餐饮服务;中餐厅;中餐厅,108.861770773966,34.224132455910016,雁塔区,108.866368,34.222526
B0M6O4LG8F,筷乐食光,餐饮服务;中餐厅;中餐厅,108.86187790340097,34.22405863688911,雁塔区,108.866475,34.222452
B0M62HVD6M,KUMO KUMO(西安中大国际店),餐饮服务;休闲餐饮场所;休闲餐饮场所,108.89299491601946,34.22361123417274,雁塔区,108.897575,34.221975
B0LU3P74RT,时辰包子,餐饮服务;餐饮相关场所;餐饮相关,108.90132691032682,34.20967976469272,雁塔区,108.905909,34.208037
B0LKGD1ONJ,馋兜兜新疆炒米粉,餐饮服务;餐饮相关场所;餐饮相关,108.888849828588,34.21511337721816,雁塔区,108.893429,34.213476
B0L2YAVCF3,NOWWA挪瓦咖啡(每一天西安立丰城2店),餐饮服务;咖啡厅;咖啡厅,108.89875022014536,34.19770966983608,雁塔区,108.90333,34.196063
B0L2Y7WLXP,你好签签橡树街区店(沣惠南路店),餐饮服务;中餐厅;中餐厅,108.88176952261938,34.21238154594061,雁塔区,108.88635,34.210748
B0L23C5DCA,西部马华牛肉面(西安DT51店),餐饮服务;中餐厅;清真菜馆,108.88669546429593,34.20450980424263,雁塔区,108.891274,34.20287
B0L0LA935I,街边围炉串串香,餐饮服务;中餐厅;火锅店,108.89864333150844,34.22191325812899,雁塔区,108.903225,34.220275
B0L0GA3FYF,深海正传三文鱼(高新店),餐饮服务;餐饮相关场所;餐饮相关,108.88100740434648,34.18506911407782,雁塔区,108.885586,34.183427
B0L06ZNSXQ,熊麻婆现炒浇头面·饭(西安高科尚都店),餐饮服务;餐饮相关场所;餐饮相关,108.86038728894998,34.1974227277351,雁塔区,108.864984,34.195809
B0L049YGF3,VolaGelato意大利手工冰淇淋(西安DT51B1店),餐饮服务;冷饮店;冷饮店,108.88651240459713,34.20490155543285,雁塔区,108.891091,34.203262
B0L047Y0ZM,晋阳楼·老太原菜馆(万象汇店),餐饮服务;中餐厅;中餐厅,108.86724025223776,34.228443382180046,雁塔区,108.871832,34.226831
B0KRB1XNJ6,串香客小郡肝串串(甘家寨东区店),餐饮服务;中餐厅;火锅店,108.89819758745236,34.22116346440048,雁塔区,108.902779,34.219525
B0KK3LI4Z5,煎百味沙拉煎饼(中大国际商业中心店),餐饮服务;中餐厅;中餐厅,108.89264492884324,34.22411092238884,雁塔区,108.897225,34.222475
B0KANC26AI,缘落阿朵妹土豆粉(高科尚都店),餐饮服务;餐饮相关场所;餐饮相关,108.86022802455726,34.19833818475486,雁塔区,108.864825,34.196725
B0KACDWU3I,张成荣电烤鸡架袁旗寨店,餐饮服务;餐饮相关场所;餐饮相关,108.848919629384,34.19935670765363,雁塔区,108.853532,34.197762
B0K0ADUO4Q,蓝客鲜·三文鱼(西安雁塔店),餐饮服务;外国餐厅;日本料理,108.89935673541328,34.22517016722025,雁塔区,108.903939,34.223533
B0JAMZIA16,金汤铺炖汤世家(高新店),餐饮服务;中餐厅;中餐厅,108.8641838107538,34.18239909099068,雁塔区,108.868775,34.180775
B0I2GHGITJ,阿亮高陵烧烤,餐饮服务;中餐厅;特色/地方风味餐厅,108.88039325089848,34.2212042756908,雁塔区,108.884975,34.219575
B0HRH40W0N,牦牛道米线(绿地店),餐饮服务;中餐厅;中餐厅,108.8730137572454,34.19702133615392,雁塔区,108.877598,34.195391
B0HBXMPSQP,渭少爷时辰包子(保利·天悦店),餐饮服务;中餐厅;中餐厅,108.86363754130022,34.21580807140546,雁塔区,108.868232,34.214196
B0H1JYOOTS,疆来新疆炒米粉(高新店),餐饮服务;中餐厅;中餐厅,108.86268614694173,34.18259093394544,雁塔区,108.867279,34.180969
B0GKM5R5FE,缘味先石锅饭(沙井村南口店),餐饮服务;中餐厅;中餐厅,108.90411504765834,34.22218522095401,雁塔区,108.9087,34.220547
B0G279FRBY,渝香重庆小面(泰华·金贸国际7号楼店),餐饮服务;中餐厅;中餐厅,108.88200550105132,34.22624880007687,雁塔区,108.886587,34.22462
B0FFIDW537,好运来快餐,餐饮服务;快餐厅;快餐厅,108.8603834776865,34.182530618792974,雁塔区,108.864979,34.180912
B0FFHHUDFE,金马鸡汤刀削面(丈八西村店),餐饮服务;中餐厅;中餐厅,108.8516848539702,34.1969831722712,雁塔区,108.856293,34.195383
B0FFGDGSEI,澄城水盆羊肉(甘家寨东区店),餐饮服务;快餐厅;快餐厅,108.89856855016184,34.219602074196686,雁塔区,108.90315,34.217963
B0FFG28WK1,重庆鲜面店,餐饮服务;中餐厅;中餐厅,108.8638374241246,34.21998986673242,雁塔区,108.868432,34.218379
B0FFFPKVAD,橙子酒店时尚餐厅,餐饮服务;中餐厅;中餐厅,108.89167984030188,34.201643393294766,雁塔区,108.896258,34.2
B0FFIOBOSB,黑土情老姨麻辣烫(袁旗寨店),餐饮服务;中餐厅;四川菜(川菜),108.85018456928314,34.198434169514016,雁塔区,108.854795,34.196837
B0FFILAWZO,番食园鲜食火锅(天地源·丹轩坊店),餐饮服务;中餐厅;火锅店,108.88973940326336,34.22070185834068,雁塔区,108.894319,34.219066
B0FFFRMZU8,小二鸡汤刀削面(枫林绿洲店),餐饮服务;中餐厅;中餐厅,108.8892147894635,34.2157733384697,雁塔区,108.893794,34.214136
B0FFIR624Q,宁夏宁馨源生态烤全羊,餐饮服务;中餐厅;特色/地方风味餐厅,108.91679730225698,34.22163244217378,雁塔区,108.921396,34.219999
B0FFFXN7EF,汉中热米皮(东仪路店),餐饮服务;中餐厅;中餐厅,108.92383012472372,34.20593706889021,雁塔区,108.928439,34.204304
B0FFI2FY13,隽永阁茶馆(曲江秀苑店),餐饮服务;茶艺馆;茶艺馆,108.96495515241556,34.19970400577078,雁塔区,108.96968,34.198144
B001D04WHD,东方大酒店,住宿服务;宾馆酒店;四星级宾馆|餐饮服务;餐饮相关场所;餐饮相关,108.9350957176563,34.22513833210864,雁塔区,108.93973,34.223526
B0FFGZCHMZ,biangbiang面拉条子(欧亚学院店),餐饮服务;中餐厅;中餐厅,108.91453252196068,34.18282905671983,雁塔区,108.919125,34.181181
B0FFF65248,乾州四宝(东仪路店),餐饮服务;中餐厅;中餐厅,108.9235646352436,34.2055654585042,雁塔区,108.928173,34.203932
B001D0WJ2Y,朱锋炒菜馆,餐饮服务;中餐厅;中餐厅,108.9234884069918,34.21011296390673,雁塔区,108.928097,34.208481
B0FFF657MN,黑牛臭豆腐(欧风商务店),餐饮服务;餐饮相关场所;餐饮相关,108.9424849923298,34.206967665036295,雁塔区,108.947137,34.205361
B0FFH2GZGG,胡仁高腊汁肉揪面片(中铁·尚都城店),餐饮服务;中餐厅;中餐厅,108.90887575956036,34.18649840224513,雁塔区,108.913462,34.184849
B0FFJCG5MC,曲水菜馆(UPWAY曲江创客大街店),餐饮服务;中餐厅;中餐厅,108.95225691931456,34.20348961091578,雁塔区,108.956938,34.201901
B0FFJARLRT,小艺烧烤(曲江店),餐饮服务;餐饮相关场所;餐饮相关,108.95459767028008,34.210812966584015,雁塔区,108.959287,34.209232
B0FFIQ41E1,半口香椒麻土鸡(华城万象1期店),餐饮服务;中餐厅;中餐厅,108.93797399798426,34.194996360287874,雁塔区,108.942613,34.193378
B0FFG2B8T6,喵星人的猫咖啡馆(电子正街店),餐饮服务;咖啡厅;咖啡厅,108.91537069829326,34.204116491046285,雁塔区,108.919966,34.202476
B001D10WLD,DELHIDARBAR新德里印度餐厅,餐饮服务;外国餐厅;印度风味,108.95580489546396,34.21989205503274,雁塔区,108.960499,34.218317
B0FFF656ME,湖南粉面馆(含光路南段店),餐饮服务;中餐厅;湖南菜(湘菜),108.92707651890574,34.223592402517816,雁塔区,108.931693,34.221969
B0L2Y9XIDI,喜三德甜品,餐饮服务;甜品店;甜品店,108.93085937224012,34.21401819276286,雁塔区,108.935483,34.212396
B0K6PAPE58,开心茶坊(长仪路店),餐饮服务;茶艺馆;茶艺馆,108.94075667962778,34.182750759704305,雁塔区,108.945402,34.181133
B0I04ZKVMY,喜赞·轻食沙拉·健康餐(高新店),餐饮服务;中餐厅;中餐厅,108.90800226163988,34.21584671632712,雁塔区,108.91259,34.214207
B001D09M6Z,小竹签烤肉(明德门店),餐饮服务;中餐厅;特色/地方风味餐厅,108.9309250104513,34.20430946971948,雁塔区,108.935548,34.202684
B0FFI0H24G,胤燕(曲江六号店),餐饮服务;餐饮相关场所;餐饮相关,108.95619020399585,34.212416817246755,雁塔区,108.960885,34.21084
B0FFF9WN3D,西府一口香(红专南路店),餐饮服务;中餐厅;中餐厅,108.95095098889637,34.21702868248892,雁塔区,108.955629,34.215442
B0FFJ5J7E8,江南烧饼(小寨东路店),餐饮服务;中餐厅;中餐厅,108.94975018306084,34.22411165042045,雁塔区,108.954425,34.222525
B0FFF65C05,成都川菜(沙井村店),餐饮服务;中餐厅;四川菜(川菜),108.90636009661964,34.22403719850099,雁塔区,108.910947,34.2224
B0MAPLXKSB,郑恩强麻辣烫(陕师大店),餐饮服务;中餐厅;特色/地方风味餐厅,108.94052445099663,34.205680528398815,雁塔区,108.945171,34.20407
B0LBCREEK8,LOJO法式蛋糕(雁塔店),餐饮服务;糕饼店;糕饼店,108.93856775115732,34.191524553677866,雁塔区,108.943208,34.189906
B0L3R9ODXZ,蜜雪冰城(交大医学院小康餐厅负一楼店),餐饮服务;冷饮店;冷饮店,108.9335280380488,34.21768927112008,雁塔区,108.938158,34.216072
B0K3YS9AT2,蜀渝拌·重庆凉拌菜((长安南路店)),餐饮服务;餐饮相关场所;餐饮相关,108.94041375840123,34.2055487621674,雁塔区,108.94506,34.203938
B0K2NH0R0W,曹氏鸭脖(杏园小区店),餐饮服务;餐饮相关场所;餐饮相关,108.93724815301172,34.20351863868441,雁塔区,108.941886,34.201902
B0J0J67B5U,正宗重庆鸡公煲(电视塔店),餐饮服务;中餐厅;四川菜(川菜),108.939515038308,34.194499008511244,雁塔区,108.944158,34.192883
B0HAB7PGL7,馄饨王(紫郡长安店),餐饮服务;中餐厅;中餐厅,108.93295732916172,34.193269447434155,雁塔区,108.937584,34.191643
B0FFIA3CDH,西府二师兄擀面皮臊子面(长安南路店),餐饮服务;中餐厅;中餐厅,108.9422858211001,34.203552190011,雁塔区,108.946937,34.201944
B0FFG0XIBA,黑土情酱骨庄(商业步行街店),餐饮服务;中餐厅;东北菜,108.90833691826673,34.21611452500211,雁塔区,108.912925,34.214475
B0MABCSK66,长安李三香·老陕油泼面(电子城店),餐饮服务;餐饮相关场所;餐饮相关,108.90793797816,34.20766758688977,雁塔区,108.912525,34.206025
B0LKLS8UZD,蜀辣二姨重庆凉拌菜(吉祥村店),餐饮服务;中餐厅;中餐厅,108.92705161029654,34.223073617522296,雁塔区,108.931668,34.22145
B0LG2SDVVU,嘎嘎香东北老饭盒(小寨店),餐饮服务;快餐厅;快餐厅,108.93008885952456,34.21633636692803,雁塔区,108.934711,34.214714
B0L32U44VQ,蔬三时轻食健康餐(小寨店),餐饮服务;中餐厅;中式素菜馆,108.94449061750764,34.215690969567994,雁塔区,108.949149,34.214091
B0KR19QMIZ,飞淏绿豆酥(飞炫广场店),餐饮服务;糕饼店;糕饼店,108.94097550462392,34.227077197175866,雁塔区,108.945625,34.225475
B0KGR5GKK0,米琪诺生日蛋糕(雁塔区店),餐饮服务;糕饼店;糕饼店,108.93810494645952,34.19148131627857,雁塔区,108.942744,34.189862
B0K3M7LTBZ,鸡柳大人(唐园小区店),餐饮服务;快餐厅;快餐厅,108.91782744638682,34.20106888491781,雁塔区,108.922426,34.199429
B0K3G7XE90,杨铭宇黄焖鸡米饭(电子城店),餐饮服务;餐饮相关场所;餐饮相关,108.90805020124056,34.216029638239746,雁塔区,108.912638,34.21439
B0JR55QQX8,肆季糖水(西安翠华路店),餐饮服务;冷饮店;冷饮店,108.9520519020506,34.22411481587967,雁塔区,108.956734,34.222533
B0JDHL3W78,伊米家 DIY蛋糕生活馆,餐饮服务;餐饮相关场所;餐饮相关,108.94272698986536,34.223380454087824,雁塔区,108.947381,34.22178
B0J29964CN,夸父炸串(小寨华旗店),餐饮服务;餐饮相关场所;餐饮相关,108.94277187299248,34.223276411000086,雁塔区,108.947426,34.221676
B0J19C55JO,Obligi Chicken 韩式炸鸡(会展中心店),餐饮服务;外国餐厅;韩国料理,108.93963173935622,34.194390849926386,雁塔区,108.944275,34.192775
B0J0KO4Y7Y,煌七公·黄泥叫花鸡(电视塔店),餐饮服务;餐饮相关场所;餐饮相关,108.93576383692476,34.20355191514798,雁塔区,108.940398,34.201933
B0IGYSA16C,张兴邦擀面皮·肉夹馍(紫郡长安店),餐饮服务;快餐厅;快餐厅,108.93409586596906,34.1909006186568,雁塔区,108.938725,34.189275
B0FFLHON75,喜乐汇便利店(双桥国际社区店),购物服务;便民商店/便利店;便民商店/便利店|餐饮服务;餐饮相关场所;餐饮相关,108.91216734906703,34.196769709567846,雁塔区,108.916758,34.195125
B0FFKPHQK6,一只酸奶牛(碧乐城店),餐饮服务;餐饮相关场所;餐饮相关,108.93281347028406,34.19562086459649,雁塔区,108.93744,34.193995
B0FFI9ZXJ8,蟹行家大闸蟹(西安旗舰店),购物服务;综合市场;水产海鲜市场|餐饮服务;餐饮相关场所;餐饮相关,108.91466489431065,34.225893249682706,雁塔区,108.919261,34.22426
B001D06WXS,十九味福来包(红专南路店),餐饮服务;中餐厅;中餐厅,108.95103671878084,34.217011508247985,雁塔区,108.955715,34.215425
B0FFJS8NMO,海清斋铜锅涮肉(乐游店),餐饮服务;中餐厅;清真菜馆,108.96325012335882,34.22773946985423,雁塔区,108.967971,34.226185
B0FFHM1782,程程妈螺狮粉,餐饮服务;中餐厅;中餐厅,108.9187993596698,34.22114716877765,雁塔区,108.923401,34.219515
B0FFG2TT4P,口味日记·江南小馆(曲江店),餐饮服务;中餐厅;海鲜酒楼,108.9606651545595,34.194356451835844,雁塔区,108.965374,34.192784
B0FFG0AFMB,子午路张记肉夹馍(momopark店),餐饮服务;中餐厅;中餐厅,108.92901454068344,34.22379404429365,雁塔区,108.933635,34.222173
B0FFF9WNL7,杨凌蘸水面(八里村店),餐饮服务;中餐厅;中餐厅,108.939571241191,34.214903931813154,雁塔区,108.944216,34.213295
B0FFF65749,小螺娃螺蛳粉,餐饮服务;中餐厅;特色/地方风味餐厅,108.94457044758856,34.227294665317885,雁塔区,108.94923,34.225699
B0FFF656KN,巴特烤羊腿(电子一路店),餐饮服务;中餐厅;特色/地方风味餐厅,108.92360667523512,34.216562588867376,雁塔区,108.928216,34.214933
B001D14XCJ,陕西师范大学雁塔校区墨香斋,餐饮服务;中餐厅;中餐厅|生活服务;摄影冲印店;摄影冲印,108.94927324800364,34.20458648699238,雁塔区,108.953945,34.202992
B001D10TL5,老碗•陕菜传承(曲江店),餐饮服务;中餐厅;中餐厅,108.9641196742233,34.194313928030645,雁塔区,108.968841,34.19275
B001D06SXS,千合大排档·私房菜(西安财经大学翠华西校区店),餐饮服务;中餐厅;中餐厅,108.95124904500466,34.21701106069494,雁塔区,108.955928,34.215425
B0MGR1M4S6,渝拌川重庆凉拌菜(光华路店),餐饮服务;中餐厅;中餐厅,108.91328054805513,34.22735847952969,雁塔区,108.917875,34.225725
B0MG0UHNWU,方圆书店咖啡,餐饮服务;咖啡厅;咖啡厅,108.92646027129122,34.216951464957745,雁塔区,108.931075,34.215325
B0MDZU7Z46,渭南蒸饺店(西影路店),餐饮服务;中餐厅;特色/地方风味餐厅,108.96399066445495,34.2246827221688,雁塔区,108.968714,34.223129
B0LUPH0VPK,齐齐哈尔家庭烤肉(长丰园小区店),餐饮服务;中餐厅;特色/地方风味餐厅,108.93807188697151,34.19326777810994,雁塔区,108.942711,34.191649
B0LR5HAU3Y,蓝客鲜三文鱼(曲江店),餐饮服务;外国餐厅;日本料理,108.95417251787764,34.205397780876424,雁塔区,108.95886,34.203814
B0LGRLBZY8,阳妈妈秘制砂锅(碧乐城店),餐饮服务;快餐厅;快餐厅,108.93289528257374,34.19561875179398,雁塔区,108.937522,34.193993
B0LGBU0MMN,ZOONANA首尔炸鸡(小寨店),餐饮服务;餐饮相关场所;餐饮相关,108.94280133059138,34.22895729808822,雁塔区,108.947456,34.227359
B0LBCDBR55,外婆印象(电视塔线上店),餐饮服务;餐饮相关场所;餐饮相关,108.93676946006934,34.20220583349169,雁塔区,108.941406,34.200588
B0L1GHB6R8,霸舌生滚牛肉米粉(西安M3碧乐城店),餐饮服务;餐饮相关场所;餐饮相关,108.93279950264647,34.195616885275534,雁塔区,108.937426,34.193991
B0KK7DIZKN,夸父炸串(雁塔碧乐城店),餐饮服务;餐饮相关场所;餐饮相关,108.93234951864818,34.19575145927188,雁塔区,108.936975,34.194125
B0JR2CE2UC,杨氏手撕烤鸭,餐饮服务;快餐厅;快餐厅,108.92996494274892,34.218608718882315,雁塔区,108.934587,34.216987
B0J295SP5W,米旗(金泰假日花城店),餐饮服务;糕饼店;糕饼店,108.933132972588,34.192667401897246,雁塔区,108.93776,34.191041
B0ID77JV5S,孙小勤正宗裤带面(金辉环球广场店),餐饮服务;快餐厅;快餐厅,108.96194058609308,34.18220631773454,雁塔区,108.966653,34.180633
B0I2JSZ4YU,正新鸡排(顺安店),餐饮服务;餐饮相关场所;餐饮相关,108.93340778453636,34.18709584751461,雁塔区,108.938035,34.185468
B0FFMEZPQB,浅奈日式咖喱蛋包饭(罗家寨店),餐饮服务;外国餐厅;日本料理,108.92782455014498,34.21692691875087,雁塔区,108.932442,34.215302
B0FFJCXK0A,煎饼果子(后村嘉园店),餐饮服务;快餐厅;快餐厅,108.96403430659792,34.22709773706342,雁塔区,108.968758,34.225545
B0JAL76FHA,青水瓦台湘荟餐厅店,餐饮服务;中餐厅;湖南菜(湘菜),108.90978536246152,34.21726364181053,雁塔区,108.914375,34.215625
B0J34C5DE0,刘大厨营养快餐,餐饮服务;餐饮相关场所;餐饮相关,108.93610176123012,34.19420954929389,雁塔区,108.940736,34.192588
B0J19UT4OJ,王姐家秦镇米皮,餐饮服务;餐饮相关场所;餐饮相关,108.9120981259111,34.22551273170625,雁塔区,108.916691,34.223878
B0H69CLVU4,可为·茶務,购物服务;专卖店;专营店|餐饮服务;茶艺馆;茶艺馆|公司企业;公司;公司,108.95871557784275,34.21192012856611,雁塔区,108.963419,34.210349
B0FFGFUKSN,重庆川菜(曲江雁南居店),餐饮服务;中餐厅;四川菜(川菜),108.95762402197576,34.1914506358634,雁塔区,108.962322,34.18987
B0FFHL7V17,乾州豆腐脑(长安南路华东店),餐饮服务;中餐厅;中餐厅,108.94034801855564,34.20450723062734,雁塔区,108.944994,34.202896
B0FFHC7X6T,喜来欢全羊杂羔汤(吉祥诚信商业街A区店),餐饮服务;中餐厅;中餐厅,108.92168046420322,34.22388578658543,雁塔区,108.926287,34.222257
B0FFG6EOI5,百姓食府(沙井村店),餐饮服务;中餐厅;中餐厅,108.9065829220594,34.22379723739892,雁塔区,108.91117,34.22216
B001D127ZA,舞日本料理(西安威斯汀大酒店),餐饮服务;餐饮相关场所;餐饮相关,108.95801960032172,34.21671108175281,雁塔区,108.962721,34.21514
B0FFIYEVJZ,嗨温·韩国料理,餐饮服务;外国餐厅;韩国料理,108.93959003996947,34.20440854033944,雁塔区,108.944234,34.202796
B0FFGO5667,秦味牛·真牛鸳鸯泡馍庙坡头店,餐饮服务;中餐厅;中餐厅,108.96504173994887,34.200826405908046,雁塔区,108.969767,34.199267
B0FFF9WLTL,中国元素餐厅(西安威斯汀大酒店),餐饮服务;中餐厅;中餐厅,108.9569821646684,34.216689499292244,雁塔区,108.96168,34.215116
B0FFGFUL4X,重庆砂锅王,餐饮服务;中餐厅;中餐厅,108.93818250414938,34.18210624839176,雁塔区,108.942821,34.180484
B0M6YBR85D,鼎记酒楼·宴会厅(雁南一路店),餐饮服务;餐饮相关场所;餐饮相关,108.94389353957422,34.2130420049308,雁塔区,108.94855,34.21144
B0LKYZ45XN,汐昀阁,餐饮服务;茶艺馆;茶艺馆,108.93413992951751,34.2260154121396,雁塔区,108.938772,34.224402
B0LKYR4ZSJ,穗穗平安面,餐饮服务;中餐厅;中餐厅,108.91067492067548,34.18589094981658,雁塔区,108.915263,34.184242
B0LKCH1DRR,董记蒸碗,餐饮服务;中餐厅;特色/地方风味餐厅,108.9538591076325,34.210839593540335,雁塔区,108.958546,34.209257
B0KUSR4PS7,阿古丽果木烧烤,餐饮服务;中餐厅;中餐厅,108.96171336247454,34.182698716956565,雁塔区,108.966425,34.181125
B0KU57R9ET,川渝印象(维也纳酒店店),餐饮服务;中餐厅;四川菜(川菜),108.92040773987836,34.18460632263509,雁塔区,108.925009,34.182963
B0KR3X1JVE,辣胖串串(新家坡小区店),餐饮服务;中餐厅;火锅店,108.93626251481702,34.22950798422734,雁塔区,108.9409,34.227899
B0KBR5OWKX,杨柳烤肉川菜馆,餐饮服务;中餐厅;四川菜(川菜),108.93064699576205,34.21204515876564,雁塔区,108.93527,34.210422
B0K21HYD6Y,王木东土豆粉(杨家村店),餐饮服务;餐饮相关场所;餐饮相关,108.93483501862003,34.20439901065938,雁塔区,108.939467,34.202779
B0K0Y5EE2Z,老王家米皮肉夹馍(电子城店),餐饮服务;快餐厅;快餐厅,108.9080872311192,34.21521491481652,雁塔区,108.912675,34.213575
B0HUAH3SOX,大块牛肉面,餐饮服务;快餐厅;快餐厅,108.91962977583574,34.22466625063306,雁塔区,108.924233,34.223036
B0FFL7QRVB,避风港茶馆(曲江·新坐标店),餐饮服务;茶艺馆;茶艺馆,108.94832511640789,34.192782380352426,雁塔区,108.952993,34.191182
B0FFKPFQZH,尝相思菜馆(唐皇步行街店),餐饮服务;中餐厅;中餐厅,108.9405254609753,34.20552358051084,雁塔区,108.945172,34.203913
B0FFK36ZPN,爱尚麻师傅秘汁串串(青松路店),餐饮服务;餐饮相关场所;餐饮相关,108.93693413090284,34.21356665612245,雁塔区,108.941572,34.211953
B0FFHSHV7A,大厨饺子馆(小寨店),餐饮服务;中餐厅;中餐厅,108.93118890365824,34.22323648589352,雁塔区,108.935814,34.221618
B0FFFDC9XP,余记肉夹馍(育才路),餐饮服务;餐饮相关场所;餐饮相关,108.95402416934354,34.22798012531912,雁塔区,108.958713,34.226404
B0FFHD038H,刘三葫芦头,餐饮服务;中餐厅;中餐厅,108.95224286487108,34.192408364544804,雁塔区,108.956923,34.190816
B001D10UF1,小虞烤肉(庙坡头路店),餐饮服务;中餐厅;特色/地方风味餐厅,108.9643635087998,34.1976002142427,雁塔区,108.969086,34.196038
B0MGU67UID,盱眙渔民龙虾,餐饮服务;中餐厅;中餐厅,108.94585153082056,34.21732482265792,雁塔区,108.950514,34.215728
B0M6JUEFCZ,m&m's m豆自动售卖机,餐饮服务;冷饮店;冷饮店,108.93217690224972,34.19584466326592,雁塔区,108.936802,34.194218
B0LG076C4T,山东炒鸡,餐饮服务;中餐厅;中餐厅,108.93671622558436,34.194366552439995,雁塔区,108.941352,34.192746
B0LAF90O86,渝水香餐厅,餐饮服务;中餐厅;火锅店|餐饮服务;中餐厅;四川菜(川菜),108.94461199336293,34.20674086036816,雁塔区,108.94927,34.205138
B0L217UJPY,小辣丁川湘小馆,餐饮服务;中餐厅;四川菜(川菜),108.93241792776148,34.213561271819906,雁塔区,108.937045,34.211941
B0L1NRXP91,卜尔茶寮国学茶馆,餐饮服务;茶艺馆;茶艺馆,108.93508341399392,34.19208978314662,雁塔区,108.939715,34.190466
B0L107E59C,小宇麻辣烫,餐饮服务;中餐厅;中餐厅,108.92238973816958,34.19284686863351,雁塔区,108.926995,34.191208
B0L0UHW7LL,陕焰·肉夹馍(电子西街店),餐饮服务;中餐厅;中餐厅,108.90776611253668,34.20801651378129,雁塔区,108.912353,34.206374
B0L0GG24US,北京烤鸭,餐饮服务;餐饮相关场所;餐饮相关,108.91090202609116,34.19392821489262,雁塔区,108.915491,34.192282
B0KUYSUDJG,少野家锅锅米线(融侨馨苑店),餐饮服务;餐饮相关场所;餐饮相关,108.9079182510552,34.20449468206548,雁塔区,108.912505,34.202851
B0KU9N9Y07,高新丽芮酒店OUIBAR+KTCHN餐吧,餐饮服务;餐饮相关场所;餐饮相关,108.91108814457156,34.22728153739993,雁塔区,108.91568,34.225647
B0KKCY4VPA,蜜贝初CAKE生日蛋糕·动物奶油(雁塔吉祥店),餐饮服务;糕饼店;糕饼店,108.9214941751489,34.21897271196233,雁塔区,108.9261,34.217342
B0KGR5NSUK,西航涮涮(杨家村天坛西路店),餐饮服务;中餐厅;火锅店,108.9304531381728,34.20310149273646,雁塔区,108.935075,34.201475
B0K3MCSKTR,川府宴语,餐饮服务;中餐厅;中餐厅,108.92318986951304,34.18611932052137,雁塔区,108.927796,34.184479
B0K3M7V3NR,溜哒咩咩蛙美蛙鱼头耗儿鱼火锅(雁塔店),餐饮服务;中餐厅;火锅店,108.92612693859064,34.21673890756456,雁塔区,108.930741,34.215112
B0K0S45KQM,禾谷丰东北大饭包,餐饮服务;中餐厅;中餐厅,108.94109031825516,34.21317795821033,雁塔区,108.945739,34.211571
B0K0G9441X,小王府谷炖羊肉馆,餐饮服务;中餐厅;西北菜,108.95263809217217,34.210827262112616,雁塔区,108.957321,34.209242
B0JRB57XQZ,优益跃学校餐厅,餐饮服务;中餐厅;中餐厅,108.92690895618703,34.22229905735408,雁塔区,108.931525,34.220675
B0JA29LBY4,紫茗号茶坊·半盏茶(长丰园小区店),餐饮服务;茶艺馆;茶艺馆,108.93475232879804,34.19060975996935,雁塔区,108.939383,34.188985
B0J6BMPKUI,轩悦茶苑棋牌馆(曲江银座店),餐饮服务;茶艺馆;茶艺馆,108.95085192552902,34.19704277359211,雁塔区,108.955528,34.195449
B0J1YYJSRQ,竹笙·日料宅配(金辉广场店),餐饮服务;外国餐厅;日本料理,108.96087135191756,34.18294769083072,雁塔区,108.96558,34.181372
B0I2B53NIT,翻滚吧炒饭·炒面·炒粉(雁塔店),餐饮服务;快餐厅;快餐厅,108.94461098041036,34.20693679482567,雁塔区,108.949269,34.205334
B0I1ZAMBZR,乐食薯·小厨房(明德8英里店),餐饮服务;快餐厅;快餐厅,108.93639376582118,34.19760596745178,雁塔区,108.941029,34.195986
B0I179U9OD,巧丽热米皮,餐饮服务;中餐厅;中餐厅,108.939819486575,34.20375138103141,雁塔区,108.944464,34.202139
B0HR4CZOWM,家门口餐厅(紫竹苑店),餐饮服务;中餐厅;中餐厅,108.91138042655052,34.18221584462924,雁塔区,108.915969,34.180566
B0HD3AMPCD,阿甘小餐馆湘菜馆(大雁塔),餐饮服务;中餐厅;湖南菜(湘菜),108.95715101615016,34.22370060744458,雁塔区,108.96185,34.22213
B0HAKLKEYW,朱雀茶苑,餐饮服务;茶艺馆;茶艺馆,108.91083283844378,34.19722814167264,雁塔区,108.915422,34.195583
B0GUJ9RRG2,八亩沟擀面皮(永松路店),餐饮服务;餐饮相关场所;餐饮相关,108.91942198933232,34.22610489635442,雁塔区,108.924025,34.224475
B0GRO16S7E,蓝田荞面饸饹(丈八东路店),餐饮服务;中餐厅;中餐厅,108.91751197584796,34.20029637258179,雁塔区,108.92211,34.198656
B0GR1L1JGX,晓会特色面馆,餐饮服务;中餐厅;中餐厅,108.94229679121013,34.20354617257872,雁塔区,108.946948,34.201938
B0G2T5561R,家福星川湘菜,餐饮服务;中餐厅;四川菜(川菜),108.93885125141333,34.21336566169009,雁塔区,108.943494,34.211755
B0G1RX46AI,乐班中央厨房(曲江国际大厦店),餐饮服务;餐饮相关场所;餐饮相关,108.95873702555582,34.193246432081395,雁塔区,108.963439,34.191669
B0G14AEF5G,铜雀台茶社(紫郡长安南区店),餐饮服务;茶艺馆;茶艺馆,108.93287069637992,34.191184257730434,雁塔区,108.937497,34.189557
B0FFJIU91M,炭匠专业美发(馨园壹号店),生活服务;美容美发店;美容美发店|餐饮服务;餐饮相关场所;餐饮相关,108.91996565130042,34.21953381853413,雁塔区,108.924569,34.217902
B0FFJ7V1EF,家味菜馆(红专南路店),餐饮服务;餐饮相关场所;餐饮相关,108.94862124687018,34.21699949195001,雁塔区,108.953292,34.215408
B0FFJ18BY6,小熊脆皮五花肉(师大店),餐饮服务;中餐厅;中餐厅,108.94102115173006,34.20518984442543,雁塔区,108.945669,34.20358
B0FFF9WIZN,大掌柜土特产老店(小寨东路店),购物服务;专卖店;土特产专卖店|餐饮服务;餐饮相关场所;餐饮相关,108.95313439257652,34.224201447076204,雁塔区,108.95782,34.222622
B001D10VGO,阅唐阁,餐饮服务;茶艺馆;茶艺馆|餐饮服务;休闲餐饮场所;休闲餐饮场所,108.95878629227724,34.224660438290115,雁塔区,108.963491,34.223094
B0FFIUFBVF,不凡客纸包鱼(长丰园店),餐饮服务;中餐厅;中餐厅,108.9368997996617,34.19396040226172,雁塔区,108.941536,34.19234
B0FFIS1ZQ0,秦盛轩陕菜·烧烤(大雁塔店),餐饮服务;中餐厅;中餐厅,108.96317143234492,34.22746776513896,雁塔区,108.967892,34.225913
B0FFI24RRV,和院新派铜锅涮肉(南方星座店),餐饮服务;中餐厅;中餐厅,108.93494127051714,34.21050874784452,雁塔区,108.939574,34.208891
B0FFHF6CQK,北京正阳门烤鸭店(曲江庭院店),餐饮服务;中餐厅;特色/地方风味餐厅,108.96010191598812,34.19721985411306,雁塔区,108.964809,34.195647
B0FFHE5L4K,潮汕鲜鲜居牛肉火锅(长丰园店),餐饮服务;中餐厅;火锅店,108.93816365367827,34.19324263889235,雁塔区,108.942803,34.191624
B0FFGPFFOK,咥一碗(吉祥路店),餐饮服务;中餐厅;中餐厅,108.91959083640184,34.2246822761658,雁塔区,108.924194,34.223052
B0FFGP9GU2,香提小镇(曲江六号2期店),餐饮服务;休闲餐饮场所;休闲餐饮场所|餐饮服务;糕饼店;糕饼店|餐饮服务;中餐厅;中餐厅,108.95209283491242,34.21102336700445,雁塔区,108.956774,34.209437
B0FFG03I17,菠菜面晓辉擀面皮(曲江华府店),餐饮服务;中餐厅;中餐厅,108.964392398902,34.19764312680285,雁塔区,108.969115,34.196081
B001D110VZ,海宝轩(高新品阁店),餐饮服务;中餐厅;中餐厅,108.90836623268552,34.22431159121531,雁塔区,108.912955,34.222675
B001D09LBO,毛家人湖南土菜馆(长安大学雁塔校区店),餐饮服务;中餐厅;湖南菜(湘菜),108.95370023168208,34.22801682558404,雁塔区,108.958388,34.22644
B0MGD1RS18,惠师傅辣椒炒肉(翠华路店),餐饮服务;中餐厅;中餐厅,108.95244176089916,34.22270648565616,雁塔区,108.957125,34.221125
B0MG45XNWF,柠季·手打柠檬茶(西安M3碧乐城店),餐饮服务;冷饮店;冷饮店,108.932972086232,34.19586256354394,雁塔区,108.937599,34.194237
B0MG0HHFLK,皇味螺柳州螺蛳粉,餐饮服务;中餐厅;中餐厅,108.93116596289444,34.223130554179896,雁塔区,108.935791,34.221512
B0MDNXGG3L,海底捞火锅外送(曲江店),餐饮服务;中餐厅;火锅店,108.9555265709768,34.21080688482175,雁塔区,108.960219,34.209228
B0M6DH72ZE,甑香卤鹅(玺岸广场店)(暂停营业),餐饮服务;餐饮相关场所;餐饮相关,108.95028025608102,34.21513375291424,雁塔区,108.954956,34.213545
B0LR0OPN0V,金马鸡汤刀削面(美院分店),餐饮服务;中餐厅;中餐厅,108.92894402954644,34.21955864775373,雁塔区,108.933564,34.217936
B0LB59HR6I,小酒鸭货(小寨店),餐饮服务;餐饮相关场所;餐饮相关,108.94279101429647,34.22087123928493,雁塔区,108.947445,34.21927
B0L3O1Z8U4,luckincoffee,餐饮服务;咖啡厅;咖啡厅,108.91088358707702,34.22461059048083,雁塔区,108.915475,34.222975
B0KUZUDU85,nowwa挪瓦咖啡(西安M3碧乐城店),餐饮服务;咖啡厅;咖啡厅,108.93320360832531,34.19516047436854,雁塔区,108.937831,34.193535
B0KK2UHD5B,快乐番薯(西安雁塔美术学院店),餐饮服务;甜品店;甜品店,108.92687728126884,34.21904125709879,雁塔区,108.931493,34.217416
B0KG27VN83,陆藜开了个方子(西安小寨阳明国际店),餐饮服务;餐饮相关场所;餐饮相关,108.9426683469661,34.22099041667274,雁塔区,108.947322,34.219389
B0JA2AJYPX,幸运咖(金辉广场店),餐饮服务;咖啡厅;咖啡厅,108.96043689913688,34.18289475955806,雁塔区,108.965144,34.181318
B0J60ADXUP,吉祥馄饨(西安交大一附院店),餐饮服务;餐饮相关场所;餐饮相关,108.93232865982073,34.219399331457105,雁塔区,108.936956,34.217781
B0I6TRPE94,重庆纸包鱼(吉祥村店),餐饮服务;中餐厅;四川菜(川菜),108.92329438170025,34.22719108371352,雁塔区,108.927904,34.225565
B0HDKADR3T,一粉一城新疆炒米粉(三爻店),餐饮服务;快餐厅;快餐厅,108.93948112598898,34.18213611271308,雁塔区,108.944123,34.180516
B0H226GUHF,菜老包(新世家星城菜市场店),餐饮服务;中餐厅;中餐厅,108.92310740209336,34.19376688523208,雁塔区,108.927714,34.192129
B0H0GAFZSH,李大叔南昌拌粉(小寨店),餐饮服务;中餐厅;中餐厅,108.94096231781629,34.20510497496049,雁塔区,108.94561,34.203495
B0FFKTCE1Y,贡茶(电子一路店),餐饮服务;冷饮店;冷饮店,108.9182355868098,34.21659821192608,雁塔区,108.922836,34.214964
B0FFJDLP1Q,过桥米线(小寨店),餐饮服务;中餐厅;特色/地方风味餐厅,108.92759101719425,34.21700316374459,雁塔区,108.932208,34.215378
B0FFHZTLMJ,小孟华擀面皮(大雁塔店),餐饮服务;中餐厅;中餐厅,108.95647729203588,34.223944069884254,雁塔区,108.961174,34.222372
B0FFHM6RLN,金马鸡汤刀削面(凯旋广场店),餐饮服务;中餐厅;中餐厅,108.93407252928058,34.208161827278545,雁塔区,108.938703,34.206542
B0FFK0AGS5,山由之cafe&meal(小寨店),餐饮服务;餐饮相关场所;餐饮相关,108.93817290895316,34.22692292602577,雁塔区,108.942815,34.225316
B0FFJ7XQ2P,十味面(翠华路店),餐饮服务;中餐厅;中餐厅,108.95202123252814,34.20896123609201,雁塔区,108.956702,34.207374
B0FFIKFST8,小艺饺子馆,餐饮服务;中餐厅;特色/地方风味餐厅,108.95212115442924,34.20597205266392,雁塔区,108.956802,34.204384
B0FFIIQZV5,八水茶室(通达大厦店),餐饮服务;茶艺馆;茶艺馆,108.90669339186508,34.22920025184741,雁塔区,108.911281,34.227565
B0FFHUH22R,OLIVE BAKERY(世家星城店),餐饮服务;外国餐厅;韩国料理|餐饮服务;糕饼店;糕饼店|餐饮服务;咖啡厅;咖啡厅,108.92651804343836,34.19351443317897,雁塔区,108.931131,34.19188
B0FFHSINAV,兰州拉面(育才路店),餐饮服务;中餐厅;清真菜馆,108.95394542462483,34.22803028084237,雁塔区,108.958634,34.226454
B0FFHS35XK,马子胜牛肉面(雁塔雕塑示范街店),餐饮服务;中餐厅;清真菜馆,108.9415814097624,34.22023560976153,雁塔区,108.946232,34.218632
B0FFHGL4K5,灵犀纸包鱼小竹签烤肉(永松路店),餐饮服务;中餐厅;特色/地方风味餐厅,108.92069978540606,34.22788019743973,雁塔区,108.925305,34.226252
B0FFHCXBBI,陕北旺家羊肉面,餐饮服务;中餐厅;西北菜,108.92901945756668,34.224697712265424,雁塔区,108.93364,34.223077
B0FFH0X46I,汇成天玺酒店玺樾聚中餐厅,餐饮服务;中餐厅;特色/地方风味餐厅,108.93481961850102,34.19741939723637,雁塔区,108.939451,34.195797
B0FFH02LTP,八旗不上火铜锅涮肉·烧烤(吉祥路店),餐饮服务;中餐厅;火锅店,108.91448008846444,34.22649613773585,雁塔区,108.919076,34.224863
B0FFG537AX,桥源汤包(朱雀南路店),餐饮服务;餐饮相关场所;餐饮相关,108.93422403386803,34.209864019467325,雁塔区,108.938855,34.208245
B0FFG494SO,一一面馆(融鑫路店),餐饮服务;中餐厅;中餐厅,108.90961676361532,34.2269302350208,雁塔区,108.914207,34.225295
B001D0VU9L,清真·马骥家泡馍(朱雀大街店),餐饮服务;中餐厅;清真菜馆,108.9340151895031,34.226442436803154,雁塔区,108.938647,34.224829
B001D08C1P,西城面馆(红专南路店),餐饮服务;中餐厅;中餐厅,108.94768509098316,34.21704434875972,雁塔区,108.952353,34.215451
B001D0WTWE,石羊农庄,餐饮服务;中餐厅;中餐厅|体育休闲服务;休闲场所;休闲场所,108.99909874744596,34.21829168195445,雁塔区,109.003965,34.216836
B0FFJ5BMPW,南湖1号 曲江池东路分店,餐饮服务;中餐厅;中餐厅|体育休闲服务;娱乐场所;娱乐场所,108.98214120517626,34.20151824413424,雁塔区,108.986934,34.200006
B0FFJ25M2I,汇聚德铜锅涮肉(中海城店),餐饮服务;中餐厅;火锅店,108.97613601948196,34.1859135919015,雁塔区,108.980903,34.184379
B0FFHN461I,禅舍茶馆(金地湖城大境天字一号店),餐饮服务;茶艺馆;茶艺馆,108.98170057518507,34.207018643465275,雁塔区,108.986492,34.205507
B0FFJ663KK,菲沫斯•Femos 精酿啤酒餐厅(万众国际店),体育休闲服务;娱乐场所;酒吧|餐饮服务;中餐厅;中餐厅,108.98310046958764,34.19851846278502,雁塔区,108.987897,34.197008
B0FFGZG9LA,莲西餐厅,餐饮服务;中餐厅;中餐厅,108.96996426488964,34.21123098311308,雁塔区,108.974709,34.209688
B001D08NOK,御宴宫,餐饮服务;中餐厅;综合酒楼,108.9655728065669,34.212572008708406,雁塔区,108.970301,34.211018
B0M6X4O2YY,百代鸡(中海·凯旋新天地春临三路店),餐饮服务;餐饮相关场所;餐饮相关,108.9711449188178,34.1840689339952,雁塔区,108.975892,34.18252
B0KRKZ7Q33,泰熙家,餐饮服务;餐饮相关场所;餐饮相关,108.99797773784346,34.22832247716687,雁塔区,109.00284,34.226867
B0KK95I1N0,霸舌生滚牛肉米粉(交大南洋时代广场店),餐饮服务;餐饮相关场所;餐饮相关,108.9980085932076,34.22846333206274,雁塔区,109.002871,34.227008
B0KDZCPOF9,约多多老潼关肉夹馍(曲江大城华宸店),餐饮服务;中餐厅;中餐厅,109.00604950579068,34.18644742437445,雁塔区,109.010943,34.185002
B0FFJRVVMS,汉中热米皮(保利·曲江春天里店),餐饮服务;快餐厅;快餐厅,108.9954777199142,34.1896034722685,雁塔区,109.000326,34.188127
B0M65SH16F,霸碗盖码饭(西安曲江君安城市广场店),餐饮服务;中餐厅;中餐厅,108.986092859297,34.1874983192687,雁塔区,108.990901,34.185993
B0LUKHVK8Y,王氏现捞(春临二路便民市场店),餐饮服务;餐饮相关场所;餐饮相关,108.98691333443628,34.18832761696972,雁塔区,108.991725,34.186825
B0LR1HRKHL,金瑶六道汤瑶族头疗养生SPA(曲江壹街店),餐饮服务;中餐厅;中餐厅,108.97083246982164,34.192155130165695,雁塔区,108.975579,34.190608
B0LAC6CN9A,幸运咖(中海凯旋新天地店),餐饮服务;咖啡厅;咖啡厅,108.97243379424413,34.18513309111835,雁塔区,108.977186,34.183588
B0KUACF23A,沙县小吃,餐饮服务;中餐厅;中餐厅,109.01305401874664,34.21784674299646,雁塔区,109.01798,34.216433
B0J2A740NR,霸碗盖码饭(西安天驹大厦店),餐饮服务;中餐厅;中餐厅,108.99283883594754,34.22806913513655,雁塔区,108.997679,34.226598
B0IR273AP9,田农甜(紫汀苑店),餐饮服务;餐饮相关场所;餐饮相关,108.98328866883276,34.21082370221649,雁塔区,108.988087,34.209318
B0IKLHT0C3,老台门汤包(新开门街店),餐饮服务;餐饮相关场所;餐饮相关,109.00105896138652,34.21041549245161,雁塔区,109.005933,34.208963
B0FFI7SXOC,绥德羊杂碎(中海·东郡店),餐饮服务;中餐厅;中餐厅,108.98067908714371,34.215541629055835,雁塔区,108.985467,34.21403
B0FFHUZ4DP,三月茉甜品店,餐饮服务;甜品店;甜品店,108.96610709579129,34.184675030015306,雁塔区,108.970835,34.183113
B0MGALFEL1,私町寿司(西安曲江店),餐饮服务;外国餐厅;日本料理,108.9934408654758,34.2087481800959,雁塔区,108.998282,34.207272
B0M669B56U,真功夫·原盅现蒸(西安汉华城外送店),餐饮服务;快餐厅;快餐厅,108.99374253250856,34.20923010175549,雁塔区,108.998585,34.207755
B0KG05I2HL,金瑶六道汤(曲江创意谷店),餐饮服务;中餐厅;中餐厅,109.00957324596546,34.21250401414279,雁塔区,109.014484,34.211078
B0KA9LLX68,中国·中茶(曲江旗舰店),餐饮服务;餐饮相关场所;餐饮相关,108.97012478534349,34.19733330453922,雁塔区,108.974869,34.195786
B0K3R53VI0,米琪诺生日蛋糕(正荣彩虹谷店),餐饮服务;糕饼店;糕饼店,109.00639727413947,34.19527946148059,雁塔区,109.011293,34.193838
B0JGCUQDV4,窑鸡王(曲江汉华城店),餐饮服务;餐饮相关场所;餐饮相关,108.99397254431707,34.20925439802685,雁塔区,108.998816,34.20778
B0J32H7S9Q,菊花开手撕藤椒鸡(春临三路店),餐饮服务;餐饮相关场所;餐饮相关,108.99542730691208,34.1851530785169,雁塔区,109.000275,34.183675
B0FFKZH3W4,福旗源汤包(华著中城店),餐饮服务;餐饮相关场所;餐饮相关,108.9930547085112,34.21849492917828,雁塔区,108.997895,34.217021
B0FFKRO2Q1,阿甘锅盔(汉华城店),餐饮服务;中餐厅;中餐厅,108.99383517737846,34.208724996587954,雁塔区,108.998678,34.20725
B0FFIOC3DW,禧苑茶文化会馆(金地湖城大境天境店),餐饮服务;茶艺馆;茶艺馆,108.97966082501812,34.19669303337379,雁塔区,108.984443,34.195172
B0FFIMLF2R,渭南时辰包子(东曲江池社区店),餐饮服务;快餐厅;快餐厅,108.98697748073089,34.19536809940169,雁塔区,108.99179,34.193868
B0FFGVYMEE,横山双城铁锅炖羊肉(曲江店),餐饮服务;中餐厅;中餐厅,108.98041322695798,34.214987590464446,雁塔区,108.9852,34.213475
B0FFHEB93T,醉爱小厨(曲江店),餐饮服务;餐饮相关场所;餐饮相关,108.99242047163244,34.21791204935888,雁塔区,108.997258,34.216436
B0FFGG732L,渭南时辰包子(西影路店),餐饮服务;中餐厅;中餐厅,108.98008344668897,34.22873761007446,雁塔区,108.98487,34.227229
B0MGFR51MK,ISLA AVES鸟岛高大师啤酒,餐饮服务;中餐厅;中餐厅,108.99288658400503,34.20460427922618,雁塔区,108.997725,34.203125
B0LUGAC0SH,朴正喜韩式炸鸡(汉华城店),餐饮服务;快餐厅;快餐厅,108.99297869212128,34.210585938210514,雁塔区,108.997818,34.209109
B0LAFCRS9G,海里家里三文鱼(曲江路店),餐饮服务;餐饮相关场所;餐饮相关,108.9928034389094,34.21062745262081,雁塔区,108.997642,34.20915
B0FFHCWLEZ,老台门汤包(中海城店),餐饮服务;餐饮相关场所;餐饮相关,108.97441590776717,34.1857844293347,雁塔区,108.979176,34.184245
B0LK9ZA8T3,彭诚记牛杂面粉馆(交大南洋时代店),餐饮服务;中餐厅;中餐厅,108.99739623030428,34.22845719372078,雁塔区,109.002256,34.227
B0LK6HKGGN,金玉湾,餐饮服务;茶艺馆;茶艺馆,108.98796514806511,34.19728852018515,雁塔区,108.992782,34.195792
B0LD21Q6G9,清雅居茶舍(中国铁建·国际城曦园店),餐饮服务;茶艺馆;茶艺馆,108.99560147265352,34.21020113844587,雁塔区,109.000452,34.208732
B0IAVHHAD0,伊诺轩兰州牛肉面(曲江·海天华庭店),餐饮服务;快餐厅;快餐厅,108.9793468703937,34.22384149961282,雁塔区,108.98413,34.222329
B0FFIJV3PY,泓泽汇传统文化馆(碧水西岸·南湖1号小区店),餐饮服务;茶艺馆;茶艺馆|科教文化服务;文化宫;文化宫|购物服务;专卖店;专营店,108.97348536292286,34.200815010495084,雁塔区,108.978243,34.199278
B0FFHEAR9L,石洪腊牛肉夹馍(钻石半岛店),餐饮服务;中餐厅;清真菜馆,108.9693341653259,34.20543666419744,雁塔区,108.974076,34.20389
B0LKULZPT7,遇小余冒粉·肉夹馍,餐饮服务;快餐厅;快餐厅,108.99428020854631,34.20944840033452,雁塔区,108.999125,34.207975
B0LK2UQROW,苏东客南京灌汤小笼包,餐饮服务;中餐厅;中餐厅,108.96784058259296,34.18448258992355,雁塔区,108.972575,34.182925
B0L0GU4B08,铁蛋鸡汤刀削面(曲江店),餐饮服务;餐饮相关场所;餐饮相关,108.9953727392208,34.21879581130334,雁塔区,109.000223,34.217329
B0KDUZAPVZ,禾韵茶舍(紫薇·曲江意境店),餐饮服务;茶艺馆;茶艺馆,108.99274415590646,34.205057553788045,雁塔区,108.997582,34.203578
B0JKSCXHKG,彤阳楼茶苑(曲江公馆·和园店),餐饮服务;茶艺馆;茶艺馆,108.98562301038037,34.20953229166102,雁塔区,108.990431,34.208033
B0JA7UPA10,臻煨.功夫汤(曲江店),餐饮服务;中餐厅;中餐厅,108.98875685509203,34.19655040639152,雁塔区,108.993577,34.195056
B0IAJC14XG,轩泽裤带面(阳光城紫金城店),餐饮服务;中餐厅;中餐厅,109.02365401693687,34.219350513898945,雁塔区,109.028624,34.217968
B0HKNHP6GW,茗鑫茶社棋牌,餐饮服务;茶艺馆;茶艺馆,108.9966251625706,34.185109460749125,雁塔区,109.001478,34.183635
B0FFFZZ53M,茗·尚,餐饮服务;休闲餐饮场所;休闲餐饮场所|购物服务;购物相关场所;购物相关场所,108.96995824422098,34.19957599520744,雁塔区,108.974702,34.198029
B0FFGFP9I6,永康菠菜面(中海·碧林湾店),餐饮服务;中餐厅;中餐厅,108.98838242428104,34.20882634556838,雁塔区,108.993202,34.207335
B0FFJEMOG8,尕娃椒麻鸡(曲江店),餐饮服务;快餐厅;快餐厅,109.00073520772628,34.21218885832918,雁塔区,109.005608,34.210736
B0MGXCYDRA,蒙司令铜锅涮肉,餐饮服务;中餐厅;火锅店,108.98998575453248,34.207153129435326,雁塔区,108.994812,34.205666
B0MGA1GDY4,苏香园·南京灌汤小笼包(重阳路店),餐饮服务;中餐厅;中餐厅,108.99655167752644,34.218715265600075,雁塔区,109.001407,34.217252
B0MBPH1EU1,南京灌汤小笼包,餐饮服务;中餐厅;中餐厅,108.98848001856952,34.2087310874015,雁塔区,108.9933,34.20724
B0MB26ZPVF,熊大爷现包饺子(曲江奥园店),餐饮服务;中餐厅;特色/地方风味餐厅,109.0068535132531,34.216797691940975,雁塔区,109.011753,34.215365
B0MAKUOB5S,广运昌潮汕牛肉火锅,餐饮服务;中餐厅;火锅店,108.9663142806033,34.185162337898404,雁塔区,108.971043,34.183601
B0MABSRLRV,红汤排骨面(曲江店),餐饮服务;快餐厅;快餐厅,109.00377101363024,34.21366612399883,雁塔区,109.008657,34.212223
B0M6BRHVZN,时光麻辣香锅(曲江店),餐饮服务;中餐厅;中餐厅,108.98751013577572,34.1965231308378,雁塔区,108.992325,34.195025
B0LRY5X0S3,Natural莼萃轻食,餐饮服务;餐饮相关场所;餐饮相关,109.00992174392246,34.212702899425004,雁塔区,109.014834,34.211278
B0LRNLLIDS,横香陕北横山羊肉陕北特产,餐饮服务;中餐厅;中餐厅,108.97864568280994,34.212343582803065,雁塔区,108.983425,34.210825
B0LRKXIZS8,薯之缘·砂锅麻酱土豆粉(西安理工大学店),餐饮服务;快餐厅;快餐厅,108.9920883191033,34.22479958464092,雁塔区,108.996925,34.223325
B0LR7AI5ID,尧光咖啡馆,餐饮服务;咖啡厅;咖啡厅,108.98601621496522,34.19917667014922,雁塔区,108.990825,34.197675
B0LR3SCAGP,馋小猫炸串·拌饼(曲江万科店),餐饮服务;快餐厅;快餐厅,109.01036069018598,34.21489781455001,雁塔区,109.015275,34.213475
B0LKPSZ9YL,茑川·烧鸟酒场(曲江店),餐饮服务;外国餐厅;日本料理,108.99303996307968,34.20417496311256,雁塔区,108.997879,34.202696
B0LK11ETOK,山西杨记麻花(西影路店),餐饮服务;快餐厅;快餐厅|餐饮服务;糕饼店;糕饼店,108.96760614183658,34.22512128562432,雁塔区,108.972343,34.223577
B0LAJ5RQAR,帖记黑面皮,餐饮服务;中餐厅;中餐厅,108.99527768005515,34.18839047622497,雁塔区,109.000125,34.186913
B0L3HD82FV,夏哥麻辣烫,餐饮服务;中餐厅;中餐厅,108.9955250702152,34.218969288046615,雁塔区,109.000376,34.217503
B0L1TS35V6,馋小猫·炸串·拌饼(中海凯旋门店),餐饮服务;餐饮相关场所;餐饮相关,108.97162598222566,34.18482238866004,雁塔区,108.976375,34.183275
B0KA2LHTSY,辣唐火锅(曲江城市之光店),餐饮服务;中餐厅;火锅店,108.97109630197323,34.18170282869715,雁塔区,108.975843,34.180153
B0K3PX5J93,MilkyMagic高端定制蛋糕,餐饮服务;糕饼店;糕饼店,108.9849203967354,34.216317989076664,雁塔区,108.989726,34.214819
B0K2NU35J1,初恋微甜面包店,餐饮服务;糕饼店;糕饼店,109.0071387550542,34.18742881415827,雁塔区,109.012037,34.185987
B0J6DHCQB9,乐鲜厨大妈(万科金域二期店),餐饮服务;中餐厅;中餐厅,108.9947627666584,34.20189453183861,雁塔区,108.999609,34.20042
B0J26ZO54G,小友居酒屋(金地湖城大境天字一号店),餐饮服务;外国餐厅;日本料理,108.9819545205652,34.20706189159077,雁塔区,108.986747,34.205551
B0J10M185L,熙兴牛季·雪花牛肉(紫薇·曲江意境店),餐饮服务;中餐厅;中餐厅,108.99306983402282,34.20418886819352,雁塔区,108.997909,34.20271
B0IR6DRZE5,风景茶苑,餐饮服务;茶艺馆;茶艺馆,108.98911600489072,34.212533865674615,雁塔区,108.993939,34.211046
B0I3TOLNYF,贵州茅台·茅粉之家(万科·金域曲江1期店),餐饮服务;中餐厅;中餐厅,108.99409083943146,34.199613337238425,雁塔区,108.998934,34.198136
B0G3VBBLFF,古月麻小仙,餐饮服务;中餐厅;中餐厅,108.99392862893576,34.21050009850695,雁塔区,108.998772,34.209026
B0G0DC9SF7,桥梓口酱腊牛肉店,餐饮服务;中餐厅;中餐厅,108.9699963465939,34.18433793194521,雁塔区,108.974739,34.182786
B0FFL5O1DM,茶语·唐九里茶坊.汉中仙毫,餐饮服务;茶艺馆;茶艺馆,109.00967933868807,34.20601994234218,雁塔区,109.01459,34.204592
B0FFI6Y6DF,悦乎生活(曲江公馆·和园店),餐饮服务;餐饮相关场所;餐饮相关,108.98843933684724,34.20697281559877,雁塔区,108.993259,34.205481
B0FFJCMFF4,銘門·味觉小厨(大唐芙蓉园店),餐饮服务;中餐厅;广东菜(粤菜),108.97350665758948,34.208371366874445,雁塔区,108.978265,34.206837
B0FFGHU437,安塞地椒羊肉(曲江壹街店),餐饮服务;中餐厅;中餐厅,108.97085040307309,34.19212009347308,雁塔区,108.975597,34.190573
B001D13VSR,七号馆,餐饮服务;中餐厅;中餐厅,108.98140950826196,34.21028935572242,雁塔区,108.9862,34.208778
B0MAK7NHSA,氏族香味宝宝面皮,餐饮服务;中餐厅;中餐厅,109.00620087038116,34.186283020345435,雁塔区,109.011095,34.184838
B0MAK5OHWN,肯德基车速取餐点(西影店),餐饮服务;餐饮相关场所;餐饮相关,108.96546027475335,34.224182173723925,雁塔区,108.970189,34.222632
B0M6B5HMX8,谨食健身营养餐,餐饮服务;中餐厅;中餐厅,108.9920674054336,34.22483663425542,雁塔区,108.996904,34.223362
B0LUBUGDDE,醉砂坊老式砂锅(曲江大城君尚府店),餐饮服务;餐饮相关场所;餐饮相关,109.00504220166007,34.1819999126191,雁塔区,109.009931,34.18055
B0LRAHZ4PJ,唐潮印记茶语文创(唐潮物语),餐饮服务;茶艺馆;茶艺馆,108.97147738823776,34.21130588751,雁塔区,108.976228,34.209767
B0L2YAUXXH,NOWWA挪瓦咖啡(每一天西安万科翡翠国际2店),餐饮服务;咖啡厅;咖啡厅,108.99316559319745,34.2141741203432,雁塔区,108.998006,34.212699
B0L2YAUXX4,NOWWA挪瓦咖啡(每一天西安正荣彩虹谷店),餐饮服务;咖啡厅;咖啡厅,109.0062329635258,34.195460897489085,雁塔区,109.011128,34.194019
B0L1ZCNNRO,nowwa挪瓦咖啡(每一天西安旺座曲江店),餐饮服务;咖啡厅;咖啡厅,109.00996273345704,34.21075045752683,雁塔区,109.014875,34.209325
B0KGHHW7PI,吉祥馄饨(西安曲江服务区北店),餐饮服务;餐饮相关场所;餐饮相关,108.97430503170855,34.18964047591953,雁塔区,108.979065,34.188102
B0KAZYBQS8,小酒馆(和众曲江城阅店),餐饮服务;中餐厅;中餐厅,109.0063278457969,34.215859611034766,雁塔区,109.011225,34.214425
B0J1LHOL2H,膳食坊-川湘菜(曲江路店)(暂停营业),餐饮服务;中餐厅;四川菜(川菜),108.9937833346416,34.20950588286084,雁塔区,108.998626,34.208031
B0I2GHFWJG,户部巷绝味烤面筋(中冶·一曲江山店),餐饮服务;餐饮相关场所;餐饮相关,108.9905384262885,34.21888936406276,雁塔区,108.995368,34.217408
B0HD7CRO41,兄弟大盘鸡(绿地曲江名城店),餐饮服务;中餐厅;中餐厅,109.01205368919769,34.22452532726496,雁塔区,109.016976,34.223111
B0H2VSWOHP,荷田水铺(西安西影TIME店),餐饮服务;冷饮店;冷饮店|生活服务;生活服务场所;生活服务场所,108.96569544067206,34.22367475446078,雁塔区,108.970425,34.222125
B0GK4CQKSH,晨曦炖品·鲍鱼饭(曲江店),餐饮服务;中餐厅;广东菜(粤菜),108.9929627629789,34.21055399739109,雁塔区,108.997802,34.209077
B0FFJ4WPN1,腾腾娃烤肉(八一小区店),餐饮服务;餐饮相关场所;餐饮相关,108.978923493417,34.22514324015309,雁塔区,108.983705,34.22363
B0FFGNYR37,亚利烤肉·大雁塔30年老店,餐饮服务;中餐厅;特色/地方风味餐厅,108.96660673048372,34.22733708118138,雁塔区,108.97134,34.225791
B0FFF8ZT3X,齐悦擀面皮岐山臊子面(曲江店),餐饮服务;中餐厅;中餐厅,108.98084039973062,34.215819065739566,雁塔区,108.985629,34.214308
B0FFF8ZPP8,小邹川味馆(雁南四路),餐饮服务;中餐厅;四川菜(川菜),108.96557194751362,34.198668780605296,雁塔区,108.970299,34.19711
B0FFIPJASY,王启华火锅(曲江南湖店),餐饮服务;中餐厅;火锅店,108.97629846784496,34.20897839505056,雁塔区,108.981068,34.207452
B0FFIKK511,南栖湖畔茶庭(曲江店),餐饮服务;茶艺馆;茶艺馆,108.97725374014068,34.20743923578995,雁塔区,108.982027,34.205915
B0FFHE1H65,西安凯悦酒店·湖畔中餐厅,餐饮服务;中餐厅;中餐厅,108.9818033318975,34.204817101214296,雁塔区,108.986595,34.203305
B0FFH2HOID,海海烧烤,餐饮服务;中餐厅;综合酒楼|餐饮服务;中餐厅;特色/地方风味餐厅,108.98417412315854,34.22111347837188,雁塔区,108.988977,34.219614
B0FFGB257J,烛影拾光观景餐厅·创意菜(鲜花·小提琴·大唐不夜城店),餐饮服务;中餐厅;中餐厅,108.9655275571712,34.20545858730468,雁塔区,108.970255,34.203902
B0FFFGYO8J,荷唐壹号(曲江店),餐饮服务;中餐厅;火锅店,108.97211390084888,34.21129116506766,雁塔区,108.976867,34.209754
B0FFF65AZA,老赵家面馆,餐饮服务;中餐厅;中餐厅,108.9791950520542,34.22916300223625,雁塔区,108.983978,34.227652
B001D0VT11,贞观茶馆,餐饮服务;茶艺馆;茶艺馆,108.96660046965846,34.206393505092315,雁塔区,108.971332,34.20484
B0FFHRVAIC,南七荞面饸饹,餐饮服务;中餐厅;中餐厅,108.98145474961382,34.22930844401627,雁塔区,108.986247,34.227804
B0FFHR50BL,晁记蓉城冒菜(中海·东郡店),餐饮服务;中餐厅;中餐厅,108.98076870329056,34.21572030751359,雁塔区,108.985557,34.214209
B0FFHIEBL5,清心居茶楼,餐饮服务;茶艺馆;茶艺馆,108.97045711071084,34.2264462533302,雁塔区,108.975205,34.22491
B0FFI1DYJD,天赐隆逍遥镇胡辣汤豆沫(西安总店),餐饮服务;中餐厅;中餐厅,108.9680544808279,34.22462828943761,雁塔区,108.972793,34.223085
B0FFHS7R2B,小竹签烤肉九喜龙虾(紫薇·曲江意境店),餐饮服务;中餐厅;特色/地方风味餐厅,108.99369421635852,34.20350121708196,雁塔区,108.998536,34.202024
B0FFJIDOHS,九只龙虾蜀九川菜(雁翔路店),餐饮服务;中餐厅;四川菜(川菜),109.0009273737112,34.21226324847475,雁塔区,109.005801,34.210811
B0FFJEU6Q8,安吉娜私享孕婴儿童摄影(中海城店),生活服务;摄影冲印店;摄影冲印|餐饮服务;糕饼店;糕饼店,108.97203629666114,34.18581495231915,雁塔区,108.976787,34.184269
B0FFFSRUKV,DUO西班牙主题餐厅(西安盛美利亚酒店),餐饮服务;外国餐厅;地中海风格菜品,108.97181920002808,34.20951858205382,雁塔区,108.976571,34.20798
B0MBBZVGR3,玫瑰3号宴雨林古树茶融合私房菜(玫瑰庄园店),餐饮服务;中餐厅;特色/地方风味餐厅,108.98948351786714,34.199591212000584,雁塔区,108.994307,34.1981
B0MA6RLCQP,喜月鲜饺,餐饮服务;中餐厅;特色/地方风味餐厅,108.98815738548907,34.19667115433348,雁塔区,108.992975,34.195175
B0M6R511K9,小胖家鲜卤,餐饮服务;餐饮相关场所;餐饮相关,108.96612505472535,34.18435608713683,雁塔区,108.970853,34.182794
B0LRF998D6,薛昌利大米面皮(后村西路店),餐饮服务;快餐厅;快餐厅,108.96605573864254,34.22803224994887,雁塔区,108.970787,34.226485
B0LGJLSATO,子午路张记肉夹馍(正荣彩虹谷店),餐饮服务;中餐厅;中餐厅,109.0051934386435,34.19529609706373,雁塔区,109.010084,34.193851
B0L3SU36KQ,青岛啤酒鲜吧(创意谷店),餐饮服务;中餐厅;中餐厅,109.00726875041748,34.216604507094935,雁塔区,109.01217,34.215173
B0L3H7APXE,邻聚坊生鲜超市,餐饮服务;中餐厅;中餐厅,109.02361021362164,34.219115720529075,雁塔区,109.02858,34.217733
B0L35LFNV9,山月集,餐饮服务;茶艺馆;茶艺馆,108.99409596196658,34.20989180381649,雁塔区,108.99894,34.208418
B0L31UVDNA,常益肠,餐饮服务;中餐厅;中餐厅,109.0029499153478,34.209263149727306,雁塔区,109.007832,34.207816
B0KUUMQN6O,秦卤鸭(曲江龙邸店),餐饮服务;餐饮相关场所;餐饮相关,109.00335715033596,34.20941286208681,雁塔区,109.008241,34.207967
B0KU4BZL5T,北池古街丸子烩菜(曲江店),餐饮服务;餐饮相关场所;餐饮相关,108.98355761046908,34.222157911079336,雁塔区,108.988358,34.220657
B0KKRUZDUB,皮子哥擀面皮肉夹馍(曲江旗舰店),餐饮服务;中餐厅;中餐厅,108.97707954605514,34.18191623045941,雁塔区,108.98185,34.180383
B0KDYGRP89,馍大帅肉夹馍,餐饮服务;中餐厅;中餐厅,108.99380326161555,34.20935687427725,雁塔区,108.998646,34.207882
B0KDXDTNQ8,芝蕊鲜大盘鸡拌面(后村嘉园店),餐饮服务;中餐厅;中餐厅,108.96590929118187,34.22796765007922,雁塔区,108.97064,34.22642
B0KA5C7FFI,慢甜烘焙(曲江二中店),餐饮服务;糕饼店;糕饼店,108.9768245385492,34.1823678042272,雁塔区,108.981594,34.180834
B0K2G7O4OW,西安市曲江新区随园茶馆,餐饮服务;茶艺馆;茶艺馆,108.9924382901264,34.20715475581612,雁塔区,108.997275,34.205675
B0K1NUPCI0,湘城快餐,餐饮服务;快餐厅;快餐厅,109.01850942834268,34.22680451887438,雁塔区,109.023459,34.22541
B0JU2Y043U,潮汕生腌·捞汁小海鲜(曲江店),餐饮服务;中餐厅;海鲜酒楼,108.9854979930145,34.21608236954782,雁塔区,108.990306,34.214585
B0JDY50OG7,D&H禾岛美学烘焙,餐饮服务;糕饼店;糕饼店,109.00982331423376,34.2109078207448,雁塔区,109.014735,34.209482
B0JASK8LYJ,森涧·茶咖(万科·东方传奇店),餐饮服务;咖啡厅;咖啡厅,109.01157959996269,34.213831546319746,雁塔区,109.016499,34.212412
B0IUHCNKI8,曹家凉皮(曲江店),餐饮服务;快餐厅;快餐厅,109.000888637599,34.2111027708646,雁塔区,109.005762,34.20965
B0IRVZRGWK,渝味鲜烤(曲江店),餐饮服务;中餐厅;综合酒楼,108.97797170192956,34.18471380114362,雁塔区,108.982746,34.183184
B0I1NCCHX7,丽花小吃店,餐饮服务;中餐厅;特色/地方风味餐厅,109.01353234993066,34.22554856474759,雁塔区,109.018461,34.224139
B0H3554C57,美蛙遇上耗儿鱼(曲江店),餐饮服务;中餐厅;中餐厅,108.99552709774918,34.21853443648138,雁塔区,109.000378,34.217068
B0FFFGYJ5K,晏然居,餐饮服务;中餐厅;中餐厅,108.96699848465596,34.212347409774125,雁塔区,108.971732,34.210797
B0MGLSN1DS,樊二郎驴蹄子面(曲江华著中城店),餐饮服务;中餐厅;中餐厅,108.99542749671312,34.2188826145327,雁塔区,109.000278,34.217416
B0MG9HQ5QR,秦宝雪花牛肉火锅(芙蓉新天地店),餐饮服务;中餐厅;火锅店,108.97015360863192,34.21031979377884,雁塔区,108.974899,34.208777
B0MBMY6HYX,北京老门框爆肚涮肉馆(金地广场店),餐饮服务;中餐厅;火锅店,108.98402212559998,34.20458870570475,雁塔区,108.988823,34.203083
B0MBA7AJGM,蕉夏知南·老爸茶LAOBACHA,餐饮服务;冷饮店;冷饮店,108.96943038583078,34.21043468313885,雁塔区,108.974173,34.20889
B0MBA59JTZ,野人先生现做冰淇淋(西安创意谷店),餐饮服务;休闲餐饮场所;休闲餐饮场所,109.00760255901086,34.213771497851624,雁塔区,109.012505,34.21234
B0MB5UKNZ3,马有鱼馕坑烤全鱼(曲江创意谷店),餐饮服务;中餐厅;中餐厅,109.00677202467809,34.21486561938005,雁塔区,109.011671,34.213432
B0MAM97CZ1,荆九爷爆炒桥头三嫩(曲江创意谷店),餐饮服务;中餐厅;四川菜(川菜),109.00821886974948,34.214398421104775,雁塔区,109.013124,34.212969
B0M6LZ4U3Q,黄家泡馍馆·非遗老字号·清真(金滹沱店),餐饮服务;中餐厅;清真菜馆,108.96985211388964,34.18176114899928,雁塔区,108.974594,34.180208
B0M6FAWZ1S,益禾堂(西安市雁塔区褐石公馆店),餐饮服务;休闲餐饮场所;休闲餐饮场所,108.9925234412268,34.18892562660489,雁塔区,108.997359,34.18744
B0M67UYNCX,华莱士·全鸡汉堡(曲江四小店),餐饮服务;快餐厅;快餐厅,108.99671918884314,34.19194393641972,雁塔区,109.001573,34.190472
B0M67AW9WT,魏斯理汉堡(曲江龙湖天街店),餐饮服务;快餐厅;快餐厅,108.9875353987591,34.21618829523497,雁塔区,108.992352,34.214697
B0M64XK59B,汪茂元羊肉面·非遗老字号(曲江宜居店),餐饮服务;中餐厅;中餐厅,109.00309689490358,34.213896088444606,雁塔区,109.00798,34.212451
B0LUU5K1UA,麻六记酸辣粉(曲江创意谷店),餐饮服务;中餐厅;中餐厅,109.00845390031232,34.21397886104043,雁塔区,109.01336,34.21255
B0LUOHKG6B,顾二叔·手作酸奶(曲江创意谷店),餐饮服务;冷饮店;冷饮店,109.00795408971597,34.21335558431303,雁塔区,109.012858,34.211925
B0LUBRK5HT,优为客牛排自助餐厅(正荣彩虹谷店),餐饮服务;餐饮相关场所;餐饮相关,109.0052720840211,34.19549779167557,雁塔区,109.010163,34.194053
B0LUBHIFS5,一只酸奶牛(西安曲江创意谷店),餐饮服务;冷饮店;冷饮店,109.00740941955056,34.21337022086142,雁塔区,109.012311,34.211938
B0LU9MDAJI,古鲁特烤肉自助餐厅(西安西影TIME店),餐饮服务;中餐厅;中餐厅,108.96580701544946,34.223786428002406,雁塔区,108.970537,34.222237
B0LU6LKUUL,鱼你在一起(交大南洋店),餐饮服务;中餐厅;中餐厅,108.99797773784346,34.22832247716687,雁塔区,109.00284,34.226867
B0LRY7WNAG,山城九宫格火锅,餐饮服务;中餐厅;火锅店,108.98412630973228,34.221273561401084,雁塔区,108.988929,34.219774
B0LRVUJWI6,麻小诺延安沾沾(旺座曲江店),餐饮服务;中餐厅;中餐厅,109.00744546420492,34.2109999398896,雁塔区,109.012347,34.209567
B0LRSK4IXX,瑞幸咖啡(西影TIME-3F店),餐饮服务;咖啡厅;咖啡厅,108.96582992840328,34.22380536235947,雁塔区,108.97056,34.222256
B0LRPHQXF5,库迪咖啡(交大曲江店),餐饮服务;餐饮相关场所;餐饮相关,108.99649706673875,34.22885277802102,雁塔区,109.001353,34.227393
B0LRJ5HTQP,沪上阿姨·精选茶饮(西安中海凯旋门店),餐饮服务;休闲餐饮场所;休闲餐饮场所,108.97163792224566,34.18498530344341,雁塔区,108.976387,34.183438
B0LRHZ7FYM,野人先生现做冰淇淋(西安创意谷二店),餐饮服务;冷饮店;冷饮店,109.00790830997332,34.21306482404165,雁塔区,109.012812,34.211634
B0LRGSSWD4,库迪咖啡(曲江安居生活荟店),餐饮服务;咖啡厅;咖啡厅,109.00391925744444,34.21508117736117,雁塔区,109.008806,34.213639
B0LR7RILO9,彭家正汤·西安糊辣汤(曲江春临直营店),餐饮服务;中餐厅;中餐厅,108.98588967070336,34.188018749997006,雁塔区,108.990697,34.186513
B0LR568WGJ,柳州肥姨妈大骨螺蛳粉(创意谷店),餐饮服务;餐饮相关场所;餐饮相关,109.0024896056036,34.212742335953095,雁塔区,109.00737,34.211295
B0LR49PWKZ,乡村基(旺座曲江店),餐饮服务;快餐厅;快餐厅,109.00992174392246,34.212702899425004,雁塔区,109.014834,34.211278
B0LR37EWNU,野人先生现做冰淇淋(西安曲江天街店),餐饮服务;冷饮店;冷饮店,108.98753933106606,34.2168040659849,雁塔区,108.992356,34.215313
B0LR37DT0X,袁山山重庆火锅(芙蓉新天地店),餐饮服务;中餐厅;火锅店,108.96972628133888,34.21002303830008,雁塔区,108.97447,34.208479
B0LR1CTV9R,小贝壳酒楼(曲江旗舰店),餐饮服务;餐饮相关场所;餐饮相关,108.99314689392584,34.19950122735656,雁塔区,108.997986,34.198021
B0LKRU64LR,小菜园新徽菜(西安曲江金地店),餐饮服务;中餐厅;中餐厅,108.98399819180982,34.2049966362684,雁塔区,108.988799,34.203491
B0LKMU5NXT,库迪咖啡(阳光紫金城店),餐饮服务;咖啡厅;咖啡厅,109.02245377393936,34.220559467584124,雁塔区,109.027419,34.219174
B0LKLC8X7D,库迪咖啡(曲江孟村旺角商业街店),餐饮服务;咖啡厅;咖啡厅,108.995347637513,34.2213099904669,雁塔区,109.000198,34.219844
B0LKH1QKMI,龍歌自助小火锅(西安创意谷店),餐饮服务;中餐厅;火锅店,109.00722411555122,34.214532372023655,雁塔区,109.012125,34.2131
B0LK9UB8B1,麦当劳(曲江龙湖餐厅),餐饮服务;快餐厅;快餐厅,108.98760682953892,34.21940994051182,雁塔区,108.992424,34.21792
B0LK6RM2SG,临榆炸鸡腿(理工大曲江校区地铁站店),餐饮服务;快餐厅;快餐厅,108.9959570399184,34.22105123609144,雁塔区,109.00081,34.219587
B0LK4UWI9G,树夏(西安创意谷店),餐饮服务;休闲餐饮场所;休闲餐饮场所,109.00683287880472,34.213495916544964,雁塔区,109.011732,34.212062
B0LK2HQWUQ,益禾堂(西安市雁塔区华著中城店),餐饮服务;休闲餐饮场所;休闲餐饮场所,108.9934041875569,34.21878177197051,雁塔区,108.998246,34.217309
B0LGT7ZAPU,luckin coffee 瑞幸咖啡(万科城市之光店),餐饮服务;休闲餐饮场所;休闲餐饮场所,108.9711778966878,34.18277426332799,雁塔区,108.975925,34.181225
B0LG97OJJB,塔斯汀中国汉堡(西安市雁塔香都东岸店),餐饮服务;快餐厅;快餐厅,108.9903856508877,34.187894394998565,雁塔区,108.995212,34.186402
B0LDVC511M,库迪咖啡(曲江正荣彩虹谷店),餐饮服务;餐饮相关场所;餐饮相关,109.00626487695084,34.1948610011042,雁塔区,109.01116,34.193419
B0LDU5HDIB,蜀座停车场烧烤(军城大厦店),餐饮服务;餐饮相关场所;餐饮相关,108.97041943286362,34.22430013110667,雁塔区,108.975167,34.222763
B0LDTL5FAC,沙县小吃(正荣彩虹谷店),餐饮服务;中餐厅;中餐厅,109.00628878757529,34.1947039811545,雁塔区,109.011184,34.193262
B0L33HACI2,霸碗盖码饭(西安星河荟店),餐饮服务;快餐厅;快餐厅,109.0466625660022,34.22424663646094,灞桥区,109.051718,34.222924
B0LRCLH7EE,小孙盐筋古法烤肉,餐饮服务;中餐厅;中餐厅,109.03053013303642,34.216154825194806,雁塔区,109.035527,34.21479
B0K0K50LZ5,一日三餐,餐饮服务;餐饮相关场所;餐饮相关,109.03184921673906,34.21445293722987,雁塔区,109.036851,34.213091
B0IKXL2URE,沙县小吃(花间路店),餐饮服务;餐饮相关场所;餐饮相关,109.0356592912863,34.22157258885519,雁塔区,109.040676,34.220223
B0L0X7LYGF,鸡柳大人星河荟店,餐饮服务;快餐厅;快餐厅,109.04637253247772,34.22410932119243,灞桥区,109.051427,34.222786
B0L2Z53XZL,祁胖女人擀面皮(雁鸣湖店),餐饮服务;中餐厅;中餐厅,109.04562307194652,34.2234502133451,灞桥区,109.050675,34.222125
B0K0ZRSFFZ,老碗香菇面(合能十里锦绣二期店),餐饮服务;中餐厅;中餐厅,109.05070658509602,34.224688926280486,灞桥区,109.055775,34.223375
B0FFL3ZCLM,张小庆丸子汤(合能十里锦绣店),餐饮服务;中餐厅;中餐厅,109.051455265662,34.22469640485391,灞桥区,109.056526,34.223384
B0LANHV5XG,野串牛肉串串,餐饮服务;中餐厅;火锅店,109.03608770434728,34.22164548270241,雁塔区,109.041106,34.220297
B0L3FU53K1,秦刘一老火锅,餐饮服务;中餐厅;火锅店,109.04760451367277,34.22396469518296,灞桥区,109.052663,34.222644
B0L0G955C9,曹掌柜烧烤纸包鱼,餐饮服务;中餐厅;中餐厅,109.0474420236944,34.224174969576694,灞桥区,109.0525,34.222854
B0K1UP8T5Z,万香来老城老碗面馆,餐饮服务;中餐厅;中餐厅,109.0519027804899,34.225986040143766,灞桥区,109.056975,34.224675
B0J39X5P8S,渝幺妹川菜纸包鱼(合能十里锦绣二期店),餐饮服务;中餐厅;四川菜(川菜),109.05119307511411,34.22469393527652,灞桥区,109.056263,34.223381
B0IRYUANAS,二阳面庄,餐饮服务;中餐厅;中餐厅,109.08030942048438,34.22762304746903,灞桥区,109.085449,34.226353
B0I0591GX5,成都川菜鱼(长鸣路店),餐饮服务;中餐厅;四川菜(川菜),109.04698192922902,34.184489541316445,长安区,109.052035,34.183154
B0HR0MU14B,秦沟村面馆,餐饮服务;快餐厅;快餐厅,109.04846237570628,34.1816552758211,长安区,109.05352,34.180322
B0MBHLIXNE,肯悦咖啡,餐饮服务;咖啡厅;咖啡厅,109.04681905656432,34.22419731272924,灞桥区,109.051875,34.222875
B0LKOMEYXS,绝味鸭脖(雁鸣湖地铁站店),餐饮服务;餐饮相关场所;餐饮相关,109.05095584050687,34.22433854490487,灞桥区,109.056025,34.223025
B0FFL9FPOS,祥聚马家泡馍馆(半引路店),餐饮服务;中餐厅;清真菜馆,109.05882786629914,34.20065498821345,灞桥区,109.063918,34.199348
B0LR2L5AXQ,霍斛膳坊,餐饮服务;中餐厅;中餐厅,109.03908280490316,34.221925977481035,雁塔区,109.044112,34.220585
B0LAD79V07,无尽夏鲜肉烤肆,餐饮服务;中餐厅;中餐厅,109.0418871302812,34.21939519111342,雁塔区,109.046926,34.21806
B0ID2UTN1B,鲜切小火锅(绿地国际生态城5期店),餐饮服务;中餐厅;火锅店,109.03704806659012,34.223012589578325,雁塔区,109.04207,34.221667
B0LRNRLPDQ,匠麻婆泥锅涮肚.老砂锅(雁鸣湖店),餐饮服务;餐饮相关场所;餐饮相关,109.04703736779344,34.2238929474537,灞桥区,109.052094,34.222571
B0LRJHHG54,茶百道(西安雁鸣星河荟店),餐饮服务;冷饮店;冷饮店,109.0466695515474,34.22414765690792,灞桥区,109.051725,34.222825
B0LB7C4D7M,库迪咖啡(雁鸣湖星河荟店),餐饮服务;餐饮相关场所;餐饮相关,109.04597184508054,34.22424915299655,灞桥区,109.051025,34.222925
B0LADH8DTI,朴香村拌饭(雁鸣湖地铁站店),餐饮服务;中餐厅;中餐厅,109.0454177235252,34.223831532651936,灞桥区,109.050469,34.222506
B0L1Z7NISS,瑞幸咖啡,餐饮服务;休闲餐饮场所;休闲餐饮场所,109.04567184877064,34.22415984932605,灞桥区,109.050724,34.222835
B0KUJL7GZ1,胖姐烧烤纸包鱼(合能十里锦绣店),餐饮服务;中餐厅;特色/地方风味餐厅,109.05214013545182,34.22505390438008,灞桥区,109.057213,34.223743
B0KK473WPK,膳当家黄焖鸡(高科麓湾),餐饮服务;快餐厅;快餐厅,109.04573868394552,34.223490942195816,灞桥区,109.050791,34.222166
B0JU57FHZU,方若·湖畔餐厅(曲江雁鸣湖店),餐饮服务;中餐厅;中餐厅,109.0432161417566,34.22411341511441,雁塔区,109.04826,34.222783
B0FFLC3OAL,户县手擀软面(十里锦绣店),餐饮服务;中餐厅;中餐厅,109.05139844163917,34.224686522973954,灞桥区,109.056469,34.223374
B0FFJGA5XE,老陕裤带面(海域壹号店),餐饮服务;中餐厅;中餐厅,109.03667114234597,34.22655324993288,雁塔区,109.041692,34.225208
B0LUY7WQWL,一粉一城新疆炒米粉(雁鸣湖店),餐饮服务;餐饮相关场所;餐饮相关,109.03633479992816,34.22159288094236,雁塔区,109.041354,34.220245
B0L1BZY2OT,支小刘老砂锅(雁鸣湖分店),餐饮服务;中餐厅;中餐厅,109.0457925053115,34.22348882371051,灞桥区,109.050845,34.222164
B0KAZYA240,举糕糕cake,餐饮服务;糕饼店;糕饼店,109.05190672257682,34.22651883896537,灞桥区,109.056979,34.225208
B0J0C7DBWW,老杨家泡馍烧烤纸包鱼(白鹿西路南段店),餐饮服务;中餐厅;中餐厅,109.08004287562018,34.22739334804416,灞桥区,109.085182,34.226123
B0IGF7YEGI,阿朵妹土豆粉(花间路海域壹号店),餐饮服务;中餐厅;特色/地方风味餐厅,109.03670100318264,34.22690204862806,雁塔区,109.041722,34.225557
B0LUAHH854,炊小煲(星河荟商业广场店),餐饮服务;中餐厅;中餐厅,109.04544861311152,34.22391743290178,灞桥区,109.0505,34.222592
B0L2PUR921,肯德基(云淙巷店),餐饮服务;快餐厅;肯德基,109.04681705642928,34.224275288953464,灞桥区,109.051873,34.222953
B0K305Z5YF,迈德思客(雁鸣湖店),餐饮服务;餐饮相关场所;餐饮相关,109.04161504923684,34.21972071362637,雁塔区,109.046653,34.218385
B0IAOZYHK0,铁蛋刀削面过桥米线(融创天朗·融公馆店),餐饮服务;中餐厅;中餐厅,109.03557958348183,34.22160277954624,雁塔区,109.040596,34.220253
B0LUF92LTM,佰签友·西航串串(月登阁地铁站店),餐饮服务;中餐厅;火锅店,109.03466198989588,34.22162710310882,雁塔区,109.039675,34.220275
B0LBS5HO90,茶话弄(雁鸣星河荟店),餐饮服务;冷饮店;冷饮店,109.04562799005411,34.22421392716207,灞桥区,109.05068,34.222889
B0JDBAH6F2,饺饺者饺子面食,餐饮服务;中餐厅;特色/地方风味餐厅,109.06092589447226,34.18131782195225,灞桥区,109.06602,34.180008
B0FFKZJQFO,小王子鲜奶工坊(合能十里锦绣店),餐饮服务;餐饮相关场所;餐饮相关,109.05115897797954,34.227049150727574,灞桥区,109.056229,34.225737
B0M6ZL228X,唐沣炝锅鱼(雁鸣湖店),餐饮服务;中餐厅;中餐厅,109.0466376552386,34.22416072190137,灞桥区,109.051693,34.222838
B0LG0U63PN,小老乡山东地锅炒鸡农庄,餐饮服务;中餐厅;中餐厅,109.03889248588264,34.2219344371802,雁塔区,109.043921,34.220593
B0LB3HCGSK,张卫平腊汁肉夹馍,餐饮服务;餐饮相关场所;餐饮相关,109.0471863170455,34.18384230726322,长安区,109.05224,34.182507
B0LA3HF0ZU,雲味,餐饮服务;中餐厅;中餐厅,109.03914556842028,34.22206577498153,雁塔区,109.044175,34.220725
B0L2L5PFXH,半山之也咖啡店,餐饮服务;咖啡厅;咖啡厅,109.0312732161438,34.18159350304128,雁塔区,109.03627,34.180219
B0KG197GW4,崔记手擀老碗面(合能十里锦绣二期店),餐饮服务;中餐厅;中餐厅,109.05058695589108,34.224712162452,灞桥区,109.055655,34.223398
B0JU1USMQC,不許凍·鲜活火锅(雁鸣湖店),餐饮服务;中餐厅;火锅店,109.0421153389406,34.21938766006308,雁塔区,109.047155,34.218053
B0IKX74IE1,湖侃餐厅(雁鸣湖公园店),餐饮服务;中餐厅;中餐厅,109.0432936403323,34.226869239219866,雁塔区,109.048338,34.22554
B0HUXSKHA9,老三泡馍烧烤(融创天朗·融公馆店),餐饮服务;中餐厅;中餐厅,109.03319663308478,34.2199424767315,雁塔区,109.038204,34.218586
B0HKGUF23P,忆湘人湘菜馆(融创天朗·融公馆店),餐饮服务;中餐厅;湖南菜(湘菜),109.03311488689523,34.22058745856063,雁塔区,109.038122,34.219231
B0HG0O34G6,雁先生国宴私厨餐厅,餐饮服务;中餐厅;中餐厅,109.04186022045712,34.21943424025157,雁塔区,109.046899,34.218099
B0HAX7O7YP,安徽名小吃正宗牛肉板面萧县米线(合能十里锦绣店),餐饮服务;快餐厅;快餐厅,109.04976254092205,34.22472385771916,灞桥区,109.054828,34.223408
B0FFLGUBOQ,132老兵烤全羊(芙蓉山庄店),餐饮服务;餐饮相关场所;餐饮相关,109.03741280522917,34.222220968416,雁塔区,109.042436,34.220876
B0FFKQ5ZFP,王记川湘小厨煎饼屋(合能十里锦绣二期店),餐饮服务;中餐厅;中餐厅,109.05209330200177,34.224779096939244,灞桥区,109.057166,34.223468
B0FFJJ0GJ4,徽州酒楼(合能十里锦绣店),餐饮服务;中餐厅;中餐厅,109.0503078278458,34.2247157338217,灞桥区,109.055375,34.223401
B0FFJ25JCO,渝百味川菜,餐饮服务;中餐厅;四川菜(川菜),109.05170732580666,34.226611204594555,灞桥区,109.056779,34.2253
B0FFHMR1XT,多味冒菜香锅(十里锦绣店),餐饮服务;中餐厅;火锅店,109.0518888175532,34.226052044118816,灞桥区,109.056961,34.224741
B0MGOOW57G,欢喜串串,餐饮服务;中餐厅;火锅店,109.03101433723022,34.21535582184851,雁塔区,109.036013,34.213992
B0MAKUOJ14,董二姐油泼面大盘鸡,餐饮服务;中餐厅;中餐厅,109.0518259898482,34.22628608488393,灞桥区,109.056898,34.224975
B0MAGSY778,回访酱腊牛肉店(十里锦绣二期店),餐饮服务;中餐厅;清真菜馆,109.05099847585964,34.22704047947932,灞桥区,109.056068,34.225728
B0LGXLDQH1,过桥米线牛肉粉,餐饮服务;中餐厅;中餐厅,109.0508062706496,34.22473870489929,灞桥区,109.055875,34.223425
B0LA6Z9YBV,麦香宝酥皮菜夹馍,餐饮服务;中餐厅;中餐厅,109.0521281905546,34.22483700656072,灞桥区,109.057201,34.223526
B0L3H58AJU,百香肉夹馍,餐饮服务;中餐厅;中餐厅,109.03823956592105,34.225074901919854,雁塔区,109.043266,34.223733
B0K6XS0VLL,周记隆江猪脚饭店(云扉巷店),餐饮服务;中餐厅;中餐厅,109.05165265545718,34.22473099536606,灞桥区,109.056724,34.223419
B0K3YS9HAE,营养早餐店,餐饮服务;快餐厅;快餐厅,109.0589814632851,34.2004567897736,灞桥区,109.064072,34.19915
B0K2ZX5Y57,福建馄饨牛排面(融创天朗·融公馆店),餐饮服务;中餐厅;中餐厅,109.03320959674942,34.219794495883896,雁塔区,109.038217,34.218438
B0HROCJFKQ,毛贝精酿鲜啤美食工坊(海域壹号店),餐饮服务;中餐厅;中餐厅,109.03673001395894,34.22553247300463,雁塔区,109.041751,34.224187
B0L1LUF35M,西安市灞桥区麻迷儿嫂子砂锅涮牛肚店,餐饮服务;餐饮相关场所;餐饮相关,109.04719685564204,34.22378963868623,灞桥区,109.052254,34.222468
B0KRCOEVUD,再来秦镇米皮店,餐饮服务;中餐厅;中餐厅,109.05182200283932,34.22627709612435,灞桥区,109.056894,34.224966
B0FFM9G3W0,鼎香手擀面(花间路店),餐饮服务;中餐厅;中餐厅,109.0367489552146,34.225408470605835,雁塔区,109.04177,34.224063
B0LRBLNZHU,豫陕记襄阳牛肉面(公园上城店),餐饮服务;中餐厅;中餐厅,109.03078719821124,34.21550237233922,雁塔区,109.035785,34.214138
B0LKCL2SE9,李西小竹签烤肉川菜纸包鱼豆花鱼,餐饮服务;中餐厅;四川菜(川菜),109.04563704466077,34.223226262932634,灞桥区,109.050689,34.221901
B0LA67CKGW,王木东土豆粉(月登阁融公馆店),餐饮服务;餐饮相关场所;餐饮相关,109.03566426930084,34.22161456124004,雁塔区,109.040681,34.220265
B0L3MHJVI4,卤七七,餐饮服务;快餐厅;快餐厅,109.04692075548704,34.22382222648705,灞桥区,109.051977,34.2225
B0L01CGRVN,丰鼎天西航涮涮(丰庆路十八店),餐饮服务;中餐厅;火锅店,109.04584334868753,34.22334676229572,灞桥区,109.050896,34.222022
B0KDKDLY26,汉旬秦南私房菜(合能十里锦绣二期店),餐饮服务;餐饮相关场所;餐饮相关,109.0520972534686,34.225202935825806,灞桥区,109.05717,34.223892
B0K3XC06H1,牛阿良牛肉汤烧饼(灞桥区十里锦绣店),餐饮服务;餐饮相关场所;餐饮相关,109.05047630176934,34.22470639121758,灞桥区,109.055544,34.223392
B0HRV96LPR,聚坊阁泡馍烧烤(绿地国际生态城三期店),餐饮服务;中餐厅;中餐厅,109.03680076120386,34.225460322542915,雁塔区,109.041822,34.224115
B0HD94XSPT,郭一碗油泼菠菜面(合能十里锦绣二期店),餐饮服务;快餐厅;快餐厅,109.05109737123888,34.224694129121204,灞桥区,109.056167,34.223381
B0GRJZMLKE,静里茶居,餐饮服务;餐饮相关场所;餐饮相关,109.0424222782038,34.219371950394944,雁塔区,109.047463,34.218038
B0FFLICRBO,浪人川菜馆(合能十里锦绣二期店),餐饮服务;中餐厅;四川菜(川菜),109.0510824170304,34.22470015727378,灞桥区,109.056152,34.223387
B0FFKUSLSP,花间半糖烘焙馆(海域壹号店),餐饮服务;餐饮相关场所;餐饮相关,109.0367559404086,34.22528249875808,雁塔区,109.041777,34.223937
B0L6751MFP,荞乡遇淳化荞面饸饹(雁鸣湖店),餐饮服务;中餐厅;中餐厅,109.04569180162711,34.22393588583122,灞桥区,109.050744,34.222611
B0FFMBZ9C5,绝味鸭脖(合能十里锦绣店),餐饮服务;餐饮相关场所;餐饮相关,109.051692361679,34.226728192118635,灞桥区,109.056764,34.225417
B0FFKT78OE,逍遥镇彭记胡辣汤(十里锦绣店),餐饮服务;中餐厅;中餐厅,109.05165166169192,34.22469401072337,灞桥区,109.056723,34.223382
B0KDDR0TG6,左小生麻辣拌麻辣烫(雁鸣·星河荟店),餐饮服务;中餐厅;中餐厅,109.04665161246108,34.22412470438745,灞桥区,109.051707,34.222802
B0JAUAQLXE,禧盛祥泡馍海鲜烧烤(合能十里锦绣店),餐饮服务;中餐厅;中餐厅,109.050871062421,34.22481854404303,灞桥区,109.05594,34.223505
B0IANRJEYT,凯瑟庄园,餐饮服务;中餐厅;中餐厅|体育休闲服务;休闲场所;休闲场所,109.0564919982009,34.193638494225844,灞桥区,109.061575,34.192325
B0MA69MK2R,清真兰啦啦兰州纯汤牛肉面,餐饮服务;中餐厅;清真菜馆,109.03619301332402,34.21348610934597,雁塔区,109.041211,34.212135
B0L14R2LZW,胖胖粉麻酱砂锅(公园上城店),餐饮服务;中餐厅;中餐厅,109.03011263784516,34.217420490240656,雁塔区,109.035108,34.216055
B0KDMSZBG4,壹加壹超市食堂(壹加壹店),餐饮服务;中餐厅;中餐厅,109.0786385095506,34.22419770178453,灞桥区,109.083775,34.222925
B0LBF907R0,陈小蛮蒜香炸鸡(雁鸣湖店),餐饮服务;快餐厅;快餐厅,109.04544563034898,34.223832470168894,灞桥区,109.050497,34.222507
B0J3JUTIH5,樊师金马鸡汤刀削面,餐饮服务;中餐厅;中餐厅,109.05162873213835,34.22469405674993,灞桥区,109.0567,34.223382
B0MANXS4ZN,大飞烤肉川湘炒菜,餐饮服务;中餐厅;中餐厅,109.03387394885786,34.22151116578303,雁塔区,109.038884,34.220157
B0M64UJDA3,咩咩烈火营烤全羊,餐饮服务;中餐厅;中餐厅,109.05649498941946,34.193641487775885,灞桥区,109.061578,34.192328
B0LKBHTLLN,吴四辈咸阳汇通面(雁鸣湖店),餐饮服务;餐饮相关场所;餐饮相关,109.04584733836228,34.223312765703454,灞桥区,109.0509,34.221988
B0L3KDBM2L,拾久地摊火锅,餐饮服务;中餐厅;火锅店,109.03390881668116,34.22152607066685,雁塔区,109.038919,34.220172
B0KKBXTEWQ,福缘聚川菜馆,餐饮服务;中餐厅;四川菜(川菜),109.05035766978872,34.22473962272761,灞桥区,109.055425,34.223425
B0KGM9RJH5,卤大叔卤味(融公馆店),餐饮服务;餐饮相关场所;餐饮相关,109.03440993825213,34.2215417783221,雁塔区,109.039422,34.220189
B0KDMLBUH9,全昌和葫芦头,餐饮服务;中餐厅;中餐厅,109.0521142291924,34.22488301771736,灞桥区,109.057187,34.223572
B0IASXRK9B,董掌柜铁锅炒鸡烧烤坊(合能十里锦绣二期店),餐饮服务;中餐厅;中餐厅,109.05206833700876,34.22525797350565,灞桥区,109.057141,34.223947
B0HUG5SBVF,十里川香餐饮店(长鸣路店),餐饮服务;餐饮相关场所;餐饮相关,109.04688031354728,34.183885957881834,长安区,109.051933,34.18255
B0FFKMZTPQ,欧阳早点,餐饮服务;中餐厅;中餐厅,109.06005277659531,34.19800179203714,灞桥区,109.065146,34.196696
B0FFHG37VS,兰州牛肉面,餐饮服务;中餐厅;清真菜馆,109.03192890567895,34.214534699200435,雁塔区,109.036931,34.213173
B0LU5ZNSPV,有串有局地摊火锅,餐饮服务;中餐厅;四川菜(川菜),109.04577260905032,34.223050025695464,灞桥区,109.050825,34.221725
B0LBPRE5TA,霸舌生滚牛肉米粉(灞桥星河荟店),餐饮服务;中餐厅;中餐厅,109.04566190218252,34.223922956828055,灞桥区,109.050714,34.222598
B0LRZ72WYL,合焰烧烤,餐饮服务;中餐厅;特色/地方风味餐厅,109.04703138504038,34.22391995071548,灞桥区,109.052088,34.222598
B0LKSLJNFX,雲語茶社,餐饮服务;茶艺馆;茶艺馆,109.0308828256357,34.21555709940209,雁塔区,109.035881,34.214193
B0L2O7W1LT,街坊邻居社区火锅海鲜烧烤,餐饮服务;中餐厅;火锅店,109.03394767120328,34.22152197213007,雁塔区,109.038958,34.220168
B0L035CY9P,洛味缘,餐饮服务;中餐厅;四川菜(川菜),109.03089960478512,34.21739340614479,雁塔区,109.035898,34.21603
B0KUSCQBFG,雷雷丸子汤,餐饮服务;中餐厅;中餐厅,109.05175418589408,34.22656612702368,灞桥区,109.056826,34.225255
B0KRM160GG,食尚香小吃店,餐饮服务;中餐厅;中餐厅,109.0483726576526,34.181726443498086,长安区,109.05343,34.180393
B0H3Z5FXQM,百姓面馆(长鸣路店),餐饮服务;快餐厅;快餐厅,109.0461745601336,34.18476221939708,长安区,109.051225,34.183425
B0L01ZFRV0,绝味鸭脖(雁鸣湖地铁站店),餐饮服务;餐饮相关场所;餐饮相关,109.04671940925886,34.223897638178386,灞桥区,109.051775,34.222575
B0L0VDIBKK,超鸡魔王火锅鸡(西安雁鸣湖店),餐饮服务;中餐厅;火锅店,109.04756663828974,34.22394578355623,灞桥区,109.052625,34.222625
B0KRM13J2W,碗上见面(田马路店),餐饮服务;中餐厅;中餐厅,109.03493494731428,34.21020743562425,雁塔区,109.039948,34.208852
B0KK7OAOSR,福建馄饨牛排面,餐饮服务;中餐厅;中餐厅,109.036138192332,34.213752153833944,雁塔区,109.041156,34.212401
B0IDD7J8OA,王小沫香辣土豆片夹馍(合能十里锦绣店),餐饮服务;餐饮相关场所;餐饮相关,109.05186887414206,34.22610406512577,灞桥区,109.056941,34.224793
B0H2AC5Q7C,二魁肉酱米线(融创天朗·融公馆店),餐饮服务;中餐厅;中餐厅,109.03549489730472,34.22159799554424,雁塔区,109.040511,34.220248
B0FFI45H76,兰州牛肉面(十里锦绣店),餐饮服务;快餐厅;快餐厅,109.05211621135946,34.22501996426216,灞桥区,109.057189,34.223709
B0HUKA7AMK,老米家泡馍海鲜烧烤(恒大·御龙湾店),餐饮服务;中餐厅;中餐厅,109.03491304516751,34.21001555804404,雁塔区,109.039926,34.20866
B0IUH5PEMH,同尘·尘餐厅融合菜&私宴,餐饮服务;中餐厅;中餐厅,109.06880901986028,34.211962864773504,灞桥区,109.073925,34.210675
B0I3F7SU5Y,川湘居炒菜纸包鱼,餐饮服务;中餐厅;中餐厅,109.04557443859647,34.18606712284682,长安区,109.050623,34.184729
B0FFL7BMD4,南院门葫芦头,餐饮服务;中餐厅;中餐厅,109.0515858618472,34.224718134187775,灞桥区,109.056657,34.223406
B0L0NLS6SG,1点点(雁鸣星河荟店),餐饮服务;冷饮店;冷饮店,109.0467791958827,34.224097435671425,灞桥区,109.051835,34.222775
B0IUMU2FX4,甜欣好再来快餐(合能十里锦绣店),餐饮服务;快餐厅;快餐厅,109.0515908464356,34.224719123811525,灞桥区,109.056662,34.223407
B0KARRHU0K,田姐酸汤水饺(融创天朗·融公馆店),餐饮服务;中餐厅;西北菜,109.03598808151328,34.22152677592293,雁塔区,109.041006,34.220178
B0FFMH9BKI,大个子裤带面(十里锦绣店),餐饮服务;中餐厅;中餐厅,109.0501812252576,34.224707997284746,灞桥区,109.055248,34.223393
B0KU1CPLWJ,回坊老刘家泡馍烧烤小海鲜,餐饮服务;中餐厅;清真菜馆,109.0813288984058,34.2263936940951,灞桥区,109.08647,34.225124
B0L3273YI6,汤圆家手工鲜水饺,餐饮服务;中餐厅;特色/地方风味餐厅,109.0473044837132,34.224033317839634,灞桥区,109.052362,34.222712
B0KKN6UWVA,吕老三刀削面,餐饮服务;中餐厅;中餐厅,109.05137850157531,34.224704556683555,灞桥区,109.056449,34.223392
B0G2YZR0Z4,吴记川湘菜,餐饮服务;中餐厅;中餐厅,109.05961893371828,34.198116487218954,灞桥区,109.064711,34.19681
B0FFM566AL,伊面香老米家泡馍烧烤(合能十里锦绣店),餐饮服务;中餐厅;清真菜馆,109.05209329111037,34.22490605107727,灞桥区,109.057166,34.223595
B0LRN5L8Q6,小阿荞馄饨小厨,餐饮服务;快餐厅;快餐厅,109.0370948722266,34.22328837394475,雁塔区,109.042117,34.221943
B0LK2AQEUZ,黑土地东北菜,餐饮服务;中餐厅;中餐厅,109.04691875987687,34.22384722182096,灞桥区,109.051975,34.222525
B0KKGZ9A1I,早麦郎手工鲜包(融创天朗·融公馆店),餐饮服务;餐饮相关场所;餐饮相关,109.0347217752652,34.22152998524309,雁塔区,109.039735,34.220178
B0JARRYFBF,刘小厨川菜(合能十里锦绣二期店),餐饮服务;中餐厅;四川菜(川菜),109.05107842989456,34.2246941675259,灞桥区,109.056148,34.223381
B0I0N1JPM1,美食广场,餐饮服务;中餐厅;中餐厅,109.06081802315342,34.194724612974234,灞桥区,109.065913,34.193419
B0FFLFA4LQ,美熙卤肉凉菜美食店,餐饮服务;餐饮相关场所;餐饮相关,109.04683939011244,34.18455682975142,长安区,109.051892,34.183221
B0FFLB7VK2,刚刚面馆,餐饮服务;快餐厅;快餐厅,109.06050865646468,34.19688540387747,灞桥区,109.065603,34.19558
B0FFK8YC0H,铁锚包子,餐饮服务;餐饮相关场所;餐饮相关,109.05961497302904,34.19778460548153,灞桥区,109.064707,34.196478
B0FFK1UG7H,赵记葫芦头泡馍炒菜馆,餐饮服务;中餐厅;中餐厅,109.0588130513845,34.198978580074936,灞桥区,109.063903,34.197671
B0L35SE2XO,占航牛肉拉面(雁鸣湖店),餐饮服务;中餐厅;清真菜馆,109.04706527560788,34.22390388290308,灞桥区,109.052122,34.222582
B0JKSZSLH6,聚盛斋泡馍烧烤,餐饮服务;中餐厅;清真菜馆,109.04700746867074,34.22385702536538,灞桥区,109.052064,34.222535
B0LBC72UOA,遇见喜悦铁板鱿鱼,餐饮服务;中餐厅;中餐厅,109.04328062317347,34.2275890073057,雁塔区,109.048325,34.22626
B0K6B5AS4F,牛腩哥酸菜牛肉面(合能十里锦绣二期店),餐饮服务;餐饮相关场所;餐饮相关,109.05163870142088,34.22469503637504,灞桥区,109.05671,34.223383
B0K66ZUGTP,重庆川菜鱼庄(半引路店),餐饮服务;中餐厅;四川菜(川菜),109.05882594025324,34.19985826096067,灞桥区,109.063916,34.198551
B0H1M7Y86O,酸菜鱼米饭·麻辣肥牛米饭(狄寨西路店),餐饮服务;中餐厅;中餐厅,109.08417262850428,34.22667960516539,灞桥区,109.089318,34.225412
B0FFJRWQVV,鹿家面馆(锦绣店),餐饮服务;快餐厅;快餐厅,109.0503576718452,34.2247156313916,灞桥区,109.055425,34.223401
B0LG7YUH6X,浮生半日·码头火锅(雁鸣湖店),餐饮服务;餐饮相关场所;餐饮相关,109.0420704944056,34.21938776477768,雁塔区,109.04711,34.218053
B0L0GS2QLJ,夸父炸串(灞桥区星河荟店),餐饮服务;快餐厅;快餐厅,109.0459279889078,34.22426724336425,灞桥区,109.050981,34.222943
B0JKG523ID,妈妈花甲米线(十里锦绣店),餐饮服务;餐饮相关场所;餐饮相关,109.05080489232488,34.22918709070352,灞桥区,109.055874,34.227875
B0LAZHW5TZ,兴州茶府,餐饮服务;茶艺馆;茶艺馆,109.03688448168988,34.22514822669777,雁塔区,109.041906,34.223803
B0L1GZAFGX,游荡咖啡(浐河西路),餐饮服务;咖啡厅;咖啡厅,109.04233302137284,34.21429595323513,雁塔区,109.047373,34.21296
B0IUMU3PSN,老邓裤带面馆,餐饮服务;中餐厅;中餐厅,109.05142834859576,34.224696459080924,灞桥区,109.056499,34.223384
B0L027OW2H,白鹿滋味坊,餐饮服务;中餐厅;中餐厅,109.0803076392735,34.22513795087075,灞桥区,109.085447,34.223867
B0H05ACEEO,伊鸿楼牛羊肉泡馍(半引路店),餐饮服务;中餐厅;清真菜馆,109.05985030257268,34.19820506518825,灞桥区,109.064943,34.196899
B0FFM55PJQ,秦镇大米凉皮,餐饮服务;中餐厅;中餐厅,109.06050566174908,34.19691639847462,灞桥区,109.0656,34.195611
B0LR3CDZAC,五号肉夹馍,餐饮服务;中餐厅;中餐厅,109.07987323126412,34.226510808598235,灞桥区,109.085012,34.22524
B0LGNZR6V6,潘瑞瑞祥自助火锅店,餐饮服务;中餐厅;火锅店,109.05883193830394,34.199690307293324,灞桥区,109.063922,34.198383
B0LGLPI1CY,金顺曦蒸饺(十里锦绣店),餐饮服务;中餐厅;中餐厅,109.05004265949506,34.22471727989379,灞桥区,109.055109,34.223402
B0LAK6D5KE,cotticoffee,餐饮服务;咖啡厅;咖啡厅,109.04622002733588,34.224208620519136,灞桥区,109.051274,34.222885
B0L0U5W0WB,喵旺记(宠物生活馆),餐饮服务;中餐厅;中餐厅,109.03160488100544,34.2176154639506,雁塔区,109.036606,34.216254
B0L0H7QRCT,乐乐现炒快餐,餐饮服务;快餐厅;快餐厅,109.03615645314942,34.22162331780248,雁塔区,109.041175,34.220275
B0L0A5CV72,佰集萧县卷面皮(雁鸣湖地铁站店),餐饮服务;中餐厅;中餐厅,109.04657585995302,34.22414286349089,灞桥区,109.051631,34.22282
B0IAODYW4G,行之本药膳房,餐饮服务;中餐厅;中餐厅,109.03901904918236,34.221738199687024,雁塔区,109.044048,34.220397
B0I3F91DMI,老马家饭庄·烧烤(灞桥店),餐饮服务;中餐厅;中餐厅,109.06112029644711,34.193917384271515,灞桥区,109.066216,34.192612
B0HRV9A0XD,锦绣饺子(合能十里锦绣二期店),餐饮服务;中餐厅;中餐厅,109.04986920486596,34.224721637258625,灞桥区,109.054935,34.223406
B0H1KC2YWC,姐妹俩米线肉夹馍(合能十里锦绣二期店),餐饮服务;快餐厅;快餐厅,109.05130472945822,34.224701706659204,灞桥区,109.056375,34.223389
B0GKN79NVW,彩虹锦绣自选快餐餐厅(合能十里锦绣二期店),餐饮服务;快餐厅;快餐厅,109.05042645785564,34.22470249487807,灞桥区,109.055494,34.223388
B0FFLCOYGT,高桥手擀面,餐饮服务;中餐厅;中餐厅,109.05906438304974,34.19876221884359,灞桥区,109.064155,34.197455
B0FFJCENGY,星辰饺子馆(十里锦绣店),餐饮服务;快餐厅;快餐厅,109.05164149836536,34.22695521170856,灞桥区,109.056713,34.225644
B0IRA1VG6J,幸运咖(西安铁道技师学院mini店),餐饮服务;咖啡厅;咖啡厅,109.08387839865972,34.22263825364308,灞桥区,109.089023,34.221369
B0MGJABNG1,砂之屋,餐饮服务;餐饮相关场所;餐饮相关,109.0459220273746,34.22404933515016,灞桥区,109.050975,34.222725
B0LG0L6RRQ,炖牛肉丸子烩菜,餐饮服务;中餐厅;特色/地方风味餐厅,109.0501553060488,34.22471404853615,灞桥区,109.055222,34.223399
B0KKBBOFQE,八元油泼面,餐饮服务;中餐厅;中餐厅,109.05142934603796,34.224690459237856,灞桥区,109.0565,34.223378
B0KGDXO4UL,王记羊杂,餐饮服务;中餐厅;中餐厅,109.05896465371748,34.19878038468362,灞桥区,109.064055,34.197473
B0IRZA2W2O,玺子烧烤,餐饮服务;中餐厅;中餐厅,109.05003845738857,34.19230549961304,灞桥区,109.055102,34.190979
B0H26U25LR,馨扬面馆,餐饮服务;餐饮相关场所;餐饮相关,109.04585757301736,34.1851887805988,长安区,109.050907,34.183851
B0FFFFWZK2,伊顺楼泡馍(长鸣路店),餐饮服务;中餐厅;清真菜馆,109.0449404870176,34.18688327234217,长安区,109.049987,34.185544
B0J6YA1BRV,高桥菠菜面快餐盒饭,餐饮服务;快餐厅;快餐厅,109.05903440158342,34.19949602311666,灞桥区,109.064125,34.198189
B0MGU5CLSX,美食美客粗粮渔粉,餐饮服务;中餐厅;中餐厅,109.08097424209224,34.22888605951604,灞桥区,109.086115,34.227617
B0MGR1M3GV,沈记香酥肉饼,餐饮服务;中餐厅;中餐厅,109.0368038898062,34.22382090691644,雁塔区,109.041825,34.222475
B0MBFS3PBF,汉中热米皮(雁鸣湖分店),餐饮服务;餐饮相关场所;餐饮相关,109.04702939737648,34.22385197953587,灞桥区,109.052086,34.22253
B0LK16CG1H,行坐扯面,餐饮服务;中餐厅;中餐厅,109.03628398682967,34.221591009095405,雁塔区,109.041303,34.220243
B0LASL4VOX,陕北荤汤饸饹面,餐饮服务;中餐厅;中餐厅,109.0797863889989,34.22634594047937,灞桥区,109.084925,34.225075
B0LANDS3WP,河南早点,餐饮服务;中餐厅;中餐厅,109.04835370901364,34.181837448066034,长安区,109.053411,34.180504
B0L1CR6QOO,玖香肠粉米线,餐饮服务;中餐厅;中餐厅,109.05111809049164,34.227212174297335,灞桥区,109.056188,34.2259
B0KKG62WB9,兰州牛肉面(融创天朗·融公馆店),餐饮服务;中餐厅;清真菜馆,109.03611958883327,34.22162341043335,雁塔区,109.041138,34.220275
B0LA2MHKRK,爱尚早点,餐饮服务;中餐厅;中餐厅,109.04955619225768,34.22473028460379,灞桥区,109.054621,34.223414
B0L65KABXN,重庆鸡汤砂锅王,餐饮服务;中餐厅;中餐厅,109.03191249027876,34.22014675486557,雁塔区,109.036915,34.218787
B0MGZOKFEG,吃骨头喝汤火锅,餐饮服务;中餐厅;火锅店,109.0461353503796,34.22370598817288,灞桥区,109.051189,34.222382
B0FFF746RP,屈记私房菜,餐饮服务;中餐厅;四川菜(川菜),109.11123135671536,34.210219512856035,灞桥区,109.116394,34.208947
B0FFF4WP0S,诸记腊汁肉店(狄寨店),餐饮服务;快餐厅;快餐厅,109.11150436398576,34.210173678060976,灞桥区,109.116667,34.208901
B0I12S8DX7,景娘家煮馍(白鹿原店),餐饮服务;快餐厅;快餐厅,109.09987395609012,34.216659770312795,灞桥区,109.105034,34.215393
B0FFFZKGAR,福建千里香馄饨王(樱园路店),餐饮服务;中餐厅;中餐厅,109.11311646962471,34.210021672703085,灞桥区,109.118279,34.208748
B001D0ZX4Z,伊香特泡馍,餐饮服务;中餐厅;清真菜馆,109.10809252941124,34.210805808700606,灞桥区,109.113255,34.209535
B0FFG1SRLL,黑娃烧烤,餐饮服务;中餐厅;中餐厅,109.10058858801354,34.216364932676115,灞桥区,109.105749,34.215098
B001D0Z26Y,清真坊上特泡馍烧烤,餐饮服务;中餐厅;清真菜馆,109.11154737885305,34.21001275774146,灞桥区,109.11671,34.20874
B0LK7Z2XFZ,GUDING谷町美式烟熏烤房BBQ(白鹿原店),餐饮服务;中餐厅;中餐厅,109.09052417070556,34.19869927577416,灞桥区,109.095675,34.197425
B0FFF86S5J,西夏大家烤羊莊(白鹿原店),餐饮服务;中餐厅;特色/地方风味餐厅,109.08997277312169,34.221641503900415,灞桥区,109.095125,34.220375
B0FFF5IN4U,关中大锅(灞桥区店),餐饮服务;中餐厅;火锅店,109.09873848184692,34.218440092627965,灞桥区,109.103898,34.217174
B0FFHQZM6T,伊轩斋牛羊肉泡馍,餐饮服务;中餐厅;清真菜馆,109.09662255921803,34.21124268791619,灞桥区,109.10178,34.209974
B0J0A5BF8G,坐席蒸碗臊子面,餐饮服务;中餐厅;中餐厅,109.10653278871536,34.21118907972992,灞桥区,109.111695,34.209919
B0J1VC63K0,瑞幸咖啡(白鹿原白鹿仓店),餐饮服务;咖啡厅;咖啡厅,109.10730399338917,34.21847979676778,灞桥区,109.112467,34.217212
B0FFFAH72L,坊上马泡馍·烧烤小海鲜,餐饮服务;中餐厅;清真菜馆,109.09951315036054,34.2168286896333,灞桥区,109.104673,34.215562
B0KUA7GARK,王木东土豆粉(狄寨店),餐饮服务;餐饮相关场所;餐饮相关,109.11279543784664,34.21006146314029,灞桥区,109.117958,34.208788
B0GR7DIG8T,火焰烧烤(狄寨北路店),餐饮服务;中餐厅;特色/地方风味餐厅,109.0990893854902,34.217047594816805,灞桥区,109.104249,34.215781
B0FFM9SYX0,李记一口香鲜肉小笼包,餐饮服务;中餐厅;中餐厅,109.1117223612486,34.21026476775134,灞桥区,109.116885,34.208992
B0I25LGV44,巴渝人家川菜馆,餐饮服务;中餐厅;四川菜(川菜),109.10866645188273,34.21081005160127,灞桥区,109.113829,34.209539
B0FFJQ1IIR,白鹿原饭庄,餐饮服务;中餐厅;中餐厅,109.11105735146484,34.210277399151174,灞桥区,109.11622,34.209005
B0FFFX6NS0,农耕年代(狄寨北路店),餐饮服务;中餐厅;中餐厅,109.098360781735,34.21777032724372,灞桥区,109.10352,34.216504
B0M6TR62IW,蜜雪冰城,餐饮服务;冷饮店;冷饮店,109.09102219695455,34.21534337512637,灞桥区,109.096175,34.214075
B0J2OUKH49,瑞幸咖啡(白鹿原白鹿仓店),餐饮服务;咖啡厅;咖啡厅,109.10731998794712,34.218507792927845,灞桥区,109.112483,34.21724
B0IARRB275,御膳坊牛羊肉泡馍馆,餐饮服务;中餐厅;中餐厅,109.09854547381975,34.20845658922371,灞桥区,109.103704,34.207187
B0I3F13NX7,蜜雪冰城(狄寨街道狄寨东路中段店),餐饮服务;冷饮店;冷饮店,109.11340053855422,34.209565007758435,灞桥区,109.118563,34.208291
B0HRVCUAG8,迈德思客(狄寨店),餐饮服务;快餐厅;快餐厅,109.11374357829202,34.20957122304951,灞桥区,109.118906,34.208297
B0MAPCWVIQ,川渝小厨纸包鱼,餐饮服务;餐饮相关场所;餐饮相关,109.08682591153712,34.2284404406359,灞桥区,109.091975,34.227175
B0MANZP1Y2,鲸屿·CAFE&TEA悬崖咖啡,餐饮服务;餐饮相关场所;餐饮相关,109.143916530279,34.18162333347646,灞桥区,109.149054,34.180305
B0LUPC0GTN,花生的大盘鸡,餐饮服务;中餐厅;清真菜馆,109.0955458520004,34.20592063654051,灞桥区,109.100702,34.20465
B0LDTR5F71,食社·月隐山(白鹿原店),餐饮服务;中餐厅;中餐厅,109.1273229968364,34.22577458127269,灞桥区,109.132481,34.224494
B0LA5UNMWQ,Match火柴餐厅,餐饮服务;中餐厅;中餐厅,109.09429254350766,34.209966429806435,灞桥区,109.099448,34.208697
B0KUKPGXO9,樱桃谷·樱桃小院,餐饮服务;中餐厅;中餐厅|体育休闲服务;体育休闲服务场所;体育休闲服务场所,109.13019222873638,34.22552303568377,灞桥区,109.135348,34.224239
B0K3DCUXSE,花与原野悬崖田园餐厅,餐饮服务;中餐厅;中餐厅,109.08872423196708,34.198144161558574,灞桥区,109.093873,34.196869
B0JU5HF7WD,白鹿森林(西安梅花鹿餐厅),餐饮服务;餐饮相关场所;餐饮相关,109.10741872719454,34.221289838642264,灞桥区,109.112582,34.220023
B0JU1DRYIT,南鹿小院,餐饮服务;中餐厅;综合酒楼,109.12930244780596,34.226235706774446,灞桥区,109.134459,34.224953
B0JKHCA6P5,子非茶馆,餐饮服务;茶艺馆;茶艺馆,109.08713264143262,34.21559689204834,灞桥区,109.092281,34.214327
B0J1AS4ZZ4,上隆里坐席蒸碗臊子面(灞桥店),餐饮服务;快餐厅;快餐厅,109.10672875350949,34.21109418206611,灞桥区,109.111891,34.209824
B0GUCZ5F9N,塬鄉居,餐饮服务;中餐厅;四川菜(川菜),109.08702978747657,34.21540401173683,灞桥区,109.092178,34.214134
B0G0DZ87MH,巨家腊汁肉夹馍店,餐饮服务;中餐厅;中餐厅,109.11155137153142,34.21009773044519,灞桥区,109.116714,34.208825
B0FFKX3L4Z,樊永平梆梆肉葫芦头,餐饮服务;中餐厅;西北菜,109.10110602142989,34.20830780390083,灞桥区,109.106266,34.207038
B0FFG29YFT,西安市灞桥区静心园农家乐,餐饮服务;餐饮相关场所;餐饮相关,109.12641619651204,34.2277038718996,灞桥区,109.131575,34.226425
B0MAKMN49H,小马哥烧烤海鲜纸包鱼,餐饮服务;中餐厅;中餐厅,109.08677597072644,34.22849044812495,灞桥区,109.091925,34.227225
B0M62ZUX9V,卤久味牛肉(灞桥狄寨),餐饮服务;中餐厅;中餐厅,109.11343152645684,34.20974296547965,灞桥区,109.118594,34.208469
B0LRKMH9O7,神鹿茶舍,餐饮服务;茶艺馆;茶艺馆,109.10821190304726,34.21779340377175,灞桥区,109.113375,34.216525
B0LDKMPASX,嘿来吃肉,餐饮服务;中餐厅;中餐厅,109.0866762122503,34.21568009585113,灞桥区,109.091824,34.21441
B0KGVSCH74,小石头骨汤剪刀面,餐饮服务;中餐厅;中餐厅,109.11117832601074,34.21056936260048,灞桥区,109.116341,34.209297
B0KDK9N2KV,白鹿茶馆,餐饮服务;茶艺馆;茶艺馆,109.10848280936912,34.21844528738943,灞桥区,109.113646,34.217177
B0JKZAGWAO,秦镇米皮,餐饮服务;中餐厅;中餐厅,109.11197938503,34.21009597187744,灞桥区,109.117142,34.208823
B0JKKLET8J,惠小厨卤肉鸭脖,餐饮服务;餐饮相关场所;餐饮相关,109.11406361973046,34.20958442547651,灞桥区,109.119226,34.20831
B0IRJUP725,白鹿原小康村铁锅炖,餐饮服务;中餐厅;东北菜,109.1057332695,34.20793694149759,灞桥区,109.110895,34.206666
B0I3LU0HRZ,王记红油米线(狄寨街道店),餐饮服务;餐饮相关场所;餐饮相关,109.1111913500938,34.21029346553494,灞桥区,109.116354,34.209021
B0I2DUQSHV,德胜椒麻鸡,餐饮服务;餐饮相关场所;餐饮相关,109.11967226445444,34.208077208157746,灞桥区,109.124833,34.206798
B0I04SIM8H,斜口正宗荞面饸饹,餐饮服务;中餐厅;中餐厅,109.11026184047114,34.216344861026926,灞桥区,109.115425,34.215075
B0G2A62LT7,鸡汤米线(狄寨街店),餐饮服务;中餐厅;中餐厅,109.1067907138583,34.21139609912144,灞桥区,109.111953,34.210126
B0FFFZKEYO,晓丰西饼(狄寨东路店),餐饮服务;糕饼店;糕饼店,109.11331649173404,34.209998804650695,灞桥区,109.118479,34.208725
B0L1SCQGGC,白鹿食苑,餐饮服务;中餐厅;中餐厅,109.0966289728094,34.217922339234654,灞桥区,109.101787,34.216656
B0FFGZE4PW,北原人家,体育休闲服务;休闲场所;采摘园|餐饮服务;餐饮相关场所;餐饮相关,109.1172928424192,34.21502183464458,灞桥区,109.122455,34.213747
B001D11EJ2,老三面馆(弘知路店),餐饮服务;中餐厅;中餐厅,109.08657318437432,34.22901636169406,灞桥区,109.091722,34.227751
B0GD5C3PE7,老院子大锅大灶(狄寨北路店),餐饮服务;中餐厅;中餐厅,109.09908123503094,34.21883196154764,灞桥区,109.104241,34.217566
B0FFJ6WBGV,农家铁锅炖,餐饮服务;中餐厅;中餐厅,109.09865354830752,34.218293143580205,灞桥区,109.103813,34.217027
B0L34UFPUB,搜福·悬崖厨房,餐饮服务;餐饮相关场所;餐饮相关,109.0907378524802,34.19974484985772,灞桥区,109.095889,34.198471
B0KKVL3VSB,沐雲-茶-食-器,餐饮服务;冷饮店;冷饮店,109.0906420033334,34.199179073411884,灞桥区,109.095793,34.197905
B0KKOCWFPX,美满香面馆,餐饮服务;中餐厅;中餐厅,109.1103743230864,34.2107568767976,灞桥区,109.115537,34.209485
B0KBFDRE0C,亿林骨汤冒菜,餐饮服务;中餐厅;中餐厅,109.1067447186078,34.21145506204578,灞桥区,109.111907,34.210185
B0KACRT8H1,渭南时辰包子(狄寨东路店),餐饮服务;中餐厅;中餐厅,109.116441180084,34.20850346134406,灞桥区,109.121603,34.207227
B0JR3UFAZQ,好味道饺子馆,餐饮服务;中餐厅;综合酒楼,109.11081532122545,34.21064914175025,灞桥区,109.115978,34.209377
B0J2K76MLA,斜口刚娃荞面饸饹,餐饮服务;中餐厅;中餐厅,109.1119493800628,34.21013893983377,灞桥区,109.117112,34.208866
B0IR216O7I,小乔家川菜烧烤,餐饮服务;中餐厅;特色/地方风味餐厅,109.12816641939216,34.20504384864143,灞桥区,109.133322,34.203755
B0H1L5H7TM,兰州拉面(狄寨东路店),餐饮服务;中餐厅;清真菜馆,109.11324348321712,34.21000975540368,灞桥区,109.118406,34.208736
B0FFLF8RIS,小后厨私房菜(弘知路店),餐饮服务;中餐厅;中餐厅,109.08630452252368,34.229119466867175,灞桥区,109.091453,34.227854
B0L2YLX2EP,杨家大院农家铁锅炖,餐饮服务;中餐厅;中餐厅,109.09627882027684,34.211208728616725,灞桥区,109.101436,34.20994
B0I12H9W6L,白鹿仓墨鱼肠,餐饮服务;中餐厅;中餐厅,109.10772493135796,34.21833401279508,灞桥区,109.112888,34.217066
B0FFGZPDC7,老蒲城水盆羊肉馆,餐饮服务;中餐厅;中餐厅,109.10690969208206,34.21135815549584,灞桥区,109.112072,34.210088
B0JBRRN55B,山sea花云海音乐茶餐厅,餐饮服务;快餐厅;快餐厅|体育休闲服务;体育休闲服务场所;体育休闲服务场所,109.09029540975034,34.19878032924009,灞桥区,109.095446,34.197506
B0I2BBNJAD,窑Yall咖啡・茶,餐饮服务;咖啡厅;咖啡厅,109.09063110532058,34.19813942721477,灞桥区,109.095782,34.196865
B0MG47XL9L,白鹿原老王铁锅炒鸡,餐饮服务;中餐厅;特色/地方风味餐厅,109.0993762483424,34.21663475174206,灞桥区,109.104536,34.215368
B0L3LYPSTE,千丝香牛肉面(汽车大学店),餐饮服务;中餐厅;清真菜馆,109.10073052631252,34.2162120008744,灞桥区,109.105891,34.214945
B0KBLOYORJ,万香园川菜馆,餐饮服务;中餐厅;四川菜(川菜),109.10908442127456,34.21063429920335,灞桥区,109.114247,34.209363
B0FFHDW2MU,霸上猫耳面,餐饮服务;中餐厅;中餐厅,109.12880392394302,34.20481266976263,灞桥区,109.133959,34.203523
B001D08OFT,兄弟食堂(狄寨街),餐饮服务;中餐厅;中餐厅,109.11576000306236,34.208694896984774,灞桥区,109.120922,34.207419
B0KD77EXXZ,百味崇卤味铺子,餐饮服务;餐饮相关场所;餐饮相关,109.1145177039892,34.20940578795072,灞桥区,109.11968,34.208131
B0K05SVECZ,李一白面馆,餐饮服务;中餐厅;中餐厅,109.11235540783464,34.210052204648726,灞桥区,109.117518,34.208779
B0JAZC3WTL,姚院农家菜,餐饮服务;中餐厅;中餐厅,109.08917962264778,34.19910364790795,灞桥区,109.094329,34.197829
B0MGNZPXWV,欣心过桥米线,餐饮服务;中餐厅;中餐厅,109.11473477132468,34.20904905803937,灞桥区,109.119897,34.207774
B0FFI0Z7HQ,酸菜铜锅涮羊肉(狄寨南路店),餐饮服务;中餐厅;中餐厅,109.10845679627504,34.20715922490924,灞桥区,109.113619,34.205887
B0IAJGQ2VZ,蜜雪冰城(西安铁道技师学院店),餐饮服务;冷饮店;冷饮店,109.08629911708012,34.2223649171532,灞桥区,109.091447,34.221097
B0FFHDWXKJ,美汁鸭(行知店),餐饮服务;餐饮相关场所;餐饮相关,109.09262543957544,34.22861015226184,灞桥区,109.097781,34.227347
B0MGVUEPUW,清真樱花小院自助烤肉,餐饮服务;中餐厅;清真菜馆,109.1425435897175,34.1958335307619,灞桥区,109.147684,34.194522
B0MG77IFWV,清真老孙家泡馍烧烤,餐饮服务;中餐厅;清真菜馆,109.10353805191292,34.218573623047334,灞桥区,109.1087,34.217307
B0MG272I4H,西安市灞桥区有盐有味餐饮店(个体工商户),餐饮服务;中餐厅;中餐厅,109.09820369857098,34.20842160113564,灞桥区,109.103362,34.207152
B0FFG37H8K,蜀一蜀二川菜馆(弘知路店),餐饮服务;中餐厅;火锅店|餐饮服务;中餐厅;四川菜(川菜),109.0872753588775,34.228290268823315,灞桥区,109.092425,34.227025
B0LAVOABA9,陕南土菜馆,餐饮服务;中餐厅;中餐厅,109.10314318827008,34.21877346710266,灞桥区,109.108305,34.217507
B0L3JLEOD4,陶记秘制黄焖鸡米饭,餐饮服务;中餐厅;中餐厅,109.08981651871676,34.22654679326725,灞桥区,109.094969,34.225282
B0JK35GRDZ,对面的你·茶餐小院,餐饮服务;中餐厅;中餐厅,109.11725173521766,34.20463940626072,灞桥区,109.122413,34.203361
B0I3TOLVY5,左茶右餐,餐饮服务;中餐厅;中餐厅,109.10013023464626,34.21180549350715,灞桥区,109.10529,34.210537
B0I29MFKTS,鹿鸣小院,餐饮服务;中餐厅;中餐厅|生活服务;生活服务场所;生活服务场所,109.08767579897622,34.21754393870226,灞桥区,109.092825,34.216275
B0MUDZI4BM,今悠然林间茶餐餐店,住宿服务;宾馆酒店;宾馆酒店|体育休闲服务;休闲场所;休闲场所|餐饮服务;餐饮相关场所;餐饮相关,109.08815591944904,34.19796747191754,灞桥区,109.093304,34.196692
B0LG0C694N,晨记澄城水盆羊肉,餐饮服务;快餐厅;快餐厅,109.11158536625636,34.2101667253409,灞桥区,109.116748,34.208894
B0H2ODCW22,柏涵饺子馆,餐饮服务;快餐厅;快餐厅,109.10656975606332,34.21146799548567,灞桥区,109.111732,34.210198
B0LG56UGK3,魏建昌炒肉片煮馍,餐饮服务;餐饮相关场所;餐饮相关,109.11485092724088,34.20749267505727,灞桥区,109.120013,34.206217
B0MBT5CIB5,黄土情结南泥湾香菇面,餐饮服务;中餐厅;中餐厅,109.09643074180828,34.210790860692434,灞桥区,109.101588,34.209522
B0KAOH0G2X,金凌农家,餐饮服务;中餐厅;中餐厅,109.10731118287032,34.22776146008133,灞桥区,109.112475,34.226497
B0K06M443U,子午路李记腊汁肉夹馍,餐饮服务;中餐厅;中餐厅,109.11198038541993,34.21009197383738,灞桥区,109.117143,34.208819
B0HRGN8UKO,桥梓口牛羊肉泡馍(狄寨街店),餐饮服务;中餐厅;清真菜馆,109.12103988710412,34.207619581549714,灞桥区,109.1262,34.206339
B0G07H2WQN,肖家猪蹄坊,餐饮服务;中餐厅;中餐厅,109.10973537315496,34.2105626286999,灞桥区,109.114898,34.209291
B0K67S24B7,老马家泡馍烧烤,餐饮服务;中餐厅;清真菜馆,109.09814173890268,34.20842759957572,灞桥区,109.1033,34.207158
B0J0HKKOH9,私房小厨,餐饮服务;中餐厅;中餐厅,109.08725440292672,34.22808435429128,灞桥区,109.092404,34.226819
B0K6P7RBQJ,蒋记铜锅涮肉,餐饮服务;中餐厅;火锅店,109.09973203251566,34.2167167412552,灞桥区,109.104892,34.21545
B0KRR130NI,轻甜城堡·生日蛋糕(狄寨店),餐饮服务;糕饼店;糕饼店,109.1133194915274,34.21000480443915,灞桥区,109.118482,34.208731
B0K2OZ06B2,汕饮糖水(西安汽车职业大学白鹿原校区食堂店),餐饮服务;餐饮相关场所;餐饮相关,109.09898169844656,34.2142135907549,灞桥区,109.104141,34.212946
B0K2DHEH11,临榆炸鸡腿(西安铁道技师学院店),餐饮服务;快餐厅;快餐厅,109.08597756573772,34.22204320795372,灞桥区,109.091125,34.220775
B0JR6YH3AD,妈妈花甲米线阎良店(倚天路店),餐饮服务;快餐厅;快餐厅,109.09121278884872,34.22924832226329,灞桥区,109.096367,34.227985
B0M6OULUQQ,白鹿弘知面馆,餐饮服务;餐饮相关场所;餐饮相关,109.08661515841617,34.22869545692442,灞桥区,109.091764,34.22743
B0LGXO8G52,卤大史卤味熟食供应链,餐饮服务;餐饮相关场所;餐饮相关,109.10809252941124,34.210805808700606,灞桥区,109.113255,34.209535
B0LG0C3HLI,酸菜酱香米线,餐饮服务;中餐厅;中餐厅,109.11124135511618,34.21023851166988,灞桥区,109.116404,34.208966
B0LDDHAZRF,鹿原饭店,餐饮服务;中餐厅;中餐厅,109.11000735964257,34.21052777317343,灞桥区,109.11517,34.209256
B0L1GXC4RN,牛二过瘾串串烤肉,餐饮服务;中餐厅;中餐厅,109.1048584767576,34.208463499100695,灞桥区,109.11002,34.207193
B0L0CL0386,巴渝人家重庆老火锅,餐饮服务;中餐厅;火锅店,109.1001278327305,34.21643486792729,灞桥区,109.105288,34.215168
B0KRJ7YG5J,八亩沟擀面皮,餐饮服务;中餐厅;中餐厅,109.11501280100704,34.209278168944195,灞桥区,109.120175,34.208003
B0KGVDEMBC,红砖小院,餐饮服务;中餐厅;中餐厅,109.1154362365217,34.18225949441425,灞桥区,109.120596,34.180975
B0KDYHRIGV,听风小院,餐饮服务;中餐厅;中餐厅,109.09774527579448,34.20531867718546,灞桥区,109.102903,34.204048
B0KACR0RRI,热豆腐,餐饮服务;中餐厅;中餐厅,109.1128814455554,34.21005451759703,灞桥区,109.118044,34.208781
B0JDZHCDY6,秦南炊烟农家乐,餐饮服务;中餐厅;中餐厅,109.10588132561688,34.195363257248026,灞桥区,109.111042,34.194088
B0FFL6MYUR,张成成腊味店,购物服务;综合市场;农副产品市场|餐饮服务;餐饮相关场所;餐饮相关,109.12021849879768,34.207946730585164,灞桥区,109.125379,34.206667
B0FFJCS0D5,鹿原小馆私房菜,餐饮服务;中餐厅;中餐厅,109.08721940669868,34.22854320422651,灞桥区,109.092369,34.227278
B0FFI9BH84,白鹿仓老碗面,餐饮服务;中餐厅;中餐厅,109.10734101373149,34.2181669220302,灞桥区,109.112504,34.216899
B0FFHTSIJI,天祥炖锅,餐饮服务;餐饮相关场所;餐饮相关,109.11659550094096,34.20527168937782,灞桥区,109.121757,34.203994
B0FFH1COZ0,惠风茶庄,餐饮服务;茶艺馆;茶艺馆,109.11469373921894,34.20933693047312,灞桥区,109.119856,34.208062
B0MG4UY3WC,饭团家剁椒面,餐饮服务;中餐厅;中餐厅,109.08716952753652,34.227871474069275,灞桥区,109.092319,34.226606
B0LDYCZFQ3,鹿边茶点,餐饮服务;餐饮相关场所;餐饮相关,109.09917933091884,34.21704559855591,灞桥区,109.104339,34.215779
B0LDHCJU4W,串香酒韵,餐饮服务;中餐厅;火锅店,109.08635246829112,34.22902747476538,灞桥区,109.091501,34.227762
B0IDTDMI5E,小兰纯碱手工馍店,餐饮服务;餐饮相关场所;餐饮相关,109.1133545175486,34.20974891513963,灞桥区,109.118517,34.208475
B0FFKS9L2V,频阳小吃,餐饮服务;中餐厅;特色/地方风味餐厅,109.102562747545,34.215116648157455,灞桥区,109.107724,34.213849
B0FFJ1EQVU,麦香手工凉皮,餐饮服务;中餐厅;中餐厅,109.11288244677256,34.21004152271724,灞桥区,109.118045,34.208768
B0FFIBP0SD,云乡源云南过桥米线,餐饮服务;快餐厅;快餐厅,109.1004389613588,34.21300010187047,灞桥区,109.105599,34.211732
B0LU9SACKY,前后院茶咖,餐饮服务;咖啡厅;咖啡厅,109.0901016149652,34.1988433782588,灞桥区,109.095252,34.197569
B0LK3A01PX,伊禾斋牛羊肉泡馍,餐饮服务;中餐厅;清真菜馆,109.11054659368295,34.207588062532224,灞桥区,109.115709,34.206315
B0LB1CXZTU,卤肉熟食,餐饮服务;快餐厅;快餐厅,109.10811252731794,34.21079582046394,灞桥区,109.113275,34.209525
B0L2N7IAMC,伊伊姑娘螺蛳粉店,餐饮服务;中餐厅;中餐厅,109.09998290904343,34.21649083745916,灞桥区,109.105143,34.215224
B0KDHUDNRE,连胜烧烤,餐饮服务;中餐厅;特色/地方风味餐厅,109.11294046979542,34.20983462981971,灞桥区,109.118103,34.208561
B0J6AOABBW,麦旗蛋糕房,餐饮服务;餐饮相关场所;餐饮相关,109.10039999576608,34.212847151907866,灞桥区,109.10556,34.211579
B0IDTDN3F6,面包蛋糕,餐饮服务;糕饼店;糕饼店,109.1139695913041,34.209761302883535,灞桥区,109.119132,34.208487
B0I25LHXL9,小霞纯碱蒸馍烤饼店,餐饮服务;餐饮相关场所;餐饮相关,109.10598283101486,34.21222253334749,灞桥区,109.111145,34.210953
B0LUVOFPCH,晴一水吧,餐饮服务;冷饮店;冷饮店,109.11011165995974,34.21849402465848,灞桥区,109.115275,34.217225
B0L3DL5RYM,羊羔肉炒肉片,餐饮服务;中餐厅;清真菜馆,109.10745715634096,34.22775751768697,灞桥区,109.112621,34.226493
B0L2NSHH51,每日鲜卤,餐饮服务;餐饮相关场所;餐饮相关,109.10809252941124,34.210805808700606,灞桥区,109.113255,34.209535
B0GRTSETI7,吴家豆腐脑,餐饮服务;中餐厅;中餐厅,109.10690969208206,34.21135815549584,灞桥区,109.112072,34.210088
B0L2PZQMR0,红墙弗拉明戈酒店餐饮部,餐饮服务;中餐厅;中餐厅,109.1127111078672,34.2252430302796,灞桥区,109.117875,34.223975
B0L0DNLJ6Q,学生二餐厅,餐饮服务;餐饮相关场所;餐饮相关,109.09157162349248,34.21544316784218,灞桥区,109.096725,34.214175
B0LUMCFGDP,湘里人家酒楼,餐饮服务;中餐厅;综合酒楼,109.09870039990138,34.20817468842229,灞桥区,109.103859,34.206905
B0LG097IKL,鑫瑞祥饺子馆,餐饮服务;中餐厅;特色/地方风味餐厅,109.09661154589192,34.21148960271307,灞桥区,109.101769,34.210221
B0KU368GMM,鹿茗茶社,餐饮服务;茶艺馆;茶艺馆,109.10407591370522,34.2179039871177,灞桥区,109.109238,34.216637
B0FFI75R3T,白鹿仓饸饹,餐饮服务;餐饮相关场所;餐饮相关,109.1079119089204,34.21824312037192,灞桥区,109.113075,34.216975
B0MBACA5LK,老何和他的小伙伴儿·热卤拌饭,餐饮服务;快餐厅;快餐厅,109.10006504567605,34.214392582752275,灞桥区,109.105225,34.213125
B0L0BUUR3K,张大叔焖饭摊,餐饮服务;中餐厅;中餐厅,109.10075877171376,34.21322505423132,灞桥区,109.105919,34.211957
B0LKYR4CJI,草棚瓦罐鸡,餐饮服务;中餐厅;中餐厅,109.1347271743071,34.18142991199677,灞桥区,109.139875,34.180125
B0I0NX4FFT,丰德源腊汁肉揪面片,餐饮服务;中餐厅;中餐厅,109.11199538195314,34.21013896608618,灞桥区,109.117158,34.208866
B001D0WLML,重庆川菜纸包鱼(弘知路店),餐饮服务;中餐厅;四川菜(川菜),109.08682592022303,34.2283404771117,灞桥区,109.091975,34.227075
B0M6LB4R4K,鹿隐·绿野餐厅,餐饮服务;中餐厅;中餐厅,109.10846149860382,34.222041994259335,灞桥区,109.113625,34.220775
B0LKTUWGK8,高幸餐厅,餐饮服务;中餐厅;中餐厅,109.0867763398433,34.22424198987419,灞桥区,109.091925,34.222975
B0KRM1SXNA,中国兰州牛肉麺,餐饮服务;中餐厅;清真菜馆,109.08686483375948,34.22876630166417,灞桥区,109.092014,34.227501
B0FFJCALVF,西安铁道技师学院第一餐厅,餐饮服务;餐饮相关场所;餐饮相关,109.08676935777972,34.22413803099078,灞桥区,109.091918,34.222871
B0FFM37WXA,重庆纸包鱼火锅城,餐饮服务;中餐厅;中餐厅,109.0872254602794,34.227840457540815,灞桥区,109.092375,34.226575
B0MG4OZ5KG,铜火锅,餐饮服务;中餐厅;火锅店,109.09087138475114,34.22648943852692,灞桥区,109.096025,34.225225
B0LR3CDM6F,爱心营养餐厅,餐饮服务;中餐厅;中餐厅,109.0907719022878,34.221748182177215,灞桥区,109.095925,34.220482
B0L6KM2Q9J,张亮米线,餐饮服务;中餐厅;中餐厅,109.09937622745562,34.21687466690313,灞桥区,109.104536,34.215608
B0L3ASRAXD,香源冒菜,餐饮服务;中餐厅;中餐厅,109.10056461150285,34.21624197379297,灞桥区,109.105725,34.214975
B0L0XZKXIB,matsu kitchen,餐饮服务;餐饮相关场所;餐饮相关,109.1106738362144,34.227713992945645,灞桥区,109.115838,34.226448
B0L0PL1SS9,1号面馆,餐饮服务;快餐厅;快餐厅,109.09889175682378,34.21418259938084,灞桥区,109.104051,34.212915
B0L0MN7X5I,肉丁胡辣汤,餐饮服务;中餐厅;中餐厅,109.11032332787546,34.210723862484635,灞桥区,109.115486,34.209452
B0FFI6TA1W,鹿家大院,餐饮服务;餐饮相关场所;餐饮相关,109.10697901569304,34.21895550586193,灞桥区,109.112142,34.217688
B0MGADDY66,赵一妈,餐饮服务;中餐厅;中餐厅,109.11192936028164,34.210356852717126,灞桥区,109.117092,34.209084
B0M6TR5YPH,喜宝七处,餐饮服务;餐饮相关场所;餐饮相关,109.0899746666496,34.1998490859297,灞桥区,109.095125,34.198575
B0M62DUDXV,回坊肉丸胡辣汤,餐饮服务;中餐厅;清真菜馆,109.11251243117734,34.20989835057827,灞桥区,109.117675,34.208625
B0LKOAFXGW,秋月鲜面条店,餐饮服务;餐饮相关场所;餐饮相关,109.11425667579032,34.20926266382037,灞桥区,109.119419,34.207988
B0L0JXHFUB,奥尔良烤鸡腿,餐饮服务;餐饮相关场所;餐饮相关,109.10026678309208,34.21612298917779,灞桥区,109.105427,34.214856
B0ID6C61NG,白鹿仓岐山臊子手工面,餐饮服务;快餐厅;快餐厅,109.10948269951176,34.21850571633963,灞桥区,109.114646,34.217237
B0GRB7EQIM,中国兰州牛肉拉面,餐饮服务;快餐厅;快餐厅,109.0997145114385,34.21133462941873,灞桥区,109.104874,34.210066
B0L3TX8IDX,摇滚鲜炒鸡(汽车大学2202店),餐饮服务;中餐厅;中餐厅,109.10044782821934,34.21447358586643,灞桥区,109.105608,34.213206
B0L3RYO18Z,小耿酵面馍,餐饮服务;餐饮相关场所;餐饮相关,109.11545892491893,34.2088566264681,灞桥区,109.120621,34.207581
B0FFI7K7XF,老陕丸子汤,餐饮服务;中餐厅;中餐厅,109.10925973765124,34.21828669016884,灞桥区,109.114423,34.217018
B0FFI76NQ9,炕炕馍,餐饮服务;餐饮相关场所;餐饮相关,109.1092517698334,34.217925814574066,灞桥区,109.114415,34.216657
B0M6L55XFZ,烤面筋,餐饮服务;快餐厅;快餐厅,109.11256242587464,34.20999834552246,灞桥区,109.117725,34.208725
B0L0SMJIZ0,安馨餐馆,餐饮服务;中餐厅;中餐厅,109.09663751844926,34.2115835679697,灞桥区,109.101795,34.210315
B0FFIINLL8,小馋猫,餐饮服务;餐饮相关场所;餐饮相关,109.09177740433938,34.215579058963606,灞桥区,109.096931,34.214311
B0FFF65CSZ,南七臊子饸饹(第三机床厂家属院店),餐饮服务;中餐厅;中餐厅,108.88993327050268,34.25980621687097,莲湖区,108.894516,34.258185
B0FFILCTWE,老张涮菜(八号街坊小区店),餐饮服务;中餐厅;四川菜(川菜),108.88972856900446,34.26855959747225,莲湖区,108.894312,34.266942
B001D09LIU,标记粤菜馆,餐饮服务;中餐厅;广东菜(粤菜),108.88887632402346,34.246407897800125,莲湖区,108.893458,34.244782
B001D0100D,天翼新商务酒店,住宿服务;宾馆酒店;四星级宾馆|餐饮服务;餐饮相关场所;餐饮相关,108.88625237462388,34.26716917301679,莲湖区,108.890836,34.265553
B0FFHUBXSN,老土门志强冰糖葫芦(土门店),餐饮服务;餐饮相关场所;餐饮相关,108.87961168842192,34.261188483216806,莲湖区,108.884197,34.259575
B0FFIKF4OY,潮汕铺(群贤道九号店),餐饮服务;餐饮相关场所;餐饮相关,108.88763233368398,34.24511669266684,莲湖区,108.892214,34.243491
B0FFJT7JHK,速氧精酿啤酒音乐餐吧(中华世纪城E区店),餐饮服务;中餐厅;中餐厅,108.87750305216892,34.24290963720886,雁塔区,108.882088,34.241291
B001D088H1,天津一绝小笼汤包馆,餐饮服务;中餐厅;中餐厅,108.87013131596824,34.260760675824685,莲湖区,108.874723,34.259157
B001D0281A,圣路易葡国餐厅(高新店),餐饮服务;外国餐厅;葡国菜,108.892445013564,34.235883531063976,雁塔区,108.897026,34.234252
B001D0082C,春来和(汉城路店),餐饮服务;中餐厅;综合酒楼,108.8671998843057,34.26992531447243,莲湖区,108.871795,34.268329
B001D0893B,秦镇米皮(桃园路店),餐饮服务;中餐厅;中餐厅,108.89971109488567,34.26838162237033,莲湖区,108.904297,34.266761
B0FFJAAIMH,壹仟金·融合创意陕菜(团结南路店),餐饮服务;中餐厅;中餐厅,108.87673801286832,34.25030005674863,雁塔区,108.881324,34.248685
B0FFHDD5YA,蓝溪国际酒店海鲜自助餐厅(高新九号广场店),餐饮服务;餐饮相关场所;餐饮相关,108.89407532948404,34.24089623577307,雁塔区,108.898657,34.239266
B0FFIRC60C,有家·酸汤鱼(铜雀台店),餐饮服务;中餐厅;中餐厅,108.88788230993258,34.25820175406682,莲湖区,108.892465,34.256581
B0FFHRA39P,九鼎虾皇(新华小区八号院店),餐饮服务;中餐厅;海鲜酒楼,108.86792064355438,34.24416939382007,雁塔区,108.872513,34.242562
B0FFHF47VQ,韩亚武功旗花面(大寨路店),餐饮服务;中餐厅;中餐厅,108.86865314576144,34.2464334540575,雁塔区,108.873245,34.244826
B0FFHE63Q8,双城乡铁锅炖羊肉(高新店),餐饮服务;中餐厅;中餐厅,108.90160792674092,34.23233866266146,雁塔区,108.906192,34.230704
B0FFHDXFUK,销魂烤鱼(高新六路),餐饮服务;中餐厅;特色/地方风味餐厅,108.87165269473265,34.23449357217468,雁塔区,108.876241,34.232878
B0FFGTFE4Q,江西瓦罐煨汤(大寨路店),餐饮服务;快餐厅;快餐厅,108.86398542204564,34.2469470997798,雁塔区,108.868582,34.245346
B0FFGE3KRG,金牌烤羊腿(劳动西路店),餐饮服务;中餐厅;中餐厅,108.90214175287372,34.26777294476337,莲湖区,108.906729,34.266152
B0FFFGXDCG,南瓜花意大利餐厅(瑞吉大厦店),餐饮服务;外国餐厅;意式菜品餐厅,108.89686483070444,34.23715238171971,雁塔区,108.901447,34.23552
B0FFK1CZ33,柳州螺蛳粉(团结中路店),餐饮服务;快餐厅;快餐厅,108.88580640104064,34.265825426720205,莲湖区,108.89039,34.264209
B001D09LIP,塞北春横山炖羊肉(中海华庭店),餐饮服务;中餐厅;中餐厅,108.8892083186696,34.246627989539725,莲湖区,108.89379,34.245002
B0K2ZC4JTV,光合披萨(高新六路店),餐饮服务;快餐厅;快餐厅,108.8729876687792,34.235341776589216,雁塔区,108.877575,34.233725
B0J0BATTN2,来桶饭(现炒快餐),餐饮服务;中餐厅;中餐厅,108.86482095847892,34.26384961351453,莲湖区,108.869418,34.262254
B0ID57W0CT,王记瓦罐烂猪蹄(大寨路店),餐饮服务;快餐厅;快餐厅,108.87104522988376,34.24656231204769,雁塔区,108.875635,34.244952
B0HRFO46FS,私町外带寿司(西安高新店),餐饮服务;外国餐厅;日本料理,108.86889079008988,34.24111377383172,雁塔区,108.873482,34.239504
B0FFI6RMOV,铁蛋鸡汤刀削面(鱼斗路复地分店),餐饮服务;中餐厅;火锅店,108.84746287303102,34.23128595317621,雁塔区,108.85208,34.229705
B0FFH62UZ0,金马鸡汤刀削面,餐饮服务;中餐厅;中餐厅,108.8754044414175,34.23449769265744,雁塔区,108.87999,34.232878
B0FFFR7WY7,沙县小吃,餐饮服务;中餐厅;中餐厅,108.9012936791873,34.23777963886137,雁塔区,108.905878,34.236147
B0FFGIPJ7R,怡咖啡·自助餐(香格里拉大酒店),餐饮服务;咖啡厅;咖啡厅,108.89292302832872,34.23483910193654,雁塔区,108.897504,34.233207
B0FFF9KNMD,蒸碗大全熏肉大饼(大寨路店),餐饮服务;中餐厅;中餐厅,108.87022053976597,34.24646736590873,雁塔区,108.874811,34.244858
B001D09JQ2,百里川私房菜(丰登北路店),餐饮服务;中餐厅;中餐厅,108.88983893882096,34.263948515845165,莲湖区,108.894422,34.262329
B0MBDHGI90,瑞幸咖啡(朗臣大厦睿湾店),餐饮服务;休闲餐饮场所;休闲餐饮场所,108.89336252095904,34.24025523586982,雁塔区,108.897944,34.238625
B0MA67KX91,曹氏鸭脖(昆明路店),餐饮服务;快餐厅;快餐厅,108.86012339006756,34.25451762565107,莲湖区,108.864725,34.252925
B0MA4UUEKK,瑞幸咖啡(天地源杰座广场店),餐饮服务;咖啡厅;咖啡厅,108.88319695161653,34.23820032382568,雁塔区,108.887779,34.236575
B0M6TR675M,黄记煌三汁焖锅(际华生活广场店),餐饮服务;中餐厅;中餐厅,108.86376268147356,34.2531553893341,雁塔区,108.86836,34.251557
B0LR71JKI1,熹庐阿婆家饭(西市城购物中心店),餐饮服务;餐饮相关场所;餐饮相关,108.90343753688096,34.247154017288246,莲湖区,108.908024,34.245525
B0LAJZIIO6,耿大叔擂椒盖码饭(高新店),餐饮服务;中餐厅;中餐厅,108.89009363141338,34.242802895914146,莲湖区,108.894675,34.241175
B0L3TM7GTW,金马鸡汤刀削面,餐饮服务;中餐厅;中餐厅,108.8670605033207,34.27297588401246,莲湖区,108.871656,34.271381
B0L0ZDEPDH,饺小吉(万锦城店),餐饮服务;中餐厅;特色/地方风味餐厅,108.86688018183254,34.26232396930877,莲湖区,108.871475,34.260725
B0L02UO1NG,窑鸡王(土门店),餐饮服务;餐饮相关场所;餐饮相关,108.87659515181618,34.25996312530058,莲湖区,108.881182,34.258352
B0K6K93IF9,一只酸奶牛(元谷MALL店),餐饮服务;冷饮店;冷饮店,108.8777884100856,34.252920060914334,雁塔区,108.882374,34.251305
B0K21HWG5Z,渝拌川重庆凉拌菜(莲湖群贤路店),餐饮服务;中餐厅;中餐厅,108.88714130697548,34.2447305472428,莲湖区,108.891723,34.243105
B0JK56777T,主烤官烤肉饭(翡丽城店),餐饮服务;中餐厅;中餐厅,108.87975232995116,34.26648848037546,莲湖区,108.884338,34.264877
B0JD5U82K8,一品虾皇(金辉优步花园店),餐饮服务;中餐厅;中餐厅,108.8658380192343,34.26379000790644,莲湖区,108.870434,34.262193
B0J3MUFFA3,品味重庆纸包鱼,餐饮服务;中餐厅;四川菜(川菜),108.8476367683344,34.260702997557374,未央区,108.852256,34.259133
B0I1N58BOQ,锅有度(万锦城购物中心店),餐饮服务;中餐厅;中餐厅,108.86667998811048,34.26227372783253,莲湖区,108.871275,34.260675
B0HBXMPMNK,王良笨鸡(民新路店),餐饮服务;中餐厅;中餐厅,108.87135814752789,34.25080504417109,雁塔区,108.875948,34.249196
B0FFHRC4FU,嘉州上上签(红光物流园区店),餐饮服务;中餐厅;中餐厅,108.85600292618336,34.257633091033966,莲湖区,108.86061,34.256048
B0FFGCC3M3,西府面馆(西安外事学院北校区店),餐饮服务;中餐厅;中餐厅,108.85771663115732,34.23923584806667,雁塔区,108.86232,34.237641
B0FFF6TL4X,豆花香(西安店),餐饮服务;中餐厅;中餐厅,108.88942980335176,34.26559764490993,莲湖区,108.894013,34.263979
B0FFGZTKWN,回味烫菜馆,餐饮服务;中餐厅;中餐厅,108.89428235362044,34.2774448073327,莲湖区,108.898867,34.275829
B0FFFWKB83,皇爵茶餐厅(团结中路店),餐饮服务;快餐厅;茶餐厅|餐饮服务;咖啡厅;咖啡厅,108.87864282345215,34.26596068988943,莲湖区,108.883229,34.26435
B0FFI2TCXI,晶海餐饮·晶海酒楼(高新店),餐饮服务;中餐厅;综合酒楼|交通设施服务;停车场;公共停车场,108.89357397102096,34.24663388583441,莲湖区,108.898156,34.245006
B0FFGZXUQB,桂之味桂林米粉(高新四路),餐饮服务;中餐厅;特色/地方风味餐厅,108.89187776484482,34.23982282770194,雁塔区,108.896459,34.238193
B0FFGZUZRK,老马家酱腊牛肉(桃园东路店),餐饮服务;餐饮相关场所;餐饮相关|购物服务;购物相关场所;购物相关场所,108.90070857483624,34.268222748954194,莲湖区,108.905295,34.266602
B0FFFLDD5O,老余油焖龙虾(团结东路店),餐饮服务;中餐厅;海鲜酒楼,108.89973537926969,34.264683119940074,莲湖区,108.904321,34.263061
B0FFF6ZGIX,东茗轩茶秀,餐饮服务;茶艺馆;茶艺馆,108.8980941359542,34.26477988690334,莲湖区,108.902679,34.263158
B0FFJC8UUA,汉中热米皮(金辉·悦府店),餐饮服务;中餐厅;中餐厅,108.86291871909512,34.253530060341106,雁塔区,108.867517,34.251933
B0FFHRNG6U,西府秀宝鸡擀面皮(导航家园店),餐饮服务;中餐厅;中餐厅,108.90541504808078,34.234523540666025,雁塔区,108.910002,34.23289
B0FFJ815YY,老街砂锅(丰登路店),餐饮服务;中餐厅;中餐厅,108.88893455495426,34.26850920610212,莲湖区,108.893518,34.266892
B0FFHGKHKN,独一佳湘菜(老游一店),餐饮服务;中餐厅;湖南菜(湘菜),108.8925617121186,34.23945024217597,雁塔区,108.897143,34.23782
B0FFFFJID8,胖子手工菠菜面(丰登路店),餐饮服务;中餐厅;中餐厅,108.88993325447562,34.26000613744757,莲湖区,108.894516,34.258385
B0FFFFB7SS,赵记杂肝汤,餐饮服务;中餐厅;中餐厅,108.89689793917482,34.235649948677846,雁塔区,108.90148,34.234017
B0FFFFOC4X,朋友茶馆(大庆路店),餐饮服务;茶艺馆;茶艺馆,108.86833789067026,34.27089237354725,莲湖区,108.872932,34.269295
B0FFI7T88Z,小芙蓉深海鱼头私家川菜(唐延中心城店),餐饮服务;中餐厅;综合酒楼,108.88444315189224,34.24015050629348,莲湖区,108.889025,34.238525
B001D088Y4,老肖家水盆羊肉(团结南路店),餐饮服务;中餐厅;中餐厅,108.87690986352725,34.25344200519939,雁塔区,108.881496,34.251828
B0MG595C4F,MURVEY·LF·蔓味轻食(雁塔区),餐饮服务;快餐厅;快餐厅,108.87439976266852,34.23448263980294,雁塔区,108.878986,34.232864
B0LGZ7WD7Z,虾路相逢·正宗盱眙小龙虾,餐饮服务;中餐厅;中餐厅,108.8908645334904,34.243699919361966,莲湖区,108.895446,34.242072
B0LDDUHSK6,聚福楼北京烤鸭,餐饮服务;中餐厅;中餐厅,108.87539042813547,34.23454865922311,雁塔区,108.879976,34.232929
B0L1Z7OATF,甑香卤鹅(民洁路店),餐饮服务;餐饮相关场所;餐饮相关,108.87230612259044,34.24810118206526,雁塔区,108.876895,34.24649
B0L0JXGVYB,肯悦咖啡唐延DT店,餐饮服务;咖啡厅;咖啡厅,108.88555387807044,34.24677175566854,莲湖区,108.890136,34.245148
B0L0FU5LII,沐暮子轻奢·美甲美睫(西辛庄店),餐饮服务;餐饮相关场所;餐饮相关,108.87158750400668,34.236215856264856,雁塔区,108.876176,34.234601
B0KRTBT0LT,八亩沟擀面皮老砂锅(汉城壹号A区店),餐饮服务;中餐厅;中餐厅,108.86706151209542,34.272878925201155,莲湖区,108.871657,34.271284
B0KAZDFEED,绝味鸭脖(大旺城店),餐饮服务;餐饮相关场所;餐饮相关,108.85188328314202,34.269795538257554,莲湖区,108.856497,34.268222
B0JG5D1TXQ,S-pizza披萨速递(西安高新店),餐饮服务;中餐厅;中餐厅,108.86870853455768,34.24222112774977,雁塔区,108.8733,34.240612
B0IAV687LU,御卤世家椒麻鸡(丰登路店),餐饮服务;餐饮相关场所;餐饮相关,108.8899505582458,34.26868765600444,莲湖区,108.894534,34.26707
B0I3DL7IEB,一粉一城新疆炒米粉,餐饮服务;中餐厅;中餐厅,108.85145860538688,34.270671474124754,未央区,108.856073,34.269099
B0I2YLYEB6,建辉湖南土菜馆(群贤路店),餐饮服务;中餐厅;湖南菜(湘菜),108.88872032416718,34.24631085071122,莲湖区,108.893302,34.244685
B0I1X92D3Q,包鲜森(西城芳洲店),餐饮服务;餐饮相关场所;餐饮相关,108.8845026973665,34.2584914670179,莲湖区,108.889086,34.256873
B0HUTZYJ00,宜品汤包(唐兴路店),餐饮服务;餐饮相关场所;餐饮相关,108.87471292832616,34.235115738346764,雁塔区,108.879299,34.233497
B0GKZRAF11,好再来中式快餐(群贤路店),餐饮服务;快餐厅;快餐厅,108.89031166129632,34.24237516350956,莲湖区,108.894893,34.240747
B0FFM21J6U,沙县小吃(金辉·悦府店),餐饮服务;中餐厅;中餐厅,108.8627985854817,34.25351789520253,雁塔区,108.867397,34.251921
B0FFL7Z9EI,老丁家酱腊牛肉(长信丰登公寓店),餐饮服务;餐饮相关场所;餐饮相关,108.8898973708838,34.25855669448298,莲湖区,108.89448,34.256935
B0FFL37PKI,小杨烤肉坊(丰盛路店),餐饮服务;中餐厅;清真菜馆,108.85011532696352,34.27478252842353,未央区,108.854732,34.273214
B0FFH5GXRL,吉祥斋(世纪金花高新购物中心店),餐饮服务;中餐厅;中餐厅,108.89871932329758,34.23407083706964,雁塔区,108.903302,34.232437
B0FFHMCYXG,渭南时辰包子(鱼斗路店),餐饮服务;餐饮相关场所;餐饮相关,108.86604352980896,34.235113358231544,雁塔区,108.870637,34.233505
B0FFF64Z4M,孟家烧烤(西化北区店),餐饮服务;中餐厅;特色/地方风味餐厅,108.87020489263178,34.25436628856933,莲湖区,108.874796,34.25276
B0FFHKK0PC,四川砂锅盖饭(丰镐西路店),餐饮服务;中餐厅;四川菜(川菜),108.86946973367851,34.26078086263342,莲湖区,108.874062,34.259178
B0FFFAF3WG,百润小厨,餐饮服务;中餐厅;中餐厅,108.9045157082844,34.260066862638254,莲湖区,108.909104,34.258443
B0MG0CHI2H,渝千串火锅串串(群贤路店),餐饮服务;中餐厅;火锅店,108.88811234568172,34.24552981184604,莲湖区,108.892694,34.243904
B0LGLUKF0Q,杨家小炒泡馍,餐饮服务;中餐厅;清真菜馆,108.84584402229186,34.26071386584305,未央区,108.850466,34.259147
B0L1GDAYWQ,鱼小馆.纸包鱼(西辛庄店),餐饮服务;餐饮相关场所;餐饮相关,108.8713563165451,34.23620758998004,雁塔区,108.875945,34.234593
B0L0BRVL9C,清真黑眼圈烤肉(西稍门店),餐饮服务;中餐厅;中餐厅,108.90489938539665,34.26038668358924,莲湖区,108.909488,34.258763
B0I1JXKJCD,鸡汤刀削面(大寨路店),餐饮服务;餐饮相关场所;餐饮相关,108.86188210161208,34.24656827495649,雁塔区,108.866481,34.24497
B0FFKT5O88,雨花公主茶庄(伟业公馆店),餐饮服务;餐饮相关场所;餐饮相关|购物服务;购物相关场所;购物相关场所,108.87411318151956,34.239219563592066,雁塔区,108.8787,34.237603
B001D069NT,百味香熟食店(劳动小区南区店),餐饮服务;餐饮相关场所;餐饮相关,108.9010244491748,34.26754903298944,莲湖区,108.905611,34.265928
B001D09CN9,志诚丽柏酒店·维斯诺西餐厅,餐饮服务;外国餐厅;西餐厅(综合风味),108.9005432463258,34.23605425949285,雁塔区,108.905127,34.234421
B0FFF65C1N,潮汕大排档(团结东路店),餐饮服务;中餐厅;潮州菜,108.90040603233872,34.26460419746103,莲湖区,108.904992,34.262982
B0FFJ2F2IT,老重庆川菜鱼府,餐饮服务;中餐厅;四川菜(川菜),108.8604057984614,34.253657379936215,雁塔区,108.865007,34.252064
B0FFHHTHUC,七十二塘重庆小面,餐饮服务;中餐厅;中餐厅,108.86265294931802,34.2469472315988,雁塔区,108.867251,34.245348
B0FFIJV6DL,河南风味胡辣汤(西安市机床厂家属院店),餐饮服务;中餐厅;特色/地方风味餐厅,108.87933842264066,34.26285857153304,莲湖区,108.883924,34.261246
B001D08EAB,西安香格里拉大酒店,住宿服务;宾馆酒店;五星级宾馆|餐饮服务;餐饮相关场所;餐饮相关,108.89287503328586,34.23487007253373,雁塔区,108.897456,34.233238
B001D00E31,西安喜来登大酒店,住宿服务;宾馆酒店;五星级宾馆|餐饮服务;餐饮相关场所;餐饮相关,108.89294800303584,34.26006441964076,莲湖区,108.897531,34.258442
B0FFGFQCVB,伊号百年卤味(莱茵店),餐饮服务;餐饮相关场所;餐饮相关,108.86010736182637,34.254628558439315,莲湖区,108.864709,34.253036
B0FFGFQ0XT,杨凌蘸水面干拌面(枣园南路),餐饮服务;中餐厅;中餐厅,108.85490521275332,34.27311810480276,未央区,108.859515,34.271541
B0MGUCDAMT,MissPinK动物奶油·生日蛋糕·冰淇淋,餐饮服务;糕饼店;糕饼店,108.86145897404546,34.25450658896227,莲湖区,108.866059,34.252912
B0MBP12B97,阿房一路乾县王铁锅盔,餐饮服务;餐饮相关场所;餐饮相关,108.84895686130068,34.271742809383895,未央区,108.853575,34.270175
B0M69LDYCK,川渝小厨红光路店,餐饮服务;中餐厅;中餐厅,108.86199004899716,34.26121870399521,莲湖区,108.86659,34.259626
B0LUPL24Q0,小项鸡汤米线,餐饮服务;中餐厅;中餐厅,108.890208518056,34.26914359648636,莲湖区,108.894792,34.267526
B0LULC6HDV,馋小猫炸串(土门店),餐饮服务;餐饮相关场所;餐饮相关,108.8789529425662,34.26645577485602,莲湖区,108.883539,34.264845
B0LK6UL2HG,万闵记北京烤鸭,餐饮服务;中餐厅;特色/地方风味餐厅,108.87181980286044,34.234819644493335,雁塔区,108.876408,34.233204
B0LGF7S6VD,雍小匠擀面皮,餐饮服务;餐饮相关场所;餐饮相关,108.86361766946692,34.263781982644794,莲湖区,108.868216,34.262188
B0L1LME7YX,王念面馆,餐饮服务;餐饮相关场所;餐饮相关,108.86246759555976,34.26119539641227,莲湖区,108.867067,34.259602
B0JRCH76C4,孙大鹏麻辣烫,餐饮服务;中餐厅;中餐厅,108.8867937820824,34.23820280161508,雁塔区,108.891375,34.236575
B0JGTRVLCE,西波海鲜大闸蟹,餐饮服务;中餐厅;中餐厅,108.88958565677868,34.267452974451224,莲湖区,108.894169,34.265835
B0JAGUGRAF,云水轩茶楼,餐饮服务;茶艺馆;茶艺馆,108.86974512497991,34.246477785974484,雁塔区,108.874336,34.244869
B0J3DMJBN3,湘外婆自选快餐(财富中心II期店),餐饮服务;餐饮相关场所;餐饮相关,108.89690342846082,34.241999566861764,莲湖区,108.901486,34.240369
B0IUUO94DM,酥香门(新华印刷厂家属院店),餐饮服务;糕饼店;糕饼店,108.87813858841092,34.26556038078423,莲湖区,108.882725,34.26395
B0IRGCCQAJ,何记.汉中热米皮,餐饮服务;餐饮相关场所;餐饮相关,108.84893583208958,34.27171678408159,未央区,108.853554,34.270149
B0H397TK8Y,汉中热米皮(金辉·悦府店),餐饮服务;餐饮相关场所;餐饮相关,108.86431733527856,34.2524844177853,雁塔区,108.868914,34.250885
B0GUS6K8XT,湖南米粉牛肉面(金辉·悦府店),餐饮服务;中餐厅;中餐厅,108.86431134378093,34.25229848192169,雁塔区,108.868908,34.250699
B0FFLORW9A,简时代自选快餐美食城(高新四路店),餐饮服务;中餐厅;中餐厅,108.8965296170726,34.24128175884544,莲湖区,108.901112,34.239651
B0FFL5YV5A,延光老刘热米皮(西稍门店),餐饮服务;中餐厅;中餐厅,108.90450570373508,34.260218803507435,莲湖区,108.909094,34.258595
B0FFKT0IWN,花巷川湘菜(东馨花园店),餐饮服务;快餐厅;快餐厅,108.8744427143985,34.2354583234074,雁塔区,108.879029,34.23384
B0FFIBX5P5,清真-肉丁胡辣汤(西瓷丰登路小区店),餐饮服务;快餐厅;快餐厅,108.8902424483892,34.27000326241373,莲湖区,108.894826,34.268386
B0FFHKPX7L,重庆小面砂锅(华东万景城),餐饮服务;餐饮相关场所;餐饮相关,108.87214297467398,34.26081601857854,莲湖区,108.876733,34.25921
B0FFF8YV52,东北手工水饺(徐家庄村店),餐饮服务;中餐厅;特色/地方风味餐厅,108.90457992173916,34.2318556504062,雁塔区,108.909166,34.230221
B0FFF4VHMG,食家一绝鸡汤刀削面(大寨路店),餐饮服务;快餐厅;快餐厅,108.87105623902112,34.24656232501549,雁塔区,108.875646,34.244952
B0FFHC64L3,毛家烤鸭店,餐饮服务;餐饮相关场所;餐饮相关,108.8899505487865,34.268805608022035,莲湖区,108.894534,34.267188
B0FFF65C0P,重庆妹川菜(莲湖店),餐饮服务;中餐厅;四川菜(川菜),108.89982133772622,34.264653138959844,莲湖区,108.904407,34.263031
B0FFHKXROZ,伊香酥牛肉饼,餐饮服务;餐饮相关场所;餐饮相关,108.90294980400462,34.235565429801056,雁塔区,108.907535,34.233932
B0FFFQ1CHS,湘秦中式快餐(大茂城店),餐饮服务;中餐厅;中餐厅,108.8656247719189,34.23923326073277,雁塔区,108.870219,34.237627
B0FFI1UTGJ,重庆川菜馆(团结一路店),餐饮服务;中餐厅;四川菜(川菜),108.88322410660182,34.261329403030715,莲湖区,108.887808,34.259713
B001D0VTJH,园园锅巴米饭(嘉龙大厦店),餐饮服务;中餐厅;中餐厅,108.89221263829856,34.24093454547111,雁塔区,108.896794,34.239305
B0FFHU77A4,富平腊汁肉夹馍(金曹路店),餐饮服务;中餐厅;中餐厅,108.86268593925988,34.27243215991718,莲湖区,108.867286,34.270843
B0MGTD5JXE,一分利米皮·肉夹馍,餐饮服务;快餐厅;快餐厅,108.86805398255086,34.26643482696666,莲湖区,108.872648,34.264836
B0MG7HHLNT,李大萌老面包子铺,餐饮服务;中餐厅;中餐厅,108.8686828282901,34.250730835476936,雁塔区,108.873275,34.249125
B0MG6CHRIO,老北京脏摊麻辣烫,餐饮服务;中餐厅;中餐厅,108.86512758902704,34.23509013914771,雁塔区,108.869722,34.233483
B0MG01KLVK,马记古法烤肉·炒菜,餐饮服务;中餐厅;清真菜馆,108.89339052855632,34.277517479207305,莲湖区,108.897975,34.275902
B0MAGC004G,杨家伊诚斋小炒泡馍烧烤,餐饮服务;中餐厅;清真菜馆,108.86152451120331,34.26121703309679,莲湖区,108.866125,34.259625
B0M6NOFWNE,荣民玖号茶馆,餐饮服务;茶艺馆;茶艺馆,108.898591837619,34.240851285296365,莲湖区,108.903175,34.23922
B0M6M7UTKV,御品空间,餐饮服务;餐饮相关场所;餐饮相关,108.8737038957159,34.251595391116936,雁塔区,108.878292,34.249984
B0M6AZXUZ1,川厨川菜馆,餐饮服务;中餐厅;四川菜(川菜),108.87112032707311,34.24612656733966,雁塔区,108.87571,34.244516
B0LR0OP3OR,秦家庄特色手擀面,餐饮服务;中餐厅;中餐厅,108.86818110290696,34.26642399248286,莲湖区,108.872775,34.264825
B0LKV75CI5,河间火烧,餐饮服务;快餐厅;快餐厅,108.867687245954,34.25881940657592,莲湖区,108.872281,34.257218
B0LKOMFNCW,悦希辣串串烧烤,餐饮服务;中餐厅;中餐厅,108.84766924001768,34.230611558380495,雁塔区,108.852286,34.22903
B0LGSA322R,陕西搅团,餐饮服务;餐饮相关场所;餐饮相关,108.88303702042968,34.26166212805577,莲湖区,108.887621,34.260046
B0LGJCOP1O,御花园茶苑,餐饮服务;茶艺馆;茶艺馆,108.87684793934,34.23956126259947,雁塔区,108.881433,34.237942
B0L6VCLDG4,兰州牛肉拉面,餐饮服务;快餐厅;快餐厅,108.89993363415915,34.235287507621344,雁塔区,108.904517,34.233654
B0L3TO7VHZ,程大事麻辣串,餐饮服务;中餐厅;中餐厅,108.85779289084194,34.23721272335281,雁塔区,108.862396,34.235617
B0L1N5WGBR,璀峰李猫耳朵炒面(大唐西市店),餐饮服务;中餐厅;中餐厅,108.90392621304252,34.24680910569304,莲湖区,108.908513,34.24518
B0L1KOW5W2,御莱香黄牛肉店,餐饮服务;中餐厅;中餐厅,108.87071261512122,34.250757301702265,雁塔区,108.875303,34.249149
B0L02CNVDK,兵立王奶茶&鲜果茶(西安外事店),餐饮服务;休闲餐饮场所;休闲餐饮场所,108.86588170854256,34.2308347233744,雁塔区,108.870475,34.229225
B0KR9AC9KI,老马家泡馍(云视界店),餐饮服务;中餐厅;清真菜馆,108.86252464801528,34.26134641742517,莲湖区,108.867124,34.259753
B0KKGUACP4,淄博烧烤(大茂城店),餐饮服务;餐饮相关场所;餐饮相关,108.86860350408112,34.241396308318016,雁塔区,108.873195,34.239787
B0KK5UFPWI,兰州牛肉面(亿润花园店),餐饮服务;餐饮相关场所;餐饮相关,108.85243323092774,34.26771329505562,莲湖区,108.857046,34.266138
B0KGNHNJT8,宅小亮老菜馆(庆康小区店),餐饮服务;中餐厅;中餐厅,108.8805798698068,34.26442103372593,莲湖区,108.885165,34.262808
B0KDSR0843,山城小火锅(恒大城店),餐饮服务;中餐厅;火锅店,108.86417053413918,34.24804193498305,雁塔区,108.868767,34.246441
B0KDAZGRHT,梁记礼宴,餐饮服务;中餐厅;中餐厅,108.86727001970912,34.24417155828163,雁塔区,108.871863,34.242565
B0KBLH4KFM,拼一下·企业团餐快餐盒饭(唐延路店),餐饮服务;快餐厅;快餐厅,108.88374296450093,34.240100018452054,莲湖区,108.888325,34.238475
B0K6YD1NR7,华创酒店润德食府(华府·新桃园店),餐饮服务;中餐厅;中餐厅,108.88306217349329,34.247377740115894,莲湖区,108.887645,34.245756
B0K61ARG2O,娥姐小味老碗面(五福郡店),餐饮服务;中餐厅;中餐厅,108.90138653456492,34.27629645128122,莲湖区,108.905974,34.274679
B0K24RHNU4,玖溪阁棋牌休闲,体育休闲服务;娱乐场所;棋牌室|餐饮服务;中餐厅;中餐厅,108.84648598406714,34.273468826248546,未央区,108.851108,34.271906
B0K1OUUZBW,麦稻中式健康菜(丈八北路店),餐饮服务;中餐厅;中餐厅,108.8688336962312,34.241634505963624,雁塔区,108.873425,34.240025
B0K1276D70,淾·三茶四季·守兴昌,餐饮服务;餐饮相关场所;餐饮相关,108.90286924980904,34.24315958009459,莲湖区,108.907455,34.241529
B0K0RLOSQA,呈己茶生活美学空间,餐饮服务;茶艺馆;茶艺馆,108.87784612504169,34.2319190748697,雁塔区,108.88243,34.230296
B0K0HNKEIT,老兰家腊牛肉夹馍肉丸糊辣汤(大庆路总店),餐饮服务;中餐厅;中餐厅,108.85031799445947,34.27017476360602,未央区,108.854934,34.268604
B0JRSUMETY,嗨小购美食城(城市皇冠店),餐饮服务;中餐厅;中餐厅,108.89143481645944,34.23968968985112,雁塔区,108.896016,34.23806
B0JKAXGNQA,品味盖浇饭,餐饮服务;中餐厅;中餐厅,108.86835221001176,34.24215970369116,雁塔区,108.872944,34.240551
B0JK4DR1V1,忆香源削筋面(新园路店),餐饮服务;中餐厅;中餐厅,108.90099027419588,34.26997504518711,莲湖区,108.905577,34.268355
B0JDZCHT91,豫膳坊地锅炖(亿润花园店),餐饮服务;中餐厅;中餐厅,108.85243121778517,34.26784123983271,莲湖区,108.857044,34.266266
B0JDT715G2,陈叔煎饼(桃园路店),餐饮服务;餐饮相关场所;餐饮相关,108.89626849482195,34.268841891389364,莲湖区,108.900853,34.267222
B0J1G596VM,马香纯兰州牛肉面(中航华府店),餐饮服务;餐饮相关场所;餐饮相关,108.85147165809904,34.24539948499994,雁塔区,108.856084,34.243817
B0J065OOND,美豪丽致酒店(西安高新区南二环店)·餐厅,餐饮服务;餐饮相关场所;餐饮相关,108.89269309249772,34.24695244366247,莲湖区,108.897275,34.245325
B0IDU9K950,龚家热米皮(土门店),餐饮服务;中餐厅;中餐厅,108.88563335989458,34.26591327681717,莲湖区,108.890217,34.264297
B0I3PMFC84,四川菜馆(第一分店),餐饮服务;中餐厅;四川菜(川菜),108.87914138190416,34.262155674735574,莲湖区,108.883727,34.260543
B0HUSHJS1P,小凌家大碗面,餐饮服务;中餐厅;中餐厅,108.86818810843062,34.26643699609278,莲湖区,108.872782,34.264838
B0HROXOSXX,重庆串串香(金辉优步花园店),餐饮服务;中餐厅;中餐厅,108.86497012558095,34.263724866376094,莲湖区,108.869567,34.262129
B0HAD1HT1R,冒菜香锅(金辉优步花园店),餐饮服务;中餐厅;中餐厅,108.86534551292335,34.26378235092708,莲湖区,108.869942,34.262186
B0H6XKUPII,兰州牛肉拉面(金辉优步花园店),餐饮服务;快餐厅;快餐厅,108.86463776945708,34.26378838821011,莲湖区,108.869235,34.262193
B0H2N9JYZ3,王同江手擀菠菜面(外事学院北校区店),餐饮服务;快餐厅;快餐厅,108.85748833848947,34.23924549234299,雁塔区,108.862092,34.237651
B0H1PZQLW8,聚福饺子(金辉优步花园店),餐饮服务;中餐厅;特色/地方风味餐厅,108.86495911280652,34.26373984541399,莲湖区,108.869556,34.262144
B0FFLF05UA,竹筒拔罐理疗馆,餐饮服务;餐饮相关场所;餐饮相关,108.84759858816452,34.27463128274905,未央区,108.852219,34.273067
B0FFL73BUT,仙人掌(团结南路店),购物服务;服装鞋帽皮具店;服装鞋帽皮具店|餐饮服务;餐饮相关场所;餐饮相关,108.87669329970022,34.24638651929161,莲湖区,108.881279,34.24477
B0FFK1DMUT,重庆小面(桃园路),餐饮服务;中餐厅;特色/地方风味餐厅,108.89673340089568,34.26804431862449,莲湖区,108.901318,34.266424
B0FFHU675P,乾县豆腐脑(丰登北路店),餐饮服务;中餐厅;中餐厅,108.8902445097517,34.26923757558334,莲湖区,108.894828,34.26762
B0FFG1ZZ6F,川湘家常菜(隆泰巷店),餐饮服务;中餐厅;中餐厅,108.9046646992168,34.25875336435339,莲湖区,108.909253,34.257129
B0FFFO3JLF,新西北泡馍馆,餐饮服务;中餐厅;清真菜馆,108.84998613737892,34.2747853086652,未央区,108.854603,34.273217
B0FFJ2WL22,诚信牛羊肉店(丰盛路店),餐饮服务;中餐厅;中餐厅,108.8528592899322,34.274427248366784,未央区,108.857472,34.272854
B0FFIZ0VYI,盛运自助涮烤(科技路店),餐饮服务;中餐厅;火锅店,108.86832248112336,34.23843406984899,雁塔区,108.872914,34.236824
B0FFIUKADR,荷·上乘舒食空间(禾盛京广中心店),餐饮服务;中餐厅;中餐厅,108.88735635864032,34.23193347286903,雁塔区,108.891937,34.230303
B0FFHTUHTA,玮玮汉中凉皮米线店,餐饮服务;中餐厅;中餐厅,108.8694905532781,34.25079781003326,雁塔区,108.874082,34.249191
B0FFG69KFL,新纪元大酒楼,餐饮服务;中餐厅;综合酒楼,108.89463370849268,34.23456877779384,雁塔区,108.899215,34.232936
B0FFH1KIH1,马军爆辣牛筋丸(高家大院店),餐饮服务;快餐厅;快餐厅,108.93864164183864,34.26471070816089,莲湖区,108.943288,34.263119
B001D07V4D,节奏烧烤音乐餐吧(德福巷店),体育休闲服务;娱乐场所;酒吧|餐饮服务;咖啡厅;咖啡厅,108.93924283183532,34.25535543912052,碑林区,108.94389,34.253761
B0FFJCA5VP,美之家港式烧腊(欣集古镇店),餐饮服务;快餐厅;茶餐厅,108.91288734563886,34.27325190406343,莲湖区,108.917485,34.271636
B001D0W2PC,丫丫粤式打边炉(宏府408坊店),餐饮服务;中餐厅;火锅店,108.92268702132492,34.25747118871306,莲湖区,108.927298,34.255856
B0FFI2MDJE,雷记绿豆馅饼(中贸广场店),餐饮服务;中餐厅;中餐厅|餐饮服务;糕饼店;糕饼店,108.941946265832,34.2466921807888,碑林区,108.9466,34.245099
B0FFH1DGU6,马志元稀糊烂腊牛羊肉店(西部店),餐饮服务;中餐厅;清真菜馆,108.92802432343248,34.26431580093852,莲湖区,108.932646,34.262709
B001D09J6X,壹览江南花雕酒馆(西荷花园店),购物服务;专卖店;烟酒专卖店|餐饮服务;餐饮相关场所;餐饮相关,108.9253507919414,34.237082350640584,碑林区,108.929965,34.235462
B001D09UEY,华山国际酒店,住宿服务;宾馆酒店;四星级宾馆|餐饮服务;餐饮相关场所;餐饮相关,108.9433839177304,34.27552711122286,新城区,108.948044,34.273948
B001D090ZE,陕西省止园饭店,餐饮服务;中餐厅;综合酒楼,108.93502594071384,34.273950565323986,莲湖区,108.939664,34.272357
B0FFH9Q952,西安古都文化大酒店,住宿服务;宾馆酒店;四星级宾馆|餐饮服务;餐饮相关场所;餐饮相关,108.92727932859172,34.27055113912792,莲湖区,108.9319,34.268946
B0FFF64X3D,清真老贾家馄饨,餐饮服务;中餐厅;清真菜馆,108.92785865868905,34.26434898222901,莲湖区,108.93248,34.262742
B0FFF9WGA3,蒲城小五剪刀面(唐人街店),餐饮服务;餐饮相关场所;餐饮相关,108.92551363984138,34.25994436816864,莲湖区,108.93013,34.258333
B001D0WY6J,东北王酱骨,餐饮服务;中餐厅;东北菜,108.93566940204978,34.23656527752238,碑林区,108.940306,34.234958
B0FFF64V7B,温州友发海鲜酒楼(玉祥门店),餐饮服务;中餐厅;海鲜酒楼,108.91944336702772,34.270719686680955,莲湖区,108.92405,34.269107
B0FFI0BCYE,西城京涮,餐饮服务;中餐厅;火锅店,108.92111877461257,34.25666293003126,莲湖区,108.925727,34.255046
B0FFF9WC6C,三军味道私房菜,餐饮服务;中餐厅;中餐厅,108.94750586406391,34.251134067728,碑林区,108.952176,34.249553
B001D10LOG,马文学腊牛羊肉(马宗元老店),购物服务;综合市场;农副产品市场|餐饮服务;餐饮相关场所;餐饮相关,108.92784281688702,34.2627876271774,莲湖区,108.932464,34.26118
B001D04Y2G,清真尔卜餐厅,餐饮服务;中餐厅;清真菜馆,108.93714235615413,34.266153523324085,莲湖区,108.941785,34.26456
B0FFJUF53L,不二京涮,餐饮服务;中餐厅;火锅店,108.96240397573108,34.254872317537405,碑林区,108.967124,34.253326
B0FFJ0P019,稻壳儿酒吧(五星小区南区店),餐饮服务;中餐厅;中餐厅,108.92799110217176,34.25550334106594,莲湖区,108.932612,34.253893
B0FFIMPIJ6,老孙家馄饨店(教场门店),餐饮服务;中餐厅;中餐厅,108.93383522725802,34.26835358856999,莲湖区,108.93847,34.266756
B0FFIIQZJP,羊记炒酸奶,餐饮服务;冷饮店;冷饮店,108.96066994463249,34.27015044769596,新城区,108.965385,34.268606
B0FFI7P929,温州风味美食(粉巷店),餐饮服务;中餐厅;中餐厅,108.9364837111834,34.25740703928549,碑林区,108.941124,34.255809
B0FFHS2OAI,侯三烤菜盒,餐饮服务;中餐厅;中餐厅,108.96000320915093,34.2591224925858,碑林区,108.964715,34.257572
B0FFHCP18Y,清真拉菲尔鱼庄(回民街店),餐饮服务;中餐厅;清真菜馆,108.93385416933477,34.26851949405721,莲湖区,108.938489,34.266922
B0FFG1EEOQ,红油米线(南小巷),餐饮服务;快餐厅;快餐厅,108.91232722170808,34.25830920849424,莲湖区,108.916923,34.256687
B0FFF6UNX2,陕歌人家(陕西歌剧院家属院店),餐饮服务;中餐厅;中餐厅,108.95247942013005,34.249974236680586,碑林区,108.957165,34.248403
B001D07VZD,马磊家夜宵,餐饮服务;中餐厅;清真菜馆,108.92797816207177,34.26748457604327,莲湖区,108.9326,34.265879
B001D07BJO,馨磊酱肉店(麦苋街店),餐饮服务;餐饮相关场所;餐饮相关,108.9383540819838,34.268456659988175,莲湖区,108.943,34.266866
B001D06QPN,马勇牛羊肉(煤电家属院店),购物服务;综合市场;农副产品市场|餐饮服务;餐饮相关场所;餐饮相关,108.92184340545204,34.24602441649192,碑林区,108.926452,34.244404
B001D06D51,老安家德富园精细糕点(回民街店),餐饮服务;糕饼店;糕饼店,108.93891587419388,34.26538698736988,莲湖区,108.943563,34.263796
B0FFGROJEK,李娟玫瑰元宵(金桥公寓店),餐饮服务;餐饮相关场所;餐饮相关,108.9281492620596,34.26190561911665,莲湖区,108.932771,34.260298
B0IRS7HSMV,迈德堡(东举院巷店),餐饮服务;快餐厅;快餐厅,108.92638957759988,34.26451858722561,莲湖区,108.931008,34.26291
B0FFFRSPN8,川味热鸭脑壳(德福巷小区店),餐饮服务;中餐厅;四川菜(川菜),108.9354912475604,34.2562220144795,碑林区,108.940129,34.254622
B001D089PN,刘志军腊牛羊肉,购物服务;综合市场;农副产品市场|餐饮服务;餐饮相关场所;餐饮相关,108.92805224745804,34.26454967396874,莲湖区,108.932674,34.262943
B0FFF9WCDC,回头鱼,餐饮服务;中餐厅;清真菜馆,108.93156974717829,34.26426037129305,莲湖区,108.936199,34.262658
B001D08E23,阿里锅盔馍店(回民街店),餐饮服务;餐饮相关场所;餐饮相关,108.93425335866615,34.266891580225106,莲湖区,108.938889,34.265294
B0H0ONW7NA,蜀儿郎鲜牛肉串串,餐饮服务;中餐厅;中餐厅,108.90568450905512,34.26341834625432,莲湖区,108.910274,34.261796
B001D06BLL,潮州大排档(体育场北路),餐饮服务;中餐厅;潮州菜,108.9403354595847,34.236556801241285,碑林区,108.944984,34.234957
B0L04XZ7OG,香香师傅潼关肉夹馍,餐饮服务;中餐厅;中餐厅,108.96385179363736,34.26596029695402,新城区,108.968578,34.264422
B0G0G5KKUR,重庆纸包鱼(新城店),餐饮服务;中餐厅;中餐厅,108.9611367847466,34.27620882020176,新城区,108.965854,34.274668
B0FFL8TEV6,老铁家腊牛羊肉(大莲花池街),餐饮服务;中餐厅;清真菜馆,108.93850066932588,34.268878250947125,莲湖区,108.943147,34.267288
B001D089QG,新宝烤肉砂锅(回民街店),餐饮服务;中餐厅;特色/地方风味餐厅,108.92781262917394,34.26587542116278,莲湖区,108.932434,34.264269
B0FFK09C6I,杨和平元宵(西北电业职工大学家属院店),餐饮服务;餐饮相关场所;餐饮相关,108.9494852330684,34.245933087290645,碑林区,108.954161,34.244354
B0FFFPLEOP,泾阳石子馍(永兴坊店),餐饮服务;餐饮相关场所;餐饮相关,108.96510809032534,34.26679977817803,新城区,108.969839,34.265265
B0FFG2ZHXR,老安家安建坡传统糕点(庙后街店),餐饮服务;糕饼店;糕饼店,108.930085947193,34.2649210350845,莲湖区,108.934712,34.263317
B001D08C6Q,蜀南竹签烤肉(雁塔北路店),餐饮服务;中餐厅;特色/地方风味餐厅|餐饮服务;中餐厅;海鲜酒楼,108.959813678575,34.24932478067184,碑林区,108.964524,34.24777
B0FFIHMXOP,33韩式自助烧烤(时代·诺利达B区店),餐饮服务;外国餐厅;韩国料理,108.92955011937124,34.25220974030699,碑林区,108.934174,34.2506
B0FFIFY974,陕西搅团(莲湖路辅路店),餐饮服务;中餐厅;特色/地方风味餐厅,108.9246283757616,34.27152662233052,莲湖区,108.929244,34.269919
B0FFHBBV63,马尔里腊牛羊肉(洒金桥),购物服务;综合市场;农副产品市场|餐饮服务;餐饮相关场所;餐饮相关,108.9279203565508,34.26653602804676,莲湖区,108.932542,34.26493
B0FFGXASK9,尔里餐厅(回民街店),餐饮服务;中餐厅;清真菜馆,108.9315996891436,34.26415137518153,莲湖区,108.936229,34.262549
B0FFGDTPYC,小贾麻花油茶,餐饮服务;中餐厅;中餐厅,108.93028213818656,34.25730881938239,莲湖区,108.934908,34.255702
B0FFFV43SQ,小南圆(西安电子科技大学北校区店),餐饮服务;中餐厅;中餐厅,108.9134310870138,34.23076615534308,雁塔区,108.918026,34.229134
B0FFFAETIL,老糜家油糊玹,餐饮服务;中餐厅;清真菜馆,108.93172841797976,34.263944286327366,莲湖区,108.936358,34.262342
B0FFFA8JB5,清真白家油糕铺,餐饮服务;中餐厅;清真菜馆,108.93849566308197,34.26911516263624,莲湖区,108.943142,34.267525
B0FFFA8F61,刘家烩菜(民乐新都会商城店),餐饮服务;中餐厅;清真菜馆,108.9602318935069,34.26532446336567,新城区,108.964945,34.263777
B001D0W0GN,新凯肉食,购物服务;综合市场;农副产品市场|餐饮服务;餐饮相关场所;餐饮相关,108.91552094518656,34.26075748611744,莲湖区,108.920121,34.259138
B0FFGC4OKQ,黑子烤鱼烤肉烤菜烤翅(3513生活区西院店),餐饮服务;中餐厅;特色/地方风味餐厅,108.92375682479354,34.23618531964057,碑林区,108.928368,34.234563
B001D06QP6,庙后街马三快餐店,餐饮服务;快餐厅;快餐厅,108.9330513353218,34.26486010886973,莲湖区,108.937684,34.26326
B0FFK00XN2,香掉牙酥饼,餐饮服务;快餐厅;快餐厅,108.92800724397696,34.26573325017042,莲湖区,108.932629,34.264127
B001D0WMH2,哈克穆光明巷饺子馆(西羊市店),餐饮服务;中餐厅;清真菜馆,108.9335810829747,34.26513325343478,莲湖区,108.938215,34.263534
B0FFK26VLB,阳阳老火锅,餐饮服务;中餐厅;火锅店,108.9333565112754,34.25393401571843,碑林区,108.937989,34.25233
B0FFIN902M,旬洲锅巴米饭(北新街店),餐饮服务;中餐厅;中餐厅,108.94972233446369,34.27250606108556,新城区,108.954401,34.270938
B0FFIBHJ73,清真·维罗纳古典火炉披萨Verona pizza(回民街店),餐饮服务;快餐厅;快餐厅,108.93369956116322,34.268159860777004,莲湖区,108.938334,34.266562
B0FFH1IDEO,三巷涮肉(建国三巷),餐饮服务;中餐厅;清真菜馆,108.96509676598473,34.25907290194011,碑林区,108.969827,34.257535
B0FFFS2XV1,菜客陕菜白伟托盘鱼,餐饮服务;中餐厅;西北菜,108.93086212969436,34.25414631388601,莲湖区,108.935489,34.252539
B0FFFCXOCT,别院黄酒馆(西门店),餐饮服务;中餐厅;中餐厅,108.9232985998248,34.26165394399049,莲湖区,108.927911,34.260041
B0FFF9WL92,正彩老碗鱼庄(莲湖店),餐饮服务;中餐厅;四川菜(川菜),108.93149748637398,34.25710231710166,碑林区,108.936126,34.255497
B0FFF9WJ9O,中国重庆老版火锅(总店),餐饮服务;中餐厅;火锅店,108.92778615537844,34.2352113337341,碑林区,108.932405,34.233593
B0FFF9WCTV,老耿家梆梆肉(新民二巷1号院店),餐饮服务;中餐厅;中餐厅,108.94516339922478,34.26837574684994,新城区,108.949828,34.266797
B0FFF9W91W,赵记素斋绿豆馅饼(钟楼店),餐饮服务;餐饮相关场所;餐饮相关,108.9393691836174,34.259263687952085,碑林区,108.944017,34.257671
B0FFF5RGIP,天台牛排主题餐厅,餐饮服务;外国餐厅;牛扒店(扒房),108.94263294384449,34.23953068039171,碑林区,108.947288,34.237936
B001D0WG64,味芝朗烧鹅广东菜(碑林博物馆店),餐饮服务;中餐厅;广东菜(粤菜),108.95198240071076,34.257594325770995,碑林区,108.956667,34.256025
B001D07VW0,刘二永香羊肉面庄,餐饮服务;中餐厅;中餐厅,108.949925587929,34.23701255364883,碑林区,108.954602,34.235431
B001D01BB9,小世界西餐厅(建国门店),餐饮服务;外国餐厅;西餐厅(综合风味),108.96195181985074,34.25227944512921,碑林区,108.96667,34.250731
B0FFJ601E9,对猫弹琴猫咖啡,餐饮服务;咖啡厅;咖啡厅,108.93957006369205,34.25421234362155,碑林区,108.944218,34.252618
B0MBDAGAPZ,瑞幸咖啡(西安建筑科技大学雁塔校区南门店),餐饮服务;休闲餐饮场所;休闲餐饮场所,108.96160314048434,34.23923229062797,碑林区,108.966319,34.237678
B0L01HGIE9,柠季·手打柠檬茶(西安盈东生活广场店),餐饮服务;休闲餐饮场所;休闲餐饮场所,108.950513228032,34.24338393364152,碑林区,108.955192,34.241806
B0KU37GQVX,PARKER派克(西安SKP店),餐饮服务;快餐厅;快餐厅,108.94516595939989,34.24906638953245,碑林区,108.949829,34.24748
B0FFFEF0FY,宏美盛成都川菜(大车家巷店),餐饮服务;中餐厅;四川菜(川菜),108.93741347170092,34.25626903747055,碑林区,108.942056,34.254672
B001D04824,西安宾馆,住宿服务;宾馆酒店;四星级宾馆|餐饮服务;餐饮相关场所;餐饮相关,108.9413894281768,34.23883613624592,碑林区,108.946041,34.237239
B0L2GRT1YD,西安铂金万澳胜利饭店(永宁门明城墙店),餐饮服务;中餐厅;中餐厅|住宿服务;宾馆酒店;宾馆酒店,108.95778053895056,34.252082517724794,碑林区,108.962484,34.250524
B0MUFLHB83,秋林食街(雁塔路店),餐饮服务;中餐厅;中餐厅,108.95850839680848,34.24747259427671,碑林区,108.963214,34.245914
B0MBC7NZ19,DOC白颜色咖啡店,餐饮服务;咖啡厅;咖啡厅,108.91971913056744,34.25579344870057,莲湖区,108.924325,34.254175
B0M6GRPJG1,半截沟麻辣香锅,餐饮服务;中餐厅;中餐厅,108.9603502188321,34.26844891348405,新城区,108.965064,34.266903
B0LBUR60VF,梦小甜蛋糕店(南门店),餐饮服务;糕饼店;糕饼店,108.93975314524651,34.24722974401917,碑林区,108.944401,34.245633
B0LA7MV2UP,百年行灵犀(西工大店),餐饮服务;餐饮相关场所;餐饮相关,108.91550743369966,34.24246660094947,碑林区,108.920106,34.24084
B0K16RXNOL,藏玺茶社,餐饮服务;茶艺馆;茶艺馆,108.9185168193668,34.245714295932494,碑林区,108.92312,34.244091
B0FFLCP7ZS,和平茶坊,餐饮服务;茶艺馆;茶艺馆,108.95952676009048,34.248441807183184,碑林区,108.964236,34.246886
B0FFIRYTL4,三道味乾县豆腐脑(尚勤路店),餐饮服务;中餐厅;中餐厅,108.9624908324072,34.26499707984511,新城区,108.967212,34.263455
B0FFFRGI44,粤味乡,餐饮服务;中餐厅;广东菜(粤菜),108.9314775527185,34.25683045074558,碑林区,108.936106,34.255225
B0FFF64YKZ,山城小火锅(红缨东坊店),餐饮服务;中餐厅;火锅店,108.9330978215481,34.245133778640906,碑林区,108.937729,34.243526
B001D06P1H,李国平烧鸡(庙后街店),餐饮服务;中餐厅;清真菜馆,108.9308522890177,34.26482608861221,莲湖区,108.93548,34.263223
B0FFH2ON78,闻香腊汁肉夹馍(建设路店),餐饮服务;中餐厅;中餐厅,108.9510350758211,34.237285138525024,碑林区,108.955715,34.235706
B0FFH0OFGQ,尔吾咖啡(西安总店),餐饮服务;咖啡厅;咖啡厅|购物服务;购物相关场所;购物相关场所,108.95830444308884,34.24332665791015,碑林区,108.963009,34.241766
B0FFF65CRP,粤吃粤香,餐饮服务;中餐厅;广东菜(粤菜),108.92945588923293,34.25754076802529,莲湖区,108.93408,34.255933
B001D0446T,澳门德兴海鲜火锅(华融国际店),餐饮服务;中餐厅;火锅店,108.93382817208506,34.23210863244502,碑林区,108.93846,34.230497
B0L0KZP1D4,堞憩Cafe.bar,餐饮服务;咖啡厅;咖啡厅,108.95062909995504,34.27733218447774,新城区,108.955311,34.275768
B0KGC53MIU,深白Deep white日咖夜酒(中通二局家属院店),餐饮服务;餐饮相关场所;餐饮相关,108.93977648551942,34.25461384143054,碑林区,108.944425,34.25302
B0H3DDR1PW,湖南菜馆(都府大厦店),餐饮服务;中餐厅;湖南菜(湘菜),108.92548153545896,34.2619995836235,莲湖区,108.930098,34.260389
B0FFK4PT8Q,甘棠里甜食铺(西羊市店),餐饮服务;餐饮相关场所;餐饮相关,108.93473238563082,34.26480772343068,莲湖区,108.939369,34.26321
B001D0WDE1,金桥牛羊肉泡馍小炒(许士庙街店),餐饮服务;中餐厅;清真菜馆,108.93407165634328,34.26852717892429,莲湖区,108.938707,34.26693
B0FFH75NMS,东北吉菜馆(一中北路店),餐饮服务;中餐厅;东北菜,108.91373977066418,34.26721292654762,莲湖区,108.918338,34.265595
B0FFI2LU68,饼一哥土豆片夹馍(立丰公寓店),餐饮服务;快餐厅;快餐厅,108.9641183050636,34.247774792849114,碑林区,108.968844,34.24623
B0MGKYJYVD,乡韵老潼关肉夹馍,餐饮服务;快餐厅;快餐厅,108.9650643462803,34.2656573512446,新城区,108.969795,34.264122
B0LKNKOEFN,zuzu咖啡,餐饮服务;咖啡厅;咖啡厅,108.95964452515928,34.23400997823048,碑林区,108.964353,34.232449
B0LK4UW4WL,猪猪很忙·专做脂渣(钟楼店),餐饮服务;餐饮相关场所;餐饮相关,108.94192851502964,34.26889144170663,莲湖区,108.946584,34.267307
B0L0YC6Z6X,云栖五味堂,餐饮服务;中餐厅;中餐厅,108.92098949904972,34.27518156540771,莲湖区,108.925599,34.273572
B0KDUUC7X7,樱Sakura烧鸟大王店(南门中大国际店),餐饮服务;外国餐厅;日本料理,108.94167828223448,34.25557520493801,碑林区,108.946332,34.253985
B0K0RUPB5M,X-RAY,餐饮服务;餐饮相关场所;餐饮相关,108.93809167151876,34.23243803740762,碑林区,108.942734,34.230833
B0JUNM3LT5,嵗有小安(民乐园南区店),餐饮服务;甜品店;甜品店,108.96121618335415,34.267873047836886,新城区,108.965933,34.266329
B0JAL44TOV,Good tea,餐饮服务;冷饮店;冷饮店,108.9480530048558,34.253636006717805,碑林区,108.952725,34.252057
B0J3TYFHCH,岚丰·新中式国风·茶院,餐饮服务;茶艺馆;茶艺馆,108.93987626247952,34.25410187441965,碑林区,108.944525,34.252508
B0IGY5H1VO,云和夜泊酒店中餐厅,餐饮服务;中餐厅;中餐厅,108.94889168912468,34.25057750899255,碑林区,108.953566,34.248999
B0H04HA5GW,嘹呔呔凉粉,餐饮服务;快餐厅;快餐厅,108.96407791361924,34.254365337785366,碑林区,108.968804,34.252823
B0FFHTLFL0,多乐客披萨休闲西餐(民乐园店),餐饮服务;快餐厅;快餐厅,108.96179109112316,34.26824848919982,新城区,108.96651,34.266706
B0FFGCBML0,阿福香辣土豆片夹馍,餐饮服务;餐饮相关场所;餐饮相关,108.94228747854214,34.269444581440666,莲湖区,108.946944,34.267861
B0FFJVLGHZ,阿豪汤圆(太和广场南楼店),餐饮服务;中餐厅;中餐厅,108.94759291967956,34.259524602838766,碑林区,108.952264,34.257947
B0FFJ0CHDV,正青春自助小火锅,餐饮服务;中餐厅;火锅店,108.91905175814632,34.24864176173242,碑林区,108.923656,34.24702
B0FFIS0X9I,清真·曹家蒸碗,餐饮服务;中餐厅;清真菜馆,108.96341825702828,34.26746777403208,新城区,108.968143,34.265929
B0FFINMCW8,三阳开泰酒楼(新旅城店),餐饮服务;中餐厅;综合酒楼,108.95345526825228,34.237427888452025,碑林区,108.958143,34.235854
B0FFILA8M8,永顺和葫芦头梆梆肉,餐饮服务;中餐厅;中餐厅|科教文化服务;科教文化场所;科教文化场所,108.92875064447102,34.254153963251305,莲湖区,108.933373,34.252544
B0FFIL7VWV,聚福鱼庄,餐饮服务;中餐厅;海鲜酒楼,108.9620708366541,34.259052491866576,碑林区,108.96679,34.257507
B0FFIBF90K,清真·马峰烤肉(小学习北巷店),餐饮服务;中餐厅;清真菜馆,108.9301190534118,34.262721875953986,莲湖区,108.934745,34.261117
B0FFHTWYQU,刘嫂肉夹馍(南小巷店),餐饮服务;中餐厅;中餐厅,108.91163647013698,34.252835675905644,莲湖区,108.916231,34.251211
B0FFH86R6U,老城墙烧烤,餐饮服务;中餐厅;特色/地方风味餐厅,108.93155662929117,34.25369957394516,碑林区,108.936185,34.252093
B0FFH0VML3,西关常记西关葫芦头老店(铁塔寺路店),餐饮服务;中餐厅;中餐厅,108.91337041229716,34.26500801348782,莲湖区,108.917968,34.263389
B0FFGPWQWU,隐舍,公司企业;公司;公司|餐饮服务;茶艺馆;茶艺馆,108.9194825980657,34.2546530862151,莲湖区,108.924088,34.253034
B0FFGH371Z,迦家HOME酒店(西安朝阳门城墙永兴坊店)(尚爱路分店),住宿服务;宾馆酒店;宾馆酒店|餐饮服务;咖啡厅;咖啡厅,108.9640616444936,34.27057989198697,新城区,108.968789,34.269044
B0FFGCBK4G,潮汕铺(甜水井店),餐饮服务;中餐厅;广东菜(粤菜)|餐饮服务;中餐厅;潮州菜,108.92801089211694,34.25760648974245,莲湖区,108.932632,34.255997
B0FFGB8VYV,锦记老铜锅(玉祥门店),餐饮服务;中餐厅;火锅店,108.92144472969169,34.275254136367145,莲湖区,108.926055,34.273645
B0FFG9S03I,鱼玩主题火锅餐厅,餐饮服务;中餐厅;火锅店,108.93298677660128,34.24886350250511,碑林区,108.937618,34.247257
B0FFG4JW4M,老安家·安老大传统糕点,餐饮服务;糕饼店;糕饼店,108.93432742476271,34.26390067876722,莲湖区,108.938963,34.262302
B0FFFR0G3R,Isola del Nord意大利餐厅(钟楼店),餐饮服务;外国餐厅;西餐厅(综合风味)|餐饮服务;外国餐厅;意式菜品餐厅,108.94170132979004,34.26654379334791,莲湖区,108.946356,34.264958
B0FFFP3217,凤翔改改豆花泡馍(双仁府街总店),餐饮服务;中餐厅;中餐厅,108.9255519737742,34.254892320845016,莲湖区,108.930168,34.253279
B0FFFDKO2S,吉利砂锅烤肉涮牛肚(南坊巷小区店),餐饮服务;中餐厅;中餐厅,108.96443016528168,34.27207434954239,新城区,108.969159,34.27054
B0FFF9WG0Z,阿龙烧烤(小南门一店),餐饮服务;中餐厅;特色/地方风味餐厅,108.93170126659524,34.25418918944367,碑林区,108.93633,34.252583
B0FFF65CC7,金彤川菜(西稍门店),餐饮服务;中餐厅;四川菜(川菜),108.91532422222164,34.26063865455897,莲湖区,108.919924,34.259019
B0FFF64YLB,广鑫斋卤鸡店(振兴路店),餐饮服务;中餐厅;清真菜馆,108.9381689873545,34.2508049666301,碑林区,108.942813,34.249207
B0FFF4AZXD,门师傅香辣土豆片夹馍(北柳巷),餐饮服务;餐饮相关场所;餐饮相关,108.94739452755968,34.25940204349065,碑林区,108.952065,34.257824
B001D135PG,浙江台州海鲜餐厅(民乐园文化街店),餐饮服务;中餐厅;海鲜酒楼,108.96110161449084,34.2676074346601,新城区,108.965818,34.266063
B001D0W02U,宽坐(建国门店),餐饮服务;中餐厅;火锅店,108.96399240460688,34.252206395728194,碑林区,108.968718,34.250663
B001D075BL,杨凌蘸水面(尚勤路店),餐饮服务;中餐厅;中餐厅,108.96236658670723,34.27348592912862,新城区,108.967088,34.271947
B001D06P2B,清真.李家串串(回民街店),餐饮服务;中餐厅;清真菜馆,108.93104286883964,34.26483983425458,莲湖区,108.935671,34.263237
B0MAZXF4NO,蜜雪冰城(洒金桥小学店),餐饮服务;冷饮店;冷饮店,108.92816163201223,34.269399581093424,莲湖区,108.932784,34.267795
B0LDALG0OF,绝味鸭脖(桥梓口地铁站店),餐饮服务;餐饮相关场所;餐饮相关,108.9226039022982,34.26075996313375,莲湖区,108.927215,34.259146
B0FFJZTKCB,景德牛羊肉泡馍馆(汇鑫家园南区店),餐饮服务;中餐厅;清真菜馆,108.92607318572604,34.26462189358169,莲湖区,108.930691,34.263013
B0FFJET9D2,亼亼一生,餐饮服务;咖啡厅;咖啡厅,108.92171200928657,34.253733553903935,莲湖区,108.926321,34.252116
B0FFIXMK4G,智刚烤肉纸包鱼,餐饮服务;中餐厅;中餐厅,108.92379106207687,34.24488800431219,碑林区,108.928403,34.243269
B0FFIW5YIN,小贝壳海鲜酒楼(西荷花园店),餐饮服务;中餐厅;海鲜酒楼,108.92038853545392,34.23733597120393,碑林区,108.924994,34.235711
B0FFITEZ3F,雪花满满(华清广场店),餐饮服务;外国餐厅;日本料理,108.95968672433447,34.24199688622819,碑林区,108.964396,34.240439
B0FFIDJ8EK,朝花里川菜小馆( 凯德广场店 ),餐饮服务;中餐厅;中餐厅,108.93168719906812,34.23063413631699,雁塔区,108.936314,34.229019
B0FFI0GZ9U,叁味儿延安串串工厂店,餐饮服务;中餐厅;火锅店,108.96194049944864,34.26890785405274,新城区,108.96666,34.267366
B0FFHSFLWU,大東北精工水饺(皇城西路店),餐饮服务;中餐厅;特色/地方风味餐厅,108.94643775050982,34.26722377740727,新城区,108.951106,34.265647
B0FFHM0LHY,二怪裤带面(四府街店),餐饮服务;中餐厅;中餐厅,108.93119307748928,34.2581493063645,莲湖区,108.935821,34.256544
B0FFHDD7FE,福顺斋灌汤包子,餐饮服务;中餐厅;中餐厅,108.96111988586716,34.263494049305336,新城区,108.965836,34.261948
B0FFH2WB57,松鼠家Coffee,餐饮服务;咖啡厅;咖啡厅,108.95679078809032,34.253833127458854,碑林区,108.961491,34.252273
B0FFGX9Q2P,玉涮坊老北京涮羊肉(文艺路店),餐饮服务;中餐厅;火锅店,108.948275895594,34.246632271006426,碑林区,108.952948,34.245051
B0FFGM0W55,虎家烤肉(民乐园店),餐饮服务;中餐厅;清真菜馆,108.9646826325644,34.267204695825626,新城区,108.969412,34.265669
B0FFGL1LJI,清真·唯真楼(光明小区店),餐饮服务;中餐厅;清真菜馆,108.93378751045688,34.2662365145936,莲湖区,108.938422,34.264638
B0FFGJU2BE,西泰厚泡馍馆,餐饮服务;中餐厅;清真菜馆,108.90824866884206,34.23276454073231,雁塔区,108.912838,34.231131
B0FFGFTVQF,老南院门葫芦头(糖坊街店),餐饮服务;中餐厅;特色/地方风味餐厅,108.93840938331132,34.2753207546281,莲湖区,108.943056,34.273733
B0FFGCTMPM,百碗香黄焖鸡排骨米饭(光华路店),餐饮服务;快餐厅;快餐厅,108.91325929474398,34.230843216728495,雁塔区,108.917854,34.229211
B0FFG9T6RG,九客三悦city·wall(小南门店),餐饮服务;茶艺馆;茶艺馆,108.93318094176335,34.25364637482166,碑林区,108.937813,34.252042
B0FFFQ5MNV,西羊市,购物服务;特色商业街;特色商业街|餐饮服务;餐饮相关场所;餐饮相关,108.9389229110694,34.26470525041958,莲湖区,108.94357,34.263114
B0FFFLDEGJ,兰家尔奈斯大盘鸡,餐饮服务;中餐厅;清真菜馆,108.93832914424333,34.26848169014286,莲湖区,108.942975,34.266891
B0FFFHALBW,Ginkgo银杏西餐厅(建大店),餐饮服务;外国餐厅;外国餐厅,108.96387720580864,34.235373089497834,碑林区,108.968601,34.233823
B0FFFA8V2L,老车家牛羊肉泡馍馆(大差市店),餐饮服务;中餐厅;清真菜馆,108.95656619697846,34.25818893076162,碑林区,108.961266,34.25663
B0FFFA8V27,山城纸包鱼川竹签烤肉店,餐饮服务;中餐厅;特色/地方风味餐厅,108.9509098092646,34.257728545934235,碑林区,108.955591,34.256157
B0FFF9WKWW,老白家面馆(测绘东路总店),餐饮服务;中餐厅;中餐厅,108.95535591012197,34.23821937023237,碑林区,108.96005,34.23665
B0FFF9WEVS,昕元饺子馆(长征·左邻右舍店),餐饮服务;中餐厅;特色/地方风味餐厅,108.95225436810864,34.24725077048967,碑林区,108.956939,34.245678
B0FFF9WD56,李老十腊牛肉夹馍(建设西路店),餐饮服务;中餐厅;清真菜馆,108.9574140255604,34.2370590976153,碑林区,108.962115,34.235494
B0FFF65DG6,清真三巧特色炒面,餐饮服务;中餐厅;清真菜馆,108.95002427619733,34.23705533369349,碑林区,108.954701,34.235474
B0FFF65CWU,西北老马家,餐饮服务;中餐厅;清真菜馆,108.93131512695194,34.25418870311024,莲湖区,108.935943,34.252582
B0FFF64X2H,喜地花生,餐饮服务;餐饮相关场所;餐饮相关,108.92211132755384,34.25369720569581,莲湖区,108.926721,34.25208
B001D0WYJL,高家烤肉(回民街店),餐饮服务;中餐厅;特色/地方风味餐厅,108.93812485762992,34.26616096002793,莲湖区,108.94277,34.264569
B001D0WLKE,白鹿原猪蹄坊,餐饮服务;中餐厅;中餐厅,108.91938396541748,34.25202319123083,碑林区,108.923989,34.250403
B001D0WKXP,同盛斋牛羊肉泡馍(唐人街店),餐饮服务;中餐厅;清真菜馆,108.92548771937454,34.25957154388561,莲湖区,108.930104,34.25796
B001D0W8ZT,张大羊肉面馆,餐饮服务;中餐厅;西北菜,108.94974402484186,34.27547978966894,新城区,108.954423,34.273913
B001D09I3V,老安家肉丸糊辣汤牛肉夹馍(红缨路店),餐饮服务;中餐厅;清真菜馆,108.93146648719932,34.245559839332536,碑林区,108.936094,34.24395
B001D08UZM,马老虎炒菜烤鸭店(民乐新都会店),餐饮服务;中餐厅;清真菜馆,108.96058760662882,34.265636479091896,新城区,108.965302,34.26409
B001D08CYD,清真·宏顺祥卤汁凉粉,餐饮服务;中餐厅;清真菜馆,108.93431628012245,34.26601684276263,莲湖区,108.938952,34.264419
B001D08BJN,李老三腊牛肉夹馍(边家村店),餐饮服务;中餐厅;清真菜馆,108.91860401688366,34.24159679555105,碑林区,108.923207,34.239972
B001D08B6T,东北熏肉大饼(大学南路店),餐饮服务;中餐厅;东北菜,108.91810228878248,34.24770084349809,碑林区,108.922705,34.246078
B001D07VZF,伊古斋黄桂柿子饼(回民街店),购物服务;综合市场;果品市场|购物服务;专卖店;专营店|餐饮服务;糕饼店;糕饼店,108.93913237437386,34.26457695742321,莲湖区,108.94378,34.262986
B001D06WQZ,盛家酿皮,餐饮服务;中餐厅;清真菜馆,108.93426328590598,34.26750031925306,莲湖区,108.938899,34.265903
B001D06KD1,惠记粉汤羊血(小南门店),餐饮服务;中餐厅;中餐厅,108.93130415306194,34.25416672620649,莲湖区,108.935932,34.25256
B001D02D5F,信和牛记·水饺,餐饮服务;中餐厅;特色/地方风味餐厅,108.964552663158,34.2482874980174,碑林区,108.96928,34.246744
B0FFJIU0VS,DirtyMind Coffee(西旅家属院店),餐饮服务;咖啡厅;咖啡厅,108.9328674012374,34.232142972993216,碑林区,108.937497,34.23053
B0FFJFSB71,西厢小酒馆(兴正元店),体育休闲服务;娱乐场所;酒吧|餐饮服务;中餐厅;中餐厅,108.94649236209786,34.25770148073722,碑林区,108.95116,34.256121
B0FFJ23VJ0,东南亚甑糕(西安市大学习巷清真寺寺产住宅区店),餐饮服务;糕饼店;糕饼店,108.93445703995602,34.26484810954056,莲湖区,108.939093,34.26325
B0FFJ0VI5X,小贾八宝粥,餐饮服务;中餐厅;清真菜馆,108.9356460658077,34.266166817323345,莲湖区,108.940285,34.264571
B0FFHLOI70,乌家茂盛斋酱香烧鸡,餐饮服务;餐饮相关场所;餐饮相关,108.9384927052186,34.26868934073275,莲湖区,108.943139,34.267099
B0FFHHSWC7,辣呦川菜·麻麻鱼(安东街店),餐饮服务;中餐厅;中餐厅,108.9644521249249,34.2471781790329,碑林区,108.969179,34.245634
B0FFHFKRQD,清真拉妈卤味(回民街店),餐饮服务;餐饮相关场所;餐饮相关,108.93429434640262,34.26584094556326,莲湖区,108.93893,34.264243
B0FFH98HKL,清真芝麻开门餐厅,餐饮服务;外国餐厅;西餐厅(综合风味),108.93433140722463,34.2640006328501,莲湖区,108.938967,34.262402
B0FFH3182E,老安家安建坡传统糕点(桥梓口店),餐饮服务;糕饼店;糕饼店,108.92801986692338,34.25769144562332,莲湖区,108.932641,34.256082
B0FFH2ETB4,元元糊辣汤,餐饮服务;中餐厅;清真菜馆,108.934634417627,34.26731085599298,莲湖区,108.939271,34.265714
B0FFGCSY0Y,贾五油糊馅,购物服务;综合市场;农副产品市场|餐饮服务;餐饮相关场所;餐饮相关,108.93832319495137,34.26804487722445,莲湖区,108.942969,34.266454
B0FFGCBMJ1,何老二卤汁凉粉,餐饮服务;中餐厅;清真菜馆,108.92801941701074,34.2632802224395,莲湖区,108.932641,34.261673
B001D09HQM,西安皇后大酒店,住宿服务;宾馆酒店;四星级宾馆|餐饮服务;餐饮相关场所;餐饮相关,108.9840064673558,34.26162865124145,碑林区,108.988812,34.260144
B0FFH2CJMY,老北京香酥芝麻面包饼(省建材院家属院店),餐饮服务;餐饮相关场所;餐饮相关,108.99478045817764,34.276637346803966,新城区,108.999633,34.275191
B0FFJZNQRU,1949茶餐厅,餐饮服务;快餐厅;快餐厅,108.97770140092064,34.23806895910205,雁塔区,108.982479,34.236557
B0FFF4RUZB,金世纪中餐厅(陕西世纪金源大饭店),餐饮服务;中餐厅;中餐厅,109.00634134858772,34.244913908453064,新城区,109.011241,34.24349
B0FFJ0A7HA,清真疆域客椒麻鸡体验店,餐饮服务;餐饮相关场所;餐饮相关,108.9711886130772,34.25876202684542,碑林区,108.975942,34.25724
B0FFILKJ11,辣妹子家常菜(公园南路店),餐饮服务;中餐厅;中餐厅,109.00139252580524,34.25818375609944,新城区,109.006272,34.25675
B0FFGHIGCH,捞一碗biangbiang面(交大店),餐饮服务;快餐厅;快餐厅,108.98388229052928,34.24589016606173,碑林区,108.988686,34.244399
B0FFGDC4FI,海中鲜广场,餐饮服务;中餐厅;海鲜酒楼,109.00357709558452,34.24650467075426,新城区,109.008465,34.245073
B001D072EA,小蓝鲸咖啡园(黄河温泉小区店),餐饮服务;咖啡厅;咖啡厅,109.0128314550811,34.27125402884684,新城区,109.017761,34.26986
B001D0204F,小皇后酒楼(兴庆路店),餐饮服务;中餐厅;综合酒楼,108.98380238521116,34.26084056370285,碑林区,108.988607,34.259355
B0FFHTTXTY,东岸茶坊(新东尚店),餐饮服务;茶艺馆;茶艺馆,109.0147532438544,34.26066361774273,新城区,109.01969,34.259271
B0FFFPIAGZ,清真·胡弄巷·烧烤涮锅(西延路店),餐饮服务;中餐厅;清真菜馆,108.9705375079362,34.22999274408582,雁塔区,108.975286,34.228458
B0FFF70GBD,朝阳美食城(白马品牌服饰批发广场店),餐饮服务;中餐厅;中餐厅,108.97034880266824,34.271791034881595,新城区,108.9751,34.270272
B001D08C4L,咪咪小面,餐饮服务;中餐厅;四川菜(川菜),108.96802714687036,34.242154878357645,碑林区,108.972767,34.240618
B0FFIRC5DS,新兴诺富特酒店餐厅(新兴广场店),餐饮服务;中餐厅;中餐厅,108.98806935156568,34.2618065653561,碑林区,108.992892,34.260334
B0FFHO0CVF,小草大排档(红锋时代广场店),餐饮服务;中餐厅;中餐厅,108.98760758853436,34.24637297709042,碑林区,108.992427,34.244893
B0FFHKUTHM,老北京果木烤鸭(咸宁中路店),餐饮服务;中餐厅;中餐厅,109.00545847506946,34.25281952934859,新城区,109.010355,34.251396
B0FFHEILX2,上道素食,餐饮服务;中餐厅;中式素菜馆,108.9755247751948,34.26721072743448,碑林区,108.980296,34.265704
B0FFGIMFN9,樊永平梆梆肉,餐饮服务;餐饮相关场所;餐饮相关,108.97122218276638,34.238084901875496,碑林区,108.975974,34.236555
B0FFFFD92A,金花大酒店风和轩中餐厅,餐饮服务;餐饮相关场所;餐饮相关,108.98991883179356,34.26979381482623,新城区,108.99475,34.26833
B001D14X4J,新川人王大馅馄饨(公园北路店),餐饮服务;中餐厅;特色/地方风味餐厅,109.00137910104264,34.27587063387627,新城区,109.00626,34.274444
B001D11DBA,河南方城羊肉烩面(中山门小区店),餐饮服务;中餐厅;中餐厅,108.96549176966096,34.265517316688815,新城区,108.970224,34.263983
B0FFG06SFD,山楂日记冰糖葫芦(长乐中路店),购物服务;购物相关场所;购物相关场所|餐饮服务;餐饮相关场所;餐饮相关,108.9978597070786,34.270664470241506,新城区,109.002725,34.269225
B0FFI5J0LJ,薛小厨陕菜馆,餐饮服务;中餐厅;中餐厅,108.989098185048,34.25942144425571,碑林区,108.993925,34.257951
B0FFG775X2,秦烹居澄城水盆羊肉,餐饮服务;中餐厅;广东菜(粤菜),108.99104453681936,34.27574498943697,新城区,108.995881,34.274287
B0FFF652GQ,薛家米皮店(张家坡村分店),餐饮服务;中餐厅;中餐厅,109.0226291989597,34.25431534414573,灞桥区,109.027598,34.252943
B0L21HSX88,一粉一城新疆炒米粉(海伦国际店),餐饮服务;中餐厅;中餐厅,109.00284141849664,34.23271409061398,雁塔区,109.007725,34.231275
B0K6JHTUC0,袁丽辉胖子烧烤(纯翠花园店),餐饮服务;餐饮相关场所;餐饮相关,108.98298634044822,34.23000573507981,雁塔区,108.987785,34.228506
B0FFFDNVFF,西瑞面条店(紫铭路),餐饮服务;中餐厅;中餐厅,109.01354933388365,34.27228747547233,新城区,109.018482,34.270896
B0FFFF9JE0,游来游去酸菜鱼(盛世芳洲·金座店),餐饮服务;中餐厅;中餐厅,108.9997961750136,34.23704573234003,雁塔区,109.004667,34.235599
B001D06OQ6,清真老铁家灌汤包,餐饮服务;餐饮相关场所;餐饮相关,108.9734575681444,34.26042118361063,碑林区,108.97822,34.258906
B0MBORY49G,鸭头功,餐饮服务;餐饮相关场所;餐饮相关,108.97849328385294,34.261040832154144,碑林区,108.983276,34.25954
B0MAMO86OY,东北小二东北菜(火炬路店),餐饮服务;中餐厅;中餐厅,108.9982100993921,34.247922427857795,碑林区,109.003075,34.246475
B0MAG708N9,蔓味轻食:龙湖香醍天街店,餐饮服务;快餐厅;快餐厅,109.02499207640788,34.26129095871979,灞桥区,109.029971,34.259928
B0L0GA38ZI,桃酥大王中式糕点(炮房街店),餐饮服务;糕饼店;糕饼店,108.96803749664151,34.261775220217444,碑林区,108.972779,34.260246
B0KUUNPCJB,吾餐时间(馨雅园店),餐饮服务;中餐厅;中餐厅,108.97840027928916,34.24146969435608,碑林区,108.983181,34.239961
B0JRA9RPNC,S-pizza披萨速递(长乐公园店),餐饮服务;快餐厅;快餐厅,108.99268238072294,34.265582213611665,碑林区,108.997525,34.264125
B0JK7UR0ST,美禧家的炸鸡(建东街店),餐饮服务;快餐厅;快餐厅,108.96864333992814,34.247739125550325,碑林区,108.973386,34.246206
B0JD75B8MV,三只熊披萨,餐饮服务;外国餐厅;西餐厅(综合风味),108.99193559290003,34.26538454416827,碑林区,108.996775,34.263925
B0FFG0YFAM,小辣椒川菜馆(东盛北路店),餐饮服务;中餐厅;四川菜(川菜),109.02214751947804,34.250043370885734,新城区,109.027114,34.248668
B0FFH27TRC,好吃嘴川菜(缤纷鸟大厦店),餐饮服务;中餐厅;四川菜(川菜),108.96736187326488,34.23966855714503,碑林区,108.972099,34.238129
B0FFF6539Y,要德鱼庄平价川菜,餐饮服务;中餐厅;海鲜酒楼,109.02409340971948,34.25276982696536,新城区,109.029068,34.251401
B0FFI8V6YY,轩吟辕棋牌茶艺(新光小区店),餐饮服务;茶艺馆;茶艺馆,109.00131282745974,34.25868280072729,新城区,109.006192,34.257249
B0FFI2DV6X,八珍香卤肉烧鸡店,餐饮服务;餐饮相关场所;餐饮相关,108.9657971074328,34.24752161957244,碑林区,108.970529,34.245981
B0FFHPN0DU,老丁家糊辣汤水煎包(东关总店),餐饮服务;中餐厅;清真菜馆,108.9709107249523,34.25839092326931,碑林区,108.975663,34.256868
B0FFFTI2BZ,永兴坊·贵妃龙须酥,餐饮服务;餐饮相关场所;餐饮相关,108.9654627896988,34.26658795839723,新城区,108.970195,34.265054
B0FFIL8TJI,河南水煎包(五道十字店),餐饮服务;中餐厅;中餐厅,108.9702026813336,34.26798397985409,碑林区,108.974953,34.266463
B0FFG0SOIG,西安粘糕甑糕,餐饮服务;糕饼店;糕饼店,108.96528643449662,34.26672235465432,新城区,108.970018,34.265188
B001D076YS,尤素福一分利烤肉店,餐饮服务;中餐厅;特色/地方风味餐厅,108.97611659833726,34.26479204785043,碑林区,108.98089,34.263286
B0FFG1EELP,雁翔茶庄,餐饮服务;茶艺馆;茶艺馆,108.98622723297916,34.236511801048366,雁塔区,108.99104,34.235024
B0MGXOYUQV,瑞幸咖啡(友谊东路店),餐饮服务;咖啡厅;咖啡厅,108.97032032063656,34.24250966111857,碑林区,108.975069,34.240979
B0MBGZ34OC,岁甜法式生日蛋糕美学院(新城店),餐饮服务;糕饼店;糕饼店,109.00189177152892,34.26537536790999,新城区,109.006774,34.263946
B0MB2125IY,佰签友·西航串串(韩森路店),餐饮服务;餐饮相关场所;餐饮相关,109.00407077640564,34.26074261128748,新城区,109.008962,34.259318
B0M6FHZNT4,宝岛便当(西安碑林店),餐饮服务;快餐厅;快餐厅,108.98060659247454,34.261429620247,碑林区,108.985398,34.259935
B0LG37DAQG,渝有味·重庆巫山纸包鱼(张坡村店),餐饮服务;餐饮相关场所;餐饮相关,109.02352354942812,34.254638695683454,灞桥区,109.028496,34.253269
B0LG1S4JDU,妙侬粥店(西安新城店),餐饮服务;餐饮相关场所;餐饮相关,108.99735844480404,34.27570391762117,新城区,109.002222,34.274265
B0L1ZHMUL4,S-pizza披萨速递(太乙城店),餐饮服务;快餐厅;快餐厅,108.97109318768044,34.23196852234801,碑林区,108.975844,34.230436
B0L1H1YUJN,蜀渝拌·重庆凉拌菜((金花路店)),餐饮服务;餐饮相关场所;餐饮相关,108.99224226096354,34.2536252873885,碑林区,108.997082,34.252162
B0L1CS4X27,肯德基车速取餐点(学府首座店),餐饮服务;餐饮相关场所;餐饮相关,108.9835527159443,34.2452873617717,碑林区,108.988355,34.243795
B0L1BSYFT5,好客士便利店(延兴门一路店),餐饮服务;餐饮相关场所;餐饮相关,109.00170532781276,34.232517612848284,雁塔区,109.006584,34.231075
B0L0SRKYCB,太吉哥黄金锅巴饭,餐饮服务;快餐厅;快餐厅,108.9727624839797,34.27047203728085,新城区,108.977523,34.268959
B0KRCOGBOW,巧厨娘(索罗巷店),餐饮服务;中餐厅;中餐厅,108.97337679734704,34.261516969110765,碑林区,108.978139,34.260002
B0KR1RSB81,许个愿望生日蛋糕,餐饮服务;糕饼店;糕饼店,108.9913331891286,34.26512346234651,碑林区,108.99617,34.263662
B0KAXUDQDV,沙县小吃(融创东方宸院店),餐饮服务;中餐厅;特色/地方风味餐厅,109.00795917527064,34.25966328549784,新城区,109.012867,34.25825
B0KAC70R6D,Spring椿日动物奶油·生日蛋糕·冰淇淋(碑林店),餐饮服务;糕饼店;糕饼店,108.97118491734642,34.255238425839686,碑林区,108.975938,34.253715
B0KA2YEHNQ,罗记糕点(公园南路店),餐饮服务;糕饼店;糕饼店,109.00140756202563,34.25697818641736,新城区,109.006287,34.255544
B0K2XL812P,箐筳荷叶烤鸡(新城店),餐饮服务;餐饮相关场所;餐饮相关,108.99228837912116,34.26184090327158,碑林区,108.997129,34.260381
B0J3DHL1TV,盒子家甜品蛋糕(大雁塔店),餐饮服务;甜品店;甜品店,108.96675452316116,34.23528777430934,碑林区,108.971489,34.233745
B0H6P1UWX6,金马鸡汤刀削面(东等幸福新城店),餐饮服务;中餐厅;中餐厅,109.01921403593238,34.23246640838131,雁塔区,109.024167,34.231076
B0H2R42C4V,逍遥镇胡辣汤(西延路店),餐饮服务;快餐厅;快餐厅,108.97042489423964,34.23060082331428,碑林区,108.975173,34.229066
B0FFMHUGQA,叫了只炸鸡(碑林区总店),餐饮服务;餐饮相关场所;餐饮相关,108.9789802089455,34.262104018956784,碑林区,108.983765,34.260605
B0FFKW8AFU,包鲜森(祭台新苑店),餐饮服务;快餐厅;快餐厅,108.97127249209574,34.23193704978082,碑林区,108.976024,34.230405
B0FFKQAW2K,iST丝路情(陕烟直营兴庆店),餐饮服务;中餐厅;中餐厅,108.98370110765572,34.24515697712578,碑林区,108.988504,34.243665
B0FFJN0TDV,好口福营养快餐,餐饮服务;快餐厅;快餐厅,108.9701808882834,34.26649264245179,碑林区,108.974931,34.264971
B0FFJG17AQ,沙县小吃(榆兰酒店店),餐饮服务;中餐厅;中餐厅,108.9849915858462,34.270752069553424,新城区,108.989802,34.269274
B0FFH1FIPL,丰润剪刀面(西影路店),餐饮服务;中餐厅;中餐厅,108.99323362948306,34.23426066719555,雁塔区,108.998076,34.232793
B0FFGC2FZL,吴升凉皮(东关南街店),餐饮服务;中餐厅;中餐厅,108.97076128342432,34.25866021900899,碑林区,108.975513,34.257137
B0FFJ1CXMK,阿晴煲仔饭(交大店),餐饮服务;中餐厅;中餐厅,108.9879082324722,34.24738169530886,碑林区,108.992729,34.245903
B0FFGG77WF,小赵烤肉(新东尚店),餐饮服务;中餐厅;清真菜馆,109.01473927016752,34.26104750603201,新城区,109.019676,34.259655
B0FFJTHV21,马奎胡辣汤(嘉惠公寓店),餐饮服务;中餐厅;中餐厅,109.00456862586876,34.26084806036009,新城区,109.009462,34.259425
B0FFGF9KBU,辣呦川菜·麻麻鱼(南二环店),餐饮服务;中餐厅;中餐厅,108.97304120025204,34.2362846240282,碑林区,108.9778,34.234759
B001D0700B,王记葫芦头梆梆肉,餐饮服务;中餐厅;中餐厅,109.00138101094406,34.252985832405784,新城区,109.00626,34.25155
B0FFHV6L3V,赛莉牛羊肉,购物服务;综合市场;农副产品市场|餐饮服务;餐饮相关场所;餐饮相关,109.00206555985132,34.25896840117496,新城区,109.006948,34.257537
B0FFH3NL7N,诚茂和梆梆肉葫芦头(韩森东路店),餐饮服务;中餐厅;中餐厅,109.01740817708566,34.2601800276909,新城区,109.022356,34.258795
B0FFH8NGA2,稻香烤鸭(幸福西津购物广场店),餐饮服务;餐饮相关场所;餐饮相关,109.00880280241668,34.24498845974336,新城区,109.013713,34.243572
B0FFFFTEH8,聚湘源蒸菜(康复路店),餐饮服务;中餐厅;湖南菜(湘菜),108.97974846539456,34.269338899778255,新城区,108.984537,34.267845
B0FFI2K3HL,清真老马家粽子店,餐饮服务;甜品店;甜品店,108.966626002529,34.24752948005852,碑林区,108.971361,34.245991
B0FFHGRIRI,陕北吴二羊肉面,餐饮服务;中餐厅;中餐厅,109.01944237434527,34.252774047669426,新城区,109.024398,34.251392
B0FFFA8JQU,绿瑞馍店,餐饮服务;餐饮相关场所;餐饮相关,108.988130239238,34.248019788628284,碑林区,108.992952,34.246542
B0FFJDLNVQ,串客实验室油炸串串(老钢厂店),餐饮服务;快餐厅;快餐厅,109.01638449001048,34.24784084291025,新城区,109.021327,34.246448
B0FFF659ZK,渭南时辰包子(超英·长乐家园店),餐饮服务;餐饮相关场所;餐饮相关,108.98020293305484,34.26530222992996,碑林区,108.984993,34.263808
B0FFI0VB5N,玖号茶馆,餐饮服务;茶艺馆;茶艺馆,108.96544026654848,34.24960073255144,碑林区,108.970171,34.24806
B0FFHM98EI,蘸水裤带面,餐饮服务;中餐厅;中餐厅,108.969520976661,34.24772080644184,碑林区,108.974267,34.24619
B0FFH2NJO7,特色农家铁锅炖(公园南路店),餐饮服务;中餐厅;中餐厅,109.0078919733557,34.229807877448124,雁塔区,109.012797,34.228383
B0FFGUVGII,威海荣成海鲜(公园南路),餐饮服务;中餐厅;海鲜酒楼,109.0013492731483,34.251488511569335,新城区,109.006228,34.250052
B0FFGJNX6P,乡村扒鸡烤鸭店(铁路局市场),餐饮服务;餐饮相关场所;餐饮相关,108.97154088201351,34.238789775581886,碑林区,108.976294,34.237261
B0FFFAMZQL,红红鱼庄,餐饮服务;中餐厅;海鲜酒楼,109.01660847437417,34.26061318963187,新城区,109.021553,34.259226
B0FFFA8HU1,秦镇南街李家大米面皮(兴庆小区店),餐饮服务;中餐厅;中餐厅,108.98500517374936,34.26298017547677,碑林区,108.989815,34.261499
B0FFF65CGY,于记东关三鲜煮馍馆,餐饮服务;中餐厅;中餐厅,108.97357709607304,34.26040885959785,碑林区,108.97834,34.258894
B0FFF655PT,横山炖羊肉(鑫龙天然居店),餐饮服务;中餐厅;中餐厅,109.00046889827928,34.24156099116719,雁塔区,109.005343,34.240118
B0FFI1R9Q6,好享龙虾(咸宁路店),餐饮服务;中餐厅;海鲜酒楼,108.96949867608792,34.25242304640591,碑林区,108.974245,34.250894
B0FFI7R4DJ,赵家腊汁肉(乐居都会店),餐饮服务;中餐厅;中餐厅,108.97070992525296,34.253280472012655,碑林区,108.975461,34.251755
B0MGX5Y07B,美禧家的炸鸡(咸宁路店),餐饮服务;快餐厅;快餐厅,109.02258849528089,34.252771062429034,新城区,109.027557,34.251398
B0K2CA605L,明洞街韩国炸鸡(通化门店),餐饮服务;外国餐厅;日本料理,108.98834934967776,34.27161076374512,新城区,108.993174,34.270143
B0H1XM4C2V,岐味擀面皮岐山臊子面(西部商贸中心店),餐饮服务;中餐厅;中餐厅,108.97164982025862,34.27082992105333,新城区,108.976406,34.269314
B0FFMENBHZ,秦东老味时辰包子(东关南街店),餐饮服务;快餐厅;快餐厅,108.97057535237197,34.25443538227568,碑林区,108.975326,34.25291
B0FFGIF4ZB,伊月楼牛羊肉涮锅泡馍酸汤水饺,餐饮服务;中餐厅;特色/地方风味餐厅|餐饮服务;中餐厅;清真菜馆,109.00131399588486,34.25661261469803,新城区,109.006193,34.255178
B0FFFA8GFG,老马家酸汤水饺牛肉面,餐饮服务;中餐厅;清真菜馆,108.98029084005574,34.26205727929144,碑林区,108.985081,34.260562
B0FFH1BQZA,牛三涮烤(华山小区二十街坊店),餐饮服务;中餐厅;特色/地方风味餐厅,108.99796215739936,34.26000345698114,碑林区,109.002827,34.25856
B0FFIKG1TS,湖南蒸菜馆(紫铭路店),餐饮服务;中餐厅;中餐厅,109.01182164553175,34.272298605133926,新城区,109.016747,34.270902
B0FFH4UYMP,宏轩阁椒麻鸡(韩森寨分店),餐饮服务;中餐厅;中餐厅,109.0010986996721,34.2592872117234,新城区,109.005977,34.257853
B0L6R7O2NL,薛家米皮(海伦国际店),餐饮服务;餐饮相关场所;餐饮相关,108.9975155329536,34.230658025921024,雁塔区,109.002376,34.229202
B0L6BHYP3J,素若芳茶空间,餐饮服务;茶艺馆;茶艺馆,109.00522084026828,34.26062817256666,新城区,109.010117,34.259207
B0L2A93312,王蒸蒸手工鲜包,餐饮服务;快餐厅;快餐厅,109.0011225867596,34.25940609198942,新城区,109.006001,34.257972
B0K6R5DT10,小自在茶道馆(西部商贸中心店),餐饮服务;茶艺馆;茶艺馆,108.97134798411425,34.2710076655305,新城区,108.976103,34.269491
B0JUTZ8NPZ,长安茶院,餐饮服务;茶艺馆;茶艺馆,108.9889787725276,34.27047934788228,新城区,108.993806,34.269013
B0H2OGBMUF,乡间小调家常菜(陕钢115街坊南院店),餐饮服务;中餐厅;中餐厅,109.00128769223588,34.249653409658805,新城区,109.006166,34.248216
B0H2L560L7,欣欣热米皮,餐饮服务;中餐厅;中餐厅,109.01857533651092,34.260114663336864,新城区,109.023528,34.258733
B0FFK6MVAY,群丰冷饮烟酒店,购物服务;便民商店/便利店;便民商店/便利店|餐饮服务;餐饮相关场所;餐饮相关,108.96555484791118,34.237304113026255,碑林区,108.970285,34.235759
B0FFH2IGO8,王记葫芦头梆梆肉(柿园路分店),餐饮服务;中餐厅;中餐厅,108.97983980467576,34.26070611482306,碑林区,108.984628,34.259209
B0FFF658U1,东门夜市小吃(电力公司家属院店),餐饮服务;中餐厅;中餐厅,108.9680374876444,34.26188517633036,碑林区,108.972779,34.260356
B0FFF654VJ,小吴烤肉(公园北路),餐饮服务;中餐厅;特色/地方风味餐厅,109.00183630223115,34.27382209214666,新城区,109.006719,34.272396
B001D06UPQ,威海石岛海鲜(陕钢家属院店),餐饮服务;中餐厅;海鲜酒楼,109.00135626112429,34.2512725741879,新城区,109.006235,34.249836
B0FFIPJ78V,国食天香(友谊东路店),餐饮服务;中餐厅;四川菜(川菜),108.9702774338298,34.24315153250078,碑林区,108.975026,34.241621
B0FFIGA3SP,桥缘云南过桥米线(长乐坊店),餐饮服务;快餐厅;快餐厅,108.97644229697208,34.26467118206522,碑林区,108.981217,34.263166
B0FFGVZPWZ,臻未茶舍(建工路店),餐饮服务;茶艺馆;茶艺馆,109.0069477577991,34.244796121872575,新城区,109.01185,34.243374
B001D06DT3,东关老葫芦头泡馍(更新小区店),餐饮服务;中餐厅;中餐厅,108.97344646809904,34.262168517343525,碑林区,108.978209,34.260654
B0MGK9L034,老号刀削面,餐饮服务;中餐厅;中餐厅,109.01611025505534,34.25235389985029,新城区,109.021052,34.250962
B0LANRY0AC,好再来中式快餐(延兴门一路店),餐饮服务;快餐厅;快餐厅,108.99664929649526,34.23023481032597,雁塔区,109.001506,34.228776
B0L2J77JWT,刘福记面馆,餐饮服务;中餐厅;中餐厅,109.01140111815248,34.24042440644727,雁塔区,109.016322,34.239014
B0L1ZDMTY5,锅锅米线(西安交大店),餐饮服务;中餐厅;中餐厅,108.98397088521476,34.24631574342317,碑林区,108.988775,34.244825
B0KGCAVUA7,果子煎饼店,餐饮服务;餐饮相关场所;餐饮相关,108.96782723711148,34.238122921209815,碑林区,108.972566,34.236584
B0KDS7SPOT,川渝小厨(延兴门西路店),餐饮服务;中餐厅;中餐厅,108.99516961678138,34.23073311330023,雁塔区,109.00002,34.22927
B0KDGMGF6Q,赏书阁,购物服务;专卖店;书店|餐饮服务;餐饮相关场所;餐饮相关,108.99536488184997,34.26543716142873,碑林区,109.000219,34.263988
B0I21AOPOV,富祥面馆(华山小区二十街坊店),餐饮服务;中餐厅;中餐厅,109.00122816242248,34.259039916455,新城区,109.006107,34.257606
B0HRBCY3RC,白家手擀面旗舰店,餐饮服务;中餐厅;中餐厅,108.96831957702996,34.247718986633984,碑林区,108.973061,34.246185
B0G1A11QUF,汉中泊越热米皮,餐饮服务;中餐厅;中餐厅,108.99103427849307,34.26736745414726,碑林区,108.99587,34.265906
B0FFI9LF08,汉中热米皮高黄路店,餐饮服务;中餐厅;中餐厅,109.0135013265612,34.26293341176641,灞桥区,109.018433,34.261538
B0FFH45OOE,众合老碗面庄,餐饮服务;中餐厅;中餐厅,109.01941949885168,34.25241825222436,新城区,109.024375,34.251036
B0FFG4HBFY,老吕家牛羊肉店,餐饮服务;中餐厅;清真菜馆,108.99788283829804,34.26790452442721,新城区,109.002748,34.266464
B0FFIG4C92,陕北陕北风味(爱学路店),餐饮服务;中餐厅;中餐厅,109.00092879441397,34.25496043419349,新城区,109.005806,34.253524
B0FFHEK5MK,老陕幸福面屋(西安工业大学东家属院店),餐饮服务;中餐厅;特色/地方风味餐厅,108.99765780197326,34.26797317990638,新城区,109.002522,34.266532
B0FFFA8GVV,南七荞面饸饹手擀菠菜面(更新街店),餐饮服务;中餐厅;中餐厅,108.97366762756992,34.26174307852918,碑林区,108.978431,34.260229
B0FFGT183Q,东府时晨包子(高山流水·星币传说店),餐饮服务;中餐厅;中餐厅,108.99004827046406,34.257900202619126,碑林区,108.994879,34.256432
B0FFH9AN3I,高炉烧饼夹菜(建东街),餐饮服务;中餐厅;中餐厅,108.96973117328626,34.24764927404629,碑林区,108.974478,34.246119
B001D15LS8,仁义泡馍(东等幸福新城店),餐饮服务;中餐厅;清真菜馆,109.0190676408228,34.23246283239484,雁塔区,109.02402,34.231072
B0FFK2C921,茗门茶舍(翠庭大厦店),餐饮服务;茶艺馆;茶艺馆,108.98394544370656,34.252926263350936,碑林区,108.98875,34.251438
B0FFF65766,宝鸡擀面皮岐山面(更新街店),餐饮服务;中餐厅;中餐厅,108.97321339592688,34.26209018908422,碑林区,108.977975,34.260575
B0FFHZZZI8,牛记糊辣汤豆腐脑,餐饮服务;快餐厅;快餐厅,108.97242640465856,34.23890532506233,碑林区,108.977183,34.237379
B0MGODVTTD,徐州烧烤炭锅,餐饮服务;中餐厅;特色/地方风味餐厅,109.01415377407892,34.260576422089336,新城区,109.019088,34.259182
B0MGG94KFG,钢蛋臭豆腐(公园南路店),餐饮服务;快餐厅;快餐厅,109.00178004054084,34.255980447739745,新城区,109.006661,34.254547
B0MG6RIE8P,太来劲砂锅牛肚涮豆皮,餐饮服务;中餐厅;火锅店,108.99469865413607,34.230557603794075,雁塔区,108.999547,34.229093
B0MG358ZTG,钰泉茶斋,餐饮服务;茶艺馆;茶艺馆,108.9925536253116,34.26926111056481,新城区,108.997396,34.267805
B0MDA94EVN,麻嫂天府米线·笼笼肉夹馍(更新街店),餐饮服务;中餐厅;中餐厅,108.97337680751858,34.261393018532665,碑林区,108.978139,34.259878
B0MBK1RGAH,大东北小铁锅焖面,餐饮服务;中餐厅;中餐厅,108.98525746264268,34.24673380003993,碑林区,108.990067,34.245247
B0MAML6XWM,麦子园南京灌汤小笼包(华清学府城店),餐饮服务;中餐厅;中餐厅,109.01369092301836,34.24638933173708,新城区,109.018622,34.244988
B0M62MUOVH,老憨牛肉串串,餐饮服务;中餐厅;火锅店,108.977542842087,34.26474104926796,碑林区,108.982322,34.263239
B0M61HHW1B,开元风雅(兴庆宫公园店),餐饮服务;茶艺馆;茶艺馆,108.9768207216885,34.253144684369786,碑林区,108.981596,34.251636
B0LUORKHXU,福德顺北京烤鸭,餐饮服务;中餐厅;中餐厅,108.97077542334088,34.26844725432837,碑林区,108.975528,34.266928
B0LUMUBDWJ,木桑森林·轻食健康餐(通化门店),餐饮服务;中餐厅;中式素菜馆,108.98669558298552,34.26874885064871,碑林区,108.991513,34.267275
B0LKRD6GXL,雨田烤肉,餐饮服务;餐饮相关场所;餐饮相关,108.99568251372376,34.26546618719372,碑林区,109.000538,34.264018
B0LK2DQWGE,半岛南山新中式木糖醇冰淇淋动物奶油生日蛋糕,餐饮服务;糕饼店;糕饼店,109.00915677294088,34.251140028625535,新城区,109.014069,34.249727
B0LGBZUSK8,圆舜·食礼茶香,餐饮服务;中餐厅;中餐厅,108.9729031256028,34.231653717819974,碑林区,108.977661,34.230126
B0LDGZ3HSP,南京卤菜,餐饮服务;餐饮相关场所;餐饮相关,109.00137486148849,34.25508602973479,新城区,109.006254,34.253651
B0LDGA2Z9J,麦朵朵煎饼,餐饮服务;快餐厅;快餐厅,108.9987103416548,34.23120519607871,雁塔区,109.003576,34.229753
B0L2PPPT5M,阿口牛肚串串,餐饮服务;餐饮相关场所;餐饮相关,108.97006703762004,34.25786739484087,碑林区,108.974816,34.256342
B0L2NUHJ1F,贼拉香东北老饭盒(通化门店),餐饮服务;中餐厅;中餐厅,108.98682503390104,34.26878245303992,碑林区,108.991643,34.267309
B0L0MU9JUG,小何同学糖水,餐饮服务;甜品店;甜品店,108.98020920741148,34.23748401584841,碑林区,108.984997,34.235979
B0L0F97HZN,沙坡夜市街区集合店,餐饮服务;中餐厅;中餐厅,108.9882030608428,34.246453173125126,碑林区,108.993025,34.244975
B0KKMK5B0S,老吕家烧鸡酱牛肉(融创东方宸院南区店),餐饮服务;餐饮相关场所;餐饮相关,109.00535155617386,34.2573230867426,新城区,109.010248,34.255901
B0KBJDC06E,二嫂绝味烤面筋(大新巷小区店),餐饮服务;快餐厅;快餐厅,108.97226839822854,34.258674132621586,碑林区,108.977026,34.257155
B0KARCENRG,吉汁煲黄焖鸡米饭伞塔路店,餐饮服务;中餐厅;中餐厅,108.9855138093882,34.26573756706647,碑林区,108.990326,34.264259
B0KA3CSNS7,绿禾云南小锅米线店,餐饮服务;中餐厅;中餐厅,108.992760049544,34.26556498626405,碑林区,108.997603,34.264108
B0K3N9AHPZ,草木春秋·茶间(白马世纪广场店),餐饮服务;茶艺馆;茶艺馆,108.97023720898451,34.27210220622872,新城区,108.974988,34.270583
B0K2O70B62,朱朱家鸡汤刀削面,餐饮服务;中餐厅;中餐厅,108.9852339826159,34.26576338212218,碑林区,108.990045,34.264284
B0K1XG5M6Y,孙大大八戒葫芦头猪蹄坊,餐饮服务;中餐厅;中餐厅,108.99506114589784,34.229975719666,雁塔区,108.999911,34.228512
B0K1RO9FIF,朝禾米线王(伞塔路),餐饮服务;中餐厅;中餐厅,108.98523796952855,34.26571938812199,碑林区,108.990049,34.26424
B0JUUSJ64Y,馋小猫炸串拌饼夹馍(乐居场店),餐饮服务;餐饮相关场所;餐饮相关,108.9711587985884,34.24576016795632,碑林区,108.975911,34.244233
B0JKDH7B2J,值得相饺(建工路店),餐饮服务;中餐厅;综合酒楼,109.0060934797237,34.244110963709,雁塔区,109.010992,34.242686
B0JK7RTELF,艾轻甜蛋糕店,餐饮服务;糕饼店;糕饼店,108.99206929375325,34.26211245493152,碑林区,108.996909,34.260652
B0JASL63DH,重庆麻辣香酥鸭(公交三公司106家属院店),餐饮服务;中餐厅;中餐厅,109.00677406893296,34.24995466470906,新城区,109.011676,34.248534
B0J6BR0L6E,无忧茶书会馆,餐饮服务;茶艺馆;茶艺馆,108.9893484360773,34.231578339142885,雁塔区,108.994174,34.230098
B0J3ZPTKUH,江西煨汤(西京医院店),餐饮服务;中餐厅;中餐厅,108.98682785738298,34.27076363646467,新城区,108.991646,34.269291
B0J3CDBL9D,炫一桶现调鸡尾酒,餐饮服务;餐饮相关场所;餐饮相关,108.97265258364628,34.26237461158274,碑林区,108.977412,34.260858
B0J21SFO4A,东北烧烤(兴庆小区店),餐饮服务;中餐厅;特色/地方风味餐厅,108.98491654494102,34.262986433972415,碑林区,108.989726,34.261505
B0J0OX62NG,华寇味美饺子馆(梅园小区店),餐饮服务;中餐厅;特色/地方风味餐厅,108.99336804496276,34.234363223238006,雁塔区,108.998211,34.232896
B0J0HOUEYH,魏记葫芦头梆梆肉(祭台新苑店),餐饮服务;中餐厅;中餐厅,108.9716689395827,34.23200595129455,碑林区,108.976422,34.230475
B0J02UIY20,阿强乾县豆腐脑(古迹岭小区南区店),餐饮服务;餐饮相关场所;餐饮相关,108.97031425228263,34.255792550547426,碑林区,108.975064,34.254267
B0IRBAZ8K4,农家纯碱手工蒸馍店,餐饮服务;餐饮相关场所;餐饮相关,108.97114147163184,34.26271258108347,碑林区,108.975895,34.261192
B0IR3AJE2P,同洲月牙饼夹馍(建东街店),餐饮服务;餐饮相关场所;餐饮相关,108.96916434597378,34.2477297505097,碑林区,108.973909,34.246198
B0IK4HMF7P,简蛋J·EGG爆蛋吐司·咖啡·奶茶(东门店),餐饮服务;餐饮相关场所;餐饮相关,108.9764507115485,34.25923732916774,碑林区,108.981225,34.25773
B0ID7RSTAH,八珍香卤肉烧鸡凉菜店,餐饮服务;餐饮相关场所;餐饮相关,108.9701897424717,34.26784906925666,碑林区,108.97494,34.266328
B0ID77LE1E,郭先生凉皮炒面批发部,餐饮服务;快餐厅;快餐厅,108.99655168356504,34.23062896185141,雁塔区,109.001408,34.22917
B0IATO646N,兰州牛肉面(福邸铭门西区店),餐饮服务;中餐厅;中餐厅,109.01224888683174,34.25981937336223,新城区,109.017175,34.258419
B0I07DJ8AD,东方海鲜小镇(东方亿象城店),餐饮服务;中餐厅;浙江菜,108.97640002919223,34.269978150070195,新城区,108.981175,34.268475
B0FFFVG1CP,川湘园食居,餐饮服务;中餐厅;中餐厅,109.02973219038726,34.2399922629793,雁塔区,109.034728,34.238634
B001D0VWR3,陈二毛肥牛火锅(半坡路店),餐饮服务;中餐厅;火锅店,109.04544033826616,34.27401611072212,灞桥区,109.050496,34.27271
B0FFF652XP,四川豆花饭,餐饮服务;中餐厅;特色/地方风味餐厅,109.06724425022452,34.27355958290486,灞桥区,109.072362,34.272293
B0FFJZZCTO,仔仔川味小厨(雁鸣家园店),餐饮服务;餐饮相关场所;餐饮相关,109.03505363742065,34.23210429732304,雁塔区,109.040069,34.230757
B0FFGLVLN5,乌拉火锅(堤柳花园店),餐饮服务;中餐厅;火锅店,109.04327885184536,34.24831624847361,雁塔区,109.048325,34.246995
B0FFG51IWY,艺术咖啡馆,餐饮服务;咖啡厅;咖啡厅,109.05243916481874,34.27218713346735,灞桥区,109.057517,34.270895
B0FFJSCDF4,付老二美蛙鱼头火锅(西安首店),餐饮服务;中餐厅;火锅店,109.06846703286956,34.266851663358864,灞桥区,109.073587,34.265584
B0FFHSRHPH,北京老前门烤鸭(半坡店),餐饮服务;中餐厅;特色/地方风味餐厅,109.0495657522414,34.27597840555825,灞桥区,109.054635,34.274682
B0FFFFX1JS,老七涮烤坊,餐饮服务;中餐厅;清真菜馆,109.05770444915365,34.25310388191626,灞桥区,109.062796,34.251814
B0M6ALZCOZ,老孙家泡馍烧烤,餐饮服务;中餐厅;中餐厅,109.06815569127052,34.267392860550125,灞桥区,109.073275,34.266125
B0L1YCEU6B,霸碗盖码饭(西安白鹿原店),餐饮服务;快餐厅;快餐厅,109.07626382772511,34.2346650937184,灞桥区,109.081397,34.233394
B0L0RH4OEP,蜀辣二姨重庆凉拌菜(田家湾店),餐饮服务;快餐厅;快餐厅,109.03560482916548,34.252755071091606,雁塔区,109.040624,34.251417
B0FFJCXPTP,胖嫂靓蛙鱼火锅串串店(广厦水岸东方东岸店),餐饮服务;中餐厅;火锅店,109.04129044517607,34.26333997637503,灞桥区,109.046331,34.26202
B0MG1CTN9C,luckin coffee 瑞幸咖啡(弘知路店),餐饮服务;咖啡厅;咖啡厅,109.07578572814406,34.23451962561674,灞桥区,109.080918,34.233248
B0LK6AKDK8,冒大仙火锅冒菜(思源商业街店),餐饮服务;快餐厅;快餐厅,109.07614199368506,34.23534596157922,灞桥区,109.081275,34.234075
B0LACHD3RM,奋斗鸭(灞桥区龙湖香缇国际店),餐饮服务;餐饮相关场所;餐饮相关,109.03210404852597,34.263669770125105,灞桥区,109.037111,34.262327
B0FFJRWXFO,李佬八香猪蹄纺建路店,餐饮服务;餐饮相关场所;餐饮相关,109.05666938222436,34.27608549366348,灞桥区,109.06176,34.274803
B0FFIDDVYK,巧尚鲜剪刀面(暖山·西安店),餐饮服务;中餐厅;中餐厅,109.04335866108298,34.24735743396155,雁塔区,109.048405,34.246036
B0FFJCE64V,黄金树串串老火锅烤肉,餐饮服务;中餐厅;火锅店,109.03745607684294,34.2522916187684,雁塔区,109.042482,34.250958
B0FFJF4ZX9,相约成都饭儿,餐饮服务;中餐厅;中餐厅,109.06699405903836,34.27094700326725,灞桥区,109.072111,34.269679
B0MG99QG0W,陆东包子铺,餐饮服务;餐饮相关场所;餐饮相关,109.05862652425763,34.26894194855873,灞桥区,109.063722,34.26766
B0MB3HFEJG,池奈咖喱蛋包饭(白鹿原大学城店),餐饮服务;中餐厅;中餐厅,109.0762319057092,34.234445206905306,灞桥区,109.081365,34.233174
B0MAMU6PLZ,张亮麻辣烫(西安幸福里购物中心店),餐饮服务;中餐厅;火锅店,109.05140804993178,34.27533989321611,灞桥区,109.056483,34.274047
B0LU7X102S,至尊比萨·中国披萨(龙湖店),餐饮服务;快餐厅;快餐厅,109.03236342200567,34.25943877965685,灞桥区,109.037371,34.258095
B0L3NUDFSG,紫燕百味鸡(西安东月路店),餐饮服务;快餐厅;快餐厅,109.03443601115065,34.23126518242312,雁塔区,109.039449,34.229916
B0L1ACJ9I8,寂寞的鸭子(纺三路店),餐饮服务;餐饮相关场所;餐饮相关,109.0586783915066,34.26882790479051,灞桥区,109.063774,34.267546
B0L0713Y90,爷爷不泡茶NOYEYENOTEA(西安思源商业街店),餐饮服务;冷饮店;冷饮店,109.07637446945544,34.23644532218147,灞桥区,109.081508,34.235175
B0KUDN9W9O,千里香馄饨王(龙湖店),餐饮服务;中餐厅;中餐厅,109.03069985095556,34.258740440513286,灞桥区,109.035701,34.257392
B0KBFCU3TM,重庆麻辣烫,餐饮服务;中餐厅;中餐厅,109.0758914885346,34.235005338685426,灞桥区,109.081024,34.233734
B0KASSN1E7,奋斗鸭,餐饮服务;餐饮相关场所;餐饮相关,109.0261537674361,34.269190556064814,灞桥区,109.031138,34.267834
B0JKPCZLJP,江川右·一家有态度的粥铺(奥园店),餐饮服务;中餐厅;中餐厅,109.02710173616406,34.26064039352024,灞桥区,109.032089,34.259283
B0JARR57G6,舞动奶油网红(Dance Cream)生日蛋糕灞桥店,餐饮服务;糕饼店;糕饼店,109.02653923528602,34.26920049018148,灞桥区,109.031525,34.267845
B0GRP5KWIB,绝味鸭脖(龙湖香醍店),餐饮服务;餐饮相关场所;餐饮相关,109.03371237660151,34.25876554318498,灞桥区,109.038725,34.257425
B0G2C78X29,江渔儿酸菜鱼馆(白鹿原SOLO街区店),餐饮服务;中餐厅;中餐厅,109.07504031757536,34.23243616186612,灞桥区,109.080171,34.231163
B0FFMBI4ZX,刘老大面馆(林河世家店),餐饮服务;中餐厅;中餐厅,109.06698246422448,34.26658579393117,灞桥区,109.072099,34.265316
B0FFGIFU4N,北澳川菜烧烤,餐饮服务;中餐厅;中餐厅,109.07607412686338,34.2352600611083,灞桥区,109.081207,34.233989
B0FFF653EU,老关中陕菜主题餐厅,餐饮服务;中餐厅;中餐厅,109.06750591106916,34.27048848291152,灞桥区,109.072624,34.269221
B0FFJCBZD8,小渔沧炝锅鱼(沁水路店),餐饮服务;中餐厅;中餐厅,109.03179599618908,34.26634150259325,灞桥区,109.036802,34.264999
B0FFFFX250,张威烤肉店(纺西街店),餐饮服务;中餐厅;特色/地方风味餐厅,109.0551486611412,34.254076170010975,灞桥区,109.060233,34.252782
B0FFIKUBY1,鱼品记蒸汽石锅鱼(十里锦绣店),餐饮服务;中餐厅;中餐厅,109.05066917456077,34.23081677042452,灞桥区,109.055738,34.229505
B0FFHZBHX5,禾舀煲仔饭(纺织城店),餐饮服务;中餐厅;中餐厅,109.05918265709111,34.26136304122927,灞桥区,109.064279,34.260079
B0FFF653S1,无锡凤鸣包,地名地址信息;普通地名;村庄级地名|餐饮服务;中餐厅;中餐厅,109.05631043149884,34.27579227002022,灞桥区,109.0614,34.274509
B0FFGG8BZX,芭鹰食尚中式糕点(一店),餐饮服务;糕饼店;糕饼店,109.05948737917583,34.26657042797865,灞桥区,109.064585,34.265289
B0LUVOEMTL,淳化荞面饸饹(中玩市场店),餐饮服务;中餐厅;中餐厅,109.03570748388331,34.252352968311726,雁塔区,109.040727,34.251015
B0L3H1CFNN,一粉一城新疆炒米粉(白鹿原店),餐饮服务;中餐厅;中餐厅,109.0757158076324,34.23511147658713,灞桥区,109.080848,34.23384
B0L2FU29VT,S-pizza披萨速递(华润万家店),餐饮服务;快餐厅;快餐厅,109.0582702038858,34.2608828164865,灞桥区,109.063364,34.259597
B0KU6S21PW,喜赞轻食健康餐(咸宁店),餐饮服务;餐饮相关场所;餐饮相关,109.02716450021836,34.26049827824865,灞桥区,109.032152,34.259141
B0KDHSER1E,陕北羊肉面(合能十里锦绣店),餐饮服务;中餐厅;中餐厅,109.05055764154974,34.22943050681924,灞桥区,109.055626,34.228118
B0H0OZYQVH,绝味鸭脖(铁建花语城店),餐饮服务;快餐厅;快餐厅,109.05159161185456,34.25065141618376,灞桥区,109.056665,34.249349
B0FFG43B4G,鸿运川湘居,餐饮服务;中餐厅;湖南菜(湘菜),109.05625821267354,34.256896005086645,灞桥区,109.061346,34.255605
B0FFIOBP2G,农家纯碱馍,餐饮服务;餐饮相关场所;餐饮相关,109.06270311532884,34.275869345508184,灞桥区,109.06781,34.274597
B0FFHGS3SX,鲜食惠生鲜便利店(五湖名邸东区店),餐饮服务;中餐厅;中餐厅,109.0366419313224,34.230275964407305,雁塔区,109.041663,34.228932
B0K29KMSL5,牛不二纯汤牛肉面,餐饮服务;餐饮相关场所;餐饮相关,109.0756180033522,34.234970628243474,灞桥区,109.08075,34.233699
B0FFL7ZO8U,张家岐山臊子面(天马仓库店),餐饮服务;中餐厅;中餐厅,109.02945850129424,34.2370810889462,雁塔区,109.034453,34.235721
B0FFKV3AAV,石头鸡汤刀削面(咸宁东路店),餐饮服务;中餐厅;中餐厅,109.05767254367927,34.253041962766886,灞桥区,109.062764,34.251752
B0FFK9C345,伊轩楼泡馍,餐饮服务;中餐厅;清真菜馆,109.05073800897974,34.23024983792822,灞桥区,109.055807,34.228938
B0FFGBF0WN,正宗大拇指熟食,餐饮服务;餐饮相关场所;餐饮相关,109.05094255918166,34.2513274661533,灞桥区,109.056014,34.250024
B0FFHYJUD1,屈记排骨面(咸宁东路店),餐饮服务;中餐厅;中餐厅,109.03783170552305,34.25237965638318,雁塔区,109.042859,34.251047
B0FFGC13RU,渝尚鱻纸包鱼特色干锅(总店),餐饮服务;中餐厅;火锅店,109.06613188949642,34.27326127082983,灞桥区,109.071247,34.271993
B0L1PS5NY0,蜀渝拌重庆凉拌菜(龙湖香醍店),餐饮服务;餐饮相关场所;餐饮相关,109.03420949873956,34.25890320956428,灞桥区,109.039224,34.257564
B001D110LV,唯真楼牛羊肉泡馍馆(纺一路店),餐饮服务;中餐厅;清真菜馆,109.06684517595494,34.27361211667196,灞桥区,109.071962,34.272345
B0FFG9JV3D,慕唯黑胶音乐咖啡(灞桥店),餐饮服务;咖啡厅;咖啡厅|购物服务;服装鞋帽皮具店;服装鞋帽皮具店,109.05352489657471,34.27213702796538,灞桥区,109.058606,34.270847
B0FFG4K94V,杨凌蘸水面(咸宁东路店),餐饮服务;中餐厅;中餐厅,109.02871616448611,34.25153758103156,雁塔区,109.033709,34.250181
B0FFG2P8M2,佳美蛋糕(浐灞新城店),餐饮服务;糕饼店;糕饼店,109.0721442937964,34.27596332865019,灞桥区,109.077273,34.274704
B0MG6UHQ8J,好好轻食,餐饮服务;快餐厅;快餐厅,109.08121681542028,34.22937769232853,灞桥区,109.086358,34.228109
B0MG273QJ3,鹏三少老潼关肉夹馍,餐饮服务;快餐厅;快餐厅,109.04608551974012,34.27022023947257,灞桥区,109.051143,34.268914
B0M6FC04PF,秦人老碗面,餐饮服务;中餐厅;中餐厅,109.06163769614868,34.26622799298408,灞桥区,109.066741,34.26495
B0LK5AS1PM,饭阿喜炒饭,餐饮服务;快餐厅;快餐厅,109.02730937507457,34.25524595740675,灞桥区,109.032297,34.253887
B0LGMRAWXQ,润和煎饼(纺正街店),餐饮服务;中餐厅;中餐厅,109.05894664765978,34.26892440079907,灞桥区,109.064043,34.267643
B0L32C458O,老马家泡馍烧烤炒菜,餐饮服务;中餐厅;清真菜馆,109.03170031645148,34.26687453860588,灞桥区,109.036706,34.265532
B0L2HDAFIK,秦顺坊手擀面,餐饮服务;中餐厅;中餐厅,109.06558678431944,34.266441839711824,灞桥区,109.0707,34.26517
B0L1DUTX7G,山河屯聚鑫现包水饺小锅烀饼(广厦水岸东方东岸店),餐饮服务;中餐厅;中餐厅,109.04085397679088,34.26333101349697,灞桥区,109.045893,34.26201
B0L197I9M4,巷隐小馆(西安白鹿原店),餐饮服务;餐饮相关场所;餐饮相关,109.07675486883666,34.235354357377936,灞桥区,109.081889,34.234084
B0L1570SHU,大陆小火锅,餐饮服务;中餐厅;火锅店,109.05120929183356,34.25644692355855,灞桥区,109.056282,34.255146
B0L0COZC4C,谢宝林拌饭,餐饮服务;快餐厅;快餐厅,109.05883023176456,34.265854846461615,灞桥区,109.063926,34.264572
B0KU4LVF3C,土豆西施(思源商业街店),餐饮服务;餐饮相关场所;餐饮相关,109.0761719179378,34.235580844469126,灞桥区,109.081305,34.23431
B0KR39ZASO,来一只北京烤鸭(纺一路店),餐饮服务;餐饮相关场所;餐饮相关,109.0673659690849,34.273548419453775,灞桥区,109.072484,34.272282
B0KK06V95X,隐玖私厨,餐饮服务;中餐厅;中餐厅,109.05895469823086,34.26808472830007,灞桥区,109.064051,34.266803
B0KDVCKMX6,小许家烧烤泡馍(龙湖香醍西岸店),餐饮服务;中餐厅;中餐厅,109.03395544156366,34.259018816610805,灞桥区,109.038969,34.257679
B0K0KO3S3U,西安中建假日酒店·彩丰小馆·中餐厅,餐饮服务;中餐厅;中餐厅,109.043269354235,34.24283836441052,雁塔区,109.048315,34.241515
B0K0H5PR1W,悟空茶院,餐饮服务;茶艺馆;茶艺馆,109.0540423619579,34.27206406022583,灞桥区,109.059125,34.270775
B0JKLA3Q73,Aloha阿罗夏手作烘焙(龙湖·香醍国际社区一期店),餐饮服务;糕饼店;糕饼店,109.03201607536052,34.267285542566945,灞桥区,109.037023,34.265944
B0JG0HCG3D,撸两串市井串串(中国铁建花语城店),餐饮服务;中餐厅;火锅店,109.05199853575904,34.24865737211833,灞桥区,109.057073,34.247355
B0J3THMQGS,阿姐剪刀面(浐灞新城翠园小区店),餐饮服务;中餐厅;中餐厅,109.07169325996016,34.275624001981235,灞桥区,109.076821,34.274364
B0IALAQRZ0,王均老碗面(中国铁建花语城店),餐饮服务;中餐厅;中餐厅,109.05189484834888,34.24871155826532,灞桥区,109.056969,34.247409
B0H6HRHK7D,老三快餐(田马路店),餐饮服务;中餐厅;中餐厅,109.02957978707268,34.239933693585364,雁塔区,109.034575,34.238575
B0H1DUOQB6,汉中凉皮店(咸宁东路店),餐饮服务;中餐厅;中餐厅,109.02871811422068,34.25203838108449,雁塔区,109.033711,34.250682
B0GRTSFNPV,谷小粮饼铺,餐饮服务;糕饼店;糕饼店|餐饮服务;中餐厅;中餐厅,109.07532760375332,34.234365150399626,灞桥区,109.080459,34.233093
B0FFL02XAX,阙府饺子馆(龙腾万都汇一期店),餐饮服务;中餐厅;特色/地方风味餐厅,109.02914507076916,34.25646349767683,灞桥区,109.03414,34.25511
B0FFKT0CXR,小厨川菜,餐饮服务;中餐厅;四川菜(川菜),109.06673742713372,34.273628261142576,灞桥区,109.071854,34.272361
B0FFKSH2ZZ,回回牛肉(纺织城正街店),餐饮服务;中餐厅;清真菜馆,109.05949535196156,34.266635388105485,灞桥区,109.064593,34.265354
B0FFHSIRSJ,席记面庄,餐饮服务;中餐厅;中餐厅,109.03430379507728,34.23958942510885,雁塔区,109.039317,34.238243
B0FFG76JNK,金鼎鸡汤刀削面(白杨寨钻石店),餐饮服务;中餐厅;中餐厅,109.02966647369388,34.23966056392594,雁塔区,109.034662,34.238302
B0FFFYZDQB,手擀菠菜面,餐饮服务;餐饮相关场所;餐饮相关,109.03035227216856,34.25780073679884,灞桥区,109.035352,34.256451
B0FFI8Y9CL,中国兰州牛肉面(暖山店),餐饮服务;中餐厅;清真菜馆,109.04344743343891,34.24647456905251,雁塔区,109.048494,34.245153
B0FFIKN3SD,清真李朝红烧鸡(智翔广场店),餐饮服务;餐饮相关场所;餐饮相关,109.06392068603236,34.26848149303045,灞桥区,109.06903,34.267208
B0FFI8J802,茗尊茶楼(半坡国际广场店),餐饮服务;茶艺馆;茶艺馆,109.04973222492146,34.27599005439547,灞桥区,109.054802,34.274694
B0FFHMBI8P,老盖家(纺织城正街店),餐饮服务;中餐厅;清真菜馆,109.06338201836334,34.26866924344483,灞桥区,109.06849,34.267395
B0FFFYJUCA,福喜味道(水岸东方店),餐饮服务;中餐厅;中餐厅,109.03977746473296,34.26704109257595,灞桥区,109.044813,34.265719
B0FFF653S3,御饼香面包工厂店(纺织城店),餐饮服务;糕饼店;糕饼店,109.0585331872674,34.27581228865,灞桥区,109.063629,34.274533
B001D0Z4Q0,湘味农家菜馆,餐饮服务;中餐厅;湖南菜(湘菜),109.04583113336766,34.27289570474011,灞桥区,109.050888,34.27159
B0MGVRF5X3,唐家蓝田九大碗,餐饮服务;中餐厅;中餐厅,109.06136653116673,34.276314301727965,灞桥区,109.06647,34.27504
B0MA6AK2C0,正新鸡排,餐饮服务;餐饮相关场所;餐饮相关,109.02631722696076,34.26790562788316,灞桥区,109.031302,34.266549
B0M6ZY16WF,矢量咖啡,餐饮服务;咖啡厅;咖啡厅,109.03810359388208,34.27722698282238,灞桥区,109.043134,34.275905
B0LU7ZX7K9,疆湖传说传说中的新疆炒米粉(长乐府店),餐饮服务;中餐厅;中餐厅,109.02653923528602,34.26920049018148,灞桥区,109.031525,34.267845
B0LDGZDB8I,阿峰蒲城包子,餐饮服务;中餐厅;中餐厅,109.02980381660352,34.24111864637388,雁塔区,109.0348,34.239761
B0LD714377,多美士炸鸡汉堡(韩森东路店),餐饮服务;餐饮相关场所;餐饮相关,109.02788963284432,34.26060625624203,灞桥区,109.03288,34.259251
B0L39KRAOP,老孙家泡馍烧烤(沁水路店),餐饮服务;中餐厅;清真菜馆,109.03035027893146,34.25781173776298,灞桥区,109.03535,34.256462
B0L2B5KNLH,满江红地摊火锅(沁水路店),餐饮服务;中餐厅;火锅店,109.02858237329092,34.25523050105936,灞桥区,109.033575,34.253875
B0L1CD4PNB,肯德基车速取餐点(纺二路店),餐饮服务;餐饮相关场所;餐饮相关,109.05817361090224,34.270840965627535,灞桥区,109.063268,34.269559
B0L0RZ505T,无名冒菜 灞桥区彩陶路店,餐饮服务;中餐厅;中餐厅,109.05104778593304,34.25651622361982,灞桥区,109.05612,34.255215
B0KU6XV27W,余记无敌·锅锅米线(佳汇幸福里购物中心店),餐饮服务;中餐厅;中餐厅,109.0513133517033,34.27523012979097,灞桥区,109.056388,34.273937
B0KGC5ISAG,安仔包(鹿原街店),餐饮服务;餐饮相关场所;餐饮相关,109.06709677973672,34.27140667206915,灞桥区,109.072214,34.270139
B0KDHRMBY5,延长烤肉,餐饮服务;中餐厅;中餐厅,109.02519573369209,34.25573159301445,灞桥区,109.030175,34.254367
B0J0FLUVA0,螺鼎记螺蛳粉(商业街店),餐饮服务;中餐厅;中餐厅,109.07563197364112,34.23501059918066,灞桥区,109.080764,34.233739
B0IGF7YE43,群众厨房先锋馒头坊(枣园苏商住楼店),餐饮服务;中餐厅;中餐厅,109.06421953399722,34.26167078351127,灞桥区,109.069329,34.260395
B0I1UHWZMX,天和大包(沁水路店),餐饮服务;餐饮相关场所;餐饮相关,109.0301179657408,34.27202063528067,灞桥区,109.035118,34.270676
B0H0JDV0MV,罗记食品(浐灞生态区店),餐饮服务;餐饮相关场所;餐饮相关,109.026137865811,34.26877776797971,灞桥区,109.031122,34.267421
B0GKGZ6ILT,绝味鸭脖(长田路店),餐饮服务;餐饮相关场所;餐饮相关,109.03245173349532,34.26357090003565,灞桥区,109.03746,34.262229
B0G0RPBNSB,作鹏沙县小吃(浐灞新城翠园小区店),餐饮服务;快餐厅;快餐厅,109.07169826036947,34.27549904779848,灞桥区,109.076826,34.274239
B0FFLEQ4UI,千里香馄饨王,餐饮服务;餐饮相关场所;餐饮相关,109.05494335063824,34.253030964237844,灞桥区,109.060027,34.251736
B0FFLDCBXS,沙县小吃(绿地国际生态城店),餐饮服务;中餐厅;特色/地方风味餐厅,109.03662097233747,34.230694863072266,雁塔区,109.041642,34.229351
B0FFLACN66,多美士汉堡(龙湖店),餐饮服务;快餐厅;快餐厅,109.03424138146914,34.25887813768949,灞桥区,109.039256,34.257539
B0FFKVZONN,贡茶(纺织城店),餐饮服务;餐饮相关场所;餐饮相关,109.0561996672902,34.265155820658514,灞桥区,109.061288,34.263868
B0FFI7Q0QS,邢老四肉丸糊辣汤(田家湾店),餐饮服务;中餐厅;中餐厅,109.03524814981468,34.25276896928361,雁塔区,109.040266,34.25143
B0FFFF23BV,户县软面(咸宁东路),餐饮服务;中餐厅;中餐厅,109.03451379581708,34.25380643569003,雁塔区,109.039529,34.252466
B001D14RZJ,晓丰蛋糕(纺织城西街店),餐饮服务;糕饼店;糕饼店|购物服务;购物相关场所;购物相关场所,109.05500514126784,34.253364717666344,灞桥区,109.060089,34.25207
B0FFHJX7R7,国力仁和(半坡店),餐饮服务;中餐厅;中餐厅,109.04947105447708,34.275951614122924,灞桥区,109.05454,34.274655
B0FFGAXHQK,孙家泡馍馆(电力新坊西院店),餐饮服务;中餐厅;清真菜馆,109.04586319165948,34.27097942010145,灞桥区,109.05092,34.269673
B0FFILEUX2,新艳家常面馆,餐饮服务;中餐厅;中餐厅,109.05768152452946,34.25297297371149,灞桥区,109.062773,34.251683
B0FFHMBI9G,宋家蒸肉,餐饮服务;中餐厅;特色/地方风味餐厅,109.06681424786996,34.27361815751023,灞桥区,109.071931,34.272351
B0FFFPKP0R,老陈家湖南土菜馆(灞桥店),餐饮服务;中餐厅;湖南菜(湘菜),109.03172921967538,34.26671352773122,灞桥区,109.036735,34.265371
B001D10TJ1,浐灞九号公馆(上水苑店),体育休闲服务;娱乐场所;棋牌室|餐饮服务;中餐厅;中餐厅|生活服务;洗浴推拿场所;洗浴推拿场所|住宿服务;宾馆酒店;宾馆酒店,109.03230329394816,34.27533149423332,灞桥区,109.037312,34.273994
B0FFGFYXH6,应记三鲜煮馍葫芦头(纺织城店),餐饮服务;中餐厅;中餐厅,109.06632681492869,34.26878582476365,灞桥区,109.071442,34.267516
B001D075YS,伊香特牛羊肉泡馍烧烤(万合世家店),餐饮服务;中餐厅;清真菜馆,109.02922904299544,34.25294864877416,雁塔区,109.034224,34.251594
B0FFJCZ2WY,建义羊肉面(蓝天小区店),餐饮服务;中餐厅;中餐厅,109.0324279225412,34.274128665632375,灞桥区,109.037437,34.272791
B0FFI91GXY,南院门三鲜葫芦头(四棉厂住宅互助区店),餐饮服务;中餐厅;特色/地方风味餐厅,109.06325546530428,34.26719103954071,灞桥区,109.068363,34.265916
B0FFI7TI95,渝勇鲜面店,购物服务;综合市场;农副产品市场|餐饮服务;餐饮相关场所;餐饮相关,109.05053070420529,34.22967947085272,灞桥区,109.055599,34.228367
B0FFF653C2,杨凌蘸水干拌面(纺科路店),餐饮服务;中餐厅;中餐厅,109.0662350338414,34.26876996193839,灞桥区,109.07135,34.2675
B0FFIDGM31,韩老三杨凌蘸水面(纺建路店),餐饮服务;中餐厅;特色/地方风味餐厅,109.05562042055855,34.27574856083377,灞桥区,109.060708,34.274464
B0FFIBEOES,杨老大面馆(广厦水岸东方三期店),餐饮服务;快餐厅;快餐厅,109.04143199032552,34.262872829687886,灞桥区,109.046473,34.261553
B001D10XU1,葫芦头三鲜煮馍,餐饮服务;中餐厅;中餐厅,109.03174416994524,34.26662652360868,灞桥区,109.03675,34.265284
B001D0ZSVZ,福居川菜(纺五路店),餐饮服务;中餐厅;四川菜(川菜),109.06253278221368,34.26164240297618,灞桥区,109.067638,34.260364
B001D08W49,马燕牛羊肉泡馍馆(鹿塬街店),餐饮服务;中餐厅;清真菜馆,109.06699408766062,34.27061613857612,灞桥区,109.072111,34.269348
B0LATL6WDF,友里·友趣ULIUQ,餐饮服务;餐饮相关场所;餐饮相关,109.05821433809663,34.261119820088794,灞桥区,109.063308,34.259834
B0L10ZCF7J,萃溪齐齐哈尔烤肉,餐饮服务;中餐厅;中餐厅,109.03673060529218,34.265376238703595,灞桥区,109.041755,34.264046
B0L06MNL8R,崔记·江湖菜·烧烤,餐饮服务;中餐厅;特色/地方风味餐厅,109.0758616301227,34.23401573589989,灞桥区,109.080994,34.232744
B0KDZ7NWKX,麓湾小馆,餐饮服务;中餐厅;中餐厅,109.04672629340564,34.236629953148004,灞桥区,109.051783,34.235312
B0K27D8SXO,真心麻食(纺四路店),餐饮服务;中餐厅;中餐厅,109.0590794966133,34.266473166227435,灞桥区,109.064176,34.265191
B0K0RLOLAG,刘铜斌葫芦头泡馍(珑月湾店),餐饮服务;中餐厅;中餐厅,109.0554182372577,34.27307604112008,灞桥区,109.060505,34.27179
B0K05KW65C,手工菠菜面,餐饮服务;中餐厅;中餐厅,109.07956821857792,34.232475879724745,灞桥区,109.084707,34.231207
B0I3THC1CZ,川山·茶馆棋牌(灞业大境东区店),餐饮服务;茶艺馆;茶艺馆,109.0262913995837,34.2670830325957,灞桥区,109.031276,34.265726
B0I24RSE8F,老牛串串(国际幸福城店),餐饮服务;中餐厅;火锅店,109.05253623760856,34.24471781543044,灞桥区,109.057612,34.243415
B0GK7R1X37,古城面馆(纺九路店),餐饮服务;餐饮相关场所;餐饮相关,109.05869964886756,34.2536019392598,灞桥区,109.063794,34.252314
B0G1J77OOC,时辰包子(西北电建四公司西安基地店),餐饮服务;餐饮相关场所;餐饮相关,109.05791387340156,34.276154234223405,灞桥区,109.063008,34.274874
B0FFLEQDSR,晨墨珍馨麻食(纺织城店),餐饮服务;中餐厅;中餐厅,109.05448072673089,34.27599660031269,灞桥区,109.059565,34.27471
B0FFGFXHMQ,刘波面馆(造纸网厂小区店),餐饮服务;中餐厅;中餐厅,109.0530679209376,34.27615425930262,灞桥区,109.058148,34.274865
B0FFGB4IOV,岁少餐馆,餐饮服务;中餐厅;中餐厅,109.08316273502942,34.23071279533955,灞桥区,109.088307,34.229446
B0FFGABM8F,渭南时辰包子,餐饮服务;餐饮相关场所;餐饮相关,109.0506422664008,34.230723859549634,灞桥区,109.055711,34.229412
B001D08O0F,李记岐山面,餐饮服务;中餐厅;特色/地方风味餐厅,109.0510382431757,34.2515501852365,灞桥区,109.05611,34.250247
B0FFHOB9FZ,茶舍茶艺馆(龙湖·香醍国际社区二期店),餐饮服务;茶艺馆;茶艺馆,109.03605316304538,34.26457326014597,灞桥区,109.041075,34.263241
B0MG6RIE6Q,彭家正汤(龙湖天街店),餐饮服务;中餐厅;中餐厅,109.03122443880522,34.26336820628929,灞桥区,109.036228,34.262023
B0MBDAG68D,瑞幸咖啡(灞业大境店),餐饮服务;咖啡厅;咖啡厅,109.02524456462474,34.26718488765653,灞桥区,109.030225,34.265825
B0M6L56KCS,赵二两火锅供销社(龙湖天街店),餐饮服务;中餐厅;火锅店,109.03123341042844,34.26329721104663,灞桥区,109.036237,34.261952
B0LUM7HLYV,库迪咖啡(灞业大境面包码头店),餐饮服务;餐饮相关场所;餐饮相关,109.02610905322985,34.2679221951938,灞桥区,109.031093,34.266565
B0LUADL0PR,马有鱼·馕坑烤全鱼(龙湖香醍天街店),餐饮服务;中餐厅;清真菜馆,109.03268583011504,34.263739221670086,灞桥区,109.037695,34.262398
B0LRZX2ZSI,幸运咖(花语城店),餐饮服务;餐饮相关场所;餐饮相关,109.0516175501776,34.25044144541695,灞桥区,109.056691,34.249139
B0LRMRXSWW,爆脾气生炸鸡架(龙湖香缇街店),餐饮服务;餐饮相关场所;餐饮相关,109.03210404852597,34.263669770125105,灞桥区,109.037111,34.262327
B0LRGRU253,霸碗盖码饭(西安龙湖香醍天街店),餐饮服务;快餐厅;快餐厅,109.03087888698644,34.26195968482805,灞桥区,109.035881,34.260613
B0LRAU0RUC,库迪咖啡(佳汇幸福里购物中心店),餐饮服务;餐饮相关场所;餐饮相关,109.0511707857694,34.275308385759025,灞桥区,109.056245,34.274015
B0LR6CF7Q6,韩熙熙自助小火锅(半坡幸福里店),餐饮服务;餐饮相关场所;餐饮相关,109.05092952152047,34.275450816470915,灞桥区,109.056003,34.274157
B0LKY14DQB,大唐烤肉,餐饮服务;中餐厅;中餐厅,109.02726354556094,34.26711734969744,灞桥区,109.032252,34.265763
B0LKTHVOPW,塔斯汀中国汉堡(西安市龙湖香醍西岸店),餐饮服务;快餐厅;快餐厅,109.03095685007446,34.25887570519287,灞桥区,109.035959,34.257528
B0LKT5WTQ6,野上麦田料理厨房店(凯德广场店),餐饮服务;糕饼店;糕饼店,109.03807371596469,34.27706312443285,灞桥区,109.043104,34.275741
B0LKOSG6Q4,库迪咖啡(纺厦美食汇店),餐饮服务;咖啡厅;咖啡厅,109.05963111570708,34.265119768921586,灞桥区,109.064729,34.263838
B0LGMLFHM0,luckin coffee 瑞幸咖啡(纺织城正街店),餐饮服务;休闲餐饮场所;休闲餐饮场所,109.05904737223068,34.268926226306824,灞桥区,109.064144,34.267645
B0LDO7433A,柠季·手打柠檬茶(西安半坡佳汇幸福里店),餐饮服务;冷饮店;冷饮店,109.05131235048736,34.27528011112263,灞桥区,109.056387,34.273987
B0LDGRBN2E,花宝街石锅鸡公煲(灞桥区幸福里购物中心店),餐饮服务;中餐厅;中餐厅,109.0510013272388,34.27511880795774,灞桥区,109.056075,34.273825
B0LDB520IN,玖零烤市·西安老烧烤(灞业大境分店),餐饮服务;餐饮相关场所;餐饮相关,109.02685516436296,34.267070487406194,灞桥区,109.031842,34.265715
B0LBTP37SX,茶话弄(佳汇幸福里店),餐饮服务;冷饮店;冷饮店,109.05155756426107,34.27562947216638,灞桥区,109.056633,34.274337
B0LBRY9B8Q,华莱士·全鸡汉堡(西安龙腾万都汇),餐饮服务;快餐厅;快餐厅,109.02915696752147,34.257131202560934,灞桥区,109.034152,34.255778
B0LAJRV2UU,重庆巫山纸包鱼,餐饮服务;中餐厅;特色/地方风味餐厅,109.02621357689716,34.2686346173805,灞桥区,109.031198,34.267278
B0LACCGRW6,柳州肥姨妈大骨螺蛳粉(佳汇幸福里店),餐饮服务;中餐厅;中餐厅,109.05194443081469,34.27500295629933,灞桥区,109.057021,34.273711
B0L6PRVLYJ,沪上阿姨·精选茶饮(西安龙湖香醍天街店),餐饮服务;休闲餐饮场所;休闲餐饮场所,109.03269878072952,34.26374218672962,灞桥区,109.037708,34.262401
B0L3MLOF9Q,螺旋桨螺蛳粉(长乐府店),餐饮服务;餐饮相关场所;餐饮相关,109.02711994877164,34.269044959827184,灞桥区,109.032108,34.267691
B0L2J56HJU,毛毛老火锅(纺织城店),餐饮服务;中餐厅;火锅店,109.05749793662125,34.26573123873499,灞桥区,109.06259,34.264446
B0L2A60VJK,1点点(思源学院店),餐饮服务;冷饮店;冷饮店,109.07562898039043,34.234997607052115,灞桥区,109.080761,34.233726
B0L23L6887,滇出山·云南小馆(龙湖香醍天街店),餐饮服务;中餐厅;中餐厅,109.0325871960144,34.26383843902495,灞桥区,109.037596,34.262497
B0L1TC4QXN,天竹渔村纸包鱼,餐饮服务;中餐厅;中餐厅,109.0537242274206,34.272996289275234,灞桥区,109.058806,34.271707
B0L1T94VX4,柳州肥姨妈大骨螺蛳粉(思源商业街店),餐饮服务;餐饮相关场所;餐饮相关,109.07663011579749,34.23512656305897,灞桥区,109.081764,34.233856
B0L1RZ9UW1,沪上阿姨·精选茶饮(西安田家湾店),餐饮服务;休闲餐饮场所;休闲餐饮场所,109.03475896981652,34.25276521568929,雁塔区,109.039775,34.251425
B0L1HLYSHJ,瑞幸咖啡(五厂文化宫店),餐饮服务;咖啡厅;咖啡厅,109.05982082809548,34.26252748810232,灞桥区,109.064919,34.261245
B0L1HAX91Z,肯德基(纺正街店),餐饮服务;快餐厅;肯德基,109.05973503560422,34.26280152371067,灞桥区,109.064833,34.261519
B0L11GJ1S6,幸运咖(纺织城正街店),餐饮服务;餐饮相关场所;餐饮相关,109.05865144854396,34.26902487144926,灞桥区,109.063747,34.267743
B0LDMR4SV5,蜜雪冰城(行知学院爱知堂正门店),餐饮服务;冷饮店;冷饮店,109.09374123214812,34.23060716557326,灞桥区,109.098898,34.229345
B0J1VA27GN,老孙家泡馍烧烤(中粮悦尚锦云店),餐饮服务;中餐厅;清真菜馆,109.1229075855209,34.26755989788149,灞桥区,109.128072,34.2663
B0JDJLYY3L,申记肉夹馍,餐饮服务;中餐厅;中餐厅,109.08546251090095,34.23055640926572,灞桥区,109.09061,34.229291
B0HR35BQ9O,岐山人家,餐饮服务;中餐厅;中餐厅,109.1183173272583,34.27044560333501,灞桥区,109.123484,34.269191
B0LGC7RZB3,天天烧烤小酒馆,餐饮服务;中餐厅;中餐厅,109.11798101834796,34.2727164005552,灞桥区,109.123148,34.271463
B0L0CCZLBC,河岛咖啡,餐饮服务;咖啡厅;咖啡厅,109.12236337286062,34.23234799773179,灞桥区,109.127525,34.231075
B0FFKQLO9X,东福川菜馆,餐饮服务;餐饮相关场所;餐饮相关,109.10226223072,34.26840841397206,灞桥区,109.107428,34.267161
B0FFFFX1KC,川湘食府家常菜(毛西公路店),餐饮服务;中餐厅;中餐厅,109.09251285288876,34.27099978128923,灞桥区,109.097672,34.269753
B0I24UP3H1,开心串串市井火锅,餐饮服务;中餐厅;火锅店,109.1178249553431,34.27287021260181,灞桥区,109.122992,34.271617
B0IAJC0QP0,鑫源餐厅,餐饮服务;中餐厅;西北菜,109.13920960297853,34.231034164220915,灞桥区,109.144357,34.22974
B0I0NR9BV9,湘川小厨(富力·白鹭湾店),餐饮服务;中餐厅;中餐厅,109.11892545001182,34.27147568372691,灞桥区,109.124092,34.270221
B0FFKD2CJL,老米家泡馍(纺园五路店),餐饮服务;快餐厅;快餐厅,109.1171677168021,34.273349500152506,灞桥区,109.122335,34.272097
B0FFHWDWXS,中国兰州牛肉面(灞柳二路店),餐饮服务;餐饮相关场所;餐饮相关,109.1178091867794,34.27016430926789,灞桥区,109.122976,34.26891
B0FFIBBT8C,味之源(世航餐厅),餐饮服务;餐饮相关场所;餐饮相关,109.09400204691006,34.23007131044449,灞桥区,109.099159,34.228809
B0H1DZM14I,四毛不撸串串火锅,餐饮服务;中餐厅;火锅店,109.11833718934142,34.27210094139514,灞桥区,109.123504,34.270847
B0KR07KGME,蜜雪冰城(富力·白鹭湾店),餐饮服务;冷饮店;冷饮店,109.11720572868838,34.27333753443504,灞桥区,109.122373,34.272085
B0JBM5229J,秦镇薛昌利凉皮(白鹭巷店),餐饮服务;餐饮相关场所;餐饮相关,109.11905154577374,34.27090802201974,灞桥区,109.124218,34.269653
B0HR0UVHIV,海豚派海鲜烧烤(富力·白鹭湾店),餐饮服务;中餐厅;中餐厅,109.11680986748428,34.27049339851696,灞桥区,109.121977,34.26924
B0HA79YXG6,回坊老米家泡馍·烧烤(毛西公路店),餐饮服务;中餐厅;中餐厅,109.09043791182442,34.271636154170245,灞桥区,109.095595,34.270389
B0LD5LUE8J,雨果饺子馆(白鹭湾店),餐饮服务;餐饮相关场所;餐饮相关,109.11804926862366,34.27010352614178,灞桥区,109.123216,34.268849
B0JUYHMP2Z,乐开心30元自助火锅(白鹿原店),餐饮服务;中餐厅;火锅店,109.08526479245198,34.23038958521962,灞桥区,109.090412,34.229124
B0JRA6HH8X,北坡小院,餐饮服务;中餐厅;特色/地方风味餐厅,109.1222293824041,34.23145519838381,灞桥区,109.127391,34.230182
B0IUTS4K8B,放羊的星星(白鹿原店),餐饮服务;中餐厅;中餐厅|体育休闲服务;体育休闲服务场所;体育休闲服务场所,109.1127502658726,34.246393176991155,灞桥区,109.117916,34.245133
B0IGS53MQC,柚见鲜森(白鹭湾店),购物服务;超级市场;超市|餐饮服务;餐饮相关场所;餐饮相关,109.11741005834293,34.27024396220352,灞桥区,109.122577,34.26899
B0FFMG182U,宴白鹿,餐饮服务;中餐厅;中餐厅,109.12252849162746,34.23196329855269,灞桥区,109.12769,34.23069
B0FFKFOD3Z,灞河钓鱼点,餐饮服务;餐饮相关场所;餐饮相关,109.14452495201724,34.24318775165872,灞桥区,109.149667,34.24189
B0M6H1DU1P,老街坊社区火锅,餐饮服务;中餐厅;火锅店,109.11840721890542,34.27203402603358,灞桥区,109.123574,34.27078
B0LR4YPQDH,川湘家常菜,餐饮服务;中餐厅;中餐厅,109.11939567142232,34.27095329517683,灞桥区,109.124562,34.269698
B0LD67AE2X,仵记卤味,餐饮服务;快餐厅;快餐厅,109.11699693849324,34.270263634886696,灞桥区,109.122164,34.26901
B0LBA5FOJY,小宋来碗面,餐饮服务;餐饮相关场所;餐饮相关,109.13071195417804,34.268050350763495,灞桥区,109.135871,34.266782
B0H2OSC7DQ,显平凉皮,餐饮服务;快餐厅;快餐厅,109.0952264822667,34.27049544902894,灞桥区,109.100388,34.269249
B0FFK8YGSM,和仙坊乡村私房菜,餐饮服务;中餐厅;中餐厅,109.1387765569861,34.23746614614608,灞桥区,109.143925,34.236175
B0MAK5OA6U,HERE COFFEE,餐饮服务;咖啡厅;咖啡厅,109.12050549428196,34.23234827509098,灞桥区,109.125668,34.231077
B0LBL1RMR7,六八巷子串串,餐饮服务;中餐厅;火锅店,109.1156054116564,34.272396732844165,灞桥区,109.120773,34.271145
B0JGUSE1VQ,隆盛祥泡馍烧烤店,餐饮服务;中餐厅;中餐厅,109.10257911808154,34.268111590267246,灞桥区,109.107745,34.266864
B0IUXZH19R,鹿上烧烤营地,餐饮服务;中餐厅;中餐厅,109.11351740871036,34.24560595139995,灞桥区,109.118683,34.244345
B0HARA2EX4,永丰祥泡馍馆(白鹭湾店),餐饮服务;中餐厅;清真菜馆,109.11717899718138,34.27017681027071,灞桥区,109.122346,34.268923
B0H21R878J,伊星楼牛羊肉泡馍,餐饮服务;中餐厅;清真菜馆,109.11678585224293,34.270594339052295,灞桥区,109.121953,34.269341
B0LRVOL8FC,老伙计家常菜,餐饮服务;中餐厅;中餐厅,109.11894648176268,34.271199814363804,灞桥区,109.124113,34.269945
B0KR07N2R2,渝掌门重庆椒麻鱼(灞桥总店),餐饮服务;中餐厅;四川菜(川菜),109.11820813198216,34.27226376964965,灞桥区,109.123375,34.27101
B0K1GS0PUB,辣妹子石锅鱼,餐饮服务;中餐厅;中餐厅,109.11768191534031,34.27281912013307,灞桥区,109.122849,34.271566
B0IULSPW74,清真.探疆西北菜新疆烧烤(白鹭湾店),餐饮服务;中餐厅;中餐厅,109.11926561633352,34.2710161586988,灞桥区,109.124432,34.269761
B0G259WW2Y,任家小院,餐饮服务;中餐厅;中餐厅,109.12013972110812,34.23943131230372,灞桥区,109.125303,34.238163
B0H10XWKNS,川香奇香(富力·白鹭湾店),餐饮服务;中餐厅;中餐厅,109.11805524873338,34.27035342886348,灞桥区,109.123222,34.269099
B0LKX4J4BT,云边边悬崖派对餐厅,餐饮服务;中餐厅;中餐厅,109.11886096582202,34.24239109803369,灞桥区,109.124025,34.241125
B0HGS55SLP,手工菠菜面,餐饮服务;中餐厅;中餐厅,109.0860508409269,34.229268550232945,灞桥区,109.091199,34.228003
B0G2YCT0DB,澄城水盆羊肉(富力白鹭湾店),餐饮服务;中餐厅;中餐厅,109.11898452341832,34.27088197637338,灞桥区,109.124151,34.269627
B001D0VV6S,老马家泡馍,餐饮服务;中餐厅;清真菜馆,109.08502213777408,34.230220790353314,灞桥区,109.090169,34.228955
B0J259L4AN,清凉灞柳号(西安城建·清凉灞柳店),餐饮服务;餐饮相关场所;餐饮相关,109.11360680220352,34.275574074893925,灞桥区,109.118775,34.274325
B0LDM74KPS,一二三炒虾尾洪庆店(清真),餐饮服务;餐饮相关场所;餐饮相关,109.1171717168042,34.2733624978846,灞桥区,109.122339,34.27211
B0LKURYNES,山哥秘制卤味,餐饮服务;餐饮相关场所;餐饮相关,109.09626667387728,34.27035338731313,灞桥区,109.101429,34.269107
B0KGS9LQ98,寇家小吃,餐饮服务;中餐厅;中餐厅,109.138839632815,34.23740426118679,灞桥区,109.143988,34.236113
B0HDZ93GJ0,郭小厨披萨店,餐饮服务;餐饮相关场所;餐饮相关,109.11867339731256,34.271046649750744,灞桥区,109.12384,34.269792
B0LAU77D3Z,凤瑞阁牛羊肉泡馍,餐饮服务;中餐厅;中餐厅,109.1397557535178,34.23643896754969,灞桥区,109.144903,34.235146
B0I39Z054D,幸福小馆,餐饮服务;中餐厅;中餐厅,109.1363821238369,34.235754371882486,灞桥区,109.141533,34.234466
B0HKNAPBDF,咱家院子铁锅炖,餐饮服务;中餐厅;中餐厅,109.08850127334418,34.25812835952752,灞桥区,109.093655,34.256875
B0FFGFQ0YD,康源顺斜口荞面饸饹(毛西公路店),餐饮服务;中餐厅;中餐厅,109.09490572158072,34.2707873762458,灞桥区,109.100067,34.269541
B0JKR5YY3L,秦韵居精品家常菜,餐饮服务;中餐厅;中餐厅,109.0994935802627,34.26936572178622,灞桥区,109.104658,34.268119
B0KKB7XVA0,宇鹏肉夹馍,餐饮服务;餐饮相关场所;餐饮相关,109.09513453788786,34.27072136953908,灞桥区,109.100296,34.269475
B0KK0KZN5K,巴喜鲜切老火锅,餐饮服务;中餐厅;火锅店,109.1188224422505,34.27113873578023,灞桥区,109.123989,34.269884
B0K3UUPF7I,重庆社区地摊火锅,餐饮服务;中餐厅;火锅店,109.11842722825364,34.2720050542934,灞桥区,109.123594,34.270751
B0J6GZF5P1,李记大碗面,餐饮服务;中餐厅;中餐厅,109.13855832712576,34.23731788443258,灞桥区,109.143707,34.236027
B0H2PCQVY7,老黄家肉丸胡辣汤腊牛肉夹馍,餐饮服务;中餐厅;中餐厅,109.11823530097068,34.27043254200298,灞桥区,109.123402,34.269178
B0FFH411LH,聚鑫缘烧烤大排档,餐饮服务;中餐厅;中餐厅,109.09640757874422,34.27022042908654,灞桥区,109.10157,34.268974
B0L63KQSKM,黄桥烧饼,餐饮服务;餐饮相关场所;餐饮相关,109.11715771151496,34.27337748090869,灞桥区,109.122325,34.272125
B0KRM1SA58,茗锦轩茶馆(灞桥湿地公园店),餐饮服务;茶艺馆;茶艺馆,109.12259623815176,34.26965074434577,灞桥区,109.127761,34.268392
B0M6ZY0R1R,杨凌蘸水面,餐饮服务;餐饮相关场所;餐饮相关,109.13919404081771,34.237289822154416,灞桥区,109.144342,34.235998
B0L296PVBU,穆兰德手工牛肉面,餐饮服务;中餐厅;清真菜馆,109.11737178929498,34.27319472212088,灞桥区,109.122539,34.271942
B0JBFC4ZJJ,新京航茶餐厅(富力·白鹭湾北区店),餐饮服务;茶艺馆;茶艺馆,109.11616863058282,34.27134557141373,灞桥区,109.121336,34.270093
B0L036BB3C,烩菜小酒馆,餐饮服务;中餐厅;中餐厅,109.0994935802627,34.26936572178622,灞桥区,109.104658,34.268119
B0GKXLI0QC,一家餐厅,餐饮服务;中餐厅;中餐厅,109.1369046400692,34.23611896814999,灞桥区,109.142055,34.23483
B0FFLCL9CH,彦峰平价川菜,餐饮服务;中餐厅;四川菜(川菜),109.1362069336626,34.2358510920345,灞桥区,109.141358,34.234563
B0FFKY99HJ,中粮灞河锦云(中粮悦尚锦云店),餐饮服务;餐饮相关场所;餐饮相关,109.12259741510051,34.26763156687286,灞桥区,109.127762,34.266372
B0FFGFQ0Y3,大众面馆(毛西公路),餐饮服务;中餐厅;中餐厅,109.0941583438174,34.27097242681314,灞桥区,109.099319,34.269726
B0LGZ5UOV2,潼莱倩塑减吧(富力白鹭湾店),餐饮服务;冷饮店;冷饮店,109.11748099155596,34.27124960627698,灞桥区,109.122648,34.269996
B0LAKRND4U,臻香の串串,餐饮服务;中餐厅;火锅店,109.08996841946929,34.271672309482526,灞桥区,109.095125,34.270425
B0KDS5XNZ6,兄弟葫芦头梆梆肉(魏家巷店),餐饮服务;中餐厅;中餐厅,109.08835723759066,34.27196884703386,灞桥区,109.093512,34.270721
B0FFGA4KC2,勤来小吃(毛西公路),餐饮服务;中餐厅;中餐厅,109.09360182854982,34.27108848947008,灞桥区,109.098762,34.269842
B0KDG1X8C1,汪格里拉宠物公园露营烧烤·火锅,餐饮服务;中餐厅;火锅店,109.10810348073782,34.257205609214274,灞桥区,109.11327,34.255952
B0MG2R1W93,馋嘴水饺,餐饮服务;中餐厅;特色/地方风味餐厅,109.08568725456622,34.230043469156215,灞桥区,109.090835,34.228778
B0LKT9XHSE,羊食堂,餐饮服务;中餐厅;中餐厅,109.09321517929476,34.27112156059154,灞桥区,109.098375,34.269875
B0L0SGI6AP,夜市烧烤,餐饮服务;中餐厅;特色/地方风味餐厅,109.1396275870586,34.23666769267734,灞桥区,109.144775,34.235375
B0J6GCNLW9,陈记手工面饺子,餐饮服务;中餐厅;特色/地方风味餐厅,109.0943531787818,34.27092341155992,灞桥区,109.099514,34.269677
B0HKA7IUGU,金马刀鸡汤,餐饮服务;快餐厅;快餐厅,109.13072386024304,34.26924188071828,灞桥区,109.135883,34.267974
B0JALP1ORE,小七家院子,餐饮服务;餐饮相关场所;餐饮相关,109.1108366105875,34.26464193115372,灞桥区,109.116004,34.26339
B0LR9XRVQC,鑫鑫鸡汤刀削面,餐饮服务;中餐厅;中餐厅,109.09601184988364,34.2705793198808,灞桥区,109.101174,34.269333
B0LDRP4067,德蓝餐厅,餐饮服务;中餐厅;中餐厅,109.11750765641352,34.27517700994206,灞桥区,109.122675,34.273925
B0K3CZ1DDR,樱桃再见火锅烧烤煮茶,餐饮服务;中餐厅;火锅店,109.10696087009391,34.232137724978124,灞桥区,109.112125,34.230875
B0MB57KJBS,武汉特色小笼包,餐饮服务;中餐厅;中餐厅,109.09511355514378,34.27072137253224,灞桥区,109.100275,34.269475
B0M69UC666,西头纯碱千层馒头,餐饮服务;餐饮相关场所;餐饮相关,109.1019713550728,34.26849333212765,灞桥区,109.107137,34.267246
B0J065I26A,西安财经大学行知学院-石锅菜,餐饮服务;中餐厅;中餐厅,109.09208588271184,34.22953695688451,灞桥区,109.097241,34.228274
B0FFG4S98E,福星饺子馆(丰景路店),餐饮服务;中餐厅;特色/地方风味餐厅,108.90441239615028,34.3147205010559,未央区,108.909005,34.31312
B0FFH6WKXJ,百盛斋泡馍烧烤(阁老门店),餐饮服务;中餐厅;清真菜馆,108.90416346364596,34.30377448380518,未央区,108.908755,34.302169
B0FFGPUR15,螺虾争霸(大兴东路店),餐饮服务;中餐厅;海鲜酒楼,108.89981144031496,34.28835629382918,莲湖区,108.904399,34.286744
B0FFGFQAPW,汉城盛宴,餐饮服务;中餐厅;四川菜(川菜),108.9038498444887,34.30191334487869,未央区,108.908441,34.300307
B001D104TK,磊鑫楼泡馍面食烧烤,餐饮服务;中餐厅;清真菜馆,108.90441333925924,34.30298280749399,未央区,108.909005,34.301377
B0L3MCMJ7V,甑香卤鹅(汉城南路店),餐饮服务;餐饮相关场所;餐饮相关,108.86703802063906,34.27871047778742,莲湖区,108.871634,34.277118
B0FFH6WKYX,菜多多自助火锅,餐饮服务;中餐厅;火锅店,108.90455797373951,34.30615637047431,未央区,108.90915,34.304552
B0FFFVEJ8Y,河南羊肉烩面(石化大道店),餐饮服务;中餐厅;中餐厅,108.87838191846316,34.32533249790022,未央区,108.882973,34.323748
B0FFGA7YF3,河南羊肉烩面,餐饮服务;快餐厅;快餐厅,108.90469477627688,34.30730083790088,未央区,108.909287,34.305697
B0M6UMNBF5,嘎嘎香东北老饭盒(太奥广场店),餐饮服务;快餐厅;快餐厅,108.88929020500122,34.28548533457572,莲湖区,108.893875,34.283875
B0K3YSEL3E,蜜雪冰城(阁老门村鸿都购物广场正门口店),餐饮服务;冷饮店;冷饮店,108.90449126787742,34.30313273106587,未央区,108.909083,34.301527
B0JB9S0JHD,秦小吾脆皮肉夹馍(长兴园湖曲店),餐饮服务;中餐厅;中餐厅,108.8925503643956,34.29368429067372,莲湖区,108.897136,34.292076
B0J0PA36YM,罗记食品(大兴西路辅路店),餐饮服务;糕饼店;糕饼店|购物服务;购物相关场所;购物相关场所,108.88002371542936,34.28817969113187,莲湖区,108.884611,34.286577
B0GKBNDJF2,乡遇淳化荞面饸饹,餐饮服务;中餐厅;中餐厅,108.90418354861556,34.302531035452304,未央区,108.908775,34.300925
B001D0WEPA,重庆香辣鸡煲(丰禾路店),餐饮服务;中餐厅;四川菜(川菜),108.90248937790332,34.28210200848912,莲湖区,108.907078,34.280487
B0FFI8YN9B,关中情饭店,餐饮服务;中餐厅;西北菜,108.8489061333064,34.27983936713443,未央区,108.853525,34.278275
B001D11LEH,新派川菜鱼庄(大兴西路店),餐饮服务;中餐厅;四川菜(川菜),108.87783460611811,34.28818868613764,莲湖区,108.882423,34.286588
B0LU963ZMG,魅支星桌球俱乐部(鑫苑中心店),餐饮服务;餐饮相关场所;餐饮相关,108.8960894175099,34.28298898340961,莲湖区,108.900675,34.281375
B0K3VRRHX8,杨记汉中热米皮(永安路店),餐饮服务;中餐厅;中餐厅,108.89578690750928,34.29051269877418,莲湖区,108.900373,34.288902
B0K2Z92F57,海荣锅贴(中南·青樾店),餐饮服务;快餐厅;快餐厅,108.89018987443605,34.289634012444495,莲湖区,108.894775,34.288025
B0K0P6OR5H,孙记碗碗香葫芦头梆梆肉,餐饮服务;中餐厅;中餐厅,108.85947061179662,34.27920665973457,莲湖区,108.864075,34.277625
B0GD0C8TX2,张兴邦擀面皮(大兴东路店),餐饮服务;中餐厅;中餐厅,108.90228706303604,34.28766065496772,莲湖区,108.906876,34.286048
B0FFF657VS,杨氏永红面馆(丰禾路店),餐饮服务;中餐厅;中餐厅,108.9027472066802,34.28210699528196,莲湖区,108.907336,34.280492
B0FFFOI5DV,豫东烩面夜市(丰禾路店),餐饮服务;中餐厅;清真菜馆,108.9023224868991,34.28209801580361,莲湖区,108.906911,34.280483
B001D090ZU,新元杨凌蘸水面(丰禾路店),餐饮服务;中餐厅;中餐厅,108.89850057410509,34.282048832869854,莲湖区,108.903087,34.280434
B001D091BM,老谢家羊血大王,餐饮服务;中餐厅;中餐厅,108.85980940291574,34.32420119366456,未央区,108.864417,34.322639
B0MGKKIT9U,老王家肉丁胡辣汤,餐饮服务;中餐厅;中餐厅,108.85393978492182,34.286919765376325,莲湖区,108.858552,34.28535
B0MAPUWU3B,老米家泡馍烧烤,餐饮服务;中餐厅;清真菜馆,108.84753874147091,34.28400825635417,未央区,108.85216,34.282448
B0KK7RQLOO,海底捞夜宵车(米禾农场店),餐饮服务;中餐厅;中餐厅,108.88683960201216,34.30287337357381,未央区,108.891426,34.301272
B0IRVUS4ZF,沙县小吃(和生国际店),餐饮服务;中餐厅;中餐厅,108.89509673103606,34.29516049957203,未央区,108.899683,34.293552
B0GKU5J2RL,秦宝雪花牛肉,餐饮服务;餐饮相关场所;餐饮相关,108.86284577440787,34.28915436284791,莲湖区,108.867447,34.287572
B001D01803,汉唐人家饭庄(石化大道店),餐饮服务;中餐厅;西北菜,108.87687108140598,34.32516412670422,未央区,108.881463,34.323581
B0HR0UWUQ5,削筋面豆花泡馍(沁园春小区店),餐饮服务;中餐厅;中餐厅,108.89233931630524,34.29463079617687,未央区,108.896925,34.293023
B0M69S9SS1,恒翔菠菜面拉条子馆,餐饮服务;中餐厅;中餐厅,108.8524858740096,34.285485999959775,莲湖区,108.8571,34.283918
B0L3JLEO7X,聚星茗坊,购物服务;专卖店;专营店|餐饮服务;茶艺馆;茶艺馆,108.8517096583802,34.286891116248434,莲湖区,108.856325,34.285325
B0I0OC36BX,家合水饺(万科店),餐饮服务;中餐厅;特色/地方风味餐厅,108.85514540030309,34.28723356993518,莲湖区,108.859756,34.285662
B0H2NOK14X,正宗裤带面,餐饮服务;中餐厅;中餐厅,108.8615194708889,34.32379289899127,未央区,108.866125,34.322228
B0H0XC37AY,老巷巴适川香串串,餐饮服务;中餐厅;火锅店,108.90142752300824,34.28858926562868,莲湖区,108.906016,34.286977
B0GU5CW13W,丝路茶语(崇智路店),餐饮服务;茶艺馆;茶艺馆,108.85244369859764,34.28692431765485,莲湖区,108.857058,34.285357
B0G2T95BPR,小妹重庆麻辣烫,餐饮服务;中餐厅;火锅店,108.85546083262528,34.287119121073886,莲湖区,108.860071,34.285547
B0FFH684J0,河南早点(丰景路店),餐饮服务;中餐厅;中餐厅,108.88238154357975,34.314680899538494,未央区,108.88697,34.313088
B0FFGGBRPA,友新葫芦头,餐饮服务;餐饮相关场所;餐饮相关,108.90236607226412,34.324232239352945,未央区,108.906958,34.322636
B0FFGFPIBW,酒相逢悦民便利店(万科·金色悦城店),购物服务;便民商店/便利店;便民商店/便利店|餐饮服务;餐饮相关场所;餐饮相关,108.85332473142152,34.28943368856174,莲湖区,108.857938,34.287866
B001D1050A,小可香川菜(沁园春小区店),餐饮服务;中餐厅;四川菜(川菜),108.89282424570108,34.29466996635316,未央区,108.89741,34.293062
B0FFFO3MQR,全盛祥牛羊肉泡馍馆(御园温泉小区店),餐饮服务;中餐厅;清真菜馆,108.8998241070926,34.29242454219272,未央区,108.904412,34.290814
B0MGV7FAX8,陕味李大嘴土豆片夹馍,餐饮服务;中餐厅;中餐厅,108.9021636207176,34.29415285742307,未央区,108.906753,34.292543
B0MBXSYR0L,小时光东北麻辣烫,餐饮服务;中餐厅;特色/地方风味餐厅,108.89239525074348,34.282899850529844,莲湖区,108.89698,34.281287
B0M6N5ECJ6,巴依塔克椒麻鸡(海德小镇店),餐饮服务;中餐厅;中餐厅,108.88984485481885,34.289925717565175,莲湖区,108.89443,34.288317
B0M626TPR2,祥海回坊泡馍烧烤,餐饮服务;餐饮相关场所;餐饮相关,108.87813078541627,34.3253132713925,未央区,108.882722,34.323729
B0LUPS4QJC,忒色老陕面(梨园路店),餐饮服务;中餐厅;中餐厅,108.90101526851672,34.29477558394474,未央区,108.905604,34.293166
B0LUOMJQ06,鑫盛隆烟酒冷饮批发,餐饮服务;冷饮店;冷饮店,108.90173616715408,34.29068636469501,莲湖区,108.906325,34.289075
B0LRFS73QO,榕嫲食研(海德小镇店),餐饮服务;中餐厅;中餐厅,108.89118980999876,34.28988436847064,莲湖区,108.895775,34.288275
B0LR4NPDBU,麦稻中式健康菜(丰禾路店),餐饮服务;中餐厅;中餐厅,108.90434706654572,34.28211185886729,莲湖区,108.908937,34.280497
B0LGOG51TS,川湘快餐,餐饮服务;快餐厅;快餐厅,108.84678010435816,34.289971391851125,未央区,108.851403,34.288415
B0LBOY6GIR,兰州牛肉面(华宇东原阅境店),餐饮服务;中餐厅;清真菜馆,108.84681530571076,34.288143237951815,未央区,108.851438,34.286586
B0LANZXGBK,壹屋厨香(太奥广场店),餐饮服务;中餐厅;中餐厅,108.88955725494654,34.28492371076257,莲湖区,108.894142,34.283313
B0LAAC4TRF,茗越轩棋牌俱乐部,餐饮服务;茶艺馆;茶艺馆,108.8985477396318,34.29218051187284,莲湖区,108.903135,34.29057
B0L3D97ACN,汉香源汉中热米皮,餐饮服务;中餐厅;中餐厅,108.89887344189827,34.29404174567009,未央区,108.903461,34.292432
B0L34HFP3S,得二菠菜面,餐饮服务;餐饮相关场所;餐饮相关,108.9019407640529,34.29412287453206,未央区,108.90653,34.292513
B0L2FR1W7X,叁签金川串(清真),餐饮服务;中餐厅;火锅店,108.90431207022888,34.28239474373563,莲湖区,108.908902,34.28078
B0L0H7QYFS,禾香红油米线(丰禾万达店),餐饮服务;中餐厅;中餐厅,108.8954896794074,34.281989254142125,莲湖区,108.900075,34.280375
B0L0ACD461,荣胜肉丸糊辣汤腊牛肉夹馍(白家口店),餐饮服务;中餐厅;中餐厅,108.88629086634732,34.286052353511245,莲湖区,108.890876,34.284444
B0K66RVD22,意品葫芦头,餐饮服务;中餐厅;中餐厅,108.89746679229162,34.322043899843294,未央区,108.902056,34.320447
B0K267YIRH,汉乐缘川湘菜,餐饮服务;中餐厅;四川菜(川菜),108.88456420243196,34.31469152565354,未央区,108.889152,34.313097
B0K0XDTLBD,食味酸菜面馆(白家口店),餐饮服务;快餐厅;快餐厅,108.88376410995303,34.288246677911395,莲湖区,108.88835,34.286641
B0K07X9508,中式快餐,餐饮服务;快餐厅;快餐厅,108.860240946967,34.32392696362858,未央区,108.864848,34.322364
B0JDT1A2Q6,月悦宏私房菜海鲜烧烤,餐饮服务;中餐厅;中餐厅,108.86688414265612,34.28775645362608,莲湖区,108.871481,34.286168
B0J6ZKCGWQ,悦欣阁削筋面,餐饮服务;餐饮相关场所;餐饮相关,108.85993750679806,34.32484208283254,未央区,108.864545,34.32328
B0J1T4ZKCT,油泼面(百益雅苑南区店),餐饮服务;中餐厅;中餐厅,108.90136544921629,34.28996967202356,莲湖区,108.905954,34.288358
B0I1TA73KD,诚晨面点(再回楼西安办事处),餐饮服务;餐饮相关场所;餐饮相关,108.8877370033202,34.28678392493501,莲湖区,108.892322,34.285175
B0H6LGAVOA,鑫成鸡汤米线(双府世家花园西区店),餐饮服务;快餐厅;快餐厅,108.87888365868535,34.28201928732958,莲湖区,108.883471,34.280415
B0H65CPEZ3,老碗面(洛门路店),餐饮服务;中餐厅;中餐厅,108.89167313659703,34.31023358583292,未央区,108.89626,34.308633
B0H129BM9K,好一味杂粮煎饼(御园温泉小区店),餐饮服务;餐饮相关场所;餐饮相关,108.90262432417806,34.29411285951495,未央区,108.907214,34.292503
B0FFLITJ46,江西人家酒楼(石化大道店),餐饮服务;中餐厅;综合酒楼,108.8776905252504,34.32553274952536,未央区,108.882282,34.323949
B0FFID966V,大碗菠菜面(天朗·大兴郡悦城店),餐饮服务;快餐厅;快餐厅,108.89543000940796,34.290548590676885,莲湖区,108.900016,34.288938
B0FFI9CORR,小卫鸡汤刀削面,餐饮服务;中餐厅;中餐厅,108.88425612055488,34.314718294099166,未央区,108.888844,34.313124
B001D104PW,杨凌蘸水面,餐饮服务;餐饮相关场所;餐饮相关,108.90463191735562,34.306150363536254,未央区,108.909224,34.304546
B0FFGFPVYH,金辉冷饮批发,餐饮服务;冷饮店;冷饮店|购物服务;购物相关场所;购物相关场所,108.88320082771368,34.31454759399509,未央区,108.887789,34.312954
B0FFHX68V6,晋鼎楼(大兴东路店),餐饮服务;中餐厅;清真菜馆,108.89724569754657,34.28693955379344,莲湖区,108.901832,34.285327
B001D11V8M,瑜瑜饭馆,餐饮服务;中餐厅;中餐厅,108.88645209991634,34.2834755497779,莲湖区,108.891037,34.281866
B0M6B9IC1D,澄城水盆羊肉,餐饮服务;快餐厅;快餐厅,108.86912525641686,34.28778229050753,莲湖区,108.87372,34.286191
B0LKLK6URW,绝味鸭脖(梨园路店),餐饮服务;餐饮相关场所;餐饮相关,108.9014361326233,34.29338519631673,未央区,108.906025,34.291775
B0LGY19FK5,禾牧鲜奶工坊(杏园北路店),餐饮服务;餐饮相关场所;餐饮相关,108.8925743924532,34.29329346971376,莲湖区,108.89716,34.291685
B0L3MGJFAQ,一粉一城新疆炒米粉(万科金色悦城店),餐饮服务;快餐厅;快餐厅,108.85666844233948,34.286943099527754,莲湖区,108.861277,34.285369
B0L2R5MZBW,NOWWA挪瓦咖啡(每一天西安大兴东路光化里店),餐饮服务;咖啡厅;咖啡厅,108.89973753581,34.287637595511896,莲湖区,108.904325,34.286025
B0L251CUN4,澄城水盆羊肉(明堂路店),餐饮服务;快餐厅;快餐厅,108.9013634792118,34.28961082635021,莲湖区,108.905952,34.287999
B0L1CZ4PBE,肯德基车速取餐点(太奥广场店),餐饮服务;餐饮相关场所;餐饮相关,108.88764013374376,34.28503461308713,莲湖区,108.892225,34.283425
B0JUZS2S3V,周懒汉罐罐茶(梨园路店),餐饮服务;餐饮相关场所;餐饮相关,108.89976802808896,34.293765955682886,未央区,108.904356,34.292156
B0J1FXBERP,咥万家排骨面(大兴西路辅路店),餐饮服务;中餐厅;中餐厅,108.8678360552046,34.28786063676832,莲湖区,108.872432,34.286271
B0IDUU36Y2,福建千里香馄饨王(丰景路店),餐饮服务;中餐厅;中餐厅,108.89905569584484,34.31470953050236,未央区,108.903645,34.313109
B0HK1A74VS,喻师傅重庆来凤鱼小马烤肉(阳光台365小区店),餐饮服务;中餐厅;中餐厅,108.90134898592184,34.29585911768485,未央区,108.905938,34.29425
B0H6L4BVJZ,馄饨王,餐饮服务;餐饮相关场所;餐饮相关,108.89928723801808,34.29413475118874,未央区,108.903875,34.292525
B0H257O2A2,玩夫精酿小酒馆(陕西西安莲湖店),体育休闲服务;娱乐场所;酒吧|餐饮服务;冷饮店;冷饮店,108.8796828200364,34.28489779029363,莲湖区,108.88427,34.283294
B0FFIQ06JA,金满楼牛羊肉泡馍,餐饮服务;中餐厅;清真菜馆,108.8918182331573,34.30885627061932,未央区,108.896405,34.307255
B0FFFO5VKO,多味饺子馆(邓六路店),餐饮服务;中餐厅;特色/地方风味餐厅,108.87056929394232,34.2906158289472,莲湖区,108.875163,34.289024
B0FFGZTK31,川湘佳肴(万科金悦店),餐饮服务;中餐厅;四川菜(川菜),108.85483500740077,34.28691121133348,莲湖区,108.859446,34.28534
B0FFFO5X3X,宁厨家饭(沁园春小区店),餐饮服务;中餐厅;中餐厅,108.89140041387697,34.2946234093179,未央区,108.895986,34.293016
B0FFJ8256O,东方烤肉店,餐饮服务;餐饮相关场所;餐饮相关,108.9004816197377,34.29414283879296,未央区,108.90507,34.292533
B0FFGG2QXP,福品香(大兴店),餐饮服务;中餐厅;中餐厅,108.90406177482156,34.28839921884665,莲湖区,108.908652,34.286787
B0FFJRRLDY,周老大梆梆肉葫芦头(汉城北路店),餐饮服务;中餐厅;中餐厅,108.86684911586995,34.28766044901529,莲湖区,108.871446,34.286072
B001D0W2LL,小四川炒菜馆(大兴西路店),餐饮服务;中餐厅;四川菜(川菜),108.88050492852808,34.28820909537744,莲湖区,108.885092,34.286606
B0FFGFQAPX,一把火大盘鸡烧烤,餐饮服务;中餐厅;特色/地方风味餐厅,108.89871584135324,34.314863419248766,未央区,108.903305,34.313263
B0MGRUL12Q,刘记关中搅团,餐饮服务;中餐厅;中餐厅,108.85407102807687,34.28614031019468,莲湖区,108.858683,34.28457
B0MAMR6CHM,鑫悦来面馆,餐饮服务;餐饮相关场所;餐饮相关,108.86896414915932,34.287300296826125,莲湖区,108.873559,34.285709
B0LUZHUJ74,西安金科食品(国亨店),餐饮服务;餐饮相关场所;餐饮相关,108.86709304211304,34.29155609167122,莲湖区,108.87169,34.289969
B0LRGRTJ1O,嘻哈帮火锅(太奥店),餐饮服务;中餐厅;火锅店,108.8919382861475,34.2831315683538,莲湖区,108.896523,34.281519
B0LKGC2LMW,湘村灶头私房菜,餐饮服务;中餐厅;湖南菜(湘菜),108.89625380400614,34.314868974443755,未央区,108.900842,34.313269
B0LG7SV1O4,湘川阁,餐饮服务;中餐厅;中餐厅,108.8965776537317,34.29048989460515,莲湖区,108.901164,34.288879
B0LAPXM6H6,淳化饸饹(崇智路店),餐饮服务;中餐厅;中餐厅,108.85398189024978,34.28633108465068,莲湖区,108.858594,34.284761
B0L3RHO3LT,邻家水饺,餐饮服务;中餐厅;特色/地方风味餐厅,108.90458508287404,34.30454009105792,未央区,108.909177,34.302935
B0L3FH5HH2,渝面王重庆小面,餐饮服务;中餐厅;四川菜(川菜),108.84681018265262,34.2895716162232,未央区,108.851433,34.288015
B0KUOOUOXV,时辰包子·手工鲜包(太奥广场店),餐饮服务;快餐厅;快餐厅,108.89042224512454,34.28494212863968,莲湖区,108.895007,34.283331
B0KRYSRJ7J,西航涮涮(丰收路店),餐饮服务;中餐厅;火锅店,108.87914265708194,34.28366182971666,莲湖区,108.88373,34.282058
B0KKMMELW7,汉茶居,餐饮服务;茶艺馆;茶艺馆,108.86283397577245,34.323762795133966,未央区,108.867438,34.322196
B0K2U4YAZK,香满堂川菜鱼庄(洛门路店),餐饮服务;中餐厅;四川菜(川菜),108.8922402638104,34.30788987952632,未央区,108.896827,34.306288
B0K26RW057,陕北饸饹面,餐饮服务;中餐厅;中餐厅,108.90210518232972,34.28762467482029,莲湖区,108.906694,34.286012
B0JBOZOP63,秦镇米皮,餐饮服务;中餐厅;中餐厅,108.88225950087134,34.31467280676754,未央区,108.886848,34.31308
B0J3UL1T01,惠湘川菜馆,餐饮服务;中餐厅;四川菜(川菜),108.89023996966914,34.28843455152672,莲湖区,108.894825,34.286825
B0J35UPP3C,楼下包子铺(阳光台365东区店),餐饮服务;中餐厅;中餐厅,108.90145393428092,34.29572117903394,未央区,108.906043,34.294112
B0ID6OAKOZ,小史烤肉(大兴西路店),餐饮服务;中餐厅;中餐厅,108.87919442278768,34.2869005000922,莲湖区,108.883782,34.285298
B0FFMDFH15,赵氏凉皮铺子,餐饮服务;餐饮相关场所;餐饮相关,108.90466679896842,34.28240169624639,莲湖区,108.909257,34.280787
B0FFLIJCJI,张军饺子面馆,餐饮服务;快餐厅;快餐厅,108.89144316070464,34.3101845096088,未央区,108.89603,34.308584
B0FFKT2VB3,石化大道小康串烤吧,餐饮服务;中餐厅;综合酒楼,108.8978066394632,34.322257858608936,未央区,108.902396,34.320661
B0FFJ67TZN,竹签烤肉川菜纸包鱼,餐饮服务;中餐厅;四川菜(川菜),108.86037114834777,34.32336841842083,未央区,108.864978,34.321805
B0FFIBRYUD,麻辣香锅(丰禾万达广场店),餐饮服务;中餐厅;中餐厅,108.89582752704568,34.2826410662335,莲湖区,108.900413,34.281027
B0FFFO5Y1D,兰州牛肉拉面(大兴西路辅路店),餐饮服务;中餐厅;清真菜馆,108.86870587330948,34.28779576311546,莲湖区,108.873301,34.286205
B0MGVDEUGH,张巴适爆炒川味三绝(西安太奥广场店),餐饮服务;中餐厅;四川菜(川菜),108.88858827445269,34.284252482873946,莲湖区,108.893173,34.282642
B0MBTZAAC6,塔斯汀中国汉堡(西安市未央梨园店),餐饮服务;快餐厅;快餐厅,108.9010193215017,34.294086883919306,未央区,108.905608,34.292477
B0MBCRO783,成都老味道炝锅鱼,餐饮服务;中餐厅;四川菜(川菜),108.89468083130149,34.28278369126267,莲湖区,108.899266,34.28117
B0LUR73W75,超鸡魔王火锅鸡(太奥广场店),餐饮服务;餐饮相关场所;餐饮相关,108.88870423999056,34.28476332952668,莲湖区,108.893289,34.283153
B0LUDCCFYP,小十子齐齐哈尔烤肉店,餐饮服务;中餐厅;中餐厅,108.85144627966524,34.28690966975205,莲湖区,108.856062,34.285344
B0LR9UP2R8,赵二两火锅供销社(梨园路店),餐饮服务;中餐厅;火锅店,108.896209490091,34.29406026552671,未央区,108.900796,34.292451
B0LR4UPZ4Y,春莱·泰式奶茶·老挝冰咖啡(海德店),餐饮服务;休闲餐饮场所;休闲餐饮场所,108.89096383376447,34.28976731759095,莲湖区,108.895549,34.288158
B0LK9LC105,伊穆斋老米家泡馍,餐饮服务;中餐厅;清真菜馆,108.87950171183502,34.28516851402719,莲湖区,108.884089,34.283565
B0LK7U479P,绝味鸭脖金色花语城,餐饮服务;快餐厅;快餐厅,108.85387569717604,34.286913664108624,莲湖区,108.858488,34.285344
B0LGVMSNEF,野上麦田面包博物馆,餐饮服务;糕饼店;糕饼店,108.89235871529362,34.28962996810716,莲湖区,108.896944,34.28802
B0LGSS6OAT,樊二郎驴蹄子面(太奥广场店),餐饮服务;餐饮相关场所;餐饮相关,108.88884021295664,34.285185223931464,莲湖区,108.893425,34.283575
B0LGFCRYMY,伟伟冰酒酿(西安海德小镇店),餐饮服务;餐饮相关场所;餐饮相关,108.89418944009282,34.28908585614279,莲湖区,108.898775,34.287475
B0LGADGGKH,蜜雪冰城(阳光台365小区店),餐饮服务;冷饮店;冷饮店,108.9007664169036,34.29469561069692,未央区,108.905355,34.293086
B0LG41CBC7,漠北故事·鲜烤牛筋铺(太奥广场店),餐饮服务;中餐厅;中餐厅,108.89189434854096,34.28241185406213,莲湖区,108.896479,34.280799
B0LG379A3P,柳州肥姨妈大骨螺蛳粉(枣园西路店),餐饮服务;中餐厅;中餐厅,108.8523346725469,34.2853348147838,莲湖区,108.856949,34.283767
B0LDLRLWMM,库迪咖啡(海德潮街店),餐饮服务;餐饮相关场所;餐饮相关,108.8905658448826,34.28986709132403,莲湖区,108.895151,34.288258
B0LB7CFCZH,张兴邦擀面皮肉夹馍,餐饮服务;中餐厅;中餐厅,108.89107923973856,34.2846215677573,莲湖区,108.895664,34.28301
B0LANBM140,柳州肥姨妈大骨螺蛳粉(丰禾路太奥店),餐饮服务;中餐厅;中餐厅,108.89227432453448,34.282171110101146,莲湖区,108.896859,34.280558
B0LAGUUG7W,匠岳·王宝器麻椒鱼(太奥广场店),餐饮服务;中餐厅;中餐厅,108.89222532114648,34.282288041207366,莲湖区,108.89681,34.280675
B0LA3H8RKJ,铁桥菊莲凉皮麻辣烫(西安阳光台店),餐饮服务;中餐厅;特色/地方风味餐厅,108.90133407492732,34.294861552899754,未央区,108.905923,34.293252
B0L6U66Z26,貂蝉冒菜(御园温泉小区店),餐饮服务;中餐厅;中餐厅,108.90086241062858,34.29409687480999,未央区,108.905451,34.292487
B0L6PC0X2Z,库迪咖啡(西安太奥广场店),餐饮服务;咖啡厅;咖啡厅,108.88734111049358,34.28490549088482,莲湖区,108.891926,34.283296
B0L6KD5II2,霸王茶姬(西安光化里店),餐饮服务;餐饮相关场所;餐饮相关,108.89967856518948,34.28764458757023,莲湖区,108.904266,34.286032
B0L617N4RG,牛得钢·齐齐哈尔烤肉自助(丰禾万达广场店),餐饮服务;餐饮相关场所;餐饮相关,108.89473682002205,34.2827517214158,莲湖区,108.899322,34.281138
B0L3M7N1CG,沪上阿姨鲜果茶(君悦华府店),餐饮服务;休闲餐饮场所;休闲餐饮场所,108.89533875128645,34.294084035307456,未央区,108.899925,34.292475
B0L3M7M20K,沪上阿姨·精选茶饮(西安梨园路店),餐饮服务;休闲餐饮场所;休闲餐饮场所,108.89550479113288,34.29300055036349,未央区,108.900091,34.291391
B0L35KD895,瑞幸咖啡(和生国际店),餐饮服务;咖啡厅;咖啡厅,108.89341814212612,34.29472915660425,未央区,108.898004,34.293121
B0L34HFW9I,武空涮肉(西二环店),餐饮服务;中餐厅;火锅店,108.89094383170524,34.289807291336885,莲湖区,108.895529,34.288198
B0L2TR3X8O,库迪咖啡(万科金色悦城立信路店),餐饮服务;咖啡厅;咖啡厅,108.85408492067084,34.287710662369136,莲湖区,108.858697,34.286141
B0L2MLYWQN,爷爷不泡茶NOYEYENOTEA(西安太奥广场店),餐饮服务;冷饮店;冷饮店,108.88926932712184,34.28395697234553,莲湖区,108.893854,34.282346
B0L21ZSNZ0,螺旋桨螺蛳粉(金色悦城店),餐饮服务;餐饮相关场所;餐饮相关,108.85445649147265,34.28693359393075,莲湖区,108.859068,34.285363
B0L1ZCNVRG,瑞幸咖啡,餐饮服务;休闲餐饮场所;休闲餐饮场所,108.85871956263746,34.280704899466414,莲湖区,108.863325,34.279125
B0L1JH9NYP,库迪咖啡(光化里店),餐饮服务;咖啡厅;咖啡厅,108.89945566426348,34.28779950122415,莲湖区,108.904043,34.286187
B0L1B5Z2QV,库迪咖啡(太奥广场丰和坊北区店),餐饮服务;咖啡厅;咖啡厅,108.8898402553085,34.28493584821413,莲湖区,108.894425,34.283325
B0L16SS0D0,鸡柳大人(君悦华府店),餐饮服务;快餐厅;快餐厅,108.89554268161402,34.29422802703139,未央区,108.900129,34.292619
B0L107D90O,熊麻婆现炒浇头面·饭(西安太奥广场店),餐饮服务;中餐厅;中餐厅,108.88906126125464,34.28469754905722,莲湖区,108.893646,34.283087
B0KRSSH77S,泰熙家(太奥广场店),餐饮服务;餐饮相关场所;餐饮相关,108.88853526090286,34.28438139908745,莲湖区,108.89312,34.282771
B0KRFHOWZI,九多肉多(金色花语城店),餐饮服务;餐饮相关场所;餐饮相关,108.85369344595908,34.28691036968027,莲湖区,108.858306,34.285341
B0KKLU7BCC,霸王茶姬(西安太奥广场店),餐饮服务;冷饮店;冷饮店,108.8873910892965,34.28524337718723,莲湖区,108.891976,34.283634
B0KKF7QT0Y,棒约翰披萨(西安光化里店),餐饮服务;快餐厅;快餐厅,108.89910884516216,34.28764253286207,莲湖区,108.903696,34.28603
B0KKBDR0UZ,米村拌饭(丰禾万达广场店),餐饮服务;快餐厅;快餐厅,108.8950267539289,34.28264984855824,莲湖区,108.899612,34.281036
B0KK9DLDZZ,Tims天好咖啡(方欣海德小镇店),餐饮服务;咖啡厅;咖啡厅,108.89385550077576,34.28921269274003,莲湖区,108.898441,34.287602
B0KGXMORAS,乡党臊子面(太奥广场店),餐饮服务;中餐厅;中餐厅,108.8884192276672,34.28470219884877,莲湖区,108.893004,34.283092
B0KGJR4AW7,乐班Le’ban·农场餐厅(米禾农场店),餐饮服务;外国餐厅;西餐厅(综合风味),108.88614353504164,34.30231718154365,未央区,108.89073,34.300716
B0K6NN20B9,塔斯汀中国汉堡(西安市莲湖太奥广场店),餐饮服务;快餐厅;快餐厅,108.8893353155624,34.28412093718914,莲湖区,108.89392,34.28251
B0K3YDGIQW,德元兰州纯汤牛肉面(梨园路店),餐饮服务;中餐厅;清真菜馆,108.89682228147018,34.294059401360734,未央区,108.901409,34.29245
B0K3OZZ5LI,刘文祥麻辣烫(太奥广场店),餐饮服务;餐饮相关场所;餐饮相关,108.8892072772987,34.28455668571996,莲湖区,108.893792,34.282946
B0K2ZA1IXV,益禾堂(西安市莲湖区太奥广场店),餐饮服务;休闲餐饮场所;休闲餐饮场所,108.88912933313644,34.283830952354066,莲湖区,108.893714,34.28222
B0K1OX33L5,霸舌生滚牛肉米粉(太奥广场店),餐饮服务;餐饮相关场所;餐饮相关,108.88959025033073,34.28498570123023,莲湖区,108.894175,34.283375
B0K1N5OPB4,螺旋桨螺蛳粉(太奥广场店),餐饮服务;中餐厅;中餐厅,108.88869225097724,34.28461838451387,莲湖区,108.893277,34.283008
B0JUPDNKJU,張紅召道口烧鸡(天朗·大兴郡悦城店),餐饮服务;餐饮相关场所;餐饮相关,108.89699849908548,34.290556953859536,莲湖区,108.901585,34.288946
B0JUP67O8W,柠季·手打柠檬茶(西安太奥广场街区店),餐饮服务;餐饮相关场所;餐饮相关,108.88946232918092,34.283982061561915,莲湖区,108.894047,34.282371
B0JULYQD37,半天妖烤鱼(西安丰禾万达广场店),餐饮服务;中餐厅;特色/地方风味餐厅,108.89442888432288,34.282874576308245,莲湖区,108.899014,34.281261
B0JKC5K2QF,永信斋牛羊肉泡馍,餐饮服务;中餐厅;清真菜馆,108.85947650435892,34.28063207130688,莲湖区,108.864081,34.279051
B0JGGCOD8E,不二烧烤(丰禾路店),餐饮服务;中餐厅;特色/地方风味餐厅,108.891812354134,34.282446805195256,莲湖区,108.896397,34.280834
B0JDDMQAVH,沪上阿姨·精选茶饮(西安丰禾万达广场店),餐饮服务;餐饮相关场所;餐饮相关,108.89540265681453,34.28257998185951,莲湖区,108.899988,34.280966
B0JD1S60KM,蜜雪冰城(皂河地铁C口右侧重信广场店),餐饮服务;冷饮店;冷饮店,108.8478180626446,34.285270204327595,未央区,108.852439,34.28371
B0J6THY2N9,兰湘子·湘菜小炒(西安丰禾路万达店),餐饮服务;中餐厅;湖南菜(湘菜),108.89505974359962,34.28266984946509,莲湖区,108.899645,34.281056
B0J6353ZMD,瑞幸咖啡(太奥广场店),餐饮服务;餐饮相关场所;餐饮相关,108.88865826274866,34.284448438080304,莲湖区,108.893243,34.282838
B0J3FD1HBQ,西塔吉弘源泥炉烤肉(太奥广场店),餐饮服务;中餐厅;中餐厅,108.88804017594369,34.284984865530845,莲湖区,108.892625,34.283375
B0J365KEHV,辣动时代自助小火锅(梨园路店),餐饮服务;中餐厅;火锅店,108.89718514684344,34.29408246400028,未央区,108.901772,34.292473
B0J2UU2D6M,西安饭庄·非遗(汉城湖店),餐饮服务;中餐厅;中餐厅,108.89044086601864,34.30211367829681,未央区,108.895027,34.30051
B0J2R5UNMW,池奈日式咖喱蛋包饭(西安丰禾万达广场店),餐饮服务;外国餐厅;日本料理,108.8939989937111,34.282700513005246,莲湖区,108.898584,34.281087
B0J29CRUH1,江贰辣西安老牌串串香(皂河店),餐饮服务;中餐厅;火锅店,108.84641575173794,34.28741185307522,未央区,108.851039,34.285855
B0J24S1PVP,邹家军铁锅炖(太奥广场店),餐饮服务;中餐厅;中餐厅,108.8885282749892,34.2842004719388,莲湖区,108.893113,34.28259
B0IR4Z05QW,羊莊胡同酸菜涮肉(枣园店),餐饮服务;中餐厅;火锅店,108.85194516536112,34.28476841077995,莲湖区,108.85656,34.283201
B0IKRNBJPQ,素心茶房(太奥广场店),餐饮服务;茶艺馆;茶艺馆,108.8875471216698,34.285060547381285,莲湖区,108.892132,34.283451
B0IGV72R0W,肯德基(梨园路店),餐饮服务;快餐厅;肯德基,108.90254233956207,34.294595652751184,未央区,108.907132,34.292986
B0IGTDHEBJ,叁宝烤肉·西安烧烤(枣园路店),餐饮服务;中餐厅;特色/地方风味餐厅,108.85282932067976,34.28594037164123,莲湖区,108.857443,34.284372
B0IGJANDV2,陈聚德炒牛肉(梨园路店),餐饮服务;中餐厅;中餐厅,108.8998149302025,34.29468555926549,未央区,108.904403,34.293076
B0IAJKLDUX,蜜雪冰城(君悦华府店),餐饮服务;冷饮店;冷饮店,108.8955077061002,34.29404909567814,未央区,108.900094,34.29244
B0I6BR1IWD,壹品刘泡馍馆(中南·青樾店),餐饮服务;中餐厅;中餐厅,108.89008797076424,34.28845546882728,莲湖区,108.894673,34.286846
B0I2H1CGIJ,胡珍珍猪肘饭(太奥广场点店),餐饮服务;中餐厅;中餐厅,108.8893082165896,34.28534640301304,莲湖区,108.893893,34.283736
B0FFF65CDT,药膳美食(向荣小区店),餐饮服务;中餐厅;中餐厅,108.9459409406552,34.28294622947505,新城区,108.950609,34.281375
B0FFIFBOD0,牛福顺铜锅涮肉,餐饮服务;中餐厅;火锅店,108.91359874189968,34.28222179863452,莲湖区,108.918198,34.28061
B0FFGFPSCI,至泰红酒(都市雅苑店),餐饮服务;休闲餐饮场所;休闲餐饮场所,108.9397884800628,34.291303722713764,莲湖区,108.94444,34.289725
B0FFF64VMQ,段青平凉菜专卖(西铁大明宫住宅小区东区店),购物服务;购物相关场所;购物相关场所|餐饮服务;餐饮相关场所;餐饮相关,108.96151122709468,34.31546374467959,未央区,108.966233,34.313941
B0FFHDS1QE,河间府·宁记驴肉火烧,餐饮服务;中餐厅;中餐厅,108.94377458666771,34.31520707166762,未央区,108.948439,34.313646
B0FFG3Q882,汉莲热米皮(凤鸣路店),餐饮服务;中餐厅;中餐厅,108.92901931106672,34.313234610304086,未央区,108.933647,34.31165
B0FFJDWLL2,金刀铜锅涮肉(宫园壹号2期店),餐饮服务;中餐厅;火锅店,108.9463946565594,34.294550377395645,莲湖区,108.951065,34.292985
B0FFIGS8XI,张伟铜锅涮肉(永祥路店),餐饮服务;餐饮相关场所;餐饮相关,108.9373803553978,34.29578469425526,未央区,108.942026,34.294204
B0FFI9IQ60,绥德羊杂碎羊肉面(文景路纬三十街总店),餐饮服务;中餐厅;中餐厅,108.9321580014052,34.30660556659577,未央区,108.936792,34.305022
B0FFHSLRNY,杨凌蘸水面(农兴路24号院店),餐饮服务;中餐厅;中餐厅,108.93757722590033,34.29122336420722,莲湖区,108.942223,34.289641
B0FFGG1Z61,骨头帮宠物(西安未央区),餐饮服务;中餐厅;中餐厅,108.92905017748409,34.31408518321358,未央区,108.933678,34.312501
B001D0WCN3,广东粤秀餐厅,餐饮服务;中餐厅;广东菜(粤菜),108.93177233672976,34.31320009746145,未央区,108.936406,34.311619
B001D07UD0,海港美容美体养生会所(西线大厦店),生活服务;美容美发店;美容美发店|餐饮服务;餐饮相关场所;餐饮相关,108.92165381617136,34.28219205171749,莲湖区,108.926265,34.280586
B0FFIW9Y5B,木桶饭瓦罐汤,餐饮服务;中餐厅;中餐厅,108.9290083365167,34.31320463741683,未央区,108.933636,34.31162
B0KUA70KK9,祥客基鲍汁肥牛鸡公煲(盛龙广场店),餐饮服务;餐饮相关场所;餐饮相关,108.9391992815151,34.30056965251397,未央区,108.94385,34.298994
B0KA2HA5YA,贡茶(名京·九合院店),餐饮服务;冷饮店;冷饮店,108.939154701362,34.30915988229375,未央区,108.943806,34.307588
B0K1CLBW7N,雨桐沙县小吃(振华南路店),餐饮服务;中餐厅;中餐厅,108.93779728669764,34.28355929025962,莲湖区,108.942443,34.281974
B0FFKPGCVU,川香缘平价川菜(龙首村东区店),餐饮服务;中餐厅;四川菜(川菜),108.94868591562546,34.29243776378666,莲湖区,108.953363,34.290876
B0FFF3O3IN,横山香草羊肉(金泰·财富中心店),餐饮服务;中餐厅;中餐厅,108.93530028047746,34.310962120793214,未央区,108.939942,34.309385
B0FFF651YS,重庆川菜(龙首北路西段店),餐饮服务;中餐厅;中餐厅,108.93031808115828,34.29419048297368,莲湖区,108.934947,34.292599
B0FFHEJB4E,彭府酥铺(青门西区店),餐饮服务;糕饼店;糕饼店,108.93066831914052,34.29419003276377,莲湖区,108.935298,34.292599
B0FFIKG3EJ,王记粉汤羊血(北稍门西社区店),餐饮服务;中餐厅;中餐厅,108.93713210447912,34.28193102950014,莲湖区,108.941776,34.280344
B0FFH237SP,川味小火锅砂锅冒菜,餐饮服务;中餐厅;火锅店,108.90588583672252,34.28215460479051,莲湖区,108.910477,34.28054
B001D10YEH,柯佳茶业(西安市政家属院店),餐饮服务;茶艺馆;茶艺馆|购物服务;专卖店;专营店,108.914851096017,34.2825319642782,莲湖区,108.919452,34.280921
B001D07JC5,老顾客卤菜凉菜店,餐饮服务;餐饮相关场所;餐饮相关,108.9461177405145,34.29129632307869,莲湖区,108.950787,34.289729
B0MG1XTCQ0,冒二麻一麻辣香锅·川蜀冒菜(莲湖店),餐饮服务;快餐厅;快餐厅,108.91270919637634,34.290234840849415,莲湖区,108.917308,34.288626
B0MAPCWJ6I,陆东包子铺,餐饮服务;快餐厅;快餐厅,108.95632067619256,34.323706199292936,未央区,108.961025,34.322175
B0M6G7PCT9,陕二丫擀面皮凤城三路店,餐饮服务;中餐厅;中餐厅,108.95662165658428,34.32366752825591,未央区,108.961327,34.322137
B0LGNOX1OQ,七彩虹数码配件,餐饮服务;餐饮相关场所;餐饮相关,108.9280432357026,34.31445022554559,未央区,108.932669,34.312865
B0LG6MHSI8,西府二师兄擀面皮臊子面,餐饮服务;餐饮相关场所;餐饮相关,108.9395846987879,34.31989624309981,未央区,108.944238,34.31833
B0LDDHCVX6,四喜云厨(老城根龙首店),餐饮服务;餐饮相关场所;餐饮相关,108.9270259344058,34.28170979846735,莲湖区,108.931647,34.280109
B0LAYMUMA2,吴记老潼关肉夹馍,餐饮服务;中餐厅;中餐厅,108.90934911754128,34.32552132885779,未央区,108.913947,34.323927
B0L2A72THZ,鹿森Cake生日蛋糕,餐饮服务;糕饼店;糕饼店,108.94894471736782,34.32192296458561,未央区,108.953625,34.320375
B0L29DRPOL,6茶共享茶室,餐饮服务;茶艺馆;茶艺馆,108.94091115390404,34.31987500505442,未央区,108.945568,34.318311
B0KKXD4TB3,妹纸纸包鱼川湘家常菜,餐饮服务;中餐厅;四川菜(川菜),108.9366595347597,34.291238795395046,莲湖区,108.941303,34.289655
B0KDH9KWMQ,饭盒故事(未央店),餐饮服务;中餐厅;中餐厅,108.93728377050344,34.30601231691697,未央区,108.94193,34.304436
B0K2G7O7XL,西米优(名京九合院店),餐饮服务;餐饮相关场所;餐饮相关,108.93820020162264,34.30888256447408,未央区,108.942849,34.307309
B0JKPHUGEZ,紫燕百味鸡,餐饮服务;餐饮相关场所;餐饮相关,108.91137840613118,34.28219688266877,莲湖区,108.915975,34.280584
B0JBYMVIXE,京小铺北京烤鸭(莲湖店),餐饮服务;餐饮相关场所;餐饮相关,108.93046375271967,34.281969529681795,莲湖区,108.935092,34.280373
B0JBU7HTAC,曹氏鸭脖,餐饮服务;餐饮相关场所;餐饮相关,108.92781133538152,34.28193879730289,莲湖区,108.932434,34.280339
B0GKYUHRDB,一粉一城新疆炒米粉(凤城二路店),餐饮服务;餐饮相关场所;餐饮相关,108.94867484920158,34.318219234537295,未央区,108.953354,34.316669
B0GKAKZ64O,一粉一城新疆炒米粉(雅阁宾馆店),餐饮服务;快餐厅;快餐厅,108.90659320795348,34.28242834553976,莲湖区,108.911185,34.280814
B0FFM8WM5C,包鲜森(梨园路店),餐饮服务;快餐厅;快餐厅,108.91230932881412,34.294554163872164,未央区,108.916908,34.292947
B0FFHI93M3,冬强烧烤串串店(兴中路店),餐饮服务;中餐厅;清真菜馆,108.93007424372136,34.28632318175004,莲湖区,108.934702,34.284728
B0FFHDTOOB,鑫聚坊北京烤鸭,餐饮服务;餐饮相关场所;餐饮相关,108.91029860506347,34.28217333446732,莲湖区,108.914894,34.28056
B0FFJCC1WA,老关中邢家蒸碗(名京总店),餐饮服务;中餐厅;中餐厅,108.93780423557855,34.30864330746928,未央区,108.942452,34.307069
B0FFJ5OVIO,清雅水盆牛羊肉(名京·九合院锦荟苑店),餐饮服务;餐饮相关场所;餐饮相关,108.93661329542904,34.30795448888458,未央区,108.941258,34.306378
B0FFJ1K006,大秦手擀面(蓝天华庭店),餐饮服务;餐饮相关场所;餐饮相关,108.94796176823657,34.30911283407301,未央区,108.952638,34.307557
B0FFHTMMAS,乾县豆腐脑,餐饮服务;中餐厅;中餐厅,108.90888904561328,34.28249769566328,莲湖区,108.913483,34.280884
B0FFF64V3W,春润老渔村(文景观园店),餐饮服务;中餐厅;中餐厅,108.92791270505548,34.3243107985514,未央区,108.932539,34.32273
B001D0W0D9,福建海鲜酒楼(玄武路店),餐饮服务;中餐厅;海鲜酒楼,108.9487773865311,34.30776180612883,未央区,108.953456,34.306207
B0FFHSLQW4,东阔火烧夹馍店,餐饮服务;中餐厅;中餐厅,108.92828043446744,34.281210550566634,莲湖区,108.932904,34.279611
B001D09GMS,时代茶苑(文景路店),餐饮服务;茶艺馆;茶艺馆,108.9335194739602,34.2991659903295,未央区,108.938156,34.297581
B0FFJ7Y1VK,巷陌坊剪刀面(锦园君逸西区店),餐饮服务;中餐厅;中餐厅,108.96081887189168,34.31340037763982,未央区,108.965538,34.311875
B0FFHEP18N,松园酸菜鱼火锅(龙首原店),餐饮服务;中餐厅;火锅店,108.9475163034476,34.29453419064991,莲湖区,108.95219,34.292971
B0FFHCCJ8B,泉州牛肉火锅馆(锦园君逸店),餐饮服务;中餐厅;中餐厅,108.96084167843264,34.314768695250585,未央区,108.965561,34.313244
B0FFHCCJ7K,刘记酸菜鱼,餐饮服务;中餐厅;火锅店,108.95658646869276,34.31520654009161,未央区,108.961291,34.313672
B001D137S3,马东亮烤肉小海鲜,餐饮服务;中餐厅;清真菜馆,108.93165120494118,34.29346305653105,莲湖区,108.936283,34.291873
B0LKVR5QWI,洪狮胖子馄饨(龙首店),餐饮服务;餐饮相关场所;餐饮相关,108.9477047254179,34.294643769773685,莲湖区,108.952379,34.293081
B0L31SV9Y0,帕乐特纯手工披萨(丰禾路店),餐饮服务;外国餐厅;西餐厅(综合风味),108.91211255437295,34.28221454483768,莲湖区,108.91671,34.280602
B0L16RT023,双酱饼皇土豆片夹馍,餐饮服务;中餐厅;中餐厅,108.92765664877948,34.28194497502699,莲湖区,108.932279,34.280345
B0JGJ960SP,老街坊焖面馆(莲湖店),餐饮服务;中餐厅;中餐厅,108.90930304987904,34.289665505481125,莲湖区,108.913898,34.288055
B0JAARJB5F,橙子家·甜点蛋糕(市图书馆店),餐饮服务;糕饼店;糕饼店,108.94889219701145,34.31802388515755,未央区,108.953572,34.316474
B0FFLOVQHB,老白烧烤二蛋扯面烩麻食(红庙坡路店),餐饮服务;中餐厅;中餐厅,108.92776292262896,34.2882691642741,莲湖区,108.932386,34.286672
B0FFK88RS6,清真老丁家酱腊牛羊肉(凤城一路海璟台北湾北区),餐饮服务;快餐厅;快餐厅,108.9287456991628,34.31551089913246,未央区,108.933373,34.313927
B001D0VXJU,沙县小吃(鼎新花园店),餐饮服务;中餐厅;特色/地方风味餐厅,108.95435496003056,34.31522356857524,未央区,108.959052,34.313684
B0FFIPEXCL,马壹兴牛羊肉泡馍(新福兴理想城店),餐饮服务;中餐厅;清真菜馆,108.92075454252787,34.30429124596916,未央区,108.925366,34.302694
B0FFHNZND6,老苗元宵大王,餐饮服务;甜品店;甜品店,108.942867436026,34.28702920769169,莲湖区,108.947527,34.285454
B0FFF65CEB,涛涛鸡汤臊子刀削面(电信家属院店),餐饮服务;中餐厅;中餐厅,108.9466816372129,34.28430422398944,新城区,108.951352,34.282735
B0MGVLFXCZ,胖海丸子汤·烧烤(凤城一路店),餐饮服务;餐饮相关场所;餐饮相关,108.92958393383904,34.315508870439,未央区,108.934213,34.313926
B0MGBMSRAN,聚点盐筋烤肉,餐饮服务;外国餐厅;外国餐厅,108.91284065743396,34.282518065177086,莲湖区,108.917439,34.280906
B0J13OOWER,百家盛生熟牛羊肉,餐饮服务;中餐厅;中餐厅,108.923792764013,34.285777514057514,莲湖区,108.928408,34.284175
B0I3TUE965,牛娃家冷饮冻品批发(开元路南段店),餐饮服务;冷饮店;冷饮店,108.9487802803101,34.30895626092903,未央区,108.953459,34.307402
B0FFHS85NO,老四香猪蹄(北郊总店),餐饮服务;中餐厅;西北菜,108.93461054291969,34.303536482532664,未央区,108.93925,34.301955
B0FFH5OHVB,老余热米皮(大兴景苑店),餐饮服务;中餐厅;中餐厅,108.91089211936732,34.29256465671892,莲湖区,108.915489,34.290956
B0FFF64WI9,庆阳老赵家羊肉(凤城三路店),餐饮服务;中餐厅;中餐厅,108.95273659488286,34.32344829607197,未央区,108.957429,34.321909
B0MG552ANO,袁老大庆阳羊肉馆,餐饮服务;中餐厅;中餐厅,108.93693136710016,34.29725875305506,未央区,108.941576,34.295678
B0MAMZ5BYV,雪泊仕雪糕批发超市(大兴店),餐饮服务;冷饮店;冷饮店,108.90794616698464,34.29243972864476,莲湖区,108.91254,34.29083
B0LUCUUGH2,清真京灼记北京烤鸭(龙首原店),餐饮服务;餐饮相关场所;餐饮相关,108.92929828925828,34.29386790444561,莲湖区,108.933925,34.292275
B0LB4DDYRM,牛回你·牛肉盖码饭(西安店),餐饮服务;中餐厅;中餐厅,108.96390439766132,34.28063312244048,新城区,108.968632,34.279101
B0LAJRGDJR,今喜滋酸奶食研屋(龙首店),餐饮服务;餐饮相关场所;餐饮相关,108.9457049565,34.291280121176214,莲湖区,108.950373,34.289712
B0L01LG8D9,多优优阿甘卤味六店,餐饮服务;餐饮相关场所;餐饮相关,108.90986987250972,34.28453849516595,莲湖区,108.914465,34.282926
B0KU9ATP0U,竹签烤肉纸包鱼(新福兴理想城店),餐饮服务;餐饮相关场所;餐饮相关,108.92113890358152,34.304287915217,未央区,108.925751,34.302691
B0KD6UE0G4,清真楼上楼泡馍馆(龙首北路店),餐饮服务;餐饮相关场所;餐饮相关,108.92426624543052,34.293859562813175,莲湖区,108.928883,34.292261
B0KD4H0J71,炒方便面是招牌,餐饮服务;快餐厅;快餐厅,108.9378560240846,34.2972882808059,未央区,108.942503,34.295709
B0KBFHUVME,兔宝煎饼卷面筋(自强西路店),餐饮服务;餐饮相关场所;餐饮相关,108.9304906932478,34.28198049043664,莲湖区,108.935119,34.280384
B0KB2LNN7N,吉发瓦香鸡米饭(未央路店),餐饮服务;餐饮相关场所;餐饮相关,108.94030564236124,34.29697938094211,未央区,108.944959,34.295404
B0K099YT1C,溜哒咩咩蛙美蛙鱼头耗儿鱼火锅,餐饮服务;中餐厅;火锅店,108.9401460949202,34.29665579297098,未央区,108.944799,34.29508
B0IAJDW0PP,牛军肉夹馍擀面皮(名京·九合院锦荟苑店),餐饮服务;餐饮相关场所;餐饮相关,108.93871198131342,34.307618305108875,未央区,108.943362,34.306045
B0H3TLQLGI,冬强串串烧烤(自强西路2分店),餐饮服务;中餐厅;中餐厅,108.9339289446873,34.28148702294614,莲湖区,108.938565,34.279895
B0FFKTSRVV,蓝燕渭南包子铺(静安荟生活奥特莱斯店),餐饮服务;快餐厅;快餐厅,108.94326227725531,34.28764123277361,莲湖区,108.947923,34.286067
B0FFKPGNCU,支记齿留香黄焖鸡米饭(龙首店),餐饮服务;中餐厅;中餐厅,108.92819878776174,34.2912973488884,莲湖区,108.932823,34.289702
B0FFHJG6FH,农夫麻辣香锅(凤城一路店),餐饮服务;中餐厅;中餐厅,108.95457327644584,34.314727311105415,未央区,108.959271,34.313188
B0FFF64WQB,佘家老手艺面道馆(阳光北郡北区店),餐饮服务;中餐厅;中餐厅,108.92616824604374,34.298764410352106,未央区,108.930789,34.29717
B0FFIP4OVT,无矾香酥油条,餐饮服务;快餐厅;快餐厅,108.9486279791356,34.293840272115816,莲湖区,108.953305,34.292279
B0FFF659GD,香香猪蹄(送变电社区店),餐饮服务;餐饮相关场所;餐饮相关,108.92166865115756,34.28392630557565,莲湖区,108.92628,34.282321
B001D07UVK,清真·回坊大老四生熟牛羊肉(铁路工房小区店),购物服务;综合市场;农副产品市场|餐饮服务;餐饮相关场所;餐饮相关,108.91889631914066,34.28194945433682,莲湖区,108.923503,34.280341
B0FFHHCL8S,蒲城传统包子店(原王赵巷店),餐饮服务;中餐厅;中餐厅,108.925017453863,34.28632103489329,莲湖区,108.929635,34.28472
B0FFHTO51B,宝鸡面馆(煜星·凤鸣华府店),餐饮服务;中餐厅;中餐厅,108.95709822539212,34.3212785495747,未央区,108.961805,34.319748
B0MGVLFLEO,T·Baoge唐堡嗝手作牛肉汉堡·美式热狗(龙首店),餐饮服务;快餐厅;快餐厅,108.94635873749208,34.294864310069336,莲湖区,108.951029,34.293299
B0MGSRMZZL,美包包榴莲,餐饮服务;餐饮相关场所;餐饮相关,108.94801179446294,34.28235742621962,新城区,108.952686,34.28079
B0MGLDNA09,淮郡主牛肉汤烧饼(丰禾路店),餐饮服务;中餐厅;中餐厅,108.91287664017224,34.28218718673539,莲湖区,108.917475,34.280575
B0MG76G7C1,老三鸡公煲,餐饮服务;中餐厅;中餐厅,108.95363142021137,34.31431458308708,未央区,108.958326,34.312773
B0MG5H1OQQ,东关吉祥(自强西路店),餐饮服务;中餐厅;中餐厅,108.94052231264364,34.28155663773436,莲湖区,108.945175,34.279975
B0MG1XTXY4,老陕大碗面,餐饮服务;餐饮相关场所;餐饮相关,108.92710876935284,34.281708704788066,莲湖区,108.93173,34.280108
B0MBZODL7P,御卤世家椒麻鸡(丰禾路店),餐饮服务;餐饮相关场所;餐饮相关,108.91023167795788,34.28216336433282,莲湖区,108.914827,34.28055
B0MBTZB6U3,兴早田小笼包(自强西路店),餐饮服务;中餐厅;中餐厅,108.93145359759887,34.28169135401584,莲湖区,108.936084,34.280096
B0MBTDC9X2,咱那旮瘩,餐饮服务;中餐厅;中餐厅,108.93668250639986,34.31555691873806,未央区,108.941328,34.313984
B0MB2U0Z25,郑鲜坊椒盐蘑菇现炸小酥肉,餐饮服务;餐饮相关场所;餐饮相关,108.92835119401768,34.28238297249217,莲湖区,108.932975,34.280784
B0MAMP5U1D,赵芳玲真味鲜水饺,餐饮服务;中餐厅;特色/地方风味餐厅,108.94432898456512,34.315432944878474,未央区,108.948995,34.313873
B0MAB9U0A4,臻蜀鲜美蛙鱼火锅,餐饮服务;中餐厅;火锅店,108.93357899532688,34.29100646506182,莲湖区,108.938215,34.289418
B0MA6SJVV9,粤客隆猪脚饭未央店,餐饮服务;中餐厅;中餐厅,108.95139570349376,34.31370968184782,未央区,108.956083,34.312163
B0M6Z71LAY,恋李小罐米线,餐饮服务;中餐厅;中餐厅,108.93909395164856,34.308035490497275,未央区,108.943745,34.306463
B0M69P8PV2,99分烤猪蹄(龙首印象城店),餐饮服务;快餐厅;快餐厅,108.94352497403698,34.29454977275146,未央区,108.948187,34.292979
B0LULZ5ELD,蜀渝拌·重庆凉拌菜((盛龙天誉店)),餐饮服务;餐饮相关场所;餐饮相关,108.93915850391018,34.29914534891714,未央区,108.943809,34.297569
B0LUGZALTA,秦面匠岐山面,餐饮服务;中餐厅;中餐厅,108.93847739829664,34.285308454222424,莲湖区,108.943125,34.283725
B0LR7CJ4W7,辣辣饼屋(凤城一路店),餐饮服务;餐饮相关场所;餐饮相关,108.954823402532,34.31523951772842,未央区,108.959522,34.313701
B0LKUCZCKP,阿龙地摊鲜炒鸡,餐饮服务;中餐厅;山东菜(鲁菜),108.93760018029496,34.29106639555793,莲湖区,108.942246,34.289484
B0LKJR2SMB,老吴岐香面馆,餐饮服务;中餐厅;中餐厅,108.95368025154936,34.31441642914477,未央区,108.958375,34.312875
B0LG4LEUJ7,桐钥串串,餐饮服务;餐饮相关场所;餐饮相关,108.90551433481248,34.304671892312626,未央区,108.910107,34.303067
B0LBX69R54,万禧原切牛肉店,餐饮服务;中餐厅;中餐厅,108.91105078048528,34.282142045397336,莲湖区,108.915647,34.280529
B0L3X71Y7K,夜猫子小黄鱼特色烧烤,餐饮服务;中餐厅;特色/地方风味餐厅,108.94519046517992,34.291209128773104,莲湖区,108.949857,34.28964
B0L3JPCDVO,霍瑶裤带面,餐饮服务;餐饮相关场所;餐饮相关,108.91898555770496,34.30209166950731,未央区,108.923594,34.300492
B0L3A1XG86,爱卤匠古城烧鸡,餐饮服务;餐饮相关场所;餐饮相关,108.90901610664778,34.292588339619265,莲湖区,108.913611,34.290979
B0L2LRPXZO,鼎一养生火锅(凤城二路店),餐饮服务;中餐厅;火锅店,108.9548360648782,34.31885382043435,未央区,108.959535,34.317317
B0L1GUATB0,优美嘉卤味坊,餐饮服务;餐饮相关场所;餐饮相关,108.91911641544984,34.30132490781261,未央区,108.923725,34.299725
B0L0CDXML3,正宗淳化饸饹,餐饮服务;中餐厅;中餐厅,108.9625079541248,34.32373444764796,未央区,108.967234,34.322218
B0L05CU2Y6,田老盒炒饭,餐饮服务;快餐厅;快餐厅,108.9465045994602,34.29124159943743,莲湖区,108.951175,34.289675
B0L045XVJ1,豌小醇重庆豌杂面,餐饮服务;中餐厅;中餐厅,108.94019194537394,34.296990568723885,未央区,108.944845,34.295415
B0KUORTIVP,壹念美式铁馆24小时,餐饮服务;中餐厅;中餐厅,108.90937457408076,34.29466931519844,未央区,108.91397,34.293061
B0KRD5FC1U,芸仙味时辰包子融创兰园店,餐饮服务;餐饮相关场所;餐饮相关,108.91067164280356,34.28908724623187,莲湖区,108.915268,34.287477
B0KGLKM43V,老成都川菜馆,餐饮服务;中餐厅;火锅店,108.94594786031574,34.283683904262496,新城区,108.950616,34.282113
B0KDF1YH4O,大馅水饺,餐饮服务;中餐厅;特色/地方风味餐厅,108.9452368900482,34.284319988732534,新城区,108.949903,34.282748
B0KAMH5F7N,潇贤茶舍(名京·九合院锦福苑店),餐饮服务;茶艺馆;茶艺馆,108.93681365633294,34.30966540487853,未央区,108.941459,34.30809
B0KA7YX58B,搜食记(白桦林金融创新中心店),餐饮服务;中餐厅;中餐厅,108.9191527701354,34.321023919259595,未央区,108.923763,34.319433
B0KA4OKD26,旭升海鲜烧烤,餐饮服务;餐饮相关场所;餐饮相关,108.94023284901024,34.29683156914875,未央区,108.944886,34.295256
B0K69RIFFU,竺悦轩(锦园新世纪店),餐饮服务;茶艺馆;茶艺馆,108.96189024011016,34.31088590842408,未央区,108.966613,34.309362
B0K2PCKV66,山之花茶空间·棋牌·简餐,餐饮服务;茶艺馆;茶艺馆,108.9285533871273,34.32431203706377,未央区,108.933181,34.322732
B0K2HBFQT7,牛拾叁爆肚面,餐饮服务;快餐厅;快餐厅,108.94877953850909,34.31808608455827,未央区,108.953459,34.316536
B0K1KCIHMF,陆柒茶舍,餐饮服务;茶艺馆;茶艺馆,108.94317841440018,34.30117049381181,未央区,108.94784,34.299602
B0K0VHDLHC,molly tea,餐饮服务;冷饮店;冷饮店,108.9420367409143,34.28707966691246,莲湖区,108.946694,34.285503
B0JKPCZF91,云豆豆大碗面,餐饮服务;中餐厅;中餐厅,108.91424888529758,34.28254330662068,莲湖区,108.918849,34.280932
B0JKHBV0O8,咕噜拍档肉丸糊辣汤(九月华城A区店),餐饮服务;中餐厅;中餐厅,108.91977161634094,34.298388682442464,未央区,108.924381,34.296788
B0JD5Y93I6,尚记臻品面庄(方新路店),餐饮服务;快餐厅;快餐厅,108.92594347387916,34.30134251656603,未央区,108.930564,34.299749
B0JD1YW7VM,卢家一碗面(物资大厦店),餐饮服务;中餐厅;中餐厅,108.94302395772328,34.299827367291776,未央区,108.947685,34.298258
B0JBOZHND3,钏韵闽菜馆(金源皇家园林店),餐饮服务;中餐厅;湖南菜(湘菜),108.95627955555804,34.31466249236075,未央区,108.960983,34.313127
B0J135KLVO,惠群贵礼店,餐饮服务;茶艺馆;茶艺馆,108.93142837994694,34.30980610122156,未央区,108.936061,34.308223
B0J0YLP09A,西安市未央区街边摊摊火锅店,餐饮服务;中餐厅;火锅店,108.9390121693506,34.30798764671861,未央区,108.943663,34.306415
B0J0B7VQTE,三丰面馆,餐饮服务;中餐厅;中餐厅,108.96364019555644,34.30708928121021,未央区,108.968369,34.305568
B0IRFR8OH7,凤记木桶饭(南康店),餐饮服务;中餐厅;中餐厅,108.95041577272154,34.3141285480457,未央区,108.9551,34.31258
B0IR6ZR555,湖畔花园音乐餐吧,餐饮服务;中餐厅;中餐厅,108.91497174607858,34.3097239983828,未央区,108.919575,34.308125
B0IAVN82BW,湖南粉面馆(青门西区店),餐饮服务;餐饮相关场所;餐饮相关,108.92870151634014,34.2941685024337,莲湖区,108.933327,34.292575
B0IAJ6LY55,巴蜀川湘菜,餐饮服务;中餐厅;四川菜(川菜),108.95357861283928,34.31407780750067,未央区,108.958273,34.312536
B0I6XLD60S,岐山张家臊子面(文景路店),餐饮服务;中餐厅;中餐厅,108.93424420376304,34.31849021644897,未央区,108.938884,34.316915
B0I1X94I8R,杨老大肉丁胡辣汤,餐饮服务;中餐厅;中餐厅,108.91108773463296,34.282197006721816,莲湖区,108.915684,34.280584
B0I07MJM4Q,HUGEcoffee(文景天下店),餐饮服务;咖啡厅;咖啡厅,108.92950262252288,34.321494197548425,未央区,108.934132,34.319914
B0HRO7L3ZV,西府香削筋面(天地时代广场店),餐饮服务;快餐厅;快餐厅,108.94412015129876,34.32073787542714,未央区,108.948786,34.31918
B0HRJ6IS3X,肖县黄口周家菜馆,餐饮服务;中餐厅;中餐厅,108.90548154103668,34.31487527400252,未央区,108.910075,34.313275
B0HR3CDNVS,胖胖手擀面,餐饮服务;中餐厅;中餐厅,108.93723160605172,34.309664751973585,未央区,108.941878,34.30809
B0H14RVILT,八亩沟秘制擀面皮·砂锅(莲湖区店),餐饮服务;快餐厅;快餐厅,108.92731134637437,34.28192638161067,莲湖区,108.931933,34.280326
B0G2AC66FY,小城铁板烧(刚家寨小区北区店),餐饮服务;中餐厅;特色/地方风味餐厅,108.94523099647478,34.320108092322684,未央区,108.9499,34.318552
B0FFLICTPN,兰州牛肉面(梨园公馆店),餐饮服务;中餐厅;清真菜馆,108.91092686643032,34.2952284841401,未央区,108.915524,34.293621
B0FFLHZ93R,乐家凉皮砂锅,餐饮服务;中餐厅;中餐厅,108.93779233593229,34.28310748921606,莲湖区,108.942438,34.281522
B0FFLDIA68,桥的乳品坊天然牧场(兴中路店),餐饮服务;冷饮店;冷饮店,108.92959227539389,34.28632478708606,莲湖区,108.934219,34.284729
B0FFLBXP8Y,杨凌蘸水面(南玉丰村居民楼店),餐饮服务;中餐厅;中餐厅,108.9094590545375,34.324896585499864,未央区,108.914057,34.323302
B0FFIKERO5,冯峰烧烤(荣民天玺店),餐饮服务;中餐厅;中餐厅,108.94471084682664,34.30361158737897,未央区,108.949377,34.302047
B0FFHSSHGS,星光饺子馆,餐饮服务;中餐厅;特色/地方风味餐厅,108.94368722146714,34.28584222589864,莲湖区,108.948349,34.284268
B0FFH2OBXN,刘胖子烤肉(凤鸣路),餐饮服务;中餐厅;特色/地方风味餐厅,108.92885665659806,34.31317383627609,未央区,108.933484,34.311589
B0FFGFPMH1,香满苑川湘菜馆(东方雅典店),餐饮服务;中餐厅;四川菜(川菜),108.93878395478308,34.280973786985264,莲湖区,108.943432,34.279389
B0FFGCNK9Y,兰州拉面店(海洋大厦店),餐饮服务;中餐厅;清真菜馆,108.93956576129236,34.31974234624907,未央区,108.944219,34.318176
B0FFFY5ZYE,万客来网红生日蛋糕(西安店),餐饮服务;糕饼店;糕饼店,108.94614911274564,34.28557971303279,新城区,108.950818,34.28401
B0FFF6578F,溢香屋黄焖鸡砂锅王(龙首南路店),餐饮服务;中餐厅;中餐厅,108.944433651786,34.291230538169934,莲湖区,108.949098,34.28966
B0FFHSI576,秦府岐山面,餐饮服务;中餐厅;中餐厅,108.9276608841037,34.291308975553015,莲湖区,108.932284,34.289713
B0FFGAR8M4,东北饺子馆(南玉丰村居民楼东北),餐饮服务;中餐厅;特色/地方风味餐厅,108.90950106659712,34.32420689549743,未央区,108.914099,34.322612
B0FFG4CTH0,周老大梆梆肉葫芦头(文景南路店),餐饮服务;中餐厅;中餐厅,108.93450969653928,34.29226258370075,莲湖区,108.939148,34.290676
B001D0W2M8,碧水源鱼庄(佳家花园),餐饮服务;中餐厅;四川菜(川菜)|餐饮服务;中餐厅;海鲜酒楼,108.92989844757516,34.313212529279646,未央区,108.934528,34.311629
B0MBBZVHAX,幸运咖(荣民广场店),餐饮服务;餐饮相关场所;餐饮相关,108.9433415643154,34.29366549147995,莲湖区,108.948003,34.292094
B0M6B9IH9M,NOWWA挪瓦咖啡(每一天未央凤鸣路店),餐饮服务;咖啡厅;咖啡厅,108.92835868980156,34.313184430995555,未央区,108.932985,34.311599
B0M66MAJ3X,周黑鸭(安远门地铁店),餐饮服务;餐饮相关场所;餐饮相关,108.94375214944932,34.28445869483689,莲湖区,108.948414,34.282884
B0M64CJDLY,沂蒙山特色炒鸡(凯旋大厦店),餐饮服务;中餐厅;中餐厅,108.94312710169274,34.306795075652374,未央区,108.947789,34.305229
B0LU4ML3WQ,金瑶六道汤·瑶族头疗养生SPA(龙首印象城店),餐饮服务;中餐厅;中餐厅,108.9439736649628,34.29496876751881,未央区,108.948637,34.293399
B0LRVUK8I6,NOWWA挪瓦咖啡(每一天西安台北湾店),餐饮服务;咖啡厅;咖啡厅,108.9274483653499,34.31541947420718,未央区,108.932073,34.313834
B0LRSC3UNA,嘎嘎好吃的东北胖姐老盒饭(盛隆广场店),餐饮服务;中餐厅;东北菜,108.9431135908264,34.3012435787403,未央区,108.947775,34.299675
B0LRLCO8JT,淳化荞面饸饹,餐饮服务;中餐厅;中餐厅,108.95287195679568,34.313633552397015,未央区,108.957564,34.31209
B0L3BZE7WY,幸运咖(盛龙广场购物中心店),餐饮服务;咖啡厅;咖啡厅,108.94120989491012,34.30077115957714,未央区,108.945866,34.299199
B0L37CMATH,柒·茶(武夷山),餐饮服务;冷饮店;冷饮店,108.9063730125316,34.287247346777576,莲湖区,108.910965,34.285635
B0L2YZUKVN,nowwa挪瓦咖啡(每一天西安万赛优悦荟店),餐饮服务;咖啡厅;咖啡厅,108.93983078442469,34.31081800531722,未央区,108.944484,34.309248
B0L2YAVJY1,NOWWA挪瓦咖啡(每一天西安北关店),餐饮服务;咖啡厅;咖啡厅,108.94296139477468,34.28429520182302,莲湖区,108.947621,34.282719
B0L2YAVJU5,NOWWA挪瓦咖啡(每一天西安海璟暖暖的宅店),餐饮服务;咖啡厅;咖啡厅,108.92385627846976,34.31514545803191,未央区,108.928474,34.313556
B0L2YAVCHS,NOWWA挪瓦咖啡(每一天西安凤城一路院店),餐饮服务;咖啡厅;咖啡厅,108.94059536526952,34.31545259199003,未央区,108.945251,34.313886
B0L2YAUXXU,NOWWA挪瓦咖啡(每一天西安方新路5店),餐饮服务;咖啡厅;咖啡厅,108.94161778743216,34.30069648232175,未央区,108.946275,34.299125
B001D08NVP,程记凉皮米线汉中热米皮(广安路店),餐饮服务;中餐厅;中餐厅,109.0176934977092,34.313198561434106,未央区,109.022647,34.311837
B0FFGB5SRU,三力烤鸡(华旗·东郡南区店),餐饮服务;餐饮相关场所;餐饮相关,109.00389746077995,34.28529003442687,新城区,109.00879,34.283875
B0FFH2Z9CR,熊记笼笼肉夹馍,餐饮服务;中餐厅;中餐厅,108.97998279236228,34.29001356692305,新城区,108.984774,34.288529
B0FFHELV3M,重庆老地方铁板鱼(天时新苑店),餐饮服务;中餐厅;四川菜(川菜),108.9985835317094,34.28328402376841,新城区,109.003453,34.281852
B0FFI83FI0,鲜呦蒸汽石锅鱼(祥和居店),餐饮服务;中餐厅;中餐厅,108.99009671762064,34.32206941601962,未央区,108.994933,34.320629
B0FFHEK8GF,尔萨砂锅烧烤(都市新村小区店),餐饮服务;中餐厅;清真菜馆,108.97142176654904,34.294436572606806,新城区,108.976179,34.29293
B0FFG8K9CL,红庆鱼庄(大明宫家具城店),餐饮服务;中餐厅;海鲜酒楼,108.96558034900644,34.31533161481227,未央区,108.970317,34.313819
B0FFG61N0J,重庆火锅(都市新村小区店),餐饮服务;中餐厅;火锅店,108.97185706481308,34.29443639274745,新城区,108.976616,34.292931
B0FFHM169A,幺妹小可以川菜鱼庄(啤酒路店),餐饮服务;中餐厅;四川菜(川菜),108.96895105321816,34.297724748338425,新城区,108.973699,34.296213
B0FFHCISS5,土豪特色排骨面,餐饮服务;中餐厅;火锅店,108.98693040107632,34.29510304836083,新城区,108.991751,34.293641
B0FFI0C2KZ,陕北赵二绥德羊杂碎,餐饮服务;中餐厅;中餐厅,109.00622515769253,34.312549973747174,未央区,109.01113,34.311154
B0FFGT4VU2,小院有猫咖啡吧,餐饮服务;咖啡厅;咖啡厅,108.97703409693337,34.28659343083422,新城区,108.981813,34.285099
B0FFJIPW0L,火麻火辣·重庆肥肠鸡,餐饮服务;中餐厅;四川菜(川菜),108.9870947073742,34.295097562987266,新城区,108.991916,34.293636
B0FFG4TXGS,海中游海鲜舫,餐饮服务;中餐厅;海鲜酒楼,108.98749028241448,34.316148948004695,未央区,108.992315,34.314698
B0FFFPKRDV,刘老五刀削面(凯森福景美地店),餐饮服务;中餐厅;清真菜馆,109.01987829154764,34.29153187519211,灞桥区,109.024839,34.290167
B0FFF65A9P,河南正宗李记烩面(广安路店),餐饮服务;中餐厅;中餐厅,109.01400798615497,34.31264462835712,未央区,109.018946,34.311272
B0FFF65BSG,正宗河南烩面(西酒小区北),餐饮服务;餐饮相关场所;餐饮相关,109.01911558846668,34.31333237812346,未央区,109.024075,34.311975
B0I6VH5JDA,罗记食品(海璟印象城A区店),餐饮服务;糕饼店;糕饼店,108.99751849580518,34.30269983471322,未央区,109.002385,34.301273
B0FFF65AM5,小竹签烤肉(小海鲜新房分店),餐饮服务;中餐厅;特色/地方风味餐厅,109.0136806112297,34.30976490710669,未央区,109.018617,34.30839
B0FFJKLHKZ,树鹏传奇羊杂汤(新房村店),餐饮服务;餐饮相关场所;餐饮相关,109.01250330541409,34.31313686583555,未央区,109.017435,34.31176
B0MG5R4JVQ,鸡柳大人(未央区保利花园店),餐饮服务;餐饮相关场所;餐饮相关,109.00394202385718,34.32388063827489,未央区,109.008838,34.322483
B0M6LM4ZU3,谢宝林烤肉拌饭【悦邻荟店二楼】,餐饮服务;餐饮相关场所;餐饮相关,108.99138471387384,34.304169731450294,未央区,108.996225,34.302725
B0KR1APB4K,川香奇香砂锅,餐饮服务;中餐厅;四川菜(川菜),109.01889010018787,34.29472433916565,灞桥区,109.023847,34.293358
B0KBKLBAMN,老上海馄饨铺(锦绣国际商贸城C座店),餐饮服务;中餐厅;中餐厅,108.98551752654495,34.28100026954085,新城区,108.990331,34.279528
B0IBACS3LK,碗碗香牛羊肉烩面馆,餐饮服务;餐饮相关场所;餐饮相关,109.0015081094568,34.2810630741235,新城区,109.00639,34.279639
B0H6TN50NY,湖南屋里菜(长缨西路店),餐饮服务;中餐厅;湖南菜(湘菜),108.98558048075368,34.27836518737934,新城区,108.990394,34.276892
B0H0JDUMXP,农夫菜园(东站路店),餐饮服务;中餐厅;中餐厅,108.99774531177296,34.28127941509756,新城区,109.002611,34.279844
B0FFMG9JBU,沙县小吃(龙湖·源著店),餐饮服务;中餐厅;中餐厅,109.00403694877772,34.31991520455404,未央区,109.008933,34.318516
B0FFLK2LB3,老兰家泡馍(华清东路店),餐饮服务;中餐厅;清真菜馆,109.02422863274062,34.29079884581943,灞桥区,109.029207,34.289446
B0FFJ5267T,丁老八腊牛肉(八府庄店),餐饮服务;中餐厅;清真菜馆,108.97564816205924,34.29286962406851,新城区,108.980422,34.291374
B0FFIAA8KO,福慧居餐饮(胡家庙店),餐饮服务;中餐厅;中餐厅,108.99763084430252,34.28080896043548,新城区,109.002496,34.279373
B0FFH2JUG9,毛氏烧鸡(十里铺店),餐饮服务;餐饮相关场所;餐饮相关,109.01790359884214,34.30170612812314,灞桥区,109.022857,34.30034
B0FFGEOUSS,渭南时晨包子(南四合窑),餐饮服务;餐饮相关场所;餐饮相关,108.98556357820398,34.27804736987561,新城区,108.990377,34.276574
B001D14WO3,骊香铁锅炖鱼,餐饮服务;中餐厅;中餐厅,109.0193381245066,34.29618340827278,灞桥区,109.024297,34.294819
B0MGTN6CG4,串味哆回转小火锅,餐饮服务;中餐厅;火锅店,108.9986421189206,34.30906756506576,未央区,109.003514,34.307647
B0MG1ARMCT,饭阿喜炒饭,餐饮服务;中餐厅;中餐厅,109.02230349123896,34.30177846246742,灞桥区,109.027275,34.300425
B0MAGSXZJK,佰运猪蹄烤肉,餐饮服务;外国餐厅;外国餐厅,109.00262615828474,34.3064576383168,未央区,109.007515,34.305048
B0MA6HLWCG,米字格新疆炒米粉金科美邻街店,餐饮服务;中餐厅;中餐厅,108.97261005233923,34.3193631271969,未央区,108.977374,34.317871
B0LUBB7E71,味当家汉中米皮(胡家庙店),餐饮服务;中餐厅;中餐厅,109.00087897869616,34.27918977103408,新城区,109.005758,34.277763
B0LGJHOOEO,茶之味茶楼,餐饮服务;茶艺馆;茶艺馆,108.97024947553888,34.30472718668136,未央区,108.975003,34.303222
B0L3MAJFZE,绝味鸭脖(金域未央店),餐饮服务;餐饮相关场所;餐饮相关,109.00933092490013,34.31170100265074,未央区,109.014249,34.310314
B0L35ND1Y5,谨食·沙拉轻食健康餐(龙湖源著店),餐饮服务;中餐厅;中式素菜馆,109.00407879308264,34.319624213007536,未央区,109.008975,34.318225
B0L2CSHAX5,陕汽八缘风(红茶店),购物服务;专卖店;专营店|餐饮服务;冷饮店;冷饮店|汽车销售;汽车销售;汽车销售,109.00842499123982,34.28568318425545,新城区,109.013337,34.284282
B0L23H4NME,五谷粗粮渔粉辛家庙店,餐饮服务;中餐厅;中餐厅,108.98849714959168,34.30252911476281,未央区,108.993325,34.301075
B0KK3ZX8E5,粥大福(大明宫店),餐饮服务;中餐厅;中餐厅,108.97477048480366,34.31937816749769,未央区,108.979543,34.317892
B0KDAAETUU,茶百道(汇林华城店),餐饮服务;冷饮店;冷饮店,108.98021175388492,34.30326110622617,未央区,108.985005,34.301783
B0KA9POFOM,冒大仙珠江新城店,餐饮服务;餐饮相关场所;餐饮相关,108.98061384863088,34.31833609751696,未央区,108.98541,34.316866
B0K1HZUFQA,清真老白家高炉烧饼(东元西路店),餐饮服务;餐饮相关场所;餐饮相关,108.98427358925672,34.29490397929365,新城区,108.989083,34.293434
B0K07SJQC0,约多多老潼关肉夹馍矿山路店,餐饮服务;快餐厅;快餐厅,108.99884175454824,34.3031456171453,未央区,109.003714,34.301723
B0JK99AHX2,牛一锅牛骨牛排羊蝎子,餐饮服务;中餐厅;火锅店,108.99306509301566,34.28534087455988,新城区,108.997911,34.283893
B0JG21DHVA,一粉一城新疆炒米粉,餐饮服务;餐饮相关场所;餐饮相关,109.0211581530081,34.3019316520316,灞桥区,109.026125,34.300575
B0JALC5PLV,鱼之味纸包鱼家常菜(华远海蓝城6期店),餐饮服务;中餐厅;中餐厅,109.00476168746012,34.30971669091326,未央区,109.00966,34.308315
B0JA2CLJ5S,小酒鸭货(大明宫万达店),餐饮服务;餐饮相关场所;餐饮相关,108.97092899436907,34.31496971817654,未央区,108.975686,34.313471
B0J1XARGZU,箐筳荷叶烤鸡(辛家庙店),餐饮服务;餐饮相关场所;餐饮相关,108.98736292634572,34.30287433898983,未央区,108.992186,34.301417
B0IRV7SSMP,悟道茶馆·棋牌(汇林华城a区店),餐饮服务;茶艺馆;茶艺馆,108.97813326232416,34.30321706981143,未央区,108.982918,34.301733
B0ID77MWEZ,食香阁川菜馆,餐饮服务;中餐厅;中餐厅,108.97657349138758,34.29223430442214,新城区,108.981351,34.290741
B0IA2U5CIK,渭南时辰包子杜家街(米秦路店),餐饮服务;餐饮相关场所;餐饮相关,109.00108270652422,34.295807046138385,灞桥区,109.005964,34.294388
B0GULHST8Q,秦镇楠花花米皮店,餐饮服务;餐饮相关场所;餐饮相关,108.98571991686823,34.27809488836558,新城区,108.990534,34.276622
B0FFM38K3K,盱眙龙虾,餐饮服务;中餐厅;西北菜,108.99875479579194,34.2832565151066,新城区,109.003625,34.281825
B0FFJP7FZ0,绝味鸭脖(铂廷小区店),餐饮服务;餐饮相关场所;餐饮相关,108.9821069129728,34.2913448539166,新城区,108.986907,34.289867
B0FFI4W8JU,老潼关肉夹馍(东岭欣城店),餐饮服务;快餐厅;快餐厅,109.00815410914969,34.298038655227344,灞桥区,109.013066,34.296642
B0FFHCJ6VK,百老泉纯粮酒坊·画宝刚道口烧鸡(北二环直营店),餐饮服务;餐饮相关场所;餐饮相关,108.98030978975078,34.31002778208246,未央区,108.985104,34.308553
B0FFJOZN8O,传说中的新疆炒米粉(长缨鞋城西门面房胡家庙店),餐饮服务;中餐厅;中餐厅,108.98796629029098,34.27982150240886,新城区,108.99279,34.278356
B0FFI8ZJA8,壹佰斤东北铁锅炖(太元路店),餐饮服务;中餐厅;中餐厅,108.9783484282741,34.30270768474791,未央区,108.983134,34.301224
B0FFFQ87XZ,伊真斋牛羊肉泡馍,餐饮服务;中餐厅;清真菜馆,108.96952312919458,34.294405681389954,新城区,108.974273,34.292894
B0FFJ2YFPY,狠啤民谣(小酒馆),体育休闲服务;娱乐场所;酒吧|餐饮服务;中餐厅;中餐厅,108.96711482587096,34.30031742472851,未央区,108.971856,34.298802
B0FFGH5EG2,马四羊肉面铁锅炖羊肉烧烤(新房绿色家园店),餐饮服务;中餐厅;中餐厅,109.01235919962724,34.30978382079952,未央区,109.01729,34.308405
B0FFG51X2W,青青茶馆(大明宫中央广场A座店),餐饮服务;茶艺馆;茶艺馆,108.96750571138058,34.308049951984806,未央区,108.972249,34.306539
B001D0WEMC,陕西印象(辛家庙店),餐饮服务;中餐厅;综合酒楼,109.0061206068111,34.31254929009832,未央区,109.011025,34.311153
B0FFHDZNKW,香茗闲庭茶楼(保亿风景大院店),餐饮服务;茶艺馆;茶艺馆,108.97820913892518,34.28888912015807,新城区,108.982993,34.287399
B0FFH41NF4,广东肠粉柳州螺蛳粉,餐饮服务;中餐厅;中餐厅,109.01711688649188,34.313349172422626,未央区,109.022068,34.311986
B0FFF655K3,兰州白吉饼,餐饮服务;餐饮相关场所;餐饮相关,109.01594272037671,34.27878972534243,新城区,109.020886,34.277408
B0FFJ31QZI,老兵新疆大盘鸡(西岸国际花园3期店),餐饮服务;中餐厅;西北菜,109.01689112704994,34.30982543597382,未央区,109.021841,34.30846
B0FFGFVNFQ,华露茶轩(金裕青青家园西区店),餐饮服务;茶艺馆;茶艺馆,109.0159845166519,34.302752266384665,灞桥区,109.02093,34.301381
B0FFJ8MBND,刘家三姐妹香辣排骨面庄,餐饮服务;中餐厅;中餐厅,108.96754968329309,34.29420697181219,新城区,108.972292,34.29269
B0FFGP8PC6,嘉禾大老碗(金花北路店),餐饮服务;中餐厅;中餐厅,108.99802390927906,34.283693550348985,新城区,109.002891,34.28226
B0FFGGBE91,郭家肉丁胡辣汤水煎包(东元西路店),餐饮服务;中餐厅;中餐厅,108.98585892009594,34.29508822835302,新城区,108.990675,34.293623
B0FFG9XJKV,藤椒牛杂牛肉老火锅·斗酒馆(八府庄十年老店),餐饮服务;中餐厅;火锅店,108.97688819810172,34.29250630034687,新城区,108.981667,34.291014
B0FFGH2MRK,瓦罐蹄儿香(总店),餐饮服务;餐饮相关场所;餐饮相关,108.98724708429066,34.294845220418395,新城区,108.992069,34.293384
B0FFHG8YX1,麦旗蛋糕(长十路店),餐饮服务;糕饼店;糕饼店,109.02426649834744,34.27882982194833,灞桥区,109.029244,34.277472
B0MG0CI06Z,鹿森·cake生日蛋糕,餐饮服务;糕饼店;糕饼店,109.00852567378884,34.31991863995674,未央区,109.013441,34.318533
B0L15S05XJ,轻茶里(西安龙湖天曜店),餐饮服务;冷饮店;冷饮店,109.00696925210065,34.28538070044145,新城区,109.011875,34.283975
B0H1M91TPS,贡茶(长樱东路小区店),餐饮服务;冷饮店;冷饮店,108.99258569436142,34.27877808720459,新城区,108.997429,34.277326
B0FFLCZ1BY,一只酸奶牛(西安悦邻荟店),餐饮服务;餐饮相关场所;餐饮相关,108.99182593974608,34.30282400370498,未央区,108.996668,34.30138
B0FFILFB2V,福建千里香馄饨王(泘沱社区南区店),餐饮服务;中餐厅;中餐厅,108.9921956503925,34.323270544088736,未央区,108.997041,34.321837
B0FFF65BDP,老潼关肉夹馍(新房村分店),餐饮服务;快餐厅;快餐厅,109.0155155969062,34.31320292844609,未央区,109.02046,34.311835
B0FFH1A5G3,镇原面馆,餐饮服务;中餐厅;中餐厅,108.98554958886044,34.27862716919603,新城区,108.990363,34.277154
B001D10UAZ,老柳家牛羊肉泡馍腊牛肉烧鸡,餐饮服务;中餐厅;清真菜馆,109.0041589691332,34.28964537935374,新城区,109.009053,34.288233
B0FFHE7W6P,徐记腊味店(西安胡家庙蔬菜批发市场店),购物服务;综合市场;农副产品市场|餐饮服务;餐饮相关场所;餐饮相关,109.00024874910171,34.27855395175938,新城区,109.005125,34.277125
B0FFF65684,重庆老董鱼庄,餐饮服务;中餐厅;四川菜(川菜),109.02468070181826,34.28038001592316,灞桥区,109.02966,34.279024
B0MANHQ627,吴桐桐豌杂面,餐饮服务;餐饮相关场所;餐饮相关,109.00413639780116,34.30948868910664,未央区,109.009032,34.308085
B0LDXA5RSZ,融和酒楼(飞航大厦店),餐饮服务;茶艺馆;茶艺馆,108.96640334134608,34.31446589586183,未央区,108.971143,34.312955
B0LDO52CYK,魏窝庄北京烤鸭,餐饮服务;中餐厅;中餐厅,108.9934748823802,34.27879539602451,新城区,108.998322,34.277346
B0L3MRNU5J,天牛哥热卤(广安路店),餐饮服务;快餐厅;快餐厅,108.98585719004478,34.315980867343264,未央区,108.990675,34.314525
B0KA4GBSIJ,马玲牛肉面(6号上院店),餐饮服务;中餐厅;清真菜馆,108.97947076416108,34.29157036454059,新城区,108.98426,34.290085
B0H65ZLUKT,聚点商行冷饮批发,餐饮服务;冷饮店;冷饮店|购物服务;便民商店/便利店;便民商店/便利店,109.01898642775392,34.29795364739799,灞桥区,109.023944,34.296589
B0FFI1USF9,老秦家优质杂肝汤(百花店),餐饮服务;快餐厅;快餐厅,108.96597604660278,34.32536092872626,未央区,108.970715,34.323854
B0FFIR8358,瓦罐煨汤(矿山路),餐饮服务;中餐厅;中餐厅,109.00642014793134,34.30272481297892,灞桥区,109.011325,34.301325
B0FFK1UPDL,肖师熏肉大饼(八府庄园店),餐饮服务;中餐厅;中餐厅,108.97584738064828,34.292646163672856,新城区,108.980622,34.291151
B0FFJI0UUI,刘记澄城水盆羊肉(龙湖·源著店),餐饮服务;餐饮相关场所;餐饮相关,109.00398823180556,34.319044756745825,未央区,109.008884,34.317645
B0FFHBB51Z,菠菜面豆花泡馍(米秦北路店),餐饮服务;中餐厅;中餐厅,109.02304152238712,34.30144352447524,灞桥区,109.028016,34.300092
B0MGD9RCKZ,陈家面馆,餐饮服务;中餐厅;中餐厅,108.98456276392436,34.314335439372854,未央区,108.989375,34.312875
B0LAA7MPUU,高陵土豆片夹馍,餐饮服务;中餐厅;中餐厅,108.9979575524448,34.27942554843726,新城区,109.002824,34.27799
B0LA49AZXW,彬燕快餐店,餐饮服务;快餐厅;快餐厅,108.96977231424776,34.31692591832838,未央区,108.974525,34.315425
B0L21HT4OG,茶漫人间茶馆,餐饮服务;茶艺馆;茶艺馆,108.9711526610727,34.32057652099829,未央区,108.975911,34.319081
B0L1NOWZM2,榴小友(浐灞店),餐饮服务;餐饮相关场所;餐饮相关,109.00513282306056,34.301017464896184,灞桥区,109.010032,34.299613
B0L099ENZ0,鑫龙龙菠菜面,餐饮服务;中餐厅;中餐厅,109.00940705016023,34.30636418825939,未央区,109.014325,34.304975
B0L02DN49K,小富椿私房菜,餐饮服务;餐饮相关场所;餐饮相关,108.9784929384078,34.28942508237782,新城区,108.983278,34.287936
B0K6PKTE89,京盛祥泡馍烧烤(东方花园店),餐饮服务;中餐厅;清真菜馆,109.00622594294248,34.3031861944319,灞桥区,109.01113,34.301786
B0JR09TOL3,Meet幸运网红蛋糕订制(金科·天籁城店),餐饮服务;糕饼店;糕饼店,108.97431230955392,34.31940142728701,未央区,108.979083,34.317914
B0JAK5KWZY,渝都川菜烤鱼(东岸阳光店),餐饮服务;中餐厅;四川菜(川菜),108.9895184513548,34.29482645443612,新城区,108.99435,34.293372
B0HRAPLHS3,王记渭南时晨包子,餐饮服务;中餐厅;中餐厅,108.99475945698906,34.27773195494057,新城区,108.999612,34.276286
B0H0CZUO3F,隐山茶作(西派国际B区店),餐饮服务;茶艺馆;茶艺馆,108.97027598346386,34.309453988272764,未央区,108.97503,34.307951
B0H067HVFR,刘家牛羊肉泡馍(矿山路店),餐饮服务;快餐厅;快餐厅,109.00323103907982,34.300660387873165,灞桥区,109.008122,34.29925
B0G2VMJAEL,果舒乐黄花粽叶(华旗·东郡店),餐饮服务;餐饮相关场所;餐饮相关|购物服务;购物相关场所;购物相关场所,109.00177073971328,34.283896080934255,新城区,109.006654,34.282474
B0G1V5CO5P,渔庆鲜纸包鱼(华庭嘉苑店),餐饮服务;中餐厅;中餐厅,109.0181628996266,34.29725134079689,灞桥区,109.023117,34.295884
B0FFK1D9XW,菠菜面淳化饸饹(米秦路店),餐饮服务;中餐厅;中餐厅,109.00129678143983,34.295831385116806,灞桥区,109.006179,34.294413
B0FFF658XN,张君川菜纸包鱼烧烤,餐饮服务;中餐厅;四川菜(川菜),108.99642218869565,34.27914032809936,新城区,109.001282,34.2777
B0FFFPKONH,肉丸胡辣汤(长安易居店),餐饮服务;中餐厅;特色/地方风味餐厅,108.98200497419391,34.307760904779315,未央区,108.986806,34.30629
B0FFF65D6W,泾阳锅盔,餐饮服务;中餐厅;中餐厅,108.96930598606804,34.29414137373119,新城区,108.974055,34.292629
B0FFF655JX,胡记面馆(长缨东路店),餐饮服务;中餐厅;中餐厅,109.01582122925,34.27878908208713,新城区,109.020764,34.277407
B0FFIK86DC,鸿盛裤带面(中海·开元壹号西区店),餐饮服务;中餐厅;中餐厅,108.97023441138796,34.306213560863114,未央区,108.974988,34.304709
B0FFGFWE84,小王烤肉(含元路),餐饮服务;中餐厅;特色/地方风味餐厅,108.98141886568544,34.29010338543717,新城区,108.986216,34.288623
B0FFG4ZJO8,老三早点,餐饮服务;餐饮相关场所;餐饮相关,108.98197909205037,34.307634037146585,未央区,108.98678,34.306163
B0FFIY1SXC,老马家兰州牛肉面,餐饮服务;中餐厅;清真菜馆,109.00222044929092,34.323803898716434,未央区,109.007109,34.322401
B0FFIKZB63,香辣土豆片夹馍,餐饮服务;餐饮相关场所;餐饮相关,109.02096093062846,34.29051221167612,灞桥区,109.025926,34.28915
B0FFG1ZPBB,尚品过桥米线(东元西路店),餐饮服务;中餐厅;特色/地方风味餐厅,108.98202993788765,34.2948945371519,新城区,108.98683,34.293418
B0FFHDRX22,福一蒸饺(汉杰·天赐良苑店),餐饮服务;中餐厅;特色/地方风味餐厅,108.99759505759975,34.2801023656574,新城区,109.00246,34.278666
B0MGR5K3PY,嘻哈帮火锅(胡家庙店),餐饮服务;中餐厅;火锅店,108.99470268169352,34.27796203090861,新城区,108.999555,34.276516
B0MGOSV94V,月亮米砂锅麻将米线,餐饮服务;餐饮相关场所;餐饮相关,109.00859127847778,34.28570167610263,新城区,109.013504,34.284301
B0MGO5VYMB,重庆川菜馆,餐饮服务;中餐厅;四川菜(川菜),109.00611246963184,34.302718745585736,灞桥区,109.011016,34.301318
B0MGLSMNNT,大队部串串(西安酒厂店),餐饮服务;中餐厅;火锅店,109.01707237154795,34.309817910272336,未央区,109.022023,34.308453
B0MGKCKUSQ,麦稻中式健康菜,餐饮服务;中餐厅;中餐厅,108.98877496732942,34.30256327028363,未央区,108.993604,34.30111
B0MGJCCJC4,宫贰胖爆汁小龙虾(华远君城店),餐饮服务;中餐厅;中餐厅,108.97934321149503,34.30455502136117,未央区,108.984133,34.303075
B0MG4CY5KG,清真·小烤森西北烤肉特色菜,餐饮服务;中餐厅;清真菜馆,108.97991189242885,34.304394462434914,未央区,108.984704,34.302916
B0MG0RIWNU,清真小马果木烧烤,餐饮服务;中餐厅;清真菜馆,108.98560995896938,34.29519091904693,新城区,108.990425,34.293725
B0MBNCT6OD,三生鲜味三文鱼(大明宫万达店),餐饮服务;中餐厅;中餐厅,108.97077633181551,34.31807669643045,未央区,108.975533,34.316579
B0MBDCGEW1,纯汤兰州牛肉拉面,餐饮服务;中餐厅;清真菜馆,108.98912306340245,34.307662946690975,未央区,108.993954,34.306213
B0MAYS0MAT,辣椒熊地摊鲜货火锅店(西安首店),餐饮服务;中餐厅;火锅店,108.97147346803084,34.3198659845703,未央区,108.976233,34.318371
B0MAPOX6J3,永宁南门烤肉江湖菜,餐饮服务;中餐厅;中餐厅,108.99861354666204,34.305434287820894,未央区,109.003485,34.304012
B0MAGCYXM3,香万鲜.麻辣烫.冒粉(十里铺店),餐饮服务;中餐厅;中餐厅,109.02006874124318,34.28877751387903,灞桥区,109.02503,34.287412
B0M6KCCW5F,田家铺子石头饼,餐饮服务;餐饮相关场所;餐饮相关,109.01738877405664,34.30131180112786,灞桥区,109.02234,34.299944
B0LUMM2UTC,唐三宝手擀菠菜面,餐饮服务;中餐厅;中餐厅,108.99882183940596,34.30315767227973,未央区,109.003694,34.301735
B0LKD1P42T,北里巷地锅炖,餐饮服务;中餐厅;特色/地方风味餐厅,108.98476247924306,34.30768787441479,未央区,108.989575,34.306225
B0LG9CNQT8,榴芒cake(未央店),餐饮服务;糕饼店;糕饼店,108.97759182228474,34.31095712228613,未央区,108.982375,34.309475
B0LDPC1EYN,北京烤鸭,餐饮服务;餐饮相关场所;餐饮相关,108.99631237827975,34.318377375198104,未央区,109.001175,34.316954
B0LDGA3GRU,螺小杰螺蛳粉(华远·海蓝城店),餐饮服务;餐饮相关场所;餐饮相关,108.99885234841078,34.30744565857627,未央区,109.003725,34.306025
B0LDFUNWSK,李家南充米粉馆,餐饮服务;餐饮相关场所;餐饮相关,108.97727944383504,34.29457729621856,新城区,108.98206,34.293087
B0LD1UL290,静鑫茶水馆,餐饮服务;茶艺馆;茶艺馆,108.9902883578427,34.30459883280325,未央区,108.995124,34.303151
B0LB1ZSFZU,龚家酱牛肉腊牛肉,餐饮服务;餐饮相关场所;餐饮相关,108.99940703654936,34.30649040302681,未央区,109.004282,34.305071
B0LAGAQSTT,清真.望月楼泡馍烤肉(米秦路店),餐饮服务;中餐厅;清真菜馆,109.00947546786668,34.29795072149503,灞桥区,109.014393,34.296558
B0L3ZL17HR,猫熊山砂锅包子(玄武东路店),餐饮服务;中餐厅;中餐厅,108.99374242916602,34.30640162198705,未央区,108.998593,34.304965
B0L3MSK9V2,Hao·喜甜(广泰门店),餐饮服务;糕饼店;糕饼店,109.00947143171092,34.310435156494805,未央区,109.01439,34.309048
B0L30RKR3B,小宝鲜鱼火锅,餐饮服务;中餐厅;火锅店,108.98005957796596,34.28879287082528,新城区,108.984851,34.287308
B0L2VA7HHD,小满食堂(大明宫万达店),餐饮服务;中餐厅;特色/地方风味餐厅,108.9728042827547,34.319416571270025,未央区,108.977569,34.317925
B0L2O7W1SM,领鲜欢团购超市,购物服务;超级市场;超市|餐饮服务;餐饮相关场所;餐饮相关,109.00150609967352,34.28128298775367,新城区,109.006388,34.279859
B0L06XOWQR,杨氏鸡鱼馆杨大厨炒鸡店,餐饮服务;中餐厅;中餐厅,109.01598746071969,34.303267028504635,灞桥区,109.020933,34.301896
B0L05AT6MZ,渝香厨川菜纸包鱼,餐饮服务;中餐厅;四川菜(川菜),109.00263839364032,34.27921241768651,新城区,109.007525,34.277791
B0KRMCRT6B,魏记裤带面,餐饮服务;餐饮相关场所;餐饮相关,109.00088245034785,34.28531217859388,新城区,109.005762,34.283888
B0KRD1QL3R,顶点香麻辣香锅(大明宫万达店),餐饮服务;中餐厅;中餐厅,108.97393881444316,34.31916257078055,未央区,108.978708,34.317674
B0KKVH34FS,金长林花饽饽(西安灞桥枫禾新苑店),餐饮服务;餐饮相关场所;餐饮相关,109.0224931129064,34.297156964659095,灞桥区,109.027465,34.295802
B0KD6AGBXW,老伙计果木烤肉,餐饮服务;中餐厅;中餐厅,108.98300388625562,34.294946678078404,新城区,108.987808,34.293473
B0KBFNNCF0,刘金钢炒虾尾(祥和居总店),餐饮服务;中餐厅;中餐厅,108.98643812702726,34.32336871362928,未央区,108.991259,34.321918
B0KAMC72Z1,超级油泼面(缇香郡店),餐饮服务;中餐厅;中餐厅,109.0112773976687,34.30261326516741,灞桥区,109.016203,34.301228
B0KA9LNUPD,恩施·土家菜(家豪商务区店),餐饮服务;中餐厅;中餐厅,108.9679316827361,34.28874333284258,新城区,108.972675,34.287225
B0KA7PUCTO,酉吉烧鸟,餐饮服务;餐饮相关场所;餐饮相关,109.00307382714506,34.31124011715227,未央区,109.007965,34.309834
B0KA1APTI9,王洋烤肉(珠江新城店),餐饮服务;中餐厅;特色/地方风味餐厅,108.98245717027577,34.31892548287902,未央区,108.987261,34.317461
B0K3MHT6JB,潮舜隆江猪脚饭(万达公馆店),餐饮服务;餐饮相关场所;餐饮相关,108.97041983112294,34.31667430239515,未央区,108.975175,34.315175
B0K2HNDE9X,手撕烤鸭(陕建机施集团第一社区店),餐饮服务;餐饮相关场所;餐饮相关,108.9866041375711,34.2787529970706,新城区,108.991422,34.277283
B0K26DKWHU,回味经典香锅冒菜(太华南路店),餐饮服务;中餐厅;中餐厅,108.96742741025636,34.290997681834625,新城区,108.972169,34.289479
B0K1NGQ5NG,林掌柜牛肉面牛肉汤,餐饮服务;中餐厅;中餐厅,109.01319336723608,34.3133417225902,未央区,109.018128,34.311967
B0K0F69V03,缘吉过桥米线,餐饮服务;中餐厅;中餐厅,108.98928278718668,34.302827634962355,未央区,108.994114,34.301376
B0JUJRON2Y,老安家小炒泡馍(世园之家店),餐饮服务;中餐厅;清真菜馆,109.01090613154024,34.31261886473493,未央区,109.015831,34.311237
B0JGPSIBMR,王老四秦镇大米皮(八府庄园南区店),餐饮服务;中餐厅;中餐厅,108.9756383822757,34.290678598868006,新城区,108.980412,34.289182
B0JDNR4P76,我做主便利店,餐饮服务;中餐厅;中餐厅,108.97831878192528,34.299894016543654,未央区,108.983104,34.298409
B0JBRAPZHJ,侯志伟新疆炒米粉(海蓝城店),餐饮服务;餐饮相关场所;餐饮相关,108.99898778029592,34.307256332373605,未央区,109.003861,34.305836
B0J1SASGFK,萧县老邵饭店,餐饮服务;中餐厅;中餐厅,109.01406462405676,34.31410079475124,未央区,109.019003,34.312729
B0J0TDVKP4,汉品香热米皮(翠屏湾小区店),餐饮服务;中餐厅;中餐厅,109.00611943877556,34.30272971963369,灞桥区,109.011023,34.301329
B0J07Z7GSO,天品盛宴主题宴会城(百寰国际易达生活中心店),餐饮服务;餐饮相关场所;餐饮相关,108.97017106218496,34.31342646111939,未央区,108.974925,34.311925
B0J03M15VR,豫东烩面(朗基·幸福乐城店),餐饮服务;中餐厅;中餐厅,109.00107812031288,34.27918816665336,新城区,109.005958,34.277762
B0IR5D1JHI,董老二凉菜卤肉,餐饮服务;餐饮相关场所;餐饮相关,109.01670553067396,34.278793490033664,新城区,109.021652,34.277414
B0ID4AOOX6,簋街小龙虾烧烤(上东大道店),餐饮服务;中餐厅;中餐厅,108.99612748372796,34.30273404042217,未央区,109.000988,34.301303
B0IA3U0WNW,龙记涮涮(东站路总店),餐饮服务;中餐厅;火锅店,108.99821317195295,34.282758370907324,新城区,109.003081,34.281325
B0I13DSL8M,巷子里的农家搅团,餐饮服务;中餐厅;中餐厅,109.02343411692122,34.29928037535283,灞桥区,109.02841,34.297929
B0HU45LIA4,富泽茶楼(龙湖·枫香庭店),餐饮服务;茶艺馆;茶艺馆,108.9688864194916,34.32057457947198,未央区,108.973636,34.319073
B0HBOGKFQU,美味中式快餐(新房绿色家园店),餐饮服务;快餐厅;快餐厅,109.01168896893664,34.31066241848295,未央区,109.016617,34.309282
B0HAKBI06U,川渝晓厨纸包鱼(钟表材料厂家属院店),餐饮服务;中餐厅;中餐厅,108.97178960582724,34.291076032751526,新城区,108.976548,34.289569
B0FFGH0NOA,西府味道(席王路步行街店),餐饮服务;中餐厅;中餐厅,109.05639404838114,34.289031531005016,灞桥区,109.061485,34.287754
B0FFI0PSL0,河间正宗驴肉火烧(唐都医院店),餐饮服务;中餐厅;特色/地方风味餐厅,109.06028385386736,34.28255547686743,灞桥区,109.065385,34.281282
B0FFHS7RG1,泾阳手工锅盔(长十路店),餐饮服务;餐饮相关场所;餐饮相关,109.02576868614636,34.28816469303703,灞桥区,109.030753,34.286815
B0FFFYZCS7,朱钊面馆,餐饮服务;中餐厅;中餐厅,109.05661398067365,34.28255688626785,灞桥区,109.061705,34.281277
B0FFIDBQ6Y,就这家热干面馆,餐饮服务;中餐厅;中餐厅,109.02503841262389,34.290425747572264,灞桥区,109.03002,34.289075
B0FFIS17U7,老磨油饼(灞柳风情街店),餐饮服务;中餐厅;中餐厅,109.06903212289936,34.29729408285818,灞桥区,109.074156,34.29604
B0FFH9QPQO,辣么鲜重庆小面,餐饮服务;中餐厅;中餐厅,109.0703700256938,34.32216010309951,灞桥区,109.075499,34.320919
B0FFH1NH41,永兴包子,餐饮服务;快餐厅;快餐厅,109.06298684054605,34.305328197607864,灞桥区,109.068097,34.304069
B0FFG2P8NM,水香饺子(浐灞新城3期店),餐饮服务;中餐厅;特色/地方风味餐厅,109.0721192266948,34.27733178939472,灞桥区,109.077248,34.276073
B0FFG1ZPHL,渭南南七荞面饸饹(电厂东路店),餐饮服务;中餐厅;中餐厅,109.04827651724376,34.291669475762006,灞桥区,109.053343,34.290377
B001D0WUNT,半岛海鲜私房菜,餐饮服务;中餐厅;海鲜酒楼,109.06501003922531,34.30266930890284,灞桥区,109.070125,34.301412
B001D0VT3E,关中灞道面庄(柳林居小区店),餐饮服务;中餐厅;中餐厅,109.063898360837,34.307484821633345,灞桥区,109.069011,34.306228
B001D0VRFE,清真老韩家泡馍炒菜烧烤,餐饮服务;中餐厅;清真菜馆,109.07464401038732,34.313755057238446,灞桥区,109.079781,34.312515
B001D08NUR,清秀纸包鱼(柳亭路),餐饮服务;中餐厅;综合酒楼,109.06755811894784,34.31278911753428,灞桥区,109.07268,34.31154
B0FFI14OV6,李洁卤味店(浐灞半岛藏珑店),餐饮服务;餐饮相关场所;餐饮相关,109.02675780912377,34.32270748243924,未央区,109.031749,34.321376
B0LBPLEVGB,蜜雪冰城(东城大道悦珑湾北门门口左侧店),餐饮服务;冷饮店;冷饮店,109.03395846131222,34.29375038417807,灞桥区,109.038975,34.292425
B0FFG4MCKQ,王家鸡汤刀削面(席王路步行街店),餐饮服务;中餐厅;中餐厅,109.0663151733641,34.28803380527571,灞桥区,109.071432,34.286772
B0FFGZ0028,兰州罐罐馍(浐灞半岛A4碧水澜庭店),餐饮服务;餐饮相关场所;餐饮相关,109.0260794525539,34.323316064696016,未央区,109.031068,34.321983
B0M69RD4N6,蜜雪冰城(灞瑞二路万博府南门店),餐饮服务;冷饮店;冷饮店,109.07175625425975,34.297192729141145,灞桥区,109.076886,34.295942
B0L2CLI2VP,寂寞的鸭子(金茂店),餐饮服务;餐饮相关场所;餐饮相关,109.02980480877665,34.32321897865332,未央区,109.034808,34.321896
B0KDPX6UTT,阿姨奶茶专卖(荣民宫园学府店),餐饮服务;冷饮店;冷饮店,109.0761100125754,34.293332658523205,灞桥区,109.081248,34.292085
B0FFKBFKC3,竹签烤肉纸包鱼(桃源漫步店),餐饮服务;中餐厅;中餐厅,109.03301099060928,34.30594744632905,灞桥区,109.038025,34.304625
B0FFIDEY8A,蜀南竹签烤肉生态纸包鱼(东江·世园名城店),餐饮服务;中餐厅;特色/地方风味餐厅,109.06725671125376,34.3024841774349,灞桥区,109.072377,34.30123
B0FFIIN494,川华酸菜铜锅涮肉(浐灞店),餐饮服务;中餐厅;火锅店,109.0340471084235,34.31735257420491,未央区,109.039066,34.316038
B0FFFFWZBK,余家烧烤坊,餐饮服务;中餐厅;火锅店|餐饮服务;中餐厅;特色/地方风味餐厅,109.07002469152764,34.32311508947149,灞桥区,109.075153,34.321874
B0FFI41SRH,马勇烧烤(灞桥店),餐饮服务;中餐厅;清真菜馆,109.05592041288428,34.28896442989104,灞桥区,109.06101,34.287686
B0FFIH03OJ,来一碗饸饹(灞桥店),餐饮服务;中餐厅;中餐厅,109.07181680332454,34.31242584076323,灞桥区,109.076948,34.311182
B0FFJ2NVKG,庭顺·烙馍村,餐饮服务;中餐厅;中餐厅,109.07018060824186,34.2971706650205,灞桥区,109.075307,34.295918
B0LK5LTXAP,小谷姐姐麻辣拌·麻辣烫(灞桥店),餐饮服务;中餐厅;中餐厅,109.07160057995272,34.297188916299355,灞桥区,109.07673,34.295938
B0L1X7S3IB,白家小马扎烤肉,餐饮服务;中餐厅;中餐厅,109.06236885541524,34.28874844137024,灞桥区,109.067476,34.287481
B0KUZRJC1T,绝味鸭脖(腾业国王镇店),餐饮服务;餐饮相关场所;餐饮相关,109.07179819905664,34.29682184196134,灞桥区,109.076928,34.295571
B0K1GZXAFK,米琪诺生日蛋糕(华阳新天地店),餐饮服务;糕饼店;糕饼店,109.06676264885095,34.28191977007432,灞桥区,109.07188,34.280656
B0IRMDMCHF,重庆秘制纸包鱼(席王路店),餐饮服务;中餐厅;中餐厅,109.06318278170797,34.288746163518404,灞桥区,109.068292,34.28748
B0IAVK88MF,四川老砂锅(梁一小区店),餐饮服务;中餐厅;中餐厅,109.04581635764896,34.28248674117668,灞桥区,109.050874,34.281185
B0I16UUET0,清风阁茶楼(柴马新雅居店),餐饮服务;茶艺馆;茶艺馆,109.0712916903386,34.2918845981727,灞桥区,109.07642,34.290631
B0G3LDH3CD,铁蛋鸡汤刀削面东城分店,餐饮服务;中餐厅;中餐厅,109.07174626696116,34.285780672841376,灞桥区,109.076875,34.284525
B0FFGFPYC5,老张家牛羊肉胡辣汤,餐饮服务;中餐厅;中餐厅,109.0678983405491,34.312753670146414,灞桥区,109.073021,34.311505
B001D0ZMCS,客来粥道(唐都店),餐饮服务;中餐厅;中餐厅,109.05767799805314,34.282327069742145,灞桥区,109.062772,34.281049
B0FFG2MRD9,品不凡家常菜(席王路店),餐饮服务;中餐厅;中餐厅,109.06671119157062,34.28858300978542,灞桥区,109.071829,34.287322
B0FFFFX231,香茗楼茶庄(灞桥区店),餐饮服务;茶艺馆;茶艺馆|餐饮服务;休闲餐饮场所;休闲餐饮场所,109.06703883415838,34.29538860651429,灞桥区,109.072158,34.294131
B0FFF656MQ,刚刚烧烤纸包鱼(长十路店),餐饮服务;中餐厅;清真菜馆|餐饮服务;中餐厅;特色/地方风味餐厅,109.02544988960292,34.288977227691284,灞桥区,109.030433,34.287627
B0FFHXMLF1,汪记牛羊肉杂肝汤(席王路步行街店),餐饮服务;中餐厅;中餐厅,109.06622636659468,34.28823384611221,灞桥区,109.071343,34.286972
B0FFGZU051,鱼大厨川湘菜(半岛店),餐饮服务;中餐厅;四川菜(川菜),109.0312693669816,34.32072924771786,未央区,109.036278,34.319409
B0FFIZE11N,这儿有烤肉,餐饮服务;中餐厅;中餐厅,109.03071935125544,34.32227298343262,未央区,109.035726,34.320952
B0FFHWDUL1,荷易花园餐厅(浐灞店),餐饮服务;中餐厅;中餐厅,109.03067183681306,34.30703510368759,灞桥区,109.035677,34.305707
B0FFH03I0D,罗曼宴会中心,餐饮服务;中餐厅;中餐厅,109.06474314402902,34.320495586801606,灞桥区,109.069859,34.319246
B0FFGFP489,顾畔餐厅,餐饮服务;中餐厅;火锅店,109.02966151078908,34.309810546344856,灞桥区,109.034663,34.308481
B0FFGFPA3X,杨二正宗裤带面(柳虹路),餐饮服务;中餐厅;中餐厅,109.05805143823645,34.29988482845864,灞桥区,109.063148,34.298615
B0FFJI4ID7,薛家老店(柳亭路店),餐饮服务;中餐厅;西北菜,109.07195051874724,34.312500648497846,灞桥区,109.077082,34.311257
B0FFIWUTDT,春风饺子馆(农贸市场店),餐饮服务;中餐厅;中餐厅,109.06254003899362,34.30464220694309,灞桥区,109.067649,34.303382
B0FFJIJIJR,锦江炝锅城,餐饮服务;中餐厅;火锅店,109.0460498437826,34.27945449963042,灞桥区,109.051108,34.278152
B001D0Z02L,喜子面皮,餐饮服务;快餐厅;快餐厅,109.03194396481392,34.318611455754144,未央区,109.036955,34.317292
B001D08VVZ,金马刀鸡汤刀削面(灞桥总店),餐饮服务;中餐厅;中餐厅,109.0721261584269,34.312460460332616,灞桥区,109.077258,34.311217
B0FFFACB40,兄弟梆梆肉葫芦头(灞桥店),餐饮服务;中餐厅;中餐厅,109.0586206864827,34.30193392388062,灞桥区,109.063719,34.300666
B0M6HUAFMV,霸碗盖码饭(官厅村店),餐饮服务;快餐厅;快餐厅,109.06152790806348,34.30173112525393,灞桥区,109.066634,34.300468
B0KKZ7HADN,张亮麻辣烫(西安世博园店),餐饮服务;中餐厅;火锅店,109.06122291313488,34.322420188129,灞桥区,109.06633,34.321166
B0JBTU36JG,周黑鸭(UPlaza店),餐饮服务;餐饮相关场所;餐饮相关,109.03236208561636,34.3219418095923,未央区,109.037375,34.320625
B0J095WFOM,冠味斋烤鸭,餐饮服务;餐饮相关场所;餐饮相关,109.07244849207645,34.31249406952696,灞桥区,109.077581,34.311251
B0IAC7Q4TS,户县软面,餐饮服务;中餐厅;中餐厅,109.04585858637344,34.2781964479309,灞桥区,109.050916,34.276893
B0FFLJYC9R,景娘家煮馍(东方店),餐饮服务;快餐厅;快餐厅,109.0254778174182,34.28851434882886,灞桥区,109.030461,34.287164
B0FFG9EXWH,飘香川菜鱼庄,餐饮服务;中餐厅;四川菜(川菜),109.04567692370767,34.28129655166404,灞桥区,109.050734,34.279994
B001D0ZSRU,凤凰酒楼,餐饮服务;中餐厅;综合酒楼,109.05508876150331,34.27810957224946,灞桥区,109.060175,34.276825
B0FFHRCZCD,柳茗茶苑(高科·绿水东城一期店),餐饮服务;茶艺馆;茶艺馆,109.06516218226244,34.29675569574227,灞桥区,109.070277,34.295496
B0FFIDCGIL,鲁香飘香锅冒菜(官厅美食城店),餐饮服务;中餐厅;中餐厅,109.0624485245214,34.30174664200589,灞桥区,109.067557,34.300485
B0FFGS9AMY,渭南时辰包子(柳虹路店),餐饮服务;餐饮相关场所;餐饮相关,109.0581421669889,34.3001075702717,灞桥区,109.063239,34.298838
B0MGG62MRW,红曦茶舍,餐饮服务;茶艺馆;茶艺馆,109.05939313083832,34.2955134194262,灞桥区,109.064493,34.294244
B0LR1ZTM90,几许时光里·臻享棋牌会馆(半坡店),餐饮服务;餐饮相关场所;餐饮相关,109.046264955213,34.281510162993136,灞桥区,109.051324,34.280209
B0KKS140FE,八零烧烤炒虾尾(辰宇·世纪城店),餐饮服务;中餐厅;特色/地方风味餐厅,109.0477112992068,34.280581409219046,灞桥区,109.052775,34.279283
B0KD1HE1NJ,金瑶六道汤(御锦城店),餐饮服务;中餐厅;中餐厅,109.03997216108104,34.28584181632568,灞桥区,109.04501,34.284528
B0FFHN2M4S,恩恩砂锅(辰宇·世纪城店),餐饮服务;中餐厅;特色/地方风味餐厅,109.04787177853662,34.28058806202167,灞桥区,109.052936,34.27929
B0FFH0AYV6,正新鸡排(城东客运站店),餐饮服务;快餐厅;快餐厅,109.06381388575936,34.28079256766216,灞桥区,109.068924,34.279524
B0FFFERK5Z,川湘味家常菜馆(梁一小区店),餐饮服务;中餐厅;四川菜(川菜),109.04615121794684,34.28282785770006,灞桥区,109.05121,34.281527
B0LUTB3IH0,南京灌汤小笼包御景城店,餐饮服务;快餐厅;快餐厅,109.04001093458692,34.28687828134508,灞桥区,109.045049,34.285565
B0LKB5T8FI,荞乡遇淳化荞面饸饹(半坡店),餐饮服务;中餐厅;中餐厅,109.04626032460229,34.27739389629882,灞桥区,109.051319,34.276091
B0IRSCC7HB,正宗裤带面,餐饮服务;中餐厅;中餐厅,109.06869542422425,34.314007030103475,灞桥区,109.07382,34.31276
B0IBFAZOIK,躬身茶事茶馆(冠昌金域湾畔店),餐饮服务;茶艺馆;茶艺馆,109.03426440429244,34.30437891312358,灞桥区,109.039283,34.303059
B0I36N9G70,西安UPlaza店,餐饮服务;餐饮相关场所;餐饮相关,109.03216282757862,34.32214223731268,未央区,109.037175,34.320825
B0HRR7X1JF,功夫汤包(新医路店),餐饮服务;餐饮相关场所;餐饮相关,109.05793032627436,34.28195278030798,灞桥区,109.063025,34.280675
B0GR25BYCP,皇家印象烘焙(御锦城壹号商业街店),餐饮服务;糕饼店;糕饼店,109.03963627625691,34.28676223240765,灞桥区,109.044673,34.285448
B0FFL501NX,绿香园水果超市,餐饮服务;中餐厅;中餐厅,109.07499861137671,34.29901630617013,灞桥区,109.080135,34.29777
B0FFHSNAYP,江南包子铺(唐都医院店),餐饮服务;餐饮相关场所;餐饮相关,109.05750591552312,34.288855598424135,灞桥区,109.0626,34.28758
B0FFFYZCTD,大个子正宗裤带面(席王新村店),餐饮服务;中餐厅;西北菜,109.05660601225752,34.28245394420896,灞桥区,109.061697,34.281174
B0FFHNFTS5,景祥肉夹馍(浐灞半岛店),餐饮服务;快餐厅;快餐厅,109.0297086472118,34.317776771778014,未央区,109.034711,34.316451
B0FFJRVOZ0,干拌驴蹄子面,餐饮服务;餐饮相关场所;餐饮相关,109.06219605887304,34.30307045474764,灞桥区,109.067304,34.301809
B0FFJRWFE5,八戒猪蹄粉汤羊血(揽盛·金广厦店),餐饮服务;中餐厅;中餐厅,109.06919476448792,34.297254888133544,灞桥区,109.074319,34.296001
B0M6U5PTKJ,红菊烧鸡(御锦城店),餐饮服务;中餐厅;中餐厅,109.04055683462272,34.28884513355495,灞桥区,109.045597,34.287534
B0M6SH2R8N,渔船坊干锅鸭头,餐饮服务;中餐厅;海鲜酒楼,109.0733245885509,34.279473514295894,灞桥区,109.078456,34.278217
B0LUTR6X03,徐大姐锅巴米饭,餐饮服务;中餐厅;中餐厅,109.0630655546704,34.294788732813814,灞桥区,109.068175,34.293525
B0LKV74V98,蓝猩先生,餐饮服务;餐饮相关场所;餐饮相关,109.03874226457296,34.27754528678291,灞桥区,109.043775,34.276225
B0LDG9AP67,塞上居陕北炒菜·面食·烧烤,餐饮服务;中餐厅;中餐厅,109.0345319321941,34.32155637762749,未央区,109.039553,34.320245
B0L6UHHNJB,燕昕陕南水煎包,餐饮服务;中餐厅;中餐厅,109.06318328549852,34.29445669420972,灞桥区,109.068293,34.293193
B0L0YX7F6G,闲来小聚茶馆,餐饮服务;茶艺馆;茶艺馆,109.05806932305973,34.30064146236542,灞桥区,109.063166,34.299372
B0KB3O3QXH,一碗面馆(席王路店),餐饮服务;中餐厅;中餐厅,109.0613085951393,34.28887809253434,灞桥区,109.066413,34.287609
B0K3NHLXJE,周孃孃鲜切牛肉老火锅(浅水湾店),餐饮服务;中餐厅;火锅店,109.07470932845122,34.29716242553688,灞桥区,109.079845,34.295915
B0JKNAIG3G,张老四肉丸胡辣汤牛肉饼店,餐饮服务;中餐厅;中餐厅,109.0582322101139,34.296723901061526,灞桥区,109.063329,34.295453
B0JG553APQ,90年代火锅串串,餐饮服务;中餐厅;火锅店,109.06675712252064,34.288136136782896,灞桥区,109.071875,34.286875
B0J3HNN5PC,油酥饼(阳光时代店),餐饮服务;餐饮相关场所;餐饮相关,109.05468289082869,34.27879105323308,灞桥区,109.059768,34.277506
B0J1N5E4NG,漫月蛋糕(太华金堤店),餐饮服务;糕饼店;糕饼店,109.0318604689642,34.316446675972124,未央区,109.036871,34.315126
B0IUKC1VCZ,湘约炒菜馆,餐饮服务;中餐厅;中餐厅,109.05849226169042,34.29937627979244,灞桥区,109.06359,34.298107
B0IDOS1B9Q,湘宴(高科绿水东城2期店),餐饮服务;中餐厅;中餐厅,109.05859340873424,34.29445626012135,灞桥区,109.063691,34.293185
B0ID77LZ7H,灞桥区刘三石头刀削面,餐饮服务;中餐厅;中餐厅,109.0691828853205,34.28465234226732,灞桥区,109.074306,34.283393
B0I1UHZ2QO,猫爷茶馆(锦溪东城新一家店),餐饮服务;茶艺馆;茶艺馆,109.0706776193832,34.28471042285841,灞桥区,109.075804,34.283453
B0HKNDS4K7,渭南时辰包子(金桥六路店),餐饮服务;中餐厅;中餐厅,109.02660819076146,34.32519072633226,未央区,109.031599,34.32386
B0H2MZ0TZW,牵心烙面皮店(灞桥店),餐饮服务;中餐厅;中餐厅,109.05558339921367,34.28881211966051,灞桥区,109.060672,34.287533
B0H06DBK01,顶好川味居(席王路步行街店),餐饮服务;中餐厅;中餐厅,109.05679092099874,34.28899682357166,灞桥区,109.061883,34.28772
B0GDDZUUR4,中国兰州拉面(霸桥店),餐饮服务;中餐厅;清真菜馆,109.07149447374051,34.31246920535135,灞桥区,109.076625,34.311225
B0G39SMZL6,八亩沟擀面皮(普华·熙岸店),餐饮服务;餐饮相关场所;餐饮相关,109.07644819321672,34.2955793457761,灞桥区,109.081587,34.294333
B0FFK65JGZ,中食慧快餐店(席王路步行街店),餐饮服务;快餐厅;快餐厅,109.05723567636126,34.28884308740022,灞桥区,109.062329,34.287567
B0FFJA4QAU,程家烧烤纸包鱼酱大骨(长十路店),餐饮服务;中餐厅;中餐厅,109.0255912994594,34.28927470796791,灞桥区,109.030575,34.287925
B0FFF65AMX,福建沙县特色营养小吃(席王路步行街店),餐饮服务;中餐厅;特色/地方风味餐厅,109.056633365039,34.28904109059204,灞桥区,109.061725,34.287764
B001D110MQ,好吃香川菜馆,餐饮服务;中餐厅;四川菜(川菜),109.05798216212798,34.28218259187073,灞桥区,109.063077,34.280905
B0FFJRSJEY,老穆家牛羊肉泡馍,餐饮服务;中餐厅;清真菜馆,109.06824654636806,34.31276019784531,灞桥区,109.07337,34.311512
B0FFJ6VHJX,思乐过桥米线(华阳金街店),餐饮服务;中餐厅;中餐厅,109.06734928845223,34.28183998750244,灞桥区,109.072468,34.280577
B0FFHG20AE,东顺斋泡馍,餐饮服务;中餐厅;清真菜馆,109.06659088416116,34.29538623538631,灞桥区,109.071709,34.294128
B0FFFV0F68,东顺葫芦头三鲜泡馍,餐饮服务;中餐厅;西北菜,109.0355364796822,34.318215376089576,灞桥区,109.040561,34.316905
B0M6HA8RWY,马哈开辣子王兰州牛肉面大王(灞桥店),餐饮服务;中餐厅;清真菜馆,109.0454191156243,34.27742974308361,灞桥区,109.050475,34.276125
B0LKSCJCBM,NOWWA挪瓦咖啡(每一天西安高科绿水东城六期南门店),餐饮服务;咖啡厅;咖啡厅,109.06565891926265,34.29748365069281,灞桥区,109.070775,34.296225
B0LKNMP29N,绝味鸭脖(西安华阳城店),餐饮服务;餐饮相关场所;餐饮相关,109.06656318313718,34.2811663680753,灞桥区,109.07168,34.279902
B0LK3MZM2T,熊麻婆现炒浇头面·饭(西安UPlaza购物中心店),餐饮服务;中餐厅;中餐厅,109.0335294710484,34.32418172448458,未央区,109.038547,34.322869
B0LBU798HK,安仔包,餐饮服务;餐饮相关场所;餐饮相关,109.06715655643876,34.29542942511426,灞桥区,109.072276,34.294172
B0L3VRIEEH,挪瓦咖啡(每一天柴马社区店),餐饮服务;冷饮店;冷饮店,109.07153313746588,34.29240108409812,灞桥区,109.076662,34.291148
B0L30YKLA1,福源双馨好运来营养快餐,餐饮服务;中餐厅;中餐厅,109.05811223329223,34.30030153718828,灞桥区,109.063209,34.299032
B0L2ULFDXX,新时沏(西安市灞桥区席王店),餐饮服务;休闲餐饮场所;休闲餐饮场所,109.06107318496008,34.28920733637437,灞桥区,109.066177,34.287938
B0L1BMY0S5,蚝门烤肉,餐饮服务;中餐厅;中餐厅,109.06885219879524,34.2895326897465,灞桥区,109.073975,34.288275
B0L0HOS47V,三顾诸葛烤串(灞桥店),餐饮服务;中餐厅;中餐厅,109.07164633237834,34.287430088147566,灞桥区,109.076775,34.286175
B0L07X3JI7,郭靖烤全羊(金茂九路店),餐饮服务;中餐厅;特色/地方风味餐厅,109.03405704775932,34.305944744292866,灞桥区,109.039075,34.304625
B0KUZADT91,晨光烧饼(灞瑞二路店),餐饮服务;餐饮相关场所;餐饮相关,109.07140302542386,34.2968353082527,灞桥区,109.076532,34.295584
B0K3C1CWUC,澄城水盆羊肉馆(柴马新雅居店),餐饮服务;中餐厅;中餐厅,109.07153614965232,34.29218817269509,灞桥区,109.076665,34.290935
B0K0CLCCHE,一只酸奶牛(千古情景区店),餐饮服务;冷饮店;冷饮店,109.06205483077385,34.32143730169932,灞桥区,109.067164,34.320184
B0JUA1XSOQ,湘钵钵阿江湘菜,餐饮服务;中餐厅;湖南菜(湘菜),109.0378938723673,34.31782466984906,灞桥区,109.042927,34.31652
B0I1M7C3UI,吖鱼仔烤苕皮豆干(席王路店),餐饮服务;中餐厅;中餐厅,109.06540432208364,34.288382969234135,灞桥区,109.070519,34.28712
B0H0NDWDJ3,吉祥馄饨(西安辰宇世纪城建店),餐饮服务;中餐厅;中餐厅,109.04608970025456,34.27958835568865,灞桥区,109.051148,34.278286
B0G335XTGD,罗记食品(东城大道店),餐饮服务;餐饮相关场所;餐饮相关,109.06218719737744,34.30173606224106,灞桥区,109.067295,34.300474
B0FFK682H0,天和大包(电厂西路店),餐饮服务;餐饮相关场所;餐饮相关,109.04571778337026,34.28134743963061,灞桥区,109.050775,34.280045
B0FFI1N6TI,杨记秘制黄焖鸡米饭(电厂西路店),餐饮服务;快餐厅;快餐厅,109.0443224316187,34.281730404917305,灞桥区,109.049375,34.280425
B0FFFAHTMV,小竹签烤肉(柳亭路店),餐饮服务;中餐厅;特色/地方风味餐厅,109.06796016167894,34.31318538914345,灞桥区,109.073083,34.311937
B0FFGHPNCR,孙胖子葫芦头泡馍,餐饮服务;中餐厅;中餐厅,109.06336698005876,34.292633201672544,灞桥区,109.068477,34.291369
B001D10X2P,撒拉尔兰州牛肉拉面(新医路店),餐饮服务;中餐厅;清真菜馆,109.0577877296816,34.28188506127828,灞桥区,109.062882,34.280607
B0FFJCV6EI,祥丰饺子馆(浐灞半岛A4碧水澜庭店),餐饮服务;餐饮相关场所;餐饮相关,109.0258055699232,34.32301296366182,未央区,109.030793,34.321679
B0FFIPDE0K,同聚楼泡馍馆(阎家滩兴阎小区店),餐饮服务;餐饮相关场所;餐饮相关,109.0389161358368,34.29509338223455,灞桥区,109.043951,34.293781
B0FFI163WB,陕北臊子饸饹面馆羊肉面(白家分店),餐饮服务;中餐厅;特色/地方风味餐厅,109.05094513562716,34.27936515498034,灞桥区,109.056019,34.278073
B0FFH684KW,隐茗庄(振业·泊公馆店),购物服务;专卖店;专营店|餐饮服务;茶艺馆;茶艺馆,109.034420176173,34.31191211392036,灞桥区,109.03944,34.310596
B0FFGACWZ0,潘记小笼包砂锅黄焖鸡米饭过桥米线(梁一小区店),餐饮服务;中餐厅;中餐厅,109.04582332752814,34.28256769158247,灞桥区,109.050881,34.281266
B001D08VSY,荣昌餐厅,餐饮服务;中餐厅;中餐厅,109.04718516446816,34.290426356771846,灞桥区,109.052248,34.289131
B0FFH46CRT,正宗红旗红油串串(太华金堤店),餐饮服务;中餐厅;中餐厅,109.0311102014128,34.31812187999025,未央区,109.036118,34.3168
B001D10099,老城葫芦头泡馍(三分店),餐饮服务;中餐厅;中餐厅,109.04614322727556,34.283026791254926,灞桥区,109.051202,34.281726
B0MGUCCXY6,兰州烈焰辣子烤肉,餐饮服务;餐饮相关场所;餐饮相关,109.03039592900464,34.318421637178254,未央区,109.035401,34.317098
B0M6CUVCF4,永宁南门涮肉肥牛火锅鲜货烧烤,餐饮服务;中餐厅;火锅店,109.0714803035199,34.29176642214514,灞桥区,109.076609,34.290513
B0M6ALZCQA,麒麟燚中国汉堡,餐饮服务;快餐厅;快餐厅,109.0722794525622,34.29394453235343,灞桥区,109.07741,34.292693
B0LUCOX9HJ,伊品香泡馍烧烤店,餐饮服务;中餐厅;清真菜馆,109.07411329550531,34.31086194647359,灞桥区,109.079249,34.30962
B0LR0OPE0G,安居大食堂,餐饮服务;中餐厅;中餐厅,109.02643751289536,34.294170254232085,灞桥区,109.031425,34.292825
B0LKPCZ5EG,王阿姨街边螺蛳粉,餐饮服务;餐饮相关场所;餐饮相关,109.04004421534286,34.2822291741081,灞桥区,109.045082,34.280914
B0LDO96813,周嬢嬢鲜切牛肉老火锅(浐灞新城店),餐饮服务;中餐厅;火锅店,109.07128994244746,34.27751470035966,灞桥区,109.076417,34.276255
B0L2AL2NGY,党大碗功夫面(唐都店),餐饮服务;中餐厅;中餐厅,109.05677151102483,34.2828084939363,灞桥区,109.061863,34.281529
B0KUGLKMGQ,秦煜市井串串(席王路店),餐饮服务;中餐厅;火锅店,109.06293841056538,34.28863459245208,灞桥区,109.068047,34.287368
B0KDDS3Y0J,小青虫湖北菜馆,餐饮服务;中餐厅;中餐厅,109.03791380142532,34.317809627717864,灞桥区,109.042947,34.316505
B0K2F9PYTS,九香羊庄(九香羊庄店),餐饮服务;中餐厅;中餐厅,109.05697544663144,34.29999769807446,灞桥区,109.062069,34.298726
B0JRD5C87C,回坊老李家酱腊牛羊肉(浐灞半岛藏珑店),餐饮服务;中餐厅;清真菜馆,109.03217400551566,34.31956441015231,未央区,109.037186,34.318246
B0IDRRV00Z,味道小厨盖浇饭(十里铺店),餐饮服务;中餐厅;中餐厅,109.02504376971405,34.28597763825561,灞桥区,109.030025,34.284625
B0I0KU3V5K,哈俩里兰州牛肉面(荣民宫园学府店),餐饮服务;中餐厅;清真菜馆,109.07613203414,34.29261594754441,灞桥区,109.08127,34.291368
B0FFLDD417,聚青湘鱼大厨川湘菜(浐灞半岛澜庭金堤店),餐饮服务;中餐厅;四川菜(川菜),109.03429875855248,34.32209572261995,未央区,109.039319,34.320784
B0FFK6MXY5,东北大馅饺子(新寺路店),餐饮服务;中餐厅;中餐厅,109.05656811371756,34.28252898152878,灞桥区,109.061659,34.281249
B0FFK047X0,川菜馆,餐饮服务;中餐厅;四川菜(川菜),109.05662696401674,34.28232196177684,灞桥区,109.061718,34.281042
B0FFIJUS7T,陈师傅老黑正宗裤带面(电厂东路店),餐饮服务;中餐厅;中餐厅,109.04839912766566,34.29161124014909,灞桥区,109.053466,34.290319
B0FFHWHL52,东北饺子馆(席王路步行街店),餐饮服务;快餐厅;快餐厅,109.06669726115123,34.28815821145057,灞桥区,109.071815,34.286897
B0FFG8LQTH,福康来汉中热米皮,餐饮服务;中餐厅;特色/地方风味餐厅,109.05590499004468,34.28279908361459,灞桥区,109.060994,34.281518
B0FFG4MQSV,川味居(席王路步行街店),餐饮服务;中餐厅;四川菜(川菜),109.0670563880783,34.28853454776232,灞桥区,109.072175,34.287274
B0FFH601TS,姐妹豆花米饭,餐饮服务;中餐厅;中餐厅,109.02549175688247,34.288571285766245,灞桥区,109.030475,34.287221
B0FFG2MRIQ,广升川菜馆(席王路步行街店),餐饮服务;中餐厅;四川菜(川菜),109.06666627871712,34.288794982044536,灞桥区,109.071784,34.287534
B0FFHZWAHG,陕南锅巴米饭(席王路步行街店),餐饮服务;中餐厅;中餐厅,109.06668131224204,34.288001301092045,灞桥区,109.071799,34.28674
B0MGXKX1Z2,滨寿司,餐饮服务;外国餐厅;日本料理,109.06680760250076,34.28123899361313,灞桥区,109.071925,34.279975
B0MGRZJSBC,胖哥俩肉蟹煲(西安华阳城店),餐饮服务;中餐厅;中餐厅,109.06680861080264,34.28111604390539,灞桥区,109.071926,34.279852
B0MBDUGE6A,顾二叔手作酸奶(凯德御锦城店),餐饮服务;甜品店;甜品店,109.03804276676848,34.277776903345114,灞桥区,109.043073,34.276455
B0MB4CZB2X,塔斯汀中国汉堡(城开优享店),餐饮服务;快餐厅;快餐厅,109.03323678487315,34.32174162605425,未央区,109.038253,34.320427
B0MANAP17C,熊麻婆现炒浇头面·饭(西安天空之城店),餐饮服务;中餐厅;中餐厅,109.0646248286056,34.28136710066716,灞桥区,109.069737,34.2801
B0M6K9CKYK,小木屋拌饭(西安凯德广场店),餐饮服务;中餐厅;中餐厅,109.03858077005988,34.278423314880854,灞桥区,109.043613,34.277103
B0M6H7C22P,瑞幸咖啡,餐饮服务;咖啡厅;咖啡厅,109.05857844956262,34.28290124292326,灞桥区,109.063675,34.281625
B0M63U92HI,东北风·东北菜·美食餐厅(西安华阳城店),餐饮服务;中餐厅;中餐厅,109.06625890039209,34.28118978992484,灞桥区,109.071375,34.279925
B0LUHCI0Z6,赵记传承·中式甜品(西安华阳广场店),餐饮服务;餐饮相关场所;餐饮相关,109.06655817992636,34.28133930240079,灞桥区,109.071675,34.280075
B0LUGR9WXR,清真·丰盛楼泡馍(灞瑞一路店),餐饮服务;中餐厅;清真菜馆,109.0632160028408,34.2967636356026,灞桥区,109.068326,34.295501
B0LRYKU7O7,土豆库新疆菜,餐饮服务;中餐厅;中餐厅,109.03839346852897,34.278145888833215,灞桥区,109.043425,34.276825
B0LRXYX65M,紫燕百味鸡(西安御锦城店),餐饮服务;餐饮相关场所;餐饮相关,109.03463129096232,34.28966942351633,灞桥区,109.03965,34.288344
B0LRVHKE9R,老碗会西安面馆(浐灞半岛澜庭金堤店),餐饮服务;中餐厅;中餐厅,109.03435454613076,34.32213656051604,未央区,109.039375,34.320825
B0LRSK4BIJ,徐记海鲜(半坡店),餐饮服务;中餐厅;海鲜酒楼,109.04653641186526,34.27741728078104,灞桥区,109.051596,34.276115
B0LRR7L9H1,吉祥馄饨(西安纺织城客运站店),餐饮服务;快餐厅;快餐厅,109.0648123842589,34.28119189486943,灞桥区,109.069925,34.279925
B0LROAWFUH,鸡柳大人(御锦城爱尚里壹街店),餐饮服务;餐饮相关场所;餐饮相关,109.04063469382712,34.287286615485584,灞桥区,109.045675,34.285975
B0LRK5IH01,潮小贝砂锅粥(华阳城店),餐饮服务;中餐厅;广东菜(粤菜),109.06663002170846,34.28121325405725,灞桥区,109.071747,34.279949
B0LRJZHECA,蛮涮自助小火锅·糖水铺子集合店(华阳城店),餐饮服务;中餐厅;火锅店,109.0667966575451,34.28090015141648,灞桥区,109.071914,34.279636
B0LRGUTAJ5,卞太太老宁波干蒸菜(浐灞半岛店),餐饮服务;中餐厅;中餐厅,109.0347982437288,34.317985358100564,未央区,109.03982,34.316673
B0LRDH6676,麒麟大口茶(西安华阳城店),餐饮服务;休闲餐饮场所;休闲餐饮场所,109.06665595404333,34.28129018516228,灞桥区,109.071773,34.280026
B0LR7RJJIP,王奋斗贵州酸汤牛肉火锅(凯德御锦城店),餐饮服务;中餐厅;火锅店,109.0379949210584,34.277996929320224,灞桥区,109.043025,34.276675
B0LR1URUQO,德克士(御锦城店),餐饮服务;快餐厅;快餐厅,109.04058088609754,34.28725675643303,灞桥区,109.045621,34.285945
B0LR1SRSGC,姥姥春饼·烤鸭土菜(御锦城凯德店),餐饮服务;中餐厅;中餐厅,109.03789523493406,34.27854694523611,灞桥区,109.042925,34.277225
B0LKYU3MGK,达美乐比萨(凯德御锦城),餐饮服务;快餐厅;快餐厅,109.03836857200317,34.27798601649113,灞桥区,109.0434,34.276665
B0LKJD1ZBP,塔斯汀中国汉堡(西安市灞桥灞柳良居店),餐饮服务;快餐厅;快餐厅,109.05886007078416,34.30145172250495,灞桥区,109.063959,34.300184
B0LKF5TV8Z,李赵合鲜肉烧烤(滨河店),餐饮服务;中餐厅;特色/地方风味餐厅,109.07225058941052,34.29305395290511,灞桥区,109.077381,34.291802
B0LKBMS8PG,魏斯理汉堡(西安凯德御锦城店),餐饮服务;餐饮相关场所;餐饮相关,109.03873511242622,34.27962043755195,灞桥区,109.043768,34.278301
B0LK4RXVAV,赵记传承·中式甜品(西安御锦城店),餐饮服务;餐饮相关场所;餐饮相关,109.03884287320923,34.27789589548718,灞桥区,109.043876,34.276576
B0LK3HYWZK,袁记云饺(御锦城店),餐饮服务;餐饮相关场所;餐饮相关,109.04107711953468,34.28750247260021,灞桥区,109.046119,34.286192
B001D08NUX,晶晶凉皮(洪庆店),餐饮服务;中餐厅;中餐厅,109.1123258234384,34.30834211107735,灞桥区,109.117497,34.307108
B001D08NPO,老马家饺子馆,餐饮服务;中餐厅;清真菜馆,109.11236336862576,34.313564758443505,灞桥区,109.117535,34.312333
B0FFHE0T9M,如一大锅台,餐饮服务;中餐厅;火锅店,109.11286150141252,34.2895916945756,灞桥区,109.118031,34.288349
B0LGVCY5M4,千里香馄饨王(洪庆街店),餐饮服务;中餐厅;特色/地方风味餐厅,109.11239108597944,34.316813281475405,灞桥区,109.117563,34.315583
B0J3D7HG6S,正新鸡排(洪庆店),餐饮服务;快餐厅;快餐厅,109.11233827992292,34.31456128700344,灞桥区,109.11751,34.31333
B0FFGY9JWV,吴忠手抓羊肉,餐饮服务;中餐厅;清真菜馆,109.11417592132398,34.28651584226258,灞桥区,109.119345,34.285271
B0FFGNPV1L,田王美食城(福美购物中心店),餐饮服务;中餐厅;中餐厅,109.11288932643008,34.29161983694811,灞桥区,109.118059,34.290378
B0K0217XT6,陆东包子铺(洪庆店),餐饮服务;餐饮相关场所;餐饮相关,109.1123463760026,34.30203994611948,灞桥区,109.117517,34.300803
B0GRUO7D70,回坊老马家泡馍(庆华长安家园店),餐饮服务;中餐厅;清真菜馆,109.10818146140316,34.28019328817034,灞桥区,109.11335,34.278949
B0FFGH0PDL,西纺缘宴会厅,餐饮服务;中餐厅;中餐厅,109.12184171782664,34.282677617146504,灞桥区,109.127008,34.281425
B001D0WK16,福宝酒楼(中都宝丰大楼店),餐饮服务;中餐厅;综合酒楼,109.11235010689975,34.30511857502394,灞桥区,109.117521,34.303883
B0FFF01GZG,新动力餐厅,餐饮服务;中餐厅;中餐厅,109.126892784431,34.304917139819224,灞桥区,109.132058,34.303669
B001D0WDNN,川渝厨房(同心路店),餐饮服务;中餐厅;中餐厅,109.11874541875076,34.31683978193553,灞桥区,109.123916,34.315605
B0FFHX9977,老太太向阳涮牛肚砂锅,餐饮服务;中餐厅;火锅店,109.11240836025308,34.302262883417605,灞桥区,109.117579,34.301026
B0FFHXJUE8,食得福凉菜卤肉(田王分店),餐饮服务;餐饮相关场所;餐饮相关,109.11282330213363,34.2918347040338,灞桥区,109.117993,34.290593
B0IAO70PMA,点富罗记糕点(洪庆街店),餐饮服务;糕饼店;糕饼店,109.11238085690565,34.296565381314124,灞桥区,109.117551,34.295326
B0FFFFX2L2,雅聚阁泡馍,餐饮服务;中餐厅;清真菜馆,109.11097601564975,34.31717832151114,灞桥区,109.116148,34.315949
B0FFKSJNNX,兰州牛肉面(向阳北路店),餐饮服务;中餐厅;清真菜馆,109.12118416692432,34.30826882761458,灞桥区,109.126353,34.307028
B0FFHICM23,牛人港湾潮汕生鲜牛肉火锅洪庆店,餐饮服务;中餐厅;火锅店,109.11221071308674,34.30953050650062,灞桥区,109.117382,34.308297
B0FFFFX21Q,百盛楼泡馍(洪庆店),餐饮服务;中餐厅;清真菜馆,109.11236921218728,34.3039281185519,灞桥区,109.11754,34.302692
B001D08NSN,航天四院餐饮中心,餐饮服务;中餐厅;综合酒楼,109.12195652888398,34.308361505561145,灞桥区,109.127125,34.30712
B0FFGHFY4Z,麻辣香热米皮,餐饮服务;中餐厅;中餐厅,109.1123529932624,34.29498705482193,灞桥区,109.117523,34.293747
B0FFHOC1UK,老汤姚家瓦罐烂猪蹄,餐饮服务;餐饮相关场所;餐饮相关,109.11239687781465,34.296337490504825,灞桥区,109.117567,34.295098
B0MGVZDXD8,奇点冰冷饮批发,餐饮服务;冷饮店;冷饮店,109.11222294740465,34.29542778661944,灞桥区,109.117393,34.294188
B0MAGCZ8I8,汉中香辣热米皮,餐饮服务;中餐厅;中餐厅,109.11281360464342,34.2998012157822,灞桥区,109.117984,34.298563
B0LGX16Z7L,兄弟烤串,餐饮服务;中餐厅;特色/地方风味餐厅,109.11232606609502,34.31699615893519,灞桥区,109.117498,34.315766
B0LGSDRE2M,姐妹手工饺子,餐饮服务;餐饮相关场所;餐饮相关,109.09700743262972,34.324047762930206,灞桥区,109.102175,34.322825
B0LA39G4UB,晓峰擀面皮(田王店),餐饮服务;中餐厅;中餐厅,109.11240955215736,34.300069856232696,灞桥区,109.11758,34.298832
B0L33RBF4H,欢喜襄阳牛杂面牛肉面,餐饮服务;中餐厅;中餐厅,109.11232677031732,34.3089498369568,灞桥区,109.117498,34.307716
B0L10UD1ZC,小红门砂锅,餐饮服务;餐饮相关场所;餐饮相关,109.11279761139204,34.29970924674432,灞桥区,109.117968,34.298471
B0L0AZBP18,奋斗鸭(洪庆店),餐饮服务;餐饮相关场所;餐饮相关,109.11235327687056,34.314606275137976,灞桥区,109.117525,34.313375
B0KAYC4ALN,小盖烧烤砂锅,餐饮服务;中餐厅;中餐厅,109.10820744028256,34.2803922155647,灞桥区,109.113376,34.279148
B0J2Y7RP8D,安妮贝可洛可可生日蛋糕(洪庆店),餐饮服务;糕饼店;糕饼店,109.11051100419796,34.31740697324802,灞桥区,109.115683,34.316178
B0FFIKC2YP,庆庆餐厅,餐饮服务;中餐厅;中餐厅,109.11551827711186,34.28516933276689,灞桥区,109.120687,34.283923
B0FFGJQ8F9,强娃面馆,餐饮服务;中餐厅;中餐厅,109.12685645185638,34.30843051950445,灞桥区,109.132022,34.307184
B0FFFFU2W6,干揽面(田王店),餐饮服务;中餐厅;中餐厅,109.1123097459835,34.30921670625259,灞桥区,109.117481,34.307983
B0K0J6BL16,眼镜烧烤(宇航东路店),餐饮服务;中餐厅;特色/地方风味餐厅,109.12684963039028,34.306334456219794,灞桥区,109.132015,34.305087
B0J27A7G9G,紫燕百味鸡(西安田王店),餐饮服务;餐饮相关场所;餐饮相关,109.11274926640372,34.29217551189915,灞桥区,109.117919,34.290934
B0ID698H4T,千里香混沌王(街道办对面),餐饮服务;中餐厅;中餐厅,109.11273052012638,34.31212163571484,灞桥区,109.117902,34.310889
B0FFL6B5GZ,蒲城包子(洪庆店),餐饮服务;快餐厅;快餐厅,109.11095398974686,34.31747617215976,灞桥区,109.116126,34.316247
B0FFIG0HTD,老丁家酱腊牛羊肉(向阳北路店),餐饮服务;快餐厅;快餐厅,109.12681443597332,34.308277541923204,灞桥区,109.13198,34.307031
B0FFFFX19Q,赵记川湘小炒餐馆,餐饮服务;中餐厅;中餐厅,109.11236141732134,34.313007012422915,灞桥区,109.117533,34.311775
B0FFFFX1MP,蒋老三凉皮店(航欣广场A座店),餐饮服务;中餐厅;中餐厅,109.11278220025194,34.31582297075518,灞桥区,109.117954,34.314592
B0FFFSAFBJ,哲哲私家菜锅巴饭,餐饮服务;中餐厅;中餐厅,109.11231724699212,34.3034952812686,灞桥区,109.117488,34.302259
B0MAPSWDS5,阿根廷探戈烤肉西安安旗店,餐饮服务;中餐厅;中餐厅,109.11024509853272,34.282139418467146,灞桥区,109.115414,34.280895
B0K2OA0VHK,芳姐重庆小面馆(洪庆街店),餐饮服务;餐饮相关场所;餐饮相关,109.11276218869024,34.31593690623494,灞桥区,109.117934,34.314706
B0J3GM97JM,爱菊金龙鱼,餐饮服务;中餐厅;中餐厅,109.0995757316496,34.32428664223152,灞桥区,109.104745,34.323064
B0HKMDAQX7,鸡煌香鲍汁黄焖鸡(中都宝丰大楼店),餐饮服务;快餐厅;快餐厅,109.11227910789114,34.30506055951638,灞桥区,109.11745,34.303825
B0M67KW28H,华莱士·全鸡汉堡(鸿都广场店),餐饮服务;快餐厅;快餐厅,109.11229603451008,34.305910188515114,灞桥区,109.117467,34.304675
B0LUNOAJ59,魏家凉皮(西安华荣时代广场店),餐饮服务;中餐厅;中餐厅,109.11326086225462,34.29732657940188,灞桥区,109.118431,34.296087
B0LKCM14ZH,柳州肥姨妈大骨螺蛳粉(洪庆街店),餐饮服务;餐饮相关场所;餐饮相关,109.11240413272829,34.30486072216984,灞桥区,109.117575,34.303625
B0LK29S6GH,李想大虾(洪庆店),餐饮服务;中餐厅;火锅店,109.11240613512568,34.304834734977455,灞桥区,109.117577,34.303599
B0LG773G6R,luckin coffee 瑞幸咖啡(灞桥洪庆地铁站轻住悦享酒店店),餐饮服务;咖啡厅;咖啡厅,109.11226109981128,34.305141512771314,灞桥区,109.117432,34.303906
B0LASU1YTL,霸王茶姬(西安洪庆大旺城店),餐饮服务;餐饮相关场所;餐饮相关,109.11228505269344,34.305695278528226,灞桥区,109.117456,34.30446
B0KKOZDTRP,地锅江湖.现炒地锅鸡(洪庆总舵),餐饮服务;中餐厅;中餐厅,109.11279850651556,34.31233857768605,灞桥区,109.11797,34.311106
B0KKCRMUV5,辣动时代自助火锅(洪庆店),餐饮服务;餐饮相关场所;餐饮相关,109.11236739624748,34.31325190395565,灞桥区,109.117539,34.31202
B0KG7MR6P1,霸碗盖码饭(西安华荣时代广场店),餐饮服务;餐饮相关场所;餐饮相关,109.11354985289618,34.297795554741235,灞桥区,109.11872,34.296556
B0K22C7EWW,重庆纸包鱼(洪庆总店),餐饮服务;中餐厅;四川菜(川菜),109.11290748870412,34.28978164077907,灞桥区,109.118077,34.288539
B0JUJ5JOA5,塔斯汀中国汉堡(西安市灞桥洪庆街店),餐饮服务;餐饮相关场所;餐饮相关,109.11235992051068,34.30725562102587,灞桥区,109.117531,34.306021
B0JBSYT1ZZ,伊源老马家牛羊肉泡馍(洪庆店),餐饮服务;中餐厅;清真菜馆,109.112391358509,34.31369971308278,灞桥区,109.117563,34.312468
B0JABLRKSD,蜜雪冰城(洪庆街店),餐饮服务;冷饮店;冷饮店,109.1123768492324,34.296650341746975,灞桥区,109.117547,34.295411
B0J2SZDLVW,茶百道(西安灞桥华荣时代广场店),餐饮服务;冷饮店;冷饮店,109.11332084454304,34.29760049650602,灞桥区,109.118491,34.296361
B0J157WZH0,张伟铜锅涮肉(洪庆店),餐饮服务;快餐厅;快餐厅,109.11273463054188,34.29943333061741,灞桥区,109.117905,34.298195
B0J0ZSDRMY,兰湘子·湘菜小炒(西安华荣时代广场店),餐饮服务;中餐厅;湖南菜(湘菜),109.1134738706818,34.29749263980854,灞桥区,109.118644,34.296253
B0J0TOSGE6,星巴克(西安华荣时代广场店),餐饮服务;咖啡厅;星巴克咖啡,109.11328488239252,34.29712468292414,灞桥区,109.118455,34.295885
B0IKKUU7VI,肯德基(洪庆店),餐饮服务;快餐厅;肯德基,109.11239307100897,34.305558403134526,灞桥区,109.117564,34.304323
B0IB3AB0CO,赵天琦米线公司(洪庆店),餐饮服务;快餐厅;快餐厅,109.11271074943492,34.309483822728055,灞桥区,109.117882,34.30825
B0HBNYWA8L,蜜雪冰城(洪庆庆华北区店),餐饮服务;冷饮店;冷饮店,109.1128032331742,34.31546614765369,灞桥区,109.117975,34.314235
B0FFLO7GSQ,三顾冒菜(庆华店),餐饮服务;快餐厅;快餐厅,109.1123532290714,34.30372420020259,灞桥区,109.117524,34.302488
B0FFKTAJKH,蜜雪冰城(田洪正街大旺城门口右侧第一家店),餐饮服务;冷饮店;冷饮店,109.11230400435451,34.30626003609268,灞桥区,109.117475,34.305025
B0FFKN0NGS,米旗(洪庆鸿都店),餐饮服务;糕饼店;糕饼店,109.1123140094744,34.30620806527987,灞桥区,109.117485,34.304973
B0FFJ9Y6DC,清真老兰家牛羊肉泡馍(洪庆街店),餐饮服务;中餐厅;清真菜馆,109.11221219691268,34.29256802449887,灞桥区,109.117382,34.291327
B0L0RA56OO,luckin coffee 瑞幸咖啡(航天四院公寓启航楼店),餐饮服务;咖啡厅;咖啡厅,109.11351461968084,34.30041537738762,灞桥区,109.118685,34.299177
B0K6LMJJNH,饺小吉(华荣时代广场店),餐饮服务;餐饮相关场所;餐饮相关,109.11347687075798,34.29749564038125,灞桥区,109.118647,34.296256
B0JK15E3DD,鱼你幸福酸菜鱼(西安华荣时代广场店),餐饮服务;中餐厅;中餐厅,109.1134738706818,34.29749263980854,灞桥区,109.118644,34.296253
B0IR472VW0,飞鸿肉夹馍(向阳北路店),餐饮服务;中餐厅;中餐厅,109.12054285450874,34.30855111854565,灞桥区,109.125712,34.307311
B0FFM36UMM,膳当家黄焖鸡米饭(洪庆街店),餐饮服务;快餐厅;快餐厅,109.11235921884696,34.30384514973201,灞桥区,109.11753,34.302609
B001D08OCW,川味大排档煎饼屋(馨苑小区店),餐饮服务;中餐厅;四川菜(川菜),109.11275188617245,34.30795753741349,灞桥区,109.117923,34.306723
B0LRNCM3PK,必胜客(华荣店),餐饮服务;餐饮相关场所;餐饮相关,109.11324282439344,34.29773838737489,灞桥区,109.118413,34.296499
B0L04HXIBQ,一只酸奶牛(华荣时代广场店),餐饮服务;甜品店;甜品店,109.11326585306374,34.29743753380497,灞桥区,109.118436,34.296198
B0HDV7YR3L,赵记羊杂(田王店),餐饮服务;餐饮相关场所;餐饮相关,109.11239186693,34.29645843461306,灞桥区,109.117562,34.295219
B0LDVC61SM,疆湖传说·传说中的新疆炒米粉(田王店),餐饮服务;中餐厅;中餐厅,109.11214007035332,34.293973372525464,灞桥区,109.11731,34.292733
B0LB7DF0K8,小竹签烤肉(洪庆店),餐饮服务;中餐厅;特色/地方风味餐厅,109.11240335373532,34.30233384892385,灞桥区,109.117574,34.301097
B0J0VSLOZD,奈雪的茶(西安华荣时代广场店),餐饮服务;冷饮店;冷饮店,109.11239234298154,34.29101480149673,灞桥区,109.117562,34.289773
B0J01Z1ZBF,小猪查理火盆自助烤肉(西安华荣时代广场店),餐饮服务;餐饮相关场所;餐饮相关,109.1136268931217,34.29743975987884,灞桥区,109.118797,34.2962
B0HRZKNSVR,刘琦驴蹄子面(祥云路店),餐饮服务;中餐厅;中餐厅,109.11173606956194,34.29380021778264,灞桥区,109.116906,34.29256
B0FFMAESIA,三顾冒菜·麻辣烫(田王店),餐饮服务;快餐厅;快餐厅,109.11219454549042,34.288570737665445,灞桥区,109.117364,34.287328
B0FFHMQEBC,海丰农庄铁锅炖,餐饮服务;中餐厅;中餐厅,109.12078359742804,34.30126859498338,灞桥区,109.125952,34.300025
B0LU2AU11V,九街华格串串香火锅工厂店,餐饮服务;餐饮相关场所;餐饮相关,109.11279773894658,34.30968178537931,灞桥区,109.117969,34.308448
B0LD5KU8TX,幸运咖(洪庆街店),餐饮服务;咖啡厅;咖啡厅,109.11218701982048,34.3174378739039,灞桥区,109.117359,34.316208
B0ID57UQJ5,刘琦驴蹄子面(洪庆店),餐饮服务;中餐厅;中餐厅,109.11192200553846,34.31746470937031,灞桥区,109.117094,34.316235
B0I3TOKTIU,绝味鸭脖(霸柳二路店),餐饮服务;餐饮相关场所;餐饮相关,109.10952726849126,34.28068967889703,灞桥区,109.114696,34.279445
B0FFFAGYAX,老三腊牛肉夹馍(庆祝路店),餐饮服务;中餐厅;中餐厅,109.11230474761176,34.29776381104305,灞桥区,109.117475,34.296525
B0LDGA9VI6,坊上老孙家泡馍,餐饮服务;中餐厅;清真菜馆,109.11237914169328,34.30474076117115,灞桥区,109.11755,34.303505
B0JKG4UBNI,1点点(西安华荣时代广场店),餐饮服务;餐饮相关场所;餐饮相关,109.1134268865054,34.29725171599652,灞桥区,109.118597,34.296012
B0JK0LPO84,茶话弄(华荣时代广场店),餐饮服务;休闲餐饮场所;休闲餐饮场所,109.11356188043796,34.29749669362257,灞桥区,109.118732,34.296257
B0IGVR36NK,毛记冒菜,餐饮服务;中餐厅;中餐厅,109.11285276418208,34.30944492594998,灞桥区,109.118024,34.308211
B0I3TCC6OH,西雅苏新疆炒米粉(灞桥洪庆街店),餐饮服务;中餐厅;中餐厅,109.1116203679539,34.3017866439133,灞桥区,109.116791,34.30055
B0I3D544O7,CoCo都可(洪庆大旺城店),餐饮服务;冷饮店;冷饮店,109.11227503962914,34.3058382085709,灞桥区,109.117446,34.304603
B0I1XLUHM9,小螺号柳州螺蛳粉(庆华北区一街坊店),餐饮服务;中餐厅;中餐厅,109.11275136910412,34.31386585101172,灞桥区,109.117923,34.312634
B0HKKDK8QX,一粉一城(洪庆街店),餐饮服务;中餐厅;中餐厅,109.1123040305915,34.30596017075064,灞桥区,109.117475,34.304725
B0FFGUFSFS,小孟华擀面皮(兴商农贸市场夜市店),餐饮服务;中餐厅;中餐厅,109.11155376372922,34.297244611637765,灞桥区,109.116724,34.296006
B0LKMH69IC,宴长安·西安菜(洪庆店),餐饮服务;中餐厅;西北菜,109.11340986085226,34.29752358597786,灞桥区,109.11858,34.296284
B0L23C5DAB,马招财香辣火锅鸡(洪庆店),餐饮服务;中餐厅;火锅店,109.11234619009224,34.30416499926627,灞桥区,109.117517,34.302929
B0L0BHUPC4,宁宁豌杂面,餐饮服务;中餐厅;中餐厅,109.11234082667556,34.30831513203927,灞桥区,109.117512,34.307081
B0KRP1M0VS,小红门米线,餐饮服务;中餐厅;中餐厅,109.11214807756588,34.29389541106139,灞桥区,109.117318,34.292655
B0KRM1T4U8,六哥汤包(华荣时代广场店),餐饮服务;中餐厅;中餐厅,109.11347687075798,34.29749564038125,灞桥区,109.118647,34.296256
B0KGZ54AKJ,繁花·花艺馆,购物服务;花鸟鱼虫市场;花卉市场|餐饮服务;冷饮店;冷饮店,109.11276429550009,34.31471846777648,灞桥区,109.117936,34.313487
B0K3B5XGAS,周孃孃鲜切牛肉老火锅(田洪正街店),餐饮服务;中餐厅;火锅店,109.112303165475,34.304417861105044,灞桥区,109.117474,34.303182
B0JUJ7NK6W,文辉菠菜面(洪庆店),餐饮服务;中餐厅;中餐厅,109.11293579924408,34.30912512115188,灞桥区,109.118107,34.307891
B0JAZ54Y98,东诚一品京味烤鸭(诚信大厦店),餐饮服务;餐饮相关场所;餐饮相关,109.1123256908546,34.298426531860144,灞桥区,109.117496,34.297188
B0IGG7013E,建宏肉丸胡辣汤(洪庆航天医院店),餐饮服务;中餐厅;中餐厅,109.11231375102358,34.309161733473495,灞桥区,109.117485,34.307928
B0HRPO72ZZ,陈老五水盆羊肉,餐饮服务;中餐厅;中餐厅,109.11279871645944,34.3099396690615,灞桥区,109.11797,34.308706
B0FFM9Q1Y3,渔香阁,餐饮服务;中餐厅;综合酒楼,109.10927722016667,34.2929223398925,灞桥区,109.114447,34.291683
B0FFLIJFPC,雨果饺子馆洪庆店,餐饮服务;餐饮相关场所;餐饮相关,109.111289060603,34.29380596831171,灞桥区,109.116459,34.292566
B0FFLD23D1,勇哥重庆川菜馆(中铁滨河佳园店),餐饮服务;中餐厅;四川菜(川菜),109.10569691727198,34.280853101254,灞桥区,109.110865,34.27961
B0FFJJ41HO,祥云阁泡馍(铁建水岸雅苑店),餐饮服务;中餐厅;特色/地方风味餐厅,109.091864481149,34.28254615888231,灞桥区,109.097024,34.281304
B001D11FXH,周公故里岐山面府(洪庆店),餐饮服务;中餐厅;中餐厅,109.11238439891562,34.30180407317719,灞桥区,109.117555,34.300567
B0MGV1G88Z,前卫谢记高汤丸子烩菜,餐饮服务;餐饮相关场所;餐饮相关,109.11225795252646,34.295390823112555,灞桥区,109.117428,34.294151
B0MA49VECX,翠翠乾县豆腐脑,餐饮服务;中餐厅;中餐厅,109.11305848123114,34.290021629705656,灞桥区,109.118228,34.288779
B0LAMODJF4,酒零后串串,餐饮服务;中餐厅;火锅店,109.11236108486676,34.31680526757074,灞桥区,109.117533,34.315575
B0LA6ZB73A,巷礼·烘焙,餐饮服务;糕饼店;糕饼店,109.11238909591911,34.31669833335727,灞桥区,109.117561,34.315468
B0KKZREXQS,老面馒头店,餐饮服务;餐饮相关场所;餐饮相关,109.1309752092664,34.31348107017208,灞桥区,109.136138,34.312232
B0K2O13PVQ,兵哥胡辣汤,餐饮服务;中餐厅;中餐厅,109.10943227192205,34.28073761404985,灞桥区,109.114601,34.279493
B0K1VRKTW3,清汤牛肉面,餐饮服务;中餐厅;清真菜馆,109.11240092859023,34.295759745583695,灞桥区,109.117571,34.29452
B0K0TPQE5R,周记斜口荞面饸饹,餐饮服务;中餐厅;中餐厅,109.10945807248883,34.31729450816099,灞桥区,109.11463,34.316066
B0JDS7N8Z4,Pastry面点(福美购物中心店),餐饮服务;糕饼店;糕饼店,109.112939325406,34.29168084097224,灞桥区,109.118109,34.290439
B0JA5UPI7N,兰州纯汤牛肉面(长平路店),餐饮服务;中餐厅;清真菜馆,109.11158699408558,34.31747851467361,灞桥区,109.116759,34.316249
B0J33UO6OK,杨建林裤带面,餐饮服务;中餐厅;中餐厅,109.10268809049478,34.32508763897852,灞桥区,109.107859,34.323865
B0J179IWR0,高氏祥和居泡馍烧烤店,餐饮服务;中餐厅;综合酒楼,109.10613883437796,34.280496394147264,灞桥区,109.111307,34.279253
B0J12U6VW5,丑锅锅秘制砂锅,餐饮服务;中餐厅;中餐厅,109.1127286362851,34.299362358331365,灞桥区,109.117899,34.298124
B0IRZO64CU,吃点甜的蛋糕店(洪庆店),餐饮服务;糕饼店;糕饼店,109.1123038288603,34.29683421843116,灞桥区,109.117474,34.295595
B0ID77M4JW,兰州拉面馆(庆中店),餐饮服务;中餐厅;中餐厅,109.11235953766166,34.30020076899368,灞桥区,109.11753,34.298963
B0IAFXD8JF,浩克秘制烤面筋,餐饮服务;餐饮相关场所;餐饮相关,109.11236036669,34.30215590279087,灞桥区,109.117531,34.300919
B0I1YZ4P3J,西纺缘,餐饮服务;中餐厅;中餐厅,109.12180268324916,34.28285450570828,灞桥区,109.126969,34.281602
B0H0L4HE92,新桂美食广场(大旺城洪庆店),餐饮服务;中餐厅;四川菜(川菜),109.11233504497427,34.30581625346306,灞桥区,109.117506,34.304581
B0G06GN1M6,蒲城艺香包子铺,餐饮服务;餐饮相关场所;餐饮相关,109.1123200193916,34.29466617542468,灞桥区,109.11749,34.293426
B0FFLC9WTY,杨凌蘸水面(洪庆街店),餐饮服务;中餐厅;中餐厅,109.11206999207576,34.30626289924451,灞桥区,109.117241,34.305028
B0FFL6WAN2,个个香泾阳锅盔,餐饮服务;餐饮相关场所;餐饮相关,109.11285740607202,34.290678224180155,灞桥区,109.118027,34.289436
B0FFKPF8H0,航天四院餐饮中心第二餐厅,餐饮服务;中餐厅;中餐厅,109.12195652844656,34.3083665033035,灞桥区,109.127125,34.307125
B0FFKK6DXU,旺旺小吃店(洪庆正街店),餐饮服务;快餐厅;快餐厅,109.11283660984972,34.29976324645911,灞桥区,109.118007,34.298525
B0KACLZFL8,豆花饭盐帮菜,餐饮服务;中餐厅;中餐厅,109.11236028195626,34.30312447174772,灞桥区,109.117531,34.301888
B0JGKOP9W1,古都铁片面馆,餐饮服务;中餐厅;中餐厅,109.11305270387828,34.29890475683718,灞桥区,109.118223,34.297666
B0G2M10I56,福豆菠菜面(庆华新区店),餐饮服务;中餐厅;中餐厅,109.1110110618955,34.29378682706702,灞桥区,109.116181,34.292547
B001D0WKFY,中国兰州拉面(航欣广场B座店),餐饮服务;中餐厅;清真菜馆,109.1127912287952,34.315505122481355,灞桥区,109.117963,34.314274
B0FFFDIXXA,馄饨王(庆华社区店),餐饮服务;中餐厅;特色/地方风味餐厅,109.1123639362216,34.29564677323563,灞桥区,109.117534,34.294407
B0KAOPKKGL,福盛楼泡馍烧烤,餐饮服务;中餐厅;清真菜馆,109.1106510652473,34.29380662937615,灞桥区,109.115821,34.292567
B0I6TCPRBA,建安肉夹馍(纺建路店),餐饮服务;中餐厅;中餐厅,109.11234597431576,34.29519895825854,灞桥区,109.117516,34.293959
B0I3KC854A,西安隐悦茶空间,餐饮服务;茶艺馆;茶艺馆,109.11238419026974,34.304189010820274,灞桥区,109.117555,34.302953
B0FFLEPB3W,沐子老潼关肉夹馍,餐饮服务;快餐厅;快餐厅,109.11233576060816,34.30906678930754,灞桥区,109.117507,34.307833
B0L0O5ILOE,马有布牛肉面·清真烤肉(洪庆店),餐饮服务;中餐厅;清真菜馆,109.11235220478878,34.30400107600598,灞桥区,109.117523,34.302765
B0J2DCZ5SF,刘家荞面饸饹,餐饮服务;餐饮相关场所;餐饮相关,109.1051876235582,34.29729788403664,灞桥区,109.110357,34.296062
B0J26GR99I,兰州纯汤牛肉面(铁建水岸雅苑店),餐饮服务;中餐厅;清真菜馆,109.09262466344956,34.28340059186901,灞桥区,109.097785,34.282159
B0I0LM9DBE,嘎嘎香五常大米西安办事处,餐饮服务;中餐厅;中餐厅,109.10062308520416,34.32498639187796,灞桥区,109.105793,34.323764
B0HDDZ8PMM,重庆川菜馆,餐饮服务;中餐厅;四川菜(川菜),109.11289154904132,34.289075934444845,灞桥区,109.118061,34.287833
B0GUOS1WK3,蓝田晓峰擀面皮(田洪店),餐饮服务;中餐厅;中餐厅,109.11667550533764,34.308542932659066,灞桥区,109.121846,34.307306
B0FFFFX2LO,诚信一牛羊肉泡馍,餐饮服务;中餐厅;清真菜馆,109.10804250924592,34.29132149309499,灞桥区,109.113212,34.290082
B0FFFAH188,小南门葫芦头泡馍(祥云路店),餐饮服务;中餐厅;中餐厅,109.1090593159066,34.292065611340114,灞桥区,109.114229,34.290826
B0FFGFPHUX,宜品汤包(向阳北路店),餐饮服务;餐饮相关场所;餐饮相关,109.1201517116252,34.308278894051845,灞桥区,109.125321,34.307039
B0LALRJCMM,哎西家火锅外卖(田王店),餐饮服务;中餐厅;火锅店,109.11358983450596,34.29805946407819,灞桥区,109.11876,34.29682
B0K1OKR9ZV,先德沙县小吃,餐饮服务;中餐厅;特色/地方风味餐厅,109.11238284837214,34.29666433913606,灞桥区,109.117553,34.295425
B0ID77N3D6,满江红湘满楼旗舰店(洪庆街店),餐饮服务;中餐厅;中餐厅,109.11277795539934,34.30718989909879,灞桥区,109.117949,34.305955
B0M67RZDLT,胖九宝砂锅涮牛肚涮肉,餐饮服务;中餐厅;火锅店,109.10672580066262,34.279323088590985,灞桥区,109.111894,34.278079
B0L31CVM9S,刘精致地摊火锅,餐饮服务;中餐厅;火锅店,109.11284435936584,34.29119999110518,灞桥区,109.118014,34.289958
B0L27BHZNJ,成都饭儿•地道四川菜(洪庆店),餐饮服务;中餐厅;四川菜(川菜),109.11282153348954,34.31205172243658,灞桥区,109.117993,34.310819
B0K3ZCIXYO,稻膳房黄焖鸡米饭,餐饮服务;中餐厅;中餐厅,109.10947626877264,34.280732636802846,灞桥区,109.114645,34.279488
B0K1VPRVD5,湘约向阳,餐饮服务;中餐厅;湖南菜(湘菜),109.11234573879868,34.29789177878116,灞桥区,109.117516,34.296653
B0J1J6M5C1,福口香饺子馆(铁建水岸雅苑店),餐饮服务;中餐厅;特色/地方风味餐厅,109.09251977450856,34.283281669052705,灞桥区,109.09768,34.28204
B0IATNF6NQ,小张哥擀面皮(庆华长安家园店),餐饮服务;快餐厅;快餐厅,109.10856037737128,34.28056929155011,灞桥区,109.113729,34.279325
B0I2GLH4OH,鲜有味鸡汤刀削面,餐饮服务;中餐厅;中餐厅,109.1123842288349,34.30374820767035,灞桥区,109.117555,34.302512
B0FFMBPFUK,伊尔德兰州牛肉面(庆华长安家园店),餐饮服务;中餐厅;清真菜馆,109.10859737231888,34.28057430549724,灞桥区,109.113766,34.27933
B0FFGFRLI6,老三面馆(同心路店),餐饮服务;中餐厅;中餐厅,109.11144301602678,34.31719656543422,灞桥区,109.116615,34.315967
B0MGL5NBSI,正焕延安沾沾,餐饮服务;中餐厅;中餐厅,109.11237728734986,34.303074503982515,灞桥区,109.117548,34.301838
B0G355USZX,蜀千根串串,餐饮服务;中餐厅;火锅店,109.11160001712967,34.317218642028934,灞桥区,109.116772,34.315989
B0LRVCKT9B,老上海馄饨铺(洪庆街店),餐饮服务;中餐厅;中餐厅,109.1123922364063,34.30366724849828,灞桥区,109.117563,34.302431
B0LKFUU9GD,正山堂(洪庆航悦荟店),餐饮服务;冷饮店;冷饮店,109.11338860639364,34.300406302129545,灞桥区,109.118559,34.299168
B0FFKC0SDW,晨光烧饼,餐饮服务;餐饮相关场所;餐饮相关,109.11277020043458,34.315809969510426,灞桥区,109.117942,34.314579
B0FFLN90A3,鼎晟成都牛杂火锅,餐饮服务;中餐厅;火锅店,109.10818044163688,34.29186131693352,灞桥区,109.11335,34.290622
B0FFIKC396,香满城馋嘴鸭(洪庆店),餐饮服务;餐饮相关场所;餐饮相关,109.11235583814516,34.308194195435654,灞桥区,109.117527,34.30696
B001D08W5F,建安肉夹馍,餐饮服务;餐饮相关场所;餐饮相关,109.1123488090417,34.30852204325049,灞桥区,109.11752,34.307288
B0FFJ1F59N,陈聚德炒牛肉(田王直营店),餐饮服务;中餐厅;中餐厅,109.11224821789118,34.292350139834824,灞桥区,109.117418,34.291109
B001D0ZUHI,华莱士·全鸡汉堡(田洪正街),餐饮服务;快餐厅;快餐厅,109.11237012854052,34.31631250017982,灞桥区,109.117542,34.315082
B0FFKOEY21,悦香居饭店(洪庆街道),餐饮服务;中餐厅;中餐厅,109.11278172086864,34.309873688729745,灞桥区,109.117953,34.30864
B0FFHXCSCE,孙氏霸道鱼烧烤,餐饮服务;中餐厅;海鲜酒楼,109.12683162562848,34.306245476189346,灞桥区,109.131997,34.304998
B0LBXCIIH4,春光位记烩面馆,餐饮服务;中餐厅;中餐厅,109.11237344417404,34.289844294871195,灞桥区,109.117543,34.288602
B0L2UOGYDQ,阿凤大盘鸡,餐饮服务;中餐厅;中餐厅,109.11235347808116,34.31230732730102,灞桥区,109.117525,34.311075
B0L2AD1RUE,胖小子冒菜麻辣拌,餐饮服务;中餐厅;中餐厅,109.11287638092014,34.290984103713306,灞桥区,109.118046,34.289742
B0L0RC69G5,杜宾先生(航悦荟店),餐饮服务;餐饮相关场所;餐饮相关,109.11345462617598,34.30026340678894,灞桥区,109.118625,34.299025
B0JGVS24DX,金福苑餐厅,餐饮服务;餐饮相关场所;餐饮相关,109.11222395656746,34.3181825507149,灞桥区,109.117396,34.316953
B0J10XR0KW,河南羊肉烩面,餐饮服务;中餐厅;中餐厅,109.1132997293846,34.287455879787125,灞桥区,109.118469,34.286212
B0I157XOXT,鹏达烧烤牛杂煲,餐饮服务;外国餐厅;外国餐厅,109.11246876373818,34.30912484122003,灞桥区,109.11764,34.307891
B0H1V5RSOQ,渝都家常菜(洪庆街店),餐饮服务;中餐厅;中餐厅,109.11236355547511,34.2999998601595,灞桥区,109.117534,34.298762
B0GRXR7O8W,胖娃砂锅(福美购物中心店),餐饮服务;中餐厅;中餐厅,109.1128493549732,34.29125497038439,灞桥区,109.118019,34.290013
B0FFM7BZGJ,23元自助火锅,餐饮服务;中餐厅;中餐厅,109.11235292892783,34.307154662389166,灞桥区,109.117524,34.30592
B0FFFAHTSI,佳美蛋糕(向阳北路店),餐饮服务;糕饼店;糕饼店,109.12000765280128,34.30826877204133,灞桥区,109.125177,34.307029
B0FFFAHTSD,米旗(洪庆店),餐饮服务;糕饼店;糕饼店,109.12033276468205,34.30854493402889,灞桥区,109.125502,34.307305
B0JU49CXGC,任氏面馆,餐饮服务;中餐厅;中餐厅,109.1121803287391,34.31390449621368,灞桥区,109.117352,34.312673
B0FFFZ2RVZ,老味饺子馆,餐饮服务;中餐厅;特色/地方风味餐厅,108.89919821384322,34.34472123196359,未央区,108.90379,34.343135
B0FFHUT4R2,南昌拌粉,餐饮服务;中餐厅;中餐厅,108.89811568631808,34.34493998361947,未央区,108.902707,34.343354
B0FFG22ZF4,纯碱放心馒头店(丰产路店),餐饮服务;餐饮相关场所;餐饮相关,108.90108821524068,34.344654387899254,未央区,108.905681,34.343068
B0FFJPY2K7,小四川家常菜(草滩八路店),餐饮服务;中餐厅;四川菜(川菜),108.86075639639424,34.363199329973355,未央区,108.865366,34.361655
B0FFHNMSUD,岐山臊子面(石化大道店),餐饮服务;中餐厅;中餐厅,108.87807572782026,34.32565805678747,未央区,108.882667,34.324074
B0FFFXP0QA,老灶台一锅炖,餐饮服务;中餐厅;中餐厅,108.85637910542894,34.336060281925285,未央区,108.860992,34.334509
B0FFFVEJ9H,河间孙若瑟火烧驴肉,餐饮服务;中餐厅;特色/地方风味餐厅,108.88050990744144,34.32584116374872,未央区,108.8851,34.324255
B0GR3KH51F,老潼关肉夹馍,餐饮服务;快餐厅;快餐厅,108.85539277002046,34.33639256257388,未央区,108.860007,34.334843
B0FFFZHYVW,溢香川味食府,餐饮服务;中餐厅;中餐厅,108.86046705718388,34.36312794130519,未央区,108.865077,34.361584
B0FFFVK4HA,麦旗蛋糕店(楼阁台第27分店),餐饮服务;糕饼店;糕饼店,108.90008076809178,34.344727305624374,未央区,108.904673,34.343141
B0FFI15QPS,小竹签烧烤(丰产路店),餐饮服务;中餐厅;特色/地方风味餐厅,108.85572725381078,34.335932316400346,未央区,108.860341,34.334382
B0FFFO6G9S,成都川菜煎饼屋(石化大道),餐饮服务;中餐厅;四川菜(川菜),108.87995766404252,34.32578271239058,未央区,108.884548,34.324197
B0HRVL4UIE,西府削筋面馆(丰产路唐家村店),餐饮服务;餐饮相关场所;餐饮相关,108.87042308454151,34.3414012589728,未央区,108.875021,34.339833
B0HRD1YU2Q,川府鱼庄(丰产路店),餐饮服务;餐饮相关场所;餐饮相关,108.90023068683084,34.344746305882566,未央区,108.904823,34.34316
B0FFL3P5P5,义和源道口烧鸡老铺,餐饮服务;餐饮相关场所;餐饮相关,108.85889357927668,34.33285570388424,未央区,108.863503,34.331299
B0FFJMENPS,辣人张大盘鸡(尚稷路店),餐饮服务;餐饮相关场所;餐饮相关,108.86245587116404,34.36938455882831,未央区,108.867064,34.367841
B0FFHTLN2E,食尚海鲜大咖,餐饮服务;餐饮相关场所;餐饮相关,108.85555502639129,34.33590505660568,未央区,108.860169,34.334355
B0FFH67Z39,兴盛祥泡馍,餐饮服务;中餐厅;清真菜馆,108.8907488133669,34.327508163003124,未央区,108.895337,34.325916
B0FFGFQPXO,武汉热干面(鸿都购物广场丰产路店西),餐饮服务;中餐厅;中餐厅,108.8986454626979,34.3448341108871,未央区,108.903237,34.343248
B0I19MT8RZ,逍遥镇牛肉胡辣汤(丰产路店),餐饮服务;中餐厅;中餐厅,108.8459242190896,34.33415574851157,未央区,108.850552,34.332621
B0FFH70VYR,重庆鲜面条(楼阁台店),购物服务;综合市场;农副产品市场|餐饮服务;餐饮相关场所;餐饮相关,108.89868944171792,34.34484711011616,未央区,108.903281,34.343261
B0LAR59P25,斗米湘自选快餐,餐饮服务;快餐厅;快餐厅,108.84928342752596,34.36983557432447,未央区,108.853909,34.368313
B0G33U0NLX,石笋重庆川菜,餐饮服务;中餐厅;中餐厅,108.87259880077872,34.366885873631645,未央区,108.877197,34.365328
B001D10Y2U,锦凯瑞宾馆,住宿服务;宾馆酒店;宾馆酒店|餐饮服务;中餐厅;中餐厅,108.85892464527387,34.33251591410835,未央区,108.863534,34.330959
B0MGZ9JYUU,川菜馆,餐饮服务;中餐厅;四川菜(川菜),108.85991833212458,34.3267211671668,未央区,108.864526,34.32516
B0MAG5YM2O,魚芊芊火爐烤魚,餐饮服务;中餐厅;中餐厅,108.8559175016822,34.335992588034145,未央区,108.860531,34.334442
B0LBALCBJ7,宁夏炒肉片(丰产路店),餐饮服务;中餐厅;清真菜馆,108.85474891365634,34.336248604102536,未央区,108.859364,34.3347
B0KRM1Y2OZ,搅团鱼鱼,餐饮服务;中餐厅;中餐厅,108.86140413709936,34.36347513239379,未央区,108.866013,34.36193
B0KRM1Y29X,十字赵洪骨汤米线,餐饮服务;中餐厅;中餐厅,108.89682865166552,34.35161741583487,未央区,108.90142,34.350035
B0KK9MSB0P,汉中热米皮,餐饮服务;中餐厅;中餐厅,108.89886336261252,34.34483813615919,未央区,108.903455,34.343252
B0HB3P7JMV,马乃清真兰州拉面,餐饮服务;快餐厅;快餐厅,108.85563708984203,34.33647591007445,未央区,108.860251,34.334926
B0FFKT1PJ0,渝家小厨,餐饮服务;中餐厅;中餐厅,108.86160834103244,34.3638952103295,未央区,108.866217,34.36235
B0FFGHT8NR,兰州牛肉拉面,餐饮服务;中餐厅;中餐厅,108.8606642875894,34.3631901994246,未央区,108.865274,34.361646
B001D10YXM,伊真特泡馍烧烤,餐饮服务;中餐厅;清真菜馆,108.88067859412445,34.34307898824952,未央区,108.88527,34.341501
B0FFHDDYMO,晶晶川菜(创新花园商业街区店),餐饮服务;中餐厅;中餐厅,108.85641091480971,34.36371845936173,未央区,108.861026,34.362181
B0K2YZP2ZD,老四川川菜,餐饮服务;中餐厅;四川菜(川菜),108.87239464524,34.34202225442461,未央区,108.876991,34.340452
B0J16NOTT8,老四川家常菜(罗高路店),餐饮服务;中餐厅;四川菜(川菜),108.88837544173984,34.3442308545369,未央区,108.892965,34.342648
B0J067P898,福建馄饨王,餐饮服务;中餐厅;中餐厅,108.89018986518472,34.32709609411444,未央区,108.894778,34.325504
B0FFL5AQVZ,老四川砂锅店,餐饮服务;中餐厅;中餐厅,108.86184708638032,34.358082550539955,未央区,108.866455,34.356534
B0FFKSIXGK,纸包鱼烤肉,餐饮服务;中餐厅;特色/地方风味餐厅,108.85483002180092,34.336270723385745,未央区,108.859445,34.334722
B0FFJCZHLT,良生聚泡馍(西安市渭水欣居住宅小区店),餐饮服务;中餐厅;中餐厅,108.86954923170477,34.36735803646563,未央区,108.87415,34.365804
B0LUZ1T4OT,惠西村经典私房菜,餐饮服务;中餐厅;中餐厅,108.89703863039897,34.35093580155038,未央区,108.90163,34.349353
B0LUX1S37G,汉林串串火锅,餐饮服务;餐饮相关场所;餐饮相关,108.89319954988522,34.32747218747837,未央区,108.897788,34.325879
B0LKCU1N94,文亮肉丸胡辣汤,餐饮服务;中餐厅;中餐厅,108.87848659129745,34.36736269472019,未央区,108.883081,34.365799
B0H2YRXJUK,大众快餐,餐饮服务;快餐厅;快餐厅,108.89808171156236,34.3448050452539,未央区,108.902673,34.343219
B0H1KU3W4T,小韩烧烤,餐饮服务;中餐厅;中餐厅,108.85509140504448,34.33589732236278,未央区,108.859706,34.334348
B0H04M89ES,武汉小笼包热干面(丰产路店),餐饮服务;中餐厅;湖北菜(鄂菜),108.87089047814312,34.34142380435269,未央区,108.875488,34.339855
B0FFKTRCRP,李记饺子面馆,餐饮服务;中餐厅;中餐厅,108.89959401690984,34.34475025614745,未央区,108.904186,34.343164
B0FFGG332H,西查大锅台(石化大道店),餐饮服务;中餐厅;中餐厅,108.89134576480836,34.327650363667395,未央区,108.895934,34.326058
B0FFGAR1VO,福香缘羊血泡馍,餐饮服务;中餐厅;中餐厅,108.8902729384312,34.32616257588796,未央区,108.894861,34.32457
B0MGSRMOEW,库迪咖啡(汉都新苑店),餐饮服务;咖啡厅;咖啡厅,108.89943182805033,34.3605192779952,未央区,108.904025,34.358941
B0LGCDMD8D,塔斯汀中国汉堡(未央长安大学店),餐饮服务;快餐厅;快餐厅,108.89463275868894,34.37089691398,未央区,108.899225,34.369325
B0KRKD7MW4,口口香重庆鸡公煲烧烤纸包鱼,餐饮服务;中餐厅;特色/地方风味餐厅,108.8603419088924,34.363106767527434,未央区,108.864952,34.361563
B0KKUZIF0U,唏嘛香牛肉面(草滩九路店),餐饮服务;中餐厅;中餐厅,108.8558329127778,34.36667201136658,未央区,108.860449,34.365137
B0KBR7O6NX,蜜雪冰城(创新花园西门口右侧50米店),餐饮服务;冷饮店;冷饮店,108.85632983312298,34.36341049181871,未央区,108.860945,34.361873
B0K0HSL3QF,邢老四肉丸胡辣汤腊牛肉夹馍(汉都新苑店),餐饮服务;餐饮相关场所;餐饮相关,108.90170133316452,34.36347385710877,未央区,108.906296,34.361897
B0JATLTWDY,泰熙家(长安大学店),餐饮服务;外国餐厅;日本料理,108.8874263404703,34.369246547335926,未央区,108.892018,34.367677
B0J2ZC5Y5R,牛十四·酸菜肥牛火锅(汉都新苑店),餐饮服务;餐饮相关场所;餐饮相关,108.89955481805193,34.359884615938554,未央区,108.904148,34.358306
B0J2FS5E8O,京小盒生活超市(汉都新苑店),餐饮服务;中餐厅;中餐厅,108.9017193499509,34.36312803629123,未央区,108.906314,34.361551
B0J17XI2RN,左左香老潼关肉夹馍(未央区尚稷路店),餐饮服务;快餐厅;快餐厅,108.86596867262134,34.36915351982204,未央区,108.870573,34.367605
B0J175EY17,库迪咖啡(西安交通大学城市学院店),餐饮服务;餐饮相关场所;餐饮相关,108.85687393904892,34.37091041958767,未央区,108.861489,34.369376
B0IUUU2DOI,山城老火锅,餐饮服务;中餐厅;火锅店,108.89784650262332,34.361038804182364,未央区,108.902439,34.359461
B0IU3CJBI6,刘琦驴蹄子面汉都新苑店,餐饮服务;中餐厅;综合酒楼,108.89799647406578,34.360622043035974,未央区,108.902589,34.359044
B0IR2O3UAK,蜜雪冰城(汉都新苑A区西门口左侧第四间店),餐饮服务;冷饮店;冷饮店,108.90170632422006,34.36354681925739,未央区,108.906301,34.36197
B0I2TZSU8Q,兄弟烧烤(汉都新苑C区店),餐饮服务;中餐厅;中餐厅,108.8979204887046,34.36083292230876,未央区,108.902513,34.359255
B0HUA55KM7,安旗(汉都新苑店),餐饮服务;糕饼店;糕饼店,108.90210018539806,34.362214504468845,未央区,108.906695,34.360637
B0GK5RD2PH,澄城水盆羊肉(尚苑路),餐饮服务;中餐厅;中餐厅,108.87273793588258,34.36653521365921,未央区,108.877336,34.364977
B0FFMGQBZO,瑞幸咖啡(西安交通大学城市学院店),餐饮服务;咖啡厅;咖啡厅,108.85683689189976,34.37089736872647,未央区,108.861452,34.369363
B0FFG20MK8,品味轩小火锅(丰产路店),餐饮服务;中餐厅;火锅店,108.89730701344904,34.3449258531786,未央区,108.901898,34.34334
B0LAT77FP5,蜜雪冰城(汉都新苑C区广场转角店),餐饮服务;冷饮店;冷饮店,108.8980205186472,34.359943395991806,未央区,108.902613,34.358365
B0L3LZPGMA,茶百道(西安草滩十路智巢产业园店),餐饮服务;冷饮店;冷饮店,108.84920430872673,34.3698524305062,未央区,108.85383,34.36833
B0J3UH146A,蜜雪冰城(草滩六路绘锦园美食城2入口店),餐饮服务;冷饮店;冷饮店,108.87856665759436,34.36706092694705,未央区,108.883161,34.365497
B0FFHMPPKN,蜀味居(创新花园商业街区店),餐饮服务;餐饮相关场所;餐饮相关,108.85654914019084,34.363171959299045,未央区,108.861164,34.361634
B0KAVD6QS4,迈德思客(未央区汉都新苑店 ),餐饮服务;快餐厅;快餐厅,108.90173040088362,34.36241140720492,未央区,108.906325,34.360834
B0K0RZOHAZ,库迪咖啡(西安智巢未来港店),餐饮服务;咖啡厅;咖啡厅,108.84863846988038,34.36979349347541,未央区,108.853265,34.368272
B0IA3688RW,潼关肉夹馍,餐饮服务;中餐厅;中餐厅,108.84754678771692,34.37024437392219,未央区,108.852175,34.368725
B0FFIC1ULR,西府面庄(草滩八路购物广场店),餐饮服务;快餐厅;快餐厅,108.8610126677496,34.36359649936248,未央区,108.865622,34.362052
B0GRVXVYP6,老安家泡馍馆(中国电子店),餐饮服务;中餐厅;西北菜,108.84747866825488,34.37044215161773,未央区,108.852107,34.368923
B0FFMBYPC5,中国菜川湘缘(草滩十路店),餐饮服务;中餐厅;湖南菜(湘菜),108.84740654018164,34.37066990642653,未央区,108.852035,34.369151
B0FFIU03MQ,秦晋卤味鲜熟食店(草滩八路购物广场店),餐饮服务;餐饮相关场所;餐饮相关,108.86047504407424,34.36340880753028,未央区,108.865085,34.361865
B0KKBXUOU5,蜜雪冰城,餐饮服务;冷饮店;冷饮店,108.89814467986614,34.34486702417107,未央区,108.902736,34.343281
B0KRJUC0UI,瑞幸咖啡(长安大学北辰楼店),餐饮服务;咖啡厅;咖啡厅,108.90128000512644,34.37069807561179,未央区,108.905875,34.369125
B0KRARA44W,沙县小吃,餐饮服务;中餐厅;中餐厅,108.87264183591851,34.36686093522879,未央区,108.87724,34.365303
B0K6S54U2G,张氏宽窄巷成都名小吃(中心小区店),餐饮服务;中餐厅;中餐厅,108.8648305043674,34.36900406707289,未央区,108.869436,34.367457
B0IGYUG0J1,绝味鸭脖(西安创新花园店),餐饮服务;餐饮相关场所;餐饮相关,108.85636383553005,34.36393427349981,未央区,108.860979,34.362397
B0H3TSGE86,绝味鸭脖(汉都店),餐饮服务;餐饮相关场所;餐饮相关,108.90227008285416,34.36213754015231,未央区,108.906865,34.36056
B0FFLI0ZSP,正新鸡排(交大学院2店),餐饮服务;快餐厅;快餐厅,108.85645999584769,34.36351264307063,未央区,108.861075,34.361975
B0LUPSYVBO,伴日闲·庭院,餐饮服务;中餐厅;火锅店,108.90063264083344,34.33016141952154,未央区,108.905224,34.328568
B0L22C0449,小川牛海鲜烧烤(纸包鱼·川菜),餐饮服务;中餐厅;中餐厅,108.89810245722336,34.36027723699179,未央区,108.902695,34.358699
B0L0XULW7G,明厨家宴(汉都新苑店),餐饮服务;中餐厅;中餐厅,108.89778451668688,34.36117872178955,未央区,108.902377,34.359601
B0L0KDPY1K,徐州地锅鸡,餐饮服务;中餐厅;中餐厅,108.89778249545554,34.361452580192655,未央区,108.902375,34.359875
B0KUU9Z69J,火一把果木烤肉,餐饮服务;外国餐厅;外国餐厅,108.86247589532871,34.36936659679463,未央区,108.867084,34.367823
B0KRM10653,汉唐小院,餐饮服务;中餐厅;特色/地方风味餐厅,108.89021947949922,34.33188582559799,未央区,108.894808,34.330296
B0KDN9NVSR,樾己,餐饮服务;餐饮相关场所;餐饮相关,108.89221786245548,34.33779885248377,未央区,108.896807,34.336211
B0KA719V32,溢鑫葫芦头泡馍,餐饮服务;中餐厅;中餐厅,108.87918289168424,34.34320761127744,未央区,108.883775,34.341631
B0K0BRHVMW,嗨森小院,餐饮服务;中餐厅;中餐厅,108.89029079382726,34.34039173734749,未央区,108.89488,34.338806
B0JRBR5TUD,齐盛斋牛羊肉泡馍(汉都新苑B区店),餐饮服务;中餐厅;清真菜馆,108.9011716186656,34.36387564408721,未央区,108.905766,34.362299
B0JDA74RXW,牛十四·酸菜肥牛火锅(全国总店),餐饮服务;中餐厅;中餐厅,108.85601107137184,34.36763378957488,未央区,108.860627,34.366099
B0JD5M93SN,饺之郎大馅水饺(绘锦园店),餐饮服务;中餐厅;特色/地方风味餐厅,108.87848158657071,34.36738867646661,未央区,108.883076,34.365825
B0J2FZ1USX,田家大院东北农家菜铁锅炖(汉都新苑店),餐饮服务;餐饮相关场所;餐饮相关,108.89786050009464,34.36099882708176,未央区,108.902453,34.359421
B0J09ANYA0,敏阿姨菜饭骨头汤(草滩八路购物广场店),餐饮服务;中餐厅;中餐厅,108.86118987352096,34.363631739624104,未央区,108.865799,34.362087
B0IRKHU242,签功夫串串火锅(汉都新苑西区店),餐饮服务;中餐厅;火锅店,108.89922292559652,34.36057422873545,未央区,108.903816,34.358996
B0IR95P69N,程先生大块牛肉面,餐饮服务;中餐厅;中餐厅,108.84905709247806,34.369820196115086,未央区,108.853683,34.368298
B0I0LB8K2U,颜记自选式快餐(绘锦园店),餐饮服务;快餐厅;快餐厅,108.87859969286862,34.36683707460104,未央区,108.883194,34.365273
B0H2HUJCT2,汉都大酒楼宴会中心,餐饮服务;中餐厅;综合酒楼,108.8993708541078,34.36056824685864,未央区,108.903964,34.35899
B0GKVM2GSR,长安味道(汉都新苑B区店),餐饮服务;中餐厅;中餐厅,108.8989100356292,34.36105094820388,未央区,108.903503,34.359473
B0GK1AW3NE,丁准高考补习学校荣耀餐厅,餐饮服务;中餐厅;中餐厅,108.8459341363677,34.36009884275116,未央区,108.850564,34.358577
B0G2S1M3SM,四川一绝砂锅店,餐饮服务;中餐厅;中餐厅,108.8610547099063,34.363688513044764,未央区,108.865664,34.362144
B0G0GUJCPE,川之道纸包鱼烧烤(草滩八路购物广场店),餐饮服务;中餐厅;综合酒楼,108.86051611504146,34.363138008405265,未央区,108.865126,34.361594
B0FFJULY98,清真回坊伊盛和牛羊肉泡馍,餐饮服务;中餐厅;清真菜馆,108.85883340458426,34.33409401670932,未央区,108.863443,34.332538
B0FFJOT0KQ,长安大学渭水校区采芹苑食堂,餐饮服务;餐饮相关场所;餐饮相关,108.89011740396104,34.37012953826454,未央区,108.894709,34.368559
B0FFJCFIGD,正宗河南烩面,餐饮服务;中餐厅;中餐厅,108.87314821088528,34.342144041157745,未央区,108.877744,34.340573
B0FFIL712T,吉朋楼泡馍炒菜,餐饮服务;中餐厅;清真菜馆,108.87003273001886,34.34162367980216,未央区,108.874631,34.340056
B0FFGLQDYX,喜事会,餐饮服务;中餐厅;综合酒楼,108.89421436032042,34.327352588558774,未央区,108.898803,34.325759
B001D0VYBG,石马湾农庄,体育休闲服务;休闲场所;休闲场所|餐饮服务;餐饮相关场所;餐饮相关,108.8901354831055,34.33186079690201,未央区,108.894724,34.330271
B0MBK4PMOX,星悦荟聚会餐厅,餐饮服务;中餐厅;中餐厅,108.90389399176124,34.3618096063597,未央区,108.90849,34.360232
B0M6JUEOHT,洪雷菠菜面大盘鸡,餐饮服务;餐饮相关场所;餐饮相关,108.84934956503798,34.36934794363428,未央区,108.853975,34.367825
B0M67ZWKNY,嗨串串,餐饮服务;中餐厅;火锅店,108.9016318786664,34.34481131671646,未央区,108.906225,34.343225
B0LUXLR0GM,摸个鱼鱼甜品店,餐饮服务;甜品店;甜品店,108.849991516264,34.36929706072694,未央区,108.854616,34.367773
B0LG698J4A,彭某快餐店,餐饮服务;快餐厅;快餐厅,108.84641397204147,34.33418959057047,未央区,108.851041,34.332654
B0LD3NC7ZA,刚子盐筋烤肉一元一串,餐饮服务;中餐厅;中餐厅,108.90118056301571,34.364501319274424,未央区,108.905775,34.362925
B0LAKRLG1R,秦晋手擀面,餐饮服务;中餐厅;中餐厅,108.85556063709326,34.34082266893609,未央区,108.860175,34.339275
B0LA5RU9F2,赣香苑菜馆,餐饮服务;中餐厅;中餐厅,108.89723353981256,34.351157727844864,未央区,108.901825,34.349575
B0L2FM26FF,西·桃里,餐饮服务;餐饮相关场所;餐饮相关,108.85433383682069,34.36735226206809,未央区,108.858952,34.36582
B0L0T68U0R,乔长安辣条专卖,餐饮服务;餐饮相关场所;餐饮相关,108.89700998626267,34.359067665498785,未央区,108.901602,34.357489
B0KULLA4M8,胡辣汤早餐店,餐饮服务;中餐厅;中餐厅,108.85901739601104,34.33703487167492,未央区,108.863627,34.33548
B0KAHU0OAN,梁二削筋面,餐饮服务;中餐厅;中餐厅,108.8537225255752,34.336033051856994,未央区,108.858339,34.334486
B0K6ZX2CX0,周京葫芦头泡馍,餐饮服务;中餐厅;中餐厅,108.88079963902418,34.34316304954462,未央区,108.885391,34.341585
B0JKVRJMO4,田甜快餐,餐饮服务;快餐厅;快餐厅,108.8547999440387,34.336729452675314,未央区,108.859415,34.335181
B0J395FNZL,酵子馍,餐饮服务;餐饮相关场所;餐饮相关,108.87244768607252,34.34202731212818,未央区,108.877044,34.340457
B0J2AZ26KW,牛馍王腊汁肉夹馍,餐饮服务;中餐厅;中餐厅,108.87305314291994,34.342101956064745,未央区,108.877649,34.340531
B0IU21OSHS,红富面馆,餐饮服务;中餐厅;中餐厅,108.89897131306714,34.34482815385295,未央区,108.903563,34.343242
B0IRXZ2DAP,蜀儿郎鲜牛肉串串(丰产路店)(暂停营业),餐饮服务;中餐厅;中餐厅,108.90322783436882,34.344837248219804,未央区,108.907822,34.343251
B0I1243RQ8,老宋河南高汤烩面(丰产路店),餐饮服务;中餐厅;中餐厅,108.85462874993524,34.33625540794886,未央区,108.859244,34.334707
B0H0VS1AEA,美味福来包(丰产路店),餐饮服务;中餐厅;中餐厅,108.89838859230106,34.34464516968255,未央区,108.90298,34.343059
B0H06UH6MB,哎丫丫奶茶汉堡店,餐饮服务;快餐厅;快餐厅,108.897573920649,34.344788969444934,未央区,108.902165,34.343203
B0FFLAL52N,川渝香冒菜(草滩八路购物广场店),餐饮服务;中餐厅;中餐厅,108.86171749414396,34.36356653855645,未央区,108.866326,34.362021
B0FFKT2VAJ,汉中米皮,餐饮服务;餐饮相关场所;餐饮相关,108.8901109825226,34.3256537378348,未央区,108.894699,34.324061
B0FFIP5DRX,李记肉夹馍(罗高路店),餐饮服务;餐饮相关场所;餐饮相关,108.88765782152936,34.35116398608751,未央区,108.892248,34.349585
B0FFHNOOTA,洪涓传统手擀面,餐饮服务;中餐厅;中餐厅,108.85996134115663,34.32725597788049,未央区,108.864569,34.325695
B0FFG62MFB,西府饺子馆(罗高路),餐饮服务;中餐厅;特色/地方风味餐厅,108.89010997177192,34.32578767411505,未央区,108.894698,34.324195
B0FFG23P5O,川味川(相家巷村东),餐饮服务;中餐厅;四川菜(川菜),108.85574127060754,34.33595532744437,未央区,108.860355,34.334405
B0LGUACWYW,正宗淄博烧烤海鲜火锅,餐饮服务;中餐厅;中餐厅,108.89271561850448,34.327570961326394,未央区,108.897304,34.325978
B0HGLRPKOO,食膳腊汁肉夹馍(汉都新苑西区店),餐饮服务;中餐厅;中餐厅,108.8990000113448,34.36082907302436,未央区,108.903593,34.359251
B0FFKU9KNT,杨师傅裤带面,餐饮服务;中餐厅;中餐厅,108.9040252543713,34.34493712894114,未央区,108.90862,34.343351
B0FFFEPQH6,宁夏三营独一处餐厅(西安分店),餐饮服务;中餐厅;清真菜馆,108.85889862382304,34.332380939570086,未央区,108.863508,34.330824
B0FFI15QP5,富平手擀菠菜面,餐饮服务;餐饮相关场所;餐饮相关,108.8548410076411,34.336630566457195,未央区,108.859456,34.335082
B0FFFT1M5Q,老成都川菜(丰产路店),餐饮服务;中餐厅;四川菜(川菜),108.85486811643686,34.33573704294928,未央区,108.859483,34.334188
B0LACLJCVB,阿龍老三样盐筋烤肉,餐饮服务;中餐厅;中餐厅,108.8979024906771,34.360900884386965,未央区,108.902495,34.359323
B0K2S78MN5,杨家大碗面,餐饮服务;中餐厅;中餐厅,108.85953794933802,34.32572007253299,未央区,108.864146,34.324159
B0J1692I0H,李向东海鲜烧烤工厂店(石化大道店),餐饮服务;餐饮相关场所;餐饮相关,108.89785016979756,34.32787721740972,未央区,108.90244,34.326283
B0G1FUN4DM,淳香大碗面,餐饮服务;中餐厅;中餐厅,108.85582209976484,34.339404777135506,未央区,108.860436,34.337856
B0KGKZN9BO,娘家纸包鱼(草滩九路店),餐饮服务;中餐厅;中餐厅,108.85516297059462,34.36724364855441,未央区,108.85978,34.36571
B0K31CN09H,香湘卤馄饨王(丰产路店),餐饮服务;中餐厅;中餐厅,108.8980337433524,34.34466110909056,未央区,108.902625,34.343075
B0FFHG24E4,绘锦园美食城,餐饮服务;快餐厅;快餐厅,108.87853364120066,34.36704990208666,未央区,108.883128,34.365486
B0LG7SVOHJ,兰州牛肉拉面,餐饮服务;中餐厅;清真菜馆,108.8993811152922,34.344841191212254,未央区,108.903973,34.343255
B0K1ARPDJ9,真瑞斋牛羊肉泡馍烧烤,餐饮服务;中餐厅;清真菜馆,108.85797809762823,34.33696732298456,未央区,108.862589,34.335414
B0HU9R9VHZ,清真马有禄牛肉面(汉都新苑B区店),餐饮服务;中餐厅;清真菜馆,108.90131756712157,34.36344686900625,未央区,108.905912,34.36187
B0FFI8Q9K4,钢鑫鸡汤刀削面,餐饮服务;中餐厅;中餐厅,108.87853160720856,34.36745868629487,未央区,108.883126,34.365895
B0FFI1XUNR,长安大学渭水校区滋兰苑学生餐厅,餐饮服务;中餐厅;中餐厅,108.8943448258656,34.37090781993694,未央区,108.898937,34.369336
B0JDZHGBSV,十里八香(汉都新苑A区店),餐饮服务;中餐厅;中餐厅,108.90473437970624,34.361536648175395,未央区,108.909331,34.359959
B0JR3DFGMH,美食厨房烧鸡公,餐饮服务;中餐厅;四川菜(川菜),108.85718313293718,34.336306417301365,未央区,108.861795,34.334754
B0FFJ2YHEP,汉城幸福互助小院,体育休闲服务;度假疗养场所;疗养院|餐饮服务;中餐厅;中餐厅,108.90169431666595,34.32646719689004,未央区,108.906286,34.324872
B0L3HZ7TAM,茶话弄(交大城市学院店),餐饮服务;休闲餐饮场所;休闲餐饮场所,108.85670170641929,34.371012097171175,未央区,108.861317,34.369478
B0G1NX70NM,铁蛋鸡汤刀削面(草滩十路店),餐饮服务;快餐厅;快餐厅,108.84748668909432,34.37033522189413,未央区,108.852115,34.368816
B0LUAHJ5AG,川渔小馆,餐饮服务;中餐厅;四川菜(川菜),108.85831100629832,34.343319722634334,未央区,108.862922,34.341769
B0LRFH6SE8,西夏羊肉馆,餐饮服务;中餐厅;中餐厅,108.8474516197936,34.37053305678813,未央区,108.85208,34.369014
B0LKPHZ3MJ,老闫美食餐厅,餐饮服务;中餐厅;特色/地方风味餐厅,108.84727536626922,34.37035184649688,未央区,108.851904,34.368833
B0LAF50NMJ,洪霜手工水饺店,餐饮服务;中餐厅;特色/地方风味餐厅,108.90136546800176,34.36432341465343,未央区,108.90596,34.362747
B0L3P1GZIH,冯老大牛肉板面,餐饮服务;中餐厅;中餐厅,108.9039143483623,34.34478321657117,未央区,108.908509,34.343197
B0L0NCS50Z,三毛三老成都串串烧烤,餐饮服务;中餐厅;中餐厅,108.90366550971292,34.345023121293686,未央区,108.90826,34.343437
B0KKHL7MHM,蜀签串小鲜牛肉火锅(汉都新苑店),餐饮服务;餐饮相关场所;餐饮相关,108.89811448528394,34.359865450593354,未央区,108.902707,34.358287
B0JKOAG91T,兰州牛肉面(智巢未来港店),餐饮服务;中餐厅;清真菜馆,108.84861343945038,34.369706496327275,未央区,108.85324,34.368185
B0JK1UH83R,谷湘味居湘菜馆(汉都新苑西区店),餐饮服务;中餐厅;湖南菜(湘菜),108.90173939300944,34.362440392174044,未央区,108.906334,34.360863
B0I3NZCHQL,后稷面庄,餐饮服务;中餐厅;中餐厅,108.8990842591671,34.344835163181905,未央区,108.903676,34.343249
B0I1BNJOPS,鑫瑞斋泡馍烧烤,餐饮服务;中餐厅;清真菜馆,108.90419412008632,34.345046056581765,未央区,108.908789,34.34346
B0H31ZY5MX,60年代土灶台(六村堡店),餐饮服务;中餐厅;中餐厅,108.848412982427,34.334534891010314,未央区,108.853037,34.332996
B0H2MA0D3C,周掌勺湘菜,餐饮服务;餐饮相关场所;餐饮相关,108.90042657152374,34.3448622596114,未央区,108.905019,34.343276
B0H0U7OA0Z,斌和友东北家乡菜(汉都新苑西区店),餐饮服务;中餐厅;东北菜,108.9017563934763,34.36230446238472,未央区,108.906351,34.360727
B0G3NNODQH,博盛斋泡馍馆(清真饭店),餐饮服务;中餐厅;清真菜馆,108.85460171600124,34.33622038149938,未央区,108.859217,34.334672
B0G07S24W6,渝尊自助小火锅(楼阁台店),餐饮服务;中餐厅;火锅店,108.90239638654148,34.34493424311683,未央区,108.90699,34.343348
B0FFFV4LNS,明光人家,餐饮服务;中餐厅;中餐厅,108.89928815868238,34.344866169536694,未央区,108.90388,34.34328
B0FFGFQQMV,岐山臊子面(楼阁台店),餐饮服务;中餐厅;中餐厅,108.8988533671631,34.34483913445877,未央区,108.903445,34.343253
B0JAFCMT6Q,苗花香中式快餐,餐饮服务;快餐厅;快餐厅,108.85605112534157,34.36762185897851,未央区,108.860667,34.366087
B0IG0UAAVW,二雷粉汤羊血,餐饮服务;中餐厅;西北菜,108.89255132752432,34.34391298536773,未央区,108.897141,34.342328
B0HR9L9X7Z,沐槿面馆,餐饮服务;中餐厅;中餐厅,108.8725327588212,34.36677385754922,未央区,108.877131,34.365216
B0FFH6CNCJ,秦关老碗,餐饮服务;中餐厅;中餐厅,108.89681564769668,34.35172435925524,未央区,108.901407,34.350142
B0FFL2KESR,老台门汤包(尚苑路店),餐饮服务;快餐厅;快餐厅,108.8609305994486,34.363241563365854,未央区,108.86554,34.361697
B0FFG231P3,重庆川菜,餐饮服务;中餐厅;中餐厅,108.86536103477847,34.369317620509854,未央区,108.869966,34.36777
B0FFHHT0L0,中国兰州牛肉面(创新花园店),餐饮服务;中餐厅;清真菜馆,108.8562235997811,34.36456772412418,未央区,108.860839,34.363031
B0FFG4Q1VK,立立串串麻辣烫(楼阁台总店),餐饮服务;中餐厅;火锅店,108.90333674322105,34.34502414774197,未央区,108.907931,34.343438
B0LRZS2FCE,筋道坊臊子面,餐饮服务;中餐厅;中餐厅,108.89991185786572,34.34471030198323,未央区,108.904504,34.343124
B0LGDCEF7M,汉城服务区陕西小吃,餐饮服务;中餐厅;中餐厅,108.85958195097189,34.35117173094405,未央区,108.864192,34.349623
B0LDDLGK7S,超超风情串烤吧,餐饮服务;中餐厅;中餐厅,108.8559996096447,34.33600271272409,未央区,108.860613,34.334452
B0L0N5RMZU,大烩菜 饺子,餐饮服务;中餐厅;特色/地方风味餐厅,108.89899629987744,34.3448461478194,未央区,108.903588,34.34326
B0JU3ZD379,鑫兴米线肉夹馍(汉都新苑西区店),餐饮服务;中餐厅;中餐厅,108.90119860524874,34.36384566017912,未央区,108.905793,34.362269
B0IUTR3DR9,蜀儿香鲜牛肉串串,餐饮服务;中餐厅;火锅店,108.85664945364312,34.33613366982144,未央区,108.861262,34.334582
B0FFFA8SZ4,瑞成名仕(北郊店),餐饮服务;餐饮相关场所;餐饮相关|购物服务;购物相关场所;购物相关场所,108.92366837607572,34.33054342752225,未央区,108.928287,34.328961
B001D003BA,天鼎酒店,住宿服务;宾馆酒店;四星级宾馆|餐饮服务;餐饮相关场所;餐饮相关,108.96125027048431,34.350697431545214,未央区,108.965974,34.349191
B001D01B54,长庆宾馆,住宿服务;宾馆酒店;四星级宾馆|餐饮服务;餐饮相关场所;餐饮相关,108.94519939084267,34.32867811963412,未央区,108.949869,34.327126
B0FFHHNBZS,榆林大烩菜(凤城四路店),餐饮服务;中餐厅;中餐厅,108.93363078342816,34.329172076964284,未央区,108.93827,34.327601
B0FFFZ1QFK,好味道面馆,餐饮服务;中餐厅;中餐厅,108.91333639894108,34.35262936910692,未央区,108.917941,34.35105
B0FFHTUR6G,1+1串串(扬善路店),餐饮服务;中餐厅;火锅店,108.91036291105856,34.33962918172935,未央区,108.914963,34.338042
B0FFFZ1GZJ,老张铁板炒饭,餐饮服务;快餐厅;快餐厅,108.91323240129458,34.35420362661724,未央区,108.917837,34.352625
B0FFH62RPF,家传老虎牛肉面(五十八中店),餐饮服务;中餐厅;中餐厅,108.96009169718232,34.371361583845875,未央区,108.964813,34.369863
B0FFJCBX08,喜螺记螺蛳粉(首创·漫香郡店),餐饮服务;餐饮相关场所;餐饮相关,108.93885120120912,34.36200979037569,未央区,108.943506,34.360463
B0FFIKF4OC,李记炝锅鱼(市中医医院店),餐饮服务;餐饮相关场所;餐饮相关,108.9563587735054,34.345367654073584,未央区,108.961065,34.343847
B0FFHOBL5W,湘约东风号湘菜馆(北三环店),餐饮服务;餐饮相关场所;餐饮相关,108.95871055958824,34.37123494145072,未央区,108.963427,34.369733
B0FFHNUNMO,俏陕南百姓餐厅(盐张东区店),餐饮服务;中餐厅;中餐厅,108.92989301902004,34.343360208356465,未央区,108.934525,34.341791
B0FFHC6ET5,紫葵易购生鲜电商创业园,餐饮服务;餐饮相关场所;餐饮相关,108.92977688705484,34.33571309269329,未央区,108.934408,34.33414
B0FFI3XXJJ,大碗菜(文景观园店),餐饮服务;快餐厅;快餐厅,108.92971381894468,34.325865880854415,未央区,108.934344,34.324288
B0FFG48L6R,伊宝康宁夏盐池滩羊肉,购物服务;综合市场;农副产品市场|餐饮服务;餐饮相关场所;餐饮相关,108.91092096034116,34.33140893634859,未央区,108.915521,34.329818
B0FFGCUZ64,河南烩面(南玉丰店),餐饮服务;中餐厅;中餐厅,108.9094418501651,34.32765528727815,未央区,108.91404,34.326062
B0FFF64XIL,南北对面夜市烧烤(兴盛园店),餐饮服务;中餐厅;中餐厅,108.95809300417028,34.33100963643574,未央区,108.962804,34.329486
B0MGK9LH1A,铁蛋鸡汤刀削面,餐饮服务;餐饮相关场所;餐饮相关,108.92854373760665,34.36963247405333,未央区,108.933175,34.368075
B0MA4AUPQP,秦兰香下饭菜,餐饮服务;中餐厅;中餐厅,108.90972192068364,34.37278752707114,未央区,108.914324,34.371217
B0L21SS9X0,铁蛋鸡汤刀削面,餐饮服务;餐饮相关场所;餐饮相关,108.9497370827334,34.336376461440445,未央区,108.954421,34.334837
B0KRVMH730,懿百岁鲜肉小笼包(文景小区店),餐饮服务;餐饮相关场所;餐饮相关,108.92189485238072,34.350983083145564,未央区,108.926512,34.349409
B0FFGG2622,土锅炖公鸡(三官庙店),餐饮服务;中餐厅;中餐厅,108.9137207291756,34.354941994096265,未央区,108.918326,34.353364
B0FFI9217K,川湘厨房鱼庄(汉城商业街店),餐饮服务;餐饮相关场所;餐饮相关,108.9104767652149,34.33990400285754,未央区,108.915077,34.338317
B0FFHEC84W,宝宁绥德羊杂碎,餐饮服务;餐饮相关场所;餐饮相关,108.910300597656,34.3319439274786,未央区,108.9149,34.330353
B0MABOU8CM,坊上老刘家小炒泡馍,餐饮服务;中餐厅;中餐厅,108.96100710347176,34.326776695175305,未央区,108.965728,34.325258
B0M64CJ2FN,饭阿喜一碗很哇噻的炒饭(北苑店),餐饮服务;快餐厅;快餐厅,108.93851022442712,34.36031921830669,未央区,108.943164,34.358771
B0LUFYUY4I,幸运咖(汉城商业街店),餐饮服务;咖啡厅;咖啡厅,108.91039287760458,34.33964116422687,未央区,108.914993,34.338054
B0LUDA8P5J,禧燕(崇文路店),购物服务;服装鞋帽皮具店;服装鞋帽皮具店|餐饮服务;冷饮店;冷饮店,108.96487345123688,34.3460357365637,未央区,108.96961,34.344536
B0FFGP1OY0,口口香重庆鸡公煲(长乐西苑店),餐饮服务;中餐厅;四川菜(川菜),108.9098667511336,34.37299936222384,未央区,108.914469,34.371429
B0FFI18A3O,蒙古大营烤全羊(中登家园店),餐饮服务;中餐厅;特色/地方风味餐厅,108.9292672894818,34.33176962648903,未央区,108.933897,34.330194
B0FFGZZIT6,扬善美食街,餐饮服务;中餐厅;中餐厅,108.91214302087376,34.33807717737631,未央区,108.916745,34.33649
B0FFGILWSB,五龙汤鲜奶吧,购物服务;综合市场;农副产品市场|餐饮服务;冷饮店;冷饮店,108.9642901679807,34.35137354471891,未央区,108.969025,34.349875
B0FFJQVTU7,志红中式快餐,餐饮服务;餐饮相关场所;餐饮相关,108.96097596528872,34.34200042380499,未央区,108.965698,34.340489
B0MG07IH9I,老香港炸鸡(凤城十路店),餐饮服务;快餐厅;快餐厅,108.93919682799732,34.3554855662812,未央区,108.943852,34.353936
B0MBTLDQJ8,正新鸡排(凤城六路福气多多店),餐饮服务;快餐厅;快餐厅,108.94869443972564,34.33476736666176,未央区,108.953375,34.333225
B0MBSRF0GS,瑞幸咖啡(经开万科中心店),餐饮服务;休闲餐饮场所;休闲餐饮场所,108.94390730233054,34.35091864851327,未央区,108.948575,34.349375
B0MBHCIP33,滇百年云南小锅米线,餐饮服务;中餐厅;中餐厅,108.94405977878692,34.339722920257145,未央区,108.948727,34.338174
B0M69HB2YY,luckin coffee 瑞幸咖啡(西安红旗广场店),餐饮服务;咖啡厅;咖啡厅,108.96140021319796,34.357027858924894,未央区,108.966125,34.355525
B0M65CK6LP,老陕秦八百里丸子烩菜(经开店),餐饮服务;中餐厅;中餐厅,108.94945586285012,34.3375364754289,未央区,108.954139,34.335997
B0L3R7NR7U,饭阿喜炒饭,餐饮服务;中餐厅;中餐厅,108.94683918541936,34.33321679893092,未央区,108.951514,34.33167
B0L2291AK0,夸父炸串(华宇时间城店),餐饮服务;中餐厅;中餐厅,108.95727665253716,34.3696221453716,未央区,108.961988,34.368116
B0L1UD3HTI,三只熊披萨(熙地港店),餐饮服务;快餐厅;快餐厅,108.95164475533512,34.34007466760398,未央区,108.956335,34.338541
B0K1X6Z1FK,沙县小吃(华宇时间城东区店),餐饮服务;中餐厅;中餐厅,108.95741924637126,34.36860335037399,未央区,108.962131,34.367097
B0JKSL3OA8,Manner Coffee(西安秦创原软科中心店),餐饮服务;咖啡厅;咖啡厅,108.91657363198703,34.33333895562474,未央区,108.921181,34.331752
B0JD1Z1UQG,重庆纸包鱼(华宇时间城店),餐饮服务;中餐厅;中餐厅,108.95728972703408,34.36816687969007,未央区,108.962001,34.36666
B0JD0MXARX,久香久卤(首创禧悦里店),餐饮服务;餐饮相关场所;餐饮相关,108.93603448018418,34.36032810846126,未央区,108.940682,34.358776
B0JAX55P96,S-pizza披萨速递(熙地港店),餐饮服务;快餐厅;快餐厅,108.95191093920675,34.33962032263317,未央区,108.956602,34.338087
B0IUPOODDW,聚香丰岐山面(文景小区店),餐饮服务;中餐厅;中餐厅,108.92159640464074,34.35045561692486,未央区,108.926213,34.348881
B0I3TD8ZUN,嘛嘛香麻辣烫(凤城八路店),餐饮服务;中餐厅;中餐厅,108.91078747116516,34.33931916452289,未央区,108.915388,34.337732
B0I2U92ICM,重庆纸包鱼(三分店),餐饮服务;中餐厅;中餐厅,108.90864868907155,34.339612788694254,未央区,108.913247,34.338025
B0GKA6WYHX,聚香丰岐山面(阿基米德店),餐饮服务;中餐厅;中餐厅,108.92889190233606,34.37098633944117,未央区,108.933524,34.36943
B0FFIB3OOA,品味私厨(西安未央区),餐饮服务;外国餐厅;西餐厅(综合风味),108.91020642311123,34.37257745917898,未央区,108.914809,34.371007
B0FFJ3GQPN,老李记岐山面(旭景崇盛园店),餐饮服务;中餐厅;中餐厅,108.92580085087155,34.361927621670525,未央区,108.930426,34.360363
B0FFFA92SO,杨凌蘸水面,餐饮服务;中餐厅;中餐厅,108.91333839975256,34.35258838875606,未央区,108.917943,34.351009
B001D10WIH,长安印记·宴会厅(北郊店),餐饮服务;中餐厅;中餐厅|生活服务;生活服务场所;生活服务场所,108.92374791915287,34.359149177359754,未央区,108.928369,34.357581
B0FFIXKVQ6,绥德汉陕北风味(世融嘉城店),餐饮服务;中餐厅;中餐厅,108.91935392963622,34.327524702934184,未央区,108.923965,34.325937
B0FFHEJ0CN,四至茶舍,餐饮服务;茶艺馆;茶艺馆,108.9353649512126,34.362393052679835,未央区,108.940011,34.360841
B0FFHBVWDM,70大院烧烤(明光店),餐饮服务;中餐厅;特色/地方风味餐厅,108.92551581225152,34.34445076599636,未央区,108.930139,34.342877
B0FFGNPZEZ,老安家水盆(经开店),餐饮服务;中餐厅;清真菜馆,108.9245229902801,34.353025515744335,未央区,108.929145,34.351455
B0FFFO60WB,兴庆斋·盐池手抓羊肉清真餐厅(交通学院店),餐饮服务;中餐厅;清真菜馆,108.9337127000926,34.32783259731224,未央区,108.938352,34.326261
B0FFF64Y3T,秦娃手擀面(张家堡店),餐饮服务;中餐厅;中餐厅,108.95611363657277,34.344975407994184,未央区,108.960819,34.343454
B001D09O8Y,兴庆斋(白桦林居店),餐饮服务;中餐厅;清真菜馆,108.93286820840746,34.34576307900888,未央区,108.937507,34.344199
B0FFIKAP9R,秦安面庄(文景店),餐饮服务;中餐厅;中餐厅,108.92111415063908,34.3512876242931,未央区,108.92573,34.349713
B0FFJ3YE4K,马琴肉丸糊辣汤,餐饮服务;中餐厅;中餐厅,108.91372416532576,34.33708186528683,未央区,108.918328,34.335495
B0MBBOXOIZ,牛约堡-牛肉汉堡(西安高级中学店),餐饮服务;快餐厅;快餐厅,108.9644749203558,34.34609771652303,未央区,108.96921,34.344597
B0MAMZ638G,武党贤武家面(明光路天朗店),餐饮服务;中餐厅;中餐厅,108.9242793751755,34.341478518163335,未央区,108.9289,34.339902
B0LKMS68FR,渝之迷·重庆凉拌菜(凤城八路店),餐饮服务;中餐厅;四川菜(川菜),108.95955786477438,34.34353908170089,未央区,108.964275,34.342025
B0KR9UHGV3,侯志伟纯手工酸辣粉(世纪金花赛高店),餐饮服务;中餐厅;中餐厅,108.94199341690036,34.329466602440114,未央区,108.946654,34.327909
B0KKHR7XWZ,桃喜花馍,餐饮服务;中餐厅;中餐厅,108.92814446325924,34.370847309880205,未央区,108.932775,34.36929
B0K1YSC8EI,大C柠檬茶室(徐家湾店),餐饮服务;餐饮相关场所;餐饮相关,108.96314133114124,34.351976124231335,未央区,108.967872,34.350475
B0IA34HW8B,渝是乎排骨砂锅,餐饮服务;中餐厅;中餐厅,108.96178154953392,34.34843026817904,未央区,108.966507,34.346924
B0G1ZU5UOO,沙县小吃(丰产路店),餐饮服务;中餐厅;中餐厅,108.90542515069896,34.34514383595356,未央区,108.910021,34.343558
B0FFMCJSH8,千里香馄饨王(隐秀路店),餐饮服务;中餐厅;特色/地方风味餐厅,108.91843028511644,34.34087397715177,未央区,108.923041,34.339292
B0FFJMW67Z,沙县小吃(开元第一城店),餐饮服务;快餐厅;快餐厅,108.9175150914306,34.34790416744448,未央区,108.922125,34.346325
B0FFGL10H9,小唐饺子馆(凤城八路店),餐饮服务;中餐厅;特色/地方风味餐厅,108.9606402808314,34.340547951101186,未央区,108.965361,34.339035
B0FFHCBLKB,汉中热米皮(扬善路店),餐饮服务;中餐厅;中餐厅,108.90888844002508,34.339739650817464,未央区,108.913487,34.338152
B0FFFYSXAE,满意川菜(汉城商业街店),餐饮服务;中餐厅;四川菜(川菜),108.9074728222118,34.33952316721525,未央区,108.91207,34.337935
B0LB5A1T5C,雀东家·和韵茶舍棋牌,餐饮服务;茶艺馆;茶艺馆,108.9352293465501,34.36157767614974,未央区,108.939875,34.360025
B0L01LH18O,字号兴·IN食西安老字号美食集合(凤城八路店),餐饮服务;中餐厅;中餐厅,108.95223745081812,34.34497498761465,未央区,108.95693,34.343445
B0K11CRVU6,延安食堂,餐饮服务;中餐厅;特色/地方风味餐厅,108.92555779605188,34.34365811299254,未央区,108.930181,34.342084
B0J3ODRVLO,大陕北横山羊肉,餐饮服务;中餐厅;中餐厅,108.91035862854434,34.330781461747975,未央区,108.914958,34.32919
B001D0WIBH,汉中料理小杨热凉皮,餐饮服务;中餐厅;中餐厅,108.93043821345248,34.338767768551385,未央区,108.935071,34.337197
B0FFIKVOW6,春生牛羊肉水盆(渭滨路店),餐饮服务;中餐厅;中餐厅,108.96091127032882,34.34109702483987,未央区,108.965633,34.339585
B0FFHHN6AV,湖南米粉(凤城六路店),餐饮服务;中餐厅;特色/地方风味餐厅,108.9439814104066,34.334713499477914,未央区,108.948648,34.333162
B0FFHEK142,康二姐成都最牛冷热锅串串(西安经开店),餐饮服务;中餐厅;火锅店|餐饮服务;中餐厅;四川菜(川菜),108.93312506340646,34.352571312158865,未央区,108.937765,34.351011
B0FFFS01GZ,曹家泡馍馆,餐饮服务;中餐厅;中餐厅,108.90918513691192,34.33977953388881,未央区,108.913784,34.338192
B0FFF64V8Y,乡村发现(凤华路店),餐饮服务;中餐厅;中餐厅,108.92896339794804,34.325972757820715,未央区,108.933592,34.324394
B0FFHBBQG2,南七饸饹(朱宏路店),餐饮服务;中餐厅;中餐厅,108.91299928428002,34.35922118664411,未央区,108.917604,34.357645
B0FFGFQ5VO,纯碱蒸馍,餐饮服务;餐饮相关场所;餐饮相关,108.90917610729478,34.34026130112386,未央区,108.913775,34.338674
B0M6KABBNV,红菊烧鸡(世茂都店),餐饮服务;餐饮相关场所;餐饮相关,108.93921987407028,34.35417519351814,未央区,108.943875,34.352625
B0LR35CJSY,智杰拉条子扯面,餐饮服务;中餐厅;中餐厅,108.92794398583192,34.36946527463327,未央区,108.932574,34.367907
B0LR2D4ZT7,云南鸡汤过桥米线(禧悦里店),餐饮服务;快餐厅;快餐厅,108.93612722306897,34.36067678763688,未央区,108.940775,34.359125
B0LKBHTLIH,苏氏牛肉饺子馆,餐饮服务;餐饮相关场所;餐饮相关,108.9345442192694,34.358815106984345,未央区,108.939188,34.35726
B0LK7O4Y7K,重庆酒家,餐饮服务;中餐厅;四川菜(川菜),108.96050520048406,34.34737790173357,未央区,108.965226,34.345868
B0LK2RRN3B,鸟我一下(未央国际店),餐饮服务;餐饮相关场所;餐饮相关,108.94160376431566,34.33836999540296,未央区,108.946264,34.336816
B0L32R3TGT,湘锋中式快餐,餐饮服务;中餐厅;中餐厅,108.96485946448824,34.37080008622927,未央区,108.969598,34.369313
B0L1PC6Q12,蟹有钳·肉蟹煲·鸡爪煲,餐饮服务;中餐厅;中餐厅,108.946850123831,34.33357160678601,未央区,108.951525,34.332025
B0KDLZL8DN,爱齿匠古城烧鸡味道研发中心(开元·第一城店),餐饮服务;餐饮相关场所;餐饮相关,108.91796141346272,34.348073761330326,未央区,108.922572,34.346495
B0K0M5S5L2,丰红驴蹄子面,餐饮服务;餐饮相关场所;餐饮相关,108.94497761563356,34.33383207007906,未央区,108.949647,34.332282
B0K05SZEAO,南京灌汤小笼包,餐饮服务;中餐厅;中餐厅,108.95706639214026,34.34499421333699,未央区,108.961775,34.343475
B0K05STUKV,万顺祥砂锅一绝(常青二路店),餐饮服务;中餐厅;中餐厅,108.94502548227118,34.333764012797715,未央区,108.949695,34.332214
B0JDD7SOXM,添颐阁茶舍,餐饮服务;茶艺馆;茶艺馆,108.91861394879646,34.34155650334527,未央区,108.923225,34.339975
B0J3ORXQ8P,汉食秦味杂肝汤,餐饮服务;中餐厅;中餐厅,108.96062137245394,34.34025114227266,未央区,108.965342,34.338738
B0HR9L8CWW,爱尚麻辣拌(贰号大院店),餐饮服务;快餐厅;快餐厅,108.95028706161452,34.34005453181122,未央区,108.954973,34.338518
B0H3SYHS3Q,左转便利店(华岭中央国际公寓店),餐饮服务;餐饮相关场所;餐饮相关,108.96495318085292,34.34572968583463,未央区,108.96969,34.34423
B0FFKSDGP9,伊穆兰牛肉面,餐饮服务;中餐厅;清真菜馆,108.91706570885285,34.34840423227957,未央区,108.921675,34.346825
B0FFH1DFRM,百姓川菜(西安博通市政东),餐饮服务;中餐厅;四川菜(川菜),108.95990045525753,34.37036356983363,未央区,108.964621,34.368864
B0FFFO60BU,塞上秦洲陕北羊肉旗舰店,餐饮服务;中餐厅;中餐厅,108.91029064020957,34.33154912056246,未央区,108.91489,34.329958
B0FFK0UNYU,河南早点(盐东小区店),餐饮服务;中餐厅;中餐厅,108.93010049464424,34.34432446952993,未央区,108.934733,34.342756
B0MG3DA4OC,正宗岐山擀面皮,餐饮服务;中餐厅;中餐厅,108.92628028848485,34.369733027817105,未央区,108.930907,34.368173
B0MBZODK0K,特色烧烤,餐饮服务;中餐厅;特色/地方风味餐厅,108.95183275330044,34.35719970345166,未央区,108.956525,34.355675
B0MBNXVALD,胡碰茶馆,餐饮服务;茶艺馆;茶艺馆,108.93368567723756,34.328896130296506,未央区,108.938325,34.327325
B0MBN5T5JL,喜婆砂锅(久悦里店),餐饮服务;中餐厅;中餐厅,108.929306598097,34.32692988399818,未央区,108.933936,34.325352
B0M6MKUIEX,文景社区·老字号美食集合,餐饮服务;中餐厅;特色/地方风味餐厅,108.95223745081812,34.34497498761465,未央区,108.95693,34.343445
B0M6GSOKGR,茶里酒市,餐饮服务;中餐厅;中餐厅,108.92593818561488,34.34215544358673,未央区,108.930562,34.340581
B0M62HW87C,湘膳坊·湘菜小炒,餐饮服务;中餐厅;湖南菜(湘菜),108.96105992966194,34.3265956523841,未央区,108.965781,34.325077
B0LUPU3OEC,金汤雪乡饺子馆,餐饮服务;中餐厅;特色/地方风味餐厅,108.94805780847156,34.3540990783854,未央区,108.952738,34.352565
B0LU3U9WFV,约个串吧(金泰贞观悦府店),餐饮服务;中餐厅;中餐厅,108.95611502971464,34.340116797941754,未央区,108.96082,34.338593
B0LRBZM18O,秦面源面馆,餐饮服务;餐饮相关场所;餐饮相关,108.96471753072154,34.327771003244685,未央区,108.969452,34.326262
B0LK27R798,青巷茶咖,餐饮服务;茶艺馆;茶艺馆,108.93228761551106,34.34478036505229,未央区,108.936925,34.343215
B0LK0D7UMZ,扶光里茶,餐饮服务;餐饮相关场所;餐饮相关,108.93272749272496,34.35857481127862,未央区,108.937367,34.357017
B0LG7ZUHOC,南七荞面饸饹,餐饮服务;中餐厅;中餐厅,108.91352868967772,34.34604056824501,未央区,108.918133,34.344458
B0LDJ5U1JW,学长老妈蹄花川菜馆,餐饮服务;中餐厅;四川菜(川菜),108.93528928115197,34.360593094490554,未央区,108.939935,34.35904
B0LBH71BY3,涛的茶馆儿,餐饮服务;茶艺馆;茶艺馆,108.9160091963654,34.34859384124601,未央区,108.920617,34.347014
B0LAJ6DW8U,粤茗客茶点·港式茶餐厅(未央店),餐饮服务;快餐厅;茶餐厅,108.94822593487044,34.33401367291538,未央区,108.952905,34.33247
B0L3XL1OFC,驿臻轩茶馆(凤六店),餐饮服务;茶艺馆;茶艺馆,108.94398538774657,34.33485242504018,未央区,108.948652,34.333301
B0L3MCKQOI,未央城建集中配餐厨房,餐饮服务;中餐厅;中餐厅,108.90568259456631,34.36183334560313,未央区,108.91028,34.360256
B0L3H7B7ZP,秦缘刀削面,餐饮服务;中餐厅;中餐厅,108.96473492514176,34.370808398121014,未央区,108.969473,34.369321
B0L375LE3Z,小鹿茶舍,餐饮服务;茶艺馆;茶艺馆,108.93788204913628,34.33313775963452,未央区,108.942532,34.331575
B0L2SS5HSH,胖蛋烧烤,餐饮服务;中餐厅;特色/地方风味餐厅,108.95172179239236,34.33660219616204,未央区,108.956412,34.335067
B0L255CEN8,明辉庆阳饸烙面(旭景崇盛园店),餐饮服务;餐饮相关场所;餐饮相关,108.9260992642189,34.36203923954348,未央区,108.930725,34.360475
B0L0DUNNUA,汤小圆家纺折扣店,餐饮服务;中餐厅;中餐厅,108.9576086257429,34.331628470714634,未央区,108.962318,34.330104
B0KRM15SWY,虾友秦 99元5斤小龙虾,餐饮服务;中餐厅;海鲜酒楼,108.94859479030887,34.3342178330759,未央区,108.953275,34.332675
B0KR3R1YUQ,本真茶院.日茶夜酒,餐饮服务;茶艺馆;茶艺馆,108.93520836880212,34.34961179433799,未央区,108.939853,34.348053
B0KK0ZDP9X,下党红(市政府店),餐饮服务;中餐厅;中餐厅,108.93485882693687,34.34203707303092,未央区,108.939502,34.340474
B0KBJCD3D1,鑫宇味道熟食店,餐饮服务;餐饮相关场所;餐饮相关,108.91122835357234,34.33465824464537,未央区,108.915829,34.333069
B0KAA9AK8J,柳州祥螺湾螺蛳粉(世茂都商业街店),餐饮服务;中餐厅;中餐厅,108.93796802032226,34.35540560632391,未央区,108.94262,34.353854
B0KA9LNMWL,老八秘制串串,餐饮服务;中餐厅;火锅店,108.91255491583,34.358090986517624,未央区,108.917159,34.356514
B0K1KRO84C,浮山隐茶馆,餐饮服务;茶艺馆;茶艺馆,108.94887546826403,34.33985252820504,未央区,108.953557,34.338313
B0K0VNG2Q5,郭老大肉丸糊辣汤,餐饮服务;中餐厅;中餐厅,108.95173673237178,34.33675109207996,未央区,108.956427,34.335216
B0K0HMLA3P,食腹三文鱼(西安凤城七路店),餐饮服务;餐饮相关场所;餐饮相关,108.94858444949848,34.33878463831927,未央区,108.953265,34.337244
B0JUFMMDUD,听风茶府(高山流水·幸福快车店),餐饮服务;茶艺馆;茶艺馆,108.96305214588212,34.333851282531455,未央区,108.967781,34.332341
B0JKRLXH0C,顾家地锅鸡,餐饮服务;中餐厅;中餐厅,108.90992421431254,34.341698333245176,未央区,108.914524,34.340112
B0JG4BBOS4,QUe实咖啡,餐饮服务;咖啡厅;咖啡厅,108.91971142266097,34.3515506708158,未央区,108.924325,34.349975
B0J295SP35,见山茶空间(景园店),餐饮服务;茶艺馆;茶艺馆,108.95370862834017,34.34536559767703,未央区,108.958406,34.343839
B0J1YPJ4HH,口口疆新疆炒米粉(明光路店),餐饮服务;中餐厅;中餐厅,108.92425085080008,34.36097673418575,未央区,108.928873,34.35941
B0IR411UYS,岩峰茶舍(望景汇店),餐饮服务;茶艺馆;茶艺馆,108.93811591758292,34.33969120598774,未央区,108.942767,34.338132
B0IDKZGXIN,宏祥面馆,餐饮服务;中餐厅;中餐厅,108.91246493055372,34.35924843691149,未央区,108.917069,34.357672
B0ID77MEBY,小楼海烧烤私房馆(鼎正大都城店),餐饮服务;中餐厅;特色/地方风味餐厅,108.91873478093314,34.34133152173375,未央区,108.923346,34.33975
B0I25A96SL,啊转餐厅,餐饮服务;中餐厅;中餐厅,108.9588569782377,34.372092142006224,未央区,108.963574,34.370591
B0I1ASE5HN,福双喜中式快餐(天朗·御湖店),餐饮服务;快餐厅;快餐厅,108.92383912793578,34.34214962998281,未央区,108.928459,34.340573
B0I17MRWLC,任家川菜(东杨善村),餐饮服务;中餐厅;四川菜(川菜),108.90881956041244,34.33910098497886,未央区,108.913418,34.337513
B0I147BWWS,坐隐(荣华·北经城北区店),餐饮服务;茶艺馆;茶艺馆,108.95450543264636,34.34003046446868,未央区,108.959205,34.338503
B0I03ASPQ9,鲜滋味炒饭(贰号大院店),餐饮服务;中餐厅;中餐厅,108.95163977128172,34.340074678196395,未央区,108.95633,34.338541
B0HR0BPXQ2,大块牛肉面(高红小区店),餐饮服务;快餐厅;快餐厅,108.96045218488824,34.33767780744512,未央区,108.965172,34.336163
B0HKKDI4HB,武汉小笼包热干面,餐饮服务;快餐厅;快餐厅,108.90917412316637,34.34008938595954,未央区,108.913773,34.338502
B0H3HRYOVA,秋桃手工面馆,餐饮服务;快餐厅;快餐厅,108.95138282120416,34.36174232677599,未央区,108.956074,34.360219
B0H2CDTGVV,小雅茶舍,餐饮服务;茶艺馆;茶艺馆,108.93525612968206,34.36344866832829,未央区,108.939902,34.361897
B0GRAZ3AHX,土豆先生(凤城十二路店),餐饮服务;中餐厅;中餐厅,108.9412430101721,34.35975391892435,未央区,108.945904,34.35821
B0GR5U1X42,佬厨子川菜馆(五十八中店),餐饮服务;中餐厅;四川菜(川菜),108.95917094241253,34.37132980095598,未央区,108.963889,34.369829
B0FFLPWFZN,刚刚川味大排档,餐饮服务;中餐厅;中餐厅,108.91084944034569,34.338849368609054,未央区,108.91545,34.337262
B0FFLLAQA5,西安经济技术开发区山水咖啡厅,餐饮服务;咖啡厅;咖啡厅,108.95277810964778,34.32773818150544,未央区,108.957471,34.326201
B0FFL18DCT,湖南味道家常菜(朱宏路店),餐饮服务;中餐厅;中餐厅,108.91270580412586,34.3572163597354,未央区,108.91731,34.355639
B0FFKT2SAE,小五土豆爱上饼(银池·品智天下店),餐饮服务;中餐厅;中餐厅,108.94388177343656,34.33374415046184,未央区,108.948548,34.332192
B0FFKT1MZ0,绥德羊杂碎麻辣肝碗托(朱宏路店),餐饮服务;中餐厅;中餐厅,108.91220002734488,34.33716059653432,未央区,108.916802,34.335573
B0FFJYPAR5,兰州牛肉面,餐饮服务;中餐厅;清真菜馆,108.92681370816366,34.33922791046052,未央区,108.931439,34.337653
B0FFJ3YQ03,海港腊味熟食店,餐饮服务;餐饮相关场所;餐饮相关,108.9109416862322,34.33452442975052,未央区,108.915542,34.332935
B0FFHO50GY,正宗裤带面(五龙汤店),餐饮服务;餐饮相关场所;餐饮相关,108.96320514591916,34.35139725671435,未央区,108.967936,34.349896
B0FFGH07CE,金口福饺子馆(常青二路),餐饮服务;中餐厅;特色/地方风味餐厅,108.96450682723408,34.33363773221579,未央区,108.969241,34.332131
B0FFGCUNBQ,天津鸡汁汤包(南玉丰村居民楼北),餐饮服务;餐饮相关场所;餐饮相关,108.90944398455224,34.32595908950671,未央区,108.914042,34.324365
B001D0W18H,西航莱特餐厅,餐饮服务;中餐厅;中餐厅,108.92328866046805,34.36022807281439,未央区,108.927909,34.35866
B0FFGAQLLK,聚福生葫芦头烤肉(凤八店),餐饮服务;中餐厅;中餐厅,108.9573125203784,34.34533847334949,未央区,108.962022,34.34382
B0FFFO3NTE,尔里牛羊肉泡馍(汇通太古城青都新界店),餐饮服务;中餐厅;清真菜馆,108.93937281906784,34.36220582905117,未央区,108.944029,34.36066
B0FFJW7APO,响石盖福禄羊肉馆(海荣.雅庭花园店),餐饮服务;中餐厅;中餐厅,108.93397549416254,34.33508574716945,未央区,108.938616,34.333518
B0FFJ18EHK,依依龙虾总店,餐饮服务;中餐厅;中餐厅,108.95404990737656,34.340436275706175,未央区,108.958748,34.338908
B0FFIGAK39,湖南米粉面(天和广场店),餐饮服务;餐饮相关场所;餐饮相关,108.95589034240294,34.345573619229114,未央区,108.960595,34.344052
B0FFICGI41,川湘鱼庄(凤城六路店),餐饮服务;中餐厅;中餐厅,108.92912431179948,34.33521814189692,未央区,108.933754,34.333644
B0FFI13J41,新疆阿不都大串烤肉(别无分店),餐饮服务;中餐厅;清真菜馆,108.94762025168627,34.352675668793296,未央区,108.952299,34.35114
B0FFI0H3BU,重庆砂锅一绝(风景御园店),餐饮服务;中餐厅;中餐厅,108.93486703278094,34.33925642404812,未央区,108.93951,34.337692
B0FFHTVZGQ,徐记烤肉排骨面(张家堡新区店),餐饮服务;中餐厅;中餐厅,108.95665576439072,34.345357978456136,未央区,108.961363,34.343838
B0FFHSB12A,众家灯火煎饼·家常菜(卜蜂中心店),餐饮服务;中餐厅;中餐厅,108.95877265123578,34.34310216246259,未央区,108.963487,34.341586
B0FFGG73M3,朱记家常菜,餐饮服务;中餐厅;中餐厅,108.96476487247918,34.333646074014126,未央区,108.9695,34.33214
B0FFG8QYPX,汉苑花园酒店·典藏陕菜,餐饮服务;中餐厅;中餐厅,108.91134892348246,34.32588738161926,未央区,108.915949,34.324294
B0FFFDBO4N,长大川菜馆(长大店),餐饮服务;中餐厅;四川菜(川菜),108.90993867274152,34.37302732097707,未央区,108.914541,34.371457
B0FFFD6HGR,陶记茶庄(白桦林居店),购物服务;专卖店;专营店|餐饮服务;茶艺馆;茶艺馆,108.92780595027196,34.348685097763344,未央区,108.932434,34.347116
B0FFF64Y86,石家猪蹄(徐家湾店),餐饮服务;餐饮相关场所;餐饮相关,108.96043931534952,34.34882933601544,未央区,108.96516,34.34732
B0FFF64XQX,古都茶莊(凤城五路),餐饮服务;茶艺馆;茶艺馆,108.95161353945424,34.331697791816985,未央区,108.956303,34.33016
B001D090XO,冯家岐山面(五龙汤店),餐饮服务;中餐厅;中餐厅,108.9632270657564,34.35139920103393,未央区,108.967958,34.349898
B0MGYR71WG,肯悦咖啡,餐饮服务;咖啡厅;咖啡厅,108.94694831457812,34.35216225045655,未央区,108.951625,34.350625
B0MGRCKUE0,朴香村拌饭(凤城八路店),餐饮服务;中餐厅;中餐厅,108.95968244618402,34.34329590407067,未央区,108.9644,34.341782
B0M6L77J7Q,胡夫炸串(西安市凤城七路),餐饮服务;快餐厅;快餐厅,108.9356302248901,34.338738540571214,未央区,108.940275,34.337175
B0M6B9I4PD,NOWWA挪瓦咖啡(每一天西安文景路海璟时代店),餐饮服务;咖啡厅;咖啡厅,108.93373552795852,34.32929586896903,未央区,108.938375,34.327725
B0FFIKYNXG,福建海鲜面(龙钢广场店),餐饮服务;中餐厅;中餐厅,108.9674257649096,34.33537638876003,未央区,108.972171,34.333878
B0FFG77RE0,正宗李记河南烩面,餐饮服务;中餐厅;中餐厅,108.97220531812704,34.35962454642964,未央区,108.976971,34.358151
B0LRFR8T5L,曼玲粥店(保利·心语花园店),餐饮服务;中餐厅;中餐厅,108.999300712498,34.32773891128865,未央区,109.004177,34.326329
B0L6ZR1J2Z,佳儿萌豆儿童辅食餐厅(龙湖未央天街店),餐饮服务;餐饮相关场所;餐饮相关,108.980626514763,34.345831866992114,未央区,108.985425,34.344375
B0J06CQHT6,维也纳国际酒店宴会中心·宴会厅,餐饮服务;中餐厅;四川菜(川菜),109.00717224628436,34.33444983125665,未央区,109.012083,34.333067
B0MAB1SPNT,旺德福,餐饮服务;餐饮相关场所;餐饮相关,109.01202591984205,34.36524182601664,灞桥区,109.01696,34.363889
B0FFJ3431Y,宏伟烤全羊,餐饮服务;中餐厅;特色/地方风味餐厅,108.97914953580305,34.37049848036287,未央区,108.983944,34.36905
B001D0W14O,永盛牛羊肉泡馍,餐饮服务;中餐厅;清真菜馆,108.97222043876128,34.35744662117332,未央区,108.976986,34.355972
B0LR11UWZF,叶氏鼎顶香冒菜·香锅(太华北路店),餐饮服务;中餐厅;中餐厅,108.96658761405654,34.33919471039434,未央区,108.97133,34.337696
B0L67RTM01,百代鸡(未央龙湖店),餐饮服务;中餐厅;中餐厅,108.980825639437,34.34648096984746,未央区,108.985625,34.345025
B0KGKKNG1M,邢老三肉丸糊辣汤(碧桂园·云府店),餐饮服务;中餐厅;中餐厅,108.98474934689033,34.37002647306721,未央区,108.989567,34.368594
B0HR35D7KQ,孟甲子澄城水盆羊肉(灞浦一路店),餐饮服务;中餐厅;中餐厅,108.99461452647304,34.36800802603782,未央区,108.999474,34.366604
B0FFI173AG,河南羊肉烩面(灞浦一路店),餐饮服务;中餐厅;中餐厅,108.99582929221936,34.36808630526948,未央区,109.000694,34.366686
B0FFIQVJUN,艾美酒店汉江·鲜火锅餐厅,餐饮服务;中餐厅;特色/地方风味餐厅,109.01056124368212,34.34049870334006,未央区,109.015487,34.339129
B001D09OQV,华源酒店(西安北客站陕科大店),住宿服务;宾馆酒店;三星级宾馆|餐饮服务;中餐厅;中餐厅,108.97563659629472,34.37278620545852,未央区,108.980417,34.371329
B0FFHEAMQC,源久粥食府,餐饮服务;中餐厅;中餐厅,108.96578544209926,34.34136771322213,未央区,108.970525,34.339868
B0FFGWIV4U,后海·Look落客,餐饮服务;中餐厅;中餐厅,109.02034524697233,34.340060187054505,灞桥区,109.025312,34.338719
B0MGJ7CFHM,刘文祥麻辣烫,餐饮服务;中餐厅;火锅店,109.01087159218004,34.33257262106317,未央区,109.015798,34.3312
B0MB6CNYHJ,爱菊厨房,餐饮服务;中餐厅;中餐厅,109.01179791652882,34.36490667988735,灞桥区,109.016731,34.363553
B0KRZN6C32,晨光烧饼(欧亚大道店),餐饮服务;餐饮相关场所;餐饮相关,109.01204356677768,34.333093873212015,未央区,109.016975,34.331725
B0KAP1MLKJ,烽火烤蹄夜江湖烧烤(颐秀苑二区店),餐饮服务;中餐厅;特色/地方风味餐厅,109.00283022206168,34.366554846151246,未央区,109.007725,34.365175
B0JR7CJ4OB,盱眙虾神龙虾烧烤海鲜纸包鱼(康馨花园一区店),餐饮服务;中餐厅;中餐厅,108.9985139255122,34.36562244522459,未央区,109.00339,34.364229
B0GU4ZRKMP,老台门汤包(秦晋家园店),餐饮服务;中餐厅;中餐厅,108.9701765525316,34.35571902169216,未央区,108.974934,34.354238
B0FFKTDQ40,凤城四路恒大帝景老丁家酱腊牛羊肉,餐饮服务;中餐厅;中餐厅,108.97991191006422,34.32830843797569,未央区,108.984706,34.326841
B0FFFV6D9I,伊俊斋泡馍回坊烧烤,餐饮服务;中餐厅;特色/地方风味餐厅|餐饮服务;中餐厅;清真菜馆,108.99850596907524,34.36551252668652,未央区,109.003382,34.364119
B0FFFHBH7P,张记澄城水盆羊肉(天悦店),餐饮服务;餐饮相关场所;餐饮相关,108.98359514235634,34.37047462428034,未央区,108.988408,34.369039
B0KGPAXPEK,北辰竹签烤肉(北辰第二社区店),餐饮服务;中餐厅;中餐厅,108.99850690466025,34.366231149007945,未央区,109.003383,34.364838
B0FFL35FMU,安徽萧县米线板面馆,餐饮服务;中餐厅;中餐厅,108.99429091269252,34.36806897330384,未央区,108.999149,34.366664
B0L0P91936,食之味中餐,餐饮服务;中餐厅;中餐厅,108.97981736598108,34.33954929080998,未央区,108.984612,34.338087
B0JR4Z9VHE,兰州牛肉拉面清真(万科·悦湾店),餐饮服务;中餐厅;清真菜馆,109.00309198121867,34.344139448582006,未央区,109.007986,34.342749
B0J3HCMN27,兴之泰老碗面,餐饮服务;餐饮相关场所;餐饮相关,109.00306409829074,34.34417651486912,未央区,109.007958,34.342786
B0FFKS6N5Y,香味园川菜,餐饮服务;中餐厅;四川菜(川菜),108.97366688250108,34.35558960550056,未央区,108.978438,34.354118
B0FFIBK7J5,祥云泡馍烧烤,餐饮服务;中餐厅;清真菜馆,108.9739208740502,34.35559190390549,未央区,108.978693,34.354121
B0MGV5EB9Y,龙城宴,餐饮服务;中餐厅;中餐厅,108.9901520703564,34.32699892967684,未央区,108.994989,34.325561
B0MG0KGLQP,皖北刘味板面,餐饮服务;餐饮相关场所;餐饮相关,108.99427000540176,34.368035054335934,未央区,108.999128,34.36663
B0MAGUYMFU,阿肆盐筋烤肉重庆来凤鱼,餐饮服务;中餐厅;中餐厅,108.98333224562364,34.370408428292,未央区,108.988144,34.368972
B0LU67JKQO,老北京烤鸭,餐饮服务;餐饮相关场所;餐饮相关,108.98510607555868,34.36730785029543,未央区,108.989925,34.365875
B0LKHOS3TA,川之道重庆纸包鱼烧烤店,餐饮服务;中餐厅;中餐厅,108.9665037921908,34.3408591125159,未央区,108.971246,34.339361
B0LKBDSW3V,阿红老面手工鲜包,餐饮服务;餐饮相关场所;餐饮相关,108.97979547825288,34.33927948549925,未央区,108.98459,34.337817
B0LGU1KTY1,江苏会客厅,餐饮服务;中餐厅;中餐厅,108.9901152261562,34.32701403298904,未央区,108.994952,34.325576
B0L37LM1NY,山里菜陕南土菜(秦岭季陕南土菜),餐饮服务;中餐厅;中餐厅,109.00860838416764,34.33100516008235,未央区,109.013525,34.329625
B0L1RHAZ9F,蜜贝初生日蛋糕(未央店),餐饮服务;糕饼店;糕饼店,108.97703644105236,34.33067249929981,未央区,108.981819,34.329198
B0L1DRVQ1O,双河汇·茶苑,餐饮服务;茶艺馆;茶艺馆,109.02317401892996,34.348032201846074,灞桥区,109.028153,34.346703
B0L0P50R42,刘小刘砂锅牛肚涮豆皮,餐饮服务;中餐厅;火锅店,108.99844912563054,34.36656814852262,未央区,109.003325,34.365175
B0L0CZXEAK,壹花凉皮肉夹馍,餐饮服务;餐饮相关场所;餐饮相关,109.02330247526356,34.371759640888015,灞桥区,109.028284,34.370443
B0KUSHU0VD,旭记削筋面(阳光新城店),餐饮服务;中餐厅;中餐厅,108.9883005470656,34.35575034413478,未央区,108.993132,34.354321
B0KB2MQT03,重庆川菜馆(浐灞三路店),餐饮服务;中餐厅;四川菜(川菜),109.00339406574156,34.32766651257558,未央区,109.008288,34.326269
B0J6GLUPQL,驴蹄子面(润和嘉苑店),餐饮服务;餐饮相关场所;餐饮相关,108.99473932083492,34.328239514164274,未央区,108.999596,34.326816
B0I21RQW7N,老伙计蜀味鲜牛肉串串浐灞三路店,餐饮服务;中餐厅;火锅店,109.00202097760764,34.32775064079401,未央区,109.006909,34.326349
B0HRSZQFIB,茶那间(绿地峰辉西门),购物服务;专卖店;专营店|餐饮服务;茶艺馆;茶艺馆,108.98466328633012,34.32703922224222,未央区,108.989477,34.325585
B0H2MZ2E93,悦客大盘鸡手工面(灞柳春天店),餐饮服务;中餐厅;中餐厅,108.99627687763164,34.36196813284689,未央区,109.001143,34.360566
B0FFLC5GV0,兰州牛肉拉面(恒大江湾店),餐饮服务;快餐厅;快餐厅,109.00067028600968,34.35770098306299,未央区,109.005555,34.35631
B0LRV7KGMS,香约串串(西安总店),餐饮服务;中餐厅;火锅店,108.98462506667288,34.367645089678604,未央区,108.989442,34.366211
B0LDFZSR2M,味之都卤味店,餐饮服务;餐饮相关场所;餐饮相关,108.9845433893545,34.367883205058426,未央区,108.98936,34.366449
B0L1KRVQC0,山东呛面馒头,餐饮服务;餐饮相关场所;餐饮相关,108.98553029802018,34.36723363797094,未央区,108.990351,34.365802
B0L10LD9U2,新石器烤肉,餐饮服务;中餐厅;特色/地方风味餐厅,108.98077584490945,34.34648111350732,未央区,108.985575,34.345025
B0H0JHTD0R,妈妈花甲浐灞店,餐饮服务;餐饮相关场所;餐饮相关,109.00987384385326,34.33258160392237,未央区,109.014796,34.331206
B0G125LNKF,StarParty创意网红生日蛋糕,餐饮服务;糕饼店;糕饼店,108.96563711269856,34.32779264813628,未央区,108.970375,34.326286
B0FFF64XSF,伊香聚牛羊肉泡馍,餐饮服务;中餐厅;清真菜馆,108.96632843514074,34.34104947206652,未央区,108.97107,34.339551
B0FFHDXJRY,达隆烘焙坊(未央店),餐饮服务;糕饼店;糕饼店,108.96596277892606,34.34137025645915,未央区,108.970703,34.339871
B0FFF64XSN,中国·兰州拉面(太华北路),餐饮服务;快餐厅;快餐厅,108.96661861061104,34.337820300356526,未央区,108.971361,34.336321
B0FFIG5K8N,聚盛祥泡馍馆(欧亚国际1期店),餐饮服务;中餐厅;清真菜馆,109.01102288079984,34.33337078505039,未央区,109.01595,34.331999
B0MBYR5GCI,福香缘饺子馆,餐饮服务;餐饮相关场所;餐饮相关,108.99447700222728,34.357453905628816,未央区,108.999335,34.356044
B0M6O5LTVT,渔味鲜肥肠鱼,餐饮服务;餐饮相关场所;餐饮相关,108.99270774270242,34.35572713204056,未央区,108.997558,34.354311
B0LUY7V11H,真秦好味烧烤,餐饮服务;中餐厅;特色/地方风味餐厅,108.98220547550947,34.32784003128954,未央区,108.987009,34.326379
B0LUD665NJ,燃爆猛火炒饭,餐饮服务;中餐厅;中餐厅|餐饮服务;快餐厅;快餐厅,108.9902850233843,34.35669792596816,未央区,108.995125,34.355275
B0L1UB2AF4,鲜鱼庄椒麻油泼鱼,餐饮服务;中餐厅;中餐厅,109.00109099457396,34.32767949954348,未央区,109.005975,34.326275
B0GKXLHMBT,宁波大食堂,餐饮服务;快餐厅;快餐厅,108.96704445906,34.36872456228097,未央区,108.971791,34.367242
B0FFGEW3NM,龙苑中餐厅(锦江国际酒店店),餐饮服务;中餐厅;特色/地方风味餐厅,109.01260570906436,34.33869448731778,未央区,109.01754,34.33733
B0MGTM6WQF,沪上阿姨·精选茶饮(西安未央龙湖天街店),餐饮服务;休闲餐饮场所;休闲餐饮场所,108.98074593676084,34.34686101076594,未央区,108.985545,34.345405
B0MGMZ8PYE,古觉面片(浐灞店),餐饮服务;餐饮相关场所;餐饮相关,109.00887708619622,34.33276550790757,未央区,109.013795,34.331387
B0MGJRDY4E,蜜雪冰城(红旗厂地铁口店),餐饮服务;冷饮店;冷饮店,108.97629342806562,34.35498960375735,未央区,108.981075,34.353525
B0MAY14BMH,斌斌陕北羊肉面,餐饮服务;中餐厅;中餐厅,109.01014272078665,34.33229893384192,未央区,109.015066,34.330924
B0M6RAYVHR,华莱士·全鸡汉堡(北辰农贸),餐饮服务;快餐厅;快餐厅,108.9991222372487,34.366377203281665,未央区,109.004001,34.364986
B0M6HD9XZH,品之羊澄城水盆羊肉,餐饮服务;中餐厅;中餐厅,109.00928949739288,34.330705256548114,未央区,109.014209,34.329327
B0M6DO7RBQ,匠岳·王宝器麻椒鱼(浐灞黑金直营店),餐饮服务;中餐厅;中餐厅,109.01155062098805,34.333556120122424,未央区,109.01648,34.332186
B0M6BMG8T7,御品轩大师秀场(龙湖天街店),餐饮服务;中餐厅;中餐厅,108.9807748507542,34.34646012681518,未央区,108.985574,34.345004
B0M66HAU1Y,达美乐比萨(未央龙湖天街店),餐饮服务;快餐厅;快餐厅,108.98076987187731,34.34645314465718,未央区,108.985569,34.344997
B0LUXCIIJ6,范家大院(欧亚六路店),餐饮服务;中餐厅;中餐厅,108.99352224282715,34.35579463875007,未央区,108.998376,34.354381
B0LUL66A97,扯面郎(汉渠南路店),餐饮服务;中餐厅;特色/地方风味餐厅,108.9793527926294,34.35737571172871,未央区,108.984147,34.355921
B0LU4U001N,铁蛋鸡汤刀削面(华润未来城市dk3店),餐饮服务;餐饮相关场所;餐饮相关,109.02389108656348,34.37185793488121,灞桥区,109.028875,34.370543
B0LRSP3RVU,小竹签烤肉(源利国际城店),餐饮服务;中餐厅;特色/地方风味餐厅,108.97995703237709,34.336654299925826,未央区,108.984752,34.335191
B0LR55A9YB,库迪咖啡(西安安徽大厦店),餐饮服务;咖啡厅;咖啡厅,108.96811704889411,34.33647304774788,未央区,108.972865,34.334977
B0LKYC4Q4M,幸运咖(万科幸福里),餐饮服务;咖啡厅;咖啡厅,108.9790892608145,34.328574668626764,未央区,108.98388,34.327105
B0LKSNGW28,瑞幸咖啡(帽珥冢地铁站B2店),餐饮服务;咖啡厅;咖啡厅,108.97902637306947,34.33032401458652,未央区,108.983817,34.328855
B0LK7A2AKE,好利来(源创oya街区店),餐饮服务;糕饼店;糕饼店,109.01075618590218,34.331361547058,未央区,109.015682,34.329988
B0LGSU1NRV,彭家正汤·西安糊辣汤(永隆路直营店),餐饮服务;中餐厅;中餐厅,108.98377291140558,34.328263255167094,未央区,108.988583,34.326807
B0LGARO15I,蜜雪冰城,餐饮服务;冷饮店;冷饮店,109.00965377723826,34.33265123045737,未央区,109.014575,34.331275
B0LDTK3UW5,德克士(万科幸福里店),餐饮服务;餐饮相关场所;餐饮相关,108.97909525732572,34.32832077219047,未央区,108.983886,34.326851
B0LDJ4SXS0,华莱士·全鸡汉堡(奇星御园店),餐饮服务;快餐厅;快餐厅,108.9759637513272,34.35504250154176,未央区,108.980744,34.353577
B0LB3HBE24,方永结鲜香胡辣汤(西安旗舰店),餐饮服务;餐饮相关场所;餐饮相关,108.98437862857644,34.373301830552286,未央区,108.989195,34.37187
B0LAPHBJQU,后卫寨猫耳朵(北大学城店),餐饮服务;餐饮相关场所;餐饮相关,108.98440054754931,34.37317183517703,未央区,108.989217,34.37174
B0LAOCR0VT,火炉旁烤肉(未央龙湖店),餐饮服务;外国餐厅;外国餐厅,108.98037742085874,34.347281863449446,未央区,108.985175,34.345825
B0LAJDIJSX,焱玖家麻辣猪蹄(未央天街店),餐饮服务;中餐厅;火锅店,108.98077783817928,34.34646311670604,未央区,108.985577,34.345007
B0LAAAGY7I,蜀儿郎鲜牛肉串串红旗东路(红光嘉苑店),餐饮服务;中餐厅;火锅店,108.98845991570974,34.35520914404144,未央区,108.993292,34.35378
B0L6XC3I1O,花宝街石锅鸡公煲(陕西西安未央区龙湖西安未央天街店),餐饮服务;中餐厅;中餐厅,108.98054575745736,34.34691855943845,未央区,108.985344,34.345462
B0L6OM4QC0,九街于记牛肉冒菜(未央龙湖天街店),餐饮服务;中餐厅;中餐厅,108.98012845798092,34.347132654259504,未央区,108.984925,34.345675
B0L6NCD8CK,茶百道(西安未央龙湖天街店),餐饮服务;冷饮店;冷饮店,108.9807748507542,34.34646012681518,未央区,108.985574,34.345004
B0L6L1ZHMN,老韩家肉丸胡辣汤(汉渠南路店),餐饮服务;中餐厅;中餐厅,108.9790231445282,34.357351666863146,未央区,108.983816,34.355896
B0L6K1QQOM,luckin coffee 瑞幸咖啡(龙湖西安未央天街店),餐饮服务;咖啡厅;咖啡厅,108.98015831119814,34.347421424481865,未央区,108.984955,34.345964
B0L6H5BLTC,澄老二澄城水盆羊肉(中南君启店),餐饮服务;快餐厅;快餐厅,108.97398298541007,34.327072738841814,未央区,108.978753,34.325588
B0L6GZFIKE,霸舌生滚牛肉米粉(龙湖未央天街店),餐饮服务;餐饮相关场所;餐饮相关,108.98064339214385,34.34647050091948,未央区,108.985442,34.345014
B0L6GY6HMF,米村拌饭(龙湖未央天街店),餐饮服务;中餐厅;中餐厅,108.9807748507542,34.34646012681518,未央区,108.985574,34.345004
B0L6AU0J7F,肯德基(源创中心·西区店),餐饮服务;快餐厅;肯德基,109.0089100831064,34.33113119262766,未央区,109.013828,34.329752
B0L3SN234M,瑞幸咖啡(源创Oya街区店),餐饮服务;咖啡厅;咖啡厅,109.00929445779764,34.33092313744528,未央区,109.014214,34.329545
B0L3P7H69B,麦当劳(西安龙湖未央天街餐厅),餐饮服务;快餐厅;麦当劳,108.98047702302463,34.34713165138904,未央区,108.985275,34.345675
B0L3HM80Q9,王忠圈胡辣汤西安市未央区徐家湾街道,餐饮服务;中餐厅;中餐厅,108.98344379141922,34.37027117444686,未央区,108.988256,34.368835
B0L3H57HDS,一只酸奶牛,餐饮服务;冷饮店;冷饮店,108.98077586557356,34.34623123769887,未央区,108.985575,34.344775
B0L3AOZGWY,乐班Le'ban(Oya街区店),餐饮服务;外国餐厅;外国餐厅,109.01094838996462,34.33109809855486,未央区,109.015875,34.329725
B0L355EOZK,绿茶餐厅(西安未央龙湖天街店),餐饮服务;餐饮相关场所;餐饮相关,108.98067723052829,34.346736271084474,未央区,108.985476,34.34528
B0L2VH7RTG,中国重庆·老版火锅(奥体中心店),餐饮服务;中餐厅;火锅店,109.01567488476952,34.372663130066115,灞桥区,109.020625,34.371325
B0L2TC3716,袁记云饺(未央区丝路国际梦工厂店),餐饮服务;快餐厅;快餐厅,109.01030600429992,34.3325393293292,未央区,109.01523,34.331165
B0L2SR5YR5,元吉烧烤餐厅(奥体店),餐饮服务;中餐厅;中餐厅,109.01565099164723,34.37258524153436,灞桥区,109.020601,34.371247
B0L21SSW5B,茶百道(西安未央欧罗巴商业街店),餐饮服务;冷饮店;冷饮店,108.9952018966596,34.357308785082374,未央区,109.000063,34.355901
B0L1GCAO2M,北海港三文鱼(华远枫悦店),餐饮服务;中餐厅;海鲜酒楼,108.97386804679655,34.33185377731503,未央区,108.978638,34.330371
B0L1FSWJHX,M Stand(西安浐灞源创OYA店),餐饮服务;咖啡厅;咖啡厅,109.01082688129084,34.331404315174936,未央区,109.015753,34.330031
B0L09HCRY5,1点点(龙湖西安未央天街店),餐饮服务;冷饮店;冷饮店,108.98077783817928,34.34646311670604,未央区,108.985577,34.345007
B0L01CH6BL,1点点(源创Oya街区店),餐饮服务;冷饮店;冷饮店,109.00917597249216,34.33082354092326,未央区,109.014095,34.329445
B0KUCMYTEL,霸舌生滚牛肉米粉(创意梦工场店),餐饮服务;餐饮相关场所;餐饮相关,109.00991562732072,34.33303426106763,未央区,109.014838,34.331659
B0KRMSRSQ9,膳当家黄焖鸡(恒大帝景店),餐饮服务;中餐厅;中餐厅,108.98076045902287,34.327800236296326,未央区,108.985558,34.326335
B0KKXS4KT2,库迪咖啡(未央龙湖天街店),餐饮服务;咖啡厅;咖啡厅,108.98077783817928,34.34646311670604,未央区,108.985577,34.345007
B0KKVHUKV3,爸爸糖吐司面包(西安未央龙湖天街店),餐饮服务;糕饼店;糕饼店,108.9807748507542,34.34646012681518,未央区,108.985574,34.345004
B0KKJS96U4,柠季·手打柠檬茶(西安未央天街店),餐饮服务;冷饮店;冷饮店,108.9807748507542,34.34646012681518,未央区,108.985574,34.345004
B0KKF7PRBE,棒约翰披萨(西安龙湖未央天街店),餐饮服务;快餐厅;快餐厅,108.98087152235745,34.34561026999619,未央区,108.985671,34.344154
B0KKBXXG96,霸王茶姬(西安丝路国际创意梦工厂店),餐饮服务;休闲餐饮场所;休闲餐饮场所,109.00939388633134,34.33266000616218,未央区,109.014314,34.331283
B0KK9ULF6O,茉莉奶白(西安龙湖未央天街店),餐饮服务;休闲餐饮场所;休闲餐饮场所,108.98021719809287,34.34586502955176,未央区,108.985014,34.344407
B0KK9AS4ZD,蛮涮自助小火锅·糖水铺子集合店(未央天街店),餐饮服务;中餐厅;火锅店,108.9807748507542,34.34646012681518,未央区,108.985574,34.345004
B0KK9AI8U4,茶话弄(未央龙湖天街店),餐饮服务;冷饮店;冷饮店,108.98071815568431,34.3456047154298,未央区,108.985517,34.344148
B0KK97U7YY,霸王茶姬(西安龙湖未央天街店),餐饮服务;冷饮店;冷饮店,108.98042721576748,34.34728172010285,未央区,108.985225,34.345825
B0KK7SP6QX,赵天琦米线公司(颐合庭店),餐饮服务;快餐厅;快餐厅,108.99373320752582,34.357341212612255,未央区,108.998588,34.355929
B0KK3U8AQH,CoCo都可(未央龙湖天街店),餐饮服务;冷饮店;冷饮店,108.98082564588442,34.34640300860347,未央区,108.985625,34.344947
B0KK3S9KT5,泰熙家(未央龙湖天街店),餐饮服务;外国餐厅;日本料理,108.98059156614671,34.34694841251422,未央区,108.98539,34.345492
B0KK2U22GX,池奈日式咖喱蛋包饭(龙湖西安未央天街店),餐饮服务;外国餐厅;日本料理,108.98062640731844,34.34713122099486,未央区,108.985425,34.345675
B0KGLCTML0,黎一碗大碗手工面(丝路梦工场店),餐饮服务;中餐厅;中餐厅,109.00992160696131,34.332973272473296,未央区,109.014844,34.331598
B0KAVCF2KY,夸父炸串(未央利君未来城店),餐饮服务;快餐厅;快餐厅,108.9847749796275,34.36114002960522,未央区,108.989592,34.359703
B0K6OZTHSL,必胜客(欧亚大道店),餐饮服务;快餐厅;必胜客,109.00926747422275,34.33209365765475,未央区,109.014187,34.330716
B0K3ZCK5P1,金掌勺东北菜(龙湖西安未央天街店),餐饮服务;餐饮相关场所;餐饮相关,108.98109155869383,34.346271305880165,未央区,108.985892,34.344816
B0K3ZCHCAW,星巴克(龙湖西安未央天街店),餐饮服务;咖啡厅;星巴克咖啡,108.98022717173563,34.34568808871246,未央区,108.985024,34.34423
B0K3ZCH4NG,胖哥俩肉蟹煲(西安未央天街店),餐饮服务;中餐厅;中餐厅,108.98062248035843,34.34644657312697,未央区,108.985421,34.34499
B0K3ZCH4MY,李想大虾·活虾现捞(龙湖天街未央店),餐饮服务;餐饮相关场所;餐饮相关,108.98080771564432,34.34645403498586,未央区,108.985607,34.344998
B0K3ZCG66R,好利来(未央龙湖天街店),餐饮服务;糕饼店;糕饼店,108.98074299512515,34.34630429623718,未央区,108.985542,34.344848
B0K3ZCDLPM,功夫牛侠潮汕牛肉火锅(龙湖西安未央天街店),餐饮服务;中餐厅;中餐厅,108.98077584490945,34.34648111350732,未央区,108.985575,34.345025
B0K3ZC7TLG,兰湘子·湘菜小炒(西安未央龙湖天街店),餐饮服务;中餐厅;湖南菜(湘菜),108.98095508969418,34.346665504199784,未央区,108.985755,34.34521
B0K1F5KHDX,辣动时代自助火锅(北辰社区店),餐饮服务;餐饮相关场所;餐饮相关,108.99638296759096,34.36736700317827,未央区,109.00125,34.365968
B0K17MMRTE,安仔包(陆港金海岸店),餐饮服务;餐饮相关场所;餐饮相关,109.0124879932141,34.36484265854493,灞桥区,109.017424,34.363491
B0K0J5DIJK,陆东包子铺(碧桂园凤凰城天悦店),餐饮服务;中餐厅;中餐厅,108.9835950884048,34.37112528100445,未央区,108.988408,34.36969
B0K09Z1YB4,DQ·蛋糕·冰淇淋(西安龙湖未央天街店),餐饮服务;甜品店;甜品店,108.98242910189693,34.345227943533864,未央区,108.987235,34.343776
B0JU491M03,家味小馆(西部世界华商中心店),餐饮服务;中餐厅;中餐厅,109.0041462989187,34.333921239870385,未央区,109.009044,34.332529
B0JRLLB7MQ,邹家军铁锅炖(颐合庭店),餐饮服务;中餐厅;中餐厅,108.9931817108163,34.355716706920894,未央区,108.998034,34.354302
B0JR2LKHA5,蜜雪冰城(欧罗巴小镇商业街入口左侧拐角店),餐饮服务;冷饮店;冷饮店,108.99503760589764,34.3572802972384,未央区,108.999898,34.355872
B0JGSAG7E2,库迪咖啡(西安欧亚国际店),餐饮服务;咖啡厅;咖啡厅,109.01116036151166,34.332594747520524,未央区,109.016088,34.331223
B0JGF5OAF7,兰湘子·湘菜小炒(西安丝路梦工场店),餐饮服务;中餐厅;湖南菜(湘菜),109.00898160328622,34.333191988685215,未央区,109.0139,34.331814
B0JDHHAXVQ,茶话弄(浐灞梦工场店),餐饮服务;冷饮店;冷饮店,109.0100212449297,34.33222733220536,未央区,109.014944,34.330852
B0JDA186U1,瑞幸咖啡(欧亚国际1期店),餐饮服务;咖啡厅;咖啡厅,109.01159644042586,34.3333890638794,未央区,109.016526,34.332019
B0J6BAOEGK,锅圈食汇(保利心语花园店),购物服务;综合市场;农副产品市场|餐饮服务;餐饮相关场所;餐饮相关,108.99856796429027,34.326649653753535,未央区,109.003441,34.325237
B0J3CSGAMW,蜜雪冰城(枫林九溪店),餐饮服务;冷饮店;冷饮店,109.01174909143698,34.36529062554447,灞桥区,109.016682,34.363937
B0J3A5O98U,合喜味道(梦工场店),餐饮服务;中餐厅;中餐厅,109.00924151498076,34.33292433661145,未央区,109.014161,34.331547
B0J2OKBG5V,锦盛澄城水盆羊肉(天朗·东方印店),餐饮服务;快餐厅;快餐厅,109.00278090727927,34.337187800890526,未央区,109.007673,34.335793
B0J2AC4081,明洞街韩国炸鸡(常青路店),餐饮服务;快餐厅;快餐厅,108.9665596668183,34.33983047191144,未央区,108.971302,34.338332
B0J1KC6KHD,nowwa挪瓦咖啡(浐灞梦工场店),餐饮服务;咖啡厅;咖啡厅,109.00933310880151,34.33309997710021,未央区,109.014253,34.331723
B0J1BCP5M7,大傻烤肉摊(欧亚六路店),餐饮服务;餐饮相关场所;餐饮相关,108.99387573504762,34.35567363201404,未央区,108.998731,34.354261
B0J17CJUXK,李记高老庄葫芦头梆梆肉(欧亚国际店),餐饮服务;餐饮相关场所;餐饮相关,109.00874268460626,34.33248604624551,未央区,109.01366,34.331107
B0IGCCCRLR,华莱士·全鸡汉堡(华远枫悦店),餐饮服务;快餐厅;快餐厅,108.9742593837423,34.333152072348454,未央区,108.979031,34.331671
B0I2U72VRG,融柳大铁牛螺蛳粉(西安保利花园店),餐饮服务;中餐厅;中餐厅,108.999300712498,34.32773891128865,未央区,109.004177,34.326329
B0I1BMTUV6,蜜雪冰城(利君未来城一期十字路口东北角店),餐饮服务;冷饮店;冷饮店,108.98479588309038,34.361245913485675,未央区,108.989613,34.359809
B0I1257K9N,阿甘冒菜(华远枫悦店),餐饮服务;中餐厅;火锅店,108.9741668810406,34.331589078718174,未央区,108.978938,34.330107
B0HD45J3TE,飞鸿肉夹馍(天蔚蓝东庭店),餐饮服务;餐饮相关场所;餐饮相关,109.00400262760851,34.32548769775618,未央区,109.008899,34.324091
B0HD0UZ021,合喜味道(凤城十路店),餐饮服务;中餐厅;中餐厅,108.97592392106536,34.35492767144056,未央区,108.980704,34.353462
B0HB771G6L,渝都川菜馆(秦晋家园店),餐饮服务;中餐厅;四川菜(川菜),108.96996736172076,34.3557185813697,未央区,108.974724,34.354237
B0HAGMVEVJ,福茂源陕北铁锅羊肉(浐灞欧亚国际店),餐饮服务;中餐厅;西北菜,109.01099209883223,34.332341371929225,未央区,109.015919,34.330969
B0H1M9290D,蜜雪冰城(鼎盛柳岸花园店),餐饮服务;冷饮店;冷饮店,109.00046038824618,34.367254678361775,未央区,109.005345,34.365868
B0H1M7ZGDP,铁蛋鸡汤刀削面(恒大帝景店),餐饮服务;中餐厅;中餐厅,108.97975263969236,34.32739732772632,未央区,108.984546,34.325929
B0H1M7YFF5,绝味鸭脖(西安-陆港金海岸店),餐饮服务;餐饮相关场所;餐饮相关,109.01211155768576,34.36522557943206,灞桥区,109.017046,34.363873
B0H17M7AV6,堂宴川菜酒楼(颐秀园一区店),餐饮服务;中餐厅;四川菜(川菜),108.99867415109674,34.36661144230295,未央区,109.003551,34.365219
B0H12Z8M6T,高陵佰运烧烤(浐灞三路店),餐饮服务;中餐厅;中餐厅,109.00298184199583,34.32766876238996,未央区,109.007874,34.32627
B0H0Z5W42Y,高陵佰运烧烤(欧罗巴小镇店),餐饮服务;中餐厅;中餐厅,108.99379906240806,34.35569685197254,未央区,108.998654,34.354284
B0H0JDVW2C,红霞幺妹川菜馆(浩华香颂国际城店),餐饮服务;中餐厅;中餐厅,108.9813812021783,34.33614343991774,未央区,108.986182,34.334684
B0H0JDV09X,蜜雪冰城(凤城四路恒大帝景二期北门红绿灯路口店),餐饮服务;冷饮店;冷饮店,108.97962314059302,34.32776552453848,未央区,108.984416,34.326297
B0H01DMHNG,元吉烧烤餐厅(浐灞店),餐饮服务;中餐厅;中餐厅,109.01003388717264,34.335822560804566,未央区,109.014957,34.334449
B0GKXZFPRZ,吕记面馆(浩华北郡中区店),餐饮服务;餐饮相关场所;餐饮相关,108.97879607226696,34.35736131032393,未央区,108.983588,34.355905
B0GKCASK1O,清真坊上老刘家泡馍(保利·心语花园店),餐饮服务;中餐厅;清真菜馆,108.99859983415269,34.32656259813152,未央区,109.003473,34.32515
B0G1R144AZ,宴长安·西安菜(北三环店),餐饮服务;中餐厅;西北菜,108.9774574384553,34.35838958829546,未央区,108.982244,34.35693
B0G11UF8B0,好运来东北菜饺子馆(凤凰城·天悦店),餐饮服务;中餐厅;东北菜,108.98354915594028,34.37261862519112,未央区,108.988362,34.371184
B0FFMBUSEK,小江南陕南家乡菜(恒大帝景店),餐饮服务;中餐厅;中餐厅,108.97980244541922,34.32727424313397,未央区,108.984596,34.325806
B0FFM6QXSH,泾城吕家大块牛肉面(欧亚国际店),餐饮服务;快餐厅;快餐厅,109.00687471783392,34.332138841482546,未央区,109.011784,34.330754
B0FFLG0ZHC,秦之味面馆,餐饮服务;餐饮相关场所;餐饮相关,108.983241394002,34.36116551399671,未央区,108.988052,34.359724
B0FFLEK9KK,绝味鸭脖(恒大帝景店),餐饮服务;餐饮相关场所;餐饮相关,108.9812663291214,34.32829154110357,未央区,108.986066,34.326828
B0FFL7F75Q,宴华府(安徽大厦店),餐饮服务;中餐厅;中餐厅,108.96783909064509,34.33666468388258,未央区,108.972586,34.335168
B0FFL0F116,正新鸡排,餐饮服务;快餐厅;快餐厅,108.96658258737178,34.33974845273721,未央区,108.971325,34.33825
B0FFK9DXOQ,老韩家肉丸糊辣汤,餐饮服务;中餐厅;中餐厅,108.96658273289032,34.33797431821499,未央区,108.971325,34.336475
B0FFHHWD3P,迈德思客(欧亚六路袁雒小区店 ),餐饮服务;餐饮相关场所;餐饮相关,108.99501276727568,34.35662970453137,未央区,108.999873,34.355221
B0MGR1L76L,西航串串,餐饮服务;中餐厅;火锅店,108.96658265090932,34.338973831094734,未央区,108.971325,34.337475
B0LU2DWU87,秦老碗手擀菠菜面,餐饮服务;中餐厅;中餐厅,108.9738674181941,34.327389907535604,未央区,108.978637,34.325905
B0LDPCXOE5,岁甜法式生日蛋糕(西安太华北路店),餐饮服务;糕饼店;糕饼店,108.96649250822225,34.33267611446816,未央区,108.971234,34.331174
B0KD35JP7S,麻一生西航涮涮(欧亚六路店),餐饮服务;餐饮相关场所;餐饮相关,108.99535439628563,34.35544927088036,未央区,109.000216,34.354041
B0KAM52CKD,阿英川菜馆(天朗东方印店),餐饮服务;中餐厅;四川菜(川菜),109.00276099228851,34.337197856455646,未央区,109.007653,34.335803
B0I2UKMRN1,蜜雪冰城(天朗·蔚蓝东庭店),餐饮服务;冷饮店;冷饮店,109.00400960153102,34.32544069878673,未央区,109.008906,34.324044
B0I10U3MOI,蜜雪冰城(东区颐秀园一区店),餐饮服务;冷饮店;冷饮店,108.99676530429328,34.36755374545246,未央区,109.001634,34.366156
B0FFMBARNN,小竹签烤肉(红旗东路店),餐饮服务;中餐厅;中餐厅,108.98953330526172,34.35576365438588,未央区,108.99437,34.354338
B0FFKDK8O9,刘琦驴蹄子面(秦晋家园店),餐饮服务;中餐厅;中餐厅,108.97140577251167,34.35572071275251,未央区,108.976168,34.354243
B0FFJ1G2NT,泾阳老茶馆(砂之船奥特莱斯店),餐饮服务;茶艺馆;茶艺馆,109.04120869857202,34.345210543897224,灞桥区,109.046256,34.343927
B0FFJB6II4,社戏披萨(恒大御景店),餐饮服务;快餐厅;快餐厅,109.0252501665565,34.34204136215586,灞桥区,109.030237,34.340715
B0JD9RUHTC,面对面饺子馆(西安传化丝路公路港店),餐饮服务;中餐厅;特色/地方风味餐厅,109.07176897481382,34.35754008462266,灞桥区,109.076904,34.356318
B0FFI5CET2,绝味鸭脖(西安梦工厂店),餐饮服务;餐饮相关场所;餐饮相关,109.06360780501336,34.36830263891235,灞桥区,109.068725,34.367075
B0KR5HW0FY,膳当家黄焖鸡米饭(汇悦城店),餐饮服务;中餐厅;中餐厅,109.06282784092176,34.367568235140034,灞桥区,109.067943,34.366339
B0IRKAU15S,沙县小吃(西安浐灞国际会展中心吉呈酒店店),餐饮服务;中餐厅;中餐厅,109.0402345636952,34.36343062054119,灞桥区,109.04528,34.362154
B0MANSPP0V,美滋滋烤肉拌饭,餐饮服务;中餐厅;中餐厅,109.0328409372694,34.36080446952901,灞桥区,109.037859,34.359508
B0LRUHCZ69,鱼你幸福酸菜鱼米饭(汇悦城店),餐饮服务;中餐厅;中餐厅,109.06299737694184,34.36794477240642,灞桥区,109.068113,34.366716
B0JDS7Q4QD,秦镇郭家米皮(振业泊岸店),餐饮服务;中餐厅;中餐厅,109.04617322627796,34.33993580345446,灞桥区,109.051237,34.338661
B0IUUZOHLZ,老杨家泡馍烧烤纸包鱼(纺渭路店),餐饮服务;中餐厅;清真菜馆,109.07497680762992,34.343165720845256,灞桥区,109.080117,34.34194
B0LRXL33M8,久卤久香熟食汇悦城店,餐饮服务;餐饮相关场所;餐饮相关,109.06317593787576,34.3677885760129,灞桥区,109.068292,34.36656
B0I24ZGYL5,薛昌利凉皮(恒大御景东区店),餐饮服务;中餐厅;中餐厅,109.0291815607958,34.342795236244314,灞桥区,109.034184,34.34148
B0G2MX2LEN,麻一生西航涮涮(恒大御景店),餐饮服务;中餐厅;火锅店,109.02692641469883,34.34293329633612,灞桥区,109.03192,34.341612
B0J2CZ6VUK,独一湘现炒鲜牛肉,餐饮服务;快餐厅;快餐厅,109.05219327574174,34.337480381556965,灞桥区,109.057276,34.336217
B0FFFVK70A,凤鸣岐山面(华南城购物中心店),餐饮服务;中餐厅;中餐厅,109.03907307432372,34.35911564719885,灞桥区,109.044114,34.357834
B0KU1XK97M,宝乐手擀面菠菜面(汇悦城店),餐饮服务;中餐厅;中餐厅,109.06264137767296,34.36686889442628,灞桥区,109.067756,34.365639
B0KRB7SD3B,牛二郎鲜奶坊(汇悦城店),餐饮服务;冷饮店;冷饮店,109.06307625561578,34.36703812411397,灞桥区,109.068192,34.365809
B0JAZ54I8V,食味川都-精品川菜(华南城店),餐饮服务;中餐厅;四川菜(川菜),109.03233172910512,34.36248393085628,灞桥区,109.037348,34.361187
B0H6RY6HLZ,红旗红油串串(振业泊岸店),餐饮服务;中餐厅;中餐厅,109.0453907325299,34.341056987307454,灞桥区,109.050452,34.339781
B0G3D6ZGA6,盟帆纸包鱼烧烤,餐饮服务;中餐厅;中餐厅,109.0284025539732,34.34342502954787,灞桥区,109.033402,34.342108
B0MGO1W457,中州食府(西安店),餐饮服务;中餐厅;中餐厅,109.036065721953,34.36251833046578,灞桥区,109.041096,34.361231
B0MA6LLE5K,清真小刚烧烤,餐饮服务;中餐厅;中餐厅,109.02639300912868,34.36075877661856,灞桥区,109.031386,34.359445
B0LKUDYIR3,土寨主(世博大道店),餐饮服务;中餐厅;中餐厅,109.0466595425053,34.34084828960601,灞桥区,109.051725,34.339575
B0L32C3QV7,乐山钵钵鸡,餐饮服务;餐饮相关场所;餐饮相关,109.04101935568109,34.345295949656844,灞桥区,109.046066,34.344012
B0KUSAX0IY,陕北横山益品羊肉,餐饮服务;中餐厅;中餐厅,109.02861488024736,34.364961535456594,灞桥区,109.033617,34.363656
B0KA6NCJS3,雅唐新中式,餐饮服务;餐饮相关场所;餐饮相关,109.05406653230143,34.35025041245305,灞桥区,109.059156,34.348997
B0KA3CRSZL,港务区兰州牛肉面,餐饮服务;中餐厅;清真菜馆,109.07815444387614,34.36089867733735,灞桥区,109.083302,34.359685
B0J2SHSB1X,汉品轩热米皮中南樾府总店,餐饮服务;中餐厅;中餐厅,109.060966498617,34.33498163242869,灞桥区,109.066074,34.333733
B0J0ZGCOGF,务庄油饼小吃店,餐饮服务;中餐厅;中餐厅,109.06057848587676,34.335448048391804,灞桥区,109.065685,34.334199
B0ID6Z1AOD,清欢易厨(中南樾府店),餐饮服务;中餐厅;中餐厅,109.06043884417888,34.33560220615738,灞桥区,109.065545,34.334353
B0HB752FU6,鸡汤刀削面(灞桥店),餐饮服务;中餐厅;中餐厅,109.06728143168964,34.339563839889244,灞桥区,109.072405,34.338327
B0H14USW3K,闯关东牛排牛尾一锅香饭店(恒大御景第四分店),餐饮服务;中餐厅;中餐厅,109.02587563501974,34.34242044238514,灞桥区,109.030865,34.341096
B0MGMUAAF0,二怪关中老碗面,餐饮服务;中餐厅;中餐厅,109.06355794346136,34.36814979576997,灞桥区,109.068675,34.366922
B0K3AZ4AF4,鱼你的青春(振业泊岸店),餐饮服务;中餐厅;中餐厅,109.04491533937797,34.34090212640405,灞桥区,109.049975,34.339625
B0IGXZLAKZ,锅圈食汇火锅烧烤食材超市(中南樾府店),购物服务;综合市场;农副产品市场|餐饮服务;餐饮相关场所;餐饮相关,109.05973299426252,34.332640821168944,灞桥区,109.064837,34.331389
B0H0MRMRIT,予甜蛋糕,餐饮服务;糕饼店;糕饼店,109.03038378013429,34.34410037265548,灞桥区,109.035391,34.342789
B0GR7AGQS0,廖记棒棒鸡(砂之船西安奥莱店),餐饮服务;快餐厅;快餐厅,109.0416560681761,34.345975110078335,灞桥区,109.046705,34.344693
B0FFI4WB2L,兰州拉面(恒大御景西区店),餐饮服务;中餐厅;清真菜馆,109.02744933032264,34.34312676987617,灞桥区,109.032445,34.341807
B0L2ML09JP,三好烤鱼,餐饮服务;中餐厅;特色/地方风味餐厅,109.02523584715468,34.369887221848174,灞桥区,109.030225,34.368575
B0KDV9UNFV,品忆热米皮(振业泊岸店),餐饮服务;快餐厅;快餐厅,109.04641033358229,34.341198663321144,灞桥区,109.051475,34.339925
B0K37PJL3G,会议楼中餐厅,餐饮服务;中餐厅;中餐厅,109.0381006390631,34.33511797999102,灞桥区,109.043136,34.333822
B0H1D9P23Q,龙雨轩胡辣汤肉夹馍,餐饮服务;中餐厅;中餐厅,109.04618817473064,34.33995975881973,灞桥区,109.051252,34.338685
B0FFMH4G3B,清真·伊盛楼泡馍(恒大御景店),餐饮服务;中餐厅;清真菜馆,109.02569436944124,34.34229000806716,灞桥区,109.030683,34.340965
B0MGC7FBUV,米村拌饭(砂之船奥特莱斯店),餐饮服务;快餐厅;快餐厅,109.04061175047616,34.34576268647623,灞桥区,109.045657,34.344478
B0LUT73LMM,库迪咖啡(浐灞蔚景温德姆酒店店),餐饮服务;餐饮相关场所;餐饮相关,109.04050571453276,34.36215163477409,灞桥区,109.045552,34.360875
B0LU3C99OQ,爷爷不泡茶NOYEYENOTEA(西安砂之船奥莱店),餐饮服务;冷饮店;冷饮店,109.04132426994524,34.34548613422286,灞桥区,109.046372,34.344203
B0LRUOE7CR,蜜雪冰城(汇悦城店),餐饮服务;冷饮店;冷饮店,109.06280186116464,34.368096998788374,灞桥区,109.067917,34.366868
B0LGXR9265,O2鲜榨果汁(西安砂之船店),餐饮服务;休闲餐饮场所;休闲餐饮场所,109.04227389574812,34.34625552500444,灞桥区,109.047325,34.344975
B0LDPUVMUJ,幸运咖(汇悦城店),餐饮服务;餐饮相关场所;餐饮相关,109.0627839286066,34.36784715794025,灞桥区,109.067899,34.366618
B0LDPCVOHY,渭南蒸饺,餐饮服务;中餐厅;中餐厅,109.064766313317,34.36392317245837,灞桥区,109.069886,34.362695
B0LD9D603W,约多多老潼关肉夹馍(1668新时代广场店),餐饮服务;餐饮相关场所;餐饮相关,109.03293954501582,34.361018102945096,灞桥区,109.037958,34.359722
B0LBG15FK4,晨光烧饼(会展二路店),餐饮服务;餐饮相关场所;餐饮相关,109.02841757884562,34.34244447231095,灞桥区,109.033417,34.341127
B0L6MUWL7U,KUMO KUMO(西安砂之船奥莱店),餐饮服务;糕饼店;糕饼店,109.04225995078583,34.34617759624114,灞桥区,109.047311,34.344897
B0L3CAJDU8,曼玲粥店(1668新时代广场店),餐饮服务;中餐厅;中餐厅,109.03298034693756,34.36152473555384,灞桥区,109.037999,34.360229
B0L2VH86NO,鲜芋仙砂之船店,餐饮服务;甜品店;甜品店,109.04187928453544,34.34604255285329,灞桥区,109.046929,34.344761
B0L2B5JTOR,luckin coffee 瑞幸咖啡(西安砂之船奥特莱斯2f店),餐饮服务;咖啡厅;咖啡厅,109.04021314783787,34.34590056999844,灞桥区,109.045257,34.344615
B0L16HS5R5,库迪咖啡(西安砂之船4F店),餐饮服务;咖啡厅;咖啡厅,109.04147669182188,34.34600751597051,灞桥区,109.046525,34.344725
B0L027OHWJ,野人先生现做冰淇淋(西安砂之船奥莱店),餐饮服务;休闲餐饮场所;休闲餐饮场所,109.04013145798204,34.34566088472224,灞桥区,109.045175,34.344375
B0KU55DHYD,邢老三肉丸糊辣汤(汇悦城店),餐饮服务;中餐厅;中餐厅,109.06256157520173,34.36694598007929,灞桥区,109.067676,34.365716
B0KU3693UO,碧桂园满口酥肉夹馍凉皮,餐饮服务;中餐厅;中餐厅,109.05813775501645,34.33964418184565,灞桥区,109.063238,34.338393
B0KRXR86RC,如院Ru Yuan,餐饮服务;中餐厅;火锅店,109.0256111956364,34.33649906855072,灞桥区,109.030599,34.335171
B0KR6UNOVG,陆东包子铺(1668时代广场店),餐饮服务;餐饮相关场所;餐饮相关,109.0327112984725,34.36233101909151,灞桥区,109.037729,34.361035
B0KKRZQTYD,小竹签烤肉(港丰路店),餐饮服务;中餐厅;中餐厅,109.02534042148277,34.36996888846288,灞桥区,109.03033,34.368657
B0KKOPOJ7Y,醉蒙羊·酸菜铜锅涮肉(浐灞会展店),餐饮服务;中餐厅;火锅店,109.0458892209748,34.33932272997113,灞桥区,109.050952,34.338047
B0KKCROJDS,德盛楼泡馍烧烤(1668新时代广场店),餐饮服务;餐饮相关场所;餐饮相关,109.03286181480485,34.36130915500758,灞桥区,109.03788,34.360013
B0KK0MBL5R,柠季·手打柠檬茶(西安砂之船奥莱店),餐饮服务;冷饮店;冷饮店,109.04087881420485,34.345709077988424,灞桥区,109.045925,34.344425
B0K6M7HMBH,霸王茶姬(西安砂之船奥莱店),餐饮服务;冷饮店;冷饮店,109.04159531194875,34.34560643597405,灞桥区,109.046644,34.344324
B0K3JM6IEM,肉多鲜澄城水盆羊肉(港务区店),餐饮服务;快餐厅;快餐厅,109.03309683146333,34.3623909854344,灞桥区,109.038116,34.361096
B0K2ZZ68CY,陆东包子铺(振业泊岸店),餐饮服务;餐饮相关场所;餐饮相关,109.0458672855776,34.33941873157358,灞桥区,109.05093,34.338143
B0K2498562,库迪咖啡(国际港务区A2地铁口店),餐饮服务;咖啡厅;咖啡厅,109.0330878823971,34.36219211150481,灞桥区,109.038107,34.360897
B0K1B9TO1O,蜜雪冰城(华南城1668新时代广场店),餐饮服务;冷饮店;冷饮店,109.03309884893729,34.362098131619135,灞桥区,109.038118,34.360803
B0K14ZTAFU,渔兔情川味轩,餐饮服务;中餐厅;中餐厅,109.06231832500065,34.365504118427594,灞桥区,109.067432,34.364273
B0K07692EW,霸舌生滚牛肉米粉(港务区地铁站A2口店),餐饮服务;餐饮相关场所;餐饮相关,109.03312971291804,34.362321935810655,灞桥区,109.038149,34.361027
B0JR3YCFZY,茶百道(西安灞桥砂之船店),餐饮服务;餐饮相关场所;餐饮相关,109.04144979882808,34.34585665426595,灞桥区,109.046498,34.344574
B0JK2YUNPM,辣帮现炒黄牛肉(砂之船店),餐饮服务;中餐厅;湖南菜(湘菜),109.04002583833946,34.34559517067516,灞桥区,109.045069,34.344309
B0JDNZFFNX,紫燕百味鸡(西安会展二路店),餐饮服务;餐饮相关场所;餐饮相关,109.02887972311244,34.34298595577943,灞桥区,109.033881,34.34167
B0JACLR6V4,川府平价川菜,餐饮服务;中餐厅;中餐厅,109.05763415703568,34.33967105968938,灞桥区,109.062733,34.338419
B0J3F50UHP,沪上阿姨·精选茶饮(西安砂之船奥莱店),餐饮服务;餐饮相关场所;餐饮相关,109.04103430712236,34.345249937050674,灞桥区,109.046081,34.343966
B0J1KHAC3X,库迪咖啡(浐灞自贸中心店),餐饮服务;咖啡厅;咖啡厅,109.0333868591696,34.34927690930889,灞桥区,109.038406,34.347976
B0J1GZ7EWP,奈雪的茶(西安砂之船奥莱店),餐饮服务;冷饮店;冷饮店,109.04181550331698,34.346080683390696,灞桥区,109.046865,34.344799
B0J0GZJ353,陆东包子铺(汇悦城店),餐饮服务;餐饮相关场所;餐饮相关,109.06307016010324,34.36831446492528,灞桥区,109.068186,34.367086
B0IKVCHE99,沙县小吃(1668时代广场店),餐饮服务;中餐厅;特色/地方风味餐厅,109.03232582270856,34.36165437504649,灞桥区,109.037342,34.360357
B0IGBHMTE5,西安浐灞华邑酒店-彩丰楼中餐厅,餐饮服务;中餐厅;中餐厅,109.03731656953656,34.345801680437894,灞桥区,109.04235,34.344509
B0I3O52S41,品之羊·澄城水盆羊肉(振业泊岸店),餐饮服务;中餐厅;中餐厅,109.04596594571532,34.339560444201545,灞桥区,109.051029,34.338285
B0I07HOH2X,老米家泡馍(碧桂园香湖湾一号店),餐饮服务;快餐厅;快餐厅,109.05770895160542,34.33962594878653,灞桥区,109.062808,34.338374
B0HUOCFM3K,老台门汤包(振业泊岸店),餐饮服务;餐饮相关场所;餐饮相关,109.04661569131096,34.34079641091105,灞桥区,109.051681,34.339523
B0HANUN1A5,铁蛋鸡汤刀削面(振业泊岸店),餐饮服务;快餐厅;快餐厅,109.04612439323456,34.339874940802645,灞桥区,109.051188,34.3386
B0GK7HYX2Q,DQ·蛋糕·冰淇淋(西安砂之船奥特莱斯店),餐饮服务;冷饮店;冷饮店,109.041740777604,34.34591893905045,灞桥区,109.04679,34.344637
B0GDDOZKUO,西树泡芙(砂之船西安奥莱店),餐饮服务;餐饮相关场所;餐饮相关,109.04167599625178,34.34600304937786,灞桥区,109.046725,34.344721
B0G3VBB2K7,池奈·日式咖喱蛋包饭,餐饮服务;外国餐厅;日本料理,109.04079806862798,34.346055097911744,灞桥区,109.045844,34.344771
B0G2VULX84,肯德基(砂之船店),餐饮服务;餐饮相关场所;餐饮相关,109.0397995518739,34.346649190739974,灞桥区,109.044842,34.345363
B0G2K1VTAT,茶话弄(砂之船奥莱一店),餐饮服务;冷饮店;冷饮店,109.04128239183102,34.34577409015166,灞桥区,109.04633,34.344491
B0G1HUL0ZL,老米家泡馍(振业泊岸店),餐饮服务;中餐厅;清真菜馆,109.04616525447804,34.33991483127179,灞桥区,109.051229,34.33864
B0G0OZU666,张亮麻辣烫(振业泊岸店),餐饮服务;餐饮相关场所;餐饮相关,109.04600282026388,34.33959634521801,灞桥区,109.051066,34.338321
B0FFM19BPO,池田寿司·新鲜现做(砂之船奥莱店),餐饮服务;外国餐厅;日本料理,109.04167699303318,34.34600004852727,灞桥区,109.046726,34.344718
B0FFLFW4C6,必胜客(砂之船,餐饮服务;快餐厅;必胜客,109.03957746356144,34.34524642291648,灞桥区,109.044619,34.343959
B0FFL8JSCC,百味居(浐灞店),餐饮服务;中餐厅;综合酒楼,109.02724207320844,34.34401489776287,灞桥区,109.032237,34.342695
B0FFL57HMW,江油肥肠(恒大御景店),餐饮服务;中餐厅;中餐厅,109.0294147274082,34.34191404307579,灞桥区,109.034418,34.340599
B0FFKNXDDH,有才叔的小馆(世园会香湖湾店),餐饮服务;中餐厅;中餐厅,109.0489947843264,34.33144483960342,灞桥区,109.054067,34.330172
B0FFJ4VT0Q,哈根达斯(西安砂之船店),餐饮服务;冷饮店;冷饮店,109.04022714330708,34.34537679648742,灞桥区,109.045271,34.344091
B0FFIWEAPF,小六汤包(砂之船奥莱店),餐饮服务;中餐厅;西北菜,109.04038952684536,34.345862167218485,灞桥区,109.045434,34.344577
B0MB2Z07B2,波比艾斯(砂之船西安奥莱店),餐饮服务;冷饮店;冷饮店,109.04092961078952,34.34599681453199,灞桥区,109.045976,34.344713
B0KA9ZJ64R,毛大碗西府削筋面(汇悦城店),餐饮服务;中餐厅;中餐厅,109.06322078637984,34.368226276829944,灞桥区,109.068337,34.366998
B0KA7B0J5U,乡村小毛驴河间驴肉火烧,餐饮服务;快餐厅;快餐厅,109.03227597332123,34.3621132683928,灞桥区,109.037292,34.360816
B0K3LL3IYF,榆小皮凉皮肉夹馍,餐饮服务;快餐厅;快餐厅,109.03307295032975,34.36205921896296,灞桥区,109.038092,34.360764
B0JGSLFSES,锅圈食汇火锅烧烤食材超市(汇悦城店),餐饮服务;餐饮相关场所;餐饮相关,109.06485508471924,34.36405297310709,灞桥区,109.069975,34.362825
B0JA9UHV6O,香探花擀面皮肉夹馍(恒大御景店),餐饮服务;中餐厅;中餐厅,109.02618439047492,34.342589506532185,灞桥区,109.031175,34.341266
B0J3RH1LOB,好客士24小时便利店(和悦路店),餐饮服务;餐饮相关场所;餐饮相关,109.03050421430964,34.36863554572571,灞桥区,109.035514,34.367337
B0J3HSQT2M,膳当家黄焖鸡(振业泊岸店),餐饮服务;中餐厅;中餐厅,109.045639902139,34.3410434397707,灞桥区,109.050702,34.339768
B0M61SGXQG,赵天琦米线公司(汇悦城店),餐饮服务;中餐厅;中式素菜馆,109.06296451836484,34.36727817294155,灞桥区,109.06808,34.366049
B0LR75I7R0,曼玲粥店(汇悦城店),餐饮服务;中餐厅;中餐厅,109.06282982275228,34.36771915296891,灞桥区,109.067945,34.36649
B0L1D9VLL7,叶氏鼎顶香冒菜香锅(国际港务区店),餐饮服务;中餐厅;中餐厅,109.03295447360858,34.361190975000405,灞桥区,109.037973,34.359895
B0KK71M6AQ,重庆纸包鱼(恒大御景西区店),餐饮服务;中餐厅;四川菜(川菜),109.02548720393447,34.34220962157933,灞桥区,109.030475,34.340884
B0LUVUD98C,S-pizza披萨速递(恒大奥莱店),餐饮服务;快餐厅;快餐厅,109.0279793233419,34.342172795618495,灞桥区,109.032977,34.340854
B0MGK5KT30,强娃关中手擀面,餐饮服务;中餐厅;中餐厅,109.03214853068069,34.36128003233734,灞桥区,109.037164,34.359982
B0LRX6X4AB,老孙家饭庄世博园店,餐饮服务;中餐厅;西北菜,109.04908455836356,34.33074498585802,灞桥区,109.054157,34.329472
B0LG7SV1T9,饺小吉·现包鲜饺(未来城市店),餐饮服务;快餐厅;快餐厅,109.0254390211704,34.37003657922657,灞桥区,109.030429,34.368725
B0L3M5K4GN,蜜雪冰城(会展中心御景西区店),餐饮服务;冷饮店;冷饮店,109.02813460767686,34.34340376691299,灞桥区,109.033133,34.342086
B0L27CK3T2,阿香米线(西安砂之船奥特莱斯餐厅),餐饮服务;餐饮相关场所;餐饮相关,109.04013144941636,34.34576083511923,灞桥区,109.045175,34.344475
B0KGGL8EXN,你好签签市井火锅串串(港务区华润未来城店),餐饮服务;餐饮相关场所;餐饮相关,109.02552257895027,34.37130167997691,灞桥区,109.030513,34.369991
B0K2V5BLER,曹氏鸭脖(华南城五金机电B区店),餐饮服务;餐饮相关场所;餐饮相关,109.03173117552574,34.36069642881971,灞桥区,109.036745,34.359397
B0K2AHZFSK,味子夫鸡柳(砂之船奥莱店),餐饮服务;餐饮相关场所;餐饮相关,109.04023107488004,34.346010472480295,灞桥区,109.045275,34.344725
B0J06SLVLH,老潼关肉夹馍(汇悦城店),餐饮服务;餐饮相关场所;餐饮相关,109.062616417274,34.367147787916245,灞桥区,109.067731,34.365918
B0J05CXOB4,子固路老南昌拌粉(西安砂之船奥莱店),餐饮服务;中餐厅;中餐厅,109.0406127515874,34.345708710890925,灞桥区,109.045658,34.344424
B0J02YJFMU,老孙家牛羊肉泡馍烧烤,餐饮服务;中餐厅;清真菜馆,109.0626363552424,34.36727469005457,灞桥区,109.067751,34.366045
B0IG0Z6M4N,迈德思客(西安中南樾府店),餐饮服务;快餐厅;快餐厅,109.06165476654336,34.33414391403929,灞桥区,109.066764,34.332896
B0HASL9GNW,邢老三肉丸胡辣汤·腊牛肉夹馍(振业泊岸店),餐饮服务;中餐厅;中餐厅,109.04628084939516,34.34017744838412,灞桥区,109.051345,34.338903
B0FFKTT2BG,阿甘锅盔( 西安灞桥区砂之船奥特莱斯店),餐饮服务;餐饮相关场所;餐饮相关,109.04152652627556,34.345907448343354,灞桥区,109.046575,34.344625
B0M6AHZM03,霸碗盖码饭(港务大道地铁站店),餐饮服务;中餐厅;中餐厅,109.06286169985718,34.36819885148305,灞桥区,109.067977,34.36697
B0M69DB8Y5,砂锅杨,餐饮服务;中餐厅;中餐厅,109.06276004539066,34.36720453202803,灞桥区,109.067875,34.365975
B0K1TUQYB8,正新鸡排(汇悦城店),餐饮服务;餐饮相关场所;餐饮相关,109.06251371633208,34.366733167018886,灞桥区,109.067628,34.365503
B0IKPAYC6O,铁蛋刀削面(瑞斯丽悦庭店),餐饮服务;快餐厅;快餐厅,109.06584191180056,34.373063797646694,灞桥区,109.070965,34.371842
B0HB4C9STT,兄弟大灶台(香湖湾一路店),餐饮服务;中餐厅;中餐厅,109.06099955396776,34.333338370700844,灞桥区,109.066107,34.332089
B0J1FC9GN0,一粉一城新疆炒米粉(华南城奥特莱斯店),餐饮服务;中餐厅;中餐厅,109.03907007287636,34.35925758164509,灞桥区,109.044111,34.357976
B0MBX5YPOL,宁夏阿茸答炒肉片(1668广场店),餐饮服务;中餐厅;清真菜馆,109.0332293378362,34.36230068841748,灞桥区,109.038249,34.361006
B0MA4LVLSW,秦古塬陕菜水盆羊肉(会展中心店),餐饮服务;中餐厅;中餐厅,109.04386940210864,34.33480745901616,灞桥区,109.048925,34.333525
B0LURD4Y34,丝牛记兰州牛肉面,餐饮服务;餐饮相关场所;餐饮相关,109.028448907075,34.36056226223066,灞桥区,109.03345,34.359254
B0LKNSQ789,刘文祥麻辣烫麻辣拌,餐饮服务;中餐厅;特色/地方风味餐厅,109.03290664804636,34.36127105804077,灞桥区,109.037925,34.359975
B0LGHRT872,一是一快餐,餐饮服务;快餐厅;快餐厅,109.06231133846195,34.365556102443826,灞桥区,109.067425,34.364325
B0LGDD8ZZ5,沈记老陕面道,餐饮服务;餐饮相关场所;餐饮相关,109.0275893860576,34.347711113233544,灞桥区,109.032586,34.346394
B0LGACLLZO,欢渝重庆火锅(烟柳驿),餐饮服务;中餐厅;火锅店,109.02527798115224,34.33118455406837,未央区,109.030264,34.329853
B0LBOR9MCT,王大锤凉皮小锅米线店,餐饮服务;快餐厅;快餐厅,109.02538214830372,34.37121211676294,灞桥区,109.030372,34.369901
B0LAORS2Y3,熹佰悦宴会中心(西安世博大道维也纳国际酒店店),餐饮服务;餐饮相关场所;餐饮相关,109.0472360013982,34.3368050088709,灞桥区,109.052303,34.335531
B0LAHLH9ZC,王木东土豆粉(1688时代广场店),餐饮服务;餐饮相关场所;餐饮相关,109.03292260972644,34.36101215004517,灞桥区,109.037941,34.359716
B0LA5UOHTI,哈萨克斯坦七个泥炉中亚餐厅,餐饮服务;餐饮相关场所;餐饮相关,109.02552622083697,34.340183508089254,灞桥区,109.030514,34.338857
B0L6B7PLI7,丰鲜骨汤泡,餐饮服务;中餐厅;中餐厅,109.02558145434912,34.37000520091499,灞桥区,109.030572,34.368694
B0L32G385T,白水包子(和泰路店),餐饮服务;中餐厅;中餐厅,109.05531707528536,34.35927346341518,灞桥区,109.060411,34.358027
B0L2LZOCZY,姜元元鲜肉盐筋烧烤(自贸店),餐饮服务;中餐厅;特色/地方风味餐厅,109.0345106110858,34.34956487326056,灞桥区,109.039534,34.348267
B0L179965C,魏山川老式砂锅·菠菜面,餐饮服务;中餐厅;中餐厅,109.0304893136632,34.36814784131949,灞桥区,109.035499,34.366849
B0L0NCSJPH,渝妹老火锅(华南城店),餐饮服务;中餐厅;火锅店,109.02601753046716,34.36044597316271,灞桥区,109.031009,34.359131
B0L0FS1LUB,润山烧烤·土菜馆,餐饮服务;外国餐厅;外国餐厅,109.06742341572964,34.37043895747377,灞桥区,109.07255,34.369218
B0KRJAA2ZF,王军良烤肉酒场(后海店),餐饮服务;中餐厅;中餐厅,109.03986300555268,34.327112526693135,灞桥区,109.044904,34.325817
B0KKTHO2XH,韩老二肉丸胡辣汤(1668新时代广场A区南区店),餐饮服务;中餐厅;中餐厅,109.03290665231474,34.361221083806434,灞桥区,109.037925,34.359925
B0KK25BSSP,晶品海鲜酒楼,餐饮服务;餐饮相关场所;餐饮相关,109.04001432731796,34.363634042972734,灞桥区,109.045059,34.362357
B0KG47GSDM,知了烤肉,餐饮服务;中餐厅;中餐厅,109.03850970747962,34.32876502437576,灞桥区,109.043546,34.327467
B0KDNHNUV5,粤芝花粤菜融合菜,餐饮服务;中餐厅;中餐厅,109.0446416799976,34.336037113981746,灞桥区,109.0497,34.334757
B0KDALEQXX,甘肃天水麻辣烫(会展二路店),餐饮服务;中餐厅;中餐厅,109.02872039578692,34.342406671521466,灞桥区,109.033721,34.34109
B0KB75KH89,秦东顺镇巴土菜馆,餐饮服务;中餐厅;中餐厅,109.02824044077246,34.36388810783225,灞桥区,109.033241,34.362581
B0K645QMJ9,大客河景餐厅,餐饮服务;中餐厅;广东菜(粤菜),109.03177832095292,34.333535837785135,灞桥区,109.03679,34.332223
B0K24CCXLB,重庆川菜馆(1668新时代广场店),餐饮服务;中餐厅;四川菜(川菜),109.03293051463343,34.36177173755656,灞桥区,109.037949,34.360476
B0K23RYZFF,少野家锅锅米线(1668新时代广场店),餐饮服务;餐饮相关场所;餐饮相关,109.03310481435707,34.362238043806755,灞桥区,109.038124,34.360943
B0K1XSZ2VK,米家现炒自选快餐,餐饮服务;快餐厅;快餐厅,109.03213160262786,34.361194121004,灞桥区,109.037147,34.359896
B0K119U977,世园居葫芦头泡馍,餐饮服务;快餐厅;快餐厅,109.05546760599384,34.336549527076905,灞桥区,109.06056,34.335292
B0JUPC5LBQ,聚茶缘茶叶馆,餐饮服务;茶艺馆;茶艺馆,109.0450350335183,34.36297972603061,灞桥区,109.050097,34.361714
B0JKPZTI8S,伍大旺市井串串(1668新时代广场A区南区店),餐饮服务;中餐厅;中餐厅,109.03242548168828,34.36120534623056,灞桥区,109.037442,34.359908
B0JKPO1IBO,江屿茶舍,餐饮服务;茶艺馆;茶艺馆,109.03016150535876,34.33398590415676,灞桥区,109.035167,34.332669
B0JKJHII8D,汉熙山朝鲜族炭火烤肉大排档(砂之船奥莱店),餐饮服务;外国餐厅;韩国料理,109.04117177591232,34.34581633057887,灞桥区,109.046219,34.344533
B0JK79RB70,刘锅锅重庆小火锅(汇悦城店),餐饮服务;中餐厅;火锅店,109.06297147921644,34.367525032812374,灞桥区,109.068087,34.366296
B0JK17JHSP,溢香居酒楼(宴会中心),餐饮服务;中餐厅;综合酒楼,109.05234183081464,34.33738813155517,灞桥区,109.057425,34.336125
B0JGCCJ9ZI,虎娃大碗面(1668新时代广场A区南区店),餐饮服务;中餐厅;中餐厅,109.03217044639952,34.36128797082998,灞桥区,109.037186,34.35999
B0JBMYZ10Z,西安浐灞喜来登酒店·食光全日餐厅(西安浐灞生态区自贸中心店),餐饮服务;外国餐厅;日本料理,109.03438315345171,34.34880258129105,灞桥区,109.039406,34.347504
B0JBA1GJ0N,悦厨-中餐厅·淮扬菜(西安浐灞生态区自贸中心店),餐饮服务;餐饮相关场所;餐饮相关,109.03409126116811,34.348646408307275,灞桥区,109.039113,34.347347
B0JAR173OH,二郎岗重庆火锅(砂之船奥莱店),餐饮服务;中餐厅;火锅店,109.04032873756915,34.3459122876089,灞桥区,109.045373,34.344627
B0J11Z7JR2,京河澜牛肉面(汇悦城店),餐饮服务;中餐厅;清真菜馆,109.06421728397572,34.36831770215542,灞桥区,109.069336,34.367091
B0J0A5C08O,千人仟冒·成都冒菜·自选火锅(国际港务区锦邻里店),餐饮服务;餐饮相关场所;餐饮相关,109.06273411720152,34.3671396067722,灞桥区,109.067849,34.36591
B0IGLH4M4Z,秦东时辰包子(恒大御景东区店),餐饮服务;餐饮相关场所;餐饮相关,109.02932401604536,34.34267091427633,灞桥区,109.034327,34.341356
B0I0U75YHA,健牛手擀面(振业泊岸店),餐饮服务;中餐厅;中餐厅,109.04599683348786,34.33967332079251,灞桥区,109.05106,34.338398
B0I0LZBU6E,西安浐灞假日酒店·嗨碗全日餐厅,餐饮服务;中餐厅;中餐厅,109.03721889782678,34.346127760836204,灞桥区,109.042252,34.344835
B0HA67DFBV,满锦香(世园大公馆店),餐饮服务;中餐厅;中餐厅,109.06376976153815,34.32961075955639,灞桥区,109.068884,34.328364
B0H2ODESRA,鼎香川渝人家(和顺路店),餐饮服务;中餐厅;中餐厅,109.03958485978,34.36358610158465,灞桥区,109.044628,34.362308
B0GROX72ZS,乐亿家(中南樾府店),购物服务;便民商店/便利店;便民商店/便利店|餐饮服务;餐饮相关场所;餐饮相关,109.06053779755185,34.333102247867146,灞桥区,109.065644,34.331852
B0GKKMXNYN,周黑鸭(西安砂之船奥莱店),餐饮服务;餐饮相关场所;餐饮相关,109.04165606749028,34.34598310610742,灞桥区,109.046705,34.344701
B0G3UX5585,嘉森私房菜,餐饮服务;中餐厅;四川菜(川菜),109.0522590961358,34.33723536994508,灞桥区,109.057342,34.335972
B0G3C55RYT,幺妹儿烤肉精酿鲜啤(振业泊岸店),餐饮服务;中餐厅;中餐厅,109.0452232925386,34.34105935972288,灞桥区,109.050284,34.339783
B0G3AZDATG,秦辉食府私房菜,餐饮服务;中餐厅;中餐厅,109.02740940317705,34.34411938867312,灞桥区,109.032405,34.3428
B0G2MX1JKB,竹签烤肉纸包鱼盱眙龙虾(振业泊岸店),餐饮服务;中餐厅;中餐厅,109.04641039768,34.34045302890078,灞桥区,109.051475,34.339179
B0G2CG7K4W,好吃客小吃臭豆腐烤冷面烧烤(恒大御景西区店),餐饮服务;餐饮相关场所;餐饮相关,109.02832991851754,34.342493685665744,灞桥区,109.033329,34.341176
B0FFM0TUPM,永盛楼泡馍(清真湾流店),餐饮服务;快餐厅;快餐厅,109.02802966018136,34.3476169613353,灞桥区,109.033028,34.346301
B0FFKS8WU7,陈家东北烧烤铁锅炖,餐饮服务;中餐厅;特色/地方风味餐厅,109.02669235158577,34.342827990718554,灞桥区,109.031685,34.341506
B0FFJDK9S6,老成都川菜(恒大御景东区店),餐饮服务;中餐厅;四川菜(川菜),109.0295272382933,34.34251244645061,灞桥区,109.034531,34.341198
B0FFHPJT7B,灞柳驿酒店·唐风中餐厅,餐饮服务;中餐厅;广东菜(粤菜),109.04890456457534,34.325742741579134,灞桥区,109.053976,34.324467
B0MGXRY7YN,刘记驴肉火烧,餐饮服务;中餐厅;特色/地方风味餐厅,109.03273221143486,34.362419918625164,灞桥区,109.03775,34.361124
B0MGV7ERDW,夏日冰遇冷饮批发,餐饮服务;冷饮店;冷饮店,109.0261628782774,34.32615549720309,未央区,109.031152,34.324824
B0MG17TO2P,泉泉雪糕批发店,餐饮服务;餐饮相关场所;餐饮相关,109.06254368696162,34.36618740471555,灞桥区,109.067658,34.364957
B0MAGDYKVR,鄢记四川卤味店,餐饮服务;餐饮相关场所;餐饮相关,109.08375994673752,34.3559618406507,灞桥区,109.088916,34.35475
B0M6XCSH9A,营养烧菜,餐饮服务;中餐厅;中餐厅,109.04636057544644,34.34029921360172,灞桥区,109.051425,34.339025
B0M6LU6LN5,罗酥铺糕点店,餐饮服务;糕饼店;糕饼店,109.02645177181611,34.32565993524045,未央区,109.031442,34.324329
B0M6FHYURR,食尚秦味大碗面(华南城店),餐饮服务;餐饮相关场所;餐饮相关,109.0391338744128,34.35890660681663,灞桥区,109.044175,34.357625
B0FFGFQK3O,川人王鱼庄(吕家堡路店),餐饮服务;中餐厅;海鲜酒楼,109.09617279101124,34.33848291511648,灞桥区,109.101341,34.337267
B0FFFA9G34,特别特牛羊肉泡馍小炒,餐饮服务;中餐厅;清真菜馆,109.09646134313506,34.36393307861841,灞桥区,109.101632,34.36273
B0FFFA8ZEL,窑村黄家猪蹄,餐饮服务;中餐厅;中餐厅,109.132873978907,34.3468315492778,临潼区,109.138038,34.345596
B0K12SBEOX,酒城川味轩,餐饮服务;中餐厅;四川菜(川菜),109.1383923298727,34.34975266636269,临潼区,109.143551,34.348511
B0FFL5E3SD,嘿咥火锅酸菜鱼大排档,餐饮服务;中餐厅;火锅店,109.13369242547218,34.327633953653056,临潼区,109.138854,34.326388
B0LGS53548,三里镇泡馍小炒烤肉(三里村店),餐饮服务;餐饮相关场所;餐饮相关,109.09633908284808,34.36795698968303,灞桥区,109.10151,34.366756
B0KDTUF4GC,秦塬食府(豁口旗舰店),餐饮服务;餐饮相关场所;餐饮相关,109.10430108013097,34.329587862411735,灞桥区,109.109473,34.328367
B0K2XA9WE9,富盛祥泡馍烧烤,餐饮服务;中餐厅;清真菜馆,109.11314034568636,34.3601825766933,临潼区,109.118316,34.358973
B0I234Y73Y,鹏鑫熟食批发零售,餐饮服务;餐饮相关场所;餐饮相关,109.1106316959976,34.332311012731736,灞桥区,109.115805,34.331089
B0HR4114RL,河南手工烩面,餐饮服务;快餐厅;快餐厅,109.09568485301166,34.35354448319515,灞桥区,109.100854,34.352336
B0HAKDHXZE,王奇纯碱手工馍,餐饮服务;餐饮相关场所;餐饮相关,109.09583523603727,34.35923356585231,灞桥区,109.101005,34.358028
B0H23KRO1S,山西手工碱面馍,餐饮服务;餐饮相关场所;餐饮相关,109.111368856066,34.33043330434099,灞桥区,109.116542,34.32921
B0GKU7JSWN,伊祥斋泡馍馆,餐饮服务;中餐厅;清真菜馆,109.13398269578975,34.32771629891676,临潼区,109.139144,34.32647
B0FFH4T0UE,特色老干妈炒饭,餐饮服务;快餐厅;快餐厅,109.13497558640545,34.32863619434734,临潼区,109.140136,34.327389
B0FFG07UIR,姐妹面庄(窑村路店),餐饮服务;中餐厅;中餐厅,109.11907524702842,34.36582299158866,临潼区,109.12425,34.364612
B0LUFC4JDP,八戒葫芦头梆梆肉猪蹄坊,餐饮服务;中餐厅;中餐厅,109.0977127732934,34.348759742667376,灞桥区,109.102883,34.347549
B0K2XY7SB7,湘味人家,餐饮服务;中餐厅;湖南菜(湘菜),109.11263029430611,34.360275219517995,临潼区,109.117806,34.359066
B0K0LXW6XK,福满香千层碱馍店,餐饮服务;餐饮相关场所;餐饮相关,109.13275043472112,34.3288951235152,临潼区,109.137913,34.327651
B0FFKZDZKC,老潼关肉夹馍,餐饮服务;中餐厅;中餐厅,109.13392154967832,34.328715742786024,临潼区,109.139083,34.32747
B0FFG76JM4,老马家泡馍烧烤,餐饮服务;中餐厅;清真菜馆,109.13392654984004,34.328768724206746,临潼区,109.139088,34.327523
B0FFGG0N6L,三秦手工面庄,餐饮服务;中餐厅;中餐厅,109.10356738129371,34.329160889712504,灞桥区,109.108739,34.32794
B0G30PIVH3,赣义私房菜馆,餐饮服务;中餐厅;中餐厅,109.14014222384252,34.350745736660485,临潼区,109.145299,34.349502
B0FFL80RM8,大飞炒面烩菜,餐饮服务;中餐厅;中餐厅,109.14073789815848,34.35098350861804,临潼区,109.145894,34.349739
B0IGXMKP50,王师傅裤带面(东城大道店),餐饮服务;餐饮相关场所;餐饮相关,109.11707021289524,34.33595040308932,灞桥区,109.122243,34.334726
B0FFG7LCDU,兰亭阁泡馍,餐饮服务;中餐厅;清真菜馆,109.09648924362284,34.36482961029908,灞桥区,109.10166,34.363627
B0LR1UT2W8,醉月轩私房菜馆,餐饮服务;中餐厅;中餐厅,109.09651059928082,34.3491706031396,灞桥区,109.10168,34.34796
B0L0SDJQC0,张姐大碗手擀面,餐饮服务;餐饮相关场所;餐饮相关,109.09567535294148,34.34792131125699,灞桥区,109.100844,34.34671
B0K1SRAYYQ,兰州牛肉面,餐饮服务;中餐厅;清真菜馆,109.11051336591734,34.347528503823334,临潼区,109.115688,34.346314
B0HUVS22K7,老王家高汤羊杂(原灞桥集老店),餐饮服务;中餐厅;中餐厅,109.1026388638137,34.32791629147207,灞桥区,109.10781,34.326695
B0GRUO8SUH,鹅庄园铁锅炖,餐饮服务;中餐厅;中餐厅,109.09618635732568,34.35473882411634,灞桥区,109.101356,34.353531
B0FFM8I60V,董家猪蹄坊(窑村总店),餐饮服务;中餐厅;中餐厅,109.1066722014154,34.354860145859874,临潼区,109.111847,34.353651
B0FFFA91UN,永信楼泡馍烧烤,餐饮服务;中餐厅;清真菜馆,109.1212196281228,34.337460173561816,灞桥区,109.126391,34.336233
B0LD4NI2DJ,穆盛轩,餐饮服务;中餐厅;中餐厅,109.11015178873396,34.331447183490944,灞桥区,109.115325,34.330225
B0KRM1YWHF,小杨农家面庄,餐饮服务;中餐厅;中餐厅,109.09619230289836,34.343888259437406,灞桥区,109.101361,34.342675
B0K1DRCJKN,西安市临潼区莱雨瑞职工餐厅,餐饮服务;中餐厅;中餐厅,109.10674272493296,34.34871127033266,临潼区,109.111917,34.347499
B0JKLH2GR3,晓峰擀面皮(洪庆堡路店),餐饮服务;中餐厅;中餐厅,109.1345091173299,34.32873551761942,临潼区,109.13967,34.327489
B0I0G7GBIP,中国兰州牛肉面(仁斜路店),餐饮服务;中餐厅;中餐厅,109.1350006115711,34.32863322969778,临潼区,109.140161,34.327386
B0I04UWN3H,斜口王记正宗荞面饸饹,餐饮服务;中餐厅;中餐厅,109.14234885482236,34.32780529209376,临潼区,109.147501,34.326547
B0FFIMXYKW,临潼服务区开元美食,餐饮服务;餐饮相关场所;餐饮相关,109.13988767477645,34.34222959529571,临潼区,109.145044,34.340982
B0IUKZGUAR,河南烩面,餐饮服务;中餐厅;中餐厅,109.12455215896608,34.34033702755776,灞桥区,109.129722,34.339108
B0K657HJJ7,70年代土灶台铁锅炖(南陈村店),餐饮服务;中餐厅;中餐厅,109.09526587861424,34.35710072837622,灞桥区,109.100435,34.355894
B0K1ZMXNZE,赵家面馆,餐饮服务;中餐厅;中餐厅,109.10265885582588,34.32791029802477,灞桥区,109.10783,34.326689
B0HR1ACQ5V,老米家泡馍(邵平店),餐饮服务;中餐厅;清真菜馆,109.12038428794683,34.33708959809776,灞桥区,109.125556,34.335863
B0FFL1X0IN,新艺面馆,餐饮服务;中餐厅;中餐厅,109.12610804753446,34.341495110351666,灞桥区,109.131277,34.340265
B0LD2UHNZJ,麦嘉老面馒头,餐饮服务;餐饮相关场所;餐饮相关,109.11089974105931,34.331743425139415,灞桥区,109.116073,34.330521
B0L6O78TVK,杨凌蘸水面,餐饮服务;中餐厅;中餐厅,109.11541883259387,34.335726295278754,灞桥区,109.120592,34.334503
B0KA7S24JX,李记家常面馆,餐饮服务;中餐厅;中餐厅,109.10625947856076,34.32995526863355,灞桥区,109.111432,34.328734
B0JUTG0BZ4,老碗葫芦头,餐饮服务;中餐厅;中餐厅,109.102349179608,34.3257442682068,灞桥区,109.10752,34.324522
B0GD1RMX4X,灞桥人家,餐饮服务;餐饮相关场所;餐饮相关,109.10389824149856,34.329359871533306,灞桥区,109.10907,34.328139
B0K2AAYCPG,60年代土灶台(西安灞桥旗舰店),餐饮服务;餐饮相关场所;餐饮相关,109.09976740489384,34.326747491749806,灞桥区,109.104937,34.325526
B0HKPDAY7A,老米家泡馍烧烤(西韩公路店),餐饮服务;中餐厅;中餐厅,109.09616482590344,34.3381540761781,灞桥区,109.101333,34.336938
B0M6LR7KM2,大碗荞面饸饹,餐饮服务;中餐厅;中餐厅,109.09617289354703,34.337310486003894,灞桥区,109.101341,34.336094
B0KBO5A8LW,老潼关肉夹馍(秦唐大道店),餐饮服务;快餐厅;快餐厅,109.13502494171712,34.34799782226495,临潼区,109.140187,34.34676
B0JUODDY8H,洋洸横山羊肉东郊店(陕北羊肉 杂粮特产 炖羊肉 羊肉面),餐饮服务;快餐厅;快餐厅,109.11061178157384,34.331339468362174,灞桥区,109.115785,34.330117
B0H3274UT1,横山羊肉陕西特产(名羊九州东郊店),餐饮服务;中餐厅;中餐厅,109.11043977414614,34.331481312183335,灞桥区,109.115613,34.330259
B0L1365U38,盛丰塬面馆(饺子馆),餐饮服务;中餐厅;特色/地方风味餐厅,109.09643454116936,34.33906460753488,灞桥区,109.101603,34.337849
B0JK3DGQKR,陕南茗茶,餐饮服务;茶艺馆;茶艺馆,109.10968680563909,34.33156589948953,灞桥区,109.11486,34.330344
B0IRJLQ769,伊尔祥饭庄,餐饮服务;中餐厅;清真菜馆,109.09604984841532,34.37316027211341,灞桥区,109.101221,34.371962
B0FFK8TCXH,川人鱼庄,餐饮服务;中餐厅;中餐厅,109.13359022390996,34.3288292508301,临潼区,109.138752,34.327584
B0FFH2ZISY,蓝天餐厅,餐饮服务;中餐厅;中餐厅,109.11906722328482,34.36605986124141,临潼区,109.124242,34.364849
B0L09CCU6Y,成都川菜·石锅鱼(邵平店),餐饮服务;餐饮相关场所;餐饮相关,109.11522780725171,34.335580231997575,灞桥区,109.120401,34.334357
B0KR4OWWG7,吉祥鸡汤刀削面,餐饮服务;中餐厅;中餐厅,109.11592296059652,34.33550676192584,灞桥区,109.121096,34.334283
B0K3RPX2DX,香麦源馒头加工厂,餐饮服务;餐饮相关场所;餐饮相关,109.09608781325088,34.33897568301787,灞桥区,109.101256,34.33776
B0FFFA8ZEZ,鸿运祥泡馍烧烤(东城大道店),餐饮服务;中餐厅;清真菜馆,109.12627314911308,34.341600238600265,灞桥区,109.131442,34.34037
B0I16UW7VS,张望军餐饮店菠菜面家常菜,餐饮服务;中餐厅;中餐厅,109.09772176800932,34.348749747412484,灞桥区,109.102892,34.347539
B0FFG76JQ4,重庆鸡公煲(平峪路店),餐饮服务;中餐厅;四川菜(川菜),109.13316281857048,34.32886967127676,临潼区,109.138325,34.327625
B0HD1A2XWJ,砂锅土豆粉,餐饮服务;中餐厅;中餐厅,109.1348124200915,34.328686949331384,临潼区,109.139973,34.32744
B0FFG1SNJP,罗三刀削面,餐饮服务;中餐厅;中餐厅,109.13473333934635,34.328716828332624,临潼区,109.139894,34.32747
B0H1D7N2ZS,川外川炒菜石锅鱼(西韩公路店),餐饮服务;中餐厅;中餐厅,109.09570546970812,34.357734348840296,灞桥区,109.100875,34.356528
B0LGYS2OZC,娜姐猪脚饭,餐饮服务;中餐厅;中餐厅,109.09681638979438,34.34897567788202,灞桥区,109.101986,34.347765
B0FFFA94S4,伊航泡馍(西韩公路店),餐饮服务;中餐厅;清真菜馆,109.09604381645276,34.33932751560659,灞桥区,109.101212,34.338112
B0L6ZMSEA3,快看中式快餐,餐饮服务;快餐厅;快餐厅,109.10422344738598,34.34853259032304,临潼区,109.109397,34.347321
B0FFKAZ670,海哥卤肉制品店,餐饮服务;餐饮相关场所;餐饮相关,109.09654178291868,34.33538338819207,灞桥区,109.10171,34.334166
B0FFG76JBB,川湘居(西安山莊宾馆店),餐饮服务;中餐厅;海鲜酒楼,109.13401469001292,34.32813414299826,临潼区,109.139176,34.326888
B0MBZUCV6C,库迪咖啡(临潼服务区连云港方向店),餐饮服务;咖啡厅;咖啡厅,109.13998376982003,34.342408649789206,临潼区,109.14514,34.341161
B0LB7LG4L9,遇苋酸奶鲜果茶,餐饮服务;冷饮店;冷饮店,109.13471832506224,34.3287108109419,临潼区,109.139879,34.327464
B0FFG1L1ET,福建千里香馄饨王,餐饮服务;中餐厅;中餐厅,109.13417778968676,34.328794046341635,临潼区,109.139339,34.327548
B0K0BRSAOY,老石家泡馍小炒烧烤,餐饮服务;中餐厅;中餐厅,109.10395154706076,34.348486546285706,临潼区,109.109125,34.347275
B0FFFA9AP0,老屈家正宗腊汁肉夹馍,餐饮服务;餐饮相关场所;餐饮相关,109.09647259033213,34.33817603780111,灞桥区,109.101641,34.33696
B0MBZUCL7F,库迪咖啡(临潼服务区霍连高速霍尔果斯方向店),餐饮服务;餐饮相关场所;餐饮相关,109.13848988488434,34.34464235454924,临潼区,109.143648,34.343398
B0LKBXVA9O,铁锅炖大鹅(于家东路店),餐饮服务;中餐厅;中餐厅,109.0950673953714,34.35306080916089,灞桥区,109.100236,34.351852
B0KA6C077A,川味炒菜石锅鱼,餐饮服务;餐饮相关场所;餐饮相关,109.09603950473684,34.342926749229896,灞桥区,109.101208,34.341713
B0K111ROTE,大众饺子馆,餐饮服务;中餐厅;特色/地方风味餐厅,109.09621929213225,34.343775312694795,灞桥区,109.101388,34.342562
B0JU7OXXIQ,俊哥家常面馆,餐饮服务;中餐厅;中餐厅,109.095592185908,34.350584987030416,灞桥区,109.100761,34.349375
B0H3SCKD0F,同城裤带面,餐饮服务;快餐厅;快餐厅,109.09567835458488,34.347875333854724,灞桥区,109.100847,34.346664
B0FFLDDBCP,关丽饼店(武警二支队店),餐饮服务;糕饼店;糕饼店,109.09648961342462,34.33776623597663,灞桥区,109.101658,34.33655
B0FFL6AY87,山西刀削面,餐饮服务;餐饮相关场所;餐饮相关,109.09613793097918,34.33718954819339,灞桥区,109.101306,34.335973
B0FFL5E2TU,胖嫂手擀面(凤凰大道店),餐饮服务;中餐厅;中餐厅,109.14438039494388,34.32776048989094,临潼区,109.14953,34.326499
B0FFKYXMVK,诚信楼泡馍,餐饮服务;中餐厅;清真菜馆,109.14376460504316,34.32786946580445,临潼区,109.148915,34.326609
B0FFIWXF8M,周记川味卤菜馆,餐饮服务;餐饮相关场所;餐饮相关,109.0955404519786,34.359437495876065,灞桥区,109.10071,34.358232
B0FFIJUCTY,仁义家泡馍,餐饮服务;中餐厅;清真菜馆,109.09599872502824,34.36360929009251,灞桥区,109.101169,34.362406
B0FFH0EP6O,陈家水饺,餐饮服务;中餐厅;特色/地方风味餐厅,109.1170291558232,34.336471119102775,灞桥区,109.122202,34.335247
B0FFGJQ82I,如意餐厅,餐饮服务;中餐厅;中餐厅,109.11921494223508,34.36989297613481,临潼区,109.12439,34.368684
B0FFGEDERX,正宗山西刀削面,餐饮服务;中餐厅;中餐厅,109.09613962674008,34.36348833860817,灞桥区,109.10131,34.362285
B0FFGDFM5I,家味包子店,餐饮服务;中餐厅;中餐厅,109.0960695958678,34.36445684265525,灞桥区,109.10124,34.363254
B0FFG1ZZNY,河南早点(洪庆堡路店),餐饮服务;中餐厅;中餐厅,109.13483444275909,34.32867698384069,临潼区,109.139995,34.32743
B001D08MLT,飘香餐厅(西韩公路店),餐饮服务;中餐厅;中餐厅,109.09601165325584,34.3643139228666,灞桥区,109.101182,34.363111
B0LRR7KVYN,吉祥馄饨(西安临潼服务区北区店),餐饮服务;快餐厅;快餐厅,109.13850289309504,34.34471333823939,临潼区,109.143661,34.343469
B0JUMS2N4W,逍遥镇胡辣汤(仁斜路店),餐饮服务;快餐厅;快餐厅,109.1443743872835,34.32776048037018,临潼区,109.149524,34.326499
B0GR2ZB8UF,老潼关肉夹馍,餐饮服务;中餐厅;中餐厅,109.09617089202048,34.33734546918657,灞桥区,109.101339,34.336129
B0GKBBBPGO,张记餐馆(西韩公路店),餐饮服务;中餐厅;中餐厅,109.09650464065184,34.337326448703685,灞桥区,109.101673,34.33611
B0H2O4BKQR,碗碗香饸饹,餐饮服务;中餐厅;中餐厅,109.0960286887364,34.36375820971859,灞桥区,109.101199,34.362555
B0MGY44WG0,家合宴,餐饮服务;中餐厅;中餐厅,109.09598435093471,34.35659190140442,灞桥区,109.101154,34.355385
B0LRGRTBQ2,湘宴快餐,餐饮服务;中餐厅;中餐厅,109.11113137306168,34.34734392021256,临潼区,109.116306,34.346129
B0L121V17N,渭南包子,餐饮服务;餐饮相关场所;餐饮相关,109.0978626754934,34.34871076337786,灞桥区,109.103033,34.3475
B0ID35WAJO,湘源快餐,餐饮服务;中餐厅;中餐厅,109.10476934062594,34.347690155187465,临潼区,109.109943,34.346478
B0GUK7G6QP,陈家荞面饸饹,餐饮服务;中餐厅;中餐厅,109.09615190504098,34.36020403407161,灞桥区,109.101322,34.358999
B0FFL2KXDJ,小四川红火纸包鱼,餐饮服务;中餐厅;中餐厅,109.09617500157208,34.35889970189688,灞桥区,109.101345,34.357694
B0FFHHJ78Y,娟娟早点,餐饮服务;快餐厅;快餐厅,109.13544905903164,34.328660827685134,临潼区,109.140609,34.327413
B0LR1XV7D0,老潼关肉夹馍,餐饮服务;快餐厅;快餐厅,109.10477531710092,34.34793703361172,临潼区,109.109949,34.346725
B0L32L4EDG,湘汇快餐,餐饮服务;中餐厅;中餐厅,109.096445522143,34.33918754655819,灞桥区,109.101614,34.337972
B0KRM14RL3,河南优质胡辣汤,餐饮服务;中餐厅;中餐厅,109.0961478981252,34.33747740724881,灞桥区,109.101316,34.336261
B0JK7CKJ0L,乾州名小吃西安陕西蓝天民航学院店,餐饮服务;中餐厅;中餐厅,109.1090715746656,34.33480205518913,灞桥区,109.114245,34.333582
B0JDJHDLXY,正宗河南羊肉烩面,餐饮服务;中餐厅;中餐厅,109.0960406640402,34.341096649467644,灞桥区,109.101209,34.339882
B0JAUMMTST,湘聚快餐,餐饮服务;中餐厅;湖南菜(湘菜),109.09616388576138,34.33747840521079,灞桥区,109.101332,34.336262
B0J6ZBCYX8,时雨菠菜面,餐饮服务;中餐厅;中餐厅,109.14001408154468,34.35067857974788,临潼区,109.145171,34.349435
B0J0H7VCG0,大米兄弟农产品加工厂,餐饮服务;中餐厅;中餐厅,109.1092020002929,34.3297975176432,灞桥区,109.114375,34.328575
B0I23MUDNK,文文小吃店,餐饮服务;中餐厅;中餐厅,109.12283728216576,34.33920585611992,灞桥区,109.128008,34.337978
B0M6P1O8OA,小芳手工拉条子,餐饮服务;中餐厅;中餐厅,109.09650263498116,34.33740840901121,灞桥区,109.101671,34.336192
B0L1HCXPDH,诚德五香口福饼,餐饮服务;餐饮相关场所;餐饮相关,109.11096485434298,34.33044308205294,灞桥区,109.116138,34.32922
B0KD7OWUC9,哲宇炒菜盖浇饭,餐饮服务;中餐厅;中餐厅,109.11614600904136,34.335545905504205,灞桥区,109.121319,34.334322
B0K27R1MAV,汇通面手工饺子馆,餐饮服务;中餐厅;中餐厅,109.0955636408152,34.357069705537086,灞桥区,109.100733,34.355863
B0J1GOCCWF,天津鸡汁包(洪庆堡路店),餐饮服务;餐饮相关场所;餐饮相关,109.13505866872758,34.32864130466185,临潼区,109.140219,34.327394
B0H0M1N42I,河南早点(西韩公路店),餐饮服务;快餐厅;快餐厅,109.09628727563022,34.34337150582056,灞桥区,109.101456,34.342158
B0FFG76JJ0,川骄菜馆,餐饮服务;中餐厅;四川菜(川菜),109.13407271451146,34.32849304955886,临潼区,109.139234,34.327247
B0K0M7LAVC,临潼区四熹米线斜口店,餐饮服务;中餐厅;中餐厅,109.11032537884816,34.34745444514468,临潼区,109.1155,34.34624
B0LBG56FOV,羊汤馆,餐饮服务;中餐厅;中餐厅,109.13418981023746,34.328692110883246,临潼区,109.139351,34.327446
B0L3FD59AJ,老四川川湘菜馆,餐饮服务;中餐厅;四川菜(川菜),109.10935179855612,34.331946558773176,灞桥区,109.114525,34.330725
B0KDYDYCTG,老潼关肉夹馍(物阜路店),餐饮服务;中餐厅;中餐厅,109.09680040728864,34.348909711991034,灞桥区,109.10197,34.347699
B0JKJLHI46,伊佳香冒菜西安陕西蓝天民航学院店,餐饮服务;中餐厅;中餐厅,109.10906957530436,34.33479705669666,灞桥区,109.114243,34.333577
B0LAB90SB2,麻辣冒菜香锅,餐饮服务;中餐厅;中餐厅,109.13479340154628,34.328683925074,临潼区,109.139954,34.327437
B0L6GY1LCI,聚东莱-中餐厅,餐饮服务;中餐厅;中餐厅,109.1034534960384,34.328346252058104,灞桥区,109.108625,34.327125
B0L3M7MKQ5,重庆小面,餐饮服务;中餐厅;中餐厅,109.13498859795254,34.32865220437513,临潼区,109.140149,34.327405
B0JG21KOZV,饺子馆,餐饮服务;中餐厅;特色/地方风味餐厅,109.11995029758528,34.369135007880445,临潼区,109.125125,34.367925
B0J1UH8E2N,古都铁片面馆普天物流店,餐饮服务;中餐厅;中餐厅,109.09797759068644,34.34879471913719,灞桥区,109.103148,34.347584
B0ID6NS1EE,转角烧烤城,餐饮服务;中餐厅;中餐厅,109.13411073029302,34.32873198650271,临潼区,109.139272,34.327486
B0I3F7NY88,茜茜面馆,餐饮服务;中餐厅;中餐厅,109.14011070943,34.33333825547857,临潼区,109.145266,34.332086
B0L3FH5VMY,壹招鲜卤肉熟食,餐饮服务;餐饮相关场所;餐饮相关,109.11070166940556,34.3325969116934,灞桥区,109.115875,34.331375
B0KRM13Y8Y,川湘鱼庄,餐饮服务;中餐厅;中餐厅,109.0961843728316,34.365994030720806,灞桥区,109.101355,34.364792
B0LR7NI8TB,米线黄焖鸡,餐饮服务;中餐厅;中餐厅,109.13476437391328,34.32867189159895,临潼区,109.139925,34.327425
B0L0JXGVCD,山庄面馆,餐饮服务;中餐厅;中餐厅,109.13398066236633,34.32807612535287,临潼区,109.139142,34.32683
B0MG1ARCCV,成都川菜,餐饮服务;中餐厅;四川菜(川菜),109.11100036064174,34.34748977744422,临潼区,109.116175,34.346275
B0MAGZYJWW,正宗斜口饸饹肉夹馍店,餐饮服务;中餐厅;中餐厅,109.10964779178175,34.331755789804625,灞桥区,109.114821,34.330534
B0L22L0LA9,重庆小面冒菜店,餐饮服务;中餐厅;中餐厅,109.11094536849092,34.34740479063169,临潼区,109.11612,34.34619
B0L0C7ZM7Q,森格老虎公寓食堂,餐饮服务;中餐厅;中餐厅,109.09091242501503,34.328696750554506,灞桥区,109.096075,34.327475
B0I11M7BKA,中国兰州牛肉面(物阜路店),餐饮服务;快餐厅;快餐厅,109.10478731208148,34.34795102993366,临潼区,109.109961,34.346739
B0LGT7ZA8S,香乡面点,餐饮服务;中餐厅;中餐厅,109.11050187144151,34.33034788620318,灞桥区,109.115675,34.329125
B0LB3UB735,柳树村卤肉店,餐饮服务;中餐厅;中餐厅,109.13860075632807,34.37037136156307,临潼区,109.143761,34.36914
B0LAG7UOL5,兰州牛肉面,餐饮服务;中餐厅;清真菜馆,109.09655123723304,34.364372842820714,灞桥区,109.101722,34.36317
B0L679QTVX,四川宜宾燃面西安陕西蓝天民航学院店,餐饮服务;中餐厅;中餐厅,109.10898353537785,34.33535374862685,灞桥区,109.114157,34.334134
B0KKFOHMT8,岳沟大灶台,餐饮服务;中餐厅;中餐厅,109.1359097872613,34.3485627515996,临潼区,109.141071,34.347324
B0MG5R4F2F,青海牛肉拉面,餐饮服务;中餐厅;清真菜馆,109.08541513612326,34.37312689634633,灞桥区,109.090575,34.371925
B0LR0OOROJ,高悦小吃店,餐饮服务;中餐厅;中餐厅,109.11862064192572,34.33663030857013,灞桥区,109.123793,34.335405
B0L6ZMY4FF,葫芦头泡馍馆,餐饮服务;中餐厅;清真菜馆,109.104343408057,34.34851363038402,临潼区,109.109517,34.347302
B0L2LDOZXX,咸阳汇通面,餐饮服务;中餐厅;中餐厅,109.13528389747763,34.32860462870775,临潼区,109.140444,34.327357
B0MB31G235,鸡汤刀削面,餐饮服务;中餐厅;中餐厅,109.1105503638878,34.34753951731553,临潼区,109.115725,34.346325
B0M6L56JMB,柳树村,餐饮服务;外国餐厅;韩国料理,109.13866544651226,34.36331014802938,临潼区,109.143825,34.362075
B0M63CA4U1,火爆鱿鱼,餐饮服务;中餐厅;中餐厅,109.08841196468391,34.365929154429345,灞桥区,109.093575,34.364725
B0LDRZAR72,娜娜早餐店,餐饮服务;中餐厅;中餐厅,109.13656248629565,34.3711530436103,临潼区,109.141725,34.369925
B0LD9NWFVU,裕稻国香,餐饮服务;中餐厅;中餐厅,109.1022542477213,34.325447392156164,灞桥区,109.107425,34.324225
B0LAKAD8UN,凌赫肉夹馍,餐饮服务;中餐厅;中餐厅,109.14094913198385,34.35115673963086,临潼区,109.146105,34.349912
B0LKRK5EFD,榆林黑豆豆腐,餐饮服务;中餐厅;中餐厅,109.13361344339592,34.32657135304688,临潼区,109.138775,34.325325
B0MGTH5K00,南方小吃,餐饮服务;中餐厅;中餐厅,109.13528389747763,34.32860462870775,临潼区,109.140444,34.327357
B0FFL4ZKG1,小红饭店(西临快速干道店)(暂停营业),餐饮服务;中餐厅;中餐厅,109.12090849886256,34.33731096177094,灞桥区,109.12608,34.336084
B0FFFA95SH,孙家泡馍馆,餐饮服务;中餐厅;中餐厅,108.85525081887585,34.407684583579034,渭城区,108.859871,34.406173
B0FFFA95SC,一品楼泡馍,餐饮服务;中餐厅;中餐厅,108.8545719270926,34.407351688581585,渭城区,108.859193,34.405841
B0FFIWIMU2,重庆川菜纸包鱼,餐饮服务;餐饮相关场所;餐饮相关,108.85509657667124,34.40811109214015,渭城区,108.859717,34.4066
B038E0O3TX,西门大酒店,住宿服务;宾馆酒店;宾馆酒店|餐饮服务;餐饮相关场所;餐饮相关,108.850745732315,34.4049527714741,渭城区,108.855372,34.403447
B0FFIZWWFJ,武汉灌汤小笼包,餐饮服务;中餐厅;中餐厅,108.8528265617648,34.40673720585677,渭城区,108.85745,34.405229
B0GRO60N4S,铁蛋鸡汤刀削面(东晋桃源缙福源店),餐饮服务;快餐厅;快餐厅,108.88124278105352,34.3809378991924,未央区,108.885837,34.379379
B0MGFL6QB4,大口味鸭霸王(合悦华府二期南门店),餐饮服务;餐饮相关场所;餐饮相关,108.87823364638044,34.37742212913402,未央区,108.882829,34.375864
B0L0JKDVTG,必胜客(长安大学渭水校区店),餐饮服务;快餐厅;快餐厅,108.9032863203444,34.37553445175753,未央区,108.907883,34.373964
B0FFGRQ1ZU,兴兴驴肉馆窑洞农家乐(刘家沟店),餐饮服务;中餐厅;特色/地方风味餐厅,108.86984650968584,34.41673599322862,渭城区,108.874451,34.415209
B0FFG1T4O9,长安大学渭水校区树蕙园餐厅,餐饮服务;中餐厅;中餐厅,108.9047813419511,34.373957134326695,未央区,108.909379,34.372386
B0FFG2QJEN,杨凌蘸水面,餐饮服务;中餐厅;中餐厅,108.85430457787513,34.40715637039644,渭城区,108.858926,34.405646
B0FFIBFR9O,鑫宇腊味熟食店,餐饮服务;餐饮相关场所;餐饮相关,108.89872946483786,34.38158107701633,未央区,108.903324,34.380014
B0LKTCWQ9O,聚福茶社,餐饮服务;茶艺馆;茶艺馆,108.88511133708651,34.37679006372781,未央区,108.889704,34.375226
B0LAUU78FD,小海砂锅,餐饮服务;中餐厅;中餐厅,108.87743042696144,34.37461786229264,未央区,108.882026,34.373059
B0LA5LTP6Z,大仲热米皮锅巴饭,餐饮服务;中餐厅;中餐厅,108.8988304779632,34.38084248913836,未央区,108.903425,34.379275
B0L3CKIBXJ,米多肉多烤肉饭拌饭专营,餐饮服务;中餐厅;中餐厅|餐饮服务;快餐厅;快餐厅,108.8987724979798,34.38092543716045,未央区,108.903367,34.379358
B0L2TR4XRO,马玉延安沾沾,餐饮服务;中餐厅;中餐厅,108.87984519728474,34.38062687105869,未央区,108.88444,34.379069
B0L22C0IZ0,淳味荞淳化荞面饸饹(园艺三场小区店),餐饮服务;中餐厅;中餐厅,108.8985266937235,34.37987697146317,未央区,108.903121,34.378309
B0KAG7PMWW,口口香擀面皮肉夹馍,餐饮服务;中餐厅;中餐厅,108.8544547844568,34.40714062145024,渭城区,108.859076,34.40563
B0H2PCR48A,客道川湘菜(草滩四路店),餐饮服务;中餐厅;湖南菜(湘菜),108.88967186131754,34.37689472360295,未央区,108.894264,34.375328
B0FFFA8YYB,桥梓口牛羊肉泡馍(大龙烧烤),餐饮服务;中餐厅;清真菜馆,108.85161390890576,34.405894684253965,渭城区,108.856239,34.404388
B0FFGBGC4V,帅帅农家乐3号院,餐饮服务;中餐厅;西北菜|体育休闲服务;休闲场所;休闲场所,108.86970939589877,34.41665087625113,渭城区,108.874314,34.415124
B0FFFDB0M0,长安大学渭水校区天行健餐厅,餐饮服务;中餐厅;中餐厅,108.90266967089669,34.376408021338875,未央区,108.907266,34.374838
B0L2XRY8WB,伊泽园兰州牛肉面,餐饮服务;中餐厅;清真菜馆,108.87674461322784,34.37972545407428,未央区,108.881341,34.37817
B0L13D5PK2,北平故事古法烧烤,餐饮服务;中餐厅;特色/地方风味餐厅,108.90269974997727,34.3875799643304,未央区,108.907297,34.386016
B0MGZLJVHX,佰人王串串火锅(高铁新城店),餐饮服务;中餐厅;火锅店,108.89842662959104,34.38122323052334,未央区,108.903021,34.379656
B0LR39G49O,库迪咖啡(合悦华府二期北门店),餐饮服务;咖啡厅;咖啡厅,108.87706480392526,34.3797197725894,未央区,108.881661,34.378164
B0LDJUXOUV,库迪咖啡(华清园文津观澜店),餐饮服务;餐饮相关场所;餐饮相关,108.8775570773182,34.40465440849848,渭城区,108.882155,34.403112
B0LBX5JGXU,蜜雪冰城(桂语兰庭南门口东侧100米店),餐饮服务;冷饮店;冷饮店,108.88432416335807,34.376557637200825,未央区,108.888917,34.374994
B0LBUR90UI,醉蒙羊酸菜铜锅涮羊肉(窑店十年老店),餐饮服务;中餐厅;火锅店,108.85538695587884,34.40825047457148,渭城区,108.860007,34.406739
B0LAODMCI6,关中老碗,餐饮服务;快餐厅;快餐厅,108.85918302278432,34.40611658008026,渭城区,108.863798,34.404598
B0LAF70GGE,库迪咖啡(石羊集团大厦店),餐饮服务;餐饮相关场所;餐饮相关,108.89266249748825,34.37887099083318,未央区,108.897255,34.377304
B0L6ULIB9J,肯德基(尚稷路店),餐饮服务;快餐厅;肯德基,108.88335690165,34.37637902342471,未央区,108.88795,34.374816
B0KU7HEKRU,茶百道(西安未央绿城桂语兰庭店),餐饮服务;冷饮店;冷饮店,108.88491829734534,34.37673096246223,未央区,108.889511,34.375167
B0KD7ABWYW,茶话弄(陕西历史博物馆秦汉馆店),餐饮服务;冷饮店;冷饮店,108.86091205971444,34.40679575775708,渭城区,108.865525,34.405275
B0K6LABXY5,瑞幸咖啡(兰池大厦大堂店),餐饮服务;咖啡厅;咖啡厅,108.85188210321613,34.39587980193495,渭城区,108.856506,34.394367
B0K66XUPC9,魏家凉皮(桂语兰庭店),餐饮服务;餐饮相关场所;餐饮相关,108.88332489410897,34.37635001486128,未央区,108.887918,34.374787
B0K3O5TAWZ,霸舌生滚牛肉米粉(尚稷路店),餐饮服务;中餐厅;中餐厅,108.88310783031436,34.37629488003873,未央区,108.887701,34.374732
B0JGJA47C4,小六汤包(绿城店),餐饮服务;中餐厅;中餐厅,108.88357596909913,34.3763651945778,未央区,108.888169,34.374802
B0J06UAVUW,秦镇郭家米皮(桂语兰庭店),餐饮服务;中餐厅;中餐厅,108.8847841567019,34.3780801458952,未央区,108.889377,34.376517
B0HAXZMMLD,木辛水水冰煮羊火锅(河堤路店),餐饮服务;中餐厅;火锅店,108.9052108459472,34.388290317439775,未央区,108.90981,34.386727
B0FFLKESG3,姥家大锅台(窑店店),餐饮服务;中餐厅;火锅店,108.85529683841752,34.408207355998044,渭城区,108.859917,34.406696
B0FFJG9TKZ,永兴澄城水盆羊肉(草滩二路店),餐饮服务;中餐厅;中餐厅,108.89854368170728,34.37993194409895,未央区,108.903138,34.378364
B0FFFGVSC0,御品轩(尚稷路店),公司企业;公司;公司|餐饮服务;餐饮相关场所;餐饮相关,108.88786181682292,34.37631605368583,未央区,108.892454,34.37475
B0KDLHSY6F,石记老潼关肉夹馍(中天诚品店),餐饮服务;餐饮相关场所;餐饮相关,108.84971966877266,34.39953811473797,渭城区,108.854347,34.398031
B0K0LHTNNA,御荞郎淳化荞面饸饹秦汉新城中天诚品店(秦苑七路店),餐饮服务;中餐厅;中餐厅,108.84963151481298,34.39983279858723,渭城区,108.854259,34.398326
B0FFKKX29X,张记木桶鱼(窑店镇路店),餐饮服务;中餐厅;中餐厅,108.85572442790787,34.40799115938657,渭城区,108.860344,34.406479
B0LRJ7I3GE,陈记卤味小火锅,餐饮服务;中餐厅;火锅店,108.84997510603972,34.39878197436527,渭城区,108.854602,34.397274
B0LG7755PA,王胖子肉夹馍,餐饮服务;中餐厅;中餐厅,108.89003283229862,34.377241717332794,未央区,108.894625,34.375675
B0KGH134GV,缘生泰澄城水盆羊肉,餐饮服务;中餐厅;中餐厅,108.88448497724418,34.379385233612474,未央区,108.889078,34.377823
B0KAX7BFBK,赵天琦米线公司(草滩六路店),餐饮服务;快餐厅;快餐厅,108.87709313709097,34.37579190799862,未央区,108.881689,34.374234
B0JD47G88L,城南饺子馆(绿城店),餐饮服务;中餐厅;特色/地方风味餐厅,108.88359397485408,34.37636021062228,未央区,108.888187,34.374797
B0FFIRZ5T9,老李家泡馍,餐饮服务;中餐厅;中餐厅,108.85012082481428,34.40489575084345,渭城区,108.854748,34.403391
B0FFGH094A,清真伊明楼饭庄,餐饮服务;中餐厅;清真菜馆,108.89057007323495,34.374082661649354,未央区,108.895162,34.372514
B0FFJ000FJ,开心早点(泾渭大道南段店),餐饮服务;中餐厅;中餐厅,108.852863612181,34.4067572551632,渭城区,108.857487,34.405249
B0LKSCIRID,夸父炸串(未央区尚林路合悦华府二期北门店),餐饮服务;快餐厅;快餐厅,108.87753106384868,34.37983516337388,未央区,108.882127,34.378279
B0L3NDD7B6,茶话弄(长安大学渭水校区店),餐饮服务;餐饮相关场所;餐饮相关,108.90316334855396,34.37624608016496,未央区,108.90776,34.374676
B0MBHXJ2ED,瑞幸咖啡(西安大兴医院渭北院区店),餐饮服务;咖啡厅;咖啡厅,108.86877260225496,34.3788719660398,未央区,108.873375,34.377325
B0M6YXTU7F,御品轩面包店(西安大兴医院渭水园院区店),餐饮服务;中餐厅;中餐厅,108.8681279865939,34.37908104286178,未央区,108.872731,34.377535
B0LKFNSKAF,luckin coffee 瑞幸咖啡(绿城桂语蘭庭店),餐饮服务;咖啡厅;咖啡厅,108.88313283466076,34.376339874994514,未央区,108.887726,34.374777
B0LGLSDF8R,聚香丰岐山面(草滩六路店),餐饮服务;餐饮相关场所;餐饮相关,108.87759051212744,34.37468997822934,未央区,108.882186,34.373131
B0LDFCYRP4,川香奇香砂锅(秦汉中学店),餐饮服务;餐饮相关场所;餐饮相关,108.8790217946196,34.40547431174294,渭城区,108.883619,34.403931
B0L2LUOTT1,一粉一城新疆招牌炒米粉(草滩六路店),餐饮服务;中餐厅;中餐厅,108.87755732374968,34.3767948222578,未央区,108.882153,34.375237
B0HU9599DT,聚香丰岐山面(中南紫云集店),餐饮服务;快餐厅;快餐厅,108.9052957876071,34.388165372610715,未央区,108.909895,34.386602
B0LGFKLRL4,农香居铁锅炖(刘家沟村),餐饮服务;中餐厅;中餐厅,108.86827423218456,34.41490211918421,渭城区,108.87288,34.413376
B0LDRLFGKN,陈记刀削面,餐饮服务;中餐厅;中餐厅,108.84980081888769,34.39916146500722,渭城区,108.854428,34.397654
B0LD0SBLMK,暮汀云景火锅,餐饮服务;中餐厅;火锅店,108.88732159474938,34.390761877430954,未央区,108.891915,34.389204
B0LD0CGY6L,老杨家泡馍,餐饮服务;中餐厅;清真菜馆,108.8499560798619,34.39875995455549,渭城区,108.854583,34.397252
B0L2GDSO4S,洋洋盐筋烤肉(草滩农场店),餐饮服务;外国餐厅;外国餐厅,108.8984596311253,34.381023343216235,未央区,108.903054,34.379456
B0KURR1U1A,陕妹儿土豆粉(草滩六路店),餐饮服务;餐饮相关场所;餐饮相关,108.87769156318365,34.37476203681044,未央区,108.882287,34.373203
B0KR0SKFUJ,秦味园老碗面(中天诚品店),餐饮服务;餐饮相关场所;餐饮相关,108.84956141846328,34.39974372976186,渭城区,108.854189,34.398237
B0K6H5COUL,小六川味砂煲菜(绿城店),餐饮服务;中餐厅;西北菜,108.88337390711936,34.376376037798344,未央区,108.887967,34.374813
B0K27A9V68,秦宁臻宴宁夏风味手抓羊肉羊羔肉,餐饮服务;中餐厅;清真菜馆,108.86583715013032,34.398747229721096,渭城区,108.870444,34.397215
B0J09YU0TV,陶厨老蒲城葫芦头(草滩二路店),餐饮服务;中餐厅;特色/地方风味餐厅,108.89877756976315,34.3800059343901,未央区,108.903372,34.378438
B0HROUISAM,秦汉新城窑店镇刘家沟十五号院,餐饮服务;餐饮相关场所;餐饮相关,108.87043585921693,34.41872953127826,渭城区,108.87504,34.417203
B0HB4A8DVI,客本客理想城便民店,餐饮服务;快餐厅;快餐厅,108.8457578362276,34.39747842493295,渭城区,108.850391,34.395977
B0FFKKQF1S,刘家沟王家窑洞六号农家院,餐饮服务;中餐厅;西北菜,108.86712205996616,34.415769137321526,渭城区,108.871729,34.414245
B0FFJBZP8E,九日一骨香大盆骨,餐饮服务;中餐厅;中餐厅,108.8559567224508,34.40816642568977,渭城区,108.860576,34.406654
B0FFIJY04Q,刘家沟一号院,餐饮服务;中餐厅;中餐厅,108.86953223808122,34.41666165337944,渭城区,108.874137,34.415135
B0FFGH09MT,陕西穆堂香调味食品有限公司,公司企业;公司;公司|餐饮服务;餐饮相关场所;餐饮相关,108.89246266025802,34.377193814107855,未央区,108.897055,34.375626
B0M6PHLFCZ,西咸新区秦汉新城秦汉宫宴,餐饮服务;中餐厅;中餐厅,108.85973052128804,34.39589319252472,渭城区,108.864344,34.394368
B0LKGB0MF4,任嫂岐山面,餐饮服务;中餐厅;中餐厅,108.87739639225988,34.37480672874991,未央区,108.881992,34.373248
B0L6FUEDXM,筷来柒饭吧快餐店,餐饮服务;快餐厅;快餐厅,108.88979884033516,34.377159645477114,未央区,108.894391,34.375593
B0L3G7HJO6,茗轩茶坊,餐饮服务;茶艺馆;茶艺馆,108.8780795702772,34.37733303183605,未央区,108.882675,34.375775
B0L317VZ4G,见证蛋糕烘焙店,餐饮服务;糕饼店;糕饼店,108.89938021194996,34.380892522534104,未央区,108.903975,34.379325
B0KKUUJ3KM,淳化饸饹(X101店),餐饮服务;中餐厅;中餐厅,108.85077376890558,34.40500378940212,渭城区,108.8554,34.403498
B0KKOHZPV0,河南早点,餐饮服务;中餐厅;中餐厅,108.90525181549508,34.388259327989886,未央区,108.909851,34.386696
B0KG7LCNG4,京河澜兰州牛肉面,餐饮服务;中餐厅;清真菜馆,108.84980685562051,34.39881766910741,渭城区,108.854434,34.39731
B0KAK5TUPU,李家手工饺子馆,餐饮服务;中餐厅;特色/地方风味餐厅,108.8547761985167,34.407428972045444,渭城区,108.859397,34.405918
B0K1KLJBSG,牧淳鲜奶吧,餐饮服务;冷饮店;冷饮店,108.87813559705155,34.37737806054338,未央区,108.882731,34.37582
B0L3MRN8TP,生烫牛肉米线,餐饮服务;中餐厅;云贵菜,108.8780273056085,34.405067621057206,渭城区,108.882625,34.403525
B0L3C7K6IE,伊盛楼饭庄,餐饮服务;中餐厅;清真菜馆,108.89939325468292,34.38028285317162,未央区,108.903988,34.378715
B0KD07ZRLH,豪阳西府老碗面,餐饮服务;餐饮相关场所;餐饮相关,108.89009883712085,34.37717078761975,未央区,108.894691,34.375604
B0FFK4WV1Z,户县手擀面菠菜面(草滩二路店),餐饮服务;中餐厅;中餐厅,108.8988975104303,34.380053923073795,未央区,108.903492,34.378486
B0LB5R2QMK,党记饺子馆(中天诚品店),餐饮服务;餐饮相关场所;餐饮相关,108.84965056300786,34.399584970926114,渭城区,108.854278,34.398078
B0KRGBD0C3,v湖庭音乐餐厅,餐饮服务;中餐厅;中餐厅,108.88711755440816,34.39094465332008,未央区,108.891711,34.389387
B0LGG5V5F4,好邦冰鲜鸡,餐饮服务;中餐厅;中餐厅,108.89954906793422,34.38164113340407,未央区,108.904144,34.380074
B0L6B9ILH4,青悦里茶馆,餐饮服务;茶艺馆;茶艺馆,108.88427715014296,34.3765675982168,未央区,108.88887,34.375004
B0KGMRRBK2,徐师傅裤带面(秦汉佳苑店),餐饮服务;中餐厅;中餐厅,108.86957939403786,34.40286568435715,渭城区,108.874183,34.401331
B0KDPC8DAL,食鲜美秦味老碗面,餐饮服务;餐饮相关场所;餐饮相关,108.88976788033644,34.37666289600842,未央区,108.89436,34.375096
B0K376JAQN,秦运来削筋面黄焖鸡米饭,餐饮服务;快餐厅;快餐厅,108.89869360741564,34.380014918971284,未央区,108.903288,34.378447
B0H63A86OL,草滩娇姐饺子馆,餐饮服务;中餐厅;中餐厅,108.89949221099867,34.380217897671585,未央区,108.904087,34.37865
B0H1V5RED5,川湘小厨(尚稷路店),餐饮服务;中餐厅;中餐厅,108.89917036893776,34.380208870300024,未央区,108.903765,34.378641
B0FFL074KC,聚宾楼牛羊肉泡馍(东晋桃源缙福源店),餐饮服务;中餐厅;清真菜馆,108.88093965837312,34.38091365889802,未央区,108.885534,34.379355
B0FFGWEJCH,老八窑洞,餐饮服务;中餐厅;中餐厅,108.8655605167177,34.41544926520858,渭城区,108.870169,34.413927
B0MGM1B2KY,蚝吃虾酒,餐饮服务;中餐厅;中餐厅,108.89853059402816,34.381092315583864,未央区,108.903125,34.379525
B0K1ULEHB7,约多多老潼关肉夹馍(华清园店),餐饮服务;餐饮相关场所;餐饮相关,108.87702178679493,34.40442102158067,渭城区,108.88162,34.402879
B0J3BUXJPP,蒲城水盆羊肉(合悦华府一期店),餐饮服务;中餐厅;中餐厅,108.87699305333804,34.37610064492071,未央区,108.881589,34.374543
B0M6S74C0T,京河澜兰州牛肉面,餐饮服务;中餐厅;清真菜馆,108.86666932669084,34.406945665149,渭城区,108.871276,34.405417
B0LRPHS381,辣川渝小厨纸包鱼,餐饮服务;中餐厅;四川菜(川菜),108.89261751540448,34.378728050469874,未央区,108.89721,34.377161
B0LGZURAOR,老汉喜,餐饮服务;中餐厅;中餐厅,108.85283961165084,34.40634745088613,渭城区,108.857463,34.404839
B0LG4SC8QF,VV咖啡,餐饮服务;咖啡厅;咖啡厅,108.88732059495103,34.39075787904467,未央区,108.891914,34.3892
B0LB5N1XJP,君雅宁夏羊羔肉炒肉片(草滩二路店),餐饮服务;餐饮相关场所;餐饮相关,108.89877157098684,34.38002492340032,未央区,108.903366,34.378457
B0LAVAVWWY,田宾面馆,餐饮服务;中餐厅;中餐厅,108.87945218347112,34.3784796790138,未央区,108.884047,34.376921
B0LACADLMF,京河澜牛肉面,餐饮服务;中餐厅;清真菜馆,108.87808635713692,34.40482781394864,渭城区,108.882684,34.403285
B0LA49C04S,秦府菠菜面,餐饮服务;中餐厅;中餐厅,108.84954742302878,34.399431882051715,渭城区,108.854175,34.397925
B0L6DL7BB6,来财川渝酸菜火锅(尚苑路总店),餐饮服务;餐饮相关场所;餐饮相关,108.89099006264068,34.37395892065076,未央区,108.895582,34.37239
B0KDLZS2W3,探秘秦潮文创&茶饮体验店,餐饮服务;冷饮店;冷饮店,108.86069181713286,34.406562568625354,渭城区,108.865305,34.405042
B0KAX5F8RO,Dach&Dash COFFEE(绿城桂语蘭庭店),餐饮服务;咖啡厅;咖啡厅,108.88413011066332,34.37656749247222,未央区,108.888723,34.375004
B0K2D7DSCI,秦朝来客·中式快餐,餐饮服务;快餐厅;快餐厅,108.85825889876992,34.40574239308842,渭城区,108.862875,34.404225
B0K0FRDKVZ,何一刀刀削面(合悦华府二期店),餐饮服务;中餐厅;中餐厅,108.87938620894684,34.37776600314842,未央区,108.883981,34.376207
B0J6DCBZ82,辉煌御品熟食制品厂,餐饮服务;餐饮相关场所;餐饮相关,108.86667670384772,34.41474615561797,渭城区,108.871284,34.413222
B0J36ZL90H,贤惠热米皮,餐饮服务;中餐厅;中餐厅,108.87937816734016,34.378233744793995,未央区,108.883973,34.376675
B0IB1MDU4I,聚口福煎饼屋,餐饮服务;中餐厅;中餐厅,108.85442370635752,34.407581318112655,渭城区,108.859045,34.406071
B0HBK7TM4N,清真宁夏余三炒肉片(窑店店),餐饮服务;中餐厅;中餐厅,108.8544918245575,34.40726960694518,渭城区,108.859113,34.405759
B0FFGWKTDA,余味曲坊,体育休闲服务;休闲场所;休闲场所|住宿服务;住宿服务相关;住宿服务相关|餐饮服务;餐饮相关场所;餐饮相关,108.86578877891247,34.415108769796774,渭城区,108.870397,34.413586
B0L17A7GR1,肯德基车速取餐点(尚稷路店),餐饮服务;餐饮相关场所;餐饮相关,108.8830098155438,34.37608691644321,未央区,108.887603,34.374524
B0J3ULWCER,兰州牛肉面,餐饮服务;中餐厅;清真菜馆,108.89053707367488,34.37409264085749,未央区,108.895129,34.372524
B0J0RUMTYF,兰州牛肉面(陕西三秦林木种子有限责任公司店),餐饮服务;中餐厅;清真菜馆,108.8897318433879,34.377120632806744,未央区,108.894324,34.375554
B0FFGFU35W,赵记澄城水盆羊肉(尚稷路辅路店),餐饮服务;中餐厅;中餐厅,108.89909440621354,34.380196868514226,未央区,108.903689,34.378629
B0FFFA95RQ,袁师傅腊汁肉夹馍(秦汉大道),餐饮服务;中餐厅;中餐厅,108.8548973180764,34.40797984917675,渭城区,108.859518,34.406469
B0LRJUH2KR,雨田丰臊子面,餐饮服务;餐饮相关场所;餐饮相关,108.87685367286592,34.379795524139574,未央区,108.88145,34.37824
B0G1FSLD18,中国兰州牛肉拉面(尚林路店),餐饮服务;中餐厅;清真菜馆,108.8803304019001,34.380833182923176,未央区,108.884925,34.379275
B0M6D76KCZ,清真·秦香园,餐饮服务;中餐厅;清真菜馆,108.90297441392272,34.41422885452927,渭城区,108.907574,34.41268
B0K0D99AJL,逗零时光,餐饮服务;冷饮店;冷饮店,108.8782724366662,34.40508684091067,渭城区,108.88287,34.403544
B0L32M3GZ1,霸碗盖码饭(西安长安大学渭水店),餐饮服务;快餐厅;快餐厅,108.90295350955368,34.37603720493962,未央区,108.90755,34.374467
B0LUPA1YIE,包好吃,餐饮服务;快餐厅;快餐厅,108.87721790750597,34.40434725544778,渭城区,108.881816,34.402805
B0LG357G3Z,伊泽源兰州牛肉面(三路店),餐饮服务;中餐厅;清真菜馆,108.8923265678692,34.37856002718586,未央区,108.896919,34.376993
B0FFFA9C40,喜利来(尚稷路店),餐饮服务;糕饼店;糕饼店,108.877440407377,34.374931704727345,未央区,108.882036,34.373373
B0LAXH4D0W,醉川渝冒菜(草滩店),餐饮服务;中餐厅;中餐厅,108.88481019292122,34.37770836360261,未央区,108.889403,34.376145
B0LA4U9RIO,清真回坊肉丸胡辣汤牛肉饼,餐饮服务;餐饮相关场所;餐饮相关,108.89863057733734,34.380742517959085,未央区,108.903225,34.379175
B0L3CRJNQ9,菌香大盘鸡大盆骨,餐饮服务;中餐厅;中餐厅,108.87677864315556,34.37960755132208,未央区,108.881375,34.378052
B0H2OMCB1L,小叶快餐店,餐饮服务;快餐厅;快餐厅,108.89911440135802,34.380138901997746,未央区,108.903709,34.378571
B0HRUCHNEZ,千里香馄饨王(尚林路店),餐饮服务;快餐厅;快餐厅,108.90540071101998,34.38806041314309,未央区,108.91,34.386497
B0LBSSTL4F,幸运咖(交大城市学院店),餐饮服务;咖啡厅;咖啡厅,108.854706779203,34.37435416631034,未央区,108.859325,34.372825
B0HADSDV82,窑店赵记高汤羊杂汤,餐饮服务;中餐厅;中餐厅,108.8543526349617,34.407263386384024,渭城区,108.858974,34.405753
B0J0B7JTHZ,李记腊汁肉夹馍(合悦华府二期店),餐饮服务;中餐厅;中餐厅,108.87938820967923,34.3777690033347,未央区,108.883983,34.37621
B0IGKSIPLM,蜀渔嘉宴(东晋桃源店),餐饮服务;中餐厅;中餐厅,108.87962009788733,34.3805427172263,未央区,108.884215,34.378985
B0FFFA8YXO,聚仙楼(咸阳市渭城区窑店中心卫生院南),餐饮服务;中餐厅;中餐厅,108.85105916994806,34.40515817972215,渭城区,108.855685,34.403652
B0L6VAQ5KD,秦九味非遗传承,餐饮服务;中餐厅;中餐厅,108.8585812896678,34.405922780908725,渭城区,108.863197,34.404405
B0L6JMDY7T,子蓉岐山面,餐饮服务;中餐厅;中餐厅,108.88978885925644,34.37692476631059,未央区,108.894381,34.375358
B0H29S75Y8,秦味肴中国菜(万邦国际店),餐饮服务;中餐厅;中餐厅,108.85132640384973,34.3946795479633,渭城区,108.855951,34.393167
B0FFFA8YXS,秦汉新城张记葫芦头,餐饮服务;中餐厅;中餐厅,108.85097805698106,34.40510407478829,渭城区,108.855604,34.403598
B0M6KABQR6,饼饼有葱,餐饮服务;餐饮相关场所;餐饮相关,108.9052368306222,34.38822135126402,未央区,108.909836,34.386658
B0LA193XJD,农场老街现炒鸡,餐饮服务;中餐厅;中餐厅,108.8988854495017,34.38087947577546,未央区,108.90348,34.379312
B0FFKJ7P57,城市餐厅(西安交通大学城市学院店),餐饮服务;餐饮相关场所;餐饮相关,108.85368744811156,34.37353395636182,未央区,108.858307,34.372006
B0K3ZUJKYH,幸运咖(长安大学渭水校区店),餐饮服务;咖啡厅;咖啡厅,108.90043521931462,34.3740082933979,未央区,108.90503,34.372437
B0I0AH9NL6,臻扬手擀面(东晋桃源缙福源店),餐饮服务;中餐厅;中餐厅,108.87956407087442,34.38054566574636,未央区,108.884159,34.378988
B0I0MU2Y6W,老上海馄饨铺(草滩四路店),餐饮服务;中餐厅;中餐厅,108.88962384906117,34.37704262010136,未央区,108.894216,34.375476
B0LR5HBDWT,清真伊佳熟食(工厂直营草滩店),餐饮服务;餐饮相关场所;餐饮相关,108.89853057599134,34.381316194458854,未央区,108.903125,34.379749
B0LKMO67DS,熊喵川菜,餐饮服务;中餐厅;四川菜(川菜),108.87637640958972,34.37947122396505,未央区,108.880973,34.377916
B0LDGAAIJR,味之轩炒菜,餐饮服务;中餐厅;中餐厅,108.87935618367798,34.37789790538443,未央区,108.883951,34.376339
B0LAFA0FL0,丫丫手擀面,餐饮服务;中餐厅;中餐厅,108.8557954807523,34.408506974748896,渭城区,108.860415,34.406995
B0L3FU5WK4,仙果缘·果切·礼盒(草滩店),餐饮服务;餐饮相关场所;餐饮相关,108.8771712441851,34.37502939121788,未央区,108.881767,34.373471
B0L1DMTNMZ,渝小杨重庆小面,餐饮服务;中餐厅;中餐厅,108.87914488568666,34.380303419737594,未央区,108.88374,34.378746
B0KKHD5XJC,好牛良品凉皮四吃,餐饮服务;餐饮相关场所;餐饮相关,108.85455190783227,34.40725271328303,渭城区,108.859173,34.405742
B0JULDVAN2,阿蛋铜锅涮烧烤(华清园·文津观澜店),餐饮服务;中餐厅;综合酒楼,108.87684870440988,34.40416999453541,渭城区,108.881447,34.402628
B0LADD7Y92,民族餐厅,餐饮服务;餐饮相关场所;餐饮相关,108.86587470436515,34.37996863552164,未央区,108.87048,34.378426
B0L1R7BH9X,益禾堂(西安市未央区长安大学校内店),餐饮服务;休闲餐饮场所;休闲餐饮场所,108.90277863054811,34.37600423201276,未央区,108.907375,34.374434
B0KUDL9RWO,绿城桂语兰庭安仔包,餐饮服务;餐饮相关场所;餐饮相关,108.88458399279727,34.379503240030616,未央区,108.889177,34.377941
B0K3UMPDSV,兰州牛肉面,餐饮服务;中餐厅;清真菜馆,108.87710015352428,34.375638996518305,未央区,108.881696,34.374081
B0LA458LZV,三味川卤(草滩店),餐饮服务;餐饮相关场所;餐饮相关,108.898410615538,34.381485086569306,未央区,108.903005,34.379918
B0L3CBIK1X,老黄牛泡馍,餐饮服务;中餐厅;清真菜馆,108.87731532141636,34.37510748983301,未央区,108.881911,34.373549
B0K3XU33F7,左左香老潼关肉夹馍,餐饮服务;中餐厅;中餐厅,108.89443235564086,34.376493878430765,未央区,108.899025,34.374925
B0M62HVSXN,小四川川菜纸包鱼,餐饮服务;中餐厅;四川菜(川菜),108.877228284038,34.37494649102218,未央区,108.881824,34.373388
B0LDBAYWK2,MOMI摩蜜烘焙,餐饮服务;糕饼店;糕饼店,108.89957965772273,34.386539467955494,未央区,108.904175,34.384975
B0L3OUY8TC,努哈春饼,餐饮服务;中餐厅;中餐厅,108.898727494739,34.38122127151975,未央区,108.903322,34.379654
B0L375LY92,搭把手学生餐厅,餐饮服务;中餐厅;四川菜(川菜),108.88482620183149,34.37764540852079,未央区,108.889419,34.376082
B0L2UUEPJH,金灿灿小吃,餐饮服务;中餐厅;中餐厅,108.87730931730952,34.375115479742185,未央区,108.881905,34.373557
B0L2A92H6P,凯羽酒店-中餐厅,餐饮服务;餐饮相关场所;餐饮相关,108.85154785262608,34.40541984614072,渭城区,108.856173,34.403913
B0K3D4HJDC,姐妹油泼辣子biangbiang面,餐饮服务;中餐厅;中餐厅,108.85500449218937,34.40761922808194,渭城区,108.859625,34.406108
B0J30K8TIU,湘府快餐(东晋桃源缙福源店),餐饮服务;中餐厅;中餐厅,108.88013531453689,34.38082901598109,未央区,108.88473,34.379271
B0J1P51VU8,正香·餐馆(秦汉佳苑店),餐饮服务;中餐厅;中餐厅,108.86957338144096,34.40295562582289,渭城区,108.874177,34.401421
B0FFKL0UWP,香辣土豆片夹馍,餐饮服务;中餐厅;中餐厅,108.8502510406526,34.4045861477625,渭城区,108.854878,34.403081
B0FFJC7J5G,王家蒸肉,餐饮服务;餐饮相关场所;餐饮相关,108.85009681656176,34.40456290041739,渭城区,108.854724,34.403058
B0FFFZ8A8Y,老潼关肉夹馍(咸阳窖店),餐饮服务;快餐厅;快餐厅,108.85149374615722,34.40577555236022,渭城区,108.856119,34.404269
B0L6KL8PRJ,亿泊尔牛肉面,餐饮服务;中餐厅;清真菜馆,108.88474013202207,34.37825402176465,未央区,108.889333,34.376691
B0L2OUVX49,三原烧鸡猪蹄坊,餐饮服务;中餐厅;中餐厅,108.87840593534352,34.3749765977617,未央区,108.883001,34.373417
B0K3VXQNEL,大龙烧烤,餐饮服务;餐饮相关场所;餐饮相关,108.85166598058944,34.40593075023582,渭城区,108.856291,34.404424
B0MG05HFWA,天府米线(大兴医院店),餐饮服务;中餐厅;中餐厅,108.86603088319043,34.37972297570119,未央区,108.870636,34.37818
B0LA4H9QAV,佰食源酵面手工馍,餐饮服务;中餐厅;中餐厅,108.89878647818465,34.38109134917431,未央区,108.903381,34.379524
B0KDPL6YPX,菌香大盘鸡家常菜,餐饮服务;中餐厅;中餐厅,108.8559357024205,34.40806944834562,渭城区,108.860555,34.406557
B0K1V1P7P2,秦夫鸭(绿城桂语兰庭店),餐饮服务;餐饮相关场所;餐饮相关,108.88475511843365,34.37846791729472,未央区,108.889348,34.376905
B0LK7D43PQ,秦川里凉皮肉夹馍,餐饮服务;餐饮相关场所;餐饮相关,108.86154811296316,34.40300185217268,渭城区,108.86616,34.401478
B0L3TX8BCT,敬鸿快餐,餐饮服务;中餐厅;中餐厅,108.87759734186469,34.37685083076127,未央区,108.882193,34.375293
B0K19K3YRF,喜食,餐饮服务;中餐厅;中餐厅,108.90504798184638,34.38821838210017,未央区,108.909647,34.386655
B0LKAB7OXP,包鲜森,餐饮服务;快餐厅;快餐厅,108.86782178637216,34.37797125006177,未央区,108.872425,34.376425
B0I0M53Y4G,绝味鸭脖(西安恒大国际店),餐饮服务;餐饮相关场所;餐饮相关,108.91092845335216,34.38718429429993,未央区,108.915533,34.385622
B0JDHXBFMQ,爱麻仕棋牌茶艺馆(兴隆苑店),餐饮服务;茶艺馆;茶艺馆,108.94908171259914,34.39028684782308,未央区,108.953768,34.388774
B0MGC1GCFE,麦子园南京特色小吃,餐饮服务;中餐厅;中餐厅,108.94716147971018,34.391311120078534,未央区,108.951842,34.389795
B0MB4RZJSV,柒喜花饽饽,餐饮服务;餐饮相关场所;餐饮相关,108.91223895847702,34.3870178053018,未央区,108.916845,34.385456
B0LRLGMZ3B,宝华菠菜面,餐饮服务;中餐厅;中餐厅,108.90987139530452,34.3897363016462,未央区,108.914475,34.388175
B0JBY5TN6G,重庆川菜(兰池佳苑店),餐饮服务;中餐厅;四川菜(川菜),108.90830386783122,34.4159519039546,渭城区,108.912908,34.414405
B0JAYZCIR4,酸菜鱼川菜馆,餐饮服务;中餐厅;火锅店,108.92346505120436,34.38855082247127,未央区,108.928088,34.386998
B0J1ZCKFJC,双喜宴会•环宇维景酒店•宴会厅,餐饮服务;中餐厅;中餐厅,108.94584677028192,34.374388860964,未央区,108.950522,34.372861
B0MBKSQDHJ,德香裕卤肉(雨润批发店),餐饮服务;中餐厅;中餐厅,108.91751924538828,34.38305784471876,未央区,108.922132,34.381497
B0K0OSN691,小匠砂锅,餐饮服务;中餐厅;中餐厅,108.90989037845584,34.38969631676316,未央区,108.914494,34.388135
B0JA1YLQ1P,老默纸包鱼烧烤(隆源国际城店),餐饮服务;中餐厅;中餐厅,108.95141970483007,34.37395384879346,未央区,108.956112,34.372437
B0J0GCJ73Q,三京炝锅鱼(恒大国际城店),餐饮服务;中餐厅;火锅店,108.91203220011612,34.38704988440219,未央区,108.916638,34.385488
B0IUCU25A3,渭白福祥时辰大包(恒大国际城店),餐饮服务;餐饮相关场所;餐饮相关,108.9102580640594,34.38872571399731,未央区,108.914862,34.387164
B0HBRX8SRA,百草鲜卤卤肉店,餐饮服务;中餐厅;中餐厅,108.92314366658344,34.38806839957756,未央区,108.927766,34.386515
B0LRR7K4IC,吉祥馄饨(西安未央区红会医院店),餐饮服务;快餐厅;快餐厅,108.94628233243309,34.38849738573874,未央区,108.95096,34.386978
B0LRR7K4E9,吉祥馄饨(西安高铁北站八店),餐饮服务;快餐厅;快餐厅,108.93349930282098,34.375865683731966,未央区,108.938142,34.374318
B0LRCCGJH9,左左香老潼关肉夹馍(中南紫云集店),餐饮服务;中餐厅;中餐厅,108.9067156177222,34.387772314644806,未央区,108.911316,34.386209
B0LR35D544,夸父炸串(长安大学渭水校区店),餐饮服务;快餐厅;快餐厅,108.9114769084846,34.37387025270922,未央区,108.916081,34.372301
B0LDDR7TZD,安仔包(尚宏路店),餐饮服务;餐饮相关场所;餐饮相关,108.9105827714232,34.387977998590074,未央区,108.915187,34.386416
B0LB3A7S83,肯悦咖啡(北客站二店),餐饮服务;咖啡厅;咖啡厅,108.9328335571698,34.37942170853126,未央区,108.937475,34.377875
B0I16HVG8Z,西府面馆(奥达文景观园店),餐饮服务;中餐厅;中餐厅,108.94589874331952,34.38509698770213,未央区,108.950575,34.383575
B0GRBKC4K0,秦镇凉皮(西安北站店),餐饮服务;中餐厅;特色/地方风味餐厅,108.93342726757986,34.37836944396627,未央区,108.93807,34.376823
B0FFIXLLFX,川湘小馆(长乐东苑C区店),餐饮服务;中餐厅;四川菜(川菜),108.94750977674175,34.3748343883103,未央区,108.95219,34.37331
B0MAN7QK5J,石石同州水盆羊肉(草滩佳苑店),餐饮服务;中餐厅;中餐厅,108.92877373636098,34.38841208807936,未央区,108.933407,34.386865
B0J3ZSYAXG,清谷一部,餐饮服务;中餐厅;中餐厅,108.91818153125028,34.37964321244477,未央区,108.922795,34.378081
B0I1C46GOI,肠粉小吃店(隆源国际城店),餐饮服务;中餐厅;中餐厅,108.95098593938276,34.3757358146988,未央区,108.955677,34.374219
B0FFLCNRPR,关中大碗面(东站小区店),餐饮服务;餐饮相关场所;餐饮相关,108.92550621190496,34.38914840641755,未央区,108.930133,34.387598
B0MGGS3JAE,luckin coffee 瑞幸咖啡(红会医院北门临街店),餐饮服务;休闲餐饮场所;休闲餐饮场所,108.9478334328345,34.391535667731006,未央区,108.952516,34.390021
B0LUUCPCW1,肯德基(元凤三路店),餐饮服务;餐饮相关场所;餐饮相关,108.94688929355478,34.39133563958878,未央区,108.951569,34.389819
B0LUR54Z42,蜀湘缘川湘菜,餐饮服务;中餐厅;四川菜(川菜),108.94753532439658,34.391669184900444,未央区,108.952217,34.390154
B0LUFO4NPN,李想大虾(雨润星雨华府店),餐饮服务;中餐厅;火锅店,108.91024094283414,34.378068516378306,未央区,108.914844,34.376501
B0LU2ZWLBO,库迪咖啡(红会医院元凤四路店),餐饮服务;餐饮相关场所;餐饮相关,108.94703386417515,34.39129238074992,未央区,108.951714,34.389776
B0LRV9KAQK,子午路张记肉夹馍(红会医院北区店),餐饮服务;中餐厅;中餐厅,108.94667294668484,34.39124910927595,未央区,108.951352,34.389732
B0LGP5JRIT,鱼你在一起,餐饮服务;餐饮相关场所;餐饮相关,108.91022595574483,34.37810850063132,未央区,108.914829,34.376541
B0LDHULOQ0,米村拌饭(西安北站店),餐饮服务;快餐厅;快餐厅,108.93372156788492,34.37850895160247,未央区,108.938365,34.376963
B0L3ULI1C8,蜜雪冰城(兴隆苑店),餐饮服务;冷饮店;冷饮店,108.94826311044912,34.391713711108224,未央区,108.952947,34.3902
B0L3M7ML93,luckin coffee 瑞幸咖啡(长乐购物中心店),餐饮服务;休闲餐饮场所;休闲餐饮场所,108.90957000396352,34.373722084956334,未央区,108.914172,34.372152
B0L3HZ7MGO,茶话弄(西安北站南广场进站口店),餐饮服务;休闲餐饮场所;休闲餐饮场所,108.93457877508312,34.37558328238623,未央区,108.939224,34.374037
B0L3HXCI87,瑞幸咖啡(红会医院北门临街店),餐饮服务;休闲餐饮场所;休闲餐饮场所,108.9477427075738,34.39153984568603,未央区,108.952425,34.390025
B0L1M5GZ6K,柳州肥姨妈大骨螺蛳粉(未央雨润华府店),餐饮服务;中餐厅;中餐厅,108.9079343179631,34.37762251852959,未央区,108.912535,34.376054
B0KRX5A31B,绝味鸭脖(奥达文景观园店),餐饮服务;餐饮相关场所;餐饮相关,108.94596667514809,34.38347973885957,未央区,108.950643,34.381957
B0KGGDZ2U6,蜜雪冰城(恒大国际城店),餐饮服务;冷饮店;冷饮店,108.91042494066072,34.388016039902695,未央区,108.915029,34.386454
B0KDNZNF7H,四川特色豆花牛肉(北客站奥达文景观园店),餐饮服务;中餐厅;特色/地方风味餐厅,108.94565263636972,34.38301958968975,未央区,108.950328,34.381496
B0KB6O71K3,星巴克(西安北站店),餐饮服务;咖啡厅;星巴克咖啡,108.93268487753409,34.379681774068686,未央区,108.937326,34.378135
B0K13G2SJX,幸运咖(雨润星雨华府店),餐饮服务;咖啡厅;咖啡厅,108.90950672580114,34.377983830534575,未央区,108.914109,34.376416
B0JRMXJMA3,茶话弄(西安北站南广场出站口B2店),餐饮服务;休闲餐饮场所;休闲餐饮场所,108.93468755176464,34.3751273665143,未央区,108.939333,34.373581
B0J1ZSPXO1,茶话弄(西安北站出发层店),餐饮服务;冷饮店;冷饮店,108.9331809674468,34.37680263091659,未央区,108.937823,34.375255
B0J1GH7N4I,柳记澄城水盆羊肉(奥达文景观园店),餐饮服务;快餐厅;快餐厅,108.94829150366871,34.38584188823572,未央区,108.952975,34.384325
B0IU5L0E6Q,迈德思客(兰池佳苑店),餐饮服务;快餐厅;快餐厅,108.91029376020772,34.41676475020645,渭城区,108.9149,34.415219
B0IGZAXCXM,星巴克(西安高铁北客站2店),餐饮服务;咖啡厅;星巴克咖啡,108.93246447224026,34.37856567814844,未央区,108.937105,34.377018
B0I3T7FLDZ,北站重庆纸包鱼(长乐东苑店),餐饮服务;中餐厅;中餐厅,108.9474719792744,34.37375103959894,未央区,108.952152,34.372226
B0I3MOR53I,蜜哆哆韩式炸鸡(西安长乐店),餐饮服务;餐饮相关场所;餐饮相关,108.90874850463987,34.377881137743806,未央区,108.91335,34.376313
B0I04CW8WA,蜜雪冰城(长乐东苑C区西门向北20米店),餐饮服务;冷饮店;冷饮店,108.94744000438811,34.37462463788935,未央区,108.95212,34.3731
B0HKM7CA6S,蜀儿郎鲜牛肉串串(隆源国际城店),餐饮服务;中餐厅;中餐厅,108.95128014789957,34.373977131715506,未央区,108.955972,34.37246
B0HDYKP0UT,老米家泡馍烧烤(经发新北居店),餐饮服务;中餐厅;中餐厅,108.9291199021627,34.38974892934179,未央区,108.933754,34.388203
B0HD7MP6XY,茶百道(西安长安大学渭水校区店),餐饮服务;冷饮店;冷饮店,108.90796030822398,34.37743661097123,未央区,108.912561,34.375868
B0H1ML0KFR,蜜雪冰城(长安大学一店),餐饮服务;冷饮店;冷饮店,108.90940913964825,34.37410593694147,未央区,108.914011,34.372536
B0H1F9G0KU,关中老碗面(奥达文景观园店),餐饮服务;中餐厅;中餐厅,108.94602539359224,34.3848069030701,未央区,108.950702,34.383285
B0H0JSUCUP,蜜雪冰城(星雨华府北门右侧100米店),餐饮服务;餐饮相关场所;餐饮相关,108.90827397798613,34.37779332952696,未央区,108.912875,34.376225
B0H035SC9B,八戒葫芦头梆梆肉猪蹄坊,餐饮服务;中餐厅;特色/地方风味餐厅,108.94506337087148,34.38285179778488,未央区,108.949737,34.381327
B0GRYDTJK1,麦当劳(西安北站店),餐饮服务;快餐厅;麦当劳,108.93398416843984,34.37581801811635,未央区,108.938628,34.374271
B0GRBKC4JZ,德克士(北客站2),餐饮服务;快餐厅;快餐厅,108.933586100205,34.37586256242049,未央区,108.938229,34.374315
B0FFL8JU5P,乐品悦澄城水盆羊肉(雨润·星雨华府店),餐饮服务;快餐厅;快餐厅,108.90971250697952,34.37803672926736,未央区,108.914315,34.376469
B0FFK0KTYM,御品轩面包店(雨润·星雨华府店),餐饮服务;糕饼店;糕饼店,108.9135720408884,34.37818493029577,未央区,108.918179,34.376619
B0FFHJP787,肯德基(西安北客站二号店),餐饮服务;快餐厅;肯德基,108.93498276558697,34.3760694291379,未央区,108.939629,34.374524
B0LANHXHYT,薛老大秦镇凉皮奥达店,餐饮服务;中餐厅;中餐厅,108.94718904784548,34.38334244001579,未央区,108.951869,34.381822
B0FFM81L4H,张兴邦擀面皮·肉夹馍,餐饮服务;中餐厅;中餐厅,108.94748690510433,34.37410782038397,未央区,108.952167,34.372583
B0FFI9UACU,盛蓝伊真楼牛羊肉泡馍馆(星雨华府店),餐饮服务;中餐厅;清真菜馆,108.90990230518683,34.37805964807083,未央区,108.914505,34.376492
B0K3JR9L2M,回坊老刘家泡馍烧烤,餐饮服务;中餐厅;清真菜馆,108.94691701392654,34.393743247699874,未央区,108.951597,34.392228
B0JBY5T0AP,老米家泡馍小炒(兰池佳苑店),餐饮服务;快餐厅;快餐厅,108.90977833485668,34.416456123738755,渭城区,108.914384,34.41491
B0J3B725SI,傻得冒冒菜香锅(隆源国际城B区店),餐饮服务;中餐厅;中餐厅,108.9505335126413,34.37399668947101,未央区,108.955223,34.372478
B0GKCHS11T,许仙手制酸辣粉腊汁肉揪面(西安北站店),餐饮服务;中餐厅;中餐厅,108.93263312230324,34.37812768171786,未央区,108.937274,34.37658
B0M66RAX5F,肯悦咖啡元凤三路店,餐饮服务;咖啡厅;咖啡厅,108.9473957658977,34.39141959888523,未央区,108.952077,34.389904
B0LGCCU86Q,长安酥饼(星雨华府店),餐饮服务;餐饮相关场所;餐饮相关,108.91334332165545,34.37825901108941,未央区,108.91795,34.376693
B0LDL1TBUX,马哈开辣子王兰州牛肉面(红会医院店),餐饮服务;餐饮相关场所;餐饮相关,108.94740673406096,34.39140458556917,未央区,108.952088,34.389889
B0LDAMLVA0,铁蛋鸡汤刀削面(兴隆苑店),餐饮服务;中餐厅;中餐厅,108.94731898143796,34.39161264322073,未央区,108.952,34.390097
B0L3H7B0Z2,陈香贵·兰州牛肉面(西安未央北站店),餐饮服务;中餐厅;清真菜馆,108.93412342089098,34.38096904933994,未央区,108.938768,34.379425
B0L1HHXJLF,陈聚德炒牛肉(长安大学北校区店),餐饮服务;中餐厅;西北菜,108.90793832552056,34.377481592998215,未央区,108.912539,34.375913
B0L0DSMNN6,茶百道(西安北站店),餐饮服务;冷饮店;冷饮店,108.93327578366208,34.37635573699532,未央区,108.937918,34.374808
B0KRL4VA1T,正新鸡排(长大渭水店),餐饮服务;快餐厅;快餐厅,108.90949506693418,34.373906013453144,未央区,108.914097,34.372336
B0KBK1A9U7,吉祥馄饨(西安北站三店),餐饮服务;快餐厅;快餐厅,108.9340166890134,34.38077530769171,未央区,108.938661,34.379231
B0K1ZZX1H8,紫燕百味鸡(西安星雨华府店),餐饮服务;餐饮相关场所;餐饮相关,108.91362605741986,34.37713646397978,未央区,108.918233,34.37557
B0K1CPBB59,蜜雪冰城(兰池佳苑店),餐饮服务;冷饮店;冷饮店,108.9083907805052,34.415984858780746,渭城区,108.912995,34.414438
B0J3OAM52S,茶话弄(西安北站北出站口店),餐饮服务;冷饮店;冷饮店,108.933494986298,34.37988753092545,未央区,108.938138,34.378342
B0I69G62NR,一只酸奶牛(西安北客站店),餐饮服务;冷饮店;冷饮店,108.93378629696778,34.37997307082746,未央区,108.93843,34.378428
B0HRN7W0V2,秦镇郭家米皮(长乐东苑店),餐饮服务;中餐厅;中餐厅,108.9466693287771,34.37445523835506,未央区,108.951347,34.372929
B0HR7HPGCB,天府米线(草滩一路星雨华府店),餐饮服务;中餐厅;中餐厅,108.907905350248,34.377563558220544,未央区,108.912506,34.375995
B0H26L3WD3,邢老三肉丸糊辣汤(长乐东苑店),餐饮服务;中餐厅;中餐厅,108.9474699800012,34.37381600901055,未央区,108.95215,34.372291
B0GRNLCHC5,老潼关肉夹馍(西安北站店),餐饮服务;中餐厅;中餐厅,108.93376947222164,34.37830199454988,未央区,108.938413,34.376756
B0GK2AGUVP,渝川华酸菜铜锅涮(高铁北站店),餐饮服务;中餐厅;火锅店,108.94746797958872,34.37389497097868,未央区,108.952148,34.37237
B0FFKSAGZE,魏老三腊汁肉夹馍(原秦川路店),餐饮服务;中餐厅;中餐厅,108.94663530915064,34.37593751387708,未央区,108.951313,34.374412
B0FFFDC9MI,李先生牛肉面大王(西安北站餐厅),餐饮服务;快餐厅;快餐厅,108.93511346663746,34.37586434522587,未央区,108.93976,34.374319
B0LGK1R1K4,子午路张记(西安北站店),餐饮服务;中餐厅;中餐厅,108.93437008053336,34.377951318505666,未央区,108.939015,34.376406
B0L01HFF5J,绝味鸭脖(西安北客站五店),餐饮服务;餐饮相关场所;餐饮相关,108.93355784713906,34.379792493158384,未央区,108.938201,34.378247
B0J1HM6C70,吉之源川菜纸包鱼(雨润·星雨华府店),餐饮服务;中餐厅;四川菜(川菜),108.9080262191198,34.37776141817322,未央区,108.912627,34.376193
B0HRHG1LD3,金马鸡汤刀削面(中南紫云集店),餐饮服务;快餐厅;快餐厅,108.90565454222336,34.38757163813534,未央区,108.910254,34.386008
B0GR6NX3QK,户县机场羊羔肉(长乐东苑店),餐饮服务;中餐厅;中餐厅,108.9475067899201,34.37478342137419,未央区,108.952187,34.373259
B0MGGM395Z,书亦烧仙草,餐饮服务;冷饮店;冷饮店,108.93417629435297,34.38098496445852,未央区,108.938821,34.379441
B0H10XW51C,铁蛋鸡汤刀削面(建元二路店),餐饮服务;快餐厅;快餐厅,108.95052151540423,34.37442548632704,未央区,108.955211,34.372907
B0LUL75FLW,石泉食美美食集合店(红会医院店),餐饮服务;中餐厅;中餐厅,108.9475433270934,34.391340351341626,未央区,108.952225,34.389825
B0LUKDKXVH,百岁海鲜甲鱼煲,餐饮服务;中餐厅;海鲜酒楼,108.91035997108357,34.38851279193513,未央区,108.914964,34.386951
B0LR1CT35N,秦味老碗面(文景北路店),餐饮服务;中餐厅;中餐厅,108.929123894971,34.389733932722734,未央区,108.933758,34.388188
B0LK6HL81P,盛蓝范记面馆,餐饮服务;中餐厅;中餐厅,108.91011307938976,34.37807756005338,未央区,108.914716,34.37651
B0LGX591IY,兔婆小竹签烤肉纸包鱼,餐饮服务;中餐厅;特色/地方风味餐厅,108.90848676551158,34.377854233220525,未央区,108.913088,34.376286
B0LGBH0LJL,故湘宴精致小炒,餐饮服务;中餐厅;湖南菜(湘菜),108.90943413473296,34.373847065972896,未央区,108.914036,34.372277
B0LDZHMFSD,君鼎兰州特色面烧烤专门店,餐饮服务;中餐厅;清真菜馆,108.94777658505728,34.39178264377805,未央区,108.952459,34.390268
B0LANRXLU9,富平柿饼(尚苑路店),餐饮服务;中餐厅;中餐厅,108.91644983606852,34.382530864820936,未央区,108.921061,34.380969
B0L3XU0TLV,牛阿良牛肉汤烧饼(兰池佳苑店),餐饮服务;中餐厅;中餐厅,108.90658350881873,34.41533370837741,渭城区,108.911186,34.413786
B0L1SZOUG8,宁夏尔利炒肉片,餐饮服务;中餐厅;清真菜馆,108.91366696003284,34.37770213875213,未央区,108.918274,34.376136
B0L0TXBOX7,胥百味山野优选自助火锅,餐饮服务;中餐厅;特色/地方风味餐厅,108.90807415854704,34.37794330692078,未央区,108.912675,34.376375
B0KUT9VPTF,蜀儿朗市井串串奥达文景观园店,餐饮服务;中餐厅;火锅店,108.94547017164648,34.38301094166385,未央区,108.950145,34.381487
B0KU3HIG1F,小韦川菜纸包鱼烧烤店,餐饮服务;餐饮相关场所;餐饮相关,108.94588694360856,34.38306911497445,未央区,108.950563,34.381546
B0KKVZZLMM,卡里斯塔蛋糕,餐饮服务;糕饼店;糕饼店,108.92883346194424,34.390256998224885,未央区,108.933467,34.388711
B0KAAZ6HHQ,蒲城包子铺(奥达文景观园店),餐饮服务;中餐厅;中餐厅,108.946881971784,34.383300064602594,未央区,108.951561,34.381779
B0K6U1VZU1,合和谷·淮扬菜(北客站店),餐饮服务;中餐厅;中餐厅,108.93921740204496,34.38464116975904,未央区,108.943875,34.383107
B0K3T5W7EC,正北横山羊肉面馆,餐饮服务;中餐厅;中餐厅,108.94572143376962,34.38302745414881,未央区,108.950397,34.381504
B0K177O9NX,澄乐宁时辰包子(雨润·星雨华府店),餐饮服务;餐饮相关场所;餐饮相关,108.91240247780505,34.37817452773314,未央区,108.917008,34.376608
B0K045SGJM,京河澜牛肉面白桦林溪直营店,餐饮服务;餐饮相关场所;餐饮相关,108.9467754376077,34.39373752722348,未央区,108.951455,34.392222
B0JBY5QPHW,麻小辣冒菜(兰池佳苑店),餐饮服务;中餐厅;中餐厅,108.91024880832302,34.4167697645161,渭城区,108.914855,34.415224
B0J3VH0BAJ,新林阁泡馍宁夏特色炒肉片(经发新北居店),餐饮服务;餐饮相关场所;餐饮相关,108.92966867353137,34.39055080669585,未央区,108.934304,34.389006
B0J2M509RQ,福禧嘉宴(长乐东苑店),餐饮服务;中餐厅;中餐厅,108.94648885554209,34.37458252101622,未央区,108.951166,34.373056
B0IU5NS176,葫芦头泡馍梆梆肉(恒大国际城店),餐饮服务;中餐厅;中餐厅,108.91031700944517,34.388613752977506,未央区,108.914921,34.387052
B0IKHSFNUG,伊香苑泡馍烧烤(奥达文景观园店),餐饮服务;中餐厅;清真菜馆,108.94536234927068,34.384696228730405,未央区,108.950037,34.383173
B0I2BHZNIB,杨家面庄(兰池佳苑店),餐饮服务;中餐厅;中餐厅,108.90630276147888,34.4152308282378,渭城区,108.910905,34.413683
B0I1JZC40J,鸿福礼宴(兰池佳苑店),餐饮服务;中餐厅;中餐厅,108.91106988110896,34.417060264422275,渭城区,108.915677,34.415515
B0I0MA0KF6,一真祥泡馍(奥达文景观园店),餐饮服务;中餐厅;清真菜馆,108.94732961780294,34.383431115244505,未央区,108.95201,34.381911
B0HDVUXIJF,蜀遇小厨(铭鸿小区店),餐饮服务;中餐厅;四川菜(川菜),108.94663543571912,34.37438234307162,未央区,108.951313,34.372856
B0HD31RV4K,四川特色豆花牛肉(尚苑路店),餐饮服务;中餐厅;四川菜(川菜),108.90876848353,34.37789612338803,未央区,108.91337,34.376328
B0H1MRZ36A,蜀南烧烤纸包鱼(隆源国际城店),餐饮服务;中餐厅;特色/地方风味餐厅,108.95053249834967,34.37421057779865,未央区,108.955222,34.372692
B0G16AZBJB,铁旦鸡汤刀削面(尚苑路店),餐饮服务;中餐厅;中餐厅,108.91037179697769,34.378123436455574,未央区,108.914975,34.376556
B0FFIL4AR7,百穗香岐山面(恒大国际城店),餐饮服务;中餐厅;中餐厅,108.91083153653884,34.38748916680605,未央区,108.915436,34.385927
B0MGDXRN3B,罗家岐山面,餐饮服务;中餐厅;中餐厅,108.90921802475016,34.37796094184448,未央区,108.91382,34.376393
B0MG5O6WRG,𰻝𰻝面(长乐东苑C区店),餐饮服务;餐饮相关场所;餐饮相关,108.9474929182158,34.373725012065925,未央区,108.952173,34.3722
B0MBMZ6MZK,老兵卓力柠檬,餐饮服务;冷饮店;冷饮店,108.92006546391936,34.381116942333485,未央区,108.924682,34.379557
B0MAMC72OT,土狼大盘鸡,餐饮服务;中餐厅;西北菜,108.9093229187857,34.37794291597716,未央区,108.913925,34.376375
B0LU6LO8QS,暖心食坊饺子馆,餐饮服务;中餐厅;特色/地方风味餐厅,108.94542517728048,34.38455418702979,未央区,108.9501,34.383031
B0LG154TGK,钱多多芒果,餐饮服务;冷饮店;冷饮店,108.9164550530608,34.379754363328765,未央区,108.921066,34.378191
B0LDL9TVYG,运来腊汁肉夹馍(雨润·星雨华府店),餐饮服务;中餐厅;中餐厅,108.91368504691206,34.37634285719462,未央区,108.918292,34.374776
B0L0T48YQM,小翠菠萝蜜,餐饮服务;餐饮相关场所;餐饮相关,108.92007514144888,34.3849098734469,未央区,108.924692,34.383352
B0K6KC38DK,小牟兰州牛肉面(尚宏路店),餐饮服务;中餐厅;清真菜馆,108.91003524880068,34.38939642862809,未央区,108.914639,34.387835
B0K30OWOD0,土豆片夹馍米线擀面皮,餐饮服务;中餐厅;中餐厅,108.94385498268495,34.39347020657564,未央区,108.948526,34.391949
B0K0DHGSZS,西铁秦小味惠民餐厅,餐饮服务;中餐厅;中餐厅,108.93258112786782,34.37952500154527,未央区,108.937222,34.377978
B0JBYHRXPD,过道饺子(兰池佳苑店),餐饮服务;中餐厅;中餐厅,108.90722791157285,34.41558341197791,渭城区,108.911831,34.414036
B0JBY5WFAS,京河澜兰州牛肉面(兰池佳苑店),餐饮服务;中餐厅;中餐厅,108.90930383845183,34.41632736584139,渭城区,108.913909,34.414781
B0ID7CJB38,北站美食城(铭鸿中心店),餐饮服务;中餐厅;中餐厅,108.94660951674508,34.37433541842257,未央区,108.951287,34.372809
B0I2FAEHOR,德明手工面(草滩佳苑店),餐饮服务;中餐厅;中餐厅,108.9279453180094,34.3900061977092,未央区,108.932577,34.388459
B0FFL8JZX2,香居熟食(雨润·星雨华府店),餐饮服务;中餐厅;中餐厅,108.9136221011579,34.376656723011926,未央区,108.918229,34.37509
B0FFIKZAER,马老七饭馆(三园小区店),餐饮服务;中餐厅;中餐厅,108.96394612348163,34.391591146347736,未央区,108.968683,34.390113
B0FFHR9SR9,广式烧腊饭(长乐购物中心店),餐饮服务;中餐厅;中餐厅,108.9096009544796,34.37393596032943,未央区,108.914203,34.372366
B0LULCAI3I,川渝小厨(兴隆苑店),餐饮服务;餐饮相关场所;餐饮相关,108.947311021814,34.391411770239834,未央区,108.951992,34.389896
B0L2PCQIS7,环宇维景酒店·中餐厅,餐饮服务;餐饮相关场所;餐饮相关,108.94584677028192,34.374388860964,未央区,108.950522,34.372861
B0L2BCLPE2,房文辉菠菜面(长乐东苑店),餐饮服务;中餐厅;中餐厅,108.94752273151089,34.37490932276177,未央区,108.952203,34.373385
B0L19PGDY7,曹记鸡汤刀削面(兰池佳苑店),餐饮服务;中餐厅;中餐厅,108.9092698737656,34.416321380887446,渭城区,108.913875,34.414775
B0FFIL4AZT,聚鑫阁牛羊肉泡馍(恒大国际城店),餐饮服务;中餐厅;清真菜馆,108.9106876755128,34.38773808845772,未央区,108.915292,34.386176
B0M62NT511,绥德薛宁羊肉馆,餐饮服务;中餐厅;中餐厅,108.94603747737884,34.383343676920745,未央区,108.950714,34.381821
B0LR0OQF91,云记铜锅涮肉,餐饮服务;中餐厅;火锅店,108.9460641245731,34.37445041126012,未央区,108.95074,34.372923
B0LAKXLY5T,渝城烟火纸包鱼川菜烧烤,餐饮服务;餐饮相关场所;餐饮相关,108.9456707269765,34.39350878490931,未央区,108.950347,34.391991
B0L65HNXX3,奕诺腊汁肉夹馍,餐饮服务;餐饮相关场所;餐饮相关,108.950836562574,34.3739051040721,未央区,108.955527,34.372387
B0HKKSIX0K,京河澜牛肉面(奥达文景观园店),餐饮服务;中餐厅;清真菜馆,108.94459972186544,34.3827487232465,未央区,108.949272,34.381223
B0J10MAOG1,关潼村肉夹馍(西安北客站),餐饮服务;中餐厅;中餐厅,108.93438625068951,34.37538266990432,未央区,108.939031,34.373836
B0H0JSTPPX,安仔包(雨润·星雨华府店),餐饮服务;餐饮相关场所;餐饮相关,108.9107963300128,34.37814425637149,未央区,108.9154,34.376577
B0FFKS6X86,秦镇郭家米皮(雨润·星雨华府店),餐饮服务;快餐厅;快餐厅,108.91228062318156,34.37817358635693,未央区,108.916886,34.376607
B0LGX5BI0K,合家欢东北铁锅炖(雨润•星雨华府店),餐饮服务;中餐厅;中餐厅,108.91287790288362,34.378177293098595,未央区,108.917484,34.376611
B0LG0H613F,重八烫菜,餐饮服务;中餐厅;特色/地方风味餐厅,108.91227163314248,34.378182585784025,未央区,108.916877,34.376616
B0LABU1TW3,贰胖炒肉片·拌面·烧烤,餐饮服务;中餐厅;中餐厅,108.9461024619627,34.39342900229398,未央区,108.95078,34.391912
B0L6H7GII3,老成都川湘菜,餐饮服务;中餐厅;四川菜(川菜),108.9437373311138,34.3933055141865,未央区,108.948408,34.391784
B0L3AAQMET,西安经开区醉川渝麻辣烫麻辣拌香锅,餐饮服务;中餐厅;火锅店,108.90799924948148,34.377704456358174,未央区,108.9126,34.376136
B0L1NZVWOT,省钱购生鲜卤味,餐饮服务;餐饮相关场所;餐饮相关,108.951233308088,34.37384230237134,未央区,108.955925,34.372325
B0L13C6D81,高大姐煎饼屋,餐饮服务;中餐厅;中餐厅,108.91352316802102,34.377372392315465,未央区,108.91813,34.375806
B0L0FU5EB8,清真伊翔斋水盆牛羊肉店,餐饮服务;中餐厅;清真菜馆,108.91021197192016,34.37809451347738,未央区,108.914815,34.376527
B0KR2OA63Z,红会医院北院区营养二餐厅,餐饮服务;中餐厅;中餐厅,108.94575573087556,34.3904033457488,未央区,108.950432,34.388884
B0KKLM0O0W,奕帆佳冒菜(奥达文景观园西区店),餐饮服务;中餐厅;中餐厅,108.94594074879852,34.38351377007797,未央区,108.950617,34.381991
B0K13GXA8U,璀璨老碗面(长乐西苑店),餐饮服务;中餐厅;中餐厅,108.9093888471734,34.37798986817547,未央区,108.913991,34.376422
B0JUSHQ8OE,清真穆春香兰州牛肉面,餐饮服务;中餐厅;中餐厅,108.93540484851177,34.37477349326684,未央区,108.940052,34.373228
B0JUDMT1RO,东北杰哥饺子馆(铭鸿小区店),餐饮服务;中餐厅;综合酒楼,108.94670428957603,34.37365859409433,未央区,108.951382,34.372132
B0J63U6PDU,流星岁月火吧(北客站店),餐饮服务;中餐厅;中餐厅,108.94644796325213,34.37475151022696,未央区,108.951125,34.373225
B0J1GH951R,湘九江湘菜小炒(奥达文景观园店),餐饮服务;中餐厅;湖南菜(湘菜),108.94824165179224,34.38589196078208,未央区,108.952925,34.384375
B0J02XDXE8,陕西biangbiang面(西安北站),餐饮服务;中餐厅;中餐厅,108.93346437557672,34.37597367542814,未央区,108.938107,34.374426
B0IRVHSCBO,清鑫茶艺棋牌(恒大国际城店),餐饮服务;茶艺馆;茶艺馆,108.91211710390598,34.38700287071452,未央区,108.916723,34.385441
B0IAV9NGPD,胖马克兰州牛肉面,餐饮服务;中餐厅;清真菜馆,108.9080082721523,34.37731666179063,未央区,108.912609,34.375748
B0I1SMOCC8,罗家手工饺子馆(雨润·星雨华府店),餐饮服务;中餐厅;中餐厅,108.90917206646228,34.3780249229096,未央区,108.913774,34.376457
B0HDCUK4GI,奕帆家冒菜(隆源国际城b区店),餐饮服务;中餐厅;特色/地方风味餐厅,108.95060425662264,34.37439832801806,未央区,108.955294,34.37288
B0FFMA1URR,清真金兰州牛肉面(星雨华府店),餐饮服务;快餐厅;快餐厅,108.9079962809403,34.377349647489766,未央区,108.912597,34.375781
B0FFLJOLZK,秦记川香砂锅店(雨润·星雨华府店),餐饮服务;快餐厅;快餐厅,108.9079093466143,34.37756155818307,未央区,108.91251,34.375993
B0FFI2MKRV,清香聚牛羊肉泡馍(雨润·星雨华府店),餐饮服务;中餐厅;清真菜馆,108.9136709576384,34.37766915430372,未央区,108.918278,34.376103
B0FFGHKVRW,老潼关肉夹馍凉皮(长乐西苑店),餐饮服务;快餐厅;快餐厅,108.90949306852112,34.37391201096135,未央区,108.914095,34.372342
B0FFLC4I9L,纸包鱼烤肉(草滩佳苑店),餐饮服务;中餐厅;火锅店|餐饮服务;中餐厅;特色/地方风味餐厅,108.9276030149074,34.389998601576096,未央区,108.932234,34.388451
B0MBZODC40,正新鸡排,餐饮服务;餐饮相关场所;餐饮相关,108.93413028690442,34.382418254446655,未央区,108.938775,34.380875
B0JK27TG3D,库迪咖啡(西安北站店),餐饮服务;咖啡厅;咖啡厅,108.93434305414549,34.379067757528084,未央区,108.938988,34.377523
B0J2MYLJUC,COSTA COFFEE(西安北站店),餐饮服务;咖啡厅;咖啡厅,108.93331667829946,34.3764826116122,未央区,108.937959,34.374935
B0H39URDKF,沙县小吃(隆源国际城店),餐饮服务;中餐厅;特色/地方风味餐厅,108.9539113079939,34.37777741946476,未央区,108.958612,34.376268
B0LU4KP2Z6,现炒浇头面,餐饮服务;中餐厅;中餐厅,108.96094532513112,34.37547133810595,未央区,108.96567,34.373977
B0LALXQ0II,秦飨客旗花面,餐饮服务;餐饮相关场所;餐饮相关,108.94508113597288,34.38509754126985,未央区,108.949755,34.383574
B0LA3RGIMG,臻面郎牛肉面,餐饮服务;中餐厅;中餐厅,108.94588390897846,34.38360283056188,未央区,108.95056,34.38208
B0KUAUABW4,小福水饺(白桦林溪店),餐饮服务;中餐厅;特色/地方风味餐厅,108.9468123332886,34.39366549541167,未央区,108.951492,34.39215
B0KAZCH21J,新竹签烧烤豆花鱼(兰池佳苑店),餐饮服务;餐饮相关场所;餐饮相关,108.91139949789842,34.417184050889695,渭城区,108.916007,34.415639
B0K2NSZIYY,溢椒食川湘菜(奥达文景观园店),餐饮服务;中餐厅;四川菜(川菜),108.94516100142464,34.38389904411855,未央区,108.949835,34.382375
B0JRV7JOJI,孟记老碗面(奥达文景观园店),餐饮服务;中餐厅;中餐厅,108.94732862088608,34.38343011775089,未央区,108.952009,34.38191
B0J2MH096R,珩珩麻辣烫香锅(奥达文景观园店),餐饮服务;中餐厅;中餐厅,108.94735753357348,34.38343305918029,未央区,108.952038,34.381913
B0FFH62RRF,鹿晶闽南风味(丽舍春天店),餐饮服务;中餐厅;福建菜,108.9664753096339,34.384418638602085,未央区,108.971221,34.382943
B001D08QVE,福军饭庄(环湖南路店),餐饮服务;中餐厅;中餐厅,108.97866606996324,34.39990979537445,未央区,108.983461,34.398476
B0FFFSJLSU,珍味轩酒楼(留园店),餐饮服务;中餐厅;综合酒楼,108.97731482591612,34.396847356693634,未央区,108.982104,34.395408
B0FFHE4IZC,成都川菜馆(苏席村店),餐饮服务;中餐厅;四川菜(川菜),108.98603107866654,34.380547078731894,未央区,108.990855,34.379124
B0FFHN7ZGX,顶牛富硒牛肉鲜切火锅,餐饮服务;中餐厅;火锅店,108.97600558913726,34.403210444710034,未央区,108.98079,34.401771
B001D08M2G,未央宫,餐饮服务;中餐厅;中餐厅|体育休闲服务;体育休闲服务场所;体育休闲服务场所,108.9764884272469,34.40579961055308,未央区,108.981275,34.404363
B0HUGURXI4,毛记·冒菜(全运村店),餐饮服务;餐饮相关场所;餐饮相关,109.01557161628388,34.39269355708516,灞桥区,109.020523,34.391366
B0H12Z7W10,舌尖大师陕西科技大学沁园餐厅,餐饮服务;中餐厅;中餐厅,108.97534975323146,34.38478055367259,未央区,108.98013,34.383329
B0FFLCBZP2,沙县小吃(骞柳小区店),餐饮服务;中餐厅;中餐厅,109.0164025892441,34.3990825422538,灞桥区,109.021358,34.397761
B0FFJKWHV4,郝老二大盘鸡(家润碧泽园店),餐饮服务;中餐厅;西北菜,108.99513378257367,34.39792619706476,未央区,108.999998,34.39654
B0FFH6OJDE,熊氏鸡公煲(笃信路店),餐饮服务;中餐厅;四川菜(川菜),108.98608278389058,34.381467428040594,未央区,108.990907,34.380045
B0FFGFXA4K,文祥牛羊肉泡馍馆,餐饮服务;中餐厅;中餐厅,108.97977848909994,34.40017946058361,未央区,108.984578,34.398749
B0MGM59EU1,梦龙雪糕,餐饮服务;餐饮相关场所;餐饮相关,108.99232957248272,34.37712409621744,未央区,108.99718,34.375718
B0LBTA55ZP,蜜雪冰城,餐饮服务;冷饮店;冷饮店,108.98590996307446,34.3880513467482,未央区,108.990734,34.386632
B0L1DLVLEX,老潼关肉夹馍,餐饮服务;快餐厅;快餐厅,109.02045221358208,34.405731027759025,灞桥区,109.025425,34.404425
B0KK3UO4DU,陆东包子铺(未央湖店),餐饮服务;餐饮相关场所;餐饮相关,108.9811025550418,34.393882181888905,未央区,108.985907,34.392452
B0K3YHE7KA,沙县小吃(新生活农贸批发市场店),餐饮服务;中餐厅;中餐厅,108.97523110621889,34.410372497246364,未央区,108.980013,34.408935
B0JA2RHGX6,你好签签(西航花园店),餐饮服务;餐饮相关场所;餐饮相关,109.01625116569154,34.39975960342856,灞桥区,109.021206,34.398438
B0IGVH2N4E,挚念粉(科大商场店),餐饮服务;快餐厅;快餐厅,108.975751281992,34.38308235678605,未央区,108.980533,34.381631
B0I2UR10P7,新疆老刘家椒麻鸡大盘鸡(店),餐饮服务;餐饮相关场所;餐饮相关,108.98954501463663,34.38257851996364,未央区,108.994384,34.381167
B0G1DYEH96,秦镇凉皮(未央湖店),餐饮服务;快餐厅;快餐厅,108.97839119882046,34.399831622618514,未央区,108.983185,34.398397
B0FFIBZ7HE,七品香豆腐(西安工业大学店),餐饮服务;中餐厅;中餐厅,108.98607588061884,34.38065688687768,未央区,108.9909,34.379234
B0FFFTL7DY,阳光早餐(雅荷度假山庄店),餐饮服务;中餐厅;中餐厅,108.98589489042833,34.40166378678176,未央区,108.99072,34.400252
B0FFGFRRAD,百兴牛肉馆(丽舍春天店),餐饮服务;中餐厅;中餐厅,108.96597219360476,34.38446191200163,未央区,108.970716,34.382985
B0FFFDCVRV,杭州小笼包(科大时代广场店),餐饮服务;中餐厅;中餐厅,108.97517757696076,34.38316791193524,未央区,108.979957,34.381715
B0LGBCXQHL,京味阁北京烤鸭,餐饮服务;餐饮相关场所;餐饮相关,109.01389530713855,34.408801378110496,灞桥区,109.018841,34.407478
B0L6SR4YC3,绝味鸭脖(全运村店),餐饮服务;餐饮相关场所;餐饮相关,109.01767085414367,34.39249752743992,灞桥区,109.022631,34.391176
B0L17A7OBC,肯德基车速取餐点(未央湖润家店),餐饮服务;餐饮相关场所;餐饮相关,108.97855700408635,34.39403040675979,未央区,108.983351,34.392593
B0FFF9TKYT,新疆特色拌面(环湖南路店),餐饮服务;中餐厅;清真菜馆,108.9796948489952,34.39998381119938,未央区,108.984494,34.398553
B0FFFA9AO3,旺角厨房(骞柳商业步行街店),餐饮服务;中餐厅;中餐厅,109.01660863716867,34.40013934248411,灞桥区,109.021565,34.398819
B0FFFDCWN0,品不凡川菜馆(西安工业大学店),餐饮服务;中餐厅;四川菜(川菜),108.98621131714488,34.38056453601397,未央区,108.991036,34.379142
B0MB1HWE80,大王小郑鲜货烧烤,餐饮服务;中餐厅;特色/地方风味餐厅,108.98476376309776,34.37630609723441,未央区,108.989582,34.374877
B0MANZP9CV,乐乐盐筋烤肉纸包鱼(科大西门店),餐饮服务;餐饮相关场所;餐饮相关,108.96638015500184,34.37850408652571,未央区,108.971125,34.377025
B0LDC9VNDH,蚝筱郎闽南海鲜烧烤大排档,餐饮服务;中餐厅;中餐厅,108.96547761963494,34.37744297587358,未央区,108.970219,34.375961
B0KADPK3F2,荣洲烤肉纸包鱼·江湖菜(香缤国际城店),餐饮服务;中餐厅;特色/地方风味餐厅,108.979712309115,34.39358834981314,未央区,108.984511,34.392154
B0K6Z6SJ9C,椰午椰椰冻(碧桂园·凤凰印象店),餐饮服务;冷饮店;冷饮店,108.98691842329832,34.37945803732221,未央区,108.991746,34.378037
B0J35AT42L,纯七语茶棋牌(未央学府街区店),餐饮服务;餐饮相关场所;餐饮相关,108.98550617363904,34.381936877611004,未央区,108.990328,34.380513
B0HA1RHE1W,山西手工馍(花径巷店),餐饮服务;餐饮相关场所;餐饮相关,108.98178875453986,34.39338746992864,未央区,108.986596,34.391959
B0H6GUYV7A,西安国际港务区现卤现捞(林翠路店),餐饮服务;快餐厅;快餐厅,109.01408146041004,34.40951541538557,灞桥区,109.019028,34.408193
B0MG2Z2E2H,白水包子,餐饮服务;中餐厅;中餐厅,109.01566224535976,34.39258135320889,灞桥区,109.020614,34.391254
B0M6VCK11R,麦新晨汤包,餐饮服务;中餐厅;中餐厅,108.9838108424916,34.37525745551258,未央区,108.988625,34.373825
B0LURU5CY4,冒个泡冒菜店,餐饮服务;中餐厅;特色/地方风味餐厅,108.985821889408,34.381396238002765,未央区,108.990645,34.379973
B0LUMCEUQC,关东煮,餐饮服务;餐饮相关场所;餐饮相关,108.98569050792184,34.380615048658136,未央区,108.990513,34.379191
B0LRRAJWAA,喜赞轻食(光启路),餐饮服务;快餐厅;快餐厅,108.9870199957398,34.37943474838253,未央区,108.991848,34.378014
B0LGH7QV4T,沁森冷饮批发,餐饮服务;冷饮店;冷饮店,108.96650721998547,34.38405075659103,未央区,108.971253,34.382575
B0LBLHHVFX,辣嫂洋芋片夹馍(西工大店),餐饮服务;餐饮相关场所;餐饮相关,108.98621625628503,34.38104426207309,未央区,108.991041,34.379622
B0LA4S463V,泽园香面馆,餐饮服务;中餐厅;中餐厅,109.00383312926498,34.387533563061815,未央区,109.008734,34.386168
B0L6NBGE5U,鲜极乐肉夹馍,餐饮服务;中餐厅;中餐厅,109.01666131728317,34.401309525817105,灞桥区,109.021618,34.39999
B0L17S8DCN,蜜贝初生日蛋糕,餐饮服务;糕饼店;糕饼店,108.99082205112248,34.37678781263232,未央区,108.995666,34.375377
B0L0Y97RST,驴蹄子面,餐饮服务;中餐厅;中式素菜馆,108.97521113252704,34.41102017775436,未央区,108.979993,34.409583
B0KKNU51GR,小茶馆棋牌茶社(金科博翠天宸店),餐饮服务;茶艺馆;茶艺馆,108.99332466676172,34.39666237919251,未央区,108.998181,34.39527
B0KGRDETE5,重庆川菜纸包鱼,餐饮服务;中餐厅;四川菜(川菜),109.02040738620772,34.405869077178686,灞桥区,109.02538,34.404563
B0KBAACOZE,五沁鲜包(陆港绿城西安全运村芳菲郡店),餐饮服务;快餐厅;快餐厅,109.01688811228684,34.39257676522966,灞桥区,109.021845,34.391253
B0K6H578KK,丰禾大碗面(中粮奥体壹号一期店),餐饮服务;中餐厅;中餐厅,109.02416704884574,34.38268635688471,灞桥区,109.029153,34.381378
B0JB25ZL9J,雨辰烧烤·纸包鱼(远洋御山水店),餐饮服务;中餐厅;特色/地方风味餐厅,108.99501053387532,34.4072062932771,未央区,108.999875,34.405825
B0H1UUZDT1,上海贾如生煎爆汁,餐饮服务;餐饮相关场所;餐饮相关,108.98593048912134,34.38070928854413,未央区,108.990754,34.379286
B0FFLER2UU,罗记面馆(龙朔路店),餐饮服务;快餐厅;快餐厅,108.96916333480893,34.38146020606028,未央区,108.973919,34.37999
B0FFK03QUE,鸡汤刀削面(陕科大西门店),餐饮服务;快餐厅;快餐厅,108.9669698673292,34.379315122871006,未央区,108.971717,34.377838
B0FFGFYSA5,关中面馆(西工商业文化街店),餐饮服务;中餐厅;中餐厅,108.98615845230458,34.381617123093726,未央区,108.990983,34.380195
B0M6Y9U89R,邻里小厨(碧桂园凤凰城·天域店),餐饮服务;中餐厅;特色/地方风味餐厅,108.9843344384156,34.37780655543876,未央区,108.989151,34.376377
B0LGSY31M9,瑞幸咖啡(陕西科技大学馨园店),餐饮服务;咖啡厅;咖啡厅,108.97142030440388,34.38489129355796,未央区,108.976185,34.383429
B0LD01F9OX,哎西家火锅外卖(西航花园店),餐饮服务;中餐厅;火锅店,109.01663835895096,34.40194823052606,灞桥区,109.021595,34.400629
B0L3RDO9ND,茶话弄(长安云规划馆店),餐饮服务;冷饮店;冷饮店,109.01272028343688,34.385189119055966,灞桥区,109.017659,34.383849
B0L2LUOTC3,嘎嘎香东北老饭盒(工业大学店),餐饮服务;餐饮相关场所;餐饮相关,108.98623717455082,34.3809662423498,未央区,108.991062,34.379544
B0L1SORYHG,NOWWA挪瓦咖啡(每一天西安奥体中心店),餐饮服务;咖啡厅;咖啡厅,109.02239656714598,34.37864052871705,灞桥区,109.027375,34.377325
B0L05LUW19,边小丫包子,餐饮服务;快餐厅;快餐厅,109.0162190770131,34.402382211189384,灞桥区,109.021174,34.401062
B0KGCUW2NB,红门开开门红,餐饮服务;餐饮相关场所;餐饮相关,108.99145089772593,34.394287356314024,未央区,108.996299,34.392888
B0KBRMMUCN,傻得冒冒菜香锅(科大商场店),餐饮服务;中餐厅;中餐厅,108.97557100800026,34.38306087244551,未央区,108.980352,34.381609
B0K3R4R021,米琪诺生日蛋糕(北大学城店),餐饮服务;糕饼店;糕饼店,108.98613273826692,34.37948934869482,未央区,108.990957,34.378066
B0J2SMFIQL,馄饨王(西安工业大学未央校区店),餐饮服务;中餐厅;特色/地方风味餐厅,108.9856412635694,34.38603024938489,未央区,108.990464,34.384609
B0IAX519CE,扈氏手撕烤鸭(西工大店),餐饮服务;中餐厅;特色/地方风味餐厅,108.98600717891114,34.380553146140244,未央区,108.990831,34.37913
B0FFI51YGP,杜阿婆米线坊(科大时代广场店),餐饮服务;中餐厅;特色/地方风味餐厅,108.97639374797656,34.382439904424665,未央区,108.981178,34.38099
B0FFGEV4ZL,麦香蛋糕(西安工业大学店),餐饮服务;糕饼店;糕饼店,108.98617040140992,34.38162308450424,未央区,108.990995,34.380201
B0FFFDCUU7,乐米其炸鸡汉堡,餐饮服务;快餐厅;快餐厅,108.97189566355851,34.3822344503671,未央区,108.976662,34.380772
B0FFFFQJJ4,湖南蒸菜(沁园六餐厅店),餐饮服务;中餐厅;湖南菜(湘菜),108.97587876559128,34.38312797520825,未央区,108.980661,34.381677
B0MGU5D3OT,大橘包(北大学城店),餐饮服务;糕饼店;糕饼店,108.98628394139538,34.38139587145419,未央区,108.991109,34.379974
B0M6PRMWLX,何三妹老面鲜饺馆,餐饮服务;快餐厅;快餐厅,108.98206657534097,34.39370248777728,未央区,108.986875,34.392275
B0LA49B0E5,杨家面馆,餐饮服务;中餐厅;中餐厅,109.017265810839,34.401092883738954,灞桥区,109.022225,34.399775
B0L2SD68BV,茉里兰山生日蛋糕,餐饮服务;糕饼店;糕饼店,108.98889712895956,34.378307764042425,未央区,108.993733,34.376892
B0KUK9BUMS,亮亮饺子biangbiang面(家润碧泽园店),餐饮服务;中餐厅;特色/地方风味餐厅,108.99708334497272,34.39836603782231,未央区,109.001956,34.396986
B0KKKRX18U,豫新情拌面馆,餐饮服务;中餐厅;中餐厅,108.99045280888257,34.37462407674984,未央区,108.995295,34.373211
B0K35LONUZ,烤香溢竹签烤肉豆花鱼(馨和居店),餐饮服务;餐饮相关场所;餐饮相关,108.98410628163964,34.415134292577704,未央区,108.988925,34.413725
B0FFIA8BJJ,蜀香小厨(翰林北苑店),餐饮服务;中餐厅;中餐厅,108.98839092305396,34.38257996768944,未央区,108.993225,34.381165
B0FFGEWTDW,湖畔烧烤园,餐饮服务;餐饮相关场所;餐饮相关,108.97693192133244,34.402341335001104,未央区,108.98172,34.400904
B0MGVZE83H,柠季·手打柠檬茶(西安医学院未央店),餐饮服务;冷饮店;冷饮店,108.9891671973121,34.387672868216235,未央区,108.994005,34.386263
B0MBY95NP8,云阿蛮云南生烫牛肉米线,餐饮服务;快餐厅;快餐厅,108.98464997976814,34.37943475244916,未央区,108.989468,34.378007
B0MBTSB1B7,顾二叔手作酸奶(西安工业大学店),餐饮服务;冷饮店;冷饮店,108.98476343425484,34.380267969301975,未央区,108.989582,34.378841
B0MBP51KXR,肯德基(全运村店),餐饮服务;餐饮相关场所;餐饮相关,109.02168338754062,34.39140458425394,灞桥区,109.02666,34.390094
B0MB6ZNDYY,蜜雪冰城(远洋御山水启源二路与北辰路交叉口东南角店),餐饮服务;冷饮店;冷饮店,108.9907302671606,34.40278673367605,未央区,108.995576,34.40139
B0M6YZRBP2,小江溪·山野江西菜(奥体中心店),餐饮服务;中餐厅;中餐厅,109.0236637294914,34.375086857657834,灞桥区,109.028647,34.373773
B0M6DH72XK,塔斯汀中国汉堡(西安市未央香缤国际城店),餐饮服务;快餐厅;快餐厅,108.98044123721202,34.39445976833203,未央区,108.985243,34.393028
B0M69DA8Z8,冰城外婆铁锅焖面,餐饮服务;中餐厅;中餐厅,108.986328752653,34.38139174100873,未央区,108.991154,34.37997
B0M67KVV2R,华莱士·全鸡汉堡(陕科大店),餐饮服务;快餐厅;快餐厅,108.97564071448234,34.38322458865797,未央区,108.980422,34.381773
B0LUU1S4O8,库迪咖啡(茂享荟店),餐饮服务;餐饮相关场所;餐饮相关,108.98848582939225,34.40280444264489,未央区,108.993322,34.401401
B0LUPD1ZZ2,面包码头 西航花园店,餐饮服务;糕饼店;糕饼店,109.01685650962584,34.40121201066219,灞桥区,109.021814,34.399893
B0LUFA08TY,蜜雪冰城(苏席商业中心小吃街中段店),餐饮服务;冷饮店;冷饮店,108.98546937473878,34.3813822866155,未央区,108.990291,34.379958
B0LUDZ7BK8,子长煎饼(碧桂园凤凰城店),餐饮服务;餐饮相关场所;餐饮相关,108.98427173383826,34.37741395020431,未央区,108.989088,34.375984
B0LUBZGBJG,茶百道(西安未央香缤国际城店),餐饮服务;冷饮店;冷饮店,108.98003690957572,34.39437198080304,未央区,108.984837,34.392939
B0LUBZADJG,余记无敌·锅锅米线(奥体中心店),餐饮服务;餐饮相关场所;餐饮相关,109.02275216068432,34.37817377358954,灞桥区,109.027732,34.376859
B0LRYAUUPD,曼玲粥(工大店),餐饮服务;中餐厅;中餐厅,108.9855031976648,34.38179896113484,未央区,108.990325,34.380375
B0LRVUKLJN,瑞幸咖啡(长安云规划馆4F店),餐饮服务;休闲餐饮场所;休闲餐饮场所,109.01273616306894,34.38581472991677,灞桥区,109.017675,34.384475
B0LRUBCVSG,luckin coffee 瑞幸咖啡(长安书院店),餐饮服务;休闲餐饮场所;休闲餐饮场所,109.00193303961932,34.379050942600024,未央区,109.006825,34.377675
B0LRCHG38K,瑞幸咖啡(西安医学院未央校区店),餐饮服务;休闲餐饮场所;休闲餐饮场所,108.98799221353605,34.38738853106624,未央区,108.992825,34.385975
B0LRA50WUW,库迪咖啡(润家购物广场店),餐饮服务;咖啡厅;咖啡厅,108.9777303669782,34.39409472024268,未央区,108.982521,34.392655
B0LR5RAOFU,金昆阁·铜炉涮肉(奥体中心店),餐饮服务;中餐厅;火锅店,109.02321813608546,34.3797396160622,灞桥区,109.0282,34.378427
B0LR2Z5CXJ,蜜雪冰城(馨和居南门19号楼一层超市隔壁店),餐饮服务;冷饮店;冷饮店,108.98557802849518,34.41599645572702,未央区,108.990403,34.414592
B0LKL67CN9,蜀辣二姨重庆凉拌菜(工业大学店),餐饮服务;快餐厅;快餐厅,108.9854972817393,34.381089362758345,未央区,108.990319,34.379665
B0LKD5N56W,赵二两火锅供销社(西工大店),餐饮服务;餐饮相关场所;餐饮相关,108.98526309497451,34.38314993629064,未央区,108.990084,34.381726
B0LGOZP9NE,池奈日式咖喱蛋包饭(西安苏席商业中心店),餐饮服务;餐饮相关场所;餐饮相关,108.98502240333164,34.37959057228808,未央区,108.989842,34.378164
B0LDR63RCN,茶百道(西安未央陕西科技大学沁园店),餐饮服务;冷饮店;冷饮店,108.97104795697538,34.38247861252903,未央区,108.975811,34.381014
B0LDLOUV71,塞拉宫牛肉面(未央大学城店),餐饮服务;餐饮相关场所;餐饮相关,108.98547611589407,34.38414576595776,未央区,108.990298,34.382723
B0LDL6MXML,赵天琦米线公司(医学院店),餐饮服务;快餐厅;快餐厅,108.9881993140146,34.387636777612855,未央区,108.993033,34.386224
B0LDHAJJP4,年轻20年乡下菜馆(西安工业大学店),餐饮服务;中餐厅;中餐厅,108.98670532688637,34.37942268852027,未央区,108.991532,34.378001
B0LDH64GWW,川渝小馆,餐饮服务;中餐厅;四川菜(川菜),108.98610455782914,34.383076490802885,未央区,108.990929,34.381655
B0LDCCU8PQ,慕上OnTheMoon·云小馆(浐灞湿地店),餐饮服务;餐饮相关场所;餐饮相关,108.99434533768478,34.41980995978728,未央区,108.999208,34.418434
B0LBZDJBOD,鸡柳大人(西安工业大学店),餐饮服务;餐饮相关场所;餐饮相关,108.98575217238756,34.38152437463707,未央区,108.990575,34.380101
B0LBZCBHRJ,奋斗鸭(碧桂园凤凰城店),餐饮服务;餐饮相关场所;餐饮相关,108.98426675701712,34.377385979815294,未央区,108.989083,34.375956
B0LBPU9NPB,饺满天下.水饺(海生.全运里店),餐饮服务;中餐厅;特色/地方风味餐厅,109.02194938162692,34.39046135025212,灞桥区,109.026927,34.389151
B0LBLUNBTW,铁蛋鸡汤刀削面(中粮奥体一号店),餐饮服务;中餐厅;中餐厅,109.02418496927136,34.382772260079335,灞桥区,109.029171,34.381464
B0LBLHD0BD,米粉阵·新疆大盘鸡炒米粉,餐饮服务;餐饮相关场所;餐饮相关,108.98521155384158,34.38024566151194,未央区,108.990032,34.37882
B0LAZ5WDCO,奔客怪叔叔火锅(凤凰城店),餐饮服务;中餐厅;火锅店,108.99047868489384,34.374785912874614,未央区,108.995321,34.373373
B0LAG6M6OL,小竹签烤肉(浐灞惠泽居),餐饮服务;中餐厅;中餐厅,109.00362630331868,34.38418502216376,未央区,109.008526,34.382817
B0L6Y5FX4W,重庆大队长主题火锅(浐灞国际港店),餐饮服务;中餐厅;火锅店,109.01318102656012,34.41234544193723,灞桥区,109.018124,34.411022
B0L6LB6UXA,肯德基(笃信路店),餐饮服务;快餐厅;肯德基,108.98511004362766,34.37948836915996,未央区,108.98993,34.378062
B0L6LB6UX9,必胜客(笃信路店),餐饮服务;快餐厅;必胜客,108.98520858498806,34.380021791088026,未央区,108.990029,34.378596
B0L6G5TJC6,茶话弄(长安书院店),餐饮服务;休闲餐饮场所;休闲餐饮场所,109.001920099831,34.37899900985578,未央区,109.006812,34.377623
B0L6BZQ8FD,灶座小锅烀饼·铁锅炖(碧桂园店),餐饮服务;中餐厅;东北菜,108.986613731313,34.37921307299819,未央区,108.99144,34.377791
B0L3OSYEB0,杨国福麻辣烫(西安医学院学生食堂店),餐饮服务;中餐厅;特色/地方风味餐厅,108.98851398955142,34.38749591649814,未央区,108.993349,34.386084
B0L3MOPG30,鸽子侯·家宴·民艺院落(未央·浐灞旗舰店),餐饮服务;中餐厅;特色/地方风味餐厅,108.99087465272676,34.378863540455484,未央区,108.995719,34.377454
B0L3JZDYS6,围辣小火锅,餐饮服务;中餐厅;火锅店,108.97641871488848,34.38162427644117,未央区,108.981203,34.380174
B0L3BREHWZ,厨匠博炮崩鸡(工业大学店),餐饮服务;中餐厅;中餐厅,108.98599319250744,34.38109689355991,未央区,108.990817,34.379674
B0L3AST795,瑞幸咖啡(海生全运里店),餐饮服务;咖啡厅;咖啡厅,109.02174825200125,34.389886239711984,灞桥区,109.026725,34.388575
B0L2VL8IDZ,霸碗盖码饭(科大店),餐饮服务;餐饮相关场所;餐饮相关,108.9764735185095,34.381325284276265,未央区,108.981258,34.379875
B0L2UREKK6,1点点(海生·全运里店),餐饮服务;冷饮店;冷饮店,109.02191849099364,34.39065732960612,灞桥区,109.026896,34.389347
B0L2R5M1JB,塔斯汀中国汉堡(西安市灞桥骞柳商业街店),餐饮服务;快餐厅;快餐厅,109.01630691302304,34.399985312587006,灞桥区,109.021262,34.398664
B0L2N7I43H,星巴克西安海生全运里店,餐饮服务;甜品店;甜品店,109.02190252835598,34.39098319461132,灞桥区,109.02688,34.389673
B0L2AH11N1,茶百道(西安未央区长安书院),餐饮服务;冷饮店;冷饮店,109.00263105371889,34.378746986614246,未央区,109.007526,34.377373
B0L1ZSM8TM,谢宝林烤肉拌饭(西安医学院店),餐饮服务;中餐厅;中餐厅,108.98827400657056,34.38752161818972,未央区,108.993108,34.386109
B0L1TX5B4G,张巴适爆炒川味三绝(西工大学店),餐饮服务;中餐厅;四川菜(川菜),108.98563055360242,34.383093882434494,未央区,108.990453,34.381671
B0L1KHTR4G,大叔的虾(海生全运里店),餐饮服务;中餐厅;海鲜酒楼,109.02202214119085,34.38979950933209,灞桥区,109.027,34.388489
B0L1K9VY5Q,鲜啤福鹿家(凤凰城店),餐饮服务;休闲餐饮场所;休闲餐饮场所,108.9852983160006,34.378723226091395,未央区,108.990119,34.377297
B0L1JS7HSK,爷爷不泡茶NOYEYENOTEA(西安工业大学店),餐饮服务;餐饮相关场所;餐饮相关,108.98475346808137,34.38036394680484,未央区,108.989572,34.378937
B0L0N7SYIH,米旗(海生·全运里店),餐饮服务;糕饼店;糕饼店,109.02204197084998,34.39084787350252,灞桥区,109.02702,34.389538
B0L0JUGBMN,叁宝烤肉·西安烧烤(凤凰新城店),餐饮服务;中餐厅;中餐厅,108.98500466107537,34.377392806085695,未央区,108.989824,34.375965
B0L0ACCW4N,库迪咖啡(长安书院店),餐饮服务;咖啡厅;咖啡厅,109.00195494878987,34.37900689976655,未央区,109.006847,34.377631
B0KUYH1ATE,辣动时代自助小火锅(未央湖店),餐饮服务;餐饮相关场所;餐饮相关,108.98039746723953,34.39386322712218,未央区,108.985199,34.392431
B0KUNUJEGE,小竹签烤肉江湖菜西航花园店,餐饮服务;餐饮相关场所;餐饮相关,109.01337037912612,34.398758659386736,灞桥区,109.018313,34.397428
B0KUL7GSZ1,爸爸糖吐司面包(西安海生全运里店),餐饮服务;糕饼店;糕饼店,109.02164967995714,34.389591682743514,灞桥区,109.026626,34.38828
B0KRZ76L1W,霸舌生滚牛肉米粉苏席商业中心店,餐饮服务;餐饮相关场所;餐饮相关,108.98505308877051,34.38181727850527,未央区,108.989873,34.380392
B0KRF1QNX0,朴大叔拌饭(西安工业大学店),餐饮服务;餐饮相关场所;餐饮相关,108.98542855074054,34.381331434607645,未央区,108.99025,34.379907
B0KR75LXS4,蜜雪冰城(景家社区店),餐饮服务;冷饮店;冷饮店,108.97855700408635,34.39403040675979,未央区,108.983351,34.392593
B0KKSR2DY6,沪上阿姨·精选茶饮(西安陕西科技馆店),餐饮服务;休闲餐饮场所;休闲餐饮场所,109.01278599008911,34.38536482783996,灞桥区,109.017725,34.384025
B0KKO5OJW6,袁记云饺(未央区西安工业大学店),餐饮服务;餐饮相关场所;餐饮相关,108.9851259441476,34.37988011110308,未央区,108.989946,34.378454
B0KKKZQH5T,临榆炸鸡腿(苏席商业中心店),餐饮服务;快餐厅;快餐厅,108.98552711992036,34.38152403943731,未央区,108.990349,34.3801
B0KKGUBFAT,花少爷·鲜虾干贝粥(海生全运里店),餐饮服务;餐饮相关场所;餐饮相关,109.02185877145752,34.39022773684295,灞桥区,109.026836,34.388917
B0KKCUFYWC,明洞街韩国炸鸡(北大学城店),餐饮服务;餐饮相关场所;餐饮相关,108.98575725825864,34.38023805507269,未央区,108.99058,34.378814
B0KKB5EF6N,柳州肥姨妈大骨螺蛳粉(未央西工大店),餐饮服务;餐饮相关场所;餐饮相关,108.98459822277025,34.37912407198889,未央区,108.989416,34.377696
B0KKACBR8E,汤厨广州菜(奥体中心店),餐饮服务;餐饮相关场所;餐饮相关,109.02281576391226,34.379795720876125,灞桥区,109.027796,34.378482
B0KK7SOYQE,超享乐剁椒面(长安云店),餐饮服务;中餐厅;中餐厅,109.01274616063688,34.385343957578215,灞桥区,109.017685,34.384004
B0KK1DI2NZ,霸王茶姬(西安苏席商业街店),餐饮服务;冷饮店;冷饮店,108.98525537031044,34.380237536714176,未央区,108.990076,34.378812
B0KG5MA2PD,超鸡魔王火锅鸡(科大店),餐饮服务;餐饮相关场所;餐饮相关,108.9754913317986,34.38301312093768,未央区,108.980272,34.381561
B0KDYUXK8L,必胜客西安全运村餐厅,餐饮服务;快餐厅;快餐厅,109.02185476691928,34.390472612848605,灞桥区,109.026832,34.389162
B0KDURFG0Z,刘文祥麻辣烫西工大店(西工大店),餐饮服务;中餐厅;特色/地方风味餐厅,108.9857323210138,34.38074485499362,未央区,108.990555,34.379321
B0KD1RG9RP,皇三爷火锅(西安工业大学未央校区店),餐饮服务;中餐厅;火锅店,108.98563135082554,34.38548457709168,未央区,108.990454,34.384063
B0KADASL9R,聚福楼泡馍(中粮·奥体壹号店),餐饮服务;中餐厅;清真菜馆,109.02413818067232,34.382505535857675,灞桥区,109.029124,34.381197
B0K64AL6EC,塔斯汀中国汉堡(西安市未央西安工业大学店),餐饮服务;快餐厅;快餐厅,108.98559472119835,34.382893097341736,未央区,108.990417,34.38147
B0K3U9PVG9,幸运咖(陕西科技大学西安校区店),餐饮服务;咖啡厅;咖啡厅,108.97592656245163,34.383258770256866,未央区,108.980709,34.381808
B0K2YATDCS,霸舌生滚牛肉米粉(海生.全运里店),餐饮服务;餐饮相关场所;餐饮相关,109.0221376386917,34.39016797801333,灞桥区,109.027116,34.388858
B0K2XA7MTL,库迪咖啡(陕西科技大学六餐厅店),餐饮服务;餐饮相关场所;餐饮相关,108.97515168727936,34.38308802747878,未央区,108.979931,34.381635
B0K2RLBZEK,茶百道(西安海生全运里店),餐饮服务;餐饮相关场所;餐饮相关,109.02204702807389,34.389935363660705,灞桥区,109.027025,34.388625
B0K2O97RSS,陆东包子铺(西航花园店),餐饮服务;中餐厅;中餐厅,109.0134154478398,34.40747956037908,灞桥区,109.018359,34.406154
B0K2O94K9E,茶话弄(润家购物广场东风路店),餐饮服务;冷饮店;冷饮店,108.97784690327636,34.39397145850503,未央区,108.982638,34.392532
B0K2K7ZA50,一只酸奶牛(海生全运里店),餐饮服务;甜品店;甜品店,109.02194742168578,34.39008556352928,灞桥区,109.026925,34.388775
B0K1TOMEY6,糖一2元面包(笃信路店),餐饮服务;餐饮相关场所;餐饮相关,108.98477337951982,34.38042385586264,未央区,108.989592,34.378997
B0K1S5X7WG,沪上阿姨·精选茶饮(西安苏席商业街店),餐饮服务;休闲餐饮场所;休闲餐饮场所,108.98557986102364,34.38196664394972,未央区,108.990402,34.380543
B0K1OD4BRN,泰熙家(海生·全运里店),餐饮服务;外国餐厅;外国餐厅,109.02177112420664,34.390288952172114,灞桥区,109.026748,34.388978
B0K1OD3PGP,池奈日式咖喱蛋包饭(西安海生全运里店),餐饮服务;外国餐厅;日本料理,109.02199717177676,34.3906351184196,灞桥区,109.026975,34.389325
B0K1LD7YRI,巴老冒豆花冒菜(未央金茂府店),餐饮服务;餐饮相关场所;餐饮相关,108.98877159628978,34.40302546385647,未央区,108.993609,34.401623
B0K107K845,美禧家的炸鸡(海生全运里),餐饮服务;快餐厅;快餐厅,109.02210371170628,34.39093365078889,灞桥区,109.027082,34.389624
B0K105V4VE,霸王茶姬(西安海生全运里店),餐饮服务;冷饮店;冷饮店,109.0218148745732,34.39112036776775,灞桥区,109.026792,34.38981
B0K0N7G4N1,池奈·咖喱蛋包饭(西安奥体中心店),餐饮服务;餐饮相关场所;餐饮相关,109.02368666128012,34.37479994620692,灞桥区,109.02867,34.373486
B0K07ZHDXZ,西雅苏新疆炒米粉(苏席商业中心店),餐饮服务;中餐厅;中餐厅,108.9854614028614,34.38144727496032,未央区,108.990283,34.380023
B0K07ME09H,麦当劳(碧桂园·云府店),餐饮服务;快餐厅;快餐厅,108.9843577015264,34.37347879803496,未央区,108.989174,34.372047
B0K067VGUJ,霸舌生滚牛肉米粉(金茂府店),餐饮服务;餐饮相关场所;餐饮相关,108.98848781269194,34.402903380430736,未央区,108.993324,34.4015
B0JUXCTAH2,麦当劳(远洋御山水得来速餐厅),餐饮服务;快餐厅;麦当劳,108.99134372103684,34.40187141027904,未央区,108.996192,34.400476
B0JUUSQSKX,魏家凉皮(未央金茂府店),餐饮服务;中餐厅;中餐厅,108.98883333210834,34.4030452682025,未央区,108.993671,34.401643
B0JU7APBAR,盛运涮烤…(未央湖店),餐饮服务;中餐厅;火锅店,108.9779255811603,34.39399522201007,未央区,108.982717,34.392556
B0JR25CN7W,茶话弄(西安奥体中心店),餐饮服务;冷饮店;冷饮店,109.02205198312816,34.378501580492646,灞桥区,109.027029,34.377185
B0JKS51IV8,汉堡王(西安奥体中心),餐饮服务;快餐厅;快餐厅,109.02241349924348,34.3786284872378,灞桥区,109.027392,34.377313
B0JDYUZ3KT,麻一生西航涮涮(香缤国际城店),餐饮服务;中餐厅;火锅店,108.97899227110229,34.39347147633225,未央区,108.983788,34.392035
B0JD4MTSME,秘境鹿屿CAKE动物奶油·生日蛋糕(大明宫店),餐饮服务;糕饼店;糕饼店,108.99104862184734,34.38229816207287,未央区,108.995894,34.380891
B0J3V785UQ,米旗(未央金茂府店),餐饮服务;糕饼店;糕饼店,108.98927245445712,34.40315389386772,未央区,108.994112,34.401753
B0J2Y6BXUU,正新鸡排(浐灞·惠泽居店),餐饮服务;餐饮相关场所;餐饮相关,109.0021625786972,34.384634219923804,未央区,109.007056,34.383262
B0J2PS4Z8T,肯德基(西安工业大学店),餐饮服务;快餐厅;肯德基,108.98036693301889,34.37774912916163,未央区,108.985167,34.376308
B0J2F7OT0Z,鱼你在一起(金茂府店 ),餐饮服务;餐饮相关场所;餐饮相关,108.98848781011196,34.4029343628065,未央区,108.993324,34.401531
B0J2DAQNZS,库迪咖啡(西安医学院未央校区店),餐饮服务;咖啡厅;咖啡厅,108.98829094169204,34.38743761382368,未央区,108.993125,34.386025
B0J2CU5DYQ,一粉一城新疆炒米粉(西航花园店),餐饮服务;餐饮相关场所;餐饮相关,109.0137517695555,34.39872454878848,灞桥区,109.018696,34.397395
B0J21SBT9Y,鱼你在一起(华鑫天悦城购物中心店),餐饮服务;餐饮相关场所;餐饮相关,108.97629365289532,34.37639644172635,未央区,108.981077,34.374943
B0J1RHQ6SR,超鸡魔王火锅鸡(西安直营总店),餐饮服务;中餐厅;火锅店,108.98558576365464,34.38283615472084,未央区,108.990408,34.381413
B0J1P73IIJ,慕上OnTheMoon·泰小馆(浐灞湿地店),餐饮服务;餐饮相关场所;餐饮相关,108.994506624494,34.420040335535845,未央区,108.99937,34.418665
B0FFJD101I,苏记葫芦头泡馍,餐饮服务;中餐厅;中餐厅,109.04824854523712,34.38507594774711,灞桥区,109.053323,34.383829
B0L32A2XNY,牛约堡·手作牛肉汉堡(西安港务区新筑店),餐饮服务;中餐厅;中餐厅,109.05771709829487,34.38378412667709,灞桥区,109.06282,34.382555
B0FFG747HO,欣悦人家秘制烤肉,餐饮服务;中餐厅;四川菜(川菜),109.04465847846772,34.41882065373273,灞桥区,109.049724,34.417585
B0FFJFFNH6,土啤精酿鲜啤主题餐厅,餐饮服务;中餐厅;中餐厅,109.05143648885698,34.384978391413,灞桥区,109.056521,34.383738
B0FFHE0Y6V,家之味饭庄,餐饮服务;中餐厅;中餐厅,109.04469840983882,34.418056014485536,灞桥区,109.049764,34.41682
B0FFL4GVLV,馥记老妈砂锅(潮港集装箱商业街店),餐饮服务;中餐厅;东北菜,109.0382632005092,34.379913679151265,灞桥区,109.043303,34.378641
B0FFH2ZC7C,遇道美食(梦想公社店),餐饮服务;中餐厅;中餐厅,109.06824976832924,34.37907723201507,灞桥区,109.073379,34.377862
B001D08ZHK,牛羊肉泡馍馆(港兴四路店),餐饮服务;中餐厅;中餐厅,109.05481236136568,34.38452404717383,灞桥区,109.059907,34.38329
B0FFIL6HOD,小唐手工擀面皮(蓝田晓峰新筑分店),餐饮服务;快餐厅;快餐厅,109.05625324049429,34.383839738259844,灞桥区,109.061352,34.382608
B0FFHQY1XT,鸿源祥泡馍(梦想公社店),餐饮服务;中餐厅;清真菜馆,109.0692764487918,34.37924378899994,灞桥区,109.074408,34.37803
B0FFHDZK70,纯碱酵面馒头,餐饮服务;快餐厅;快餐厅,109.05784275315736,34.383713942038,灞桥区,109.062946,34.382485
B0FFFA93D7,百盛斋泡馍,餐饮服务;中餐厅;清真菜馆,109.06227290586943,34.38317178497468,灞桥区,109.067388,34.38195
B0FFFA9GQ1,回坊斋泡馍(新筑店),餐饮服务;中餐厅;清真菜馆,109.05349227045528,34.38458154260426,灞桥区,109.058583,34.383345
B0LUPR0BF6,秦辣葫芦头,餐饮服务;中餐厅;中餐厅,109.06834356334548,34.4019274685713,灞桥区,109.073475,34.400725
B0HRJKMI6Y,老成都川菜(新筑路店),餐饮服务;中餐厅;四川菜(川菜),109.0523229321429,34.40617575677478,灞桥区,109.057412,34.404949
B0FFF9U7BV,蓉蓉家常菜鱼火锅,餐饮服务;餐饮相关场所;餐饮相关,109.04749298160854,34.38522548553334,灞桥区,109.052565,34.383977
B0MGTX8CHI,二东家现炒下饭菜·烧烤,餐饮服务;中餐厅;中餐厅,109.03820841663044,34.379703926693686,灞桥区,109.043248,34.378431
B0LU7C0X5Z,小杨包子砂锅,餐饮服务;快餐厅;快餐厅,109.04336590210164,34.395338085248234,灞桥区,109.048425,34.394086
B0L39DSCRI,李记重庆荣昌卤鹅秘制啤酒烤鸭卤味店,餐饮服务;餐饮相关场所;餐饮相关,109.06108397285212,34.38352651387228,灞桥区,109.066196,34.382303
B0L1UZ3GWY,口口疆新疆炒米粉(新筑新城店),餐饮服务;餐饮相关场所;餐饮相关,109.03813564600316,34.38009789286615,灞桥区,109.043175,34.378825
B0KRMOY2PL,穆客元牛肉面,餐饮服务;中餐厅;清真菜馆,109.03183685561302,34.38304232490515,灞桥区,109.036853,34.381755
B0JDOMET3J,荞麦棱兰州牛肉面馆(招商局丝路中心B座店),餐饮服务;中餐厅;清真菜馆,109.0351378427074,34.37785659213481,灞桥区,109.040166,34.376575
B0J6DZCQ09,张安民蒲城羊肉馆(阳光STATION店),餐饮服务;餐饮相关场所;餐饮相关,109.06226529794304,34.39038584191143,灞桥区,109.067381,34.389168
B0H2ODCVNC,红海早点,餐饮服务;中餐厅;中餐厅,109.05432003974946,34.3818944114404,灞桥区,109.059413,34.380658
B0FFIK1LN1,西安好小子餐饮有限公司,餐饮服务;中餐厅;中餐厅|公司企业;公司;公司,109.04576766788747,34.385177283793595,灞桥区,109.050834,34.383925
B0FFIBZYX1,巧嫂子手擀菠菜面,餐饮服务;中餐厅;中餐厅,109.05510247807096,34.384914287848915,灞桥区,109.060198,34.383681
B0L3CRK6Q9,卤小鲜,餐饮服务;餐饮相关场所;餐饮相关,109.03827730055777,34.37815858937834,灞桥区,109.043317,34.376885
B0K13O8SIO,金马鸡汤刀削面,餐饮服务;中餐厅;中餐厅,109.04727820212835,34.390778896122235,灞桥区,109.05235,34.389533
B0JU9C4HH0,逍遥牛肉胡辣汤(港兴四路店),餐饮服务;餐饮相关场所;餐饮相关,109.05468083137796,34.38355982121164,灞桥区,109.059775,34.382325
B0JDS7NGLY,沙县小吃(新筑新城店),餐饮服务;中餐厅;特色/地方风味餐厅,109.04102135102208,34.3801109211576,灞桥区,109.046071,34.378845
B0LR6ZFCTM,深渡路社区食堂,餐饮服务;中餐厅;中餐厅,109.04098675699,34.4000140069366,灞桥区,109.046038,34.398759
B0L0JZF66P,老根水饺牛肉面,餐饮服务;餐饮相关场所;餐饮相关,109.0519280098798,34.38459461456773,灞桥区,109.057014,34.383355
B0K6N77QTY,恬甜蛋糕店(中铁卓越城店),餐饮服务;糕饼店;糕饼店,109.0527857494,34.392064804416435,灞桥区,109.057875,34.390831
B0JK2RW8KY,晨光茶文化•茶馆(招商局丝路中心C座店),餐饮服务;茶艺馆;茶艺馆,109.03459679091962,34.37867053376231,灞桥区,109.039623,34.377388
B0J2Y5RNPE,张小厨麻辣烫(招商城市主场店),餐饮服务;中餐厅;中餐厅,109.04063899170522,34.399902896049234,灞桥区,109.045689,34.398647
B0J1U9B5TH,莱一串(新筑店),餐饮服务;中餐厅;中餐厅,109.0550765588267,34.38485636814773,灞桥区,109.060172,34.383623
B0MBX5YSAY,奔客怪叔叔火锅店(港务区店),餐饮服务;中餐厅;火锅店,109.0382043173373,34.38103022052293,灞桥区,109.043244,34.379758
B0LUT557EC,霸舌生滚牛肉米粉(招商局丝路中心店),餐饮服务;餐饮相关场所;餐饮相关,109.03472272135626,34.37400070989305,灞桥区,109.039749,34.372716
B0LU3R9A8X,库迪咖啡(西安中铁卓越中心店),餐饮服务;餐饮相关场所;餐饮相关,109.03843474149676,34.378048262889486,灞桥区,109.043475,34.376775
B0LKYH36OT,柳州肥姨妈大骨螺蛳粉(新筑店),餐饮服务;餐饮相关场所;餐饮相关,109.05950021077348,34.38348818418979,灞桥区,109.064608,34.382262
B0LKPC0FJM,瑞幸咖啡(安居集团店),餐饮服务;休闲餐饮场所;休闲餐饮场所,109.03788671988352,34.37809958117944,灞桥区,109.042925,34.376825
B0LKM75WTN,益禾堂(西安市灞桥区新筑店),餐饮服务;冷饮店;冷饮店,109.05482834990484,34.384115239816,灞桥区,109.059923,34.382881
B0LDP52DKZ,幸运咖(招商城市主场店),餐饮服务;餐饮相关场所;餐饮相关,109.03997232915074,34.40017733530024,灞桥区,109.04502,34.39892
B0LD24FX3H,蜜雪冰城(港兴四路店),餐饮服务;冷饮店;冷饮店,109.06003276491796,34.38358323024374,灞桥区,109.065142,34.382358
B0LAGZSZTR,炊记过把瘾烧烤,餐饮服务;中餐厅;特色/地方风味餐厅,109.0522521655845,34.39443753790863,灞桥区,109.05734,34.393204
B0L3ZS1307,霸碗盖码饭(双寨店),餐饮服务;快餐厅;快餐厅,109.03396954030276,34.37403562154006,灞桥区,109.038993,34.372749
B0L2XZY3P0,寂寞的鸭子(新筑店),餐饮服务;餐饮相关场所;餐饮相关,109.05485625980792,34.38421013541921,灞桥区,109.059951,34.382976
B0L2RHLR2K,珍螺螺蛳粉(中粮·大悦广场),餐饮服务;中餐厅;中餐厅,109.02618112003046,34.38102865840466,灞桥区,109.031175,34.379725
B0L2290M8D,塔斯汀中国汉堡(西安市灞桥双寨店),餐饮服务;快餐厅;快餐厅,109.03470182086647,34.37375089608906,灞桥区,109.039728,34.372466
B0L1OOPK76,明洞街韩国炸鸡(港务区店),餐饮服务;餐饮相关场所;餐饮相关,109.0615198471726,34.38331791605721,灞桥区,109.066633,34.382095
B0L125UVTZ,超鸡魔王火锅鸡(港务新筑店),餐饮服务;中餐厅;火锅店,109.0623517040016,34.38316066569946,灞桥区,109.067467,34.381939
B0L0GR4KQ9,地锅江湖传,餐饮服务;餐饮相关场所;餐饮相关,109.06025217494935,34.38360285118047,灞桥区,109.065362,34.382378
B0L07S170I,鱼你在一起(中粮大悦广场店),餐饮服务;中餐厅;中餐厅,109.02663431266676,34.38109037718898,灞桥区,109.03163,34.379788
B0KKXM4QQZ,luckin coffee 瑞幸咖啡(招商丝路中心店),餐饮服务;咖啡厅;咖啡厅,109.0346599599952,34.37395189611639,灞桥区,109.039686,34.372667
B0KGMDRIAX,6茶共享茶室(西安奥体中心店),餐饮服务;茶艺馆;茶艺馆,109.02609698453384,34.374835215877745,灞桥区,109.03109,34.373528
B0KDUN27WH,华莱士·全鸡汉堡(西安新筑店),餐饮服务;快餐厅;快餐厅,109.05434077583796,34.38423110193491,灞桥区,109.059434,34.382996
B0KAF1JBYB,阿朵妹土豆粉(港务区店),餐饮服务;中餐厅;中餐厅,109.06071395357732,34.38349913866383,灞桥区,109.065825,34.382275
B0K6ZU02DD,羽彤澄城水盆羊肉(西安奥体中心店),餐饮服务;中餐厅;特色/地方风味餐厅,109.02504814409605,34.375217917965735,灞桥区,109.030037,34.373908
B0K2H9M2GM,塔斯汀中国汉堡(西安市灞桥新筑店),餐饮服务;快餐厅;快餐厅,109.05940345969246,34.38364626331101,灞桥区,109.064511,34.38242
B0K2A9WI0Y,思源重庆麻辣烫(欧亚大道店),餐饮服务;中餐厅;特色/地方风味餐厅,109.03494790625038,34.37370929071832,灞桥区,109.039975,34.372425
B0K23UVK88,你好签签(招商城市主场店),餐饮服务;餐饮相关场所;餐饮相关,109.03976108738492,34.40009988713771,灞桥区,109.044808,34.398842
B0K1U7DJOU,食粒派炒菜丸子汤,餐饮服务;中餐厅;中餐厅,109.03391272302484,34.37439557620113,灞桥区,109.038936,34.373109
B0JUMRNT29,李记食味鲜葫芦头,餐饮服务;中餐厅;综合酒楼,109.06200794475927,34.39059213897751,灞桥区,109.067123,34.389374
B0JGJA351I,库迪咖啡(中西部陆港金融小镇店),餐饮服务;咖啡厅;咖啡厅,109.06458783210132,34.37449088168072,灞桥区,109.069708,34.373268
B0J0VCYJRI,茶百道(西安港务新筑店),餐饮服务;休闲餐饮场所;休闲餐饮场所,109.0566480954952,34.38402891436432,灞桥区,109.061748,34.382798
B0J0K55KMI,库迪咖啡(招商局丝路中心G座店),餐饮服务;咖啡厅;咖啡厅,109.0340014054528,34.37421144602064,灞桥区,109.039025,34.372925
B0IAJO61EB,赵记羊杂,餐饮服务;中餐厅;中餐厅,109.0552411141228,34.38444628320618,灞桥区,109.060337,34.383213
B0I3PMGT8Z,茶话弄(新筑街道店),餐饮服务;冷饮店;冷饮店,109.05655336297534,34.38405907033173,灞桥区,109.061653,34.382828
B0I0LSBFBS,陆东包子铺(新筑新城店),餐饮服务;餐饮相关场所;餐饮相关,109.0411140159947,34.38022164195035,灞桥区,109.046164,34.378956
B0I0HRTAG0,一粉一城新疆炒米粉(新筑店),餐饮服务;中餐厅;中餐厅,109.0593685414806,34.38379724082088,灞桥区,109.064476,34.382571
B0HRHU2BDQ,秦月楼老米家泡馍(西铁店),餐饮服务;中餐厅;清真菜馆,109.06269419076924,34.390462120585944,灞桥区,109.067811,34.389245
B0HBRS6VL4,潮牛道涮烤火锅店(绸都潮牛道西安国际港务区店),餐饮服务;餐饮相关场所;餐饮相关,109.06849026265164,34.401567477343946,灞桥区,109.073622,34.400365
B0HBNPVF0B,老米家泡馍(新筑新城店),餐饮服务;中餐厅;中餐厅,109.0410024156738,34.38013295414044,灞桥区,109.046052,34.378867
B0H0JDSOE0,蜜雪冰城(港兴四路店),餐饮服务;冷饮店;冷饮店,109.0555113585036,34.38409596951063,灞桥区,109.060608,34.382863
B0H067FZZ5,兄弟大灶台(港务区总店),餐饮服务;中餐厅;中餐厅,109.06161120750969,34.399425841235306,灞桥区,109.066726,34.398212
B0G30PH9AB,五味包·凉皮(梦想公社店),餐饮服务;快餐厅;快餐厅,109.0666045587116,34.37927538825659,灞桥区,109.07173,34.378058
B0FFMAD4JC,来包辣条(新筑店),餐饮服务;餐饮相关场所;餐饮相关,109.05601689494668,34.384123018357286,灞桥区,109.061115,34.382891
B0FFKTR1JI,瑞幸咖啡(陆港金融小镇店),餐饮服务;餐饮相关场所;餐饮相关,109.06500079302982,34.374809098036,灞桥区,109.070122,34.373587
B0FFHCMVVS,汉中热米皮潼关肉夹馍,餐饮服务;快餐厅;快餐厅,109.04953245393123,34.384901337274265,灞桥区,109.054611,34.383657
B0FFH2ZCSK,李想大虾(港务区店),餐饮服务;餐饮相关场所;餐饮相关,109.05862459214757,34.383628615973734,灞桥区,109.06373,34.382401
B001D08NCQ,珍珍饭店,餐饮服务;中餐厅;中餐厅,109.05466182962527,34.38422449526136,灞桥区,109.059756,34.38299
B0FFH9N6JL,麦旗蛋糕(港务区店),餐饮服务;糕饼店;糕饼店,109.05494897978812,34.38430590839745,灞桥区,109.060044,34.383072
B0KRLOAQNR,爸爸糖吐司面包(西安海生全运里店),餐饮服务;糕饼店;糕饼店,109.05539960836364,34.3849577078818,灞桥区,109.060496,34.383725
B0LRF998DD,幸运咖(新筑医院店),餐饮服务;咖啡厅;咖啡厅,109.05749670501775,34.38391244917346,灞桥区,109.062599,34.382683
B0L29DRI16,曼玲粥店(西安新筑店),餐饮服务;中餐厅;中餐厅,109.05765228599114,34.38371228097394,灞桥区,109.062755,34.382483
B0L1HZWIEI,快乐番薯(西安灞桥新筑港兴四路店),餐饮服务;休闲餐饮场所;休闲餐饮场所,109.06029208133084,34.38345186653575,灞桥区,109.065402,34.382227
B0K3DRQI1Z,马亮麻辣烫(港兴四路店),餐饮服务;中餐厅;特色/地方风味餐厅,109.06180212095607,34.38320851906005,灞桥区,109.066916,34.381986
B0JK6UUDN7,关潼村肉夹馍(招商丝路中心G座店),餐饮服务;快餐厅;快餐厅,109.03399444011914,34.37411251657759,灞桥区,109.039018,34.372826
B0J17SBYG0,安旗(新筑店),餐饮服务;中餐厅;中餐厅|餐饮服务;糕饼店;糕饼店,109.05928976629842,34.38367644142188,灞桥区,109.064397,34.38245
B0HUYMSKNR,好食惠(港兴四路店),餐饮服务;中餐厅;中餐厅,109.0489014553011,34.38499360941181,灞桥区,109.053978,34.383748
B0HKLRV8D5,长安真味宴会中心,餐饮服务;中餐厅;中餐厅,109.0600972635528,34.39886165769763,灞桥区,109.065208,34.397645
B0H6UZSZ2I,绝味鸭脖(新筑店),餐饮服务;餐饮相关场所;餐饮相关,109.0549649272028,34.38437384133005,灞桥区,109.06006,34.38314
B0FFMCY2EO,辣动时代自助小火锅(新筑),餐饮服务;中餐厅;中餐厅,109.06135625795888,34.383518073225986,灞桥区,109.066469,34.382295
B0FFI32ZVT,大口味鸭霸王(新筑店),餐饮服务;餐饮相关场所;餐饮相关,109.0552610715684,34.38426634393596,灞桥区,109.060357,34.383033
B0FFHRH1S4,老潼关肉夹馍,餐饮服务;快餐厅;快餐厅,109.06859897717844,34.40202707211446,灞桥区,109.073731,34.400825
B0KRX74QQ4,一粉一城新疆炒米粉(港务区店),餐饮服务;餐饮相关场所;餐饮相关,109.03833483555644,34.38114683732263,灞桥区,109.043375,34.379875
B0KKG9E0G6,阿狗手打手作黑糖珍珠奶茶(新筑店),餐饮服务;冷饮店;冷饮店,109.05558414911914,34.38407584503363,灞桥区,109.060681,34.382843
B0KAURO2R3,缇里咖啡(西安双寨店),餐饮服务;咖啡厅;咖啡厅,109.03397853207152,34.373737756800885,灞桥区,109.039002,34.372451
B0K6BC9AJX,景娘家煮馍(招商央畔店),餐饮服务;中餐厅;中餐厅,109.04724327428514,34.40282721034826,灞桥区,109.052316,34.401588
B0JR31FD4L,孙闯老味道火锅串串川湘菜(新筑新城店),餐饮服务;中餐厅;中餐厅,109.04096555876218,34.37997612614714,灞桥区,109.046015,34.37871
B0JDPZTHLW,赵记羊杂(新筑新城店),餐饮服务;中餐厅;中餐厅,109.0384065349624,34.3816313993721,灞桥区,109.043447,34.38036
B0HDKMCMEF,膳当家做更好的黄焖鸡米饭(华东购物广场店),餐饮服务;餐饮相关场所;餐饮相关,109.0593865215231,34.38346439122013,灞桥区,109.064494,34.382238
B0H2P5PEUL,李大碗菠菜面,餐饮服务;中餐厅;中餐厅,109.0526538190473,34.38433531591848,灞桥区,109.057742,34.383097
B0G2NZ3CYD,恒霞记缙云烧饼,餐饮服务;快餐厅;快餐厅,109.060505515185,34.3834125317951,灞桥区,109.065616,34.382188
B0G21UA7R5,老四川川菜(港兴四路店),餐饮服务;中餐厅;四川菜(川菜),109.049775683842,34.384902830471304,灞桥区,109.054855,34.383659
B0FFG76Q3W,吴家凉皮(物美超市店),餐饮服务;中餐厅;中餐厅,109.0548872257986,34.38355543350435,灞桥区,109.059982,34.382321
B0MBFD5VEV,铁蛋鸡汤刀削面,餐饮服务;快餐厅;快餐厅,109.03341286321748,34.39470678856187,灞桥区,109.038436,34.39343
B0L3PRHSL8,傻得冒香锅冒菜(招商城市主场店),餐饮服务;中餐厅;特色/地方风味餐厅,109.04016342636044,34.4027794008667,灞桥区,109.045212,34.401524
B0MGKRKXOQ,宋氏重庆鸡公煲(双寨店),餐饮服务;中餐厅;四川菜(川菜),109.03438695336268,34.37427742127294,灞桥区,109.039412,34.372992
B0M6RDZKAA,土猪妹横山打拼伙羊肉,餐饮服务;中餐厅;中餐厅,109.05803786143404,34.376202649724746,灞桥区,109.063141,34.37497
B0M647KKUC,当院菠菜面,餐饮服务;餐饮相关场所;餐饮相关,109.03824342009143,34.378192654184154,灞桥区,109.043283,34.376919
B0LUAZMBQY,贾氏陕北风味馆,餐饮服务;中餐厅;中餐厅,109.0250629925998,34.387998954272675,灞桥区,109.030053,34.386696
B0LRAL0YWN,盛唐宴礼宴中心(港务店),餐饮服务;中餐厅;中餐厅,109.06310790061517,34.381696270781795,灞桥区,109.068225,34.380475
B0LKVU5LAU,和顺祥肉丸胡辣汤,餐饮服务;中餐厅;中餐厅,109.04110308451529,34.379871856574034,灞桥区,109.046153,34.378606
B0LG1A3NC7,丝路抓饭(梦想公社店),餐饮服务;中餐厅;清真菜馆,109.06846329202791,34.37898999378273,灞桥区,109.073593,34.377775
B0LDCLTZB6,袁味鲜饺馆,餐饮服务;中餐厅;特色/地方风味餐厅,109.03868484962474,34.377937710961845,灞桥区,109.043726,34.376665
B0L23A4M8I,陕北羊肉面-喜事饸饹,餐饮服务;中餐厅;中餐厅,109.0258424200958,34.38161527630885,灞桥区,109.030835,34.380311
B0L1ZRNZ7T,古觉兰州炒面片(奥体店),餐饮服务;中餐厅;清真菜馆,109.0261253447268,34.38099882841075,灞桥区,109.031119,34.379695
B0L1N1XSGV,于记食堂肉丸胡辣汤手擀面饺子,餐饮服务;快餐厅;快餐厅,109.04080639840788,34.39993747827068,灞桥区,109.045857,34.398682
B0L1H6VOFP,西安国际港务区潮港集装箱南口纸包鱼烧烤小龙虾店(二楼),餐饮服务;餐饮相关场所;餐饮相关,109.0382403123116,34.37957591743151,灞桥区,109.04328,34.378303
B0L14H10NJ,馋丫头米线屋(中铁店),餐饮服务;中餐厅;中餐厅,109.03907540069564,34.37847047388156,灞桥区,109.044118,34.377199
B0L0GL41AS,天天早餐,餐饮服务;中餐厅;中餐厅,109.06106403893833,34.38337063138428,灞桥区,109.066176,34.382147
B0L0F53INQ,秦香汇(全运村店),餐饮服务;中餐厅;中餐厅,109.02538467335302,34.38835586433634,灞桥区,109.030376,34.387054
B0KUR9ZQCD,玲瓏中餐厅·西安伊敦诺富特酒店,餐饮服务;中餐厅;中餐厅,109.03564889546274,34.37843698516222,灞桥区,109.040679,34.377157
B0KGC53MFC,秦汉烧烤(奥体阳光城店),餐饮服务;中餐厅;特色/地方风味餐厅,109.0618784679679,34.376936780790096,灞桥区,109.066992,34.375711
B0KD0RVCP5,食宜全日制餐厅·西安伊敦诺富特酒店,餐饮服务;餐饮相关场所;餐饮相关,109.035595084694,34.37855505771973,灞桥区,109.040625,34.377275
B0K2LRN78Z,渝妹老火锅(陆港运动公园店),餐饮服务;中餐厅;火锅店,109.06170995765014,34.39933873071498,灞桥区,109.066825,34.398125
B0K0KKYA0O,九间房油泼面,餐饮服务;餐饮相关场所;餐饮相关,109.03843445870208,34.381346485278144,灞桥区,109.043475,34.380075
B0JUKZ3IDV,鸿溢饺子馆,餐饮服务;中餐厅;综合酒楼,109.0477775411678,34.402743106350634,灞桥区,109.052852,34.401505
B0JRSDJE4P,李家碱面时辰包子(新筑新城店),餐饮服务;快餐厅;快餐厅,109.04109414750036,34.379505075483145,灞桥区,109.046144,34.378239
B0JK2SVJ3M,余记白水包子(招商央畔店),餐饮服务;中餐厅;中餐厅,109.04734795691004,34.402543145459546,灞桥区,109.052421,34.401304
B0JAZ97STT,喜农油泼面(新筑街道店),餐饮服务;中餐厅;中餐厅,109.05992704398,34.38364337571148,灞桥区,109.065036,34.382418
B0J6GCQTZQ,十二香辣土豆片夹馍(港兴四路店),餐饮服务;中餐厅;中餐厅,109.05969069233156,34.38351884349055,灞桥区,109.064799,34.382293
B0J35RUPLB,兰啦啦牛肉面(招商城市主场店),餐饮服务;中餐厅;中餐厅,109.04071771322536,34.399911703698365,灞桥区,109.045768,34.398656
B0J24ZQON6,陕一勺酸辣白菜港务区店,餐饮服务;中餐厅;中餐厅,109.05480779494268,34.37967868321823,灞桥区,109.059902,34.378442
B0J1DZWXTT,清真清雅聚泡馍烧烤(奥体店),餐饮服务;中餐厅;清真菜馆,109.02619947233347,34.37605228352596,灞桥区,109.031193,34.374746
B0IUY78VDE,顺娃传统烤肉坊(新筑店),餐饮服务;中餐厅;中餐厅,109.06107200447676,34.38352553404542,灞桥区,109.066184,34.382302
B0IUHHNIHX,百盛斋泡馍(梦想公社店),餐饮服务;中餐厅;中餐厅,109.0667751621032,34.37922117742353,灞桥区,109.071901,34.378004
B0HR9789AM,红馆食尚,餐饮服务;中餐厅;中餐厅,109.06856109878076,34.401612357779385,灞桥区,109.073693,34.40041
B0H0T7PEPW,重庆川菜(港兴四路店),餐饮服务;中餐厅;中餐厅,109.0625920872599,34.38315928572812,灞桥区,109.067708,34.381938
B0H0S54AFR,皖乡故里徽菜馆(阳光STATION店),餐饮服务;中餐厅;安徽菜(徽菜),109.0635290856148,34.3903378890595,灞桥区,109.068648,34.389122
B0GR37KE56,薛家米皮店,餐饮服务;餐饮相关场所;餐饮相关,109.06178715785634,34.38323153066457,灞桥区,109.066901,34.382009
B0GR2OB55C,杨老大烤肉江湖菜(新筑店),餐饮服务;中餐厅;特色/地方风味餐厅,109.05672090788576,34.38380190572226,灞桥区,109.061821,34.382571
B0GKD7SADX,港港大块牛肉面(港宁路店),餐饮服务;中餐厅;综合酒楼,109.06350614988452,34.390261966361,灞桥区,109.068625,34.389046
B0FFL0DG96,岐丰手擀面,餐饮服务;餐饮相关场所;餐饮相关,109.06921261393484,34.37897501653581,灞桥区,109.074344,34.377761
B0FFKGN995,绿晓厨餐厅,餐饮服务;中餐厅;四川菜(川菜),109.02518647618233,34.3882494732121,灞桥区,109.030177,34.386947
B0FFK6MTAP,阿乐私房面馆(潮港集装箱商业街店),餐饮服务;中餐厅;中餐厅,109.03794531290526,34.38036021934738,灞桥区,109.042984,34.379087
B0MAK9P5FZ,林泓路夜市,餐饮服务;中餐厅;中餐厅,109.0471614091228,34.40436351202401,灞桥区,109.052234,34.403125
B0M6USPK1V,西安万福花饽饽(花馍),餐饮服务;餐饮相关场所;餐饮相关,109.0522881092074,34.39382280941732,灞桥区,109.057376,34.392589
B0LKOAFYLJ,渭南时辰包子,餐饮服务;快餐厅;快餐厅,109.0433722196547,34.39140825865903,灞桥区,109.048431,34.390154
B0LKFDTJFL,尚记大碗面,餐饮服务;餐饮相关场所;餐饮相关,109.07209610690528,34.41698805900376,灞桥区,109.077237,34.415799
B0LGO169F4,川渝小厨,餐饮服务;中餐厅;中餐厅,109.05014653444258,34.384676186764814,灞桥区,109.055227,34.383433
B0LDFCYQMT,无俗尘炭焙茶文化体验,餐饮服务;餐饮相关场所;餐饮相关,109.03461970449084,34.3786794703947,灞桥区,109.039646,34.377397
B0L3TH8M8R,甜也,餐饮服务;冷饮店;冷饮店,109.03176813202344,34.38288559071817,灞桥区,109.036784,34.381598
B0L2XAXPWM,竹签烤肉.纸包鱼.江湖菜,餐饮服务;中餐厅;中餐厅,109.0395817396305,34.39995040404391,灞桥区,109.044628,34.398692
B0KU5XT5XD,马璇家潼关肉夹馍,餐饮服务;中餐厅;中餐厅,109.05897862551592,34.383564037620594,灞桥区,109.064085,34.382337
B0KRC5CQ5Y,麦溪村鸡汤刀削面(招商央畔店),餐饮服务;中餐厅;中餐厅,109.0468376164084,34.40268017517062,灞桥区,109.051909,34.40144
B0KGV5G3RG,少野家锅锅米线(招商央畔店),餐饮服务;餐饮相关场所;餐饮相关,109.04679774897748,34.402662272259924,灞桥区,109.051869,34.401422
B0KD4H0QBF,小王鸡汤刀削面,餐饮服务;中餐厅;中餐厅,109.0441809826746,34.38538472815212,灞桥区,109.049242,34.384129
B0KB2UJOHQ,马记菠菜面,餐饮服务;中餐厅;中餐厅,109.06031801245076,34.3834468259104,灞桥区,109.065428,34.382222
B0JRPKIIUE,啤啤卤精酿卤味店(绿地璀璨天城店),餐饮服务;餐饮相关场所;餐饮相关,109.04616828770148,34.39732566851801,灞桥区,109.051237,34.396081
B0JR1UU38E,巷子里香锅冒菜(招商城市主场店),餐饮服务;快餐厅;快餐厅,109.03981986613655,34.40023866715163,灞桥区,109.044867,34.398981
B0JG0SD38D,大碗手擀面(港务区分店),餐饮服务;餐饮相关场所;餐饮相关,109.05252017455597,34.4079873255579,灞桥区,109.05761,34.406762
B0I0BRGJA2,王氏.现捞卤菜,餐饮服务;餐饮相关场所;餐饮相关,109.04338571283718,34.38515766666149,灞桥区,109.048444,34.3839
B0HBXNO93W,鸡汤刀削面,餐饮服务;快餐厅;快餐厅,109.04621519319488,34.38505036493909,灞桥区,109.051283,34.383799
B0HA5MMUEB,道味岐山面馆(霸耿路店),餐饮服务;中餐厅;中餐厅,109.05520398888564,34.387137880484815,灞桥区,109.0603,34.385906
B0H3Z5FANL,脆皮五花肉(X210店),餐饮服务;中餐厅;中餐厅,109.05456121879212,34.38315226968126,灞桥区,109.059655,34.381917
B0FFMG4S5J,兴兴川菜石锅鱼,餐饮服务;中餐厅;四川菜(川菜),109.0489483179429,34.38484958932102,灞桥区,109.054025,34.383604
B0FFMEX1T1,成都地摊鱼,餐饮服务;中餐厅;中餐厅,109.04447607957836,34.41899596175537,灞桥区,109.049541,34.41776
B0FFKMP46C,香辣排骨面,餐饮服务;中餐厅;中餐厅,109.0452580176702,34.4123970713408,灞桥区,109.050325,34.411159
B0FFKG9ENT,湘秦快餐,餐饮服务;快餐厅;快餐厅,109.0425914336939,34.38528542955129,灞桥区,109.047647,34.384026
B0FFJIV3SY,杭州小笼包(新筑街道店),餐饮服务;中餐厅;中餐厅,109.06070099586388,34.383408209587216,灞桥区,109.065812,34.382184
B0LGYD104J,大帆手擀菠菜面,餐饮服务;中餐厅;中餐厅,109.0343760315932,34.373842680528014,灞桥区,109.039401,34.372557
B0L2JR6PS6,好欢乐螺蛳粉,餐饮服务;餐饮相关场所;餐饮相关,109.06075484556683,34.38349407374379,灞桥区,109.065866,34.38227
B0L1BO09WQ,小竹签烤肉江湖菜纸包鱼(宁海湾店),餐饮服务;中餐厅;中餐厅,109.0431715642166,34.395387504258714,灞桥区,109.04823,34.394135
B0KUDM9WOF,爱知饺子馆(陆港绿城西安全运村甘棠苑北苑店),餐饮服务;餐饮相关场所;餐饮相关,109.03232300334858,34.382997074961736,灞桥区,109.037341,34.381711
B0KKG5E654,麻禧红油米线,餐饮服务;中餐厅;中餐厅,109.03419069749326,34.37417897692414,灞桥区,109.039215,34.372893
B0KD1UG7EE,赵记羊汤(招商央畔店),餐饮服务;餐饮相关场所;餐饮相关,109.0470120461302,34.402654810005465,灞桥区,109.052084,34.401415
B0KAV5DEVK,农家手擀面(中铁卓越城店),餐饮服务;中餐厅;中餐厅,109.05228910832584,34.393797821361105,灞桥区,109.057377,34.392564
B0FFL1RSA9,飞凡熟食凉菜坊,餐饮服务;快餐厅;快餐厅,109.05500880089052,34.3843497718692,灞桥区,109.060104,34.383116
B0FFK10QY2,一品香大盆骨(新筑分店),餐饮服务;中餐厅;中餐厅,109.05260096167176,34.384540308357494,灞桥区,109.057689,34.383302
B0FFIL6N8P,馋嘴冒菜(潘骞路店),餐饮服务;中餐厅;四川菜(川菜),109.0617033750007,34.38324166035762,灞桥区,109.066817,34.382019
B0MAGSXZRW,苗记老街蒸肉港务区店,餐饮服务;中餐厅;中餐厅,109.04700352706872,34.39741678997141,灞桥区,109.052075,34.396174
B0LRJCI24B,屿你蛋糕店,餐饮服务;糕饼店;糕饼店,109.0263107667826,34.39081894429363,灞桥区,109.031306,34.389521
B0LKO5G99P,霸舌生滚牛肉米粉(中粮大悦广场店),餐饮服务;中餐厅;中餐厅,109.02607952785571,34.38099195857429,灞桥区,109.031073,34.379688
B0LA4K15YM,邱师傅超大碗牛肉面,餐饮服务;中餐厅;中餐厅,109.04320631853308,34.38526402071422,灞桥区,109.048264,34.384006
B0L3M5KIFR,老延安串串,餐饮服务;中餐厅;火锅店,109.02570439785576,34.388321996876655,灞桥区,109.030697,34.387021
B0L3C5J97Y,麻迷儿嫂子砂锅涮牛肚(绿地璀璨天成店),餐饮服务;餐饮相关场所;餐饮相关,109.04772448320074,34.39384523085765,灞桥区,109.052798,34.392602
B0L0CZWZP8,来喋面,餐饮服务;餐饮相关场所;餐饮相关,109.04317057477274,34.39530455293014,灞桥区,109.048229,34.394052
B0K17UJEPI,小杨包子(绿地璀璨天城店),餐饮服务;餐饮相关场所;餐饮相关,109.04765366293636,34.394428058040134,灞桥区,109.052727,34.393185
B0I3TOKAA9,胖子荞面饸饹(新筑新城店),餐饮服务;中餐厅;中餐厅,109.0414646524718,34.38178596796311,灞桥区,109.046516,34.380522
B0H2OK8IQK,中国兰州牛肉面(新筑总店),餐饮服务;中餐厅;清真菜馆,109.0600158089975,34.38360024953218,灞桥区,109.065125,34.382375
B0G14BBKMR,朋来聚小南门葫芦头(新筑新城店),餐饮服务;中餐厅;中餐厅,109.0410821572235,34.37988090123786,灞桥区,109.046132,34.378615
B0FFK6KMY6,唐肥肠葫芦头(潮港集装箱商业街店),餐饮服务;中餐厅;中餐厅,109.0382582178309,34.379921687053496,灞桥区,109.043298,34.378649
B0L1J59GV2,老兰家泡馍,餐饮服务;中餐厅;特色/地方风味餐厅,109.05981734239882,34.3836105789448,灞桥区,109.064926,34.382385
B0KRDUO1K6,沙县小吃,餐饮服务;餐饮相关场所;餐饮相关,109.034940937972,34.3736423440459,灞桥区,109.039968,34.372358
B0K1H7LQV2,户县机场羊羔肉(城市主场店),餐饮服务;中餐厅;中餐厅,109.04015172254736,34.39982510404648,灞桥区,109.0452,34.398568
B0FFGFPJF3,二宝灌汤包(新合总店),餐饮服务;餐饮相关场所;餐饮相关,109.09951456030818,34.41789714619608,灞桥区,109.104692,34.416724
B0FFG57ZN8,广学烤板筋(万家购物中心店),餐饮服务;中餐厅;中餐厅,109.14121058563912,34.4066202750526,临潼区,109.146371,34.405405
B0FFGDDDLJ,二宝灌汤包(西宣路店),餐饮服务;中餐厅;中餐厅,109.14027149363484,34.406474946268446,临潼区,109.145433,34.405261
B0JDPCKZXR,农乡坊关中老碗面,餐饮服务;中餐厅;中餐厅,109.13975409567657,34.40419748073986,临潼区,109.144916,34.402983
B0I07HO0C9,金马刀削鸡汤面(西韩公路店),餐饮服务;中餐厅;中餐厅,109.099891463353,34.41651098298805,灞桥区,109.105069,34.415337
B0HR0AUAF5,小杨姐妹面馆,餐饮服务;中餐厅;中餐厅,109.0990885392954,34.4210532641481,灞桥区,109.104266,34.419882
B0J057WQ60,春树大锅炖,餐饮服务;中餐厅;中餐厅,109.09742803700192,34.382233304515594,临潼区,109.102601,34.38104
B0LKG71TJX,福满阁驴肉火烧,餐饮服务;中餐厅;特色/地方风味餐厅,109.13773171458284,34.40559773768041,临潼区,109.142896,34.404387
B0LDT74CU9,王家饺子馆,餐饮服务;中餐厅;特色/地方风味餐厅,109.0978985378251,34.384234202071724,临潼区,109.103072,34.383042
B0LDCDMV8S,王家饺子馆(西泉街道店),餐饮服务;中餐厅;特色/地方风味餐厅,109.13796998887976,34.4054291754988,临潼区,109.143134,34.404218
B0G2ZRGNL2,小唐卤百香,餐饮服务;餐饮相关场所;餐饮相关,109.1139643637721,34.3838675573502,临潼区,109.119142,34.38267
B0FFGP1NAM,刘涛烤肉(西泉店),餐饮服务;中餐厅;特色/地方风味餐厅,109.1375974835525,34.40657398634612,临潼区,109.142762,34.405364
B0FFIL7M93,老马家手擀面泡馍,餐饮服务;中餐厅;清真菜馆,109.1013357205762,34.404826892452384,灞桥区,109.106513,34.403646
B0MB11WP7Y,胖媛甑糕,餐饮服务;糕饼店;糕饼店,109.139298149136,34.374827017463815,临潼区,109.144458,34.373597
B0L0RR865H,正宗羊肉板面,餐饮服务;餐饮相关场所;餐饮相关,109.1426833654224,34.406658509175486,临潼区,109.147842,34.405441
B0KGCR991F,馋鸭鲜卤现捞,餐饮服务;餐饮相关场所;餐饮相关,109.09797148536067,34.38427217999581,临潼区,109.103145,34.38308
B0JB473KU2,和盛楼泡馍烧烤,餐饮服务;中餐厅;清真菜馆,109.11806630337472,34.38397648248552,临潼区,109.123243,34.382776
B0HRDSVPJN,光头面馆(港兴四路店),餐饮服务;中餐厅;中餐厅,109.0925783620741,34.37882686417356,灞桥区,109.097747,34.377631
B0G39NLI31,老重庆川菜石锅鱼,餐饮服务;中餐厅;中餐厅,109.0973901001633,34.38181653207542,临潼区,109.102563,34.380623
B001D08MMM,西泉阿康烧烤店(西麦路店),餐饮服务;中餐厅;特色/地方风味餐厅,109.13769469239324,34.40539280211752,临潼区,109.142859,34.404182
B0FFL77WS2,刘记老潼关肉夹馍,餐饮服务;中餐厅;中餐厅,109.09795746313708,34.38463298349685,临潼区,109.103131,34.383441
B0L1JA71SX,御卤世家椒麻鸡(临潼西泉店),餐饮服务;餐饮相关场所;餐饮相关,109.13780175640392,34.40598861390748,临潼区,109.142966,34.404778
B0L1CZ5JNW,毛大碗西府削筋面临潼西泉店,餐饮服务;餐饮相关场所;餐饮相关,109.13947177052115,34.40422504811665,临潼区,109.144634,34.403011
B0LD4HQ5IP,渝厨川菜馆,餐饮服务;中餐厅;四川菜(川菜),109.12609469401772,34.39105420965187,临潼区,109.131268,34.38985
B0L21CUH28,梅本果木窑炉面包,餐饮服务;糕饼店;糕饼店,109.11624312910617,34.380064198341046,临潼区,109.12142,34.378863
B0KUBURSQQ,常祥聚手擀面,餐饮服务;中餐厅;中餐厅,109.10624542151214,34.3990663113228,灞桥区,109.111424,34.397881
B0IANRJ0X5,一川居饭庄,餐饮服务;中餐厅;四川菜(川菜),109.09725638528252,34.379641713741066,临潼区,109.102429,34.378447
B0HDBZFPZI,蜀江湖川香鱼庄,餐饮服务;中餐厅;中餐厅,109.106441391375,34.39888048304322,灞桥区,109.11162,34.397695
B0FFMHXT5U,西泉鸿运猪蹄(西泉店),餐饮服务;餐饮相关场所;餐饮相关,109.13857375895658,34.40423672853808,临潼区,109.143737,34.403024
B0FFLI3HD3,骊泉食府,餐饮服务;中餐厅;综合酒楼,109.14026167357582,34.4042921810506,临潼区,109.145423,34.403077
B0FFKWFIW0,老慕家猪蹄坊,餐饮服务;餐饮相关场所;餐饮相关,109.10016293989172,34.38655999666793,临潼区,109.105338,34.385369
B0L057TYHA,皖北小灶,餐饮服务;中餐厅;安徽菜(徽菜),109.13748784218257,34.40113493269728,临潼区,109.142652,34.399922
B0KD41YDG2,王记卤味,餐饮服务;快餐厅;快餐厅,109.13799597662047,34.405892947177335,临潼区,109.14316,34.404682
B0K2A9SPFS,兰州牛肉拉面,餐饮服务;中餐厅;清真菜馆,109.08858369767086,34.400909049235494,灞桥区,109.09375,34.399724
B0J0ZMCOJH,桥梓口早点,餐饮服务;中餐厅;中餐厅,109.10587265278188,34.3975000705018,灞桥区,109.111051,34.396314
B0H65HO1XU,归园农舍川菜,餐饮服务;中餐厅;四川菜(川菜),109.13771653219516,34.3960851049071,临潼区,109.14288,34.394869
B0H0ACWD6Q,成都川菜纸包鱼,餐饮服务;中餐厅;四川菜(川菜),109.09897955811672,34.387431456399305,临潼区,109.104154,34.386241
B0GK1L1T81,正宗河南羊肉烩面,餐饮服务;餐饮相关场所;餐饮相关,109.09845706730532,34.385391565830034,临潼区,109.103631,34.3842
B0G25YSUUH,东哥私房牛肉面,餐饮服务;中餐厅;中餐厅,109.0995657163,34.41577839325535,灞桥区,109.104743,34.414604
B0FFGCTRX3,红园餐厅,餐饮服务;中餐厅;中餐厅,109.13768250231097,34.39600510111933,临潼区,109.142846,34.394789
B0KDBLUPA1,安徽太和牛肉板面,餐饮服务;餐饮相关场所;餐饮相关,109.13979594173874,34.40650122411251,临潼区,109.144958,34.405288
B0J16CYKE4,老尚面馆山西刀削面,餐饮服务;中餐厅;中餐厅,109.10091688974714,34.40531156500409,灞桥区,109.106094,34.404131
B0FFL942UZ,丰润聚泡馍烧烤,餐饮服务;中餐厅;清真菜馆,109.09659435732016,34.37404575262717,灞桥区,109.101766,34.372848
B0J2AU8SSI,迈德思客西泉店,餐饮服务;快餐厅;快餐厅,109.13768671898478,34.40499102061178,临潼区,109.142851,34.40378
B0MBOCXLBB,花汐悦音乐餐厅,餐饮服务;中餐厅;中餐厅,109.13951281606178,34.404239100581,临潼区,109.144675,34.403025
B0KB7HNDPI,张三丰秦汉茶苑,餐饮服务;茶艺馆;茶艺馆,109.13267991627596,34.391161991662216,临潼区,109.137848,34.38995
B0J3OMUFPL,古都铁片面馆(大明汽配城店),餐饮服务;中餐厅;中餐厅,109.10585366081796,34.39746508406483,灞桥区,109.111032,34.396279
B0HDMCVYF0,黄飞煌面馆,餐饮服务;中餐厅;中餐厅,109.11465146752408,34.383877007294,临潼区,109.119829,34.382679
B0GUDAPA2M,西安国际港务区醉香猪蹄,餐饮服务;中餐厅;中餐厅,109.09922577615836,34.41740542288128,灞桥区,109.104403,34.416232
B0GRNRD2QP,美人椒26元自助小火锅(西泉店),餐饮服务;中餐厅;火锅店,109.13974402375244,34.4048860724322,临潼区,109.144906,34.403672
B0GKJBVSPI,川庆楼炒菜石锅鱼,餐饮服务;中餐厅;中餐厅,109.09846292534952,34.386966703442965,临潼区,109.103637,34.385776
B0G26RNOHM,中国兰州牛肉面(西北大明汽配物流园店),餐饮服务;中餐厅;清真菜馆,109.1058666567168,34.39747308374292,灞桥区,109.111045,34.396287
B0FFM9FH3V,赵彬烧烤店,餐饮服务;中餐厅;中餐厅,109.14426829047925,34.407344596979954,临潼区,109.149425,34.406125
B0L0XAL2XX,西安国际港务区半亩糖田蛋糕工厂店,餐饮服务;糕饼店;糕饼店,109.09941258705967,34.418280915279084,灞桥区,109.10459,34.417108
B0J10UDC84,正宗裤带面(港兴四路店),餐饮服务;中餐厅;中餐厅,109.0886305263903,34.379408910878496,灞桥区,109.093795,34.378212
B0K64MIDYV,福到排骨面馆,餐饮服务;餐饮相关场所;餐饮相关,109.13771168575276,34.40567866270872,临潼区,109.142876,34.404468
B0JRAYF5KB,西泉自助火锅,餐饮服务;中餐厅;火锅店,109.13929449752736,34.40504132090909,临潼区,109.144457,34.403828
B0HGSR6BIO,硬骨头羊汤馆,餐饮服务;中餐厅;中餐厅,109.09702355491709,34.379607744575246,临潼区,109.102196,34.378413
B0MGJLD1FJ,老米家泡馍烧烤(西泉店),餐饮服务;中餐厅;清真菜馆,109.09791250393876,34.384513049763335,临潼区,109.103086,34.383321
B0KRCZ8F56,蜜雪冰城(西宣路店),餐饮服务;冷饮店;冷饮店,109.13795994837272,34.40576596821064,临潼区,109.143124,34.404555
B0K3HU3QG5,小归小麻辣烫,餐饮服务;中餐厅;中餐厅,109.08863752814328,34.379294969234024,灞桥区,109.093802,34.378098
B0IDF5Q9SH,中源美食广场,餐饮服务;中餐厅;中餐厅,109.08495074942574,34.37335105063281,灞桥区,109.09011,34.372149
B0FFLBUCYU,兰州拉面,餐饮服务;餐饮相关场所;餐饮相关,109.09786358785136,34.383933366716384,临潼区,109.103037,34.382741
B0FFILB558,老二包子店,餐饮服务;中餐厅;中餐厅,109.0978455901448,34.38404630560111,临潼区,109.103019,34.382854
B0J6MGFNN2,唐一刀鸡汤刀削面,餐饮服务;中餐厅;中餐厅,109.09817423219852,34.385618442429646,临潼区,109.103348,34.384427
B0J3AGO81W,阿朵妹砂锅土豆粉,餐饮服务;餐饮相关场所;餐饮相关,109.09963258793306,34.416793801191034,灞桥区,109.10481,34.41562
B0HD154RPZ,进吉烧烤江湖菜,餐饮服务;中餐厅;特色/地方风味餐厅,109.13845061688836,34.40429851479832,临潼区,109.143614,34.403086
B0G09CR8OU,唐娜正宗裤带面(西韩公路店),餐饮服务;餐饮相关场所;餐饮相关,109.09758988120696,34.38272503154278,临潼区,109.102763,34.381532
B0MGGC42NQ,大签门巴蜀味道串串香火锅,餐饮服务;中餐厅;火锅店,109.14011150796156,34.40419401326692,临潼区,109.145273,34.402979
B0LATU1GRI,汇茗轩,餐饮服务;茶艺馆;茶艺馆,109.1195838503252,34.383955757676155,临潼区,109.12476,34.382754
B0L115KZGE,成双馄饨王米线店(港务区),餐饮服务;中餐厅;特色/地方风味餐厅,109.10624043957009,34.3988744178777,灞桥区,109.111419,34.397689
B0JGVS760B,我爱螺螺蛳粉,餐饮服务;餐饮相关场所;餐饮相关,109.13795897746245,34.40542216370795,临潼区,109.143123,34.404211
B0FFGFQAYV,嘉乐小吃(西宣路),餐饮服务;中餐厅;中餐厅,109.13804396585418,34.40661460222539,临潼区,109.143208,34.405404
B0JD7Z4AAU,西北牛肉面,餐饮服务;中餐厅;清真菜馆,109.10642240237476,34.3988055187604,灞桥区,109.111601,34.39762
B0FFGFQ3ZI,金刀鸡汤刀削面(三里村路),餐饮服务;中餐厅;中餐厅,109.10065965045594,34.40956908960909,灞桥区,109.105837,34.408391
B0FFGAJNL9,正宗南七荞面饸饹(新合店),餐饮服务;中餐厅;中餐厅,109.09956761984203,34.416863756607576,灞桥区,109.104745,34.41569
B0KUUURUVQ,兴隆寨农家土菜,餐饮服务;中餐厅;中餐厅,109.08625944257132,34.379672922257946,灞桥区,109.091421,34.378475
B0KGZNV3JC,兰州牛肉拉面,餐饮服务;中餐厅;清真菜馆,109.09987748590436,34.416345079416644,灞桥区,109.105055,34.415171
B0JD6H23MD,诚和面馆,餐饮服务;中餐厅;中餐厅,109.13955486832208,34.40419019051666,临潼区,109.144717,34.402976
B0JAGAH68H,聚福堂水盆羊肉,餐饮服务;中餐厅;中餐厅,109.1379151557976,34.39143598031159,临潼区,109.143078,34.390217
B0FFMAKXFW,老传统酵面蒸馍店,餐饮服务;餐饮相关场所;餐饮相关,109.1046821410303,34.38449491852376,临潼区,109.109859,34.383302
B0HDX7AEV2,荆楚乡情洪湖味道土菜馆,餐饮服务;中餐厅;中餐厅,109.10118661665248,34.40685671068216,灞桥区,109.106364,34.405677
B0FFLIMUV2,东来福葫芦头泡馍店,餐饮服务;中餐厅;中餐厅,109.09742004934772,34.38215634658771,临潼区,109.102593,34.380963
B0FFH1JVSV,赵一刀鸡汤刀削面,餐饮服务;中餐厅;中餐厅,109.13795498572308,34.40527824035594,临潼区,109.143119,34.404067
B0KRZ15K7G,秦月轩泡馍烧烤,餐饮服务;中餐厅;中餐厅,109.12579949198984,34.39113084790708,临潼区,109.130973,34.389927
B0G2JHIAZ6,和顺轩葫芦头,餐饮服务;中餐厅;中餐厅,109.09847508311884,34.38507873680832,临潼区,109.103649,34.383887
B0FFL4XZW4,人和川菜馆,餐饮服务;中餐厅;中餐厅,109.09802539356616,34.3849068329421,临潼区,109.103199,34.383715
B0FFH47O5F,辛家凉皮店,餐饮服务;中餐厅;中餐厅,109.09984148288464,34.41661391929765,灞桥区,109.105019,34.41544
B0M69DBLRH,沙县小吃,餐饮服务;中餐厅;中餐厅,109.08860868131391,34.40076012273233,灞桥区,109.093775,34.399575
B0J254N7B1,晓丰蛋糕工坊,餐饮服务;糕饼店;糕饼店,109.09939259765976,34.41829590554217,灞桥区,109.10457,34.417123
B0J01O681I,阿朵妹土豆粉(西泉店),餐饮服务;中餐厅;中餐厅,109.1411405131992,34.406496240148286,临潼区,109.146301,34.405281
B0GRNR9EJG,袁师傅腊汁肉夹馍(西韩公路店),餐饮服务;快餐厅;快餐厅,109.09958560340402,34.41693071822219,灞桥区,109.104763,34.415757
B0FFMHK1KZ,渝香园川菜馆(鹤翔路店),餐饮服务;中餐厅;中餐厅,109.13826633274633,34.40521672360103,临潼区,109.14343,34.404005
B0FFLCIFX3,沙县小吃,餐饮服务;中餐厅;中餐厅,109.09791551803512,34.38432914997643,临潼区,109.103089,34.383137
B0FFL4XXRN,万家香水饺,餐饮服务;快餐厅;快餐厅,109.13735624875432,34.40628780733264,临潼区,109.142521,34.405078
B0FFL3FE6E,老杨家泡馍烧烤(西韩公路店),餐饮服务;中餐厅;清真菜馆,109.09685367483068,34.3796477336571,临潼区,109.102026,34.378453
B0M6UDPKTT,龙溪土菜江西小炒,餐饮服务;中餐厅;中餐厅,109.09840122399834,34.38401731549597,临潼区,109.103575,34.382825
B0KR6RFEXF,川渝川菜馆(港兴四路店),餐饮服务;中餐厅;四川菜(川菜),109.0884577226322,34.379495939504885,灞桥区,109.093622,34.378299
B0H35C46RX,鸡汤刀削面,餐饮服务;快餐厅;快餐厅,109.09657740762536,34.373615982476075,灞桥区,109.101749,34.372418
B0H0MOOTL3,老杨家食府,餐饮服务;中餐厅;中餐厅,109.10642340029904,34.398826507270314,灞桥区,109.111602,34.397641
B0FFL516A6,斜口荞面饸饹(西宣路店),餐饮服务;中餐厅;中餐厅,109.13801895951588,34.40637470395775,临潼区,109.143183,34.405164
B0I06LX1D8,沙县小吃(西部新材料交易中心店),餐饮服务;中餐厅;中餐厅,109.0975914039209,34.39955171103779,灞桥区,109.102766,34.398368
B0LRTCADFD,兰湘阁饭店,餐饮服务;中餐厅;中餐厅,109.0978297282768,34.382594095746725,临潼区,109.103003,34.381401
B0LRKXKGH7,毛女花馍,餐饮服务;中餐厅;中餐厅,109.13585867756964,34.406282713831,临潼区,109.141025,34.405075
B0L2F52GT1,餐厅,餐饮服务;中餐厅;中餐厅,109.0884354920605,34.38242936286405,灞桥区,109.0936,34.381234
B0L04LZ5NN,芯辰包子店,餐饮服务;餐饮相关场所;餐饮相关,109.08968234941102,34.37907965748683,灞桥区,109.094848,34.377883
B0KUJYGF0R,金姐肉夹馍丸子汤,餐饮服务;中餐厅;中餐厅,109.09930661772776,34.41865369094036,灞桥区,109.104484,34.417481
B0KRYKKY6M,隆鼎烧烤,餐饮服务;中餐厅;特色/地方风味餐厅,109.0974200488222,34.382162343335345,临潼区,109.102593,34.380969
B0KATUMKVA,佰泰猪蹄烧烤店(西泉店),餐饮服务;中餐厅;特色/地方风味餐厅,109.13814327730604,34.404305067322944,临潼区,109.143307,34.403093
B0JU49H5HA,西安国际港务区军利烧烤海鲜大排档,餐饮服务;餐饮相关场所;餐饮相关,109.09949968050564,34.41662889106676,灞桥区,109.104677,34.415455
B0JRPHI79V,渝厨·石锅鱼,餐饮服务;中餐厅;中餐厅,109.13997933319048,34.404444673570616,临潼区,109.145141,34.40323
B0JBZHMQ4T,和月楼泡馍烧烤,餐饮服务;中餐厅;清真菜馆,109.14402806502292,34.40643473989144,临潼区,109.149185,34.405215
B0J3RL3OR9,君再来卤肉凉菜面食,餐饮服务;中餐厅;中餐厅,109.08900510749788,34.37920985900878,灞桥区,109.09417,34.378013
B0H6UUUJIV,港务区娟娟荞面饸饹店,餐饮服务;中餐厅;中餐厅,109.0990856546768,34.41976002969267,灞桥区,109.104263,34.418588
B0H121CPTS,臻味轩餐馆,餐饮服务;中餐厅;中餐厅,109.09893369241128,34.42039764820789,灞桥区,109.104111,34.419226
B0FFLCL04Z,同盛楼泡馍(西韩公路店),餐饮服务;中餐厅;清真菜馆,109.10099583482425,34.39408391729252,灞桥区,109.106172,34.392897
B0FFLB7D34,秦汉包子铺,餐饮服务;餐饮相关场所;餐饮相关,109.13764258045822,34.40602536536455,临潼区,109.142807,34.404815
B0FFK23YPO,董家纯手工米皮店,餐饮服务;快餐厅;快餐厅,109.09955454605468,34.41779121059455,灞桥区,109.104732,34.416618
B0LRSZ4XMR,周大嘴掉渣饼,餐饮服务;中餐厅;中餐厅,109.09952853169806,34.418129010358264,灞桥区,109.104706,34.416956
B0I3TXNEMF,逍遥镇王东胡辣汤,餐饮服务;中餐厅;中餐厅,109.0978816551288,34.38302685951225,临潼区,109.103055,34.381834
B0I2XR4TQA,馄饨王(西宣路店),餐饮服务;中餐厅;中餐厅,109.13771670618658,34.40550776775061,临潼区,109.142881,34.404297
B0HR3CC623,穿骨香手撕鸭(京昆高速店),餐饮服务;中餐厅;中餐厅,109.10435227161544,34.38424696636631,临潼区,109.109529,34.383054
B0HDZD04WI,吕家清真逍遥胡辣汤,餐饮服务;快餐厅;快餐厅,109.09803237715003,34.385040759719494,临潼区,109.103206,34.383849
B0HBTU4XKV,福建千里香馄饨,餐饮服务;中餐厅;中餐厅,109.10491509103257,34.38422712896486,临潼区,109.110092,34.383034
B0H334NRE7,沙县小吃(西北大明汽配物流园店),餐饮服务;中餐厅;特色/地方风味餐厅,109.10633641646068,34.398875449843075,灞桥区,109.111515,34.39769
B0FFL2KEZZ,老马家泡馍馆,餐饮服务;中餐厅;中餐厅,109.13761799820824,34.400958218288835,临潼区,109.142782,34.399745
B0KG1H7D5W,申氏烧饼,餐饮服务;餐饮相关场所;餐饮相关,109.0994415877182,34.418077036727354,灞桥区,109.104619,34.416904
B0M6HRCJ63,川渝小厨,餐饮服务;中餐厅;中餐厅,109.08875721015212,34.415551539156745,灞桥区,109.093925,34.414375
B0LDTX8NTK,潼莱倩(西泉店),餐饮服务;餐饮相关场所;餐饮相关,109.1367425900954,34.40635490261236,临潼区,109.141908,34.405146
B0L3CRJVBW,友家早餐,餐饮服务;中餐厅;中餐厅,109.09907680268348,34.41813698719895,灞桥区,109.104254,34.416964
B0L07727B5,重庆鸡公煲西泉店,餐饮服务;餐饮相关场所;餐饮相关,109.14107944158702,34.40648615356485,临潼区,109.14624,34.405271
B0KABR92WY,正宗重庆小面,餐饮服务;中餐厅;中餐厅,109.09777464663864,34.383952358502675,临潼区,109.102948,34.38276
B0J1DY3NEJ,特色裤带面,餐饮服务;快餐厅;快餐厅,109.10119869501976,34.405895263712324,灞桥区,109.106376,34.404715
B0IDF5S4GR,姐弟中式快餐,餐饮服务;快餐厅;快餐厅,109.0978765603974,34.38414625046234,临潼区,109.10305,34.382954
B0IA31B45K,伊然特色手工面,餐饮服务;中餐厅;中餐厅,109.09765891149688,34.38183651133489,临潼区,109.102832,34.380643
B0I2UKJNRV,陈家早餐店,餐饮服务;中餐厅;中餐厅,109.09907754349022,34.42108224662028,灞桥区,109.104255,34.419911
B0HGUYEH7N,河南赵峰烩面,餐饮服务;中餐厅;中餐厅,109.10636240416343,34.39894541926214,灞桥区,109.111541,34.39776
B0FFKZNNBV,晟诚裤带面馆,餐饮服务;中餐厅;中餐厅,109.13803310997795,34.404835605727186,临潼区,109.143197,34.403624
B0FFKRYCAM,天津鸡汁包(椿树村店),餐饮服务;快餐厅;快餐厅,109.10564287851714,34.38423534054296,临潼区,109.11082,34.383042
B0MA61MZMD,重庆川菜鱼庄,餐饮服务;中餐厅;四川菜(川菜),109.11829637947388,34.38397566909815,临潼区,109.123473,34.382775
B0LBLLN1VG,口味王,餐饮服务;中餐厅;中餐厅,109.09125440882973,34.41615026084874,灞桥区,109.096425,34.414975
B0L0HDQ4NM,善茶记饮品店,餐饮服务;甜品店;甜品店,109.1028978046458,34.3844005525504,临潼区,109.108074,34.383208
B0L077283V,硅宝·好巴适,餐饮服务;餐饮相关场所;餐饮相关,109.09771085566142,34.3820663851721,临潼区,109.102884,34.380873
B0KR51SM3F,黄焖鸡米饭(港兴四路店),餐饮服务;中餐厅;中餐厅,109.08688165220542,34.379551660368385,灞桥区,109.092044,34.378354
B0GKOZ6MWG,牛肉水煎包,餐饮服务;中餐厅;中餐厅,109.09802739880011,34.38483187382743,临潼区,109.103201,34.38364
B0GK27KMAK,溢香源蛋糕,餐饮服务;餐饮相关场所;餐饮相关,109.10367351460404,34.38422981048724,临潼区,109.10885,34.383037
B0FFIL9RZ1,河南大饼,餐饮服务;中餐厅;中餐厅,109.09619059021418,34.374869349044,灞桥区,109.101362,34.373672
B0LG57440X,杜记秦镇米皮肉夹馍,餐饮服务;中餐厅;中餐厅,109.141185566919,34.40649430945667,临潼区,109.146346,34.405279
B0IDF5SB4P,温州海鲜大排档,餐饮服务;中餐厅;海鲜酒楼,109.10650033459716,34.3993722260194,灞桥区,109.111679,34.398187
B0GR1OZIBS,农家包子店,餐饮服务;中餐厅;中餐厅,109.13732518977496,34.39517605650989,临潼区,109.142489,34.39396
B0LR0ONJTU,大拇指劳保,餐饮服务;餐饮相关场所;餐饮相关,109.10834604654848,34.3988112553173,灞桥区,109.113525,34.397625
B0M60GKZQ9,擀面皮,餐饮服务;餐饮相关场所;餐饮相关,109.08834687482504,34.37926111518159,灞桥区,109.093511,34.378064
B0LKOMEZ2L,三秦羊杂(港兴四路店),餐饮服务;中餐厅;中餐厅,109.08817208233717,34.37927718515939,灞桥区,109.093336,34.37808
B0KBF7UHDZ,美味福来包,餐饮服务;餐饮相关场所;餐饮相关,109.08843377114796,34.37926607393033,灞桥区,109.093598,34.378069
B0LAPXLMMU,川菜鱼庄,餐饮服务;中餐厅;中餐厅,109.08836083536625,34.37952196840967,灞桥区,109.093525,34.378325
B0K6TSSJOR,阿远川味米线,餐饮服务;中餐厅;中餐厅,109.13776072522012,34.40583564287508,临潼区,109.142925,34.404625
B0L06ZNT76,南京盐水鸭,餐饮服务;餐饮相关场所;餐饮相关,109.09791751300769,34.38437112705268,临潼区,109.103091,34.383179
B0M6967XHM,湘味快餐(二分店),餐饮服务;中餐厅;中餐厅,109.09659237316656,34.37388183996744,灞桥区,109.101764,34.372684
B0L2H9AORG,湘味快餐,餐饮服务;中餐厅;湖南菜(湘菜),109.1257514651127,34.39107882504714,临潼区,109.130925,34.389875
B0LR5G8YQV,香辣爆肚面,餐饮服务;中餐厅;中餐厅,109.08873540066163,34.37944084848792,灞桥区,109.0939,34.378244
B0LAG4LUOO,王记关中老碗面,餐饮服务;中餐厅;中餐厅,109.08823200728872,34.379314138139804,灞桥区,109.093396,34.378117
B0KRM1WR2B,老陕面馆,餐饮服务;中餐厅;中餐厅,109.0875128720777,34.37942741316056,灞桥区,109.092676,34.37823
B0LRCRH77I,红辣椒炒菜石锅鱼,餐饮服务;中餐厅;中餐厅,109.09862286260253,34.42068647157069,灞桥区,109.1038,34.419515
B0LR57BFK3,热焰烧烤,餐饮服务;中餐厅;特色/地方风味餐厅,109.13839455808473,34.40426145484268,临潼区,109.143558,34.403049
B0L2X1ZELA,实惠面馆,餐饮服务;中餐厅;中餐厅,109.12579605070312,34.39613305724369,临潼区,109.13097,34.394932
B0K3UMVYPX,南七二怪臊子饸饹,餐饮服务;中餐厅;中餐厅,109.0978506005096,34.383889390955154,临潼区,109.103024,34.382697
B0LANR0VFG,思味特面包,餐饮服务;糕饼店;糕饼店,109.13792811685944,34.403448246877524,临潼区,109.143092,34.402236
B0M67AWT4J,川渝小厨,餐饮服务;中餐厅;中餐厅,109.12570100235848,34.395976043033485,临潼区,109.130875,34.394775
B0M61RIMSE,英姐川渝香锅冒菜,餐饮服务;餐饮相关场所;餐饮相关,109.09778964001232,34.38391138043717,临潼区,109.102963,34.382719
B0LKUHZLXC,汇正餐饮店,餐饮服务;中餐厅;中餐厅,109.10751537404724,34.373783624797426,临潼区,109.112692,34.372584
B0LKKCO0WG,拉条子扯面,餐饮服务;中餐厅;中餐厅,109.09766578685704,34.383203768946814,临潼区,109.102839,34.382011
B0M6ZM06CR,小马哥牛肉拉面,餐饮服务;餐饮相关场所;餐饮相关,109.08866050755556,34.37922199860422,灞桥区,109.093825,34.378025
B0M64CK6EZ,胖嫂饺子馆手擀面,餐饮服务;中餐厅;中餐厅,109.08817208513462,34.37924520238548,灞桥区,109.093336,34.378048
B0LKLL9VFM,刘记特色米线肉夹馍,餐饮服务;中餐厅;中餐厅,109.09824215315548,34.38600922818344,临潼区,109.103416,34.384818
B0LD2XPYWG,兰州牛肉拉面,餐饮服务;快餐厅;快餐厅,109.08704245363148,34.379494609379506,灞桥区,109.092205,34.378297
B0L6RX3O05,牛羊肉泡馍,餐饮服务;中餐厅;清真菜馆,109.08891219846149,34.3793987961019,灞桥区,109.094077,34.378202
B0L216T6SH,口味王(西韩公路店),餐饮服务;中餐厅;中餐厅,109.09809444438314,34.3838024341051,临潼区,109.103268,34.38261
B0HBO5MJ14,中式营养快餐,餐饮服务;快餐厅;快餐厅,109.08801128081132,34.37922228828322,灞桥区,109.093175,34.378025
B0MB5RKYDS,襄阳牛肉面,餐饮服务;中餐厅;中餐厅,109.0885606206542,34.37927201502167,灞桥区,109.093725,34.378075
B0M6FHYPVS,马勺面盖浇饭,餐饮服务;中餐厅;中餐厅,109.08886025675643,34.37942180560551,灞桥区,109.094025,34.378225
B0LKBKSYSO,秦镇米皮,餐饮服务;中餐厅;中餐厅,109.10060903622582,34.40548243510656,灞桥区,109.105786,34.404302
B0L3ASULFD,霞姐米线,餐饮服务;中餐厅;中餐厅,109.12580149786578,34.391078878851694,临潼区,109.130975,34.389875
B0L099DND8,万和面庄,餐饮服务;中餐厅;中餐厅,109.14031360272308,34.40578940222325,临潼区,109.145475,34.404575
B0LGT705B7,宏伟手擀面,餐饮服务;中餐厅;中餐厅,109.08776157121233,34.379372323992015,灞桥区,109.092925,34.378175
B0L1CS5K5Z,岐山臊子面,餐饮服务;中餐厅;中餐厅,109.13797888983652,34.40666947724186,临潼区,109.143143,34.405459
B0LG2SE3ZC,盛哥快餐店,餐饮服务;快餐厅;快餐厅,109.08715431102274,34.379515541926025,灞桥区,109.092317,34.378318
B0L376K4KJ,香辣洋芋片夹馍,餐饮服务;餐饮相关场所;餐饮相关,109.1377007891044,34.40436539824517,临潼区,109.142865,34.403154
B0L0BLUNB1,孜然夹馍,餐饮服务;餐饮相关场所;餐饮相关,109.0888163062379,34.37944081398976,灞桥区,109.093981,34.378244
B0JGUOP2WV,老传统酵面馍店,餐饮服务;餐饮相关场所;餐饮相关,109.13767344369364,34.39656177611908,临潼区,109.142837,34.395346
B0J13K9CTN,金旭河南优质胡辣汤,餐饮服务;中餐厅;中餐厅,109.13743725774977,34.39577388116992,临潼区,109.142601,34.394558
B0MGBOVQV5,新领家宴,餐饮服务;中餐厅;中餐厅,109.12298043425406,34.38397387748963,临潼区,109.128155,34.382769
B0LR3LFW3O,二楼串串火锅,餐饮服务;中餐厅;火锅店,109.13765167936104,34.405009959753464,临潼区,109.142816,34.403799
B0LK1ZDD3L,热干面,餐饮服务;中餐厅;中餐厅,109.09768477179205,34.38322675587409,临潼区,109.102858,34.382034
B0FFGCC03U,伙计楼,体育休闲服务;娱乐场所;棋牌室|餐饮服务;茶艺馆;茶艺馆|餐饮服务;休闲餐饮场所;休闲餐饮场所,108.77772771745465,34.241067786609094,长安区,108.782446,34.239605
B0FFFYKR5D,正宗裤带面馆科技西路店,餐饮服务;中餐厅;中餐厅,108.81638070729909,34.23713948079442,雁塔区,108.82105,34.235618
B0FFI9EBX4,新生餐饮,餐饮服务;中餐厅;中餐厅,108.78022256568006,34.240621505121744,长安区,108.784939,34.239156
B0L2VL8ICN,书亦烧仙草(中建昆明澜庭店),餐饮服务;冷饮店;冷饮店,108.79256706919222,34.23628547475708,长安区,108.797271,34.234803
B0L0J6EFTP,瑞幸咖啡(海康威视西安科技园店),餐饮服务;咖啡厅;咖啡厅,108.817985853063,34.23130358743892,雁塔区,108.822652,34.229777
B0JDL6LLQB,兰州拉面(碧桂园·国湖店),餐饮服务;中餐厅;清真菜馆,108.79265387251026,34.23996022135856,长安区,108.797358,34.238479
B001D10TCX,永信伊泡馍(双旗寨十字店),餐饮服务;中餐厅;清真菜馆,108.81709386256824,34.237501650826324,雁塔区,108.821762,34.235979
B0MU4A8Y2H,王公子炒鸡,餐饮服务;中餐厅;中餐厅,108.79208471648025,34.23366476978439,长安区,108.796789,34.232182
B0L3Y7JQL7,同盛楼泡馍馆,餐饮服务;中餐厅;清真菜馆,108.81872190502199,34.22119261107028,雁塔区,108.823386,34.219661
B0KR9AHLZZ,毅毅餐饮店,餐饮服务;餐饮相关场所;餐饮相关,108.79264889976433,34.23955336735173,长安区,108.797353,34.238072
B0JRM5J62Z,恭喜串串,餐饮服务;餐饮相关场所;餐饮相关,108.78341132846165,34.239194584165666,长安区,108.788125,34.237725
B0FFK7JUZK,西三环一锅炖·铁锅炖,餐饮服务;中餐厅;中餐厅,108.77755159234121,34.24114158625247,长安区,108.78227,34.239679
B0L6O78TVI,好滋味刀削面,餐饮服务;中餐厅;中餐厅,108.8155609173962,34.230162567263676,雁塔区,108.820231,34.22864
B0K3HH3ICZ,丈八串串(碧桂园·国湖店),餐饮服务;餐饮相关场所;餐饮相关,108.79255166606985,34.24101168073989,长安区,108.797256,34.239531
B0G0XZY7YM,西府手擀面,餐饮服务;中餐厅;中餐厅,108.81636064991015,34.23743733285838,雁塔区,108.82103,34.235916
B0FFK6CX00,正宗岐山臊子面,餐饮服务;中餐厅;中餐厅,108.78439570194958,34.23325795125217,长安区,108.789108,34.231785
B0LKO5GP4I,奔客怪叔叔火锅(沣东店),餐饮服务;中餐厅;火锅店,108.79205768789352,34.2336287452951,长安区,108.796762,34.232146
B0LGLUI78K,刘琦驴蹄子面(岳旗宏府店),餐饮服务;中餐厅;中餐厅,108.80620344349613,34.23795717879233,雁塔区,108.810889,34.236454
B0LDFKQKZ0,库迪咖啡(沣悦云创中心店),餐饮服务;餐饮相关场所;餐饮相关,108.79545657485208,34.23659654020911,长安区,108.800157,34.23511
B0KUGHVQ3J,瑞幸咖啡(沣悦云创中心店),餐饮服务;咖啡厅;咖啡厅,108.79479172679515,34.23677949203235,长安区,108.799493,34.235294
B0KDBHUWNI,铁蛋鸡汤刀削面(岳旗寨店),餐饮服务;中餐厅;中餐厅,108.80684140984167,34.237970259727824,雁塔区,108.811526,34.236466
B0K2H5L5DP,库迪咖啡(西安创新发展中心店),餐饮服务;餐饮相关场所;餐饮相关,108.81410161232343,34.241390744464155,雁塔区,108.818775,34.239875
B0J6RSQVCN,魏家凉皮(沣悦·云创中心店),餐饮服务;中餐厅;中餐厅,108.79543154628215,34.2365595169361,长安区,108.800132,34.235073
B0J0MZRYUK,蜜雪冰城(昆明澜庭一期东门赵一鸣右边店),餐饮服务;冷饮店;冷饮店,108.79267113751372,34.23695737122608,长安区,108.797375,34.235475
B0IDDZ82UP,叁宝烤肉·西安烧烤(昆明池店),餐饮服务;外国餐厅;外国餐厅,108.79258907164963,34.23657439812906,长安区,108.797293,34.235092
B0FFLJ3CL2,邢老三肉丸胡辣汤(润景怡园店),餐饮服务;中餐厅;中餐厅,108.79367240232345,34.23615909736973,长安区,108.798375,34.234675
B0FFL7EOT1,麦卡优娜手感烘焙(沣悦·云创中心店),餐饮服务;糕饼店;糕饼店,108.79463853876537,34.23675227788357,长安区,108.79934,34.235267
B0FFFFX2JD,蜀湘园川菜(科技西路店),餐饮服务;中餐厅;四川菜(川菜),108.81600004240745,34.23756662627066,雁塔区,108.82067,34.236046
B0H0RABDX5,陕食福金马刀削面(西安总店),餐饮服务;中餐厅;中餐厅,108.80684441205676,34.23799925399977,雁塔区,108.811529,34.236495
B0HKDHX616,绝味鸭脖(润景怡园店),餐饮服务;餐饮相关场所;餐饮相关,108.79330613024213,34.23406934810428,长安区,108.798009,34.232585
B0HUZSI3SN,西航串串(昆明澜庭店),餐饮服务;中餐厅;火锅店,108.79209172009173,34.23372075887111,长安区,108.796796,34.232238
B0H0JHW6EC,黄家泡馍馆(中建昆明澜庭店),餐饮服务;中餐厅;清真菜馆,108.79266514507468,34.23677742990277,长安区,108.797369,34.235295
B0LAC5FW5N,铁路老院子烧烤,餐饮服务;餐饮相关场所;餐饮相关,108.79298796070545,34.231471853006255,长安区,108.797691,34.229987
B0L0DXOLR9,晨光烧饼(镐京大道店),餐饮服务;餐饮相关场所;餐饮相关,108.7953744660228,34.23666139443625,长安区,108.800075,34.235175
B0K0GS9VLT,绝味鸭脖(岳旗宏府店),餐饮服务;餐饮相关场所;餐饮相关,108.8062625302507,34.23798826744364,雁塔区,108.810948,34.236485
B0JD6S234J,麻一生西航涮涮(润景怡园店),餐饮服务;中餐厅;火锅店,108.79211872376601,34.23406267010508,长安区,108.796823,34.23258
B0LUD5747P,航航土豆粉,餐饮服务;餐饮相关场所;餐饮相关,108.79270095675149,34.23961041952979,长安区,108.797405,34.238129
B0LG17T2O7,先庆龙虾盐筋烤肉,餐饮服务;餐饮相关场所;餐饮相关,108.79246998857619,34.23586949273861,长安区,108.797174,34.234387
B0LDJ7R1Y5,三上蒸肉(润景怡园西门店),餐饮服务;中餐厅;中餐厅,108.79352628104569,34.235476141502325,长安区,108.798229,34.233992
B0LAV163DZ,秦福菠菜面,餐饮服务;中餐厅;中餐厅,108.80706975602541,34.23799364121782,雁塔区,108.811754,34.236489
B0LAMH4DSB,时光骑遇,餐饮服务;餐饮相关场所;餐饮相关,108.78526579120339,34.21760665916323,长安区,108.789976,34.216127
B0LABL4JWM,聚来顺铜锅涮肉,餐饮服务;中餐厅;火锅店,108.78904107879445,34.23644959634892,长安区,108.793749,34.234972
B0L3VRIDXJ,三味集纸包鱼,餐饮服务;外国餐厅;外国餐厅,108.80659703297192,34.23803681809779,雁塔区,108.811282,34.236533
B0KA756GP5,薛家麻什(薛小二家味麻食),餐饮服务;餐饮相关场所;餐饮相关,108.78905901815213,34.237430253994255,长安区,108.793767,34.235953
B0IALC0PEV,重庆川菜(科技西路店),餐饮服务;中餐厅;四川菜(川菜),108.80688347372279,34.237972330777076,雁塔区,108.811568,34.236468
B0HD0O159X,二哲腊牛羊肉店,餐饮服务;中餐厅;中餐厅,108.77975420601707,34.24064500246567,长安区,108.784471,34.23918
B0H2V5UTNS,新伊坊泡馍馆(岳旗宏府店),餐饮服务;中餐厅;清真菜馆,108.80622447103545,34.238009195004814,雁塔区,108.81091,34.236506
B0FFMCZ30V,悦福轩川湘菜馆(润景怡园店),餐饮服务;中餐厅;中餐厅,108.79363934328933,34.23639196304756,长安区,108.798342,34.234908
B0FFLLI2V6,一挑香手擀面(润景怡园店),餐饮服务;中餐厅;中餐厅,108.79351126298329,34.235475120327045,长安区,108.798214,34.233991
B0FFL88XZL,众成串串店(启航佳境店),餐饮服务;中餐厅;中餐厅,108.79965956544612,34.24330244365541,长安区,108.804355,34.241812
B0FFKMQULL,熊波家和小厨(中建昆明澜庭1期店),餐饮服务;中餐厅;西北菜,108.79246998441943,34.23592047375757,长安区,108.797174,34.234438
B0FFG0V9DK,麦客杨凌蘸水面,餐饮服务;中餐厅;中餐厅,108.80493097277665,34.22028249287219,长安区,108.809617,34.218775
B0MD5HVP7R,雪糕冷饮批发,餐饮服务;冷饮店;冷饮店,108.81858972634383,34.20830589687756,长安区,108.823253,34.20677
B0M6S74RUH,岐丰油泼面,餐饮服务;中餐厅;中餐厅,108.80814385939031,34.22008803056226,长安区,108.812825,34.218575
B0LRYKUQ0K,Fried Chicken韩式炸鸡,餐饮服务;餐饮相关场所;餐饮相关,108.79428644402155,34.232575313975694,长安区,108.798988,34.231089
B0LGJYNPE2,逍遥镇优质牛肉胡辣汤,餐饮服务;中餐厅;中餐厅,108.81544413222502,34.23747364867439,雁塔区,108.820115,34.235954
B0LAK7J4X9,龙焱烧烤,餐饮服务;餐饮相关场所;餐饮相关,108.804387311516,34.23082776788348,长安区,108.809075,34.229325
B0L6DD67DV,炭烤院子,餐饮服务;中餐厅;中餐厅,108.78573490746538,34.2339673065692,长安区,108.790446,34.232493
B0L31SUDKG,古恋包纯碱面包子,餐饮服务;餐饮相关场所;餐饮相关,108.79336314339184,34.234750177286806,长安区,108.798066,34.233266
B0J3K7KNBH,啊强手工水饺,餐饮服务;中餐厅;特色/地方风味餐厅,108.81679340651473,34.23696330144123,雁塔区,108.821462,34.235441
B0IA3CYXCX,南院门葫芦头泡馍,餐饮服务;中餐厅;清真菜馆,108.77950501230136,34.24072671174294,长安区,108.784222,34.239262
B0HA6OEMM9,大众面馆(西宝疏导线店),餐饮服务;快餐厅;快餐厅,108.81674131333094,34.23704517550729,雁塔区,108.82141,34.235523
B0FFK8XMEM,重庆川菜馆,餐饮服务;中餐厅;四川菜(川菜),108.81560598986161,34.23018564082851,雁塔区,108.820276,34.228663
B0FFK6CJPF,晓杰纯碱馍店,餐饮服务;餐饮相关场所;餐饮相关,108.80485184385476,34.220423310105964,长安区,108.809538,34.218916
B0FFHC56LH,口口香卤肉凉菜,餐饮服务;餐饮相关场所;餐饮相关,108.80651935984497,34.22024618833052,长安区,108.811203,34.218736
B0FFH48CSD,福祥面馆,餐饮服务;中餐厅;中餐厅,108.80536160444808,34.22040417250903,长安区,108.810047,34.218896
B0FFG0V9MX,老五麻花店,餐饮服务;糕饼店;糕饼店,108.80534459218568,34.220242201679795,长安区,108.81003,34.218734
B0MUBU7AY5,西安沣东格兰云天国际酒店·汇厨餐厅,餐饮服务;中餐厅;中餐厅,108.79399975029519,34.236779338526866,长安区,108.798702,34.235295
B0FFGCBN02,千里香馄饨(八一村店),餐饮服务;中餐厅;特色/地方风味餐厅,108.8064001654118,34.2204169246516,长安区,108.811084,34.218907
B0KGB9ACR0,兰亭茶庄(中建昆明澜庭店),餐饮服务;茶艺馆;茶艺馆,108.79251093262017,34.237149073403316,长安区,108.797215,34.235667
B0K0TLZ7N3,穆清源牛肉面,餐饮服务;中餐厅;清真菜馆,108.80719158457383,34.23008277960243,长安区,108.811875,34.228575
B0FFM7ABHD,唐记烧烤纸包鱼,餐饮服务;中餐厅;中餐厅,108.78022363084749,34.23983280326127,长安区,108.78494,34.238367
B0FFFPWDO8,兰州牛肉拉面(南玉丰村居民楼北),餐饮服务;中餐厅;清真菜馆,108.81634764302125,34.237256376717376,雁塔区,108.821017,34.235735
B0KA11SDLY,瑞幸咖啡(华勤西安研发中心店),餐饮服务;咖啡厅;咖啡厅,108.81247965817545,34.220709430824144,雁塔区,108.817154,34.219189
B0H0H5BGHH,茂源不止黄焖鸡(润景怡园店),餐饮服务;中餐厅;中餐厅,108.793595301841,34.236245954137175,长安区,108.798298,34.234762
B0FFMGZ19D,秦来旺高陵烧烤铜锅涮肉,餐饮服务;中餐厅;中餐厅,108.78172780831406,34.240146317414315,长安区,108.786443,34.238679
B0MGO7W97V,品浓心米香拌饭,餐饮服务;中餐厅;中餐厅,108.81492160420154,34.22104670592665,雁塔区,108.819592,34.219522
B0MB4CZL43,成都美食,餐饮服务;中餐厅;中餐厅,108.80689049602906,34.23782939626303,雁塔区,108.811575,34.236325
B0MAFLV4M6,周家盐筋烤肉,餐饮服务;中餐厅;中餐厅,108.81909052370435,34.221198290158824,雁塔区,108.823754,34.219666
B0MA7C1WXS,穆尚客兰州纯汤牛肉面,餐饮服务;餐饮相关场所;餐饮相关,108.80622353954922,34.23714851524782,雁塔区,108.810909,34.235645
B0LAOLKNO3,来福面馆,餐饮服务;餐饮相关场所;餐饮相关,108.79259312707683,34.235952635508134,长安区,108.797297,34.23447
B0L65ADC2S,松涧茶语(茶叶店),餐饮服务;茶艺馆;茶艺馆,108.78976008048421,34.23372956231933,长安区,108.794467,34.23225
B0GRNC7WNQ,西安思彤驴蹄子面馆(沣东新城店),餐饮服务;中餐厅;中餐厅,108.7933480213318,34.236025681549684,长安区,108.798051,34.234542
B0FFJCIRYN,左左香老潼关肉夹馍(汉池一路店),餐饮服务;中餐厅;中餐厅,108.79250302163796,34.235941512495764,长安区,108.797207,34.234459
B0KK6UKUGN,传说中的新疆炒米粉(碧桂园国湖店),餐饮服务;中餐厅;中餐厅,108.79272103786323,34.23890671226666,长安区,108.797425,34.237425
B0LDGRAOK3,食尚快餐,餐饮服务;快餐厅;快餐厅,108.79043212251563,34.24234124419106,长安区,108.795139,34.240864
B0L6L1DQWI,满客多手擀面,餐饮服务;中餐厅;中餐厅,108.79245595234572,34.23611138290629,长安区,108.79716,34.234629
B0KGMSNJSZ,坤普早点,餐饮服务;中餐厅;中餐厅,108.8063420884876,34.220281874138024,长安区,108.811026,34.218772
B0J3293Y8E,家常快餐店,餐饮服务;快餐厅;快餐厅,108.81382347788433,34.237455721747544,雁塔区,108.818497,34.235939
B0FFIL79YA,川人川纸包鱼(鱼斗路店),餐饮服务;中餐厅;四川菜(川菜),108.80577121116237,34.22048883297625,长安区,108.810456,34.21898
B0JR9LJUPB,正宗裤带面,餐饮服务;快餐厅;快餐厅,108.80556490035285,34.22050547879444,长安区,108.81025,34.218997
B0FFKYLIPL,思彤驴蹄子面沣东新城店,餐饮服务;餐饮相关场所;餐饮相关,108.79358531327624,34.23595704737528,长安区,108.798288,34.234473
B0FFKTBFKV,河南羊肉烩面,餐饮服务;餐饮相关场所;餐饮相关,108.77927483636694,34.2407904493712,长安区,108.783992,34.239326
B0MAD9JEZI,高陵烧烤盐筋,餐饮服务;中餐厅;中餐厅,108.78906714727307,34.23595281581288,长安区,108.793775,34.234475
B0JKCAK1LX,湘遇澜庭.品质湘菜(中建昆明澜庭1期店),餐饮服务;中餐厅;湖南菜(湘菜),108.7927753291425,34.23612083061943,长安区,108.797479,34.234638
B0IUP7SUDV,富裕路骨汤串串,餐饮服务;餐饮相关场所;餐饮相关,108.77935489707261,34.2407715392114,长安区,108.784072,34.239307
B0IA3U0O36,川湘小厨(富裕路店),餐饮服务;中餐厅;湖南菜(湘菜),108.81590489086427,34.23749547938361,雁塔区,108.820575,34.235975
B0MDPNL2XU,黄家泡馍馆,餐饮服务;中餐厅;清真菜馆,108.8063897825019,34.23725275867535,雁塔区,108.811075,34.235749
B0L1NHW4LH,铁蛋鸡汤刀削面(保利天汇店),餐饮服务;中餐厅;中餐厅,108.81871588391161,34.22132855131991,雁塔区,108.82338,34.219797
B0FFJNP7XY,迈德思客(昆明澜庭店),餐饮服务;快餐厅;快餐厅,108.79250401197797,34.23607446439221,长安区,108.797208,34.234592
B0FFFTR0HF,伊鸿楼牛羊肉泡馍(镐京大道店),餐饮服务;中餐厅;清真菜馆,108.77678412802176,34.24064103518188,长安区,108.781503,34.239179
B0GDD9WKSI,小竹签烤肉(润景怡园店),餐饮服务;中餐厅;中餐厅,108.79340617641411,34.234981153178516,长安区,108.798109,34.233497
B0KGFSVXMT,食光里美食广场(沣悦·云创中心店),餐饮服务;中餐厅;中餐厅,108.79548360670123,34.236624569819135,长安区,108.800184,34.235138
B0IDD5D14V,正新鸡排(润景怡园店),餐饮服务;快餐厅;快餐厅,108.79476784105026,34.23501111521859,长安区,108.799469,34.233525
B0I2GHGBBB,赵记羊杂(汉池路店),餐饮服务;中餐厅;中餐厅,108.79269900972736,34.2389316717258,长安区,108.797403,34.23745
B0H1ORUIVI,一口香饺子馆(鱼斗路店),餐饮服务;中餐厅;特色/地方风味餐厅,108.80719537275395,34.220445271536065,长安区,108.811878,34.218934
B0G02R5GN0,户县软面(鱼斗路店),餐饮服务;中餐厅;中餐厅,108.8050982113241,34.220407728607576,长安区,108.809784,34.2189
B0FFL7SK3D,薛记石锅鱼川湘菜,餐饮服务;中餐厅;综合酒楼,108.77862135468114,34.24088474632706,长安区,108.783339,34.239421
B0MAJX453Q,冰花雪月奶茶店,餐饮服务;冷饮店;冷饮店,108.80718897628054,34.23752402097907,雁塔区,108.811873,34.236019
B0FFMBVCFN,富财沙县小吃(润景怡园店),餐饮服务;中餐厅;中餐厅,108.79351426538915,34.23549011905953,长安区,108.798217,34.234006
B0FFIH821V,黑豆腊汁肉夹馍,餐饮服务;中餐厅;中餐厅,108.80608668743842,34.22047037344574,长安区,108.810771,34.218961
B0JGJCYPKT,鲜呦蒸汽石锅鱼(润景怡园店),餐饮服务;中餐厅;中餐厅,108.79349324896091,34.23538012979035,长安区,108.798196,34.233896
B0FFJPH0SV,上上签钢管厂小郡肝串串香(沣东店),餐饮服务;中餐厅;火锅店,108.78003849108929,34.239800619342866,长安区,108.784755,34.238335
B0LB7DF0UR,兰州牛肉拉面馆(汉池一路店),餐饮服务;快餐厅;快餐厅,108.79360432440188,34.23610302034545,长安区,108.798307,34.234619
B0FFFPVR7J,湘秦快餐(雁环北路),餐饮服务;中餐厅;中餐厅,108.81635563779548,34.23748430614198,雁塔区,108.821025,34.235963
B0LKRK5MFC,梦想烤肉,餐饮服务;中餐厅;中餐厅,108.78221022799912,34.23994293218328,长安区,108.786925,34.238475
B0L1PZ4ZKR,超跃重庆川菜馆,餐饮服务;中餐厅;四川菜(川菜),108.81876095323351,34.221406606610294,雁塔区,108.823425,34.219875
B0KUD9AEKO,鸡刀汤削面,餐饮服务;中餐厅;中餐厅,108.80919496133488,34.22663749804545,长安区,108.813875,34.225125
B0FFL7K2YU,河南早点(西宝疏导线店),餐饮服务;中餐厅;中餐厅,108.81677436775371,34.23705123375471,雁塔区,108.821443,34.235529
B0FFIPUHP4,秋记老潼关肉夹馍(雁环北路店),餐饮服务;中餐厅;中餐厅,108.81677036888827,34.23695526226466,雁塔区,108.821439,34.235433
B0FFH83XI6,广渝川菜馆(镐京大道店),餐饮服务;中餐厅;四川菜(川菜),108.77979229401471,34.23991931568364,长安区,108.784509,34.238454
B0FFG1ZJX7,老川菜,餐饮服务;中餐厅;四川菜(川菜),108.81525982888932,34.23747131457628,雁塔区,108.819931,34.235952
B0JUSSQ87K,口口香葫芦头,餐饮服务;快餐厅;快餐厅,108.78266470446992,34.238849856410425,长安区,108.787379,34.237381
B0I3CMPQUF,旺到家面馆,餐饮服务;中餐厅;中餐厅,108.80643823432997,34.22027803894474,长安区,108.811122,34.218768
B0FFH48I8H,重庆鱼庄(鱼斗路店),餐饮服务;中餐厅;海鲜酒楼|餐饮服务;中餐厅;四川菜(川菜),108.80499405515468,34.220422548612284,长安区,108.80968,34.218915
B0MBK6OL4R,妲己娘娘坚果面包,餐饮服务;糕饼店;糕饼店,108.79202066682045,34.23335779372248,长安区,108.796725,34.231875
B0MALC7C1E,啊龙澄城水盆羊肉,餐饮服务;中餐厅;中餐厅,108.80612338184132,34.23722831554024,雁塔区,108.810809,34.235725
B0KRM1YWCM,川味坊,餐饮服务;中餐厅;四川菜(川菜),108.80835166728417,34.226416113768195,长安区,108.813033,34.224905
B0JD99RU0U,大表哥香锅冒菜(润景怡园店),餐饮服务;中餐厅;中餐厅,108.79379854084377,34.23633921197819,长安区,108.798501,34.234855
B0MGVZEEOM,蒸汽面包工坊(希望里),餐饮服务;糕饼店;糕饼店,108.80706979278182,34.237541810315385,雁塔区,108.811754,34.236037
B0LU14ESKN,舍得面馆肉夹馍,餐饮服务;中餐厅;中餐厅,108.80767711950152,34.22034213530399,长安区,108.812359,34.21883
B0KGSK85MI,千里香馄饨王(岳旗宏府店),餐饮服务;中餐厅;中餐厅,108.80686644852833,34.23796330508142,雁塔区,108.811551,34.236459
B0JK2UWDJR,M+CAFE(金茂店),餐饮服务;咖啡厅;咖啡厅,108.81013251081876,34.23800794660663,雁塔区,108.814812,34.236498
B0MGN1RBNB,保利天汇重庆川菜馆,餐饮服务;中餐厅;四川菜(川菜),108.81876095323351,34.221406606610294,雁塔区,108.823425,34.219875
B0JG3ZUD1S,鲜呦蒸汽石锅鱼(润景怡园店),餐饮服务;快餐厅;快餐厅,108.79334205256994,34.23555384857552,长安区,108.798045,34.23407
B0H39RU8P8,包初味(岳旗宏府店),餐饮服务;餐饮相关场所;餐饮相关,108.80638271138054,34.237996468534455,雁塔区,108.811068,34.236493
B0H0JHVA3A,桑落酒肆(润景怡园店),餐饮服务;中餐厅;中餐厅,108.79440223586218,34.23688388387654,长安区,108.799104,34.235399
B0G3T9RAII,重庆鲜面条(鱼斗路店),餐饮服务;中餐厅;四川菜(川菜),108.80659346135378,34.22038026665427,长安区,108.811277,34.21887
B0FFKJNAUJ,屋头串串香(镐京大道店),餐饮服务;餐饮相关场所;餐饮相关,108.78005850315537,34.23984062543082,长安区,108.784775,34.238375
B0FFIL79T0,美味福来包(鱼斗路店),餐饮服务;餐饮相关场所;餐饮相关,108.80724146455233,34.22018244428183,长安区,108.811924,34.218671
B0LUPA0V6F,重庆川菜馆,餐饮服务;中餐厅;四川菜(川菜),108.80772119593742,34.22023524928142,长安区,108.812403,34.218723
B0LGGSQYAR,薛小串,餐饮服务;餐饮相关场所;餐饮相关,108.79270801730463,34.238969670211375,长安区,108.797412,34.237488
B0LG0R5NKE,文丰厨8(镐京店),餐饮服务;餐饮相关场所;餐饮相关,108.78709284111835,34.23898312973005,长安区,108.791803,34.237509
B0LARA6G43,魏家面,餐饮服务;中餐厅;中餐厅,108.81638470663546,34.23722945449423,雁塔区,108.821054,34.235708
B0L24CODPP,川香小厨,餐饮服务;中餐厅;中餐厅,108.81455402153709,34.220799128604625,雁塔区,108.819225,34.219275
B0L1Z7O4KV,捌0烧烤,餐饮服务;中餐厅;特色/地方风味餐厅,108.81685703986345,34.230452827069946,雁塔区,108.821525,34.228928
B0L0C5Y091,今熹来酸菜涮肉,餐饮服务;中餐厅;火锅店,108.79262110290945,34.236655413163284,长安区,108.797325,34.235173
B0FFIWJY4K,肉丸胡辣汤(鱼斗路店),餐饮服务;中餐厅;清真菜馆,108.80729051808062,34.22044743380184,长安区,108.811973,34.218936
B0FFGCBZZB,徐州农家一锅炖(镐京大道),餐饮服务;中餐厅;中餐厅,108.7792248582829,34.240070669046034,长安区,108.783942,34.238606
B0FFFPYWAO,重庆老砂锅(雁环北路店),餐饮服务;中餐厅;四川菜(川菜),108.81637468378383,34.23730640742942,雁塔区,108.821044,34.235785
B001D0VRBI,中国福利彩票(鱼斗路店),餐饮服务;中餐厅;中餐厅|生活服务;彩票彩券销售点;彩票彩券销售点,108.80607669103235,34.22024043855804,长安区,108.810761,34.218731
B0K11RME9O,八一村川味人家鱼庄,餐饮服务;中餐厅;四川菜(川菜),108.80822898975755,34.22010317227535,长安区,108.81291,34.21859
B0J0L7SBMW,四川饭店(鱼斗路店),餐饮服务;中餐厅;中餐厅,108.80581828106187,34.220498908930225,长安区,108.810503,34.21899
B0MG0CHUOT,早禾鲜包,餐饮服务;餐饮相关场所;餐饮相关,108.8060893101427,34.23747816441523,雁塔区,108.810775,34.235975
B0MBTSBIP3,鲜牛羊铜锅涮肉,餐饮服务;中餐厅;火锅店,108.77860534571761,34.24085474146497,长安区,108.783323,34.239391
B0M669B83O,好再来营养快餐盒饭,餐饮服务;餐饮相关场所;餐饮相关,108.80594749519487,34.220255214470065,长安区,108.810632,34.218746
B0M61RJRCB,菠菜面,餐饮服务;餐饮相关场所;餐饮相关,108.79263185452515,34.239861227483914,长安区,108.797336,34.23838
B0L2MHY9YV,未来餐厅,餐饮服务;中餐厅;中餐厅,108.81388108678615,34.24343457246103,雁塔区,108.818555,34.24192
B0FFL4ZMUZ,宝鸡削筋面(鱼斗路店),餐饮服务;快餐厅;快餐厅,108.80743476167281,34.22016778102755,长安区,108.812117,34.218656
B0FFGCBN40,正宗川味,餐饮服务;中餐厅;四川菜(川菜),108.805765217582,34.2202988906392,长安区,108.81045,34.21879
B0FFGCBMY6,土家酱香饼,餐饮服务;餐饮相关场所;餐饮相关,108.80725546437915,34.220448373383135,长安区,108.811938,34.218937
B0MDF1A7TG,辣子鸡拌面,餐饮服务;中餐厅;中餐厅,108.80599054548345,34.22043422347351,长安区,108.810675,34.218925
B0M6PLNKG5,四川刘幺妹家常菜,餐饮服务;中餐厅;四川菜(川菜),108.80848938668802,34.220181594968686,长安区,108.81317,34.218668
B0LULZ1EF6,包子粥,餐饮服务;中餐厅;中餐厅,108.80632162219489,34.237956379734165,雁塔区,108.811007,34.236453
B0L06UNVBY,梁建红烧饼店,餐饮服务;快餐厅;快餐厅,108.79054585020648,34.234971162427286,长安区,108.795252,34.233491
B0KAU7O95F,秦夫鸭(润景怡园店),餐饮服务;餐饮相关场所;餐饮相关,108.79319799799003,34.234099182565785,长安区,108.797901,34.232615
B0JUL7Q4B8,每日思烤,餐饮服务;中餐厅;特色/地方风味餐厅,108.7793079342792,34.239889822799086,长安区,108.784025,34.238425
B0I0XA9BDS,兰州牛肉面(岳旗宏府店),餐饮服务;中餐厅;清真菜馆,108.80692954170738,34.237999399338406,雁塔区,108.811614,34.236495
B0FFK95Z56,尚香砂锅串串,餐饮服务;中餐厅;火锅店,108.80793351451962,34.220337578517885,长安区,108.812615,34.218825
B0FFG1YSQP,天津灌汤包,餐饮服务;餐饮相关场所;餐饮相关,108.81674134262781,34.236684310238836,雁塔区,108.82141,34.235162
B0LKVC51MJ,卤夫人,餐饮服务;快餐厅;快餐厅,108.79263183235258,34.2401331251216,长安区,108.797336,34.238652
B0LKF5U3EX,618牛肉炒饭,餐饮服务;中餐厅;中餐厅,108.80647162905153,34.24066761619193,雁塔区,108.811157,34.239165
B0L0MN7XDA,刘老大腊汁肉夹馍,餐饮服务;中餐厅;中餐厅,108.81639470116238,34.23750137113825,雁塔区,108.821064,34.23598
B0L32A2Q7I,火锅牛肉串串,餐饮服务;中餐厅;火锅店,108.81996199514775,34.23350442806043,雁塔区,108.824625,34.231975
B0KG7D6AO9,口味香包子铺,餐饮服务;中餐厅;中餐厅,108.77707632788287,34.24051636162172,长安区,108.781795,34.239054
B0LU96XUKV,重庆川菜,餐饮服务;中餐厅;四川菜(川菜),108.80358603088864,34.232125961373214,长安区,108.808275,34.230625
B0MU776HAV,金马鸡汤刀削面,餐饮服务;中餐厅;中餐厅,108.80636458808098,34.22686454265588,长安区,108.811049,34.225357
B0LUNL7CEY,老三样烧烤,餐饮服务;中餐厅;特色/地方风味餐厅,108.79257171677394,34.24067983422169,长安区,108.797276,34.239199
B0L1KXVS2Q,老四川炒菜,餐饮服务;中餐厅;四川菜(川菜),108.78493022205015,34.23297369567605,长安区,108.789642,34.2315
B0LKM44GJW,早麦郎鲜包,餐饮服务;快餐厅;快餐厅,108.795224281182,34.23661119117719,长安区,108.799925,34.235125
B0MUY6PIYN,顶顶香米线包子店,餐饮服务;中餐厅;中餐厅,108.78413246818897,34.23316767279929,长安区,108.788845,34.231695
B0MA4CV0MO,澄城水盆羊肉,餐饮服务;餐饮相关场所;餐饮相关,108.81926050553881,34.237301716885085,雁塔区,108.823925,34.235775
B0LK4DWGLP,阳妈妈砂锅店,餐饮服务;中餐厅;中餐厅,108.82231618517561,34.24337711027442,雁塔区,108.826976,34.241847
B0M61RJK5J,淳化荞面饸饹,餐饮服务;中餐厅;中餐厅,108.81111154787526,34.19502886016803,长安区,108.815786,34.193502
B0MDY9VQB8,保利云谷和著社区食堂,餐饮服务;餐饮相关场所;餐饮相关,108.81280096299524,34.223345060493656,长安区,108.817475,34.221825
B0LRVYJL02,千里香馄饨牛排面,餐饮服务;中餐厅;中餐厅,108.81490456383543,34.221199620346006,雁塔区,108.819575,34.219675
B0LKJ40RGT,校园串局炸么好吃,餐饮服务;中餐厅;中餐厅,108.82221502302095,34.2432549677445,雁塔区,108.826875,34.241725
B0L25KBTX3,启航老味,餐饮服务;中餐厅;中餐厅,108.79992986642436,34.244165541922385,长安区,108.804625,34.242675
B0L1VXBQC2,于清山·鸭货·卤味·牛肉·啤酒,餐饮服务;中餐厅;中餐厅,108.79304697637737,34.23214468930636,长安区,108.79775,34.23066
B0LDZ9TFV9,食全食美家常菜,餐饮服务;中餐厅;中餐厅,108.80558943561599,34.22668129680602,长安区,108.810275,34.225175
B0LDV98E7G,伊利冰淇淋批发,餐饮服务;餐饮相关场所;餐饮相关,108.79552466369971,34.236561654162855,长安区,108.800225,34.235075
B0MDU6XTU6,铁一成鲜牛羊铜锅涮肉,餐饮服务;中餐厅;火锅店,108.78570889129323,34.24612269917746,长安区,108.790421,34.244653
B0K2XOBTVC,秦夫鸭(八一村店),餐饮服务;餐饮相关场所;餐饮相关,108.80716633211195,34.220399238231934,长安区,108.811849,34.218888
B0M6TD3VST,三秦牛肉汤,餐饮服务;餐饮相关场所;餐饮相关,108.80602906967924,34.22700892092369,长安区,108.810714,34.225502
B0KAGPQD5W,李宅面馆,餐饮服务;中餐厅;中餐厅,108.81728372765959,34.19367144941148,长安区,108.821948,34.192133
B0MU9SY8P1,凡小帅麻辣烫,餐饮服务;中餐厅;中餐厅,108.79542453320485,34.23661148716939,长安区,108.800125,34.235125
B0FFHBUJGB,川味炒菜馆,餐饮服务;中餐厅;四川菜(川菜),108.82651577961876,34.21340591918139,长安区,108.831166,34.211857
B0MULZRHK9,子午路张记肉夹馍(小烟庄店),餐饮服务;中餐厅;中餐厅,108.85714334118171,34.22123256247739,雁塔区,108.861746,34.219632
B0FFHBUJGD,淳化饸饹王,餐饮服务;中餐厅;中餐厅,108.82717190590563,34.21336316787632,长安区,108.831821,34.211813
B0LGO55TAL,毛大碗西府削筋面满堂悦店(丈八七路店),餐饮服务;中餐厅;中餐厅,108.83824621505396,34.19385251730474,雁塔区,108.842875,34.192275
B0MGHCTJJY,慕叁山(鱼化寨店),餐饮服务;餐饮相关场所;餐饮相关,108.83655569347378,34.239915098489135,雁塔区,108.841191,34.238357
B0MDTABORD,胖子烧烤火爆菜(满堂悦店),餐饮服务;中餐厅;特色/地方风味餐厅,108.84115097606988,34.19375785834234,雁塔区,108.845775,34.192175
B0MA5ANBJL,宝岛便当,餐饮服务;中餐厅;中餐厅,108.84470612499224,34.2001620915722,雁塔区,108.849325,34.198575
B0JUYBDVE3,沙县小吃(利君明天店),餐饮服务;中餐厅;中餐厅,108.86860727780652,34.23179089591704,雁塔区,108.873198,34.230178
B0FFJPYI5I,桥梓口酱腊牛肉(里花水社区店),餐饮服务;中餐厅;中餐厅,108.84468922077463,34.19864157435543,雁塔区,108.849308,34.197054
B0FFGYZTGB,杨凌蘸水面(袁旗寨社区店),餐饮服务;中餐厅;中餐厅,108.84965880394243,34.19835830415222,雁塔区,108.85427,34.196762
B0MDLNE39W,SUBWAY赛百味(西安外事学院店),餐饮服务;快餐厅;快餐厅,108.86458007672942,34.234281694154,雁塔区,108.869175,34.232675
B0LGT10N7Z,万里香烧鸡卤味店,餐饮服务;快餐厅;快餐厅,108.86339030217066,34.20292718892914,雁塔区,108.867984,34.201311
B0IKOD5MSQ,包鲜森 米线馄炖小笼包,餐饮服务;快餐厅;快餐厅,108.83926538935025,34.20012328800892,雁塔区,108.843893,34.198546
B0FFFHJKCQ,如意川菜(东滩社区北区店),餐饮服务;中餐厅;综合酒楼|餐饮服务;中餐厅;四川菜(川菜),108.84437145144,34.20200987161878,雁塔区,108.848991,34.200424
B0FFHNJ0PO,重庆小面(满堂悦MOMΛ店),餐饮服务;中餐厅;中餐厅,108.8393980217933,34.194970259935424,雁塔区,108.844025,34.193391
B0MULRWDJW,曹雄杰大荔葫芦头(西安直营2店),餐饮服务;中餐厅;中餐厅,108.86127890195101,34.20293817071414,雁塔区,108.865875,34.201325
B0K6SU7B4J,金成刀削面,餐饮服务;中餐厅;中餐厅,108.86550456796961,34.22776534144382,雁塔区,108.870098,34.226155
B0FFFZL25Y,重庆砂锅王(铺尚新村花园东),餐饮服务;中餐厅;四川菜(川菜),108.84936897770362,34.20331913162639,雁塔区,108.853981,34.201725
B0LGVPKH78,蘸水干拌面,餐饮服务;中餐厅;中餐厅,108.86461012283372,34.246567104944575,雁塔区,108.869206,34.244965
B0LDY50FSO,建宏肉丸糊辣汤店,餐饮服务;中餐厅;中餐厅,108.8443333428772,34.22747185179362,雁塔区,108.848955,34.225895
B0LAC5DOMN,珈诺秦镇米皮,餐饮服务;中餐厅;中餐厅,108.84095213222135,34.20024232484254,雁塔区,108.845577,34.198662
B0GUKCGCUN,重庆川菜馆(天谷一路店),餐饮服务;中餐厅;四川菜(川菜),108.83404076055375,34.23628477908347,雁塔区,108.83868,34.23473
B0MUS9EBDT,山东临沂炒鸡,餐饮服务;中餐厅;中餐厅,108.8405519016991,34.244692632003186,雁塔区,108.845181,34.243129
B0MUPOG658,畅师傅烘焙蛋糕店,餐饮服务;餐饮相关场所;餐饮相关,108.82902660646131,34.243967481979176,雁塔区,108.833675,34.242425
B0MUK7Z0SX,六爻茶庵,餐饮服务;茶艺馆;茶艺馆,108.86731988250598,34.23401743595707,雁塔区,108.871912,34.232407
B0MDVUO8I7,豆粒日记拼豆店,餐饮服务;餐饮相关场所;餐饮相关,108.86654168881842,34.23937042538573,雁塔区,108.871135,34.237763
B0MDMCYSAC,魏小庄·川味爆炒(小烟庄店),餐饮服务;中餐厅;四川菜(川菜),108.85709425908723,34.2214654029145,雁塔区,108.861697,34.219865
B0MD5SVVVG,渭蒲砂老式砂锅,餐饮服务;中餐厅;中餐厅,108.85900693159604,34.243239303574825,雁塔区,108.863609,34.241644
B0MAV56FE7,建青鲜货烧烤纸包鱼,餐饮服务;中餐厅;特色/地方风味餐厅,108.84430177332032,34.24634474998537,雁塔区,108.848925,34.244775
B0MA792S3Y,雪泊仕雪糕批发超市(大寨路店),餐饮服务;冷饮店;冷饮店,108.86331772172274,34.24656831475629,雁塔区,108.867915,34.244968
B0LUPHYWP6,王木东土豆粉(鱼化寨店),餐饮服务;中餐厅;中餐厅,108.84394363614051,34.22862373836146,雁塔区,108.848566,34.227048
B0LKR76ZKU,来喝奶吧,餐饮服务;冷饮店;冷饮店,108.8424841168476,34.243504581686324,雁塔区,108.84711,34.241937
B0L2P5QB2X,嘹咋咧现炒浇头面,餐饮服务;餐饮相关场所;餐饮相关,108.85370784432726,34.195130118074715,雁塔区,108.858313,34.193526
B0L0H1RW8Z,红友胜茶牌馆,餐饮服务;茶艺馆;茶艺馆,108.86851101469847,34.246432276300894,雁塔区,108.873103,34.244825
B0KURKTD83,志群中式快餐店,餐饮服务;快餐厅;快餐厅,108.8422573620421,34.22353655979853,雁塔区,108.846882,34.221962
B0KAFHIVK5,李记一擀杖菠菜面,餐饮服务;中餐厅;中餐厅,108.83803635687275,34.200200004057756,雁塔区,108.842666,34.198625
B0K1RDYYFC,时间焙后甜品茶歇蛋糕定制,餐饮服务;糕饼店;糕饼店,108.8686453137164,34.23177994758878,雁塔区,108.873236,34.230167
B0K1BXNHRQ,昊怡中式快餐,餐饮服务;快餐厅;快餐厅,108.83400070393483,34.23614775533951,雁塔区,108.83864,34.234593
B0K04ZK1P4,少野家锅锅米线(华洲城云顶店),餐饮服务;餐饮相关场所;餐饮相关,108.8410197745436,34.24329201540731,雁塔区,108.845648,34.241727
B0ID77NKP2,龙城茶苑(龙城铭园2期店),餐饮服务;茶艺馆;茶艺馆,108.86579485440708,34.227910677087664,雁塔区,108.870388,34.2263
B0H019TDJ4,酒肉传统工艺(天朗·蓝湖树店),餐饮服务;餐饮相关场所;餐饮相关,108.86549094208911,34.235393516238446,雁塔区,108.870085,34.233786
B0FFKSYID0,大拇指饺子馆(锦业路店),餐饮服务;中餐厅;特色/地方风味餐厅,108.85141247863439,34.19680177929677,雁塔区,108.856021,34.195202
B0FFKSGEFF,来一碗鸡汤刀削面(东滩社区南区店),餐饮服务;中餐厅;中餐厅,108.84310174774897,34.1982278831536,雁塔区,108.847723,34.196643
B0FFIRX8GA,众家灯火西安头牌煎饼(环普店),餐饮服务;中餐厅;中餐厅,108.83489315028373,34.21208409764837,雁塔区,108.839529,34.210519
B001D0W94V,梁记菜馆(南风大厦店),餐饮服务;中餐厅;特色/地方风味餐厅,108.86725500449676,34.24417953583507,雁塔区,108.871848,34.242573
B0MUM5W0NJ,鲜啤福鹿家(陕西西安外事学院店),餐饮服务;休闲餐饮场所;休闲餐饮场所,108.86548095270398,34.23513259979059,雁塔区,108.870075,34.233525
B0MG7AHFHO,马玛李酱拌鸡架西安外事店,餐饮服务;餐饮相关场所;餐饮相关,108.86465910194684,34.2350135306552,雁塔区,108.869254,34.233407
B0LR3CDHKX,润仟祥黄焖鸡米饭(锦业三路店),餐饮服务;快餐厅;快餐厅,108.86073997322559,34.19412834724765,雁塔区,108.865336,34.192513
B0LGX56Y2N,临榆炸鸡腿(外事学院北校区店校内店),餐饮服务;快餐厅;快餐厅,108.85435403749943,34.24112383595747,雁塔区,108.858962,34.239535
B0LDBA1ZQN,清真兰州纯碱馒头店,餐饮服务;餐饮相关场所;餐饮相关,108.86081888849557,34.246210867172195,雁塔区,108.865419,34.244614
B0L3MROG8D,饭阿喜一碗很哇塞的炒饭炒面炒粉店(丈八店),餐饮服务;餐饮相关场所;餐饮相关,108.84340391567969,34.20210911273049,雁塔区,108.848025,34.200525
B0L1CZ54G2,肯德基车速取餐点(UUMALL店),餐饮服务;餐饮相关场所;餐饮相关,108.86640249074873,34.22763858189452,雁塔区,108.870995,34.226027
B0L0RH53NL,大毛老潼关肉夹馍(卓越坊店),餐饮服务;中餐厅;中餐厅,108.82942729559741,34.243918254185594,雁塔区,108.834075,34.242375
B0L0L99UKF,绝味鸭脖(鱼化寨地铁站店),餐饮服务;餐饮相关场所;餐饮相关,108.8357703824646,34.239874656609786,雁塔区,108.840407,34.238318
B0KKRCU9I8,库迪咖啡(美宜佳左岸春天店),餐饮服务;餐饮相关场所;餐饮相关,108.86481726414192,34.23507772252158,雁塔区,108.869412,34.233471
B0KA6H23NU,荣记.粤菜小厨(铂悦店),餐饮服务;中餐厅;中餐厅,108.86984685101908,34.238537919170454,雁塔区,108.874437,34.236926
B0K3ZBG3JO,西府面庄(大寨路店),餐饮服务;中餐厅;中餐厅,108.86488341665459,34.246508500062646,雁塔区,108.869479,34.244906
B0K3YH7WM1,金马刀削面(宝德云谷国际店),餐饮服务;中餐厅;中餐厅,108.86830920042819,34.19185845571762,雁塔区,108.872897,34.190232
B0HDG1NRDC,福建千里香馄饨王(英发新苑店),餐饮服务;中餐厅;中餐厅,108.84265046708136,34.23004790252212,雁塔区,108.847275,34.228475
B0H1MR01VY,叶氏鼎顶香冒菜香锅华洲城店,餐饮服务;中餐厅;中餐厅,108.84059605444251,34.24368909440935,雁塔区,108.845225,34.242125
B0GD2DU0VV,川香奇香砂锅(十年城店),餐饮服务;餐饮相关场所;餐饮相关,108.83975712540547,34.22582519461088,雁塔区,108.844386,34.224256
B0FFMBQC3Q,福旗源汤包(南飞鸿天锦店),餐饮服务;快餐厅;快餐厅,108.84335372654803,34.228320795315845,雁塔区,108.847977,34.226746
B0FFK3LJPC,沙县小吃(满堂悦MOMΛ店),餐饮服务;中餐厅;中餐厅,108.8388601368942,34.19498226986834,雁塔区,108.843488,34.193404
B0FFGPS8GU,岐山臊子面(日化社区店),餐饮服务;中餐厅;中餐厅,108.86793257762605,34.245132042039664,雁塔区,108.872525,34.243525
B0FFFHJF0U,云老冒冒菜(闸口社区店),餐饮服务;中餐厅;中餐厅,108.8500750173077,34.203311332998084,雁塔区,108.854686,34.201716
B0FFFGUYZ9,三鲜葫芦头泡馍(旗远·锦樾店),餐饮服务;中餐厅;中餐厅,108.86977940634952,34.193418762041624,雁塔区,108.874366,34.191791
B0FFJM9XWV,刘老虎肉丸糊辣汤(大寨路分店),餐饮服务;中餐厅;清真菜馆,108.86883130709695,34.24645866693041,雁塔区,108.873423,34.244851
B0FFHS35ZB,三原面馆(旗远·锦樾店),餐饮服务;中餐厅;中餐厅,108.86978040923005,34.193393771555755,雁塔区,108.874367,34.191766
B0FFF65092,南七饸饹(丈八北路),餐饮服务;中餐厅;中餐厅,108.86730000330928,34.24473838105384,雁塔区,108.871893,34.243132
B0FFFSRIQV,怡园茶馆(城市风景·夏日景色2区店),餐饮服务;茶艺馆;茶艺馆,108.8689983882215,34.222399797647164,雁塔区,108.873588,34.220783
B0FFH85I2C,伊品香泡馍(万家灯火店),餐饮服务;中餐厅;清真菜馆,108.85185542256366,34.20538660808193,雁塔区,108.856464,34.203789
B0FFF6500D,福膳居葫芦头(大寨路店),餐饮服务;中餐厅;中餐厅,108.86978716216153,34.24647483830881,雁塔区,108.874378,34.244866
B001D0VTCF,晓辉擀面皮(城市风景·夏日景色1区店),餐饮服务;中餐厅;中餐厅,108.86923343555122,34.22445734804194,雁塔区,108.873823,34.222841
B0FFFHJQCG,老地方川味居(里花水社区店),餐饮服务;中餐厅;四川菜(川菜),108.84434972412397,34.19819412219825,雁塔区,108.848969,34.196607
B0FFGO3RS8,兰州牛肉面(锦业路辅路店),餐饮服务;中餐厅;清真菜馆,108.83894827986175,34.19500842291049,雁塔区,108.843576,34.19343
B0MUGXOK0Q,秦巴桑香陕南手擀面,餐饮服务;中餐厅;中餐厅,108.85905363312446,34.197833598736345,雁塔区,108.863652,34.196222
B0MUC517HI,美螺婶·柳州螺蛳粉(荣民捌号店),餐饮服务;中餐厅;中餐厅,108.86884570959093,34.22913316883537,雁塔区,108.873436,34.227519
B0MG273P1W,江湖烧烤,餐饮服务;中餐厅;特色/地方风味餐厅,108.84385240538128,34.22970018222881,雁塔区,108.848475,34.228125
B0MDA53XS1,野路子茶摊串串,餐饮服务;中餐厅;火锅店,108.84384642345661,34.22935829665417,雁塔区,108.848469,34.227783
B0L2H9AVTI,浅幸咖啡(浮生店),餐饮服务;咖啡厅;咖啡厅,108.83702955880608,34.21418232978722,雁塔区,108.841662,34.212614
B0KR9UCYSR,重庆小面(龙城铭园店),餐饮服务;中餐厅;中餐厅,108.8655305948921,34.22776437673133,雁塔区,108.870124,34.226154
B0KGHGP1N3,清真兰州牛肉面(东滩社区北区店),餐饮服务;中餐厅;清真菜馆,108.84382557399998,34.20222482668516,雁塔区,108.848446,34.20064
B0JUJLVIXB,丈八茶社(袁旗寨社区店),餐饮服务;茶艺馆;茶艺馆,108.84750058671021,34.19824763698182,雁塔区,108.852115,34.196655
B0JA2AG40R,久号酒馆(鸿锦城·天逸店),餐饮服务;中餐厅;中餐厅,108.84413601396126,34.227699417972474,雁塔区,108.848758,34.226123
B0MUC93E5L,沪上阿姨·精选茶饮(西安丈八西社区店),餐饮服务;休闲餐饮场所;休闲餐饮场所,108.85071534694951,34.198373084611674,雁塔区,108.855325,34.196775
B0MGRSJTFQ,杨家台老陕油泼面,餐饮服务;餐饮相关场所;餐饮相关,108.8680706100698,34.24635175113995,雁塔区,108.872663,34.244745
B0MGRMJIXG,SilverFlow银流咖啡&贝果(泰昊大厦店),餐饮服务;咖啡厅;咖啡厅,108.86883762042572,34.19270183940743,雁塔区,108.873425,34.191075
B0MGBZT0B5,益禾堂(西安市雁塔区丈八社区店),餐饮服务;冷饮店;冷饮店,108.84861194869072,34.202118245792704,雁塔区,108.853225,34.200525
B0MG6UIAWG,魏家凉皮(丈八六路地铁口店),餐饮服务;餐饮相关场所;餐饮相关,108.85152771231374,34.1959482569136,雁塔区,108.856136,34.194348
B0MG552GKW,库迪咖啡(鸿锦城天逸店),餐饮服务;咖啡厅;咖啡厅,108.8439195530489,34.229183490969,雁塔区,108.848542,34.227608
B0MG47XY4U,牵人麻辣粉,餐饮服务;餐饮相关场所;餐饮相关,108.86988123789848,34.19663781298926,雁塔区,108.874468,34.195011
B0MG1ARLU2,大米先生湘菜(大茂城购物中心),餐饮服务;中餐厅;湖南菜(湘菜),108.86725534836475,34.23989715730008,雁塔区,108.871848,34.238289
B0MDYUV5FA,米旗(保利天悦店),餐饮服务;糕饼店;糕饼店,108.86429627796686,34.21552308405508,雁塔区,108.86889,34.21391
B0MDV7NW43,西安映象(丈八北路店),餐饮服务;餐饮相关场所;餐饮相关,108.86538579795548,34.223365774470125,雁塔区,108.869979,34.221754
B0MDSLJ5LY,京都青年餐厅云锦店,餐饮服务;外国餐厅;外国餐厅,108.84906412674403,34.19583913519312,雁塔区,108.853676,34.194243
B0MDKACPB0,四道菜·福建家宴(锦业路店),餐饮服务;中餐厅;中餐厅,108.86628601969949,34.19461992667312,雁塔区,108.870876,34.192997
B0MD9UPQMI,刘文祥麻辣烫(天谷五路店),餐饮服务;中餐厅;特色/地方风味餐厅,108.83411410116318,34.22120642159499,雁塔区,108.838752,34.219646
B0MD9UPDO1,迈德思客(大茂城店),餐饮服务;快餐厅;快餐厅,108.86753863672712,34.23971259182798,雁塔区,108.872131,34.238104
B0MBZHCDZ7,Grid Coffee(环贸中心店),餐饮服务;咖啡厅;咖啡厅,108.8670787836648,34.194885876146174,雁塔区,108.871668,34.193262
B0MBXUZG34,叁宝烤肉·西安烧烤(科技四路店),餐饮服务;外国餐厅;外国餐厅,108.85794231336583,34.221861570593205,雁塔区,108.862544,34.22026
B0MBU5M0KQ,弓家大队老碗面·非遗面馆(国宾天街店),餐饮服务;中餐厅;中餐厅,108.86789729431872,34.21082750168384,雁塔区,108.872487,34.209208
B0MBD6FBJE,赵二两火锅供销社(小烟庄店),餐饮服务;中餐厅;火锅店,108.85833484520201,34.22141333176593,雁塔区,108.862936,34.219811
B0MBAU9PS9,塔斯汀中国汉堡(国宾天街店),餐饮服务;快餐厅;快餐厅,108.86699339858939,34.211136230626835,雁塔区,108.871584,34.209518
B0MB2U16E7,沪上阿姨·精选茶饮(西安外事学院南校区店),餐饮服务;休闲餐饮场所;休闲餐饮场所,108.86596780687393,34.230700887100305,雁塔区,108.870561,34.229091
B0MAMS54RF,东北劲水饺馆(丈八六路店),餐饮服务;中餐厅;特色/地方风味餐厅,108.85031476034011,34.19842239334628,雁塔区,108.854925,34.196825
B0MA3106EW,夸父炸串(中航华府店),餐饮服务;快餐厅;快餐厅,108.85131754380009,34.24406973485853,雁塔区,108.85593,34.242487
B0M6Z71LO9,塔斯汀中国汉堡(西安市雁塔英发新苑店),餐饮服务;快餐厅;快餐厅,108.84307617356535,34.22970779137124,雁塔区,108.8477,34.228134
B0M6RSZPRJ,牛约堡-牛肉汉堡(鱼化寨店),餐饮服务;快餐厅;快餐厅,108.84100700072747,34.24022915064489,雁塔区,108.845635,34.238663
B0M6J5EE0W,野人先生现做冰淇淋(西安大茂城店),餐饮服务;冷饮店;冷饮店,108.86654365461048,34.23982125843758,雁塔区,108.871137,34.238214
B0M67KVO66,华莱士·全鸡汉堡(高新十小店),餐饮服务;快餐厅;快餐厅,108.84168591476191,34.23009714521433,雁塔区,108.846312,34.228526
B0M629X9EY,宴长安(科技路店),餐饮服务;中餐厅;中餐厅,108.83642747564414,34.23995984401876,雁塔区,108.841063,34.238402
B0M61ZG1DS,luckin coffee 瑞幸咖啡(科技路店),餐饮服务;餐饮相关场所;餐饮相关,108.8689580491486,34.238646785875716,雁塔区,108.873549,34.237036
B0LUZSUHXD,书亦烧仙草(天谷六路店),餐饮服务;冷饮店;冷饮店,108.83017057506073,34.2190418030949,雁塔区,108.834815,34.217488
B0LUS728F2,库迪咖啡(保利悦汇中心大堂店),餐饮服务;餐饮相关场所;餐饮相关,108.86400321423345,34.21237878264033,雁塔区,108.868597,34.210765
B0LUORJNW1,库迪咖啡(西安华为研究所东门店),餐饮服务;餐饮相关场所;餐饮相关,108.83806841024106,34.20019606443518,雁塔区,108.842698,34.198621
B0LUM9HMP8,茶话弄(环普国际科技园店),餐饮服务;休闲餐饮场所;休闲餐饮场所,108.83442932917764,34.2125760612283,雁塔区,108.839066,34.211012
B0LULR8NVV,飞鸿肉夹馍(云水天境餐厅),餐饮服务;餐饮相关场所;餐饮相关,108.82765820592789,34.219951754550294,雁塔区,108.832307,34.218403
B0LUJ5A21C,鸟剑居酒屋(西安环贸中心店),餐饮服务;外国餐厅;日本料理,108.86669543572528,34.19452349711031,雁塔区,108.871285,34.1929
B0LUFD1XWS,范家大院(鸿基新城店),餐饮服务;中餐厅;中餐厅,108.86405965809267,34.22007714346733,雁塔区,108.868654,34.218466
B0LUD7CG4K,库迪咖啡(高科尚都one尚城店),餐饮服务;餐饮相关场所;餐饮相关,108.85979756759207,34.19755080960808,雁塔区,108.864395,34.195938
B0LUB7GEYK,四个朋友·自助棋牌(利君明天店),餐饮服务;中餐厅;中餐厅,108.86851607361837,34.23328722947634,雁塔区,108.873107,34.231675
B0LUA5MD18,库迪咖啡(外事学院北门鱼斗路店),餐饮服务;咖啡厅;咖啡厅,108.8647622067115,34.23506865087912,雁塔区,108.869357,34.233462
B0LU4OWY4V,luckin coffee 瑞幸咖啡(国宾中央区店),餐饮服务;休闲餐饮场所;休闲餐饮场所,108.86859594942959,34.21080139374149,雁塔区,108.873185,34.209181
B0LU3L8NZI,品忆香炒货工坊(国宾天街店),餐饮服务;餐饮相关场所;餐饮相关,108.86799036542764,34.211038546712935,雁塔区,108.87258,34.209419
B0LU25V7TW,油麻港辣子鸡手擀面(西安大茂城店),餐饮服务;餐饮相关场所;餐饮相关,108.86899279065251,34.2422634658404,雁塔区,108.873584,34.240654
B0LRCCG4XL,张巴适爆炒川味三绝(西安首店),餐饮服务;中餐厅;四川菜(川菜),108.86853387371775,34.21103123590893,雁塔区,108.873123,34.209411
B0LR7CIKUY,顾二叔·手作酸奶(大茂城店),餐饮服务;冷饮店;冷饮店,108.86648158326896,34.23993913250301,雁塔区,108.871075,34.238332
B0LR255ER9,奋斗鸭(大茂城店),餐饮服务;餐饮相关场所;餐饮相关,108.86710621957977,34.23969304097281,雁塔区,108.871699,34.238085
B0LR0HMRJO,喜大娘手工大馅水饺,餐饮服务;中餐厅;特色/地方风味餐厅,108.8687132004695,34.24643952684827,雁塔区,108.873305,34.244832
B0LKTAVZQ6,味千拉面(环贸中心店),餐饮服务;中餐厅;中餐厅,108.86623495812404,34.19474781661302,雁塔区,108.870825,34.193125
B0LKT7WIS2,八宝福·非遗酸菜铜锅涮肉(华为店),餐饮服务;中餐厅;火锅店,108.83749445470106,34.20024598907403,雁塔区,108.842125,34.198672
B0LKRC65ON,阿祥嫂隆江猪脚饭(星光耀广场店),餐饮服务;快餐厅;快餐厅,108.86423224152689,34.20264245527115,雁塔区,108.868825,34.201025
B0LKR64REN,重庆巫山纸包鱼(龙城铭园一期店),餐饮服务;中餐厅;火锅店,108.86796520817249,34.22518349623344,雁塔区,108.872556,34.223569
B0LKKCONSQ,临榆炸鸡腿(丈八西路店),餐饮服务;快餐厅;快餐厅,108.84531622241362,34.19835577953812,雁塔区,108.849934,34.196767
B0LKGN0TKH,麦当劳(国宾天街)餐厅,餐饮服务;快餐厅;快餐厅,108.86898228609013,34.2110108029092,雁塔区,108.873571,34.20939
B0LKDXPQMV,樊二郎驴蹄子面(国宾店),餐饮服务;中餐厅;中餐厅,108.86527770080765,34.21070310821008,雁塔区,108.86987,34.209087
B0LGF6LQUF,熊麻婆现炒浇头面·饭(西安鱼斗路店),餐饮服务;餐饮相关场所;餐饮相关,108.86614460173301,34.23549135176753,雁塔区,108.870738,34.233883
B0LGB5XPZ1,茶百道(西安雁塔国宾天街店),餐饮服务;冷饮店;冷饮店,108.86843579780331,34.21084517738755,雁塔区,108.873025,34.209225
B0LGASL16O,塔斯汀中国汉堡(西安市雁塔外事学院校内店),餐饮服务;快餐厅;快餐厅,108.86529726676407,34.22884466886866,雁塔区,108.869891,34.227235
B0LGABGCFG,蜜雪冰城(英发新苑北门东侧10米门店),餐饮服务;冷饮店;冷饮店,108.84285880270568,34.23001129023164,雁塔区,108.847483,34.228438
B0LG3UCV1S,酸奶罐罐(大茂城购物中心),餐饮服务;冷饮店;冷饮店,108.8668889846059,34.23996865479335,雁塔区,108.871482,34.238361
B0LDTR54T1,莉莉延安沾沾(星耀广场店),餐饮服务;餐饮相关场所;餐饮相关,108.86337249505,34.20027506373291,雁塔区,108.867966,34.198658
B0LDS93W7E,合喜味道(星光耀店),餐饮服务;中餐厅;四川菜(川菜),108.86427837572461,34.20158587774456,雁塔区,108.868871,34.199968
B0LDN5V45S,茉莉奶白(大华数智产业园店),餐饮服务;冷饮店;冷饮店,108.8287391421425,34.218877170239864,雁塔区,108.833386,34.217326
B0LDLNLNOM,熊麻婆现炒浇头面·饭(西安漳浒寨软件新城店),餐饮服务;餐饮相关场所;餐饮相关,108.8336222686122,34.22122149748105,雁塔区,108.838261,34.219662
B0LDFRYSHU,民谣集烧烤酒馆(陕西西安高新区鱼化寨店),餐饮服务;中餐厅;中餐厅,108.86729381709357,34.23451821668171,雁塔区,108.871886,34.232908
B0LBSDBIIX,幸运咖(西安外事学院南校区店),餐饮服务;餐饮相关场所;餐饮相关,108.86526373198883,34.235077327869625,雁塔区,108.869858,34.23347
B0LBLSHV0L,鸡柳大人外事学院店,餐饮服务;快餐厅;快餐厅,108.86427665681,34.23547483480194,雁塔区,108.868872,34.233869
B0LB1CZP7S,luckin coffee 瑞幸咖啡(大茂城购物中心店),餐饮服务;餐饮相关场所;餐饮相关,108.86621934970881,34.239572924427115,雁塔区,108.870813,34.237966
B0LAZ9ZJ3I,柳州肥姨妈大骨螺蛳粉(丈八四路店),餐饮服务;餐饮相关场所;餐饮相关,108.86427738266829,34.20148591028601,雁塔区,108.86887,34.199868
B0LAYSWE9T,妈妈花甲米线(丈八北社区店),餐饮服务;餐饮相关场所;餐饮相关,108.85164969346869,34.198356652757,雁塔区,108.856258,34.196757
B0LAVZ60EZ,佰签友西航串串(中航华府店),餐饮服务;中餐厅;火锅店,108.85180404595546,34.24648762189924,雁塔区,108.856416,34.244905
B0FFFA936U,河南羊肉烩面(王寺南街店),餐饮服务;中餐厅;中餐厅,108.79736312647945,34.259976407060485,长安区,108.802063,34.258496
B0FFHBB35R,小邓麻辣鱼庄(长安店),餐饮服务;中餐厅;海鲜酒楼,108.79657002845755,34.260771888124395,长安区,108.801271,34.259293
B0FFGFQDQ2,老朱粉蒸肉,餐饮服务;中餐厅;中餐厅,108.7992705827184,34.26113589491291,长安区,108.803968,34.259653
B0FFFA9I2V,徐州农家一锅炖,餐饮服务;中餐厅;湖南菜(湘菜),108.80335533150551,34.26119144014605,长安区,108.808047,34.259702
B0FFFA9EVH,冒菜香锅(王寺分店),餐饮服务;中餐厅;中餐厅,108.79744021555621,34.260126465091794,长安区,108.80214,34.258646
B0FFJAOKIK,老米丁丁面(王寺北街店),餐饮服务;餐饮相关场所;餐饮相关,108.79855952306706,34.262341305285545,长安区,108.803258,34.26086
B0FFFOY3TO,秦和智享酒店(赳赳大秦剧院店),餐饮服务;茶艺馆;茶艺馆|住宿服务;宾馆酒店;宾馆酒店,108.82055737917467,34.26586402717512,未央区,108.825222,34.264346
B001D10X7C,宁夏吴忠老吴特色炒肉片饭店(大秦七十二坊店),餐饮服务;中餐厅;清真菜馆,108.82131155716907,34.26709393328561,未央区,108.825975,34.265575
B0FFHBB367,王寺老婆农家面馆,餐饮服务;中餐厅;特色/地方风味餐厅,108.79714686830978,34.25966720049887,长安区,108.801847,34.258187
B0FFHHQV72,香香土灶台,餐饮服务;餐饮相关场所;餐饮相关,108.79454147625385,34.27286498538969,长安区,108.799246,34.271394
B0MGF54DRU,霸碗盖码饭(西安沣东自贸园店),餐饮服务;快餐厅;快餐厅,108.79734987568891,34.28738009358543,未央区,108.802052,34.285911
B0MDAO5SRG,霸碗盖码饭(西安沣东吾悦广场店),餐饮服务;中餐厅;中餐厅,108.82026057998463,34.25719593352562,未央区,108.824925,34.255675
B0M60AM4WM,蜜雪冰城(蓝光公园华府二期店),餐饮服务;冷饮店;冷饮店,108.8128459313517,34.286220487302884,未央区,108.817525,34.284725
B0MUZ77RMH,太太好粥,餐饮服务;中餐厅;中餐厅,108.81648235862792,34.29280523989324,未央区,108.821156,34.291306
B0FFFTJM3D,鲜奶吧,餐饮服务;冷饮店;冷饮店,108.81188980070745,34.30577023513651,未央区,108.816572,34.304285
B0FFFA9NFR,重庆石锅鱼(第九分店),餐饮服务;中餐厅;四川菜(川菜),108.7986065755533,34.262473325525704,长安区,108.803305,34.260992
B001D08MX7,兰州拉面(王寺南街店),餐饮服务;中餐厅;清真菜馆,108.79710681417484,34.25968913091332,长安区,108.801807,34.258209
B0MUP9F5R2,甜乐颂,餐饮服务;糕饼店;糕饼店,108.81635512981595,34.25607017967153,未央区,108.821026,34.254556
B0MUOO65F0,蜀辣二姨重庆凉拌菜(华润二十四城店),餐饮服务;中餐厅;中餐厅,108.8190056994648,34.291279539416806,未央区,108.823675,34.289775
B0MUB775HM,老丁家酱腊好牛肉(蓝光公园华府),餐饮服务;中餐厅;中餐厅,108.80768880152549,34.28600151937821,未央区,108.812376,34.284515
B0MA2KOKTX,蜜雪冰城(万象域店),餐饮服务;餐饮相关场所;餐饮相关,108.81990699488104,34.29403001638959,未央区,108.824575,34.292525
B0LU5XP3ZM,城南饺子馆(沣东新城店),餐饮服务;快餐厅;快餐厅,108.79535519197037,34.2888114841504,未央区,108.80006,34.287346
B0L2VH7ZB6,老狼大盘鸡(三桥店),餐饮服务;中餐厅;中餐厅,108.81642826798515,34.29281613630091,未央区,108.821102,34.291317
B0GDOCP8DO,老米家泡馍馆(嘉欣花园店),餐饮服务;中餐厅;清真菜馆,108.7964457783512,34.26187326195045,长安区,108.801147,34.260395
B0FFG3NCO9,老赵家炖牛肉丸子烩菜(大秦店),餐饮服务;中餐厅;清真菜馆,108.82122744450074,34.26672392636145,未央区,108.825891,34.265205
B0FFJ20Y0Z,正宗小竹签烧烤(王寺店),餐饮服务;餐饮相关场所;餐饮相关,108.80365877214054,34.26120993343832,长安区,108.80835,34.25972
B0FFFA9JZD,河南羊肉烩面(西宝公路),餐饮服务;中餐厅;特色/地方风味餐厅,108.80651706266005,34.26078689753097,长安区,108.811204,34.259292
B0FFH1VHU9,百盛祥泡馍烧烤铜锅涮肉,餐饮服务;中餐厅;清真菜馆,108.82133780498287,34.25224587576803,未央区,108.826,34.250721
B0FFHBB38P,幸福小吃(王寺南街店),餐饮服务;中餐厅;中餐厅,108.79716893853183,34.25915943544176,长安区,108.801869,34.257679
B0FFHMXTA8,虎家秦镇米皮(未央区和平丽苑-南区店),餐饮服务;中餐厅;中餐厅,108.82107107344235,34.2556930316924,未央区,108.825734,34.25417
B0LUL1BDS0,万州烤鱼·龙虾馆(华润店),餐饮服务;中餐厅;中餐厅,108.81890522619082,34.29502772755139,未央区,108.823575,34.293525
B0K6GSY76M,逍遥镇牛肉胡辣汤(沣东大道店),餐饮服务;中餐厅;中餐厅,108.79588211595805,34.26113671127677,长安区,108.800584,34.259659
B0JRHRJUT3,蜜雪冰城(紫境城西北门右侧50米店),餐饮服务;冷饮店;冷饮店,108.81875426621845,34.303723613882944,未央区,108.823425,34.302225
B0HBTX3TQV,嘉州上上签牛肉串串北沙口旗舰店(天章大道店),餐饮服务;餐饮相关场所;餐饮相关,108.81780973758364,34.30305217230846,未央区,108.822482,34.301555
B0FFIKFY6F,好味川菜纸包鱼(王寺店),餐饮服务;中餐厅;四川菜(川菜)|餐饮服务;中餐厅;海鲜酒楼,108.79608061571884,34.258113207632036,长安区,108.800782,34.256634
B0FFIPCZJY,肉丸糊辣汤(王寺东街店),餐饮服务;快餐厅;快餐厅,108.79872687309131,34.26080817680462,长安区,108.803425,34.259326
B0FFFA9NFZ,大嘴咥西安烧鸡公(总店),餐饮服务;中餐厅;中餐厅,108.79885494883217,34.261999900963474,长安区,108.803553,34.260518
B0MUK5Y576,西西春天市井小火锅,餐饮服务;中餐厅;火锅店,108.81692298598352,34.25713979752852,未央区,108.821593,34.255625
B0KUCC1B8R,魏福记老魏家水盆羊肉(王寺店),餐饮服务;中餐厅;中餐厅,108.79766548286274,34.26048966523798,长安区,108.802365,34.259009
B0KK2D5X7F,老古城肉夹馍·凉皮·米线(建材市场店),餐饮服务;中餐厅;中餐厅,108.81919604151501,34.27869023720851,未央区,108.823864,34.27718
B0KB7CJUL6,小菜鲜生,餐饮服务;中餐厅;中餐厅,108.81362735178408,34.25972179003692,未央区,108.818303,34.258214
B0KAU9RGLO,好味道鸡汤刀削面,餐饮服务;中餐厅;中餐厅,108.82145531359127,34.26077073972325,未央区,108.826118,34.259249
B0I0NM6HYO,西海旺炒肉片(大秦七十二坊店),餐饮服务;中餐厅;清真菜馆,108.82122839295076,34.267379662660105,未央区,108.825892,34.265861
B0HB3G7KRY,天台大酒店·宴会厅,餐饮服务;中餐厅;中餐厅,108.82054919009838,34.26802513730612,未央区,108.825214,34.266508
B0FFG50LAZ,万家来便利店,购物服务;便民商店/便利店;便民商店/便利店|餐饮服务;餐饮相关场所;餐饮相关,108.82105102549548,34.26820299845877,未央区,108.825715,34.266685
B0FFJ1BRLN,西安汇都酒店(三桥北沙口店),餐饮服务;中餐厅;综合酒楼|住宿服务;宾馆酒店;宾馆酒店,108.81967371937776,34.304889793773,未央区,108.824343,34.30339
B0FFFV9GMP,社娃面馆,餐饮服务;中餐厅;中餐厅,108.79557875834223,34.26079739498348,长安区,108.800281,34.25932
B0FFGCBFGZ,岐山臊子面(天台八路店),餐饮服务;中餐厅;中餐厅,108.80922467703684,34.29223750257322,未央区,108.81391,34.290751
B0MU51V023,嘟嘟鲜奶吧,餐饮服务;冷饮店;冷饮店,108.79818418418218,34.28487743936903,长安区,108.802885,34.283406
B0MD0RSKQG,糊·火辣椒,餐饮服务;中餐厅;中餐厅,108.81710229436352,34.29397486712301,未央区,108.821775,34.292475
B0MAKXOQXQ,迎宾面馆,餐饮服务;中餐厅;中餐厅,108.81074171699113,34.29655928209566,未央区,108.815425,34.295072
B0MAB7SUNI,王记烧烤局,餐饮服务;餐饮相关场所;餐饮相关,108.8003755642728,34.30454130595474,未央区,108.805075,34.303075
B0LDS6VMSZ,宋家手工水饺,餐饮服务;餐饮相关场所;餐饮相关,108.81711404841509,34.28493177413846,未央区,108.821786,34.283428
B0L2ULFWCS,南京灌汤小笼包(后卫寨店),餐饮服务;餐饮相关场所;餐饮相关,108.81113792081045,34.301802671041614,未央区,108.815821,34.300317
B0KRR12LHW,四川卤肉店,餐饮服务;中餐厅;中餐厅,108.79375119778116,34.27665627242988,长安区,108.798457,34.275188
B0KD9XBDAB,川味小厨(中南·上悦城一期店),餐饮服务;中餐厅;四川菜(川菜),108.7970046033488,34.297439212861406,未央区,108.801708,34.295975
B0KBB9O4DR,陈家粉蒸肉(王寺南街店),餐饮服务;中餐厅;中餐厅,108.79630789102427,34.25831146990166,长安区,108.801009,34.256832
B0K6TSQFGT,阿雯肉夹馍,餐饮服务;中餐厅;中餐厅,108.79702660219867,34.29780508564567,未央区,108.80173,34.296341
B0IUXYBGHN,胡先森·雀馆(吾悦广场店),餐饮服务;餐饮相关场所;餐饮相关,108.81697308561444,34.25693896847032,未央区,108.821643,34.255424
B0ID77OPY1,宁夏炒肉片(王寺南街店),餐饮服务;中餐厅;中餐厅,108.79642401660031,34.258604528481726,长安区,108.801125,34.257125
B0I3F9ZAH9,三桥街道农家馍店,餐饮服务;餐饮相关场所;餐饮相关,108.8140180856927,34.307752157048796,未央区,108.818697,34.306264
B0HKODI1SU,欧麦拉烘焙馆(紫境城店),餐饮服务;糕饼店;糕饼店,108.8205782774583,34.304526634850866,未央区,108.825246,34.303025
B0HGOHUQ54,正宗裤带面(孙武路店),餐饮服务;中餐厅;中餐厅,108.81575694854261,34.307677342739225,未央区,108.820433,34.306186
B0FFFUW7ZZ,老母鸡汤泡饼,餐饮服务;中餐厅;中餐厅,108.8213968912761,34.2524179188986,未央区,108.826059,34.250893
B0FFH5KUZD,永盛和腊牛肉夹馍肉丸胡辣汤(王寺店),餐饮服务;中餐厅;中餐厅,108.8209395748194,34.25909644436511,未央区,108.825603,34.257575
B001D10XRY,阿超过桥米线(和平村店),餐饮服务;中餐厅;特色/地方风味餐厅,108.82103164192705,34.2601931804281,未央区,108.825695,34.258672
B0MGLUNE61,邻里小厨,餐饮服务;中餐厅;中餐厅,108.8169522190968,34.291825523939494,未央区,108.821625,34.290325
B0MD7C7DSN,御卤世家椒麻鸡(华润二十四城店),餐饮服务;餐饮相关场所;餐饮相关,108.8192088791331,34.293277050470095,未央区,108.823878,34.291773
B0MB4KYBZT,老陈家烩菜馆,餐饮服务;中餐厅;中餐厅,108.8185045614731,34.29492703173525,未央区,108.823175,34.293425
B0MARD4Q3G,御卤世家椒麻鸡(后卫寨店),餐饮服务;餐饮相关场所;餐饮相关,108.81202023412733,34.303017697058344,未央区,108.816702,34.301531
B0M6XCSG1I,包鲜森,餐饮服务;快餐厅;快餐厅,108.81905472257367,34.30432390107614,未央区,108.823725,34.302825
B0M67HYLRB,瑞幸咖啡(环普创新城店),餐饮服务;咖啡厅;咖啡厅,108.8157984543855,34.25304035017614,未央区,108.82047,34.251526
B0M631AGAK,3M贴膜赤道以北(沣东店),餐饮服务;餐饮相关场所;餐饮相关,108.81419176614259,34.29057404190531,未央区,108.818869,34.289078
B0KUKOFPUC,喜赞·轻食健康餐(三桥店),餐饮服务;快餐厅;快餐厅,108.81712838589105,34.293383172030246,未央区,108.821801,34.291883
B0KKVX9VDE,聚湘阁餐厅,餐饮服务;中餐厅;湖南菜(湘菜),108.81946248957425,34.27869772718495,未央区,108.82413,34.277187
B0JU4X5Y99,罗记食品糕点,餐饮服务;糕饼店;糕饼店,108.81805636492676,34.30040979862023,未央区,108.822728,34.298911
B0J3460GAY,食间小铺(孙武路店),餐饮服务;中餐厅;中餐厅,108.81185566296685,34.30678971669183,未央区,108.816538,34.305305
B0HGOHUXSW,披萨工坊(西咸吾悦广场店),餐饮服务;快餐厅;快餐厅,108.81604273551355,34.25455320445207,未央区,108.820714,34.253039
B0G39ZMYPZ,好再来快餐店(天台八路付一路店),餐饮服务;快餐厅;快餐厅,108.80986810720294,34.28707184776128,未央区,108.814552,34.285582
B0FFFE6P9Q,大秦老碗搅团72坊店,餐饮服务;中餐厅;中餐厅,108.82135258519484,34.26760680191891,未央区,108.826016,34.266088
B001D08S2H,冯盛祥牛羊肉泡馍(天台路店),餐饮服务;中餐厅;清真菜馆,108.82054132891793,34.278479819460536,未央区,108.825207,34.276967
B0FFI6MXLW,叙友阁茶馆(华润·二十四城店),餐饮服务;茶艺馆;茶艺馆,108.81956560424827,34.29174737332786,未央区,108.824234,34.290242
B001D0ZMR4,伊恒楼牛羊肉泡馍馆(和平春天店),餐饮服务;中餐厅;清真菜馆,108.81697511144392,34.25666208123462,未央区,108.821645,34.255147
B0FFFGUTGZ,开顺蛋糕店(和平伯乐城市广场店),餐饮服务;糕饼店;糕饼店|购物服务;购物相关场所;购物相关场所,108.82055882146706,34.260438203619024,未央区,108.825223,34.258918
B0MAV76YL5,有氧轻食(万象城店),餐饮服务;快餐厅;快餐厅,108.8176912118374,34.294775599849224,未央区,108.822363,34.293275
B0MASLH89T,家家乐凉拌菜,餐饮服务;中餐厅;中餐厅,108.81862893659948,34.29287815190595,未央区,108.823299,34.291375
B0MA95AYJF,宝记牛腩饭(三桥店),餐饮服务;中餐厅;中餐厅,108.81715046960973,34.292805463131785,未央区,108.821823,34.291305
B0LKNZPYWC,超美味自选餐,餐饮服务;中餐厅;中餐厅|餐饮服务;快餐厅;快餐厅,108.80878812318767,34.302956038143336,未央区,108.813475,34.301475
B0LKMO7MGF,川香奇香砂锅(西安西咸吾悦广场店),餐饮服务;中餐厅;中餐厅,108.8177344489987,34.255779822069776,未央区,108.822403,34.254263
B0L24SNYFY,料多多千层蛋糕,餐饮服务;糕饼店;糕饼店,108.81631904119969,34.2933776931343,未央区,108.820993,34.291879
B0L0LXBFLW,渝三叁老火锅餐饮店,餐饮服务;中餐厅;火锅店,108.79713897412384,34.29504546386676,未央区,108.801842,34.29358
B0KUC101DS,朱叁启传统烤肉,餐饮服务;餐饮相关场所;餐饮相关,108.81294416502837,34.26068318124456,未央区,108.817621,34.259177
B0K2N18WRM,胖妞米线店,餐饮服务;中餐厅;中餐厅,108.8004772091242,34.28609751533271,未央区,108.805175,34.284623
B0JKDYYO9K,老街淮南牛肉汤(三桥万象域店),餐饮服务;中餐厅;中餐厅,108.82042782695525,34.29462272515927,未央区,108.825095,34.293117
B0J0FLS4CJ,三慧共享茶室,餐饮服务;茶艺馆;茶艺馆,108.81926376684005,34.29579805427113,未央区,108.823933,34.294295
B0I1LKBBAI,重庆川菜馆(天台路店),餐饮服务;中餐厅;四川菜(川菜),108.82122013168862,34.27042940648502,未央区,108.825884,34.268912
B0H04UCBO3,汉刘中热米皮,餐饮服务;中餐厅;中餐厅,108.80916059740971,34.29198450035911,未央区,108.813846,34.290498
B0G1SS7WYL,酒醉东篱生态院,餐饮服务;中餐厅;中餐厅,108.77634415911633,34.29803322789778,秦都区,108.781068,34.296595
B0G1JO99W1,汇都小吃(紫境城店),餐饮服务;中餐厅;中餐厅,108.81902867120188,34.304416811407684,未央区,108.823699,34.302918
B0FFLDXPOE,南方风味特色米线店,餐饮服务;中餐厅;中餐厅,108.79959767494942,34.302295076793854,未央区,108.804298,34.300829
B0FFKTR6N6,18街面坊(启航佳苑东区店),餐饮服务;快餐厅;快餐厅,108.81169975915722,34.302535341695695,未央区,108.816382,34.301049
B0FFKPFFBX,秦枫源菠菜面,餐饮服务;餐饮相关场所;餐饮相关,108.81858298836694,34.291290753882315,未央区,108.823253,34.289787
B0MUX5A31Q,汉堡王(西安沣东吾悦餐厅),餐饮服务;快餐厅;快餐厅,108.81908374284193,34.255384465386776,未央区,108.82375,34.253865
B0MUMCWACH,华莱士·全鸡汉堡(沣东自贸园店),餐饮服务;快餐厅;快餐厅,108.79736584498126,34.28801384691841,未央区,108.802068,34.286545
B0MUCL2J7U,阿瓦山寨云贵菜·剁椒鱼头(吾悦广场店),餐饮服务;中餐厅;中餐厅,108.8184577111485,34.2551434038223,未央区,108.823125,34.253625
B0MU7X6LL1,潮小贝砂锅粥(沣东吾悦店),餐饮服务;中餐厅;中餐厅,108.81829844958621,34.255077136151336,未央区,108.822966,34.253559
B0MG9AOJS9,蜜雪冰城(东边2店),餐饮服务;冷饮店;冷饮店,108.81810707920974,34.25569254209506,未央区,108.822775,34.254175
B0MD59YCQU,袁山山重庆火锅(赳赳大秦店),餐饮服务;中餐厅;中餐厅,108.82139901439908,34.2632836311051,未央区,108.826062,34.261763
B0MBS7ECF6,乡村基(西安西咸吾悦广场店),餐饮服务;快餐厅;快餐厅,108.81759430601127,34.25465700479688,未央区,108.822263,34.25314
B0MBM97PNS,李若桃·手作酸奶铺(西安西咸吾悦广场店),餐饮服务;冷饮店;冷饮店,108.81866707238498,34.25501983858097,未央区,108.823334,34.253501
B0MAUCTLP5,油麻港辣子鸡手擀面(西咸吾悦广场店 5楼),餐饮服务;中餐厅;中餐厅,108.81855787506957,34.255193568934786,未央区,108.823225,34.253675
B0MASUGPZ6,满巍明生炸鸡架(西咸吾悦广场店),餐饮服务;快餐厅;快餐厅,108.81820731591233,34.254843059938395,未央区,108.822875,34.253325
B0MA7SZOUX,蕊蕊火锅串串香(万象域店),餐饮服务;中餐厅;火锅店,108.82065221786627,34.294485202044065,未央区,108.825319,34.292979
B0M6RM02U4,塔斯汀中国汉堡(西安市未央启航时代广场店),餐饮服务;快餐厅;快餐厅,108.8094081764929,34.30191857907776,未央区,108.814094,34.300436
B0M6NHE9PS,LELECHA乐乐茶(西安西咸吾悦广场店),餐饮服务;冷饮店;冷饮店,108.81875821127062,34.25519393859514,未央区,108.823425,34.253675
B0M67KW28E,华莱士·全鸡汉堡(沣东新城店),餐饮服务;餐饮相关场所;餐饮相关,108.8119983809302,34.30078165071704,未央区,108.81668,34.299294
B0M67KW28C,华莱士·全鸡汉堡(西咸吾悦店),餐饮服务;快餐厅;快餐厅,108.81854879370236,34.256009231962715,未央区,108.823216,34.254491
B0LUTR591Q,爷爷不泡茶NOYEYENOTEA(西安西咸吾悦广场店),餐饮服务;餐饮相关场所;餐饮相关,108.8197028276801,34.254861816302466,未央区,108.824368,34.253341
B0LURMUBKH,正新鸡排(和平村吾悦广场店),餐饮服务;餐饮相关场所;餐饮相关,108.81790977273185,34.25540129317908,未央区,108.822578,34.253884
B0LUPSV5YO,黎明屯铁锅炖x小锅烀饼(西咸吾悦广场店),餐饮服务;餐饮相关场所;餐饮相关,108.81875520630643,34.255192933440206,未央区,108.823422,34.253674
B0LUMMAXKX,云阿蛮云南生烫牛肉米线(西咸吾悦店),餐饮服务;餐饮相关场所;餐饮相关,108.81960465271592,34.254978588638195,未央区,108.82427,34.253458
B0LUDDB5SM,鲜啤福鹿家(西咸吾悦广场店),餐饮服务;休闲餐饮场所;休闲餐饮场所,108.81716749279477,34.255908730223545,未央区,108.821837,34.254393
B0LUBDIFPD,库迪咖啡(华润万象域店),餐饮服务;咖啡厅;咖啡厅,108.81955637502242,34.294379214654235,未央区,108.824225,34.292875
B0LU2RS5OV,九十辣铜锅涮(吾悦广场店),餐饮服务;中餐厅;火锅店,108.81751506554507,34.25599133576085,未央区,108.822184,34.254475
B0LRUAC6EW,融柳大铁牛螺蛳粉(华润·二十四城店),餐饮服务;中餐厅;中餐厅,108.8186551185314,34.291178935274665,未央区,108.823325,34.289675
B0LR3RFKHI,小六汤包(沣东新城店),餐饮服务;中餐厅;西北菜,108.79579189543993,34.28696592204529,长安区,108.800496,34.285499
B0LR17T3GO,汇通杨家·烤肉(华润二十四城店),餐饮服务;中餐厅;中餐厅,108.81960670737818,34.29133062950888,未央区,108.824275,34.289825
B0LKGH1HHN,樊二郎驴蹄子面(西咸吾悦店),餐饮服务;餐饮相关场所;餐饮相关,108.8185577927494,34.256207170753804,未央区,108.823225,34.254689
B0LK7L42L1,刘文祥麻辣烫(华润二十四城店),餐饮服务;餐饮相关场所;餐饮相关,108.81910581916773,34.291879465304135,未央区,108.823775,34.290375
B0LK4RXAD4,姥姥春饼·烤鸭土菜(西咸吾悦广场店),餐饮服务;中餐厅;特色/地方风味餐厅,108.81780562401251,34.255088224354054,未央区,108.822474,34.253571
B0LGJCCKT3,塔斯汀中国汉堡(西安市西咸吾悦广场店),餐饮服务;快餐厅;快餐厅,108.81956850989135,34.25598912509098,未央区,108.824234,34.254469
B0LG7149F0,蜜雪冰城(恒大都市广场店),餐饮服务;冷饮店;冷饮店,108.79212973567446,34.307638560569494,未央区,108.79684,34.306186
B0LG194BT9,熊麻婆现炒浇头面·饭(西安西咸吾悦店),餐饮服务;中餐厅;中餐厅,108.81875821938843,34.25509397780478,未央区,108.823425,34.253575
B0LDHCL1SN,蜜雪冰城(沣东第一学校正门对面50米店),餐饮服务;冷饮店;冷饮店,108.77533681289128,34.27032204276062,长安区,108.780059,34.268873
B0LDB5CCYP,土门常姐涮牛肚.吉祥米线(三桥店),餐饮服务;快餐厅;快餐厅,108.82055804256238,34.294680941753214,未央区,108.825225,34.293175
B0LD5UXCHX,萍姐火锅·公路夜市(吾悦广场店),餐饮服务;餐饮相关场所;餐饮相关,108.81793777497288,34.2559511288129,未央区,108.822606,34.254434
B0LD3AHJTV,城南饺子馆(沣东新城店),餐饮服务;餐饮相关场所;餐饮相关,108.79644272833526,34.28697389295312,长安区,108.801146,34.285506
B0LBHUMLZJ,库迪咖啡(蓝光公园华府二期店),餐饮服务;餐饮相关场所;餐饮相关,108.81133651259762,34.28612883759521,未央区,108.816018,34.284636
B0LA9H001T,魏家凉皮(西安保利和光尘樾),餐饮服务;中餐厅;中餐厅,108.79670406731708,34.28696029271669,长安区,108.801407,34.285492
B0LA79Z61H,蜜雪冰城(保利和光尘樾一期二期十字交汇处店),餐饮服务;冷饮店;冷饮店,108.79727589559069,34.285945592618006,长安区,108.801978,34.284476
B0LA6CB037,袁记云饺(未央区西咸吾悦广场店),餐饮服务;餐饮相关场所;餐饮相关,108.82105310114446,34.254975279815774,未央区,108.825716,34.253452
B0L6YYDZZT,朝花里川菜小馆(西咸吾悦广场店),餐饮服务;中餐厅;四川菜(川菜),108.81875520630643,34.255192933440206,未央区,108.823422,34.253674
B0L3MCKXSA,张伟铜锅涮肉(后卫寨店),餐饮服务;中餐厅;火锅店,108.81024046303621,34.30220890805631,未央区,108.814925,34.300725
B0L3BAF8O1,幸运咖(店),餐饮服务;咖啡厅;咖啡厅,108.81855486239787,34.25528752652553,未央区,108.823222,34.253769
B0L2VC8UMF,超享乐剁椒面(西咸吾悦广场店),餐饮服务;餐饮相关场所;餐饮相关,108.8176714286944,34.25473211713154,未央区,108.82234,34.253215
B0L2NUI39S,石锅苗苗鱼(西安三桥店),餐饮服务;中餐厅;中餐厅,108.81781065607964,34.29176412644474,未央区,108.822482,34.290262
B0L219UCN0,蜀儿郎市井串串(万象域店),餐饮服务;中餐厅;火锅店,108.82011728656582,34.29481206607804,未央区,108.824785,34.293307
B0L1RAAUL8,家里村张伟铜锅涮肉三桥店,餐饮服务;中餐厅;火锅店,108.81744804239037,34.291862417499054,未央区,108.82212,34.290361
B0L17D9FMI,奔客怪叔叔火锅(三桥万象域店),餐饮服务;中餐厅;火锅店,108.8194581354418,34.29529063555264,未央区,108.824127,34.293787
B0L15L1EN8,柳州肥姨妈大骨螺蛳粉(西咸吾悦广场店),餐饮服务;餐饮相关场所;餐饮相关,108.82055981610047,34.26052517087456,未央区,108.825224,34.259005
B0L13U5Z4A,沪上阿姨·精选茶饮(西安后卫寨店),餐饮服务;休闲餐饮场所;休闲餐饮场所,108.81093562573008,34.30146946118494,未央区,108.815619,34.299984
B0L0RU4XA1,池田寿司·新鲜现做(西咸吾悦广场店),餐饮服务;外国餐厅;日本料理,108.81975790491063,34.255054842732896,未央区,108.824423,34.253534
B0L0M59VX4,马有鱼·馕坑烤全鱼(西安西咸吾悦店),餐饮服务;中餐厅;中餐厅,108.8193271924466,34.254891109170316,未央区,108.823993,34.253371
B0L0HRRODU,瑞幸咖啡(华润万象域店),餐饮服务;休闲餐饮场所;休闲餐饮场所,108.82035770771476,34.29463059148786,未央区,108.825025,34.293125
B0KUNUTSPZ,武小勇红油米线(西咸吾悦广场店),餐饮服务;快餐厅;快餐厅,108.81830037865565,34.255991780697954,未央区,108.822968,34.254474
B0KRRSUOZO,大秦面庄,餐饮服务;中餐厅;中餐厅,108.82122937865829,34.267576584683084,未央区,108.825893,34.266058
B0KKCD94DK,时辰包子(华润二十四城四期店),餐饮服务;餐饮相关场所;餐饮相关,108.81962057073083,34.29330180185904,未央区,108.824289,34.291797
B0KGVH3AJW,曹氏鸭脖(西安西咸吾悦广场店),餐饮服务;餐饮相关场所;餐饮相关,108.81775251500879,34.25533802871139,未央区,108.822421,34.253821
B0KDY7Z8Z9,茉莉奶白(西安沣东吾悦广场),餐饮服务;冷饮店;冷饮店,108.8197118109023,34.25525567855183,未央区,108.824377,34.253735
B0KB4RYQTA,悦香驴蹄子面(沣东吾悦广场店),餐饮服务;中餐厅;中餐厅,108.81974887290815,34.255261744862125,未央区,108.824414,34.253741
B0KAXBX47D,田家大院东北农家菜铁锅炖(吾悦广场店),餐饮服务;中餐厅;中餐厅,108.8185337381376,34.256383057191734,未央区,108.823201,34.254865
B0K2T6UVDY,达美乐比萨(西咸吾悦广场店),餐饮服务;餐饮相关场所;餐饮相关,108.81988507420614,34.25561285958884,未央区,108.82455,34.254092
B0K1YD5PLU,蛮涮自助小火锅·糖水铺子集合店(西咸吾悦店),餐饮服务;中餐厅;火锅店,108.81919091052437,34.255539602696935,未央区,108.823857,34.25402
B0K1KUDKOV,巡面(西安二十四城店),餐饮服务;中餐厅;中餐厅,108.81894459608073,34.29128742308345,未央区,108.823614,34.289783
B0K1FAPIOK,姜胖胖首尔自助烤肉·街头小吃大排档(西咸吾悦广场店),餐饮服务;外国餐厅;韩国料理,108.81962367497063,34.25509957645287,未央区,108.824289,34.253579
B0K1DRLNI6,库迪咖啡(启航时代广场A座店),餐饮服务;咖啡厅;咖啡厅,108.80805298088787,34.30297975470109,未央区,108.812741,34.3015
B0K1DDCHFA,钱摊摊安顺夺夺粉火锅(吾悦广场店),餐饮服务;餐饮相关场所;餐饮相关,108.81917892463892,34.255116746411254,未央区,108.823845,34.253597
B0K0S774V7,秦炉烤肉(西咸吾悦店),餐饮服务;中餐厅;中餐厅,108.81860795097184,34.25529362210198,未央区,108.823275,34.253775
B0JUY7UWD6,李想大虾火锅(西安西咸吾悦广场店),餐饮服务;中餐厅;火锅店,108.81923202093584,34.2550308782933,未央区,108.823898,34.253511
B0JUSMPJ48,蜜雪冰城(沣东新城悦天地室外街中段店),餐饮服务;冷饮店;冷饮店,108.81865098728211,34.2557365276978,未央区,108.823318,34.254218
B0JDX5FY5Y,柠季·手打柠檬茶(西安西咸沣东吾悦广场店),餐饮服务;冷饮店;冷饮店,108.81924604031153,34.25508288384346,未央区,108.823912,34.253563
B0JDAH49CN,池奈日式咖喱蛋包饭(西安西咸吾悦广场店),餐饮服务;中餐厅;中餐厅,108.81914987951042,34.255070710739,未央区,108.823816,34.253551
B0JD173AT4,杨国福麻辣烫(华润二十四城店),餐饮服务;中餐厅;特色/地方风味餐厅,108.81954244641187,34.29321069668341,未央区,108.824211,34.291706
B0JBAHE7U3,甜啦啦鲜果茶(西咸吾悦广场店),餐饮服务;冷饮店;冷饮店,108.81896455431469,34.25523830239544,未央区,108.823631,34.253719
B0J6RHMXCJ,霸王茶姬(西安西咸吾悦店),餐饮服务;冷饮店;冷饮店,108.81986510841666,34.25477515107726,未央区,108.82453,34.253254
B0J6GMI0L2,瑞幸咖啡(西咸吾悦广场店),餐饮服务;咖啡厅;咖啡厅|公司企业;公司企业;公司企业,108.81724870281914,34.25498724081081,未央区,108.821918,34.253471
B0J65AIGT5,鱼你在一起(西咸吾悦金街店),餐饮服务;餐饮相关场所;餐饮相关,108.81894853176475,34.255184293964966,未央区,108.823615,34.253665
B0J63Z5TKX,必胜客(西安西咸吾悦广场店),餐饮服务;快餐厅;必胜客,108.81861498782115,34.25498475619386,未央区,108.823282,34.253466
B0J3XZ02C7,德元兰州纯汤牛肉面(华润置地·万象域店),餐饮服务;中餐厅;中餐厅,108.81940613808527,34.294179023576454,未央区,108.824075,34.292675
B0J3U6X5CC,米村拌饭(西咸吾悦广场店),餐饮服务;中餐厅;中餐厅,108.81870619299134,34.254342176183485,未央区,108.823373,34.252823
B0J3MCA2B4,库迪咖啡(西咸吾悦广场店),餐饮服务;咖啡厅;咖啡厅,108.80807603498224,34.302752895449856,未央区,108.812764,34.301273
B0J1VM74SF,蜜雪冰城(华润万象金街西店),餐饮服务;冷饮店;冷饮店,108.82241736878765,34.29258931525052,未央区,108.827081,34.291079
B0J1UM7PZ0,缘落阿朵妹砂锅土豆粉(吾悦广场店),餐饮服务;快餐厅;快餐厅,108.81760327437085,34.25523179602417,未央区,108.822272,34.253715
B0J1GK5TR3,温记重庆纸包鱼(和平春天店),餐饮服务;餐饮相关场所;餐饮相关,108.8170371108207,34.25794169020893,未央区,108.821707,34.256427
B0J15PO732,优为客·牛排自助餐厅(西咸吾悦店),餐饮服务;餐饮相关场所;餐饮相关,108.8186560308385,34.25530370688868,未央区,108.823323,34.253785
B0J10UDZGK,串士多·回转小火锅(西安西咸吾悦广场店),餐饮服务;中餐厅;火锅店,108.81864503020773,34.25508377283068,未央区,108.823312,34.253565
B0IUK74S9B,膳当家黄焖鸡米饭(启航时代广场店),餐饮服务;餐饮相关场所;餐饮相关,108.80899146949307,34.30259655157924,未央区,108.813678,34.301115
B0IU75MQHX,佰人王串串香(吾悦广场店),餐饮服务;中餐厅;火锅店,108.81782253741369,34.25650469909025,未央区,108.822491,34.254988
B0IKU79M1R,瑞幸咖啡(启航时代广场店),餐饮服务;咖啡厅;咖啡厅,108.80871405402891,34.30238916166816,未央区,108.813401,34.300908
B0IKSHZH59,户县软面(西兴高速店),餐饮服务;中餐厅;中餐厅,108.7998099519814,34.30246933380706,未央区,108.80451,34.301003
B0IKHADCTC,沙县小吃(启航店),餐饮服务;中餐厅;中餐厅,108.80903854216129,34.302606629014974,未央区,108.813725,34.301125
B0IK3CSSE8,沪上阿姨·精选茶饮(西安西咸吾悦广场店),餐饮服务;冷饮店;冷饮店,108.81870412233215,34.25517084777691,未央区,108.823371,34.253652
B0IAPDP8BM,澄城水盆羊肉(吾悦广场店),餐饮服务;快餐厅;快餐厅,108.81859684115429,34.25641815982144,未央区,108.823264,34.2549
B0IAOZ13DW,夸父炸串(未央西咸吾悦广场店),餐饮服务;餐饮相关场所;餐饮相关,108.81831645600556,34.255370054464755,未央区,108.822984,34.253852
B0IA31D5AU,刘大饼香辣土豆片夹馍(西安西咸吾悦广场店),餐饮服务;餐饮相关场所;餐饮相关,108.81802897761652,34.25533353917939,未央区,108.822697,34.253816
B0I25RGEGM,蜜雪冰城(和平伯乐城市广场店),餐饮服务;冷饮店;冷饮店,108.82055782610318,34.260360232776755,未央区,108.825222,34.25884
B0I25A9U03,和平饭店,餐饮服务;餐饮相关场所;餐饮相关,108.8201503318325,34.257959427528235,未央区,108.824815,34.256439
B0I1OMAMT7,佳儿萌豆儿童辅食餐厅(西安西咸吾悦广场店),餐饮服务;中餐厅;中餐厅,108.8196096638349,34.2549456108459,未央区,108.824275,34.253425
B0HUZNIWI8,塔吉蜀黍塔吉锅(西安西咸吾悦广场店),餐饮服务;餐饮相关场所;餐饮相关,108.81890244232824,34.25533215080539,未央区,108.823569,34.253813
B0FFGCDW48,川湘菜·煎饼屋(南区路店),餐饮服务;中餐厅;中餐厅,108.82792045485104,34.2718863697573,未央区,108.832573,34.270357
B001D08S2U,小葛·烤肉(建章路店),餐饮服务;中餐厅;特色/地方风味餐厅,108.83709165060579,34.30103109866066,未央区,108.841731,34.299497
B0FFG9VV65,秦镇薛家米皮,餐饮服务;中餐厅;中餐厅,108.83663743343928,34.30670872462312,未央区,108.841278,34.305178
B001D0ZV03,旭隆餐厅,餐饮服务;中餐厅;中餐厅,108.83440430666113,34.29899000796939,未央区,108.839048,34.29746
B0FFHBUDO4,河南烩面(富源二路店),餐饮服务;中餐厅;中餐厅,108.82845496656991,34.25215325777025,未央区,108.833105,34.250615
B0FFHOUHFO,乐成友茶楼(乐成大厦店),餐饮服务;茶艺馆;茶艺馆,108.83749901153053,34.30495210575036,未央区,108.842138,34.303419
B0FFJ4WB61,老甄家常菜,餐饮服务;中餐厅;中餐厅,108.83903805951434,34.298750690547806,未央区,108.843674,34.297212
B0FFH5L208,鸿运串串香,餐饮服务;中餐厅;火锅店,108.83743245071155,34.29815299842631,未央区,108.842071,34.296617
B0FFGCDW3V,宁夏炒肉片(昆明路店),餐饮服务;中餐厅;清真菜馆,108.82358551174497,34.2537005078619,未央区,108.828244,34.252172
B0FFGCBFLD,旬邑骨汤饸饹(双拥路店),餐饮服务;中餐厅;中餐厅,108.82530454710655,34.28952204775778,未央区,108.829963,34.288005
B001D0Z27A,西咸新区沣东新城新东东川菜酒楼,餐饮服务;中餐厅;四川菜(川菜),108.83747443225302,34.299244595393155,未央区,108.842113,34.297709
B0FFGCBN25,荞校长淳化饸饹(二号路店),餐饮服务;中餐厅;中餐厅,108.82353249269448,34.25281875256236,未央区,108.828191,34.25129
B0MG7XJ4H1,曼玲粥(丈八北路店),餐饮服务;中餐厅;中餐厅,108.86793216018359,34.250330043386,雁塔区,108.872525,34.248725
B0MA5ROUAG,海里家里三文鱼(莲湖店),餐饮服务;餐饮相关场所;餐饮相关,108.85626728038741,34.269997544188975,莲湖区,108.860875,34.268417
B0FFJ526I9,香辣园川菜馆(三桥店),餐饮服务;中餐厅;中餐厅,108.83075469042039,34.27943557092842,未央区,108.835403,34.277904
B0FFH5KXGD,老猴擀面皮笼笼肉夹馍(西城明珠店),餐饮服务;中餐厅;中餐厅,108.83852121385928,34.298667778075725,未央区,108.843158,34.29713
B0FFIBKTBJ,朝波煎饼果子(万象城B座店),餐饮服务;餐饮相关场所;餐饮相关,108.82474142690506,34.29145715701313,未央区,108.829401,34.289942
B0FFGHI96Y,太子蛋糕房(建章路店),餐饮服务;餐饮相关场所;餐饮相关,108.83741506572673,34.302556019570694,未央区,108.842054,34.301022
B0FFI9Z1BK,河南烩面(福星苑东),餐饮服务;中餐厅;中餐厅,108.8439972344534,34.284281914602545,未央区,108.848624,34.282728
B0FFIKIVJZ,杨氏湖南米粉(阿房四路店),餐饮服务;中餐厅;湖南菜(湘菜),108.83108688335544,34.28405425021605,未央区,108.835735,34.282524
B0FFFA9MK9,关中大院,餐饮服务;中餐厅;综合酒楼,108.83326350439616,34.27268707297438,未央区,108.837907,34.271148
B0MUZL8IWR,库迪咖啡(阿房二路店),餐饮服务;咖啡厅;咖啡厅,108.84261280906632,34.27467745599717,未央区,108.847241,34.273122
B0MUNC342V,铁蛋鸡汤刀削面立信路店,餐饮服务;快餐厅;快餐厅,108.85550591017656,34.28690428440209,莲湖区,108.860116,34.285332
B0MUK9Z35K,太太好粥(华洲城店),餐饮服务;中餐厅;中餐厅,108.84385101427631,34.24694371777311,雁塔区,108.848475,34.245375
B0MGR1LEY1,阿好坊之家(西安际华广场店),餐饮服务;餐饮相关场所;餐饮相关,108.86347735945662,34.25327294571959,雁塔区,108.868075,34.251675
B0L3M7M29I,慕玛披萨(华洲城小学店),餐饮服务;快餐厅;快餐厅,108.84395097482653,34.24939295346061,雁塔区,108.848575,34.247825
B0L1GPA6JY,梅姐子长煎饼,餐饮服务;中餐厅;中餐厅,108.82489582847673,34.28976117768206,未央区,108.829555,34.288245
B0L1F10YJF,蜀渝拌·重庆凉拌菜(三桥店),餐饮服务;餐饮相关场所;餐饮相关,108.82465341679112,34.28972573804278,未央区,108.829313,34.28821
B0J3GUC1ZO,新纳西汉堡(远东二小店),餐饮服务;快餐厅;快餐厅,108.86115590384804,34.275855546664275,莲湖区,108.865758,34.27427
B0J1V591SV,金马刀削面(华宇东原阅境店),餐饮服务;中餐厅;中餐厅,108.84681017901868,34.28961659688198,未央区,108.851433,34.28806
B0J0XU7UAH,乡村小厨·现炒私房菜(水场路店),餐饮服务;中餐厅;中餐厅,108.82829175976958,34.275972383266605,未央区,108.832944,34.274444
B0H1D7PF19,兄弟千里香馄饨王(馥桂园店),餐饮服务;中餐厅;特色/地方风味餐厅,108.86080251932962,34.27545219707639,莲湖区,108.865405,34.273867
B0G3AGCVEE,正新鸡排(万象金街店),餐饮服务;餐饮相关场所;餐饮相关,108.82443885159039,34.292172280214345,未央区,108.829099,34.290658
B0G2V7M4A1,窑鸡王(三桥店),餐饮服务;餐饮相关场所;餐饮相关,108.83182779921646,34.288337815755796,未央区,108.836475,34.286808
B0G1DZEZ24,铁蛋鸡汤刀削面(馥桂园店),餐饮服务;中餐厅;中餐厅,108.86055630849977,34.274433256591486,莲湖区,108.865159,34.272848
B0FFLBWVU1,绝味鸭脖(华洲城3店),餐饮服务;餐饮相关场所;餐饮相关,108.84374384490698,34.24694252702277,雁塔区,108.848368,34.245374
B0FFH4X2BF,关中扯面(孙武路店),餐饮服务;中餐厅;中餐厅,108.82867988774261,34.3072835800208,未央区,108.833334,34.305768
B0FFFTLWOX,秦镇米皮(府东寨店),餐饮服务;中餐厅;中餐厅,108.82805676930352,34.270885036260026,未央区,108.832709,34.269355
B0FFFS6B2E,小红凉皮(花园东街店),餐饮服务;中餐厅;中餐厅,108.83832388041817,34.298757375725486,未央区,108.842961,34.29722
B0FFH49P4U,刘记福来包子铺,餐饮服务;中餐厅;中餐厅,108.83477829715792,34.3069031827814,未央区,108.839422,34.305376
B0FFFA98CC,杨凌蘸水面(孙武路),餐饮服务;中餐厅;中餐厅,108.82895033495869,34.3074780010989,未央区,108.833604,34.305962
B0FFH6MR5R,泾阳锅盔(至乐小区东南),餐饮服务;中餐厅;中餐厅,108.84280543714144,34.28310128225613,未央区,108.847434,34.281549
B0FFF8ZWLV,二小酸菜面烧烤(建章路店),餐饮服务;中餐厅;中餐厅,108.83718940135526,34.30612600771652,未央区,108.841829,34.304594
B0FFFGRR0Y,绿伞正宗锅贴店(建章路店),餐饮服务;中餐厅;中餐厅,108.83709467974387,34.30073323613961,未央区,108.841734,34.299199
B001D0VZ0T,清真一品楼泡馍,餐饮服务;中餐厅;清真菜馆,108.83756661100621,34.29892890467753,未央区,108.842205,34.297393
B0MACLX54S,兄弟龙虾烧烤江湖菜纸包鱼,餐饮服务;中餐厅;中餐厅,108.82436777007936,34.254654600795625,未央区,108.829025,34.253125
B0L6YY0ZO4,明星御谷老碗面,餐饮服务;中餐厅;中餐厅,108.84334221118007,34.24690582327582,雁塔区,108.847967,34.245338
B0L0G73U81,NOWWA挪瓦咖啡(每一天西安宏府麒麟山店),餐饮服务;咖啡厅;咖啡厅,108.85752576947853,34.24692463516092,雁塔区,108.86213,34.245333
B0H2B5JWTK,好味佳三十二道小碗菜(双拥路店),餐饮服务;中餐厅;中餐厅,108.82648665463658,34.28848871226223,未央区,108.831143,34.286969
B0FFHTNPPP,户县软面(阿房四路店),餐饮服务;中餐厅;中餐厅,108.84518110012917,34.28418305676846,未央区,108.849806,34.282627
B0FFFO5VTQ,蒲城包子,餐饮服务;餐饮相关场所;餐饮相关,108.86840158584111,34.28787334815147,莲湖区,108.872997,34.286283
B0FFINOSYP,有条鱼纸包鱼鸡公煲,餐饮服务;中餐厅;火锅店,108.8433583224837,34.27064944877235,未央区,108.847985,34.269091
B0MUMLXKOS,西汉烧烤,餐饮服务;中餐厅;特色/地方风味餐厅,108.8519102264142,34.28339293553639,莲湖区,108.856525,34.281825
B0FFGCBFMI,淳化面馆,餐饮服务;中餐厅;中餐厅,108.83061043298022,34.279574241931094,未央区,108.835259,34.278043
B0MDY5VCK6,柳州胖姨娘大骨螺蛳粉,餐饮服务;中餐厅;中餐厅,108.82792572971533,34.29329834401879,未央区,108.83258,34.291778
B0LKAOAGVL,秦筷长安坐席臊子面,餐饮服务;餐饮相关场所;餐饮相关,108.82590951909148,34.2903058469436,未央区,108.830567,34.288788
B0LKAC9CS1,老土门铜锅涮涮肉,餐饮服务;中餐厅;火锅店,108.84380092666798,34.28425157747212,未央区,108.848428,34.282698
B0LGNCMNVG,小哇秘制擀面皮(枣园店),餐饮服务;中餐厅;中餐厅,108.85787258062152,34.279651048476644,莲湖区,108.862479,34.278072
B0KUVZMZTB,重庆砂锅木桶饭,餐饮服务;中餐厅;中餐厅,108.84304249646819,34.27466023470093,未央区,108.84767,34.273104
B0J10GADF9,哥俩好鲜炒鸡烧烤川菜(华洲城店),餐饮服务;中餐厅;特色/地方风味餐厅,108.84239847710786,34.249740037941876,雁塔区,108.847025,34.248175
B0I14OGAWO,杨记手工酸汤水饺(原甲楼大院店),餐饮服务;中餐厅;中餐厅,108.82827716811488,34.27061955935479,未央区,108.832929,34.269089
B0GU7YF1TA,赵记冒菜香锅(昆明时光店),餐饮服务;快餐厅;快餐厅,108.82925926965018,34.2530544194724,未央区,108.833908,34.251515
B0FFKV48Q0,老手艺手擀面·烩菜(华洲城熙悦都店),餐饮服务;中餐厅;中餐厅,108.84392893309655,34.24947888099318,雁塔区,108.848553,34.247911
B0FFIMEX9M,愣娃面馆,餐饮服务;餐饮相关场所;餐饮相关,108.82354150555926,34.25284975735866,未央区,108.8282,34.251321
B001D0Z1YM,麦香园削筋面(三桥新村店),餐饮服务;中餐厅;中餐厅,108.83079239257046,34.28391075800097,未央区,108.835441,34.282381
B0FFGJUCTT,重庆特色砂锅(建章路店),餐饮服务;中餐厅;四川菜(川菜),108.8347051712894,34.306935032179815,未央区,108.839349,34.305408
B0MUNX3UUU,湘味土菜馆(西咸万象城店),餐饮服务;中餐厅;中餐厅,108.82536659087734,34.29029183312063,未央区,108.830025,34.288775
B0MU4LBX4N,老高家逍遥镇牛肉胡辣汤,餐饮服务;中餐厅;中餐厅,108.84581317843988,34.270590827621945,未央区,108.850436,34.269028
B0MGZ7J7M8,烹湘湖南下饭菜,餐饮服务;餐饮相关场所;餐饮相关,108.82587849449854,34.28995394012228,未央区,108.830536,34.288436
B0MDRUBOJS,万象金街巷口张姐重庆麻辣烫,餐饮服务;中餐厅;特色/地方风味餐厅,108.82504598100549,34.29104790526747,未央区,108.829705,34.289532
B0MDPUM3NJ,苏香园南京灌汤小笼包,餐饮服务;中餐厅;中餐厅,108.84242449969311,34.274775076842666,未央区,108.847053,34.27322
B0MDG5RG42,张小包包子铺,餐饮服务;餐饮相关场所;餐饮相关,108.84364044285932,34.2747052861991,未央区,108.848267,34.273148
B0MDCL3MST,旺渔纸包鱼,餐饮服务;中餐厅;中餐厅,108.82827322722949,34.269805884152106,未央区,108.832925,34.268275
B0MAYU1HSV,本味小厨(莲湖店),餐饮服务;中餐厅;中餐厅,108.85781922012568,34.27085760564764,莲湖区,108.862425,34.269275
B0MAYC2VEM,御品刘家羊肉面,餐饮服务;中餐厅;中餐厅,108.83710072085225,34.30034941709387,未央区,108.84174,34.298815
B0MAGCYZQ5,茗牌茶社,餐饮服务;茶艺馆;茶艺馆,108.85075258028127,34.27075325899655,未央区,108.855368,34.269182
B0MAFHTEYA,钢蛋臭豆腐(馥桂园店),餐饮服务;快餐厅;快餐厅,108.85927073210524,34.27465825042724,莲湖区,108.863875,34.273075
B0LUOZJKB9,老何家葫芦头泡馍,餐饮服务;中餐厅;中餐厅,108.84681018959746,34.28948565318006,未央区,108.851433,34.287929
B0LKKKM1G3,优优精品细菜,餐饮服务;中餐厅;中餐厅,108.83941863451251,34.24984058708215,雁塔区,108.84405,34.248281
B0LK753IKN,瑾味坊泡馍馆,餐饮服务;中餐厅;清真菜馆,108.83267916055796,34.28940595308395,未央区,108.837325,34.287875
B0LGSH34GP,英姐东北砂锅油饼,餐饮服务;餐饮相关场所;餐饮相关,108.82809778133446,34.27160381912365,未央区,108.83275,34.270074
B0LD1HI8RP,葵记传统猪肘饭(建章路店),餐饮服务;餐饮相关场所;餐饮相关,108.83716988797147,34.29970782840269,未央区,108.841809,34.298173
B0LA9ZTDK4,心特软食品(阿房四路店),餐饮服务;餐饮相关场所;餐饮相关,108.84423463369713,34.28397346789415,未央区,108.848861,34.282419
B0LA179SK5,壹号空间小酒馆,餐饮服务;餐饮相关场所;餐饮相关,108.86704847413145,34.273192779145376,莲湖区,108.871644,34.271598
B0L33XBKD0,南京灌汤小笼包,餐饮服务;中餐厅;中餐厅,108.84362566073284,34.24690632988304,雁塔区,108.84825,34.245338
B0L0BDUEQ7,禧燕·姨妈热饮·鲜炖燕窝(恒大城店),餐饮服务;甜品店;甜品店,108.86382815666464,34.24812542904378,雁塔区,108.868425,34.246525
B0KGJ9AI9I,青藤餐酒馆,餐饮服务;餐饮相关场所;餐饮相关,108.83445199968627,34.30377797430104,未央区,108.839096,34.30225
B0K3U4UV79,大馅手工水饺,餐饮服务;中餐厅;特色/地方风味餐厅,108.82550787852232,34.28972634179167,未央区,108.830166,34.288209
B0K2C95LUI,秦禾西府削筋面(礼制巷店),餐饮服务;中餐厅;中餐厅,108.85243309087149,34.26945058855078,莲湖区,108.857046,34.267876
B0JRP1WF2D,弘福祥牛羊肉泡馍·烧烤(华洲城熙悦都店),餐饮服务;中餐厅;特色/地方风味餐厅,108.84226025050648,34.249801765083866,雁塔区,108.846887,34.248237
B0JGJ92HR2,老代川菜(建章路店),餐饮服务;中餐厅;四川菜(川菜),108.83657992843261,34.29940187157974,未央区,108.84122,34.297868
B0JD7LFGZ1,西航酸菜串串(武警路店),餐饮服务;中餐厅;中餐厅,108.83168534928107,34.27854269103566,未央区,108.836332,34.277009
B0I3OC3FF4,锦瑟·润福轩(三民汉风苑西区店),餐饮服务;茶艺馆;茶艺馆,108.85289538770878,34.286258344642064,莲湖区,108.857509,34.28469
B0I1157F53,百姓饭庄(阿房四路分店),餐饮服务;中餐厅;中餐厅,108.84444896820901,34.28400683469777,未央区,108.849075,34.282452
B0HRJ7P6RZ,守艺人虾铺,餐饮服务;中餐厅;海鲜酒楼,108.82566616872084,34.28948874124566,未央区,108.830324,34.287971
B0H6PAMA72,聚美砂锅(沣东店),餐饮服务;快餐厅;快餐厅,108.83906265807784,34.27946801415688,未央区,108.843697,34.277921
B0H65CPSZU,花园冷饮批发,购物服务;购物相关场所;购物相关场所|餐饮服务;餐饮相关场所;餐饮相关,108.83738133643834,34.29851474492396,未央区,108.84202,34.296979
B0H0CMR6U0,腊汁肉揪面片,餐饮服务;中餐厅;中餐厅,108.83489550454195,34.30678145588616,未央区,108.839539,34.305254
B0GDL7KT92,XD手工面馆(金桥商业街店),餐饮服务;快餐厅;快餐厅,108.82641743062544,34.28979002347032,未央区,108.831074,34.288271
B0FFMD62FH,老杨家泡馍(西三环路南段店),餐饮服务;中餐厅;中餐厅,108.83800987200907,34.25528787845928,未央区,108.842644,34.253733
B0FFM8KQMH,云南过桥米线(高堡子老店),餐饮服务;快餐厅;快餐厅,108.83513990847307,34.30687586854483,未央区,108.839783,34.305348
B0FFL9CXNL,新疆和田烧烤(三桥店),餐饮服务;中餐厅;中餐厅,108.8268853595484,34.28821657844043,未央区,108.831541,34.286696
B0FFL5AVUS,旬邑饸饹(大马路店),餐饮服务;中餐厅;中餐厅,108.86440934737134,34.27845807046691,莲湖区,108.869008,34.276869
B0MUPSDSYY,食光里美食街区,餐饮服务;中餐厅;中餐厅,108.86677207161415,34.26236881027285,莲湖区,108.871367,34.26077
B0MU4LBR3M,富马爷巧克力派(西咸万象城店),餐饮服务;糕饼店;糕饼店,108.82511601628815,34.29209058623629,未央区,108.829775,34.290575
B0MGR7L358,千里香馄饨王优步花园店,餐饮服务;快餐厅;快餐厅,108.86450563048183,34.26376821549184,莲湖区,108.869103,34.262173
B0MAGUYFL5,1点点(万锦城店),餐饮服务;冷饮店;冷饮店,108.86676806982712,34.26234181583639,莲湖区,108.871363,34.260743
B0MA5HNSEV,京穆兰纯汤牛肉面(大庆路店),餐饮服务;餐饮相关场所;餐饮相关,108.85146061019468,34.27064748727329,未央区,108.856075,34.269075
B0MA36Y7BC,书亦烧仙草(昆明池路店),餐饮服务;冷饮店;冷饮店,108.86434537415923,34.25237449912761,雁塔区,108.868942,34.250775
B0LGMRB0RZ,福乐包(三桥佳惠市场店),餐饮服务;餐饮相关场所;餐饮相关,108.83694304185732,34.2931292877391,未央区,108.841582,34.291592
B0L1CZ4WW6,肯德基车速取餐点(西安汉城店),餐饮服务;餐饮相关场所;餐饮相关,108.86736362137131,34.26272443598778,莲湖区,108.871958,34.261125
B0L1CZ4PBF,肯德基车速取餐点(馥桂坊店),餐饮服务;餐饮相关场所;餐饮相关,108.85835557924943,34.274830793186005,莲湖区,108.862961,34.273249
B0KUKB859X,新禧甜品·生日蛋糕(西安西咸万象城店),餐饮服务;糕饼店;糕饼店,108.82526632206768,34.29149112758965,未央区,108.829925,34.289975
B0KR9MHLXB,宜品汤包(阿房一路店),餐饮服务;餐饮相关场所;餐饮相关,108.84206119951516,34.271268864416676,未央区,108.84669,34.269713
B0K3C7CGT0,福建千里香馄饨王(建章路店),餐饮服务;中餐厅;特色/地方风味餐厅,108.83755935265168,34.30197454434322,未央区,108.842198,34.30044
B0K1XK33SM,沙县小吃(建章路店),餐饮服务;中餐厅;中餐厅,108.8357562872459,34.30263890974759,未央区,108.840398,34.301108
B0JGV75VPJ,香辣虾鸭掌门(建章路店),餐饮服务;中餐厅;中餐厅,108.83687935048917,34.30036500069715,未央区,108.841519,34.298831
B0I377TF97,鱼你在一起(际华生活广场店),餐饮服务;餐饮相关场所;餐饮相关,108.86398393450965,34.25299975696644,雁塔区,108.868581,34.251401
B0H1ULYWX8,金马刀削面(石驿路店),餐饮服务;中餐厅;中餐厅,108.84429145360834,34.25011128193953,雁塔区,108.848915,34.248543
B0GKGR8WZK,百味轩熟食店,餐饮服务;快餐厅;快餐厅,108.8516375421465,34.27464014113637,莲湖区,108.856252,34.273069
B0FFLEVI15,淳化传奇饸饹(南区路店),餐饮服务;中餐厅;中餐厅,108.82729908869877,34.27561766322448,未央区,108.831953,34.274091
B0FFL89YI6,重庆纸包鱼(富源一路),餐饮服务;中餐厅;四川菜(川菜),108.82837446078194,34.269061377898694,未央区,108.833026,34.26753
B0FFL7ZSII,冰菓倾城(建章路店),餐饮服务;冷饮店;冷饮店,108.83747930925234,34.30086588812215,未央区,108.842118,34.299331
B0FFL0IQLK,湖南土菜馆(金桥国际店),餐饮服务;中餐厅;湖南菜(湘菜),108.82556697431329,34.28979242437205,未央区,108.830225,34.288275
B0FFKT8UE0,丁师岐山面馆(立信路店),餐饮服务;中餐厅;中餐厅,108.85701188889507,34.286943634821775,莲湖区,108.86162,34.285369
B0FFIK6JI7,老潼关肉夹馍(汉城南路店),餐饮服务;中餐厅;中餐厅,108.86770111179172,34.260655695259025,莲湖区,108.872295,34.259055
B0FFHLX7YC,渭南时辰包子(孙武路店),餐饮服务;餐饮相关场所;餐饮相关,108.83517497533018,34.30677897738346,未央区,108.839818,34.305251
B0FFHGIXYK,千里香馄饨王(金辉·悦府店),餐饮服务;中餐厅;特色/地方风味餐厅,108.86417718748098,34.2524492384705,雁塔区,108.868774,34.25085
B0FFGFQBZV,逍遥镇胡辣汤(红光路店)(暂停营业),餐饮服务;中餐厅;中餐厅,108.85029066992966,34.26129130156257,莲湖区,108.854906,34.259717
B0FFGCBFRQ,京穆兰兰州牛肉面(南区路店),餐饮服务;中餐厅;清真菜馆,108.82696495450945,34.270208259427086,未央区,108.831619,34.26868
B0FFG7KCQM,明兴烤肉(大庆路店),餐饮服务;中餐厅;特色/地方风味餐厅,108.8517780646008,34.27064601626523,未央区,108.856392,34.269073
B001D0WJDU,法门寺擀面皮,餐饮服务;中餐厅;中餐厅,108.86765438886708,34.26910323484872,莲湖区,108.872249,34.267506
B0FFGCBFN9,渭南时辰包子(佳都购物广场店),餐饮服务;中餐厅;中餐厅,108.82801074391396,34.27022521932901,未央区,108.832663,34.268695
B0FFH563DX,一品千里香馄饨王(红光路店),餐饮服务;中餐厅;特色/地方风味餐厅,108.8465471163879,34.26058414955643,未央区,108.851168,34.259016
B0FFIUQ786,竹鲜笙全竹宴(红光公园店),餐饮服务;餐饮相关场所;餐饮相关,108.83618401246487,34.26542647054954,未央区,108.840822,34.263879
B0FFGK6AFY,汉中嘴嘴香热米皮(大寨路店),餐饮服务;中餐厅;中餐厅,108.86412156914236,34.2469482875393,雁塔区,108.868718,34.245347
B0FFGFQBZN,瑞鸿面馆,餐饮服务;中餐厅;中餐厅,108.84958351505203,34.275156472064864,未央区,108.854201,34.273589
B0MUNH1VPR,花世界小院烤肉(三桥店),餐饮服务;中餐厅;中餐厅,108.83092517360959,34.289414659818085,未央区,108.835574,34.287887
B0MBG53ELW,钢蛋臭豆腐(三桥店),餐饮服务;快餐厅;快餐厅,108.82697831982664,34.290671698379015,未央区,108.831634,34.289152
B0MAX7MK4U,皮浪酒饮商店(三桥店),餐饮服务;甜品店;甜品店,108.82695131780699,34.290125882708665,未央区,108.831607,34.288606
B0MAVC7BAO,上官乾县豆腐脑,餐饮服务;中餐厅;中餐厅,108.86378576402947,34.25244069992034,雁塔区,108.868383,34.250842
B0LUT97AO3,状元郎黄焖鸡米饭,餐饮服务;中餐厅;中餐厅,108.84200495966964,34.26072501982321,未央区,108.846633,34.259165
B0LRUHDQE3,三三铁锅炖山东炒鸡,餐饮服务;中餐厅;中餐厅,108.82546739820333,34.27011648238776,未央区,108.830124,34.268591
B0LRH99H4H,易和初饺子馆(建章路店),餐饮服务;中餐厅;东北菜,108.83706726773943,34.305262169186435,未央区,108.841707,34.30373
B0LRDO6UOC,摸对门食品(国亨店),餐饮服务;糕饼店;糕饼店,108.86709604745944,34.29152610852565,莲湖区,108.871693,34.289939
B0LKUPUUMC,渝小哥369地摊自选火锅,餐饮服务;中餐厅;火锅店,108.84463824170622,34.28430004636436,未央区,108.849264,34.282745
B0LKJG0F8P,油泼面·家常菜,餐饮服务;中餐厅;中餐厅,108.82409833984912,34.25428424057851,未央区,108.828756,34.252755
B0LGMUF2I0,王木东土豆粉(建章路店),餐饮服务;中餐厅;中餐厅,108.83711970753848,34.300905206290466,未央区,108.841759,34.299371
B0LBFDYTRP,渔米相依川菜馆,餐饮服务;中餐厅;四川菜(川菜),108.84385078838284,34.24974263976314,雁塔区,108.848475,34.248175
B0LAUNU6JD,蓝田老碗鱼,餐饮服务;中餐厅;中餐厅,108.84872498568495,34.26590778603782,未央区,108.853343,34.264338
B0L69HJ9C7,石桥坊铜锅涮,餐饮服务;餐饮相关场所;餐饮相关,108.82858223486595,34.25152873985675,未央区,108.833232,34.24999
B0L3K1CJZI,琥琥爆麻鱼,餐饮服务;中餐厅;火锅店,108.86707952641318,34.272919931722164,莲湖区,108.871675,34.271325
B0L3CCK5OD,9·9 COFFEE POP,餐饮服务;咖啡厅;咖啡厅,108.86278763749235,34.27760916287647,莲湖区,108.867388,34.276022
B0L3C5J21I,老北京香河肉饼,餐饮服务;餐饮相关场所;餐饮相关,108.8251162273452,34.289491707217685,未央区,108.829775,34.287975
B0L1ZMLG4R,渭南时辰包子(水利站小区店),餐饮服务;餐饮相关场所;餐饮相关,108.829574190712,34.285401836177556,未央区,108.834225,34.283875
B0L1PS52AR,阿海现烤生蚝,餐饮服务;中餐厅;中餐厅,108.8254278370744,34.288547697464594,未央区,108.830086,34.28703
B0MUH9QKKB,醉砂坊老式砂锅奥林匹克花园店,餐饮服务;中餐厅;中餐厅,108.77627964831353,34.31600108515728,秦都区,108.781005,34.314571
B0MU9C03NB,醉得意融合菜馆烧烤,餐饮服务;中餐厅;中餐厅,108.78590189936014,34.32177186713012,秦都区,108.79062,34.320334
B0MGULDEFP,东豫狼烧烤店(中南菩悦东望中心店),餐饮服务;中餐厅;特色/地方风味餐厅,108.78008417067262,34.329792414417554,秦都区,108.784808,34.328365
B0M61NDWLR,西咸新区西咸大厦地铁站兰欧国际酒店·兰馐中餐厅,餐饮服务;餐饮相关场所;餐饮相关,108.78337884155522,34.33047473959034,秦都区,108.7881,34.329044
B0LUR7XQZP,渭南蒸饺(西西里店),餐饮服务;中餐厅;特色/地方风味餐厅,108.78974998846836,34.32049341198985,秦都区,108.794464,34.31905
B0FFI28BLG,重庆炒菜(金旭路店),餐饮服务;中餐厅;四川菜(川菜),108.77923035244639,34.36854212398008,渭城区,108.783958,34.367135
B0GKOR9WD7,西咸诺富特酒店,餐饮服务;餐饮相关场所;餐饮相关,108.77679131553127,34.33623900645224,秦都区,108.781518,34.334818
B0K0JYAJV2,纹雷哥过桥米线,餐饮服务;中餐厅;中餐厅,108.78280332257329,34.330654991890405,秦都区,108.787525,34.329225
B0GKYSIBO5,鼎盛楼牛羊肉泡馍(白桦林印象店),餐饮服务;中餐厅;清真菜馆,108.7766033692848,34.309688272174306,秦都区,108.781328,34.308255
B0FFJB1J66,板一丁铁板炒饭(奥林匹克花园店),餐饮服务;中餐厅;中餐厅,108.77781070983337,34.315265893085815,秦都区,108.782535,34.313834
B0M6AX13FR,福芦记蒲城葫芦头(西西里店),餐饮服务;中餐厅;中餐厅,108.78831842236762,34.32083636351787,秦都区,108.793034,34.319395
B0KDTA87EP,何涛骨汤串串香,餐饮服务;餐饮相关场所;餐饮相关,108.82229375232025,34.33453488751063,未央区,108.826961,34.333044
B0JB9O068G,早一点营养早餐(沣东·阳光荟店),餐饮服务;中餐厅;中餐厅,108.78408948030625,34.330472571178156,秦都区,108.78881,34.329041
B0H1M7ZNNL,御品叫花鸡(渭水园西区店),餐饮服务;餐饮相关场所;餐饮相关,108.7850200208214,34.33440679263691,秦都区,108.78974,34.332976
B0GRH4OLM8,杨罐罐煎饼果子(奥园店),餐饮服务;餐饮相关场所;餐饮相关,108.77533004407344,34.31634905194375,秦都区,108.780056,34.31492
B0FFFEWJ4X,湘味楼中餐(西咸总店·土菜·家宴),餐饮服务;中餐厅;湖南菜(湘菜),108.7789566540369,34.313596808072994,秦都区,108.78368,34.312163
B0MU9DYP9J,辣人张菌香大盘鸡大盆骨,餐饮服务;中餐厅;中餐厅,108.78680111090829,34.33004008246586,秦都区,108.791519,34.328605
B0MAOSHMKR,缘落阿朵妹砂锅土豆粉(奥园店),餐饮服务;餐饮相关场所;餐饮相关,108.77855125540458,34.314907795718845,秦都区,108.783275,34.313475
B0LUDRFFMU,有面儿面馆(石化大道店),餐饮服务;中餐厅;中餐厅,108.78782890621774,34.32089970098803,秦都区,108.792545,34.319459
B0L34UFPNU,牦牛道米线(奥林匹克花园店),餐饮服务;中餐厅;中餐厅,108.77655784254881,34.31576945312918,秦都区,108.781283,34.314339
B0K17UUFSV,库迪咖啡(启航馨苑办公大堂店),餐饮服务;咖啡厅;咖啡厅,108.81480660635944,34.317225260346355,未央区,108.819485,34.31574
B0HRV7VWEK,张东家凉皮,餐饮服务;中餐厅;中餐厅,108.77971068576231,34.36884546325263,渭城区,108.784438,34.367438
B0H2HKGSQE,奋斗鸭(奥林匹克花园店),餐饮服务;餐饮相关场所;餐饮相关,108.77937984923854,34.31500759662633,秦都区,108.784103,34.313574
B0FFFVXQD8,安仔包(奥林匹克花园北京奥运村店),餐饮服务;餐饮相关场所;餐饮相关,108.7793648390888,34.314995586608354,秦都区,108.784088,34.313562
B0FFGXQDDP,炉里炉外(奥园店),餐饮服务;中餐厅;中餐厅,108.78000337388589,34.3143375555492,秦都区,108.784726,34.312903
B0FFIBXMG0,老窦家肉丸糊辣汤腊牛肉夹馍(奥园店),餐饮服务;餐饮相关场所;餐饮相关,108.77932184275238,34.31456174125177,秦都区,108.784045,34.313128
B0FFFEWJ47,永顺祥泡馍馆(奥林匹克店),餐饮服务;中餐厅;中餐厅,108.77901367726133,34.31381976434487,秦都区,108.783737,34.312386
B0MUA13Z0S,零玖壹零串串(沣太花园店),餐饮服务;中餐厅;火锅店,108.78749079671522,34.33020387834384,秦都区,108.792208,34.328768
B0MGCHEWZK,隆辛记猪脚饭,餐饮服务;中餐厅;中餐厅,108.7802527446803,34.3365813279083,秦都区,108.784977,34.335157
B0K67SB6OT,丁记老汉喜(金旭路店),餐饮服务;中餐厅;中餐厅,108.78060034142585,34.36921421202048,渭城区,108.785327,34.367806
B0JBK5J7Y9,京河兰牛肉拉面(白桦林印象店),餐饮服务;中餐厅;中餐厅,108.7764382694634,34.30962914328304,秦都区,108.781163,34.308196
B0J12A3WHR,延安小沾沾(阳光荟店),餐饮服务;中餐厅;中餐厅,108.78428865086447,34.330613739197574,秦都区,108.789009,34.329182
B0LRGUT31W,陈聚德炒牛肉(奥林匹克花园店),餐饮服务;中餐厅;中餐厅,108.77896265315827,34.313660784929425,秦都区,108.783686,34.312227
B0LK4AWEXP,厨匠博炮崩鸡(咸阳总店),餐饮服务;中餐厅;中餐厅,108.77732837552232,34.31537837012646,秦都区,108.782053,34.313947
B0LK47WZ9Q,库迪咖啡(恒大都市广场北门店),餐饮服务;咖啡厅;咖啡厅,108.79111351179768,34.30826786675951,未央区,108.795825,34.306817
B0L6YHBWFS,库迪咖啡(陕西数字医药产业园店),餐饮服务;餐饮相关场所;餐饮相关,108.81731233280908,34.334708573314536,未央区,108.821988,34.333227
B0KDMZVOAY,锅圈食汇火锅烧烤食材超市(泰盈·奥林匹克花园店),餐饮服务;餐饮相关场所;餐饮相关|购物服务;购物相关场所;购物相关场所,108.7806638664681,34.314590143181896,秦都区,108.785386,34.313155
B0KAPHMROZ,皇中百岁鱼(天章大道店),餐饮服务;中餐厅;中餐厅,108.81988159281444,34.323072850465856,未央区,108.824552,34.321581
B0K6UZP5JM,德元兰州纯汤牛肉面(西咸秦创原中心店),餐饮服务;餐饮相关场所;餐饮相关,108.77963130388787,34.33617487074949,秦都区,108.784356,34.334751
B0K2V7UTL9,汇通杨家烤肉(阳光荟店),餐饮服务;外国餐厅;外国餐厅,108.78350298029937,34.33012704960239,秦都区,108.788224,34.328696
B0JKJLKEZN,妈妈花甲米线(阳光荟店),餐饮服务;中餐厅;中餐厅,108.78410446253946,34.33085640541388,秦都区,108.788825,34.329425
B0JBKCN78Q,荞乡遇淳化饸饹(奥园店),餐饮服务;中餐厅;中餐厅,108.77965716919978,34.31362951655228,秦都区,108.78438,34.312195
B0JB6LJ5KT,陕北羊肉面,餐饮服务;中餐厅;中餐厅,108.78346890661412,34.33065675705627,秦都区,108.78819,34.329226
B0JAXZY0DI,星巴克(西安金湾科创区店),餐饮服务;咖啡厅;星巴克咖啡,108.78005566977053,34.33564157444231,秦都区,108.78478,34.334217
B0J1CMAZOH,华莱士·全鸡汉堡(咸阳奥林匹克花园店),餐饮服务;快餐厅;快餐厅,108.7836804869713,34.31365295600219,秦都区,108.7884,34.312214
B0ID6747GJ,安旗蛋糕(奥林匹克花园店),餐饮服务;糕饼店;糕饼店,108.78115526972226,34.314454737459464,秦都区,108.785877,34.313019
B0HKMUAG4J,小竹签烤肉(丰裕路店),餐饮服务;中餐厅;特色/地方风味餐厅,108.78405648430609,34.33005673081346,秦都区,108.788777,34.328625
B0H3RKFPU0,迈德思客(阳光壹号店),餐饮服务;快餐厅;快餐厅,108.78599902912788,34.32134218758093,秦都区,108.790717,34.319904
B0FFM0NO0P,肯德基(上林路DT店),餐饮服务;餐饮相关场所;餐饮相关,108.78243625544776,34.32762101949641,秦都区,108.787158,34.32619
B0FFHD90SN,个个鲜奥园水果超市,购物服务;综合市场;果品市场|餐饮服务;餐饮相关场所;餐饮相关,108.77960502933847,34.314859898308434,秦都区,108.784328,34.313426
B0MD57X3F9,佰签友·西航串串(沣太花园店),餐饮服务;中餐厅;火锅店,108.78909648196993,34.33023095138675,秦都区,108.793812,34.328793
B0LDTX89R2,泰熙家(阳光城·巴塞阳光店),餐饮服务;外国餐厅;外国餐厅,108.78286741046111,34.33026025361674,秦都区,108.787589,34.32883
B0L1KCULLZ,幸运咖(奥林匹克花园店),餐饮服务;餐饮相关场所;餐饮相关,108.77897453851277,34.3151671064555,秦都区,108.783698,34.313734
B0L07R2JOO,幸运咖(阳光荟店),餐饮服务;咖啡厅;咖啡厅,108.7848432057152,34.33011763785781,秦都区,108.789563,34.328685
B0K0UNZ13R,苏福记·阿福鲜饺·饺子·馄饨(西咸金湾店),餐饮服务;中餐厅;特色/地方风味餐厅,108.78004566480041,34.335608579841974,秦都区,108.78477,34.334184
B0I0Z7H5D3,柳州螺蛳粉,餐饮服务;中餐厅;中餐厅,108.7839493406493,34.330623334175655,秦都区,108.78867,34.329192
B0MB3HFEU6,老安家泡馍烧烤,餐饮服务;中餐厅;中餐厅,108.8040794986326,34.32123970026436,未央区,108.808775,34.319775
B0JKP5VYNW,熊大爷现包饺子(奥运村店),餐饮服务;餐饮相关场所;餐饮相关,108.78067888085494,34.31455917353608,秦都区,108.785401,34.313124
B0JDHLBEU1,阿朵妹特色麻酱土豆粉,餐饮服务;餐饮相关场所;餐饮相关,108.78402540049449,34.33073537009743,秦都区,108.788746,34.329304
B0JA4AUUHS,壹早壹碗,餐饮服务;中餐厅;中餐厅,108.7879309871117,34.3212056897425,秦都区,108.792647,34.319765
B0HU24T6JE,蜜雪冰城(上林学校店),餐饮服务;冷饮店;冷饮店,108.77569928381268,34.31610450047988,秦都区,108.780425,34.314675
B0FFKKZ3RB,关中老碗面(西西里店),餐饮服务;中餐厅;中餐厅,108.78589101338618,34.32024856405869,秦都区,108.790609,34.31881
B0FFKFZ7RL,老潼关肉夹馍(尚航七路店),餐饮服务;快餐厅;快餐厅,108.78548739102722,34.33531292206866,秦都区,108.790207,34.333882
B0KAK1S6TB,飞鸿肉夹馍(奥林匹克花园店),餐饮服务;中餐厅;中餐厅,108.78028754954133,34.31486561431487,秦都区,108.78501,34.313431
B0JRP9O31M,膳当家黄焖鸡米饭(阳光荟店),餐饮服务;快餐厅;快餐厅,108.78373914722167,34.33066906597083,秦都区,108.78846,34.329238
B0JGBY5O6C,袁记·肉夹馍(沣东阳光荟店),餐饮服务;快餐厅;快餐厅,108.78453188761641,34.330461101264376,秦都区,108.789252,34.329029
B0JDLHTACJ,赵记羊杂(沣东·阳光荟店),餐饮服务;中餐厅;中餐厅,108.7836540657317,34.33073193657805,秦都区,108.788375,34.329301
B0J1G5B9U5,重庆纸包鱼(阳光荟店),餐饮服务;中餐厅;四川菜(川菜),108.78445179318362,34.33070988698933,秦都区,108.789172,34.329278
B0G3XAFV7S,蜜雪冰城(奥林匹克花园南门店),餐饮服务;冷饮店;冷饮店,108.77961503087194,34.314932875233104,秦都区,108.784338,34.313499
B0FFKW7QQ0,伊回香老米家泡馍,餐饮服务;中餐厅;清真菜馆,108.78551746961979,34.33470525239039,秦都区,108.790237,34.333274
B0KARCAHUP,西门老安家泡馍(启航馨苑店),餐饮服务;中餐厅;清真菜馆,108.8143918017636,34.31875380230522,未央区,108.819071,34.31727
B0MGUB96GG,瑞幸咖啡(奥林匹克花园店),餐饮服务;咖啡厅;咖啡厅,108.77942988976241,34.31496666725346,秦都区,108.784153,34.313533
B0LUG79WUT,边小丫包子(阳光城西西里店),餐饮服务;快餐厅;快餐厅,108.78591298078359,34.32090828382628,秦都区,108.790631,34.31947
B0LRBKMUJU,品忆香炒货工坊(奥园店),餐饮服务;快餐厅;快餐厅,108.77922682695267,34.31389794741641,秦都区,108.78395,34.312464
B0L6HM97J0,老杨家泡馍烧烤,餐饮服务;中餐厅;中餐厅,108.81594208221856,34.33438322378183,未央区,108.82062,34.332904
B0L66DLR5P,鸡柳大人(奥林匹克花园店),餐饮服务;快餐厅;快餐厅,108.77676698485035,34.31566469948384,秦都区,108.781492,34.314234
B0K3YCJJCJ,库迪咖啡(秦创原金融中心大堂店),餐饮服务;咖啡厅;咖啡厅,108.7808521719424,34.33711171295466,秦都区,108.785576,34.335687
B0K07RKAZ6,重庆鲜面店(奥兴路店),餐饮服务;中餐厅;中餐厅,108.77695546285229,34.31131486886726,秦都区,108.78168,34.309882
B0JUACRJ41,冒大仙火锅冒菜(阳光荟店),餐饮服务;中餐厅;中餐厅,108.78348091860765,34.330640778638376,秦都区,108.788202,34.32921
B0JBKCLUP8,荞乡遇淳化饸饹(沣东阳光荟店),餐饮服务;中餐厅;西北菜,108.78329276909622,34.33042966154678,秦都区,108.788014,34.328999
B0J219BV4G,绝味鸭脖(西安巴塞阳光店),餐饮服务;餐饮相关场所;餐饮相关,108.78257417040861,34.33010099581155,秦都区,108.787296,34.328671
B0J0V7TN6M,一粉一城新疆炒米粉(咸阳阳光城店),餐饮服务;餐饮相关场所;餐饮相关,108.78430465794995,34.33070671373982,秦都区,108.789025,34.329275
B0H1ORT8VE,千里香馄饨(阳光城·西西里店),餐饮服务;餐饮相关场所;餐饮相关,108.78742649004288,34.32092317463711,秦都区,108.792143,34.319483
B0MUYRQC01,瑞幸咖啡(金湾大厦店),餐饮服务;咖啡厅;咖啡厅,108.77965029573087,34.336448757796035,秦都区,108.784375,34.335025
B0MA65L9QI,西府面莊,餐饮服务;餐饮相关场所;餐饮相关,108.78355536190762,34.31381373660605,秦都区,108.788275,34.312375
B0K1DUBF3A,库迪咖啡(沣东创智云谷产业园店),餐饮服务;咖啡厅;咖啡厅,108.80087493521384,34.32078468768697,未央区,108.805575,34.319325
B0MADAIAYD,新疆烧烤(兰欧国际酒店5F店),餐饮服务;中餐厅;特色/地方风味餐厅,108.78355600056027,34.330456953733055,秦都区,108.788277,34.329026
B0MABCT61G,大口味,餐饮服务;餐饮相关场所;餐饮相关,108.77756650242019,34.3157754192645,秦都区,108.782291,34.314344
B0LUBCDZ1G,李老三胡辣汤,餐饮服务;中餐厅;中餐厅,108.77858123321147,34.3154395816801,秦都区,108.783305,34.314007
B0LK6SK7GY,知光COFFEE,餐饮服务;咖啡厅;咖啡厅,108.77699936273731,34.32510152789236,秦都区,108.781725,34.323675
B0LAZAPXFD,背锅侠重庆火锅串串,餐饮服务;中餐厅;火锅店,108.78818428085941,34.32084518528776,秦都区,108.7929,34.319404
B0L3LCQSJB,卤七七(奥林匹克店),餐饮服务;餐饮相关场所;餐饮相关,108.77745742464556,34.3158302876459,秦都区,108.782182,34.314399
B0L36RAQTI,麻迷儿嫂子砂锅涮牛肚(阳光城西西里店),餐饮服务;中餐厅;火锅店,108.78840551407309,34.32083647677609,秦都区,108.793121,34.319395
B0L035CXY9,东北饭店-泽味居,餐饮服务;中餐厅;中餐厅,108.81981747172571,34.32323065758377,未央区,108.824488,34.321739
B0KGXCOT2X,陕北抿节,餐饮服务;中餐厅;中餐厅,108.78328214710588,34.31347557458486,秦都区,108.788002,34.312037
B0KD55Q2OT,永盛蒸饺(阳光城壹号·上林悦店),餐饮服务;餐饮相关场所;餐饮相关,108.78605909114081,34.32130128089011,秦都区,108.790777,34.319863
B0K29XNHH9,嘻锅鲜肉,餐饮服务;中餐厅;中餐厅,108.78215610552994,34.31433090113235,秦都区,108.786877,34.312894
B0K1YHEKWI,渭南时辰包子(西西里店),餐饮服务;中餐厅;中餐厅,108.78577486702696,34.3206602294964,秦都区,108.790493,34.319222
B0K04LVY42,泉和诚牛肉养生馆(西咸店),餐饮服务;餐饮相关场所;餐饮相关,108.78682011007629,34.318058737091334,秦都区,108.791537,34.316618
B0JRA5ILYS,好牛良品秘制凉皮米线,餐饮服务;快餐厅;快餐厅,108.78403541933545,34.33061643873433,秦都区,108.788756,34.329185
B0JD7L7EEX,驴蹄子裤带面,餐饮服务;中餐厅;中餐厅,108.78322168947638,34.3306364806772,秦都区,108.787943,34.329206
B0JBAU708X,湖南米粉(奥林匹克花园店),餐饮服务;餐饮相关场所;餐饮相关,108.77926784073527,34.314098897662056,秦都区,108.783991,34.312665
B0JA3CNYRM,杨家蒸肉(丰裕路店),餐饮服务;中餐厅;特色/地方风味餐厅,108.7847090572135,34.33040034198507,秦都区,108.789429,34.328968
B0J3HCRVVM,大秦铂悦宴会中心,餐饮服务;中餐厅;中餐厅,108.8167994650176,34.32258139983769,未央区,108.821475,34.321095
B0J1C7GTSS,幸福里主题宴会中心,餐饮服务;中餐厅;中餐厅,108.81966920901746,34.32338431071934,未央区,108.82434,34.321893
B0I6PABDW1,柚米鲜卤(西西里店),餐饮服务;餐饮相关场所;餐饮相关,108.78604811753489,34.320847478971686,秦都区,108.790766,34.319409
B0H3F7BGBM,陈香阁湘菜(阳光城壹号.上林悦店),餐饮服务;中餐厅;湖南菜(湘菜),108.78587787281704,34.32181081933602,秦都区,108.790596,34.320373
B0FFKPHU9D,老苏家泡馍(芊域阳光南区店),餐饮服务;中餐厅;清真菜馆,108.81850715331176,34.33691070562676,未央区,108.823181,34.335428
B0FFK9FHKS,穆香阁兰州牛肉面,餐饮服务;中餐厅;清真菜馆,108.78644250728073,34.320826978308475,秦都区,108.79116,34.319388
B0MGDSQE3R,虾小君爆汁小龙虾(奥园店),餐饮服务;中餐厅;海鲜酒楼,108.7791767314668,34.314614567424016,秦都区,108.7839,34.313181
B0MDRZBKOB,荞广瑞饸饹面,餐饮服务;中餐厅;中餐厅,108.77667493504016,34.31555166407241,秦都区,108.7814,34.314121
B0MAXDL2A8,小乐聪砂锅,餐饮服务;中餐厅;中餐厅,108.78565600462608,34.32979677703522,秦都区,108.790375,34.328363
B0MA37ZB2Y,冰夏时光冷饮批发奥园店,餐饮服务;冷饮店;冷饮店,108.78066980923984,34.31534680216199,秦都区,108.785392,34.313912
B0M6U5Q0IQ,陕西一碗面(阳光城西西里店),餐饮服务;餐饮相关场所;餐饮相关,108.7888249601084,34.32082503073639,秦都区,108.79354,34.319383
B0M6FDYI1V,齐齐哈尔自助烤肉(奥园店),餐饮服务;中餐厅;中餐厅,108.77980223534276,34.31415942567695,秦都区,108.784525,34.312725
B0LKFYSUDH,鸿福酸菜麻辣串串香,餐饮服务;中餐厅;中餐厅,108.81941361916842,34.33763602828095,未央区,108.824086,34.336152
B0LBU5AYCX,好面缘刀削面拉条子,餐饮服务;中餐厅;中餐厅,108.78320866598257,34.330783395438644,秦都区,108.78793,34.329353
B0LA71W9ZS,云德姐妹烧烤,餐饮服务;中餐厅;特色/地方风味餐厅,108.8187424096163,34.33861730943377,未央区,108.823416,34.337135
B0L6L1H5LR,小治肉丸糊辣汤,餐饮服务;中餐厅;中餐厅,108.785831921992,34.32066429773478,秦都区,108.79055,34.319226
B0L6L1DJ5M,杨凡雨时辰包子,餐饮服务;中餐厅;中餐厅,108.7815335752653,34.31448313921796,秦都区,108.786255,34.313047
B0L6GYF99T,老马家泡馍烧烤,餐饮服务;餐饮相关场所;餐饮相关,108.7892603959905,34.32121742234715,秦都区,108.793975,34.319775
B0L3RXPCI0,麦田的饭,餐饮服务;中餐厅;中餐厅,108.78365404329301,34.33100580560129,秦都区,108.788375,34.329575
B0L15AZQ2O,小铜锅米线,餐饮服务;中餐厅;中餐厅,108.8185490216064,34.33939357360999,未央区,108.823223,34.337912
B0L0SDJ0TQ,锦雀茶舍,餐饮服务;茶艺馆;茶艺馆,108.78331414101898,34.3138954194301,秦都区,108.788034,34.312457
B0L09ACG8F,徽源烧烤,餐饮服务;中餐厅;特色/地方风味餐厅,108.77919474568277,34.3146025914523,秦都区,108.783918,34.313169
B0KKNKWU7E,禾蒸香热米皮,餐饮服务;快餐厅;快餐厅,108.785902030311,34.320172612975234,秦都区,108.79062,34.318734
B0K16712MW,左小生麻辣烫麻辣拌,餐饮服务;中餐厅;中餐厅,108.78022072310037,34.33654231282592,秦都区,108.784945,34.335118
B0K0FDG3RG,幸子与茶,餐饮服务;茶艺馆;茶艺馆,108.7844972189819,34.326020169302964,秦都区,108.789217,34.324586
B0JUO1A0NU,签里寻串串火锅(沣太花园店),餐饮服务;中餐厅;火锅店,108.78564583801514,34.33171284867191,秦都区,108.790365,34.33028
B0J3UHVFMG,芝芝多披萨(上林路店),餐饮服务;快餐厅;快餐厅,108.78966079883406,34.32161776833794,秦都区,108.794375,34.320175
B0J2MAYXW9,削筋面,餐饮服务;中餐厅;中餐厅,108.78654452208963,34.30965523886604,未央区,108.791261,34.308211
B0IGCUBYTF,精品小碗菜,餐饮服务;中餐厅;中餐厅,108.8120899116745,34.32064279293003,未央区,108.816773,34.319164
B0HGZL2P0J,过桥米线,餐饮服务;快餐厅;快餐厅,108.77955108078216,34.313737356643436,秦都区,108.784274,34.312303
B0HD96YDA9,汉中小辣椒热米皮,餐饮服务;中餐厅;中餐厅,108.782423158746,34.31644722891664,秦都区,108.787144,34.315011
B0FFKT5GFC,川湘菜馆,餐饮服务;中餐厅;中餐厅,108.78650147820392,34.309669178757225,未央区,108.791218,34.308225
B0FFIXJTV5,北京烤鸭,餐饮服务;中餐厅;中餐厅,108.7787004906064,34.313335666854364,秦都区,108.783424,34.311902
B0FFILLS8D,奥林匹克花园-里约奥运村(泰盈·奥林匹克花园5期店),餐饮服务;餐饮相关场所;餐饮相关,108.78054486345185,34.31348252276404,秦都区,108.785267,34.312047
B0MGNSPS0A,喜乐丸子汤,餐饮服务;中餐厅;中餐厅,108.78861773855466,34.320836753631724,秦都区,108.793333,34.319395
B0I0NH5BJS,重庆川菜馆(科贸一路店),餐饮服务;中餐厅;四川菜(川菜),108.78594997771278,34.321386106546115,秦都区,108.790668,34.319948
B0H33CX10K,毛大碗削筋面(菜鸟西安物流园店),餐饮服务;中餐厅;中餐厅,108.81309152848267,34.32065057953311,未央区,108.817773,34.31917
B0FFJC8C2E,卤肉面馆,餐饮服务;中餐厅;中餐厅,108.7766338948225,34.31572254660379,秦都区,108.781359,34.314292
B0LUGXN7LT,吕记老碗面,餐饮服务;中餐厅;中餐厅,108.81439583642847,34.31840896941363,未央区,108.819075,34.316925
B0LGKKHNL6,品川源·川渝食府,餐饮服务;中餐厅;四川菜(川菜),108.78377522139016,34.330159351597274,秦都区,108.788496,34.328728
B0L19ZG7RC,御卤世家椒麻鸡(奥运村店),餐饮服务;餐饮相关场所;餐饮相关,108.77865130218,34.31520775903803,秦都区,108.783375,34.313775
B0K1ZRXBH4,友文湖南土菜馆(科贸一路店),餐饮服务;中餐厅;湖南菜(湘菜),108.78563082747647,34.33166485328864,秦都区,108.79035,34.330232
B0JAJH1IT5,川渝小炒私房菜馆,餐饮服务;中餐厅;中餐厅,108.78350894429184,34.33063181547696,秦都区,108.78823,34.329201
B0JA4U25JC,美太饺子馆,餐饮服务;中餐厅;中餐厅,108.78419057444329,34.33044970147133,秦都区,108.788911,34.329018
B0FFIGAK2U,大傻驴蹄子面(阳光城·西西里店),餐饮服务;中餐厅;中餐厅,108.78588600606643,34.32027854393791,秦都区,108.790604,34.31884
B0G3XZFGQZ,小竹签烤肉(奥园店),餐饮服务;中餐厅;特色/地方风味餐厅,108.77918480029997,34.31384592796521,秦都区,108.783908,34.312412
B0MATRWKLF,寂寞的鸭子(奥林匹克花园店),餐饮服务;餐饮相关场所;餐饮相关,108.77905560303414,34.31510022014586,秦都区,108.783779,34.313667
B0L395SE8M,花小小新疆炒米粉(金湾大厦店),餐饮服务;餐饮相关场所;餐饮相关,108.78030079272865,34.3364494429597,秦都区,108.785025,34.335025
B0K30C1Q3W,霸舌生滚牛肉米粉(阳光荟店),餐饮服务;中餐厅;中餐厅,108.78301249808885,34.3307331938183,秦都区,108.787734,34.329303
B0G0DRAG26,邢老四肉丸糊汤(巴塞阳光店),餐饮服务;中餐厅;中餐厅,108.78260519704044,34.3301010309923,秦都区,108.787327,34.328671
B0LGLUM4SD,锦福包子(奥林匹克花园店),餐饮服务;餐饮相关场所;餐饮相关,108.77974811759321,34.31509793845735,秦都区,108.784471,34.313664
B0LA31H5J2,会州爆炒牛犊肉羊羔肉总部,餐饮服务;中餐厅;清真菜馆,108.8198505629288,34.32279592271387,未央区,108.824521,34.321304
B0KRRHQIR3,崔小龙羊肉面(沣东店),餐饮服务;中餐厅;中餐厅,108.81641686457056,34.33443906344506,未央区,108.821094,34.332959
B0KD05Y4E8,孙家泡馍烧烤,餐饮服务;中餐厅;清真菜馆,108.81981747579475,34.32318068102912,未央区,108.824488,34.321689
B0KAL5JY0Q,谷森缘土豆片夹馍(奥园店),餐饮服务;餐饮相关场所;餐饮相关,108.77534605881115,34.31628409634496,秦都区,108.780072,34.314855
B0KADXW6KA,小杜当家自选快餐店,餐饮服务;快餐厅;快餐厅,108.82231278520999,34.334528925932595,未央区,108.82698,34.333038
B0K24ZHL9N,篱笆院东北铁锅炖(奥园店),餐饮服务;中餐厅;中餐厅,108.78261053848674,34.313765672724365,秦都区,108.787331,34.312328
B0JD558HUS,左尚客重庆麻辣烫,餐饮服务;中餐厅;综合酒楼,108.7830865781789,34.3305463681628,秦都区,108.787808,34.329116
B0I3YML9IX,东北炒菜铁锅炖(阳光城·西西里店),餐饮服务;中餐厅;中餐厅,108.7859020389862,34.32006666227987,秦都区,108.79062,34.318628
B0FFLHKDUU,老山城纸包鱼烧烤(奥园店),餐饮服务;中餐厅;火锅店,108.78510781911544,34.313441748635114,秦都区,108.789826,34.312001
B0FFI247G6,包师傅鲜卤(奥园店),餐饮服务;餐饮相关场所;餐饮相关,108.77805087980771,34.31520715753786,秦都区,108.782775,34.313775
B0FFFEWLDN,蜀南烤肉(奥林匹克店),餐饮服务;中餐厅;特色/地方风味餐厅,108.77936788699483,34.314437845675286,秦都区,108.784091,34.313004
B0IKDCB77K,正新鸡排,餐饮服务;餐饮相关场所;餐饮相关,108.77529942664579,34.31145626458503,秦都区,108.780025,34.310025
B0FFHQRH2R,思语轩烘焙坊(奥林匹克花园店),餐饮服务;糕饼店;糕饼店,108.77693009847918,34.315564900927214,秦都区,108.781655,34.314134
B0FFHFFIHY,一粉一城新疆炒米粉(奥园店),餐饮服务;餐饮相关场所;餐饮相关,108.77945898029097,34.31412508340519,秦都区,108.784182,34.312691
B0KBXSHWV9,渝耳巴川湘宴(启航馨苑店),餐饮服务;中餐厅;四川菜(川菜),108.8142956480423,34.31870864948115,未央区,108.818975,34.317225
B0K3RG09NW,醉砂坊老式砂锅,餐饮服务;餐饮相关场所;餐饮相关,108.78613219958093,34.320850581572536,秦都区,108.79085,34.319412
B0HKYL0YGR,甜丫丫糕点(奥园店),餐饮服务;餐饮相关场所;餐饮相关,108.7788064570458,34.314676160479166,秦都区,108.78353,34.313243
B0G30PIHGG,金马刀削面(渭水园西区店),餐饮服务;快餐厅;快餐厅,108.78514606866247,34.33527752441657,秦都区,108.789866,34.333847
B0MACKVS9A,高胖子老式米线,餐饮服务;中餐厅;中餐厅,108.78569405778389,34.32959591942662,秦都区,108.790413,34.328162
B0LKVA3RCX,隐庐川筵,餐饮服务;中餐厅;四川菜(川菜),108.78022784215307,34.3351559916249,秦都区,108.784952,34.333731
B0LATU3JPU,北岈小院,餐饮服务;中餐厅;中餐厅,108.81832546944669,34.316977808549105,未央区,108.822998,34.315486
B0L6UHT6GB,新疆拌面·炒肉片(西西里店),餐饮服务;中餐厅;清真菜馆,108.78921037462473,34.32081754255398,秦都区,108.793925,34.319375
B0L0Y56DXR,关二牛肉丸糊辣汤·腊牛肉夹馍·牛骨汤米线(奥园店),餐饮服务;餐饮相关场所;餐饮相关,108.7793858549217,34.314992609724676,秦都区,108.784109,34.313559
B0KUDLDBZ8,厂长冒粉.米线(奥园店),餐饮服务;中餐厅;中餐厅,108.77950204569275,34.313718314377205,秦都区,108.784225,34.312284
B0KG952GKY,西航涮涮(奥林匹克花园店),餐饮服务;中餐厅;火锅店,108.78222721142623,34.313770237754746,秦都区,108.786948,34.312333
B0KG57IV1M,福记潮汕牛肉火锅(阳光城壹号·上林悦店),餐饮服务;中餐厅;火锅店,108.7858258029734,34.32204664503034,秦都区,108.790544,34.320609
B0KAPHNLFN,老幺汉中热米皮,餐饮服务;中餐厅;中餐厅,108.77745846396081,34.31535850561818,秦都区,108.782183,34.313927
B0K3MGS3KC,蜀韵砂锅,餐饮服务;中餐厅;中餐厅,108.78578487467337,34.32068523014323,秦都区,108.790503,34.319247
B0IDYMVLN9,叁小烧烤(阳光城·沣太花园店),餐饮服务;中餐厅;特色/地方风味餐厅,108.78577291840882,34.33223075620809,秦都区,108.790492,34.330798
B0HBTG1QRN,李家蒸肉(渭水园西区店),餐饮服务;中餐厅;中餐厅,108.78509799682836,34.33559931062596,秦都区,108.789818,34.334169
B0HAV47S9S,刘氏二哥猪蹄葫芦头泡馍(渭水园店),餐饮服务;中餐厅;特色/地方风味餐厅,108.78599501049726,34.333743302613065,秦都区,108.790714,34.332311
B0H3YU5Z1J,渭南时辰包子奥园1店,餐饮服务;中餐厅;中餐厅,108.7754381174824,34.31623120407979,秦都区,108.780164,34.314802
B0H3D5RXF1,老胡家秦镇米皮,餐饮服务;中餐厅;中餐厅,108.7813582545595,34.316650949583895,秦都区,108.78608,34.315216
B0FFKT1U4T,鲜源饺子馆(渭水园一号苑店),餐饮服务;快餐厅;快餐厅,108.78552746604227,34.33486618688189,秦都区,108.790247,34.333435
B0FFKGOATJ,兰州拉面,餐饮服务;中餐厅;清真菜馆,108.77942648363795,34.3687132368396,渭城区,108.784154,34.367306
B0M6VCJYQX,瓦罐烤蜜薯,餐饮服务;餐饮相关场所;餐饮相关,108.7789516698873,34.31335891178984,秦都区,108.783675,34.311925
B0KU6OUMJG,巫山烤魚·纸包鱼·川菜,餐饮服务;中餐厅;特色/地方风味餐厅,108.78384828355205,34.33020441564709,秦都区,108.788569,34.328773
B0KAMU5FIB,靳记凉皮(阳光城·巴塞阳光店),餐饮服务;中餐厅;中餐厅,108.7850233741332,34.33012884943812,秦都区,108.789743,34.328696
B0H0JSSGY0,入口乡食品,餐饮服务;快餐厅;快餐厅,108.82231807192333,34.318802376751776,未央区,108.826984,34.317304
B0KUFX99RP,红菊十里香烧鸡(奥兴路店),餐饮服务;餐饮相关场所;餐饮相关,108.78101806848683,34.31556507826587,秦都区,108.78574,34.31413
B0LALRL9WZ,黄记秦镇米皮,餐饮服务;中餐厅;中餐厅,108.79138381228195,34.308370193039515,未央区,108.796095,34.306919
B0HAGMUE6C,上林茶苑(白桦林印象店),餐饮服务;茶艺馆;茶艺馆,108.77674134055488,34.31111775430963,秦都区,108.781466,34.309685
B0GRHKNO62,实惠面馆,餐饮服务;快餐厅;快餐厅,108.78542329963035,34.33567966651093,秦都区,108.790143,34.334249
B0FFFSUXAI,菌香大盘鸡大盆骨,餐饮服务;中餐厅;中餐厅,108.83710967042249,34.31351851038261,未央区,108.84175,34.31199
B0FFF4V0RS,津福润酒楼(沣东新城店),餐饮服务;中餐厅;综合酒楼,108.83750416260997,34.31555130681523,未央区,108.842144,34.314023
B001D0Z4RF,河南烩面猪蹄店,餐饮服务;中餐厅;中餐厅,108.83707260023294,34.31362239430191,未央区,108.841713,34.312094
B0FFHZSIAI,金桥鸡汤刀削面,餐饮服务;中餐厅;中餐厅,108.86513681191454,34.36918338847003,未央区,108.869742,34.367636
B0FFFSUHS6,武汉特色小吃(建章路店),餐饮服务;中餐厅;中餐厅,108.83744841370944,34.31130214739138,未央区,108.842088,34.309772
B0FFI11J88,7080庭院饭堂,餐饮服务;中餐厅;特色/地方风味餐厅,108.83852142716458,34.32076276805048,未央区,108.84316,34.319235
B0FFFA92FT,竹签烤肉,餐饮服务;中餐厅;特色/地方风味餐厅,108.83742484623806,34.330184303210196,未央区,108.842066,34.328663
B0FFIQPU7T,邢老四肉丸糊辣汤(建章路分店),餐饮服务;中餐厅;中餐厅,108.83738842584997,34.30991866480868,未央区,108.842028,34.308388
B0FFGFLBGY,焦记早餐店,餐饮服务;中餐厅;中餐厅,108.83523477123407,34.32289469049152,未央区,108.839879,34.321374
B0FFFAGS1I,小念叨川菜,餐饮服务;中餐厅;四川菜(川菜),108.83704385619802,34.32222336140643,未央区,108.841685,34.320699
B0FFHU31E3,蒲城水盆(皂河店),餐饮服务;中餐厅;中餐厅,108.83743353784162,34.334171406253475,未央区,108.842075,34.332652
B0FFFSUMAR,陕西一绝葫芦头(建章路店),餐饮服务;中餐厅;中餐厅,108.83712789837926,34.3110766577058,未央区,108.841768,34.309547
B0FFL32MVM,重庆川采鱼庄,餐饮服务;中餐厅;中餐厅,108.8368485594668,34.33421430408456,未央区,108.841491,34.332696
B0FFHE4HLL,重庆麻辣鱼(建章路店),餐饮服务;中餐厅;四川菜(川菜),108.83704389534317,34.32174058719245,未央区,108.841685,34.320216
B0FFHWNOOJ,馋嘴猫纸包鱼(建章路店),餐饮服务;中餐厅;中餐厅,108.8369121826242,34.32783047585786,未央区,108.841554,34.326309
B0FFFA9O2D,小四川菜馆,餐饮服务;中餐厅;四川菜(川菜),108.82294591083111,34.333953386798655,未央区,108.827612,34.332461
B0FFFSUN6C,无名腊汁肉夹馍,餐饮服务;中餐厅;中餐厅,108.83741336779345,34.3111491522536,未央区,108.842053,34.309619
B0K6KSZNKC,好先生茶馆·好先生城市会客厅,餐饮服务;茶艺馆;茶艺馆,108.85578180027373,34.36722364210666,未央区,108.860398,34.365689
B0FFIJUCRR,河南羊肉烩面,餐饮服务;中餐厅;中餐厅,108.85973737897741,34.323410457675784,未央区,108.864345,34.321848
B0FFI253NJ,蘸水裤带面,餐饮服务;中餐厅;中餐厅,108.83704384874171,34.322315318368034,未央区,108.841685,34.320791
B0MAOCJ4GN,兴园·鲜炒鸡炝锅鱼,餐饮服务;中餐厅;四川菜(川菜),108.8375461269974,34.32920799262964,未央区,108.842187,34.327686
B0LGHSSJD8,重庆小面,餐饮服务;中餐厅;中餐厅,108.83754538610027,34.313636261464715,未央区,108.842185,34.312107
B0L3ZZ0QA3,老湯粉馍馆,餐饮服务;餐饮相关场所;餐饮相关,108.84939859255779,34.36990573362095,未央区,108.854024,34.368383
B0K02HYKIN,湖南衡东土菜,餐饮服务;餐饮相关场所;餐饮相关,108.8319110221504,34.33670889071576,未央区,108.836562,34.335201
B0JGBU543B,马新肉夹馍,餐饮服务;中餐厅;中餐厅,108.82712001789659,34.32205386886251,未央区,108.831778,34.320548
B0H64HHZKG,全兴川菜馆,餐饮服务;中餐厅;四川菜(川菜),108.83141534855747,34.334598982107224,未央区,108.836067,34.333091
B0H2MZ30BH,秦记香辣鱼,餐饮服务;中餐厅;中餐厅,108.83748063239345,34.321619450833744,未央区,108.842121,34.320094
B0H1O9WURF,裤带面,餐饮服务;快餐厅;快餐厅,108.84266647696764,34.341731270015416,未央区,108.8473,34.340206
B0FFL7PZZC,老成都川菜(建章路店),餐饮服务;中餐厅;四川菜(川菜),108.83744757616941,34.33398652131033,未央区,108.842089,34.332467
B0FFKSLPCK,卓敏刀削面,餐饮服务;中餐厅;中餐厅,108.8374004685551,34.321996126771126,未央区,108.842041,34.320471
B001D0Z3NX,湘蜀味道(世成商贸城店),餐饮服务;中餐厅;中餐厅,108.83740569289183,34.331684550280286,未央区,108.842047,34.330164
B0MGC5EYWL,胖子户县软面,餐饮服务;中餐厅;中餐厅,108.83704388067396,34.32192150261371,未央区,108.841685,34.320397
B0MAAC97BC,十里飘香贵州烙锅特色烤肉,餐饮服务;中餐厅;中餐厅,108.85772326343493,34.368066231408555,未央区,108.862337,34.366529
B0LKGB11AU,多福饺子馆,餐饮服务;中餐厅;特色/地方风味餐厅,108.84009328960298,34.32967444571068,未央区,108.84473,34.328148
B0L3O5Y7Y1,淳化荞面饸饹,餐饮服务;中餐厅;特色/地方风味餐厅,108.83743261927923,34.30843641698696,未央区,108.842072,34.306905
B0K3MKH31P,河南省正宗逍遥镇优质牛肉胡辣汤,餐饮服务;中餐厅;中餐厅,108.83766176441695,34.31135051918475,未央区,108.842301,34.30982
B0J6Z6ACL7,马家泡馍(建章路店),餐饮服务;中餐厅;清真菜馆,108.83741144733854,34.32248391883733,未央区,108.842052,34.320959
B0I01KMVVD,沙县小吃(皂河综合市场店),餐饮服务;中餐厅;中餐厅,108.83742878310544,34.33104489919621,未央区,108.84207,34.329524
B0GR71HGT0,逍遥镇胡辣汤(建章路店),餐饮服务;快餐厅;快餐厅,108.83704382232024,34.3226411657811,未央区,108.841685,34.321117
B0FFL92C33,老上海馄饨王(建章路店),餐饮服务;中餐厅;中餐厅,108.83738438628569,34.335032899602325,未央区,108.842026,34.333514
B0FFKSZHGV,金马鸡汤刀削面,餐饮服务;快餐厅;快餐厅,108.85525269473266,34.32259891350652,未央区,108.859866,34.321043
B0FFGA9OCD,郭记羊肉(天缘丽居店),餐饮服务;中餐厅;中餐厅,108.83749902335039,34.32952075667657,未央区,108.84214,34.327999
B001D08N2U,伊盛楼牛羊肉泡馍(六村堡店),餐饮服务;中餐厅;清真菜馆,108.83742483707769,34.33029724926667,未央区,108.842066,34.328776
B0FFFA94DB,陕西一绝葫芦头(丰产路店),餐饮服务;中餐厅;中餐厅,108.8369887600392,34.33462636467517,未央区,108.841631,34.333108
B0FFH5L1KC,马家腊汁肉夹馍,餐饮服务;中餐厅;中餐厅,108.83736639146946,34.33459907590088,未央区,108.842008,34.33308
B0LGFKLV9S,新竹签烧烤川菜,餐饮服务;中餐厅;特色/地方风味餐厅,108.83703292540811,34.3334939922616,未央区,108.841675,34.331975
B0K1XHXUSR,四个牛牛肉面烧烤,餐饮服务;餐饮相关场所;餐饮相关,108.83702284327,34.33430058493117,未央区,108.841665,34.332782
B0JRSZH1G6,园福串串,餐饮服务;餐饮相关场所;餐饮相关,108.82534596134165,34.33458857914218,未央区,108.830008,34.333092
B0L3HLBO1K,海底捞企业火锅(企业建章中心店),餐饮服务;中餐厅;火锅店,108.83765300574893,34.33289942374443,未央区,108.842294,34.331379
B0J225SKQS,蜜雪冰城(建章路北段皂河市场西门第二家店),餐饮服务;冷饮店;冷饮店,108.8374318449322,34.330344239767676,未央区,108.842073,34.328823
B0J1FR2QHG,清真·汉城烧烤(建章路店),餐饮服务;中餐厅;特色/地方风味餐厅,108.8369071615403,34.32798739208791,未央区,108.841549,34.326466
B0ID4UNAO0,飞鸿肉夹馍(建章路鸿都店),餐饮服务;中餐厅;中餐厅,108.83740775589189,34.3309489062838,未央区,108.842049,34.329428
B0HGAHZ3IS,西部来客鲜炒大盘鸡(建章路店),餐饮服务;中餐厅;中餐厅,108.83750885819092,34.31940953229199,未央区,108.842149,34.317883
B0FFKYUT8L,华莱士·全鸡汉堡(建章商业中心店),餐饮服务;快餐厅;快餐厅,108.83817387203148,34.332872396707096,未央区,108.842814,34.331351
B0FFKAYU7O,邢老四肉丸胡辣汤(建章路店),餐饮服务;中餐厅;中餐厅,108.83740749694454,34.33414137264464,未央区,108.842049,34.332622
B001D0VPYE,乐乐面馆,餐饮服务;中餐厅;中餐厅,108.84428068146615,34.33380101496213,未央区,108.848911,34.332269
B0FFGNY5SA,手擀软面菠菜面,餐饮服务;快餐厅;快餐厅,108.82439730779744,34.33496061919173,未央区,108.829061,34.333466
B0K2RYA52D,幸运咖(皂河市场店),餐饮服务;咖啡厅;咖啡厅,108.83742483253803,34.33035322252789,未央区,108.842066,34.328832
B0FFLGIP35,礼食珍本草鸡爪(长庆店),餐饮服务;餐饮相关场所;餐饮相关,108.83742582674637,34.33044518044059,未央区,108.842067,34.328924
B001D10WBH,多又多饺子馆,餐饮服务;中餐厅;特色/地方风味餐厅,108.86278392424947,34.323704751552626,未央区,108.867388,34.322138
B0J10UGBD9,景娘家煮馍(丰产路店),餐饮服务;中餐厅;中餐厅,108.82374225781115,34.33410380492593,未央区,108.828407,34.33261
B0FFF8ZWIQ,胖子川菜(建章路)焦家村,餐饮服务;中餐厅;四川菜(川菜),108.83745050478349,34.32257694740906,未央区,108.842091,34.321052
B0JKBHKJKA,赵记高汤羊杂(建章路店),餐饮服务;中餐厅;中餐厅,108.83683256279868,34.33384345324249,未央区,108.841475,34.332325
B001D10X43,杨凌蘸水面,餐饮服务;中餐厅;中餐厅,108.83747124059207,34.31391099880965,未央区,108.842111,34.312382
B001D10Z38,奇香饺子馆(焦家村店店),餐饮服务;中餐厅;特色/地方风味餐厅,108.83740845222624,34.32236197038523,未央区,108.842049,34.320837
B0FFHQOBVH,香辣坊,餐饮服务;中餐厅;火锅店,108.86001775336322,34.322988073281614,未央区,108.864625,34.321425
B0K1LLJ3YA,荣辉包子(焦村店),餐饮服务;餐饮相关场所;餐饮相关,108.83704384023177,34.32242026923578,未央区,108.841685,34.320896
B0H6UUTOR9,哈尔滨饺子馆(邓六路店),餐饮服务;中餐厅;特色/地方风味餐厅,108.86035223591415,34.32200003143511,未央区,108.864959,34.320436
B0MBTODEZS,食悦餐厅超市,餐饮服务;中餐厅;中餐厅,108.82970374694237,34.355272525385566,未央区,108.83436,34.353778
B0LK17DAC3,胖初初鸡汤泡饼全国总店,餐饮服务;中餐厅;中餐厅,108.8370547523835,34.31137438704236,未央区,108.841695,34.309845
B0LG0P1Q2Q,臻味源骨汤麻辣烫(建章路店),餐饮服务;中餐厅;中餐厅,108.837477973616,34.32970263111483,未央区,108.842119,34.328181
B0LD77U3CG,老程饺子馆,餐饮服务;中餐厅;特色/地方风味餐厅,108.83770405140565,34.32103013821343,未央区,108.842344,34.319504
B0KKKNCMAF,老秦味面庄,餐饮服务;中餐厅;中餐厅,108.83743292150159,34.32942068231279,未央区,108.842074,34.327899
B0JUNY6VMA,槐树庭院茶舍,商务住宅;住宅区;住宅小区|餐饮服务;茶艺馆;茶艺馆,108.83705643404718,34.32769680612732,未央区,108.841698,34.326175
B0JUFCI7IZ,李川调盐筋烤肉.江湖菜(草滩八路店),餐饮服务;中餐厅;特色/地方风味餐厅,108.86136209967752,34.36333014651929,未央区,108.865971,34.361785
B0JKC9H9EA,渭南时辰包子(焦家村店),餐饮服务;餐饮相关场所;餐饮相关,108.83704382467063,34.32261217935993,未央区,108.841685,34.321088
B0H0F7N428,重庆十两称肥肠鱼,餐饮服务;中餐厅;火锅店,108.83720983939274,34.31349270736506,未央区,108.84185,34.311964
B0GR75IO1V,淳化饸饹,餐饮服务;中餐厅;中餐厅,108.86027619204314,34.321411194129595,未央区,108.864883,34.319847
B0FFL3LYFH,金马王裤带面大盘鸡大盘鱼(建章路店),餐饮服务;中餐厅;中餐厅,108.83709899732804,34.309258428931905,未央区,108.841739,34.307728
B0FFKZLZFO,回坊楼泡馍烧烤,餐饮服务;中餐厅;清真菜馆,108.82579876196604,34.321960428993854,未央区,108.830459,34.320457
B0FFK8H0SO,三桥饭庄(六村堡店),餐饮服务;中餐厅;中餐厅,108.83764598599231,34.33299936274865,未央区,108.842287,34.331479
B0FFH97PI6,杨凌蘸水面(西三环),餐饮服务;中餐厅;中餐厅,108.83760881463479,34.33435264240028,未央区,108.84225,34.332833
B0FFH1VPOF,秦镇老马家大米皮肉夹馍(县河综合市场店),餐饮服务;快餐厅;快餐厅,108.83776133660922,34.33103551739739,未央区,108.842402,34.329514
B001D08N1I,乐乐面馆(建章路店),餐饮服务;中餐厅;中餐厅,108.83737101986134,34.31457850777259,未央区,108.842011,34.31305
B0MGJ1D1XB,合味香面馆,餐饮服务;中餐厅;中餐厅,108.84837690543026,34.334817692433575,未央区,108.853001,34.333279
B0LGJRS0O2,重庆川菜石锅鱼,餐饮服务;中餐厅;四川菜(川菜),108.82482406535799,34.33462158351411,未央区,108.829487,34.333126
B0LDGZ3I7D,关中大碗面,餐饮服务;中餐厅;中餐厅,108.85979938299937,34.324297133608425,未央区,108.864407,34.322735
B0LDGAAIU9,杨嫂老碗面,餐饮服务;中餐厅;中餐厅,108.83698573037631,34.33493021232673,未央区,108.841628,34.333412
B0L6BUYPSW,孙涛肉夹馍,餐饮服务;中餐厅;中餐厅,108.86016482414364,34.32431366907846,未央区,108.864772,34.322751
B0KU9HINQO,迎客隆猪脚饭,餐饮服务;中餐厅;中餐厅,108.83740346553165,34.3220950860318,未央区,108.842044,34.32057
B0KKHD1DLB,友怡味中式快餐,餐饮服务;快餐厅;快餐厅,108.83746850445408,34.3105935065443,未央区,108.842108,34.309063
B0K3CHEDR3,厂长冒粉·米线(建章路店),餐饮服务;餐饮相关场所;餐饮相关,108.83740111408953,34.31403281351551,未央区,108.842041,34.312504
B0JRMYGKSQ,杨记富平蒸饺(建章路店),餐饮服务;中餐厅;特色/地方风味餐厅,108.8370370490077,34.332052692460216,未央区,108.841679,34.330533
B0JBNDYKAL,湘美荟家常菜,餐饮服务;中餐厅;中餐厅,108.8509947556356,34.32254297551774,未央区,108.855614,34.320994
B0J3FCD4RL,湘秦快餐(孟家村店),餐饮服务;中餐厅;中餐厅,108.82536503584734,34.321756709541916,未央区,108.830026,34.320254
B0ID7CHV0X,兰州牛肉面,餐饮服务;中餐厅;清真菜馆,108.83027236469627,34.33499964221886,未央区,108.834926,34.333494
B0I6T7QU4T,凤鸣岐山面,餐饮服务;餐饮相关场所;餐饮相关,108.83738542805979,34.30982969959158,未央区,108.842025,34.308299
B0I1LMHWKE,老碗记西府削筋面,餐饮服务;中餐厅;中餐厅,108.83742139675596,34.31095625477118,未央区,108.842061,34.309426
B0HGOYU1IA,重庆小面,餐饮服务;中餐厅;中餐厅,108.83745442564825,34.311278169399614,未央区,108.842094,34.309748
B0H61ZNXUQ,汉城服务区餐厅,餐饮服务;中餐厅;清真菜馆,108.86002550460773,34.35099747985613,未央区,108.864635,34.349448
B0H045D5U7,杨凌蘸水面饺子刀削面(丰业大道店),餐饮服务;快餐厅;快餐厅,108.83278766271467,34.322528293393475,未央区,108.837436,34.321012
B0GKHC0MTR,老地方川味,餐饮服务;中餐厅;中餐厅,108.83738406088926,34.314339641405304,未央区,108.842024,34.312811
B0GKB5I0QS,严家院子民间菜,餐饮服务;中餐厅;中餐厅,108.83829758175678,34.314277354119255,未央区,108.842936,34.312747
B0FFL5JL0N,汉中热米皮潼关肉夹馍(二府营),餐饮服务;中餐厅;中餐厅,108.82416089541863,34.33506112734722,未央区,108.828825,34.333567
B0FFKSEWXS,重庆特色砂锅云南过桥米线(草滩八路农贸市场店),餐饮服务;快餐厅;快餐厅,108.86069025243252,34.36400881301195,未央区,108.8653,34.362465
B0FFKO3RUT,淳化饸饹(丰业大道店),餐饮服务;中餐厅;中餐厅,108.82463477349596,34.32191326568316,未央区,108.829297,34.320412
B0FFJHHC7N,锋帆水饺,餐饮服务;餐饮相关场所;餐饮相关,108.8239806563213,34.33421219934474,未央区,108.828645,34.332718
B0FFJ3Y89F,葛家肉夹馍,餐饮服务;中餐厅;中餐厅,108.83718909304686,34.322287599888085,未央区,108.84183,34.320763
B0FFIB1VRF,老明湘秦快餐,餐饮服务;快餐厅;快餐厅,108.82381038514404,34.333968997537866,未央区,108.828475,34.332475
B0FFGO0C3T,郑灵微四川炒菜馆,餐饮服务;中餐厅;四川菜(川菜),108.82419998790036,34.33474535318156,未央区,108.828864,34.333251
B0FFGA5RW7,李记肉丸胡辣汤牛肉饼粽子店,餐饮服务;中餐厅;清真菜馆,108.83743139810667,34.31114518735414,未央区,108.842071,34.309615
B0FFG9USHT,闫记肉夹馍,餐饮服务;中餐厅;中餐厅,108.8484470048792,34.33488877860005,未央区,108.853071,34.33335
B0FFFA9216,魏记凉皮(建章路店),餐饮服务;中餐厅;中餐厅,108.83734734730723,34.33475296641951,未央区,108.841989,34.333234
B001D08ZIS,汉中凉皮(石化大道店),餐饮服务;中餐厅;中餐厅,108.86024202727114,34.32294642539498,未央区,108.864849,34.321383
B0HRORQDEJ,易和初饺子馆(建章商业中心店),餐饮服务;中餐厅;中餐厅,108.8383551901918,34.33264983732394,未央区,108.842995,34.331128
B001D14QMH,饸饹王面庄,餐饮服务;中餐厅;中餐厅,108.86049147035465,34.32115962945996,未央区,108.865098,34.319595
B0MDJ1L1ZS,祥盛和,餐饮服务;中餐厅;中餐厅,108.86254131783463,34.34024747332895,未央区,108.867147,34.338689
B0M6HM8YW4,宁夏余老四饭店,餐饮服务;中餐厅;清真菜馆,108.83739450591173,34.30905406748946,未央区,108.842034,34.307523
B0KDZ7P6ZH,秦九门手工面,餐饮服务;中餐厅;中餐厅,108.85649604901182,34.36343973737008,未央区,108.861111,34.361902
B0K1HUTN73,阿南腊汁肉(建章路店),餐饮服务;中餐厅;中餐厅,108.83738401211798,34.31494136523399,未央区,108.842024,34.313413
B0K0C9C1WC,淳化饸饹菠菜面,餐饮服务;中餐厅;中餐厅,108.8442816832055,34.33379901770545,未央区,108.848912,34.332267
B0JUFMMDY0,汉宫九十九号酒家,餐饮服务;中餐厅;中餐厅,108.86111947823669,34.31789206858354,未央区,108.865725,34.316325
B0J0ZODUH0,皂河湾大食堂,餐饮服务;中餐厅;中餐厅,108.83887804546889,34.332751749059426,未央区,108.843517,34.331229
B0LUVZDD4I,孟清泽·蒲城水盆羊肉(建章路店),餐饮服务;中餐厅;中餐厅,108.83753273293426,34.32144762725959,未央区,108.842173,34.319922
B0LGCZSZNM,陕北羊肉面,餐饮服务;中餐厅;中餐厅,108.85559815699357,34.32260146148303,未央区,108.860211,34.321045
B0KR5CV8LK,家和厨房餐厅快餐店,餐饮服务;快餐厅;快餐厅,108.84904507119303,34.36986215348307,未央区,108.853671,34.36834
B0JRPCOOZT,囍事臊子面,餐饮服务;中餐厅;中餐厅,108.83704408088694,34.33180382479633,未央区,108.841686,34.330284
B0IUFDWX2X,聚宾楼泡馍(清真),餐饮服务;中餐厅;清真菜馆,108.83664011265066,34.335432329825075,未央区,108.841283,34.333915
B0IU9DUCR9,好邻居菜馆(建章路店),餐饮服务;中餐厅;中餐厅,108.83738841604894,34.310039609962196,未央区,108.842028,34.308509
B0IDLOUPOO,好味道小马扎串串(邓六路店),餐饮服务;餐饮相关场所;餐饮相关,108.85992167348988,34.32253514261937,未央区,108.864529,34.320972
B0IDDRN26S,宁夏特色炒肉片羊羔肉,餐饮服务;中餐厅;中餐厅,108.85417923942754,34.32258219912031,未央区,108.858794,34.321028
B0I2PM7I1Q,正宗河南烩面,餐饮服务;中餐厅;中餐厅,108.84213314708913,34.322871362088264,未央区,108.846766,34.321338
B0G14XFPPT,爱尚美食城(创新花园商业街区店),餐饮服务;中餐厅;中餐厅,108.85624964806973,34.364394854929216,未央区,108.860865,34.362858
B0G0V1N8AP,千邓鄧重庆小面,餐饮服务;中餐厅;中餐厅,108.85640489083693,34.363917346707154,未央区,108.86102,34.36238
B0FFL710I8,重庆辣妹子川菜(石化大道店),餐饮服务;中餐厅;四川菜(川菜),108.85539990368773,34.32245621463897,未央区,108.860013,34.3209
B0FFGX8N0L,方园肉夹馍米线店(长庆市场店),餐饮服务;中餐厅;中餐厅,108.83771724769777,34.33122934332892,未央区,108.842358,34.329708
B0IAJZU4CB,杨鲜生麻辣烫(创新花园店),餐饮服务;快餐厅;快餐厅,108.85610144293241,34.36451356001288,未央区,108.860717,34.362977
B0FFKT1WS2,金马刀削面(建章路店),餐饮服务;中餐厅;中餐厅,108.83779028455974,34.33227197831303,未央区,108.842431,34.330751
B0FFHN2OQ1,坊上老杨家泡馍烧烤(优选购物广场店),餐饮服务;中餐厅;清真菜馆,108.8565040721991,34.3632828312699,未央区,108.861119,34.361745
B0LG0C3A3Q,秦晋油泼面盖浇饭,餐饮服务;中餐厅;中餐厅,108.83747122738717,34.31407392415692,未央区,108.842111,34.312545
B0KB7CN971,主麻宁夏特色炒肉片(沣东新城店),餐饮服务;中餐厅;清真菜馆,108.82322533506317,34.33459859836093,未央区,108.827891,34.333106
B0K6RDAVVY,嘉佑鸡汤刀削面(中心小区店),餐饮服务;中餐厅;中餐厅,108.8653230151917,34.36907069910389,未央区,108.869928,34.367523
B0K2PZHJLG,东北铁锅炖(建章路店),餐饮服务;中餐厅;东北菜,108.83701390080779,34.33340599942815,未央区,108.841656,34.331887
