id,name,type,lng,lat,district,lng_gcj02,lat_gcj02
B001D070OA,西安文理学院高新校区,科教文化服务;学校;高等院校,108.9014812054894,34.217332084840976,雁塔区,108.906064,34.215692
B001D0WNZA,西安市高新一中初级中学,科教文化服务;学校;中学,108.89589379416516,34.22916311402178,雁塔区,108.900475,34.227528
B001D0VXT1,西安高新第三中学,科教文化服务;学校;中学,108.86010965267045,34.20120004321643,雁塔区,108.864707,34.199588
B001D06FOG,西安高新第二学校,科教文化服务;学校;中学,108.8711946979331,34.21731226399415,雁塔区,108.875782,34.215691
B001D0YR6J,陕西大会堂,科教文化服务;会展中心;会展中心,108.86658048954298,34.20491383921266,雁塔区,108.871171,34.203294
B0FFLIH04K,高新区第四完全中学,科教文化服务;学校;中学,108.8500539071404,34.21674363519176,雁塔区,108.854666,34.215153
B0FFF902CQ,延长石油科研中心,科教文化服务;科研机构;科研机构,108.8870642943428,34.207288077882126,雁塔区,108.891643,34.205649
B001D04JWH,西安高新第一中学高中部,科教文化服务;学校;中学,108.88642477847723,34.22504641249224,雁塔区,108.891005,34.223414
B0FFHRR072,航空工业西安航空计算技术研究所,科教文化服务;科研机构;科研机构,108.86924158421957,34.185228790870546,雁塔区,108.873828,34.183599
B001D031DE,西安高新唐南中学,科教文化服务;学校;中学,108.90224884738444,34.228328125381175,雁塔区,108.906833,34.226692
B0GU2CF8XM,西安高新区第三初级中学(高新一中分校),科教文化服务;学校;中学,108.89448890428164,34.22006800900396,雁塔区,108.899069,34.21843
B0FFF64ZPI,西安高新第一小学,科教文化服务;学校;小学,108.88849616990332,34.223100343012305,雁塔区,108.893076,34.221466
B001D08M0A,西安新希望综合高中,科教文化服务;学校;职业技术学校|科教文化服务;学校;中学,108.90376586793884,34.22762229134992,雁塔区,108.908351,34.225986
B0I267IWWY,雁塔区图书馆,科教文化服务;图书馆;图书馆,108.89931906047352,34.18384830233206,雁塔区,108.903898,34.182197
B001D04E92,西安博迪学校,科教文化服务;学校;学校,108.85001399484908,34.22736475919078,雁塔区,108.854627,34.225778
B001D09PV1,西安高新逸翠园中学,科教文化服务;学校;中学,108.87881557804968,34.18271594864431,雁塔区,108.883395,34.181075
B0FFH4V14W,西安市高新第一学校,科教文化服务;学校;中学,108.85552404009836,34.22341023823665,雁塔区,108.860129,34.221813
B0FFFHJ3FX,陕西省交通规划设计研究院,科教文化服务;科研机构;科研机构,108.87191351319352,34.21440612439757,雁塔区,108.8765,34.212783
B001D13ZOV,西安公路研究院,科教文化服务;科研机构;科研机构,108.872065469701,34.21645457748505,雁塔区,108.876652,34.214832
B0IR5AY4C7,西安高新区第四学校,科教文化服务;学校;中学,108.86650661714404,34.214884282752564,雁塔区,108.871098,34.213268
B0FFLIXEO2,西安高新区第十初级中学,科教文化服务;学校;中学,108.85127018819966,34.21032592912719,雁塔区,108.85588,34.208731
B0HBOMJNMF,西安市雁塔区职业高级中学,科教文化服务;学校;职业技术学校,108.89237617302368,34.18400752237996,雁塔区,108.896953,34.182358
B0FFMEX3CG,西安高新区第十五小学,科教文化服务;学校;小学,108.84981123627595,34.22065983255771,雁塔区,108.854424,34.219071
B0FFI1YVUM,西安高新东区初级中学,科教文化服务;学校;中学,108.89902001368132,34.21122308122388,雁塔区,108.903601,34.209581
B001D09PBW,西安电力电子技术研究所(锦业二路),科教文化服务;科研机构;科研机构,108.87242822302692,34.18560444478361,雁塔区,108.877012,34.183971
B001D0VSZT,西安高新第四小学,科教文化服务;学校;小学,108.86551088208172,34.19897243686443,雁塔区,108.870102,34.197352
B0FFMCEIO9,西安高新第十六小学,科教文化服务;学校;小学,108.84990420563788,34.21029764012759,雁塔区,108.854516,34.208705
B001D0VYGA,西安高新第五小学,科教文化服务;学校;小学,108.860020428482,34.20265341725721,雁塔区,108.864618,34.201042
B001D0VRQ3,西安雁塔金泰假日花城小学,科教文化服务;学校;小学,108.89961950329108,34.20145949719564,雁塔区,108.9042,34.199814
B001D06FOF,西安高新第三小学,科教文化服务;学校;小学,108.89414008408488,34.21881034727173,雁塔区,108.89872,34.217172
B0FFLII2EG,西安高新钱学森第二小学,科教文化服务;学校;小学,108.88163961789606,34.22306365428673,雁塔区,108.886221,34.221434
B0FFI0H7PB,艾贝瑞国际亲子游泳西安高新校区,生活服务;婴儿服务场所;婴儿游泳馆|科教文化服务;培训机构;培训机构|购物服务;购物相关场所;购物相关场所,108.86890542296476,34.19594084634497,雁塔区,108.873493,34.194315
B0FFINOJAR,西安市雁塔区第十小学,科教文化服务;学校;小学,108.89081147700966,34.19446142373675,雁塔区,108.895389,34.192816
B0FFGAOX17,西安外事学院南校区西区,科教文化服务;学校;高等院校,108.85843535365792,34.22910970114026,雁塔区,108.863037,34.22751
B0FFMBF78M,西安高新区第十三小学(润格分校),科教文化服务;学校;小学,108.8618257575214,34.22512817562962,雁塔区,108.866423,34.223522
B0G36MMPYB,西安市高新区第十二初级中学,科教文化服务;学校;中学,108.84645476779936,34.22589316589938,雁塔区,108.851073,34.224312
B0LASH4AZ1,中国电科三十九研究所,科教文化服务;科教文化场所;科教文化场所,108.8693074769958,34.18730719552426,雁塔区,108.873894,34.185678
B0GRDSFZEL,西安高新区第十七小学,科教文化服务;学校;小学,108.86038715683438,34.211540900194905,雁塔区,108.864985,34.209932
B0FFHFLW81,赫斯医药研发基地,科教文化服务;科研机构;科研机构,108.85812391944822,34.19224005009721,雁塔区,108.862723,34.190628
B001D0WRPT,陕西省青少年体育运动学校,科教文化服务;学校;职业技术学校,108.87483321226895,34.20762170862512,雁塔区,108.879417,34.205993
B0G2JLID9C,西安高新区第三十二小学,科教文化服务;学校;小学,108.8915907491376,34.20288493342557,雁塔区,108.896169,34.201242
B0FFILIBUC,西安高新东区小学,科教文化服务;学校;小学,108.89901904430316,34.21084621228658,雁塔区,108.9036,34.209204
B0I6A73DCR,阿虎教育,科教文化服务;培训机构;培训机构,108.88278910933688,34.197093585034914,雁塔区,108.887368,34.195454
B0FFH96K4U,学而思(泰华金贸国际店),科教文化服务;培训机构;培训机构,108.88224059156776,34.226187010093554,雁塔区,108.886822,34.224558
B0FFK73BW0,西安计量技术研究院科技园检测中心,科教文化服务;科研机构;科研机构,108.85407079165694,34.20200939175459,雁塔区,108.858676,34.200407
B0L6GUFMEO,西安创新高考培训学校,科教文化服务;科教文化场所;科教文化场所,108.87088107774822,34.221803294741086,雁塔区,108.875469,34.220184
B0K1PZC92C,博龙大观艺术中心,科教文化服务;科教文化场所;科教文化场所,108.89758954940996,34.2122755073714,雁塔区,108.90217,34.210634
B001D091NS,西安市第十四中学(旧校区),科教文化服务;学校;中学,108.86784366173012,34.21808788289942,雁塔区,108.872434,34.216471
B0MGUGAL7V,雁塔区西电商贸楼教学点,科教文化服务;培训机构;培训机构,108.90059694986265,34.226902628912896,雁塔区,108.90518,34.225266
B0LUA7NTP4,贝壳高新签约中心(保利双水磨店),科教文化服务;科研机构;科研机构,108.86934519550944,34.21622342471305,雁塔区,108.873934,34.214604
B0FFFO60QF,新通药物,公司企业;公司;医药公司|科教文化服务;科研机构;科研机构,108.85705811402032,34.197765564541456,雁塔区,108.861659,34.196157
B0G02R58AO,西安高新第六小学第一分校,科教文化服务;学校;小学,108.8586944285059,34.182345149536545,雁塔区,108.863292,34.180729
B0FFM69G5I,西安高新第三小学第一分校,科教文化服务;学校;小学,108.89531584484492,34.21815592854662,雁塔区,108.899896,34.216517
B0LRFR8GN8,天童教育素质成长中心(华鼎分校),科教文化服务;培训机构;培训机构,108.8755171820808,34.213684315095385,雁塔区,108.880101,34.212057
B0LKMU6AU3,黑马程序员(西安校区),科教文化服务;学校;职业技术学校,108.87358956494784,34.21724900632728,雁塔区,108.878175,34.215625
B0MB5BK5NN,陕西宾馆会议中心,科教文化服务;传媒机构;传媒机构,108.86658147322402,34.20512976656833,雁塔区,108.871172,34.20351
B0FFJXRGRK,陕西人民教育出版社,科教文化服务;传媒机构;出版社,108.85693652143635,34.19072171801798,雁塔区,108.861537,34.189111
B0HGX6UFG2,跳动全城舞蹈(高新益田假日里店),体育休闲服务;运动场馆;综合体育馆|科教文化服务;培训机构;培训机构,108.87706250605969,34.19659572435543,雁塔区,108.881644,34.194961
B001D08AWU,中交第一公路勘察设计研究院有限公司,科教文化服务;科研机构;科研机构,108.8857614460581,34.227713015852274,雁塔区,108.890342,34.226082
B0JDZDJ2S4,厘米艺术馆,科教文化服务;美术馆;美术馆,108.8846650368752,34.20480735649565,雁塔区,108.889244,34.203169
B0IAG7DSC5,西安高新区佑泽职业技能培训学校,科教文化服务;培训机构;培训机构,108.84950577423092,34.1834639535287,雁塔区,108.854116,34.181863
B0KU97IGHP,文卓教育科技,科教文化服务;培训机构;培训机构,108.86087595788652,34.22127118303131,雁塔区,108.865474,34.219665
B0LAJCIM1X,圣得兰东尼美发化妆培训学校,科教文化服务;培训机构;培训机构,108.9053816304489,34.21511755875161,雁塔区,108.909967,34.213477
B0G3H75K8U,西安高新第五小学第一分校,科教文化服务;学校;小学,108.84619840447624,34.20063856091714,雁塔区,108.850815,34.199049
B0G3CZ6CAO,西安市高新区第三十四小学,科教文化服务;学校;小学,108.87653837095048,34.21936134664027,雁塔区,108.881122,34.217735
B0FFGCGSKH,国网陕西经研院,科教文化服务;科研机构;科研机构,108.88259670887264,34.21378771207392,雁塔区,108.887177,34.212154
B0FFKT1503,小荷作文(高新校区),科教文化服务;培训机构;培训机构,108.8930800525133,34.22173393978672,雁塔区,108.89766,34.220097
B0GR573HHR,Dm舞蹈工作室(逸翠园i都会店),科教文化服务;培训机构;培训机构,108.88163360483968,34.185695428994485,雁塔区,108.886212,34.184053
B0IG1RF68M,艺术范舞蹈·艺考校区(旗舰店),科教文化服务;培训机构;培训机构,108.8755081753335,34.21369530194001,雁塔区,108.880092,34.212068
B0L1YZE206,学而思·未来魔法校-高新星光耀广场店,科教文化服务;培训机构;培训机构,108.86423723247206,34.20282240091257,雁塔区,108.86883,34.201205
B0J1BUPLQB,星期舞街舞(领先时代广场店),科教文化服务;培训机构;培训机构,108.88854368531236,34.21669765187965,雁塔区,108.893123,34.215061
B0LR5RBC3Z,陕西拾光造梦文化传媒有限责任公司,科教文化服务;传媒机构;传媒机构,108.9005882377219,34.198385600193006,雁塔区,108.905169,34.196739
B0H1OXYBK6,国家能源集团国神公司教育培训中心,科教文化服务;培训机构;培训机构,108.8537112470074,34.190169766233545,雁塔区,108.858316,34.188564
B0L2MUYUBS,新航道雅思·托福·留学·国际备考(高新校区),科教文化服务;培训机构;培训机构,108.86589863041333,34.19458942307133,雁塔区,108.870489,34.192967
B0FFM5UZV7,USBA美国篮球学院(锦业分校),科教文化服务;培训机构;培训机构,108.85380380813152,34.19723057169912,雁塔区,108.858409,34.195627
B0LA55KC79,新东方国际教育·雅思托福(高新锦业路校区)​,科教文化服务;培训机构;培训机构,108.87048889291208,34.19500309140002,雁塔区,108.875075,34.193375
B0FFG3EQYA,西安博迪小学,科教文化服务;学校;小学,108.85001199215496,34.22736175689262,雁塔区,108.854625,34.225775
B0KK9ZHE2P,诺亚国际英语(金贸校区),科教文化服务;培训机构;培训机构,108.88228064455,34.22570421681629,雁塔区,108.886862,34.224075
B0M69S9QU4,王知之·包间·自习室(西安都市之门店),科教文化服务;培训机构;培训机构,108.8806334678183,34.19480659617354,雁塔区,108.885213,34.193168
B0FFJSIU04,上初壹始舞蹈艺术中心,科教文化服务;培训机构;培训机构,108.88229767030708,34.21296476528558,雁塔区,108.886878,34.211331
B0FFK22OSI,蓓家乐儿童游泳成长中心,科教文化服务;培训机构;培训机构,108.87588393414876,34.182235260484724,雁塔区,108.880465,34.180597
B0LAKAEDWO,西安架子鼓时代节拍高新校区,科教文化服务;培训机构;培训机构,108.88818774768112,34.21560683843471,雁塔区,108.892767,34.21397
B0L0V9JQEC,西安文理学院-行知楼,科教文化服务;学校;学校,108.89830100271703,34.21542051821198,雁塔区,108.902882,34.21378
B001D0VT9W,西安电子科技大学科技成果转化中心,科教文化服务;科研机构;科研机构,108.88093431438328,34.21082139943293,雁塔区,108.885515,34.209188
B0K6JMXV64,易仕程教育科技集团有限公司,科教文化服务;培训机构;培训机构,108.88066812079956,34.19933210898929,雁塔区,108.885248,34.197695
B0I2PZD7HI,陕西友谊医学检验实验室,科教文化服务;科研机构;科研机构,108.9038752446086,34.209444738374174,雁塔区,108.908459,34.207802
B0M6RD06DK,秦英足球俱乐部(丈八校区),科教文化服务;培训机构;培训机构,108.87932099165153,34.205712758639486,雁塔区,108.883902,34.204079
B0JDASUU18,高途素养(国宾校区),科教文化服务;培训机构;培训机构,108.86840378690648,34.21061021879989,雁塔区,108.872993,34.20899
B0M6OLMF22,奥德龙乒乓球运动中心,科教文化服务;培训机构;培训机构,108.8830956160662,34.204512308657115,雁塔区,108.887675,34.202875
B0LRR5KN1D,学而思·未来魔法校-高新誉安中心店,科教文化服务;培训机构;培训机构,108.87092376139007,34.21371421232705,雁塔区,108.875511,34.212092
B0FFLPVU6N,西安文理学院高新校区笃行楼,科教文化服务;科教文化场所;科教文化场所,108.90116463386056,34.214326140427886,雁塔区,108.905747,34.212685
B0GRG7PFFI,高新尚恩·丈北园,科教文化服务;培训机构;培训机构,108.85196305790396,34.199381828070216,雁塔区,108.856571,34.197782
B0IAY7YDWV,科学指南针西安分部,科教文化服务;科教文化场所;科教文化场所,108.90217998615618,34.227146557431645,雁塔区,108.906764,34.22551
B0FFL7NH6Z,西安国际学校,科教文化服务;学校;中学,108.84966145295716,34.22766105351575,雁塔区,108.854275,34.226075
B0FFL91C4F,勤墨育苑,科教文化服务;培训机构;培训机构,108.8898041508108,34.22385675872622,雁塔区,108.894384,34.222222
B0FFH6LBCY,西安市质量与标准化研究院,科教文化服务;科研机构;科研机构,108.87792874386992,34.21227020098888,雁塔区,108.882511,34.21064
B0IG0A658E,陕西省青少年宫艺术团(电子城校区),科教文化服务;科教文化场所;科教文化场所,108.90419972644736,34.212924492447485,雁塔区,108.908784,34.211283
B0KR97HP8I,西安市雁塔区第三学校(建设中),科教文化服务;学校;学校,108.89899526284344,34.19575735303564,雁塔区,108.903575,34.19411
B001D09EJ1,西安绿地笔克国际会展中心(暂停营业),科教文化服务;会展中心;会展中心,108.88193306528896,34.193864986894795,雁塔区,108.886512,34.192225
B0I267JJ7E,雁塔区文化馆,科教文化服务;文化宫;文化宫,108.89932605003814,34.18393627457704,雁塔区,108.903905,34.182285
B0FFKQ6VC2,芭蕾说芭蕾艺术文化中心(高新校区),科教文化服务;培训机构;培训机构|购物服务;购物相关场所;购物相关场所,108.8828489109778,34.22481698188477,雁塔区,108.88743,34.223187
B0FFKF2H5O,伯乐教育中高考,科教文化服务;培训机构;培训机构,108.8960940678808,34.22496169002502,雁塔区,108.900675,34.223325
B0L29NQR8X,太白南路教学点,科教文化服务;学校;小学,108.8959185591064,34.20701897758399,雁塔区,108.900498,34.205376
B0IDDDBATE,西安计量技术研究院(南院检测中心),科教文化服务;科研机构;科研机构,108.87794274075416,34.212405167138634,雁塔区,108.882525,34.210775
B001D105AG,陕西体育博物馆,科教文化服务;博物馆;博物馆,108.8830647071632,34.203249716109,雁塔区,108.887644,34.201612
B0KBBHOI3C,华童图书馆(科技三路店),科教文化服务;图书馆;图书馆,108.8693095624014,34.22372670536521,雁塔区,108.873899,34.22211
B0M6RDZCP6,启航考研集训基地(西安校区),科教文化服务;培训机构;培训机构,108.85833930399735,34.190828845140096,雁塔区,108.862938,34.189216
B0FFFEU8FZ,文卓教育(丈八分校),科教文化服务;培训机构;培训机构,108.86233834333268,34.200196627666635,雁塔区,108.866933,34.198581
B0LG3M2OQE,荣晶国际艺术体操俱乐部(高新旗舰校区),科教文化服务;培训机构;培训机构,108.86331858736926,34.18589575597777,雁塔区,108.867911,34.184274
B0FFJHFGGX,百林格成长中心(高新校区),科教文化服务;培训机构;培训机构,108.89466104041044,34.217850849636754,雁塔区,108.899241,34.216212
B0FFHLP7BV,中共陕西省委组织部党员教育中心,科教文化服务;培训机构;培训机构,108.88056121053953,34.210133321894254,雁塔区,108.885142,34.2085
B0HD05ZLNM,易事特集团西安研发中心,科教文化服务;科研机构;科研机构,108.85761108007873,34.19458248489024,雁塔区,108.862211,34.192972
B0FFKMF73G,小确幸吉他(高新校区),科教文化服务;培训机构;培训机构,108.8970844773023,34.22808177338495,雁塔区,108.901666,34.226446
B0FFLIL9HJ,陕西新西商工程科技有限公司(办公区),公司企业;公司;建筑公司|科教文化服务;科研机构;科研机构,108.85393042850274,34.204132441409115,雁塔区,108.858536,34.202531
B0L3A5VJ18,知能象限(逸翠园校区),科教文化服务;培训机构;培训机构,108.88074597657337,34.189046595806104,雁塔区,108.885325,34.187406
B0KGMUM5U4,绘画狮,科教文化服务;培训机构;培训机构,108.86328618209012,34.202991021259905,雁塔区,108.86788,34.201375
B0FFFDDQRX,西安文理学院高新校区图书馆,科教文化服务;图书馆;图书馆,108.89970223374686,34.21679919223685,雁塔区,108.904284,34.215159
B0L0J5FU1K,西安市雁塔区第十一小学(建设中),科教文化服务;学校;小学,108.88834008080391,34.18657576289808,雁塔区,108.892917,34.184929
B0LA4R5ZNL,西安翻译学院译创大学园区,科教文化服务;培训机构;培训机构,108.86710226457348,34.22661386928302,雁塔区,108.871694,34.225001
B0FFKT2ZVM,FRIDAY DANCE舞蹈俱乐部,科教文化服务;培训机构;培训机构,108.90263174676151,34.213981244717246,雁塔区,108.907215,34.21234
B0KUD58UJ4,新东方国际教育·雅思托福(高新万科汇智校区),科教文化服务;培训机构;培训机构,108.88117272620504,34.18189127917144,雁塔区,108.885751,34.180248
B0I2M5BY0X,网易有道精品课(西安中心),科教文化服务;培训机构;培训机构,108.88296866231128,34.2159212494552,雁塔区,108.887549,34.214288
B0KAOLXAB8,极武武术 散打 体适能(高新新天地店),科教文化服务;培训机构;培训机构,108.8778258568426,34.222641430010604,雁塔区,108.882409,34.221015
B0FFH2ZCF5,陕西电器研究所,科教文化服务;科教文化场所;科教文化场所,108.87558809210223,34.21538379113376,雁塔区,108.880172,34.213757
B0JR7ZCL0T,悦一彤形体舞蹈(高新益田店),科教文化服务;培训机构;培训机构,108.87713958526858,34.19616894255289,雁塔区,108.881721,34.194534
B0FFGE9M4K,西安市大唐青铜镜博物馆,科教文化服务;博物馆;博物馆,108.8759567954072,34.184548587432694,雁塔区,108.880538,34.182911
B0HU1CCE1J,赵汝飞练字(高新国际学校校区),科教文化服务;培训机构;培训机构,108.87658025601516,34.18362051580666,雁塔区,108.881161,34.181982
B0FFM3968A,缤纷鸟美术书法(缤纷南郡校区),科教文化服务;培训机构;培训机构,108.86415613473936,34.202953244565535,雁塔区,108.868749,34.201336
B0G3GLSPPR,布拉诺艺术中心,科教文化服务;培训机构;培训机构,108.87079971986408,34.21293633783422,雁塔区,108.875387,34.211314
B0FFFFGPF9,陕西宾馆大礼堂,科教文化服务;会展中心;会展中心,108.87056419115068,34.204568951814856,雁塔区,108.875151,34.202944
B0IB7Z3TAN,陕西网新传媒有限公司,科教文化服务;传媒机构;出版社,108.88076831397488,34.20995256103682,雁塔区,108.885349,34.208319
B001D0VRTR,西安软件服务外包学院,科教文化服务;学校;高等院校,108.87470926394684,34.193422381140536,雁塔区,108.879292,34.191789
B001D0WLIJ,高新锦业美术馆,科教文化服务;美术馆;美术馆,108.85257627441892,34.19503529856382,雁塔区,108.857183,34.193433
B0L6OM32KV,尚研考研·考公(高新校区),科教文化服务;培训机构;培训机构,108.90475071043168,34.220368792767154,雁塔区,108.909336,34.21873
B0HDC7JX9B,简·稚园托育中心(唐延九珺园),科教文化服务;培训机构;培训机构,108.88886793395169,34.20130615624419,雁塔区,108.893446,34.199664
B0JUMKSG62,长安剑客击剑训练中心,科教文化服务;培训机构;培训机构,108.88469602402404,34.20506329061456,雁塔区,108.889275,34.203425
B0LRB7NPIR,SDC舞蹈艺术中心,科教文化服务;培训机构;培训机构,108.8984643679728,34.20996444889236,雁塔区,108.903045,34.208322
B0L0OBI8ZY,雁塔区绿城长安玉华人文美学生活馆,科教文化服务;培训机构;培训机构,108.85727348828884,34.20903005863959,雁塔区,108.861875,34.207425
B0JA9MGZGK,西安市雁塔区雁祥学校,科教文化服务;学校;学校,108.90343149667144,34.2102724904915,雁塔区,108.908015,34.20863
B0MBFU765J,金博教育(逸翠园校区),科教文化服务;培训机构;培训机构,108.88109668100644,34.18206815878014,雁塔区,108.885675,34.180425
B0HA29REFS,西安外事学院-10号教学楼,科教文化服务;学校;学校,108.85957484365544,34.22812678050149,雁塔区,108.864175,34.226525
B0L0VUIDEW,学天教育(西安总校),科教文化服务;培训机构;培训机构,108.88222968608,34.212463886510136,雁塔区,108.88681,34.21083
B0K0HALAMH,学比邻英语(高新校区),科教文化服务;培训机构;培训机构,108.89602405938686,34.22534453473594,雁塔区,108.900605,34.223708
B0LDVC58NM,西安门道教育指导中心,科教文化服务;培训机构;培训机构,108.90207112903796,34.226226893735046,雁塔区,108.906655,34.22459
B0KD4HK4KB,桑尼佳恩国际教育(逸翠园校区),科教文化服务;培训机构;培训机构,108.87372033841378,34.18378047528106,雁塔区,108.878303,34.182145
B0K0SHZKU1,赶考小状元AI智习室西安总店(背单词速记提分辅导班托管补习班),科教文化服务;培训机构;培训机构,108.8625118098068,34.22177736419235,雁塔区,108.867108,34.220169
B0LG2MIVAQ,Muscle Deer训鹿日记健身工作室(高新万达店),科教文化服务;培训机构;培训机构,108.8875960922086,34.21061324532881,雁塔区,108.892175,34.208975
B0G1SCAXIY,煤炭科学研究总院西安研究院,科教文化服务;科研机构;科研机构,108.85008890868124,34.19246499941996,雁塔区,108.854699,34.190866
B0FFK8GJEY,中国电科第二十研究所环境试验室,科教文化服务;科教文化场所;科教文化场所,108.87062353223766,34.18844141976944,雁塔区,108.875209,34.186811
B0J1BHMA0O,小丫智慧养老(高新旗舰店),体育休闲服务;度假疗养场所;疗养院|科教文化服务;科教文化场所;科教文化场所,108.8970895994154,34.214042795709574,雁塔区,108.90167,34.212402
B0IBS7VCWR,微信直播基地,科教文化服务;传媒机构;传媒机构,108.88505463539605,34.198480773848935,雁塔区,108.889633,34.19684
B0G064MS82,陕西省小天鹅艺术团(高新分校),科教文化服务;科教文化场所;科教文化场所,108.88190959348258,34.22464930182982,雁塔区,108.886491,34.22302
B0LRS75SYH,陕西省青少年宫艺术团(国宾校区),科教文化服务;文艺团体;文艺团体,108.86652488928654,34.211715416408374,雁塔区,108.871116,34.210098
B0KR56N3DM,西安妙言网络科技有限公司,公司企业;公司;公司|科教文化服务;培训机构;培训机构,108.8667436821034,34.19204238329201,雁塔区,108.871333,34.190418
B0MGMUA4QU,西安水墨崇文高新校区,科教文化服务;培训机构;培训机构,108.9043970550834,34.2069675366694,雁塔区,108.908981,34.205324
B0FFFP298F,西安摩尔石油工程实验室,科教文化服务;科研机构;科研机构,108.88080418360076,34.19927224471145,雁塔区,108.885384,34.197635
B0LBMH0REJ,VIP街舞(立丰城店),科教文化服务;培训机构;培训机构,108.8992559412124,34.198225554433485,雁塔区,108.903836,34.196579
B0MAH1N6YS,亚朵竹居流动图书馆(西安高新丈八六路地铁站),科教文化服务;图书馆;图书馆,108.85422610607304,34.200742072418095,雁塔区,108.858831,34.199139
B0K2AAYCPQ,说文解字书法,科教文化服务;培训机构;培训机构,108.8691506307559,34.221091455046654,雁塔区,108.87374,34.219474
B0I0GS787Y,人人练字(太阳城校区),科教文化服务;培训机构;培训机构,108.90375293799406,34.20189334059914,雁塔区,108.908336,34.200248
B0I25REJCK,西安市雁塔区青少年校外活动中心,科教文化服务;文化宫;文化宫,108.90346047484452,34.21028948228723,雁塔区,108.908044,34.208647
B0KDPR5YQT,天之骄子轮滑运动成长中心(红星美凯龙店),科教文化服务;培训机构;培训机构,108.88103168613608,34.18166923271824,雁塔区,108.88561,34.180026
B0LUDA8P8E,西安市雁塔区第七幼儿园(南门),科教文化服务;学校;学校,108.89307533271077,34.19324176276808,雁塔区,108.897653,34.191595
B0HG6ZDNGC,西安高新第七小学,科教文化服务;学校;小学,108.86573010422396,34.211493440550605,雁塔区,108.870322,34.209877
B0HAZM65YB,云顶动漫职业技能培训学校,科教文化服务;培训机构;培训机构,108.90287988438644,34.21018855640829,雁塔区,108.907463,34.208546
B0JGN5VGB3,西安外事学院南校区医学院,科教文化服务;学校;高等院校,108.85810504012817,34.22783266266114,雁塔区,108.862707,34.226233
B0LRFH7IYE,西安文理学院-西安廉政研究中心,科教文化服务;科研机构;科研机构,108.90019313332506,34.21486591008838,雁塔区,108.904775,34.213225
B0HRKD9M37,MIX舞蹈·爵士舞街舞(高新店),科教文化服务;培训机构;培训机构,108.8884843106898,34.22133197088313,雁塔区,108.893064,34.219697
B0FFH1KB62,西安高新逸翠园学校-逸馨楼,科教文化服务;学校;学校,108.87969294634746,34.18350648547421,雁塔区,108.884272,34.181865
B0FFHWUITS,陕西宾馆18号楼-多功能厅,科教文化服务;会展中心;会展中心,108.86793075495184,34.205472393545605,雁塔区,108.87252,34.203851
B001D06FOH,西安高新第一幼儿园(南区),科教文化服务;学校;幼儿园,108.8989318400949,34.2263966768442,雁塔区,108.903514,34.22476
B0GR2KALGP,缤纷鸟美术书法(方圆荟校区),科教文化服务;培训机构;培训机构,108.86739044119176,34.227900773916474,雁塔区,108.871982,34.226288
B0K0RSA1DD,博龙典藏(建邦华庭店),科教文化服务;科教文化场所;科教文化场所,108.89756955707634,34.212278502811934,雁塔区,108.90215,34.210637
B0FFFDDQS1,西安文理学院高新校区大礼堂,科教文化服务;科教文化场所;科教文化场所,108.89891081577326,34.214333980630045,雁塔区,108.903492,34.212693
B0KK5AD33Z,陕西省社区青少年宫(高新校区),科教文化服务;科教文化场所;科教文化场所,108.86794792659298,34.22849227228508,雁塔区,108.872539,34.226879
B0IUJSGLJO,微光共享自习室(文理学院店),科教文化服务;培训机构;培训机构,108.90276993604556,34.21046746524326,雁塔区,108.907353,34.208825
B0FFL9FGVF,春田里艺术(高新校区),科教文化服务;培训机构;培训机构,108.86639355899564,34.22667592012763,雁塔区,108.870986,34.225064
B0LKV75IFN,劳斯生涯规划中心,科教文化服务;培训机构;培训机构,108.88117105679656,34.227751571488255,雁塔区,108.885753,34.226124
B0FFJ1BDKO,悠贝亲子图书馆(锦业路)(暂停营业),科教文化服务;科教文化场所;科教文化场所,108.8691336216527,34.196042095655386,雁塔区,108.873721,34.194416
B0J0GHZCD9,茗媛星曹诺空中舞蹈(科技三路店),科教文化服务;培训机构;培训机构,108.88027489058469,34.22504779117357,雁塔区,108.884857,34.22342
B0GU6ZAEN5,神华cfb研发中心,科教文化服务;科研机构;科研机构,108.85390352530185,34.19000313308017,雁塔区,108.858508,34.188397
B0FFHF57YC,陕西省小天鹅艺术团(中信大厦会议楼东),科教文化服务;文艺团体;文艺团体,108.88679270961036,34.201622848049105,雁塔区,108.891371,34.199982
B0GU1SY7F8,上海维安半导体有限公司(西安分公司),科教文化服务;科教文化场所;科教文化场所,108.8701019308314,34.22783918234873,雁塔区,108.874691,34.226223
B0KUKC5PM7,南木舞蹈,科教文化服务;传媒机构;传媒机构,108.87697849024214,34.18367089366869,雁塔区,108.881559,34.182032
B0FFGH0F13,西安市雁塔区教师进修学校,科教文化服务;学校;成人教育,108.90346646836456,34.2103174720835,雁塔区,108.90805,34.208675
B0LB1AXY0D,赵贺新书法(丈八四路校区),科教文化服务;培训机构;培训机构,108.86143303706102,34.20349720415546,雁塔区,108.866029,34.201884
B0LA1R3F54,小丫老年大学,科教文化服务;学校;成人教育,108.89717058104712,34.2138958630466,雁塔区,108.901751,34.212255
B0G39ZKZT4,云洛·善舞舞蹈(立丰城店),科教文化服务;培训机构;培训机构,108.8997945552231,34.199701106876304,雁塔区,108.904375,34.198055
B0HRJKLFP2,杨梅红艺术教育(西安高新一路教学中心),科教文化服务;培训机构;培训机构,108.8899622344638,34.22280321633222,雁塔区,108.894542,34.221168
B0LRA4YUZL,猩码学苑,科教文化服务;培训机构;培训机构,108.87929242574482,34.22510190344387,雁塔区,108.883875,34.223475
B0MAH1MI0U,亚朵竹居流动图书馆(西安高新科技三路软件园),科教文化服务;图书馆;图书馆,108.86415855084206,34.22274532495152,雁塔区,108.868753,34.221135
B001D0WTGN,陕西省体育科学研究所,科教文化服务;科研机构;科研机构,108.88108165727648,34.207298742582715,雁塔区,108.885662,34.205664
B0I135V3EN,国武真功夫(国宾店),科教文化服务;培训机构;培训机构,108.86772321961112,34.209694672874015,雁塔区,108.872313,34.208075
B0FFILME5E,西北工匠自动化培训中心,科教文化服务;培训机构;培训机构,108.88743949178676,34.2178995944852,雁塔区,108.892019,34.216264
B001D14WZR,会议中心,科教文化服务;会展中心;会展中心,108.88369137213884,34.19733618600722,雁塔区,108.88827,34.195696
B0LAVS5SZA,启亚领航教育咨询有限公司,科教文化服务;培训机构;培训机构,108.88170343426368,34.22566376803225,雁塔区,108.886285,34.224035
B0IA3GND2W,西安图书馆(木塔南苑分馆),科教文化服务;图书馆;图书馆,108.89330339191578,34.20452204572091,雁塔区,108.897882,34.202879
B0FFM1DTUD,优优美地成长中心,科教文化服务;培训机构;培训机构,108.84540456104293,34.19585177455722,雁塔区,108.850022,34.194262
B0FFGNQKVH,晨子艺术,科教文化服务;培训机构;培训机构,108.87044673553623,34.20901128299615,雁塔区,108.875034,34.207388
B0JGUSGT60,博望艺术体操俱乐部,科教文化服务;培训机构;培训机构,108.8831607718328,34.202823934235546,雁塔区,108.88774,34.201186
B0L2Z74J9Z,牛学教育雅思托福PTE·小语种培训(高新校区),科教文化服务;培训机构;培训机构,108.9008931994804,34.20921791475957,雁塔区,108.905475,34.207575
B0LDAR1X1X,少年说语言艺术中心,科教文化服务;培训机构;培训机构,108.87684440342696,34.18376273187546,雁塔区,108.881425,34.182124
B0JR4C9RQL,星雨时空舞蹈工作室,科教文化服务;培训机构;培训机构,108.87075495581072,34.20952047415878,雁塔区,108.875342,34.207897
B0LUK5UXMO,声音岛屿吉他工作室(立丰城LECITY店),科教文化服务;培训机构;培训机构,108.89952384544284,34.19778073010471,雁塔区,108.904104,34.196134
B0FFM6CNQH,中国画院陕西分院,科教文化服务;培训机构;培训机构,108.88269683794825,34.21260020575466,雁塔区,108.887277,34.210966
B0L2LXQHLL,陕西优星辰教育科技有限公司,科教文化服务;培训机构;培训机构,108.88059534287676,34.19616311093772,雁塔区,108.885175,34.194525
B001D14R5B,陕西省农村党员干部现代远程教育中心,科教文化服务;学校;成人教育,108.88038916182266,34.20980028973896,雁塔区,108.88497,34.208167
B0FFGWQ25Q,西安绿地笔克国际会展中心1号馆,科教文化服务;会展中心;会展中心,108.88309046472956,34.19387988881984,雁塔区,108.887669,34.192239
B0KBKLBAQE,星桥篮球培训(高新旗舰校区),科教文化服务;培训机构;培训机构,108.88353069277883,34.20523638863288,雁塔区,108.88811,34.203599
B0FFF3J2OT,西安高新唐南中学高中部,科教文化服务;学校;中学,108.90357793144793,34.228514982758185,雁塔区,108.908163,34.226879
B0MAH1MZKQ,亚朵竹居流动图书馆(西安高新锦业路),科教文化服务;图书馆;图书馆,108.86890073461136,34.19199415217534,雁塔区,108.873488,34.190367
B0K6YZ4E3X,人人练字·人人书苑(鸿基新城校区),科教文化服务;培训机构;培训机构,108.86141168914467,34.2199964195047,雁塔区,108.866009,34.218389
B0FFI73B3X,葡萄籽,科教文化服务;培训机构;培训机构,108.86264342412385,34.20349594199641,雁塔区,108.867238,34.201881
B0L6GZ8UPO,西安高新新华城市书房,科教文化服务;图书馆;图书馆,108.85317758602524,34.22654832208182,雁塔区,108.857786,34.224956
B0FFFGUVO4,巴洛克音乐学校(融侨校区),科教文化服务;培训机构;培训机构,108.90390064171984,34.204253522395895,雁塔区,108.908484,34.202609
B0FFG3ZIRF,吉的堡,科教文化服务;学校;幼儿园,108.87479292581588,34.19836281920157,雁塔区,108.879376,34.196731
B0LAF7X18D,胡贝儿形体礼仪女子学堂(高新校区),科教文化服务;培训机构;培训机构,108.87363539201856,34.194840752066625,雁塔区,108.878219,34.193209
B0K64CR8FZ,考试大师(西北运营示范中心),科教文化服务;培训机构;培训机构,108.86718334968036,34.22653800192002,雁塔区,108.871775,34.224925
B0MGGA3NFV,李建兵台球学院(西安分院),科教文化服务;科教文化场所;科教文化场所,108.8769154897248,34.220707240567684,雁塔区,108.881499,34.219081
B0H2YCYKK6,悠贝亲子图书馆(立丰城LECITY店),科教文化服务;图书馆;图书馆,108.89914496684682,34.19857142632876,雁塔区,108.903725,34.196925
B0G0KCUGEE,高新区学新幼儿园,科教文化服务;学校;幼儿园,108.895214745655,34.20724771484327,雁塔区,108.899794,34.205605
B001D0VQ1U,雁塔中育品格融侨幼儿园,科教文化服务;学校;幼儿园,108.90305138847816,34.20243421118086,雁塔区,108.907634,34.200789
B0L3OUYO66,Attitude Ballet芭蕾态度(迈瑞校区),科教文化服务;培训机构;培训机构,108.86418252444189,34.19844380709264,雁塔区,108.868775,34.196825
B0KRYCN3FO,时光教育(高新校区),科教文化服务;培训机构;培训机构,108.90207112951816,34.2262208959104,雁塔区,108.906655,34.224584
B001D03PEX,陕西历史博物馆,科教文化服务;博物馆;博物馆,108.95036711822216,34.22578376901014,雁塔区,108.955044,34.224199
B0FFF2Q3H0,陕西师范大学雁塔校区,科教文化服务;学校;高等院校,108.94792124145155,34.20638059839329,雁塔区,108.952589,34.204784
B001D031C6,西安美术学院雁塔校区,科教文化服务;学校;高等院校,108.92413845055454,34.21975492687459,雁塔区,108.928749,34.218127
B001D08M0D,西安石油大学雁塔校区,科教文化服务;学校;高等院校,108.92301485879705,34.21501570836019,雁塔区,108.927623,34.213385
B001D0WUEC,曲江国际会议中心,科教文化服务;会展中心;会展中心,108.95032671648848,34.195352435970904,雁塔区,108.955001,34.193757
B0FFG5C46K,西安交通大学雁塔校区,科教文化服务;学校;高等院校,108.9361337840042,34.21772942342221,雁塔区,108.94077,34.216116
B001D064XW,西北政法大学雁塔校区,科教文化服务;学校;高等院校,108.93885358077524,34.20921510365546,雁塔区,108.943496,34.207603
B0JUHANYG7,陕西省文化馆曲江馆区,科教文化服务;文化宫;文化宫,108.9629225476907,34.21267166363858,雁塔区,108.967641,34.211111
B001D023D2,陕西师范大学附属中学,科教文化服务;学校;中学,108.95540944588518,34.217166917421785,雁塔区,108.960102,34.21559
B001D064XO,西安外国语大学雁塔校区,科教文化服务;学校;高等院校,108.94526295947176,34.20858899954506,雁塔区,108.949923,34.206988
B001D0VWPK,陕西广播电视台,科教文化服务;传媒机构;电视台,108.9411981334542,34.211845237393995,雁塔区,108.945847,34.210238
B001D03H8J,长安大学雁塔校区,科教文化服务;学校;高等院校,108.95598767326936,34.22732996098187,雁塔区,108.960683,34.225758
B0KGPC2TAW,巧克巧蔻·巧克力博物馆(西安大唐不夜城馆),科教文化服务;科教文化场所;科教文化场所,108.95905915934804,34.21462236905145,雁塔区,108.963764,34.213053
B001D0939J,陕西自然博物馆,科教文化服务;博物馆;博物馆,108.9419472471528,34.19747684452288,雁塔区,108.946597,34.195866
B001D0VHLO,西安财经大学翠华西校区,科教文化服务;学校;高等院校,108.94963854348332,34.21163630411725,雁塔区,108.954312,34.210045
B0FFJ16LX0,陕西工商职业学院太白校区,科教文化服务;学校;高等院校,108.9095724147629,34.2193849647447,雁塔区,108.914162,34.217747
B001D08C13,西安邮电大学雁塔校区,科教文化服务;学校;高等院校,108.94433319967258,34.214081828222774,雁塔区,108.948991,34.212481
B001D0VW14,西安美术馆,科教文化服务;美术馆;美术馆,108.95866768943446,34.212595005903815,雁塔区,108.963371,34.211024
B001D06VR5,陕西省石油化工学校,科教文化服务;学校;职业技术学校,108.94650305176292,34.21184449361488,雁塔区,108.951167,34.210247
B001D040YL,长安大学小寨校区,科教文化服务;学校;高等院校,108.9447500423834,34.225907833276715,雁塔区,108.94941,34.224312
B001D04C2F,西安市第八十五中学,科教文化服务;学校;中学,108.95009824494832,34.22228858753627,雁塔区,108.954774,34.220702
B001D09I1S,西安石油大学明德校区,科教文化服务;学校;高等院校,108.92630982247522,34.201328042253,雁塔区,108.930923,34.199696
B001D04RFH,西安市育才中学,科教文化服务;学校;中学,108.94506993445488,34.228155415404544,雁塔区,108.949731,34.226561
B001D02A96,西北税务学校,科教文化服务;学校;学校,108.91162617382923,34.219296178102425,雁塔区,108.916218,34.217659
B001D0401M,中共陕西省委党校,科教文化服务;学校;学校,108.93105498126206,34.22593968559112,雁塔区,108.93568,34.224322
B0FFFPJSDU,西安通信学院,科教文化服务;学校;高等院校,108.9221656805562,34.19839922180483,雁塔区,108.926771,34.196762
B0FFGFQQ8B,西安文理学院太白校区,科教文化服务;学校;高等院校,108.90905967587511,34.2226799610816,雁塔区,108.913649,34.221043
B0FFJ092SM,陕西工商职业学院明德校区,科教文化服务;学校;高等院校|科教文化服务;学校;职业技术学校,108.93253961418571,34.20160822715381,雁塔区,108.937166,34.199984
B001D0VGOG,陕西学前师范学院雁塔校区,科教文化服务;学校;高等院校,108.94795037469612,34.228296778793826,雁塔区,108.95262,34.226708
B001D0VHAP,西安财经大学雁塔校区,科教文化服务;学校;高等院校,108.95512992176062,34.22280753469629,雁塔区,108.959822,34.221232
B0FFJOX9F5,西安电子科技大学附属中学,科教文化服务;学校;中学,108.9117452861781,34.22864775355213,雁塔区,108.916338,34.227014
B001D031C0,西安市第四十六中学,科教文化服务;学校;中学,108.92266482190152,34.21071654445432,雁塔区,108.927272,34.209084
B0FFF9WHIS,西安崇是中学,科教文化服务;学校;中学,108.94699341730556,34.213990787414,雁塔区,108.951659,34.212395
B0HKG5CMCU,山灰艺术社区,科教文化服务;科教文化场所;科教文化场所,108.92107597190358,34.21779949635808,雁塔区,108.925681,34.216168
B001D06DHS,西安太白学校,科教文化服务;学校;中学,108.91396486635742,34.22510593074415,雁塔区,108.91856,34.223472
B001D0VX3O,西安东仪中学,科教文化服务;学校;中学,108.92948685671792,34.20750920274061,雁塔区,108.934107,34.205883
B001D10VNI,西安电子科技中学,科教文化服务;学校;中学,108.91726907273316,34.20352844610642,雁塔区,108.921867,34.201889
B001D07ODR,西安市雁塔区翠华路小学,科教文化服务;学校;小学,108.95286290605746,34.2287433885258,雁塔区,108.957548,34.227165
B001D10Z0J,西安交通大学翠华路校区,科教文化服务;学校;高等院校,108.95330334263174,34.21804228203694,雁塔区,108.957989,34.216461
B0FFHFCF98,西安近代化学研究所,科教文化服务;科研机构;科研机构,108.90743010960009,34.199472518296695,雁塔区,108.912016,34.197827
B001D078NN,中共西安市委党校,科教文化服务;学校;学校,108.96393395948134,34.22362024810224,雁塔区,108.968657,34.222066
B001D04Y7I,西安铁路工程职工大学,科教文化服务;学校;成人教育,108.91049026218604,34.221584836916875,雁塔区,108.915081,34.219948
B0FFKI3R3I,中国飞机强度研究所,科教文化服务;科研机构;科研机构,108.90698049030618,34.21230822288712,雁塔区,108.911567,34.210667
B0FFFE4UG6,西安微电子技术研究所(太白路园区),科教文化服务;科研机构;科研机构,108.90742945605744,34.22011935503324,雁塔区,108.912017,34.218481
B001D049KT,西安市雁塔区大雁塔小学,科教文化服务;学校;小学,108.95324421970656,34.22192502633156,雁塔区,108.95793,34.220345
B0FFH84E7D,西安交通大学附属中学雁塔校区,科教文化服务;学校;中学,108.93107070076567,34.21658501283224,雁塔区,108.935695,34.214964
B0FFJLZ7Z0,新东方E22空间,科教文化服务;培训机构;培训机构|商务住宅;商务住宅相关;商务住宅相关,108.94859015350036,34.21932273018553,雁塔区,108.953261,34.217732
B0JB3HFJIK,曲江第二学校,科教文化服务;学校;学校,108.95732256251829,34.18523637062136,雁塔区,108.962019,34.183653
B001D06KK1,西安机电信息技术研究所,科教文化服务;科研机构;科研机构,108.9214596894742,34.22573931384979,雁塔区,108.926066,34.224111
B0FFJ1J109,西安九号宇宙航天科普馆,科教文化服务;科技馆;科技馆,108.9514593526172,34.19267594759383,雁塔区,108.956137,34.191082
B001D05KVS,陕西通信规划设计研究院有限公司,科教文化服务;科研机构;科研机构,108.91861123822704,34.22626246969565,雁塔区,108.923213,34.224632
B0FFHF47SJ,春田篮球馆,体育休闲服务;运动场馆;篮球场馆|科教文化服务;培训机构;培训机构,108.90700629413249,34.21446746040822,雁塔区,108.911593,34.212827
B001D04N9J,西安市第九十九中学,科教文化服务;学校;中学,108.94421567070596,34.212421627477035,雁塔区,108.948873,34.21082
B0FFIPCYVV,西安石油大学(南区),科教文化服务;学校;高等院校,108.9256082241379,34.20075599908444,雁塔区,108.93022,34.199123
B0FFFDCZO7,陕西师范大学附属小学,科教文化服务;学校;小学,108.94838061789974,34.209170716792855,雁塔区,108.95305,34.207576
B0G25CTW2U,西安市雁塔区第一学校,科教文化服务;科教文化场所;科教文化场所,108.9297628744821,34.187571550499285,雁塔区,108.934382,34.185939
B0FFF9WIQS,西安市雁塔区长安南路小学,科教文化服务;学校;小学,108.94094464178808,34.214054902181644,雁塔区,108.945593,34.212448
B0FFGFQP90,陕西省植物研究所,科教文化服务;科研机构;科研机构,108.95446227249298,34.20892892169724,雁塔区,108.959151,34.207347
B0FFGFQ3OX,西安交大医学部,科教文化服务;学校;高等院校,108.93643794046356,34.2188605558358,雁塔区,108.941075,34.217248
B001D06KO8,西安市雁塔区吉祥路小学,科教文化服务;学校;小学,108.9259306505526,34.225040153850905,雁塔区,108.930545,34.223416
B001D06VLX,陕西省果树研究所,科教文化服务;科研机构;科研机构,108.92421576165098,34.201684134304415,雁塔区,108.928825,34.20005
B0LRGSTFXD,陕西师范大学雁塔第二实验小学(雁塔区第十六小学),科教文化服务;学校;小学,108.91683050405952,34.21852552792644,雁塔区,108.921429,34.216891
B0FFILI93R,西安培华学院(高新校区),科教文化服务;学校;高等院校|科教文化服务;学校;职业技术学校,108.9061879909413,34.22720008845442,雁塔区,108.910775,34.225564
B001D06DG1,西安电炉研究所有限公司,公司企业;公司;公司|科教文化服务;科研机构;科研机构,108.93661102379151,34.21250253014962,雁塔区,108.941248,34.210888
B001D0VR4W,西安市城南中学,科教文化服务;学校;中学,108.93285240876482,34.18286199834962,雁塔区,108.937478,34.181232
B0FFHZXML6,西安大唐补习学校,科教文化服务;学校;职业技术学校|生活服务;生活服务场所;生活服务场所,108.92613323168882,34.20051351222405,雁塔区,108.930746,34.198881
B0G0AZS8XG,西安市曲江第十六小学,科教文化服务;科教文化场所;科教文化场所,108.94673595626884,34.19214373397855,雁塔区,108.951399,34.19054
B0IGPHHNTZ,西安艺海培训学校有限公司,科教文化服务;培训机构;培训机构,108.94747384299689,34.203298540838574,雁塔区,108.95214,34.2017
B001D06DBQ,西安市第九十八中学,科教文化服务;学校;中学,108.93338457709037,34.22754193479147,雁塔区,108.938015,34.225928
B0HGGRVUX1,西安雁南中学,科教文化服务;学校;中学,108.92729839313428,34.19479412626842,雁塔区,108.931913,34.193161
B001D09MGB,西安市航空六一八中学,科教文化服务;学校;中学,108.9184611690346,34.217532712646914,雁塔区,108.923062,34.215899
B0H1FUFKE5,西安市雁塔区第五小学,科教文化服务;学校;小学,108.91358871624077,34.195523414192685,雁塔区,108.918181,34.193879
B001D10Z43,西安交通大学经济与金融学院,科教文化服务;学校;高等院校,108.939734509791,34.218616346586536,雁塔区,108.94438,34.217009
B001D0VWX1,国家无线电频谱管理研究所,科教文化服务;科研机构;科研机构,108.95568169275752,34.21519299906367,雁塔区,108.960375,34.213616
B0JDXHBVHU,南山艺考(雁塔校区),科教文化服务;科教文化场所;科教文化场所,108.94594037481107,34.21602811077656,雁塔区,108.950603,34.214431
B0FFHUBJI3,西安雁塔区艺林小学,科教文化服务;学校;小学,108.9134296451429,34.1864204998917,雁塔区,108.918021,34.184773
B001D04HTP,西京公司子校,科教文化服务;学校;中学,108.91423668436656,34.210552939567094,雁塔区,108.918831,34.208914
B0LD69E897,拼了个豆,购物服务;专卖店;专营店|体育休闲服务;休闲场所;休闲场所|科教文化服务;培训机构;培训机构,108.9429763132219,34.22312609725938,雁塔区,108.947631,34.221526
B001D08VS4,西安市社会科学院,政府机构及社会团体;政府机关;地市级政府及事业单位|科教文化服务;科研机构;科研机构,108.96177777907006,34.22374955977839,雁塔区,108.966493,34.22219
B001D0VWSV,西安轻工业钟表研究所有限公司,科教文化服务;培训机构;培训机构|科教文化服务;科研机构;科研机构,108.95149563379096,34.212412155645225,雁塔区,108.956175,34.210825
B0HGMZYMWD,雁塔雁南小学,科教文化服务;学校;小学,108.92832831059356,34.19467596148235,雁塔区,108.932945,34.193044
B0FFKDNBHE,牛学教育·犇犇留学(总校区),科教文化服务;培训机构;培训机构,108.94716302051954,34.22495055149923,雁塔区,108.95183,34.223359
B001D09T8G,陕西社会主义学院,科教文化服务;学校;高等院校,108.9413491827838,34.193788123217054,雁塔区,108.945997,34.192175
B0FFL8WLO3,西安外国语大学附属学校,科教文化服务;学校;中学,108.94536850955856,34.21034818988354,雁塔区,108.950029,34.208748
B0FFIE3E4V,西安长峰机电研究所,科教文化服务;科研机构;科研机构,108.91348915375276,34.216567239447286,雁塔区,108.918083,34.21493
B001D09L35,西安科技大学附属中学,科教文化服务;学校;中学,108.95841651719611,34.22540404126701,雁塔区,108.96312,34.223837
B0FFGG5GBX,西安雁塔融侨小学,科教文化服务;学校;小学,108.90714890509616,34.20523462954731,雁塔区,108.911735,34.203591
B0JK45QUAU,陕西博才补习培训学校,科教文化服务;培训机构;培训机构,108.92647559170722,34.18773038574844,雁塔区,108.931088,34.186094
B0J6CROVOR,优益跃中考补习学校,科教文化服务;培训机构;培训机构,108.9267821866126,34.22255510825988,雁塔区,108.931398,34.220931
B0FFF9WLTM,西安曲江艺术博物馆,科教文化服务;博物馆;博物馆,108.95869430234696,34.21620567469131,雁塔区,108.963398,34.214636
B0GUC57D5D,西安交通大学附属小学雁塔校区,科教文化服务;学校;小学,108.93512677354272,34.22351787081045,雁塔区,108.939761,34.221905
B0I2Y7WCCG,电信科学技术仪表研究所有限公司西安分公司,科教文化服务;科研机构;科研机构,108.95318728023344,34.2234635977418,雁塔区,108.957873,34.221884
B0HDYDRI3J,西安记忆-长安十三朝历史文化展览馆,科教文化服务;展览馆;展览馆,108.9581955397213,34.222256694493595,雁塔区,108.962898,34.220688
B001D0283B,陕西省社会科学院,科教文化服务;科研机构;科研机构,108.9276253024785,34.22501825752823,雁塔区,108.932243,34.223396
B0FFM1N02J,西安石油大学明德校区明德楼,科教文化服务;学校;学校,108.92758129094588,34.20142157244757,雁塔区,108.932197,34.199791
B0GUKABVNG,高顿教育(西安总部),科教文化服务;科教文化场所;科教文化场所,108.92785694307317,34.2236474820856,雁塔区,108.932475,34.222025
B0J64H8PZC,西安水木源清美艺考(雁塔校区),科教文化服务;培训机构;培训机构,108.92973650956952,34.1928048615864,雁塔区,108.934356,34.191174
B0FFHIKKLC,二一O研究所,科教文化服务;科研机构;科研机构,108.91364299661387,34.21611531718265,雁塔区,108.918237,34.214478
B0FFH9UOJK,陕西省科学技术情报研究院,科教文化服务;科研机构;科研机构,108.95960529907204,34.22622092731675,雁塔区,108.964313,34.224657
B0LUAMJ418,陕西省非物质文化遗产体验中心,科教文化服务;科教文化场所;科教文化场所,108.96291657291164,34.2126286935216,雁塔区,108.967635,34.211068
B0FFJIJHLF,大雁塔小学雁南分校,科教文化服务;学校;小学,108.95263361206082,34.20461041655967,雁塔区,108.957316,34.203023
B0L3OHYF0Q,中公教育(陕西小寨校区),科教文化服务;学校;职业技术学校,108.9412049579884,34.22614313973335,雁塔区,108.945855,34.224541
B0J1PU4BAQ,西安柴窑文化博物馆,科教文化服务;博物馆;博物馆,108.95719528736647,34.20624464728764,雁塔区,108.961893,34.204668
B0LDFRYFLE,贵思专升本(西安总校),科教文化服务;培训机构;培训机构,108.94133840049066,34.203826761114826,雁塔区,108.945987,34.202217
B0G3G5SWKH,源绩佳专升本小寨总校,科教文化服务;培训机构;培训机构,108.94724151310228,34.228302180198824,雁塔区,108.951909,34.226712
B001D08BJZ,西安市雁塔区航天二一〇小学东校区,科教文化服务;学校;小学,108.91849522864108,34.21614317831591,雁塔区,108.923096,34.214509
B001D0VVSW,西安市雁塔区明德门小学,科教文化服务;学校;小学,108.93041286878172,34.20753102623043,雁塔区,108.935035,34.205906
B0GDOYOQOM,西安文化CBD,科教文化服务;科教文化场所;科教文化场所,108.9419699191442,34.18839381552241,雁塔区,108.946619,34.18678
B001D11EKV,新航道雅思·托福·留学·国际备考(小寨校区),科教文化服务;培训机构;培训机构,108.94119200305688,34.226021206392495,雁塔区,108.945842,34.224419
B001D06DHK,西安市雁塔区电子城小学,科教文化服务;学校;小学,108.91421818822712,34.204569013330435,雁塔区,108.918812,34.202928
B001D07NSL,西安市雁塔区明德小学,科教文化服务;学校;小学,108.935223222558,34.20267602399057,雁塔区,108.939856,34.201056
B001D11SFJ,陕西师范大学雁塔校区田家炳教育书院,科教文化服务;学校;高等院校,108.94294093104614,34.20436673993735,雁塔区,108.947594,34.20276
B0FFH6O3N9,华图教育(西安小寨校区),科教文化服务;培训机构;培训机构,108.9407950216866,34.22671363976424,雁塔区,108.945444,34.225111
B001D11SSM,陕西数字博物馆,科教文化服务;博物馆;博物馆,108.95090451250609,34.22470003760663,雁塔区,108.955583,34.223116
B001D04DUZ,中国社会科学院考古研究所西安研究室,科教文化服务;科研机构;科研机构,108.96005363019304,34.22731645528449,雁塔区,108.964763,34.225754
B0FFG8J6OE,西安南苑中学,科教文化服务;学校;中学,108.9105018430418,34.20170676367643,雁塔区,108.915091,34.200063
B0FFF5G2EG,西安品诺餐饮小吃培训,科教文化服务;培训机构;培训机构,108.9328150678015,34.21297393053715,雁塔区,108.937443,34.211354
B001D11SS7,陕西师范大学雁塔校区积学堂,科教文化服务;科教文化场所;科教文化场所,108.94556130951506,34.20587136974464,雁塔区,108.950222,34.20427
B0FFJRCWR9,西安电子科技大学出版社,科教文化服务;传媒机构;出版社,108.91075145000256,34.22814236291087,雁塔区,108.915343,34.226508
B001D08B15,西安市雁塔区科创路小学,科教文化服务;学校;小学,108.90812154127438,34.22341098740769,雁塔区,108.91271,34.221774
B0FFF5DHGN,陕西先通网络技术学校,科教文化服务;培训机构;培训机构,108.9164704466028,34.22563721888108,雁塔区,108.921069,34.224005
B0IB7A699H,西沐美容美发化妆培训,科教文化服务;培训机构;培训机构,108.93479429356876,34.1897999647983,雁塔区,108.939425,34.188175
B0FFG7F89F,国营第一钟表机械厂子弟学校,科教文化服务;学校;中学,108.91363025475944,34.200627676519055,雁塔区,108.918223,34.198985
B0FFJE598Z,唯学补习学校,科教文化服务;培训机构;培训机构,108.94556415499704,34.20767574343838,雁塔区,108.950225,34.206075
B0FFGXL9V3,西北政法大学研究生院,科教文化服务;学校;高等院校,108.94157033133656,34.20922050211221,雁塔区,108.94622,34.207613
B001D10Z62,西安兴华小学,科教文化服务;学校;小学,108.9180100635505,34.202436287773374,雁塔区,108.922609,34.200797
B0FFFDCZO2,陕西师范大学雁塔校区学术活动中心,科教文化服务;科教文化场所;科教文化场所,108.95038351159286,34.20799802572352,雁塔区,108.955059,34.206407
B0FFG3ZHYD,长安大学研究生院,科教文化服务;学校;高等院校,108.94362227160772,34.22585893770049,雁塔区,108.948279,34.224261
B0FFG7ZCR0,DNA舞室(小寨阳明国际店),科教文化服务;培训机构;培训机构,108.94253473219123,34.22082771380508,雁塔区,108.947188,34.219226
B0HRVR0LAM,学大教育(陕师大校区),科教文化服务;培训机构;培训机构,108.95152122120992,34.21648467054582,雁塔区,108.956201,34.214899
B0FFG1DDW3,vb舞蹈,科教文化服务;培训机构;培训机构,108.94276907363177,34.2208952700871,雁塔区,108.947423,34.219294
B0FFHFNF7J,西安市曲江红色记忆博物馆,科教文化服务;博物馆;博物馆,108.9513424271878,34.1963419747925,雁塔区,108.95602,34.194749
B0FFK6EUXJ,MOMO美术馆(暂停开放),科教文化服务;美术馆;美术馆,108.92979687563546,34.22390803409304,雁塔区,108.934419,34.222288
B001D14V6O,西安市雁塔区东仪路小学,科教文化服务;学校;小学,108.9274712052136,34.205245396205335,雁塔区,108.932087,34.203616
B0HU46II1Q,追梦高奇培训学校,科教文化服务;培训机构;培训机构,108.90893430314738,34.22890274763184,雁塔区,108.913524,34.227268
B001D0XZ22,陕西师范大学雁塔校区图书馆,科教文化服务;图书馆;图书馆,108.94569400980488,34.20477749179639,雁塔区,108.950355,34.203176
B0FFGP90XF,马柯美术博物馆咖啡厅(领绣城店),科教文化服务;培训机构;培训机构,108.94087580250336,34.22672749592882,雁塔区,108.945525,34.225125
B0FFGVYJCF,西安应用光学研究所,科教文化服务;科教文化场所;科教文化场所,108.90768799349394,34.210416703515335,雁塔区,108.912275,34.208775
B0FFKT23QQ,西安风尚美学职业技能培训学校,科教文化服务;培训机构;培训机构,108.94266131823476,34.221587215664655,雁塔区,108.947315,34.219986
B0FFFP71W2,曲江大礼堂,科教文化服务;会展中心;会展中心,108.9502978069198,34.19535549505264,雁塔区,108.954972,34.19376
B0HU2HUZT9,陕西省青少年宫艺术团(小寨校区),科教文化服务;文艺团体;文艺团体,108.94183107253951,34.22829926264254,雁塔区,108.946483,34.226699
B0FFHQU5MW,西安.黑马艺术基地,科教文化服务;培训机构;培训机构,108.92749316910924,34.21756807698723,雁塔区,108.93211,34.215943
B0FFHRHGL1,中国兵器工业(西安近代化学研究所),科教文化服务;科研机构;科研机构,108.90743108700435,34.1997434266213,雁塔区,108.912017,34.198098
B0FFL7ZIKK,睿丁少儿成长中心(曲江校区),科教文化服务;培训机构;培训机构,108.95231868603922,34.20391133427317,雁塔区,108.957,34.202323
B0G0OHUOXS,西安市明清皮影艺术博物馆,科教文化服务;博物馆;博物馆,108.96026514382932,34.21186745086315,雁塔区,108.964974,34.2103
B0H11LPTPA,西安市雁塔区航天二一〇小学西校区,科教文化服务;学校;小学,108.91587903766484,34.216134000518586,雁塔区,108.920476,34.214498
B0GUPU00K1,向日葵教育(育才路校区),科教文化服务;培训机构;培训机构,108.95278818377668,34.2283107084148,雁塔区,108.957473,34.226732
B0FFHU39WF,中国兵器工业第二〇四研究所工会委员会,科教文化服务;科教文化场所;科教文化场所,108.91010842910109,34.199686598975234,雁塔区,108.914697,34.198042
B0FFHCIMTR,麦迪街舞(电视塔店),科教文化服务;培训机构;培训机构,108.93917353275252,34.199476906535594,雁塔区,108.943816,34.197862
B0FFHDLWM9,西安石油大学培训中心,科教文化服务;培训机构;培训机构,108.92549845144605,34.20053719055202,雁塔区,108.93011,34.198904
B0FFGALPPX,陕西翰林教育研究院(小寨西路),科教文化服务;科研机构;科研机构,108.9299125697774,34.22463062780719,雁塔区,108.934535,34.223011
B0FFJWMD9X,京佳教育(西安分校),科教文化服务;培训机构;培训机构,108.92683769647763,34.227278338677024,雁塔区,108.931454,34.225656
B0I307N8PT,领军教育(太白南路校区),科教文化服务;科教文化场所;科教文化场所,108.91370510617809,34.22623466330745,雁塔区,108.9183,34.224601
B0FFGVYBHX,海文考研(陕西总部),科教文化服务;培训机构;培训机构,108.94250078449032,34.22134758844304,雁塔区,108.947154,34.219746
B001D11ZLU,西安华翎舞蹈(小寨校区),科教文化服务;培训机构;培训机构,108.9416455893546,34.22820062400951,雁塔区,108.946297,34.2266
B001D09PTL,西安社会主义学院,科教文化服务;学校;高等院校,108.9648644654351,34.224422605950565,雁塔区,108.969591,34.222871
B0FFG984GZ,西安铁路工程大学3号楼,科教文化服务;学校;学校,108.91091983190834,34.221055853060044,雁塔区,108.915511,34.219419
B0I27CN2BZ,陕西省青少年宫艺术团(西安M3碧乐城店),科教文化服务;科教文化场所;科教文化场所,108.93224975292708,34.19565162866184,雁塔区,108.936875,34.194025
B0FFFDDMX9,陕西师范大学雁塔校区国际汉学院,科教文化服务;学校;高等院校,108.94397488520424,34.20591332626361,雁塔区,108.948631,34.204309
B0LRUZBQIF,启德留学(西安校区),科教文化服务;培训机构;培训机构,108.94593069674865,34.20006764081777,雁塔区,108.950592,34.198465
B0FFJGFIGV,西安九零零学校,科教文化服务;培训机构;培训机构,108.92352471593948,34.20545653499395,雁塔区,108.928133,34.203823
B0FFF651BT,西北政法大学雁塔校区教育服务中心,科教文化服务;科教文化场所;科教文化场所,108.94020016217765,34.207616413532776,雁塔区,108.944846,34.206006
B001D12LSE,西安市环境保护科学研究院,科教文化服务;科研机构;科研机构,108.95776838112457,34.19322071380075,雁塔区,108.962467,34.191641
B001D08ZCM,陕西中华文化学院,科教文化服务;学校;高等院校,108.9406510782991,34.19371135283328,雁塔区,108.945297,34.192097
B001D0VU6A,陕西椎体病研究所,科教文化服务;科研机构;科研机构,108.9425960706294,34.2021821036136,雁塔区,108.947248,34.200574
B0FFILB3S5,雁塔棋院(围棋协会培训中心),科教文化服务;培训机构;培训机构,108.94878901630838,34.225818995273215,雁塔区,108.953461,34.224231
B0FFKWRU7Z,现代教育(小寨店),科教文化服务;培训机构;培训机构,108.94274867214637,34.226556267162614,雁塔区,108.947403,34.224957
B0H1H5UG13,西交康桥补习学校,科教文化服务;学校;学校|科教文化服务;培训机构;培训机构,108.909795070064,34.22078338636157,雁塔区,108.914385,34.219146
B0JD5MBATV,西安市小寨工人文化宫,科教文化服务;科教文化场所;科教文化场所,108.94235094125509,34.21219609095611,雁塔区,108.947003,34.210591
B0FFF9WNHA,仁和会计培训(西安小寨校区),科教文化服务;培训机构;培训机构,108.94250875400046,34.22145053736382,雁塔区,108.947162,34.219849
B0FFHUNWJA,万雅舞蹈(小梅花电子城店),科教文化服务;文艺团体;文艺团体,108.90790399396757,34.207872525641925,雁塔区,108.912491,34.20623
B0J6457O63,宏大建功集团职业技能培训学校西安校区,科教文化服务;培训机构;培训机构,108.90686821815966,34.21695761496681,雁塔区,108.911455,34.215318
B0JG1LKSUZ,SUN DANCE舞室(曲江店),科教文化服务;培训机构;培训机构,108.9460781793717,34.2010950100012,雁塔区,108.95074,34.199493
B0I1VAYREC,陕西公众职业培训中心,科教文化服务;培训机构;培训机构,108.94110802892229,34.20379717062483,雁塔区,108.945756,34.202187
B0FFF43VIE,光明堂,科教文化服务;展览馆;展览馆|风景名胜;风景名胜;风景名胜,108.95910449906746,34.22077308136246,雁塔区,108.96381,34.219206
B0H1X96IQH,西安美术学院实验中心,科教文化服务;科教文化场所;科教文化场所,108.92201829077725,34.21885528170661,雁塔区,108.926625,34.217225
B0FFH1WQ7S,西安科技大学(南院)-1号楼,科教文化服务;培训机构;培训机构,108.95558125597518,34.22469883631453,雁塔区,108.960275,34.223125
B0KDORQ79U,悦一彤形体舞蹈(曲江金辉店),科教文化服务;培训机构;培训机构,108.96370602998296,34.18404333894827,雁塔区,108.968425,34.182475
B0FFF51A7A,陕西银行学校家属院2号楼,科教文化服务;学校;学校,108.9095693460568,34.22028164618614,雁塔区,108.914159,34.218644
B0FFIST3ET,美院总部校区,科教文化服务;科教文化场所;科教文化场所,108.92688638634225,34.21751178975857,雁塔区,108.931502,34.215886
B0FFGH9M5Z,电视塔店,科教文化服务;传媒机构;电视台,108.93751923830872,34.193973425086725,雁塔区,108.942157,34.192354
B0GKRZA67L,中国电建集团西北勘测设计研究院有限公司-城市更新研究中心,科教文化服务;科教文化场所;科教文化场所,108.91425256339708,34.199335771359586,雁塔区,108.918846,34.197693
B0MAMX8M1C,西安电视塔会展中心,科教文化服务;会展中心;会展中心,108.9393326217277,34.19321373866236,雁塔区,108.943975,34.191597
B0FFGZPDHK,IC舞蹈工作室(小寨店),科教文化服务;培训机构;培训机构,108.9427790440883,34.220916244688894,雁塔区,108.947433,34.219315
B0J02SLWI5,陕西北枫文化传媒有限公司,公司企业;公司;公司|科教文化服务;科教文化场所;科教文化场所,108.94047312993294,34.18660899349113,雁塔区,108.945118,34.184992
B0FFFAJB9A,长安大学校本部西院,科教文化服务;学校;高等院校,108.94519685067404,34.22464245078948,雁塔区,108.949858,34.223047
B001D06VYZ,西安体育艺术小学,科教文化服务;学校;小学,108.9352922467648,34.21269846386216,雁塔区,108.939926,34.211082
B0LBTS0AUK,锦秋·A-Level(万象城校区),科教文化服务;科教文化场所;科教文化场所,108.94660071836364,34.20004335597258,雁塔区,108.951264,34.198442
B0FFFDDMYX,陕西师范大学雁塔校区心理学院,科教文化服务;学校;高等院校,108.94295482144196,34.20524041587109,雁塔区,108.947608,34.203634
B0J1GM9GJ9,学天教育西安消防总校,科教文化服务;培训机构;培训机构,108.92675912401882,34.223898650790815,雁塔区,108.931375,34.222275
B0JUMZ7BO2,寨子空间ZZ ART SPACE(雁塔店),科教文化服务;科教文化场所;科教文化场所,108.9274602271584,34.21767107851744,雁塔区,108.932077,34.216046
B0FFKGJ2GR,缤纷鸟美术书法(小寨店),科教文化服务;培训机构;培训机构,108.94255163265196,34.22147645151976,雁塔区,108.947205,34.219875
B0L6MLOWY1,雅和学(太白南路校区),科教文化服务;培训机构;培训机构,108.90932630655756,34.223901432173555,雁塔区,108.913916,34.222265
B001D0VTBL,西安生漆涂料研究所,科教文化服务;科研机构;科研机构,108.94756855715104,34.20330435161036,雁塔区,108.952235,34.201706
B0FFL54FR8,西安威斯汀大酒店-会议厅,科教文化服务;会展中心;会展中心,108.9583285377267,34.21663338496501,雁塔区,108.963031,34.215063
B0FFHD2KLO,甲壳虫音乐教室,科教文化服务;培训机构;培训机构,108.9418510376656,34.228052317584364,雁塔区,108.946503,34.226452
B0FFKW023O,阳光美语(长延南巷店),科教文化服务;培训机构;培训机构,108.93800886899652,34.19548914003166,雁塔区,108.942648,34.193871
B0KUDA9PP3,陕西电视台演播大厅,科教文化服务;传媒机构;电视台,108.94167483811096,34.21178142910439,雁塔区,108.946325,34.210175
B0FFF2GQDD,陕西自然博物馆自然展馆,科教文化服务;展览馆;展览馆,108.94186148752696,34.19742101426707,雁塔区,108.946511,34.19581
B0FFH1H8FX,恒企会计培训(西安小寨校区),科教文化服务;培训机构;培训机构,108.94110420771727,34.2264372074513,雁塔区,108.945754,34.224835
B0FFF9WJVC,环雅剑盟-雅思托福培训中心,科教文化服务;培训机构;培训机构,108.94087181473118,34.2267095093199,雁塔区,108.945521,34.225107
B0I2AHMILW,杰成体育篮球培训(东仪路校区),科教文化服务;培训机构;培训机构,108.91959803020744,34.20967958056403,雁塔区,108.9242,34.208044
B0FFG3ZG2C,长安大学雁塔校区研究生院,科教文化服务;学校;高等院校,108.95537075096732,34.227290372008454,雁塔区,108.960064,34.225717
B0JUAZQFY1,荷尖考研,科教文化服务;培训机构;培训机构,108.92792035924955,34.22929235886927,雁塔区,108.932539,34.227672
B001D0XZ0Q,西安交通大学雁塔校区图书馆,科教文化服务;图书馆;图书馆,108.93759199885162,34.21941855409877,雁塔区,108.942232,34.217808
B0JU9DBP2H,西安渭水堂中医药研究所,科教文化服务;科教文化场所;科教文化场所,108.9507253280687,34.1970080505789,雁塔区,108.955401,34.195414
B0JDN55Z4J,莲舞蹈美学艺术中心,科教文化服务;培训机构;培训机构,108.9425865401241,34.22141940955911,雁塔区,108.94724,34.219818
B0KKSU3YCT,西安古都职业技术学校,科教文化服务;学校;职业技术学校,108.93680288133852,34.195951889294065,雁塔区,108.941439,34.194332
B0K3H13LZE,学而思学习机(赛格国际六楼店),科教文化服务;培训机构;培训机构,108.94293525247882,34.22529638833189,雁塔区,108.94759,34.223697
B0K1NSDNV1,悦维美刻(陕师大附中),科教文化服务;培训机构;培训机构,108.95155910716572,34.21640061981739,雁塔区,108.956239,34.214815
B0FFLFBYZI,西安星途艺考(培优校区),科教文化服务;培训机构;培训机构,108.94247601210074,34.20703165902002,雁塔区,108.947128,34.205425
B0FFF51A79,陕西银行学校家属区1号楼,科教文化服务;学校;学校,108.90959030448708,34.22052855064557,雁塔区,108.91418,34.218891
B0IKMAEX31,路之光儿童读书会,科教文化服务;图书馆;图书馆,108.92753707088735,34.19283550213052,雁塔区,108.932152,34.191202
B0LGKAPIUN,新东方(曲江创客大街校区),科教文化服务;培训机构;培训机构,108.95219409522748,34.2038136352159,雁塔区,108.956875,34.202225
B0GRHMRK8O,西安师苑艺考培训学校,科教文化服务;培训机构;培训机构,108.92801763168984,34.2234463657564,雁塔区,108.932636,34.221824
BY0001K8RH,西安美术学院西部美术馆B,科教文化服务;美术馆;美术馆,108.92691809877078,34.22030276150918,雁塔区,108.931534,34.218678
B0FFF51PX7,中共陕西省委党校5号楼,科教文化服务;学校;学校,108.92989148403116,34.22625506641934,雁塔区,108.934514,34.224636
B0KU1ZPK8T,西安石油大学培训中心北楼,科教文化服务;科教文化场所;科教文化场所,108.9251140784694,34.20180816672177,雁塔区,108.929725,34.200175
B0HR06HQI2,大兴善寺密宗文化曼陀罗博物馆,科教文化服务;科教文化场所;科教文化场所,108.93910634433723,34.22872474872378,雁塔区,108.943751,34.22712
B0L1D5TSIX,向阳花开高考部,科教文化服务;科教文化场所;科教文化场所,108.92658698371442,34.21743415314967,雁塔区,108.931202,34.215808
B0K0RLNYU1,雁塔第四学校(建设中),科教文化服务;学校;中学,108.91884453093074,34.19323375196496,雁塔区,108.923444,34.191592
B0FFFDBDCZ,西安交通大学医学部药学院,科教文化服务;学校;高等院校,108.93774578650044,34.21720709477194,雁塔区,108.942386,34.215596
B0FFFDD01S,陕西省石油化工学校教学楼,科教文化服务;学校;学校,108.94638835228577,34.21233154572562,雁塔区,108.951052,34.210734
B0FFGFCEYG,西安理工大学曲江校区,科教文化服务;学校;高等院校,108.9889080258726,34.22291680649297,雁塔区,108.993731,34.221432
B0FFGU5CXE,西安电影制片厂,科教文化服务;传媒机构;传媒机构,108.9668799516641,34.22430147305935,雁塔区,108.971614,34.222755
B001D0ZPMZ,西安交通大学曲江校区,科教文化服务;学校;高等院校,108.99802878841297,34.22508449823441,雁塔区,109.002891,34.223628
B001D08OFC,西安理工大学曲江校区西校区,科教文化服务;学校;高等院校,108.98580510247317,34.223324881383235,雁塔区,108.990615,34.221831
B001D09T7Z,西安市曲江第一中学,科教文化服务;学校;中学,108.97948077552694,34.218351080250685,雁塔区,108.984264,34.216837
B001D10WNX,西安交通大学附属中学曲江校区,科教文化服务;学校;中学,108.99912596062028,34.22630572288791,雁塔区,109.003993,34.224853
B0FFKMEJQK,曲江第二中学,科教文化服务;学校;中学,108.9791470365863,34.18323293156742,雁塔区,108.983926,34.181706
B0FFG86L68,西安广电中心,科教文化服务;传媒机构;电视台,108.97194587111304,34.207489939372536,雁塔区,108.976698,34.205951
B0FFKMK1QG,西安市曲江第一学校,科教文化服务;学校;中学,109.01185668755394,34.18693681933939,雁塔区,109.016775,34.185509
B001D08NOE,西安理工大学曲江校区东校区,科教文化服务;学校;高等院校,108.99126899911852,34.2226358302207,雁塔区,108.996102,34.221158
B0FFG84R2N,西安热工院,科教文化服务;科研机构;科研机构,108.99842446636129,34.220510940149175,雁塔区,109.003288,34.219054
B001D064TX,西安市第四十五中学,科教文化服务;学校;中学,108.97497347728832,34.22478950606123,雁塔区,108.979739,34.223265
B0FFK5P3WI,西安曲江康桥学校,科教文化服务;学校;学校,109.00546164488108,34.2029587021872,雁塔区,109.010354,34.201517
B0I095OW73,曲江第三初级中学,科教文化服务;学校;中学,109.00550359602612,34.22524375134188,雁塔区,109.010398,34.22381
B0FFJKLI8T,陕西新华出版传媒集团,科教文化服务;科教文化场所;科教文化场所,109.00878736025544,34.215352375207594,雁塔区,109.013695,34.213925
B001D0WUEH,中国能源建设集团陕西省电力设计院有限公司,科教文化服务;科研机构;科研机构,108.99398305234553,34.22663020255676,雁塔区,108.998828,34.225162
B0FFG82I59,西安市曲江第二小学,科教文化服务;学校;小学,109.00120895744809,34.214694540960515,雁塔区,109.006084,34.213244
B0FFFEH7QA,中国科学院地球环境研究所,科教文化服务;科研机构;科研机构,109.00058095018736,34.22321641797867,雁塔区,109.005454,34.221767
B0FFM9AXRZ,西安市曲江第一小学,科教文化服务;学校;小学,108.97591556506924,34.21434459758327,雁塔区,108.980684,34.212819
B0G21S6MEC,西安市综合减灾科普馆,科教文化服务;科教文化场所;科教文化场所,109.0014983705783,34.20680640572138,雁塔区,109.006374,34.205354
B0GDL7KU4V,西安电影制片厂西影电影博物馆,科教文化服务;博物馆;博物馆,108.96773282892369,34.22308168989395,雁塔区,108.97247,34.221537
B0FFGH0CZH,西安市曲江南湖小学,科教文化服务;学校;小学,108.97479250271564,34.19679774953511,雁塔区,108.979555,34.195263
B0FFL33VPZ,曲江第四小学,科教文化服务;学校;小学,108.99682362648096,34.193302169632084,雁塔区,109.001678,34.191831
B001D0WUOI,陕西化工研究院研发中心,科教文化服务;科研机构;科研机构,109.00131472656894,34.223961920050364,雁塔区,109.006191,34.222515
B0FFLG24FF,西安市曲江第七小学,科教文化服务;学校;小学,109.0173339920636,34.218711842740944,雁塔区,109.022278,34.217311
B0HGMUY9BL,西安曲江德闳学校,科教文化服务;学校;中学,109.00456607819989,34.184015704112376,雁塔区,109.009453,34.182565
B0FFLFSL5Q,西安市曲江第五小学,科教文化服务;学校;小学,108.99120639888903,34.196972924353574,雁塔区,108.996037,34.195486
B0J26SRA3J,西安人防科普教育馆,科教文化服务;科教文化场所;科教文化场所,108.98595379207389,34.183294096372435,雁塔区,108.990761,34.181787
B0FFFS0MMO,亮宝楼艺术博物馆,科教文化服务;博物馆;博物馆,108.96618498144184,34.21916611047712,雁塔区,108.970916,34.217616
B0H26MYVHI,曲江青少年体育活动中心,风景名胜;公园广场;公园|科教文化服务;科教文化场所;科教文化场所,108.98840363415684,34.21726632809339,雁塔区,108.993224,34.215778
B0MA3AY1S9,西安广播电视台,科教文化服务;传媒机构;电视台,108.9727267925594,34.207660751546065,雁塔区,108.977482,34.206124
B0FFF9WGUX,亮宝楼,科教文化服务;博物馆;博物馆|科教文化服务;展览馆;展览馆|餐饮服务;中餐厅;中餐厅,108.96618298889932,34.21916611560967,雁塔区,108.970914,34.217616
B0FFHEAY9Q,曲江第二学校(小学部),科教文化服务;学校;小学,108.96635433196904,34.18270003129432,雁塔区,108.971083,34.181138
B0GUCS51IX,西安市曲江第三小学东校区,科教文化服务;学校;小学,108.99273911509223,34.18174730778058,雁塔区,108.997575,34.18026
B0HDJLUTFX,西安市雁塔区第三小学,科教文化服务;科教文化场所;科教文化场所,109.01131863583102,34.226563781003534,雁塔区,109.016238,34.225148
B0FFGC2MF9,陕西化工研究院产业中心,科教文化服务;科研机构;科研机构,108.97047977742696,34.22943510326971,雁塔区,108.975228,34.2279
B001D0VQAO,西北有色地质研究院,公司企业;公司;公司|科教文化服务;科研机构;科研机构,108.98126652307288,34.22935897046755,雁塔区,108.986058,34.227854
B0FFLIQ5IT,西安市曲江第六小学,科教文化服务;学校;小学,109.01769331596948,34.197185229285935,雁塔区,109.022637,34.195778
B001D14R88,西安市雁塔区红星小学,科教文化服务;学校;小学,108.96560747138284,34.2273016668982,雁塔区,108.970337,34.225753
B0GU2SEEMC,西安市曲江第八小学,科教文化服务;学校;小学,108.98005112462756,34.22213609257076,雁塔区,108.984837,34.220625
B0GUDZQJET,西安市曲江第十小学,科教文化服务;学校;小学,108.99386115712034,34.21964208491471,雁塔区,108.998705,34.218171
B0G07S4JPI,迈杰思幼儿公学,科教文化服务;学校;幼儿园|科教文化服务;培训机构;培训机构,108.96711927321796,34.20936913203247,雁塔区,108.971853,34.207818
B0GUS5LL94,西安市曲江第十三小学,科教文化服务;学校;小学,108.9858627233372,34.18875158966216,雁塔区,108.99067,34.187246
B0L19ZFT2J,再现大师-世界名画感映艺术大展,科教文化服务;展览馆;展览馆,108.9682867902983,34.21007283360193,雁塔区,108.973025,34.208525
B0FFI11D9F,西安市曲江南湖小学芙蓉校区,科教文化服务;学校;小学,108.9671138992023,34.20197368336054,雁塔区,108.971847,34.20042
B001D0Z8XL,富陶博物馆·唐毓引,科教文化服务;博物馆;博物馆,108.97255816257176,34.21122797594434,雁塔区,108.977313,34.209692
B0G27UFVIG,西安市曲江第二小学第一分校,科教文化服务;学校;小学,109.00216924843043,34.2095934052969,雁塔区,109.007048,34.208144
B0HRNHUUYW,陕西省青少年宫艺术团(西演校区),科教文化服务;科教文化场所;科教文化场所,108.99378339090802,34.22083889282872,雁塔区,108.998627,34.219368
B0LB25QYJM,曲江创意谷展演中心(曲江创意谷店),科教文化服务;科教文化场所;科教文化场所,109.00719923420236,34.21438849764365,雁塔区,109.0121,34.212956
B0KAAA75WB,西安景泓高级中学,科教文化服务;科教文化场所;科教文化场所,109.00397996921748,34.203466017713055,雁塔区,109.008866,34.20202
B0FFGEEFD2,西安理工大学曲江校区西校区图书馆,科教文化服务;图书馆;图书馆,108.986594829836,34.222695770334965,雁塔区,108.991408,34.221204
B0K2NU4EGI,西安铁一中国际课程班,科教文化服务;学校;中学,109.0142133935743,34.214708417727365,雁塔区,109.019144,34.213297
B0FFL4KEG2,西安市曲江第二小学雁翔校区,科教文化服务;学校;小学,109.00016691276784,34.209114654225544,雁塔区,109.005037,34.207659
B0FFHZGSO7,诺亚国际英语(曲江校区),科教文化服务;培训机构;培训机构,108.9698806546873,34.210410491869006,雁塔区,108.974625,34.208867
B0FFG77J5C,西安交通大学曲江校区精密微纳制造技术全国重点实验室,科教文化服务;科研机构;科研机构,108.99624428225412,34.22731610500835,雁塔区,109.001099,34.225855
B0G2BA9FK9,西安市曲江第十二小学,科教文化服务;学校;小学,109.0210656157104,34.20659131162594,雁塔区,109.026024,34.205197
B0FFGKIJA3,博硕教育(大雁塔校区),科教文化服务;培训机构;培训机构|科教文化服务;学校;学校,108.96694252191944,34.22666945340046,雁塔区,108.971677,34.225124
B0KUDDAKXL,新东方国际教育·雅思托福(曲江创意谷校区),科教文化服务;培训机构;培训机构,109.00669634445129,34.21492082849533,雁塔区,109.011595,34.213487
B0FFM5IYHJ,学大教育(曲江二中校区),科教文化服务;培训机构;培训机构,108.97706824648613,34.186110904705814,雁塔区,108.981839,34.184579
B0GRNRAAZ7,西安市曲江第九小学,科教文化服务;学校;小学,108.98502288708984,34.193120627181706,雁塔区,108.989827,34.191614
B0KKRAORL8,天童教育素质成长中心(曲江校区),科教文化服务;培训机构;培训机构,109.00384460598627,34.21475351900449,雁塔区,109.008731,34.213311
B0FFF659KS,陕西省中小企业职工培训中心,科教文化服务;培训机构;培训机构,108.97015528422926,34.22637508800583,雁塔区,108.974902,34.224838
B0G13A153I,融创·曲江印·现代艺术中心,科教文化服务;博物馆;博物馆,109.01784961613242,34.20962753150783,雁塔区,109.022795,34.208225
B0FFLII29Q,陕西省小天鹅艺术团曲江分中心|国际部,科教文化服务;培训机构;培训机构,109.0097714364691,34.21208356649386,雁塔区,109.014683,34.210658
B0J3XC9QT1,STC街舞(曲江旗舰店),科教文化服务;培训机构;培训机构,108.96922222558568,34.20994040776603,雁塔区,108.973964,34.208395
B0FFL9OOG9,知也美术馆,科教文化服务;美术馆;美术馆,108.98803472168215,34.210939648637826,雁塔区,108.992853,34.209448
B0FFGCRNF3,曲江金辉小学分部,科教文化服务;学校;小学,108.99959483582178,34.227558842766186,雁塔区,109.004464,34.226108
B0FFJHB7I9,西安市曲江第一小学海洋分校,科教文化服务;科教文化场所;科教文化场所,108.97646424387312,34.21573556857916,雁塔区,108.981235,34.214212
B0MAH1MWQG,亚朵竹居流动图书馆(西安曲江大唐不夜城),科教文化服务;图书馆;图书馆,108.96939436838336,34.22452178838194,雁塔区,108.974138,34.222982
B0FFI6VID4,西安贝多特艺术教育,科教文化服务;培训机构;培训机构,108.99245541388744,34.20478551773593,雁塔区,108.997292,34.203305
B0I1T7DEB8,全满贯网球学练馆&综合训练中心,科教文化服务;培训机构;培训机构,108.98845448111884,34.21651344269912,雁塔区,108.993275,34.215025
B0JD1S1VB6,南湖美术馆,科教文化服务;美术馆;美术馆,108.97266188782936,34.19743640752578,雁塔区,108.977416,34.195896
B0FFHS6YTZ,万唯原创文化传播(陕西)有限公司,科教文化服务;传媒机构;传媒机构,109.01109980173965,34.21187366356142,雁塔区,109.016017,34.210452
B0FFF65AZ4,西安工程技术学校-西安勘察院,科教文化服务;科研机构;科研机构,108.97904764715572,34.229252390976434,雁塔区,108.98383,34.227741
B0ID5ZJPET,哇塞艺术,科教文化服务;培训机构;培训机构,108.9663888540425,34.22360499541323,雁塔区,108.971121,34.222057
B0LRAM0GGH,半生缘非遗美学空间(半生缘旗袍),科教文化服务;培训机构;培训机构|购物服务;服装鞋帽皮具店;服装鞋帽皮具店,108.96555242984785,34.205883377898765,雁塔区,108.97028,34.204327
B0J2NMFO0O,学而思学习机(曲江创意谷店),购物服务;家电电子卖场;数码电子|科教文化服务;培训机构;培训机构,109.00788138477776,34.21354573670926,雁塔区,109.012785,34.212115
B0FFKI61V2,森林象国际艺术私塾(托育&幼儿园&幼小衔接),科教文化服务;学校;幼儿园|科教文化服务;培训机构;培训机构,109.0098223282675,34.21079086439618,雁塔区,109.014734,34.209365
B0FFL4OZVY,六如茶文化研究院(曲江华著中城店),餐饮服务;茶艺馆;茶艺馆|科教文化服务;科教文化场所;科教文化场所,108.992397547732,34.21817602481026,雁塔区,108.997235,34.2167
B0FFLDEVFS,西安市羊文化博物馆,科教文化服务;博物馆;博物馆,108.99907085689128,34.21841972122896,雁塔区,109.003937,34.216964
B0IGYZ8KEY,陕西省青少年宫艺术团(曲江二期校区),科教文化服务;科教文化场所;科教文化场所,108.98400574618834,34.185816015879794,雁塔区,108.988805,34.184304
B0FFHDG60P,西安理工大学曲江校区东校区经济与管理学院,科教文化服务;学校;高等院校,108.99154989822662,34.221452409740024,雁塔区,108.996384,34.219975
B0H6U5T1BY,得意国学书院(凯旋门校区),科教文化服务;培训机构;培训机构,108.97122752724916,34.184923434008425,雁塔区,108.975975,34.183375
B0FFGU5Y48,曲江消防科普教育基地,科教文化服务;培训机构;培训机构,108.96990667272784,34.19677607432837,雁塔区,108.97465,34.195228
B0MG0LIX86,闪速记单词(曲江交大店),科教文化服务;培训机构;培训机构,108.99797773784346,34.22832247716687,雁塔区,109.00284,34.226867
B0FFFA11CI,XMOCA艺术馆,科教文化服务;展览馆;展览馆,109.00736085264688,34.21068830349579,雁塔区,109.012262,34.209255
B0K39ZEN67,星艺途艺术培训学校(曲江校区),科教文化服务;培训机构;培训机构,108.99401258144728,34.21875694213405,雁塔区,108.998857,34.217286
B0KAJCUMY8,西安交通大学高端制造装备协同创新中心,科教文化服务;学校;高等院校|公司企业;公司;公司,108.99905858313689,34.222329362601684,雁塔区,109.003925,34.220875
B0FFG77UOB,陕西中晟规划设计研究院(雁翔路),科教文化服务;科研机构;科研机构,108.99288569971851,34.227295275555655,雁塔区,108.997726,34.225824
B0KD7UPEBY,西安时代节拍架子鼓(曲江校区),科教文化服务;培训机构;培训机构,108.96964466271162,34.20920453965201,雁塔区,108.974388,34.20766
B0FFG77VHM,陕西化工研究院有限公司,科教文化服务;科研机构;科研机构,108.99726594754496,34.22658327137961,雁塔区,109.002125,34.225125
B0IDZD5E39,星桥篮球培训(曲江创意谷校区),科教文化服务;培训机构;培训机构,109.00728417352144,34.21077750375762,雁塔区,109.012185,34.209344
B0LDAAJBUK,贝尔机器人编程.信奥中心(曲江汉华城店),科教文化服务;培训机构;培训机构,108.99350952271982,34.2093317706235,雁塔区,108.998351,34.207856
B0MU3SO50G,金话筒艺术小主持人钢琴声乐合唱团,科教文化服务;文艺团体;文艺团体,108.96863545661924,34.21012189776956,雁塔区,108.973375,34.208575
B0JBUCI8S9,北京华棟练字(曲江一小校区),科教文化服务;培训机构;培训机构,108.98046003740758,34.21495146832848,雁塔区,108.985247,34.213439
B0IUBDDGWK,心田花开成长中心(曲江大道校区),科教文化服务;培训机构;培训机构,108.98982279039348,34.21507086079009,雁塔区,108.994649,34.213586
B0FFKCQZWO,三秦出版社,科教文化服务;科教文化场所;科教文化场所,109.00900837323589,34.215867529334474,雁塔区,109.013917,34.214441
B0G0LUGHUL,西安瓦当艺术博物馆(暂停开放),科教文化服务;博物馆;博物馆,108.987369567163,34.21054976362546,雁塔区,108.992185,34.209056
B0HDZC2DIJ,黄先生的美术馆,科教文化服务;美术馆;美术馆,108.98805655240297,34.21186626070803,雁塔区,108.992875,34.210375
B0FFJ2ITRM,曲江城市规划展览馆,科教文化服务;科教文化场所;科教文化场所,108.98812814331544,34.21314360094974,雁塔区,108.992947,34.211653
B001D08O6K,西安理工大学曲江校区西校区工程训练中心,科教文化服务;科教文化场所;科教文化场所,108.98619660142133,34.221562356421174,雁塔区,108.991008,34.220069
B0MGRMJJ6E,中央广播电视总台陕西总站,科教文化服务;传媒机构;电视台,108.991731097851,34.197710098582206,雁塔区,108.996564,34.196225
B0LRPSQCSR,林里芭蕾艺术空间 ARTISTIC SPACE,科教文化服务;培训机构;培训机构,108.9658608088188,34.22385826399896,雁塔区,108.970591,34.222309
B0JDXCKF3E,春田里艺术(曲江校区),科教文化服务;培训机构;培训机构,108.99672153663953,34.1876483413716,雁塔区,109.001575,34.186175
B0LRSH3TNR,优贝安亲,科教文化服务;培训机构;培训机构,108.96689927660414,34.182808585742315,雁塔区,108.97163,34.181248
B0IDUMLDRY,麒麟学府,科教文化服务;科教文化场所;科教文化场所,108.97647976177431,34.20868898582221,雁塔区,108.98125,34.207163
B0FFM85TJO,SK英国私教(曲江示范校区),科教文化服务;培训机构;培训机构,108.98990245663836,34.21500864401254,雁塔区,108.994729,34.213524
B0KRTXZ63J,优益源曲江二小校区,科教文化服务;科教文化场所;科教文化场所,109.00345334436696,34.214094937126944,雁塔区,109.008338,34.212651
B0IUJAFMVU,金子趣学堂,科教文化服务;培训机构;培训机构,108.99805102004412,34.20918405866104,雁塔区,109.002912,34.207722
B0HGVDOK03,爱舞艺术(曲江校区),科教文化服务;培训机构;培训机构,108.99613901968355,34.18790602409192,雁塔区,109.00099,34.186431
B001D06FTU,西安工程技术学校,科教文化服务;学校;职业技术学校,108.97824989585897,34.22930064759367,雁塔区,108.983029,34.227787
B0FFL45NNT,妖灵羚艺术学校,科教文化服务;培训机构;培训机构,108.96620256577488,34.18678909670274,雁塔区,108.970931,34.185228
B0L2BULOR7,蚂蚁书童(临街商铺),科教文化服务;培训机构;培训机构,108.99003613781524,34.18790344014976,雁塔区,108.994861,34.18641
B0J13CMYIA,USBA美国篮球学院(华著分校),科教文化服务;培训机构;培训机构,108.99502423152762,34.218852846673755,雁塔区,108.999873,34.217385
B0FFJ89QDV,缤纷鸟美术书法(曲江芙蓉新天地校区),科教文化服务;培训机构;培训机构,108.96920528286893,34.210034420092924,雁塔区,108.973947,34.208489
B0G13S20YB,方圆托辅中心(曲江店),科教文化服务;培训机构;培训机构,108.97492234264207,34.21675751913487,雁塔区,108.979687,34.21523
B0K60D1TYP,桐与云华琴筝文化体验馆,科教文化服务;培训机构;培训机构,108.98583212678288,34.20958965401291,雁塔区,108.990641,34.208091
B0H15ASHKW,贝尔安亲(曲江第一学校校区),科教文化服务;培训机构;培训机构,109.00627747413562,34.187091525246,雁塔区,109.011172,34.185647
B0K06U9Z8X,乐享·且陶陶非遗学堂,科教文化服务;培训机构;培训机构,109.01727127568093,34.18290415649195,雁塔区,109.022212,34.181491
B0FFIPDP7Z,西安蓝话筒(曲江华著中城校区),科教文化服务;培训机构;培训机构,108.99242742757464,34.218083967400815,雁塔区,108.997265,34.216608
B0FFLM89RV,鲸奇创想家少儿编程机器人俱乐部,科教文化服务;培训机构;培训机构,109.00419896532463,34.21614595404413,雁塔区,109.009087,34.214705
B0HGBRQJ9M,陕西人民美术出版社,科教文化服务;传媒机构;出版社,109.00816997752764,34.21560414402864,雁塔区,109.013075,34.214175
B0L0DLNWT4,SR舞蹈·24H自助舞室(曲江汉华城店),科教文化服务;培训机构;培训机构,108.99398146487518,34.209749199519166,雁塔区,108.998825,34.208275
B0J6KG4NG3,茅台博览馆,科教文化服务;展览馆;展览馆,108.98663262398814,34.19912286309552,雁塔区,108.991444,34.197623
B0KR7UITJJ,盛唐玉石西安展览馆,科教文化服务;展览馆;展览馆,108.99281001326212,34.227421458015456,雁塔区,108.99765,34.22595
B0KRXHFUZM,D·DANCE舞蹈(曲江金滹沱店),科教文化服务;培训机构;培训机构,108.9711371147901,34.18204960695955,雁塔区,108.975884,34.1805
B001D0WKPF,西安小天鹅艺术团(西影路艺术中心),科教文化服务;文艺团体;文艺团体,108.97908855650178,34.22832561258163,雁塔区,108.983871,34.226814
B0IRSRGQP7,耐斯街区DanceBlock(曲江创意谷店),科教文化服务;培训机构;培训机构,109.00718225214212,34.215041319340926,雁塔区,109.012083,34.213609
B0LDFDXATH,大魔王优托,科教文化服务;科教文化场所;科教文化场所,108.98045803252958,34.21511041816985,雁塔区,108.985245,34.213598
B0IRH5T7TH,西安鸿舞舞蹈精锐区,科教文化服务;培训机构;培训机构,109.01462746782916,34.205028554518925,雁塔区,109.019559,34.203615
B0MAH1MZR5,亚朵竹居流动图书馆(曲江创意谷店),科教文化服务;图书馆;图书馆,109.00827861541894,34.21438524587925,雁塔区,109.013184,34.212956
B0JBBZY267,吉的堡(西影路校区),科教文化服务;培训机构;培训机构,108.9718251198076,34.22238502675548,雁塔区,108.976578,34.220851
B001D08VWO,西安理工大学曲江校区东校区数学学院,科教文化服务;学校;高等院校,108.99340485373004,34.222757348985574,雁塔区,108.998247,34.221286
B0J2KLAZYF,正心格练字(曲江旗舰店),科教文化服务;培训机构;培训机构,108.98269221706208,34.18580485999481,雁塔区,108.987486,34.184289
B001D0VRT7,陕西省计算机技术学校,科教文化服务;学校;职业技术学校,108.96699434704492,34.22642040921044,雁塔区,108.971729,34.224875
B0LRF572C0,西安易岸自习室,科教文化服务;培训机构;培训机构,108.99605969593668,34.21988334192807,雁塔区,109.000913,34.218419
B0H0O4UEYR,鹰迪高尔夫(芙蓉新天地店),科教文化服务;培训机构;培训机构,108.96868527862578,34.20997181833793,雁塔区,108.973425,34.208425
B0LBLUO9HF,杰成体育篮球培训,科教文化服务;培训机构;培训机构,109.00888772587592,34.20589936077285,雁塔区,109.013795,34.204469
B001D04FJ3,西安有色设计院,科教文化服务;科研机构;科研机构,108.97637179951305,34.225647286398804,雁塔区,108.981143,34.224127
B0I2JH3J6R,大千艺术馆(西安曲江芙蓉新天地购物中心店),科教文化服务;美术馆;美术馆,108.97206121204422,34.21001575194093,雁塔区,108.976814,34.208478
B0HUGAQVO3,旋木吉他,购物服务;专卖店;专营店|科教文化服务;培训机构;培训机构,108.97645081457584,34.18516695065698,雁塔区,108.981219,34.183633
B0FFKXEPVQ,唐人艺术(曲江校区),科教文化服务;培训机构;培训机构,108.98805685969212,34.19608465012856,雁塔区,108.992874,34.194588
B0FFK4T6T6,曲江南湖小学教学楼,科教文化服务;学校;小学,108.9743602180542,34.19686992443835,雁塔区,108.979121,34.195334
B0IDZH4TQJ,半山半水缦学堂古琴,科教文化服务;培训机构;培训机构,108.98387491456408,34.20248085634755,雁塔区,108.988675,34.200974
B0LKTAUZGG,杨梅红艺术教育·美术画画(旺座曲江店),科教文化服务;培训机构;培训机构,109.0092786352598,34.21092444936774,雁塔区,109.014188,34.209497
B0LDMSE6PG,曲江第十八幼儿园,科教文化服务;学校;幼儿园,108.99437458076586,34.21212518362039,雁塔区,108.99922,34.210653
B0J3MSDC7A,立高集团西北分公司西安研发中心,科教文化服务;科研机构;科研机构,108.99757848911985,34.22793683014913,雁塔区,109.002439,34.22648
B0JRGAY8PW,The ONE智能钢琴(中海·凯旋门店),科教文化服务;培训机构;培训机构,108.9757526196463,34.18517190687658,雁塔区,108.980518,34.183636
B0FFLGPVC5,云巅起舞艺术中心(曲江店),科教文化服务;培训机构;培训机构,108.99616690084564,34.18789394349363,雁塔区,109.001018,34.186419
B0LULH8LFW,青云志自习室,科教文化服务;科教文化场所;科教文化场所,109.00806868882052,34.212292610992804,雁塔区,109.012973,34.210862
B0FFK3JSTG,西安理工大学曲江校区东校区人文与外国语学院,科教文化服务;学校;高等院校,108.99156583672816,34.22137339007399,雁塔区,108.9964,34.219896
B0I0ACAQOQ,NEWDANCER(龙湖西安曲江天街店),科教文化服务;培训机构;培训机构,108.9870971637832,34.217230229260274,雁塔区,108.991912,34.215738
B0FFHRUI79,西安交通大学曲江校区西安信安保密技术研究所,科教文化服务;科研机构;科研机构,108.9972280932812,34.22678931145212,雁塔区,109.002087,34.225331
B0HGVKM501,橙果育见(曲江·紫汀苑店),科教文化服务;培训机构;培训机构,108.97941440908926,34.21396581826792,雁塔区,108.984197,34.21245
B0L3XZ1J80,西安理工大学电气工程学院,科教文化服务;学校;高等院校,108.98720937604313,34.22101554904374,雁塔区,108.992025,34.219525
B0M65UIUY4,西安交大附中国际部,科教文化服务;科教文化场所;科教文化场所,109.000403458126,34.22628684793332,雁塔区,109.005276,34.224838
B0FFHJGEKP,缤纷鸟少儿美术(曲龙校区),科教文化服务;培训机构;培训机构,108.98726353319611,34.216362042061,雁塔区,108.992079,34.21487
B0IGFSSFHX,咏之梦舞蹈(曲江华著中城店),科教文化服务;培训机构;培训机构,108.99303679951036,34.21832304428075,雁塔区,108.997877,34.216849
B0FFF9ME54,曲江秦二世陵遗址公园博物馆,科教文化服务;博物馆;博物馆,108.97921985848016,34.19391622287222,雁塔区,108.984,34.192393
B0LDXLGLJ0,悦然书房(春临店),科教文化服务;科教文化场所;科教文化场所,108.99605730578128,34.18868801584721,雁塔区,109.000908,34.187213
B0FFGFO94I,德泰·曲江国际幼儿园,科教文化服务;学校;幼儿园,108.9905425360292,34.20532008941344,雁塔区,108.995371,34.203834
B0I3VACK5M,冠孚课后成长中心,科教文化服务;培训机构;培训机构,108.96573651485416,34.18423812391804,雁塔区,108.970463,34.182675
B0FFGG9DZ3,曲江第二幼儿园,科教文化服务;学校;幼儿园,108.99635797678371,34.2011289575137,雁塔区,109.001211,34.199659
B0KKVC5NE3,卢轩国球乒乓球训练基地(曲江校区),科教文化服务;培训机构;培训机构,109.00432753125314,34.21472906351924,雁塔区,109.009216,34.213288
B001D0WU2M,西安交通大学曲江校区会展中心,科教文化服务;会展中心;会展中心,108.99470802522244,34.22562237476793,雁塔区,108.999556,34.224156
B0HDP5KL1N,九拍架子鼓(曲江校区),科教文化服务;培训机构;培训机构,108.97151341286818,34.1849276594625,雁塔区,108.976262,34.18338
B0JBLRU4Q2,骊歌音乐中心(曲江校区),科教文化服务;培训机构;培训机构,108.97123549451302,34.184944405681975,雁塔区,108.975983,34.183396
B0FFJCSU0J,三格吉他行(曲江店),科教文化服务;培训机构;培训机构,108.97509313630889,34.22312577284465,雁塔区,108.979859,34.221601
B0JBUA72HN,藤蔓绘本馆(曲江分馆),科教文化服务;图书馆;图书馆,108.97725259286702,34.18499774585501,雁塔区,108.982024,34.183466
B0MBFZ2ZA8,桑尼佳恩国际教育(曲江万科校区),科教文化服务;培训机构;培训机构,108.9926477274032,34.215170332869775,雁塔区,108.997486,34.213694
B0K15D1AK7,花夏之音·音乐空间(旺座曲江店),科教文化服务;科教文化场所;科教文化场所,109.00958419550152,34.21254896557692,雁塔区,109.014495,34.211123
B0H37UBYMP,开源证券投资者教育基地,科教文化服务;培训机构;培训机构,108.97087484855284,34.19772216058542,雁塔区,108.975622,34.196177
B0MA3AYGJD,西安广播电视台电商直播中心,科教文化服务;传媒机构;传媒机构,108.97376567849813,34.20780884772124,雁塔区,108.978525,34.206275
B0HD0713G2,赵贺新书法(曲二校区),科教文化服务;培训机构;培训机构,109.00295059450718,34.213060825150095,雁塔区,109.007833,34.211615
B0FFGFPDZM,曲江第一幼儿园,科教文化服务;学校;幼儿园,108.99403948600772,34.20650614420016,雁塔区,108.998883,34.205031
B0FFLB7HEB,北京红舞鞋少儿形体舞蹈教育(南湖艺境店),科教文化服务;培训机构;培训机构,108.99652238879617,34.18769892903147,雁塔区,109.001375,34.186225
B0MA5RP8QC,亚朵旗下轻居漂流书(西安大唐不夜城理工大曲江校区地铁站),科教文化服务;图书馆;图书馆,108.99077031383032,34.22038213595127,雁塔区,108.995601,34.218902
B0FFHLXXXX,西安市曲江第一中学教学楼A,科教文化服务;科教文化场所;科教文化场所,108.97999764189392,34.21853053345541,雁塔区,108.984783,34.217018
B0KU5UJLOP,辰彩舞蹈(雁翔路华著中城店),科教文化服务;培训机构;培训机构,108.99613147949324,34.21877751796779,雁塔区,109.000985,34.217313
B0FFG6JDEO,雁塔区雁翔阳光幼儿园,科教文化服务;学校;幼儿园,109.00083664035236,34.2257057423707,雁塔区,109.005711,34.224258
B0FFH1C37Y,北京红舞鞋少儿芭蕾形体舞蹈,科教文化服务;培训机构;培训机构,108.98937130904604,34.207852728061425,雁塔区,108.994195,34.206364
B0JR9XLM6P,Adam Music音乐工作室,科教文化服务;培训机构;培训机构,108.96601824388644,34.22357596104824,雁塔区,108.970749,34.222027
B001D12NGS,西安电视台新闻综合频道,科教文化服务;传媒机构;电视台,108.97286624453392,34.207649373892146,雁塔区,108.977622,34.206113
B0FFL9WL49,德慧学堂曲江龙邸校区,科教文化服务;培训机构;培训机构,109.004555004515,34.20934525351308,雁塔区,109.009444,34.207903
B0GD0S90ZF,七色花艺术教育,科教文化服务;培训机构;培训机构,108.98330346854712,34.18830625952948,雁塔区,108.9881,34.186793
B0LDBUF37O,荀木白书院·金辉校区,科教文化服务;科教文化场所;科教文化场所,108.96701580703456,34.18318416188553,雁塔区,108.971747,34.181624
B0FFFHJT48,吉的堡紫汀苑幼儿园,科教文化服务;学校;幼儿园|科教文化服务;培训机构;培训机构,108.983688988502,34.21096648129237,雁塔区,108.988489,34.209462
B0JGMZ39PF,子闻轩曲江馆(硬笔·软笔·绘画),科教文化服务;培训机构;培训机构,108.97724861168398,34.18496476780642,雁塔区,108.98202,34.183433
B0H3PC503E,正馨书院,科教文化服务;培训机构;培训机构,108.9845435358172,34.20954346829288,雁塔区,108.989347,34.208041
B0FFHOLMBF,北京红舞鞋少儿形体舞蹈教育(华著中城校区),购物服务;服装鞋帽皮具店;服装鞋帽皮具店|科教文化服务;培训机构;培训机构,108.99324088268688,34.21883624579847,雁塔区,108.998082,34.217363
B0LG4LCAW4,西安图书馆翠竹园分馆,科教文化服务;图书馆;图书馆,108.97287932327043,34.193891996333306,雁塔区,108.977634,34.192351
B0J35KQ25O,西安天艺艺术学校,科教文化服务;培训机构;培训机构,108.99380405074508,34.1878111252435,雁塔区,108.998645,34.186329
B0G25YR4GU,阿浦教育,科教文化服务;培训机构;培训机构,108.98833765708908,34.19624775859778,雁塔区,108.993156,34.194752
B0LUMCFG02,铁一中学,科教文化服务;学校;中学,108.97429110195414,34.22593498509114,雁塔区,108.979054,34.224409
B0KAYZ2KQ5,璞玊音乐,科教文化服务;培训机构;培训机构,108.97000935328153,34.183644121724114,雁塔区,108.974752,34.182092
B0L3A7VL8O,乐思书咖,科教文化服务;培训机构;培训机构,108.98981725643664,34.18564183344339,雁塔区,108.994641,34.184147
B0KDVARNRI,贝尔全能学生成长中心(曲江一小校区),科教文化服务;培训机构;培训机构,108.97425508443914,34.21573573091432,雁塔区,108.979017,34.214206
B0HGJSIPYB,西安理工大学曲江校区西校区国际工学院,科教文化服务;学校;高等院校,108.9865292462293,34.22100756987608,雁塔区,108.991342,34.219515
B0FFHNUKHI,西安户邑民间艺术博物馆,科教文化服务;博物馆;博物馆,108.969969233499,34.211379917954496,雁塔区,108.974714,34.209837
B0GKBBC51X,研田书院 曲江一校区,科教文化服务;培训机构;培训机构,109.0042707673416,34.21482420211127,雁塔区,109.009159,34.213383
B0FFGBFLJ9,西安市浐灞丝路学校,科教文化服务;学校;中学,109.03403323481274,34.21114841580532,雁塔区,109.039043,34.209791
B0FFG1UZ28,西安浐灞绿地小学,科教文化服务;学校;小学,109.03521930311692,34.228812084403856,雁塔区,109.040235,34.227464
B0FFHY1WE2,灞桥区黄河锦绣小学,科教文化服务;学校;小学,109.05075809985986,34.2284664494165,灞桥区,109.055827,34.227154
B0L1YZE9I5,高铁东城学校,科教文化服务;学校;学校,109.0556370496078,34.221530445087026,灞桥区,109.06072,34.220225
B0KG271CDL,西安启航职业高级中学(长鸣路校区),科教文化服务;学校;职业技术学校,109.02834569471833,34.21532998278524,雁塔区,109.033334,34.213959
B0JRNA6TKO,西安远东补习学校(曲江校区),科教文化服务;培训机构;培训机构,109.02794713953364,34.21672657221215,雁塔区,109.032934,34.215355
B0FFG8DHT3,高桥中学,科教文化服务;学校;中学,109.0594305974994,34.19632640847853,灞桥区,109.064522,34.195019
B001D08WYL,常家湾小学,科教文化服务;学校;小学,109.06201600282232,34.18186487481285,灞桥区,109.067113,34.180557
B001D08WZ1,西安市鹿原中学,科教文化服务;学校;中学,109.08149646703131,34.22833885913626,灞桥区,109.086638,34.22707
B001D0VQ18,西安市雁塔区月登阁小学,科教文化服务;学校;小学,109.03135916210093,34.22536033803562,雁塔区,109.03636,34.224001
B001D0ZPG0,灞桥高桥小学,科教文化服务;学校;小学,109.06177116704482,34.19890065834748,灞桥区,109.066869,34.197598
B0FFFFX0J3,西安市灞桥区石佛寺小学,科教文化服务;学校;小学,109.07653568185296,34.219071494028555,灞桥区,109.081668,34.217795
B0LDJ7WIFK,贝尔安亲(浐灞绿地小学校区),科教文化服务;科教文化场所;科教文化场所,109.03689125588524,34.22750135594059,雁塔区,109.041913,34.226157
B0FFFZQ2O4,中国唐苑国际会展中心,科教文化服务;展览馆;展览馆,109.031791726277,34.19930030483475,雁塔区,109.036792,34.197933
B0FFHBLFVZ,天平驾考中心,科教文化服务;驾校;驾校,109.03821031772544,34.18238555363249,长安区,109.043233,34.181029
B0FFM8RIFX,西安曼卡拉力艺技术研发中心,科教文化服务;博物馆;博物馆,109.04132211406252,34.219226579656315,雁塔区,109.046359,34.21789
B0IANZH4GB,陕西泰斗挖掘机培训基地,科教文化服务;驾校;驾校,109.05750099006194,34.183847883534575,灞桥区,109.062586,34.182533
B0J0OUF9RW,吉的堡生态城幼儿园,科教文化服务;学校;幼儿园|科教文化服务;培训机构;培训机构,109.03668688927613,34.228840377575665,雁塔区,109.041708,34.227496
B0FFK92RXT,西安优学教育(半引路),科教文化服务;培训机构;培训机构,109.05165048194812,34.22682524090654,灞桥区,109.056722,34.225514
B0G1OLF6E7,简姆音乐,科教文化服务;培训机构;培训机构,109.03463031663578,34.21918205712044,雁塔区,109.039643,34.217829
B0L03RD81S,中铁二十二局西安东站二标项目部中心试验室,科教文化服务;科研机构;科研机构,109.06142882778958,34.18998118205231,灞桥区,109.066525,34.188675
B0M6FSXF6H,领航无人机产业研训基地,科教文化服务;培训机构;培训机构,109.0499377162231,34.19297948469018,灞桥区,109.055001,34.191653
B0FFK7REVN,雁塔吉的堡英嘉幼儿园(融公馆园),科教文化服务;学校;幼儿园,109.03587270368465,34.21922288923735,雁塔区,109.04089,34.217873
B0LBCCE42T,西安同仁中学,科教文化服务;学校;中学,109.02767133293824,34.2154447756048,雁塔区,109.032657,34.214072
B0LAXZ4BL3,小疆无人机驾校,科教文化服务;驾校;驾校,109.08411970131792,34.22670462969293,灞桥区,109.089265,34.225437
B0H2XRGKTL,慧树湾幼儿园,科教文化服务;学校;幼儿园,109.03721748606333,34.22257532564062,雁塔区,109.04224,34.22123
B0FFL0DDKU,天平佳程驾驶员培训有限责任公司,科教文化服务;科教文化场所;科教文化场所,109.03832981861504,34.18318500263123,长安区,109.043353,34.181829
B0FFJQAWJW,西安天平社会化科目二考场,科教文化服务;科教文化场所;科教文化场所,109.03841250040838,34.18342372297234,长安区,109.043436,34.182068
B0I35SLOM2,西安佳乐骑程摩托车驾驶员培训有限公司,科教文化服务;驾校;驾校,109.03840156903404,34.18308086049132,长安区,109.043425,34.181725
B0FFKRTJ2H,西安支队盈同科目二考场,科教文化服务;科教文化场所;科教文化场所,109.03827603184784,34.18295820771896,长安区,109.043299,34.181602
B0LGXA851U,昱涞优国际幼儿园,科教文化服务;学校;幼儿园,109.0336998000316,34.219203438618905,雁塔区,109.038709,34.217848
B0G1VCC2T5,格睿斯钢琴艺术中心,科教文化服务;培训机构;培训机构,109.03548293884782,34.22163001434795,雁塔区,109.040499,34.22028
B0FFIQ4MSK,西安市社会化科建科目三考场,科教文化服务;科教文化场所;科教文化场所,109.04885439262932,34.190146683884755,雁塔区,109.053914,34.188817
B0KR7SHR19,西安星辉艺舞总部,科教文化服务;培训机构;培训机构,109.03798268779178,34.22280835028709,雁塔区,109.043008,34.221465
B0MB2X1UIA,灞桥区红旗街道中心幼儿园(儿童之家),科教文化服务;学校;幼儿园,109.0502853167102,34.219849526714334,灞桥区,109.055352,34.218533
B0FFJXASE4,狄寨街道第二幼儿园,科教文化服务;学校;幼儿园,109.07632312033144,34.21851290128774,灞桥区,109.081455,34.217236
B0JUASR33O,雁鸣筝语古筝琴行,科教文化服务;培训机构;培训机构,109.04637024279384,34.192598220797954,雁塔区,109.051422,34.191264
B0L2RSMCHY,西安酷舞派街舞,科教文化服务;培训机构;培训机构,109.03659747656192,34.22580070703793,雁塔区,109.041618,34.224455
B0LBHSZDBH,西安同仁小学,科教文化服务;学校;小学,109.0277390724469,34.21537361606502,雁塔区,109.032725,34.214001
B0MUBR7TY8,月登阁社区6号楼,科教文化服务;学校;学校内部设施,109.03097561078934,34.225635252750564,雁塔区,109.035975,34.224275
B0KB6Z6YZX,优选滴水学堂,科教文化服务;培训机构;培训机构,109.0500623971358,34.227047394594315,灞桥区,109.055129,34.225733
B0K1RZ7A21,奥德优乐高端托管(浐灞绿地校区),科教文化服务;科教文化场所;科教文化场所,109.0367229813792,34.22621524311408,雁塔区,109.041744,34.22487
B0LD9H3G3T,树人托管(浐灞绿地园区),科教文化服务;培训机构;培训机构,109.03684263783867,34.22511134436272,雁塔区,109.041864,34.223766
B001D0Z5O8,高桥博艺幼儿园,科教文化服务;学校;幼儿园,109.06253267234756,34.1934882526027,灞桥区,109.067632,34.192185
B0LAMZA2UJ,硕博学堂,科教文化服务;培训机构;培训机构,109.03687850533032,34.22512724918253,雁塔区,109.0419,34.223782
B0LA9UWU5S,西安小将训练基地,科教文化服务;培训机构;培训机构,109.02683440604292,34.1945952070076,雁塔区,109.031815,34.193213
B0MD0SQ4JA,马腾空安置房北区幼儿园,科教文化服务;学校;幼儿园,109.03570879074886,34.213577297074735,雁塔区,109.040725,34.212225
B0I2BU105L,腾越安驾摩托培训基地,科教文化服务;驾校;驾校,109.0268583180382,34.21807406948209,雁塔区,109.031841,34.2167
B0LD27NTQU,智小博托管中心,科教文化服务;科教文化场所;科教文化场所,109.03500368257464,34.21031422353396,雁塔区,109.040017,34.208959
B0FFLI42LD,西安铁道技师学院图书馆,科教文化服务;图书馆;图书馆,109.0845033273611,34.224794081136395,灞桥区,109.089649,34.223526
B0MBKKOZH8,陕西泰斗挖掘机培训基地,科教文化服务;培训机构;培训机构,109.06856118892188,34.19331953806819,灞桥区,109.073675,34.192025
B0JB9OYW13,庆华驾校,科教文化服务;驾校;驾校,109.04957873220356,34.22925259364495,灞桥区,109.054644,34.227938
B0I2MRHN3P,贝小蒙儿童之家,科教文化服务;培训机构;培训机构,109.03790446509436,34.22872539900212,雁塔区,109.04293,34.227384
B0M65UJ8RP,爪友 PawPals宠物幼儿园,科教文化服务;学校;幼儿园,109.05723245299878,34.18722926510354,灞桥区,109.062317,34.185915
B001D0VQAA,常家湾幼儿园,科教文化服务;学校;幼儿园,109.06135372284513,34.18187794088216,灞桥区,109.066449,34.180569
B0K09C2G1T,西安秦泰文化传媒有限公司,科教文化服务;传媒机构;传媒机构,109.05119492587504,34.22636232741951,灞桥区,109.056265,34.22505
B0FFJRWQW0,艾特斯艺术中心,科教文化服务;培训机构;培训机构,109.037167464087,34.22496658816178,雁塔区,109.04219,34.223622
B0L1376K4I,三个小伙伴成长中心(托管),科教文化服务;培训机构;培训机构,109.04551252995192,34.22240283558025,灞桥区,109.050564,34.221077
B0L1RM9RZC,精育托管,科教文化服务;培训机构;培训机构,109.0503584805494,34.22691083425197,灞桥区,109.055426,34.225597
B0L3MROG7Y,伴笔书院,科教文化服务;培训机构;培训机构,109.0497591591018,34.22928920502538,灞桥区,109.054825,34.227975
B0LK2UR3OX,驾联志飞无人机培训,科教文化服务;培训机构;培训机构,109.03815245435936,34.183231422782434,长安区,109.043175,34.181875
B0L37SLOQ7,西安铁道技师学院-马克思主义学院,科教文化服务;培训机构;培训机构,109.08465420329716,34.22380334581338,灞桥区,109.0898,34.222535
B0MGTR7G4Y,新丝路托育服务部,科教文化服务;培训机构;培训机构,109.03501165158475,34.2103301977037,雁塔区,109.040025,34.208975
B0LGJHLP2Q,湾子村学校(建设中),科教文化服务;学校;学校,109.0549889492767,34.221338725452924,灞桥区,109.06007,34.220032
B0FFG4LKGT,陕西职业技术学院白鹿原校区,科教文化服务;学校;职业技术学校,109.09265253472412,34.215733766211656,灞桥区,109.097807,34.214466
B001D08OQ8,西安财经大学行知学院,科教文化服务;学校;高等院校,109.09123776890148,34.22918133885657,灞桥区,109.096392,34.227918
B001D03E14,西安汽车职业大学白鹿原校区,科教文化服务;学校;高等院校,109.09892274464512,34.21410162854939,灞桥区,109.104082,34.212834
B0FFHF1TW4,西安铁道技师学院,科教文化服务;学校;职业技术学校,109.08497077176447,34.2237401770172,灞桥区,109.090117,34.222472
B001D03E15,西安市第六十二中学,科教文化服务;学校;中学,109.10232094167986,34.21409796357693,灞桥区,109.107482,34.21283
B0FFG23LNW,白鹿原大学城,科教文化服务;科教文化场所;科教文化场所,109.08761311329542,34.2263098251221,灞桥区,109.092763,34.225044
B0KGD5OYO0,麦草人有机农业公园,风景名胜;公园广场;公园|科教文化服务;培训机构;培训机构,109.11911499295518,34.19725741559373,灞桥区,109.124275,34.195975
B0FFHU8VUX,高塬艺术区,科教文化服务;科教文化场所;科教文化场所,109.12978286947474,34.22580843672194,灞桥区,109.134939,34.224525
B0LDRC9HZO,天翼无人机,科教文化服务;培训机构;培训机构,109.11376655558207,34.22133809110363,灞桥区,109.11893,34.220068
B001D0Z3C0,西安市灞桥区白鹿原中心小学,科教文化服务;学校;小学,109.10214986478336,34.215857315714295,灞桥区,109.107311,34.21459
B001D11O6J,狄寨小学,科教文化服务;学校;小学,109.12279072978616,34.207862150927575,灞桥区,109.12795,34.20658
B0LK9ZA9BN,西安育华职业高中教学楼,科教文化服务;培训机构;培训机构,109.08819166103277,34.22344659062328,灞桥区,109.093342,34.22218
B0HKHCDBXH,白鹿原考古基地,科教文化服务;培训机构;培训机构,109.1080684960949,34.222702591580706,灞桥区,109.113232,34.221436
B0KGZ74J3H,西安育华职业高中,科教文化服务;学校;学校,109.08820864002917,34.2234545800649,灞桥区,109.093359,34.222188
B0GK9SOCQU,西安财经大学行知学院新行政楼,科教文化服务;学校;学校,109.08902338497572,34.22688998388994,灞桥区,109.094175,34.225625
B0FFGER79I,科目二考场(金航科目二考场),科教文化服务;驾校;驾校,109.13598298388251,34.19815112919183,灞桥区,109.141131,34.19685
B0J1AZ21AG,西安金航驾校训练场,科教文化服务;驾校;驾校,109.11789566105833,34.219201829742,灞桥区,109.123058,34.217928
B0LKFRTQOP,好老师升学帮(西安西汽教学点),科教文化服务;培训机构;培训机构,109.10099439642772,34.21613405708238,灞桥区,109.106155,34.214867
B0L3JPD73O,领识专升本(白鹿原校区),科教文化服务;培训机构;培训机构,109.09963506913644,34.216941656117775,灞桥区,109.104795,34.215675
B0LG3Z43K6,麟狮堂舞狮训练基地,科教文化服务;培训机构;培训机构,109.11614174809864,34.21262180803306,灞桥区,109.121304,34.211347
B0GKXLGAQD,西安交通职业学校,科教文化服务;学校;职业技术学校,109.09830611518132,34.21435053433722,灞桥区,109.103465,34.213083
B0LBZALNQQ,正学专升本(汽车大校区),科教文化服务;科教文化场所;科教文化场所,109.1006155741036,34.21635993707102,灞桥区,109.105776,34.215093
B0L3ASTVPW,西安财经大学行知学院9号楼,科教文化服务;学校;学校,109.0912207858146,34.22918834166762,灞桥区,109.096375,34.227925
B0FFHD1LK3,西安市驾驶人社会化华津科目三考场,科教文化服务;科教文化场所;科教文化场所,109.09676740847472,34.21174650167541,灞桥区,109.101925,34.210478
B0FFF2J1KM,狄寨街道中心幼儿园,科教文化服务;学校;幼儿园,109.10095821716166,34.20692426403281,灞桥区,109.106118,34.205654
B0KR2GGYR1,贵州千喜匠酒文化馆,科教文化服务;文化宫;文化宫,109.09426950883665,34.21059421582083,灞桥区,109.099425,34.209325
B0FFJQ747T,小天鹅幼儿园(狄寨街),科教文化服务;学校;幼儿园,109.12201438450712,34.20724361797544,灞桥区,109.127174,34.205962
B0FFISG3PO,狄寨街道第三幼儿园,科教文化服务;学校;幼儿园,109.12745282161366,34.194407625696414,灞桥区,109.132608,34.193116
B0KKBOTENJ,创意轨迹文化传媒有限公司,科教文化服务;传媒机构;传媒机构,109.10834398146682,34.193724722710606,灞桥区,109.113505,34.192448
B0FFFYN0X7,樱之花幼儿园,科教文化服务;学校;幼儿园,109.119283451135,34.20420420580351,灞桥区,109.124444,34.202924
B0L35CEIZO,雕光时刻浮雕绘画艺术馆,科教文化服务;科教文化场所;科教文化场所,109.11140366850226,34.21813482707589,灞桥区,109.116567,34.216865
B0L3ASRHIF,西安财经大学行知学院7号楼,科教文化服务;学校;学校,109.08917320004385,34.227039867679046,灞桥区,109.094325,34.225775
B0MDAO5TC8,西安铁道技师学院动车学院,科教文化服务;学校;高等院校|科教文化服务;学校;职业技术学校,109.08692631032658,34.22239257861227,灞桥区,109.092075,34.221125
B001D08OGP,西安鹿原果业研究开发中心,科教文化服务;科研机构;科研机构,109.1314431713227,34.19241105142043,灞桥区,109.136595,34.191114
B0MAZABK6O,西安财经大学行知学院6号楼,科教文化服务;学校;学校,109.0912207858146,34.22918834166762,灞桥区,109.096375,34.227925
B0H2J7UF8R,文都考研(行知分校),科教文化服务;培训机构;培训机构,109.08661716410612,34.22860049055467,灞桥区,109.091766,34.227335
B0MU6RWEH7,西安汽车职业大学(白鹿原校区)-2号楼,科教文化服务;学校;学校内部设施,109.09991509101098,34.21484241396424,灞桥区,109.105075,34.213575
B0FFL24UPV,陕西文物保护专修学院,科教文化服务;学校;高等院校,109.0954002008334,34.21474458853202,灞桥区,109.100557,34.213477
B0I1DUP74N,白鹿原瑛子画廊,科教文化服务;科教文化场所;科教文化场所,109.10505202155016,34.21300697325648,灞桥区,109.110214,34.211738
B0MD7984MI,西安汽车职业大学(白鹿原校区)-9号楼,科教文化服务;学校;学校内部设施,109.09776667571072,34.212043350067674,灞桥区,109.102925,34.210775
B0M6967OR6,陕西艺术职业学院11号楼,科教文化服务;学校;学校内部设施,109.09737772649952,34.21454748629635,灞桥区,109.102536,34.21328
B0LG0HXSMN,鹿鸣幼教实践基地,科教文化服务;科教文化场所;科教文化场所,109.0890957771999,34.20993097828865,灞桥区,109.094246,34.20866
B0FFLC1APE,陕西职业技术学院接待处,科教文化服务;学校;高等院校,109.09489748239368,34.21624812983507,灞桥区,109.100054,34.214981
B0MA2URCNM,西安汽车职业大学(白鹿原校区)-4号楼,科教文化服务;学校;学校内部设施,109.10016490731932,34.215342256269864,灞桥区,109.105325,34.214075
B0FFG3H87S,西安启程培训学校,科教文化服务;培训机构;培训机构,109.0871315006559,34.22872818050496,灞桥区,109.092281,34.227463
B0L0T1B8GG,西安财经大学行知学院2号楼,科教文化服务;学校;学校内部设施,109.08913423705954,34.22712685200301,灞桥区,109.094286,34.225862
B0LAXR3HJ5,白鹿原腾飞学员实训基地,科教文化服务;培训机构;培训机构,109.1172624521719,34.21939826149736,灞桥区,109.122425,34.218125
B0FFHKYWN0,乔治幼儿园,科教文化服务;学校;幼儿园,109.11258872927132,34.20653755720076,灞桥区,109.117751,34.205263
B0KRV58Q2X,心匠非遗传习馆,科教文化服务;培训机构;培训机构,109.10017979918337,34.216488852908256,灞桥区,109.10534,34.215222
B0FFHD6OMA,西安铁道技师学院实训中心,科教文化服务;学校;高等院校,109.08692021369949,34.22359215031279,灞桥区,109.092069,34.222325
B0MDV9PL3J,陕西职业技术学院-图书馆,科教文化服务;图书馆;图书馆,109.0949565236792,34.21520948715432,灞桥区,109.100113,34.213942
B0MRBZ9UCW,西安财经大学行知学院经济与统计学院,科教文化服务;学校;高等院校,109.0884029312066,34.228942502187365,灞桥区,109.093554,34.227678
B0L3H78JB3,西安财经大学行知学院-二号教学楼,科教文化服务;培训机构;培训机构,109.09121079534631,34.22919734154233,灞桥区,109.096365,34.227934
B0LKLP7H6B,西安汽车职业大学白鹿原校区-1号公寓,科教文化服务;学校;学校内部设施,109.09916554860844,34.21464244577004,灞桥区,109.104325,34.213375
B0L0D6LOML,西安汽车职业大学白鹿原校区3号楼,科教文化服务;学校;学校,109.09996503660518,34.21514231185529,灞桥区,109.105125,34.213875
B0L0C104UL,西安汽车职业大学白鹿原校区二号教学楼,科教文化服务;学校;学校内部设施,109.098915741064,34.21419259643769,灞桥区,109.104075,34.212925
B0LKU6VZSG,西安财经大学行知学院-邮轮餐厅酒吧模拟实验室,科教文化服务;培训机构;培训机构,109.0882770694014,34.229073510447115,灞桥区,109.093428,34.227809
B0L1XOS6S9,爱心育幼儿园,科教文化服务;学校;幼儿园,109.11245072294084,34.20650348714327,灞桥区,109.117613,34.205229
B0LRLNM5JC,西安财经大学行知学院-人文艺术学院,科教文化服务;学校;高等院校,109.08824510987242,34.2290465346808,灞桥区,109.093396,34.227782
B0J3D5I5YM,木狸文化·小能家.不动堂,科教文化服务;培训机构;培训机构,109.11106166142548,34.218194620689694,灞桥区,109.116225,34.216925
B0MGAHE7RT,西安汽车职业大学1B教学楼,科教文化服务;培训机构;培训机构,109.09836807895228,34.214303550774034,灞桥区,109.103527,34.213036
B0MGSBLIH0,四联村史馆,科教文化服务;传媒机构;传媒机构,109.09013474557244,34.18541980756346,长安区,109.095284,34.184141
B0J3LH81DV,人民学习网(白鹿原校区)(暂停营业),科教文化服务;科教文化场所;科教文化场所,109.09977000662904,34.2167627272941,灞桥区,109.10493,34.215496
B0IRGSDJOJ,喻德江陶瓷博物馆(暂停开放),科教文化服务;博物馆;博物馆,109.10968474639547,34.21779406491319,灞桥区,109.114848,34.216525
B001D02235,西安外事学院南校区,科教文化服务;学校;高等院校,108.86265622067808,34.23115316697572,雁塔区,108.867253,34.229548
B0FFFCUEGJ,西安航空学院莲湖校区,科教文化服务;学校;高等院校,108.8878398198766,34.26426431266777,莲湖区,108.892423,34.262646
B001D09SNR,西北大学桃园校区,科教文化服务;学校;高等院校,108.89015472435295,34.24163036973113,雁塔区,108.894736,34.240002
B001D0VTJG,西安外事学院北校区,科教文化服务;学校;高等院校,108.85490676101128,34.241460596549565,雁塔区,108.859514,34.239871
B0FFF3LF2U,西安市远东第一中学,科教文化服务;学校;中学,108.87341665509337,34.2644419984392,莲湖区,108.878006,34.262836
B001D0088B,西安市远东第二中学,科教文化服务;学校;中学,108.85906753415462,34.274001215638485,莲湖区,108.863672,34.272418
B001D0VXSM,西安市西电中学,科教文化服务;学校;中学,108.89478902853207,34.26752603686596,莲湖区,108.899373,34.265906
B0HUBHD2G2,西安市雁塔区第三中学,科教文化服务;学校;中学,108.86572107815158,34.24911062898581,雁塔区,108.870316,34.247508
B0FFFO5RNH,西安高压电器研究院,科教文化服务;科研机构;科研机构,108.8855325968507,34.27517142569021,莲湖区,108.890117,34.273559
B001D064TW,西安市庆安高级中学,科教文化服务;学校;中学,108.88104717309238,34.263104957399754,莲湖区,108.885632,34.261491
B0HG092ER0,西安市莲湖第一中学,科教文化服务;学校;中学,108.86024367781748,34.26518256825538,莲湖区,108.864846,34.263594
B001D0VGZ9,西安高新第二小学,科教文化服务;学校;小学,108.88252499480204,34.23489004073082,雁塔区,108.887107,34.233264
B0IDL57QWZ,西安陕文投睿德职业高级中学,科教文化服务;学校;职业技术学校|科教文化服务;科研机构;科研机构,108.86125836563248,34.259163463012925,莲湖区,108.865859,34.257571
B001D078FY,西安职业技术学院土门校区,科教文化服务;学校;高等院校,108.88769097062848,34.262200053498525,莲湖区,108.892274,34.260581
B001D00E37,西安市庆安初级中学,科教文化服务;学校;中学,108.88118931601636,34.26204849877464,莲湖区,108.885774,34.260434
B001D08B7I,西安计量技术研究院,科教文化服务;科研机构;科研机构,108.90456005826182,34.2428155562202,莲湖区,108.909147,34.241185
B001D0VY24,大唐西市博物馆,科教文化服务;博物馆;博物馆,108.9033474465987,34.24907028679586,莲湖区,108.907934,34.247442
B0HAZA42D8,西安市莲湖第一学校(小学部),科教文化服务;学校;小学,108.86939997153368,34.25704225802181,莲湖区,108.873992,34.255438
B0FFM7IDMC,西安高新区第十二小学,科教文化服务;学校;小学,108.8527482314826,34.23592817005849,雁塔区,108.857358,34.23434
B001D077JL,西安市莲湖区远东第一小学,科教文化服务;学校;小学,108.87610871803412,34.26163097265592,莲湖区,108.880696,34.260021
B0IAVCK1IR,陕西桃李旅游烹饪技术学校,科教文化服务;学校;职业技术学校,108.89365129199288,34.26739372874374,莲湖区,108.898235,34.265774
B0FFF8YJ97,西北大学附属中学(桃园校区),科教文化服务;学校;中学,108.8869325263318,34.2416425924808,雁塔区,108.891514,34.240016
B001D0VXR3,西安高压电器研究院(大庆路),科教文化服务;科研机构;科研机构,108.88011723353554,34.2697934587102,莲湖区,108.884703,34.268183
B001D088JD,西安市莲湖区机场小学,科教文化服务;学校;小学,108.89537951445988,34.25950442075999,莲湖区,108.899963,34.257881
B001D0WNNK,万达四轮定位总店,科教文化服务;培训机构;培训机构,108.89035190076468,34.25185354502666,莲湖区,108.894934,34.250229
B0IBCUCUJC,西安市雁塔区第八小学,科教文化服务;科教文化场所;科教文化场所,108.85892121010056,34.25089723564577,雁塔区,108.863524,34.249305
B001D07WHA,西安市莲湖区庆安小学,科教文化服务;学校;小学,108.88259773064948,34.26345507160102,莲湖区,108.887182,34.26184
B001D06ZPD,西安市土门工人文化宫,科教文化服务;文化宫;文化宫,108.88565302138647,34.27018355616556,莲湖区,108.890237,34.268569
B0G1VZA1S3,西安高新区第二十八小学,科教文化服务;学校;小学,108.88127762030612,34.233740461245226,雁塔区,108.88586,34.232115
B001D0VSMZ,陕西信息工业技师学院,科教文化服务;学校;职业技术学校,108.85058666409682,34.2418713437677,雁塔区,108.8552,34.240289
B001D00F34,西安市城市规划设计研究院,科教文化服务;科研机构;科研机构,108.9051280207082,34.25021464078158,莲湖区,108.909716,34.248587
B0FFKNEFRC,西安藤信学校,科教文化服务;学校;学校,108.85630778760846,34.23947556658459,雁塔区,108.860913,34.237883
B001D0719O,西安莲湖锦园小学,科教文化服务;学校;小学,108.89951013864584,34.25662830641662,莲湖区,108.904095,34.255003
B0FFJ132GI,陕西工商职业学院高新校区,科教文化服务;学校;高等院校,108.90314210706389,34.24261577004469,莲湖区,108.907728,34.240985
B0GDVR6ZWS,西安莲湖德杰实验小学,科教文化服务;学校;小学,108.85560194221154,34.26324722363148,莲湖区,108.86021,34.261665
B0H19AKH42,西安市雁塔区第四小学,科教文化服务;学校;小学,108.8684347761996,34.2485243768075,雁塔区,108.873027,34.246918
B001D08955,西安市莲湖区行知小学,科教文化服务;学校;小学,108.8868995456557,34.26629793193057,莲湖区,108.891483,34.264681
B0K0Y7HXCZ,黄河补习学校(工大校区),科教文化服务;培训机构;培训机构,108.90122153276128,34.252609974975414,莲湖区,108.905807,34.250983
B001D0717K,西电实验小学,科教文化服务;学校;小学,108.90316903664213,34.26819272843948,莲湖区,108.907757,34.266572
B001D14VWT,西安市莲湖区远东第二小学,科教文化服务;学校;小学,108.86093456448388,34.276833817372186,莲湖区,108.865537,34.275249
B0FFHGJ8MH,西安育人学校,科教文化服务;培训机构;培训机构,108.8655086403091,34.26429836304835,莲湖区,108.870105,34.262702
B0KALHG8FA,花夏之音·成人音乐空间(大都荟店),科教文化服务;科教文化场所;科教文化场所,108.88838891222798,34.23871854632435,雁塔区,108.89297,34.23709
B0FFMFJLOF,西安市莲湖区红光路小学,科教文化服务;学校;小学,108.86491340648844,34.25948448136146,莲湖区,108.86951,34.257887
B001D0W3PV,西咸新区沣东新城西城中学,科教文化服务;学校;中学,108.85440067502888,34.27128704627511,未央区,108.859011,34.26971
B001D08DA3,西安市莲湖区金光门小学,科教文化服务;学校;小学,108.88593121371844,34.25598442828625,莲湖区,108.890514,34.254364
B0HG3K9UQK,西安市雁塔区第六小学,科教文化服务;学校;小学,108.86099227929355,34.24389600441713,雁塔区,108.865592,34.242298
B0FFF65A57,天童教育素质成长中心(高新分校),科教文化服务;培训机构;培训机构,108.8919492544581,34.246099475251285,莲湖区,108.896531,34.244472
B0LU7O0TPL,西安藤信高级中学,科教文化服务;科研机构;科研机构,108.8587359158973,34.239242403153774,雁塔区,108.863338,34.237646
B001D0VWC4,雁塔世纪城小学,科教文化服务;学校;小学,108.88108473260822,34.24384250985453,雁塔区,108.885668,34.242221
B001D06VV8,陕西圣经学校,科教文化服务;学校;学校,108.87341994345556,34.235936035162325,雁塔区,108.878007,34.234319
B0K3DUUOEE,西安成才补习学校(高新校区),科教文化服务;培训机构;培训机构,108.8500207647418,34.24278204363882,雁塔区,108.854635,34.241201
B0LKCC1O38,大唐西市国际会展中心,科教文化服务;会展中心;会展中心,108.90350036077422,34.24879538081844,莲湖区,108.908087,34.247167
B0K6SU57AX,名师天团,科教文化服务;培训机构;培训机构,108.88566120360883,34.230493933035106,雁塔区,108.890242,34.228864
B001D06PX7,西安市雁塔区燎原小学,科教文化服务;学校;小学,108.9020246281672,34.23284447274417,雁塔区,108.906609,34.23121
B001D06JB8,西安市莲湖区土门小学,科教文化服务;学校;小学,108.88430697314246,34.26689196564335,莲湖区,108.888891,34.265277
B0FFF64VD4,西安市古建园林设计研究院,科教文化服务;科研机构;科研机构,108.90293493921044,34.258945452795366,莲湖区,108.907522,34.257321
B001D08EDY,学大教育(高新校区),科教文化服务;培训机构;培训机构,108.90050536218573,34.234868698547125,雁塔区,108.905089,34.233235
B0FFGJUV9Y,西安雁塔铭城小学,科教文化服务;学校;小学,108.85525973095088,34.24774676420305,雁塔区,108.859867,34.246159
B0FFGEQXRM,秦学·伊顿教育(高新校区),科教文化服务;培训机构;培训机构,108.8984927438181,34.230092273331735,雁塔区,108.903075,34.228457
B001D0VWC0,西北工业大学友谊校区继续教育学院,科教文化服务;学校;成人教育,108.90214461882807,34.24448810237103,莲湖区,108.90673,34.242858
B001D07OU3,西安市莲湖区西桃园小学,科教文化服务;学校;小学,108.89107548004412,34.24421381923716,莲湖区,108.895657,34.242586
B0FFGJU2PU,西安外事学院南校区商学院,科教文化服务;学校;高等院校,108.86484472297929,34.229718736184886,雁塔区,108.869439,34.22811
B001D07XF5,国家粮食储备局西安油脂科学研究设计院,科教文化服务;科研机构;科研机构,108.90487405289768,34.26477693061901,莲湖区,108.909463,34.263155
B0FFJQZHOY,缤纷鸟美术书法(西稍门校区),科教文化服务;培训机构;培训机构,108.90490639168804,34.26023974101765,莲湖区,108.909495,34.258616
B0K6R5BQU9,摩伯斯艺术会客厅,体育休闲服务;娱乐场所;KTV|生活服务;生活服务场所;生活服务场所|科教文化服务;科教文化场所;科教文化场所,108.89017729523844,34.246981342571495,莲湖区,108.894759,34.245355
B0FFHON93V,西安市雁塔区昆明路小学,科教文化服务;学校;小学,108.86888282247268,34.25308516977122,雁塔区,108.873475,34.25148
B001D0VXO4,延长石油安全培训中心,科教文化服务;培训机构;培训机构,108.9005599799334,34.2392630598532,莲湖区,108.905144,34.237631
B0LR0KLO9B,爱力无限网球俱乐部(莲湖旗舰校区),科教文化服务;培训机构;培训机构,108.8582277905151,34.257765494110224,莲湖区,108.862832,34.256177
B0LULU8SNK,西安菁英补习学校(入口),科教文化服务;学校;学校,108.88199533866693,34.253194653337815,雁塔区,108.886579,34.251576
B0G0AAT9WD,西安高新区第三十三小学,科教文化服务;学校;小学,108.87301373945952,34.23470504218427,雁塔区,108.877601,34.233088
B0FFIC8W37,新东方前途出国(西安高新中心),科教文化服务;培训机构;培训机构|公司企业;公司;公司,108.89532656286296,34.23412913901849,雁塔区,108.899908,34.232496
B0FFHLUOB1,阿房路一小,科教文化服务;学校;小学,108.85268513514146,34.273312421900485,未央区,108.857298,34.271739
B0FFH31H2R,秦学·伊顿教育(土门校区),科教文化服务;培训机构;培训机构,108.88445264555472,34.258978238768336,莲湖区,108.889036,34.25736
B0IR3SJ6UV,USBA美国篮球学院(大唐西市分校),科教文化服务;培训机构;培训机构,108.90287563996333,34.25071068303073,莲湖区,108.907462,34.249083
B0FFHGHHP0,沣东新城关庙小学,科教文化服务;学校;小学,108.8457345974888,34.263882406853995,未央区,108.850357,34.262317
B0LGM9FVEF,知能象限(高新一路校区),科教文化服务;科教文化场所;科教文化场所,108.89987167176032,34.235218528576695,雁塔区,108.904455,34.233585
B0KGXUOLAK,新东方国际教育·雅思托福(高新大都荟校区),科教文化服务;培训机构;培训机构,108.88834488753211,34.23898842050216,雁塔区,108.892926,34.23736
B0FFLMC3Z1,缤纷鸟美术书法(高新校区),科教文化服务;培训机构;培训机构,108.89336751694354,34.24029422294822,雁塔区,108.897949,34.238664
B0FFGZMFGM,西安市远东第二中学西校区,科教文化服务;学校;中学,108.8576687709325,34.27405705984732,莲湖区,108.862275,34.272476
B0FFH62RO2,西安博迪恒大城小学,科教文化服务;学校;小学,108.86281000212492,34.24848886164754,雁塔区,108.867408,34.24689
B0MU4HAIJ2,毛毛头的书房,科教文化服务;科教文化场所;科教文化场所,108.87757931933676,34.25259098878034,雁塔区,108.882165,34.250976
B0LUJUAA58,易飞特菁英补习学校,科教文化服务;学校;学校,108.88184025897776,34.25346642234202,雁塔区,108.886424,34.251848
B0FFK776OK,西安市莲湖区远东第二小学分校,科教文化服务;学校;小学,108.8619059195279,34.274069371520085,莲湖区,108.866507,34.272482
B0LA7BQKTJ,新东方国际教育·雅思托福(林凯国际校区),科教文化服务;培训机构;培训机构,108.89505161356338,34.23442895163719,雁塔区,108.899633,34.232796
B0G2SMK0JZ,雨露教育(西郊土门校区),科教文化服务;培训机构;培训机构,108.87838371843746,34.26557560456186,莲湖区,108.88297,34.263965
B0FFFDKCEL,陕西省文物保护研究院,科教文化服务;科研机构;科研机构,108.87024186343776,34.23018749295329,雁塔区,108.874831,34.228572
B0K37UURND,登科优学(开远校区),科教文化服务;培训机构;培训机构,108.88453196558248,34.267710793932174,莲湖区,108.889116,34.266096
B0MGOAUWSB,西安莲湖九紫龙岗补习学校,科教文化服务;科教文化场所;科教文化场所,108.85808840465116,34.26037524662486,莲湖区,108.862693,34.258788
B0FFGFQGGA,学大教育(城西学习中心),科教文化服务;培训机构;培训机构,108.8668080678278,34.26285866129989,莲湖区,108.871403,34.26126
B0GR4SIY5T,西安外事学院图书馆,科教文化服务;图书馆;图书馆,108.86471637995864,34.2323046112586,雁塔区,108.869311,34.230697
B0FFJCYUZ9,新励成演讲口才培训(西安雁塔学训中心),科教文化服务;培训机构;培训机构,108.88795096621372,34.2376097141804,雁塔区,108.892532,34.235981
B0K3UCKR77,秦学·伊顿教育(城西校区),科教文化服务;培训机构;培训机构,108.86682510992094,34.26254380955242,莲湖区,108.87142,34.260945
B0LGBD0ZVR,雁塔区区委党校,科教文化服务;科教文化场所;科教文化场所,108.85971697282672,34.25358138691455,雁塔区,108.864319,34.251989
B0FFIHAPDR,西安蓝话筒官方旗舰店(亚美校区),科教文化服务;培训机构;培训机构,108.8960482867072,34.23489703912358,雁塔区,108.90063,34.233264
B0FFF5J7U5,仁和会计培训(西安高新校区),科教文化服务;培训机构;培训机构,108.88723787102164,34.237842207894985,雁塔区,108.891819,34.236214
B001D0W3NG,陕西省印刷科学技术研究所,科教文化服务;科研机构;科研机构,108.86516121883083,34.26505559029866,莲湖区,108.869758,34.26346
B0IGXDMY7R,西安市劳模精神展示馆,科教文化服务;展览馆;展览馆,108.88578912002367,34.26928801139879,莲湖区,108.890373,34.267673
B0FFKW60OT,USBA美国篮球学院(科技一路分校),科教文化服务;培训机构;培训机构,108.87959220251778,34.229700498909374,雁塔区,108.884175,34.228075
B0LAVZGFV1,西安九00补习学校,科教文化服务;科教文化场所;科教文化场所,108.85814445011437,34.26069120669741,莲湖区,108.862749,34.259104
B0LGVSJNZ7,西安星艺海音乐艺考,科教文化服务;培训机构;培训机构,108.8510054553273,34.23957891166448,雁塔区,108.855618,34.237995
B0JGLSFTM4,博大教育培训学校,科教文化服务;培训机构;培训机构,108.85152520462792,34.239558787681965,雁塔区,108.856137,34.237974
B0MBZ7D3PB,闪速记单词(大寨路店),科教文化服务;培训机构;培训机构,108.87252538238351,34.24698585946127,莲湖区,108.877114,34.245374
B0FFKLNKG8,阳光美语,科教文化服务;培训机构;培训机构,108.8844088882431,34.26828247454671,莲湖区,108.888993,34.266668
B0FFL0SVE2,西安奕辰舞蹈(高新校区),科教文化服务;培训机构;培训机构,108.89969769929638,34.23598522930637,雁塔区,108.904281,34.234352
B0HGFA5LRK,西安蓝话筒(协同校区),科教文化服务;培训机构;培训机构,108.896819728687,34.23862682043874,雁塔区,108.901402,34.236995
B0JG5C9BWW,源绩佳专升本西郊校区,科教文化服务;培训机构;培训机构,108.86925001473602,34.22989339195522,雁塔区,108.87384,34.228279
B0GUBORB7B,猿辅导,科教文化服务;培训机构;培训机构,108.8779781989907,34.23190320621863,雁塔区,108.882562,34.23028
B0JRBHWLCZ,心愿舞蹈,科教文化服务;培训机构;培训机构,108.86778267438469,34.229682626521154,雁塔区,108.872374,34.22807
B0LBF9TI65,路远教育消防培训,科教文化服务;培训机构;培训机构,108.89864163456318,34.24310543862602,莲湖区,108.903225,34.241475
B001D0VYES,西安市工业交通干部学校,科教文化服务;学校;成人教育,108.8527710955386,34.238018427207344,雁塔区,108.857381,34.236431
B0IG056FCE,鼎晔舞蹈(大都荟店),科教文化服务;培训机构;培训机构,108.88831086747427,34.239208318904616,雁塔区,108.892892,34.23758
B0LB5S1UUP,西安职业技术学院(建设中),科教文化服务;科教文化场所;科教文化场所,108.85432251146644,34.23469119295342,雁塔区,108.85893,34.2331
B001D0W5VK,西北工业大学友谊校区网络教育学院,科教文化服务;学校;成人教育,108.90182781182338,34.24456407826256,莲湖区,108.906413,34.242934
B0I3SZWH6F,七方长安艺术中心,科教文化服务;培训机构;培训机构,108.8638932853428,34.234944502204776,雁塔区,108.868489,34.233339
B0FFK6CB7S,西安市城市影像博物馆,科教文化服务;博物馆;博物馆,108.88924287452062,34.23970163764268,雁塔区,108.893824,34.238073
B0FFIWUTEI,爱贝国际少儿英语(西安高新中心),科教文化服务;培训机构;培训机构,108.88746132630727,34.24497464600486,莲湖区,108.892043,34.243349
B0I1PZP331,知日塾·一站式日本留学升学(西安校),科教文化服务;培训机构;培训机构,108.88830786173102,34.23927729130949,雁塔区,108.892889,34.237649
B0LRC5EZR7,陕西青藤公考,科教文化服务;培训机构;培训机构,108.88607365834802,34.23828131592132,雁塔区,108.890655,34.236654
B0L17D8U2C,D·DANCE舞蹈工作室(汉城南路店),科教文化服务;培训机构;培训机构,108.8665822592776,34.25768742183111,莲湖区,108.871177,34.256087
B0K05LZ9SK,新书语林艺术,科教文化服务;培训机构;培训机构,108.88801899376766,34.23734085365732,雁塔区,108.8926,34.235712
B001D0WPW0,山语培训(土门分校),科教文化服务;培训机构;培训机构,108.88010195869518,34.260665123606664,莲湖区,108.884687,34.259051
B001D08AG9,西北大学附属中学高中部教学区,科教文化服务;学校;高等院校,108.88702454157897,34.241609661271234,雁塔区,108.891606,34.239983
B0KKS54AUP,西安市远东一中分校,科教文化服务;学校;中学,108.87251884638457,34.266070339218714,莲湖区,108.877109,34.264466
B001D06HS2,西安航空学院幼儿园,科教文化服务;学校;幼儿园,108.88559057815452,34.26308338639831,莲湖区,108.890174,34.261466
B0L0HCR3MG,领军教育(西安土门校区),科教文化服务;培训机构;培训机构,108.8845516340273,34.25943612733271,莲湖区,108.889135,34.257818
B0JD1SYDOE,乐炬音乐(科技路校区),科教文化服务;培训机构;培训机构,108.86704519724606,34.23922813652007,雁塔区,108.871638,34.23762
B0GR4SIQ0Z,西安外事学院南校区国际合作学院,科教文化服务;学校;高等院校,108.86354812381586,34.232260015161565,雁塔区,108.868144,34.230654
B0L2R7NUUM,悦一彤形体舞蹈(世纪金花店),科教文化服务;培训机构;培训机构,108.89911116489212,34.233770994464805,雁塔区,108.903694,34.232137
B0KKX6N2SE,Dipper 网球俱乐部(高新新纪元店),科教文化服务;培训机构;培训机构,108.89106439905336,34.232749112894126,雁塔区,108.895645,34.231117
B0HGVAMX6L,爱客咖啡学院(大都荟校区),科教文化服务;培训机构;培训机构,108.88893583561683,34.24005434264403,雁塔区,108.893517,34.238426
B0MDPXM9AF,西安外事学院北教学区,科教文化服务;学校;高等院校,108.85341586743591,34.23961288428281,雁塔区,108.858025,34.238025
B0FFI033ZJ,联创智荟(i创途众创公园A区),科教文化服务;科教文化场所;科教文化场所,108.89605112093244,34.236955273421444,雁塔区,108.900633,34.235323
B0K6NR6I9F,溪尚舞蹈,科教文化服务;培训机构;培训机构,108.8970283603577,34.24228248495825,莲湖区,108.901611,34.240652
B0FFJV7COO,高新前景培训学校(桃园路),科教文化服务;培训机构;培训机构,108.89553839467752,34.260432094433234,莲湖区,108.900122,34.258809
B0LDH5SR6P,西安微电子技术研究所,科教文化服务;科研机构;科研机构,108.90198726785236,34.23763369335767,雁塔区,108.906572,34.236001
B0JA6ZGQQ8,西安塞纳美术艺考培训学校(塞纳画室),科教文化服务;科教文化场所;科教文化场所,108.8818762671495,34.253533425269474,雁塔区,108.88646,34.251915
B0K6XUYEBH,西安艺途艺术培训学校,科教文化服务;学校;高等院校,108.85264078754408,34.23957163017585,雁塔区,108.857251,34.237985
B0MADAHKFA,西安东方超竞学院,科教文化服务;科教文化场所;科教文化场所,108.85005783257046,34.24261417002759,雁塔区,108.854672,34.241033
B0FFHWDYM0,领未来教育(一唐延路校区),科教文化服务;培训机构;培训机构,108.8853993662396,34.240276120869474,莲湖区,108.889981,34.23865
B0LBX7JRTD,卡伐蒂娜琴行·艺术培训连锁(西二环店),科教文化服务;培训机构;培训机构,108.8844008202604,34.256632128612175,莲湖区,108.888984,34.255013
B0HG6ACSH6,耐斯街区DanceBlock(高新延平门店),科教文化服务;培训机构;培训机构,108.88397007271928,34.239555389835324,莲湖区,108.888552,34.23793
B0HA76WS8I,呈康体育少儿篮球培训中心(开远门店),科教文化服务;培训机构;培训机构|购物服务;体育用品店;体育用品店,108.88328440856336,34.270268840972044,莲湖区,108.887869,34.268656
B001D0WK7C,西安外事学院北校区汽车工程学院,科教文化服务;学校;高等院校,108.85808107204817,34.23951030456148,雁塔区,108.862684,34.237915
B0L6GLTJJD,ACE·Tennis网球学练馆(元谷店),科教文化服务;培训机构;培训机构,108.87749030056354,34.25219605675244,雁塔区,108.882076,34.250581
B001D07YX7,协同商务会议中心,科教文化服务;会展中心;会展中心,108.89701865106456,34.23869883399123,雁塔区,108.901601,34.237067
B0LDS5MNW3,长安养育莲湖区团结西路社区托育中心,科教文化服务;培训机构;培训机构,108.85511907512895,34.26598535393493,莲湖区,108.859728,34.264405
B0JKYSF8GB,新精武极一功夫会馆(际华校区),体育休闲服务;运动场馆;运动场所|科教文化服务;培训机构;培训机构,108.86419314583384,34.25318197492561,雁塔区,108.86879,34.251583
B0FFLBWRK8,领航长安教育(土门校区),科教文化服务;培训机构;培训机构,108.87915612427028,34.26545936198239,莲湖区,108.883742,34.263848
B0G397PS4Z,达内教育(高新校区),科教文化服务;培训机构;培训机构,108.90045939371952,34.23478972554985,雁塔区,108.905043,34.233156
B001D0WMUN,陕西钱币博物馆(暂停开放),科教文化服务;博物馆;博物馆,108.90110327843678,34.2316948936374,雁塔区,108.905687,34.23006
B0GKVA1084,西安开放大学(高新分校),科教文化服务;学校;成人教育,108.89779361633263,34.23539321050466,雁塔区,108.902376,34.23376
B0J317IWW8,中拳协陕西训练中心,科教文化服务;培训机构;培训机构,108.88626818329634,34.24463803856206,莲湖区,108.89085,34.243013
B0FFM9GJRI,中国农业银行研发中心西安研发部,科教文化服务;科教文化场所;科教文化场所,108.8855990852911,34.23181540601599,雁塔区,108.89018,34.230186
B001D07F2C,西北民航电视台,科教文化服务;传媒机构;电视台,108.90332484566692,34.25675929090356,莲湖区,108.907912,34.255134
B0M6Z122U8,拾光里24H研习室(高新店),科教文化服务;培训机构;培训机构,108.8969089742768,34.23516213231894,雁塔区,108.901491,34.233529
B0IG057WSA,金蓓舞蹈(晶鑫广场店),科教文化服务;培训机构;培训机构,108.87270550791078,34.2471480005461,莲湖区,108.877294,34.245536
B001D0VTMS,陕西省文化遗产研究院,科教文化服务;科研机构;科研机构,108.87024186343776,34.23018749295329,雁塔区,108.874831,34.228572
B0FFIII9NO,立思辰留学(西安旗舰店),科教文化服务;培训机构;培训机构,108.88568563137024,34.237700279244315,雁塔区,108.890267,34.236073
B0K10HRPRS,Standby舞蹈(海星广场店),科教文化服务;培训机构;培训机构,108.89689198816342,34.23506516486792,雁塔区,108.901474,34.233432
B0L247PBT5,半校学习社区,科教文化服务;科教文化场所;科教文化场所,108.85215709868818,34.239641805677465,雁塔区,108.856768,34.238056
B0IG5SJSSG,清影艺术,科教文化服务;培训机构;培训机构,108.89878732661803,34.24612030782935,莲湖区,108.903371,34.244491
B0G01YRS2D,歌云流行音乐(西安总店),科教文化服务;培训机构;培训机构,108.89842180692462,34.2296954089177,雁塔区,108.903004,34.22806
B001D08D1Y,佳音英语(高新一路店),科教文化服务;培训机构;培训机构,108.89815749720476,34.23498941831958,雁塔区,108.90274,34.233356
B0I17BK22D,MONO机器人科技中心(万锦城店),科教文化服务;科教文化场所;科教文化场所,108.86668602451216,34.261894887098094,莲湖区,108.871281,34.260296
B0K3VUQ7CC,中明大魔方,科教文化服务;培训机构;培训机构,108.87774038503468,34.252899023231144,雁塔区,108.882326,34.251284
B0LRO6UMB3,西工大西苑继续教育学院雅思考试机考考点,科教文化服务;科教文化场所;科教文化场所,108.902112634282,34.24454907982079,莲湖区,108.906698,34.242919
B0FFGMLZ7D,星梦想音乐艺术学校,科教文化服务;培训机构;培训机构,108.90010841378724,34.23689492113662,雁塔区,108.904692,34.235262
B0FFFS5N4E,加加艺术中心,科教文化服务;培训机构;培训机构,108.87760162553164,34.236450161780375,雁塔区,108.882186,34.234829
B0IG056FAF,铂晔舞蹈健身艺术中心(高新店),科教文化服务;培训机构;培训机构,108.89693431511566,34.23079275149331,雁塔区,108.901516,34.229158
B0LDMD5MLD,金博教育(高新校区),科教文化服务;培训机构;培训机构,108.89985575117426,34.23432985721612,雁塔区,108.904439,34.232696
B0FFHD2DZQ,上海市政工程设计研究总院有限公司西安分公司,科教文化服务;科教文化场所;科教文化场所,108.87805023638822,34.23192726555332,雁塔区,108.882634,34.230304
B0FFLCZWXX,陕西百川医疗细胞工程有限公司,科教文化服务;科研机构;科研机构,108.87413319345562,34.239247574670884,雁塔区,108.87872,34.237631
B0L0ZUFI70,求适学馆(高新校区),科教文化服务;培训机构;培训机构,108.898433782359,34.229936322354106,雁塔区,108.903016,34.228301
B0J3MADYF7,星医传媒,科教文化服务;传媒机构;传媒机构,108.89847495515308,34.26497986178203,莲湖区,108.90306,34.263358
B0JDFAQB1X,Journey舞蹈工作室(高新大都荟店),科教文化服务;培训机构;培训机构,108.888748918001,34.23891666972154,雁塔区,108.89333,34.237288
B0HGFG4G42,陕西上善水墨画院,科教文化服务;科教文化场所;科教文化场所,108.89536406527104,34.25268809675726,莲湖区,108.899947,34.251062
B0H35U3QW8,陕西直播产业研究院,科教文化服务;科研机构;科研机构,108.89817548801388,34.235008413972544,雁塔区,108.902758,34.233375
B0LDMLBVR2,潮童星(高新GT Mall校区),科教文化服务;培训机构;培训机构,108.87674642841458,34.232699718411176,雁塔区,108.881331,34.231078
B0H2N7H2UC,USBA美国篮球学院(高新T11分校),科教文化服务;培训机构;培训机构,108.8864392844765,34.23124616139492,雁塔区,108.89102,34.229616
B0FFH1RMR4,西安小天鹅艺术团(大寨路校区),科教文化服务;文艺团体;文艺团体,108.87236625646888,34.247016667174215,莲湖区,108.876955,34.245405
B0G13A1ZU4,星极体育联盟(科技路店),科教文化服务;培训机构;培训机构,108.86715739070608,34.23818167463203,雁塔区,108.87175,34.236573
B0H2YHWOZJ,造翼少年·流行音乐基地(大唐西市校区),科教文化服务;培训机构;培训机构,108.90349548472754,34.247292959289354,莲湖区,108.908082,34.245664
B0IDHX3RJV,恒企会计培训(西安高新延平门校区),科教文化服务;培训机构;培训机构,108.8856836073489,34.23799516753137,雁塔区,108.890265,34.236368
B0KA6CM3OM,OMG舞蹈教室(元谷MALL店),科教文化服务;培训机构;培训机构,108.87761731391008,34.25292589480316,雁塔区,108.882203,34.251311
B0IRYRBBMD,赵汝飞练字土门校区,科教文化服务;培训机构;培训机构,108.8774555153614,34.261741261324964,莲湖区,108.882042,34.26013
B0FFKT0P27,陕西省小天鹅艺术团(大寨路店),科教文化服务;培训机构;培训机构,108.85693701079693,34.24692172333169,雁塔区,108.861542,34.245331
B0FFLPNCVY,正德托管中心,科教文化服务;培训机构;培训机构,108.89178766859236,34.24113829424225,雁塔区,108.896369,34.239509
B0K6KU3FNP,DOBEST拜斯特街舞(际华生活广场店),科教文化服务;培训机构;培训机构,108.86412308277367,34.25302693873101,雁塔区,108.86872,34.251428
B0MUVHWFS0,西安菁华职业高级中学,科教文化服务;学校;职业技术学校,108.88166719364224,34.25345928465309,雁塔区,108.886251,34.251841
B0GDHR2MLC,陕西出版传媒集团印刷物资有限责任公司储运公司,科教文化服务;传媒机构;传媒机构,108.85345381068646,34.26583772724913,莲湖区,108.858065,34.26426
B0H0CZVQMH,子衿舞蹈,科教文化服务;培训机构;培训机构,108.88764939153704,34.24441696950826,莲湖区,108.892231,34.242791
B0LUUURGIJ,樱花国际日语(高新校区),科教文化服务;培训机构;培训机构,108.89951198233354,34.233616092347184,雁塔区,108.904095,34.231982
B0L2TH3M7T,西安莲湖凯瑞教育(土门校区),科教文化服务;培训机构;培训机构,108.88449169841311,34.258443478214666,莲湖区,108.889075,34.256825
B0FFL78FIF,星起点艺术培训中心(紫薇校区),科教文化服务;学校;职业技术学校|科教文化服务;培训机构;培训机构,108.87587415709667,34.24183442750071,雁塔区,108.88046,34.240217
B0MALL7VPJ,西安高新区鱼化寨社区,科教文化服务;博物馆;博物馆,108.86505247990762,34.23547089592228,雁塔区,108.869647,34.233864
B0MAH1MI0Y,亚朵竹居流动图书馆(西安高新科技路),科教文化服务;图书馆;图书馆,108.87330338327328,34.2418496868333,雁塔区,108.877891,34.240235
B0K6ZCWLZG,HI私教工作室(群贤道九号店),科教文化服务;培训机构;培训机构,108.88817144464124,34.24435429381581,莲湖区,108.892753,34.242728
B0L1ACJYI4,SUN DANCE(高新店),科教文化服务;培训机构;培训机构,108.8882178697172,34.23909330989141,雁塔区,108.892799,34.237465
B0HB5RWMXQ,雅娜音乐中心(西稍门店),科教文化服务;培训机构;培训机构|购物服务;专卖店;专营店,108.89946679159632,34.26122348174788,莲湖区,108.904052,34.2596
B0HA3A2TXG,西安东方职业高级中学-教学楼,科教文化服务;学校;学校,108.85041158732376,34.239657883796376,雁塔区,108.855025,34.238075
B001D06AOS,西安博物院,科教文化服务;博物馆;博物馆|风景名胜;风景名胜相关;旅游景点,108.93703273197627,34.24019282510217,碑林区,108.941673,34.238589
B001D07SN2,西北工业大学友谊校区,科教文化服务;学校;高等院校,108.91082399271863,34.245302929099445,碑林区,108.915417,34.243675
B001D09SOI,西安电子科技大学雁塔校区,科教文化服务;学校;高等院校,108.91219345551526,34.23246614605989,雁塔区,108.916787,34.230834
B001D08C42,西安建筑科技大学雁塔校区,科教文化服务;学校;高等院校,108.9624342026072,34.23854350394805,碑林区,108.967153,34.236991
B001D06484,西安碑林博物馆,科教文化服务;博物馆;博物馆,108.94818739782453,34.256074782226115,碑林区,108.95286,34.254497
B001D08M0F,西北大学太白校区,科教文化服务;学校;高等院校,108.92247300152906,34.249951327395664,碑林区,108.927083,34.248333
B001D06VRS,陕西省图书馆长安路馆,科教文化服务;图书馆;图书馆,108.94074763044044,34.23312637158119,碑林区,108.945397,34.231526
B001D092IO,西安音乐学院,科教文化服务;学校;高等院校,108.9377088014466,34.2305603405248,雁塔区,108.94235,34.228954
B0FFF8ZVKV,西安体育学院含光校区,科教文化服务;学校;高等院校,108.93046520043848,34.239224548187465,碑林区,108.93509,34.237611
B001D08C85,长安大学南校区,科教文化服务;学校;高等院校,108.95066763874082,34.23235074153415,碑林区,108.955346,34.230769
B001D09TBC,西安科技大学雁塔校区北院,科教文化服务;学校;高等院校,108.95693192362856,34.2340153447535,碑林区,108.961631,34.232448
B001D0X54U,西安医学院含光校区,科教文化服务;学校;高等院校,108.92586668904532,34.238514261633725,碑林区,108.930482,34.236895
B001D06DBF,西安市第八中学,科教文化服务;学校;中学,108.9559164809245,34.25716181923793,碑林区,108.960614,34.255601
B001D03RNG,西安市第二十六中学,科教文化服务;学校;中学,108.96161451825918,34.25856380610955,碑林区,108.966332,34.257017
B001D03UME,西安市第一中学,科教文化服务;学校;中学,108.91398554310568,34.26614822321132,莲湖区,108.918584,34.26453
B001D046UW,西安市第八十九中学,科教文化服务;学校;中学,108.94542020083088,34.27391899124427,新城区,108.950086,34.272343
B001D06VDK,陕西科技馆,科教文化服务;文化宫;文化宫,108.9515351872884,34.265517116892,新城区,108.956219,34.26395
B0FFKLNERQ,梵高星空艺术馆(回民街旗舰店),体育休闲服务;休闲场所;休闲场所|科教文化服务;展览馆;展览馆|风景名胜;风景名胜相关;旅游景点,108.93951535047924,34.26479923327954,莲湖区,108.944164,34.263209
B0FFFOIZFP,西安医学院高新校区,科教文化服务;学校;高等院校,108.90543564659674,34.23932174573222,雁塔区,108.910023,34.23769
B001D06DBT,西安市第六中学分校,科教文化服务;学校;中学,108.9375230274353,34.245968860716665,碑林区,108.942165,34.244368
B001D048NE,西安市第七十中学,科教文化服务;学校;中学,108.92415322432096,34.259492959181166,莲湖区,108.928767,34.25788
B001D01C0B,西安市第三十中学,科教文化服务;学校;中学,108.94412053723536,34.26675335274318,新城区,108.948782,34.265172
B001D00D28,西安市第六中学,科教文化服务;学校;中学,108.9327206496868,34.258006302161654,碑林区,108.937352,34.256403
B001D07WWX,陕西工运学院,科教文化服务;学校;高等院校,108.92237819418008,34.27444262470585,莲湖区,108.92699,34.272834
B0FFG0YMUD,西北工业大学附属中学高中部,科教文化服务;学校;中学,108.91410920515877,34.243489035113384,碑林区,108.918706,34.241862
B001D06DC8,西安市第五十三中学,科教文化服务;学校;中学,108.90750639586749,34.23245685940924,雁塔区,108.912095,34.230823
B001D01B19,陕西省西安爱知中学,科教文化服务;学校;中学,108.94662645725496,34.276238714632335,新城区,108.951296,34.274666
B001D09N47,陕西省建筑职工大学边家村校区,科教文化服务;学校;成人教育,108.9172287125932,34.24609908413926,碑林区,108.92183,34.244475
B001D025D7,西安市第八十二中学,科教文化服务;学校;中学,108.922134238365,34.24188972500843,碑林区,108.926743,34.240268
B001D03JIY,西安市第四十三中学,科教文化服务;学校;中学,108.9642340996448,34.26948890247101,新城区,108.968962,34.267953
B001D11SL1,西安市第七十一中学,科教文化服务;学校;中学,108.95312782845896,34.243679246109195,碑林区,108.957815,34.242107
B001D04B5I,西安市第四十四中学,科教文化服务;学校;中学,108.93058115959424,34.2737697962548,莲湖区,108.935209,34.27217
B001D09MWW,西北工业大学附属中学含光校区,科教文化服务;学校;中学,108.9266922446054,34.2488684144904,碑林区,108.93131,34.247254
B001D04JH6,陕西省美术博物馆,科教文化服务;博物馆;博物馆,108.93956682173902,34.23259856322888,碑林区,108.944213,34.230996
B001D06DBE,西安市第八十六中学,科教文化服务;学校;中学,108.95384629548307,34.24589982550655,碑林区,108.958536,34.24433
B0J19ZZ8M5,西北工业大学附属中学初中部,科教文化服务;学校;中学,108.91184619457964,34.24079020107239,碑林区,108.91644,34.239161
B001D0VRKG,陕西艺术职业学院,科教文化服务;学校;高等院校,108.94985185491409,34.23655787552891,碑林区,108.954528,34.234976
B001D03WVG,西安新华图书大厦,商务住宅;楼宇;商务写字楼|科教文化服务;图书馆;图书馆,108.95781012376878,34.26816005725346,新城区,108.962515,34.266608
B001D06LGQ,西安建筑科技大学雁塔校区南院,科教文化服务;学校;高等院校,108.96273232382748,34.2360836848686,碑林区,108.967452,34.234531
B001D0WND0,西工大西补文化培训中心(友谊路校区),科教文化服务;培训机构;培训机构|科教文化服务;学校;学校,108.9235247831261,34.241915396271104,碑林区,108.928136,34.240295
B001D07X9T,陕西青年职业学院含光校区,科教文化服务;学校;高等院校,108.9285863170908,34.25004875852179,碑林区,108.933208,34.248437
B001D06DFK,西安电力高等专科学校南校区,科教文化服务;学校;高等院校,108.95001454797968,34.24638582423395,碑林区,108.954692,34.244808
B001D03RYY,西安市第四十二中学,科教文化服务;学校;中学,108.90932326594265,34.261830036692004,莲湖区,108.913916,34.260208
B001D06J88,西安市新城区后宰门小学,科教文化服务;学校;小学,108.95018379702674,34.27368362302836,新城区,108.954864,34.272117
B001D06VN5,陕西省建筑科学研究院,科教文化服务;科研机构;科研机构,108.91690953321056,34.26652026906928,莲湖区,108.921512,34.264904
B001D04CEO,中电20所,科教文化服务;科研机构;科研机构|公司企业;公司;公司,108.90851811268784,34.236427101274785,雁塔区,108.913108,34.234795
B001D08DST,陕西省人民警察培训学校,科教文化服务;学校;高等院校,108.95461291863316,34.24397985970495,碑林区,108.959305,34.242411
B001D07QFL,陕西省戏曲研究院,科教文化服务;科研机构;科研机构,108.94953185618488,34.24878889483842,碑林区,108.954208,34.247211
B0FFF4I1A4,西安开放大学,科教文化服务;学校;高等院校,108.9319824335546,34.25668683113088,碑林区,108.936612,34.255082
B0LDL9TA0F,西安职业中等专业学校,科教文化服务;学校;职业技术学校,108.96139579611086,34.276965874011154,新城区,108.966114,34.275426
B001D06CWD,大学南路小学,科教文化服务;学校;小学,108.92376493148248,34.247099184089755,碑林区,108.928377,34.245481
B001D07OHJ,长安大学校本部北院教学区,科教文化服务;学校;学校,108.9497235382493,34.23306843540482,碑林区,108.954399,34.231485
B001D03SC0,西安市益新中学,科教文化服务;学校;中学,108.91564034317284,34.266212223885624,莲湖区,108.920241,34.264595
B0FFFA8V61,中国银行陕西省分行研修中心,科教文化服务;培训机构;培训机构,108.95194526503408,34.26072416420915,碑林区,108.95663,34.259156
B0FFF3UQX5,西安文理学院书院校区,科教文化服务;学校;高等院校,108.94476855710188,34.25588947975061,碑林区,108.949431,34.254305
B0GK1SVXMG,陕西开放大学(含光校区),科教文化服务;学校;成人教育,108.92596271780006,34.23585515095135,碑林区,108.930578,34.234235
B001D0VWEY,西安建筑科技大学附属小学,科教文化服务;学校;小学,108.96486454012457,34.235719464876496,碑林区,108.969592,34.234172
B001D04707,西安市实验小学,科教文化服务;学校;小学,108.95647559294214,34.26935865439896,新城区,108.961176,34.267804
B0FFGFPVA7,中国地质调查局西安地质调查中心,政府机构及社会团体;公检法机构;公证鉴定机构|政府机构及社会团体;政府机关;省直辖市级政府及事业单位|政府机构及社会团体;政府机关;地市级政府及事业单位|科教文化服务;科研机构;科研机构,108.9433317567678,34.24234435806813,碑林区,108.947989,34.240752
B001D012EA,陕西省西安小学,科教文化服务;学校;小学,108.93377208468884,34.271950210142734,莲湖区,108.938407,34.270354
B001D07TTF,西安市第十二中学,科教文化服务;学校;中学,108.9626783676032,34.25016047322349,碑林区,108.967399,34.248613
B001D0W2YW,西安市新城区新知小学,科教文化服务;学校;小学,108.94860449466832,34.276105852365035,新城区,108.95328,34.274537
B0LAJCU0B5,西安市莲湖区图书馆,科教文化服务;图书馆;图书馆,108.94078980758874,34.26657036380084,莲湖区,108.945442,34.264983
B0FFG664DZ,长安大学附中教学楼(北),科教文化服务;学校;学校,108.94326292033112,34.230380943522135,雁塔区,108.947919,34.228784
B0FFFA8JM3,西安市汇知中学,科教文化服务;学校;中学,108.94700153234264,34.27385097081274,新城区,108.951672,34.272278
B001D07INZ,西安市碑林区建国路小学,科教文化服务;学校;小学,108.96166042495278,34.25769003912551,碑林区,108.966378,34.256143
B001D0259E,陕西省行政学院友谊校区,科教文化服务;学校;高等院校,108.93006471251358,34.24361240082499,碑林区,108.934689,34.242
B001D07SCD,西北工业大学友谊校区航海学院,科教文化服务;学校;高等院校,108.91054961171446,34.24135054099602,碑林区,108.915142,34.239721
B001D07S7J,陕西工程勘察研究院有限公司,科教文化服务;科研机构;科研机构|公司企业;公司;公司,108.92317776499328,34.237444415403665,碑林区,108.927788,34.235822
B001D01894,西北综合勘察设计研究院,科教文化服务;科研机构;科研机构,108.92688871187936,34.275455565469855,莲湖区,108.931509,34.273852
B001D07TTA,西安市第二十三中学,科教文化服务;学校;中学,108.93712662688075,34.275650662209365,莲湖区,108.94177,34.274061
B001D059DC,西安市教育考试中心,科教文化服务;科教文化场所;科教文化场所,108.94738423637726,34.23874703469051,碑林区,108.952053,34.237161
B0I3ZASWLX,西安明德理工学院太极宫校区,科教文化服务;学校;高等院校,108.9274077895461,34.27403456107952,莲湖区,108.932029,34.272431
B0FFLHSAIT,陕西省图书馆(西大街少年儿童分馆),科教文化服务;图书馆;图书馆,108.93710800323323,34.25922634980724,碑林区,108.94175,34.25763
B001D0X54X,西安市政设计研究院有限公司,公司企业;公司;公司|科教文化服务;科研机构;科研机构,108.93375060856116,34.24134129755359,碑林区,108.938383,34.239733
B001D0480E,陕西省水利电力勘测设计研究院(集团)有限公司,科教文化服务;科研机构;科研机构,108.96369272588096,34.26169840752003,新城区,108.968418,34.260158
B0JDO9I9MU,秦缘非遗文化馆,科教文化服务;文化宫;文化宫,108.94456829920026,34.253860649205606,碑林区,108.94923,34.252275
B001D07885,振兴路小学,科教文化服务;学校;小学,108.93864195050232,34.24853607740309,碑林区,108.943287,34.246938
B001D0ZVSO,西安建筑科技大学附属中学,科教文化服务;学校;中学,108.96526004668392,34.23605233367508,碑林区,108.969989,34.234506
B001D0VIVV,西安理工大学莲湖校区,科教文化服务;学校;高等院校,108.90722040266476,34.273025117066304,莲湖区,108.911812,34.271407
B001D0428M,西安电子科技大学附属小学,科教文化服务;学校;小学,108.9131624604186,34.23027247615052,雁塔区,108.917757,34.22864
B001D040XZ,西安市职工大学,科教文化服务;学校;成人教育,108.91791067229772,34.24650844144395,碑林区,108.922513,34.244885
B001D12OKG,西北大学太白校区博物馆,科教文化服务;博物馆;博物馆,108.92128488340104,34.251852666697594,碑林区,108.925893,34.250234
B0JKVZM6L5,梵高的世界·巨幕光影大展,科教文化服务;科教文化场所;科教文化场所,108.94438114094852,34.262439605345406,新城区,108.949043,34.260857
B001D01837,西安市莲湖区青年路小学,科教文化服务;学校;小学,108.93889628246131,34.273321786369124,莲湖区,108.943544,34.271734
B001D0WH7E,陕西省小天鹅艺术团(铁塔寺路),科教文化服务;文艺团体;文艺团体,108.90891138597154,34.265536685916715,莲湖区,108.913504,34.263916
B001D14VCG,西北工业大学友谊校区研究生东馆,科教文化服务;科教文化场所;科教文化场所,108.9100099975781,34.243786824606175,碑林区,108.914602,34.242158
B001D09CFW,西安于右任故居博物馆,风景名胜;风景名胜;纪念馆|科教文化服务;科教文化场所;科教文化场所,108.94431699356564,34.25420098360799,碑林区,108.948978,34.252615
B001D06DC4,西安第四联合职业中学,科教文化服务;学校;职业技术学校|科教文化服务;学校;中学,108.93229065410296,34.24532581968787,碑林区,108.93692,34.243717
B001D07UU9,西安市工人文化宫·西区,科教文化服务;文化宫;文化宫,108.91735976966416,34.26787540810872,莲湖区,108.921963,34.26626
B0HUNOA98K,西安龙门补习学校(莲湖校区),科教文化服务;培训机构;培训机构,108.90731241175531,34.27186557050033,莲湖区,108.911904,34.270247
B0LGLU2CMS,牙小俑奇幻之旅口腔科普教育基地,科教文化服务;科教文化场所;科教文化场所,108.94305250785634,34.26743202919332,新城区,108.947711,34.265849
B0FFGFTVN7,西安育英小学,科教文化服务;学校;小学,108.94918672695312,34.27581079412349,新城区,108.953864,34.274243
B0FFF65CXL,西安唐皇城墙含光门遗址博物馆,科教文化服务;博物馆;博物馆,108.92767990101292,34.25344651049601,莲湖区,108.9323,34.251835
B001D04OVQ,西安市莲湖区南小巷小学,科教文化服务;学校;小学,108.91142830783828,34.257826809055366,莲湖区,108.916023,34.256204
B0IR6URDUN,学府考研 (芠艺荟全日制集训校区),科教文化服务;培训机构;培训机构,108.94801697971177,34.24298518005489,碑林区,108.952688,34.241402
B0KKCUOIAN,西安市工人文化宫(原市委礼堂),科教文化服务;文化宫;文化宫,108.9365115716842,34.25827565318323,碑林区,108.941152,34.256678
B0H3NH1QXE,西安市第七十中学分校,科教文化服务;学校;中学,108.93182506489184,34.26563247718527,莲湖区,108.936455,34.264031
B001D14VCC,西北大学附属小学,科教文化服务;学校;小学,108.9161539915044,34.24929557861141,碑林区,108.920754,34.247672
B0I1KZ01RG,安仁坊遗址展示馆(暂停开放),科教文化服务;展览馆;展览馆,108.93648329953707,34.23777658498501,碑林区,108.941122,34.236171
B001D048EF,西安市碑林区文艺路小学,科教文化服务;学校;小学,108.94811454816175,34.24464735286101,碑林区,108.952786,34.243065
B001D06A2Y,西安市碑林区东厅门小学,科教文化服务;学校;小学,108.95317855278154,34.25730985555529,碑林区,108.957867,34.255743
B0FFHC12YP,航空工业计算所(六三一研究所),科教文化服务;科研机构;科研机构|生活服务;生活服务场所;生活服务场所,108.91859013187673,34.24043124612006,碑林区,108.923193,34.238806
B001D09M50,魔方KTV(西大街店),体育休闲服务;娱乐场所;KTV|科教文化服务;培训机构;培训机构,108.93393370047716,34.259634949549685,碑林区,108.938568,34.258034
B0M6ZU1RZQ,灰色博物馆,科教文化服务;博物馆;博物馆,108.94646827887982,34.259605773415046,碑林区,108.951136,34.258026
B001D06Y5G,索菲特国际会展中心,科教文化服务;会展中心;会展中心,108.95499476703824,34.26704394974246,新城区,108.95969,34.265485
B001D09GSH,西北工业大学附属小学,科教文化服务;学校;小学,108.91234408534524,34.24730748843104,碑林区,108.916939,34.245681
B0FFJIWE14,西安记忆历史文化展览馆,科教文化服务;展览馆;展览馆,108.93878845537118,34.26230643292601,莲湖区,108.943435,34.260714
B0H1RREL0D,学而思素养(北大街服务中心),科教文化服务;培训机构;培训机构,108.94018800168448,34.2717652738375,莲湖区,108.944839,34.270179
B0FFF8YMS5,西安华岳英才补习学校,科教文化服务;培训机构;培训机构,108.91631450376391,34.24011697394856,碑林区,108.920914,34.23849
B001D04ZX6,西北有色地质勘查局(雁塔北路),科教文化服务;科研机构;科研机构|政府机构及社会团体;政府机关;政府机关相关,108.95861578776828,34.23811289216108,碑林区,108.963321,34.236551
B0IR5CZGHS,新东方考研四六级专升本(省体育场校区),科教文化服务;培训机构;培训机构,108.93852158370956,34.232200430402216,碑林区,108.943165,34.230596
B0H2Y5XPXJ,西安优益优高考补习学校,科教文化服务;培训机构;培训机构,108.91612944117144,34.231680235968696,雁塔区,108.920728,34.23005
B001D03T30,西安市莲湖区西关第一小学,科教文化服务;学校;小学,108.91639063125396,34.26207540400548,莲湖区,108.920992,34.260457
B001D0WL2O,西安市莲湖区劳动路小学,科教文化服务;学校;小学,108.90689205519058,34.26858801062801,莲湖区,108.911483,34.266968
B0FFF654BD,西北工业大学友谊校区研究生西馆,科教文化服务;科教文化场所;科教文化场所,108.90809692421112,34.243867423411615,碑林区,108.912687,34.242238
B001D06DBZ,西安市第三十一中学,科教文化服务;学校;中学,108.91471843772251,34.255598009465224,莲湖区,108.919317,34.253976
B001D07T8M,西安市碑林区雁塔路小学,科教文化服务;学校;小学,108.95497852131132,34.246197196317134,碑林区,108.959672,34.24463
B0FFM66AAG,雁塔区翠华路小学长大校区,科教文化服务;学校;小学,108.94330085961778,34.229811083540234,雁塔区,108.947957,34.228214
B0FFG7Q46R,西安市碑林区小雁塔小学,科教文化服务;学校;小学,108.93576178330711,34.24142731251914,碑林区,108.940399,34.239822
B0FFIU4QVP,西安市碑林区实验小学,科教文化服务;学校;小学,108.96367972084708,34.250133985703165,碑林区,108.968404,34.248589
B0FFHGUBYR,西安市第二十六中学分校,科教文化服务;学校;中学,108.9528271258154,34.25203768472467,碑林区,108.957514,34.250468
B0FFL5OWH5,西安市第七十中学东区,科教文化服务;学校;中学,108.92685719645978,34.257824733258545,莲湖区,108.931476,34.256214
B001D14VCI,西北工业大学友谊校区管理学院,科教文化服务;学校;高等院校,108.91047435515476,34.24556896754398,碑林区,108.915067,34.243941
B0HAPZS20X,西安交通大学口腔医院口腔数字化研究与开发中心,科教文化服务;科教文化场所;科教文化场所,108.94306048254614,34.267468000206065,新城区,108.947719,34.265885
B0KDO7O9RB,陕西华图教育总部,科教文化服务;培训机构;培训机构,108.94188612907529,34.27508797367223,莲湖区,108.946542,34.273506
B0FFGK8L1Y,陕西省西安师范附属小学,科教文化服务;学校;小学,108.94379042334222,34.25510560088781,碑林区,108.94845,34.253519
B0JRK7Z0DV,齐越传媒艺术中心,科教文化服务;科教文化场所;科教文化场所,108.92918426878715,34.247553993256425,碑林区,108.933807,34.245942
B0KG7A8YPY,西安翱翔中学,科教文化服务;学校;中学,108.9127490080978,34.24221023555859,碑林区,108.917344,34.240582
B0JKLS0YG3,陕西省地质调查院,政府机构及社会团体;政府机关;省直辖市级政府及事业单位|科教文化服务;科研机构;科研机构,108.95797040440075,34.27019385462087,新城区,108.962676,34.268643
B001D09MPP,中共莲湖区委党校,科教文化服务;学校;学校,108.90642603596883,34.249021864509025,莲湖区,108.911015,34.247394
B001D0WKJL,西安市莲湖区大庆路小学,科教文化服务;学校;小学,108.91117465187338,34.26957020515476,莲湖区,108.91577,34.267952
B001D071H9,西一路小学,科教文化服务;学校;小学,108.9435872967012,34.26377053469488,新城区,108.948247,34.262187
B0FFLAMXMH,中共陕西省委党校,科教文化服务;学校;学校,108.9301435918854,34.24300153278029,碑林区,108.934768,34.241389
B0FFHU6OQC,新东方学习规划(南二环第一校区),科教文化服务;培训机构;培训机构,108.9325251915599,34.2320574769884,碑林区,108.937154,34.230444
B0FFGODRV5,西安市碑林区大学南路小学分校,科教文化服务;学校;小学,108.92280328093068,34.23928308411466,碑林区,108.927413,34.237661
B001D07VM8,老城根文化艺术馆,科教文化服务;科教文化场所;科教文化场所,108.92030498658652,34.27070199063001,莲湖区,108.924913,34.26909
B001D041DK,西安市群众艺术馆,科教文化服务;美术馆;美术馆,108.94993134075736,34.2521297787019,碑林区,108.954609,34.250554
B0FFK57W1W,中国能源建设集团西北电力试验研究院,科教文化服务;科研机构;科研机构,108.9646828553262,34.25227862293005,碑林区,108.969411,34.250737
B0GRVSTHA3,天堂鸟乐器城(文艺南路店),科教文化服务;培训机构;培训机构|购物服务;购物相关场所;购物相关场所,108.94930863021604,34.23547539376314,碑林区,108.953983,34.233892
B001D0W540,西安市启智学校,科教文化服务;学校;学校,108.92563734225084,34.24829179356072,碑林区,108.930253,34.246676
B0JGXLBL6H,西安金善化妆美甲美发培训学校,科教文化服务;培训机构;培训机构,108.95805504051472,34.2588282282888,碑林区,108.96276,34.257273
B001D07XCE,陕西省地方病防治研究所,科教文化服务;科研机构;科研机构,108.921522839702,34.272248306134685,莲湖区,108.926133,34.270638
B0FFJS75K9,西安市建筑设计研究院,科教文化服务;科研机构;科研机构,108.96340456539627,34.252106909373985,碑林区,108.968128,34.250562
B0FFH2558X,西安建筑科技大学雁塔校区北院,科教文化服务;学校;高等院校,108.96160314048434,34.23923229062797,碑林区,108.966319,34.237678
B0FFFA8J8L,陕西省眼科研究所青少年近视防治中心,科教文化服务;科研机构;科研机构,108.94560853523208,34.275334048402314,新城区,108.950275,34.273759
B0J0UYYDIC,新东方国际教育·雅思托福(南二环凯德广场校区),科教文化服务;培训机构;培训机构,108.92980628513602,34.230984446994064,雁塔区,108.934429,34.229367
B0FFGELSGB,中公教育(陕西五路口校区),科教文化服务;培训机构;培训机构,108.96162145165144,34.27128966457525,新城区,108.96634,34.269748
B0FFJK2TVJ,单色舞蹈(钟楼店),科教文化服务;培训机构;培训机构,108.94702453855808,34.26062428494836,碑林区,108.951694,34.259046
B0FFHLZ84G,西安市雁塔区高新路小学,科教文化服务;学校;小学,108.90636203641613,34.23724035145081,雁塔区,108.91095,34.235608
B0FFGC2YPU,陕西工运学院培训楼,科教文化服务;学校;学校,108.92267568162605,34.27434838544572,莲湖区,108.927288,34.27274
B0FFH25JDB,陕西省建筑职工大学综合楼,科教文化服务;学校;学校,108.91683128323244,34.246157335361616,碑林区,108.921432,34.244533
B0FFG419QT,西北工业大学友谊校区西图书馆,科教文化服务;图书馆;图书馆,108.9098690834795,34.24457557623776,碑林区,108.914461,34.242947
B001D08BHI,西安市碑林区何家村小学,科教文化服务;学校;小学,108.92331370425366,34.23518112760348,碑林区,108.927924,34.233558
B0FFJT7HJV,西安市莲湖区洒金桥小学,科教文化服务;学校;小学,108.92725449714403,34.26907876822103,莲湖区,108.931875,34.267473
B001D03KN5,西安市城乡建设干部学校,科教文化服务;学校;成人教育,108.963669701447,34.25081874560534,碑林区,108.968394,34.249274
B0FFGX9Q7Q,柏斯音乐,科教文化服务;培训机构;培训机构|购物服务;专卖店;专营店,108.94889303883626,34.246224183006795,碑林区,108.953567,34.244644
B0FFMC9BCU,陕西省文化馆,科教文化服务;文化宫;文化宫,108.94599939339984,34.275258332264634,新城区,108.950667,34.273684
B0JDXOFZI1,梦田音乐LiveHouse(西安店),科教文化服务;培训机构;培训机构,108.94220039271204,34.273475084433414,莲湖区,108.946857,34.271893
B001D088O3,西安市莲湖区八一街小学,科教文化服务;学校;小学,108.93825076113022,34.275703852397626,莲湖区,108.942897,34.274116
B0FFGFW6NC,中国建筑材料工业地质勘查中心陕西总队,政府机构及社会团体;政府机关;省直辖市级政府及事业单位|公司企业;工厂;工厂|科教文化服务;科研机构;科研机构,108.94224701345864,34.276558726171935,莲湖区,108.946904,34.274978
B001D03TC7,陕西省环境科学研究院,科教文化服务;科研机构;科研机构,108.94253248416946,34.23631406430111,碑林区,108.947187,34.234718
B0FFKQTYUV,自然资源部第一大地测量队,科教文化服务;科研机构;科研机构,108.95577942057102,34.2390431040121,碑林区,108.960475,34.237475
B0FFK5CH4X,新华通讯社陕西分社第二工作区,科教文化服务;科教文化场所;科教文化场所,108.946319996115,34.26849548905842,新城区,108.950988,34.266919
B001D01B21,中国建筑西北设计研究院(西七路),科教文化服务;科研机构;科研机构,108.94437111848072,34.27538735427585,新城区,108.949034,34.27381
B0HU370FGZ,优益优教育(西工大旗舰校区),科教文化服务;培训机构;培训机构,108.91848303623595,34.243659105064,碑林区,108.923086,34.242035
B0LAXR3292,西安星棠化妆美甲培训学校,科教文化服务;学校;学校,108.9618406867496,34.271008242095384,新城区,108.96656,34.269467
B001D04WCC,西安市莲湖区报恩寺街小学,科教文化服务;学校;小学,108.92907290631824,34.25495025915388,莲湖区,108.933696,34.253341
B0FFKPSP5U,佑学教育(陕西总校),科教文化服务;培训机构;培训机构,108.95915845920122,34.26792098026422,新城区,108.963868,34.266372
B0MBM6697I,平行线素养(工大校区),科教文化服务;培训机构;培训机构,108.91934546484096,34.24656832777715,碑林区,108.92395,34.244946
B001D07QM4,西安市碑林区南门小学,科教文化服务;学校;小学,108.94296454000153,34.24541785326577,碑林区,108.947621,34.243826
B0LRV5JPSI,金标尺教育(陕西校区),科教文化服务;培训机构;培训机构,108.9489391297808,34.243360181928274,碑林区,108.953613,34.241779
B001D0WLEV,西安交通大学戏剧学院,科教文化服务;学校;高等院校,108.95068023995672,34.2490614107611,碑林区,108.95536,34.247486
B001D03GIG,西安市回民中学,科教文化服务;学校;中学,108.93994324920313,34.264414671809206,莲湖区,108.944593,34.262825
B0GRMZXCBD,邦升易考艺考培训学校(省体育场校区),科教文化服务;培训机构;培训机构,108.94266720319531,34.23515125616062,碑林区,108.947322,34.233555
B001D05D8N,西安煤研宾馆(万达广场李家村地铁站店)(暂停营业),住宿服务;宾馆酒店;宾馆酒店|科教文化服务;培训机构;培训机构,108.95831520175469,34.24582567998501,碑林区,108.96302,34.244266
B0K6V71AR7,粉笔教育(陕西分校),科教文化服务;培训机构;培训机构,108.94267946371212,34.256190189400435,碑林区,108.947336,34.254602
B0FFF9WI8S,西安朗图时代摄影造型学校,科教文化服务;培训机构;培训机构,108.94845235385434,34.27126915251644,新城区,108.953127,34.269698
B001D09IAH,东羊市小学,科教文化服务;学校;小学,108.95765447883558,34.25813543748564,碑林区,108.962358,34.256579
B0FFG1GDGR,西安科技大学研究生院,科教文化服务;学校;高等院校,108.95871262644704,34.2359614672441,碑林区,108.963418,34.234399
B0FFM4LTSP,西安建筑科技大学雁塔校区建筑学院,科教文化服务;学校;高等院校,108.96489826033628,34.23761167309755,碑林区,108.969626,34.236065
B0I235Z9OX,优美西点烘焙国际教育学院(西安校区),科教文化服务;培训机构;培训机构,108.95180864676068,34.26141618003461,新城区,108.956493,34.259848
B0FFLJ6H9Y,CGWANG王氏教育集团(西安校区),科教文化服务;培训机构;培训机构,108.92565269679532,34.2311082420271,雁塔区,108.930267,34.229486
B0FFFWAJ3X,碑林区少年宫(三学街),科教文化服务;文化宫;文化宫,108.94901900042264,34.2542268297262,碑林区,108.953694,34.25265
B0FFIL6J9F,西安音乐学院艺术中心,科教文化服务;科教文化场所;科教文化场所,108.93971759290685,34.230505081811586,雁塔区,108.944364,34.228902
B001D04ULU,西安市莲湖区第二实验小学,科教文化服务;学校;小学,108.92950859326196,34.25982279895768,莲湖区,108.934133,34.258216
B0FFHSBAYG,中煤西安设计工程公司/中煤能源研究院,科教文化服务;科研机构;科研机构,108.95833593544056,34.24820671759781,碑林区,108.963041,34.246648
B0FFFA8C40,西安非物质文化遗产博物馆,科教文化服务;博物馆;博物馆,108.94975090661238,34.25209016617871,碑林区,108.954428,34.250514
B0MG273HSW,西安体育学院,科教文化服务;学校;高等院校,108.92840426293556,34.24298968188535,碑林区,108.933025,34.241375
B001D04JVE,西北有色地质勘查局物化探总队,科教文化服务;科研机构;科研机构,108.92128677842112,34.240689939799466,碑林区,108.925894,34.239067
B0JG1UC5WB,长安画派艺术中心,科教文化服务;科教文化场所;科教文化场所,108.94630761085422,34.261380378105535,碑林区,108.950975,34.259801
B0FFJQOCNC,陕西能源职业技术学院,科教文化服务;学校;高等院校|科教文化服务;学校;职业技术学校,108.9277694279075,34.23225044929616,碑林区,108.932388,34.230631
B0HUMCUZ0H,西安电子科技大学北校区MBA教育中心,科教文化服务;科教文化场所;科教文化场所,108.9073037910877,34.22985386792856,雁塔区,108.911892,34.228219
B0FFI1UB5W,平行线素养(北大街校区),科教文化服务;培训机构;培训机构,108.94457452452733,34.27549992903027,新城区,108.949238,34.273923
B001D03IXZ,西安市莲湖区丰庆路小学,科教文化服务;学校;小学,108.91679087951398,34.251901146814255,莲湖区,108.921392,34.250279
B001D07VSW,西安市莲湖区前卫路小学,科教文化服务;学校;小学,108.92918706744996,34.274759143785815,莲湖区,108.933812,34.273158
B0MAYS157I,研途考研(集训校区),科教文化服务;培训机构;培训机构,108.96127284586984,34.26952023967521,新城区,108.96599,34.267977
B001D01E75,西安市青少年宫,科教文化服务;文化宫;文化宫,108.94744985936876,34.26557346545482,新城区,108.952121,34.263998
B0GDT508C0,米图米化妆美甲摄影技能培训学校,科教文化服务;培训机构;培训机构,108.91576184566648,34.2703204785265,莲湖区,108.920363,34.268705
B0K37SUPY5,崛心公考(西安五路口校区),科教文化服务;培训机构;培训机构,108.96003039781536,34.26786891876773,新城区,108.964743,34.266322
B001D01301,西安市莲湖区莲湖路小学,科教文化服务;学校;小学,108.92707463940036,34.271770873354335,莲湖区,108.931695,34.270166
B001D03P6R,陕西省水利电力勘测设计研究院(测绘分院),科教文化服务;科研机构;科研机构,108.9406531860614,34.254103556612826,碑林区,108.945304,34.252511
B0KRFHNGRI,西安AN舞蹈(中贸店),科教文化服务;培训机构;培训机构,108.94092628927356,34.243733087816814,碑林区,108.945577,34.242137
B0FFH9FRMU,陕西省教育科学研究院,科教文化服务;科研机构;科研机构,108.93121065159444,34.2753213347905,莲湖区,108.93584,34.273723
B0FFF9WENV,陕西省广播电视研究所,科教文化服务;科研机构;科研机构,108.95515482871912,34.247472311698075,碑林区,108.959849,34.245906
B001D04CWK,西安市莲湖区二府街小学,科教文化服务;学校;小学,108.94074082553324,34.26797887709959,莲湖区,108.945393,34.266392
B0JBKUO4FN,铭师堂补习培训中心,科教文化服务;培训机构;培训机构,108.93377126425844,34.25738207347108,碑林区,108.938405,34.25578
B0JKKC8I9T,泓美国际美容美发化妆美甲培训(西安校区),科教文化服务;培训机构;培训机构,108.95788437458702,34.27419341354049,新城区,108.96259,34.272644
B001D06LQ0,西安市教育科学研究所,科教文化服务;科研机构;科研机构,108.92113853870804,34.259182917009305,莲湖区,108.925747,34.257567
B0LA55OHIA,新东方国际教育·雅思托福(永宁门校区)​,科教文化服务;培训机构;培训机构,108.94164088317382,34.24942466572004,碑林区,108.946294,34.247832
B001D0VVFL,西安电子科技大学雁塔校区逸夫图书馆,科教文化服务;图书馆;图书馆,108.91200362628636,34.23312199234696,雁塔区,108.916597,34.23149
B001D08UUO,中共西安市新城区委党校,科教文化服务;学校;学校,108.94939714370236,34.27497571020491,新城区,108.954075,34.273408
B0JUNH4G7T,憨豆传媒,科教文化服务;传媒机构;传媒机构,108.95779182803808,34.26031125461346,碑林区,108.962496,34.258756
B001D0VSW5,西安市碑林区友谊小学,科教文化服务;学校;小学,108.9540759463698,34.24090121828994,碑林区,108.958766,34.23933
B0J0XSH0H8,西安学为贵雅思·托福·留学(南门校区),科教文化服务;培训机构;培训机构,108.9413028717025,34.248617566494254,碑林区,108.945955,34.247024
B001D01E76,陕西科技馆科普展厅,科教文化服务;科技馆;科技馆,108.95171460858764,34.26558170945255,新城区,108.956399,34.264015
B001D0Y6Z6,长安大学经济与管理学院,科教文化服务;学校;高等院校,108.95359515621634,34.233177162157574,碑林区,108.958283,34.231602
B0HD7SOL90,虫洞寄宿学习空间(考研公考),科教文化服务;科教文化场所;科教文化场所,108.96126885972032,34.26952524735627,新城区,108.965986,34.267982
B0FFLAOL98,西安市第八十九中学教育集团尚德中学,科教文化服务;学校;中学,108.95476583604828,34.26328997453166,新城区,108.95946,34.261729
B0FFG4ZIVV,西安交通大学第二附属医院教学区,科教文化服务;学校;高等院校,108.94390784465196,34.270442244833085,新城区,108.948569,34.268862
B0FFGFKSBO,西安市莲湖区环城西路小学,科教文化服务;学校;小学,108.91370901019464,34.26471795051376,莲湖区,108.918307,34.263099
B001D06ADZ,边家村工人文化宫(建设中),科教文化服务;文化宫;文化宫,108.91808137685396,34.2469971291527,碑林区,108.922684,34.245374
B001D01ECD,陕西人民出版社,科教文化服务;传媒机构;出版社,108.94281673494056,34.272775272419594,新城区,108.947475,34.271194
B001D0WF2D,西安市水利规划勘测设计院,科教文化服务;科研机构;科研机构,108.94902041752071,34.249042841034814,碑林区,108.953695,34.247464
B0FFLOUESD,西安报业传媒集团,科教文化服务;传媒机构;报社,108.91795362768862,34.233822188832775,雁塔区,108.922555,34.232194
B001D06LLT,西安交通大学兴庆校区,科教文化服务;学校;高等院校,108.97895748893303,34.24773771583135,碑林区,108.983741,34.246233
B001D08LZE,西安理工大学金花校区,科教文化服务;学校;高等院校,108.98812466461956,34.25522000762603,碑林区,108.992947,34.253745
B001D09SFP,西安工程大学(金花校区),科教文化服务;学校;高等院校,108.99526285095668,34.25908301107585,碑林区,109.000116,34.257631
B001D04A3W,西安建筑科技大学华清学院,科教文化服务;学校;高等院校,109.013961642717,34.248033899143124,新城区,109.018894,34.246634
B001D030F8,西安市铁一中学,科教文化服务;学校;中学,108.96902239549398,34.241577472652665,碑林区,108.973766,34.240043
B0FFG3EL1C,西安市第三中学,科教文化服务;学校;中学,108.97907748391135,34.266065149517885,碑林区,108.983863,34.264568
B001D0WC68,西安工业大学金花校区,科教文化服务;学校;高等院校,108.993077579312,34.26688349523168,碑林区,108.997922,34.265428
B001D020E4,西安市第八十三中学,科教文化服务;学校;中学,108.99462402987444,34.25387799446266,新城区,108.999474,34.252422
B0FFFBB9AZ,青龙寺遗址博物馆,科教文化服务;博物馆;博物馆,108.98436417811432,34.23500485590655,雁塔区,108.989169,34.233511
B001D08YAT,西安辅轮中学,科教文化服务;学校;中学,108.98304255900337,34.236621124689705,碑林区,108.987842,34.235124
B001D08LUV,西安电力高等专科学校,科教文化服务;学校;高等院校,108.98131106608771,34.268920566574295,新城区,108.986106,34.267431
B0FFIDBKI7,西安交通大学附属中学(兴庆校区),科教文化服务;学校;中学,108.9845721946673,34.24843416417114,碑林区,108.989379,34.246946
B001D071AU,西安市西光中学,科教文化服务;学校;中学,109.00408906275422,34.26830551357557,新城区,109.008981,34.266884
B001D04ILE,西安热工研究院有限公司(老院区),科教文化服务;科研机构;科研机构,108.98193268338194,34.266630693615035,碑林区,108.98673,34.265142
B001D06K6Q,西安市黄河中学,科教文化服务;学校;中学,109.00269201648732,34.269037454264975,新城区,109.007578,34.267612
B0LBS5L218,碑林区图书馆,科教文化服务;图书馆;图书馆,108.97021412880969,34.24984213818842,碑林区,108.974963,34.248314
B001D11C0I,西安交通大学兴庆校区教学二区,科教文化服务;学校;高等院校,108.98541703075256,34.24386242616978,碑林区,108.990227,34.242375
B0GKVA22I7,西安开放大学(直属二分校),科教文化服务;学校;成人教育,108.9945579904392,34.2577496729251,碑林区,108.999408,34.256295
B001D09DCL,西安市昆仑中学,科教文化服务;学校;中学,108.99959109927204,34.27240749601144,新城区,109.004464,34.270974
B001D0WKZF,西安市阳光中学,科教文化服务;学校;中学,109.00380258208946,34.24105705921151,雁塔区,109.008691,34.239624
B0IKHUI9YJ,西安市新城区图书馆,科教文化服务;图书馆;图书馆,109.0103501354191,34.245786512175144,新城区,109.015267,34.244375
B001D03FY9,陕西警察学院雁塔校区,科教文化服务;学校;高等院校,108.99800944637332,34.24214724169829,雁塔区,109.002873,34.240697
B001D06ZDT,西安市碑林区铁五小学,科教文化服务;学校;小学,108.9728286939269,34.24046463913865,碑林区,108.977587,34.23894
B001D09H66,西安市华山中学,科教文化服务;学校;中学,109.00403953956096,34.26516493454321,新城区,109.008931,34.263742
B0IRDDKYHS,西安清北补习学校,科教文化服务;培训机构;培训机构,109.01187774519872,34.25644181424891,新城区,109.016802,34.255039
B001D06DRT,西安市东方中学,科教文化服务;学校;中学,109.00759857986576,34.24942938008444,新城区,109.012504,34.248011
B001D0W91C,西安交通大学兴庆校区钱学森图书馆,科教文化服务;图书馆;图书馆,108.97895345010116,34.248407469620595,碑林区,108.983737,34.246903
B0GRXU7N5I,西安科技大学(西影路院),科教文化服务;学校;高等院校,108.9877085540932,34.22959695962379,雁塔区,108.992527,34.228111
B0FFG8KEXS,学而思素养(青龙寺服务中心),科教文化服务;培训机构;培训机构,108.98535190720756,34.23658935857705,雁塔区,108.990161,34.235099
B001D09I4Y,西安市中铁中学,科教文化服务;学校;中学,108.96663352728986,34.24078602841548,碑林区,108.971368,34.239245
B0FFLFP0TS,国王的朋友科学探索馆,体育休闲服务;休闲场所;游乐场|科教文化服务;培训机构;培训机构,109.0055288293968,34.245001332127615,新城区,109.010425,34.243575
B001D0VVWA,西安市西光中学高中部,科教文化服务;学校;中学,109.0084642051663,34.25740066070683,新城区,109.013374,34.255988
B001D02D63,西安市第二十六中学太乙分校,科教文化服务;学校;中学,108.96675060069046,34.246716469414984,碑林区,108.971486,34.245178
B0FFKUGMDX,西安成才补习学校(曲江校区),科教文化服务;培训机构;培训机构,108.97083927267305,34.23077764475835,碑林区,108.975589,34.229244
B0I11C8PFW,西安市雁塔区第一中学,科教文化服务;学校;中学,108.99310473404708,34.23963504932281,雁塔区,108.997947,34.238169
B0FFF64VHP,西安交通大学兴庆校区管理学院,科教文化服务;学校;高等院校,108.97665819311004,34.2432609471606,碑林区,108.981432,34.241748
B001D0VSM1,西安市雁塔区西影路小学,科教文化服务;学校;小学,108.98587228582176,34.22976934305092,雁塔区,108.990683,34.228278
B0IDCCBTTS,陕西唐三彩艺术博物馆,科教文化服务;博物馆;博物馆,108.97969367220512,34.2574638195113,碑林区,108.984481,34.255965
B001D04KKR,中国科学院西安分院,科教文化服务;科研机构;科研机构,108.99596232831648,34.253276175308194,新城区,109.000818,34.251824
B0K19YLVD1,西安理工大附属中学,科教文化服务;学校;中学,108.99874026067944,34.254554243243575,新城区,109.003608,34.253111
B0H2BSJH2B,西安市新城区后宰门小学幸福校区,科教文化服务;学校;小学,109.02159001713646,34.25917837695067,新城区,109.026555,34.257805
B0FFHF1W32,西安热工研究院南院,科教文化服务;科研机构;科研机构,108.99963998893794,34.235360834884624,雁塔区,109.00451,34.233913
B0FFFA8VJQ,西安市民俗博物馆,科教文化服务;博物馆;博物馆,108.96596921673068,34.262737209236064,新城区,108.970703,34.261203
B001D08D60,西安市勘察测绘院,科教文化服务;科研机构;科研机构,108.98110921886904,34.24089313920561,碑林区,108.985901,34.239392
B0IBXLR5T8,西安市雁塔区第一小学,科教文化服务;学校;小学,108.99228726183892,34.23929564278376,雁塔区,108.997126,34.237827
B001D114GQ,西安交通大学兴庆校区宪梓堂,科教文化服务;科教文化场所;科教文化场所,108.97648385108124,34.24380623032204,碑林区,108.981257,34.242293
B0FFF654G2,西安工业大学附属中小学,科教文化服务;学校;学校,108.98861678775482,34.2647267620972,碑林区,108.993442,34.263257
B0FFGIMFGF,陕西省微生物研究所,科教文化服务;科研机构;科研机构,108.99139662947503,34.232552835524096,雁塔区,108.996231,34.231079
B001D06X5B,西安市新城区西光实验小学,科教文化服务;学校;小学,109.00419454977452,34.26900890769606,新城区,109.009087,34.267588
B0FFG3CPI7,西安特立实验小学,科教文化服务;学校;小学,109.00454595769985,34.234224362218875,雁塔区,109.009437,34.232791
B0JUMCESKS,阿那加艺术礼堂,科教文化服务;科教文化场所;科教文化场所,109.01629380393152,34.248610812000955,新城区,109.021236,34.247218
B0JAFSL6L6,西安智测无忧考点,科教文化服务;科教文化场所;科教文化场所,108.97324456300396,34.27070462092227,新城区,108.978007,34.269193
B0KUTCEDKW,大奔高考旗舰校区,科教文化服务;培训机构;培训机构,109.0028440494666,34.26083829464506,新城区,109.00773,34.25941
B001D09IMT,国家法官学院西安司法警察分院,科教文化服务;学校;高等院校|科教文化服务;培训机构;培训机构,108.97929457973784,34.24206191771113,碑林区,108.984079,34.240556
B001D1507U,西安交通大学附属小学兴庆校区,科教文化服务;学校;小学,108.9899412325338,34.25181390892184,碑林区,108.994771,34.250343
B001D07XDK,陕西省动物研究所,科教文化服务;科研机构;科研机构,108.98258715803463,34.26433171720899,碑林区,108.987387,34.262844
B001D049YM,陕西省燃气设计院,科教文化服务;科研机构;科研机构,109.0217171161681,34.25189587497188,新城区,109.026682,34.25052
B001D08V3Y,陕西省现代建筑设计研究院,科教文化服务;科研机构;科研机构,108.9963253959752,34.25771233258389,碑林区,109.001183,34.256263
B0FFMAX6EO,西安市星光实验学校,科教文化服务;学校;学校,108.9954767317524,34.24949711458255,碑林区,109.00033,34.248042
B0FFFAE4FH,农银大学陕西分校,科教文化服务;学校;高等院校,108.9705446832014,34.264017664541946,碑林区,108.975296,34.262496
B0LGN5RL4Y,西安交通大学兴庆校区仲英楼,科教文化服务;学校;高等院校,108.97544855642134,34.24931701858086,碑林区,108.980218,34.247803
B001D064V8,西安市新城区黄河小学,科教文化服务;学校;小学,109.00264626012904,34.26848281881722,新城区,109.007532,34.267057
B0FFJKR0KE,西安市雁塔区实验小学,科教文化服务;学校;小学,109.02158124079796,34.23337428648902,雁塔区,109.026544,34.231991
B0J29L46JE,学而思素养(雁翔路服务中心),科教文化服务;科教文化场所;科教文化场所,108.98387080099457,34.24030731958529,雁塔区,108.988674,34.238814
B0FFK0EQCR,国家林业和草原局西北调查规划院,科教文化服务;科研机构;科研机构,108.99148152299736,34.25350662437823,碑林区,108.996318,34.252041
B001D08WRQ,西安市第七十八中学,科教文化服务;学校;中学,109.01422521473413,34.23994919732499,雁塔区,109.019158,34.238547
B0LBK5EKKW,西安市禁毒宣传教育基地,科教文化服务;科教文化场所;科教文化场所,109.01087036678368,34.276095877349455,新城区,109.015792,34.274698
B0FFG2VVHC,陕西省人事考试中心,政府机构及社会团体;政府机关;省直辖市级政府及事业单位|科教文化服务;科教文化场所;科教文化场所,108.96629108040622,34.23751714135149,碑林区,108.971024,34.235974
B0IRDAMIW2,零贰玖球馆,体育休闲服务;运动场馆;篮球场馆|科教文化服务;培训机构;培训机构,109.01857977444082,34.254725777316246,新城区,109.023532,34.253342
B0FFIOTD19,西安正大补习学校,科教文化服务;培训机构;培训机构,109.02190958114495,34.24895146822063,新城区,109.026875,34.247575
B001D0519K,西安市碑林区永新小学,科教文化服务;学校;小学,108.97156460874332,34.26529639898774,碑林区,108.97632,34.263778
B001D08VEC,西安理工大学附属小学,科教文化服务;学校;小学,108.99391497373584,34.25507267157504,碑林区,108.998762,34.253615
B0FFHEIM93,西安市第三中学分校,科教文化服务;学校;中学,108.98499206468767,34.26495741992415,碑林区,108.989802,34.263477
B001D0VSXN,西安黄河实验小学,科教文化服务;学校;小学,109.01466168271078,34.27185936300545,新城区,109.019599,34.270471
B0FFGH09DO,西安市碑林区铁五小学南校区,科教文化服务;学校;小学,108.97038346680466,34.2377562822719,碑林区,108.975132,34.236224
B001D03Y3Q,东方小学,科教文化服务;学校;小学,109.0077768382002,34.24917294182098,新城区,109.012683,34.247755
B001D0VZF7,西安市西光中学汇文校区,科教文化服务;学校;中学,108.98426017825663,34.27643687757951,新城区,108.989068,34.274959
B001D0VR5T,中国石油测井公司培训中心(党校),科教文化服务;培训机构;培训机构,108.96993082040458,34.23040021947282,雁塔区,108.974677,34.228864
B0FFLCIMT0,电气工程学院,科教文化服务;学校;职业技术学校,108.99883539695136,34.248023489469084,碑林区,109.003703,34.246578
B0GRYASU7P,天童素质成长中心(仁厚分校),科教文化服务;培训机构;培训机构,108.99124818381088,34.257538742970645,碑林区,108.996084,34.256074
B0H3PS3JB2,西安麦冬职业技能培训学校,科教文化服务;培训机构;培训机构,108.99423943171638,34.2448766345693,碑林区,108.999087,34.243416
B0FFHC3MYR,陕西省科学院,科教文化服务;科研机构;科研机构,108.99614555102252,34.253146670276344,新城区,109.001002,34.251695
B001D090BU,西安市碑林区东关南街小学,科教文化服务;学校;小学,108.9690388986728,34.25902967167325,碑林区,108.973784,34.257502
B001D019A8,西安供电局工人文化宫,科教文化服务;文化宫;文化宫,108.96832717503987,34.27660541830718,新城区,108.973071,34.275083
B0LDPCVOE2,大奔高考(圆梦校区),科教文化服务;培训机构;培训机构,109.00297916502603,34.26444444124826,新城区,109.007866,34.263018
B001D06LMK,西安交通大学招生办公室,科教文化服务;学校;高等院校,108.97987435635142,34.252319317465656,碑林区,108.984662,34.250819
B001D0WNKY,西安市碑林区仁厚庄小学,科教文化服务;学校;小学,108.98864720772582,34.258123305591425,碑林区,108.993472,34.256651
B001D08BXR,西安市碑林区乐居厂小学,科教文化服务;学校;小学,108.97180617163596,34.24698094783605,碑林区,108.976561,34.245456
B0KDOHTDOD,大夏星川影视基地,科教文化服务;传媒机构;传媒机构,109.01048015910254,34.26267351473049,新城区,109.015399,34.261269
B001D09VR0,西安雁塔阳光小学,科教文化服务;学校;小学,109.00245741141411,34.240599313924925,雁塔区,109.00734,34.239162
B001D03S2V,西安市碑林区兴庆小学,科教文化服务;学校;小学,108.98906396263143,34.26384378138741,碑林区,108.993891,34.262375
B001D041QB,西安市碑林区景龙池小学,科教文化服务;学校;小学,108.97994411677992,34.26384655960215,碑林区,108.984733,34.262351
B0KR6ZXO9T,西安市青少年体育学校,科教文化服务;学校;职业技术学校,108.9871806834726,34.26695813771884,碑林区,108.992,34.265485
B001D05WR1,中国科学院盐湖研究所西安二部,科教文化服务;科研机构;科研机构,108.99259746102082,34.23297206388956,雁塔区,108.997437,34.231502
B0K2R71W4Y,极致发现科学艺术影像展,科教文化服务;展览馆;展览馆,109.01025855483566,34.245436920062986,新城区,109.015175,34.244025
B0FFL3I9C9,建大华清小学,科教文化服务;学校;小学,109.01398275657202,34.24563075845922,新城区,109.018915,34.24423
B0FFFDCD8M,西安交通大学兴庆校区崇实书院,科教文化服务;学校;高等院校,108.97701364873026,34.24458244254762,碑林区,108.981789,34.243071
B0FFKFTPLW,西安交通大学兴庆校区西迁博物馆,科教文化服务;博物馆;博物馆,108.97989995634636,34.24378952643595,碑林区,108.984687,34.242286
B0GUCA3WWE,西安市第三中学(第二分校)(装修中),科教文化服务;学校;中学,108.97388598881996,34.25898857214797,碑林区,108.97865,34.257474
B0G146CACM,国际口腔医学博物馆,科教文化服务;科教文化场所;科教文化场所,108.98092110708104,34.27579387079541,新城区,108.985715,34.274306
B001D14XR9,西安交通大学兴庆校区逸夫科学馆,科教文化服务;科教文化场所;科教文化场所,108.9798787359203,34.24751016486474,碑林区,108.984666,34.246008
B001D064XD,秦川小学,科教文化服务;学校;小学,109.0050092006217,34.255261934217536,新城区,109.009904,34.253838
B001D06VPN,陕西省轻工业研究设计院,科教文化服务;科研机构;科研机构,108.97813940473092,34.24069772786953,碑林区,108.982919,34.239188
B0FFHEK0YC,西安工业大学附属中学高中部,科教文化服务;学校;中学,108.99273015796756,34.265799981618585,碑林区,108.997573,34.264343
B0LAJ7RS0G,学大教育(交大校区),科教文化服务;培训机构;培训机构,108.98287339481196,34.24710565052907,碑林区,108.987673,34.245612
B001D0W1RU,西安市实验小学兴德校区,科教文化服务;学校;小学,108.99788429905918,34.25035947674797,新城区,109.002748,34.248912
B001D06JPX,西安市新城区华山实验小学,科教文化服务;学校;小学,109.00406934985516,34.265896549071705,新城区,109.008961,34.264474
B0FFH1WONU,西安市碑林区沙坡小学,科教文化服务;学校;小学,108.98653818454147,34.24541052061428,碑林区,108.991353,34.243927
B0L0NDS379,尚研考研·保研·考公(陕西总部),科教文化服务;培训机构;培训机构,108.97136619508191,34.24327155610956,碑林区,108.976119,34.241744
B0GKVA1NDS,西安开放大学直属二分校办公楼,科教文化服务;学校;学校,108.99444251277896,34.25743214774054,碑林区,108.999292,34.255977
B0GUPSXF1V,西安市浐灞第二十二小学,科教文化服务;学校;小学,109.02489132193394,34.27491270666902,灞桥区,109.029871,34.273555
B0IDDRMTCP,优研考研,科教文化服务;培训机构;培训机构,108.98369977220128,34.24927340052959,碑林区,108.988503,34.247783
B0FFIL8VLT,西安龙门补习学校(东关校区),科教文化服务;培训机构;培训机构,108.97323358133475,34.25887141443911,碑林区,108.977995,34.257355
B0FFGHQPWH,西安市碑林区永宁小学,科教文化服务;学校;小学,108.979951272188,34.26161243340641,碑林区,108.98474,34.260116
B0LAJ7RS44,学大教育(轻工校区),科教文化服务;培训机构;培训机构,109.00238016126328,34.27140643349015,新城区,109.007265,34.269981
B0FFFDBQKV,西安交通大学兴庆校区大学生文体教育中心,科教文化服务;科教文化场所;科教文化场所,108.97544570850144,34.24761068388341,碑林区,108.980215,34.246096
B0H2FOLT59,君优教育(西光校区),科教文化服务;培训机构;培训机构,109.00263108530116,34.27134569654947,新城区,109.007517,34.269921
B0FFG1RKLP,陕西创新工程技术学校,科教文化服务;学校;职业技术学校,109.01143173332916,34.267171859284296,新城区,109.016355,34.265772
B0FFL1QKU4,新航道雅思·托福·留学·国际备考(交大校区),科教文化服务;培训机构;培训机构,108.9865363839073,34.24309940624027,碑林区,108.991351,34.241615
B001D0WDQH,西安电机厂子弟学校,科教文化服务;学校;中学,108.9928647831268,34.27537166221245,新城区,108.997709,34.273919
B0FFH2X7Q1,优益优教育铁一旗舰校,科教文化服务;培训机构;培训机构,108.97065397926808,34.24310054136635,碑林区,108.975404,34.241571
B0KR7RLTE7,新东方国际教育·雅思托福(交大电脑城校区),科教文化服务;培训机构;培训机构,108.98307229872192,34.25034682045919,碑林区,108.987873,34.248855
B001D0734L,张家庄小学,科教文化服务;学校;小学,108.9950004675093,34.27717945526505,新城区,108.999854,34.275734
B001D0VWFD,西安市新城区后宰门教育集团咸宁小学,科教文化服务;学校;小学,109.02444496974046,34.25307372517116,新城区,109.029421,34.251706
B001D04W9I,陕西省特种设备检验检测研究院,科教文化服务;科研机构;科研机构,108.9741375548239,34.25213356912985,碑林区,108.978902,34.250617
B0FFMHQPXI,研途考研(总部校区),公司企业;公司;公司|科教文化服务;培训机构;培训机构,108.9830683078832,34.25043679726866,碑林区,108.987869,34.248945
B0J0ORAV7H,国王的朋友·艺术教育(建工路校区),科教文化服务;培训机构;培训机构,109.0051474793586,34.244863538978315,新城区,109.010042,34.243436
B0FFI8PF4Q,领军教育(西光校区),科教文化服务;培训机构;培训机构,109.0023831491452,34.27139742810765,新城区,109.007268,34.269972
B0LRMAYAT5,西安优益优教育集团总部,科教文化服务;培训机构;培训机构,108.96786453266516,34.2449822298762,碑林区,108.972604,34.243446
B001D0VWGS,西安交通大学兴庆校区博物馆,科教文化服务;博物馆;博物馆,108.975209010236,34.24331198671244,碑林区,108.979977,34.241795
B0FFM5LH3K,西安交通大学兴庆校区逸夫工程馆,科教文化服务;科教文化场所;科教文化场所,108.97796349272296,34.24829433212316,碑林区,108.982743,34.246787
B001D07YNM,西北电力设计院,科教文化服务;科研机构;科研机构,108.99030873297662,34.27505348503347,新城区,108.995142,34.273593
B0FFFGUYBE,西安市秦川中学,科教文化服务;学校;中学,109.02110088632946,34.24891978374348,新城区,109.026063,34.247541
B0KR2CF2ZE,新东方素质(通化门店),科教文化服务;培训机构;培训机构,108.9913399404662,34.26776237506573,碑林区,108.996177,34.266302
B0FFKOY1AZ,陕西省产品质量监督检验研究院,政府机构及社会团体;政府机关;区县级政府及事业单位|科教文化服务;科研机构;科研机构,108.97413755695676,34.25210757923556,碑林区,108.978902,34.250591
B0FFHRVCDL,中国电建集团西北勘测设计研究院有限公司(工程实验检测分院),科教文化服务;科研机构;科研机构,108.99118364084931,34.23132492837176,雁塔区,108.996017,34.22985
B001D114L5,西安建筑科技大学华清学院图书馆,科教文化服务;图书馆;图书馆,109.0134409318668,34.246935862744266,新城区,109.018371,34.245534
B0FFH490N3,文都考研(华清集训校区),科教文化服务;培训机构;培训机构,109.01767998235184,34.24911956929261,新城区,109.022628,34.247731
B0LD07G444,陕西启夏教育研究院,科教文化服务;科研机构;科研机构,108.96779776435892,34.24524730357147,碑林区,108.972537,34.243711
B0IKASLSXT,优益优教育(优益跃铁一分校),科教文化服务;学校;职业技术学校,108.9832005794156,34.24050720557361,雁塔区,108.988001,34.239012
B0LGURI95Z,碑林区三馆一中心,政府机构及社会团体;政府机关;政府机关相关|科教文化服务;科教文化场所;科教文化场所,108.97018223086174,34.250101123411014,碑林区,108.974931,34.248573
B001D0WQ9W,建筑小学,科教文化服务;学校;小学,108.98635038673235,34.27659664724367,新城区,108.991167,34.275125
B0HDTALQHJ,少将体育篮球馆(火炬路校区),科教文化服务;培训机构;培训机构,108.99815629730058,34.24832743538414,碑林区,109.003021,34.24688
B001D0WPVG,中共西安市碑林区委党校(古迹岭),科教文化服务;学校;学校,108.97119992787044,34.25439971399196,碑林区,108.975953,34.252876
B0GKVA182F,西安开放大学直属二分校教学楼,科教文化服务;学校;学校,108.99454904561212,34.25754877932796,碑林区,108.999399,34.256094
B0FFFGYO4N,西安工程大学金花校区纺织学院,科教文化服务;学校;高等院校,108.99289192648196,34.26026571085057,碑林区,108.997735,34.258807
B0FFK8YZ79,申德教育,科教文化服务;培训机构;培训机构,108.9798884945304,34.23784580234478,碑林区,108.984675,34.23634
B0LUA7OVYD,秦学·伊顿教育(交大校区),科教文化服务;培训机构;培训机构,108.98423749148697,34.24968666418836,碑林区,108.989043,34.248198
B001D01E13,西安市碑林区东关小学,科教文化服务;学校;小学,108.97350640816472,34.26001720988077,碑林区,108.978269,34.258502
B0FFHCMTJ7,西安市雁塔区吉祥路小学延兴门分校,科教文化服务;学校;小学,109.00268403596438,34.23343230293383,雁塔区,109.007567,34.231993
B001D146FH,西安交通大学兴庆校区计算机网络与信息中心,科教文化服务;科教文化场所;科教文化场所,108.97989357784752,34.24868566983234,碑林区,108.984681,34.247184
B001D08V40,西安纺织研究所,科教文化服务;科研机构;科研机构,108.99558063325688,34.25730575108384,碑林区,109.000435,34.255854
B0FFHWPV3X,军转干部培训中心,科教文化服务;培训机构;培训机构,108.9867311253404,34.24836881379553,碑林区,108.991547,34.246887
B001D0VQ15,人民日报社(陕西分社),科教文化服务;传媒机构;报社,108.97660188425876,34.23763422685743,雁塔区,108.981375,34.236119
B0IADDW1WZ,陕西开放大学新城分校,科教文化服务;科教文化场所;科教文化场所,108.97162788532366,34.271080877814114,新城区,108.976384,34.269565
B0K3CUGRRZ,西安亦扬美妆学校,科教文化服务;培训机构;培训机构,109.00417449776916,34.24682973456124,新城区,109.009065,34.2454
B0HGL5QEJS,陕西省青少年宫艺术团(长乐校区),科教文化服务;文艺团体;文艺团体,109.00195253226173,34.26510629181588,新城区,109.006835,34.263677
B0FFG412B0,西安交通大学教学主楼多功能厅,科教文化服务;学校;学校,108.9789536259332,34.24627028995888,碑林区,108.983737,34.244765
B0FFFDBQLH,西安交通大学兴庆校区计算机教学实验中心,科教文化服务;科研机构;科研机构,108.97704229514648,34.247464258803085,碑林区,108.981818,34.245954
B0LUDAAAMZ,秦学·伊顿教育(黄河校区),科教文化服务;培训机构;培训机构,108.9995453884802,34.27130708631695,新城区,109.004418,34.269873
B001D14R79,励耘小学,科教文化服务;学校;小学,108.96528341676532,34.26707521951629,新城区,108.970015,34.265541
B0MGBASSXU,西安领航思维补习学校,科教文化服务;培训机构;培训机构,108.99964749351182,34.25285015255745,新城区,109.004519,34.251409
B001D15K74,西安交通大学兴庆校区航天航空学院,科教文化服务;学校;高等院校,108.9803078385189,34.24913930375155,碑林区,108.985097,34.247639
B001D08TRL,西安市第三十九中学,科教文化服务;学校;中学,108.97123528964988,34.27263330333252,新城区,108.97599,34.271117
B0FFF657I0,西安市育英小学中兴路分校,科教文化服务;学校;小学,108.9700601195036,34.26935680294371,新城区,108.97481,34.267836
B0FFJPR0ZZ,西安交通大学兴庆校区材料科学与工程学院,科教文化服务;学校;高等院校,108.97664167688814,34.25032628398402,碑林区,108.981416,34.248816
B0GRYHU2KT,灿程考研,科教文化服务;培训机构;培训机构,108.98293712499525,34.2471624427812,碑林区,108.987737,34.245669
B001D08VA6,西安市第二聋哑学校,科教文化服务;学校;学校,108.9967040574866,34.2542285534255,新城区,109.001563,34.252779
B0FFG3YU1I,青龙寺遗址博物馆西展厅,科教文化服务;博物馆;博物馆,108.98401862852045,34.2349348961184,雁塔区,108.988822,34.23344
B0KRAA2YGC,中建六局中建西北创研中心项目部,科教文化服务;科研机构;科研机构,109.01146070835384,34.25414995724265,新城区,109.016383,34.252745
B0LA3LDUQT,西安工业大学金花校区教四楼,科教文化服务;科教文化场所;科教文化场所,108.9929480921662,34.26738668224082,碑林区,108.997792,34.265931
B0LGFCS5JS,西安国艺星成艺术学校,科教文化服务;培训机构;培训机构,108.99664004137404,34.25771937531707,碑林区,109.001499,34.256271
B0FFM5L9SX,西安交通大学兴庆校区分析测试共享中心,科教文化服务;科教文化场所;科教文化场所,108.97547950365454,34.248453265318055,碑林区,108.980249,34.246939
B0FFG412B1,西安交通大学兴庆校区能源馆,科教文化服务;科教文化场所;科教文化场所,108.98263916699678,34.24954039583001,碑林区,108.987438,34.248047
B0FFILV527,缤纷鸟美术书法(交大校区),科教文化服务;培训机构;培训机构,108.98856606966542,34.2518949899343,碑林区,108.99339,34.25042
B0FFJY3EA5,北大青鸟职业教育(华清校区),科教文化服务;学校;学校内部设施|科教文化服务;培训机构;培训机构,109.01661265606415,34.246432715863115,新城区,109.021556,34.24504
B0KG250VK1,陕西西西俐雅艺术培训学校(雁塔新校区),科教文化服务;培训机构;培训机构,109.01169708709884,34.23775152749369,雁塔区,109.016619,34.236341
B0IR1HS08J,星桥体育篮球培训(交大校区),科教文化服务;培训机构;培训机构,108.98366590598422,34.24936446454036,碑林区,108.988469,34.247874
B0FFKZGL88,碑林消防科普教育基地,科教文化服务;培训机构;培训机构,108.99016611959212,34.26569773552716,碑林区,108.994998,34.264233
B0I24GE2UW,西安市雁塔区第十三小学,科教文化服务;学校;小学,109.00797013165624,34.23584341303597,雁塔区,109.012876,34.234421
B0FFF64VIC,西安交通大学兴庆校区彭康书院,科教文化服务;学校;高等院校,108.98169058263484,34.24371738567473,碑林区,108.986485,34.242219
B0KA7997TL,上岸福地·寄宿考研(交大店),科教文化服务;培训机构;培训机构,108.98389863351476,34.25299537362987,碑林区,108.988703,34.251507
B001D12GJG,西安交通大学团委,科教文化服务;学校;高等院校,108.9762727067807,34.24374184801816,碑林区,108.981045,34.242228
B001D1507I,西安交通大学兴庆校区能源与动力工程学院,科教文化服务;学校;高等院校,108.98182149358834,34.25032946847369,碑林区,108.986617,34.248834
B0FFF64VHT,西安交通大学兴庆校区文治书院,科教文化服务;学校;高等院校,108.97576273270994,34.24402916791213,碑林区,108.980533,34.242514
B0FFM5LJ29,西安交通大学兴庆校区工程坊A区,科教文化服务;学校;高等院校,108.97665684734966,34.24751832437247,碑林区,108.981431,34.246007
B0FFF64VIN,西安交通大学兴庆校区学生就业创业指导服务中心,科教文化服务;科教文化场所;科教文化场所,108.97708212938704,34.247521124526564,碑林区,108.981858,34.246011
B0IGY5GN2V,中共中国农业银行陕西省分行党校,科教文化服务;学校;学校,108.97032254939558,34.26394928795985,碑林区,108.975073,34.262427
B001D04KCN,尊德中学,科教文化服务;学校;中学,108.97769426409052,34.26430179703803,碑林区,108.982474,34.2628
B0FFKJ7FIR,会斌教育,科教文化服务;培训机构;培训机构,108.97269373737636,34.270682139398424,新城区,108.977454,34.269169
B0LGBH10Z2,陕西日报传媒集团印务有限公司,科教文化服务;传媒机构;传媒机构,108.96558451930028,34.25216536895607,碑林区,108.970316,34.250626
B0H2PUP25O,多加家长帮服务中心,科教文化服务;培训机构;培训机构,108.97960064216304,34.238241480117736,碑林区,108.984386,34.236735
B0KBRZN1AY,陕西喜年文化传媒有限公司,科教文化服务;传媒机构;传媒机构,109.01004369182844,34.2428035664391,雁塔区,109.014959,34.24139
B0FFJGK4ZM,梦云飞教育,科教文化服务;培训机构;培训机构,108.97644312006204,34.242534827667875,碑林区,108.981216,34.241021
B0H0BUYMDD,西安市新城区西光实验小学自达校区,科教文化服务;学校;小学,108.99316742180018,34.27614442842678,新城区,108.998013,34.274693
B0IU5CZH15,浪潮羽毛球培训中心,科教文化服务;科教文化场所;科教文化场所,108.9684244466122,34.26878737640672,碑林区,108.973168,34.267262
B0J2N5F9GA,西安市新城区教育考试中心,科教文化服务;科教文化场所;科教文化场所,108.96568424742968,34.26314177880317,新城区,108.970417,34.261607
B001D07F8N,陕西省标准化研究院,科教文化服务;科研机构;科研机构,108.97416046724032,34.25209152213429,碑林区,108.978925,34.250575
B0GRG5R3WX,西安昆仑小学,科教文化服务;学校;小学,108.99948158281852,34.27227088490133,新城区,109.004354,34.270837
B0FFKGJH1R,西安交通大学学生事务大厅,科教文化服务;学校;高等院校,108.9754577193123,34.246895924813,碑林区,108.980227,34.245381
B0LGZ7UQ90,达内教育(交大中心),科教文化服务;培训机构;培训机构,108.98630337589532,34.242978142473184,碑林区,108.991117,34.241493
B001D11H18,西安工程大学金花校区图书馆,科教文化服务;图书馆;图书馆,108.99546897407456,34.258973430012155,碑林区,109.000323,34.257522
B0H32741ZP,城市记忆展览馆,科教文化服务;展览馆;展览馆,108.97822788607957,34.25473008111693,碑林区,108.983009,34.253226
B0L3CCJMY1,启航考研(交大旗舰校区),科教文化服务;培训机构;培训机构,108.98397481661137,34.24694549048522,碑林区,108.988779,34.245455
B0FFK4MK4T,华清教育,科教文化服务;培训机构;培训机构,109.01536487545438,34.24645936502746,新城区,109.020303,34.245063
B0K015AK4T,北大青鸟,科教文化服务;培训机构;培训机构,109.01719102525084,34.24902203121008,新城区,109.022137,34.247632
B0HKASJXMP,西安市社区学院,科教文化服务;科教文化场所;科教文化场所,108.99618349202326,34.26387131012949,碑林区,109.001041,34.262424
B0LDMD5701,金博教育(交大校区),科教文化服务;培训机构;培训机构,108.9836606744564,34.24035091872056,雁塔区,108.988463,34.238857
B0JRZ5C12Z,陕西戏曲非遗博物馆,科教文化服务;博物馆;博物馆,108.9653930515234,34.26655914834602,新城区,108.970125,34.265025
B0FFHTZ9ZH,西安曲江新区领军教育,科教文化服务;培训机构;培训机构,108.98823217641365,34.23153468878005,雁塔区,108.993053,34.230051
B0FFIVM3HC,心田花开(交大校区),科教文化服务;培训机构;培训机构,108.98819520754644,34.245087718761795,碑林区,108.993017,34.243609
B0FFJSCCWK,中铁第一勘察设计院集团有限公司,科教文化服务;科研机构;科研机构,109.00626073811674,34.232486815203124,雁塔区,109.011159,34.231058
B0L37RMIKC,怪有意思(西安)影视文化有限公司,科教文化服务;传媒机构;传媒机构,109.01737829265376,34.24846470019632,新城区,109.022325,34.247075
B0HU959FWU,西安热工计算机培训学校,科教文化服务;培训机构;培训机构,108.98745595280452,34.26174741472025,碑林区,108.992276,34.260273
B001D14XR6,西安理工大学金花校区图书馆,科教文化服务;图书馆;图书馆,108.98828396978912,34.25545743958159,碑林区,108.993107,34.253983
B0H0S18DEQ,星空普拉提艺术馆,科教文化服务;科教文化场所;科教文化场所,108.96962552076238,34.26054051321864,碑林区,108.974373,34.259015
B001D14VXK,西安交通大学兴庆校区机械工程学院,科教文化服务;学校;高等院校,108.97600919225968,34.250706912843455,碑林区,108.980781,34.249195
B001D1507H,西安交通大学兴庆校区电气工程学院,科教文化服务;学校;高等院校,108.9823073293108,34.252145351995644,碑林区,108.987105,34.250652
B0JRTAYW7S,西安菁英补习学校,科教文化服务;科教文化场所;科教文化场所,109.01140085914795,34.26723492587642,新城区,109.016324,34.265835
B0FFM8WS8I,华恩教育,科教文化服务;培训机构;培训机构,108.99111506519608,34.26578785024292,碑林区,108.995951,34.264326
B0K13RXBPI,领军教育(交大校区),科教文化服务;培训机构;培训机构,108.98781183205348,34.245075865307975,碑林区,108.992632,34.243596
B0FFHXCIHS,小确幸吉他(交大校区),购物服务;专卖店;专营店|科教文化服务;培训机构;培训机构,108.98392977911334,34.2496685739191,碑林区,108.988734,34.248179
B0FFJPQVMY,西安交通大学兴庆校区南洋书院,科教文化服务;学校;高等院校,108.98129608166552,34.24531392005577,碑林区,108.986089,34.243815
B001D03E0C,西安思源学院,科教文化服务;学校;高等院校,109.07335928606966,34.23609162289776,灞桥区,109.078487,34.234818
B001D0WVMD,半坡国际艺术区,科教文化服务;展览馆;展览馆,109.05292968300398,34.27214918305228,灞桥区,109.058009,34.270858
B001D03E0E,西安海棠职业学院,科教文化服务;学校;高等院校,109.07730222836308,34.231365310163376,灞桥区,109.082437,34.230094
B001D110VY,西安建筑工程技师学院,科教文化服务;学校;职业技术学校,109.04414114650471,34.25727178817952,灞桥区,109.049191,34.255956
B001D063YP,西安半坡博物馆,科教文化服务;博物馆;博物馆,109.04828000540284,34.27425782568895,灞桥区,109.053345,34.272958
B001D0W93H,西安市东城第一中学,科教文化服务;学校;中学,109.057330550394,34.264068207675166,灞桥区,109.062422,34.262782
B001D08VZE,西安市第五十五中学,科教文化服务;学校;中学,109.05936381477316,34.27697237251425,灞桥区,109.064462,34.275695
B001D0VSVQ,西安市五环中学,科教文化服务;学校;中学,109.06112268012102,34.25887077584224,灞桥区,109.066224,34.257589
B0FFLCIZF4,西安新高教职业高中,科教文化服务;学校;职业技术学校,109.07850575562512,34.23550667587814,灞桥区,109.083643,34.234238
B0IAAS57UA,西安启航职业高级中学,科教文化服务;学校;职业技术学校,109.02957928829817,34.2692841958602,灞桥区,109.034577,34.267937
B0IG5SIFHN,西安市浐灞国际港第四初级中学,科教文化服务;学校;中学,109.0290562227417,34.258745835784694,灞桥区,109.034051,34.257393
B0IR2S2MH7,西安市半坡初级中学,科教文化服务;学校;中学,109.04887159717504,34.25695555337973,灞桥区,109.053937,34.25565
B001D14VX6,西安市灞桥区东城第一小学,科教文化服务;学校;小学,109.05718358377514,34.26847269117656,灞桥区,109.062275,34.267188
B0JB5S17Q9,纺织城小学纺八路校区,科教文化服务;学校;小学,109.0535074149016,34.255137884516714,灞桥区,109.058587,34.253841
B001D0VQ2R,白杨寨小学,科教文化服务;学校;小学,109.0362944495708,34.2391365455042,雁塔区,109.041315,34.237795
B0FFGFXPW6,西安市灞桥区东城第二小学,科教文化服务;学校;小学,109.0601510104922,34.27329356110106,灞桥区,109.065251,34.272016
B0HU4SL1UH,浐灞第二十三小学,科教文化服务;学校;小学,109.02741767232584,34.25848238603216,灞桥区,109.032406,34.257125
B001D08Z0A,西安思源中学,科教文化服务;学校;中学,109.07218398413636,34.232499298932375,灞桥区,109.077309,34.231223
B0FFGPTNXF,西安浐灞龙湖小学,科教文化服务;学校;小学,109.03204347414504,34.26138884159555,灞桥区,109.03705,34.260045
B0FFJGXAYK,西安高新第一小学麓湾分校,科教文化服务;学校;小学,109.04716819103412,34.232618480637775,灞桥区,109.052226,34.2313
B001D11KQN,田家湾小学,科教文化服务;学校;小学,109.03697109544416,34.249361959003934,雁塔区,109.041995,34.248026
B0H335RMAJ,西安市灞桥区东城第一小学五星分校,科教文化服务;科教文化场所;科教文化场所,109.04938860927965,34.26093089277618,灞桥区,109.054456,34.259628
B0K3UURBBK,货拉拉西安雁塔区门店,科教文化服务;科教文化场所;科教文化场所,109.02861965828144,34.25017037209415,雁塔区,109.033612,34.248813
B0G1LZ62JE,西安市灞桥区东城第五小学,科教文化服务;学校;小学,109.04732661069356,34.26825832867217,灞桥区,109.052388,34.266954
B0FFJODZ9P,西安市灞桥区东城第三小学,科教文化服务;学校;小学,109.05949809235096,34.25798484288458,灞桥区,109.064595,34.2567
B001D03928,五厂文化宫,科教文化服务;文化宫;文化宫,109.05974199049037,34.263106389792725,灞桥区,109.06484,34.261824
B001D08VH5,中共西安市灞桥区委党校,科教文化服务;学校;学校,109.06130094846014,34.27347758187933,灞桥区,109.066404,34.272202
B0H63D9I2D,西安市浐灞第十一小学,科教文化服务;学校;小学,109.04225556043107,34.25780591498653,灞桥区,109.047299,34.256486
B001D0VRYQ,西安市灞桥区延河小学,科教文化服务;学校;小学,109.05685185638735,34.25301644486288,灞桥区,109.061941,34.251725
B0MAMS5CBW,西安远东英才培优中高考补习学校,科教文化服务;培训机构;培训机构,109.02691916209064,34.25236815069888,雁塔区,109.031905,34.251007
B001D090GT,四清小学,科教文化服务;学校;小学,109.08243275883032,34.231450032366205,灞桥区,109.087576,34.230183
B001D08W5Q,西安市灞桥区纺织城小学,科教文化服务;学校;小学,109.05319233602069,34.255406391789705,灞桥区,109.058271,34.254109
B0FFGIFMDE,领军教育(纺织二分校),科教文化服务;培训机构;培训机构,109.05814365087215,34.27133981407706,灞桥区,109.063238,34.270058
B0FFJC64XI,博帆教育,科教文化服务;培训机构;培训机构,109.0594606358922,34.26443933315982,灞桥区,109.064558,34.263157
B001D08ZOQ,东枣园小学,科教文化服务;学校;小学,109.07048352184808,34.267599764398284,灞桥区,109.075608,34.266335
B0FFJG37MX,西安市灞桥区东城第二小学红旗分校,科教文化服务;学校;小学,109.06062846786106,34.253290785335494,灞桥区,109.065728,34.252006
B0IDSZEK7E,西安市古陶瓷博物馆,科教文化服务;科教文化场所;科教文化场所,109.04102044842443,34.25100847894451,雁塔区,109.046059,34.249683
B0KRHUUNFP,东城第一小学向阳分校,科教文化服务;学校;小学,109.0685140987046,34.24179740909063,灞桥区,109.073632,34.24052
B0FFF6522N,陕西华山铁道学院,科教文化服务;学校;高等院校,109.02704980532694,34.250487522954344,雁塔区,109.032036,34.249126
B0FFIAA9BC,好老师专升本白鹿原校区,科教文化服务;培训机构;培训机构,109.0751491092824,34.232446044976015,灞桥区,109.08028,34.231173
B0FFIAY0BW,领军教育(纺织三分校),科教文化服务;培训机构;培训机构,109.0597025365694,34.269586836943745,灞桥区,109.064801,34.268307
B0L35CETVG,云阙影业,科教文化服务;传媒机构;传媒机构,109.05231944339936,34.27317896281333,灞桥区,109.057397,34.271887
B0K2FRNTX9,学大教育辅导补习(纺织城校区),科教文化服务;培训机构;培训机构,109.05825437057212,34.271032745313185,灞桥区,109.063349,34.269751
B0IBC5J8YQ,西安市浐灞第二十七小学(史家湾分校),科教文化服务;学校;小学,109.03945575463356,34.24200567446701,雁塔区,109.044488,34.240673
B0MGP6ZAKU,璀璨星禾传媒,科教文化服务;传媒机构;传媒机构,109.03118062906802,34.25138405152977,雁塔区,109.036183,34.250034
B001D11STG,西安建筑工程技师学院行政楼,科教文化服务;学校;学校,109.04421496255216,34.25650192413613,灞桥区,109.049265,34.255186
B0FFL7E55Z,阳光美语(半坡阳光美语分校),科教文化服务;培训机构;培训机构,109.04759607737924,34.275886616013935,灞桥区,109.052659,34.274586
B0L24SO2ZX,陕西省建筑材料工业设计研究院有限公司,科教文化服务;科研机构;科研机构,109.05622012070602,34.2592251540729,灞桥区,109.061308,34.257935
B001D08W9U,陕西省纺织科学研究院,科教文化服务;科研机构;科研机构,109.0562171295334,34.259222160747726,灞桥区,109.061305,34.257932
B0HGVDPE9Z,半坡国际艺术区-观汉雅集,科教文化服务;科教文化场所;科教文化场所,109.05340319132026,34.27294193327888,灞桥区,109.058484,34.271652
B0FFGC21J7,十八度灰美术馆,科教文化服务;美术馆;美术馆,109.0521829874173,34.27169184476223,灞桥区,109.05726,34.270399
B0FFG73GXI,博远培训中心,科教文化服务;培训机构;培训机构,109.05872724021344,34.26902573942415,灞桥区,109.063823,34.267744
B001D11JF8,西安海棠技师学院,科教文化服务;学校;高等院校,109.07740003663471,34.23156214574372,灞桥区,109.082535,34.230291
B0FFKSIZNY,小新星国际英语(纺织城西街),科教文化服务;培训机构;培训机构,109.05208415280846,34.2732723919376,灞桥区,109.057161,34.27198
B0FFHUFEZU,西安海棠职业学院行政楼,科教文化服务;学校;学校,109.07632092403767,34.23234389621307,灞桥区,109.081454,34.231072
B0G12KK6QB,小百合艺术教育(纺织城校区),科教文化服务;培训机构;培训机构,109.05961225836327,34.26405922769137,灞桥区,109.06471,34.262777
B0FFL3G067,五环中学初中部,科教文化服务;学校;中学,109.06200935851916,34.25898529319068,灞桥区,109.067113,34.257705
B001D0VUO6,灞桥区职业教育中心,科教文化服务;学校;职业技术学校,109.05468664003878,34.2352002392996,灞桥区,109.059768,34.233898
B0FFJJ1MCG,考拉街舞,科教文化服务;培训机构;培训机构,109.02553729418824,34.26836759554884,灞桥区,109.030519,34.267009
B0LK34YZO4,西安市第五十五中学初中部,科教文化服务;学校;中学,109.0630228690404,34.26932253541131,灞桥区,109.06813,34.268048
B0LK65KO9O,龙燃传媒,科教文化服务;传媒机构;传媒机构,109.06617981542516,34.26126406432024,灞桥区,109.071294,34.259991
B0JD4HQ5SE,得道驾校总校(半坡训练场),科教文化服务;科教文化场所;科教文化场所,109.04740427330306,34.269238761962235,灞桥区,109.052466,34.267935
B0I1DSOR2C,SSPACE石域街舞(半坡店),科教文化服务;培训机构;培训机构,109.05329458386728,34.272165463593346,灞桥区,109.058375,34.270875
B0I1DAP642,杨梅红美术书法教育(龙湖天街中心),科教文化服务;培训机构;培训机构,109.032673900977,34.26343937308029,灞桥区,109.037683,34.262098
B0I05AYFQK,西安架子鼓慕仰鼓社(长乐坡店),科教文化服务;培训机构;培训机构,109.02635004393818,34.26852428613867,灞桥区,109.031335,34.267168
B0FFJZP9DG,西安思源学院文学院,科教文化服务;学校;高等院校,109.0729558126223,34.23937085008674,灞桥区,109.078083,34.238098
B0KBRCPSXG,舞动步落街舞中心(西安龙湖香醍天街店),科教文化服务;培训机构;培训机构,109.03294978558176,34.26425632691264,灞桥区,109.03796,34.262916
B0G2Y1SN4C,西安市灞桥区文化馆,科教文化服务;文化宫;文化宫,109.06409291281727,34.272465602780976,灞桥区,109.069203,34.271194
B0HDX7AQPQ,大脚猫托辅,科教文化服务;培训机构;培训机构,109.06214899472631,34.27057840267352,灞桥区,109.067254,34.269303
B0H2AZ49N3,西安歌百灵艺术琴行(龙湖香醍店),科教文化服务;培训机构;培训机构,109.03251219224988,34.267219271090894,灞桥区,109.037521,34.265879
B0KKDR5MR9,陕西秦音文化传媒有限公司,科教文化服务;传媒机构;传媒机构,109.05369430042036,34.27318426968841,灞桥区,109.058776,34.271895
B0LBL9REBH,优学邦托教中心(半坡校区),科教文化服务;培训机构;培训机构,109.05050454856637,34.25567766143818,灞桥区,109.055575,34.254375
B001D14PJ4,西安思源学院图书馆,科教文化服务;图书馆;图书馆,109.0734747569504,34.23953320574711,灞桥区,109.078603,34.238261
B0IUPZFMIZ,莱檬音乐(东郊龙湖天街架子鼓培训),科教文化服务;培训机构;培训机构,109.03255673951216,34.25882651746862,灞桥区,109.037565,34.257483
B001D0WTSK,西安市东城第一幼儿园,科教文化服务;学校;幼儿园,109.05611385193168,34.26586769117272,灞桥区,109.061202,34.26458
B0FFI2UV52,北京红舞鞋(龙湖·香醍国际社区店),购物服务;服装鞋帽皮具店;服装鞋帽皮具店|科教文化服务;培训机构;培训机构,109.03306010877522,34.26729281470483,灞桥区,109.038071,34.265954
B001D0VSXR,灞桥区青少年校外活动中心,科教文化服务;文化宫;文化宫,109.04582243563272,34.26971602650603,灞桥区,109.050879,34.268409
B001D10SI7,科目二考场(华津科目二考场),科教文化服务;科教文化场所;科教文化场所,109.07320212826554,34.241539753977165,灞桥区,109.07833,34.240268
B0I2GA9O79,樱白鼓乐社,科教文化服务;科教文化场所;科教文化场所,109.03642523348648,34.25943637846429,灞桥区,109.041448,34.258103
B0L6DH90F0,清睿学习中心·课后辅导,科教文化服务;科教文化场所;科教文化场所,109.03110427951452,34.25892129677286,灞桥区,109.036107,34.257574
B0FFF6522R,雅德幼儿园,科教文化服务;学校;幼儿园,109.03089854170167,34.253395015359246,雁塔区,109.0359,34.252045
B0IG5HJ7UY,YOGA空间(灞业大境店),体育休闲服务;运动场馆;健身中心|科教文化服务;培训机构;培训机构,109.02916011348412,34.26701024602323,灞桥区,109.034156,34.265661
B0J0TRZNJF,易燃影视,科教文化服务;传媒机构;传媒机构,109.05262168400766,34.27134012037045,灞桥区,109.0577,34.270048
B0FFH6N5LM,水岸东方·智慧幼儿园,科教文化服务;学校;幼儿园,109.0416939957592,34.263810837147304,灞桥区,109.046736,34.262492
B0HA27SD63,乐高琴行(龙湖香醍西岸店)吉他架子鼓培训,购物服务;专卖店;专营店|科教文化服务;培训机构;培训机构,109.03127163697538,34.25892185408,灞桥区,109.036275,34.257575
B0I22CDYC9,优格曼精品托管托育,科教文化服务;培训机构;培训机构,109.04766265793016,34.23173074029511,灞桥区,109.052722,34.230413
B0G10SF94H,西安市灞桥区第六幼儿园,科教文化服务;学校;幼儿园,109.0659554208396,34.24889823622158,灞桥区,109.071068,34.24762
B0FFIITDXA,愛上幼儿园,科教文化服务;学校;幼儿园,109.05481313541468,34.27153181131719,灞桥区,109.059898,34.270244
B0LU9ZACHB,精准学·数跃AI智能成长中心(浐灞龙湖店),科教文化服务;培训机构;培训机构,109.03496964637806,34.25907020031997,灞桥区,109.039987,34.257733
B0FFL6XPZL,赵汝飞练字(纺织城校区),科教文化服务;培训机构;培训机构,109.06343688924689,34.2685662005837,灞桥区,109.068545,34.267292
B0I3TCC6CH,玛尔比恩,科教文化服务;学校;幼儿园|科教文化服务;培训机构;培训机构,109.06089876241742,34.26473979998974,灞桥区,109.066,34.26346
B0FFFFU21Q,东城第三幼儿园,科教文化服务;学校;幼儿园,109.05788459777403,34.25714197857222,灞桥区,109.062977,34.255854
B0HBFAYZV0,舞者梦舞蹈艺术培训中心,科教文化服务;培训机构;培训机构,109.0686099575193,34.27553391791877,灞桥区,109.073731,34.27427
B0MU6SU60A,银河共享自习空间半坡店,科教文化服务;科教文化场所;科教文化场所,109.04938837149552,34.275315050570235,灞桥区,109.054457,34.274018
B0FFGJ94PY,吉的堡沁水幼儿园,科教文化服务;学校;幼儿园,109.034493332847,34.271820274193374,灞桥区,109.03951,34.270487
B001D0VVVQ,陕西省灞桥区教师进修学校,科教文化服务;学校;成人教育,109.04547061043486,34.269674824247254,灞桥区,109.050526,34.268367
B0FFGG5QAC,浐灞新城幼儿园,科教文化服务;学校;幼儿园,109.07567226199087,34.27686109845128,灞桥区,109.080808,34.275606
B0FFKTQZO9,七艺坊艺术中心,科教文化服务;培训机构;培训机构,109.0364581106219,34.259461286217935,灞桥区,109.041481,34.258128
B0L1Y5EBVI,浐灞国际港第三学校(建设中),科教文化服务;学校;学校,109.03423164919124,34.26787455471076,灞桥区,109.039247,34.266539
B0FFF4EO2X,东城第二幼儿园,科教文化服务;学校;幼儿园,109.05877623570056,34.267522265349214,灞桥区,109.063872,34.26624
B0J0CC7LMC,科建驾校(总校训练基地),科教文化服务;驾校;驾校,109.0254336372162,34.25744225893793,灞桥区,109.030414,34.256079
B0FFG61J5W,小荷花艺术团,科教文化服务;文艺团体;文艺团体,109.03070733576754,34.252715787627295,雁塔区,109.035708,34.251365
B0FFFDBIWB,西安海棠职业学院新生报到接待中心,科教文化服务;学校;高等院校,109.07643558556708,34.23381523960062,灞桥区,109.081569,34.232544
B0FFJ2XZCD,世纪星幼儿园,科教文化服务;学校;幼儿园,109.033790433079,34.23123585163909,雁塔区,109.038801,34.229885
B0FFMDBIUD,育星晖教育,科教文化服务;培训机构;培训机构,109.07074014340807,34.277135529202745,灞桥区,109.075866,34.275875
B0FFL053BM,西安医学院第二附属医院住院三部,科教文化服务;学校;高等院校,109.06387495966062,34.26663731068503,灞桥区,109.068984,34.265363
B0LKSDHYGD,新振兴智慧驾校(总校训练基地),科教文化服务;驾校;驾校,109.04018714518452,34.27714196233209,灞桥区,109.045225,34.275825
B0HAFZUITK,正学专升本(白鹿原校区),科教文化服务;培训机构;培训机构,109.0765411681348,34.236395177462086,灞桥区,109.081675,34.235125
B0FFGVVVOC,翌星幼儿园,科教文化服务;学校;幼儿园,109.02840947675884,34.25022092151765,雁塔区,109.033401,34.248863
B001D0VWLW,博远教育,科教文化服务;培训机构;培训机构,109.067939464337,34.275690750793,灞桥区,109.073059,34.274426
B0K2S9121N,恒音音乐艺术中心,科教文化服务;培训机构;培训机构,109.05842279080744,34.26078258923968,灞桥区,109.063517,34.259497
B0FFJE0FEK,亚芳舞蹈,科教文化服务;培训机构;培训机构,109.08296601621052,34.23081789128452,灞桥区,109.08811,34.229551
B0GRP5JF7S,顶点街舞,科教文化服务;培训机构;培训机构,109.032818750264,34.25877085667003,灞桥区,109.037828,34.257428
B0LRCBEKQA,城市驿站城市书吧,科教文化服务;图书馆;图书馆,109.055004792501,34.26900748122125,灞桥区,109.06009,34.267719
B0KU777FPJ,8766 D·DANCE舞蹈工作室,科教文化服务;培训机构;培训机构,109.04183640373368,34.2416081566418,雁塔区,109.046877,34.240281
B0FFM1LKNL,陈凤追梦艺术中心,科教文化服务;培训机构;培训机构,109.02865111336824,34.2668646783438,灞桥区,109.033645,34.265514
B0FFIBECSB,育心培训中心,科教文化服务;培训机构;培训机构,109.06905172920716,34.266766926883214,灞桥区,109.074173,34.2655
B0FFMDU1LL,四厂中学,科教文化服务;学校;中学,109.05839441039927,34.2660915093682,灞桥区,109.063489,34.264808
B0JGPZJECV,西安瑞铂教育,科教文化服务;培训机构;培训机构,109.0453339750666,34.25910337986829,灞桥区,109.050388,34.257791
B0LU6LFS8P,达思国际少儿英语龙湖校区,科教文化服务;培训机构;培训机构,109.03564913164062,34.258997505552,灞桥区,109.040669,34.257662
B0H1ORTO74,香醍幼儿园,科教文化服务;学校;幼儿园,109.03156936291045,34.26048244892723,灞桥区,109.036574,34.259137
B0H2AR9AVE,育龙驾校训练场,科教文化服务;驾校;驾校,109.0485933018008,34.24749182479802,灞桥区,109.053657,34.246182
B0FFGAPHHS,亚华幼儿园,科教文化服务;学校;幼儿园,109.02870996467225,34.24242309532372,雁塔区,109.033702,34.241063
B0FFIBHM9Y,静潼淳幼儿园,科教文化服务;学校;幼儿园,109.0264206805602,34.26949769531737,灞桥区,109.031406,34.268142
B0K177Q1O4,蓝匠匠家电清洗培训,科教文化服务;培训机构;培训机构,109.03090185164868,34.27306012263257,灞桥区,109.035905,34.271718
B0JUXRMO19,创能驾校训练场,科教文化服务;科教文化场所;科教文化场所,109.04047730621778,34.27496317248636,灞桥区,109.045516,34.273646
B0HAK7KDC3,高思数学,科教文化服务;培训机构;培训机构,109.05196435347074,34.2751928379516,灞桥区,109.057041,34.273901
B0FFKW9UR8,英赫高科麓湾幼儿园,科教文化服务;学校;幼儿园,109.04690394566826,34.23389458280791,灞桥区,109.051961,34.232576
B0K37CJP8Y,880Studio,科教文化服务;传媒机构;传媒机构,109.05199354075845,34.27198510174628,灞桥区,109.05707,34.270692
B0LDLHQLM7,莫急艺术,科教文化服务;培训机构;培训机构,109.02655876998028,34.27375656929549,灞桥区,109.031545,34.272403
B0KA65LI23,中海云锦长颈鹿幼儿园,科教文化服务;学校;幼儿园,109.05429337355194,34.263318128250624,灞桥区,109.059376,34.262026
B0FFGCW6OH,优宝幼儿园,科教文化服务;学校;幼儿园,109.03264152495416,34.26928209553046,灞桥区,109.037651,34.267943
B0FFF652YV,领舞·舞蹈工作室,科教文化服务;培训机构;培训机构,109.06645949611688,34.26884461250045,灞桥区,109.071575,34.267575
B0FFL19589,芯冉艺术·专注音乐(浐灞龙湖校区),科教文化服务;培训机构;培训机构,109.0328396671668,34.2588157844354,灞桥区,109.037849,34.257473
B0FFI1A36U,青钰舞林苑,科教文化服务;培训机构;培训机构,109.0320718625264,34.26728639591607,灞桥区,109.037079,34.265945
B0FFILKJOU,墨谷泉书画艺术中心,科教文化服务;培训机构;培训机构,109.035780093597,34.230372093730985,雁塔区,109.040798,34.229026
B0JGK7UO9L,西安思源学院大学生创新创业训练展示中心,科教文化服务;科教文化场所;科教文化场所,109.07546187878552,34.23979198484452,灞桥区,109.080594,34.238522
B0FFKF6ZGE,包豪斯书画艺术,科教文化服务;培训机构;培训机构,109.032382685821,34.267204615342806,灞桥区,109.037391,34.265864
B0K0H5LD7H,美育新星艺术基地,科教文化服务;培训机构;培训机构,109.05324469478168,34.27261537591273,灞桥区,109.058325,34.271325
B0FFFZYIE2,西安小天鹅艺术团(东城教学点),科教文化服务;培训机构;培训机构,109.05364353980474,34.27216478692536,灞桥区,109.058725,34.270875
B0LRZ53A6I,君和琴行,科教文化服务;培训机构;培训机构|购物服务;专卖店;专营店,109.03249965268073,34.26238425026831,灞桥区,109.037508,34.261042
B0FFGH54NR,西安思源学院学术交流中心,科教文化服务;会展中心;会展中心,109.0730318798497,34.23682571737519,灞桥区,109.078159,34.235552
B0FFHK8WPM,艾可笛幼儿园(第四分园),科教文化服务;学校;幼儿园,109.04157609670594,34.26742565583378,灞桥区,109.046618,34.266108
B0JDU9R10X,万博青训俱乐部,科教文化服务;培训机构;培训机构,109.05021545866472,34.23237412809944,灞桥区,109.055283,34.231062
B0L0JOGMN3,西安浐灞奥园御府幼儿园,科教文化服务;学校;幼儿园,109.02625110229928,34.26070570475144,灞桥区,109.031235,34.259346
B0MACSVVO1,西安稳达驾校(总校培训基地),科教文化服务;驾校;驾校,109.02742554618987,34.236090964918375,雁塔区,109.032412,34.234725
B0G3AOIVZ2,人从众篮球培训(恒大绿洲校区),科教文化服务;科教文化场所;科教文化场所,109.03610370057449,34.25611049944511,雁塔区,109.041125,34.254775
B0FFH8KNUS,陕西广电网络传媒(集团)股份有限公司西安分公司城东公司纺织城营维中心,科教文化服务;科教文化场所;科教文化场所,109.06391538606604,34.27209702402491,灞桥区,109.069025,34.270825
B0KRVHIOBP,益学郎AI自习室(恒大绿洲店),科教文化服务;培训机构;培训机构,109.03764328103932,34.2536416292404,雁塔区,109.04267,34.252309
B0JG7SRUFQ,大手牵小手童书益智馆,科教文化服务;培训机构;培训机构,109.0312526455501,34.259675605265684,灞桥区,109.036256,34.258329
B0JDOXD0AZ,西安市浐灞第十一幼儿园,科教文化服务;学校;幼儿园,109.0425653005159,34.23669130377027,雁塔区,109.047608,34.235364
B0FFK847ZQ,东城第一幼儿园一印分园,科教文化服务;学校;幼儿园,109.05655177979445,34.275359008744694,灞桥区,109.061642,34.274076
B0FFMFYZD0,西安市非物质文化遗产唐三彩烧制技艺保护传习所,科教文化服务;培训机构;培训机构,109.07552181304976,34.262273200326575,灞桥区,109.080656,34.261012
B0J3VSSHYY,花雅舞蹈,科教文化服务;培训机构;培训机构,109.0278886415929,34.26054928161721,灞桥区,109.032879,34.259194
B0HA6XF34V,西安市灞桥区优学邦培训学校,科教文化服务;培训机构;培训机构,109.0686693907235,34.26900052256386,灞桥区,109.07379,34.267734
B0FFI33GKV,七彩阳光幼儿园,科教文化服务;学校;幼儿园,109.06552915356984,34.27532029057623,灞桥区,109.070643,34.274052
B0I2BAW3FL,考拉街舞,科教文化服务;培训机构;培训机构,109.06155554897737,34.27040242959748,灞桥区,109.066659,34.269126
B0IUZ55HSL,艺梵艺术中心,科教文化服务;培训机构;培训机构,109.03896101777512,34.27126334867089,灞桥区,109.043994,34.269941
B0LB571IVD,英贝思成长中心(浐灞旗舰店),科教文化服务;培训机构;培训机构,109.02932032566213,34.25719673719814,灞桥区,109.034316,34.255844
B0I3VZBB91,桐美术馆,科教文化服务;美术馆;美术馆,109.0537491571881,34.272949260515965,灞桥区,109.058831,34.27166
B0I2O5QCJX,灞桥区第十一幼儿园,科教文化服务;学校;幼儿园,109.04675866712492,34.265952496291206,灞桥区,109.051818,34.264646
B0FFIPIRO8,哈利博特教育(城东分校),科教文化服务;培训机构;培训机构,109.03632112311784,34.25350697372616,雁塔区,109.041343,34.252171
B001D14TID,西安思源学院-招生办公室,科教文化服务;学校;高等院校,109.07114880833178,34.23640108540043,灞桥区,109.076272,34.235125
B0FFL354SO,鲁西西魔幻幼儿园,科教文化服务;学校;幼儿园,109.06472230789248,34.26153508321705,灞桥区,109.069833,34.26026
B0H1JUPYVN,柠檬树艺术(高科麓湾分部),科教文化服务;培训机构;培训机构,109.04685777320084,34.23766427993942,灞桥区,109.051915,34.236347
B0FFG77L8D,西安建筑工程技师学院-西京幼儿园,科教文化服务;学校;幼儿园,109.04195863956882,34.25722983585832,灞桥区,109.047001,34.255909
B0LRSK43LT,科一科四理论特训中心,科教文化服务;培训机构;培训机构,109.04667767811794,34.26891847063057,灞桥区,109.051737,34.267613
B0FFJ8Q2VG,卓根幼儿园,科教文化服务;学校;幼儿园,109.02787509179252,34.2676314728319,灞桥区,109.032866,34.266279
B0FFF651Q8,田家湾市场幼儿园,科教文化服务;学校;幼儿园,109.0345815728465,34.253453400284094,雁塔区,109.039597,34.252113
B0FFFO64Q0,五环保育院,科教文化服务;学校;幼儿园,109.05985286440456,34.26111000003424,灞桥区,109.064951,34.259827
B0MBNZS6KR,青野自然幼儿园,科教文化服务;学校;幼儿园,109.05508965638984,34.267713847460925,灞桥区,109.060175,34.266425
B0FFMDU7HT,滨河明珠金苹果幼儿园,科教文化服务;学校;幼儿园,109.0501505880514,34.244859577577266,灞桥区,109.055219,34.243552
B0FFFGV1F4,西安市灞桥区现代教育信息技术中心,科教文化服务;科教文化场所;科教文化场所,109.04586927835857,34.26973591473324,灞桥区,109.050926,34.268429
B0GRO61Z6X,博远缤纷培训学校,科教文化服务;培训机构;培训机构,109.0552202481592,34.25644610584848,灞桥区,109.060305,34.255153
B0LBPH68EK,浐灞雁鸣家园幼儿园,科教文化服务;学校;幼儿园,109.03685485612478,34.23373715740458,雁塔区,109.041877,34.232395
B0GKFGNA7A,西安美育课堂艺术教育中心,科教文化服务;培训机构;培训机构,109.0532447077634,34.27246443792148,灞桥区,109.058325,34.271174
B0FFHG1PTT,西安建筑工程技术学院继续教育学院,科教文化服务;学校;成人教育,109.04383919659742,34.25698058987796,灞桥区,109.048888,34.255664
B0H10STJHC,西安市灞桥区第十幼儿园,科教文化服务;学校;幼儿园,109.05442025147896,34.24879759676748,灞桥区,109.059502,34.2475
B0L1TH4358,城市书吧(纺织城公园店),科教文化服务;图书馆;图书馆,109.058517979143,34.2671368706553,灞桥区,109.063613,34.265854
B0FFGKCBFC,伊顿慧乐幼儿园(西安恒大绿洲校园),科教文化服务;学校;幼儿园,109.03513626690206,34.25626088599922,雁塔区,109.040154,34.254923
B0FFHJ6X2G,hello儿童成长中心,科教文化服务;培训机构;培训机构,109.06879211943895,34.2689533798176,灞桥区,109.073913,34.267687
B0JKOHL2P2,中乐围棋,科教文化服务;培训机构;培训机构,109.03680036713205,34.23008963707771,雁塔区,109.041822,34.228746
B0K25RMECV,希萌小象国际婴幼儿托育,科教文化服务;培训机构;培训机构,109.03249965302076,34.26238025186665,灞桥区,109.037508,34.261038
B0MG1ST28F,中共西安市灞桥区委党校综合楼,科教文化服务;学校;学校,109.06132189159852,34.27350053825395,灞桥区,109.066425,34.272225
B0FFLCCM1P,兜里有画艺术画室,科教文化服务;培训机构;培训机构,109.06739091457376,34.27351140034585,灞桥区,109.072509,34.272245
B0JRND81CB,乐弹琴行,科教文化服务;培训机构;培训机构,109.0529884128118,34.2732286241801,灞桥区,109.058068,34.271938
B0FFINBUON,天必成社会化科目三考场,科教文化服务;科教文化场所;科教文化场所,109.04565974176042,34.2491735398935,灞桥区,109.050714,34.247858
B0J0YCEWRV,艾思顿托管中心(纺三路店),科教文化服务;培训机构;培训机构,109.05848390752412,34.26905215222038,灞桥区,109.063579,34.26777
B0JUZSDXKQ,科建驾校(直营店),科教文化服务;培训机构;培训机构,109.03861100943764,34.274359928205804,灞桥区,109.043643,34.273038
B001D0VTPI,灞桥老年大学,科教文化服务;学校;成人教育,109.05867290191318,34.27466552015928,灞桥区,109.063769,34.273386
B0KDLHJJ4G,半坡国际艺术区叁号院,科教文化服务;科教文化场所;科教文化场所,109.05443329263724,34.27105972492734,灞桥区,109.059517,34.269771
B0K67UDQM3,西安市灞桥区第四幼儿园,科教文化服务;学校;幼儿园,109.05582434590605,34.2582082859322,灞桥区,109.060911,34.256917
B0MGTC7EMT,源绩佳专升本,科教文化服务;培训机构;培训机构,109.07587162986626,34.23380380433849,灞桥区,109.081004,34.232532
B0HGTM8P3H,瑞思少儿中心(龙湖校区),科教文化服务;培训机构;培训机构,109.03218874721358,34.26341864897048,灞桥区,109.037196,34.262076
B001D11QYJ,博艺幼儿园(咸宁东路),科教文化服务;学校;幼儿园,109.03030195675692,34.25205012532689,雁塔区,109.035301,34.250698
B001D0WG92,西安华津思源考训场,科教文化服务;驾校;驾校,109.0703983751127,34.23681885325923,灞桥区,109.07552,34.235542
B0LK4SW9KI,云朵沉浸式·共享自习室(半坡店),科教文化服务;培训机构;培训机构,109.04845832133972,34.27554191554163,灞桥区,109.053524,34.274243
B0FFHSR12R,西安市第六十三中学,科教文化服务;学校;中学,109.12930577216083,34.268414499699404,灞桥区,109.134466,34.267148
B0FFFAHTPV,中国中铁一局集团电务工程有限公司科技研发基地,公司企业;公司;公司|科教文化服务;科研机构;科研机构,109.11796183544136,34.274739550942016,灞桥区,109.123129,34.273487
B0FFFTAK5N,西安市第五十六中学,科教文化服务;学校;中学,109.1066361423477,34.26418926452198,灞桥区,109.111803,34.262939
B0FFHRNWYW,西安市灞桥区纺织城小学富力分校,科教文化服务;学校;小学,109.11546425451677,34.27385703148694,灞桥区,109.120632,34.272606
B001D08OCU,灞桥区老洞小学,科教文化服务;学校;小学,109.09736283949128,34.27071916323007,灞桥区,109.102526,34.269473
B001D08WQ3,江尹小学,科教文化服务;学校;幼儿园|科教文化服务;学校;小学,109.09626447288294,34.23828094506664,灞桥区,109.101424,34.237022
B0FFK994P6,西安财经大学行知学院-教学楼,科教文化服务;学校;学校,109.09104695040192,34.229368331555705,灞桥区,109.096201,34.228105
B0FFILXDWR,西安盈朗实业有限公司LED生产研发基地,科教文化服务;科研机构;科研机构,109.1224101098386,34.27001441636464,灞桥区,109.127575,34.268756
B001D0VR48,东李小学,科教文化服务;学校;小学,109.1400262985928,34.23374936859163,灞桥区,109.145173,34.232455
B0FFJUYQZT,陕西盘龙医药研究院,科教文化服务;科教文化场所;科教文化场所,109.12434943427282,34.26718449719042,灞桥区,109.129513,34.265923
B0HUY7SN15,西安艺次方艺术文化,科教文化服务;科教文化场所;科教文化场所,109.11690163246928,34.27346724768378,灞桥区,109.122069,34.272215
B0GK9ZPROC,西安财经大学行知学院知礼楼,科教文化服务;学校;学校,109.09316773528596,34.23083320693976,灞桥区,109.098324,34.229571
B0LD0CFX2M,霸陵文保碑,科教文化服务;科研机构;科研机构,109.1126541429133,34.25917313703552,灞桥区,109.117821,34.257918
B001D0WLN4,爱哲堡幼儿园,科教文化服务;学校;幼儿园,109.08498221082884,34.23000989149733,灞桥区,109.090129,34.228744
B0FFGFPAV8,富力文体中心,科教文化服务;科教文化场所;科教文化场所,109.1178270806232,34.27144380001183,灞桥区,109.122994,34.27019
B0JG2MB0YV,陕西万祥档案2号库,科教文化服务;科教文化场所;科教文化场所,109.12037693275146,34.272520507727364,灞桥区,109.125543,34.271265
B0J10UDRTP,西安市灞桥区第十五幼儿园(悦尚锦云园区),科教文化服务;学校;幼儿园,109.12339303757696,34.265418243350084,灞桥区,109.128557,34.264157
B0L3D7552J,西安市第六十三中学小学部,科教文化服务;学校;小学,109.1293367949026,34.26843552806584,灞桥区,109.134497,34.267169
B0HRHC496S,大畅想艺术教育富力校区,科教文化服务;培训机构;培训机构,109.11733807134712,34.26985306571895,灞桥区,109.122505,34.268599
B001D0VW9L,晨光幼儿园(毛西公路),科教文化服务;学校;幼儿园,109.08940502920136,34.271890437243634,灞桥区,109.094561,34.270643
B0FFH9R9AC,尚泽幼儿园,科教文化服务;学校;幼儿园,109.08540581787835,34.27385058359408,灞桥区,109.090557,34.272602
B0G3LDF6F0,李梅书画艺术馆,科教文化服务;美术馆;美术馆,109.13456666064674,34.24297217160029,灞桥区,109.13972,34.241689
B001D0ZNFF,席王中心幼儿园,科教文化服务;学校;幼儿园,109.12463768678832,34.25482272210192,灞桥区,109.1298,34.253556
B0J0MDUANL,西安市灞桥区第十四幼儿园,科教文化服务;学校;幼儿园,109.1117355891165,34.27641660563954,灞桥区,109.116904,34.275169
B0LG57NCT6,思扬专升本,科教文化服务;培训机构;培训机构,109.08507806823778,34.23014078644595,灞桥区,109.090225,34.228875
B0JKH7BUL8,锦志程驾驶员培训中心,科教文化服务;驾校;驾校,109.08564534100309,34.22969262145542,灞桥区,109.090793,34.228427
B0FFL9HVYC,毛河湾村大舞台,科教文化服务;科教文化场所;科教文化场所,109.12522919606144,34.253186981797946,灞桥区,109.130391,34.251919
B0LDOAW5N8,蕾森音乐,科教文化服务;培训机构;培训机构,109.11521233455886,34.2723634694475,灞桥区,109.12038,34.271112
B001D0VSPF,聪聪幼儿园(毛西公路),科教文化服务;学校;幼儿园,109.09332806283662,34.27126347706422,灞桥区,109.098488,34.270017
B0L21HTDJ4,西安市灞桥区第十五幼儿园富力白鹭湾园区,科教文化服务;学校;幼儿园,109.11864034265052,34.27153942054212,灞桥区,109.123807,34.270285
B0IKS51BQA,灞桥区第二幼儿园新纺分园,科教文化服务;学校;幼儿园,109.12882335222454,34.26890073169331,灞桥区,109.133984,34.267635
B0L125U9CW,行知驾校,科教文化服务;驾校;驾校,109.094368568439,34.231893573168456,灞桥区,109.099526,34.230632
B0GRHKNI8D,盘龙七片研发中心,科教文化服务;科教文化场所;科教文化场所,109.12276043949832,34.268334439730765,灞桥区,109.127925,34.267075
B0LAAUM3R7,悦湾社区托育中心,科教文化服务;培训机构;培训机构,109.11836848351804,34.268854294113794,灞桥区,109.123535,34.267599
B0MU3OQNVF,西安财经大学行知学院4号楼,科教文化服务;学校;学校内部设施,109.09286904907115,34.23043742284578,灞桥区,109.098025,34.229175
B0FFHWPRPA,碑林驾校(毛西公路),科教文化服务;科教文化场所;科教文化场所,109.09404943341757,34.27104041945648,灞桥区,109.09921,34.269794
B0K2GUCDRT,陕西汇诚艺美传媒有限公司,科教文化服务;传媒机构;传媒机构,109.09930325518944,34.24000521990315,灞桥区,109.104465,34.238747
B0FFJ2YHLT,西安市先锋科目三考务中心,科教文化服务;科教文化场所;科教文化场所,109.11853805412544,34.27443414494448,灞桥区,109.123705,34.273181
B0LAKRMXXY,启点艺术培训中心,科教文化服务;培训机构;培训机构,109.12706464922486,34.25059598697652,灞桥区,109.132225,34.249325
B0LUMCG395,哈尼熊富力白鹭湾托育中心,科教文化服务;培训机构;培训机构,109.12050827344324,34.269266956356994,灞桥区,109.125674,34.26801
B001D09PEC,燎原村文体活动中心,科教文化服务;文化宫;文化宫,109.13912726931774,34.256763248443605,灞桥区,109.144277,34.255479
B0LGH7M5VK,陕西鑫鑫视听广告文化传播有限公司,科教文化服务;传媒机构;传媒机构|公司企业;公司;公司,109.0982138243524,34.24133270023507,灞桥区,109.103375,34.240075
B0LRV7KTNT,清雅博逸,科教文化服务;培训机构;培训机构,109.0888346877034,34.27183969251144,灞桥区,109.09399,34.270592
B0FFL8W8D1,西安市大兴新区初级中学,科教文化服务;学校;中学,108.89066955291578,34.280991913510306,莲湖区,108.895254,34.279379
B0HG06U916,西安市莲湖第二学校,科教文化服务;学校;学校,108.8607655011524,34.287566045348214,莲湖区,108.865369,34.285986
B001D0ZLZW,莲湖区沣惠路小学,科教文化服务;学校;小学,108.8859547459016,34.286807814412455,莲湖区,108.89054,34.2852
B0FFITAJSV,西安市莲湖区远东实验小学,科教文化服务;学校;小学,108.85843063819614,34.28769949604443,莲湖区,108.863037,34.286123
B001D091C1,邓家村小学,科教文化服务;学校;小学,108.8694585833992,34.28743385032233,莲湖区,108.874053,34.285842
B001D101JA,西安市莲湖区大兴新区小学,科教文化服务;学校;小学,108.90538432106212,34.293721741950925,莲湖区,108.909976,34.292112
B001D01804,西安市第七十六中学,科教文化服务;学校;中学,108.88513529200316,34.31526965697426,未央区,108.889723,34.313675
B001D0VYPL,西安市未央区雷寨小学,科教文化服务;学校;小学,108.9012027945277,34.32419526435438,未央区,108.905794,34.322599
B0KARS9KLT,米禾礼堂,科教文化服务;科教文化场所;科教文化场所,108.88679559435816,34.30288933924738,未央区,108.891382,34.301288
B0K3Z5BCET,陕西汇安通特种作业人员考试点,科教文化服务;科教文化场所;科教文化场所,108.89462746069616,34.287563644173346,莲湖区,108.899213,34.285952
B001D06CLI,大白杨小学,科教文化服务;学校;小学,108.90483751061085,34.296784489267566,未央区,108.909429,34.295176
B001D03VIR,西安市未央区兴丰路小学,科教文化服务;学校;小学,108.89550878225324,34.30554801836407,未央区,108.900096,34.303944
B001D0VX81,西安市未央区讲武殿小学,科教文化服务;学校;小学,108.88523139578156,34.31424419321924,未央区,108.889819,34.312649
B001D0VYJ7,西安市莲湖区二府庄小学,科教文化服务;学校;小学,108.88216828591584,34.27958012512363,莲湖区,108.886754,34.277972
B001D08RH8,徐寨小学,科教文化服务;学校;小学,108.86811332000124,34.32512924067338,未央区,108.872712,34.323556
B0K13958MD,智深无人机飞行驾驶培训学校,科教文化服务;培训机构;培训机构,108.88978742720802,34.30770585764778,未央区,108.894374,34.306105
B0L0FA03IA,千广传媒,科教文化服务;传媒机构;传媒机构,108.87974121423836,34.28032976991085,莲湖区,108.884328,34.278724
B0I2GUFRYH,陕西省青少年宫艺术团(太奥校区),科教文化服务;文艺团体;文艺团体,108.8889032489394,34.28477243309969,莲湖区,108.893488,34.283162
B0FFM848TD,西安宇龙广告文化传播有限公司,科教文化服务;传媒机构;传媒机构,108.86759105366744,34.32227291601281,未央区,108.87219,34.320699
B0J1D5VW5A,高途素养(太奥广场校区),科教文化服务;培训机构;培训机构,108.88788414536582,34.2851916882033,莲湖区,108.892469,34.283582
B0H34732DS,哈农现代音乐学校(莲湖校区),科教文化服务;培训机构;培训机构,108.85288435437012,34.286480231968035,莲湖区,108.857498,34.284912
B0FFHVPUKI,小丫艺术,科教文化服务;培训机构;培训机构,108.90459583077984,34.30757272854624,未央区,108.909188,34.305969
B0FFKSKYIU,西安小天鹅艺术团(大兴校区),科教文化服务;文艺团体;文艺团体,108.901319602995,34.28839434794424,莲湖区,108.905908,34.286782
B0H2YLWZ5A,西安晨轩足球俱乐部杏园校区,科教文化服务;培训机构;培训机构,108.89341703488792,34.28360993114354,莲湖区,108.898002,34.281997
B0LGX5DMD3,西安关中无人机飞行学院(无人机实战教学),科教文化服务;科教文化场所;科教文化场所,108.8924237038304,34.314570913275446,未央区,108.897011,34.312972
B0JB2SSN02,汉博宣汉文化研学劳作基地,科教文化服务;科教文化场所;科教文化场所,108.87183141084846,34.30211327885748,未央区,108.876425,34.300525
B001D0VXVA,西安美都艺术博物馆,科教文化服务;博物馆;博物馆,108.86620838945475,34.31361811959206,未央区,108.870808,34.312042
B0FFJDGBSY,科目二考场(国文科目二考场),科教文化服务;科教文化场所;科教文化场所,108.88938990920842,34.31410374786874,未央区,108.893977,34.312506
B001D090RA,汉长安城长乐宫五号建筑遗址博物馆,科教文化服务;博物馆;博物馆,108.89126667703604,34.31637460198722,未央区,108.895854,34.314777
B0FFKHAFSV,远征音乐琴坊(万科里·生活广场长安店),科教文化服务;培训机构;培训机构,108.85430224890864,34.287331175601615,莲湖区,108.858914,34.285761
B0IRZZ0CY5,西安图书馆丰盛园分馆,科教文化服务;图书馆;图书馆,108.85871071943136,34.27861875956556,莲湖区,108.863316,34.277038
B0LBFRTHX6,西安云路文化传播有限公司,科教文化服务;传媒机构;传媒机构,108.88937100683016,34.32532752015983,未央区,108.893959,34.323735
B0JGTSVAWJ,予渔童书馆(梨园路店),科教文化服务;科教文化场所;科教文化场所,108.89260646798226,34.292296914127945,莲湖区,108.897192,34.290688
B0GRMZYLZS,纳维音艺术学校(悦城校区),科教文化服务;培训机构;培训机构,108.85454258859986,34.28718362568697,莲湖区,108.859154,34.285613
B001D10XEN,万国远鉴幼儿园,科教文化服务;学校;幼儿园,108.85328814379734,34.2836820814947,莲湖区,108.857901,34.282112
B0J2DSTN8G,人人练字大兴旗舰校区,科教文化服务;培训机构;培训机构,108.90284517629264,34.29411484800439,未央区,108.907435,34.292505
B0GU1HX6NG,西安吉祥科目二社会化考场,科教文化服务;科教文化场所;科教文化场所,108.8969645208615,34.302891543975335,未央区,108.901552,34.301286
B0FFHKW5UW,品格阳光台365幼儿园,科教文化服务;学校;幼儿园,108.90332279326095,34.29479452168855,未央区,108.907913,34.293185
B0I255GZC4,阅乐文图书馆,科教文化服务;图书馆;图书馆,108.89721547743494,34.28982331224901,莲湖区,108.901802,34.288212
B0FFJBQDQD,专致教育,科教文化服务;培训机构;培训机构,108.85457362841063,34.28721366275829,莲湖区,108.859185,34.285643
B0FFH5QKJ5,梦想飞扬艺术团(和乐社),科教文化服务;文艺团体;文艺团体,108.90076560042915,34.29241660068802,未央区,108.905354,34.290806
B0FFHHGV3A,吉的堡金色悦城幼儿园,科教文化服务;培训机构;培训机构,108.85093050225048,34.28733362619873,莲湖区,108.855547,34.285769
B0LU5ZLRON,陕西易飞精鹰无人机培训学院,科教文化服务;培训机构;培训机构,108.88753387544578,34.32546044006854,未央区,108.892122,34.323869
B0FFJIUOHH,西安市莲湖区第八幼儿园,科教文化服务;学校;幼儿园,108.8939303612484,34.290759052099986,莲湖区,108.898516,34.289149
B0J1FA2HVP,赵汝飞练字书法培训(大兴阳光365校区),科教文化服务;培训机构;培训机构,108.89940913147257,34.29471950871732,未央区,108.903997,34.29311
B0FFL7KNF9,西安莲湖大成幼儿园,科教文化服务;学校;幼儿园,108.89005253171317,34.29393108760969,未央区,108.894638,34.292324
B0L6BMYY5X,ShiningLion Dance,科教文化服务;培训机构;培训机构,108.8994397026482,34.28741966214704,莲湖区,108.904027,34.285807
B0J23C3JKI,陕西特设考试特种作业叉车培训基地,科教文化服务;科教文化场所;科教文化场所,108.8954609821883,34.3032300415512,未央区,108.900048,34.301625
B0KK4HTHN8,国文驾校总校(考场模拟训练场),科教文化服务;驾校;驾校,108.89186579281504,34.314276822679446,未央区,108.896453,34.312678
B0FFFO5YLX,雅艺幼儿园,科教文化服务;学校;幼儿园,108.8836037810812,34.27929934714799,莲湖区,108.888189,34.27769
B0FFFWM29L,德佰·紫云溪幼儿园,科教文化服务;学校;幼儿园,108.89173162094752,34.29168082796086,莲湖区,108.896317,34.290072
B0FFHM7C6E,西安市未央区中心幼儿园,科教文化服务;学校;幼儿园,108.90396317127146,34.29681558203578,未央区,108.908554,34.295207
B0I0Y5XX7G,西安市莲湖区文旅幼儿园,科教文化服务;学校;幼儿园,108.88960693433502,34.28892502793868,莲湖区,108.894192,34.287316
B001D08Z4X,西安莲湖曙光幼儿园,科教文化服务;学校;幼儿园,108.8704172713628,34.28928521971197,莲湖区,108.875011,34.287693
B0FFL6YGE9,商储驾校综合训练基地(总校),科教文化服务;驾校;驾校,108.88763776173064,34.31457156729519,未央区,108.892225,34.312975
B001D0W4AT,星火驾校训练场,科教文化服务;驾校;驾校,108.87282225442156,34.31368418839823,未央区,108.877416,34.3121
B0IRVST6RN,西安普漫斯文化传媒有限公司,科教文化服务;传媒机构;传媒机构,108.88860200030364,34.32502925127729,未央区,108.89319,34.323437
B0MUFUGHZQ,方欣国际会议会展中心,科教文化服务;会展中心;会展中心,108.88557043219674,34.289782286550555,莲湖区,108.890156,34.288176
B0K0J7EAGF,西安市初旭驾校总校训练场,科教文化服务;科教文化场所;科教文化场所,108.89674804222136,34.30981438977412,未央区,108.901336,34.308212
B0FFFO3Q27,华唐书苑书法培训(总店),科教文化服务;培训机构;培训机构,108.85533260687028,34.28779063012369,莲湖区,108.859943,34.286219
B0FFID7Y7K,卓乐艺术琴行(梨园路店),科教文化服务;培训机构;培训机构,108.89558867976714,34.29408410167303,未央区,108.900175,34.292475
B0FFKGEDCB,西安莲湖金宝幼儿园,科教文化服务;学校;幼儿园,108.89105145277044,34.2819886685366,莲湖区,108.895636,34.280376
B0L3JADQI4,海龙机车培训学院,科教文化服务;科教文化场所;科教文化场所,108.88779016049416,34.30980083154679,未央区,108.892377,34.308202
B0FFI6XJWK,太奥真美幼儿园,科教文化服务;学校;幼儿园,108.89229443481298,34.28076570946135,莲湖区,108.896879,34.279152
B0IKYN6S2C,和畅书院,科教文化服务;培训机构;培训机构,108.86759387269272,34.28725458604851,莲湖区,108.87219,34.285665
B0L2BHJ91S,赵汝飞练字(太奥广场校区),科教文化服务;培训机构;培训机构,108.8883681775605,34.28528292381502,莲湖区,108.892953,34.283673
B0IG4D2L0U,准星运动(梨园路店),科教文化服务;培训机构;培训机构|购物服务;购物相关场所;购物相关场所,108.89473884162014,34.29493349525876,未央区,108.899325,34.293325
B0FFJTSD3I,奥星教育(远东实验校区),科教文化服务;培训机构;培训机构,108.85499319523876,34.2872333269448,莲湖区,108.859604,34.285662
B0K045TYFM,中骄专升本(北郊校区),科教文化服务;科教文化场所;科教文化场所,108.89232079416284,34.28870734927416,莲湖区,108.896906,34.287097
B0JD2ALDVO,酬勤自习室(太奥广场店),科教文化服务;科教文化场所;科教文化场所,108.8924400132147,34.28578664416516,莲湖区,108.897025,34.284175
B0J0BZFKNP,汉唐小将青少年体能成长中心(太奥广场店),科教文化服务;培训机构;培训机构,108.88814018829,34.28493494356897,莲湖区,108.892725,34.283325
B0FFHWU3HC,乐顽智能音乐教室(枣园中心),科教文化服务;培训机构;培训机构,108.85463568974156,34.28749964026652,莲湖区,108.859247,34.285929
B0JGLAFSJY,星疏共享自习室(万科店),科教文化服务;培训机构;培训机构,108.85228722890648,34.29000773788795,莲湖区,108.856902,34.288442
B0FFHTLQSM,天朗教育中心(桃园东路观园校区),科教文化服务;培训机构;培训机构,108.90063700011972,34.288337352760635,莲湖区,108.905225,34.286725
B0FFHBVJEB,小哈佛六一星系幼儿园,科教文化服务;学校;幼儿园,108.89352047926938,34.29029511324021,莲湖区,108.898106,34.288685
B0FFLCE6S5,盛世国乐艺术教育,科教文化服务;培训机构;培训机构,108.85232274707114,34.284200276606406,莲湖区,108.856937,34.282632
B0FFL8DT0Y,品乐思幼儿园,科教文化服务;学校;幼儿园,108.90136324250147,34.292559553681464,莲湖区,108.905952,34.290949
B0LUZZW5F5,好印宝图文广告,科教文化服务;科研机构;科研机构,108.8960744271712,34.28292800557866,莲湖区,108.90066,34.281314
B0L251D1E9,鹿鸣书苑,科教文化服务;培训机构;培训机构,108.89924021583344,34.29469450262827,未央区,108.903828,34.293085
B0FFH932SU,奇幻美术体验馆(大兴校区),科教文化服务;培训机构;培训机构,108.90076292306512,34.288418323207544,莲湖区,108.905351,34.286806
B0JRX5418L,西安女子驾校,科教文化服务;驾校;驾校,108.88890774238416,34.315989627959894,未央区,108.893495,34.314393
B0LKG72EPA,启乐音乐工作室,科教文化服务;培训机构;培训机构,108.88924542736756,34.30761162303104,未央区,108.893832,34.306011
B0FFF4IIE0,金贝贝幼儿园(丰景路),科教文化服务;学校;幼儿园,108.88031871974135,34.314686192315456,未央区,108.884908,34.313095
B0KA7Z39FR,星桥篮球培训(和生国际校区),科教文化服务;培训机构;培训机构,108.89416294372116,34.29534113990417,未央区,108.898749,34.293733
B0FFHVE183,润知幼儿园,科教文化服务;学校;幼儿园,108.85140531805934,34.32290649168543,未央区,108.856024,34.321357
B0L3H7901K,西安国文考务中心,科教文化服务;培训机构;培训机构,108.89105987855147,34.314041582217946,未央区,108.895647,34.312443
B0I174NQSO,杰成体育篮球培训(枣园校区),科教文化服务;培训机构;培训机构,108.85085869586732,34.28364107590275,莲湖区,108.855475,34.282075
B0JRT573G2,新东方素质(大兴太奥广场校区),科教文化服务;培训机构;培训机构,108.8875260875073,34.28545736631588,莲湖区,108.892111,34.283848
B0FFFO3WYO,西安莲湖金色童年第二幼儿园,科教文化服务;学校;幼儿园,108.85813397521667,34.27886577769738,莲湖区,108.86274,34.277286
B0H3H7ZPUJ,星沐舞蹈(丰禾万达店),科教文化服务;培训机构;培训机构,108.89549460699232,34.28287388226832,莲湖区,108.90008,34.28126
B0LDCUUVMA,爱呦爱幼母婴连锁万科金色悦城店,科教文化服务;学校;幼儿园,108.85240761936956,34.28727510834132,莲湖区,108.857022,34.285708
B001D0W0BU,世纪摇篮润知幼儿园,科教文化服务;学校;幼儿园,108.86298248041857,34.31956096796628,未央区,108.867586,34.317992
B0LRNULOHX,豫迪教育·满分自习室,科教文化服务;培训机构;培训机构,108.89475570917826,34.2840741676857,莲湖区,108.899341,34.282461
B0FFIMI7P1,小米粒艺术中心(丰禾万达广场店),科教文化服务;培训机构;培训机构,108.8944468896661,34.28275563209602,莲湖区,108.899032,34.281142
B0FFFO5XKC,晨曦幼儿园(锦尚小区南),科教文化服务;学校;幼儿园,108.86842520708808,34.29285923021304,未央区,108.873021,34.291271
B0JBC7J7RR,P·K街舞工作室,科教文化服务;培训机构;培训机构,108.89627136714137,34.282884070542366,莲湖区,108.900857,34.28127
B0MAOXJ9VV,盈科文化传媒,科教文化服务;传媒机构;传媒机构,108.8558660821916,34.27830148538693,莲湖区,108.860475,34.276725
B0FFHSSIDR,欣欣向荣幼儿园,科教文化服务;学校;幼儿园,108.89314863446704,34.31408540964602,未央区,108.897736,34.312486
B0GKOZ7DBE,创能驾校(总校训练场),科教文化服务;驾校;驾校,108.89610562220987,34.28037408817692,莲湖区,108.900691,34.278759
B0FFHFM0BS,西安市莲湖区第七幼儿园,科教文化服务;学校;幼儿园,108.85233359750409,34.2862474246339,莲湖区,108.856948,34.28468
B0J35ZRSER,梦旅人自习室(梨园路店),科教文化服务;培训机构;培训机构,108.90058546916376,34.29530433767556,未央区,108.905174,34.293695
B0LU1ZFVAZ,长颈鹿乐学成长中心(光化里校区),科教文化服务;学校;学校,108.89913783174026,34.287637538165406,莲湖区,108.903725,34.286025
B0LDP6TLZI,石碳纪骑行学院,科教文化服务;培训机构;培训机构,108.89853688899898,34.3028308356146,未央区,108.903125,34.301225
B0L3DL6FWR,橙黄橘绿(德方青年公馆店),科教文化服务;培训机构;培训机构,108.89533860284055,34.295933228904026,未央区,108.899925,34.294325
B0FFLA7LVT,西安扬帆汉学苑校区,科教文化服务;培训机构;培训机构,108.86561779309352,34.31355236352763,未央区,108.870218,34.311977
B0KU2AW881,西安莲湖一特青葵幼儿园,科教文化服务;学校;幼儿园,108.87792271935508,34.28738411419523,莲湖区,108.882511,34.285783
B0HKACISS1,汉长安城长乐宫四号六号建筑遗址博物馆,科教文化服务;博物馆;博物馆,108.89041460151944,34.317864524045184,未央区,108.895002,34.316268
B0J0XZ9BI3,莲湖区翡翠龙庭幼儿园,科教文化服务;学校;幼儿园,108.8771015075111,34.284215670893325,莲湖区,108.88169,34.282614
B0FFL18S4S,先锋驾校报名处(大兴西路辅路),科教文化服务;驾校;驾校|生活服务;生活服务场所;生活服务场所,108.8792133216353,34.28827692859742,莲湖区,108.883801,34.286675
B0JR5UUPF0,鹏程驾校北郊训练场,科教文化服务;驾校;驾校,108.89898626154556,34.30807854013454,未央区,108.903575,34.306475
B0LR2D5E7S,西安金龙驾校总校,科教文化服务;驾校;驾校,108.8900442741352,34.32203740427989,未央区,108.894632,34.320443
B0IUTC5E93,西安国文驾校总校(考场总部),科教文化服务;驾校;驾校,108.88763776173064,34.31457156729519,未央区,108.892225,34.312975
B0J2GACZVC,西安莲湖锦悦幼儿园,科教文化服务;学校;幼儿园,108.85951811246136,34.28613680582514,莲湖区,108.864123,34.284558
B0FFGH9O3D,康桥红橡树幼儿园(西安大唐园),科教文化服务;学校;幼儿园,108.88095928333358,34.28620533720384,莲湖区,108.885546,34.284601
B0FFGJ8R15,轻机研究院,科教文化服务;科研机构;科研机构,108.85492557364358,34.2813996917566,莲湖区,108.859536,34.279826
B0JAOUQ4VM,格睿成长运动馆,科教文化服务;科教文化场所;科教文化场所,108.8544594490551,34.28751035231299,莲湖区,108.859071,34.28594
B0HDHGC5Z7,吉的堡成长中心(金悦校区),科教文化服务;培训机构;培训机构,108.8564311090249,34.2872266068871,莲湖区,108.86104,34.285653
B0K2DZFX5Q,新韵律艺术工作室,科教文化服务;培训机构;培训机构,108.90344467472102,34.29520233450149,未央区,108.908035,34.293593
B0KA97QEHD,西安警安驾校总校,科教文化服务;驾校;驾校,108.90218491379854,34.30278106016795,未央区,108.906775,34.301175
B0I6FAIR10,欣灿舞蹈艺术,科教文化服务;培训机构;培训机构,108.89552569697,34.29409807910974,未央区,108.900112,34.292489
B0H6DD7MKN,西安市吉米幼儿园,科教文化服务;学校;幼儿园,108.9026125195111,34.30422340279675,未央区,108.907203,34.302618
B0HDHMBRRI,和悦艺术中心,科教文化服务;培训机构;培训机构,108.8994397026482,34.28741966214704,莲湖区,108.904027,34.285807
B0K09HZ7BG,顺达考场模拟场,科教文化服务;科教文化场所;科教文化场所,108.89668805613712,34.30990333671512,未央区,108.901276,34.308301
B0JDUSGSOP,未央厩·汉马文化微博物馆,科教文化服务;博物馆;博物馆,108.84735417198628,34.31238046023432,未央区,108.851978,34.310833
B0MUTOMCAR,千广传媒抖音主播孵化基地,科教文化服务;科教文化场所;科教文化场所,108.87963814133148,34.28063055225969,莲湖区,108.884225,34.279025
B0I0N57DPE,国锋练字(枣园西路店),科教文化服务;培训机构;培训机构,108.8527831736999,34.28696086081304,莲湖区,108.857397,34.285393
B0H0HDDSIH,熊猫艺术馆,科教文化服务;美术馆;美术馆,108.85447834599972,34.289109697558025,莲湖区,108.85909,34.28754
B0KD9SGO2P,西安莲湖玉琼艺术培训中心有限公司,科教文化服务;培训机构;培训机构,108.89934963885108,34.28876507724608,莲湖区,108.903937,34.287153
B0LU2ZWL9N,精准学·数跃AI智能成长中心(长兴园湖曲店),科教文化服务;培训机构;培训机构,108.89248947306687,34.29243380950799,莲湖区,108.897075,34.290825
B0LKLR93UC,爱美语,科教文化服务;培训机构;培训机构,108.85475184324817,34.28755080480674,莲湖区,108.859363,34.28598
B0FFJRNJMD,启蒙美术,科教文化服务;培训机构;培训机构,108.90004481069656,34.29468657591046,未央区,108.904633,34.293077
B0HGV6MR4H,勤学堂,科教文化服务;培训机构;培训机构,108.89467473155824,34.28404515591074,莲湖区,108.89926,34.282432
B0GUBNLMWJ,加州琴行(桃园北路店),科教文化服务;培训机构;培训机构,108.89457575505102,34.284052123169445,莲湖区,108.899161,34.282439
B0JBOZIHEG,思英稞学习中心,科教文化服务;培训机构;培训机构,108.905076496259,34.28217273440063,莲湖区,108.909667,34.280558
B0FFIGXOU7,雍华育星幼儿园,科教文化服务;学校;幼儿园,108.86682261365584,34.28114117876063,莲湖区,108.871419,34.27955
B0GR74FDED,育苗教育,科教文化服务;培训机构;培训机构,108.8951491521775,34.3146397973242,未央区,108.899737,34.31304
B0KGONADL4,陕西宇凡文化传媒有限公司,科教文化服务;传媒机构;传媒机构,108.86581430459194,34.3221256598288,未央区,108.870415,34.320554
B0FFKQ2Z9Z,大美考拉艺术中心,科教文化服务;培训机构;培训机构,108.89259339518388,34.29322650611594,莲湖区,108.897179,34.291618
B0KUAUCWI7,邮政行业科技英才(西安)实验基地,科教文化服务;科教文化场所;科教文化场所,108.86288623411248,34.284001617518854,莲湖区,108.867487,34.282417
B0LU1LFZXL,启辰优学成长中心,科教文化服务;培训机构;培训机构,108.85993065831384,34.2855976511753,莲湖区,108.864535,34.284018
B0FFF657K0,华府御城幼儿园,科教文化服务;学校;幼儿园,108.88916074309697,34.27873411240899,莲湖区,108.893745,34.277121
B0FFGC1ZA8,晨露幼儿园,科教文化服务;学校;幼儿园,108.85503180496153,34.28030732046686,莲湖区,108.859642,34.278733
B0FFIRUPP2,朗童学堂(太奥广场店),科教文化服务;培训机构;培训机构,108.88808520093308,34.284721003190846,莲湖区,108.89267,34.283111
B0LDTL7TIL,西安极速机动车驾驶员培训基地,科教文化服务;驾校;驾校,108.88699349551683,34.30446775701917,未央区,108.89158,34.302867
B0J0YRKYN8,西安秦禾文化传媒有限公司,科教文化服务;传媒机构;传媒机构,108.8943710546556,34.29337706066596,莲湖区,108.898957,34.291768
B0FFLADWM8,立丰驾校训练基地(总校),科教文化服务;科教文化场所;科教文化场所,108.88725271898733,34.31455434655132,未央区,108.89184,34.312958
B0G3D71ONP,蜗乐花田国际托育中心(阳光台365校区),科教文化服务;培训机构;培训机构,108.9022955408638,34.2940928800846,未央区,108.906885,34.292483
B0H10ZUC11,西咸新区沣东新城成长幼儿园,科教文化服务;学校;幼儿园,108.8467640543836,34.29028622833598,未央区,108.851387,34.28873
B0FFGZTK5Q,真美幼儿园,科教文化服务;学校;幼儿园,108.8639443130898,34.28509163586441,莲湖区,108.868544,34.283506
B0HKN5RY4U,鹏翼驾校(皂河校区),科教文化服务;驾校;驾校|生活服务;生活服务场所;生活服务场所,108.84979297665936,34.28566741787391,莲湖区,108.854411,34.284104
B0FFIR51WI,讲武殿幼儿园,科教文化服务;学校;幼儿园,108.88024678068348,34.31352766093084,未央区,108.884836,34.311936
B0L2RHMTTZ,心智密码(枣园店),科教文化服务;培训机构;培训机构,108.8591700934821,34.28105543312498,莲湖区,108.863775,34.279475
B0I1XRPPBN,吉的堡幼儿园,科教文化服务;培训机构;培训机构,108.8510584797731,34.28990773699142,莲湖区,108.855675,34.288344
B0HB3A7VEF,创能驾校,科教文化服务;科教文化场所;科教文化场所,108.89618358480963,34.28052804203674,莲湖区,108.900769,34.278913
B0LDXR5Z7M,筑梦星途体育篮球培训,科教文化服务;培训机构;培训机构,108.89636124287496,34.284062592644304,莲湖区,108.900947,34.282449
B0L1759H5M,小新星儿童英语成长中心,科教文化服务;培训机构;培训机构,108.8925554120904,34.29308155433889,莲湖区,108.897141,34.291473
B0MUNH2106,西安三维机动车驾驶员培训有限责任公司,科教文化服务;驾校;驾校,108.88699349551683,34.30446775701917,未央区,108.89158,34.302867
B0H6PCQUXF,西安贝尔安亲教育学校,科教文化服务;培训机构;培训机构,108.8973829777252,34.29525099215566,未央区,108.90197,34.293642
B0FFHDV5RP,西部驾校(石化大道店),科教文化服务;科教文化场所;科教文化场所|生活服务;生活服务场所;生活服务场所,108.85977032549884,34.32457196096953,未央区,108.864378,34.32301
B0KALNBHPC,赵汝飞练字(远东实验校区),科教文化服务;培训机构;培训机构,108.85661134501626,34.28722588948835,莲湖区,108.86122,34.285652
B0FFGKVDE3,羽佳素质教育成长中心,科教文化服务;培训机构;培训机构,108.9048450217591,34.30279283515667,未央区,108.909437,34.301187
B0FFFO61N3,西安市小舞花艺术学校,科教文化服务;培训机构;培训机构,108.88107722248188,34.28757185285133,莲湖区,108.885664,34.285968
B0IA5REPO1,梦响1892速滑训练基地(未央区店),科教文化服务;培训机构;培训机构,108.89441892311908,34.29487742279628,未央区,108.899005,34.293269
B0KULLH0IX,弈斗围棋(万科金色悦城校区),科教文化服务;培训机构;培训机构,108.8512117407539,34.289412206468526,莲湖区,108.855828,34.287848
B0LGF9RUGG,弈可围棋,科教文化服务;培训机构;培训机构,108.8913792388272,34.28436680833697,莲湖区,108.895964,34.282755
B0K0HRCDTM,企鹅岛游泳培训(三桥店),科教文化服务;培训机构;培训机构,108.85140922397444,34.28694059474586,莲湖区,108.856025,34.285375
B0K2D7INY9,爱萌滔客口才语言艺术中心(万科里生活广场店),科教文化服务;培训机构;培训机构,108.85451654276451,34.2873125287304,莲湖区,108.859128,34.285742
B0FFM1AJYJ,优你可安亲(师大附小梨园路校区),科教文化服务;培训机构;培训机构,108.90355468497084,34.29410280451723,未央区,108.908145,34.292493
B0HDVSXHOS,关键球员少儿篮球俱乐部(万科金色悦城校区),科教文化服务;培训机构;培训机构,108.85199306037345,34.286917575456584,莲湖区,108.856608,34.285351
B0GRK761DJ,星冉琴舍古筝艺术培训,科教文化服务;培训机构;培训机构,108.90360456637347,34.29513535045476,未央区,108.908195,34.293526
B0H2D7DV0U,RHINE PIANO莱茵钢琴,科教文化服务;培训机构;培训机构,108.8962213863504,34.282848074123315,莲湖区,108.900807,34.281234
B0I0OZ5863,吉的堡少儿英语,科教文化服务;培训机构;培训机构,108.89715973021232,34.286935539020234,莲湖区,108.901746,34.285323
B0GRGHQG6G,西安中强驾校,科教文化服务;驾校;驾校,108.88626187961196,34.28582543158431,莲湖区,108.890847,34.284217
B0KKHR9936,华章音乐体验馆,科教文化服务;培训机构;培训机构,108.90098820237236,34.29579313915182,未央区,108.905577,34.294184
B0FFKJR286,商储驾校阁老门村训练基地,科教文化服务;驾校;驾校|生活服务;生活服务场所;生活服务场所,108.90371574215972,34.30439625152825,未央区,108.908307,34.302791
B0LUTD4UY6,中国邮政速递物流股份有限公司西安市三桥揽投部,科教文化服务;科教文化场所;科教文化场所,108.86256303402304,34.28196801839631,莲湖区,108.867164,34.280383
B0KUUSXVLD,生土建筑与文化研究中心,科教文化服务;科研机构;科研机构,108.88971585190562,34.30241618965856,未央区,108.894302,34.300813
B0GKYPEA2J,馨乐国际艺术中心(梨园路店),科教文化服务;培训机构;培训机构,108.89756417781304,34.29187848987677,莲湖区,108.902151,34.290268
B0FFH1FXHQ,启蒙幼儿园,科教文化服务;学校;幼儿园,108.89475451130954,34.286543117858,莲湖区,108.89934,34.284931
B0J0P59OVF,小状元成长中心,科教文化服务;培训机构;培训机构,108.85697381710344,34.28722245652247,莲湖区,108.861582,34.285648
B0I2BR6HDT,abc英语课堂,科教文化服务;培训机构;培训机构,108.89329621323334,34.294114381112315,未央区,108.897882,34.292506
B0FFJL28K4,睿思巴学园幼儿园,科教文化服务;学校;幼儿园,108.90310924711038,34.29099218541261,莲湖区,108.907699,34.289381
B0FFMB7684,宇辰幼儿园,科教文化服务;学校;幼儿园,108.88206929641524,34.30391252526562,未央区,108.886657,34.302315
B0K3FSJ7XX,西安心智青中老年文娱(枣园校区),科教文化服务;文化宫;文化宫,108.85480393990824,34.28722702669847,莲湖区,108.859415,34.285656
B0HRRUXFRI,禅弈棋院北校区,科教文化服务;培训机构;培训机构,108.89431531528874,34.29028937847317,莲湖区,108.898901,34.288679
B001D0Z2AR,骄阳蒙特梭利儿童之家,科教文化服务;学校;幼儿园,108.87355305203336,34.285660370940775,莲湖区,108.878144,34.284063
B0FFL4Q62C,西安莲湖小哈福幼儿园,科教文化服务;学校;幼儿园,108.89348847655133,34.29040305561167,莲湖区,108.898074,34.288793
B001D08NHW,未央区世纪双语幼儿园(丰景路),科教文化服务;学校;幼儿园,108.89793731921527,34.313133100175655,未央区,108.902526,34.311532
B0FFHOPAN7,西安市未央区小叮当幼儿园,科教文化服务;学校;幼儿园,108.90399551613616,34.3046701017972,未央区,108.908587,34.303065
B0K2L7OYNY,文曲星AI智能自习室,科教文化服务;培训机构;培训机构,108.89048129991556,34.28423545640795,莲湖区,108.895066,34.282624
B0FFH68CEB,田园托管,科教文化服务;培训机构;培训机构,108.90160088727572,34.307644888539365,未央区,108.906191,34.306041
B0K2A5ZMOH,国文驾校报名处(太奥广场店),科教文化服务;驾校;驾校,108.89020129506,34.28439025696305,莲湖区,108.894786,34.282779
B0I3Z5THGY,智适应学习中心(万科金色悦城),科教文化服务;学校;学校|科教文化服务;培训机构;培训机构,108.85642510114606,34.28722659746909,莲湖区,108.861034,34.285653
B0LG9CT0A6,行知学堂,科教文化服务;培训机构;培训机构,108.86587423938128,34.32369600373921,未央区,108.870475,34.322125
B0MU2DDCDF,陕西禾烁文化传媒有限公司,科教文化服务;传媒机构;传媒机构,108.89724475094744,34.286278835431965,莲湖区,108.901831,34.284666
B0FFIAP1RC,畅音琴艺艺术培训中心(太奥广场店),科教文化服务;培训机构;培训机构,108.88852424915102,34.28451933452382,莲湖区,108.893109,34.282909
B0L2O5W7HB,蜗蜗岛艺术,科教文化服务;培训机构;培训机构,108.85160026590586,34.28981967948561,莲湖区,108.856216,34.288255
B0L03RD1FH,艺享创意谷,科教文化服务;培训机构;培训机构,108.90178614435762,34.29058640751136,莲湖区,108.906375,34.288975
B0FFM224IN,未央区悠久童年幼儿园,科教文化服务;学校;幼儿园,108.85966716636683,34.32498661169994,未央区,108.864275,34.323425
B0IGUHWS5E,画田吉吉少儿美术(万科金色悦城校区),科教文化服务;培训机构;培训机构,108.85477086822594,34.28756083102668,莲湖区,108.859382,34.28599
B001D04IH9,西安铁路职业技术学院自强校区,科教文化服务;学校;职业技术学校,108.93558683852758,34.2831189006481,莲湖区,108.940227,34.28153
B001D0W383,西安市第七十五中学,科教文化服务;学校;中学,108.9289049322794,34.30851589433725,未央区,108.933532,34.306929
B001D014AA,陕西交通职业技术学院自强校区,科教文化服务;学校;高等院校,108.92346956978734,34.283033995663395,莲湖区,108.928084,34.28143
B001D01293,西安市第十中学,科教文化服务;学校;中学,108.93755868533997,34.28613457619349,莲湖区,108.942204,34.28455
B0KKSC44X2,陕西数字化考试中心,科教文化服务;培训机构;培训机构,108.96003529102666,34.281184405786256,新城区,108.964749,34.279643
B0M6K7CQ2F,地铁二号线市图书馆站,科教文化服务;图书馆;图书馆,108.94176563185452,34.32223641794473,未央区,108.946425,34.320675
B001D01437,西北有色金属研究院,科教文化服务;科研机构;科研机构,108.9412534657516,34.3045963820556,未央区,108.94591,34.303026
B001D0VCRA,西安铁路职业技术学院龙首校区,科教文化服务;学校;职业技术学校,108.94976653859976,34.29286837293099,新城区,108.954447,34.291309
B0HA55LLV9,西安市未央区图书馆,科教文化服务;图书馆;图书馆,108.93991132953911,34.301467068189794,未央区,108.944564,34.299893
B0LRV7KGOV,西安市青少年活动中心少儿图书馆,科教文化服务;图书馆;图书馆,108.9442606555587,34.32188607939498,未央区,108.948927,34.320329
B001D08V9A,西安市经开第六学校,科教文化服务;学校;中学,108.947754804295,34.316373929784966,未央区,108.952431,34.314821
B001D08UPB,西安锦园中学,科教文化服务;学校;中学,108.9614998977104,34.30778227036401,未央区,108.966221,34.306256
B001D0W1T2,西安市未央区方新小学,科教文化服务;学校;小学,108.940854674962,34.30302677121245,未央区,108.94551,34.301455
B001D092F4,西安市第三十八中学,科教文化服务;学校;中学,108.9652700220998,34.28467795479202,新城区,108.970003,34.283151
B0FFITYWKZ,未央区职业教育中心,科教文化服务;学校;职业技术学校|科教文化服务;学校;中学,108.92094582804516,34.30921786619581,未央区,108.925558,34.307623
B0FFGKV7HS,西安市大明宫中学,科教文化服务;学校;中学,108.95324644575132,34.29269606594388,新城区,108.957938,34.291144
B0FFHTUHUR,陕西省特殊教育学校,科教文化服务;学校;职业技术学校,108.92055746289216,34.296902683250366,未央区,108.925168,34.295302
B001D13B7E,西安市莲湖区陕西师范大学实验小学,科教文化服务;学校;小学,108.92791789501798,34.28470550251507,莲湖区,108.932541,34.283107
B0I1CSB59R,西安西补教育培训学校(振华校区),科教文化服务;培训机构;培训机构,108.93884229863642,34.287196054921864,莲湖区,108.943491,34.285614
B001D08UP8,西安未央锦园小学,科教文化服务;学校;小学,108.95655421305244,34.30744814434251,未央区,108.961258,34.30591
B0FFL9MEQ4,西安经开第一学校南校区,科教文化服务;学校;中学,108.92387311977306,34.31673071136617,未央区,108.928491,34.315142
B001D0ZM7Q,枣园小学,科教文化服务;学校;小学,108.92982761438108,34.30066126499582,未央区,108.934456,34.299072
B001D092H1,西安市莲湖区郝家巷小学,科教文化服务;学校;小学,108.94071870315666,34.28255588082684,莲湖区,108.945372,34.280975
B0FFIIIX0S,秘地·HIFi影院足浴SPA(龙首星光店),生活服务;洗浴推拿场所;洗浴推拿场所|科教文化服务;科教文化场所;科教文化场所,108.9430485415364,34.29179083502861,莲湖区,108.947709,34.290218
B001D01B0D,西安市档案馆,科教文化服务;档案馆;档案馆,108.9433754625886,34.30604596168811,未央区,108.948038,34.30448
B0LA7LW8JN,陕西学仕教育(原师诚),科教文化服务;培训机构;培训机构,108.92651095883096,34.2816354082678,莲湖区,108.931131,34.280034
B0FFGZUP41,陕西省城市经济学校(西区),科教文化服务;学校;职业技术学校,108.9193464088688,34.29692866462398,未央区,108.923955,34.295327
B0KASUIBXX,陕西数字化考试中心C区,科教文化服务;科教文化场所;科教文化场所|交通设施服务;交通服务相关;交通服务相关,108.96189964297804,34.28116088537731,新城区,108.96662,34.279624
B0FFGC4HAK,西安市未央区方新小学教育集团南康校区,科教文化服务;学校;小学,108.94523583983025,34.30957092144168,未央区,108.949904,34.30801
B0FFF64Y26,三星小学,科教文化服务;学校;小学,108.95503727143132,34.32034767552722,未央区,108.959737,34.318812
B0FFIKG3EU,西安铁路职业技术学院(西校区),科教文化服务;学校;高等院校,108.9323435209642,34.28261976429549,莲湖区,108.936976,34.281026
B0FFGG7XMV,未央区范家小学,科教文化服务;学校;小学,108.92742988012448,34.30951119173928,未央区,108.932054,34.307923
B0FFGFQCHV,西安市第六十七中学,科教文化服务;学校;中学,108.92269778196464,34.28502789180297,莲湖区,108.927311,34.283424
B001D092I0,西安市莲湖区龙首村小学,科教文化服务;学校;小学,108.94536193277656,34.29161362956017,莲湖区,108.950029,34.290045
B0KU2C45NK,陕西数字化考试中心A区,科教文化服务;科教文化场所;科教文化场所,108.9595201074642,34.28116864583017,新城区,108.964232,34.279626
B0FFH5QIID,陕西师范大学大兴新区小学实验楼,科教文化服务;学校;学校,108.9055881326787,34.293993589152834,莲湖区,108.91018,34.292384
B0FFGC2QA4,低渗透油气田勘探开发国家工程实验室,科教文化服务;科研机构;科研机构,108.92411303825774,34.32468776247632,未央区,108.928732,34.323103
B0KR07GFOP,新东方学习规划(北郊凤三校区),科教文化服务;培训机构;培训机构,108.93880839568362,34.32406657546772,未央区,108.94346,34.322501
B0G1GAOAWO,煜星春藤小学,科教文化服务;学校;小学,108.96238360718856,34.3212649116124,未央区,108.967109,34.319747
B001D01619,西北有色金属研究院二部,科教文化服务;科研机构;科研机构,108.93051259055436,34.29503386608068,未央区,108.935142,34.293443
B001D09JM1,明欣小学,科教文化服务;学校;小学,108.94889124483088,34.28064337862199,新城区,108.953568,34.279077
B0HK57M8XU,西安市第八十九中学教育集团弘德中学,科教文化服务;学校;中学,108.95052796002912,34.28296303445004,新城区,108.95521,34.281401
B0HDCHJH37,西安黑马艺术培训学校北校区,科教文化服务;培训机构;培训机构,108.93689750891808,34.32122395892483,未央区,108.941544,34.319654
B001D046MA,西安市莲湖区星火路小学,科教文化服务;学校;小学,108.92114147779763,34.284708440472095,莲湖区,108.925752,34.283103
B0FFK4M2CX,西安经开小天鹅小学,科教文化服务;学校;小学,108.92242804778267,34.32476835608867,未央区,108.927044,34.323182
B0FFF3WQQB,新东方国际教育·雅思托福(北郊凤三校区),科教文化服务;培训机构;培训机构,108.94034734237206,34.323932072350175,未央区,108.945003,34.322369
B001D078NU,中共西安市未央区委党校,科教文化服务;学校;学校,108.94391531828587,34.301281099560505,未央区,108.948579,34.299714
B0FFIU927Q,天童教育素成长中心(未央分校),科教文化服务;培训机构;培训机构,108.95023151834484,34.312083865844684,未央区,108.954915,34.310534
B001D06PR8,西安市莲湖区希望小学,科教文化服务;学校;小学,108.93041907951664,34.291500520064226,莲湖区,108.935048,34.289908
B0FFH1T5J0,西安市莲湖区陕西师范大学实验小学飞天楼,科教文化服务;学校;学校,108.92808850237915,34.28525007032351,莲湖区,108.932712,34.283652
B0FFJXXV2K,后宰门小学大明宫分校,科教文化服务;学校;小学,108.95440429865911,34.2845879939508,新城区,108.959099,34.283035
B001D08V5R,大明宫小学,科教文化服务;学校;小学,108.96451824783094,34.31584008543212,未央区,108.969251,34.314325
B001D0ZSG6,西安自考培训中心,科教文化服务;培训机构;培训机构,108.93393936727968,34.31302317156165,未央区,108.938578,34.311445
B0KU2CKCSE,陕西数字化考试中心B区,科教文化服务;科教文化场所;科教文化场所,108.96104172170186,34.281124998044255,新城区,108.965759,34.279586
B0I39A1N8I,西安莲湖华强小学,科教文化服务;学校;小学,108.93497907785049,34.28600858039684,莲湖区,108.939618,34.28442
B0I1KC0A7X,学而思素养(龙首原服务中心),科教文化服务;培训机构;培训机构,108.94304153037272,34.292170683349994,莲湖区,108.947702,34.290598
B0FFFRUTLB,博艺教育(龙首旗舰校区),科教文化服务;培训机构;培训机构,108.94215363016936,34.29678326244122,未央区,108.946812,34.295211
B001D0146B,陕西省艺术研究院,科教文化服务;科研机构;科研机构,108.94070090345282,34.29300444042257,莲湖区,108.945355,34.291428
B001D09L59,西安市莲湖区西铁小学,科教文化服务;学校;小学,108.91833487047076,34.285806247553886,莲湖区,108.922941,34.284199
B0G2K6OTCN,玄武路小学,科教文化服务;科教文化场所;科教文化场所,108.91985062030425,34.309173805882814,未央区,108.924461,34.307578
B0FFF657WY,大兴新区小学(南校区),科教文化服务;学校;小学,108.90661026061277,34.281586696454085,莲湖区,108.911202,34.279972
B0FFICGZB4,英杰学校,科教文化服务;培训机构;培训机构,108.90726079057256,34.29262882776498,莲湖区,108.911854,34.291019
B0FFH0SLGB,陕西双博中医肝肾病医院-肝病研究院,科教文化服务;科研机构;科研机构,108.9217886210211,34.29416680129066,未央区,108.926401,34.292566
B0LB9ZP7J7,秦政教育,科教文化服务;培训机构;培训机构,108.9419771197405,34.29675658607596,未央区,108.946635,34.295184
B0FFLJHGPC,心田花开总部校区,科教文化服务;培训机构;培训机构,108.94334953306397,34.281460696455184,莲湖区,108.94801,34.279884
B0G0VON17G,大兴实验小学,科教文化服务;学校;小学,108.90553106281216,34.28300131121074,莲湖区,108.910122,34.281387
B0L3AST839,陕西西唐职业技能培训学校,科教文化服务;学校;职业技术学校|科教文化服务;培训机构;培训机构,108.9202582104905,34.29369233573005,莲湖区,108.924868,34.29209
B0FFL0YN7G,西安市未央区未央路小学(方新小学北校区),科教文化服务;学校;小学,108.93918853427166,34.31012638856808,未央区,108.94384,34.308555
B001D090AV,西安市莲湖区工农路小学,科教文化服务;学校;小学,108.92915162069902,34.28121549546009,莲湖区,108.933777,34.279617
B0LKKCONQL,千紫万红舞蹈俱乐部,科教文化服务;培训机构;培训机构,108.9168273479808,34.28271863142835,莲湖区,108.921431,34.281109
B001D07344,西安市新城区向荣巷小学,科教文化服务;学校;小学,108.9463165243835,34.28672690138137,新城区,108.950986,34.285158
B0HR35CKAF,西安经开第九小学,科教文化服务;学校;小学,108.92096006356252,34.31839964929295,未央区,108.925573,34.316809
B0FFMAUCOD,陕西省健康教育中心,科教文化服务;培训机构;培训机构,108.93461058968026,34.302957740339764,未央区,108.93925,34.301376
B0KR5SOLOE,易正公考(西安总部),科教文化服务;科教文化场所;科教文化场所,108.93988192105353,34.319779799727264,未央区,108.944536,34.318214
B0FFI5Q7F2,西安市未央区青少年校外活动中心(汇文南路店),科教文化服务;文化宫;文化宫,108.9299437033576,34.30884945591928,未央区,108.934573,34.307264
B001D0WGFW,西安市艺术研究所,科教文化服务;科研机构;科研机构,108.93937044867091,34.28063496320873,莲湖区,108.94402,34.279051
B0JAD4E02P,学天教育(西部消防总校),科教文化服务;培训机构;培训机构,108.9394770599597,34.31894586392505,未央区,108.94413,34.317379
B0FFL68XCS,西安天颐堂中医研究院,科教文化服务;科研机构;科研机构,108.9320792037102,34.281581561370935,莲湖区,108.936711,34.279987
B0FFHEPNXF,领军教育(锦园校区),科教文化服务;培训机构;培训机构,108.95615726299066,34.31107840873391,未央区,108.96086,34.309541
B0LBDDXQZY,小荷美育(未央总校),科教文化服务;培训机构;培训机构,108.9433833092783,34.31995858933158,未央区,108.948047,34.318399
B001D10580,西安中国书法艺术博物馆,科教文化服务;博物馆;博物馆,108.95348048007192,34.282894748513705,新城区,108.958172,34.281339
B001D09KX5,西安市第四十九中学-未央职教中心,科教文化服务;学校;职业技术学校,108.92078913239158,34.30866725007782,未央区,108.925401,34.307072
B0FFKTT7X2,陕西交通职业技术学院文景校区明远楼,科教文化服务;科教文化场所;科教文化场所,108.9337857155652,34.325527584090175,未央区,108.938425,34.323955
B0FFFGUG5D,丹凤门遗址博物馆,科教文化服务;博物馆;博物馆,108.9594611763952,34.28285607527744,新城区,108.964173,34.281314
B001D07XD3,陕西地矿第二综合物探大队有限公司,科教文化服务;科研机构;科研机构|公司企业;公司;公司,108.9486080617608,34.293575427406346,莲湖区,108.953285,34.292014
B0MG7AHFG5,中达教育消防培训,科教文化服务;培训机构;培训机构,108.94081108758832,34.29939445604466,未央区,108.945466,34.297821
B001D0VXX7,西安市凤城学校,科教文化服务;学校;中学,108.92096006356252,34.31839964929295,未央区,108.925573,34.316809
B0FFJHB0MW,西安小天鹅艺术团(经开店),科教文化服务;文艺团体;文艺团体,108.9335968818134,34.316595020196914,未央区,108.938235,34.315018
B0FFGAEPHS,陕西省语言文字水平培训测试中心,科教文化服务;培训机构;培训机构,108.92735318280891,34.29529659999775,未央区,108.931976,34.293702
B0FFJMOTLW,迈优艺术,科教文化服务;科教文化场所;科教文化场所,108.95044983122204,34.31209740556712,未央区,108.955134,34.310548
B0FFGDKB8H,西安众源电力设计院,科教文化服务;科研机构;科研机构,108.94204612180326,34.282067776799494,莲湖区,108.946703,34.280489
B0J1NHHJDT,陕西省林业科学院,科教文化服务;科研机构;科研机构,108.91656760505656,34.296558855186376,未央区,108.921172,34.294955
B001D03HQQ,陕西国画院,科教文化服务;培训机构;培训机构,108.9421559420254,34.29286396672121,莲湖区,108.946814,34.29129
B0KATUPG25,陕西远卓特种设备人员考试中心,科教文化服务;科教文化场所;科教文化场所,108.92088272849124,34.32414403471501,未央区,108.925496,34.322556
B0JBM75DTP,西安铁路局文化宫,科教文化服务;文化宫;文化宫,108.96381966539164,34.28115911441876,新城区,108.968547,34.279627
B001D0W0LZ,西安市盲哑学校,科教文化服务;学校;学校,108.93522253771752,34.285418470557254,莲湖区,108.939862,34.28383
B0KK9ZEE1N,西安市青少年活动中心,科教文化服务;文化宫;文化宫,108.9444351336192,34.32214463453405,未央区,108.949102,34.320588
B001D10WQ6,大明宫国家遗址博物馆,科教文化服务;博物馆;博物馆,108.96016310697291,34.29012829278623,新城区,108.964878,34.288591
B0HKX9S04J,大风阁博物馆,科教文化服务;博物馆;博物馆,108.91430437497806,34.30041455345532,未央区,108.918906,34.298811
B0FFIBITS3,西安经开第一学校-小学部,科教文化服务;科教文化场所;科教文化场所,108.9244330144237,34.317677709767295,未央区,108.929052,34.31609
B0L3AZQB3X,西安市增德职业技能培训学校,科教文化服务;学校;职业技术学校|科教文化服务;培训机构;培训机构,108.90623312979598,34.2872873585166,莲湖区,108.910825,34.285675
B0KULZF9E0,掌门教育,科教文化服务;培训机构;培训机构,108.93890913938924,34.32399044619785,未央区,108.943561,34.322425
B0FFKT90E3,西安图书馆(圣远广场分馆),科教文化服务;图书馆;图书馆,108.949439381931,34.29500311638589,新城区,108.954119,34.293444
B0LDY6DPNL,大成航空无人机实训基地,科教文化服务;培训机构;培训机构,108.90822947292814,34.310126806789995,未央区,108.912825,34.308525
B0LDHOX89E,西安三优职业技能培训学校(盛龙商业广场A区店),科教文化服务;培训机构;培训机构,108.94121881983024,34.301396866867755,未央区,108.945875,34.299825
B001D04776,中国建筑西北设计研究院有限公司建筑电气研究所,科教文化服务;科研机构;科研机构,108.93774541014211,34.28366832679503,莲湖区,108.942391,34.282083
B0LRJUHH69,西安市青少年活动中心2号楼妇幼爱之家,科教文化服务;科教文化场所;科教文化场所,108.94415898774214,34.32138250289307,未央区,108.948825,34.319825
B0IKHNBH9W,腾盛圆中医教育(西安总校),科教文化服务;科教文化场所;科教文化场所|公司企业;公司企业;公司企业,108.93438496175398,34.31735053985399,未央区,108.939025,34.315775
B0G1BZ9IVY,露西教育,科教文化服务;培训机构;培训机构,108.93150112539584,34.310949485645224,未央区,108.936134,34.309367
B001D0WVAI,西安特殊教育职业学校,科教文化服务;学校;职业技术学校,108.93506396287395,34.28490092587218,莲湖区,108.939703,34.283312
B0FFJGB48E,百林格少儿英语(北郊校区),科教文化服务;培训机构;培训机构,108.94314141945809,34.31469246168503,未央区,108.947804,34.31313
B0LBLUNCT1,陕西公途教育,科教文化服务;培训机构;培训机构,108.935734102824,34.28776170449362,莲湖区,108.940375,34.286175
B0JUDUDIAG,新东方考研专升本集训营(凤二校区),科教文化服务;培训机构;培训机构,108.92950262252288,34.321494197548425,未央区,108.934132,34.319914
B0IA3OEND0,企鹅岛游泳健身(北二环店),科教文化服务;科教文化场所;科教文化场所,108.92096755121044,34.312201492019035,未央区,108.92558,34.310608
B0FFLJXNDC,西安DM街舞(凯旋大厦店),科教文化服务;培训机构;培训机构,108.9430642470136,34.3071810156386,未央区,108.947726,34.305615
B0LR2C527I,西安市宣安消防职业技能培训学校,科教文化服务;培训机构;培训机构,108.94329148226636,34.30871990995828,未央区,108.947954,34.307155
B0M63C9FEC,陕西四月传媒,科教文化服务;传媒机构;传媒机构,108.92437042581264,34.31401845799995,未央区,108.928989,34.312429
B0K2KDMVJH,陕西政南公考(陕西总校),科教文化服务;培训机构;培训机构,108.94196770036844,34.314549624213264,未央区,108.946627,34.312985
B0FFGC2ZLT,西北建筑设计院,科教文化服务;科教文化场所;科教文化场所,108.93745514015627,34.28376274740547,莲湖区,108.9421,34.282177
B0LDMR5NN5,鹏天无人机培训基地,科教文化服务;培训机构;培训机构,108.90802966893654,34.310076886913954,未央区,108.912625,34.308475
B0GKVY1MRE,悦一彤形体舞蹈(大兴龙湖店),科教文化服务;培训机构;培训机构,108.91477182368575,34.28722301906823,莲湖区,108.919373,34.285614
B0JKP5TR9M,西安大明宫龙行篮球网球培训中心,科教文化服务;培训机构;培训机构,108.9618608113004,34.30521354003172,未央区,108.966583,34.303687
B0LDN92L7Y,枝己舞蹈,科教文化服务;培训机构;培训机构,108.942119696467,34.32173802698987,未央区,108.94678,34.320177
B0HA7X0VRQ,SN舞蹈工作室,科教文化服务;培训机构;培训机构,108.9420073111201,34.31799496655306,未央区,108.946667,34.316432
B0L3ZZ0KPQ,象道宠物护理职业技能培训学校,科教文化服务;培训机构;培训机构,108.91998803627796,34.30127623052878,未央区,108.924598,34.299677
B0MARC565W,青少年中心,科教文化服务;文化宫;文化宫,108.9414666973231,34.319206353337535,未央区,108.946125,34.317643
B0LKMU6I05,西安学冠补习学校,科教文化服务;培训机构;培训机构,108.92166879712624,34.28211207200466,莲湖区,108.92628,34.280506
B0L1MHHL5D,西安华乐艺术文化培训中心,科教文化服务;培训机构;培训机构,108.9104494070926,34.28260409420685,莲湖区,108.915045,34.280991
B0GD9UMY92,海贝壳公考,科教文化服务;培训机构;培训机构,108.94336634865056,34.32006357133319,未央区,108.94803,34.318504
B0FFL453H3,艺树金莎培训学校,科教文化服务;培训机构;培训机构,108.91944992651078,34.28847724567645,莲湖区,108.924058,34.286872
B0K26LMULY,乐炬音乐(未央校区),科教文化服务;培训机构;培训机构,108.94305824275962,34.30744090945215,未央区,108.94772,34.305875
B0IBH7IP5G,西安市未央区档案馆,科教文化服务;档案馆;档案馆,108.94505606894997,34.30088615057538,未央区,108.949723,34.299321
B0KUZDGCTG,西安市未央区秦星职业技能培训学校,科教文化服务;培训机构;培训机构,108.96160318934749,34.31189915146009,未央区,108.966325,34.310375
B0FFM5BXIC,陕西省特种设备西安市特种作业资格培训考试中心,科教文化服务;培训机构;培训机构,108.92588408009676,34.282865577944726,莲湖区,108.930503,34.281264
B0FFIS31MS,陕西省教育信息化管理中心,科教文化服务;科教文化场所;科教文化场所,108.92735217893244,34.295369569303084,未央区,108.931975,34.293775
B001D0W1JW,陕西省雕塑院,科教文化服务;学校;学校,108.94095712083644,34.294119515789234,莲湖区,108.945612,34.292544
B0FFJT09YM,西安易朗文化传媒有限公司,科教文化服务;传媒机构;传媒机构,108.92479376705862,34.287644702571754,莲湖区,108.929411,34.286044
B0K1BZWDKC,一禾教育,科教文化服务;培训机构;培训机构,108.9433144887109,34.32014162925948,未央区,108.947978,34.318582
B0H6RLACZF,同桌学吧自习室(龙首原店),科教文化服务;培训机构;培训机构,108.94195920556388,34.296307814158034,未央区,108.946617,34.294735
B0FFGD123T,泷舞舞蹈会所(北郊盛龙店),科教文化服务;培训机构;培训机构,108.94111613964412,34.3008952669531,未央区,108.945772,34.299323
B0KGJHZ6WL,3Times Dance Factory,科教文化服务;培训机构;培训机构,108.94193128501196,34.29627687690637,未央区,108.946589,34.294704
B0KGYUI3MD,乐道乒乓,科教文化服务;培训机构;培训机构,108.96396681497724,34.32148785854816,未央区,108.968698,34.319974
B0G3O7DAEL,新方向作文学校,科教文化服务;培训机构;培训机构,108.94343915947312,34.31985953374802,未央区,108.948103,34.3183
B0FFILZMND,鼓学社架子鼓培训考级中心(盛龙广场店),科教文化服务;培训机构;培训机构,108.94055669681302,34.30033347688169,未央区,108.945211,34.29876
B0LBGS3051,爵醒舞蹈JX·TIME(蓝海风店),科教文化服务;培训机构;培训机构,108.92936899718842,34.32036588947333,未央区,108.933998,34.318785
B0FFKXEUL9,泰格王格斗训练中心,科教文化服务;培训机构;培训机构,108.96063506361703,34.31904222322724,未央区,108.965354,34.317519
B001D13B7F,陕西师范大学实验幼儿园,科教文化服务;学校;幼儿园,108.92775416495864,34.285488361513494,莲湖区,108.932377,34.28389
B0KRKD9VJA,学而思(宫园美岸二期服务中心),科教文化服务;培训机构;培训机构,108.93555798267244,34.294558035581474,未央区,108.940199,34.292974
B0KG17D33K,小圈艺考,科教文化服务;培训机构;培训机构,108.94199007946192,34.29681253869957,未央区,108.946648,34.29524
B0IUGMDL06,心田花开(北关校区),科教文化服务;培训机构;培训机构,108.94336449157468,34.281451673056125,莲湖区,108.948025,34.279875
B001D11ITC,陕西师范大学锦园国际幼稚园,科教文化服务;学校;幼儿园,108.95969017377396,34.309693783796895,未央区,108.964405,34.308164
B0FFHSYXIJ,宁佐寒国际艺术舞蹈,科教文化服务;培训机构;培训机构,108.93614153763296,34.294724079713035,未央区,108.940784,34.293141
B0HRV95ZMS,秦味有方陕西小吃培训,科教文化服务;培训机构;培训机构,108.94307120674422,34.30743588829225,未央区,108.947733,34.30587
B0MAPSWL17,王知之自助自习室(龙首印象城店),科教文化服务;培训机构;培训机构,108.94351287055862,34.29624505476841,未央区,108.948175,34.294675
B0LA2D0YFI,星桥篮球培训(青少年活动中心),科教文化服务;培训机构;培训机构|体育休闲服务;运动场馆;运动场所,108.94525780733277,34.32147240555653,未央区,108.949927,34.319917
B0K3A76OWY,未来童星SHOW(荣民时代广场店),科教文化服务;培训机构;培训机构,108.94325567835244,34.30754950311213,未央区,108.947918,34.305984
B0IUP57RJX,Mino Music咪诺音乐·琴行(西安融创兰园),购物服务;专卖店;专营店|科教文化服务;培训机构;培训机构,108.91070462668485,34.28883634064593,莲湖区,108.915301,34.287226
B0FFG8UXLA,圣普美术馆,科教文化服务;美术馆;美术馆,108.95778998946513,34.28288800322877,新城区,108.962496,34.281342
B0JB67FUIZ,陕西初翎无人机培训基地,科教文化服务;培训机构;培训机构,108.90827554061885,34.30873142506146,未央区,108.912871,34.307129
B0H21O80J6,MR.LZ灵子舞蹈(西安汉湖丽都店),科教文化服务;培训机构;培训机构,108.91955688368397,34.29931544746351,未央区,108.924166,34.297715
B0FFLDN84H,西安市新华智能职业技能培训学校,科教文化服务;培训机构;培训机构,108.9394670795267,34.31902884201856,未央区,108.94412,34.317462
B0FFLMSEFL,陕西国兰文化交流中心,科教文化服务;科教文化场所;科教文化场所,108.9120674997662,34.30840913237712,未央区,108.916667,34.306808
B0KR2CMY46,耐斯街区(荣民时代店),科教文化服务;培训机构;培训机构,108.94353388157934,34.307681937213,未央区,108.948197,34.306117
B0FFLJ6RNB,秦汉轩西安小吃培训,科教文化服务;培训机构;培训机构,108.94324293061112,34.31718912817601,未央区,108.947906,34.315628
B0K295NGQH,西安考拉教育,科教文化服务;培训机构;培训机构,108.9433844966238,34.30531327380033,未央区,108.948047,34.303747
B0J6JA6T7V,极武武术 散打 体适能(静安荟店),科教文化服务;培训机构;培训机构,108.94193907056666,34.286336156465545,莲湖区,108.946596,34.284759
B0JB3L9ULE,阳光使者导盲犬学校,科教文化服务;培训机构;培训机构,108.90944627375598,34.309914514386854,未央区,108.914043,34.308313
B0KG5C93W2,西数驾校(总校训练基地),科教文化服务;驾校;驾校,108.91246611898508,34.307260461560354,未央区,108.917066,34.305659
B0KUGDUNJB,月月鸟艺术教育(未央校区),科教文化服务;培训机构;培训机构,108.92237386994528,34.30336221602308,未央区,108.926988,34.301766
B0FFI21YQS,影星武术散打功夫馆(人人乐店),体育休闲服务;运动场馆;运动场所|科教文化服务;科研机构;科研机构,108.94293331942828,34.28619244602473,莲湖区,108.947593,34.284617
B0MG9UQ0XV,留白有道(西安)文化传媒有限公司,科教文化服务;传媒机构;传媒机构,108.91992691045884,34.279238772535585,莲湖区,108.924535,34.27763
B0LK2SQ572,西安城市建设规划设计院有限公司,科教文化服务;科研机构;科研机构|公司企业;公司;公司,108.92550414152784,34.315912406341205,未央区,108.930125,34.314325
B0LKSCILSO,未来黑匣(大兴星悦荟店),科教文化服务;培训机构;培训机构,108.91467398428938,34.28683424224436,莲湖区,108.919275,34.285225
B0G1SK6TG6,星桥篮球培训(大明宫校区),科教文化服务;培训机构;培训机构,108.96152401795632,34.30526034471902,未央区,108.966245,34.303733
B0J3OROYUE,缤纷鸟美术书法(大兴龙湖校区),科教文化服务;培训机构;培训机构,108.91610904620012,34.286693420662985,莲湖区,108.920712,34.285085
B0K3PZ5G9V,瑷尔博士(老城根G park店),科教文化服务;培训机构;培训机构,108.9117795044602,34.28767737777604,莲湖区,108.916377,34.286067
B0I3YUJG4M,陕西雅莱思文化传媒有限公司,科教文化服务;传媒机构;传媒机构,108.92045767469862,34.29630402969681,未央区,108.925068,34.294703
B0LAZLWAV0,鳄鱼漆高定艺术馆,科教文化服务;科教文化场所;科教文化场所,108.96383295429636,34.31360084190137,未央区,108.968563,34.312083
B0H0URPEMY,西安AP韩魅集团·专业纹绣培训学校,科教文化服务;培训机构;培训机构,108.94322914346434,34.31504913899881,未央区,108.947892,34.313487
B0ID2SH7BP,悦音艺术中心(龙湖水晶郦城校区),科教文化服务;培训机构;培训机构,108.91287203372544,34.289795948798414,莲湖区,108.917471,34.288187
B0JGA7HEQ1,逆光自习室,科教文化服务;培训机构;培训机构,108.943563737167,34.32071590780698,未央区,108.948228,34.319157
B001D01490,西安老年大学,科教文化服务;学校;成人教育,108.94107288101124,34.280883975406105,莲湖区,108.945727,34.279303
B0JBKUM9CM,哆咪声乐吉他架子鼓培训,科教文化服务;科教文化场所;科教文化场所,108.94198636062836,34.318096956306256,未央区,108.946646,34.316534
B0FFKS8HY3,搏武道馆(搏武青少年体培训练中心),科教文化服务;培训机构;培训机构,108.94302628529584,34.28340146323754,莲湖区,108.947686,34.281825
B0L0X7MCVH,赛普健身教练培训基地(西安校区),科教文化服务;培训机构;培训机构,108.91886673548974,34.302174724534694,未央区,108.923475,34.300575
B0KR2UM56A,优莱德专注力大兴龙湖训练中心,科教文化服务;培训机构;培训机构,108.91282608265664,34.28988393391123,莲湖区,108.917425,34.288275
B0J0AC4060,力天优创图文快印·广告策划,科教文化服务;培训机构;培训机构,108.94068138774033,34.287683765932805,莲湖区,108.945335,34.286105
B0LGPUJS3Q,DC舞蹈工作室,科教文化服务;培训机构;培训机构,108.94310721099464,34.31843979531209,未央区,108.94777,34.316879
B0FFI6AK4X,奇易玛教育,购物服务;购物相关场所;购物相关场所|科教文化服务;科教文化场所;科教文化场所,108.93087659989006,34.3098058266525,未央区,108.935508,34.308222
B0I0MZ2VL5,书香斋图书馆,科教文化服务;图书馆;图书馆,108.90979515680095,34.29441827611284,未央区,108.914391,34.29281
B0K2AX09CR,西安市青少年活动中心3号楼艺术素养中心,科教文化服务;文化宫;文化宫,108.94475725095478,34.32158129675304,未央区,108.949425,34.320025
B0I25ACET6,联鑫职业技能培训学校,科教文化服务;培训机构;培训机构,108.94303400301648,34.29892274819346,未央区,108.947695,34.297353
B0KGDURY3H,西安未央金比亚职业技能培训学校,科教文化服务;培训机构;培训机构,108.96162708385492,34.3121389836118,未央区,108.966349,34.310615
B0L6998SU7,西安西补培训咨询接待中心,科教文化服务;培训机构;培训机构,108.93882236348765,34.287036155860065,莲湖区,108.943471,34.285454
B0FFGFQLH7,阳光骄子幼儿园第三分园,科教文化服务;学校;幼儿园,108.9247445615635,34.29133216859426,莲湖区,108.929362,34.289733
B0LBMLV454,科沃斯西安京东MALL一店,科教文化服务;培训机构;培训机构|购物服务;购物相关场所;购物相关场所,108.94126877120446,34.30032125652188,未央区,108.945925,34.298749
B0HU37ZAJV,舞动步落街舞中心(西安印象城店),科教文化服务;培训机构;培训机构,108.94387285850031,34.29612244919063,未央区,108.948536,34.294553
B0L099DNCR,大明宫国家遗址公园考古探索中心,科教文化服务;科研机构;科研机构,108.95722062491622,34.286820656120135,新城区,108.961925,34.285275
B0JGML9HKQ,菲尔德成长中心(盛龙校区),科教文化服务;培训机构;培训机构,108.94014282422197,34.30009928349984,未央区,108.944796,34.298525
B0KKT9NNW3,西安大华1935会展中心,科教文化服务;会展中心;会展中心,108.96849968851468,34.28667972237173,新城区,108.973245,34.285162
B0GDSCR0OF,西安市浐灞第二中学,科教文化服务;学校;中学,108.99950073234132,34.317221228583065,未央区,109.004377,34.315807
B001D07ZST,西安职业技术学院辛家庙校区,科教文化服务;学校;高等院校,108.98473094511512,34.303672767704185,未央区,108.989543,34.302208
B0FFFFX1XS,西大附中浐灞中学,科教文化服务;学校;中学,109.00643323451312,34.324768678890955,未央区,109.01134,34.323379
B001D092HS,西安市第四十八中学,科教文化服务;学校;中学,108.9861023020574,34.302223366989416,未央区,108.99092,34.300762
B001D042PV,西安市新城区八府庄小学,科教文化服务;学校;小学,108.97459360053944,34.2901997146953,新城区,108.979363,34.2887
B001D0W3H7,西安仁爱白癜风医学研究院,科教文化服务;科研机构;科研机构,108.974131391371,34.27867488309549,新城区,108.978898,34.277169
B0G1XXHRXX,学大教育(中高考补习学校),科教文化服务;培训机构;培训机构,108.9706162792802,34.28985072955173,新城区,108.97537,34.28834
B0G11SD8K9,西安市第八十九中学(分校),科教文化服务;学校;中学,108.97105820367176,34.2820548596375,新城区,108.975813,34.280542
B0FFJHNXWG,西安市浐灞第三小学,科教文化服务;学校;小学,109.00078844023676,34.30218512937338,未央区,109.005669,34.300768
B0FFGFPLZC,西安市浐灞第一小学,科教文化服务;学校;小学,109.00143418724814,34.31967021879996,未央区,109.006319,34.318263
B0FFFPKNMV,西安市新城区太华路小学,科教文化服务;学校;小学,108.96875389021292,34.28457294783613,新城区,108.9735,34.283055
B0L0KUPZQW,AI音燥社,科教文化服务;培训机构;培训机构,108.96854684609872,34.31902919515512,未央区,108.973295,34.317526
B0I395YX1P,西安交警支队磊海摩托车考场,科教文化服务;驾校;驾校,108.99518003911749,34.297001444052874,未央区,109.000036,34.295565
B0FFGKP1IW,西安方正补习学校,科教文化服务;培训机构;培训机构,108.9670693103965,34.29651421657957,未央区,108.97181,34.294997
B001D06UUJ,西安市陕汽二校,科教文化服务;学校;中学,109.0035717966466,34.286078686511,新城区,109.008463,34.284663
B0GR3RLHAM,黄河补习,科教文化服务;培训机构;培训机构,109.01157022326603,34.278098954099775,新城区,109.016495,34.276704
B001D09PCM,东元路学校,科教文化服务;学校;中学,108.98557587466044,34.3099584504357,未央区,108.990392,34.308499
B001D019B5,西安市西光中学教育集团西光中学分校,科教文化服务;学校;中学,108.98886061784764,34.27836944199887,新城区,108.993688,34.276906
B0FFJI24FO,西安浐灞阳光海蓝小学,科教文化服务;学校;小学,109.00541396813172,34.308694178616456,未央区,109.010315,34.307294
B001D08E7E,东前进小学,科教文化服务;学校;小学,108.98297801971444,34.30668555557348,未央区,108.987783,34.305217
B0FFFVO9MB,陕西科技大学太华路校区,科教文化服务;学校;高等院校,108.96783837900732,34.29674810701653,未央区,108.972582,34.295233
B0HAKKEQ4X,浐灞第三初级中学,科教文化服务;科教文化场所;科教文化场所,109.00341908761084,34.30234307089086,未央区,109.008311,34.300934
B001D0Z4TB,西安市第八十三中学浐灞第二分校,科教文化服务;学校;中学,109.0230233738493,34.292295584962154,灞桥区,109.027997,34.29094
B001D09LXV,西安市太元路学校,科教文化服务;学校;学校,108.98993395649867,34.30353836886121,未央区,108.994768,34.302089
B0HR659VQ0,未央区永泰路小学,科教文化服务;学校;小学,108.9853425915202,34.32515411227033,未央区,108.990159,34.323701
B0GRTZDHVO,西安市浐灞第十小学,科教文化服务;学校;小学,109.02418757674374,34.293399834943514,灞桥区,109.029166,34.292048
B0GUXZ9NK1,西安市浐灞第六小学,科教文化服务;学校;小学,109.01309135130364,34.30680798884862,灞桥区,109.018025,34.30543
B0FFHO9NV8,先锋小学,科教文化服务;学校;小学,108.9736257788604,34.31041445033792,未央区,108.978393,34.308921
B0GUXZ9NQS,西安市浐灞第十五小学,科教文化服务;学校;小学,109.01333066810228,34.31474467250574,未央区,109.018266,34.313371
B0FFMH789K,西安市浐灞第十二小学,科教文化服务;学校;小学,109.0225384334064,34.29121942041924,灞桥区,109.02751,34.289862
B0J2B7MCUV,西安慕思睡眠文化博物馆,科教文化服务;博物馆;博物馆,108.966189232252,34.31339793744696,未央区,108.970928,34.311886
B0FFFPKSJM,华远海蓝城小学,科教文化服务;学校;小学,109.00138945804592,34.306836223946455,未央区,109.006273,34.305423
B0G0TYEFFE,西安高新学校,科教文化服务;学校;职业技术学校,108.97287974899218,34.29804302600216,新城区,108.977643,34.296542
B001D08W88,西安华清园实验小学,科教文化服务;学校;小学,109.0222230513641,34.29904090142447,灞桥区,109.027194,34.297686
B0FFI6GHT4,西安欧米奇西点西餐学院,科教文化服务;培训机构;培训机构,108.99005352991868,34.29054570731586,新城区,108.994887,34.289091
B0FFG77M08,西安幼儿师范学院,科教文化服务;学校;高等院校,109.01175122277272,34.31636262433046,未央区,109.01668,34.314985
B001D03GR3,西安市新城区长缨路小学,科教文化服务;学校;小学,108.98795347981664,34.27819522050218,新城区,108.992777,34.276729
B001D07GDY,励志小学,科教文化服务;学校;小学,108.97307959740996,34.27819198093741,新城区,108.977842,34.276683
B0GUXZ9G9D,西安市浐灞第一小学创新分校,科教文化服务;学校;小学,108.99745707522378,34.32281483357568,未央区,109.002325,34.321397
B0FFJ1C0TF,单色舞蹈(万和城购物中心),科教文化服务;培训机构;培训机构,108.98998168504976,34.28035225787931,新城区,108.994814,34.278893
B0FFM456JH,陕西省军队离退休干部服务中心,科教文化服务;科教文化场所;科教文化场所,108.97664928322736,34.30314929727848,未央区,108.981428,34.301661
B0JRT7237R,蓝蒂蔻美妆学院,科教文化服务;培训机构;培训机构,108.98970289825468,34.31603939497857,未央区,108.994537,34.314595
B001D11SL5,未央区太康路小学,科教文化服务;学校;小学,108.97827788728056,34.30063380577993,未央区,108.983063,34.299149
B0LGVGCMS1,西安诠心补习学校,科教文化服务;培训机构;培训机构,109.01150125596916,34.281181868712224,新城区,109.016426,34.279788
B001D14R7P,西安市浐灞第二十五小学,科教文化服务;学校;小学,109.02403426436013,34.28081863869515,灞桥区,109.029011,34.279461
B0FFFF8ZHM,摩托车检测技术研究所,科教文化服务;科研机构;科研机构,109.0152062033445,34.29775976046045,灞桥区,109.020148,34.296384
B0L0D5NSIJ,魔方·城市书房(龙湖长乐天街店),科教文化服务;图书馆;图书馆,109.008596430628,34.283634537935114,新城区,109.013509,34.282233
B0FFGFXBGL,明志小学,科教文化服务;学校;小学,108.9845500943339,34.2869216109944,新城区,108.98936,34.285449
B0FFMH7B1Z,西安市浐灞第二十一小学,科教文化服务;学校;小学,109.00238888485636,34.298078083274625,未央区,109.007276,34.296664
B0MGY64PA2,平行线素养(胡家庙校区),科教文化服务;培训机构;培训机构,108.9902515866425,34.27973470760785,新城区,108.995085,34.278276
B0JDZ5JARJ,西安万佳职业技能培训学校,科教文化服务;培训机构;培训机构,108.967598628515,34.31692965654092,未央区,108.972343,34.315423
B0FFFPKPYM,大华博物馆,科教文化服务;博物馆;博物馆,108.9706266104856,34.285341630317305,新城区,108.97538,34.283829
B0LKPC044I,西安幸福学校,科教文化服务;科教文化场所;科教文化场所,108.99911379120218,34.28871210089466,新城区,109.003986,34.287284
B0FFFADZEJ,西安市新城区励行小学,科教文化服务;学校;小学,108.9757808626672,34.2779356036089,新城区,108.980554,34.276434
B0FFIMG50U,西安小天鹅艺术团(浐灞店),科教文化服务;文艺团体;文艺团体,108.99154829851425,34.3247278083638,未央区,108.996391,34.323293
B0M6MKTH1A,陕西华跃飞声文化传媒有限公司,科教文化服务;传媒机构;传媒机构,108.96946778357946,34.313333380273484,未央区,108.974219,34.31183
B0FFL17LSZ,西安市新城区西交康桥紫薇东进小学,科教文化服务;科教文化场所;科教文化场所,108.97645084506604,34.293939909208405,新城区,108.981228,34.292447
B0FFKPXE9S,EME国际教育(海蓝城校区),科教文化服务;培训机构;培训机构,109.00135548075885,34.30831066271628,未央区,109.006239,34.306898
B0L2YHUT66,陕西秦公教育,科教文化服务;培训机构;培训机构,108.98279110549372,34.31502431103945,未央区,108.987596,34.313559
B0KRAA3LJ9,煌旗小吃培训(西安分校),科教文化服务;培训机构;培训机构,108.96652661344191,34.3176860939826,未央区,108.971267,34.316177
B0K29STLVD,多多亲子岁月·婴儿游泳·洗澡(西安矿山路店),科教文化服务;科教文化场所;科教文化场所,108.99866750203964,34.30319112625998,未央区,109.003539,34.301768
B0I11Z87JP,X·AC DANCE舞蹈工作室(辛家庙店),科教文化服务;培训机构;培训机构,108.9913687946594,34.30401684760749,未央区,108.996209,34.302572
B0KRCAC9CE,COLMO智感体验馆(未央北大明宫店),科教文化服务;培训机构;培训机构,108.96573785550363,34.31418773626283,未央区,108.970475,34.312675
B0MAY72QBX,沐星传媒,科教文化服务;传媒机构;传媒机构,108.98358683874976,34.31442226251991,未央区,108.988395,34.312959
B0FFKGSZD9,西安市浐灞第二十四小学,科教文化服务;学校;小学,109.02229441252204,34.30313888320828,灞桥区,109.027266,34.301786
B0FFMDN973,新方向小荷作文(浐灞校区),科教文化服务;培训机构;培训机构,109.00405579311456,34.32080073500404,未央区,109.008952,34.319402
B0IAGA3YJS,洛可可琴行,科教文化服务;培训机构;培训机构,109.0004583711602,34.308054504060195,未央区,109.005338,34.306639
B0FFI4MNJ1,王家坟公交教育中心,科教文化服务;培训机构;培训机构,109.0080043029444,34.27961101418364,新城区,109.012914,34.278206
B0L0UXXAAJ,陕西易影传媒文化有限公司,科教文化服务;传媒机构;传媒机构,108.9856092051899,34.292266192530874,新城区,108.990424,34.290799
B0LR2557XJ,微芒聚声传媒,科教文化服务;传媒机构;传媒机构,108.97012150153192,34.286136646386936,新城区,108.974873,34.284623
B0FFH1FX00,仁和会计培训(西安万达校区),科教文化服务;培训机构;培训机构,108.96769626661292,34.31682644887772,未央区,108.972441,34.31532
B0FFFVOAA0,陕西省元丰书画艺术研究院,科教文化服务;科研机构;科研机构|科教文化服务;培训机构;培训机构,108.96875635063186,34.29101818327044,新城区,108.973503,34.289503
B0H6VRHNTD,西安于佳美发学校,科教文化服务;培训机构;培训机构,108.9677293420322,34.29007129217625,新城区,108.972472,34.288553
B0KUBUSG0K,诠心思远补习学校,科教文化服务;培训机构;培训机构,109.01150125596916,34.281181868712224,新城区,109.016426,34.279788
B0KGJU3O10,陕西省青少年宫艺术团(浐灞校区),科教文化服务;文艺团体;文艺团体,109.00019459185695,34.31898030563247,未央区,109.005074,34.317569
B0H04CBPS6,简·稚园托育中心(唐韵三坊园),科教文化服务;学校;幼儿园,108.99907751388656,34.28195208522519,新城区,109.003949,34.280521
B0IB2CUHK8,爱叶园艺术培训学校,科教文化服务;培训机构;培训机构,108.99374573037372,34.30262729943787,未央区,108.998596,34.301189
B0G27ME1X3,MR.LZ灵子舞蹈(西安大明宫万达店),科教文化服务;培训机构;培训机构,108.96763050745486,34.31693157232693,未央区,108.972375,34.315425
B0L12RUZ98,陕西知者影视文化传媒有限公司,科教文化服务;传媒机构;传媒机构,108.98319042927784,34.315182072944985,未央区,108.987997,34.313718
B0L3AZQREF,八府庄小学东,科教文化服务;学校;小学,108.97550190953258,34.290921875218146,新城区,108.980275,34.289425
B0LUS96FIW,放客街舞(广泰门),科教文化服务;培训机构;培训机构,109.00936292027414,34.310136617707336,未央区,109.014281,34.308749
B0K24L854W,西安土拨鼠培训学校(原长颈鹿美语),科教文化服务;培训机构;培训机构,108.9932458587136,34.30281972395329,未央区,108.998094,34.30138
B0I01RWQI3,麦田童画浐灞二路店,科教文化服务;培训机构;培训机构,109.00178835658396,34.323279457237064,未央区,109.006675,34.321875
B0LA7UOC66,学比邻英语(浐灞店),科教文化服务;培训机构;培训机构,109.00416719719786,34.32218175222029,未央区,109.009064,34.320784
B0ID45OX0G,国王的朋友艺术教育杨光百合校区(矿山路店),科教文化服务;培训机构;培训机构,109.00849819970036,34.30322232533516,灞桥区,109.013412,34.301829
B0GK2CJ430,子闻轩(浐灞一小馆),科教文化服务;培训机构;培训机构|购物服务;购物相关场所;购物相关场所,109.00303534826196,34.31890771095581,未央区,109.007927,34.317505
B0G35CV2A9,缤纷鸟美术书法(海蓝城校区),科教文化服务;培训机构;培训机构,108.99788837226556,34.30902087564426,未央区,109.002757,34.307598
B0K0AOY49T,城市书房,科教文化服务;图书馆;图书馆,108.96976314920992,34.307220367665884,未央区,108.974515,34.305715
B0L3HA7EDQ,乐颂传媒,科教文化服务;传媒机构;传媒机构,108.9700216522352,34.313276929178066,未央区,108.974775,34.311775
B0H019TL9T,春天花花舞蹈艺术中心(浐灞荣德校区),科教文化服务;培训机构;培训机构,108.99860409247049,34.32326413933161,未央区,109.003477,34.32185
B0G0X70KNS,西安客车车辆段职教楼,科教文化服务;学校;学校,109.00924673459836,34.294511912783875,灞桥区,109.014163,34.293117
B0I2M5EHP6,西安市浐灞第三十一小学,科教文化服务;学校;小学,109.01249592447157,34.306185037633405,灞桥区,109.017427,34.304805
B001D0VSBS,西安市工业技工学校,科教文化服务;学校;职业技术学校,109.02124828421417,34.284270059688254,灞桥区,109.026214,34.282906
B0LRV7K9I7,王知之·自助·自习室(浐灞印象城店),科教文化服务;培训机构;培训机构,108.99233026470462,34.309014706526995,未央区,108.997175,34.307575
B0G0DY65G1,众致刑事案件研究中心,科教文化服务;科研机构;科研机构,108.9854323831062,34.311099355871,未央区,108.990248,34.30964
B0LAC5CT1Y,未央区图书馆开元分馆,科教文化服务;图书馆;图书馆,108.9696406092225,34.30737062663585,未央区,108.974392,34.305865
B001D06J91,西安市胡家庙工人文化宫,科教文化服务;文化宫;文化宫,108.99266232627156,34.27925665598855,新城区,108.997506,34.277805
B0IBGUOI2B,Show Max减肥训练营(永坤生活广场店),体育休闲服务;运动场馆;健身中心|科教文化服务;培训机构;培训机构,108.99340997248976,34.3169698130155,未央区,108.99826,34.315537
B0JG6HHZDK,缤纷鸟美术书法(四海唐人街校区),科教文化服务;培训机构;培训机构,108.96622531360563,34.32292343314096,未央区,108.970965,34.321416
B0IUPLEB0A,VIP街舞(唐人街店),科教文化服务;培训机构;培训机构,108.96597528483017,34.32249927559923,未央区,108.970714,34.320991
B0J2HHKD4N,唐风少年文化交流馆,科教文化服务;科教文化场所;科教文化场所,108.9675587249282,34.317596452727294,未央区,108.972303,34.31609
B0JDBRHCAC,爱智智慧伴学中心,科教文化服务;科教文化场所;科教文化场所,109.00329412342435,34.308320771800986,未央区,109.008186,34.306914
B0HAD7ESZV,放客街舞艺术连锁(矿山路校区),科教文化服务;培训机构;培训机构,109.017697290244,34.30366785508608,灞桥区,109.02265,34.302302
B0HDS57YYG,纳维音艺术中心(浐灞中铁校区),科教文化服务;培训机构;培训机构,108.99741018431216,34.32392445516706,未央区,109.002278,34.322507
B0LRXUZOMX,颢娱传媒,科教文化服务;传媒机构;传媒机构,108.99976274606352,34.279727937558675,新城区,109.004637,34.278298
B0MAH1NEVM,亚朵竹居流动图书馆(西安西京医院胡家庙地铁站),科教文化服务;图书馆;图书馆,108.99750559917784,34.2782354181696,新城区,109.00237,34.276798
B0FFLKJPBJ,嗨颜美术中心(四海唐人街店),科教文化服务;培训机构;培训机构,108.96587579640016,34.32080232418982,未央区,108.970614,34.319293
B0GKHL3CL8,美立德洪恩儿童成长中心(西安万达校区),科教文化服务;培训机构;培训机构,108.96768014637344,34.31903047097094,未央区,108.972425,34.317525
B0FFI0CJOP,小荧星国际艺术教育(胡家庙校区),科教文化服务;培训机构;培训机构,108.99778817095807,34.28075550516631,新城区,109.002654,34.27932
B0KALRIQSJ,莫尔艺术礼堂,科教文化服务;科教文化场所;科教文化场所,108.96982072430228,34.28539276666498,新城区,108.974571,34.283878
B0JR4UH5WQ,班马读书·图书借阅·阅读写作(浐灞三小校区),科教文化服务;培训机构;培训机构,108.99947900515568,34.303163672878,未央区,109.004354,34.301743
B0FFHZZW9W,贝尔安亲(浐灞一小老校区),购物服务;专卖店;儿童用品店|科教文化服务;培训机构;培训机构,109.0026778902094,34.3188918033316,未央区,109.007568,34.317488
B0FFKQ9Z49,春蕾舞蹈(大明宫店),科教文化服务;培训机构;培训机构,108.9730294288365,34.31900114751044,未央区,108.977795,34.31751
B0H3S5J124,西安向阳花美术馆,科教文化服务;科教文化场所;科教文化场所,108.9941121588952,34.302609199653105,未央区,108.998964,34.301172
B0KUTS9YWL,陕西佑恩启音启智(中建尚城),科教文化服务;培训机构;培训机构,109.01895070358596,34.308229173437375,未央区,109.023909,34.306869
B0FFIL81L0,艺童家艺术中心,科教文化服务;培训机构;培训机构,108.99033191178,34.3077213001886,未央区,108.995168,34.306275
B0H6LCDOEQ,潮童星少儿模特童模培训(四海唐人街校区),科教文化服务;培训机构;培训机构,108.96628512149351,34.3225324620981,未央区,108.971025,34.321025
B0FFJLK35M,德智博睿教育,科教文化服务;培训机构;培训机构,108.99025572562113,34.301856152775855,未央区,108.995091,34.300407
B0KARR9R3P,秦唐宝贝西安文创(大明宫店),科教文化服务;培训机构;培训机构,108.96745923029737,34.29172128623482,新城区,108.972201,34.290203
B0I3MCOJ5P,领绣集团纹绣培训学校(西安校区),科教文化服务;科教文化场所;科教文化场所,108.96580501089385,34.321410222300706,未央区,108.970543,34.319901
B0J0TL0O9D,金源驾校总校训练场,科教文化服务;驾校;驾校,108.99197633020528,34.29043397753319,新城区,108.996818,34.288985
B0MAH1MP7V,亚朵竹居流动图书馆(西安大明宫万达广场二环北路),科教文化服务;图书馆;图书馆,108.97062429807193,34.3135192030909,未央区,108.97538,34.312019
B0LAUS74LG,Ai 机器人科技馆,科教文化服务;科教文化场所;科教文化场所,108.9699798148722,34.31326504642927,未央区,108.974733,34.311763
B0HR9R8VB5,歌云流行音乐(未央分店),科教文化服务;培训机构;培训机构,108.97036983125255,34.31902334951711,未央区,108.975125,34.317525
B0JBU58T8H,西安百成星尚模特空乘培训,科教文化服务;培训机构;培训机构,108.99027946882292,34.27972262904173,新城区,108.995113,34.278264
B0MGSCMYH6,陕西高新教育(啤酒路校区),科教文化服务;培训机构;培训机构,108.97293450099936,34.298431705104726,未央区,108.977698,34.296931
B0FFLPVVEP,西安职业技术学院工科校区机电工程系招生办就业指导中心,科教文化服务;学校;高等院校,108.98470908112232,34.30313906994283,未央区,108.989521,34.301674
B0FFLCCADI,西安秦汉酒文化园,科教文化服务;科教文化场所;科教文化场所,109.0178003494983,34.30970684008808,未央区,109.022754,34.308344
B0J3ZSRQ4E,哈尼熊(华远·海蓝城5期店),科教文化服务;培训机构;培训机构,108.99864010130892,34.309381429147855,未央区,109.003512,34.307961
B0FFKVYDTZ,慧鱼机器人编程(新城总店),科教文化服务;培训机构;培训机构,108.96789177046992,34.28952110347337,新城区,108.972635,34.288003
B0FFJ0NJ3U,小天鹅艺术中心(矿山路店),科教文化服务;培训机构;培训机构,109.0063952584,34.30268190727727,灞桥区,109.0113,34.301282
B0FFKV962R,陕西省小天鹅艺术团(万和城购物中心店),科教文化服务;培训机构;培训机构,108.99034907342134,34.28090792296628,新城区,108.995183,34.27945
B0FFKT108I,蓝哆傲少儿编程,科教文化服务;培训机构;培训机构,109.00098806311664,34.30833576764501,未央区,109.00587,34.306922
B0I2LAWD38,云舞艺术舞蹈,科教文化服务;培训机构;培训机构,108.98481917939756,34.29639972200124,新城区,108.989631,34.294932
B0FFLCIALJ,吉的堡少儿英语(金花校区),科教文化服务;培训机构;培训机构,108.9912530307252,34.28313426969626,新城区,108.996091,34.28168
B0KR3HPXMK,赵汝飞练字(浐灞一小校区),科教文化服务;培训机构;培训机构,108.9986518258502,34.323988654068394,未央区,109.003525,34.322575
B0FFJJCFE2,5266轮滑体教中心(万达广场西安大明宫店),科教文化服务;培训机构;培训机构,108.96789754363714,34.31632215441069,未央区,108.972643,34.314816
B0FFK7PWDL,西安新城至美幼儿园,科教文化服务;学校;幼儿园,108.97613019798264,34.29319713224334,新城区,108.980906,34.291703
B0L124TTAR,星光游泳培训基地(尚东店),科教文化服务;培训机构;培训机构,108.99601503691912,34.30190674915224,未央区,109.000875,34.300475
B0KD2D0TKX,奥星教育·小优成长书房(浐灞生态店),科教文化服务;培训机构;培训机构,108.99989290066286,34.31889126370376,未央区,109.004771,34.317479
B0LKYO4E3K,积木琴行,科教文化服务;培训机构;培训机构,108.97949591166852,34.30062133388393,未央区,108.984286,34.29914
B0FFH1EGAJ,中共明远小学支部委员会,政府机构及社会团体;社会团体;社会团体相关|科教文化服务;科教文化场所;科教文化场所,109.01342398702342,34.2944884552514,灞桥区,109.018358,34.293106
B0LRXO3IMU,熊猫悦读会儿童书苑,科教文化服务;培训机构;培训机构,109.00167653669028,34.30306703893853,未央区,109.006561,34.301653
B0KDMC695U,青木共享自习室(浐灞店),科教文化服务;培训机构;培训机构,109.0034212629187,34.323930194481,未央区,109.008315,34.322531
B0K3J7CR0W,聂卫平围棋道场(四海唐人街校区),科教文化服务;培训机构;培训机构,108.96648435305296,34.32278183083724,未央区,108.971225,34.321275
B0I2C5F1DF,不凡乐社架子鼓(太华南路店),科教文化服务;培训机构;培训机构,108.967954544057,34.28937300254877,新城区,108.972698,34.287855
B0FFHSLWE3,中育品格东方花园幼儿园,科教文化服务;学校;幼儿园,109.00788160378096,34.306012933775804,灞桥区,109.012793,34.304619
B0LDGAAIIX,哈农现代音乐学校,科教文化服务;培训机构;培训机构,108.96554197758964,34.321588813111696,未央区,108.970279,34.320079
B001D0VV8C,西安市公共交通技工学校,科教文化服务;学校;职业技术学校,109.00776136461182,34.27935585292783,新城区,109.01267,34.27795
B0FFI9QUH3,贝瑞思教育培训中心,科教文化服务;培训机构;培训机构,108.99792748720878,34.317569846873965,未央区,109.002797,34.316151
B0L3VAGVYH,西安麦芽艺术·少儿口才,科教文化服务;培训机构;培训机构,109.00350632120158,34.31888129416582,未央区,109.0084,34.31748
B0G0BH0MYK,星星派国际私立美校,科教文化服务;培训机构;培训机构,108.97261107800416,34.31900329147217,未央区,108.977375,34.317511
B0JA5AI3ZT,小确幸吉他(四海唐人街校区),科教文化服务;培训机构;培训机构,108.9662223573295,34.32252662668004,未央区,108.970962,34.321019
B0HUY5S1RN,西安新城爱幼幼儿园,科教文化服务;学校;幼儿园,108.97646202484556,34.291219056851205,新城区,108.981239,34.289725
B0G2HCQAT3,西安新城华旗东郡幼儿园,科教文化服务;学校;幼儿园,109.00402901697676,34.28383225405868,新城区,109.008922,34.282417
B0FFKKUUOO,中海悦墅幼儿园,科教文化服务;学校;幼儿园,109.00492406524808,34.32068915591237,未央区,109.009824,34.319293
B0HRMHJME5,北京红舞鞋少儿芭蕾形体舞蹈(华远海蓝城校区),购物服务;服装鞋帽皮具店;服装鞋帽皮具店|科教文化服务;培训机构;培训机构,109.00343153143956,34.308321354642906,未央区,109.008324,34.306915
B0J2DHWWB3,聚成传媒,科教文化服务;传媒机构;传媒机构,109.004943167501,34.28283890403915,新城区,109.00984,34.281426
B0FFF657VK,西安新城东方天翼幼儿园,科教文化服务;学校;幼儿园,108.99907065905228,34.28057168665434,新城区,109.003942,34.27914
B0GUOC5DX2,方泽国际艺术教育,科教文化服务;培训机构;培训机构,109.00460945236246,34.320293293375954,未央区,109.009508,34.318896
B0H6AHKQYE,莱檬架子鼓(胡家庙店),科教文化服务;培训机构;培训机构,108.98675042779368,34.27986609757006,新城区,108.991569,34.278397
B0FFH2JYD9,新馨幼儿园,科教文化服务;学校;幼儿园,109.02094508044624,34.313056248155725,未央区,109.025912,34.311704
B001D08O2I,大拇指幼儿园(西安·恒大名都南),科教文化服务;学校;幼儿园,109.0153567734849,34.307181127582794,灞桥区,109.0203,34.30581
B0LRYAVQ04,赵汝飞练字(四海唐人街校区),科教文化服务;培训机构;培训机构,108.96745679499423,34.32143793370475,未央区,108.972201,34.319933
B0J3MS0TMY,西安金穗驾校(总校训练场),科教文化服务;驾校;驾校|生活服务;生活服务场所;生活服务场所,108.9950227392398,34.296716045540336,未央区,108.999878,34.295279
B0FFK8H7VT,西安未央长颈鹿幼儿园,科教文化服务;学校;幼儿园,108.9934345678154,34.30858356913752,未央区,108.998284,34.307147
B0LR9BPD8Z,新东方斯林姆教育咨询有限公司太华北路分公司,科教文化服务;培训机构;培训机构,108.96725553076584,34.32175331112915,未央区,108.971999,34.320248
B0FFI8XHN3,西安新城白鹿幼儿园,科教文化服务;学校;幼儿园,108.98415847915574,34.28998644745656,新城区,108.988967,34.288514
B0KU6H0CC7,同桌学吧自习室(余家寨店),科教文化服务;科教文化场所;科教文化场所,108.96745679499423,34.32143793370475,未央区,108.972201,34.319933
B0FFIW2LOG,西安小天鹅艺术团-大明宫(华远君城校区),科教文化服务;文艺团体;文艺团体,108.97784946405947,34.30264213158704,未央区,108.982633,34.301157
B001D0VT36,东方明珠幼儿园(长十路),科教文化服务;学校;幼儿园,109.0249588816848,34.28865872853896,灞桥区,109.02994,34.287307
B0FFI8NJXE,西安浐灞童蒙品尚幼儿园,科教文化服务;学校;幼儿园,109.01671986080156,34.29780430127103,灞桥区,109.021668,34.296433
B0FFHB81X2,卓昊幼儿园,科教文化服务;学校;幼儿园,109.00753159921702,34.300128609629056,灞桥区,109.012441,34.298731
B0FFK5A10V,品格源著幼儿园(浐灞店),科教文化服务;学校;幼儿园,109.00251157347697,34.31929212241718,未央区,109.007401,34.317888
B0K3LU2W3U,西安馨乐国际艺术中心(矿山路店),科教文化服务;培训机构;培训机构,108.99274601440712,34.30266230266627,未央区,108.997592,34.301221
B0HBRZ6VFL,优你可安亲,科教文化服务;培训机构;培训机构,108.99831704932868,34.302756384438126,未央区,109.003187,34.301332
B0FFLBWYS5,芯硕学苑(大华1935店),科教文化服务;培训机构;培训机构,108.97045239839194,34.283977676988506,新城区,108.975205,34.282464
B0MGHSTEYW,西安丹青美育学校,科教文化服务;培训机构;培训机构,109.01159687067889,34.316453042929666,未央区,109.016525,34.315075
B0L6USXQKC,云裳花开舞蹈美学,科教文化服务;培训机构;培训机构,108.97448963151078,34.31905909502424,未央区,108.979261,34.317572
B0FFJ7RDP3,地平线画室,科教文化服务;培训机构;培训机构,108.9974398511011,34.27860946163956,新城区,109.002304,34.277172
B0FFKSJAH6,爱上舞蹈艺术团,科教文化服务;文艺团体;文艺团体,109.00401290670376,34.32164547074458,未央区,109.008909,34.320247
B0FFKVZ858,西安左岸音乐,科教文化服务;培训机构;培训机构,108.9662586203561,34.31767579079717,未央区,108.970998,34.316166
B0FFHTM0C4,EME国际教育(辛家庙分校),科教文化服务;培训机构;培训机构,108.98421767931976,34.30867602956864,未央区,108.989028,34.307212
B0J0L5SJIV,五粮液文化馆,科教文化服务;文化宫;文化宫,108.96750541661704,34.32379670190969,未央区,108.97225,34.322293
B0HUFHWGA7,思远学校,科教文化服务;学校;学校,109.0113986908648,34.28119117087345,新城区,109.016323,34.279797
B0FFIIQDVI,缤纷鸟美术(万和城校区),科教文化服务;培训机构;培训机构,108.9898273514966,34.28024076707958,新城区,108.994659,34.278781
B0HRFH1XCD,贝尔安亲(浐灞六小校区),科教文化服务;培训机构;培训机构,109.010953444424,34.30653148086659,未央区,109.015878,34.305147
B0HDPHK9RY,艾米粒口才,科教文化服务;培训机构;培训机构,108.99864308817966,34.30938441872035,未央区,109.003515,34.307964
B0FFG8UY7B,大明宫幼儿园,科教文化服务;学校;幼儿园,108.9656305614727,34.28612341815605,新城区,108.970365,34.284598
B0FFI7OFWF,陕西省太阳花艺术团(长缨分校),科教文化服务;文艺团体;文艺团体,108.9976258936496,34.2804741160728,新城区,109.002491,34.279038
B0FFH30JUI,中天至美幼儿园,科教文化服务;学校;幼儿园,108.97111608748968,34.2928700793646,新城区,108.975872,34.291362
B0FFLGB5IY,无聊动物·减压展西安站,科教文化服务;展览馆;展览馆,108.9674776182562,34.2861546275146,新城区,108.972219,34.284634
B0J6ZDJDQL,舞品街舞(浐灞店),科教文化服务;培训机构;培训机构,108.99939965666644,34.323318696584685,未央区,109.004276,34.321907
B0FFFPA9B2,陕重幼儿园,科教文化服务;学校;幼儿园,108.98844575318456,34.30990695497632,未央区,108.993274,34.308456
B0J3UUWB4D,上拓驾校培训基地(总校训练场),科教文化服务;科教文化场所;科教文化场所,108.98284887556696,34.30285164758198,未央区,108.987653,34.301381
B0GKN7AQ08,创能驾校训练场,科教文化服务;驾校;驾校,108.97478519742474,34.29793681679237,未央区,108.979556,34.296441
B0KR7RP3FN,万通驾校总校训练基地,科教文化服务;驾校;驾校,109.00633463251133,34.31320334438081,未央区,109.01124,34.311808
B0GD5L5755,新东方素质(太华路四海唐人街店),科教文化服务;培训机构;培训机构,108.96653614002392,34.32300559206035,未央区,108.971277,34.321499
B0FFF0FEVO,西安滨河学校,科教文化服务;学校;学校,109.07383338474338,34.293182106124085,灞桥区,109.078967,34.291932
B0FFFZR5F5,陕西工商管理硕士学院,科教文化服务;学校;高等院校,109.02813899003714,34.31530514622798,未央区,109.033135,34.313974
B001D0656H,西安市第八十三中学(北校区),科教文化服务;学校;中学,109.0653051137196,34.305076799986544,灞桥区,109.070421,34.303821
B0FFLAV8W5,西安高新技师学院,科教文化服务;学校;职业技术学校,109.07850103414331,34.324320391367955,灞桥区,109.083646,34.323089
B0G1KZ11SV,西安八十三中名校虹途校区,科教文化服务;学校;职业技术学校|科教文化服务;学校;中学,109.06554539178738,34.283655777122824,灞桥区,109.07066,34.282391
B0FFHZT5JF,丝路国际文化艺术中心,科教文化服务;会展中心;会展中心,109.03757903652875,34.31757756122699,灞桥区,109.042611,34.316272
B0FFGXM12Y,浐灞第二小学,科教文化服务;学校;小学,109.02757142100288,34.32471131418474,未央区,109.032566,34.323383
B0FFG2M46S,西安市浐灞欧亚中学,科教文化服务;学校;中学,109.02749714517007,34.3196588810182,未央区,109.032491,34.318328
B0LBX7DEH2,西安市公安局交通警察支队车辆管理所东区分所理论考场,科教文化服务;科教文化场所;科教文化场所,109.05973377477616,34.30052763526002,灞桥区,109.064835,34.299261
B001D0VRSR,西安电力高等专科学校(电厂东路分校),科教文化服务;学校;高等院校,109.050585324338,34.29016930203508,灞桥区,109.055659,34.288881
B0FFGFPC11,西安浐灞御锦城小学,科教文化服务;学校;小学,109.04206728795178,34.29188425881232,灞桥区,109.047113,34.290578
B0HDG5PAXJ,西安汉诺威国际学校,科教文化服务;学校;学校,109.03506363792144,34.31351673893979,灞桥区,109.040086,34.312203
B001D0W28B,西安市灞桥区官厅小学,科教文化服务;学校;小学,109.0470093335887,34.2951406941736,灞桥区,109.052072,34.293847
B0FFGPQXI6,西安世博园自然馆,科教文化服务;博物馆;博物馆,109.05716895949692,34.322417149372804,灞桥区,109.062265,34.321156
B0G2K1XIP1,西安市浐灞第七中学,科教文化服务;科教文化场所;科教文化场所,109.03540914912745,34.29256019628345,灞桥区,109.040431,34.291238
B0FFG4PUSY,崔振宽美术馆,科教文化服务;美术馆;美术馆,109.08416417162708,34.28949374872114,灞桥区,109.089315,34.288251
B0MGNUPWDT,大奔高考(滨河校区),科教文化服务;培训机构;培训机构,109.0675180964436,34.29107981486785,灞桥区,109.072638,34.289821
B0FFIC5PW9,建行档案中心,科教文化服务;培训机构;培训机构,109.03928126952984,34.30160563042332,灞桥区,109.044318,34.300297
B0G2GUO7YI,西安市灞桥区东城第六小学,科教文化服务;学校;小学,109.07810424073156,34.28393879050656,灞桥区,109.083245,34.282689
B001D0Z5DQ,新市民小学,科教文化服务;学校;小学,109.02526885777549,34.28610595800712,灞桥区,109.030251,34.284754
B0H3THGN40,西安创艺赢画室(天空之城校区),科教文化服务;培训机构;培训机构,109.07079296666932,34.31239209278089,灞桥区,109.075922,34.311147
B0FFMH7H4L,西安市浐灞第十八小学,科教文化服务;学校;小学,109.0649468316998,34.30683653801713,灞桥区,109.070062,34.305581
B0FFIKI4NA,陕西工商管理硕士学院学术交流中心-会议厅,科教文化服务;会展中心;会展中心|餐饮服务;中餐厅;中餐厅,109.02848064960529,34.31530521968292,未央区,109.033478,34.313975
B0FFGBH40X,西安滨河学校小学部,科教文化服务;学校;小学,109.07388440833272,34.29175266954545,灞桥区,109.079018,34.290502
B0FFJSMIPT,西安市灞桥区热电小学,科教文化服务;学校;职业技术学校|科教文化服务;学校;小学,109.0486880696054,34.2931279707188,灞桥区,109.053756,34.291837
B001D08NLB,席王中心小学,科教文化服务;学校;小学,109.05940760303744,34.28960395563551,灞桥区,109.064507,34.288332
B0FFMH7E43,西安浐灞御锦城小学(第一分校),科教文化服务;学校;小学,109.0408134068996,34.283296886541855,灞桥区,109.045854,34.281984
B0G1B65S91,西安市灞桥区纺织城小学(高科分校),科教文化服务;学校;小学,109.062740294678,34.29578980520494,灞桥区,109.067849,34.294526
B0JAZ55KRY,丝路国际文化艺术中心美术馆,科教文化服务;美术馆;美术馆,109.03747134507825,34.318547378648546,灞桥区,109.042503,34.317242
B0IUSRCGX7,西安市灞桥区纺织城小学高科分校(朝阳校区),科教文化服务;学校;小学,109.06634722838646,34.298049413691814,灞桥区,109.071465,34.296792
B001D0WHGF,纺织城小学灞柳分校,科教文化服务;学校;小学,109.0776745433817,34.31210380056732,灞桥区,109.082817,34.310866
B0LKGN0RP3,陕西华图桃花潭书院基地,科教文化服务;培训机构;培训机构,109.03267957673135,34.30209203025183,灞桥区,109.037692,34.300767
B0FFHG0TAR,国网陕西省电力公司培训中心(灞桥分部),科教文化服务;培训机构;培训机构,109.0507687405208,34.29030886714625,灞桥区,109.055843,34.289021
B0LDFRVSIL,学大教育(滨河校区),科教文化服务;培训机构;培训机构,109.07152613608056,34.29258601235759,灞桥区,109.076655,34.291333
B0G29RQA9R,浐灞第三十三小学,科教文化服务;学校;小学,109.03859810582496,34.29710827636696,灞桥区,109.043632,34.295796
B0JA3CYJNA,北牛寺小学,科教文化服务;学校;小学,109.03927373228775,34.30817970650368,灞桥区,109.044311,34.306874
B0FFIBDE7T,尤加智慧之家,科教文化服务;培训机构;培训机构,109.06028471816091,34.29564785287231,灞桥区,109.065387,34.29438
B0HDPHI7OY,西安浐灞御锦城小学(第二分校),科教文化服务;学校;小学,109.03971872613933,34.28975375186148,灞桥区,109.044756,34.288441
B0FFI652QA,呦鸣金钥匙教育培训中心,科教文化服务;培训机构;培训机构,109.07498282528816,34.29690525058778,灞桥区,109.080119,34.295658
B001D0VSJG,浐灞生态区城建博物馆,科教文化服务;博物馆;博物馆,109.04137126713536,34.32035310945345,灞桥区,109.046417,34.319058
B0LUSU60MJ,郑海广告·图文(桃花潭旗舰店),公司企业;公司;广告装饰|科教文化服务;学校;学校,109.03121830463282,34.30035463610824,灞桥区,109.036225,34.299025
B0H0HHDSOB,陕西禧福祥美术馆,科教文化服务;美术馆;美术馆,109.06855974138588,34.290847509695034,灞桥区,109.073682,34.28959
B0FFM9Y5UC,一城画一(西安华阳城购物中心店),购物服务;服装鞋帽皮具店;服装鞋帽皮具店|科教文化服务;培训机构;培训机构,109.06701310406363,34.28144561949102,灞桥区,109.072131,34.280182
B0MD798G84,西安市第三十四中学11号楼,科教文化服务;学校;学校内部设施,109.06535897870572,34.30513069697018,灞桥区,109.070475,34.303875
B0LG7A0NNK,西安图书馆浐灞半岛分馆,科教文化服务;图书馆;图书馆,109.0343254949615,34.32400375929613,未央区,109.039346,34.322693
B0FFK8SV56,陕西师范大学御锦城小学德泽楼,科教文化服务;学校;学校,109.04087844674024,34.29181908722327,灞桥区,109.04592,34.29051
B0MAHZL3BN,西安鲸红网络传媒有限公司,科教文化服务;传媒机构;传媒机构,109.03302145764664,34.31171381197936,灞桥区,109.038036,34.310394
B0LUYCV0OY,机械师机车工作室,科教文化服务;科研机构;科研机构,109.03693237353484,34.29449552805788,灞桥区,109.04196,34.293178
B0L13R6MJH,灞桥区西安市第八十三中学(北校区)10号楼,科教文化服务;科教文化场所;科教文化场所,109.0638126961646,34.30608258305277,灞桥区,109.068925,34.304825
B0IRVAT6CQ,希亚舞蹈(浐灞半岛店),科教文化服务;培训机构;培训机构,109.03751825867212,34.31756471750702,灞桥区,109.04255,34.316259
B0LR4CQDZQ,学而思学习机(西安U Plaza城开优享店),科教文化服务;培训机构;培训机构,109.03207418250518,34.32194556162024,未央区,109.037086,34.320628
B001D08VW6,陕西工程科技高级技工学校,科教文化服务;学校;职业技术学校,109.06939823780272,34.32113981372151,灞桥区,109.074525,34.319897
B001D0305E,陕西省电子信息学校,科教文化服务;学校;职业技术学校,109.07244870781922,34.321500910128734,灞桥区,109.077582,34.320262
B0FFKJ2OPV,仁和会计培训(西安半坡校区),科教文化服务;培训机构;培训机构,109.05295015038888,34.277607885434,灞桥区,109.05803,34.276319
B0JK6CZQR3,西安小天鹅艺术团(滨河校区),科教文化服务;培训机构;培训机构,109.07160597085394,34.29256192728063,灞桥区,109.076735,34.291309
B0FFL7VWJB,一音琴行,科教文化服务;培训机构;培训机构|购物服务;专卖店;专营店,109.07171395436774,34.29015383883273,灞桥区,109.076843,34.2889
B0HGB7QY0M,小天鹅艺术中心(浐灞校区),科教文化服务;培训机构;培训机构,109.0251940101157,34.32305763814804,未央区,109.030179,34.321722
B0LAXZX14L,缤纷鸟美术书法(浐灞半岛校区),科教文化服务;培训机构;培训机构,109.03434459255875,34.32202963604267,未央区,109.039365,34.320718
B0HUAA0ONI,灞桥区灞立教育培训中心,科教文化服务;培训机构;培训机构,109.06839917603526,34.29001608160127,灞桥区,109.073521,34.288758
B0JBAHDFMM,班马读书·图书借阅·阅读写作(御锦城店),科教文化服务;培训机构;培训机构,109.0396695297476,34.282425992301846,灞桥区,109.044706,34.28111
B0LA27JBAN,SSPACE石域街舞(浐灞半岛店),科教文化服务;培训机构;培训机构,109.03559227156629,34.31823222715123,灞桥区,109.040617,34.316922
B0JBAZDZRU,多乐吉他,科教文化服务;培训机构;培训机构,109.03845955793464,34.28599141994396,灞桥区,109.043492,34.284674
B0L097EE2D,缤纷鸟美术书法(御锦城校区),科教文化服务;培训机构;培训机构,109.03854881636968,34.27922505791602,灞桥区,109.043581,34.277905
B0L6Z5URFS,滨河外研社阅读研究中心,科教文化服务;科教文化场所;科教文化场所,109.07172197991903,34.289667038783755,灞桥区,109.076851,34.288413
B0FFMAJJZP,禾梵文化艺术培训学校(东郊分校),科教文化服务;培训机构;培训机构,109.07169352848229,34.295544525201905,灞桥区,109.076823,34.294293
B0J6GLUWYP,建行研修中心(陕西),科教文化服务;科研机构;科研机构,109.0393370968728,34.30129263405025,灞桥区,109.044374,34.299984
B0KRXCE5YA,"天天晚辅导自习室(奥数,一对一,小班,全日制)",科教文化服务;科教文化场所;科教文化场所,109.07411805640798,34.29051594897154,灞桥区,109.079252,34.289265
B0IAOZZMYS,小战友文化艺术中心(浐灞校区),科教文化服务;培训机构;培训机构,109.040294580591,34.290947854937585,灞桥区,109.045334,34.289637
B0LG0H1RBA,卢轩国球乒乓球训练基地(滨河校区),科教文化服务;科教文化场所;科教文化场所,109.07135954995702,34.29185352971158,灞桥区,109.076488,34.2906
B0FFFEB5LC,西安市灞桥区第二幼儿园,科教文化服务;学校;幼儿园,109.05741679492937,34.29314290724408,灞桥区,109.062511,34.291869
B0K3DSQMI6,西安市安心添好档案管理中心,科教文化服务;档案馆;档案馆,109.03111859584094,34.301429423752545,灞桥区,109.036125,34.3001
B0FFL1AZFB,晓敏舞蹈艺术培训中心,科教文化服务;培训机构;培训机构,109.0690352170901,34.28461455074445,灞桥区,109.074158,34.283355
B0GKBUGHZX,正邦精武国术馆武术散打,科教文化服务;培训机构;培训机构,109.02504563948014,34.287420017581404,灞桥区,109.030027,34.286068
B0LKPH01Z2,MVP篮球训练营(御锦城店),科教文化服务;培训机构;培训机构,109.038144329308,34.27859631186833,灞桥区,109.043175,34.277275
B0HU1HBA51,小天鹅艺术中心(御锦城校区),科教文化服务;培训机构;培训机构,109.04093137560912,34.29048053953034,灞桥区,109.045973,34.289171
B0L3242GVM,弹了个猪(西安浐灞凯德广场店),科教文化服务;培训机构;培训机构|购物服务;专卖店;专营店,109.03874221335818,34.278145036916456,灞桥区,109.043775,34.276825
B001D1466C,品格浐灞半岛幼儿园,科教文化服务;学校;幼儿园,109.03565780364109,34.32086083977276,未央区,109.040683,34.319552
B0FFL7EDCY,春芽艺术培训学校,科教文化服务;科教文化场所;科教文化场所,109.06917676391328,34.29772170659796,灞桥区,109.074301,34.296468
B0FFFGWEIL,唐都医院科技馆,科教文化服务;科技馆;科技馆,109.06001430641376,34.2856656112125,灞桥区,109.065115,34.284393
B0KGJHYCMV,画面美学(纺织城店),科教文化服务;培训机构;培训机构,109.06541093408823,34.28114103418012,灞桥区,109.070525,34.279875
B0FFKPJ0JK,灞桥区丹顶鹤艺术培训学校,科教文化服务;培训机构;培训机构,109.03989834562488,34.28674560844684,灞桥区,109.044936,34.285432
B001D11FM0,金太阳幼儿园(官厅店),科教文化服务;学校;幼儿园,109.06163058668696,34.30234968407689,灞桥区,109.066737,34.301087
B0I1BS00CD,A+壹羽毛球培训中心,科教文化服务;培训机构;培训机构,109.07147351581416,34.30099239173183,灞桥区,109.076603,34.299743
B0KRFHNGVV,图书馆,科教文化服务;图书馆;图书馆,109.05982083369864,34.285583972534994,灞桥区,109.064921,34.284311
B0HU5AN6HM,荣飞体育乒乓球俱乐部(华东校区),科教文化服务;培训机构;培训机构,109.07220895915876,34.30128938906145,灞桥区,109.07734,34.300041
B0LKRR703Q,呈康体育少儿篮球培训中心(纺织城店),科教文化服务;培训机构;培训机构,109.0645130578045,34.28189204690538,灞桥区,109.069625,34.280625
B0I2KZFF3A,西安未央芳草嘉和幼儿园,科教文化服务;学校;幼儿园,109.0287265976134,34.316348074271865,未央区,109.033725,34.315019
B0FFF659NM,西安市灞桥区幼儿园,科教文化服务;学校;幼儿园,109.06168757718304,34.27765622271826,灞桥区,109.066792,34.276383
B0FFKQJBOZ,糖糖艺术培训学校(滨河校区),科教文化服务;培训机构;培训机构,109.06949410247476,34.2972515025699,灞桥区,109.074619,34.295998
B0H1TDI4UQ,明德学院,科教文化服务;培训机构;培训机构,109.02791180413968,34.316230337906,未央区,109.032907,34.314899
B0JDOUHEBF,翔瑞驾校(总校训练基地),科教文化服务;驾校;驾校,109.07120550796373,34.31907751184591,灞桥区,109.076336,34.317836
B0FFLGBC9E,西安高新技师学院教学楼,科教文化服务;学校;学校,109.08013831375057,34.32395316837068,灞桥区,109.085286,34.322723
B0FFHKH03J,吉的堡浅水湾幼儿园,科教文化服务;学校;幼儿园,109.07153249688793,34.29978585470587,灞桥区,109.076662,34.298536
B0H1R59SIR,西安市灞桥区第九幼儿园,科教文化服务;学校;幼儿园,109.0831925345286,34.28994819094182,灞桥区,109.088342,34.288705
B0FFIJOSCE,振业泊墅幼儿园,科教文化服务;学校;幼儿园,109.03288213263752,34.30999295627219,灞桥区,109.037896,34.308672
B0FFKWGM40,圣格瑞思品格御锦城幼儿园,科教文化服务;学校;幼儿园,109.03744819781204,34.28625479750836,灞桥区,109.042477,34.284935
B0H131N6ZX,西安市灞桥区第五幼儿园,科教文化服务;学校;幼儿园,109.0645226875609,34.29742235305148,灞桥区,109.069636,34.296162
B0HGTM9I8A,麦田书画,科教文化服务;培训机构;培训机构,109.0613242667247,34.30373856311626,灞桥区,109.06643,34.302476
B0HGCSIW7M,北京麦迪兔魔法托管校,科教文化服务;培训机构;培训机构,109.04112966949866,34.29059801908332,灞桥区,109.046172,34.289289
B0FFGQ2ETF,灞上人家,科教文化服务;展览馆;展览馆,109.05457271637871,34.31927641196484,灞桥区,109.059661,34.318009
B0KRBZQR0Q,莱檬架子鼓(御锦城店),科教文化服务;培训机构;培训机构,109.03420490085276,34.28949459058649,灞桥区,109.039222,34.288168
B0LRL5NLVR,格雷西·巴哈柔术教室,科教文化服务;培训机构;培训机构,109.03754317097442,34.31753067161369,灞桥区,109.042575,34.316225
B0FFIQIVV1,育龙驾校科目三考场(育龙科目三考场),科教文化服务;科教文化场所;科教文化场所,109.08324250488349,34.289446372953115,灞桥区,109.088392,34.288203
B0LUVADKO6,爱上学高端成长空间滨河店,科教文化服务;科研机构;科研机构,109.0734224080673,34.29080259027775,灞桥区,109.078555,34.289551
B0FFFFX26O,艾毅幼儿园,科教文化服务;学校;幼儿园,109.04106783197882,34.2912318919565,灞桥区,109.04611,34.289923
B0JRACGPDY,静鹿书画(御锦城校区),科教文化服务;培训机构;培训机构,109.03420390467116,34.2894935935718,灞桥区,109.039221,34.288167
B0JUH7TB3B,晨希尚学教育,科教文化服务;培训机构;培训机构,109.07154609925048,34.292528013582015,灞桥区,109.076675,34.291275
B001D11SJG,华清幼儿园,科教文化服务;学校;幼儿园,109.0621271406083,34.30417807069435,灞桥区,109.067235,34.302917
B0IUM78PYM,赏石艺术馆,科教文化服务;科教文化场所;科教文化场所,109.05861831962685,34.317794737126505,灞桥区,109.063718,34.316534
B0LBGDEJYT,朵朵兔快乐艺术,科教文化服务;培训机构;培训机构,109.07444860512877,34.31127339822089,灞桥区,109.079585,34.310032
B0HG251ENC,御锦城馨乐臻幼儿园,科教文化服务;学校;幼儿园,109.03555349475842,34.29395522517215,灞桥区,109.040576,34.292634
B0M6R51F3A,学而思未来魔法校,科教文化服务;培训机构;培训机构,109.04074305527648,34.29027907364178,灞桥区,109.045784,34.288969
B0FFLKC5ST,小百合艺术教育(滨河校区),科教文化服务;培训机构;培训机构,109.06921765307494,34.29795255203338,灞桥区,109.074342,34.296699
B0LU7SZLDX,神墨教育御锦城校区,科教文化服务;培训机构;培训机构,109.04064042040856,34.29023733586284,灞桥区,109.045681,34.288927
B0IAMMGYQV,精灵绘本馆,科教文化服务;培训机构;培训机构,109.07036881952156,34.29005152301468,灞桥区,109.075495,34.288796
B0FFK70FTJ,奥达滨河国际教育社区,科教文化服务;科教文化场所;科教文化场所,109.07480856482265,34.29224846236229,灞桥区,109.079944,34.290999
B0FFKZT7WN,蒙奇奇创想美术馆,科教文化服务;科教文化场所;科教文化场所,109.03996022547722,34.28558495431607,灞桥区,109.044998,34.284271
B0KRFCNI71,道勤武道功夫营(御锦城校区),科教文化服务;培训机构;培训机构,109.03496405033842,34.28966957472576,灞桥区,109.039984,34.288345
B0G3A7I8O9,滨河万象幼儿园,科教文化服务;学校;幼儿园,109.0724184808159,34.290333933785654,灞桥区,109.077549,34.289081
B0H33CUMXQ,西安市浐灞第十二幼儿园,科教文化服务;学校;幼儿园,109.0668529359584,34.32224872012161,灞桥区,109.071974,34.321003
B0FFLFEJXY,西铁浐灞幼儿园,科教文化服务;学校;幼儿园,109.04130838575291,34.29825726122255,灞桥区,109.046352,34.296952
B0FFIDKYSM,西安瑞博·银座,科教文化服务;学校;幼儿园,109.03528977758184,34.29039243567745,灞桥区,109.040311,34.289069
B0J12A72PB,灞桥区第十三幼儿园,科教文化服务;学校;幼儿园,109.07877838046664,34.29192676938495,灞桥区,109.083921,34.290681
B0LKSSHK5H,金穗驾校(半坡训练基地),科教文化服务;驾校;驾校,109.04129411785244,34.27866269576972,灞桥区,109.046336,34.277349
B0GRPRLRZ4,爱咔艺术美学,科教文化服务;培训机构;培训机构,109.03840968772492,34.286574293567455,灞桥区,109.043442,34.285257
B0J0YSSQLN,逆流向上自习室(浐灞半岛店),科教文化服务;科教文化场所;科教文化场所,109.03301380001405,34.319737139165106,未央区,109.038029,34.318421
B0IBBC6V7D,初之光婴幼儿托育中心,科教文化服务;培训机构;培训机构,109.07442558202015,34.30056322918932,灞桥区,109.079561,34.299317
B0JG3D0G2I,灞桥区第十二幼儿园,科教文化服务;学校;幼儿园,109.07885275341135,34.30914608403927,灞桥区,109.083997,34.307908
B0J0TRYTUQ,栗空间LKJ GALLERY,科教文化服务;科教文化场所;科教文化场所,109.03746437174402,34.31853240285658,灞桥区,109.042496,34.317227
B0L1NXXSTI,伊明影视,科教文化服务;传媒机构;传媒机构,109.02942426742749,34.31175429969867,灞桥区,109.034425,34.310425
B0H3ZOH808,青藤共享自习室(暂停营业),科教文化服务;培训机构;培训机构,109.06879636194546,34.277573824329124,灞桥区,109.073918,34.276311
B0FFL7JLRW,小舞花艺术培训学校(浐灞校区),科教文化服务;培训机构;培训机构,109.07002961143344,34.3239127087496,灞桥区,109.075158,34.322672
B0KRDSONT8,大眼艺术空间(滨河校区),科教文化服务;科教文化场所;科教文化场所,109.07131463879996,34.291920554897715,灞桥区,109.076443,34.290667
B0K1BLTNWE,扎西多杰-朱雀美术馆,科教文化服务;美术馆;美术馆,109.074165044407,34.301091275780045,灞桥区,109.0793,34.299845
B0FFL62A9M,乐天童画美学体验连锁,科教文化服务;培训机构;培训机构,109.06055912975084,34.293999114016884,灞桥区,109.065662,34.292731
B0FFHT5HIG,宝瑞兰特幼儿园,科教文化服务;学校;幼儿园,109.0252823851323,34.302767664165025,灞桥区,109.030266,34.301423
B0JR9ZFBN8,陕西国画院美术馆,科教文化服务;美术馆;美术馆,109.03741555751144,34.31843856725119,灞桥区,109.042447,34.317133
B0J3TRII03,逆流向上自习室(御锦城店),科教文化服务;培训机构;培训机构,109.0426514234546,34.290062685359175,灞桥区,109.047699,34.288757
B0I247MWSX,缤纷智绘美学启蒙艺术馆,科教文化服务;培训机构;培训机构,109.04184912674305,34.290945175080694,灞桥区,109.046894,34.289638
B0LD4APPZJ,okai自习室,科教文化服务;科研机构;科研机构,109.07169551720288,34.295626487031,灞桥区,109.076825,34.294375
B0HUZ7JGQ7,聂卫平围棋道场(浐灞半岛校区),科教文化服务;培训机构;培训机构,109.0289581064741,34.32321225705699,未央区,109.033958,34.321887
B001D09PKG,浐灞嘉禾幼儿园,科教文化服务;学校;幼儿园,109.06212231015488,34.3023658860516,灞桥区,109.06723,34.301104
B0FFFE9MJA,启智幼儿园,科教文化服务;学校;幼儿园,109.045132585348,34.283111998813666,灞桥区,109.050188,34.281809
B0FFGXWS1I,西安工务段职工培训基地,科教文化服务;培训机构;培训机构,109.0532002911574,34.30200689799563,灞桥区,109.058283,34.300729
B0FFLP7N8K,滨河状元集幼儿园,科教文化服务;学校;幼儿园,109.07651880500065,34.28706195588514,灞桥区,109.081657,34.285812
B0L3AOYNKF,魔法学堂,科教文化服务;培训机构;培训机构,109.02721897517472,34.32280517261557,未央区,109.032212,34.321475
B0G1CUQ412,西安华夏平安书画院,科教文化服务;培训机构;培训机构,109.02725796622695,34.28591955479502,灞桥区,109.032248,34.284573
B0IRJZMF79,寻·学习屋·共享自习室,科教文化服务;培训机构;培训机构,109.06755552049528,34.285199282540106,灞桥区,109.072675,34.283938
B0LGRRETBG,敲开心架子鼓行,科教文化服务;培训机构;培训机构,109.0408863232893,34.292934585356285,灞桥区,109.045928,34.291626
B0LABH3VPL,伯童托管中心,科教文化服务;培训机构;培训机构,109.07545644440306,34.29093235794101,灞桥区,109.080593,34.289683
B0HABAOKGH,Hello儿童成长中心,科教文化服务;培训机构;培训机构,109.07115219367353,34.289485801619186,灞桥区,109.07628,34.288231
B0FFJNE3N3,北野艺术空间,科教文化服务;科教文化场所;科教文化场所,109.06679854664218,34.28212763209734,灞桥区,109.071916,34.280864
B0FFG0ZLHV,小太阳幼儿园(西安电力工业学校家属院东北),科教文化服务;学校;幼儿园,109.0467223442519,34.29433567014294,灞桥区,109.051784,34.293041
B0FFFFAZMQ,灞桥区半坡幼儿园,科教文化服务;学校;幼儿园,109.04483995886136,34.27855956754205,灞桥区,109.049894,34.277254
B0FFGAOR3K,西安浐灞启航幼儿园,科教文化服务;学校;幼儿园,109.02581752477904,34.28777272575295,灞桥区,109.030802,34.286423
B0KAHCV7XU,中铁大桥局集团有限公司西安东站XDZQ-1标段项目经理部中心试验室,科教文化服务;科研机构;科研机构,109.08417149100096,34.32010404492844,灞桥区,109.089325,34.318875
B0GR2UAWV6,兴闫幼儿园,科教文化服务;学校;幼儿园,109.03723326627198,34.294593736963634,灞桥区,109.042262,34.293277
B0FFMA99FX,圣悦瑜伽(浐灞品牌店),体育休闲服务;运动场馆;健身中心|科教文化服务;培训机构;培训机构,109.0294252551774,34.32355983653248,未央区,109.034427,34.322236
B0GKLCKD93,西安艺琳古筝工作室,科教文化服务;培训机构;培训机构,109.07503928110656,34.290425008145164,灞桥区,109.080175,34.289175
B0L127UBN7,萌萌虎弹珠堂(凯德广场御锦城店),科教文化服务;培训机构;培训机构,109.03839349839872,34.277796034637,灞桥区,109.043425,34.276475
B0FFKCWJH4,东城新一家幼儿园,科教文化服务;学校;幼儿园,109.0695651352801,34.28355831217378,灞桥区,109.074689,34.282299
B0KB1U9ILH,西安新榜样职业技能培训学校东郊校区,科教文化服务;科教文化场所;科教文化场所,109.06963165428452,34.32193314301094,灞桥区,109.074759,34.320691
B0FFFGWFHZ,唐都医院幼儿园,科教文化服务;学校;幼儿园,109.05707628440008,34.287012157824535,灞桥区,109.062169,34.285735
B0FFF656K5,思博幼儿园(长十路),科教文化服务;学校;幼儿园,109.02509458941134,34.285704613160725,灞桥区,109.030076,34.284352
B0KDCDPSGS,西安笔墨丹青书画工作室,科教文化服务;培训机构;培训机构,109.03388809582856,34.28942243601686,灞桥区,109.038904,34.288095
B0HR0ZTASS,启乐琴行(灞瑞一路店),科教文化服务;培训机构;培训机构,109.06198125462416,34.29567406138913,灞桥区,109.067088,34.294409
B0JG6RMWBX,NS DANCE舞室(华阳金街店),科教文化服务;培训机构;培训机构,109.06679555045694,34.28216462070368,灞桥区,109.071913,34.280901
B0H2G7V91R,西安小天鹅艺术团(浐灞半岛分部),科教文化服务;科教文化场所;科教文化场所,109.03699098036502,34.319911937568385,灞桥区,109.042021,34.318606
B0I3SAWH1X,美立德儿童之家(御锦城9期店),科教文化服务;培训机构;培训机构,109.0410559310568,34.29056420822115,灞桥区,109.046098,34.289255
B0LD9HXZXX,莱檬架子鼓(华阳城店),科教文化服务;培训机构;培训机构,109.06689531261632,34.282213460415456,灞桥区,109.072013,34.28095
B0K64SIECW,新奥舞蹈俱乐部,科教文化服务;培训机构;培训机构,109.0398558167587,34.28301429529127,灞桥区,109.044893,34.281699
B0FFKQ5XTT,澳洲袋鼠国际早教(浐灞凯德御锦城中心店),科教文化服务;培训机构;培训机构|购物服务;购物相关场所;购物相关场所,109.03774574641749,34.2789031650037,灞桥区,109.042775,34.277581
B0GDS1QO6B,汉德姆(浐灞)幼儿园,科教文化服务;学校;幼儿园,109.07049162847574,34.27768960612764,灞桥区,109.075617,34.276429
B0LUSD3ZLW,树人托管全国连锁,科教文化服务;科研机构;科研机构,109.07074484442528,34.29197422672504,灞桥区,109.075872,34.29072
B0HUBMCJ6N,赵贺新少儿硬笔书法,科教文化服务;培训机构;培训机构,109.06647316235198,34.29537940478168,灞桥区,109.071591,34.294121
B0L1JR8XJX,三余书法,科教文化服务;培训机构;培训机构,109.0263263970857,34.32417098206826,未央区,109.031316,34.322839
B0KDVZS38U,志笔练字,科教文化服务;培训机构;培训机构,109.07537060741062,34.29092444949263,灞桥区,109.080507,34.289675
B0FFFZY57W,启蒙幼儿园(席王路),科教文化服务;学校;幼儿园,109.06555105092936,34.28742916357832,灞桥区,109.070666,34.286166
B0H6X6T96B,叮果猫美术空间,科教文化服务;培训机构;培训机构,109.04071717146616,34.28998726086045,灞桥区,109.045758,34.288677
B0HUA9HD6I,瑞诺恩文化艺术教育,科教文化服务;培训机构;培训机构,109.05857449049309,34.29411344230532,灞桥区,109.063672,34.292842
B0L3S73OHD,西安优仕领学教育科技有限公司,科教文化服务;培训机构;培训机构,109.02861426843432,34.31363962216217,未央区,109.033612,34.312309
B0FFJITYCY,纯声少儿钢琴(浐灞分店),科教文化服务;培训机构;培训机构,109.03382595215425,34.31720321240108,未央区,109.038844,34.315888
B0K6BCH6WI,赶考小状元AI智能自习室,科教文化服务;培训机构;培训机构,109.040190305132,34.28680488257379,灞桥区,109.045229,34.285492
B0JR4CAEQG,西安霍纳手风琴艺术中心,科教文化服务;培训机构;培训机构,109.05130013504603,34.27821691520627,灞桥区,109.056375,34.276925
B0JU3A3NLC,阿Q吉他,科教文化服务;培训机构;培训机构,109.02672397065903,34.32238672559628,未央区,109.031715,34.321055
B0KUNYMAUR,兆轩艺术中心,科教文化服务;培训机构;培训机构,109.05861236718816,34.294333280671154,灞桥区,109.06371,34.293062
B0FFLBXRPB,臭皮匠儿童成长中心,科教文化服务;培训机构;培训机构,109.06053215903408,34.29448894564363,灞桥区,109.065635,34.293221
B0FFKQO0TU,洪恩儿童美语(浐灞御锦城凯德店),科教文化服务;培训机构;培训机构,109.03784936484487,34.27897088113316,灞桥区,109.042879,34.277649
B0L017H7IF,学比邻英语(滨河校区),科教文化服务;培训机构;培训机构,109.07612606138449,34.292430034049346,灞桥区,109.081264,34.291182
B0JAUCR9L8,静鹿书画浐灞半岛校区(书法培训班),科教文化服务;培训机构;培训机构,109.02592697329231,34.324333007991896,未央区,109.030915,34.323
B0L0741Q4F,迪迪玛特弹珠堂(御锦城店),科教文化服务;培训机构;培训机构,109.03809446247404,34.27914620455676,灞桥区,109.043125,34.277825
B0MBAXAUZH,盒子探长·儿童益智探索馆(西安华阳城店),科教文化服务;培训机构;培训机构|体育休闲服务;休闲场所;休闲场所,109.06675774973594,34.28088921060854,灞桥区,109.071875,34.279625
B0G1DHHSS9,吉的堡普华浅水湾园,科教文化服务;学校;幼儿园,109.07303950267044,34.29855464213479,灞桥区,109.078172,34.297306
B0FFIATQXM,爱德幼儿园,科教文化服务;学校;幼儿园,109.0557762389632,34.28421472270258,灞桥区,109.060865,34.282934
B0G3LAGBYX,博途书院,科教文化服务;培训机构;培训机构,109.07173133806252,34.28532088620192,灞桥区,109.07686,34.284065
B0KRR9Y623,天鹅国际少儿艺术中心,科教文化服务;培训机构;培训机构,109.03133648637156,34.31632011434949,未央区,109.036345,34.314998
B0FFL6VOQY,凡恩机器人联盟(浐灞活动中心),科教文化服务;培训机构;培训机构,109.03022215952682,34.32358769029571,未央区,109.035227,34.322266
B0L2L5OEAR,艺启舞蹈工作室,科教文化服务;培训机构;培训机构,109.02799942823792,34.316596930571805,未央区,109.032995,34.315266
B001D08O1A,庆华中学,科教文化服务;学校;中学,109.11142144036351,34.30091492053941,灞桥区,109.116592,34.299678
B0HD9U0IPW,航天四院,科教文化服务;科教文化场所;科教文化场所,109.1145295435384,34.302894937884915,灞桥区,109.1197,34.301657
B001D08NUW,西安市庆华中学十九中学校区,科教文化服务;学校;中学,109.11161760006416,34.310562701124056,灞桥区,109.116789,34.30933
B0G0JHGPN0,西安市东城第二学校,科教文化服务;学校;中学,109.08825444104625,34.28250750690057,灞桥区,109.09341,34.281264
B0J24SUFMY,西安滨河学校西安市灞桥初级中学,科教文化服务;学校;中学,109.08784544678824,34.299553336586435,灞桥区,109.093002,34.298317
B0G1B7A39D,西安新纪元烹饪技工学校,科教文化服务;学校;职业技术学校,109.12526308442264,34.32337090951502,灞桥区,109.130431,34.322133
B001D0901V,西安宇航中学,科教文化服务;学校;中学,109.11824206278196,34.30749962899583,灞桥区,109.123412,34.306261
B001D14R7X,灞桥区豁口小学,科教文化服务;学校;小学,109.09568747997908,34.3235051349134,灞桥区,109.100854,34.322282
B0JRY5C4BX,西安滨河学校灞桥小学,科教文化服务;学校;小学,109.08547027658432,34.30199949319413,灞桥区,109.090624,34.300763
B001D08NSO,西安市灞桥区宇航小学,科教文化服务;学校;小学,109.11484941226996,34.30501720688141,灞桥区,109.12002,34.30378
B0FFFFX1RJ,西安航天复合材料研究所(科研二区),科教文化服务;科研机构;科研机构,109.11684220020616,34.30110638672594,灞桥区,109.122012,34.299866
B001D14VXD,庆华小学,科教文化服务;学校;小学,109.10892591787912,34.296776499496254,灞桥区,109.114096,34.295539
B0LBLCNM7P,西安艺考画室(滨河校区),科教文化服务;培训机构;培训机构,109.10420700687294,34.28506589915423,灞桥区,109.109375,34.283825
B001D0Z6SG,西安市灞桥区赵庄小学,科教文化服务;学校;小学,109.10931115619287,34.3164808152454,灞桥区,109.114483,34.315252
B0J3LZ5707,陕西元丰新材料科技有限公司(研发基地),公司企业;公司;公司|科教文化服务;科研机构;科研机构,109.12207103416809,34.28035781056098,灞桥区,109.127237,34.279104
B0FFHDP0T6,西安市灞桥区惠王中心小学,科教文化服务;学校;小学,109.10734984074504,34.28886627489614,灞桥区,109.112519,34.287626
B001D08VTW,庆华文化宫,科教文化服务;文化宫;文化宫,109.1132790264606,34.295470403313466,灞桥区,109.118449,34.29423
B001D08VXD,岳家沟小学,科教文化服务;学校;小学,109.13694824601332,34.29850371800952,灞桥区,109.142104,34.29724
B0K1V7S681,鑫斯达学校(滨河校区),科教文化服务;科教文化场所;科教文化场所,109.11055108888355,34.28212657927059,灞桥区,109.11572,34.280882
B0FFGJ7SJI,陕西电器研究所,科教文化服务;科研机构;科研机构,109.12148175392151,34.30315339701299,灞桥区,109.12665,34.30191
B0JR45BLIM,艺海教育(安旗艺升校区),科教文化服务;培训机构;培训机构,109.11022510490052,34.282076435000214,灞桥区,109.115394,34.280832
B0FFKGA2ID,卉舞,科教文化服务;培训机构;培训机构,109.11229123260269,34.31507102542752,灞桥区,109.117463,34.31384
B0FFIQCTYB,西安航天复合材料研究所(科研一区),科教文化服务;科研机构;科研机构,109.1131474986785,34.30135373252597,灞桥区,109.118318,34.300116
B0FFL6DHW0,突破力教育,科教文化服务;培训机构;培训机构,109.11238124023085,34.31504409047639,灞桥区,109.117553,34.313813
B0I09SHZ39,航天科苑,餐饮服务;中餐厅;中餐厅|住宿服务;旅馆招待所;旅馆招待所|科教文化服务;科教文化场所;科教文化场所,109.11405430389732,34.30481176772249,灞桥区,109.119225,34.303575
B0FFHCILUA,四十一所,科教文化服务;科研机构;科研机构,109.1129131761382,34.30479505593166,灞桥区,109.118084,34.303559
B0LGAUB468,庆华小学洪庆分校,科教文化服务;学校;小学,109.11315318652316,34.31635595153096,灞桥区,109.118325,34.315125
B0GDTAWZUY,陕西新纪元烹饪学校,科教文化服务;科教文化场所;科教文化场所,109.12532413331506,34.323255028613936,灞桥区,109.130492,34.322017
B0FFGH4AXS,庆华驾校豁口园林训练场(总校直招),科教文化服务;驾校;驾校,109.08912029558029,34.31838425771047,灞桥区,109.09428,34.317157
B0FFJORGP9,领军教育洪庆人人乐校区,科教文化服务;培训机构;培训机构,109.11247722702818,34.315264045903724,灞桥区,109.117649,34.314033
B0FFGHBH2C,四十三所复合材料研究所,科教文化服务;科研机构;科研机构,109.11565485930495,34.301714242278955,灞桥区,109.120825,34.300475
B0FFILE1FN,缇缇舞蹈艺术教育,科教文化服务;培训机构;培训机构,109.11213201476852,34.30603703638779,灞桥区,109.117303,34.304802
B0LK49Y3IB,中国航天四院科研区,科教文化服务;科研机构;科研机构,109.12650976832109,34.30207398403402,灞桥区,109.131675,34.300825
B0L1F7ZKYF,西安路家湾无花果生态种植研发中心,科教文化服务;科研机构;科研机构,109.110054479879,34.30075527843391,灞桥区,109.115225,34.299519
B0LDJ5W1UQ,领航集团无人机培训基地,科教文化服务;培训机构;培训机构,109.08511222740378,34.31958371039762,灞桥区,109.090267,34.318355
B0GROC504T,灞桥区第八幼儿园,科教文化服务;学校;幼儿园,109.0881556353631,34.30455597086728,灞桥区,109.093313,34.303322
B0FFLDB4IH,佰鸿再生医学研究院,科教文化服务;科研机构;科研机构,109.1104422090882,34.280789086487296,灞桥区,109.115611,34.279544
B0FFFFX247,宇航幼儿园(宇航西路),科教文化服务;学校;幼儿园,109.11374920202483,34.30551225667604,灞桥区,109.11892,34.304276
B0FFILE3EM,灞桥区洪庆街道小天使幼儿园,科教文化服务;学校;幼儿园,109.10159833575815,34.29361571302514,灞桥区,109.106766,34.292379
B0FFFFX2AL,小脚丫幼儿园(洪庆农业技术推广综合服务站西北),科教文化服务;学校;幼儿园,109.1111152133276,34.2920516354866,灞桥区,109.116285,34.290811
B0L1DUUOXP,精准学·数跃AI智能成长中心(田洪正街店),科教文化服务;培训机构;培训机构,109.111884996181,34.31755564629729,灞桥区,109.117057,34.316326
B0FFGAVQ05,灞桥区洪庆街道中心幼儿园,科教文化服务;学校;幼儿园,109.11159205949576,34.30530505885012,灞桥区,109.116763,34.30407
B0L2K7GNCK,陕西青春驿站总校训练场,科教文化服务;驾校;驾校,109.11213093000856,34.284135591931154,灞桥区,109.1173,34.282891
B0HGSX5JLY,西安庆华幼儿园(田王园),科教文化服务;学校;幼儿园,109.11331393009807,34.29661392490459,灞桥区,109.118484,34.295374
B0MDYCUYTB,得道AI智慧驾校(香王训练场),科教文化服务;驾校;驾校,109.09397980751169,34.27891617459635,灞桥区,109.099141,34.277673
B001D0Z1ZB,西安市工业技工学校东校区,科教文化服务;学校;职业技术学校,109.08509225059731,34.3196307003818,灞桥区,109.090247,34.318402
B0FFFFX1UL,蓓蕾幼儿园,科教文化服务;学校;幼儿园,109.130802404616,34.309564639659555,灞桥区,109.135965,34.308314
B0FFJAALPR,天天幼儿园,科教文化服务;学校;幼儿园,109.11615073384247,34.31586020495991,灞桥区,109.121322,34.314627
B0FFL36NRL,蓓蕾幼稚园,科教文化服务;科教文化场所;科教文化场所,109.11214958577172,34.288083920298284,灞桥区,109.117319,34.286841
B0KB996UR9,庆华长安家园幼儿园,科教文化服务;学校;幼儿园,109.1108222944668,34.2797087363451,灞桥区,109.115991,34.278463
B0FFG1B967,七彩梦幼儿园,科教文化服务;学校;幼儿园,109.1147117342512,34.31249173389913,灞桥区,109.119883,34.311258
B0M6TR6C1S,学而思未来魔法校,科教文化服务;培训机构;培训机构,109.09156572321604,34.2832169635088,灞桥区,109.096725,34.281975
B0FFFFX1RE,金苗幼儿园,科教文化服务;学校;幼儿园,109.11345278954776,34.298393230671934,灞桥区,109.118623,34.297154
B0FFFFX1NS,领航教育,科教文化服务;培训机构;培训机构,109.1110530085942,34.3172543273954,灞桥区,109.116225,34.316025
B0LUJZ95X3,星梦缘托管,科教文化服务;培训机构;培训机构|生活服务;生活服务场所;生活服务场所,109.09258870025724,34.28337361244371,灞桥区,109.097749,34.282132
B0H0B94XQU,艺海美术培训,科教文化服务;培训机构;培训机构,109.11281072094918,34.29846880154471,灞桥区,109.117981,34.29723
B0HG0AX29I,金苗幼儿园,科教文化服务;学校;幼儿园,109.10705872741843,34.29080633024475,灞桥区,109.112228,34.289567
B0G2ZRGNH0,博艺幼儿园,科教文化服务;学校;幼儿园,109.1085451035142,34.31802375894012,灞桥区,109.113717,34.316796
B0KKZ9OAUD,树人托管(东城第二学校1945校区),科教文化服务;培训机构;培训机构,109.09159977637655,34.28221237748965,灞桥区,109.096759,34.28097
B0FFL36P2Y,吉的堡成长中心(洪庆校区),科教文化服务;培训机构;培训机构,109.11232220506382,34.31540588957159,灞桥区,109.117494,34.314175
B0LBTL2HBE,人人练字田洪校区,科教文化服务;培训机构;培训机构,109.1123541471901,34.30466078229436,灞桥区,109.117525,34.303425
B0MDG1STE3,西安小天鹅艺术团(洪庆分部),科教文化服务;文艺团体;文艺团体,109.11283131222976,34.29172675556634,灞桥区,109.118001,34.290485
B0JALZ5IOK,童创佳画美术工场,科教文化服务;培训机构;培训机构,109.11218001410111,34.306072048416176,灞桥区,109.117351,34.304837
B0LAHD9TR5,豫然传媒,科教文化服务;传媒机构;传媒机构,109.11138876321807,34.29721853218982,灞桥区,109.116559,34.29598
B0FFL8VRYL,格格艺术琴行,购物服务;专卖店;专营店|科教文化服务;培训机构;培训机构,109.11232517557154,34.30431691908563,灞桥区,109.117496,34.303081
B0H1X7611J,九拍架子鼓体验中心,科教文化服务;培训机构;培训机构,109.11238956133111,34.299950897056654,灞桥区,109.11756,34.298713
B0J29769SF,全地形越野摩托车培训基地,科教文化服务;培训机构;培训机构,109.08602165341726,34.28926674567554,灞桥区,109.091175,34.288025
B0LKPBYS6H,西安市工业技工学校东区3号楼,科教文化服务;培训机构;培训机构,109.08561951800468,34.31985329068987,灞桥区,109.090775,34.318625
B0LA3HFGI2,西安彦合传媒文化有限公司,科教文化服务;传媒机构;传媒机构,109.11391177902868,34.299157187013044,灞桥区,109.119082,34.297918
B0K10CV5NN,优学托管,科教文化服务;培训机构;培训机构,109.10856567451629,34.28860288442762,灞桥区,109.113735,34.287362
B0LBO62WER,洪庆中考体育训练营,科教文化服务;培训机构;培训机构,109.11321799147264,34.295799221736864,灞桥区,109.118388,34.294559
B0FFG0BG3I,梦想美术,科教文化服务;培训机构;培训机构,109.11212905196578,34.3056102261778,灞桥区,109.1173,34.304375
B0G0VUL6BK,趣学教育(洪庆校区),科教文化服务;培训机构;培训机构,109.11233003480008,34.30592919984894,灞桥区,109.117501,34.304694
B0M6O7MZJ6,西安宇华悦读馆,科教文化服务;培训机构;培训机构,109.11226366957732,34.31006029712039,灞桥区,109.117435,34.308827
B0HR0GSQ6A,西安泵阀-西安交通大学技术研究院,科教文化服务;科教文化场所;科教文化场所,109.11415561512878,34.27854419374605,灞桥区,109.119324,34.277296
B0MU2RF91H,豫然传媒,科教文化服务;传媒机构;传媒机构,109.11230360201434,34.31085795819201,灞桥区,109.117475,34.309625
B0LDT754IL,兴羽艺术中心,科教文化服务;培训机构;培训机构,109.11230404720808,34.30577025597987,灞桥区,109.117475,34.304535
B0J3YZAZGE,六品书院(西安分院),科教文化服务;培训机构;培训机构,109.11287426904453,34.29226155014291,灞桥区,109.118044,34.29102
B0L3SL3F2L,未来星,科教文化服务;培训机构;培训机构,109.1076521823621,34.29577939837153,灞桥区,109.112822,34.294542
B0M6O7MKF6,庆华智能学业规划中心,科教文化服务;培训机构;培训机构,109.11230636659803,34.3021208867568,灞桥区,109.117477,34.300884
B0K10UUXOA,小火苗托管中心,科教文化服务;培训机构;培训机构,109.12368426966064,34.321834999139824,灞桥区,109.128853,34.320598
B0MASUFZNL,田洪街道文化宫,科教文化服务;文化宫;文化宫,109.1127549485941,34.29581493202014,灞桥区,109.117925,34.294575
B0L01OHAOG,龙之舞,科教文化服务;培训机构;培训机构,109.11347188837964,34.29728772850087,灞桥区,109.118642,34.296048
B0L3ASSO0Q,数字土木研究院,科教文化服务;科研机构;科研机构,109.08895333766964,34.28574183249175,灞桥区,109.09411,34.2845
B0LKAH97YK,西苑家属院幼儿园,科教文化服务;学校;幼儿园,109.12050511536984,34.31681131218736,灞桥区,109.125675,34.315575
B0GUCR8ZFC,西易部驾校田洪正街分校报名处,生活服务;生活服务场所;生活服务场所|科教文化服务;科教文化场所;科教文化场所,109.11472070217069,34.290011708000115,灞桥区,109.11989,34.288768
B0M6UHP23M,阳光语言艺术,科教文化服务;培训机构;培训机构,109.09444630285688,34.280040618377605,灞桥区,109.099608,34.278798
B0MD17UBZW,西安兔兔驾考有限公司,科教文化服务;驾校;驾校,109.11541182838728,34.2900511690576,灞桥区,109.120581,34.288807
B001D08MQ9,长安大学(渭水校区),科教文化服务;学校;高等院校,108.89781764240551,34.37186514503391,未央区,108.902411,34.370293
B001D093A8,西安交通大学城市学院,科教文化服务;学校;高等院校,108.85492125109452,34.37211170029241,未央区,108.859539,34.370581
B0FFJVCRFX,西安新东方烹饪技工学校,科教文化服务;学校;职业技术学校,108.84809137624204,34.360792240141755,未央区,108.852718,34.359267
B0K1RZ1Q3C,西安市机动车驾驶人北区分所科目一考场,科教文化服务;科教文化场所;科教文化场所,108.85026692277565,34.36926154503145,未央区,108.854891,34.367737
B0H1F5FJXC,汉都新苑中学,科教文化服务;学校;中学,108.88512292444216,34.357109362916816,未央区,108.889714,34.355535
B001D0W4HW,楼阁台小学,科教文化服务;学校;小学,108.90057543202124,34.345577912154994,未央区,108.905168,34.343992
B0FFLFAZYF,西安市汉都第一学校,科教文化服务;学校;中学,108.87045901906076,34.34259571455054,未央区,108.875057,34.341028
B001D0VPON,六村堡小学,科教文化服务;学校;小学,108.85166560995272,34.3363025392078,未央区,108.856285,34.334759
B0FFGVTYJO,宝马西安培训中心,科教文化服务;培训机构;培训机构,108.84738666192298,34.36879186047874,未央区,108.852015,34.367272
B0G1SK7REQ,西安市经开第四学校,科教文化服务;学校;中学,108.85770196283582,34.371451416611634,未央区,108.862316,34.369916
B0KGHRWGO3,陕西省特种设备检验检测研究院,科教文化服务;科研机构;科研机构,108.84768806400994,34.36947802202953,未央区,108.852316,34.367958
B001D08MY2,建丰小学,科教文化服务;学校;小学,108.8871157315166,34.351491498106974,未央区,108.891706,34.349913
B0LRTCAK6C,小狼中考(锦城三路校区),科教文化服务;培训机构;培训机构,108.84979903435178,34.37175543804592,未央区,108.854424,34.370233
B0H10AUBO2,未央区特殊教育学校,科教文化服务;学校;学校,108.87965607746573,34.343752766448425,未央区,108.884248,34.342176
B001D0WSOA,西安交通大学城市学院行政楼,科教文化服务;学校;学校,108.85438681472888,34.36852173452228,未央区,108.859005,34.36699
B001D08YSD,长安大学渭水校区逸夫图书馆,科教文化服务;图书馆;图书馆,108.89985965665596,34.372378121403834,未央区,108.904454,34.370806
B0MAUSQZJD,西安顶峰国际教育中心,科教文化服务;科教文化场所;科教文化场所,108.84846159580046,34.364960719242504,未央区,108.853088,34.363437
B0KRA7DDIV,丁准高考(锦城校区),科教文化服务;培训机构;培训机构,108.84980003647424,34.3717474439741,未央区,108.854425,34.370225
B0FFL7JWT0,汉都新苑第一小学,科教文化服务;学校;小学,108.90138868121042,34.361504874421804,未央区,108.905983,34.359927
B0FFHZYJQF,汉林书画院,科教文化服务;培训机构;培训机构,108.89272461935806,34.32754397754791,未央区,108.897313,34.325951
B0H395SUAB,汉都新苑第二小学,科教文化服务;学校;小学,108.8840116558946,34.35697364802414,未央区,108.888603,34.3554
B0JURC9DSO,长安大学渭水校区公路学院,科教文化服务;学校;高等院校,108.88932251994822,34.36865391462059,未央区,108.893914,34.367083
B0HAK6E32V,陕西新东方烹饪学校报名咨询中心,科教文化服务;科教文化场所;科教文化场所,108.84942337055138,34.360739549595806,未央区,108.854048,34.359212
B0FFF2SK5F,长安大学渭水校区1号后勤服务楼,科教文化服务;学校;学校,108.8942238085254,34.371462488786,未央区,108.898816,34.369891
B0I29MIQMK,长安大学渭水校区汽车学院,科教文化服务;科教文化场所;科教文化场所,108.89837627883692,34.3734413951205,未央区,108.90297,34.37187
B0JURCB5TW,长安大学渭水校区信息工程学院,科教文化服务;学校;高等院校,108.89681593153372,34.37303433838408,未央区,108.901409,34.371463
B0LAL7IJQO,乐学嗨玩,科教文化服务;培训机构;培训机构,108.8892236418754,34.35468607414639,未央区,108.893814,34.353108
B0LRRZKFJR,西安智能工业技工学校,科教文化服务;学校;职业技术学校,108.85594862734882,34.359725793256885,未央区,108.860564,34.358187
B0JB3HF5QF,长安大学渭水校区材料建工实验大楼,科教文化服务;学校;学校,108.88797160638892,34.36663723328725,未央区,108.892563,34.365066
B0LU19DZQM,九识无人车陕西运营中心,科教文化服务;科研机构;科研机构|购物服务;服装鞋帽皮具店;服装鞋帽皮具店,108.85028897522976,34.36901171357446,未央区,108.854913,34.367487
B001D0WSOT,中国地图出版社(西安办事处),科教文化服务;传媒机构;出版社,108.87780985070997,34.37201260990544,未央区,108.882405,34.370452
B0GU1AXZCQ,西安天若科目二考场,科教文化服务;科教文化场所;科教文化场所,108.85767696898884,34.35859506908049,未央区,108.86229,34.357053
B0MGLCO1B5,秦英汉城足球运动公园,科教文化服务;培训机构;培训机构,108.90377418335872,34.335680687538904,未央区,108.908368,34.33409
B0LKCR1WUD,雨泉博雅教育特训基地,科教文化服务;培训机构;培训机构,108.89766128229267,34.32743039763319,未央区,108.902251,34.325836
B0IK4COT1M,西安嘉琦文化传媒,科教文化服务;传媒机构;传媒机构,108.86943369511624,34.34792083111627,未央区,108.874033,34.346357
B0I10A3SX4,陕西华汇教育,科教文化服务;培训机构;培训机构,108.8954756522571,34.34459760136684,未央区,108.900066,34.343012
B0H377BJVG,力天酒业研究院,科教文化服务;科教文化场所;科教文化场所,108.8470653513795,34.36657746212447,未央区,108.851694,34.365057
B0G3OCB5DP,西安鹏翔驾校(总部),科教文化服务;驾校;驾校,108.90405451301756,34.3290328509986,未央区,108.908648,34.327439
B0FFFDBOZK,长安大学渭水校区校史馆,科教文化服务;学校;高等院校,108.9014068757313,34.37136672413187,未央区,108.906002,34.369794
B0MGFR522S,陕西省特种设备检验检测研究院实验大楼,科教文化服务;科教文化场所;科教文化场所,108.84754683631732,34.36964468982054,未央区,108.852175,34.368125
B0HG5C9UAS,西安商贸科技技术学校(未央校区),科教文化服务;学校;职业技术学校,108.87015105528285,34.32643514508556,未央区,108.874748,34.32486
B001D09OH4,人民日报社西安印务中心,科教文化服务;传媒机构;报社,108.87628890408254,34.372663774222914,未央区,108.880885,34.371105
B0HBRL5S5U,西安工业经济综合职业高中,科教文化服务;学校;学校,108.84915887014888,34.36207640901894,未央区,108.853784,34.36055
B0KUZCIGWM,纳维音艺术学校(汉都新苑校区),科教文化服务;科教文化场所;科教文化场所,108.9023660375847,34.36192864521727,未央区,108.906961,34.360351
B0I6T7RV5G,西安凯普医学检验实验室,科教文化服务;科研机构;科研机构,108.8466954926752,34.37019292079379,未央区,108.851325,34.368675
B001D08R3C,长安大学渭水校区会议中心,科教文化服务;会展中心;会展中心,108.90184971191894,34.3700454214392,未央区,108.906445,34.368472
B0FFGFQTWO,西安市未央区小天鹅幼儿园,科教文化服务;学校;幼儿园,108.84917922018136,34.33337276360513,未央区,108.853802,34.331832
B0FFFX7VKL,瀚博致远幼儿园,科教文化服务;学校;幼儿园,108.90258289583868,34.33708708621041,未央区,108.907176,34.335497
B0FFG62ME9,西安市未央区国培幼儿园,科教文化服务;学校;幼儿园|科教文化服务;培训机构;培训机构,108.8756222570778,34.32576258573707,未央区,108.880215,34.324181
B0HRHS23Z9,鹏翼驾校(总校),科教文化服务;驾校;驾校,108.85199574648296,34.32806004235066,未央区,108.856614,34.326512
B0FFH5EBSF,未央区润禾幼儿园,科教文化服务;学校;幼儿园,108.89873033588974,34.34593057790472,未央区,108.903322,34.344345
B0FFGDH8B8,西安领航艺术中心,科教文化服务;培训机构;培训机构,108.8999381243848,34.353651826958846,未央区,108.904531,34.35207
B0GRUOA32T,古渡村西安市腾运驾校,科教文化服务;科教文化场所;科教文化场所,108.86968999976378,34.33454371144996,未央区,108.874288,34.332973
B001D13HDK,西安市金蓓蕾幼儿园,科教文化服务;学校;幼儿园|生活服务;生活服务场所;生活服务场所,108.8807636883242,34.342360414586366,未央区,108.885355,34.340782
B0HA75XM4G,西安少东文化传媒有限公司,科教文化服务;传媒机构;传媒机构,108.90231558004722,34.34318211187506,未央区,108.906909,34.341595
B0FFHV4DCC,西安三维驾校总校,科教文化服务;驾校;驾校,108.891570238643,34.33396344179214,未央区,108.896159,34.332374
B0LKXSLVFR,西安鹏翔飞行学院,科教文化服务;科教文化场所;科教文化场所,108.90391062748031,34.32892691627754,未央区,108.908504,34.327333
B0JRSRNYCX,长安大学电子与控制工程学院,科教文化服务;学校;高等院校,108.89644306997036,34.372921317752905,未央区,108.901036,34.37135
B0K6NU6W9I,馨睿自习室,科教文化服务;培训机构;培训机构,108.89047728887287,34.37144701557056,未央区,108.895069,34.369877
B0KBRMNJ9M,锦志程驾校(总校),科教文化服务;驾校;驾校,108.85436544857455,34.335543329222126,未央区,108.858981,34.333995
B0LKLR9I81,陕西德光创星文化传媒有限公司,科教文化服务;传媒机构;传媒机构,108.8962856359774,34.32926824700974,未央区,108.900875,34.327675
B0G0N7XYOG,西安市未央区汉都新苑第一幼儿园,科教文化服务;学校;幼儿园,108.90302664804354,34.36129094362107,未央区,108.907622,34.359713
B0MDKZCCFN,西安交通大学城市学院1号楼,科教文化服务;学校;学校,108.85380583638332,34.37075462007216,未央区,108.858425,34.369225
B0MUPXGXYX,西安工业经济双语高中,科教文化服务;学校;中学,108.84659593030707,34.36289655815433,未央区,108.851225,34.361375
B0FFH5OEHZ,六村堡武术培训中心,科教文化服务;培训机构;培训机构,108.85937778887713,34.33767910101125,未央区,108.863987,34.336124
B0GK4ZNHGX,西安众益驾校总校,科教文化服务;驾校;驾校,108.89750283806148,34.34616327502587,未央区,108.902094,34.344578
B0FFH9A3YS,西安现代启悦文化传媒有限公司,科教文化服务;传媒机构;传媒机构,108.89032482469575,34.35242676905011,未央区,108.894915,34.350847
B001D0VYLM,未央区山荘幼儿园,科教文化服务;学校;幼儿园,108.89759332690303,34.35207033389972,未央区,108.902185,34.350488
B0HUJS1PVN,西安跃进智能驾校,科教文化服务;驾校;驾校,108.88679750852911,34.35371617973672,未央区,108.891388,34.352139
B0FFLBXNGA,鹏翔科目二训练场,科教文化服务;科教文化场所;科教文化场所,108.90417841872537,34.329059824632665,未央区,108.908772,34.327466
B0FFH0TXHT,小叮当幼儿园,科教文化服务;学校;幼儿园,108.89005794956157,34.3509403887166,未央区,108.894648,34.34936
B0LUKLRD1P,楼阁台遗址,科教文化服务;学校;学校,108.89434295503952,34.34446434001628,未央区,108.898933,34.342879
B0L0OUJ34Q,陕西嘉星视听文化传媒有限公司,科教文化服务;传媒机构;传媒机构,108.85843919618868,34.34296509297094,未央区,108.86305,34.341414
B0LUTH6GSG,西安市天若兴华驾驶员培训有限公司总校,科教文化服务;驾校;驾校,108.904399262688,34.341355853005254,未央区,108.908994,34.339768
B0KRV5GSKC,锦志程飞行学院,科教文化服务;驾校;驾校,108.85428133504016,34.33552520237078,未央区,108.858897,34.333977
B0FFI54HIM,西安德福林科目三考场,科教文化服务;科教文化场所;科教文化场所,108.87734268683322,34.37076781842685,未央区,108.881938,34.369207
B0K2U71IU9,小贝壳舞蹈培训中心,科教文化服务;培训机构;培训机构,108.85746950116148,34.336312857595125,未央区,108.862081,34.33476
B0LBRD8H2H,西安艺知馨艺术学校,科教文化服务;培训机构;培训机构,108.90148050550349,34.3630021011676,未央区,108.906075,34.361425
B0LG151BB9,第二十四届中国厦门国际石材展览会,科教文化服务;展览馆;展览馆,108.86294764952228,34.354208093243365,未央区,108.867554,34.352656
B0LAAMA5LB,尚研考研(交大城院校区),科教文化服务;培训机构;培训机构,108.8545711619658,34.36733565278823,未央区,108.859189,34.365803
B001D1427P,阳光欣居幼儿园,科教文化服务;学校;幼儿园,108.86889356279512,34.36833271631051,未央区,108.873495,34.36678
B0LRVNJJ2Z,隆基绿能智慧能源展览馆,科教文化服务;展览馆;展览馆,108.85473280776796,34.3620616549251,未央区,108.85935,34.360526
B001D0WTJD,西安绘锦创业园生活文化中心,科教文化服务;科教文化场所;科教文化场所,108.87867476101296,34.36647533301867,未央区,108.883269,34.364911
B0MBN5SUMW,西安铭创驾校(总校训练基地),科教文化服务;驾校;驾校,108.89040728664352,34.34665669992685,未央区,108.894997,34.345074
B0FFHSHVBD,惠西乐贝幼儿园,科教文化服务;学校;幼儿园,108.90038097992176,34.35251942790492,未央区,108.904974,34.350937
B0FFG8WCLR,迪优幼儿园,科教文化服务;学校;幼儿园,108.90288109059466,34.3446113816737,未央区,108.907475,34.343025
B0J0RADX9H,能源与电气工程学院,科教文化服务;学校;学校,108.89826334119252,34.37327746592742,未央区,108.902857,34.371706
B0LD0LG4C4,秦创慧通无人机学院,科教文化服务;培训机构;培训机构,108.88866111731149,34.373330093538655,未央区,108.893253,34.371762
B0FFH6869R,瀚博第三幼儿园,科教文化服务;学校;幼儿园,108.88328984999217,34.32705882864875,未央区,108.887879,34.325471
B0IDRZ8X7Z,西安天达驾驶员培训有限公司,科教文化服务;驾校;驾校,108.895126108981,34.32769469896073,未央区,108.899715,34.326101
B0J1BUP04L,长安大学运输工程学院,科教文化服务;科教文化场所;科教文化场所,108.89649405263135,34.37292232858552,未央区,108.901087,34.371351
B0KBTSW9UY,未央区汉惠幼儿园,科教文化服务;学校;幼儿园,108.8992324257351,34.35430643234788,未央区,108.903825,34.352725
B0I1446Y24,黑带金鹰武术搏击,体育休闲服务;运动场馆;运动场所|科教文化服务;科教文化场所;科教文化场所,108.85935881358692,34.33708336214159,未央区,108.863968,34.335528
B0JA17R3MK,西安经发驾驶员培训有限公司,科教文化服务;学校;职业技术学校,108.85699006328348,34.35885687142278,未央区,108.861604,34.357316
B0LDLSSAX9,029影视产业服务平台,科教文化服务;科教文化场所;科教文化场所,108.84628505100405,34.36785143369037,未央区,108.850915,34.366333
B0FFK7OPPK,西安交通大学城市学院-管理系,科教文化服务;学校;高等院校,108.85451969766156,34.37221400193877,未央区,108.859138,34.370684
B0FFL630Z1,汉都新苑第三幼儿园,科教文化服务;学校;幼儿园,108.8952015516677,34.3592251536038,未央区,108.899793,34.357647
B0FFHM0H4J,翰德国学堂,科教文化服务;学校;幼儿园,108.899406545141,34.35176873262819,未央区,108.903999,34.350186
B0M6J6AXCW,西安交通大学城市学院艺术系,科教文化服务;培训机构;培训机构,108.8569602248108,34.36876068582608,未央区,108.861575,34.367225
B001D104ZM,西安皇家艺术博物馆,科教文化服务;博物馆;博物馆,108.89063074822052,34.32838369260096,未央区,108.895219,34.326792
B0HUB9GFHG,文都考研(交大城院校区),科教文化服务;培训机构;培训机构,108.8503150136956,34.36900676012328,未央区,108.854939,34.367482
B0I2GHG3QG,动致胜体育(汉都新苑西区店),科教文化服务;培训机构;培训机构,108.90140352418253,34.36334392340527,未央区,108.905998,34.361767
B0FFLK0QEO,启点童画,科教文化服务;培训机构;培训机构,108.89870185729092,34.35203751808858,未央区,108.903294,34.350455
B0LRYSVHE6,中国民航CAAC荣翼无人机训练基地(无人机操控培养中心),科教文化服务;培训机构;培训机构,108.84542361436606,34.33202689145495,未央区,108.850052,34.330492
B0L2290SK4,西航二中教育集团,科教文化服务;培训机构;培训机构,108.88543386431644,34.358698760820424,未央区,108.890025,34.357125
B0J1AC5T26,艺达艺术中心,科教文化服务;培训机构;培训机构,108.84974117685054,34.36893982411689,未央区,108.854366,34.367416
B001D0WT3Y,长安大学渭水校区电工电子实验教学中心,科教文化服务;学校;高等院校,108.9001826890778,34.36987146809138,未央区,108.904777,34.368298
B0I6BLYRPM,西安交通大学城市学院京东派,科教文化服务;学校;高等院校,108.85741058059476,34.37155990959576,未央区,108.862025,34.370025
B0JDPRYIIG,长安大学朱雀幼儿园,科教文化服务;学校;幼儿园,108.8909601643787,34.37271756627596,未央区,108.895552,34.371148
B0JRDC3OEI,西安新东方附属职教高中部,科教文化服务;科教文化场所;科教文化场所,108.84737632690975,34.360378216562225,未央区,108.852004,34.358854
B0FFISS34A,公惠驾校,科教文化服务;驾校;驾校,108.87323626763502,34.3422560837588,未央区,108.877832,34.340685
B0GKDCS9IQ,易佰分驾培,科教文化服务;科教文化场所;科教文化场所,108.89687712081422,34.34557244812218,未央区,108.901468,34.343987
B0KUCPYM5C,海魂国际精英护卫学院,科教文化服务;科教文化场所;科教文化场所,108.85706304447666,34.335477632216886,未央区,108.861675,34.333925
B0KUSCR1G6,赋能团队西北运营培训中心,科教文化服务;培训机构;培训机构,108.86943527264232,34.340767371823034,未央区,108.874034,34.3392
B0MANAOTFQ,西安北慕秦文化传媒有限公司,科教文化服务;传媒机构;传媒机构,108.87014664234896,34.34393967616154,未央区,108.874745,34.342373
B0LA6XDI9S,舞者云集店,科教文化服务;培训机构;培训机构,108.86981380959666,34.32583601966794,未央区,108.874411,34.324261
B0FFGFQHIE,智博教育·托管,科教文化服务;培训机构;培训机构,108.85248475130967,34.33658875687005,未央区,108.857103,34.335044
B0MUGRO1HI,西安新东方烹饪技工学校1号楼,科教文化服务;学校;学校,108.8480483592431,34.3602004705656,未央区,108.852675,34.358675
B0MGO1WG7V,西安皓钰文化传播有限公司,科教文化服务;传媒机构;传媒机构,108.87622537993204,34.3289976666744,未央区,108.880818,34.327417
B0FFJVJVAI,感业寺小学-新启点创意美术,科教文化服务;培训机构;培训机构,108.87938998309116,34.34333573473963,未央区,108.883982,34.341759
B0FFMCPA4I,西安交通大学城市学院中兴通讯技术学院,科教文化服务;学校;高等院校,108.85391212343922,34.369016707560355,未央区,108.858531,34.367486
B001D0WSP7,长安大学计算机实验教学中心,科教文化服务;学校;高等院校,108.89849648725968,34.37019612875981,未央区,108.90309,34.368623
B0LB1A1B5M,文睿学园幼小衔接,科教文化服务;培训机构;培训机构,108.8958122171656,34.36119030375993,未央区,108.900404,34.359613
B0LR7DIFC0,西安荣翼飞行学院(无人机操控培养中心),科教文化服务;培训机构;培训机构,108.84542361436606,34.33202689145495,未央区,108.850052,34.330492
B0L0ZKDGXY,西安交通大学城市学院3号楼,科教文化服务;学校;学校,108.8554082058454,34.36840842879976,未央区,108.860025,34.366875
B0HKA7K4Y0,红旗驾校(尚苑路),科教文化服务;科教文化场所;科教文化场所,108.86077839242743,34.36357216897759,未央区,108.865388,34.362028
B001D091AM,长安大学渭水校区-教育部第三教研室,科教文化服务;学校;高等院校,108.8936352329278,34.36771126855296,未央区,108.898227,34.366138
B0K27H98FX,西安晨希文化传播有限公司,科教文化服务;传媒机构;传媒机构,108.88412256497872,34.33362330819338,未央区,108.888712,34.332038
B0G19S9IN7,树德安亲六村堡分校托管中心,科教文化服务;培训机构;培训机构,108.84967476027175,34.33576545232064,未央区,108.854297,34.334225
B001D08MY1,小星星幼儿园(芦荟苑北),科教文化服务;学校;幼儿园,108.8860846992565,34.34990364965856,未央区,108.890675,34.348325
B0L3RXOXZ9,晨阳教育,科教文化服务;培训机构;培训机构,108.9047273708146,34.361714557293084,未央区,108.909324,34.360137
B0MG9HOUHL,车联网与智能汽车测试技术研究院,科教文化服务;科研机构;科研机构,108.89778154584384,34.37324640697008,未央区,108.902375,34.371675
B0LBCCE32O,西安商贸高中部,科教文化服务;学校;中学,108.87102878257636,34.32665108973158,未央区,108.875625,34.325075
B0FFH0DYOJ,西安查丁足球训练中心,科教文化服务;培训机构;培训机构,108.8875918203704,34.32622411359061,未央区,108.89218,34.324633
B0J0PS7QFV,天天向上托管中心,科教文化服务;培训机构;培训机构,108.90171341004974,34.36242739899901,未央区,108.906308,34.36085
B0MG71I712,馨未来中英阅读·游学,科教文化服务;培训机构;培训机构,108.90142254137938,34.362989107433904,未央区,108.906017,34.361412
B0J10UGB9U,恒心托管中心,科教文化服务;培训机构;培训机构,108.85005127878787,34.33620187920252,未央区,108.854673,34.334661
B0KGYZH83H,陕西秦洲职业培训学校,科教文化服务;科教文化场所;科教文化场所,108.8498653134751,34.36951073454073,未央区,108.85449,34.367987
B0G2PSIBNH,陕西艺卓悦托管服务有限公司,科教文化服务;科教文化场所;科教文化场所,108.89038081952356,34.35247177306579,未央区,108.894971,34.350892
B0FFIY8G0P,艺缘鑫文化演艺传媒有限公司,科教文化服务;传媒机构;传媒机构,108.89589595822264,34.35166617906414,未央区,108.900487,34.350084
B0L1HCYIC6,习之源教育,科教文化服务;培训机构;培训机构,108.87300518539992,34.34112538241309,未央区,108.877601,34.339554
B0MBFD59MV,单词突击007(丰产路),科教文化服务;培训机构;培训机构,108.87010982141318,34.34131992217224,未央区,108.874708,34.339752
B0FFG6AJWK,长安大学渭水校区逸夫图文信息中心,科教文化服务;学校;高等院校,108.89955980001004,34.37249103644564,未央区,108.904154,34.370919
B0MUVDVWIR,西安鱼哥驾考服务中心,科教文化服务;驾校;驾校,108.85473495916943,34.335449968482045,未央区,108.85935,34.333901
B0MGK5KLZJ,东呈书画院(渭水校区),科教文化服务;培训机构;培训机构,108.88829812155342,34.37298707496325,未央区,108.89289,34.371419
B0LRZZ1W2X,文心托管,科教文化服务;培训机构;培训机构,108.85370641990043,34.33706652432565,未央区,108.858323,34.33552
B0JABCRRUC,卡伐蒂娜琴行(汉都新苑店),科教文化服务;培训机构;培训机构,108.90173730057032,34.36360378959088,未央区,108.906332,34.362027
B0J0CS580M,汉都托管班,科教文化服务;培训机构;培训机构,108.87187025753062,34.34169981302656,未央区,108.876467,34.34013
B0FFIY0CLK,盛源驾培草滩九路联络点,科教文化服务;驾校;驾校,108.85026793468266,34.36913261451756,未央区,108.854892,34.367608
B0FFLCPTDK,西安交通大学城市学院数学教学部,科教文化服务;学校;高等院校,108.85396018915232,34.36902278224025,未央区,108.858579,34.367492
B0J0CS7KUF,新希望托管,科教文化服务;培训机构;培训机构,108.87101257151488,34.34152989647998,未央区,108.87561,34.339961
B0KA3CRN0G,春田蜜蜜托育,科教文化服务;科教文化场所;科教文化场所,108.89735549458754,34.35114175878252,未央区,108.901947,34.349559
B0KU2Z43XO,无人机驾校,科教文化服务;培训机构;培训机构,108.85405103527422,34.33532692622905,未央区,108.858667,34.333779
B0FFMCS8JV,西安交通大学城市学院思想政治理论教学部,科教文化服务;学校;高等院校,108.85411727820744,34.37059320963887,未央区,108.858736,34.369063
B0M6HRCBYN,辅导员之家,科教文化服务;培训机构;培训机构,108.85688402118578,34.37005588591757,未央区,108.861499,34.368521
B0MUS9E1VG,跃进驾培,科教文化服务;驾校;驾校,108.90104867138328,34.36411051932835,未央区,108.905643,34.362534
B0LBS5QLKS,号林书院,科教文化服务;培训机构;培训机构|风景名胜;风景名胜相关;旅游景点,108.89268362363168,34.3275649519796,未央区,108.897272,34.325972
B001D0WS58,长安大学渭水校区学生电视台,科教文化服务;传媒机构;电视台,108.89543554483298,34.370917131050376,未央区,108.900028,34.369345
B0FFHSM1FZ,艺元素,科教文化服务;培训机构;培训机构,108.90203776543898,34.35550494592712,未央区,108.906632,34.353924
B0FFKSXSMC,腾飞驾校,生活服务;生活服务场所;生活服务场所|科教文化服务;科教文化场所;科教文化场所,108.8565321026256,34.36336083474372,未央区,108.861147,34.361823
B0FFLEXO5F,翰博教育,科教文化服务;培训机构;培训机构,108.872675849229,34.34218849072695,未央区,108.877272,34.340618
B0H23ZQXCF,启智托管中心,科教文化服务;培训机构;培训机构,108.87040106715996,34.34138324144084,未央区,108.874999,34.339815
B0L0ZRFM37,良品匠人传媒有限公司,科教文化服务;传媒机构;传媒机构,108.89000484233578,34.32741485280388,未央区,108.894593,34.325823
B0FFG6AJWN,长安大学渭水校区体育器材库,科教文化服务;学校;高等院校,108.89387817911816,34.36777931483701,未央区,108.89847,34.366206
B001D017F4,陕西交通职业技术学院文景校区,科教文化服务;学校;职业技术学校,108.93542074445702,34.32630082895937,未央区,108.940064,34.324731
B001D08VAO,陕西省西安中学,科教文化服务;学校;中学,108.93543214610996,34.33333645559438,未央区,108.940076,34.33177
B001D09O8U,中国建筑西北设计研究院(文景路),科教文化服务;科研机构;科研机构,108.93254876683416,34.34791045124723,未央区,108.937187,34.346347
B001D13950,西安高级中学,科教文化服务;学校;中学,108.96358909093048,34.34715642064345,未央区,108.968321,34.345654
B0FFJGOG74,西安市经开第二学校,科教文化服务;学校;学校,108.94072775792104,34.35544201160895,未央区,108.945387,34.353895
B001D08ZO6,西安市第六十六中学,科教文化服务;学校;中学,108.93896360073248,34.328874047021564,未央区,108.943616,34.327311
B0FFGB9AK1,西安市第五十八中学,科教文化服务;学校;中学,108.96000196709788,34.37193949375907,未央区,108.964723,34.370441
B001D03IQA,西安市第十一中学,科教文化服务;学校;中学,108.96525075005393,34.337535954387235,未央区,108.969988,34.336033
B0FFF64X4O,陕西省建筑设计研究院(集团)有限公司,科教文化服务;科研机构;科研机构|公司企业;公司;公司,108.93205090235924,34.33551722182695,未央区,108.936687,34.333947
B0FFKKSOIW,西安市经开第一学校(十路校区),科教文化服务;学校;中学,108.92865089266408,34.35262811289408,未央区,108.933281,34.351062
B0HD37R4EL,西安市第一实验学校,科教文化服务;学校;中学,108.9501627899246,34.36039957560266,未央区,108.95485,34.358873
B0HD2HD558,西安市经开第五中学,科教文化服务;学校;中学,108.9235925864636,34.32963693484931,未央区,108.928211,34.328054
B001D003B3,西安市西航一中,科教文化服务;学校;中学,108.96239383641748,34.35454667986927,未央区,108.967122,34.353045
B0G3XLEA5B,西安市经开第六中学,科教文化服务;学校;中学,108.91998729746513,34.34762241480866,未央区,108.924601,34.346045
B001D0WRAX,西航二中,科教文化服务;学校;中学,108.9547208060972,34.35115746210904,未央区,108.959422,34.349636
B0KKBUMYYX,陕西工程科技高级技工学校安全生产考试点,科教文化服务;科教文化场所;科教文化场所,108.93084981038366,34.35732497031588,未央区,108.935485,34.355764
B0HG3YCI72,宏景小学,科教文化服务;科教文化场所;科教文化场所,108.93457503273018,34.34788459171888,未央区,108.939218,34.346324
B001D0Z6H0,杨善寨小学,科教文化服务;学校;小学,108.90853102791236,34.336847172475906,未央区,108.913129,34.335258
B0FFJGKLTM,经开区第七小学,科教文化服务;学校;小学,108.95126044696968,34.334380249920706,未央区,108.955949,34.332843
B0FFHYLE4V,艾贝瑞国际亲子游泳(西安经开校区),体育休闲服务;运动场馆;游泳馆|科教文化服务;科教文化场所;科教文化场所,108.92838488848317,34.33478524615865,未央区,108.933013,34.33321
B0FFI5J928,大唐西北电力试验研究院,科教文化服务;科研机构;科研机构|公司企业;公司;公司,108.91849431226656,34.339325686883214,未央区,108.923105,34.337743
B0FFGILNTA,西安经开第五小学,科教文化服务;学校;小学,108.94615964152776,34.352393664372656,未央区,108.950834,34.350855
B0G3UZ0LHF,经开区第十小学,科教文化服务;学校;小学,108.93642116825774,34.32774762597545,未央区,108.941067,34.32618
B001D0WSLK,长安大学渭水校区交通馆,科教文化服务;学校;学校,108.90748110837198,34.37309805451697,未央区,108.912081,34.371527
B001D0WR9B,西航三校(西校区),科教文化服务;学校;小学,108.95026088320006,34.355489883963415,未央区,108.954948,34.353961
B0FFGMMB0B,陕西交通职业技术学院文景校区职工培训中心,科教文化服务;科教文化场所;科教文化场所,108.93372468381943,34.32768664950447,未央区,108.938364,34.326115
B0FFGJQ3ZD,长庆第八中学,科教文化服务;学校;中学,108.95151809409025,34.32864145383004,未央区,108.956207,34.327102
B001D0W009,三官庙小学,科教文化服务;学校;小学,108.90960652770453,34.35435812712296,未央区,108.914207,34.352778
B0FFL0JPBK,嘉泽艺考,科教文化服务;科教文化场所;科教文化场所,108.91964779143149,34.33585747410929,未央区,108.92426,34.334274
B0FFG835CW,西安市凤景小学,科教文化服务;学校;小学,108.92964782812317,34.339845243174715,未央区,108.934279,34.338274
B0HD2HDPTY,西安经开第十一小学,科教文化服务;学校;小学,108.92316645752058,34.328327972640615,未央区,108.927784,34.326744
B001D08RVW,西航三校(东校区),科教文化服务;学校;小学|科教文化服务;培训机构;培训机构,108.95486104331776,34.35476732425892,未央区,108.959563,34.353248
B0FFFTL0P5,西安经发学校大学区成员校经新小学,科教文化服务;学校;小学,108.92033533440974,34.34017980433281,未央区,108.924949,34.338599
B0JUKZX02U,盛合华建筑行业考试中心,科教文化服务;科教文化场所;科教文化场所,108.9333897548803,34.361124576016735,未央区,108.938031,34.359569
B0HURA3WSI,陕西省青少年宫艺术团(经开校区),科教文化服务;科教文化场所;科教文化场所,108.95265954038028,34.339412815477246,未央区,108.957353,34.337881
B001D091AQ,西航四校,科教文化服务;学校;小学,108.96358366704172,34.35255272760898,未央区,108.968316,34.351053
B0H64LK170,天童教育素质成长中心(经开分校),科教文化服务;培训机构;培训机构,108.92958720141432,34.3491786991797,未央区,108.934219,34.347612
B0J37SVXRY,蜜丝卡伦化妆美甲培训学校(未央校区),科教文化服务;培训机构;培训机构,108.95622143820506,34.33072509949395,未央区,108.960926,34.329197
B0HB3K49CV,优路教育(西安分校),科教文化服务;培训机构;培训机构,108.94367591119722,34.339245859002546,未央区,108.948342,34.337696
B0FFGVYB8U,长庆油田分公司油气工艺研究院,科教文化服务;科教文化场所;科教文化场所,108.92420976186584,34.3259080894857,未央区,108.928829,34.324324
B0G27SE2YA,西安教育电视台,科教文化服务;传媒机构;电视台,108.93088913007496,34.339973596112955,未央区,108.935523,34.338404
B0FFH8JQZL,开元小学,科教文化服务;学校;小学,108.958963789951,34.369839078808184,未央区,108.963681,34.368337
B0GR55247A,西安经开第十三小学,科教文化服务;学校;小学,108.9279264723908,34.36390120294966,未央区,108.932556,34.36234
B0I1HCQHWI,西安市未央区西航二校,科教文化服务;学校;学校,108.96392835875734,34.340925649262324,未央区,108.968661,34.339421
B0FFGB4RW8,秦学·伊顿教育(西中校区),科教文化服务;培训机构;培训机构,108.93525976361406,34.330884889249006,未央区,108.939903,34.329317
B0J15CVAB4,西安经开区文化艺术中心,科教文化服务;科教文化场所;科教文化场所,108.92377449849242,34.363751776078374,未央区,108.928396,34.362186
B0G17CXMKZ,中公教育(陕西西安校区),科教文化服务;学校;职业技术学校,108.93077436309385,34.32785858492492,未央区,108.935407,34.326283
B0FFHEHCAP,学大教育(西安中学校区),科教文化服务;科教文化场所;科教文化场所,108.93233428519116,34.335208985761305,未央区,108.936971,34.333639
B0G3Z4MG0W,西安经开第十二小学,科教文化服务;科教文化场所;科教文化场所,108.91834883713034,34.3479605315609,未央区,108.92296,34.346382
B0FFH1U28I,陕西交通职业技术学院文景校区培训中心,科教文化服务;学校;高等院校,108.93386436069088,34.32762547913564,未央区,108.938504,34.326054
B0FFH2Z6J1,长庆科技楼勘探开发研究院,科教文化服务;科研机构;科研机构,108.94330793688844,34.327153348242774,未央区,108.947972,34.325597
B0FFITKMMX,芭莎秘密美发艺术学院,科教文化服务;培训机构;培训机构,108.9343869055258,34.35498129246797,未央区,108.93903,34.353424
B0FFH1NE3K,雨丰设计培训学校,公司企业;公司;广告装饰|科教文化服务;培训机构;培训机构,108.92925478616772,34.32595840738352,未央区,108.933884,34.32438
B0FFFDBQA1,长安大学渭水校区现代工程训练中心,科教文化服务;学校;高等院校,108.90597751986824,34.37210392010474,未央区,108.910576,34.370532
B0GKVS3NX9,西安牵手精灵宠物护理技术培训学校,购物服务;花鸟鱼虫市场;宠物市场|科教文化服务;培训机构;培训机构,108.95604604585724,34.367182251269284,未央区,108.960753,34.365672
B0FFH1B6VC,中特特种作业人员考试中心,科教文化服务;科教文化场所;科教文化场所,108.93367285405644,34.36407464852073,未央区,108.938315,34.362521
B0FFMB93HE,西安市交通职业培训中心,科教文化服务;培训机构;培训机构,108.92415911320036,34.35982142145679,未央区,108.928781,34.358254
B0H0OSWYKR,好老师升学帮陕交院校区,科教文化服务;培训机构;培训机构,108.93764003295476,34.328623304643685,未央区,108.942289,34.327058
B0G1VCB8BV,西安市经开区第七小学(分部),科教文化服务;学校;小学,108.9470582460765,34.33670068684108,未央区,108.951734,34.335156
B0HBGCDUD9,西安新锐职业技能培训学校,科教文化服务;培训机构;培训机构,108.94191351883951,34.33092204831822,未央区,108.946574,34.329365
B0FFKN1ITS,锦瑟艺术培训学校,科教文化服务;培训机构;培训机构,108.93926965804236,34.3552245785289,未央区,108.943925,34.353675
B0FFGIMX6C,领军教育(西安中学校区),科教文化服务;培训机构;培训机构,108.93482280742973,34.33101547354553,未央区,108.939465,34.329447
B0KG6MSYG4,锐赛体育羽毛球训练营,体育休闲服务;运动场馆;乒乓球馆|科教文化服务;培训机构;培训机构,108.9307709861682,34.35729009058555,未央区,108.935406,34.355729
B0I0YUVGU9,万雅舞蹈(凤城十路店),科教文化服务;培训机构;培训机构,108.937955053942,34.355400629621954,未央区,108.942607,34.353849
B0I2YUXVGR,DNA舞室(未央国际店),科教文化服务;培训机构;培训机构,108.9416556252246,34.338331923200855,未央区,108.946316,34.336778
B0KUV5VJ5L,万雅舞蹈(未央国际店),科教文化服务;培训机构;培训机构,108.94187502578094,34.33828855919219,未央区,108.946536,34.336735
B0I23HYU48,金榜公考(西安校区),科教文化服务;培训机构;培训机构,108.93269201118284,34.340852746051375,未央区,108.93733,34.339286
B0HB2CY107,狗旦辣条(凤城六路店),科教文化服务;培训机构;培训机构,108.95062539925952,34.33512022708676,未央区,108.955312,34.333582
B0I1CY8GPI,西安市第五保育院本部,科教文化服务;学校;学校,108.923789587202,34.34995280216773,未央区,108.92841,34.34838
B0FFKF6K0M,陕西水环境工程勘测设计研究院,科教文化服务;科教文化场所;科教文化场所,108.93367796643372,34.36254243546294,未央区,108.93832,34.360988
B0K30AUQFG,初心教育,科教文化服务;培训机构;培训机构,108.9383791897243,34.34030448108042,未央区,108.943031,34.338746
B0FFKTSN8I,星光艺术北郊校区,科教文化服务;培训机构;培训机构,108.92565179448302,34.3414500997666,未央区,108.930275,34.339875
B0HRLZY6D6,新精武极一功夫会馆(未央校区),科教文化服务;培训机构;培训机构,108.93899659654852,34.327864472643924,未央区,108.943649,34.326301
B0FFHBVRVP,学大教育(西航校区),科教文化服务;培训机构;培训机构,108.96123609358465,34.3534690682874,未央区,108.96596,34.351964
B0FFFDBOZA,长安大学渭水校区长安文化艺术中心,科教文化服务;文化宫;文化宫,108.90573062196576,34.37340327709328,未央区,108.910329,34.371832
B001D0WSNA,长安大学渭水校区建筑馆,科教文化服务;学校;高等院校,108.90764698967644,34.3726552458512,未央区,108.912247,34.371084
B0FFH9P0U4,恒企会计培训(北郊校区),科教文化服务;培训机构;培训机构,108.94445728190324,34.331827007375345,未央区,108.949125,34.330275
B0KDJM6NWY,仁和会计培训(凤五路校区),科教文化服务;培训机构;培训机构,108.9444652318599,34.332160832452296,未央区,108.949133,34.330609
B0ID95TCE2,希曼篮球俱乐部,体育休闲服务;运动场馆;篮球场馆|科教文化服务;培训机构;培训机构,108.95293321613742,34.35696245616647,未央区,108.957629,34.35544
B0LD3UJRBR,黄老师消防实操直播基地,科教文化服务;培训机构;培训机构,108.92391041806458,34.34932199825207,未央区,108.928531,34.347749
B0LAZUYQA5,艺鸣艺术培训学校(北校区),科教文化服务;科教文化场所;科教文化场所,108.93270498427928,34.34081774530305,未央区,108.937343,34.339251
B0MG0CI06P,闪速记单词(西高凤八店),科教文化服务;培训机构;培训机构,108.96108394874288,34.349683345763026,未央区,108.965807,34.348176
B0L6MMVFUI,弹了个猪,科教文化服务;培训机构;培训机构,108.93218523983704,34.33994288594376,未央区,108.936822,34.338375
B0MGDCRNKX,嘉颖形体舞蹈(北郊店),科教文化服务;培训机构;培训机构,108.93473751453512,34.361797289568734,未央区,108.939382,34.360244
B0FFJ5QX37,无畏小英雄运动成长中心,科教文化服务;培训机构;培训机构,108.94940427891936,34.3466520961634,未央区,108.954088,34.345117
B0I274L444,星桥体育篮球培训(凤九文景校区),科教文化服务;培训机构;培训机构,108.92055007787452,34.35138505994987,未央区,108.925165,34.34981
B0H0753PPW,西安音乐学院金花艺术培训学校(凤城六路店),科教文化服务;培训机构;培训机构,108.94154820544244,34.33481681673994,未央区,108.946208,34.333261
B0M6T752HO,大米和小米儿童成长中心(未央中心),科教文化服务;培训机构;培训机构,108.93760494671795,34.330785329270256,未央区,108.942254,34.329221
B0FFH2AL7Q,芸伊舞蹈艺术中心,科教文化服务;培训机构;培训机构,108.95454459808096,34.34864011764444,未央区,108.959245,34.347117
B0MAH1NEWD,亚朵竹居流动图书馆(西安北站常青路地铁站),科教文化服务;图书馆;图书馆,108.96040963892531,34.333984698890205,未央区,108.965129,34.332468
B0FFI901ZN,西安妙林艺术培训学校,科教文化服务;培训机构;培训机构,108.95171652550488,34.3400755144875,未央区,108.956407,34.338542
B0FFLD05RT,西安文艺森艺术培训学校,科教文化服务;培训机构;培训机构,108.93949675514745,34.35897628609879,未央区,108.944153,34.357429
B0FFGH4HHL,西航集团科技教育文化中心,科教文化服务;科教文化场所;科教文化场所,108.96176895703071,34.35619338166358,未央区,108.966495,34.354691
B0IUZU6BL2,USBA美国篮球学院(凤城五路分校),科教文化服务;培训机构;培训机构,108.92891993849918,34.33277556922107,未央区,108.933549,34.3312
B0FFH3ZCZK,陕西小百合艺术学校(经开校区),科教文化服务;培训机构;培训机构,108.93288810611882,34.34645970520968,未央区,108.937527,34.344896
B0L357F9BR,陕西唐潮橙子文化传媒有限公司,科教文化服务;传媒机构;传媒机构,108.95524630908768,34.348006863701826,未央区,108.959949,34.346485
B0MA65LP0I,西安经开辅轮学校(建设中),科教文化服务;科教文化场所;科教文化场所,108.93038777871028,34.37016290542799,未央区,108.935023,34.368608
B0LUZ5Q43H,小猿学练机(汉神广场店),科教文化服务;学校;学校,108.93255630667548,34.341038841715715,未央区,108.937194,34.339472
B0I1FCRGFQ,小荷美育(经开校区),科教文化服务;培训机构;培训机构,108.93935850623257,34.3542189417748,未央区,108.944014,34.352669
B0MA7H070R,邱建强交流中心,科教文化服务;科教文化场所;科教文化场所,108.93409873162445,34.32856669566833,未央区,108.938739,34.326996
B0I3GSFUOP,USBA美国篮球学院(凤城十一路分校),科教文化服务;培训机构;培训机构,108.93204514199348,34.357394348412114,未央区,108.936683,34.355835
B0LUBHFVUY,悦一彤岚熙舞蹈(中登广场店),科教文化服务;培训机构;培训机构,108.93861960579709,34.32752025284487,未央区,108.943271,34.325956
B0HUAH28OW,优益优教育(西中旗舰校区),科教文化服务;培训机构;培训机构,108.9353315804724,34.330994729633034,未央区,108.939975,34.329427
B0H32C6AXA,星沐舞蹈,科教文化服务;培训机构;培训机构,108.9258633923967,34.34138590303495,未央区,108.930487,34.339811
B0FFHTSBBB,杨梅红艺术教育(凤城教学中心),科教文化服务;培训机构;培训机构,108.9315724696477,34.341778810117184,未央区,108.936208,34.340211
B001D1058Q,长庆油田展览馆,科教文化服务;展览馆;展览馆,108.94373958241324,34.32877579029642,未央区,108.948405,34.327221
B0J1O5EI42,陕西鑫亿通企业管理培训中心,科教文化服务;培训机构;培训机构,108.93362725523764,34.36044758863,未央区,108.938269,34.358892
B0FFL7E9LB,几维教育,科教文化服务;培训机构;培训机构,108.91783344485044,34.350057861244856,未央区,108.922444,34.34848
B0HRCAKXG8,缤纷鸟美术书法(汉神校区),科教文化服务;培训机构;培训机构,108.93225291594672,34.34204576213843,未央区,108.93689,34.340479
B0FFIWOBQC,仁大外语(未央校区),科教文化服务;培训机构;培训机构,108.94479958854444,34.34049716532911,未央区,108.949469,34.33895
B0GRL7M1SC,卢轩国球乒乓球训练基地(凤城铭苑校区),科教文化服务;培训机构;培训机构,108.95269262741574,34.33703490258618,未央区,108.957386,34.335502
B0FFJUFJ6D,陕西交通职业技术学院文景校区学术报告厅,科教文化服务;科教文化场所;科教文化场所,108.935457602334,34.32694746780311,未央区,108.940101,34.325378
B0LDMD9P3B,金博教育(未央校区),科教文化服务;培训机构;培训机构,108.94420798120764,34.33202737399319,未央区,108.948875,34.330475
B0K137V1U1,西安青青之舞文化艺术有限公司,公司企业;公司;公司|科教文化服务;培训机构;培训机构,108.9494107389707,34.35301988923808,未央区,108.954095,34.351488
B0FFFF5H4L,陕西交通职业技术学院文景校区大学生艺术中心,科教文化服务;学校;高等院校,108.9348889446954,34.32736211619215,未央区,108.939531,34.325792
B0LG2GETLC,西安市第一实验学校综合楼,科教文化服务;学校;学校,108.95080975858554,34.36031427038379,未央区,108.955499,34.358789
B0IGGCZ162,西安蓝话筒(望景汇店),科教文化服务;培训机构;培训机构,108.9383792711888,34.33929897282039,未央区,108.943031,34.33774
B0I1VR5TOJ,悦一彤岱月舞蹈(旭辉中心店),科教文化服务;培训机构;培训机构,108.93866140347023,34.34098868720101,未央区,108.943314,34.339431
B0K63UQ183,丹青美育艺术中心,科教文化服务;培训机构;培训机构,108.93508019710823,34.3308971501447,未央区,108.939723,34.329329
B0JGXZ1MPY,7H街舞(西安凤城七路店),科教文化服务;培训机构;培训机构,108.92590140677083,34.34030039419828,未央区,108.930525,34.338725
B0LA6AC82V,金领航教育升学规划志愿填报,科教文化服务;培训机构;培训机构,108.94434659914668,34.331837208212725,未央区,108.949014,34.330285
B0FFM61GT5,龙文教育(白桦林居校区),科教文化服务;培训机构;培训机构,108.9328761865606,34.34580604659863,未央区,108.937515,34.344242
B0IRKASV74,一邻成长家园,科教文化服务;学校;幼儿园,108.95692824023416,34.32819768327003,未央区,108.961635,34.32667
B0GKTZPC79,拾音音乐艺术,科教文化服务;培训机构;培训机构,108.93952477590727,34.35781183586026,未央区,108.944181,34.356264
B0FFJHB78L,西安109街舞文化推广中心,科教文化服务;培训机构;培训机构,108.94807369153916,34.35493962021035,未央区,108.952754,34.353406
B0IR5R0B72,国武真功夫(未央店),科教文化服务;培训机构;培训机构,108.92583153898438,34.34033345371204,未央区,108.930455,34.338758
B0KKFZQ44L,口袋自习室(行政中心店),科教文化服务;科教文化场所;科教文化场所,108.94878977441176,34.339331956295965,未央区,108.953471,34.337792
B0L0MN97ZE,荀木白书院(经开直营校),科教文化服务;培训机构;培训机构,108.93700157467168,34.3541527712693,未央区,108.941651,34.352599
B0K25MTSOO,五夫子托管,科教文化服务;培训机构;培训机构,108.90812147580486,34.33622859403236,未央区,108.912719,34.334639
B0FFJDD19S,班马读书-图书借阅-阅读写作(经开店),科教文化服务;培训机构;培训机构,108.93797829756988,34.339359588997105,未央区,108.942629,34.3378
B001D0WDHP,长庆科技馆,科教文化服务;科技馆;科技馆,108.94371678180144,34.32712161746765,未央区,108.948382,34.325566
B0FFHCITPO,西安市第八保育院,科教文化服务;学校;幼儿园,108.94787199868632,34.346431298583006,未央区,108.952551,34.344893
B0JBPLAMI4,美立德洪恩儿童成长中心(汉神校区),科教文化服务;培训机构;培训机构,108.9322878491199,34.341891790267965,未央区,108.936925,34.340325
B0J655IW9V,耐斯街区(凤五金花店),科教文化服务;培训机构;培训机构|体育休闲服务;体育休闲服务场所;体育休闲服务场所,108.9421100239178,34.33033898016882,未央区,108.946771,34.328782
B0MAH1N6ZI,亚朵竹居流动图书馆(西安行政中心高铁站),科教文化服务;图书馆;图书馆,108.93136403062634,34.34058767163484,未央区,108.935999,34.339019
B0J22HWYDU,知行者自习室,科教文化服务;培训机构;培训机构,108.93639687843402,34.35669941332433,未央区,108.941045,34.355146
B0HULH5DFE,赵贺新少儿硬笔书法(凤十校区),科教文化服务;培训机构;培训机构,108.94823917823076,34.3550502329507,未央区,108.95292,34.353517
B0J2OAKTPP,口袋自习室(红旗厂店),科教文化服务;培训机构;培训机构,108.96045224114611,34.34917413223252,未央区,108.965173,34.347665
B0K03S2LYG,学比邻英语(西高校区),科教文化服务;培训机构;培训机构,108.96044477508228,34.34299222210034,未央区,108.965165,34.34148
B0FFLEW7N7,龙文教育保利校区,科教文化服务;培训机构;培训机构,108.94481946336764,34.353602600251364,未央区,108.94949,34.352062
B0GRGUQGR1,优典舞蹈(北郊店),科教文化服务;培训机构;培训机构,108.94869417148618,34.33806576730965,未央区,108.953375,34.336525
B0IRY9F9LO,新博托辅中心经开校区,科教文化服务;培训机构;培训机构,108.92448107766153,34.35290761821229,未央区,108.929103,34.351337
B0M6LH619Q,国际书画院,科教文化服务;培训机构;培训机构,108.92794747815992,34.338598913316815,未央区,108.932575,34.337025
B0FFG77ZTM,西安青少年兴趣培训学校(西航社区),科教文化服务;培训机构;培训机构,108.95524831064724,34.347905909596896,未央区,108.959951,34.346384
B0H6TU5JBA,课后托管,科教文化服务;培训机构;培训机构,108.94682753868793,34.35384163750738,未央区,108.951504,34.352305
B0LDMZ5L2Z,未来智习室(文景小区店),科教文化服务;培训机构;培训机构,108.921723186489,34.35048348928054,未央区,108.92634,34.348909
B0G3VBA22Y,痴书鸭共享自习室,科教文化服务;培训机构;培训机构,108.94166528705274,34.32986698835259,未央区,108.946325,34.328309
B0GUCH4860,西安图书馆文景西区分馆,科教文化服务;科教文化场所;科教文化场所,108.92013374501568,34.35153233438959,未央区,108.924748,34.349957
B0KD070HDT,赵贺新书法(育林书院文景西区),科教文化服务;培训机构;培训机构,108.92161227088134,34.35177693797657,未央区,108.926229,34.350203
B0FFKSH34F,陕西省小天鹅艺术团(北郊教学点),科教文化服务;科教文化场所;科教文化场所,108.93147868562156,34.34169597562091,未央区,108.936114,34.340128
B0IR3ZIJOJ,西安教育融媒体中心,科教文化服务;传媒机构;传媒机构,108.93079738629862,34.33929704629842,未央区,108.935431,34.337727
B0H1XKYMA9,西安跃进驾校(凤城八路训练基地),科教文化服务;驾校;驾校,108.91389937784996,34.34408233905701,未央区,108.918504,34.342499
B0IU3AEWQY,西安小天鹅艺术团(贞观路校区),科教文化服务;文艺团体;文艺团体,108.95514335452216,34.32722320729452,未央区,108.959844,34.325691
B0H6VZDA75,慕艺琴筝,科教文化服务;培训机构;培训机构,108.94806988591404,34.35269976226303,未央区,108.95275,34.351165
B0IDOH5WE7,好老师升学帮陕西分校,科教文化服务;科教文化场所;科教文化场所,108.9435416354358,34.35958991122901,未央区,108.948209,34.35805
B0HGOCU5MF,知画国际美学中心,科教文化服务;培训机构;培训机构,108.94926776257388,34.34591074373709,未央区,108.953951,34.344375
B0JBSCQJJJ,西安卓渊影视文化传媒有限公司,科教文化服务;传媒机构;传媒机构,108.9202940718713,34.33187886117684,未央区,108.924907,34.330294
B0LU791PRO,缤纷鸟美术书法(凤九校区),科教文化服务;培训机构;培训机构,108.94593646755467,34.35034012707218,未央区,108.95061,34.3488
B0G0XAY6QN,新励成成人演讲口才培训(西安未央学训中心),科教文化服务;培训机构;培训机构,108.9446660545586,34.33951289696626,未央区,108.949335,34.337965
B0MAH1MPOR,亚朵竹居流动图书馆(西安北站市中医医院地铁站),科教文化服务;图书馆;图书馆,108.95585725778987,34.34797050128591,未央区,108.960562,34.34645
B0MAH1N70S,亚朵竹居流动图书馆(西安高铁北站南广场),科教文化服务;图书馆;图书馆,108.93340251880612,34.3636672429502,未央区,108.938044,34.362113
B0I62HHTDE,博研皮肤医学研究院,科教文化服务;科研机构;科研机构,108.92730595105822,34.34880761547718,未央区,108.931933,34.347238
B001D0ZM5D,石油工业出版社长庆发行站,科教文化服务;传媒机构;出版社,108.94543876963924,34.32773311523289,未央区,108.950109,34.326181
B0HGKUGXEW,陕西省西安中学国际部,科教文化服务;学校;中学,108.93568064898297,34.331991728512904,未央区,108.940325,34.330425
B0J21HJXY6,西安欣智慧慧言说文化传播有限公司,科教文化服务;传媒机构;传媒机构,108.9182139214518,34.349452885673735,未央区,108.922825,34.347875
B0FFKX3ZLS,沐施教育培训,科教文化服务;科教文化场所;科教文化场所,108.9611424498221,34.35321142680681,未央区,108.965866,34.351706
B0LRAC0SR3,飞尔特少儿篮球体适能运动成长中心,科教文化服务;培训机构;培训机构,108.94854393337752,34.33437485983249,未央区,108.953224,34.332832
B0K3V5I225,陕西四月联盟,科教文化服务;传媒机构;传媒机构,108.93260904713534,34.35508575489482,未央区,108.937248,34.353526
B0FFF64XVO,缤纷鸟美术书法(凤五校区),科教文化服务;培训机构;培训机构,108.94407233305108,34.33247341065998,未央区,108.948739,34.330921
B0LR9NODDG,西安市第五十八中学-崇德楼,科教文化服务;学校;学校,108.960053830168,34.37137366845966,未央区,108.964775,34.369875
B0FFLCKTCU,贰叁音乐琴行(开元公园店),科教文化服务;培训机构;培训机构,108.95017245799323,34.35185090991256,未央区,108.954859,34.35032
B0LDCRU1A8,潮笙传媒,科教文化服务;传媒机构;传媒机构,108.93847398544716,34.327489504153576,未央区,108.943125,34.325925
B0KGYLLV6L,西安架子鼓慕仰鼓社(凤城九路店),科教文化服务;培训机构;培训机构,108.9195766208987,34.351754676688856,未央区,108.92419,34.350179
B0FFI6QV6N,凤凰机器人创意中心,科教文化服务;培训机构;培训机构,108.94876118284164,34.33540292448493,未央区,108.953442,34.333861
B0M6AUYVN3,羽世冠羽毛球俱乐部(北郊总校),科教文化服务;培训机构;培训机构,108.9322436929629,34.357388082147764,未央区,108.936882,34.355829
B0KDR79H9S,三耕双语图书馆(凤城十路薛家寨店),科教文化服务;图书馆;图书馆,108.94880752983951,34.353912665320095,未央区,108.95349,34.35238
B0FFL9D4FV,西航国球乒乓球培训中心,科教文化服务;培训机构;培训机构,108.95099763530396,34.35453882696759,未央区,108.955687,34.353011
B0FFGPF5WH,929音乐中心(乐派生活广场),科教文化服务;培训机构;培训机构,108.9611636581632,34.34975111771086,未央区,108.965887,34.348244
B0FFG6AJWE,长安大学渭水校区朝晖大学生活动中心,科教文化服务;学校;高等院校,108.90599739636193,34.37342721457962,未央区,108.910596,34.371856
B0FFFO5ZDK,西安经开白桦林间幼儿园,科教文化服务;学校;幼儿园,108.92327302140968,34.343743399592874,未央区,108.927892,34.342167
B0FFKDSNKL,盛航艺术教育(学府环路校区),科教文化服务;培训机构;培训机构,108.95879719696292,34.37197034785584,未央区,108.963514,34.370469
B0KRDUMJW9,萤光花笙影视,科教文化服务;传媒机构;传媒机构,108.90634053971364,34.343192629216105,未央区,108.910937,34.341606
B001D0ZKY7,陕西交通职业技术学院文景校区图书馆,科教文化服务;图书馆;图书馆,108.93504061006004,34.32698307180067,未央区,108.939683,34.325413
B0FFHYKZFG,班马读书·图书借阅·阅读写作(西航店),科教文化服务;培训机构;培训机构,108.96113647995556,34.35310449541633,未央区,108.96586,34.351599
B0I3DC15TT,西安市第五保育院分院,科教文化服务;学校;幼儿园,108.9368791346556,34.351042532750824,未央区,108.941528,34.349487
B0LUDD5GSK,园中葵Al自习室,科教文化服务;培训机构;培训机构,108.96204820740326,34.35306828129561,未央区,108.966775,34.351565
B0IR1CTRYE,陕西省工业设计研究院,科教文化服务;科研机构;科研机构,108.93364072321673,34.3419628718589,未央区,108.938281,34.340398
B0FFKT3K3H,零贰玖街舞俱乐部,科教文化服务;培训机构;培训机构,108.93951467470336,34.35938404701746,未央区,108.944171,34.357837
B0FFL0ZLKW,西安市未央区第一实验小学,科教文化服务;学校;小学,108.91940777342288,34.340796259318466,未央区,108.92402,34.339215
B0FFKT40GD,赵汝飞练字凤城九路校区(万华广场店),科教文化服务;培训机构;培训机构,108.91750897925634,34.34940542107563,未央区,108.922119,34.347827
B0L2S975R1,源绩佳专升本(北郊校区),科教文化服务;培训机构;培训机构,108.9354237369353,34.32630382306649,未央区,108.940067,34.324734
B0KU3UEUBQ,锂·Nuclear·24h自习室(北郊店),科教文化服务;培训机构;培训机构,108.96137998565736,34.3485072128453,未央区,108.966104,34.347
B0IRJZPL37,羊角锤STEM创造力中心(未央校区),科教文化服务;培训机构;培训机构,108.93253715169126,34.34349066127574,未央区,108.937175,34.341925
B0FFFEUVZE,永济电机研发中心,科教文化服务;科研机构;科研机构,108.926024550551,34.36029422096458,未央区,108.93065,34.358729
B0IK4MJDEJ,艺知馨舞蹈·书法·口才(凤六店),科教文化服务;培训机构;培训机构,108.93081767937596,34.33512904562093,未央区,108.935451,34.333557
B0LBLZN7AF,西安博众职业技能培训学校,科教文化服务;培训机构;培训机构,108.9449478643566,34.331837085001766,未央区,108.949617,34.330286
B0MBBUW2XB,陕西明途生涯教育科技有限公司,科教文化服务;培训机构;培训机构,108.93938558755534,34.32772989393263,未央区,108.944039,34.326167
B0FFI72HMO,西安经开文景天心幼儿园,科教文化服务;学校;幼儿园,108.9178526136062,34.335223155760275,未央区,108.922462,34.333638
B0K1DZC1BC,西安市交警支队恒鼎通摩托车考场,科教文化服务;驾校;驾校,108.90613787967368,34.34113168450483,未央区,108.910734,34.339544
B0FFI13PJO,《驼铃传奇》秀,科教文化服务;文艺团体;文艺团体,109.01675296598096,34.35387970803134,灞桥区,109.021706,34.352535
B0I25CDF2D,西安国际港务区高新一中陆港中学,科教文化服务;学校;中学,109.02000827372562,34.36779610075539,灞桥区,109.024976,34.366468
B0IRSUE38J,永隆路小学,科教文化服务;学校;小学,108.97491115413342,34.32867740492397,未央区,108.979685,34.327196
B0FFK7QO80,陕西省现代建筑设计研究院有限公司,科教文化服务;科教文化场所;科教文化场所,109.00281353516073,34.33993836041718,未央区,109.007706,34.338545
B0FFHYDCC3,国机集团西部研发中心,科教文化服务;科教文化场所;科教文化场所,108.98435237218436,34.34167007561703,未央区,108.989166,34.340222
B0JGB7BEL6,陕西师范大学浐灞国际港实验学校,科教文化服务;学校;中学,108.99992743610544,34.346464907321106,未央区,109.004808,34.345066
B0H6L7EB90,长安乐·一带一路文化艺术中心,体育休闲服务;影剧院;剧场|科教文化服务;科教文化场所;科教文化场所,109.01276214127412,34.37298256650016,灞桥区,109.0177,34.371636
B0K1L9CH88,西安市团结实验学校,科教文化服务;学校;中学,108.98180438294004,34.34898488761448,未央区,108.986608,34.347533
B0FFL2LPWU,学术交流中心,科教文化服务;学校;中学,108.99959640812978,34.33999210696988,未央区,109.004475,34.338589
B0FFKONH6X,浐灞国际港第二学校,科教文化服务;学校;小学,109.00032185979607,34.35686646809202,未央区,109.005205,34.355474
B0JG9Z6OJJ,西安市城建档案馆,科教文化服务;档案馆;档案馆,109.00244181748752,34.35562665985259,未央区,109.007334,34.35424
B0HB7S2MPX,西安市未央区实验学校,科教文化服务;学校;学校,108.9854428692746,34.32876810475655,未央区,108.99026,34.327317
B0HKDSWP66,西安国际港务区高新一中陆港小学,科教文化服务;学校;小学,109.02016550163786,34.369258881246424,灞桥区,109.025134,34.367932
B0FFJHGX5I,陕西省城乡规划设计研究院,科教文化服务;科教文化场所;科教文化场所,109.00079734308277,34.33860713442701,未央区,109.005681,34.337207
B001D08NA1,新光小学,科教文化服务;学校;小学,108.98501739783954,34.367910795739135,未央区,108.989836,34.366478
B0JUFRUS7L,西安市西航一中(南校区),科教文化服务;学校;中学,108.9707462497095,34.33261392028889,未央区,108.975504,34.331123
B0GUXZA2OZ,西安市浐灞第二十九小学,科教文化服务;学校;小学,109.00179158924712,34.33224219372266,未央区,109.006679,34.330842
B001D04F3K,西安市第十七中学,科教文化服务;学校;中学,108.98882674741438,34.35053641027,未央区,108.99366,34.349106
B0FFHEMMEI,西安国际陆港第一小学,科教文化服务;学校;小学,109.01443268332916,34.3658923488387,灞桥区,109.019377,34.364547
B0LGCAL05D,LULU艺术咖啡(浐灞梦工厂店),科教文化服务;培训机构;培训机构,109.00750684129126,34.33409499322682,未央区,109.012419,34.332713
B001D11SSB,百花小学,科教文化服务;学校;小学,108.96926544983296,34.32682763779064,未央区,108.974017,34.32533
B0I2UU1RUX,西安市未央区崇文路小学,科教文化服务;学校;小学,108.9740147367193,34.35274308886938,未央区,108.978787,34.351271
B0GUXZ8QV6,西安市浐灞第十六小学,科教文化服务;学校;小学,108.99713149993124,34.35833041105754,未央区,109.002001,34.356929
B0FFMCK333,时尚宠物美容学校,科教文化服务;培训机构;培训机构,109.00331478360182,34.3588303738577,未央区,109.008211,34.357448
B0FFKZN01K,中共陕西省国资委党校,科教文化服务;学校;学校,109.00029539603771,34.33994800453487,未央区,109.005177,34.338547
B0MUAS0V84,西安市未央区红旗学校,科教文化服务;科教文化场所;科教文化场所,108.96974778526769,34.348743686467515,未央区,108.974503,34.347258
B0FFHM25TJ,陕西地建土地工程技术研究院,科教文化服务;科研机构;科研机构,109.00036417171252,34.33908621684048,未央区,109.005246,34.337685
B0FFL0D4PY,陕西宏驰特种设备作业人员考点,科教文化服务;科教文化场所;科教文化场所,108.96853503332554,34.35370740451883,未央区,108.973286,34.352221
B0H1A535PP,清大东方消防学校,科教文化服务;培训机构;培训机构,108.96789089415252,34.33665955063349,未央区,108.972638,34.335163
B0LR5AA27L,常青路摩托车训练场,科教文化服务;科教文化场所;科教文化场所,108.97132533174302,34.34064346163542,未央区,108.976086,34.339158
B0FFGK18VI,博达小学,科教文化服务;学校;小学,108.99356719618368,34.36598824969958,未央区,108.998422,34.36458
B0IK6AFCI7,机械工业勘察设计研究院有限公司,科教文化服务;科教文化场所;科教文化场所,108.98422293993596,34.34136060772409,未央区,108.989036,34.339912
B0J30LA5A9,联通西部创新研究院,科教文化服务;科研机构;科研机构,108.99576362536156,34.33169476224039,未央区,109.000625,34.330276
B0HB7X2JXX,未央区新文化馆,科教文化服务;科教文化场所;科教文化场所,108.98636269315362,34.356406768963055,未央区,108.991186,34.354972
B0L1ODNYGA,高新一中陆港小学(南校区),科教文化服务;学校;小学,109.01802868518256,34.36522716222853,灞桥区,109.022988,34.363892
B0LK2SR803,海峰影视,科教文化服务;传媒机构;传媒机构,108.97365589642676,34.33175840793823,未央区,108.978425,34.330275
B0J2BSP5Y1,西安市勘察测绘院东部分院,科教文化服务;科教文化场所;科教文化场所,109.00258450739793,34.34011896726835,未央区,109.007476,34.338725
B0LD2BI4ZL,西安国际港务区高新一中陆港小学(北门),科教文化服务;学校;小学,109.02069726551476,34.36984205001454,灞桥区,109.025668,34.368517
B0K3XO7QLO,陕西省电子技术研究所有限公司,科教文化服务;科研机构;科研机构,109.00898499779392,34.32834829487101,未央区,109.013903,34.326968
B0JDLCRS7L,陕西省安全生产宏驰考试点,科教文化服务;科教文化场所;科教文化场所,108.9685360313244,34.35368541302219,未央区,108.973287,34.352199
B0FFK8D7PC,西安青雨艺术学校,科教文化服务;学校;职业技术学校,108.97621972532758,34.354986812073705,未央区,108.981001,34.353522
B0HAYSZ0LG,好未来教育科技(红旗东路校区),科教文化服务;培训机构;培训机构,108.97603347351048,34.35500932301916,未央区,108.980814,34.353544
B0L3KDBKN2,践行未来成长空间,科教文化服务;培训机构;培训机构,108.97690716112768,34.32829199864479,未央区,108.981689,34.326816
B0KDP154UU,陕西优而思教育,科教文化服务;培训机构;培训机构,109.01903404537995,34.37074935473056,灞桥区,109.023998,34.36942
B0IRCZ6AX5,浐灞生态区互联网生活垃圾分类展示教育及分拣中心,科教文化服务;科教文化场所;科教文化场所,109.00432042524544,34.370987997286306,未央区,109.009222,34.369615
B0FFLJ36Q3,西安德顿艺术培训学校,科教文化服务;培训机构;培训机构,108.97466192991293,34.33133183038833,未央区,108.979435,34.329851
B0FFKZKFBP,自然资源部退化及未利用土地整治工程重点实验室,科教文化服务;科研机构;科研机构,109.00030438154222,34.33965911855651,未央区,109.005186,34.338258
B0MAH1NEV5,亚朵竹居流动图书馆(西安高铁北站红旗厂地铁站),科教文化服务;图书馆;图书馆,108.97622870232344,34.35482786759928,未央区,108.98101,34.353363
B0FFLLE05U,陕西省小天鹅艺术团(浐灞分部),科教文化服务;科教文化场所;科教文化场所,109.00905727558428,34.33324173736321,未央区,109.013976,34.331864
B0M6Z72GSB,西安可鑫化妆学校,科教文化服务;培训机构;培训机构,108.96741091310076,34.33425996686829,未央区,108.972156,34.332761
B0MG3S8XU5,西安市·小东音乐凤凰城(云府校区),科教文化服务;培训机构;培训机构,108.9857976692754,34.37326866703252,未央区,108.99062,34.371841
B0K0A7YS5S,华夏文创馆,科教文化服务;科教文化场所;科教文化场所,109.01590858188844,34.352909671411105,灞桥区,109.020858,34.351562
B0FFL7QECI,陕西市政建筑设计研究院有限公司,科教文化服务;科研机构;科研机构,109.00158991640971,34.33869668282185,未央区,109.006477,34.337299
B0FFKFV9WQ,西安乐音树艺术培训学校,科教文化服务;培训机构;培训机构,108.96776608055372,34.34015417397622,未央区,108.972513,34.338659
B0KRAD76YZ,西安贝儿雅音乐,科教文化服务;培训机构;培训机构,109.00016418554593,34.36108478346253,未央区,109.005047,34.359694
B0FFIEDFM7,枫林九溪幼儿园,科教文化服务;学校;幼儿园,109.01432579030242,34.36994154193093,灞桥区,109.01927,34.368598
B0J3CUJQ78,正心格练字,科教文化服务;培训机构;培训机构,108.9883170442072,34.372913375724096,未央区,108.99315,34.371493
B0L61UPIS1,景尚七十七号艺术空间,科教文化服务;科教文化场所;科教文化场所,108.97994979338377,34.327838552331265,未央区,108.984744,34.326371
B0LGJRS03X,舞之奕少儿艺术,科教文化服务;培训机构;培训机构,109.02370981030144,34.37195739092521,灞桥区,109.028693,34.370642
B0LGBL5N8S,咔嗒影游声音工作室(Kata Sound Studio),科教文化服务;培训机构;培训机构,109.00804171131264,34.33217430540209,未央区,109.012956,34.330793
B001D0W469,北辰第一中心幼儿园,科教文化服务;学校;幼儿园,108.99626932342136,34.368961511558226,未央区,109.001136,34.367563
B0J2HCHT1H,西安未央颐合府云锦品格幼儿园,科教文化服务;学校;幼儿园,108.99734644640168,34.35984198302047,未央区,109.002217,34.358442
B0IG95B3TS,西安汉唐驾校(总校训练基地),科教文化服务;驾校;驾校,108.98220705095652,34.35693869778907,未央区,108.987013,34.355492
B0FFFV0AHX,西安市未央区宇辰幼儿园,科教文化服务;学校;幼儿园,108.99354318682978,34.367330620724694,未央区,108.998398,34.365923
B0LDGD3JMX,黄河爵士鼓(龙湖西安未央天街店),科教文化服务;培训机构;培训机构,108.98087546284862,34.34613099999537,未央区,108.985675,34.344675
B0LKJZ1Y29,升鋆舞蹈,科教文化服务;培训机构;培训机构,108.9809062493502,34.34717139337079,未央区,108.985706,34.345716
B0HG7SLXA3,国家西北荒漠化沙化实验监测基地,科教文化服务;科研机构;科研机构,109.0016606672214,34.33803079249594,未央区,109.006548,34.336633
B0K0LUX8RM,鹏瑞驾校总校训练基地,科教文化服务;驾校;驾校,108.96853113764377,34.340493997393274,未央区,108.973281,34.339001
B0J29U611J,枫丹唐悦幼儿园,科教文化服务;学校;幼儿园,108.99581306235218,34.33587559774481,未央区,109.000675,34.334459
B0KKD54HY1,斯酷街舞龙湖店,科教文化服务;培训机构;培训机构,108.98115732352647,34.34583033482708,未央区,108.985958,34.344375
B0JRJAGA3J,海豚之音艺术学校,科教文化服务;培训机构;培训机构,108.9790365499281,34.32768824035562,未央区,108.983827,34.326218
B0LRN1MS2Y,英葵YINGKUI艺术成长素养中心,科教文化服务;学校;学校,108.99555832890806,34.35771149932494,未央区,109.000421,34.356305
B0LBC6B2P7,赵汝飞练字高新一中陆港校区,科教文化服务;培训机构;培训机构,109.02473391447997,34.36925495138082,灞桥区,109.029721,34.367941
B0L11CM38L,西安市交警支队马路骑士摩托车考场,科教文化服务;驾校;驾校,108.9704376097409,34.33065069036282,未央区,108.975194,34.329158
B0IB1ZG3W9,启绘少儿创意美术(凤凰城校区),科教文化服务;培训机构;培训机构,108.98888961743612,34.37284370371433,未央区,108.993725,34.371425
B0M6OAKWZ8,中国煤科科工装备研发中心,科教文化服务;科研机构;科研机构,109.01057597743736,34.33107722225761,未央区,109.015501,34.329703
B0I61C7CP1,瓦力工厂机器人编程(凤凰城豪园店),科教文化服务;培训机构;培训机构,108.9898784241799,34.37264784924675,未央区,108.994718,34.371232
B0FFFSJ0IN,西安市未央区星宇幼儿园,科教文化服务;学校;幼儿园,108.99685102452575,34.36648504432111,未央区,109.00172,34.365087
B0FFHNGXZZ,向太阳艺术培训学校,科教文化服务;培训机构;培训机构,108.96794840952803,34.339886827111656,未央区,108.972696,34.338392
B0MB4UYX1P,九垚影业,科教文化服务;传媒机构;传媒机构,108.97260575629126,34.359464536312984,未央区,108.977373,34.357992
B0LGMR9C50,豆子街舞,科教文化服务;培训机构;培训机构,108.98824235438174,34.37299555482035,未央区,108.993075,34.371575
B0FFK5QHGW,印象美艺术中心,科教文化服务;培训机构;培训机构,108.96741760442404,34.32555610264964,未央区,108.972162,34.324053
B0LU5CJZXV,陕西龙启训练基地,科教文化服务;培训机构;培训机构,108.98616252810216,34.3565183046685,未央区,108.990985,34.355083
B0FFK80BZN,品格幸福里幼儿园,科教文化服务;学校;幼儿园,108.97794593894234,34.3284050061445,未央区,108.982732,34.326932
B0I1UC06AW,北城驾校北郊训练基地(总校),科教文化服务;驾校;驾校,108.97993936013198,34.35767687561354,未央区,108.984736,34.356224
B0LAUOA2X3,星之韵古筝艺术(凤四校区),科教文化服务;培训机构;培训机构,108.98384160920132,34.32844496750818,未央区,108.988652,34.326989
B0LG7Z0VI0,科控浐灞创新园会议中心,科教文化服务;科教文化场所;科教文化场所,109.00786181658596,34.328208740976955,未央区,109.012775,34.326825
B0KKAHGLFQ,闻森书苑,科教文化服务;科教文化场所;科教文化场所,108.99976619048084,34.357666747828866,未央区,109.004647,34.356273
B0FFF64Y6D,智能摇篮幼儿园,科教文化服务;学校;幼儿园,108.96638244515898,34.35060958507942,未央区,108.971125,34.349116
B0K10ZUW73,西安浐灞国际港陆港第十一幼儿园,科教文化服务;学校;幼儿园,109.0223516479917,34.368110248751584,灞桥区,109.027329,34.366789
B0JBGDO7XS,西安龙泽教育培训中心(未央实验分校),科教文化服务;培训机构;培训机构,108.98360566167776,34.32764203992384,未央区,108.988415,34.326185
B0K31UM1NL,光影玄界工作室,科教文化服务;传媒机构;传媒机构,108.9962046348006,34.36857191238791,未央区,109.001071,34.367173
B0LU5AO0CQ,好运自习室·寄宿公寓,科教文化服务;培训机构;培训机构,109.0183931482688,34.365498963096584,灞桥区,109.023354,34.364165
B0KAX7FA2D,藤蔓绘本馆(保利心语花园馆),科教文化服务;科教文化场所;科教文化场所,108.99903205426354,34.32555875935228,未央区,109.003907,34.324147
B0FFGIGK4K,西安市未央区北辰社区幼儿园,科教文化服务;学校;幼儿园,109.00195971108111,34.36971283305588,未央区,109.006851,34.368332
B0LGV7WFPO,乐远陆港高新一中旗舰店,科教文化服务;学校;中学,109.02371399925435,34.36954465256173,灞桥区,109.028697,34.368228
B0L1HHWK5W,西安欧亚艺术馆,科教文化服务;科教文化场所;科教文化场所,108.99201760270576,34.33296347613017,未央区,108.996863,34.331534
B0FFGS96LV,陕西省水利电力勘测设计研究院(华海湖滨会馆西)(建设中),科教文化服务;科研机构;科研机构,109.00429753124205,34.3353041136779,未央区,109.009196,34.333913
B0FFJX6B29,橙子里艺术空间北辰校区,科教文化服务;科教文化场所;科教文化场所,108.9953606511981,34.364015849634086,未央区,109.000223,34.362612
B0K1M7RVNJ,赵贺新书法(万科幸福里校区),科教文化服务;培训机构;培训机构,108.97885325470932,34.32822650826992,未央区,108.983643,34.326756
B0FFIV5HPT,英兰双语幼儿园,科教文化服务;学校;幼儿园,108.9783817281974,34.3577902718762,未央区,108.983172,34.356333
B0KB9RB5F7,西安乐驰驾校(总校),科教文化服务;科教文化场所;科教文化场所,108.99520318047264,34.35385653735887,未央区,109.000064,34.352447
B0K1JCB7I6,悦童启梦,科教文化服务;培训机构;培训机构,109.0010755349182,34.35772873755862,未央区,109.005962,34.356339
B0L0JNDW2J,牛津阅读,科教文化服务;培训机构;培训机构,109.02493710015194,34.369238394053326,灞桥区,109.029925,34.367925
B0K13X7IKU,优跃驾·西安鸣润驾校(总校)北郊培训基地,科教文化服务;驾校;驾校,108.9947522426624,34.35239464208554,未央区,108.999611,34.350983
B0LUNL6H24,乐芽音乐,科教文化服务;培训机构;培训机构,109.01389183129928,34.36746412586576,灞桥区,109.018834,34.366118
B001D08NA3,新月幼儿园(红旗路),科教文化服务;学校;幼儿园,108.97412998462184,34.35629396878213,未央区,108.978903,34.354824
B0HAPDSWQ6,慧才苑华远枫悦幼儿园,科教文化服务;学校;幼儿园,108.97357504936984,34.33378565621721,未央区,108.978344,34.332303
B0LAUZ6FTN,一画儿童美术中心,科教文化服务;科教文化场所;科教文化场所,109.01397348638042,34.367466882873366,灞桥区,109.018916,34.366121
B0K10CLAM6,至臻音乐(金地玖峰汇店),科教文化服务;培训机构;培训机构,109.01906690929722,34.37075025931512,灞桥区,109.024031,34.369421
B0MDDZL6SW,陕西亿播传媒有限公司,科教文化服务;传媒机构;传媒机构,109.0108486749437,34.33274760549535,未央区,109.015775,34.331375
B0FFL2HZTO,美吉恩北郡幼儿园,科教文化服务;学校;幼儿园,108.97870357952148,34.35580236914382,未央区,108.983495,34.354345
B0FFGYZ9GI,百花明德幼儿园,科教文化服务;学校;幼儿园,108.97049073414249,34.32664445335767,未央区,108.975247,34.32515
B0K22M81EU,艺知馨艺术凤凰城豪园校区,科教文化服务;培训机构;培训机构,108.98853014684842,34.37282278808808,未央区,108.993364,34.371403
B0LU4RZMNR,云朵ABC,科教文化服务;培训机构;培训机构,108.9836807452869,34.35893537561705,未央区,108.988493,34.357494
B0MGOZVIO8,大权书院,科教文化服务;培训机构;培训机构,109.00328023916104,34.34331528447176,未央区,109.008175,34.341925
B0L3XA13O3,莱檬架子鼓(北三环店),科教文化服务;培训机构;培训机构,108.98370272307751,34.358098739913544,未央区,108.988515,34.356657
B0LUXHI2Q3,爱乐云声乐器,科教文化服务;培训机构;培训机构,108.98600038863884,34.33038068894779,未央区,108.99082,34.328932
B0J1FH5WFJ,伴学文化,科教文化服务;培训机构;培训机构,108.99759358406126,34.35742047374419,未央区,109.002465,34.35602
B0J3CA8M2I,汉唐驾校(凤五训练基地),科教文化服务;驾校;驾校,108.96924121376787,34.33082180146224,未央区,108.973993,34.329326
B0K1CHDLAR,奕维自习室,科教文化服务;培训机构;培训机构,109.02336540842032,34.36955562670769,灞桥区,109.028347,34.368238
B0I12ZC0FO,西安市未央区景云幼儿园,科教文化服务;学校;幼儿园,108.97978259281824,34.326479676359206,未央区,108.984576,34.325011
B0KD07ZRL3,惠舞艺术,科教文化服务;培训机构;培训机构,108.99555452517882,34.35556560529903,未央区,109.000417,34.354158
B0L3MCLEID,limi梨米绘本悦读屋,科教文化服务;培训机构;培训机构,108.97808717437876,34.33069751213534,未央区,108.982874,34.329226
B0LG9HV88S,云帆课后成长中心,科教文化服务;培训机构;培训机构,108.96649681848284,34.340858131025584,未央区,108.971239,34.33936
B0FFL4QBMA,天朗教育中心,科教文化服务;科教文化场所;科教文化场所,109.00401257417614,34.32561360817629,未央区,109.008909,34.324217
B0FFG77OG3,新概念第六幼儿园,科教文化服务;学校;幼儿园,108.96901933811876,34.33964712164291,未央区,108.973771,34.338155
B0KKDS4KKG,乐爵音乐艺术,科教文化服务;培训机构;培训机构,108.98550272099888,34.32752551841552,未央区,108.99032,34.326074
B0LBRRK925,西安怀特游泳救生员指导员培训基地,科教文化服务;培训机构;培训机构,108.97171395027758,34.32686604776429,未央区,108.976475,34.325375
B0HRVRZ2PH,华远·枫悦社区文化活动中心,科教文化服务;科教文化场所;科教文化场所,108.9747015919486,34.333504676869865,未央区,108.979475,34.332025
B0HKG5BS47,杉森画艺,科教文化服务;培训机构;培训机构,108.97220920997124,34.36074795789558,未央区,108.976975,34.359275
B0L2DS83RY,青氧书吧自习室,科教文化服务;培训机构;培训机构,108.97627751274844,34.35474177429139,未央区,108.981059,34.353277
B0L6RDR2BJ,益品益优托管中心(未央区西大附中浐灞中学店),科教文化服务;培训机构;培训机构,109.00406634699834,34.325561469750205,未央区,109.008963,34.324165
B0MGPA0BUT,西安市未央区第四幼儿园,科教文化服务;学校;幼儿园,108.97148720964756,34.33446502920383,未央区,108.976248,34.332977
B0K67UYVV3,青禾课后馆,科教文化服务;培训机构;培训机构,108.98502472543898,34.32757390489804,未央区,108.98984,34.326121
B0LRCPF37P,贝尔安亲浐灞一小(创新一小分校),科教文化服务;学校;小学,109.00054335679349,34.32768116271384,未央区,109.005425,34.326275
B0FFGFWFUW,卓尔品质教育,科教文化服务;培训机构;培训机构,108.99613114240228,34.36629532722255,未央区,109.000997,34.364895
B0MA6DL08Z,敕勒歌马头琴工作室,科教文化服务;培训机构;培训机构,108.99850324964235,34.326574885726195,未央区,109.003376,34.325162
B0FFLC7IBU,树德安亲托管连锁机构,科教文化服务;培训机构;培训机构,108.9973187492764,34.357656187666976,未央区,109.002189,34.356255
B0JGM73IQE,国文驾校训练基地,科教文化服务;驾校;驾校,108.9719305348384,34.33373817732699,未央区,108.976693,34.332251
B0FFIOBCXL,伟童品诺幼儿园,科教文化服务;学校;幼儿园,108.98878902661852,34.361091150635104,未央区,108.993623,34.359666
B0FFI0O4GE,爱马舞蹈艺术,科教文化服务;培训机构;培训机构,108.99460558344316,34.367787168869285,未央区,108.999465,34.366383
B0FFGZYK1N,西安浐灞北辰第二幼儿园,科教文化服务;学校;幼儿园,109.0019995388324,34.36971770952769,未央区,109.006891,34.368337
B0K0MSSIIK,西安美术狮浐灞校区,科教文化服务;科教文化场所;科教文化场所,109.00146585535911,34.35767357994923,未央区,109.006354,34.356285
B0LDFCR2UR,枫叶舞蹈,科教文化服务;培训机构;培训机构,108.9800801082186,34.32964132012803,未央区,108.984875,34.328175
B0FFFSILUN,梦舞林艺术素质教育,科教文化服务;培训机构;培训机构,109.00195097383262,34.367040262071065,未央区,109.006842,34.365658
B0K2ZZ68K5,西安浐灞恒大江湾幼儿园,科教文化服务;学校;幼儿园,108.999705271714,34.35982782505305,未央区,109.004586,34.358435
B0L1ZLNZM4,连真英语学习规划工作室,科教文化服务;培训机构;培训机构,109.01115737354476,34.33260275259941,未央区,109.016085,34.331231
B0K6N546LN,卓尔托教中心,科教文化服务;培训机构;培训机构,108.99536244960748,34.3663276403875,未央区,109.000225,34.364925
B0L22ZZQ6G,WUSETU.ART,科教文化服务;培训机构;培训机构,109.00460638894432,34.333079250907495,未央区,109.009506,34.331688
B0KK7UJMW4,熙诺艺术中心,科教文化服务;培训机构;培训机构,109.01263238641744,34.36478026170104,灞桥区,109.017569,34.363429
B0JB15BAF1,长盛医学研究中心,科教文化服务;科教文化场所;科教文化场所,109.00663194101354,34.32999160222731,未央区,109.01154,34.328605
B0FFHI699A,未央区星光幼儿园,科教文化服务;学校;幼儿园,108.98490283832938,34.36839787764461,未央区,108.989721,34.366965
B0K19UAO6R,贝尔安亲(高新一中陆港小学校区),科教文化服务;培训机构;培训机构,109.02276696639068,34.36802211986899,灞桥区,109.027746,34.366702
B0LB9LYLIT,Aplus少儿成长中心,科教文化服务;培训机构;培训机构,108.97739120457102,34.328249651826575,未央区,108.982175,34.326775
B0KDHZFOV5,百花村摩托训练场,科教文化服务;驾校;驾校,108.97212986700094,34.33235829893349,未央区,108.976893,34.330871
B0JBRRRPNP,云边艺术创作馆,科教文化服务;培训机构;培训机构,108.9836905688908,34.36056151117285,未央区,108.988503,34.359121
B0LDFLYLEW,腾泷驾校总校,科教文化服务;驾校;驾校,108.98840467227122,34.37291211504983,未央区,108.993238,34.371492
B0JRSLNAMA,爱画画少儿美学空间,科教文化服务;培训机构;培训机构,108.97741510698836,34.328257580446575,未央区,108.982199,34.326783
B0IGRHXXWB,玄素·围棋,科教文化服务;培训机构;培训机构|体育休闲服务;体育休闲服务场所;体育休闲服务场所,108.98713901612062,34.36117302285248,未央区,108.991966,34.359743
B0L6T7DJPK,一撇一捺书法工作室,科教文化服务;培训机构;培训机构,108.97824472492007,34.32837916952048,未央区,108.983032,34.326907
B0H29Z5W36,乐融语言艺术中心(幸福里校区),科教文化服务;培训机构;培训机构,108.97857822387354,34.330084407827286,未央区,108.983367,34.328614
B0KGF5YFYQ,三雄极光幻彩编程(大明宫建材家居批发基地店),科教文化服务;培训机构;培训机构,108.97407988977233,34.37192898658217,未央区,108.978854,34.370467
B0L0D6LAT8,萌兔星球弹珠堂,科教文化服务;培训机构;培训机构,108.98042734799157,34.34568251517794,未央区,108.985225,34.344225
B0L2MPWZDY,敕东方美学空间,科教文化服务;培训机构;培训机构,108.9677603851986,34.33671886368566,未央区,108.972507,34.335222
B0FFGAOYMQ,未来之星幼儿园,科教文化服务;学校;幼儿园,109.00207344646826,34.33137675263905,未央区,109.006962,34.329977
B0L6Z730SV,嗨颜美术中心(未央天街校区),科教文化服务;科教文化场所;科教文化场所,108.98057662086674,34.34703141426485,未央区,108.985375,34.345575
B0L0BAUC3P,西安市未央区谭家幸福臻园幼儿园,科教文化服务;学校;幼儿园,108.97708249935776,34.32771677714855,未央区,108.981865,34.326241
B0KDCHU8BK,安至驾校总校训练基地,科教文化服务;驾校;驾校,108.96601716474888,34.34635865144056,未央区,108.970758,34.344862
B0JRNDZ59U,森林王儿童之家(碧桂园店),科教文化服务;培训机构;培训机构,108.9821639131633,34.37277258435549,未央区,108.986971,34.371334
B0LDD57SQE,腾飞驾校报名处,科教文化服务;驾校;驾校|生活服务;生活服务场所;生活服务场所,108.9957963309819,34.35739294079046,未央区,109.00066,34.355987
B0IUDZFJ9Q,青葵成长中心,科教文化服务;培训机构;培训机构,109.0035912136134,34.32769889913478,未央区,109.008486,34.326302
B0KDG5LAJ4,悦说语言表演艺术,科教文化服务;培训机构;培训机构,108.9994500717853,34.327696477588475,未央区,109.004327,34.326287
B0LAZCYY3E,灼客文创传媒直播教学基地,科教文化服务;培训机构;培训机构,109.02482025440496,34.349491858555325,灞桥区,109.029806,34.348168
B0K2YHPQ9E,北邑书画工作室,科教文化服务;培训机构;培训机构,108.96854422490443,34.32669261019693,未央区,108.973293,34.325193
B0FFM3F9CD,哈尼熊幼儿正向养育中心(恒大帝景店),科教文化服务;培训机构;培训机构,108.98051546887044,34.3278019420172,未央区,108.985312,34.326336
B0FFL32A6V,金源驾校(太华北路校区),科教文化服务;驾校;驾校,108.9666274704648,34.33911764488568,未央区,108.97137,34.337619
B0G3FUKRQC,快马驾校(北辰店)原泾未驾校,科教文化服务;科教文化场所;科教文化场所,108.99725719468736,34.36742432033763,未央区,109.002128,34.366028
B0LDGAD36S,多喜艺术,科教文化服务;培训机构;培训机构,108.98196652730785,34.351189310578654,未央区,108.986771,34.349739
B0L2GUSXAK,昂立Ai智学中心,科教文化服务;培训机构;培训机构,109.02407554397251,34.36949466499112,灞桥区,109.02906,34.368179
B0MAHULWHT,云创帧年Ai电影制片,科教文化服务;科教文化场所;科教文化场所,109.00759871522284,34.33092124067826,未央区,109.012511,34.329538
B0LUKAUWGP,中国传统文化艺术中心,科教文化服务;科教文化场所;科教文化场所,108.9932882557614,34.355691398070505,未央区,108.998141,34.354277
B0K17CQE6T,西美美术书法,科教文化服务;培训机构;培训机构,108.97388884574796,34.33328703140016,未央区,108.978659,34.331805
B0GRXM9FP0,清大私塾,科教文化服务;培训机构;培训机构,108.9846623910078,34.361871983064965,未央区,108.989479,34.360435
B0I0YHX9X3,专注少儿编程,科教文化服务;培训机构;培训机构,109.01397645865951,34.36764578038728,灞桥区,109.018919,34.3663
B0M6TZ3IJY,西安市恩典星禾托管中心,科教文化服务;培训机构;培训机构,108.97383254012443,34.327589908907136,未央区,108.978602,34.326105
B0JGMM8LUQ,初音音乐馆,科教文化服务;培训机构;培训机构,108.98167247797852,34.33034338695172,未央区,108.986474,34.328882
B0M6TS3IVB,爱之翼托管,科教文化服务;培训机构;培训机构,108.98366938981084,34.32771082070374,未央区,108.988479,34.326254
B0L0CLZOJX,启锐亿JM吉姆舞蹈(凤凰城店),科教文化服务;培训机构;培训机构,108.9882722364038,34.37288952198504,未央区,108.993105,34.371469
B0FFL6KAKC,西安未央博识追梦幼儿园,科教文化服务;学校;幼儿园,108.9836923916052,34.32653331126821,未央区,108.988502,34.325076
B0FFL1QPXD,云朵朵课外菁英教育少儿学后托管,科教文化服务;培训机构;培训机构,109.00246354940452,34.3576975376159,未央区,109.007356,34.356312
B0K0VRF4DK,诺家-陆港高新一中加盟店,科教文化服务;培训机构;培训机构,109.01901911067664,34.370708419483435,灞桥区,109.023983,34.369379
B001D0VZDA,苗苗艺术幼儿园(渭清路),科教文化服务;学校;幼儿园,108.9654778440722,34.35042600223444,未央区,108.970217,34.34893
B0LGHZLTL6,赵汝飞未央实验校区,科教文化服务;培训机构;培训机构,108.9837550542298,34.327442696995554,未央区,108.988565,34.325986
B0JU6D0E0O,陕西艺芳禾影视,科教文化服务;传媒机构;传媒机构,109.00177527277388,34.33684302201785,未央区,109.006663,34.335445
B0J0RZMRR9,驭笔书院,科教文化服务;培训机构;培训机构,108.97872063120334,34.33022093664699,未央区,108.98351,34.328751
B0HUYSSG1W,夏尔丹美术中心,科教文化服务;培训机构;培训机构,108.97513089875112,34.333230614978504,未央区,108.979906,34.331752
B0M6XDPCVZ,北大青鸟,科教文化服务;培训机构;培训机构,108.96618163742582,34.369559356498854,未央区,108.970925,34.368075
B0KAXUEL6O,红樱桃幼儿园,科教文化服务;科教文化场所;科教文化场所,108.96698222125026,34.35019523980551,未央区,108.971727,34.348703
B0FFIII56H,西安国际会展中心,科教文化服务;会展中心;会展中心,109.03604879381076,34.33911014321556,灞桥区,109.041077,34.337811
B0FFMHT61M,西安国际会展中心会议楼,科教文化服务;科教文化场所;科教文化场所,109.03815044320054,34.33530076922864,灞桥区,109.043186,34.334005
B0LR9BP5IR,浐灞会展中心,科教文化服务;会展中心;会展中心,109.03847226728098,34.33546190234541,灞桥区,109.043509,34.334167
B0HURZ3AFW,西安国际会议中心2号楼,科教文化服务;会展中心;会展中心,109.05301134928662,34.331058866281566,灞桥区,109.058096,34.329794
B0H0VZYVQI,西安交通大学附属中学浐灞右岸学校,科教文化服务;学校;中学,109.03751738389737,34.35108854025839,灞桥区,109.042552,34.349799
B0GUB5M256,陕西师范大学陆港小学,科教文化服务;学校;小学,109.0496953985124,34.368016032692374,灞桥区,109.054773,34.366763
B0J15UWOQZ,西安国际会展中心1号展厅,科教文化服务;会展中心;会展中心,109.03596027397522,34.337321237764286,灞桥区,109.040988,34.336021
B0FFMHT4LY,西安国际会展中心展览馆,科教文化服务;展览馆;展览馆,109.03363499782024,34.336737451877724,灞桥区,109.038654,34.335431
B0FFLIPLR9,西安市浐灞实验小学,科教文化服务;学校;小学,109.02577857105936,34.34770709034166,灞桥区,109.030768,34.346385
B0FFFX82F1,西安市浐灞第一中学,科教文化服务;学校;中学,109.05393883070332,34.33963191958712,灞桥区,109.059027,34.338373
B0J15UWP0O,西安国际会展中心3号展厅,科教文化服务;会展中心;会展中心,109.03685288487046,34.33856839343608,灞桥区,109.041884,34.337271
B0FFH70CWL,珍宝博物馆,科教文化服务;博物馆;博物馆,109.05746184062994,34.32581602630232,灞桥区,109.062559,34.324557
B0IGBLQUU4,西安国际会展中心展览中心2号展厅,科教文化服务;展览馆;展览馆,109.03386300438136,34.33831509650358,灞桥区,109.038883,34.33701
B001D0040C,西安市第八十三中学浐灞分校,科教文化服务;学校;中学,109.05971065794532,34.33721464855249,灞桥区,109.064815,34.335965
B0GU2CF913,陕西师范大学浐灞国际港实验小学,科教文化服务;学校;小学,109.05838529473267,34.33704201600468,灞桥区,109.063486,34.33579
B0JBYSQ9IJ,陆港第五小学,科教文化服务;学校;小学,109.07277280731655,34.370147370174955,灞桥区,109.077911,34.368933
B0FFMHPINZ,西安市浐灞第三十二小学,科教文化服务;学校;小学,109.04693283057902,34.33869474717433,灞桥区,109.051999,34.337421
B0J3LZAJ7U,华巨臣西部茶博会,科教文化服务;科教文化场所;科教文化场所,109.03605178962032,34.33903017472848,灞桥区,109.04108,34.337731
B0IBS5U1L6,西安国际港务区新农小学,科教文化服务;学校;小学,109.07851452587596,34.36425561725964,灞桥区,109.083663,34.363044
B001D0Z5Y0,浐灞第十九小学,科教文化服务;学校;小学,109.07006395137874,34.33064047611067,灞桥区,109.075193,34.329403
B0GUXOBCA0,西安国际会展中心5号馆,科教文化服务;科教文化场所;科教文化场所,109.03725535954852,34.33920108333561,灞桥区,109.042288,34.337905
B0M6TD3CRD,西安帝祥培训中心,科教文化服务;培训机构;培训机构,109.04892532731544,34.36246053757908,灞桥区,109.054,34.361203
B0LU4CL6CQ,陕西泽林教育科技有限公司,科教文化服务;培训机构;培训机构,109.04737326868432,34.36327342806538,灞桥区,109.052443,34.362013
B0L2MSYF8X,民机试飞中心(创新中心),科教文化服务;科教文化场所;科教文化场所,109.03356812682708,34.349841157774726,灞桥区,109.038588,34.348541
B0MB47087M,高途考研集训营·保研(西安校区),科教文化服务;培训机构;培训机构,109.06219770443938,34.36471372206853,灞桥区,109.067311,34.363482
B0KDO7Q71C,陕西锅特特种设备作业人员考试机构,科教文化服务;科教文化场所;科教文化场所,109.04773886977584,34.36569538131489,灞桥区,109.05281,34.364437
B001D08RAL,贺韶小学,科教文化服务;学校;小学,109.07548432823155,34.37198146279104,灞桥区,109.080628,34.370771
B0IR3ZH9LX,西安国际会展中心2号楼,科教文化服务;会展中心;会展中心,109.03289566813584,34.3381836643052,灞桥区,109.037912,34.336876
B0HAKPHUUY,秦始皇帝陵博物院文创展示中心,科教文化服务;展览馆;展览馆,109.0360268759575,34.339095205667014,灞桥区,109.041055,34.337796
B0MAD9J89G,西安国际会展中心浐灞2号馆,科教文化服务;会展中心;会展中心,109.03415377397592,34.33992856071503,灞桥区,109.039175,34.338625
B0JBMU4V4P,会展驿,科教文化服务;展览馆;展览馆,109.0359937440745,34.33040048917877,灞桥区,109.041021,34.329097
B0G1ZO6YFK,西安丝路国际展览中心-6号馆,科教文化服务;科教文化场所;科教文化场所,109.03505033820068,34.3409247810898,灞桥区,109.040075,34.339624
B0J15UWH97,西安国际会展中心4号展厅五金管家,科教文化服务;会展中心;会展中心,109.03510025522289,34.33972624126902,灞桥区,109.040125,34.338425
B0LD9ZWQIO,正心格练字(高新一中陆港小学店),科教文化服务;培训机构;培训机构,109.02565815430285,34.36993002806562,灞桥区,109.030649,34.368619
B0MBHRIW8J,超格教育,科教文化服务;培训机构;培训机构,109.0623612838276,34.364706465468736,灞桥区,109.067475,34.363475
B0GKXRFVLI,壹家书画店,科教文化服务;培训机构;培训机构,109.02920523107352,34.34557179925639,灞桥区,109.034208,34.344258
B0K6OSWE2T,百顺驾校(总校考场直招)训练场,科教文化服务;驾校;驾校,109.07564798595668,34.32650807777608,灞桥区,109.080788,34.325275
B0FFHPB0YD,浐灞第一幼儿园,科教文化服务;学校;幼儿园,109.04829977172174,34.33424096605299,灞桥区,109.05337,34.332968
B0IR07REFZ,浐灞生态区小雅幼儿园,科教文化服务;学校;幼儿园,109.0468520425853,34.33930962285842,灞桥区,109.051918,34.338036
B0I2MMAJKT,西安国际港务区陆港第四幼儿园,科教文化服务;学校;幼儿园,109.06606816472132,34.363945259179694,灞桥区,109.071191,34.362719
B0KKORZSHY,一朵MIU文化艺术馆,科教文化服务;科教文化场所;科教文化场所,109.05961731411566,34.332557057817404,灞桥区,109.064721,34.331305
B0H3LSL2Z5,西安市浐灞第十三幼儿园,科教文化服务;学校;幼儿园,109.0269467220731,34.32667509566318,未央区,109.031939,34.325346
B0J1O1P2WP,西安国际港务区陆港第十幼儿园,科教文化服务;学校;幼儿园,109.0297245492552,34.364974541326724,灞桥区,109.034731,34.363672
B0KUTHAR2D,六品书院华润未来城校区,科教文化服务;培训机构;培训机构,109.02720110190184,34.36898028020521,灞桥区,109.032198,34.367673
B0I2XS28XN,培豆(西安)育幼学苑,科教文化服务;培训机构;培训机构,109.03021046451182,34.3439389144623,灞桥区,109.035217,34.342627
B0K1JUDQMM,赵汝飞练字(陕师大附小陆港汇悦城校区),科教文化服务;培训机构;培训机构,109.06261049697235,34.366405185473255,灞桥区,109.067725,34.365175
B0FFH9NAJX,西安浐灞国际港规划馆,政府机构及社会团体;政府机关;地市级政府及事业单位|科教文化服务;展览馆;展览馆,109.06010596714216,34.36748270294893,灞桥区,109.065214,34.366249
B0FFFA95MP,灞桥中心幼儿园,科教文化服务;学校;幼儿园,109.08060347851088,34.347782248903926,灞桥区,109.085754,34.346564
B0ID6C3T32,育树湾幼儿园,科教文化服务;学校;幼儿园,109.04677405545915,34.342129410181045,灞桥区,109.05184,34.340857
B001D0Z27M,爱华幼儿园,科教文化服务;学校;幼儿园,109.07076175991185,34.32703132382475,灞桥区,109.075892,34.325793
B0MA9UAR31,周唐文化馆,科教文化服务;文化宫;文化宫,109.0503952781981,34.36705808830041,灞桥区,109.055475,34.365806
B0HDFUHGSN,西安国际陆港第三幼儿园,科教文化服务;学校;幼儿园,109.05348568189284,34.36852015106238,灞桥区,109.058575,34.367275
B0K265Y3UT,山竹艺术,科教文化服务;培训机构;培训机构,109.06026653477552,34.33294277715432,灞桥区,109.065372,34.331692
B0I36LA5AO,西安国际港务区陆港第五幼儿园,科教文化服务;学校;幼儿园,109.03021327364402,34.3694079148639,灞桥区,109.035222,34.368109
B0I3TA77GB,赵汝飞练字(浐灞二小校区),科教文化服务;培训机构;培训机构,109.02647269340234,34.32560490363635,未央区,109.031463,34.324274
B0FFLCSLRD,元齐科目三考场,科教文化服务;科教文化场所;科教文化场所,109.05093365153871,34.366439311428195,灞桥区,109.056015,34.365188
B0GRTRFAII,晟帆艺术培训学校(优选店),科教文化服务;培训机构;培训机构,109.05034947609576,34.36642951097118,灞桥区,109.055429,34.365177
B0LR0OPIMN,西安中国中西部动漫文化巡展,科教文化服务;科教文化场所;科教文化场所,109.03604678714883,34.339274068191166,灞桥区,109.041075,34.337975
B0LB5UNP34,大新晟睿浐灞校区,科教文化服务;培训机构;培训机构,109.04677923012706,34.339907489231415,灞桥区,109.051845,34.338634
B0FFLDDOWA,浐灞第四幼儿园,科教文化服务;学校;幼儿园,109.05398279379916,34.338548364285025,灞桥区,109.059071,34.337289
B0LR275TDM,讯飞英语通AI智习体验馆,科教文化服务;培训机构;培训机构,109.04335130815662,34.34481974551094,灞桥区,109.048406,34.343541
B0H1FSDTZD,西安市浐灞生态区第十六幼儿园,科教文化服务;学校;幼儿园,109.0364134435875,34.3508444122196,灞桥区,109.041444,34.349552
B0IG0H85O2,西安市浐灞第九幼儿园,科教文化服务;学校;幼儿园,109.04412403824028,34.34059606272699,灞桥区,109.049181,34.339317
B0LUZCPKY9,西安陆港铭师艺术学校,科教文化服务;学校;职业技术学校,109.027267176427,34.36505215409509,灞桥区,109.032264,34.363743
B0FFFA95MM,向阳红幼儿园,科教文化服务;学校;幼儿园,109.08304276961692,34.34708179323151,灞桥区,109.088197,34.345865
B0HKN7R5XY,灞桥街道新时代文明实践所,科教文化服务;科教文化场所;科教文化场所,109.05233184782172,34.33754307598323,灞桥区,109.057415,34.33628
B0H6FKZJIA,婉君艺术中心(香湖湾分校),科教文化服务;培训机构;培训机构,109.05304678781692,34.33631626402347,灞桥区,109.058132,34.335054
B0JG95CG3S,万唯传媒,科教文化服务;传媒机构;传媒机构,109.07413804143286,34.35912858081266,灞桥区,109.079278,34.35791
B0K2SC9JJC,阅小星童书馆,科教文化服务;培训机构;培训机构,109.02772603770512,34.368880899011735,灞桥区,109.032725,34.367575
B0JK05QUK1,初舞街舞工作室,科教文化服务;培训机构;培训机构,109.0621645223326,34.36779416666629,灞桥区,109.067278,34.366564
B0MDKCCYN2,西安国际会展中心4号馆,科教文化服务;会展中心;会展中心,109.03519990180428,34.33952608594328,灞桥区,109.040225,34.338225
B0M6VPHIR9,乐爵音乐(港务区-港丰路),科教文化服务;培训机构;培训机构,109.02768917667824,34.36895496055181,灞桥区,109.032688,34.367649
B0LK6DL0FR,艺启未来学习中心,科教文化服务;培训机构;培训机构,109.06410656871998,34.36820193047366,灞桥区,109.069225,34.366975
B0LBYSSKI2,茉立绘本馆(港务区店),科教文化服务;培训机构;培训机构,109.02539520669114,34.3699167638885,灞桥区,109.030385,34.368605
B0MRKC3MGS,标准化安全生产考试示范点(西北地区),科教文化服务;科教文化场所;科教文化场所,109.03556065635726,34.36174200591773,灞桥区,109.040589,34.360453
B0L11RLQQH,芷羽古筝(恒大生活广场店),科教文化服务;培训机构;培训机构,109.02939136879972,34.34717150318347,灞桥区,109.034395,34.345859
B0LUZSUHT4,科大讯飞英语赵汝飞练字(浐灞实验校区),科教文化服务;学校;学校,109.02931865472507,34.34714071396824,灞桥区,109.034322,34.345828
B0JUTZZBZN,雅梦古筝工作室,科教文化服务;培训机构;培训机构,109.03260086711032,34.360592204344,灞桥区,109.037618,34.359295
B0L219UMEY,鹏瑞驾校(港务区摩托车培训),科教文化服务;培训机构;培训机构,109.03056707471706,34.36743001064428,灞桥区,109.035577,34.366131
B0LKV55673,扶小鹰AI双语阅读,科教文化服务;培训机构;培训机构,109.03122145573516,34.36857167722637,灞桥区,109.036234,34.367275
B0K2R71W4R,陕西博冉影视文化有限公司,科教文化服务;传媒机构;传媒机构,109.03257579440503,34.36255225795299,灞桥区,109.037593,34.361256
B0L10ACMOM,西安浐灞国际港第十五幼儿园,科教文化服务;学校;幼儿园,109.05298228002069,34.367541645184296,灞桥区,109.05807,34.366295
B0JRXCT5BY,壹家艺术嘉菲舞蹈,科教文化服务;培训机构;培训机构,109.02935862804728,34.34563135712804,灞桥区,109.034362,34.344318
B0FFGFQIRT,水电三局科技中心,科教文化服务;科研机构;科研机构,109.04646043120373,34.33815004445698,灞桥区,109.051525,34.336875
B0G1F5MXAK,贝尔安亲(浐灞实验小学店),科教文化服务;培训机构;培训机构,109.02784638599157,34.34756248704054,灞桥区,109.032844,34.346246
B0L2N7HJXB,蒙艺音乐,科教文化服务;培训机构;培训机构,109.03035887199722,34.3675175189699,灞桥区,109.035368,34.366218
B0FFM4DMNH,新艺代美术(浐灞校区),科教文化服务;培训机构;培训机构,109.05273469419222,34.336736672252385,灞桥区,109.057819,34.335474
B001D0W0EJ,新农小学幼儿园,科教文化服务;学校;幼儿园,109.07748702202996,34.356299648165525,灞桥区,109.082633,34.355083
B0LB7CFCLE,英领星,科教文化服务;科教文化场所;科教文化场所,109.02914332946722,34.347245133687345,灞桥区,109.034146,34.345932
B0KUCA2D39,睿之星科创中心(机器人编程),科教文化服务;培训机构;培训机构,109.06241602467765,34.366069668318715,灞桥区,109.06753,34.364839
B0LDFBQEMT,三明高中,科教文化服务;学校;中学,109.04222251573567,34.364346447529975,灞桥区,109.047275,34.363075
B0HK9H0LYI,梦航文具文化馆,科教文化服务;文化宫;文化宫,109.02753360736558,34.34769627282989,灞桥区,109.03253,34.346379
B0KUYU1Y6B,沐星泵业,科教文化服务;培训机构;培训机构,109.03086434790988,34.36252577386508,灞桥区,109.035875,34.361225
B0LDJXYYYF,海名西安餐饮供应链博览会(暂停营业),科教文化服务;科教文化场所;科教文化场所,109.03609661196508,34.33917399174269,灞桥区,109.041125,34.337875
B0IKXHQQLI,黄邓社区文化礼堂,科教文化服务;科教文化场所;科教文化场所,109.04929427710918,34.337852116747335,灞桥区,109.054368,34.336583
B0L15H0F8K,贝尔安亲陆港第五小学校区,科教文化服务;学校;小学,109.07568823801668,34.36861502987578,灞桥区,109.080832,34.367403
B0L0HZQ7RD,启锐亿JM吉姆舞蹈(奥体大道店),科教文化服务;培训机构;培训机构,109.0254699067775,34.36992954995631,灞桥区,109.03046,34.368618
B0L65ANUNG,米图智慧营(西安)托管服务有限公司,科教文化服务;培训机构;培训机构,109.05089554701314,34.36901703830504,灞桥区,109.055977,34.367767
B0FFKTAO1D,艾睿思教育(香湖湾校区),科教文化服务;培训机构;培训机构,109.05338878417,34.33603473382013,灞桥区,109.058475,34.334773
B0MGY76YCD,森林王儿童之家,科教文化服务;培训机构;培训机构,109.06415658799052,34.36655271812296,灞桥区,109.069275,34.365325
B0M6YHQRZ5,西安盛唐书画艺术研究院(新陆分院),科教文化服务;科研机构;科研机构,109.0565784555866,34.359109220249614,灞桥区,109.061676,34.357865
B0KK2C66PD,西安浐灞国际港家政技能人才实训基地,科教文化服务;科教文化场所;科教文化场所,109.04559118425485,34.362842556338954,灞桥区,109.050655,34.361578
B0H2Y9Z6C8,未来城幼儿园,科教文化服务;学校;幼儿园,109.03034874494118,34.369458527075494,灞桥区,109.035358,34.36816
B0JDNH8G9M,零壹街舞,科教文化服务;培训机构;培训机构,109.05297797919684,34.33650230844171,灞桥区,109.058063,34.33524
B0JDPKQ6NU,西安唐之韵会展,科教文化服务;科教文化场所;科教文化场所,109.03490130457662,34.336128499472224,灞桥区,109.039925,34.334825
B0FFIJOD8B,维拓儿童驾校(砂之船西安奥莱店)(装修中),科教文化服务;驾校;驾校|生活服务;生活服务场所;生活服务场所,109.04137703031002,34.34612469263764,灞桥区,109.046425,34.344842
B0LKNHPMII,知禾里,科教文化服务;培训机构;培训机构,109.02899008626048,34.368772529503,灞桥区,109.033994,34.36747
B0LUDLET6M,画艺少儿美术,科教文化服务;培训机构;培训机构,109.0628618323742,34.36667065145242,灞桥区,109.067977,34.365441
B0MANZPNX5,佳羽美学,科教文化服务;培训机构;培训机构,109.06494751474904,34.3680087717834,灞桥区,109.070068,34.366783
B0HDTRMING,浐灞祝博士托管中心,科教文化服务;培训机构;培训机构,109.04981961082277,34.337876010458466,灞桥区,109.054895,34.336608
B0GRDOKY3P,爱童托辅中心(灞桥分部店),科教文化服务;培训机构;培训机构,109.07016777994096,34.330017642868896,灞桥区,109.075297,34.32878
B0G3JU6ZFT,春芽艺术托管,科教文化服务;科教文化场所;科教文化场所,109.0708146654334,34.3268173600686,灞桥区,109.075945,34.325579
B0LARS6H0J,益佳课后服务中心,科教文化服务;培训机构;培训机构,109.02611312584014,34.325574908700055,未央区,109.031102,34.324243
B0L02AN1XB,张超山水画工作室(竹溪草堂),科教文化服务;培训机构;培训机构,109.06520394335308,34.36740071207615,灞桥区,109.070325,34.366175
B0FFGHSQP7,西安高新技师学院征兵工作站,科教文化服务;学校;高等院校,109.07773121838876,34.32615622332483,灞桥区,109.082875,34.324925
B0G0BBYPQF,陕西交通广播,科教文化服务;科教文化场所;科教文化场所,109.05359652468984,34.354957940411225,灞桥区,109.058685,34.353706
B0M6CHTZRE,西安龙启奥莱训练基地,科教文化服务;培训机构;培训机构,109.04152696341006,34.340809963376955,灞桥区,109.046575,34.339525
B0HKXUTSLC,西安浐灞丝路会展中心店,科教文化服务;科教文化场所;科教文化场所,109.04750013367868,34.33687940199461,灞桥区,109.052568,34.335606
B0LR5RC0NN,小牛焊接机器人西安体验店中心,科教文化服务;科教文化场所;科教文化场所,109.04043061880908,34.366346634364994,灞桥区,109.045477,34.365072
B0MBUUM9AY,乐学托管,科教文化服务;培训机构;培训机构,109.07119356871668,34.33016130737217,灞桥区,109.076325,34.328925
B0MDAU3QSP,陕西图腾体育文化传播有限公司,科教文化服务;科教文化场所;科教文化场所,109.05583021917356,34.363528313597335,灞桥区,109.060926,34.362285
B0HBT958P7,西安国际会展中心2期,科教文化服务;科教文化场所;科教文化场所,109.03847865915616,34.342272562530496,灞桥区,109.043516,34.340981
B0KBTL3FU9,西安艾上学托教中心,科教文化服务;培训机构;培训机构,109.02988146697906,34.34712821068141,灞桥区,109.034887,34.345817
B0G0H6EEZL,通慧托管辅导中心,科教文化服务;培训机构;培训机构,109.07044816609412,34.33010225163648,灞桥区,109.075578,34.328865
B0MABZRLAL,鼎校知行智能英语华南城店,科教文化服务;培训机构;培训机构,109.04129863048658,34.36557297699444,灞桥区,109.046348,34.3643
B0FFGFQ1GU,陕西红拳保护中心灞桥红拳培训基地,科教文化服务;培训机构;培训机构,109.07542186044547,34.34431169341275,灞桥区,109.080563,34.343087
B0L0YN5LQT,寓见儿童美术馆,科教文化服务;美术馆;美术馆,109.02843624967824,34.36882799719496,灞桥区,109.033438,34.367524
B0M6A5ZMZH,大丰书法工作室,科教文化服务;培训机构;培训机构,109.06499359709169,34.365769874361334,灞桥区,109.070114,34.364543
B0MRB68PGP,恒大御景幼儿园,科教文化服务;学校;幼儿园,109.02767870579358,34.33984575594527,灞桥区,109.032675,34.338525
B0L0O9JNER,海佳彩亮(华南城E区店),科教文化服务;传媒机构;传媒机构,109.0511762293736,34.36261680655703,灞桥区,109.056258,34.361364
B0L0JOGEVB,芷羽古筝(恒大生活广场店),科教文化服务;培训机构;培训机构,109.03013572613828,34.344263953173666,灞桥区,109.035142,34.342952
B0MG5PX3KH,七品书院,科教文化服务;培训机构;培训机构,109.02723596462876,34.36897318854719,灞桥区,109.032233,34.367666
B0L3CBIL38,抖鑫学院西安华南城(妙不可言)运营中心,科教文化服务;培训机构;培训机构,109.03231296950152,34.36051299715702,灞桥区,109.037329,34.359215
B0MGNKMM2I,西安比艾博会展有限公司,科教文化服务;传媒机构;传媒机构,109.03264767984184,34.34903295164993,灞桥区,109.037664,34.34773
B0MUNO4CSB,香阳村幼儿园,科教文化服务;学校;幼儿园,109.08062444376996,34.3477932267713,灞桥区,109.085775,34.346575
B0KKFUQB5X,长安幻月配音工作室,科教文化服务;培训机构;培训机构,109.06238012169597,34.36601475394825,灞桥区,109.067494,34.364784
B0LUALPYK1,志渝托管,科教文化服务;培训机构;培训机构,109.05623031214284,34.33763059151755,灞桥区,109.061325,34.336375
B001D0VRGQ,陕西能源职业技术学院(医学校区),科教文化服务;学校;高等院校,109.13807295212808,34.32718321307897,临潼区,109.14323,34.325931
B0FFL0Z36D,陕西蓝天民航技师学院(世园会校区),科教文化服务;学校;职业技术学校,109.11028562683228,34.33322839516467,灞桥区,109.115459,34.332007
B001D0907D,南陈小学,科教文化服务;学校;小学,109.09228825456104,34.36042962502093,灞桥区,109.097455,34.359224
B001D08NFB,西安市灞桥区邵平店小学,科教文化服务;学校;小学,109.11770939316015,34.33604185716975,灞桥区,109.122882,34.334817
B001D08MWO,西安市灞桥区新建小学,科教文化服务;学校;小学,109.09663593228802,34.34430001778206,灞桥区,109.101805,34.343087
B0K2MMUG8L,陕西能源职业技术学院,科教文化服务;科教文化场所;科教文化场所,109.13879466304066,34.32818478229231,临潼区,109.143951,34.326932
B0H0RSDIHG,西安木石皮匠家具美容技术培训学校,科教文化服务;培训机构;培训机构,109.12565177738722,34.34114878792675,灞桥区,109.130821,34.339919
B001D0ZLRT,三里小学,科教文化服务;学校;小学,109.09113783404209,34.36704653015056,灞桥区,109.096304,34.365844
B0FFL6XO60,西安市临潼区博睿小学,科教文化服务;学校;小学,109.13105750194822,34.345230038421846,临潼区,109.136223,34.343996
B001D0VTA6,西安铁道职业学校,科教文化服务;学校;职业技术学校,109.12488154196916,34.326840871867375,灞桥区,109.13005,34.325605
B0L6996NLP,岳沟小学,科教文化服务;学校;小学,109.14116643785692,34.350603346389704,临潼区,109.146322,34.349358
B0L04LZEG3,中国电建西北院,科教文化服务;科研机构;科研机构,109.11090198141044,34.328998737761985,灞桥区,109.116075,34.327775
B0KG7L9YB6,好老师专升本(陕能源教学点),科教文化服务;培训机构;培训机构,109.13398768029982,34.327948195439554,临潼区,109.139149,34.326702
B0J0MCZF3R,西安国际港务区垃圾分类分拣宣教中心,科教文化服务;科教文化场所;科教文化场所,109.10082625709568,34.36746928708337,灞桥区,109.106,34.366268
B0FFM34GDD,西安东城驾驶员科目三考场,科教文化服务;科教文化场所;科教文化场所,109.08656162758068,34.373085285330184,灞桥区,109.091723,34.371884
B0FFHKYWNT,吕家堡幼儿园,科教文化服务;学校;幼儿园,109.09849006130204,34.339573277554,灞桥区,109.10366,34.338358
B0GDH5YHC6,西安铁道职业学校西点学院,科教文化服务;学校;职业技术学校,109.12445625488388,34.32716027866299,灞桥区,109.129625,34.325925
B0KGHSYXTF,西安关中总校训练基地,科教文化服务;驾校;驾校,109.08864605078747,34.32748419116327,灞桥区,109.093806,34.326261
B0JG1UEOB8,斜口街道办事处代张杨小学,科教文化服务;学校;学校,109.12296935797484,34.35056335731386,临潼区,109.128141,34.349341
B0FFFA8ZG4,陕西省三维发展实验学校冷冻厂校区,科教文化服务;学校;职业技术学校,109.13049301044194,34.34538226608097,临潼区,109.135659,34.344149
B0LBZA5PB5,新纪元美业学院,科教文化服务;科教文化场所;科教文化场所,109.12590524112548,34.32632420488129,灞桥区,109.131073,34.325087
B0FFL5E2YK,悦阳艺术,科教文化服务;培训机构;培训机构,109.12101383369044,34.36826441498828,临潼区,109.126188,34.367053
B0LRVAJ9KF,陕西外国语培训学院,科教文化服务;科教文化场所;科教文化场所,109.12592025269038,34.32630523007609,灞桥区,109.131088,34.325068
B0K1BAJTUG,西安市临潼区军民驾校训练基地,科教文化服务;驾校;驾校,109.1347633791145,34.340033406420375,临潼区,109.139925,34.338792
B0FFGPJYZ9,西安市临潼区斜口街办岳沟幼儿园,科教文化服务;学校;幼儿园,109.14280629820708,34.35204013652566,临潼区,109.14796,34.350793
B0J37UFQSZ,贵思专升本临潼校区,科教文化服务;培训机构;培训机构,109.1335291640272,34.32885315908319,临潼区,109.138691,34.327608
B0FFHW77DB,西北核技术研究所-幼儿园,科教文化服务;学校;幼儿园,109.13429591533227,34.32866726440942,临潼区,109.139457,34.327421
B0G2Z7I3W3,丹青美术,科教文化服务;培训机构;培训机构,109.13353932084586,34.327169971937025,临潼区,109.138701,34.325924
B0K0BHMFQV,陕西星聚历文化传播有限公司,科教文化服务;传媒机构;传媒机构,109.1172278492001,34.35202357745998,临潼区,109.122402,34.350807
B0FFFA91UD,西安市灞桥区邵平店幼儿园,科教文化服务;学校;幼儿园,109.11809048336512,34.3363939908219,灞桥区,109.123263,34.335169
B0FFMFG2JC,烹饪实训教学楼,科教文化服务;学校;学校,109.12673772447351,34.32723268546085,灞桥区,109.131905,34.325995
B0L01OGX5O,陕西新纪元烹饪学校西点西餐研学楼,科教文化服务;培训机构;培训机构,109.12529966724132,34.32840257119561,灞桥区,109.130468,34.327167
B0MBPX2WGG,陕西新纪元餐饮管理有限公司,科教文化服务;培训机构;培训机构,109.12784062553692,34.32593953876329,灞桥区,109.133007,34.3247
B0I2SUMP76,陕西历史博物馆秦汉馆,科教文化服务;博物馆;博物馆,108.85968750614806,34.40780136909165,渭城区,108.864302,34.406283
B0FFFZHNBW,清华大学附属中学秦汉学校,科教文化服务;学校;中学,108.87651032593683,34.40632842381067,渭城区,108.881109,34.404788
B0FFIKZFFE,西安市经开第一中学,科教文化服务;学校;中学,108.88688043003968,34.37967766324256,未央区,108.891473,34.378114
B001D09NUB,西安博爱学校,科教文化服务;学校;学校,108.87477165009446,34.375953457369285,未央区,108.879369,34.374398
B0JKXHMP56,西安戏剧学院,科教文化服务;学校;高等院校,108.8990249087237,34.411571292612685,渭城区,108.903622,34.410021
B0IRLCG2BA,西安市经开第五学校,科教文化服务;学校;中学,108.9045474696646,34.38701611219551,未央区,108.909146,34.385452
B038E0OGJW,秦咸阳宫遗址博物馆,科教文化服务;博物馆;博物馆,108.85523522854167,34.41471947990988,渭城区,108.859856,34.413212
B0FFJB7RQF,清华大学附属中学西安学校秦汉校区初中部,科教文化服务;科教文化场所;科教文化场所,108.87861142883972,34.4074038282009,渭城区,108.883209,34.405862
B0FFM5B1AT,秦汉小学,科教文化服务;学校;小学,108.8783951585728,34.40934450915326,渭城区,108.882993,34.407804
B0FFKFJIY3,秦汉新城立德思小学,科教文化服务;学校;小学,108.84550051318848,34.39653150352329,渭城区,108.850134,34.39503
B0FFGAPI2J,西安经开第一小学,科教文化服务;学校;小学,108.88697230661906,34.381368806223364,未央区,108.891565,34.379806
B0I195VFMO,西安经开第一小学(西校区),科教文化服务;学校;小学,108.8811581431147,34.376017473599184,未央区,108.885752,34.374456
B0LAAUAT18,西安大兴医院渭水园院区会议中心,科教文化服务;科教文化场所;科教文化场所,108.86598590910768,34.37883539394353,未央区,108.870591,34.377292
B038E0O38N,窑店中学,科教文化服务;学校;中学,108.85495326588452,34.40956002753137,渭城区,108.859574,34.40805
B0GR39LIFT,西安博爱国际学校小学部,科教文化服务;学校;小学,108.87419842992836,34.373743023485346,未央区,108.878796,34.372187
B0KKSZ3W24,新东方考研(长安大学渭水校区),科教文化服务;培训机构;培训机构,108.89166995431592,34.374658845611364,未央区,108.896262,34.37309
B038E0OGEQ,正阳中心小学,科教文化服务;学校;小学,108.88733140792483,34.41789339423218,渭城区,108.891927,34.416351
B0L33M8XUA,易迅通量子科技融合研发中心项目,科教文化服务;科教文化场所;科教文化场所,108.86741751494232,34.37652950443452,未央区,108.872021,34.374983
B038E0OSLC,刘家沟中心小学,科教文化服务;学校;小学,108.87147791270526,34.416461096306534,渭城区,108.876081,34.414932
B0G0XZZMK5,西北农林科技大学咸阳试验站,科教文化服务;科研机构;科研机构,108.84885667852576,34.408298647479185,渭城区,108.853486,34.406798
B0KRDALBS3,聚星鹏舟少儿篮球培训,科教文化服务;培训机构;培训机构,108.89234076027678,34.376149325180144,未央区,108.896933,34.374581
B0K1ORXZ84,朱雀宏观经济和产业经济研究中心,科教文化服务;科研机构;科研机构,108.8821200575245,34.3816932047572,未央区,108.886714,34.380134
B038E0OG0P,三义村小学,科教文化服务;学校;小学,108.877932071603,34.41971201679227,渭城区,108.882531,34.418178
B0KB7HMCLO,启学考研,科教文化服务;培训机构;培训机构,108.89204393533616,34.37441712987536,未央区,108.896636,34.372848
B001D11NK3,长安大学渭水校区实习基地,科教文化服务;学校;高等院校,108.90043521931462,34.3740082933979,未央区,108.90503,34.372437
B0M67ZWKSV,清华大学附属中学秦汉学校高中部,科教文化服务;学校;中学,108.87317410244376,34.40576222824937,渭城区,108.877775,34.404225
B0LB7UFFOI,秦学创艺,科教文化服务;培训机构;培训机构,108.88412792689353,34.37884127093385,未央区,108.888721,34.377279
B0FFHHLE70,经开一幼,科教文化服务;学校;幼儿园,108.8857830586049,34.38199870912613,未央区,108.890376,34.380437
B0I2G5GZDJ,西安经开第十幼儿园,科教文化服务;学校;幼儿园,108.88250262664116,34.37631939946942,未央区,108.887096,34.374757
B0MBKZPHM4,秦创慧通驾校(总校训练场),科教文化服务;培训机构;培训机构,108.88762300405516,34.3736943123466,未央区,108.892215,34.372127
B001D0WSQP,西安经开职业学校,科教文化服务;学校;职业技术学校,108.87423946065348,34.37372107930271,未央区,108.878837,34.372165
B0K1LUJQ9A,西安经开第十四幼儿园,科教文化服务;学校;幼儿园,108.89918504091892,34.38419071253955,未央区,108.90378,34.382625
B0FFM6QHZX,秦汉新城红旗民俗文化馆,科教文化服务;文化宫;文化宫,108.88710128506428,34.41905756940568,渭城区,108.891697,34.417516
B0K3ZHHNAN,咸阳智海马(秦汉中学体验店),科教文化服务;培训机构;培训机构,108.87712684475584,34.404467098154555,渭城区,108.881725,34.402925
B0LRY7X98Q,花山染集非遗研习馆,科教文化服务;科教文化场所;科教文化场所,108.86024961341651,34.402534217253724,渭城区,108.864863,34.401012
B0FFGEYCUS,童乐幼儿园,科教文化服务;学校;幼儿园,108.87296597624328,34.41777302342998,渭城区,108.877568,34.416243
B0MAH7M5RN,吉祥科目三社会化考场,科教文化服务;科教文化场所;科教文化场所,108.88940802573975,34.37481270116831,未央区,108.894,34.373245
B0MBNXVCJG,穆堂香调味品博物馆,科教文化服务;博物馆;博物馆,108.89223262526473,34.377992294774394,未央区,108.896825,34.376425
B0L1PS5MPW,云龙摩托车考场,科教文化服务;驾校;驾校,108.86091467078803,34.37451361877153,未央区,108.865525,34.372975
B0KDRU7YG1,珍珑学苑,科教文化服务;培训机构;培训机构,108.88075065227618,34.379998993152334,未央区,108.885345,34.37844
B0JGNXWYNG,博爱美术高中,科教文化服务;学校;中学,108.875928555514,34.37418260273197,未央区,108.880525,34.372625
B0FFIVTQBO,窑店街道八中,科教文化服务;学校;中学,108.8548712844482,34.40795981902998,渭城区,108.859492,34.406449
B0K0PZK38K,奥卡云谷艺术中心,科教文化服务;科教文化场所;科教文化场所,108.84910830660868,34.39282783317227,渭城区,108.853736,34.391318
B0LD9L8DP1,西安未央经开金泰花城幼儿园,科教文化服务;学校;幼儿园,108.89644474199028,34.376985151927215,未央区,108.901038,34.375416
B0J2AU4K8E,长安大学发动机实验室,科教文化服务;学校;高等院校,108.901639436229,34.37507475686588,未央区,108.906235,34.373504
B0FFL3OYA1,秦汉新丝路数字文化众创空间,科教文化服务;科教文化场所;科教文化场所,108.8518610701258,34.39591774578247,渭城区,108.856485,34.394405
B0KUOAQ33F,艾斯维尔勤为径托管,科教文化服务;培训机构;培训机构,108.8790748186485,34.405506341654736,渭城区,108.883672,34.403963
B0JK1RK7SC,赵贺新少儿硬笔书法(经开校区),科教文化服务;科教文化场所;科教文化场所,108.88314878457597,34.37702452066997,未央区,108.887742,34.375462
B0LU9YCPQI,新时代文明实践站,科教文化服务;科教文化场所;科教文化场所,108.88153088792733,34.38103408489955,未央区,108.886125,34.379475
B0L0MN98FC,清华大学附属中学西安学校(秦汉校区)初中部第1栋,科教文化服务;学校;学校内部设施,108.87927778536468,34.40716757272967,渭城区,108.883875,34.405625
B0FFG6AJWH,长安大学渭水校区水泵房,科教文化服务;学校;学校内部设施,108.90344025228045,34.37503570613386,未央区,108.908037,34.373465
B0JGX77YEA,秦汉新城生物医药细胞科技研发中心,科教文化服务;科研机构;科研机构,108.84597246217751,34.39385782799897,渭城区,108.850605,34.392354
B0L0MN87LM,清华大学附属中学西安学校(秦汉校区)初中部-第2栋,科教文化服务;学校;学校内部设施,108.87922772440768,34.4076172690396,渭城区,108.883825,34.406075
B0I0LCCU1M,程达科目三考场,科教文化服务;科教文化场所;科教文化场所,108.8575102686133,34.37700716488575,未央区,108.862125,34.375475
B0L10HDQLI,心理云脑力馆西安未央店,科教文化服务;培训机构;培训机构,108.88270647903911,34.37901811063151,未央区,108.8873,34.377457
B0L21ST3IN,思博派森文化传播(西安)有限责任公司,科教文化服务;传媒机构;传媒机构,108.85523522854167,34.41471947990988,渭城区,108.859856,34.413212
B0M69HBNMB,人民日报印务有限中心,科教文化服务;传媒机构;报社,108.89658156577232,34.37859331914726,未央区,108.901175,34.377025
B0FFLBXE9L,西安涉外职业高中,科教文化服务;学校;职业技术学校,108.91660027871735,34.41150649694457,渭城区,108.921214,34.409961
B0FFI74KJK,西安经开第三小学,科教文化服务;学校;小学,108.92825392211152,34.387081442946275,未央区,108.932886,34.385533
B0K1TRYR0D,西安市经开第一学校中学部(尚稷路校区),科教文化服务;学校;中学,108.91596193716144,34.38976022539778,未央区,108.920573,34.388202
B0K1XZY94L,西安市经开第三学校,科教文化服务;学校;学校,108.95081895419752,34.39424506076675,未央区,108.955511,34.392738
B0FFJE5CA8,西咸新区秦汉新城兰池学校,科教文化服务;学校;中学,108.91208858804674,34.418548937395514,渭城区,108.916697,34.417005
B0G1FANED9,西安经开第八小学,科教文化服务;学校;小学,108.912775347375,34.38660377244817,未央区,108.917382,34.385042
B0FFM45G2M,未央区新兴小学,科教文化服务;学校;小学,108.96408801153346,34.37447209184033,未央区,108.968824,34.372985
B001D1394P,长乐第二小学,科教文化服务;学校;小学,108.90940309789744,34.374700622441814,未央区,108.914005,34.373131
B0FFGFTU4G,西安经开第六小学,科教文化服务;学校;小学,108.90919922708706,34.37569116348892,未央区,108.913801,34.374122
B0GR17WS1J,西安经开第十四小学,科教文化服务;学校;小学,108.948329375424,34.37375632958408,未央区,108.953012,34.372233
B0L62MA3BB,尚研考研·考公(长大校区),科教文化服务;培训机构;培训机构,108.90959994665896,34.374045902215364,未央区,108.914202,34.372476
B0FFLGFYJR,西安市驾驶人秦汉新城考务中心,科教文化服务;驾校;驾校|生活服务;生活服务场所;生活服务场所,108.91341235333944,34.41392099564197,渭城区,108.918022,34.412375
B0KRVRCZ6L,赵汝飞练字(经开八小校区),科教文化服务;培训机构;培训机构,108.9106407261308,34.38775110015728,未央区,108.915245,34.386189
B0FFKPTB3E,紫薇星艺术教育,科教文化服务;培训机构;培训机构,108.91074962208674,34.38755316501368,未央区,108.915354,34.385991
B0HGRYO1QY,晴果音乐艺术中心(恒大国际城店),科教文化服务;培训机构;培训机构,108.91130103808165,34.387135164127784,未央区,108.915906,34.385573
B0K24LGFLX,研途考研(未央校区),科教文化服务;科教文化场所;科教文化场所,108.90951505483902,34.373799063330225,未央区,108.914117,34.372229
B0G3FULVSI,滨河文景园,科教文化服务;学校;幼儿园,108.94791283146122,34.383707809474735,未央区,108.952595,34.382189
B0MAH1MI3H,亚朵竹居流动图书馆(西安高铁北站北广场),科教文化服务;图书馆;图书馆,108.9446744966562,34.382863521233126,未央区,108.949347,34.381338
B0FFLMBW4J,鹏翔驾校,科教文化服务;驾校;驾校,108.91179627268586,34.4143155553175,渭城区,108.916404,34.412769
B0I3NMBUZK,西安未央经开品格隆源幼儿园,科教文化服务;学校;幼儿园,108.95287399376114,34.3742545708751,未央区,108.957571,34.372741
B0H1JMOPDI,百灵谷艺术教育,科教文化服务;培训机构;培训机构,108.9101120810228,34.378070564186416,未央区,108.914715,34.376503
B0MA57PEGK,安胜消防学校,科教文化服务;科教文化场所;科教文化场所,108.95736731026244,34.394368520254964,未央区,108.962081,34.392876
B0JG5C9ITV,美朗图·未来新星校区,科教文化服务;科教文化场所;科教文化场所,108.94641208618113,34.37455068666943,未央区,108.951089,34.373024
B0L3RRNZ97,西安时光书房(未来书房),科教文化服务;科教文化场所;科教文化场所,108.92990316079562,34.39068243950925,未央区,108.934539,34.389138
B0J29A5U00,西安经开第十一幼儿园,科教文化服务;学校;幼儿园,108.94691915254197,34.39196823048586,未央区,108.951599,34.390452
B0HRRUVAOC,陕西木林文化传媒有限公司,科教文化服务;传媒机构;传媒机构,108.95098693597564,34.37573881100256,未央区,108.955678,34.374222
B0FFJ9CWD3,世越再生医学研究中心,科教文化服务;科教文化场所;科教文化场所,108.9117476471916,34.41038186413618,渭城区,108.916355,34.408833
B001D08NET,华山分厂幼儿园,科教文化服务;学校;幼儿园,108.96029543988432,34.40220218494295,未央区,108.96502,34.400721
B0FFHJQW6H,秦汉新城科目二科目三考场,科教文化服务;驾校;驾校,108.91205098042283,34.414244480121866,渭城区,108.916659,34.412698
B0J2TC0CF3,路正驾校北大学城训练基地,科教文化服务;驾校;驾校,108.96269347828546,34.38216144669028,未央区,108.967425,34.380675
B0H32L5I00,溪山琴馆古琴古筝(恒大国际城店),科教文化服务;培训机构;培训机构,108.91117212096404,34.38791579053094,未央区,108.915777,34.386354
B0FFGVWGX1,学府考研(长安大学渭水校区),科教文化服务;培训机构;培训机构,108.90943113807002,34.373844068603695,未央区,108.914033,34.372274
B0FFGG74LX,西安市地铁信息档案中心,科教文化服务;档案馆;档案馆,108.93559928869132,34.38813196976652,未央区,108.940248,34.386594
B0HBRR6JJB,西安经开第八幼儿园,科教文化服务;学校;幼儿园,108.94880760516692,34.38970872347071,未央区,108.953493,34.388195
B0IRBCX6NE,西安经开第三幼儿园,科教文化服务;学校;幼儿园,108.92710814653056,34.38832009556903,未央区,108.931738,34.386771
B0MD4LJDZA,石川草堂,科教文化服务;展览馆;展览馆,108.95729056695215,34.39445265116407,未央区,108.962004,34.39296
B0JD6A105X,艺扬文化艺术中心,科教文化服务;培训机构;培训机构,108.92890430884354,34.3903168790152,未央区,108.933538,34.388771
B0L3GUHIVU,武舞风尚,科教文化服务;培训机构;培训机构,108.91366497134678,34.37759319826472,未央区,108.918272,34.376027
B0KUD7AU11,金钥匙艺术培训学校,科教文化服务;培训机构;培训机构,108.94540323732772,34.38460420138702,未央区,108.950078,34.383081
B0FFIPW4LJ,恒大品格幼儿园,科教文化服务;学校;幼儿园,108.91386090554715,34.38770560237921,未央区,108.918469,34.386145
B0FFHCJ2J9,长乐西苑幼儿园,科教文化服务;学校;幼儿园,108.91004747178644,34.37408371933937,未央区,108.91465,34.372514
B0H1CA4IT8,西安市未央区龙朔路幼儿园,科教文化服务;学校;幼儿园,108.96466783790903,34.37488240741286,未央区,108.969406,34.373397
B0KAF9KM67,云舒舞蹈艺术中心(经开店),科教文化服务;培训机构;培训机构,108.90591339160076,34.38676203493851,未央区,108.910513,34.385198
B0FFH62V5V,丽舍春天幼儿园,科教文化服务;学校;幼儿园,108.96284389001669,34.3826648001269,未央区,108.967576,34.381179
B0L3M9OMCI,草滩镇中心小学西,科教文化服务;学校;小学,108.96488441911974,34.39449915563277,未央区,108.969625,34.393025
B0K3M7TQ7N,知象美学馆,科教文化服务;培训机构;培训机构,108.9509053463276,34.37388497039842,未央区,108.955596,34.372367
B0LADC668Z,华艺舞蹈,科教文化服务;培训机构;培训机构,108.90648359852584,34.415305746374216,渭城区,108.911086,34.413758
B0LB5LT14N,西安经开第十三幼儿园,科教文化服务;学校;幼儿园,108.96044987071838,34.40245566835602,未央区,108.965175,34.400975
B0KAY530LJ,金钥匙少儿托辅中心,科教文化服务;培训机构;培训机构,108.9080942074523,34.377098754145536,未央区,108.912695,34.37553
B0FFJY3ARK,小百合艺术教育(草滩校区),科教文化服务;培训机构;培训机构,108.9107965710277,34.387542151983546,未央区,108.915401,34.38598
B0FFJGCLE2,西安市经开区第六幼儿园,科教文化服务;学校;幼儿园,108.9451196979911,34.37683493657851,未央区,108.949793,34.375307
B0MGACEVIT,咕咚艺术,科教文化服务;培训机构;培训机构,108.9061392341775,34.38634122170153,未央区,108.910739,34.384777
B0KR9GC8P9,滨河幼儿园,科教文化服务;学校;幼儿园,108.94791283146122,34.383707809474735,未央区,108.952595,34.382189
B0K0XASYJ3,七弦琴院(西安分院),科教文化服务;科教文化场所;科教文化场所,108.94561388410662,34.393626827526866,未央区,108.95029,34.392109
B0LBG77AQB,北大青鸟(弘雅校区),科教文化服务;科教文化场所;科教文化场所,108.91734463712731,34.418475910630455,渭城区,108.92196,34.416935
B0J2PZ8EHY,中南紫云集幼儿园,科教文化服务;学校;幼儿园,108.90817330508712,34.387338178226855,未央区,108.912775,34.385775
B0MD1UTVW1,西安顺为驾校,科教文化服务;驾校;驾校,108.92741098523211,34.41979578938404,渭城区,108.932044,34.418265
B0HA9U7YGB,米拉添彩少儿创意空间,科教文化服务;培训机构;培训机构,108.9466473700619,34.37475112346108,未央区,108.951325,34.373225
B0LAJLRTUV,环亚青少|I Talk³ Club,科教文化服务;培训机构;培训机构,108.91322972146008,34.38744008349052,未央区,108.917837,34.385879
B0FFJVVV8W,贝乐屋儿童成长中心,科教文化服务;培训机构;培训机构|购物服务;购物相关场所;购物相关场所,108.91082653716278,34.38755013537053,未央区,108.915431,34.385988
B0K0D59RXB,融一堂文化传播有限公司,科教文化服务;传媒机构;传媒机构,108.94660093167872,34.394059687232186,未央区,108.95128,34.392544
B0FFH3JHE4,娃娃乐幼儿园(新址),科教文化服务;学校;幼儿园,108.91036864229554,34.41722045356524,渭城区,108.914975,34.415675
B0L6993YEO,笔墨拓馨书画艺术中心,科教文化服务;培训机构;培训机构,108.90557561403848,34.38748869754283,未央区,108.910175,34.385925
B0LBL9R7IR,飞燕幼儿园,科教文化服务;学校;幼儿园,108.96284787518908,34.38266878805861,未央区,108.96758,34.381183
B0L37SKX5Y,精准学·数跃(经开第八小学店),科教文化服务;培训机构;培训机构,108.91239177541232,34.3870307255088,未央区,108.916998,34.385469
B0K2LCNMEU,西安分立方素养成长中心,科教文化服务;培训机构;培训机构,108.90566854353816,34.387411723454875,未央区,108.910268,34.385848
B0LB9ZW17R,智学未来,科教文化服务;培训机构;培训机构,108.9126184944546,34.387136557647125,未央区,108.917225,34.385575
B0FFFX3KHU,长安大学渭水校区学生会,科教文化服务;学校;高等院校,108.90578853827316,34.373843032881794,未央区,108.910387,34.372272
B0L1TC4680,响丁当少儿托管,科教文化服务;培训机构;培训机构,108.9054286939608,34.38798944749281,未央区,108.910028,34.386426
B0I1C5A4V4,鸿森青少年体育俱乐部,科教文化服务;培训机构;培训机构,108.94767157448688,34.38356636585714,未央区,108.952353,34.382047
B0L0N9SNC3,蓝风铃教育,科教文化服务;培训机构;培训机构,108.91111782638802,34.417070238386394,渭城区,108.915725,34.415525
B0MRB68CAC,长安大学渭水校区(东区),科教文化服务;学校;高等院校,108.905526726404,34.37419589168128,未央区,108.910125,34.372625
B0FFJYAGFU,解安宁画室,科教文化服务;培训机构;培训机构,108.9267849461198,34.38638952093476,未央区,108.931414,34.384839
B0LG6CI5C3,盛才课后中心(草滩佳苑校区),科教文化服务;培训机构;培训机构,108.92814306135658,34.38817597324058,未央区,108.932775,34.386628
B0MU3XQQNJ,长安大学(渭水校区)-21号楼,科教文化服务;学校;学校内部设施,108.9081742397216,34.37574445554381,未央区,108.912775,34.374175
B0LU7MXBO3,爱睿教育中心,科教文化服务;培训机构;培训机构,108.9111100733994,34.37698474827857,未央区,108.915714,34.375417
B0KUVHSCVZ,智慧岛成长中心,科教文化服务;培训机构;培训机构,108.90569352968762,34.387326765629524,未央区,108.910293,34.385763
B0J3LS50PX,行与知托管,科教文化服务;培训机构;培训机构,108.92921572042928,34.389498949579334,未央区,108.93385,34.387953
B0J1XZQFSH,思维空间托管中心,科教文化服务;科教文化场所;科教文化场所,108.94906112998504,34.37372486784602,未央区,108.953746,34.372203
B0LADC91NV,文奥绘梦者美术艺术中心(秦汉校区),科教文化服务;培训机构;培训机构,108.90649740432116,34.417560420590505,渭城区,108.9111,34.416014
B0JK5HE0K6,蜗牛时光·阅读成长中心,科教文化服务;科教文化场所;科教文化场所,108.91059576573092,34.38787205165092,未央区,108.9152,34.38631
B0I2DMQ4AP,小爱托管服务部,科教文化服务;培训机构;培训机构,108.92815404180222,34.38813898058435,未央区,108.932786,34.386591
B0M6XURKCI,暖笙音乐艺术馆,科教文化服务;培训机构;培训机构,108.95073473859146,34.375692365087424,未央区,108.955425,34.374175
B0LKD1OE81,常春藤围棋,科教文化服务;培训机构;培训机构,108.90957275730143,34.37674347234664,未央区,108.914175,34.375175
B0LUL1A5OS,造梦空间网络工作室,科教文化服务;科研机构;科研机构,108.9125666694544,34.41049341571395,渭城区,108.917175,34.408945
B0L2ZR4EV0,经开名雅雨润幼儿园,科教文化服务;学校;幼儿园,108.9087736479728,34.375794247229415,未央区,108.913375,34.374225
B0L27MJ51O,稽古草堂书法教育(中南校区),科教文化服务;培训机构;培训机构,108.90697438564528,34.387788246276784,未央区,108.911575,34.386225
B0L3YZISGQ,陕西墨池领创教育科技有限公司,科教文化服务;培训机构;培训机构,108.91732663425644,34.41883770994354,渭城区,108.921942,34.417297
B0LGTZYQNH,西安树人书法,科教文化服务;科教文化场所;科教文化场所,108.911221119042,34.38725413307809,未央区,108.915826,34.385692
B0M697D410,一索美育,科教文化服务;培训机构;培训机构,108.91069855352283,34.389100334450724,未央区,108.915303,34.387539
B0LK1ZCXI4,陕西捕风捉影文化传媒有限公司,科教文化服务;传媒机构;传媒机构,108.9191926265719,34.3839291190027,未央区,108.923808,34.38237
B0LKKLOAMZ,萝卜美术,科教文化服务;培训机构;培训机构,108.91055743177142,34.41727934486085,渭城区,108.915164,34.415734
B0LDZ9TGC4,舞度街舞工作室,科教文化服务;培训机构;培训机构,108.9058754172982,34.386838999886955,未央区,108.910475,34.385275
B0MG552AKX,护卡小象(西安)技术研发中心,科教文化服务;科研机构;科研机构,108.91837715469757,34.41770261661851,渭城区,108.922994,34.416162
B0L0FBV07V,未央区六村堡街道莲湖社区托育中心,科教文化服务;培训机构;培训机构,108.91341748774056,34.38743598787349,未央区,108.918025,34.385875
B0MUVDVWIF,政法干部学校,科教文化服务;学校;成人教育,108.96319039306096,34.3976516560917,未央区,108.967925,34.396175
B0LBLUO0KK,琴舞飞扬琴行,科教文化服务;培训机构;培训机构,108.9124686788094,34.387086657841216,未央区,108.917075,34.385525
B001D08RV8,西安工业大学未央校区,科教文化服务;学校;高等院校,108.98137450378223,34.38097648110176,未央区,108.986179,34.37954
B001D090KR,陕西科技大学西安校区,科教文化服务;学校;高等院校,108.9718638655102,34.381300042984215,未央区,108.97663,34.379837
B0H69ZJG4U,长安书院,科教文化服务;科教文化场所;科教文化场所,109.00192706640324,34.3790389671884,未央区,109.006819,34.377663
B001D08M05,西安医学院(未央校区),科教文化服务;学校;高等院校,108.98937245107696,34.386148090510275,未央区,108.994211,34.384738
B0K06A4DIA,西安科技馆,科教文化服务;科技馆;科技馆,109.01259491722014,34.38398214996668,灞桥区,109.017533,34.382641
B0FFGFTGSK,陕西警察学院,科教文化服务;学校;高等院校,109.00198534257188,34.40836744874472,未央区,109.00688,34.407008
B0KAPAZSDB,西安市图书馆,科教文化服务;图书馆;图书馆,109.00143920715492,34.37861867522106,未央区,109.006329,34.377241
B001D08S0X,西安西港花园高级中学,科教文化服务;学校;中学,109.0124664017225,34.39648262330041,灞桥区,109.017405,34.395148
B0KKK5R93X,西安城市规划馆,科教文化服务;科教文化场所;科教文化场所,109.01239568097324,34.38493922061959,灞桥区,109.017333,34.383598
B0FFGFX9O5,长庆油田公司培训中心,科教文化服务;培训机构;培训机构,108.9707903115526,34.39032201061028,未央区,108.975553,34.388861
B0G2MMWVCF,西安国际港务区西安铁一中陆港小学,科教文化服务;学校;小学,109.02236291869868,34.38784761810075,灞桥区,109.027342,34.386537
B0KG2ATYVP,西安国际港务区铁一中陆港小学(南校区),科教文化服务;学校;小学,109.01870038480112,34.382999758657114,灞桥区,109.023664,34.381676
B0HKTZ107P,陕西邮电职业技术学院西安校区,科教文化服务;学校;高等院校,108.98684985979712,34.40165396410333,未央区,108.991679,34.400245
B0FFG20897,西安北郊大学城,科教文化服务;科教文化场所;科教文化场所,108.9713588426601,34.381286418992,未央区,108.976123,34.379822
B0FFGVRHLR,西安未央凤凰城小学,科教文化服务;学校;小学,108.98091483777743,34.37576561098357,未央区,108.985717,34.374325
B0FFI9UUMV,陕西警察学院(南区),科教文化服务;学校;高等院校,109.00337864851456,34.40460038044668,未央区,109.008279,34.403243
B0MA6SJP3C,星耀无穹·航天科技馆,科教文化服务;科教文化场所;科教文化场所,109.0222435337044,34.37461511696576,灞桥区,109.027221,34.373297
B0FFH6MTKW,西安凤凰城初级中学,科教文化服务;学校;中学,108.98251423285524,34.37546713142434,未央区,108.987323,34.374031
B0FFK8OST7,陕西师范大学浐灞教育集团(启源校区),科教文化服务;学校;中学,108.99855655507277,34.40351764559563,未央区,109.003436,34.402145
B0H36AX00I,西安市未央区第一学校,科教文化服务;学校;小学,108.98739879056316,34.41058321502479,未央区,108.992231,34.409181
B0FFGJUK2S,长庆未央湖学校,科教文化服务;学校;中学,108.98687134746358,34.39472779947895,未央区,108.9917,34.393315
B0JG47CLMH,西安国际港务区陆港第七小学,科教文化服务;学校;小学,109.01659383727466,34.41026659212735,灞桥区,109.021551,34.408952
B0LBPZZLB5,长安云·秦岭昆虫博物馆,科教文化服务;博物馆;博物馆,109.0126734604286,34.38544211997511,灞桥区,109.017612,34.384102
B0J64A800G,西安青之蓝艺考培训学校,科教文化服务;培训机构;培训机构,108.97671059823033,34.40497245879933,未央区,108.981498,34.403536
B0JDBMGIVT,陕西优星图教育科技有限公司,科教文化服务;培训机构;培训机构,108.9850477066831,34.38667064943132,未央区,108.989868,34.385248
B0GUKRGJHI,浐灞第十七小学,科教文化服务;学校;小学,108.99445657501732,34.38745506759556,未央区,108.999317,34.386061
B0LBGZZL6I,长安云·一带一路城市展示体验中心,科教文化服务;科教文化场所;科教文化场所,109.01263674550266,34.38391606161914,灞桥区,109.017575,34.382575
B0G1V5C9NO,西安经开第十五小学,科教文化服务;学校;小学,108.96622843374652,34.39415490686395,未央区,108.970974,34.392684
B0FFLJU0JO,今起点教育(碧桂园凤凰城店),科教文化服务;科教文化场所;科教文化场所,108.98364757249048,34.37468723773869,未央区,108.988461,34.373254
B0LA71Z6Z3,西安西港花园学校,科教文化服务;学校;中学|科教文化服务;学校;小学,109.01431941208402,34.3982681274149,灞桥区,109.019266,34.39694
B001D0WTNE,西安医学院未央校区图书馆,科教文化服务;图书馆;图书馆,108.990621226278,34.384947004439454,未央区,108.995465,34.38354
B0LGZDU91T,声宴传媒,科教文化服务;传媒机构;传媒机构,108.96653720892134,34.38281734992101,未央区,108.971283,34.381341
B0FFFDCIB6,陕西科技大学西安未央校区图书馆,科教文化服务;图书馆;图书馆,108.97231028276718,34.37924793629335,未央区,108.977078,34.377785
B0FFIIJ6I6,陕西科技大学西安未央校区轻工科学与工程学院,科教文化服务;学校;高等院校,108.97003825783509,34.3778748089458,未央区,108.974797,34.376405
B0FFMELQB1,新东方考研四六级专升本 (北郊大学城校区),科教文化服务;培训机构;培训机构,108.97631602359608,34.382896874650804,未央区,108.9811,34.381447
B0FFLC9XN8,陕西警察学院培训中心,科教文化服务;培训机构;培训机构,109.00357377064462,34.40503154206363,未央区,109.008475,34.403675
B001D0907H,陕西科技大学西安未央校区机电工程学院,科教文化服务;学校;高等院校,108.97032900690436,34.379388216724045,未央区,108.975089,34.37792
B0LR3LECY6,货拉拉西安未央区北辰路门店,科教文化服务;科教文化场所;科教文化场所,108.98689349969231,34.391783372520415,未央区,108.991722,34.390369
B001D15L5G,西安国际港务区明星艺术文化培训中心,科教文化服务;培训机构;培训机构,109.01861539240949,34.39879326226577,灞桥区,109.02358,34.397478
B0FFLEDGJY,优研教育(未央校区),科教文化服务;培训机构;培训机构,108.97630131162298,34.38013940905361,未央区,108.981085,34.378688
B0L62MEEQ3,尚研考研·考公(西工校区),科教文化服务;科教文化场所;科教文化场所,108.9853369576621,34.381071845272714,未央区,108.990158,34.379647
B0LRFH6TTS,陕西科技大学(西安校区)-实训楼,科教文化服务;学校;学校,108.96767523081424,34.37890050756734,未央区,108.972425,34.377425
B0FFFDCICQ,陕西科技大学化学与化工学院,科教文化服务;学校;高等院校,108.96899531154126,34.37744581447215,未央区,108.97375,34.375973
B001D08N6R,西安工业大学未央校区图书馆,科教文化服务;图书馆;图书馆,108.9827269131146,34.38068870732298,未央区,108.987537,34.379256
B0JK676NQJ,学府考研(未央校区),科教文化服务;培训机构;培训机构,108.975942501055,34.38322574356882,未央区,108.980725,34.381775
B0L6U70HXQ,西安市气象科技科普馆,科教文化服务;科教文化场所;科教文化场所,109.01271825912004,34.38557691316531,灞桥区,109.017657,34.384237
B001D08N6Q,西安工业大学未央校区工业中心,科教文化服务;学校;高等院校,108.97942846917724,34.38161673928382,未央区,108.984225,34.380175
B001D0WT2I,西安医学院未央校区学术报告厅,科教文化服务;科教文化场所;科教文化场所,108.99018308924592,34.38503327192503,未央区,108.995025,34.383625
B0L1TS35P8,鼎州窑博物馆,科教文化服务;博物馆;博物馆,109.01258682571935,34.385465364789546,灞桥区,109.017525,34.384125
B0LBPH2DTJ,新起点考研寄宿自习室(西安校区),科教文化服务;培训机构;培训机构,108.98555052491734,34.37548621644059,未央区,108.990372,34.374059
B0LDT753YG,西域翱翔无人机培训基地,科教文化服务;培训机构;培训机构,108.97899477604255,34.38727189657871,未央区,108.98379,34.385832
B0L3UZGO9P,西安工业大学未央校区双创楼,科教文化服务;科教文化场所;科教文化场所,108.98032469430872,34.38271357083255,未央区,108.985125,34.381275
B0K265YCSL,梵画美术馆(社区店),科教文化服务;培训机构;培训机构,109.01880008365906,34.393427733910805,灞桥区,109.023765,34.39211
B0KG157E7D,书醒24h考研寄宿自习室,科教文化服务;培训机构;培训机构,108.98259381908208,34.37646036883474,未央区,108.987403,34.375025
B0FFJ3PFFV,西安龚艳丽搏击俱乐部(北三环总店),体育休闲服务;运动场馆;运动场所|科教文化服务;科教文化场所;科教文化场所,108.96561610139538,34.377464609771586,未央区,108.970358,34.375983
B0FFH2JTPN,中公教育(陕西北郊校区),科教文化服务;培训机构;培训机构,108.97639077126024,34.382303986532804,未央区,108.981175,34.380854
B0L2BRL7Q3,壹间钢琴馆·Piano(奥体校区),科教文化服务;培训机构;培训机构,109.02384030772042,34.38338389341009,灞桥区,109.028825,34.382075
B0J13UO1RY,秦兵凯将-中高考体育训练基地,科教文化服务;培训机构;培训机构,109.01632167310612,34.3785580856337,灞桥区,109.021275,34.377225
B0L6FUARFI,尚研考研·考公(陕科校区),科教文化服务;培训机构;培训机构,108.97639882489972,34.381265526553534,未央区,108.981183,34.379815
B0LBT76AAP,沐光而行自习室(北大学城店),科教文化服务;科教文化场所;科教文化场所,108.9930277779818,34.37474426182864,未央区,108.997881,34.373339
B0FFKVRJML,西安康桥职业高中,科教文化服务;学校;职业技术学校,108.97208922448188,34.402527652315214,未央区,108.976858,34.401077
B0L06SN89S,BM装修建材图书馆,科教文化服务;图书馆;图书馆,108.97621978944224,34.37834060667116,未央区,108.981003,34.376888
B0K1D5E7D3,星辰舞蹈,科教文化服务;培训机构;培训机构,109.02214635439438,34.393083336784635,灞桥区,109.027125,34.391775
B0GRXO8CMK,优肯舞蹈(未央湖校区),科教文化服务;培训机构;培训机构,108.97981083345724,34.3944405919064,未央区,108.98461,34.393007
B0JRP5NR50,西幼附中,科教文化服务;学校;中学,108.97347189998112,34.4009507643481,未央区,108.978246,34.399503
B0MG5R4PU0,中机院专家委员会,科教文化服务;科教文化场所;科教文化场所,108.97624887038717,34.3759508057116,未央区,108.981032,34.374497
B0L3H78OMQ,长安书院(西南门),科教文化服务;科教文化场所;科教文化场所,109.00033897507384,34.37839313938689,未央区,109.005224,34.377012
B0KUFZRU4U,麦田童画(全运村店),科教文化服务;培训机构;培训机构,109.02214132415764,34.39367801996901,灞桥区,109.02712,34.39237
B0FFHDO2QH,文都考研(未央陕科校区),科教文化服务;培训机构;培训机构,108.97621041420362,34.38332094064906,未央区,108.980994,34.381871
B0FFKVIU8A,斯酷街舞潮童学院(北三环校区),科教文化服务;培训机构;培训机构,108.97441220740504,34.376264760360485,未央区,108.979188,34.374806
B0FFGAP56S,西安国际陆港第一幼儿园,科教文化服务;学校;幼儿园,109.01549455577276,34.39721225861215,灞桥区,109.020446,34.395887
B0KU9SK5JY,西安华盛驾校(总校区),科教文化服务;驾校;驾校,108.97334802449882,34.39330140061484,未央区,108.978121,34.391849
B0MG7PGPHB,西安工业大学教9楼,科教文化服务;培训机构;培训机构,108.97883123429062,34.377770520540416,未央区,108.983625,34.376325
B0FFH68CE4,陕西科技大学西安未央校区环境科学与工程学院,科教文化服务;学校;高等院校,108.96832968894932,34.379507463567386,未央区,108.973082,34.378034
B0FFK34JSL,陕西科技大学西安未央校区中国轻工业博物馆,科教文化服务;博物馆;博物馆,108.97414994823193,34.37993251629281,未央区,108.978925,34.378475
B0LBZ5OVK8,艺知馨康贝校区,科教文化服务;科教文化场所;科教文化场所,108.98518612200192,34.386706222041425,未央区,108.990007,34.385284
B0L0DOOWME,研途考研(西工业校区),科教文化服务;培训机构;培训机构,108.98530412680854,34.38069914360944,未央区,108.990125,34.379274
B0KAS5OX5L,班马读书·图书借阅·阅读写作(凤凰城校区),科教文化服务;培训机构;培训机构,108.98566702986363,34.37554184273015,未央区,108.990489,34.374115
B0FFKRT5XL,文都考研(未央校区),科教文化服务;培训机构;培训机构,108.98486697937668,34.3805105335627,未央区,108.989686,34.379084
B0LULS2GF9,唐风少年(长安书院校区),科教文化服务;学校;学校,109.00231247522858,34.37818725478066,未央区,109.007206,34.376812
B0L3ASRUAP,长安书院D栋,科教文化服务;培训机构;培训机构,109.00179364296324,34.37902937759698,未央区,109.006685,34.377653
B0IGYZAZ9N,高顿教育(西安工业大校区),科教文化服务;培训机构;培训机构,108.98489088085928,34.380488475113786,未央区,108.98971,34.379062
B0KUU7QVQ4,西安灞鞅教育,科教文化服务;培训机构;培训机构,108.97654185898428,34.39799988872456,未央区,108.981328,34.396559
B0KUSO8D3R,科大讯飞英语通(碧桂园店),科教文化服务;培训机构;培训机构,108.98336783472124,34.37355965619888,未央区,108.98818,34.372125
B0FFHHGV1T,蒲公英幼儿园,科教文化服务;学校;幼儿园,108.96744386842175,34.381810540655714,未央区,108.972193,34.380336
B0LACHCSRP,西安工业大学大学生活动中心,科教文化服务;科教文化场所;科教文化场所,108.98455106242145,34.383420885376935,未央区,108.989369,34.381995
B0G12DL7YZ,陕西科技大学西安未央校区经济与管理学院,科教文化服务;学校;高等院校,108.97327067131272,34.37711145621384,未央区,108.978042,34.37565
B0FFIL4GI8,西安未央品格启稚幼儿园,科教文化服务;学校;幼儿园,108.98689846653934,34.37995083085205,未央区,108.991726,34.37853
B0FFLKVDCX,陕西科技大学西安未央校区阿尔斯特学院,科教文化服务;学校;高等院校,108.97506649964292,34.37740133462458,未央区,108.979845,34.375945
B0LKSHHZ6T,艾鲁特击剑培训中心(西安奥体中心店),科教文化服务;培训机构;培训机构,109.01732863491604,34.37657220909477,灞桥区,109.022286,34.375241
B0HAM73QZG,陕西科技大学国际交流中心,科教文化服务;科教文化场所;科教文化场所,108.9758833342368,34.376047778680686,未央区,108.980665,34.374593
B0LRFA65LZ,西安毛中补习学校(未央湖校区),科教文化服务;培训机构;培训机构,108.97652931672768,34.40514187206835,未央区,108.981316,34.403705
B0HKDC1ZHB,西安工业大学未央校区经管学院,科教文化服务;学校;高等院校,108.9795879642531,34.37981825422801,未央区,108.984385,34.378376
B0J0GSZBVJ,西安食品工程技工学校,科教文化服务;学校;职业技术学校,108.97135447756628,34.38590691663771,未央区,108.976119,34.384445
B0JKGL35K7,西安国际港务德润幼儿园,科教文化服务;学校;幼儿园,109.0136709416834,34.41249090529344,灞桥区,109.018616,34.411169
B0FFIL66DX,陕西科技大学西安未央校区食品与生物工程学院,科教文化服务;学校;高等院校,108.96933393380064,34.378373418263585,未央区,108.97409,34.376902
B001D0ZNVP,西港花园幼儿园,科教文化服务;学校;幼儿园,109.01649383630726,34.403443802561505,灞桥区,109.02145,34.402125
B0GDXHR4XL,御书思学(凤凰城校区),科教文化服务;培训机构;培训机构,108.98338068421724,34.37472299964738,未央区,108.988193,34.373289
B0JGN5V1II,陕西科技大学西安未央校区大学生活动中心,科教文化服务;科教文化场所;科教文化场所,108.975145617147,34.3842274243152,未央区,108.979925,34.382775
B0FFLCMC9V,砥行学习,科教文化服务;培训机构;培训机构,108.98696778600184,34.39656748368142,未央区,108.991797,34.395156
B0I06US8TN,西安国际港务区陆港第八幼儿园,科教文化服务;学校;幼儿园,109.012798184965,34.41780038744088,灞桥区,109.01774,34.416479
B0KAOHTMS5,西安工业大学设计学院,科教文化服务;学校;高等院校,108.97972747876688,34.378767420101084,未央区,108.984525,34.377325
B0H01XTGBE,西安市未央区凤凰城幼儿园,科教文化服务;学校;幼儿园,108.98011130134942,34.37394889498714,未央区,108.98491,34.372505
B0K1M5O167,赵汝飞练字(铁一陆港小学南校区),科教文化服务;培训机构;培训机构,109.01702529978134,34.3836362814542,灞桥区,109.021982,34.382308
B0HRV1C9GA,西安腾飞社会化科目三考场,科教文化服务;科教文化场所;科教文化场所,108.98860884015151,34.396424678870474,未央区,108.993445,34.395018
B0H2HSJBJ8,陕西科技大学智能装备与信息物理融合研究所,科教文化服务;科教文化场所;科教文化场所,108.9669965955064,34.381386934712154,未央区,108.971744,34.379911
B0IDOZW15E,西安市未央区书果星球少儿阅读中心,科教文化服务;培训机构;培训机构,108.98046319591656,34.393868035101605,未央区,108.985265,34.392436
B0I2VM11SV,西安国际港务区陆港第六幼儿园,科教文化服务;科教文化场所;科教文化场所,109.01898639380497,34.39246573028668,灞桥区,109.023952,34.391148
B0FFH79JLZ,陕西科技大学职业教育师范学院,科教文化服务;学校;高等院校,108.9678247348768,34.37802658604329,未央区,108.972575,34.376551
B0H2R40N20,熊猫阁练字,科教文化服务;培训机构;培训机构,108.98097772584794,34.37398737711309,未央区,108.98578,34.372546
B0I0S5GSQX,未央区未央湖畔幼儿园,科教文化服务;学校;幼儿园,108.98441846985637,34.40918383407401,未央区,108.989238,34.407772
B0FFFDCVYA,西安医学院未央校区护理与康复学院,科教文化服务;学校;高等院校,108.98928300175402,34.38411646757113,未央区,108.994121,34.382705
B0FFFT8GHM,翰林北苑幼儿园,科教文化服务;学校;幼儿园,108.9907877257175,34.382429874445975,未央区,108.995632,34.381022
B0H0ARUJ6T,创未青少年篮球培训,科教文化服务;培训机构;培训机构,109.02369156987372,34.37563848510062,灞桥区,109.028675,34.374325
B0LA7LOXO4,尚研考研(西医校区),科教文化服务;培训机构;培训机构,108.98526877767772,34.386667999303945,未央区,108.99009,34.385246
B0JKHH8GER,腾泷亿达驾校总校训练基地,科教文化服务;科教文化场所;科教文化场所,108.97953954705076,34.38722936105226,未央区,108.984337,34.385791
B0LRU9DYXV,研途考研(陕科大校区),科教文化服务;培训机构;培训机构,108.97636388527376,34.38223709835203,未央区,108.981148,34.380787
B0KD677VFA,纭之艺音乐(全运村店),科教文化服务;培训机构;培训机构,109.02068646872203,34.39144740550945,灞桥区,109.025659,34.390134
B0FFH5QLUT,双河湾幼儿园,科教文化服务;学校;幼儿园,108.9919259354534,34.40537066343913,未央区,108.996777,34.403979
B0MDZZ5ZEU,中建八局西安医学院科研与实训大楼项目,科教文化服务;学校;学校,108.98843535579132,34.38711036273189,未央区,108.99327,34.385698
B0L1CG5H7S,阅读,科教文化服务;培训机构;培训机构,109.00208241615442,34.37880062364866,未央区,109.006975,34.377425
B0LGBC5LA0,外研社分级阅读馆,科教文化服务;科教文化场所;科教文化场所,109.01798148812436,34.39335814569251,灞桥区,109.022943,34.392038
B0FFFSWNOR,天朗蓝湖幼儿园,科教文化服务;学校;幼儿园,108.97514860202207,34.39632672840924,未央区,108.979929,34.394881
B001D10440,家润骏景幼儿园,科教文化服务;学校;幼儿园,108.99637330603444,34.399559519193,未央区,109.001243,34.398178
B0K11CQO6C,最央美画室(全运村店),科教文化服务;培训机构;培训机构,109.02060577917028,34.39169449953199,灞桥区,109.025578,34.390381
B0L2URF4N2,新东方前途出国(未央区咨询点),科教文化服务;培训机构;培训机构,108.97614269090042,34.38327515555425,未央区,108.980926,34.381825
B0FFFWAO9F,维兰德小镇幼儿园(爱多分园),科教文化服务;学校;幼儿园,108.9756508489912,34.40522328871235,未央区,108.980434,34.403784
B0L1Z9OKDJ,快马驾校训练场,科教文化服务;驾校;驾校,108.97972658940668,34.38951156885906,未央区,108.984525,34.388075
B0KUTYBSX2,艺海·青蓝教育传媒部,科教文化服务;传媒机构;传媒机构,108.97653822514891,34.40581146372516,未央区,108.981325,34.404375
B0KKPU1DIQ,人人练字(凤城天悦校区),科教文化服务;培训机构;培训机构,108.98152049087294,34.37386487179862,未央区,108.986325,34.372425
B0I0GZAI95,环亚枫之叶艺术中心(浐灞校区),科教文化服务;培训机构;培训机构,109.00326980497248,34.38460487481033,未央区,109.008168,34.383236
B0L2L5OSXA,启航考研(未央校区),科教文化服务;培训机构;培训机构,108.97641176960516,34.38130247018534,未央区,108.981196,34.379852
B0KUSCWLTU,陕西警察学院行政楼,科教文化服务;学校;学校,109.00166089654132,34.40654848013818,未央区,109.006554,34.405187
B0FFLCZ0CZ,羽梦舞蹈(东风路校区),科教文化服务;培训机构;培训机构,108.98127584137724,34.39384470154029,未央区,108.986081,34.392415
B0LB7UFBN1,若木音乐工作室,科教文化服务;培训机构;培训机构,109.02132782333317,34.391624475094126,灞桥区,109.026303,34.390313
B0FFH6WKYF,西安工业大学材料与化工学院,科教文化服务;学校;高等院校,108.98224679146892,34.38211433363194,未央区,108.987055,34.380681
B0LKNLRH5W,悦音阁艺术中心,科教文化服务;培训机构;培训机构,108.97624086428704,34.37641358075743,未央区,108.981024,34.37496
B0LUM7EGAQ,陕西通达驾校(总校训练基地),科教文化服务;驾校;驾校,108.97901768172082,34.387278827331045,未央区,108.983813,34.385839
B0FFFDCVER,西安医学院未央校区基础医学部,科教文化服务;学校;高等院校,108.98905005233158,34.38340754997037,未央区,108.993887,34.381995
B0FFJLQ481,西安食品工程高级技工学校,科教文化服务;科教文化场所;科教文化场所,108.9713504955158,34.38587794325652,未央区,108.976115,34.384416
B0LUDU52B6,橙启公考(未央校区),科教文化服务;培训机构;培训机构,108.97640571032484,34.38231194024045,未央区,108.98119,34.380862
B0GU3LLWKK,艺桐美育,科教文化服务;培训机构;培训机构,108.97959274173442,34.39429030142819,未央区,108.984391,34.392856
B0FFK8C2IR,康贝迪乐幼儿园(西工商业文化街店),科教文化服务;学校;幼儿园,108.98507858312,34.38659659904492,未央区,108.989899,34.385174
B0H1SUIXXL,枫贝颐馨湿地幼儿园,科教文化服务;学校;幼儿园,109.0131393929788,34.41010686370073,灞桥区,109.018082,34.408782
B0L0YZ5XCR,诗地美术馆,科教文化服务;科教文化场所;科教文化场所,108.99552521087314,34.420379050467425,未央区,109.000393,34.419007
B0KR9DE02L,妙语语言艺术(全运村校区),科教文化服务;培训机构;培训机构,109.0211902980402,34.39266329069507,灞桥区,109.026165,34.391352
B0K01C8134,码力未来IT培训中心,科教文化服务;培训机构;培训机构,108.97638998894983,34.379717387620914,未央区,108.981174,34.378266
B0KK9MCZKB,龙艺舞蹈,科教文化服务;培训机构;培训机构,108.98823244052446,34.39640581224557,未央区,108.993067,34.394998
B0MBX7Z3V8,未来空域无人机培训中心,科教文化服务;培训机构;培训机构,108.97453582918276,34.3748791574526,未央区,108.979312,34.37342
B0FFFTKXEG,炫彩音乐,科教文化服务;培训机构;培训机构,109.01745702065918,34.401008374439535,灞桥区,109.022417,34.399691
B0LBRDJ2FL,新华知慧教育编程学习中心,科教文化服务;培训机构;培训机构,109.00218203267865,34.37825061684438,未央区,109.007075,34.376875
B0KBXLHQ7C,未央区环湖南路金茂幼儿园,科教文化服务;学校;幼儿园,108.98791623448668,34.402960051980216,未央区,108.99275,34.401555
B0KRYZZ5UG,大墨正石习字•书法美术,科教文化服务;培训机构;培训机构,108.97356358158738,34.37626010652324,未央区,108.978336,34.374799
B0IUOC6THQ,大道书院,科教文化服务;培训机构;培训机构,108.98588499261496,34.376971434212074,未央区,108.990708,34.375546
B0KBOPE5TY,一画美术教育(沁园小区店),科教文化服务;培训机构;培训机构,108.96886445242384,34.38181780408264,未央区,108.973619,34.380347
B0KBDHEMG8,屹禾艺术,科教文化服务;培训机构;培训机构,109.01951826145056,34.39167563403963,灞桥区,109.024486,34.390359
B0L0NSRLKV,竹音书法工作室,科教文化服务;培训机构;培训机构,109.02374864966517,34.38371596994317,灞桥区,109.028733,34.382407
B0LB79FV85,西安未央爱格幼儿园,科教文化服务;学校;幼儿园,108.99033525805775,34.3752520946553,未央区,108.995177,34.373839
B0FFFDCVTJ,西安工业大学未央校区机电工程学院,科教文化服务;学校;高等院校,108.98218401607718,34.38254928021243,未央区,108.986992,34.381116
B0FFLC4XLQ,文都考研(西医未央分校),科教文化服务;培训机构;培训机构,108.98609125207584,34.38741316125348,未央区,108.990916,34.385994
B0FFG1LMBD,未央大学园区,科教文化服务;培训机构;培训机构,108.9763120322308,34.38298683698384,未央区,108.981096,34.381537
B0L2U5EHQ1,西航花园学校综合楼,科教文化服务;学校;学校|商务住宅;商务住宅相关;商务住宅相关,109.01308358884305,34.398806483071475,灞桥区,109.018025,34.397475
B0LG47ESAK,树人托管连锁机构(铁一陆港观澜校区),科教文化服务;培训机构;培训机构,109.0169457293308,34.38249213555106,灞桥区,109.021902,34.381163
B001D08MXP,西安医学院公寓管理办公室,科教文化服务;学校;高等院校,108.9862993134664,34.38814314433771,未央区,108.991125,34.386725
B0LRZC2AZO,新东方(考研四六级陕西科技大学未央校区咨询点),科教文化服务;培训机构;培训机构,108.97219094127524,34.37695749163418,未央区,108.976958,34.375493
B0GDU76WAK,西安沛仝舞飞扬艺术文化培训学校北郊校区,科教文化服务;科教文化场所;科教文化场所,108.97340321487638,34.37628653357891,未央区,108.978175,34.374825
B0FFFUOILQ,快乐之星幼儿园,科教文化服务;学校;幼儿园,109.01272588856564,34.40134710878422,灞桥区,109.017666,34.400016
B0L0YN51IC,西安工业大学-会议中心,科教文化服务;传媒机构;传媒机构,108.98201287501854,34.38076774255885,未央区,108.98682,34.379333
B0FFH6MY71,西安工业大学未央校区研究生院,科教文化服务;学校;高等院校,108.9783788737946,34.38027346255491,未央区,108.983171,34.378828
B0J23HBSH0,赵贺新少儿硬笔书法(北大学城校区),科教文化服务;培训机构;培训机构,108.97625572730418,34.377343041266904,未央区,108.981039,34.37589
B0FFL51GOY,宏博崇智教育科技(未央湖校区),科教文化服务;培训机构;培训机构,108.97948823385047,34.393530024745694,未央区,108.984286,34.392095
B0J3YAARJR,木春幼儿园,科教文化服务;学校;幼儿园,109.01403461019652,34.4100802274055,灞桥区,109.018981,34.408758
B0J1450NHZ,美音艺术琴行(光启路店),科教文化服务;科教文化场所;科教文化场所,108.9853839554379,34.37872797093699,未央区,108.990205,34.377302
B0LGBDUT1D,晓果AI自习室,科教文化服务;培训机构;培训机构,109.02019243640666,34.392199404464314,灞桥区,109.025163,34.390885
B0FFFTX6LP,幸福天使幼儿园,科教文化服务;学校;幼儿园,109.01212139365532,34.40204850885611,灞桥区,109.017059,34.400716
B0K3UUWM7S,森林王儿童之家(奥体分店),科教文化服务;培训机构;培训机构,109.0183899187742,34.391856794792,灞桥区,109.023353,34.390537
B0L29CRCEI,莱檬架子鼓(启源二路店),科教文化服务;培训机构;培训机构,108.9911395281622,34.40266257466798,未央区,108.995987,34.401267
B0LUM42KYZ,中美星星桥(西安中心),科教文化服务;培训机构;培训机构,108.97878008170004,34.39416169748848,未央区,108.983575,34.392725
B0K3T5YLVV,壹课教育(装修中),科教文化服务;培训机构;培训机构,108.98510776146864,34.38298748245594,未央区,108.989928,34.381563
B0K1TLY40P,人人练字(陆港铁一小校区),科教文化服务;培训机构;培训机构,109.02094241325102,34.391503642300464,灞桥区,109.025916,34.390191
B0L3ASR53T,枫语教育,科教文化服务;培训机构;培训机构,108.99202388060236,34.40101884660787,未央区,108.996875,34.399625
B0J09HTAHJ,哈尼熊儿童成长中心(凤凰城旗舰中心),科教文化服务;培训机构;培训机构,108.98346941290154,34.37353237359043,未央区,108.988282,34.372098
B0JB7AIMNX,六品堂书法,科教文化服务;培训机构;培训机构,109.02114459823582,34.391339155972,灞桥区,109.026119,34.390027
B0LDTAZ2TX,贝尔安亲(铁一陆港小学店),科教文化服务;培训机构;培训机构,109.01639990213432,34.383776033472735,灞桥区,109.021354,34.382446
B0KDX7RJ47,辽河油田公司勘探开发研究院西部分院,科教文化服务;科研机构;科研机构,108.9800049094854,34.407976361389366,未央区,108.984806,34.406551
B0HRV1B6BK,西安市未央区馨和居幼儿园,科教文化服务;学校;幼儿园,108.98460399794168,34.41749544559733,未央区,108.989425,34.416089
B0HK1S78V9,西安工业大学-校园卡网络服务中心,科教文化服务;学校;高等院校,108.98346191343224,34.379905983426205,未央区,108.988275,34.378475
B0HRVR19F1,西航舞度街舞,科教文化服务;培训机构;培训机构,109.01273265769674,34.40372873445322,灞桥区,109.017673,34.402399
B0JD7L76U9,创化教育,科教文化服务;培训机构;培训机构,108.9939084351798,34.40529072657852,未央区,108.998768,34.403905
B0KUH77WVF,陕西科技大学电子信息研究所,科教文化服务;科研机构;科研机构,108.96816486687648,34.384968934788446,未央区,108.972917,34.383498
B0FFG2BV0P,西安未央长庆花园幼儿园,科教文化服务;学校;幼儿园,108.9761031208252,34.39206943522757,未央区,108.980887,34.390624
B0I1T40EI1,半粒·舞度舞蹈,科教文化服务;培训机构;培训机构,109.01273265769674,34.40372873445322,灞桥区,109.017673,34.402399
B0KG9D5G2V,西安新秀篮球培训(奥体校区),科教文化服务;培训机构;培训机构,109.01608384329352,34.376508881659646,灞桥区,109.021036,34.375174
B0JUVS90CI,神墨教育(未央湖校区),科教文化服务;培训机构;培训机构,108.98014844230993,34.394471604526665,未央区,108.984949,34.393039
B0MAYU1SJG,陕西荣烨传媒文化有限公司,科教文化服务;传媒机构;传媒机构,109.01265078811343,34.41805667454657,灞桥区,109.017592,34.416735
B0L0H5QG3R,翼励科技·留学(北大学城店),科教文化服务;培训机构;培训机构,108.9760739834706,34.38308445190083,未央区,108.980857,34.381634
B0G1YLT1UV,国际港务区西安铁一中陆港中学,科教文化服务;学校;中学,109.0277050527516,34.39304688697085,灞桥区,109.032706,34.391754
B0FFGPO2AV,西安铁路职业技术学院(港务校区),科教文化服务;学校;高等院校,109.06246401266074,34.38779095668087,灞桥区,109.06758,34.386572
B001D00408,西安国际港务区实验中学,科教文化服务;学校;中学,109.06310968939763,34.38407197736769,灞桥区,109.068227,34.382852
B0HR5ABDLT,陕西师范大学陆港中学,科教文化服务;学校;中学,109.0424861924023,34.38070616223921,灞桥区,109.047541,34.379444
B0L6R709VL,西安交通大学附属中学陆港学校,科教文化服务;学校;中学,109.03076794049684,34.40661198104907,灞桥区,109.035782,34.405335
B0I1051A40,西安国际港务区陆港第六小学,科教文化服务;学校;小学,109.04945292094617,34.39397549719725,灞桥区,109.054532,34.392736
B0H02DDOPF,西安市体育训练中心,科教文化服务;科教文化场所;科教文化场所,109.03882999655907,34.40500735184782,灞桥区,109.043874,34.40375
B0GK3UUCDR,丝路国际体育文化交流培训基地,科教文化服务;科教文化场所;科教文化场所,109.0410939082364,34.40548863856815,灞桥区,109.046146,34.404237
B001D08RD7,西安浐灞国际港第二实验小学,科教文化服务;学校;小学,109.05503796099974,34.381520254359145,灞桥区,109.060133,34.380285
B001D08RQ3,西安国际港务区实验小学,科教文化服务;学校;小学,109.0460622809112,34.41303391587654,灞桥区,109.051132,34.411798
B0MUCU21I7,陕西师范大学陆港学校,科教文化服务;学校;学校,109.05564646958484,34.37829985454497,灞桥区,109.060743,34.377064
B001D0648E,西安市第七十七中学,科教文化服务;学校;中学,109.04443663227116,34.41414589766336,灞桥区,109.049501,34.412907
B0FFIKJV3L,西安国际陆港第二小学,科教文化服务;学校;小学,109.0427282778443,34.38161510891894,灞桥区,109.047784,34.380354
B0G2CS81ZZ,西安国际陆港第四小学,科教文化服务;学校;小学,109.06933893934452,34.41788393297128,灞桥区,109.074474,34.416692
B0KR4UGYMX,学大教育辅导补习(陆港校区),科教文化服务;科教文化场所;科教文化场所,109.02559496957646,34.37504749088458,灞桥区,109.030586,34.373739
B0KDDY1574,西安市体育运动学校,科教文化服务;学校;职业技术学校,109.04107298277796,34.405476694949755,灞桥区,109.046125,34.404225
B0M6MZTZ5E,西安浐灞国际港第九小学EPC项目,科教文化服务;学校;学校,109.05561166098737,34.37725547974977,灞桥区,109.060708,34.376019
B0KRLL6TBV,上海生物样本库陕西中心,科教文化服务;科研机构;科研机构,109.06638551331058,34.374255386202194,灞桥区,109.07151,34.373035
B0HRY5G5MW,好老师专升本(港务区分校),科教文化服务;科教文化场所;科教文化场所,109.0622473383988,34.39045283347313,灞桥区,109.067363,34.389235
B0FFIBBXSY,西安铁路职业技术学院-电气工程学院,科教文化服务;学校;高等院校,109.06144950348376,34.389385706933666,灞桥区,109.066563,34.388166
B0LKXUO9VC,浐灞国际港陆港第九小学,科教文化服务;科教文化场所;科教文化场所,109.05627656672638,34.37930914918358,灞桥区,109.061375,34.378075
B0LKF1UDZC,爱菊亲子研学体验中心,科教文化服务;培训机构;培训机构,109.05931603350022,34.402790757635245,灞桥区,109.064425,34.401575
B0JK5UE1BZ,小米舞蹈培训中心,科教文化服务;培训机构;培训机构,109.06252262423207,34.39052735527134,灞桥区,109.067639,34.38931
B0FFJ7M65E,西安铁路职业技术学院-办公楼,科教文化服务;科教文化场所;科教文化场所,109.06290677715872,34.388985601882844,灞桥区,109.068024,34.387768
B001D0W4ID,西安南湖博苑综合职业高中,科教文化服务;学校;职业技术学校,109.0833832894846,34.39258559289989,灞桥区,109.088542,34.391393
B0FFJ31CFX,西安铁路职业技术学院新校区后勤楼,科教文化服务;学校;学校,109.06085831720934,34.38641930587036,灞桥区,109.06597,34.385197
B0L655E7OO,新艺橙艺术培训学校,科教文化服务;培训机构;培训机构,109.04066044482924,34.38216466726728,灞桥区,109.045709,34.380899
B0L1B1092Q,塔酷儿童体能馆(招商央畔校区),科教文化服务;培训机构;培训机构,109.04741671889886,34.40270090718198,灞桥区,109.05249,34.401462
B0MDMX0W70,西安铁路职业技术学院新校区1号楼,科教文化服务;学校;学校内部设施,109.06439622046749,34.38694443796079,灞桥区,109.069517,34.385728
B0FFK894CF,西安国际陆港第二幼儿园,科教文化服务;学校;幼儿园,109.06680206083789,34.37965890381903,灞桥区,109.071928,34.378442
B0FFHRWNRJ,西安国际港务区新筑中心幼儿园,科教文化服务;学校;幼儿园,109.04704043245796,34.38554529026256,灞桥区,109.052111,34.384296
B0I267JYAK,陆港第七幼儿园,科教文化服务;学校;幼儿园,109.0416175261234,34.40024938468717,灞桥区,109.046671,34.398996
B0H0RABDJP,贝乐璀璨天城幼儿园,科教文化服务;学校;幼儿园,109.04385833014312,34.39406467013488,灞桥区,109.048919,34.392813
B0J2NHASY0,西安国际港务区陆港第九幼儿园,科教文化服务;学校;幼儿园,109.0466483722186,34.38957193290208,灞桥区,109.051718,34.388324
B0LG6SGY01,西安铁路职业技术学院产教融合实训基地,科教文化服务;科教文化场所;科教文化场所,109.06121924382316,34.387816946139885,灞桥区,109.066332,34.386596
B0L129UDLJ,西安南湖综合高中,科教文化服务;学校;中学,109.08228995447044,34.39219057147813,灞桥区,109.087447,34.390997
B0K2K7QYPA,未来计画.美学馆,科教文化服务;培训机构;培训机构,109.03188469331664,34.38280133015548,灞桥区,109.036901,34.381514
B0K2T7RGSQ,绿地丝路全球文化中心,科教文化服务;科教文化场所;科教文化场所,109.03081208636642,34.379601892957794,灞桥区,109.035824,34.37831
B0J3A7OX1L,西安国际港务区陆港第十三幼儿园,科教文化服务;学校;幼儿园,109.0294679696266,34.38340142343977,灞桥区,109.034475,34.382108
B0JDFAODIB,新视觉私立美校,科教文化服务;培训机构;培训机构,109.06248073835556,34.39045046408273,灞桥区,109.067597,34.389233
B0L3DC5A4F,浐灞国际港深渡路社区托育中心,科教文化服务;培训机构;培训机构,109.04811054193308,34.40182491525551,灞桥区,109.053186,34.400587
B0J6RSOETV,西安国际港务区新合街道第五幼儿园,科教文化服务;学校;幼儿园,109.07088862587509,34.41722037110252,灞桥区,109.076027,34.41603
B0FFGFQ1GM,华夏幼儿园(潘骞路),科教文化服务;学校;幼儿园,109.05756838416102,34.38529056964467,灞桥区,109.062671,34.384062
B001D0WR89,智慧岛幼儿园(灞桥区动物卫生监督所新筑分所东北),科教文化服务;学校;幼儿园,109.04543370063728,34.420826731277806,灞桥区,109.050502,34.419594
B0LG25LGB3,卓也练字,科教文化服务;培训机构;培训机构,109.03149616733236,34.38296426403958,灞桥区,109.036511,34.381676
B0KU9A80ZS,新筑新城幼儿园,科教文化服务;学校;幼儿园,109.0397388073668,34.38105547521211,灞桥区,109.044784,34.379787
B0KACHYZ0U,峰墨书画院(专业书法美术培训.硬笔书法.国画.素描),科教文化服务;培训机构;培训机构,109.04610883578675,34.393264070865655,灞桥区,109.051177,34.392017
B0LURM1O6T,荀木白练字(港务区招商城市主场校区),科教文化服务;培训机构;培训机构,109.04810954386164,34.40183990887439,灞桥区,109.053185,34.400602
B0GR0RXOPW,学思教育培训中心,科教文化服务;培训机构;培训机构,109.0413969029473,34.38163021201609,灞桥区,109.046448,34.380366
B0MBTZAHJI,小天鹅艺术中心(陆港校区),科教文化服务;培训机构;培训机构,109.04760287167912,34.39392444824072,灞桥区,109.052676,34.392681
B0KRNRPJ69,西安龙行驾校(总校训练场报名处),科教文化服务;驾校;驾校,109.0280939967766,34.410842723147795,灞桥区,109.033098,34.409561
B0MGNCQ8IF,西安西站职工培训基地,科教文化服务;培训机构;培训机构,109.06416957413651,34.412289463324626,灞桥区,109.069292,34.411087
B0FFIBCHZ4,西安铁路职业技术学院牵引动力学院,科教文化服务;学校;高等院校,109.06340660224517,34.387943398072174,灞桥区,109.068525,34.386726
B0LKCC1OJC,鼎校甄选,科教文化服务;培训机构;培训机构,109.02598106870153,34.39095277983278,灞桥区,109.030975,34.389654
B0L2PLRB2G,梵画·星舞艺术体验馆,科教文化服务;培训机构;培训机构,109.0328937458288,34.384018030868795,灞桥区,109.037914,34.382734
B0FFIBC6AG,西安铁路职业技术学院-机电工程学院,科教文化服务;学校;高等院校,109.06328301800824,34.386748245463,灞桥区,109.068401,34.38553
B0LUD7EKVB,西安新途领航出国留学,科教文化服务;培训机构;培训机构,109.03567579626306,34.378431919907975,灞桥区,109.040706,34.377152
B0K11A82EL,西安浐灞国际港陆港第十四幼儿园,科教文化服务;学校;幼儿园,109.04758925859356,34.40152420360507,灞桥区,109.052663,34.400285
B0J0UC7BD4,铎冠鼓舍(奥体中心店),科教文化服务;培训机构;培训机构,109.02503921158426,34.3748471405174,灞桥区,109.030028,34.373537
B0IAF1CCO5,上拓驾校,科教文化服务;培训机构;培训机构,109.04995513863297,34.384657592337575,灞桥区,109.055035,34.383414
B0LGTX0R5V,西安铁路职业技术学院国际港务区,科教文化服务;学校;高等院校,109.05530856553038,34.388504933401514,灞桥区,109.060405,34.387274
B0FFIL304I,西安国际港务区优加托管服务部,科教文化服务;培训机构;培训机构,109.05936850415624,34.38422800624487,灞桥区,109.064476,34.383002
B0K6GA0GL6,赵汝飞练字陆港校区,科教文化服务;培训机构;培训机构,109.0476586885228,34.393943317617186,灞桥区,109.052732,34.3927
B0KGVZJ3HW,西安领玉舞蹈艺术培训学校,科教文化服务;培训机构;培训机构,109.0405160868738,34.38062784321559,灞桥区,109.045564,34.379361
B0LDG9BNAV,答案说中高考提分(铁一中陆港中学店),科教文化服务;培训机构;培训机构,109.0253076841615,34.39183515568799,灞桥区,109.030299,34.390535
B0L32U44WM,新丝路未来教育港,科教文化服务;科教文化场所;科教文化场所,109.04588789536916,34.41262653814781,灞桥区,109.050957,34.41139
B0I1VMXNP0,艺欣X艺术中心,科教文化服务;培训机构;培训机构,109.0625094652432,34.38124745327267,灞桥区,109.067625,34.380025
B0FFKEWEKA,五彩梦画美术·书法,科教文化服务;培训机构;培训机构,109.03833079742029,34.38175951550648,灞桥区,109.043371,34.380488
B0FFGFPOIP,启智教育辅导中心(中共新筑街道工作委员会群众工作站西北),科教文化服务;培训机构;培训机构,109.0543186954434,34.38591122660282,灞桥区,109.059412,34.384677
B0FFGFQ4A4,国学启蒙幼儿园,科教文化服务;学校;幼儿园,109.0574714401638,34.38778037829669,灞桥区,109.062574,34.386553
B0L0RK3S2W,漫物画室·iPad动漫板绘(奥体中心店),科教文化服务;培训机构;培训机构,109.03504749662028,34.37415879818336,灞桥区,109.040075,34.372875
B0L0HCRFZX,陕西张晚晚文化传媒有限公司,科教文化服务;传媒机构;传媒机构,109.06242269339783,34.38118462472168,灞桥区,109.067538,34.379962
B0LGFURR2P,清越四十五度音乐工作室,科教文化服务;培训机构;培训机构,109.03021211279658,34.383011643684874,灞桥区,109.035222,34.38172
B0I3DA2DZM,TL舞蹈工作室,科教文化服务;培训机构;培训机构,109.0466966091391,34.38499334068581,灞桥区,109.051766,34.383743
B0KK1CE7YB,昂立AI智学中心(全运村店),科教文化服务;培训机构;培训机构,109.02921898573416,34.38286938193774,灞桥区,109.034225,34.381575
B0LUUHQLER,音符里琴行,科教文化服务;培训机构;培训机构,109.04744444713138,34.393236173100895,灞桥区,109.052517,34.391992
B0LUFD3NA3,豫然传媒,科教文化服务;学校;学校,109.05534467372674,34.38604621547783,灞桥区,109.060441,34.384814
B0J3HHNHVV,笔驿书院(甘棠苑校区),科教文化服务;培训机构;培训机构,109.02947697266248,34.382956641058186,灞桥区,109.034484,34.381663
B0MD64A3Y8,新合街道第五幼儿园,科教文化服务;学校;幼儿园,109.069888577969,34.41961520747993,灞桥区,109.075025,34.418425
B0LRLRN3HU,书果星球少儿阅读成长中心,科教文化服务;培训机构;培训机构,109.04204586024244,34.40225824164117,灞桥区,109.047101,34.401007
B0L3MCM2Y4,景然课后托管,科教文化服务;培训机构;培训机构,109.02601096020516,34.39082776646852,灞桥区,109.031005,34.389529
B0LKOMFE7C,创未体育篮球培训,科教文化服务;培训机构;培训机构,109.0614856153445,34.39850956169756,灞桥区,109.0666,34.397295
B0FFFA96C8,金色童年幼儿园,科教文化服务;学校;幼儿园,109.0735998483546,34.37352865012502,灞桥区,109.07874,34.372317
B0MG6CIBPL,泛索思,公司企业;公司;公司|科教文化服务;培训机构;培训机构,109.03547951320245,34.378555350005456,灞桥区,109.040509,34.377275
B0LKRS6NYU,新飞林托管,科教文化服务;培训机构;培训机构,109.04782806994903,34.39473551177283,灞桥区,109.052902,34.393493
B0JBZYIL7P,百顺驾校,科教文化服务;科教文化场所;科教文化场所,109.05604283469216,34.38395706097876,灞桥区,109.061141,34.382725
B0L2X9YLFT,童班同学托管中心,科教文化服务;培训机构;培训机构,109.03141846006449,34.38302743464929,灞桥区,109.036433,34.381739
B0L0772ULQ,赵汝飞练字,科教文化服务;培训机构;培训机构,109.03984283340984,34.39966993337585,灞桥区,109.04489,34.398412
B0FFGFQKK7,庆华驾校(灞耿路店),科教文化服务;驾校;驾校,109.0551393086186,34.38562782889404,灞桥区,109.060235,34.384395
B0LUSS0RYM,西安智汇AI学院,科教文化服务;培训机构;培训机构,109.06238289726072,34.38001631914403,灞桥区,109.067498,34.378793
B0H3TRMCR0,腾运驾校,科教文化服务;驾校;驾校,109.05996691239456,34.38392315614258,灞桥区,109.065076,34.382698
B0LRKMHQDX,国际港务区执法局训练场,科教文化服务;科教文化场所;科教文化场所,109.06924349621714,34.37953867284785,灞桥区,109.074375,34.378325
B0FFIL2CJY,乐学托管,科教文化服务;培训机构;培训机构,109.0431257908284,34.382993443171195,灞桥区,109.048183,34.381734
B0I1DCSRUG,木蘭机车俱乐部(机车安驾培训学校),科教文化服务;驾校;驾校,109.0382063103875,34.38102721725529,灞桥区,109.043246,34.379755
B0MDHDSCXQ,源来典读·文化阅读茶空间·传统文化沙龙·安静读书喝茶办公·读书会,科教文化服务;科教文化场所;科教文化场所,109.038552354351,34.37761820605042,灞桥区,109.043593,34.376345
B0K2ZU6A8I,花田社区书房,科教文化服务;科教文化场所;科教文化场所,109.02921300402076,34.38292836599133,灞桥区,109.034219,34.381634
B0FFGFLOY2,天平驾校报名处,科教文化服务;驾校;驾校|生活服务;生活服务场所;生活服务场所,109.0588459880797,34.38357526077104,灞桥区,109.063952,34.382348
B0FFKWLY3K,新飞林青少年教育培训中心,科教文化服务;培训机构;培训机构,109.04117473666793,34.380990083086644,灞桥区,109.046225,34.379725
B0FFKT9QK9,唐堂学车(国际港务区店),科教文化服务;科教文化场所;科教文化场所,109.05992898906489,34.38421506109022,灞桥区,109.065038,34.38299
B0J1PH1724,港务区绿地得渔托管中心,科教文化服务;培训机构;培训机构,109.04730858262116,34.39679547745896,灞桥区,109.052381,34.395553
B0KRB1VRVF,古香书画艺术馆,科教文化服务;美术馆;美术馆,109.04649241413236,34.3950342406184,灞桥区,109.051562,34.393789
B0L39GRDLJ,西安国际港务区山东能源西北区域总部项目劳务区工人食堂,科教文化服务;培训机构;培训机构,109.0414790677868,34.376381843529906,灞桥区,109.04653,34.375115
B0MGR1MCGS,西安老年大学深渡路社区示范教学点,科教文化服务;培训机构;培训机构,109.04738786480664,34.40210230977037,灞桥区,109.052461,34.400863
B0FFGPSQIJ,豆豆幼儿托管,科教文化服务;学校;幼儿园,109.04423169920511,34.38667590649863,灞桥区,109.049293,34.385421
B0JURH2GS7,西安卓品文化传媒有限公司,科教文化服务;传媒机构;传媒机构,109.0429791517516,34.384651878281126,灞桥区,109.048036,34.383393
B0MGP120B6,西安腾扬文化传媒有限公司,科教文化服务;传媒机构;传媒机构,109.03475963622031,34.37338694191082,灞桥区,109.039786,34.372102
B0L2MSY11T,中国共产党西安浐灞国际港新筑街道西庄社区新时代文明实践站,科教文化服务;科教文化场所;科教文化场所,109.03861496355329,34.37953802070729,灞桥区,109.043656,34.378266
B0KDTZC2J7,窗宝宝系统西北研发实验基地,科教文化服务;科研机构;科研机构,109.0847015529452,34.40237524657424,灞桥区,109.089863,34.401189
B0MAY732NR,斯年自然托管,科教文化服务;培训机构;培训机构,109.02613047996373,34.390873411267336,灞桥区,109.031125,34.389575
B0LU5NB9TM,树人文化·小初全科·课后辅导·周末班(新筑店),科教文化服务;培训机构;培训机构,109.03831086915145,34.38176256270277,灞桥区,109.043351,34.380491
B0L6991JAW,小宇宙智能学习中心,科教文化服务;培训机构;培训机构,109.0407642113382,34.38062825212011,灞桥区,109.045813,34.379362
B0M6FHZDOC,西安数字江湖网络传媒有限责任公司,科教文化服务;传媒机构;传媒机构,109.02892047764624,34.37906124564923,灞桥区,109.033925,34.377764
B0MB4UYX8F,精工书院,科教文化服务;培训机构;培训机构,109.0617111413184,34.385696309313815,灞桥区,109.066825,34.384475
B0MBBCWOIK,西安金米文化传播有限公司,科教文化服务;传媒机构;传媒机构,109.03121131684792,34.382314368846835,灞桥区,109.036225,34.381025
B0L2HDAYM3,静观教育中心,科教文化服务;培训机构;培训机构,109.04974485425087,34.39561297464423,灞桥区,109.054825,34.394375
B001D09OLA,陕西省三维发展实验学校,科教文化服务;学校;幼儿园|科教文化服务;学校;小学,109.09482503933184,34.38225454937428,临潼区,109.099996,34.381061
B001D004EB,西安市第六十五中学,科教文化服务;学校;中学,109.09813239281948,34.41828189200439,灞桥区,109.103309,34.417109
B001D08MM9,漕渠小学,科教文化服务;学校;小学,109.08958794107711,34.396359199009936,灞桥区,109.094755,34.395172
B001D091AV,临潼区西泉街办贾村小学,科教文化服务;学校;小学,109.1369926999811,34.3967157237675,临潼区,109.142157,34.395501
B001D090KU,党家中心小学,科教文化服务;学校;小学,109.09467811575182,34.41699094955526,灞桥区,109.099852,34.415817
B0FFL5BT2E,柳树小学,科教文化服务;学校;小学,109.13726794890248,34.37440131396138,临潼区,109.14243,34.373174
B001D0ZKFM,临潼区西泉街办麦王小学,科教文化服务;学校;小学,109.12757498431397,34.41089161245597,临潼区,109.132749,34.409697
B0FFHRWYLB,西安市临潼区西泉初级中学,科教文化服务;学校;中学,109.13706774364336,34.3971275984301,临潼区,109.142232,34.395913
B0FFJ1WI00,东赵小学,科教文化服务;学校;小学,109.12180186795496,34.39490971150286,临潼区,109.126978,34.393712
B0FFGFQR6W,兴王村小学,科教文化服务;学校;小学,109.1239239277049,34.38436360623745,临潼区,109.129098,34.383158
B0LBXKCQ0U,西泉椿树小学,科教文化服务;学校;学校,109.10549792004652,34.38421830502064,临潼区,109.110675,34.383025
B0FFK6OLYD,西安市临潼区肖萍图书馆,科教文化服务;科教文化场所;科教文化场所,109.13794343828458,34.39997324137045,临潼区,109.143107,34.398759
B0FFLOPSC4,西安市驾驶人元齐社会化科目二考场,科教文化服务;科教文化场所;科教文化场所,109.09934766663788,34.395038254860125,灞桥区,109.104523,34.393852
B0FFKF2SQE,西安市宇星驾校,科教文化服务;驾校;驾校,109.09521263141876,34.3946436727821,灞桥区,109.100385,34.393457
B0FFIZTRE1,庆华驾校小型汽车科目二社会化考场,科教文化服务;科教文化场所;科教文化场所,109.13999244492776,34.39193273807794,临潼区,109.145153,34.390711
B001D0VZQE,小博士幼儿园(西麦路),科教文化服务;学校;幼儿园,109.13726911475858,34.40675041824851,临潼区,109.142434,34.405541
B0FFGFQ68X,漕渠幼儿园,科教文化服务;学校;幼儿园,109.09639012576746,34.38983820848588,灞桥区,109.101563,34.388649
B0FFLAPL3B,新合街道第四幼儿园,科教文化服务;学校;幼儿园,109.11374056793618,34.415365619193395,灞桥区,109.118921,34.414186
B0FFHD4Q1F,西泉中心小学,科教文化服务;学校;小学,109.14206548529168,34.40808073885805,临潼区,109.147225,34.406865
B001D08RCD,金色阳光幼儿园(鹤翔路),科教文化服务;学校;幼儿园,109.0985299981406,34.41981998353137,灞桥区,109.103707,34.418648
B0FFFA9IF9,筑梦幼儿园,科教文化服务;学校;幼儿园,109.09963299659589,34.38935542434199,临潼区,109.104808,34.388166
B0FFGFPWH6,希望幼儿园,科教文化服务;学校;幼儿园,109.099588440131,34.38459703209572,临潼区,109.104763,34.383405
B0FFILB5EZ,开心果幼儿园,科教文化服务;学校;幼儿园,109.0909926380971,34.39383710517235,灞桥区,109.096161,34.392649
B0MD2C6DLS,秦汉驾校驾驶员培训基地,科教文化服务;驾校;驾校,109.14002652236972,34.39149802985327,临潼区,109.145187,34.390276
B0FFLDN7VH,西泉第二幼儿园,科教文化服务;学校;幼儿园,109.14117667110742,34.40518504620265,临潼区,109.146337,34.403969
B0FFGFPSZF,西泉艺术培训学校,科教文化服务;培训机构;培训机构,109.14027767009316,34.40454406106424,临潼区,109.145439,34.403329
B0FFIB4NQY,阿里教育(新合校区),科教文化服务;培训机构;培训机构,109.0942775189708,34.416316414281454,灞桥区,109.099451,34.415142
B0FFLAEVVA,西安国际港港务区新合街道第二幼儿园,科教文化服务;学校;幼儿园,109.09549245008276,34.416910878877495,灞桥区,109.100667,34.415737
B0FFGDDFBI,陕西省三维教育科学发展研究所,科教文化服务;科研机构;科研机构,109.09553953827935,34.38128297563655,临潼区,109.100711,34.380089
B0MRNZ6T23,西安景行新能源汽车检测研究中心,科教文化服务;科教文化场所;科教文化场所,109.09113996280732,34.3997867183939,灞桥区,109.096309,34.398602
B0GR551WIO,华旭托管,科教文化服务;培训机构;培训机构,109.09606402883038,34.41657301219065,灞桥区,109.101239,34.415399
B0GR1O18S4,上拓驾校,科教文化服务;驾校;驾校,109.11633583886888,34.383629334564844,临潼区,109.121513,34.38243
B0MA1UEU85,西安兴诺文化传播有限公司,科教文化服务;传媒机构;传媒机构,109.12165216209416,34.39072989552896,临潼区,109.126828,34.38953
B0FFKYPY4Q,树椿萱学堂,科教文化服务;培训机构;培训机构,109.09615318493634,34.379819698235465,临潼区,109.101325,34.378625
B0MANZPGPY,东方红陕西省级中心库,公司企业;公司;公司|科教文化服务;科教文化场所;科教文化场所,109.11701401962635,34.39498558146216,临潼区,109.122192,34.393792
B0LKF9URSI,西安市-西泉街道-西泉街道西韩公路三维发展实验幼儿园,科教文化服务;学校;幼儿园,109.09900115986648,34.38041927599736,临潼区,109.104175,34.379225
B0MGSNL95H,陕西省三维发展实验学校校史馆,科教文化服务;培训机构;培训机构,109.09740224921852,34.38001950333912,临潼区,109.102575,34.378825
B001D0W3EX,柳树小学附属幼儿园,科教文化服务;学校;幼儿园,109.137052688533,34.374751822743285,临潼区,109.142215,34.373525
B0LR1XVCSB,西泉街道文化中心,科教文化服务;文化宫;文化宫,109.14074420610083,34.40465469687313,临潼区,109.145905,34.403439
B0FFLA0N7F,新合街道第三幼儿园(建设中),科教文化服务;学校;幼儿园,109.08919342861272,34.39590061338151,灞桥区,109.09436,34.394713
B0MGTS6UAV,西咸理工职业高级中学,科教文化服务;学校;职业技术学校,108.78486983399344,34.23703911353159,长安区,108.789582,34.235567
B0MBZZCHEY,西安领航职业高级中学,科教文化服务;学校;职业技术学校|科教文化服务;学校;中学,108.81480715873958,34.23656183285307,雁塔区,108.819479,34.235043
B0JD2SBS6E,陕西省商务技术学校-西安,科教文化服务;学校;职业技术学校,108.8216411583243,34.24189241342575,雁塔区,108.826302,34.240363
B0FFIC7F7T,沣东第六初级中学,科教文化服务;科教文化场所;科教文化场所,108.79518408424401,34.238410459221,长安区,108.799885,34.236925
B0LU7D0V5N,西咸新区沣东第一高级中学,科教文化服务;学校;学校,108.78872288679254,34.23463285336036,长安区,108.793431,34.233155
B0KDACIS8Y,西安创越补习学校,科教文化服务;学校;职业技术学校,108.8224844306745,34.243880233330124,雁塔区,108.827144,34.24235
B0FFFFX2O2,沣东第六小学,科教文化服务;学校;小学,108.78792209581091,34.234013041999894,长安区,108.792631,34.232536
B0JKTA4EHX,雁塔人工智能创新发展中心,科教文化服务;科教文化场所;科教文化场所,108.81443617959246,34.241139443732045,雁塔区,108.819109,34.239623
B001D0VSSC,沣东新城八一小学,科教文化服务;学校;小学,108.80579608449152,34.22250915179836,长安区,108.810481,34.221001
B0MACUWSY5,西安毛坦厂高补教育,科教文化服务;学校;中学,108.81620552997491,34.23574668005544,雁塔区,108.820875,34.234225
B0MD649HBR,惠哥单招集训(雁塔校区),科教文化服务;培训机构;培训机构,108.81575472790972,34.236445597704794,雁塔区,108.820425,34.234925
B0JRTM12MX,陕西师范大学雁塔第二实验学校(科技路校区),科教文化服务;学校;小学,108.80799216857032,34.23803121187475,雁塔区,108.812675,34.236525
B0MGOAUXOZ,中医传承学院,科教文化服务;培训机构;培训机构,108.82203956465455,34.24523188749745,雁塔区,108.8267,34.243703
B0FFF49W4G,先锋小学,科教文化服务;学校;小学,108.81606539901641,34.20981374203657,长安区,108.820733,34.208283
B0FFF653HD,西安超人雕塑研究院(富源四路),科教文化服务;科研机构;科研机构,108.81603482122459,34.24100439826013,雁塔区,108.820705,34.239485
B0KUSCQBNV,雁塔区档案馆,科教文化服务;档案馆;档案馆,108.8211634563659,34.240554028788424,雁塔区,108.825825,34.239025
B0KBJSBKUE,一束光训练营,科教文化服务;培训机构;培训机构,108.77969715647265,34.24072491265907,长安区,108.784414,34.23926
B0MASCH0Q0,西咸理工职业高级中学教学楼,科教文化服务;学校;学校,108.78546337082919,34.23734771699757,长安区,108.790175,34.235875
B0MUFCGVTQ,西安城市科技职业学校,科教文化服务;学校;职业技术学校,108.81508160668017,34.23659631768239,雁塔区,108.819753,34.235077
B0LG2CLNGY,TX舞蹈创造营,科教文化服务;培训机构;培训机构,108.80440146057245,34.24155579498416,雁塔区,108.80909,34.240057
B0MGTZ7BHA,西咸理工职业高级中学实训楼,科教文化服务;学校;学校,108.78524209376026,34.23815914432017,长安区,108.789954,34.236687
B001D0Z770,西安正华驾校(总校训练场),科教文化服务;驾校;驾校,108.8143300823883,34.22786517462597,雁塔区,108.819002,34.226344
B0K32CCBXF,虹桥国际足球俱乐部(鱼化寨校区),科教文化服务;培训机构;培训机构,108.81979267349892,34.24629430114981,雁塔区,108.824457,34.24477
B0FFH7V6X8,先锋聪聪辅导中心,科教文化服务;培训机构;培训机构,108.8166675866665,34.20746865305273,长安区,108.821334,34.205936
B0MGG42PH6,西安万松岭画室(领航校区),科教文化服务;培训机构;培训机构,108.81660611299561,34.23674703938585,雁塔区,108.821275,34.235225
B0MBDZG6XH,西安生物医药技术专修学院,科教文化服务;学校;成人教育,108.82218881479697,34.24527614921531,雁塔区,108.826849,34.243747
B0FFFFX2O3,沣东第六幼儿园,科教文化服务;学校;幼儿园,108.79099459495293,34.232037859964336,长安区,108.7957,34.230556
B0MANAP8YH,西安领航博恩艺考,科教文化服务;培训机构;培训机构,108.81569161936049,34.236499462696194,雁塔区,108.820362,34.234979
B0JG17FCRY,万峰汇直播基地,科教文化服务;传媒机构;传媒机构,108.81428073286494,34.243512264050224,雁塔区,108.818954,34.241997
B0LG2SEWC5,仁德武术,科教文化服务;培训机构;培训机构,108.78963087193901,34.23455408410652,长安区,108.794338,34.233075
B0FFMHTXQX,沣新教育,科教文化服务;培训机构;培训机构,108.79311394371156,34.2335292736059,长安区,108.797817,34.232045
B0G05DKHKG,沣东润馨怡园幼儿园,科教文化服务;学校;幼儿园,108.79513597377857,34.239026157344526,长安区,108.799837,34.237541
B0KRMA1TP9,鹏翼驾校(富源路训练基地报名点),科教文化服务;驾校;驾校,108.80511856124615,34.24109316896948,雁塔区,108.809806,34.239593
B0FFGAPBXS,童之梦幼儿园,科教文化服务;学校;幼儿园,108.80625203820928,34.21922409806056,长安区,108.810936,34.217714
B0J12S3HA8,西安市雁塔区第二十八幼儿园,科教文化服务;学校;幼儿园,108.80809216460945,34.239980652698264,雁塔区,108.812775,34.238475
B0HRV7UUWZ,西安城市科技职业学校教学楼,科教文化服务;学校;学校,108.81655604611704,34.2365470224156,雁塔区,108.821225,34.235025
B0KRFAGU7H,北大青鸟人工智能产业学院,科教文化服务;培训机构;培训机构,108.8212134682813,34.24145378233159,雁塔区,108.825875,34.239925
B0FFMBT2P1,西安正华驾校科二考场,科教文化服务;科教文化场所;科教文化场所,108.81507335695139,34.22717377222621,雁塔区,108.819744,34.225651
B0H2L56G0S,蓝天艺术,科教文化服务;培训机构;培训机构,108.806310606509,34.23794436551901,雁塔区,108.810996,34.236441
B0FFGCBNIT,先锋幼儿园,科教文化服务;学校;幼儿园,108.81551469231087,34.207312603286326,长安区,108.820183,34.205782
B0L17Z7HR8,西安鱼跃职业高级中学党支部委员会,科教文化服务;科教文化场所;科教文化场所,108.8223903029892,34.243479209929426,雁塔区,108.82705,34.241949
B0JD27PS0U,陕西省商务技术学校职业高中部,科教文化服务;学校;职业技术学校,108.82123351383859,34.24131087365385,雁塔区,108.825895,34.239782
B0MAYC23DJ,西安领航八正道舞蹈艺考,科教文化服务;培训机构;培训机构,108.8165560501749,34.23649704105916,雁塔区,108.821225,34.234975
B0I0TST73L,西咸新区沣东镐京第一幼儿园,科教文化服务;学校;幼儿园,108.79096201418007,34.23871433377587,长安区,108.795668,34.237235
B0LRK9KFSU,鑫腾爱驾校,科教文化服务;驾校;驾校,108.80294408274396,34.220020292720804,长安区,108.807633,34.218516
B0MUJ1T2I1,西安领航职业高级中学招生办,科教文化服务;科教文化场所;科教文化场所,108.81640577258793,34.2368466359274,雁塔区,108.821075,34.235325
B0JRFRU0P1,陕西黑马奔途专升本,科教文化服务;培训机构;培训机构,108.8217443610538,34.24155273432191,雁塔区,108.826405,34.240023
B0L15ZZQJ0,国家网络安全教育技术产业融合发展试验区综合试验场,科教文化服务;科研机构;科研机构,108.81493677786028,34.24388231077857,雁塔区,108.819609,34.242366
B0G1ZG4RV7,新生命训练基地,科教文化服务;科教文化场所;科教文化场所,108.77969516141347,34.24064594035017,长安区,108.784412,34.239181
B0L3M9PJ45,艺多星艺术中心,科教文化服务;培训机构;培训机构,108.7930719317244,34.23305938741322,长安区,108.797775,34.231575
B0K1HCHP6D,前程远大升学基地,科教文化服务;培训机构;培训机构,108.82207791344975,34.24172928991513,雁塔区,108.826738,34.240199
B0M1FMA1DZ,沣惠逸居幼儿园,科教文化服务;学校;幼儿园,108.7885262401749,34.24000858749464,长安区,108.793235,34.238533
B0GKGZ6PFJ,陕西关中驾驶员培训服务有限公司(C1C2证 DE证),科教文化服务;学校;职业技术学校|科教文化服务;驾校;驾校,108.81747148707802,34.22521686091813,雁塔区,108.822138,34.223689
B0LRT1B9KF,SDG舞社,科教文化服务;培训机构;培训机构,108.79252963796054,34.24103763986185,长安区,108.797234,34.239557
B0MG0CHR1Y,陕西省商务技术学校行政楼,科教文化服务;学校;学校,108.8212134682813,34.24145378233159,雁塔区,108.825875,34.239925
B0GK2ZGGK6,臻味奶学霸,科教文化服务;培训机构;培训机构,108.78932070257292,34.23249343321996,长安区,108.794028,34.231014
B0LBO65CZ0,延安职业技术学院优质生源基地,科教文化服务;学校;高等院校,108.81602220133117,34.23605822955017,雁塔区,108.820692,34.234537
B0LBCLEBHG,双旗寨未来星托管,科教文化服务;培训机构;培训机构,108.8153053411723,34.23207639932678,雁塔区,108.819976,34.230555
B0MUGRNM2R,西安青柏书院领航校区,科教文化服务;培训机构;培训机构,108.8156545422934,34.236695322149636,雁塔区,108.820325,34.235175
B0G0F7AYKE,西安小红花艺术培训中心,科教文化服务;培训机构;培训机构,108.7929848302465,34.233028274945056,长安区,108.797688,34.231544
B0L2SC63EF,志笔练字(沣东店),科教文化服务;培训机构;培训机构,108.79075998933735,34.2362169908833,长安区,108.795466,34.234737
B0LKB6RF2Z,金科互联网实训基地(西安总校),科教文化服务;培训机构;培训机构,108.8165560501749,34.23649704105916,雁塔区,108.821225,34.234975
B0M1BXZ3DD,周宋欣苑幼儿园,科教文化服务;学校;幼儿园,108.8191538998576,34.23021914087721,雁塔区,108.823818,34.22869
B0LU3A8SEO,精准学数跃AI智能成长中心(沣东润景店),科教文化服务;培训机构;培训机构,108.79327211052804,34.233809395712655,长安区,108.797975,34.232325
B0J2H7NDTH,西安创越学校招生咨询中心,科教文化服务;科教文化场所;科教文化场所|生活服务;生活服务场所;生活服务场所,108.82246542058627,34.24360530234731,雁塔区,108.827125,34.242075
B0L3SB24ZO,赵汝飞练字(汉池路),科教文化服务;培训机构;培训机构,108.79299083268572,34.23308626206386,长安区,108.797694,34.231602
B0FFGHIU8Y,华为西安研究所,科教文化服务;科研机构;科研机构,108.83462175392428,34.19892510326864,雁塔区,108.839257,34.197356
B0FFGCBNAT,陕西省图书馆(高新馆区),科教文化服务;图书馆;图书馆,108.82957092083366,34.214459295434196,雁塔区,108.834216,34.212905
B001D03TME,西安职业技术学院主校区,科教文化服务;学校;高等院校,108.83474960622978,34.22823206968007,雁塔区,108.839387,34.226673
B0FFJNDWE0,西安高新国际会议中心,住宿服务;宾馆酒店;宾馆酒店|科教文化服务;科教文化场所;科教文化场所,108.82986321052903,34.21705592970254,雁塔区,108.834508,34.215502
B0JDPZLKDW,陕西梦鱼文化传媒有限公司,科教文化服务;传媒机构;传媒机构,108.83016946040688,34.2204383034355,雁塔区,108.834814,34.218885
B0H0FAKEQF,中国石油集团工程材料研究院有限公司,科教文化服务;科研机构;科研机构,108.84452902717875,34.18548564001239,雁塔区,108.849147,34.183894
B0FFJO7S7J,西安高新第八小学,科教文化服务;科教文化场所;科教文化场所,108.8303448309344,34.19477148400079,长安区,108.834987,34.193209
B0FFL7I98V,西安高新区第四初级中学,科教文化服务;学校;中学,108.82803690682331,34.23167422071523,雁塔区,108.832686,34.230129
B0FFG3XRJL,西安远东仁民中高考补习学校,科教文化服务;培训机构;培训机构,108.84321552005846,34.190873534863684,雁塔区,108.847836,34.189286
B0FFM9SGUE,高新第十九小学,科教文化服务;学校;小学,108.82263260971328,34.23242979883776,雁塔区,108.827291,34.230895
B0HBTM16HC,西安市雁塔区第二学校,科教文化服务;学校;学校,108.8434606240196,34.2441151013739,雁塔区,108.848085,34.242546
B0FFL7IMA8,西安高新第十四小学,科教文化服务;学校;小学,108.84453432157932,34.21923417290665,雁塔区,108.849155,34.217654
B0FFH03MMW,西安鱼跃职业高中,科教文化服务;学校;职业技术学校|科教文化服务;学校;中学,108.82256557888076,34.24375543242917,雁塔区,108.827225,34.242225
B0LDVAYLJ7,高途(西安中心),科教文化服务;科教文化场所;科教文化场所,108.83781310477697,34.211153835464934,雁塔区,108.842444,34.209583
B0FFJKI6BT,西安高新区第二十小学(第一小学西苑分校),科教文化服务;学校;小学,108.82964441083551,34.22233063925488,雁塔区,108.83429,34.220779
B0FFHCK449,荣信文化,科教文化服务;传媒机构;出版社,108.8286577395833,34.209754220197624,雁塔区,108.833304,34.2082
B0FFL7JNME,西安高新区第十八小学,科教文化服务;学校;小学,108.83440953079705,34.23445514742335,雁塔区,108.839048,34.232899
B0FFHLJMOB,三星电子(西安)研究所,公司企业;公司;机械电子|科教文化服务;科研机构;科研机构,108.8286199614658,34.20620537390686,雁塔区,108.833266,34.20465
B0L1BMYZOZ,西安云巴省图高新馆站,科教文化服务;图书馆;图书馆,108.83104249209026,34.21371832055136,雁塔区,108.835685,34.212161
B0FFL95CIS,西安职业技术学院实训大楼,科教文化服务;学校;学校,108.83582131161577,34.22941663121568,雁塔区,108.840457,34.227856
B0MAH5LVI4,西安文承补习学校,科教文化服务;培训机构;培训机构,108.85258571558549,34.2395025654927,雁塔区,108.857196,34.237916
B0FFKUKCD3,交叉信息核心技术研究院(西安)有限公司,科教文化服务;科研机构;科研机构,108.82809601324831,34.20684916707428,雁塔区,108.832743,34.205295
B0IDYAWE7M,西安高新区第十小学,科教文化服务;学校;小学,108.84174009072478,34.228996645857464,雁塔区,108.846366,34.227425
B0KDZLRNGG,九垚影视基地,科教文化服务;传媒机构;电视台,108.82998008137444,34.22112770117963,雁塔区,108.834625,34.219575
B0MAOHHZ54,剑桥大学·自然魔法世界,科教文化服务;科教文化场所;科教文化场所,108.82946672035753,34.2147370019405,雁塔区,108.834112,34.213183
B0HD5SFZKT,好老师专升本(鱼化寨分校),科教文化服务;培训机构;培训机构,108.84313880055433,34.23557673799611,雁塔区,108.847763,34.234005
B0FFH1E30X,华为西安研究所二期-V10,科教文化服务;科教文化场所;科教文化场所,108.8336118496149,34.201398382249764,雁塔区,108.838249,34.199832
B0J03HZGDU,旷世传声,科教文化服务;传媒机构;传媒机构,108.8312332425733,34.208445513777264,雁塔区,108.835875,34.206886
B001D0VY5B,陕西天主教神哲学院,科教文化服务;学校;学校,108.84311720594432,34.21769619119442,雁塔区,108.84774,34.216118
B0FFJH6VF5,陕西华为联合学院,科教文化服务;科教文化场所;科教文化场所,108.83042485704445,34.20853596430437,雁塔区,108.835068,34.206978
B0MAV64FEA,西安软件新城软件研发基地,科教文化服务;科研机构;科研机构,108.83018153079333,34.20743288776232,雁塔区,108.834825,34.205875
B0KR7DJ7M9,陕西电子信息技能等级认定中心,科教文化服务;培训机构;培训机构,108.84099827917488,34.19934571131346,雁塔区,108.845623,34.197765
B0FFH1N6E2,华为西安研究所-V3,科教文化服务;科教文化场所;科教文化场所,108.83571472190914,34.19729968391408,雁塔区,108.840348,34.195728
B0FFH2BE4H,华为西安研究所-V5,科教文化服务;科教文化场所;科教文化场所,108.83349987372868,34.19874906792053,雁塔区,108.838137,34.197182
B0FFJ3STU5,航空工业西安飞行自动控制研究所总部,科教文化服务;科教文化场所;科教文化场所,108.829892869329,34.197128847028104,雁塔区,108.834536,34.195568
B0HALS4ZT6,中电太极(集团)有限公司西安研发中心,科教文化服务;科研机构;科研机构,108.83098388224192,34.20764532181934,雁塔区,108.835626,34.206086
B0LGSD85LT,希诺麦田技术(深圳)有限公司西安研发中心,科教文化服务;科研机构;科研机构,108.83825995976845,34.20972315573559,雁塔区,108.84289,34.208151
B0G23LEGSA,西安外事学院国际合作学院国际交流中心,科教文化服务;学校;高等院校,108.86353209884535,34.23235195888937,雁塔区,108.868128,34.230746
B0FFGJTJEK,西安外事学院南校区人文学院,科教文化服务;学校;高等院校,108.86234210218208,34.22819980093415,雁塔区,108.866939,34.226594
B0M6VPHKGK,诺瓦科技研发基地,科教文化服务;科研机构;科研机构,108.82624946834682,34.22399365677609,雁塔区,108.830901,34.222449
B0K0YAMXR0,乐学少年宫(一站式儿童成长中心),科教文化服务;文化宫;文化宫,108.8345979217663,34.22115234357829,雁塔区,108.839235,34.219591
B0FFKF4NC4,华为西安研究所V6,科教文化服务;科研机构;科研机构,108.83496029266746,34.19931260355541,雁塔区,108.839595,34.197743
B0K0HZOVIS,大英图书馆·世界像素(西安馆)(暂停营业),科教文化服务;科教文化场所;科教文化场所,108.82963202417601,34.21447240571082,雁塔区,108.834277,34.212918
B0M6DU7DKL,三星数据系统(中国)有限公司西安分公司,科教文化服务;科教文化场所;科教文化场所,108.82844765443959,34.20635799738054,雁塔区,108.833094,34.204803
B0FFH1KCFG,华为西安研究所2期,科教文化服务;科教文化场所;科教文化场所,108.83544094071947,34.20129482810032,雁塔区,108.840075,34.199725
B0JDZC8PPJ,罗得岛艺术RhodesArt(高新校区),科教文化服务;培训机构;培训机构,108.86709122354344,34.23946110872794,雁塔区,108.871684,34.237853
B0MDY6TOF1,解密达芬奇沉浸式探索展览,科教文化服务;科教文化场所;科教文化场所,108.82957993866175,34.214429322915784,雁塔区,108.834225,34.212875
B0FFL6RAKJ,启迪之星(西安·高新区),科教文化服务;培训机构;培训机构,108.82953009964271,34.21138029561394,雁塔区,108.834175,34.209825
B0M6P5LYP9,908 ART LAB,科教文化服务;科教文化场所;科教文化场所,108.863373850874,34.245731713627364,雁塔区,108.867971,34.244131
B0FFH1LMQB,华为西安研究所二期-V8,科教文化服务;科教文化场所;科教文化场所,108.83358989023519,34.200433667846625,雁塔区,108.838227,34.198867
B0FFJS8BHI,华为西安研究所-V2,科教文化服务;科教文化场所;科教文化场所,108.83363923564553,34.19718385419294,雁塔区,108.838276,34.195616
B0MUCD1J03,小熊乒乓(丈八北路店),科教文化服务;培训机构;培训机构,108.86947011863818,34.21857374603353,雁塔区,108.874059,34.216955
B0L0HPPQV3,微聚繁星直播基地,科教文化服务;传媒机构;传媒机构,108.8313834791542,34.2086847130868,雁塔区,108.836025,34.207125
B0FFH1VZ82,华为西安研究所二期-V9,科教文化服务;科教文化场所;科教文化场所,108.83529769664263,34.20133854680553,雁塔区,108.839932,34.199769
B0FFIQIBLY,亿华本宝宝舞蹈,科教文化服务;培训机构;培训机构,108.8452239247166,34.20027197058088,雁塔区,108.849842,34.198684
B0KRB5WEB9,陕西巨微图书文化传播有限公司,科教文化服务;传媒机构;传媒机构,108.83033071627854,34.22067852068762,雁塔区,108.834975,34.219125
B0FFKJ2TTM,路之光艺术体操俱乐部,科教文化服务;文艺团体;文艺团体,108.85604579198889,34.185284100590884,雁塔区,108.860647,34.183673
B0HUBHDOON,小百合艺术教育(鱼化寨校区),科教文化服务;培训机构;培训机构,108.84436890865027,34.23355968150101,雁塔区,108.848991,34.231985
B0JUMS1EUO,墨驰书法(万科翡翠天誉校区),科教文化服务;培训机构;培训机构,108.86309510796512,34.226217589348785,雁塔区,108.867691,34.22461
B0JGN5VNWW,西安外事学院南校区健康与生命学院,科教文化服务;学校;高等院校,108.85821518039373,34.22781783653664,雁塔区,108.862817,34.226218
B0MAH1N70R,亚朵竹居流动图书馆(西安高新软件新城),科教文化服务;图书馆;图书馆,108.83699148080869,34.21436319585458,雁塔区,108.841624,34.212795
B0MD6497ZE,国家能源集团科学技术研究院有限公司西安分公司,科教文化服务;科研机构;科研机构,108.85390352530185,34.19000313308017,雁塔区,108.858508,34.188397
B0K0D7AVUG,SEED WARRIOR泽鑫文化运动表现训练中心,科教文化服务;培训机构;培训机构,108.86262993628728,34.22186350126563,雁塔区,108.867226,34.220255
B0K2DZFX9V,西安外事学院南校区工学院,科教文化服务;学校;高等院校,108.8657694263687,34.23292380430166,雁塔区,108.870363,34.231315
B0H2G5VD8A,悦艺琴行,科教文化服务;培训机构;培训机构,108.84650926589664,34.19586670920076,雁塔区,108.851125,34.194275
B0G2UY2A15,高新区第十五幼儿园,科教文化服务;科教文化场所;科教文化场所,108.83255941459592,34.22187327529104,雁塔区,108.8372,34.220316
B0I2YUTX26,西安高新区第五十七幼儿园,科教文化服务;学校;幼儿园,108.83664815535359,34.23610369674402,雁塔区,108.841283,34.234544
B0L65HA52T,西安快玩影视传媒有限公司,科教文化服务;传媒机构;传媒机构,108.82912869932173,34.2202264223993,雁塔区,108.833775,34.218675
B0FFHR42VK,莱萌音乐,科教文化服务;培训机构;培训机构,108.8698882509084,34.196551850278894,雁塔区,108.874475,34.194925
B0L6OZDAEH,众创驾校(总校训练场),科教文化服务;驾校;驾校,108.84928777429458,34.241667220553374,雁塔区,108.853903,34.240087
B0FFLCE3H2,高新伊顿幼儿园,科教文化服务;科教文化场所;科教文化场所,108.86423602026281,34.20545450014663,雁塔区,108.868829,34.203838
B0FFG3EM9S,葡萄籽英语Grapeseed明硕成长,科教文化服务;培训机构;培训机构,108.869349585399,34.223886697005625,雁塔区,108.873939,34.22227
B0JB9ZWWB8,中国移动通信集团设计院有限公司陕西分公司,科教文化服务;科教文化场所;科教文化场所,108.86849112774036,34.19487768301605,雁塔区,108.873079,34.193252
B0FFFGV317,艾伦玫瑰公馆幼儿园,科教文化服务;学校;幼儿园,108.86386116656948,34.22352363357665,雁塔区,108.868456,34.221914
B0G15CNHC1,西安市高新区第14幼儿园,科教文化服务;学校;幼儿园,108.86149452445086,34.210783783987004,雁塔区,108.866091,34.209173
B0I26RJ4MO,西安高新区第五十六幼儿园,科教文化服务;学校;幼儿园,108.8667884829449,34.207568199668344,雁塔区,108.871379,34.205949
B0LBDZVGPX,启乐迪儿童成长中心(高新校区),科教文化服务;培训机构;培训机构,108.83403569591782,34.23697951049619,雁塔区,108.838675,34.235425
B0KKUAUUF7,明德驾校(总校训练场),科教文化服务;驾校;驾校,108.8663223352007,34.24104450604363,雁塔区,108.870916,34.239438
B0FFJ5FQOV,西安高新区第四十九幼儿园,科教文化服务;学校;幼儿园,108.84178928486773,34.22757025492803,雁塔区,108.846415,34.225998
B0HAUCTMAM,西安高新区第十三幼儿园,科教文化服务;学校;幼儿园,108.8600525622008,34.213939566041816,雁塔区,108.864651,34.212332
B0K1XS6W4D,鼓乐盟架子鼓(科技路华润店),科教文化服务;培训机构;培训机构,108.86867473087173,34.239386155029635,雁塔区,108.873266,34.237776
B0G175VUJI,爱音尚乐音乐艺术中心,科教文化服务;培训机构;培训机构,108.8660210947882,34.22778502406685,雁塔区,108.870614,34.226174
B0H6N5FNWO,西安特达计量检测研究院有限公司,科教文化服务;科研机构;科研机构,108.85696293286139,34.198488173624774,雁塔区,108.861564,34.19688
B0FFFHJ0AU,西安市高新区第二十四幼儿园,科教文化服务;学校;幼儿园,108.86218763071125,34.21941774421737,雁塔区,108.866784,34.217809
B0FFKT3SVC,灵雀艺术,科教文化服务;科教文化场所;科教文化场所,108.84558083476267,34.19585108542307,雁塔区,108.850198,34.194261
B0MROCIIC7,陕西创新工程技术学校(鱼化寨校区),科教文化服务;学校;职业技术学校,108.85031123591533,34.24220675262217,雁塔区,108.854925,34.240625
B0HKDUYRPL,赵汝飞练字(高新二十小校区),科教文化服务;培训机构;培训机构,108.83381760046373,34.22120286914674,雁塔区,108.838456,34.219643
B0J2DUE4RY,西安高新区第六十幼儿园,科教文化服务;学校;幼儿园,108.84683090705391,34.20646068095911,雁塔区,108.851447,34.204872
B001D08ZPE,西安职业技术学院-招生办公室,科教文化服务;学校;高等院校,108.83528543728329,34.22910574859097,雁塔区,108.839922,34.227546
B0J0RSLWDZ,西安高新区第五十八幼儿园,科教文化服务;学校;幼儿园,108.8657677842633,34.21596692257546,雁塔区,108.87036,34.214352
B0GD95MBF1,新东方素质(丈八北路翡翠天誉校区),科教文化服务;培训机构;培训机构,108.86731347511432,34.22654916612916,雁塔区,108.871905,34.224936
B0JU2Z7ZGF,北京麦迪兔魔法托管,科教文化服务;培训机构;培训机构,108.84455023212134,34.24549551614331,雁塔区,108.849173,34.243925
B0FFJRTW4Z,西安职业技术学院图书馆,科教文化服务;科教文化场所;科教文化场所,108.83530653369569,34.2283500637384,雁塔区,108.839943,34.22679
B0L1TA2HQS,研途考研(外事校区),科教文化服务;培训机构;培训机构,108.86532637860338,34.22782707926651,雁塔区,108.86992,34.226217
B0MARA4E2R,亚朵竹居流动图书馆(西安高新半导体产业园),科教文化服务;图书馆;图书馆,108.83743835597667,34.20031486220367,雁塔区,108.842069,34.198741
B0FFH0R7QI,西安外事学院南校区七方书院,科教文化服务;学校;高等院校,108.8628112371433,34.23311966202516,雁塔区,108.867408,34.231515
B0FFG7S353,西安高新第五幼儿园,科教文化服务;学校;幼儿园,108.83760220975513,34.19309058319079,雁塔区,108.842232,34.191514
B0MAZACNVW,Kokoplay拼豆基地(大茂城工厂店),科教文化服务;培训机构;培训机构,108.8682333136061,34.23948456289472,雁塔区,108.872825,34.237875
B0M2B9B1HI,西安外事学院9号楼,科教文化服务;学校;学校,108.86438679994288,34.23516210248511,雁塔区,108.868982,34.233556
B0FFM0WJHR,雁塔吉的堡花都幼儿园,科教文化服务;科教文化场所;科教文化场所,108.83630799075408,34.24349328621013,雁塔区,108.840944,34.241937
B0H1DSKKLK,西安高新区第四十五幼儿园,科教文化服务;学校;幼儿园,108.86348465149295,34.22481264434889,雁塔区,108.86808,34.223204
B0FFKZNJQ2,陕西省卫生监督所培训中心,科教文化服务;培训机构;培训机构,108.86906847277794,34.23461242785614,雁塔区,108.873659,34.233
B0FFHTWX5R,西安通达驾校(总校训练场),科教文化服务;驾校;驾校,108.84166765096896,34.23300604198569,雁塔区,108.846294,34.231436
B0FFJUL1L8,深圳大学建筑设计研究院有限公司西安分公司,科教文化服务;科教文化场所;科教文化场所,108.83542278633254,34.24003295087872,雁塔区,108.84006,34.238477
B0FFKT17TH,艾斯维尔创客空间,科教文化服务;培训机构;培训机构,108.85122824455912,34.24619277531454,雁塔区,108.855841,34.244611
B0IGVR4JB1,西安恒飞育德考前辅导培训学校,科教文化服务;培训机构;培训机构,108.85008611380411,34.23963334336576,雁塔区,108.8547,34.238051
B0LBYUTL3R,YoYo舞蹈艺术中心,科教文化服务;培训机构;培训机构,108.86724657252371,34.23699623342534,雁塔区,108.871839,34.235387
B0LBCR8MFB,小央美艺术中心,科教文化服务;培训机构;培训机构,108.86308411209097,34.22601364780347,雁塔区,108.86768,34.224406
B0K1J7HDRK,柠檬树阅读馆,科教文化服务;培训机构;培训机构,108.86157103894989,34.242869236346706,雁塔区,108.86617,34.24127
B0KDHB8BTZ,西安藤信学校招生咨询处,生活服务;生活服务场所;生活服务场所|科教文化服务;科教文化场所;科教文化场所,108.85664824906218,34.23928117322501,雁塔区,108.861253,34.237688
B0FFHQ2NZH,西安外事技工学校,科教文化服务;学校;职业技术学校,108.85514224694165,34.23936376309125,雁塔区,108.859749,34.237773
B0HG5HB9OB,高新区第五十幼儿园,科教文化服务;学校;幼儿园,108.85801754737965,34.22013430356044,雁塔区,108.862619,34.218532
B0LRHR99HP,里程驾校(总校训练基地),科教文化服务;驾校;驾校,108.82397076029469,34.24640005319466,未央区,108.828628,34.244868
B0H1JHPBTT,西安市创新人才研究院,科教文化服务;科教文化场所;科教文化场所,108.86038830555101,34.19723079360279,雁塔区,108.864985,34.195617
B0I24HLGST,西安市雁塔区第二十九幼儿园,科教文化服务;学校;幼儿园,108.82672770682352,34.2435353226708,雁塔区,108.83138,34.241997
B0HGBCP86X,贝森托管中心,科教文化服务;培训机构;培训机构,108.85977654363218,34.21000252889092,雁塔区,108.864375,34.208394
B0GRNS8W44,雁塔区世纪星宝贝幼儿园,科教文化服务;学校;幼儿园|科教文化服务;培训机构;培训机构,108.86682251391426,34.245019653761545,雁塔区,108.871416,34.243414
B0FFL3NCXU,星起点艺术培训中心(高新米兰校区),科教文化服务;培训机构;培训机构,108.84630182120087,34.23473365658945,雁塔区,108.850921,34.233156
B0LD6DAD4K,西安小腕来也影视传媒有限公司,科教文化服务;传媒机构;传媒机构,108.8695532540484,34.230283621684976,雁塔区,108.874143,34.228669
B001D0W94Z,王西京艺术陈列馆,科教文化服务;展览馆;展览馆,108.85260531295435,34.19506433669706,雁塔区,108.857212,34.193462
B0FFFO3SE7,卡布优尚幼儿园,科教文化服务;学校;幼儿园,108.84761407664634,34.23160409815613,雁塔区,108.852231,34.230023
B0KGZ7VDK5,弦歌古筝工作室,科教文化服务;培训机构;培训机构,108.86986905821257,34.22372039218146,雁塔区,108.874458,34.222103
B0K1AUUAKE,舞十一区舞蹈,科教文化服务;培训机构;培训机构,108.86729735266748,34.22788166076744,雁塔区,108.871889,34.226269
B001D0WKAY,崔振宽山水艺术馆,科教文化服务;展览馆;展览馆|科教文化服务;美术馆;美术馆,108.85260431098312,34.19507133271574,雁塔区,108.857211,34.193469
B0IAG7EULA,乒乓在线,科教文化服务;培训机构;培训机构,108.86654594092782,34.2113325774768,雁塔区,108.871137,34.209715
B0L37LM1E0,易贝酷少儿体适能(高新区店),科教文化服务;培训机构;培训机构,108.86355748929601,34.202886436530655,雁塔区,108.868151,34.20127
B0JRAMJ826,中国(西安)出海产业生态展厅,科教文化服务;展览馆;展览馆,108.82982082904263,34.20849684261612,雁塔区,108.834465,34.20694
B0FFMET2CE,新东方素质(丈八西路星光耀广场店),科教文化服务;培训机构;培训机构,108.86428344347291,34.200808148279,雁塔区,108.868876,34.19919
B0KU9AJXO5,西安市雁塔区第三十一幼儿园,科教文化服务;学校;幼儿园,108.84533250591471,34.24485814371979,雁塔区,108.849954,34.243286
B0FFI764QN,西安高新一中沣东中学,科教文化服务;学校;中学,108.818470380696,34.25948071657259,未央区,108.823138,34.257964
B0FFKM9K6R,西安交通工程学校,科教文化服务;学校;职业技术学校,108.79722868123613,34.263277885010716,长安区,108.801929,34.261799
B0M6OSL66G,西安黄河文化补习学校(本部),科教文化服务;培训机构;培训机构,108.82043990433833,34.26926942834897,未央区,108.825105,34.267753
B0K2NO4HY7,沣东第五初级中学,科教文化服务;学校;中学,108.796277932125,34.2818738075882,长安区,108.800981,34.280404
B0FFH4UYVD,沣东第二小学,科教文化服务;学校;小学,108.81261793909488,34.306187346516516,未央区,108.817299,34.304701
B0H61AOK1U,沣东第九小学,科教文化服务;科教文化场所;科教文化场所,108.8079592803286,34.29752500397245,未央区,108.812647,34.296043
B0FFGFQKJG,沣东实验小学,科教文化服务;学校;小学,108.8090393264755,34.25609209715796,未央区,108.813722,34.254591
B0HA9Z6SQZ,智谷教育培训学校,科教文化服务;科教文化场所;科教文化场所,108.80274385387828,34.2684725063322,长安区,108.807437,34.266987
B0FFI7R0EB,沣东第五小学,科教文化服务;学校;小学,108.79665325761157,34.283819550969056,长安区,108.801356,34.28235
B038E0O8DQ,西安技师学院南区,科教文化服务;学校;职业技术学校,108.77778131074638,34.307678316643205,秦都区,108.782505,34.306243
B0FFKPJV6V,沣东第四小学,科教文化服务;学校;小学,108.8176615331825,34.290208523316146,未央区,108.822333,34.288706
B0FFL7KEID,陕西汉唐石刻博物馆,科教文化服务;博物馆;博物馆,108.80852015998548,34.260502451455906,未央区,108.813204,34.259004
B001D0WF4W,古城小学,科教文化服务;学校;小学,108.8022142407486,34.266667374407525,长安区,108.806908,34.265182
B0JG9H8M2L,鲁滨画室(象牙塔校区),科教文化服务;培训机构;培训机构,108.80328963416022,34.268587355220944,长安区,108.807982,34.267101
B0FFFA9LSQ,王寺中心学校,科教文化服务;学校;小学,108.7888914619029,34.27883266277695,长安区,108.793603,34.277372
B001D14VWS,西安市第六十八中学,科教文化服务;学校;中学,108.80646615688818,34.29554831157135,未央区,108.811156,34.294068
B0MAL572SV,陕西鸿儒补习学校,科教文化服务;培训机构;培训机构,108.82063865163113,34.27653181127944,未央区,108.825304,34.275018
B0FFFA9JZK,西安市秦阿房宫遗址展览馆,科教文化服务;展览馆;展览馆,108.80737941034506,34.26038153241708,长安区,108.812065,34.258885
B001D08RJ4,沣东新城新店小学,科教文化服务;学校;小学,108.7977502617332,34.301378613096546,未央区,108.802453,34.299915
B0FFG77CFI,西安市沣东新城耀华学校,科教文化服务;学校;小学,108.81644039150564,34.266912011143475,未央区,108.821112,34.265402
B0FFLJ399R,大为消防,科教文化服务;培训机构;培训机构|公司企业;公司;公司,108.80868595693035,34.30304482124171,未央区,108.813373,34.301564
B0L1LSET1U,超吉车队服务中心,科教文化服务;培训机构;培训机构,108.82130937161674,34.269337018294046,未央区,108.825973,34.267819
B001D0W3K5,车张小学,科教文化服务;学校;小学,108.81957790524173,34.28829488172293,未央区,108.824246,34.286788
B0JB6RHKLY,陕西星光映美影视文化传播有限公司,科教文化服务;传媒机构;传媒机构,108.82030744420584,34.29682953763638,未央区,108.824975,34.295325
B001D0VYL0,西安医药科技职业学校,科教文化服务;学校;职业技术学校,108.7872255413802,34.29332133956482,长安区,108.79194,34.291869
B0LKZPEG4U,沣东华津考务中心,科教文化服务;培训机构;培训机构,108.7956874908852,34.3025539751891,未央区,108.800393,34.301094
B0G2AZ62CM,沣东新城驾驶员考务中心,科教文化服务;驾校;驾校,108.79465320481071,34.302403516582594,未央区,108.79936,34.300945
B0FFJRVF6Z,大桥教育(老校区),科教文化服务;培训机构;培训机构,108.81021926177836,34.2550765595188,未央区,108.8149,34.253573
B001D08NS9,陕西省建筑科学研究设计院科学研究试验基地,科教文化服务;科研机构;科研机构,108.81356303289402,34.2500414673327,雁塔区,108.818238,34.24853
B0FFJJ5X8H,小百花艺术团(启航示范校区),科教文化服务;科教文化场所;科教文化场所,108.81169285984294,34.30116193900111,未央区,108.816375,34.299675
B0MAXHLPGI,西安创业大学(西咸校区),科教文化服务;科教文化场所;科教文化场所,108.81393594652715,34.29551743626798,未央区,108.818614,34.294024
B0J1Z9R8E4,蓝莓音乐,科教文化服务;培训机构;培训机构,108.81199858419825,34.28599007259532,未央区,108.816679,34.284496
B0G1PCLYSA,艺海星艺术中心,科教文化服务;培训机构;培训机构,108.77537883484834,34.2703560668764,长安区,108.780101,34.268907
B0HBYOK8JB,大秦会议中心,科教文化服务;会展中心;会展中心,108.82108131775473,34.26523125684649,未央区,108.825745,34.263712
B0LA358YGD,西安华中科技技师学院,科教文化服务;学校;职业技术学校,108.80231380622479,34.26146962377444,长安区,108.807007,34.259982
B0I04MKUM5,后喜芭蕾(和平春天校区),科教文化服务;培训机构;培训机构,108.82022356329821,34.256630087728055,未央区,108.824888,34.255109
B0H2H1JTID,顺风考务中心,科教文化服务;驾校;驾校,108.78513299377562,34.262635536399095,长安区,108.789847,34.261173
B0H2KH79NK,鲸准篮球训练营,科教文化服务;培训机构;培训机构,108.81796146246883,34.272619473844166,未央区,108.822631,34.271109
B0MUK5Y5IT,西安空天无人机培训基地·阿房宫训练中心,科教文化服务;培训机构;培训机构,108.8159620837498,34.2732625460933,未央区,108.820635,34.271756
B0L3T78OKT,陕西裕如颐文化传媒有限公司,科教文化服务;传媒机构;传媒机构,108.81560315234194,34.252789092484484,未央区,108.820275,34.251275
B0FFMFKI6Y,陕西城西顺风驾驶员培训有限公司,科教文化服务;科教文化场所;科教文化场所,108.7836186042493,34.26258875639423,长安区,108.788334,34.261128
B0GKVL3L1Y,赵汝飞练字(西安西咸吾悦广场店),科教文化服务;培训机构;培训机构,108.8184326461909,34.25542624664924,未央区,108.8231,34.253908
B0KAMU3C09,西安市机动车驾驶人郊县分所科目一考场,科教文化服务;科教文化场所;科教文化场所,108.8094730427093,34.292524811583704,未央区,108.814158,34.291038
B0LD55TU2V,無限舞蹈(华润二十四城店),科教文化服务;培训机构;培训机构,108.81887739124825,34.29241880972091,未央区,108.823547,34.290915
B0GULAT784,沣东神墨教育(三桥校区),科教文化服务;培训机构;培训机构,108.81749996813215,34.293843653973056,未央区,108.822172,34.292343
B0GKOZ7ZTD,西安市勘察测绘院(西咸新区分院),科教文化服务;科研机构;科研机构,108.80884524977314,34.30249434277442,未央区,108.813532,34.301013
B0JULLNY57,梨想自习室(吾悦广场店),科教文化服务;培训机构;培训机构,108.82244541404589,34.25561362598748,未央区,108.827106,34.254088
B0FFJDT9VW,小百合艺术教育(华润二十四城校区),科教文化服务;培训机构;培训机构,108.81899552263285,34.29324666914429,未央区,108.823665,34.291743
B0FFKV0SRI,学思行托教中心,科教文化服务;培训机构;培训机构,108.81831853256875,34.3037527969551,未央区,108.82299,34.302255
B0JB6AHEED,天籁之韵琴行,科教文化服务;培训机构;培训机构,108.81976497819937,34.29128294337914,未央区,108.824433,34.289777
B0FFL37SV0,YM街舞工作室(西安启航校区),科教文化服务;培训机构;培训机构,108.81181908534656,34.300877289394826,未央区,108.816501,34.29939
B0L2R7N8AP,驭风无人机,购物服务;家电电子卖场;数码电子|科教文化服务;培训机构;培训机构,108.81386064095743,34.26083976566471,未央区,108.818536,34.259332
B0H0SZ2TV6,陕西鑫昱百川摩托车科目二科目三考场,科教文化服务;科教文化场所;科教文化场所,108.82062458103618,34.27710854547467,未央区,108.82529,34.275595
B0JAGUDBQZ,西咸新区沣东第五幼儿园,科教文化服务;学校;幼儿园,108.79843760891764,34.283825277168624,长安区,108.803138,34.282353
B0KAC4SQQK,云舞艺术·西安歌舞剧院艺术培育基地(吾悦中心),购物服务;家居建材市场;建材五金市场|科教文化服务;培训机构;培训机构,108.81885838760715,34.255094162745074,未央区,108.823525,34.253575
B0FFFGURJG,东方天使艺术团,科教文化服务;培训机构;培训机构,108.8135813694145,34.258583158599315,未央区,108.818257,34.257075
B0LBACICQ3,华津驾驶员培训,科教文化服务;驾校;驾校,108.79600487682607,34.30277834853919,未央区,108.80071,34.301318
B0ID6D0E55,西咸新区沣东新城豆丁堡幼儿园,科教文化服务;学校;幼儿园,108.81161345816444,34.25532792373204,未央区,108.816292,34.253822
B0FFLBZW7A,大桥教育(启航校区),科教文化服务;培训机构;培训机构,108.80892739540721,34.30227858146868,未央区,108.813614,34.300797
B0LK97AVN1,万雅舞蹈(艺亭吾悦广场店),科教文化服务;培训机构;培训机构,108.81875821110826,34.255195937810846,未央区,108.823425,34.253677
B001D0Z6OL,海贝艺术培训中心,科教文化服务;培训机构;培训机构,108.79614142424195,34.261418986333005,长安区,108.800843,34.259941
B0FFMBKJVV,陕西省西咸新区沣东新城第一幼儿园,科教文化服务;学校;幼儿园,108.77742227741085,34.26843076972399,长安区,108.782143,34.266979
B0GDOUOT7V,澜湾之家幼儿园,科教文化服务;学校;幼儿园,108.80826916296706,34.30485029349987,未央区,108.812957,34.303371
B0KDHKAO2E,壹间琴舍民乐研习中心,科教文化服务;培训机构;培训机构,108.8197499103426,34.29180568960963,未央区,108.824418,34.2903
B0LBYA5IDZ,博文课后成长中心,科教文化服务;培训机构;培训机构,108.7981671236111,34.285341216060914,长安区,108.802868,34.28387
B0M249IK3S,西安市陕西桃李旅游烹饪技术学校,科教文化服务;学校;职业技术学校,108.813972003247,34.29554348990162,未央区,108.81865,34.29405
B0FFLBCNR9,麦田里美术探索创意馆三桥校区,科教文化服务;培训机构;培训机构,108.81732472293723,34.29326258456583,未央区,108.821997,34.291762
B0J2RURG87,国程驾校总校,科教文化服务;驾校;驾校,108.79674221674003,34.273469006961946,长安区,108.801444,34.271995
B0K2LBIG6Z,西安途安驾校训练场(总校),科教文化服务;驾校;驾校,108.80913049582091,34.26806447319805,长安区,108.813814,34.266568
B0I1RU3J2G,言禾友幼儿园,科教文化服务;学校;幼儿园,108.81655603889611,34.28593632524885,未央区,108.821229,34.284434
B0FFI5TAFN,沣东新城和平幼儿园,科教文化服务;学校;幼儿园,108.80672128945697,34.26181183687605,长安区,108.811408,34.260317
B0J2476NEM,奥旭教育(华润二十四校区),科教文化服务;培训机构;培训机构,108.818429588077,34.2930507092947,未央区,108.8231,34.291548
B0I1BC2SF7,西咸新区沣东新城第十幼儿园,科教文化服务;学校;幼儿园,108.81324275434382,34.284005139681256,未央区,108.817921,34.282508
B0L1HCY4SZ,九和弦音乐,科教文化服务;培训机构;培训机构,108.79748322681465,34.28522421569967,长安区,108.802185,34.283754
B0FFJH4RCY,阳光美语三桥分校,科教文化服务;培训机构;培训机构,108.81947633653824,34.29319158255089,未央区,108.824145,34.291687
B0J09CWHAB,西安沣东第二幼儿园,科教文化服务;学校;幼儿园,108.81503319107357,34.30231842515032,未央区,108.81971,34.300826
B0JK0UQNHU,翰晨书法高考西安校区,科教文化服务;培训机构;培训机构,108.80301724915932,34.26846595691229,长安区,108.80771,34.26698
B0FFKEFYIN,沣东爱心堡幼儿园,科教文化服务;学校;幼儿园,108.81159440851094,34.304771157605146,未央区,108.816277,34.303286
B0J2YHK36M,西安驰骋天下驾校训练基地,科教文化服务;驾校;驾校,108.80664738505331,34.25925472813935,长安区,108.811334,34.257759
B0JD05OB53,新尚舞蹈,科教文化服务;培训机构;培训机构,108.81715749698748,34.292612559614426,未央区,108.82183,34.291112
B0IRBZZ8WN,西咸新区沣东新城第九幼儿园,科教文化服务;学校;幼儿园,108.79204583979823,34.30516455423073,未央区,108.796756,34.303711
B0JBXARHQK,金话筒特色口才(西安西咸吾悦广场店),科教文化服务;培训机构;培训机构,108.81769741405091,34.25544788429233,未央区,108.822366,34.253931
B0G2KOWFSZ,乐绘艺术,科教文化服务;培训机构;培训机构,108.81949142734776,34.255405211624975,未央区,108.824157,34.253885
B0LR5RBCPW,陕西泾渭分明微短剧运营基地,风景名胜;风景名胜;风景名胜|科教文化服务;科教文化场所;科教文化场所,108.81184643705275,34.26018342048387,未央区,108.816525,34.258679
B0GUO75FS8,博恩思幼儿园,科教文化服务;学校;幼儿园,108.8202197459598,34.29128578574911,未央区,108.824887,34.289779
B001D08RN5,沣东新城王寺街办王寺创宇幼儿园,科教文化服务;学校;幼儿园,108.79890737652342,34.25761772251209,长安区,108.803605,34.256134
B0FFFA9NGD,西安市沣东新城渊博幼儿园,科教文化服务;学校;幼儿园,108.82013706993693,34.273246237855496,未央区,108.824803,34.271732
B0MUBR7LJT,沣东第一小学,科教文化服务;学校;小学,108.77696895431477,34.26872621219936,长安区,108.78169,34.267275
B0H3RCHLTT,西安五和建筑科技咨询有限公司,公司企业;公司;建筑公司|科教文化服务;科研机构;科研机构,108.77812979677172,34.304671011218865,秦都区,108.782853,34.303234
B0HBKXTB00,西安小天鹅艺术团(和平校区),科教文化服务;科教文化场所;科教文化场所,108.82114919937355,34.25577314567311,未央区,108.825812,34.25425
B0LKCS0R5J,领育素质成长中心二部(精品晚辅),科教文化服务;培训机构;培训机构,108.79391368934883,34.28531486920462,长安区,108.79862,34.28385
B0LBX1K2VZ,军培青少年素质教育基地,科教文化服务;科教文化场所;科教文化场所,108.79893141211532,34.25757977496382,长安区,108.803629,34.256096
B0G0JZGI03,西美书画馆,科教文化服务;培训机构;培训机构,108.81853680771975,34.2555883751568,未央区,108.823204,34.25407
B0MAK5O2C6,鼎校知行智能英语~智英阁智习室,科教文化服务;培训机构;培训机构,108.81644928702183,34.29301109018874,未央区,108.821123,34.291512
B0FFLIMUFP,起点音乐,科教文化服务;培训机构;培训机构,108.81918087695216,34.255745503295636,未央区,108.823847,34.254226
B0K0SC0WYM,国大驾校,科教文化服务;驾校;驾校,108.78359753842763,34.263164501384665,长安区,108.788313,34.261704
B0HAG5W8DH,一间琴舍民乐研习中心(西安西咸吾悦广场店),科教文化服务;培训机构;培训机构,108.818758182858,34.25554380127834,未央区,108.823425,34.254025
B0FFIA95G4,太阳花教育(沣东二小分校),科教文化服务;培训机构;培训机构,108.81620887731894,34.30545216662542,未央区,108.820884,34.303959
B0IGRCX5RA,陕西省中医药研究院(建设中),科教文化服务;科研机构;科研机构,108.79197450103679,34.296049486879134,未央区,108.796684,34.294592
B0FFL9X96V,优你可安亲(后卫寨地铁口校区),科教文化服务;培训机构;培训机构,108.81117197111111,34.30185170953222,未央区,108.815855,34.300366
B0MG2L3YZV,西安玖翰传媒有限公司,科教文化服务;传媒机构;传媒机构,108.79240733094828,34.267576084174785,长安区,108.797114,34.266106
B0HUOLFMOK,星跃街舞(西安西咸吾悦广场店),科教文化服务;培训机构;培训机构,108.81861096981449,34.25512369431377,未央区,108.823278,34.253605
B0FFGBCMGI,西咸新区沣东新城乐贝尔幼儿园,科教文化服务;学校;幼儿园,108.79903392315421,34.302094282331026,未央区,108.803735,34.300629
B0FFL2OJ1B,佳音伴玩伴学儿童成长馆,科教文化服务;培训机构;培训机构,108.82194479434577,34.265095920674725,未央区,108.826607,34.263575
B001D0VZBK,沣东新城万福幼儿园,科教文化服务;学校;幼儿园,108.79682928260912,34.26177587951072,长安区,108.80153,34.260297
B0LGJLSBAL,能动双语阅读绘本馆(西安西咸吾悦广场店),科教文化服务;培训机构;培训机构,108.81830742685628,34.25554296996383,未央区,108.822975,34.254025
B0K3LCAIG5,西咸新区沣东第八幼儿园,科教文化服务;学校;幼儿园,108.79444437593301,34.297139535265366,未央区,108.799151,34.295679
B0J0NCJAM2,星童声(西安西咸吾悦广场店),科教文化服务;培训机构;培训机构,108.8183024009289,34.25575887592736,未央区,108.82297,34.254241
B0LRKXJXKN,精准学.数跃AI智能成长中心(蓝光公园华府店),科教文化服务;培训机构;培训机构,108.81660214865713,34.28552758348323,未央区,108.821275,34.284025
B0FFGFLNBE,西咸新区沣东新城博苑之星幼儿园,科教文化服务;学校;幼儿园,108.8087801073688,34.30299700598468,未央区,108.813467,34.301516
B0FFLC6MHE,英迈教育(启航校区),科教文化服务;培训机构;培训机构,108.81131313241629,34.30263761031746,未央区,108.815996,34.301152
B0FFLDNB07,弈斗围棋(沣东吾悦校区),科教文化服务;培训机构;培训机构,108.81778659034244,34.25511118034539,未央区,108.822455,34.253594
B0HB4U8GZ2,沣东萤火虫公益图书馆,科教文化服务;图书馆;图书馆,108.81025226470578,34.25568237983212,未央区,108.814933,34.254179
B0FFGFLIRX,孙围墙中心幼儿园,科教文化服务;学校;幼儿园,108.81175839610954,34.308151930270085,未央区,108.816441,34.306668
B0FFHU533M,名车展览馆,科教文化服务;展览馆;展览馆,108.8121361119817,34.29451564677501,未央区,108.816817,34.293025
B0J0MAXWMD,沣东新城嘉馨幼儿园,科教文化服务;学校;幼儿园,108.8010906108054,34.30395171091949,未央区,108.805789,34.302484
B0LRA50JUH,金凌驾校(总校业务中心),科教文化服务;驾校;驾校,108.80524914393789,34.26092069964477,长安区,108.809938,34.259428
B0MA1ADMNK,陕西省人力资源发展研究中心(西咸办公区),科教文化服务;科研机构;科研机构,108.81334591283775,34.29641698135634,未央区,108.818025,34.294925
B0G0SZZPWC,沣东双围墙幼儿园,科教文化服务;学校;幼儿园,108.80817478204973,34.30773383568256,未央区,108.812863,34.306256
B0FFM0IYKG,东方沸点教育(沣东校区),科教文化服务;培训机构;培训机构,108.8173728553347,34.2926209511397,未央区,108.822045,34.29112
B0FFKHJFDH,汇都酒店会议中心,科教文化服务;会展中心;会展中心,108.81897161039751,34.30398389926465,未央区,108.823642,34.302485
B0FFKFAYWO,西咸新区沣东新城后卫馨佳苑幼儿园,科教文化服务;学校;幼儿园,108.82061581154835,34.298731275392754,未央区,108.825283,34.297227
B0HRV1C80Q,邦诚教育(沣东校区),科教文化服务;科教文化场所;科教文化场所,108.77511768551716,34.270315848035985,长安区,108.77984,34.268867
B0FFL4CLMA,聚能教育(西安校区),科教文化服务;培训机构;培训机构,108.81128308607738,34.302617566007456,未央区,108.815966,34.301132
B0FFL94RKI,西咸新区沣东新城王寺小天鹅幼儿园,科教文化服务;学校;幼儿园,108.79602950093457,34.258719891215215,长安区,108.800731,34.257241
B0LURLYLVX,威挞挞Vvitata吉他工作室,科教文化服务;培训机构;培训机构,108.81712232642947,34.293990896884125,未央区,108.821795,34.292491
B0MGCDE9W9,藤蔓绘本馆(三桥馆),科教文化服务;培训机构;培训机构,108.81729568442397,34.293140584209404,未央区,108.821968,34.29164
B0L6990O58,陕西煜影文化传媒有限公司,科教文化服务;传媒机构;传媒机构,108.7940737683291,34.27448563739085,长安区,108.798779,34.273016
B0J63S6OV1,Halo Dancer Studio,科教文化服务;培训机构;培训机构,108.81972874488696,34.29340395795679,未央区,108.824397,34.291899
B0MUU7X73R,星艺美发(XYMF5店),科教文化服务;培训机构;培训机构,108.81937317320781,34.29306244758786,未央区,108.824042,34.291558
B0LBZHT46I,新发现直播间,科教文化服务;传媒机构;传媒机构,108.81826137747603,34.2798540247146,未央区,108.822931,34.278346
B0MA5KNTT6,三年级二班(华润二十四城店),科教文化服务;培训机构;培训机构,108.81741403403498,34.291266612466636,未央区,108.822086,34.289765
B0KD3C0NGY,西咸新区沣东新城智慧星幼儿园,科教文化服务;学校;幼儿园,108.81967969771735,34.305280629913625,未央区,108.824349,34.303781
B0JB31J31Y,铁路职工培训基地,科教文化服务;培训机构;培训机构,108.79631348833686,34.26334247539625,长安区,108.801015,34.261865
B0FFG77J5M,西咸新区沣东新城耀华幼儿园,科教文化服务;学校;幼儿园,108.81619194013867,34.267399359970476,未央区,108.820864,34.26589
B0HBMKKHJF,侨夫国际艺术西咸吾悦广场校区,科教文化服务;培训机构;培训机构,108.81880827101693,34.255493913363914,未央区,108.823475,34.253975
B0I1SCOGFM,复旦大学张江研究院西部(新材料)创新中心,科教文化服务;科研机构;科研机构,108.80805659801521,34.25858640989524,未央区,108.812741,34.257088
B001D0VY0L,陕西中医药大学继续教育学院西安医科教学部,科教文化服务;学校;高等院校,108.78731060701327,34.29357733652187,长安区,108.792025,34.292125
B0K3ZZH289,半墨书苑,科教文化服务;培训机构;培训机构,108.77900953334006,34.26662008756802,长安区,108.783729,34.265166
B0LB2UQZOH,晶朋书院,科教文化服务;科教文化场所;科教文化场所,108.80787612535,34.28556702680333,未央区,108.812563,34.28408
B0K647T5ZK,贝尔安亲(沣东实验校区),科教文化服务;培训机构;培训机构,108.81087129589743,34.2550647127774,未央区,108.815551,34.25356
B0LR9UPABL,西安蓝悦教育科技有限公司,科教文化服务;培训机构;培训机构,108.8104943678432,34.25912744673615,未央区,108.815175,34.257625
B0JBDSU6J4,高新名师易步易上教育(沣东校区),科教文化服务;培训机构;培训机构,108.82035445302266,34.26071971191671,未央区,108.825019,34.2592
B0L60SAB2M,优学嘉·嘉利洲托管自习室,公司企业;公司;公司|科教文化服务;培训机构;培训机构,108.79051483090808,34.28383572994367,长安区,108.795225,34.282375
B0L1UN216I,艺鸣音乐艺术中心,科教文化服务;培训机构;培训机构,108.7982201576302,34.28579210617858,未央区,108.802921,34.284321
B0HD75NKJ2,壹书馆-艺术主题书店,科教文化服务;培训机构;培训机构,108.82098466960241,34.25886961814131,未央区,108.825648,34.257348
B0FFMD54LZ,沣东卓睿六合幼儿园,科教文化服务;学校;幼儿园,108.80973240738516,34.25615028411743,未央区,108.814414,34.254648
B0M63CA46P,水墨书法,科教文化服务;培训机构;培训机构,108.79817412439265,34.28544618224683,长安区,108.802875,34.283975
B0MUBR7HFR,西安普悦漫文化传媒有限公司,科教文化服务;传媒机构;传媒机构,108.80017853745903,34.264707895794274,长安区,108.804875,34.263225
B0I1JG9Q84,爱舞艺术,科教文化服务;培训机构;培训机构,108.77567000771262,34.27036132971031,长安区,108.780392,34.268912
B0H3JD5LSN,舞当家未来星艺术中心(启航校区),科教文化服务;培训机构;培训机构,108.81245112136277,34.300637521727374,未央区,108.817132,34.299149
B0FFIUV5ND,红蚂蚁少儿创意美术馆启航旗舰店,科教文化服务;科教文化场所;科教文化场所,108.81135123661396,34.302104914582266,未央区,108.816034,34.300619
B0MAZCDTTX,君九思西安体验中心,科教文化服务;科教文化场所;科教文化场所,108.80219354909032,34.28707685858399,未央区,108.806889,34.2856
B0FFLG4BH0,优学堂,科教文化服务;培训机构;培训机构,108.82049548665877,34.275578940339976,未央区,108.825161,34.274065
B0FFFA9I2K,宇鑫幼儿园,科教文化服务;学校;幼儿园,108.80468522037248,34.261966337571685,长安区,108.809375,34.260475
B0JA4RZE3C,西安国程驾校总校,科教文化服务;驾校;驾校,108.8092927633284,34.29248651349033,未央区,108.813978,34.291
B0FFGFPTH7,西咸新区沣东新城爱幼幼儿园,科教文化服务;学校;幼儿园,108.81876817848439,34.268135792555675,未央区,108.823436,34.266622
B0H6LZFG3U,博睿托教中心,科教文化服务;培训机构;培训机构,108.81108475727166,34.30277114666313,未央区,108.815768,34.301286
B0JBMU2S3O,鹏翼驾校(和平村训练基地),科教文化服务;驾校;驾校,108.81743537811843,34.25049733261418,未央区,108.822104,34.248979
B0FFLGQ84S,西安德经书苑,科教文化服务;培训机构;培训机构,108.82156778802144,34.294268000989774,未央区,108.826233,34.29276
B0H1UHX75A,八水阁书法,科教文化服务;培训机构;培训机构,108.81737288233458,34.29228909490327,未央区,108.822045,34.290788
B0LBLUO90I,西安市花儿漫漫艺术,科教文化服务;培训机构;培训机构,108.80102650524904,34.304142522976925,未央区,108.805725,34.302675
B0K2TSPT3N,鹏翔驾校报名处(沣东大道直营店),科教文化服务;科教文化场所;科教文化场所,108.79694148358152,34.26110031883554,长安区,108.801642,34.259621
B0LBMU3VED,艺鸣音乐(未央校区),科教文化服务;培训机构;培训机构,108.79997663424899,34.28464933675708,未央区,108.804675,34.283175
B0L3ZC1Q2G,国程驾校(沣东大道店),科教文化服务;驾校;驾校,108.80359070541512,34.26080898069045,长安区,108.808282,34.259319
B0J2ZCJXNZ,启苗艺术,科教文化服务;培训机构;培训机构,108.82062634771042,34.30466366294444,未央区,108.825294,34.303162
B0MUY1SDA3,里程驾校(和平村店),科教文化服务;驾校;驾校,108.81994676643528,34.26069396548261,未央区,108.824612,34.259175
B0K3CUARKM,空景美育文化艺术馆,科教文化服务;科教文化场所;科教文化场所,108.8208304975398,34.294759414132216,未央区,108.825497,34.293253
B0M6BCHNYS,榜眼邦一对一辅导训练营,科教文化服务;培训机构;培训机构,108.80884625418642,34.302459360071666,未央区,108.813533,34.300978
B0GR17WZPH,西安新空气篮球实验室,科教文化服务;科教文化场所;科教文化场所,108.8172440650155,34.275078141894454,未央区,108.821915,34.27357
B0MGJRD688,陕西秦晋音视文化传媒公司,科教文化服务;传媒机构;传媒机构,108.79452356575102,34.27149552126176,长安区,108.799228,34.270024
B0M6L17MER,西安日精月华艺术文化传播有限公司,科教文化服务;传媒机构;传媒机构,108.80977422729809,34.2591761628473,未央区,108.814456,34.257675
B0MG2KZJOX,乐为教育(西咸校区),科教文化服务;培训机构;培训机构,108.81184642924644,34.260279382325855,未央区,108.816525,34.258775
B0FFFA9ECE,闫十第一幼儿园,科教文化服务;学校;幼儿园,108.80948118878253,34.27859275069257,未央区,108.814165,34.2771
B0FFGFQ4BT,双乐幼儿园,科教文化服务;学校;幼儿园,108.81043830864917,34.307951685654196,未央区,108.815123,34.30647
B0MB3SFKS8,鼎校知行智能英语,科教文化服务;科教文化场所;科教文化场所,108.81938922800728,34.25574089063652,未央区,108.824055,34.254221
B0KDGKD4DC,文艺美艺术空间(宁远书院),科教文化服务;培训机构;培训机构,108.81884634524434,34.2923427852846,未央区,108.823516,34.290839
B0G3FCMQHO,小百合艺术教育(实验小学校区),科教文化服务;培训机构;培训机构,108.81195406851099,34.254533840380105,未央区,108.816632,34.253027
B0FFJ5270M,陕西省西咸新区沣东新城和盛花园幼儿园,科教文化服务;学校;幼儿园,108.79036169812005,34.28336572099368,长安区,108.795072,34.281905
B0KUTUBUSV,西咸新区沣东第十三幼儿园,科教文化服务;学校;幼儿园,108.81521236792875,34.2545207057877,未央区,108.819885,34.253008
B0MAMH64XV,陕西知行夺目文化传媒有限责任公司,科教文化服务;传媒机构;传媒机构,108.79658796241678,34.29866204533499,未央区,108.801292,34.297199
B0L22U0O4D,领育素质成长中心(托管班),科教文化服务;培训机构;培训机构,108.79157702642098,34.28397412943701,长安区,108.796286,34.282512
B0L1ZZMB35,德音少儿艺术(都市广场校区),科教文化服务;培训机构;培训机构,108.78936970627731,34.30663624461525,未央区,108.794083,34.305187
B0HR55BGQ9,明道易缘文化传媒公司(装修中),科教文化服务;传媒机构;传媒机构,108.79848700408151,34.304316441769764,未央区,108.803189,34.302853
B0FFGC2OB5,世纪名园幼儿园,科教文化服务;学校;幼儿园,108.82071673475068,34.289462494415005,未央区,108.825383,34.287954
B0LA4A9V7S,海创龙源(陕西)文化传媒有限公司,科教文化服务;传媒机构;传媒机构,108.80913871900454,34.30235691446589,未央区,108.813825,34.300875
B0LUGXN0IA,爱呦爱幼(紫境城店),科教文化服务;培训机构;培训机构,108.82110217559524,34.30439766697666,未央区,108.825769,34.302895
B0KRBDRD3W,祝博士托管(沣东校区),科教文化服务;科教文化场所;科教文化场所,108.809815605288,34.2553247540017,未央区,108.814497,34.253822
B0G0XSYPAD,唯思德教育,科教文化服务;培训机构;培训机构,108.80978151349983,34.2557945099005,未央区,108.814463,34.254292
B0FFGCDY49,智慧阳光幼儿园(天台路),科教文化服务;学校;幼儿园,108.82160065871396,34.2718935162231,未央区,108.826264,34.270376
B0KU2U2UES,小米学托管,科教文化服务;培训机构;培训机构,108.81019407974695,34.25682782712276,未央区,108.814875,34.255325
B0LUMSBL55,通JAZZ音乐工作室,科教文化服务;培训机构;培训机构,108.8168178260807,34.29391137349739,未央区,108.821491,34.292412
B0FFH5L3N5,启智骄阳幼儿园,科教文化服务;学校;幼儿园,108.81231036897171,34.25788715668425,未央区,108.816988,34.256381
B0LK5XU4NT,西咸新区华津洋东考务中心摩托车考场,科教文化服务;培训机构;培训机构,108.79608109388934,34.30131311313416,未央区,108.800786,34.299852
B0LRURDYG7,宁泰路保利社区托育中心,科教文化服务;培训机构;培训机构,108.79580400076608,34.285863409967625,长安区,108.800508,34.284396
B0LAKXN6AC,西咸新区阅陪伴幼小衔接,科教文化服务;培训机构;培训机构,108.81722160982554,34.292538709206056,未央区,108.821894,34.291038
B0L1FAVVDJ,陕西舞予初心文化传媒有限公司,科教文化服务;科教文化场所;科教文化场所,108.79712586280097,34.29619993983199,未央区,108.801829,34.294735
B0LB1RZQBV,小天才托管,科教文化服务;培训机构;培训机构,108.82128602454938,34.26079341530272,未央区,108.825949,34.259272
B0L0JBEZU5,星辉艺术培训,科教文化服务;培训机构;培训机构,108.80984366136661,34.25517786076341,未央区,108.814525,34.253675
B001D03FBL,西安市车辆中学,科教文化服务;学校;中学,108.83875549202646,34.30001061635851,未央区,108.843392,34.298473
B0FFHVJ9R8,沣东第二初级中学,科教文化服务;学校;中学,108.83309621167706,34.28516354624041,未央区,108.837741,34.28363
B0JRSHOOM4,领军青松艺考,科教文化服务;科教文化场所;科教文化场所,108.82401205565108,34.268320483001766,未央区,108.828671,34.266797
B0MD9CPT2X,领军教育(斯坦福小镇校区),科教文化服务;培训机构;培训机构,108.82332818448083,34.264667678647086,未央区,108.827988,34.263144
B0FFGLWURI,大雁塔小学(石桥华洲城分校),科教文化服务;学校;小学,108.84321771945969,34.25055219503869,雁塔区,108.847843,34.248986
B0JUTUEVUO,沣东第二学校,科教文化服务;学校;学校,108.83750168361708,34.27194825739648,未央区,108.842138,34.270401
B0FFJMPBTH,和平小学,科教文化服务;学校;小学,108.82370329450488,34.25886469733495,未央区,108.828362,34.257338
B0FFHO7N0L,西安领军教育中高考补习学校,科教文化服务;培训机构;培训机构,108.82332714650961,34.265114496857024,未央区,108.827987,34.263591
B0FFFAELK3,西咸新区沣东新城车辆小学,科教文化服务;学校;小学,108.84110323660768,34.30119437898982,未央区,108.845736,34.299653
B0H2UAQT14,沣东新城三桥街小学,科教文化服务;学校;小学,108.83227015736668,34.29321254324742,未央区,108.836917,34.291684
B0FFLCDOK5,西安沣东阿房路学校,科教文化服务;学校;中学,108.84005433392679,34.27885408494467,未央区,108.844687,34.277305
B0FFGCDXQV,西咸新区沣东新城阿房宫小学,科教文化服务;学校;小学,108.82721713639486,34.27329546800807,未央区,108.831871,34.271768
B001D1029E,阿房路三校,科教文化服务;学校;中学,108.84299720419008,34.2773880223237,未央区,108.847625,34.275833
B001D0W478,阿房路二校,科教文化服务;学校;小学,108.84017613270471,34.28380922319617,未央区,108.844809,34.282262
B001D08ZUW,沣东新城五一小学,科教文化服务;学校;小学,108.83643301209665,34.30769290287711,未央区,108.841074,34.306163
B0MATDVSOJ,源绩佳全日制旗舰校区,科教文化服务;培训机构;培训机构,108.83927754651198,34.260454166707945,未央区,108.84391,34.258899
B0KGDAK7VF,沣东新城第十一小学,科教文化服务;学校;小学,108.84219795515618,34.2894075022101,未央区,108.846828,34.287859
B0FFGCDXQU,陕西省水产研究所,科教文化服务;科研机构;科研机构,108.83405926853735,34.26752466726786,未央区,108.838701,34.265982
B0FFFGUF21,大秦温泉酒店天台路店-御汤宫,科教文化服务;会展中心;会展中心|体育休闲服务;休闲场所;休闲场所|生活服务;洗浴推拿场所;洗浴推拿场所,108.82575220125808,34.266218600124226,未央区,108.830408,34.264691
B0FFGCDWIN,沣东新城凹里小学,科教文化服务;学校;小学,108.83506169750946,34.25838519619829,未央区,108.839701,34.256837
B001D08R84,西安沣东阿房路学校小学部,科教文化服务;学校;小学,108.83850477767729,34.27898019385869,未央区,108.84314,34.277434
B0FFGCDWVG,小百花艺术团(武警路第二校区),科教文化服务;培训机构;培训机构,108.82867238077614,34.28869873272537,未央区,108.833325,34.287175
B0JB2RVVWI,中骄专升本培训学校(大寨路校区),科教文化服务;培训机构;培训机构,108.85435840503524,34.2490648122236,雁塔区,108.858967,34.247479
B0HGCMHT2S,吉的堡少儿英语(融创臻园校),科教文化服务;培训机构;培训机构,108.86292362375049,34.25478557622037,莲湖区,108.867522,34.253189
B0KR9AFOZ7,又见自习室(汉城南路店),科教文化服务;培训机构;培训机构,108.86162125247809,34.25338826109679,雁塔区,108.866221,34.251793
B0G0DA75CP,陈童专业拉丁舞艺术中心,科教文化服务;培训机构;培训机构,108.8679134854021,34.27097280277593,莲湖区,108.872508,34.269376
B0FFI2G6AN,缤纷鸟美术书法(万象城校区),科教文化服务;培训机构;培训机构,108.8254166319415,34.29084169014752,未央区,108.830075,34.289325
B0L1TK1YF6,西安鑫昱百川摩托车训练场,科教文化服务;科教文化场所;科教文化场所,108.82967720960072,34.25026628834178,雁塔区,108.834325,34.248725
B0LDDH6VW6,陕西艺上舞蹈艺术中心(未央校区),科教文化服务;培训机构;培训机构,108.8389420127555,34.26022964084786,未央区,108.843575,34.258675
B001D08RUB,车辆幼儿园,科教文化服务;学校;幼儿园,108.83536283782328,34.30002533680501,未央区,108.840005,34.298494
B0HDKZCMT3,三桥少儿围棋(西咸万象城店),科教文化服务;培训机构;培训机构,108.82266180152214,34.29238586012547,未央区,108.827325,34.290875
B001D08R3P,陕西省印刷技工学校,科教文化服务;学校;职业技术学校,108.8637606367357,34.26613523419947,莲湖区,108.868359,34.264542
B0H11MPXY9,贝尔安亲(莲湖第一校区),科教文化服务;培训机构;培训机构,108.86856730934352,34.25587168471958,莲湖区,108.87316,34.254268
B0L1RY9RUH,欧曼谛时尚美业学校(西安校区),科教文化服务;培训机构;培训机构,108.82778761167508,34.291835717851086,未央区,108.832442,34.290315
B0FFKJ2NCB,仁和会计培训(西安三桥校区),科教文化服务;培训机构;培训机构,108.82600160836812,34.29114965620844,未央区,108.830659,34.289632
B0G0HKEGHB,卡伐蒂娜艺术培训学校(沣东校区),科教文化服务;培训机构;培训机构,108.84488577975006,34.270038417245246,未央区,108.84951,34.268477
B0GKYAI8LO,尤加英语(沣东校区),科教文化服务;培训机构;培训机构,108.83292156196326,34.28953135304103,未央区,108.837567,34.288
B0LD4SPXVI,关中无人机飞行学院大寨路联络点,科教文化服务;学校;学校,108.8578098616511,34.250291775540646,雁塔区,108.862414,34.248701
B0GKHZZ2IA,起点幼儿园,科教文化服务;学校;幼儿园,108.85015330091574,34.26338023437726,莲湖区,108.854769,34.261807
B0IUF4WLK9,远方共享自习室,科教文化服务;科教文化场所;科教文化场所,108.82402911930627,34.29256834051287,未央区,108.82869,34.291055
B0LKDANH24,DOBEST拜斯特街舞(鹍翔荟店),科教文化服务;培训机构;培训机构,108.86693564925612,34.257181083556326,莲湖区,108.87153,34.25558
B0FFFU0K4H,纸飞机·少儿绘画,科教文化服务;培训机构;培训机构,108.83974505646849,34.300781088567625,未央区,108.84438,34.299242
B0MBXRZ9IA,小优成长书房(馥桂坊店),科教文化服务;培训机构;培训机构,108.85903437477779,34.27547255753573,莲湖区,108.863639,34.27389
B0LDMDEB0V,中国交建陕西分公司-中交城市能源研究设计院,科教文化服务;科研机构;科研机构,108.86218623772572,34.26166580702617,莲湖区,108.866786,34.260073
B0HA6LDVVF,青蓝书院,科教文化服务;培训机构;培训机构,108.84057042568998,34.300517710372816,未央区,108.845204,34.298977
B0HRA7L6CH,西安市雁塔区第十六幼儿园,科教文化服务;学校;幼儿园,108.84323959366321,34.25254446051961,雁塔区,108.847865,34.250979
B0FFKGJ807,爱可可美术中心,科教文化服务;培训机构;培训机构|生活服务;生活服务场所;生活服务场所,108.86696535736415,34.27363249000761,莲湖区,108.871561,34.272038
B0FFL3ES0O,好培乐知幼儿园,科教文化服务;学校;幼儿园,108.8360328626541,34.26414770463722,未央区,108.840671,34.2626
B0FFGI83CY,天资幼儿园(红光路),科教文化服务;学校;幼儿园,108.85973342799315,34.260610640413994,莲湖区,108.864336,34.259021
B0GDFUVPMU,新东方素质(远东枣园校区),科教文化服务;培训机构;培训机构,108.8610629158739,34.27434603545877,莲湖区,108.865665,34.27276
B0LGASLOF7,起航驾校(西三环总校训练场),科教文化服务;驾校;驾校,108.83444019009056,34.26408076774121,未央区,108.839081,34.262536
B0L2P7RHPZ,武加舞艺术学校,科教文化服务;培训机构;培训机构,108.82899803214575,34.28753784221802,未央区,108.83365,34.286013
B0FFH9V2IW,奇幻美术体验馆(大寨路校区),科教文化服务;培训机构;培训机构,108.86073160027068,34.248510855887595,雁塔区,108.865332,34.246915
B0FFKT6D5K,西安翅膀舞蹈工作室(西郊店),科教文化服务;培训机构;培训机构,108.86699039862671,34.2734246082205,莲湖区,108.871586,34.27183
B0LKOMEK67,半粒·万熙棠舞蹈(汉唐新都汇店),科教文化服务;培训机构;培训机构,108.82788389155402,34.29041651141618,未央区,108.832538,34.288895
B0HRV9ALPT,机乐堂(大旺城店),购物服务;专卖店;礼品饰品店|购物服务;家电电子卖场;手机销售|科教文化服务;科教文化场所;科教文化场所,108.85185024103964,34.26973350870704,莲湖区,108.856464,34.26816
B0G1RX33DT,西安红拳馆少儿武术,科教文化服务;培训机构;培训机构,108.8350302716625,34.28774505639192,未央区,108.839672,34.286209
B0FFGVX5F5,卓悦童年幼儿园,科教文化服务;学校;幼儿园,108.8308588490947,34.2673107590198,未央区,108.835506,34.265774
B0FFJFPNL8,亿润幼儿园,科教文化服务;学校;幼儿园,108.85075485445905,34.26738963204164,莲湖区,108.85537,34.265817
B0FFGCDWJT,卓睿明天幼儿园,科教文化服务;学校;幼儿园,108.83067738294648,34.28160451554337,未央区,108.835326,34.280074
B0H0AZPWDP,西安市莲湖区远东实验幼儿园,科教文化服务;学校;幼儿园,108.8642877201479,34.272197494774716,莲湖区,108.868886,34.270606
B0ID05JZ4C,心田花开(枣园校区),购物服务;花鸟鱼虫市场;花卉市场|科教文化服务;培训机构;培训机构,108.86021691957014,34.27421384597395,莲湖区,108.86482,34.272629
B001D0W1CR,西咸新区沣东新城阿房幼儿园,科教文化服务;学校;幼儿园,108.84394118159365,34.28384000191705,未央区,108.848568,34.282286
B0M6MXYF4E,汉昇体育(红光路莱特校区),科教文化服务;培训机构;培训机构,108.85873935073562,34.25877587321237,莲湖区,108.863343,34.257187
B0FFJE2HFZ,国韵琴行(融创臻园店),科教文化服务;培训机构;培训机构,108.8611656319551,34.25449516696876,莲湖区,108.865766,34.252901
B0FFL7ZRH9,唐石榴花艺术团,科教文化服务;文艺团体;文艺团体,108.8275233453684,34.28953621205492,未央区,108.832178,34.288015
B0LGHCTOAH,柏云舞蹈个人工作室,科教文化服务;培训机构;培训机构,108.83937578730041,34.29661724613406,未央区,108.844011,34.295077
B0L32U3L64,中际心理咨询研究中心,科教文化服务;科研机构;科研机构,108.86823200515325,34.255778299178935,莲湖区,108.872825,34.254175
B0L3H79GSA,芦芽书院,科教文化服务;培训机构;培训机构,108.86409445498415,34.24800584385465,雁塔区,108.868691,34.246405
B0K2XR46TG,陕西省太阳花艺术团沣东新城校区,科教文化服务;文艺团体;文艺团体,108.82805506798036,34.29185721160573,未央区,108.832709,34.290336
B0M615HRZ4,魔耳成长中心,科教文化服务;培训机构;培训机构,108.82917317702159,34.289449352340306,未央区,108.833825,34.287925
B0L1VUBTK8,爱智·拾光伴学,科教文化服务;培训机构;培训机构,108.85999960350054,34.274884246652086,莲湖区,108.864603,34.2733
B0MRDB8FJ4,三桥车辆厂小学,科教文化服务;学校;小学,108.8379370899891,34.30061084543925,未央区,108.842575,34.299075
B0FFLHQJ3F,沣东新城爱多,科教文化服务;学校;幼儿园,108.84649787298711,34.27507318483551,未央区,108.85112,34.273511
B0FFGCBHLH,西咸沣东大风车幼儿园,科教文化服务;学校;幼儿园,108.82414400165918,34.271768323283226,未央区,108.828803,34.270246
B0IDZR8777,炬星体育篮球训练营(大寨路校区),科教文化服务;科教文化场所;科教文化场所,108.86075964535046,34.24836395363214,雁塔区,108.86536,34.246768
B0LG9HVJDX,陕西智拓固相增材制造技术有限公司技术研发中心,科教文化服务;科研机构;科研机构,108.86193695691854,34.26160547343647,莲湖区,108.866537,34.260013
B0JA9MGLH0,ZERO零派街舞(三桥店),科教文化服务;培训机构;培训机构,108.82654257786109,34.29061790230942,未央区,108.831199,34.289099
B0K1J7C8NK,一棵好树(车辆厂校区),科教文化服务;科教文化场所;科教文化场所,108.83950467231485,34.30065770358026,未央区,108.84414,34.299119
B0FFHOFHL1,雁塔育为麒麟山幼儿园,科教文化服务;学校;幼儿园,108.8576458771557,34.2474966009019,雁塔区,108.86225,34.245905
B0FFI6XN05,莱茵小城幼儿园,科教文化服务;学校;幼儿园,108.8543017199488,34.256620776074044,莲湖区,108.858911,34.255038
B0FFICM4BM,大秦幼儿园,科教文化服务;科教文化场所;科教文化场所,108.82475457329495,34.265248118450906,未央区,108.829412,34.263722
B0FFLJHSNQ,博奥培训,科教文化服务;培训机构;培训机构,108.8326170434061,34.2895497749493,未央区,108.837263,34.288019
B0FFGCDXT8,蔺高幼儿园,科教文化服务;学校;幼儿园,108.82894074956567,34.27746698298487,未央区,108.833592,34.275938
B0LG0L6QCY,青杉艺考,科教文化服务;培训机构;培训机构,108.83889195048258,34.259979648329086,未央区,108.843525,34.258425
B0FFHNXYQ1,沣东新城春苗幼儿园,科教文化服务;学校;幼儿园,108.848770496006,34.27282904436627,未央区,108.853389,34.271262
B0FFHPPD5D,沣东新城阳何幼儿园,科教文化服务;学校;幼儿园,108.83938790622757,34.283015118699524,未央区,108.844022,34.281469
B0LAHRB1X6,学优达单招集训,科教文化服务;培训机构;培训机构,108.83911530582198,34.260131997482084,未央区,108.843748,34.258577
B0GRJUOHDD,爱美乐书法(阿房一路校区),科教文化服务;培训机构;培训机构,108.84350555367362,34.270680699331756,未央区,108.848132,34.269122
B0FFGHBA2M,东尚观湖幼儿园,科教文化服务;学校;幼儿园,108.8563348244482,34.26433794249713,莲湖区,108.860942,34.262755
B0L1X6PG5R,万聪自主学习中心,科教文化服务;培训机构;培训机构,108.83858330338956,34.29882882128994,未央区,108.84322,34.297291
B0IUDZH74N,Mine音乐(铭艺音乐)汉城南路店,科教文化服务;培训机构;培训机构,108.86174238572367,34.253475402056985,雁塔区,108.866342,34.25188
B0H1B6IVHD,新海露教育,科教文化服务;培训机构;培训机构,108.85440746963972,34.24909388006614,雁塔区,108.859016,34.247508
B0FFKC0CY6,西安雄风武道文化传媒有限公司,科教文化服务;科教文化场所;科教文化场所,108.86395403313382,34.27626535517535,莲湖区,108.868553,34.274676
B0L2OMVR6R,明新自习室,科教文化服务;科教文化场所;科教文化场所,108.86413109952709,34.25292598915511,雁塔区,108.868728,34.251327
B0JARS3WB1,沣东阿房第三幼儿园,科教文化服务;学校;幼儿园,108.84559771214339,34.272231776413896,未央区,108.850221,34.27067
B0IRC54MAS,云洛·善舞(际华广场店),科教文化服务;培训机构;培训机构,108.86417815441258,34.2528740743129,雁塔区,108.868775,34.251275
B0FFI9MR5H,雁塔区至臻幼儿园,科教文化服务;学校;幼儿园,108.86306523327957,34.249162962172086,雁塔区,108.867663,34.247564
B0FFL4E9TD,赵汝飞练字(远东二小校区),科教文化服务;培训机构;培训机构,108.8591975865039,34.27534785517832,莲湖区,108.863802,34.273765
B0FFMAWF25,西安和平新时代幼儿园,科教文化服务;学校;幼儿园,108.82367545286819,34.25632264852826,未央区,108.828334,34.254795
B0FFHRJ1KI,武警路将军幼儿园,科教文化服务;学校;幼儿园,108.82907000690636,34.28937019233831,未央区,108.833722,34.287846
B0FFGAPHUG,沣东新城三印幼儿园,科教文化服务;学校;幼儿园,108.85279837735952,34.27228003246992,未央区,108.857411,34.270706
B0HGO7WGXH,無限舞蹈(西旅逸都店),科教文化服务;培训机构;培训机构,108.84334670111144,34.29051308999068,未央区,108.847975,34.288963
B001D0W449,西安市雁塔区第二幼儿园,科教文化服务;学校;幼儿园,108.84784277821494,34.25203276506184,雁塔区,108.852461,34.250459
B0FFHDD4JF,西安斑斑马少儿艺术成长空间(车辆厂校区),科教文化服务;培训机构;培训机构,108.84042218633915,34.3004914521154,未央区,108.845056,34.298951
B0KG6CXWKY,拓海驾校(训练基地),科教文化服务;驾校;驾校,108.84099420941433,34.274577572368194,未央区,108.845625,34.273025
B0I0YZSVOG,西咸新区沣东阿房第一幼儿园,科教文化服务;学校;幼儿园,108.8449543995778,34.28847882529044,未央区,108.84958,34.286925
B001D0ZRQ1,沣东新城红苹果幼儿园,科教文化服务;学校;幼儿园,108.84576074022186,34.26261396117855,未央区,108.850383,34.261048
B0IAJNOHMP,释放舞蹈(万象城店),科教文化服务;培训机构;培训机构,108.82543968922579,34.29062182823483,未央区,108.830098,34.289105
B0JBOZIXEB,西咸新区沣东阿房第二幼儿园,科教文化服务;学校;幼儿园,108.84602732952762,34.272824288146865,未央区,108.85065,34.271262
B0FFI8QAMM,保利·和乐金香槟幼儿园,科教文化服务;学校;幼儿园,108.83442224435306,34.28777391087426,未央区,108.839065,34.286239
B0FFGFL0TH,西咸新区沣东新城奥星幼儿园,科教文化服务;学校;幼儿园,108.82783932125044,34.29651278042253,未央区,108.832494,34.294994
B0FFGXN0IM,圣华伦教育,科教文化服务;培训机构;培训机构,108.82672690300778,34.29050129908822,未央区,108.831383,34.288982
B0FFFO3P2Z,天资幼儿园,科教文化服务;学校;幼儿园,108.83949634128632,34.25505569911104,未央区,108.844128,34.253498
B0LU2CWGIH,番茄童年艺术工坊(金辉优步花园校区),科教文化服务;培训机构;培训机构,108.86465578769777,34.26379940840553,莲湖区,108.869253,34.262204
B0KALUEBEN,得道驾校,科教文化服务;驾校;驾校,108.82949199980926,34.24894545037559,雁塔区,108.83414,34.247404
B0FFGCDXUI,起步幼儿园,科教文化服务;学校;幼儿园,108.83116048708163,34.27814487205745,未央区,108.835808,34.276612
B0LAAKEW5Q,优洛思成长中心,科教文化服务;培训机构;培训机构,108.8252192133444,34.254806139208995,未央区,108.829875,34.253275
B0L6XASLVS,松鼠AI智习室服务中心馥桂园朗苑店,科教文化服务;培训机构;培训机构,108.86064332906665,34.27546695719655,莲湖区,108.865246,34.273882
B0L1GUBLR8,西安城翼讯无人机培训基地,科教文化服务;学校;职业技术学校,108.82607521620821,34.24815532945943,雁塔区,108.830729,34.24662
B0FFL6KZKT,糖鲸堡国际自然保育院,科教文化服务;学校;幼儿园,108.82474660703849,34.26466333892189,未央区,108.829404,34.263137
B0M6ZC2EOL,万聪自主学习中心(远东二中校区),科教文化服务;培训机构;培训机构,108.86031698698935,34.27487072271103,莲湖区,108.86492,34.273286
B0L01CH6WH,明创驾校(总校训练基地),科教文化服务;驾校;驾校,108.83737333735766,34.29833880754669,未央区,108.842012,34.296803
B0FFHO3ARI,能动英语(西安华东万锦城),科教文化服务;培训机构;培训机构,108.86684414513905,34.262338916334386,莲湖区,108.871439,34.26074
B0HRCZLBL7,西安予侪共享自习室(三桥店),科教文化服务;培训机构;培训机构,108.82620804040188,34.29018046191013,未央区,108.830865,34.288662
B001D0W3D2,沣东新城春田花花幼儿园(阿房二路),科教文化服务;学校;幼儿园,108.84731316324432,34.274526830990204,未央区,108.851934,34.272963
B0LUU9SLM9,星泉艺术学校,科教文化服务;培训机构;培训机构,108.83204952329005,34.25932419456335,未央区,108.836694,34.257782
B0LR6UFUIL,本间街舞(三桥店),科教文化服务;培训机构;培训机构,108.82788389155402,34.29041651141618,未央区,108.832538,34.288895
B0JDZRHLT8,目加明·眼健康产业培训基地,科教文化服务;培训机构;培训机构,108.85379660754809,34.24939677544288,雁塔区,108.858406,34.247812
B0KB27R9KR,西咸新区沣东新城第十二幼儿园,科教文化服务;学校;幼儿园,108.8454048541665,34.266753669041094,未央区,108.850028,34.26519
B0MBFH6F3A,云朵沉浸式·共享自习室(三桥店),科教文化服务;培训机构;培训机构,108.82636830973193,34.290243735903786,未央区,108.831025,34.288725
B0I2PSE1SM,吉的堡成长中心(恒大校区),科教文化服务;培训机构;培训机构,108.86281212867023,34.24694245906032,雁塔区,108.86741,34.245343
B0KU4U0NSQ,西安市未央区三桥街道时代,科教文化服务;科教文化场所;科教文化场所,108.827060758588,34.286999428683714,未央区,108.831716,34.285478
B0JDKR8D9U,小健将儿童体能训练中心(三桥汉唐新都汇店),科教文化服务;培训机构;培训机构,108.82761543797353,34.290340039439975,未央区,108.83227,34.288819
B0LDGCDM62,大卫美术(馥桂坊店),科教文化服务;培训机构;培训机构,108.85917861761106,34.274670106918116,莲湖区,108.863783,34.273087
B0LGNHRRAE,乐斯国际音乐中心·架子鼓钢琴,科教文化服务;培训机构;培训机构,108.82269385725712,34.29237192607858,未央区,108.827357,34.290861
B0H6GO4Z2E,小百合艺术教育(枣园西路远东二小校区),科教文化服务;培训机构;培训机构,108.8612320765497,34.274819086661005,莲湖区,108.865834,34.273233
B0KDJCEL57,西咸新区沣东阿房第四幼儿园,科教文化服务;学校;幼儿园,108.84316329469738,34.26714952357211,未央区,108.84779,34.26559
B001D0Z1YX,文化活动中心(花园西街),科教文化服务;科教文化场所;科教文化场所,108.83456446847032,34.30033071495941,未央区,108.839208,34.298801
B0G1D5GJHW,金源驾校西区训练场,科教文化服务;驾校;驾校,108.83590434024256,34.292691552120615,未央区,108.840545,34.291156
B0HKPH8Q8Z,西安大森美术馆,科教文化服务;科教文化场所;科教文化场所,108.84391794216026,34.249150987973444,雁塔区,108.848542,34.247583
B0LGVHY3IK,狮子儿童成长中心,科教文化服务;培训机构;培训机构,108.841073245979,34.300476642308894,未央区,108.845706,34.298935
B0M6MCUXLJ,恒企教育(三桥校区),科教文化服务;学校;职业技术学校,108.82590442935627,34.291305406373155,未央区,108.830562,34.289788
B0JR1MR5CL,卡伐蒂娜琴行(制药厂校区),科教文化服务;培训机构;培训机构,108.86599417289649,34.263856189196986,莲湖区,108.87059,34.262259
B0FFK72JY0,西安市惟德玉文化博物馆,科教文化服务;科教文化场所;科教文化场所,108.84180659209636,34.29848884725639,未央区,108.846438,34.296945
B0KDY7SFRN,西咸新区沣东昆明路幼儿园,科教文化服务;学校;幼儿园,108.8308630211734,34.252903492348196,未央区,108.835509,34.251361
B0JB35FWG1,西咸新区铁一中金湾中学,科教文化服务;学校;中学,108.7798529719555,34.34227112587611,秦都区,108.784578,34.34085
B038E0O8DF,西安技师学院,科教文化服务;学校;职业技术学校,108.77854773086105,34.30906745316892,秦都区,108.783271,34.307632
B0G1FSMF0I,西咸国际会议中心,科教文化服务;会展中心;会展中心,108.78020882458833,34.33519095453927,秦都区,108.784933,34.333766
B0JRHZK1HJ,秦学伊顿补习学校,科教文化服务;培训机构;培训机构,108.82202925669381,34.32278797984839,未央区,108.826696,34.321292
B0FFGBFRNB,沣东第三小学,科教文化服务;学校;小学,108.82076209312736,34.33524069200137,未央区,108.825432,34.333753
B038E0ONCS,西咸新区沣东上林学校,科教文化服务;学校;中学,108.77630857220794,34.31715158179373,秦都区,108.781034,34.315722
B0FFHP9ROW,西安电力机械制造公司机电学院,科教文化服务;学校;高等院校,108.77928414805483,34.31049055983602,秦都区,108.784007,34.309055
B0G16CZOXC,高新一中西咸新区第一初级中学,科教文化服务;学校;中学,108.78789847344986,34.32707288991187,秦都区,108.792615,34.325635
B0FFKC2L5C,沣东第八小学,科教文化服务;学校;小学,108.81681158003566,34.30911661897471,未央区,108.821486,34.307624
B0FFKNV94R,西工大附小阳光城分校,科教文化服务;学校;小学,108.77978610430894,34.32782703554134,秦都区,108.78451,34.326399
B0H25AMECJ,西咸新区第一小学北校区,科教文化服务;学校;小学,108.78849038364362,34.3357515018112,秦都区,108.793207,34.334317
B0GR6ZY9TL,西安高新一中西咸新区第一小学,科教文化服务;学校;小学,108.78783731828089,34.32819427935707,秦都区,108.792554,34.326757
B0FFH9QQAD,国网陕西省电力公司培训中心(咸阳校区),科教文化服务;培训机构;培训机构,108.77829670702519,34.36822234371822,渭城区,108.783025,34.366816
B0MAJX50VK,咸阳电力技术学校,科教文化服务;学校;职业技术学校,108.77985395515806,34.36688364120284,渭城区,108.784581,34.365475
B0L6ZMRR09,陕西萤火艺考培训学校(天章校区),科教文化服务;科教文化场所;科教文化场所,108.81659696304857,34.3246140750421,未央区,108.821273,34.323129
B0I6P5HURA,中国水电三局勘测设计研究院,科教文化服务;科教文化场所;科教文化场所,108.80784010378177,34.32198971399064,未央区,108.81253,34.320519
B0L1HUXKZS,星际无人机实训基地,科教文化服务;科教文化场所;科教文化场所,108.80417237233156,34.31220002401979,未央区,108.808867,34.310731
B0HA9S7VES,陕西阳光美地劳动教育实践营地,科教文化服务;学校;学校,108.81554938109441,34.34730417294429,未央区,108.820229,34.345832
B0MBYA4ZXE,保力强液压传动研发及生产基地,科教文化服务;科研机构;科研机构,108.80923633543563,34.333492676708005,未央区,108.813925,34.332025
B0FFIWM6C4,西安奥林匹克花园学校综合楼,科教文化服务;学校;学校,108.77619955348457,34.31654975761578,秦都区,108.780925,34.31512
B0MA2HQNFU,秦创未来,科教文化服务;科教文化场所;科教文化场所,108.77509740979738,34.33464521245307,秦都区,108.779825,34.333225
B0KU5MQSY6,奥旭教育(白桦林印象校区),科教文化服务;培训机构;培训机构,108.7776048223091,34.31218310189191,秦都区,108.782329,34.31075
B0I0YSXOMW,西安煤科地热能开发有限公司,公司企业;公司;公司|科教文化服务;科教文化场所;科教文化场所,108.78035066363807,34.338498499873275,秦都区,108.785075,34.337075
B0MAKLOF26,西安文森艺术学校(未央校区),科教文化服务;培训机构;培训机构,108.81654909933077,34.321961231877175,未央区,108.821225,34.320475
B0JUJRPX76,西咸集团新华城市书房(能源路店),购物服务;专卖店;书店|科教文化服务;图书馆;图书馆,108.7791260078939,34.335210814376666,秦都区,108.783851,34.333787
B0J1NUI6FZ,小行星音乐,科教文化服务;培训机构;培训机构,108.78275431233517,34.33026212366659,秦都区,108.787476,34.328832
B0K64DPJ5C,华童图书馆(石化大道店),科教文化服务;图书馆;图书馆,108.78688994614562,34.32092049572328,秦都区,108.791607,34.319481
B0IAYUXZBB,环亚枫叶艺术教育(西咸校区),科教文化服务;培训机构;培训机构,108.78565984211001,34.3318278107306,秦都区,108.790379,34.330395
B0GR6L0PAY,西安技师学院北区,科教文化服务;学校;高等院校|科教文化服务;学校;职业技术学校,108.77921711271514,34.31031856876855,秦都区,108.78394,34.308883
B0KRBCVJLX,西安航空旅游技师学院,科教文化服务;学校;职业技术学校,108.81632472492647,34.32198581031139,未央区,108.821001,34.3205
B0FFJ12369,西安技师学院D座,科教文化服务;学校;学校,108.77944029429443,34.31011789042867,秦都区,108.784163,34.308682
B0FFK2GPPD,西安市驾驶人社会化初旭科目三考场,科教文化服务;科教文化场所;科教文化场所,108.81969981773634,34.328832793260425,未央区,108.824371,34.327344
B0K6U5MNEW,科目三考场(恒星科目三考场),科教文化服务;科教文化场所;科教文化场所,108.81938909499128,34.331277051364886,未央区,108.824061,34.32979
B0FFIWJXWN,吉的堡幼儿园(西安上林雅苑园),科教文化服务;学校;幼儿园,108.78938064787152,34.31973027446609,秦都区,108.794095,34.318287
B0I26SERHU,西咸新区金湾第一幼儿园,科教文化服务;学校;幼儿园,108.7861190556326,34.32245281692152,秦都区,108.790837,34.321015
B0MAJ52P6R,维客摩托车考场,科教文化服务;科教文化场所;科教文化场所,108.80843103747442,34.309472493607146,未央区,108.813119,34.307995
B0H10AUBHQ,西咸新区沣东新城第七幼儿园,科教文化服务;学校;幼儿园,108.78855418659784,34.32676188780395,秦都区,108.79327,34.325323
B0H1H5U17L,中国民航CAAC民用无人机驾驶员执照训练机构,科教文化服务;培训机构;培训机构,108.80233302869202,34.3204402012708,未央区,108.807031,34.318978
B0FFIEDD2S,芊域阳光幼儿园,科教文化服务;学校;幼儿园,108.81965395543287,34.33848505995767,未央区,108.824326,34.337001
B0L1RA9TW3,尚元围棋(阳光荟校区),科教文化服务;培训机构;培训机构,108.78355399066677,34.33055590412491,秦都区,108.788275,34.329125
B0JABATO2H,若水·拾光书房奥园体验中心,科教文化服务;培训机构;培训机构,108.7793919849554,34.31345931871754,秦都区,108.784115,34.312025
B0JUNZ4FPA,西咸新区金湾第六幼儿园,科教文化服务;学校;幼儿园,108.79010176511031,34.340192477257084,秦都区,108.794817,34.338758
B038E0O5E9,七彩曙光艺术幼儿园,科教文化服务;学校;幼儿园,108.78240397594186,34.34291059058131,秦都区,108.787127,34.341487
B0FFI28GAL,西咸新区沣东新城白桦林印象幼儿园,科教文化服务;学校;幼儿园,108.77523849153079,34.310227767723134,秦都区,108.779964,34.308796
B0L27CJ9HA,澜星辰体育训练中心,科教文化服务;培训机构;培训机构,108.78363304863208,34.33071092211528,秦都区,108.788354,34.32928
B0KA2HADQK,小云朵艺术,科教文化服务;科教文化场所;科教文化场所,108.7859060471356,34.32001469139316,秦都区,108.790624,34.318576
B0J0XHHFMS,琴语阁古琴古筝,科教文化服务;培训机构;培训机构,108.78023334686486,34.329044928577915,秦都区,108.784957,34.327617
B0JKN7G845,奥旭教育(奥林匹克花园校区),科教文化服务;培训机构;培训机构,108.78042366015288,34.314807785915534,秦都区,108.785146,34.313373
B0KRBDRD1C,陕西西艺艺术培训学校,科教文化服务;培训机构;培训机构,108.81636176310732,34.32227174424541,未央区,108.821038,34.320786
B0IULUUV79,象妈妈早教托育中心,科教文化服务;培训机构;培训机构,108.7897199577523,34.32046638438945,秦都区,108.794434,34.319023
B0MA2HR2NV,秦创原·陕西科技创新成果展,科教文化服务;科教文化场所;科教文化场所,108.77509740979738,34.33464521245307,秦都区,108.779825,34.333225
B0FFIZRI1V,陕西师范大学艺术高中,科教文化服务;科教文化场所;科教文化场所,108.77624953099433,34.31720450215815,秦都区,108.780975,34.315775
B0M6UZONXR,大华育诚,科教文化服务;培训机构;培训机构,108.81649000397195,34.321927139764995,未央区,108.821166,34.320441
B0FFK84HRC,西安沣东第三幼儿园,科教文化服务;学校;幼儿园,108.81949985982753,34.33646475683525,未央区,108.824172,34.33498
B0L33S9MFB,陕西变景文化传媒有限公司,科教文化服务;传媒机构;传媒机构,108.81094183909855,34.311256077176424,未央区,108.815626,34.309775
B0G2CY6Y09,爱舞艺术中心,科教文化服务;培训机构;培训机构,108.78549344845986,34.33468223418218,秦都区,108.790213,34.333251
B0FFHK1B11,墨池艺术,科教文化服务;培训机构;培训机构,108.78038964483812,34.31467081246244,秦都区,108.785112,34.313236
B0LBL7N0BA,中育品格奥园幼儿园,科教文化服务;学校;幼儿园,108.78119123832606,34.31519343766647,秦都区,108.785913,34.313758
B0I15HVZAN,中煤科工西安研究院(集团)有限公司透明矿井技术研究所,科教文化服务;科研机构;科研机构,108.78064489506029,34.33848682043797,秦都区,108.785369,34.337063
B0JBL1Q39I,中国精神医疗抚慰犬教研基地,科教文化服务;科研机构;科研机构,108.80729116494172,34.347683359797045,未央区,108.811984,34.346226
B0J3RUZ831,吉的堡成长中心(阳光荟校),科教文化服务;培训机构;培训机构,108.78334881873093,34.33042872681039,秦都区,108.78807,34.328998
B0GKH51XWN,星空美学馆,公司企业;公司;公司|生活服务;美容美发店;美容美发店|科教文化服务;培训机构;培训机构,108.77691535375233,34.31232936847555,秦都区,108.78164,34.310897
B0FFM4I1O7,雨无声教育,科教文化服务;培训机构;培训机构,108.78296349625131,34.33023337639506,秦都区,108.787685,34.328803
B0FFI8PCXW,沣东新城瀚博第二幼儿园,科教文化服务;学校;幼儿园,108.82179412305365,34.31951106991256,未央区,108.826461,34.318014
B0FFJ8JR3U,若水教育,科教文化服务;培训机构;培训机构,108.77657112640217,34.31240500690642,秦都区,108.781296,34.310973
B0H67R4THQ,佰斯特教育,科教文化服务;培训机构;培训机构,108.78413155277343,34.330055819785045,秦都区,108.788852,34.328624
B0FFL5JOKY,沣东新城启航馨苑幼儿园,科教文化服务;学校;幼儿园,108.81714048605551,34.31700761598711,未央区,108.821815,34.315518
B0L14S0T49,咸阳新民摩托车社会化考场,科教文化服务;驾校;驾校,108.78254998426361,34.36873561466235,渭城区,108.787275,34.367325
B0M6FUZ4UM,金穗驾校西咸训练基地,科教文化服务;驾校;驾校,108.78889293702363,34.33422176826269,秦都区,108.793609,34.332786
B0HD3CPMB0,惠森职业技能培训学校,科教文化服务;培训机构;培训机构,108.8043773948837,34.315629794555264,未央区,108.809072,34.314162
B0IDDUFCUJ,西安城建技师学院,科教文化服务;学校;职业技术学校,108.80394473952069,34.315858970172464,未央区,108.80864,34.314392
B0KRAU78HO,青螺书院硬笔书法,科教文化服务;培训机构;培训机构,108.780697745103,34.32861662882718,秦都区,108.785421,34.327188
B0IRA7UQ7Z,喜多瑞艺术,科教文化服务;培训机构;培训机构,108.77725959636305,34.312122793609745,秦都区,108.781984,34.31069
B0HA6H8YA9,笔悠书法师大奥园校区,科教文化服务;培训机构;培训机构,108.77872839641553,34.31473105601474,秦都区,108.783452,34.313298
B0K3J5E5K0,陕西汉唐职业技术学校,科教文化服务;学校;职业技术学校,108.8222997537445,34.32233569660627,未央区,108.826966,34.320839
B0MALR87PX,青梧书院,科教文化服务;培训机构;培训机构,108.81659896670234,34.32461008058696,未央区,108.821275,34.323125
B0FFKKQK2N,小百合艺术教育(阳光城校区),科教文化服务;培训机构;培训机构,108.78838949408019,34.32087443822252,秦都区,108.793105,34.319433
B0K0YXM4GA,T.M.S托马斯托辅中心,科教文化服务;培训机构;培训机构,108.7826421823534,34.330668801840474,秦都区,108.787364,34.329239
B0KUCSYU7R,赵汝飞练字西咸一小校区,科教文化服务;培训机构;培训机构,108.78342491662107,34.33005699242578,秦都区,108.788146,34.328626
B0MAL77Q0R,新东方(专升本·考研·四六级西安电力机械制造公司机电学院),科教文化服务;培训机构;培训机构,108.77927705628393,34.311548071894386,秦都区,108.784,34.310113
B0LUF54I2S,文音现代音乐中心(沣东校区),科教文化服务;培训机构;培训机构,108.78470503653172,34.33060723833404,秦都区,108.789425,34.329175
B0K345YMV6,西咸新区金湾第四幼儿园,科教文化服务;学校;幼儿园,108.7836041131583,34.329606415568726,秦都区,108.788325,34.328175
B0LR07NLH1,咸运驾校,科教文化服务;驾校;驾校,108.78139532271832,34.316187203982494,秦都区,108.786117,34.314752
B0L3XZ1C0Y,菲霖街舞,科教文化服务;培训机构;培训机构,108.78770278188011,34.32082557352,秦都区,108.792419,34.319385
B0KD2USNNL,路安驾校,生活服务;生活服务场所;生活服务场所|科教文化服务;科教文化场所;科教文化场所,108.78590504984497,34.31996971108477,秦都区,108.790623,34.318531
B0G23UEEA9,博克斯托管,科教文化服务;培训机构;培训机构,108.7837001518853,34.330184251966756,秦都区,108.788421,34.328753
B0JGASC94F,西安艺路顺风艺术文化学校,科教文化服务;培训机构;培训机构,108.81663001503378,34.324650118536525,未央区,108.821306,34.323165
B0J0C5DIUD,西咸新区融媒体中心,科教文化服务;传媒机构;传媒机构,108.78001158974239,34.33620625444689,秦都区,108.784736,34.334782
B0FFJ1068I,西安技师学院E座,科教文化服务;学校;学校,108.77915212288164,34.309610822687006,秦都区,108.783875,34.308175
B0M61DH668,艺知馨舞蹈书法美术(沣东店),科教文化服务;培训机构;培训机构,108.78825935786013,34.320866272848576,秦都区,108.792975,34.319425
B0LKX5NRKO,熹棠新中式美学馆(上林府店),科教文化服务;培训机构;培训机构,108.77860078665418,34.32106499670478,秦都区,108.783325,34.319635
B0M69HAPA6,和音社,科教文化服务;科教文化场所;科教文化场所,108.80307809833666,34.320488397014444,未央区,108.807775,34.319025
B0J1XAQFJ1,启航馨苑三期幼儿园,科教文化服务;学校;幼儿园,108.81641848902136,34.31450344643465,未央区,108.821094,34.313014
B0G0RPBWAC,优你可安亲(丰裕路店),科教文化服务;培训机构;培训机构,108.7834809618469,34.330113030717555,秦都区,108.788202,34.328682
B0KDTSCNQ0,正野艺术博物馆,科教文化服务;博物馆;博物馆,108.80459799857006,34.32448904100887,未央区,108.809293,34.323025
B0L0AODD3Y,青谷艺术工作室,科教文化服务;培训机构;培训机构,108.78030741251706,34.328944055318075,秦都区,108.785031,34.327516
B0MGSHMID6,春枫艺术学校,科教文化服务;培训机构;培训机构,108.78565183414283,34.33183079948847,秦都区,108.790371,34.330398
B0LKMU5O5D,国盛航空CAAC无人机实训基地,科教文化服务;培训机构;培训机构,108.8008828224259,34.31004563701738,未央区,108.805582,34.308581
B0L2NCI3FJ,知沅艺术(美术及书法培训基地),科教文化服务;培训机构;培训机构,108.78626847315158,34.33136578300012,秦都区,108.790987,34.329932
B0LRZH1H3A,工会驿站(沣东八小),科教文化服务;学校;学校,108.81805765562991,34.309165884791845,未央区,108.82273,34.307671
B0K3XH4QV5,西咸新区秦汉新城慧爱儿童艺术培训学校,科教文化服务;科教文化场所;科教文化场所,108.78085859930111,34.36856383184272,渭城区,108.785585,34.367155
B0LK61M4Z7,艾阳美育,科教文化服务;培训机构;培训机构,108.78891001082118,34.32131691315542,秦都区,108.793625,34.319875
B0L12OV9PK,学思楼,科教文化服务;科教文化场所;科教文化场所|商务住宅;商务住宅相关;商务住宅相关,108.78952722182696,34.32689011104773,秦都区,108.794242,34.32545
B0LRTGA2T6,广东能飞航空科技发展有限公司(西安直营分校),科教文化服务;培训机构;培训机构,108.79822409913389,34.323342324236165,未央区,108.802928,34.321888
B0M6Z72861,艺鸣书匠书法培训·阳光城校区,科教文化服务;培训机构;培训机构,108.7856598470229,34.331767839479426,秦都区,108.790379,34.330335
B0KD3SNUN6,弹指乐音,科教文化服务;培训机构;培训机构,108.78879689460094,34.32125979112445,秦都区,108.793512,34.319818
B0J3RC1V81,吉的堡华彩托育中心(亲子中心),科教文化服务;科教文化场所;科教文化场所,108.78275329156924,34.33050500651173,秦都区,108.787475,34.329075
B0L3LHPOKT,独尊街舞,科教文化服务;培训机构;培训机构,108.7859151667899,34.318660331491984,秦都区,108.790633,34.317221
B0LUXHLOCI,火烈鸟艺术,科教文化服务;培训机构;培训机构,108.77821484317882,34.31704747324579,秦都区,108.782939,34.315616
B0L0M79PVT,易玖趣学教育工作室,科教文化服务;培训机构;培训机构,108.78452587075529,34.3305990281975,秦都区,108.789246,34.329167
B0LRG6SFXI,西安艺知教育,科教文化服务;培训机构;培训机构,108.81624858444944,34.322160589528025,未央区,108.820925,34.320675
B0L0SGID58,益智扬帆,科教文化服务;培训机构;培训机构,108.82119742254163,34.31565973829903,未央区,108.825865,34.314162
B0H3TRK0N9,米格糖艺术阳光城校区,科教文化服务;培训机构;培训机构,108.78564181311233,34.331969720616684,秦都区,108.790361,34.330537
B0KA6LH9Z4,绘梦星艺术,科教文化服务;培训机构;培训机构,108.78326722273403,34.312390053147055,秦都区,108.787987,34.310951
B0J03C9NRI,人人练字(阳光城校区),科教文化服务;培训机构;培训机构,108.78455894115154,34.330113299588604,秦都区,108.789279,34.328681
B0L05ZTM3L,恬芽舞蹈艺术中心,科教文化服务;培训机构;培训机构,108.78433870960899,34.33045787302676,秦都区,108.789059,34.329026
B0LASH2DY3,海东青学校冲刺集训营校区,科教文化服务;培训机构;培训机构,108.81688468018804,34.321678977938184,未央区,108.82156,34.320192
B0KKJH9MDU,韵之春艺术,科教文化服务;培训机构;培训机构,108.81431766723726,34.31891559329687,未央区,108.818997,34.317432
B0MB75P6JI,博海优学,科教文化服务;培训机构;培训机构,108.78315367310874,34.33010565578701,秦都区,108.787875,34.328675
B0LRROKXRH,青禾围棋,科教文化服务;培训机构;培训机构,108.78969782424205,34.32180273142365,秦都区,108.794412,34.32036
B0MUZC7GI8,海豚创客(西咸分校),科教文化服务;培训机构;培训机构,108.78488118789842,34.33077037174073,秦都区,108.789601,34.329338
B0JD47L352,弈乐围棋,科教文化服务;培训机构;培训机构,108.7782380325064,34.314932470023074,秦都区,108.782962,34.3135
B0J11R5OP7,星萌乐学食堂,科教文化服务;培训机构;培训机构,108.78345393429545,34.33015597884624,秦都区,108.788175,34.328725
B0LUSU55VA,童行少儿托管中心,科教文化服务;科研机构;科研机构,108.78731762911599,34.330088712599455,秦都区,108.792035,34.328653
B0LDY6I15X,乐学优托教中心,科教文化服务;培训机构;培训机构,108.81935273011754,34.335010188615016,未央区,108.824025,34.333525
B0LRG6S8QV,顺丰速运西安培训基地,科教文化服务;培训机构;培训机构,108.80397974744804,34.31639178284306,未央区,108.808675,34.314925
B0L09YBCHB,巨客星空美学教育科技有限公司,公司企业;公司;公司|生活服务;美容美发店;美容美发店|科教文化服务;培训机构;培训机构,108.77691535375233,34.31232936847555,秦都区,108.78164,34.310897
B0KKFHZK4D,倍顿培优成长中心,科教文化服务;培训机构;培训机构,108.78405748587171,34.33004873580856,秦都区,108.788778,34.328617
B0I1FHLMPP,巨客星空美学馆(阳光城校区),科教文化服务;培训机构;培训机构|生活服务;美容美发店;美容美发店,108.78562773737791,34.33272933880805,秦都区,108.790347,34.331297
B0G3LDFDXS,三顾美学书苑,科教文化服务;培训机构;培训机构,108.78453490906712,34.33023321368806,秦都区,108.789255,34.328801
B0GK65QXIO,沣东新城时习之托管,科教文化服务;培训机构;培训机构,108.81938478999402,34.33493828269617,未央区,108.824057,34.333453
B0LR3CDYRC,亿绘驿站(奥兴路店),科教文化服务;培训机构;培训机构,108.78142543202524,34.315151713348364,秦都区,108.786147,34.313716
B0LKNSQ0AI,快乐少年军事夏令营基地,科教文化服务;培训机构;培训机构,108.80389066903335,34.3157509302741,未央区,108.808586,34.314284
B0L0B5U04K,智慧星托管,科教文化服务;培训机构;培训机构,108.81569517899727,34.31588549203778,未央区,108.820372,34.314398
B0L3M7MVW5,魔楽斑马科技生活馆,科教文化服务;培训机构;培训机构,108.77820068937187,34.318805645726826,秦都区,108.782925,34.317375
B0MB94TRAG,菜鸟新时代文明实践基地,科教文化服务;培训机构;培训机构,108.81094909826541,34.320496836918124,未央区,108.815634,34.31902
B0M63C9JWR,阶梯报告厅,科教文化服务;科教文化场所;科教文化场所,108.78010072827152,34.3353497632368,秦都区,108.784825,34.333925
B0LRDA5ARB,E学堂中高考补习学校,科教文化服务;培训机构;培训机构,108.81631549789438,34.324588572580055,未央区,108.820992,34.323104
B0L1A9JMGK,弘墨源书画培训学校,科教文化服务;培训机构;培训机构,108.78696786596409,34.322859687686304,秦都区,108.791685,34.321421
B0M69S9TXI,奥朗亲子托辅中心,科教文化服务;培训机构;培训机构,108.77589951563091,34.314755304712335,秦都区,108.780625,34.313325
B0JALX7108,小石榴琴室,科教文化服务;培训机构;培训机构,108.78472042708165,34.32601044053504,秦都区,108.78944,34.324576
B0MDNXFL6N,钧奕艺考,科教文化服务;培训机构;培训机构,108.81679929562878,34.32466042348915,未央区,108.821475,34.323175
B0MBNOUO58,西咸新区建章路街道托育中心,科教文化服务;学校;幼儿园,108.81457216110334,34.31796949178362,未央区,108.819251,34.316485
B0KRR5YZ4G,全国社会艺术水平考级培训基地报名点,科教文化服务;科教文化场所;科教文化场所,108.78046253613988,34.328910236870314,秦都区,108.785186,34.327482
B0FFKPT7MK,西安丁准教育补习培训学校,科教文化服务;培训机构;培训机构,108.84498968593729,34.359864298797625,未央区,108.849621,34.358344
B0M6XDOZCJ,丁准荣耀校区北区,科教文化服务;培训机构;培训机构,108.84339095215165,34.36249110025148,未央区,108.848025,34.360975
B001D0089D,西安市第五十中学,科教文化服务;学校;中学,108.83892096948797,34.32220882660215,未央区,108.843559,34.320681
B001D0908F,西咸新区沣东新城焦家村小学,科教文化服务;学校;小学,108.8388838209143,34.323288252773395,未央区,108.843522,34.321761
B0L1CR646V,陕西华山学校,科教文化服务;学校;中学,108.83752382474827,34.32013022487242,未央区,108.842164,34.318604
B001D0WTP8,西咸丝路综合高级中学,科教文化服务;学校;职业技术学校,108.83414977539017,34.31259543164387,未央区,108.838795,34.311072
B0FFLJ2C7R,西安顺达科目二考场,科教文化服务;科教文化场所;科教文化场所,108.82610058713156,34.330482968328916,未央区,108.830761,34.328983
B0JD5ZBBFU,陕西智信安全应急管理研究院,科教文化服务;科研机构;科研机构,108.83173990016265,34.334618581546884,未央区,108.836391,34.33311
B0MBFD5UOP,西咸新区丝路艺术职业学校-招生部,科教文化服务;培训机构;培训机构,108.83416488323104,34.31157892317156,未央区,108.83881,34.310055
B0FFF8ZW3H,梦庐书画艺术馆,科教文化服务;培训机构;培训机构,108.83747535102734,34.31263059180326,未央区,108.842115,34.311101
B0FFFF2W4V,沣东新城启蒙幼儿园,科教文化服务;学校;幼儿园,108.83359730607694,34.31919536178941,未央区,108.838244,34.317676
B0MR1HDG4T,何物相许文化传媒,科教文化服务;传媒机构;传媒机构,108.86306871376718,34.31785787919707,未央区,108.867672,34.316288
B0K2GRMR19,陕西蓝天民航技师学院(建章路校区),科教文化服务;学校;高等院校|科教文化服务;学校;职业技术学校,108.83420294058024,34.31166495503455,未央区,108.838848,34.310141
B0HG050NKR,元齐驾校训练基地,科教文化服务;科教文化场所;科教文化场所,108.82465674453421,34.31041260424115,未央区,108.829318,34.308906
B0MGRLLC1O,陕西众行驾校,科教文化服务;驾校;驾校,108.82766835651167,34.31713418615296,未央区,108.832325,34.315625
B0HRDHXOJ8,花格子美术馆,科教文化服务;美术馆;美术馆,108.83760622308138,34.329255081117864,未央区,108.842247,34.327733
B0FFFA9NPA,西咸新区沣东新城小天使幼儿园,科教文化服务;学校;幼儿园,108.84063896703792,34.33230218277837,未央区,108.845275,34.330776
B0M6YCS36M,未央(乐聚)人工智能学习体验中心,科教文化服务;培训机构;培训机构,108.86401688141838,34.353532929527006,未央区,108.868622,34.351979
B0JRTSXMOT,中科建设工程技术研究院,科教文化服务;科研机构;科研机构,108.83771910625629,34.3206613379108,未央区,108.842359,34.319135
B0FFG1R1T7,双凤幼儿园,科教文化服务;学校;幼儿园,108.83887463795219,34.31300199821415,未央区,108.843512,34.31147
B0K23C0YK4,普菲特文化艺术传媒有限公司,科教文化服务;传媒机构;传媒机构,108.8245285675035,34.33452707473373,未央区,108.829192,34.333032
B0FFFA921I,北皂河幼儿园,科教文化服务;学校;幼儿园,108.83797635841398,34.33517292399353,未央区,108.842617,34.333653
B0KUT9BVRB,沣东育苗幼儿园,科教文化服务;学校;幼儿园,108.8373985391437,34.308726223143026,未央区,108.842038,34.307195
B0FFGC33Z0,Look教育(旭东分校),科教文化服务;培训机构;培训机构,108.8369576759181,34.32267499058845,未央区,108.841599,34.321151
B0FFH9FZEI,将军幼儿园,科教文化服务;学校;幼儿园,108.83040756170054,34.34774363888547,未央区,108.835062,34.346244
B0FFGAP42H,沣东新城萌正希林幼儿园,科教文化服务;学校;幼儿园,108.82466184067958,34.333970593133095,未央区,108.829325,34.332475
B0KUC7MNUR,学大教育辅导补习(丝路高中校区),科教文化服务;培训机构;培训机构,108.83462064171941,34.31171571104777,未央区,108.839265,34.310191
B0G10CFSWK,安贝儿托管,科教文化服务;培训机构;培训机构,108.83994161251883,34.32261750349641,未央区,108.844578,34.321088
B0M6HS9AB5,天立启鸣实训基地,科教文化服务;培训机构;培训机构,108.83742366465749,34.32005007723061,未央区,108.842064,34.318524
B0L6994B0P,希望教育,科教文化服务;培训机构;培训机构,108.83977827129608,34.32352977743582,未央区,108.844415,34.322001
B0FFF8ZXWE,西安路正驾校培训基地,科教文化服务;驾校;驾校,108.82502670889428,34.3309677196313,未央区,108.829689,34.32947
B0LDK6IQ3D,朋阳托管(石化大道店),科教文化服务;培训机构;培训机构,108.86637473752738,34.323796619715424,未央区,108.870975,34.322225
B0L1ARJT3S,润智托管中心,科教文化服务;培训机构;培训机构,108.83960903515543,34.3230197073274,未央区,108.844246,34.321491
B0LAR9B9YX,未央区星平台,科教文化服务;科教文化场所;科教文化场所,108.863071496579,34.32059361296635,未央区,108.867675,34.319025
B0L03RD9WM,祝博士(建章路店),科教文化服务;培训机构;培训机构,108.83758415468245,34.32964685371144,未央区,108.842225,34.328125
B0L1VSBLQ5,卓育托管中心,科教文化服务;培训机构;培训机构,108.84061263229897,34.3235492896186,未央区,108.845248,34.322019
B0JR77MKCJ,西安艺大艺术教育研究院,科教文化服务;科研机构;科研机构,108.83752582791669,34.320132227638325,未央区,108.842166,34.318606
B0KKNU51EV,荷兰豆匠修家具维修培训,科教文化服务;培训机构;培训机构,108.8647492331554,34.321668437066926,未央区,108.869351,34.320098
B0LANRXTFQ,西安艺大教育科技有限公司,科教文化服务;培训机构;培训机构,108.83748676823254,34.32006718579235,未央区,108.842127,34.318541
B0M2YR93O7,低堡子民航学院,科教文化服务;学校;高等院校,108.83550711318661,34.3119762428416,未央区,108.84015,34.31045
B0L29NPPKQ,乐博托教,科教文化服务;培训机构;培训机构,108.83978822095946,34.32435340860763,未央区,108.844425,34.322825
B0MBZAC19A,欢乐托管,科教文化服务;培训机构;培训机构,108.84238159851739,34.32222211381341,未央区,108.847014,34.320688
B0M1SOQA3Y,西安艺博演艺文化传播有限公司,科教文化服务;传媒机构;传媒机构,108.86995848231966,34.343896469987634,未央区,108.874557,34.34233
B0M6XMO5RQ,三方托管,科教文化服务;培训机构;培训机构,108.82711574282477,34.33767341024731,未央区,108.831775,34.336175
B0MD1CUFVY,快乐熊托管,科教文化服务;培训机构;培训机构,108.85260695748163,34.33617016114957,未央区,108.857225,34.334625
B0L6993GLK,树德安亲托管中心,科教文化服务;培训机构;培训机构,108.86617654496375,34.3237113979565,未央区,108.870777,34.32214
