id,name,type,lng,lat,district,lng_gcj02,lat_gcj02
B0LG7MWGC3,魏知足,生活服务;生活服务场所;生活服务场所,108.90133182146322,34.21075339189675,雁塔区,108.905914,34.209111
B0FFKDX2GT,西安中汇人寿中心,商务住宅;楼宇;商务写字楼|金融保险服务;金融保险服务机构;金融保险机构|生活服务;生活服务场所;生活服务场所,108.87465601391828,34.19609143569758,雁塔区,108.879239,34.194459
B0LAR5AXKX,金色印象LIFE主题店(西安立丰城店),生活服务;生活服务场所;生活服务场所,108.8987910735693,34.19930813709174,雁塔区,108.903371,34.197662
B0FFLBNWQ5,华为授权服务中心(锦业路),购物服务;家电电子卖场;数码电子|生活服务;维修站点;维修站点,108.87051702732644,34.19362258426595,雁塔区,108.875103,34.191994
B0FFHHAY7A,菜鸟驿站(沙井村南口729号店),生活服务;物流速递;物流速递,108.90343856124043,34.221889390663925,雁塔区,108.908023,34.220251
B0LG7U1YZU,鸿蒙智行用户中心(尊界|享界|问界|智界)•西安泛想车城,生活服务;生活服务场所;生活服务场所|汽车销售;汽车销售;汽车销售|汽车维修;汽车维修;汽车维修,108.88554847283464,34.18934514444848,雁塔区,108.890126,34.187701
B0HRMZHVUX,雁塔区养老服务发展指导中心,生活服务;生活服务场所;生活服务场所,108.89283197179898,34.18572714025743,雁塔区,108.897409,34.184078
B0FFLFEF8K,水尚兰亭汗蒸汤泉,生活服务;洗浴推拿场所;洗浴推拿场所,108.89454209727758,34.20500229071971,雁塔区,108.899121,34.203359
B0HKDR4KQO,秘地·HIFi影院足浴SPA(高新路领先店),生活服务;洗浴推拿场所;洗浴推拿场所,108.88794765293272,34.21653737343273,雁塔区,108.892527,34.214901
B0FFKYMTL8,水木和足道·SPA·泰式(木塔新街甄选店),生活服务;美容美发店;美容美发店,108.8941172310056,34.20453931597826,雁塔区,108.898696,34.202896
B0I3T1J9G2,西安高新德润鼎秀口腔门诊部(高新万达店),生活服务;生活服务场所;生活服务场所,108.88637399081829,34.209792782296205,雁塔区,108.890953,34.208155
B0L23U5CZS,水木和足道·SPA·泰式(高新DT51概念店),生活服务;洗浴推拿场所;洗浴推拿场所,108.8869204863206,34.20464289801112,雁塔区,108.891499,34.203003
B0KGARSXNJ,水木和足道·SPA·泰式·糖水铺(高新新天地店),生活服务;洗浴推拿场所;洗浴推拿场所,108.87795691649612,34.22279849822288,雁塔区,108.88254,34.221172
B0JAVCXCJM,西安雁塔牙微笑口腔门诊部,生活服务;生活服务场所;生活服务场所,108.90191242114206,34.21133918838539,雁塔区,108.906495,34.209697
B0HKJU0B98,高新芳华营销中心,生活服务;生活服务场所;生活服务场所,108.87874379507204,34.22953579074278,雁塔区,108.883327,34.227911
B0JAYCI81O,高新ETC发行服务,生活服务;生活服务场所;生活服务场所,108.8885675451643,34.19346362376875,雁塔区,108.893145,34.191819
B0HRUACUSZ,联想客户服务中心(百应西安科技路店),生活服务;维修站点;维修站点,108.89773053383033,34.22425727856916,雁塔区,108.902312,34.22262
B0I3CUPTAB,荣耀官方授权服务中心(西安太白南路店),生活服务;维修站点;维修站点,108.90427445798628,34.21557755237868,雁塔区,108.908859,34.213937
B0K32X41XZ,盛唐水镜,生活服务;洗浴推拿场所;洗浴推拿场所,108.89171783343257,34.201684395436565,雁塔区,108.896296,34.200041
B0JBM41CSY,小艾熊医美连锁(高新中大国际院区),生活服务;美容美发店;美容美发店,108.88947730764004,34.221866308591785,雁塔区,108.894057,34.220231
B0FFGKR3U3,华夏良子(西安云顶店),生活服务;洗浴推拿场所;洗浴推拿场所,108.89316503262252,34.22180594489971,雁塔区,108.897745,34.220169
B0FFI0H7PB,艾贝瑞国际亲子游泳西安高新校区,生活服务;婴儿服务场所;婴儿游泳馆|科教文化服务;培训机构;培训机构|购物服务;购物相关场所;购物相关场所,108.86890542296476,34.19594084634497,雁塔区,108.873493,34.194315
B0FFLJMM69,西安瑞霖电子科技股份有限公司,公司企业;公司;公司|生活服务;生活服务场所;生活服务场所,108.85401700460535,34.185971635306146,雁塔区,108.858621,34.184364
B0KAXSF06V,溪谷留香·茶馆·武夷岩茶·红茶(高新店),生活服务;生活服务场所;生活服务场所,108.89287411892504,34.22131301435757,雁塔区,108.897454,34.219676
B0KGVZ03AQ,天地源高新宸樾售楼部,生活服务;生活服务场所;生活服务场所,108.85429349528444,34.209499181912456,雁塔区,108.858899,34.207899
B0IKF796J2,陕西物流商储高新贝多综合产业园,生活服务;物流速递;物流仓储场地,108.86195407892372,34.1855359353519,雁塔区,108.866548,34.183916
B0L15SZRED,小烟庄BLOCK招商中心,生活服务;生活服务场所;生活服务场所,108.85833487331836,34.2210634569863,雁塔区,108.862936,34.219461
B0LR7UJBJO,蛮涮自助小火锅·糖水铺子集合店(兰岛广场店),生活服务;生活服务场所;生活服务场所,108.8969077725555,34.21270922635551,雁塔区,108.901488,34.211068
B001D08AST,中国联通西安市分公司(科技六路),生活服务;电讯营业厅;中国联通营业厅|体育休闲服务;休闲场所;休闲场所,108.8815953518511,34.213679949750215,雁塔区,108.886176,34.212047
B0L0C1ZJ6R,DJI大疆(西安DT51授权体验店),生活服务;生活服务场所;生活服务场所,108.88714655890504,34.20411521632827,雁塔区,108.891725,34.202475
B0GULHSTAE,咪咪专业脱毛连锁机构(万达one店),生活服务;美容美发店;美容美发店,108.88653995251018,34.21060760434909,雁塔区,108.891119,34.20897
B0L2K5G6LM,徐氏搓澡馆(太白南路店),生活服务;洗浴推拿场所;洗浴推拿场所,108.89438435336496,34.202263176617244,雁塔区,108.898963,34.200619
B0LDO75QPZ,联想官方直营服务中心(西安高新万达店),生活服务;维修站点;维修站点,108.88753511732946,34.21021634731264,雁塔区,108.892114,34.208578
B0LAGHT9LU,绿城锦海棠营销中心,生活服务;生活服务场所;生活服务场所,108.858224649699,34.20965830485055,雁塔区,108.862825,34.208052
B0K1R74QOF,高新玖號院营销中心(高新九号院),生活服务;生活服务场所;生活服务场所,108.84922781996292,34.215125802097155,雁塔区,108.853841,34.213536
B0MG2R2WC5,中国广电高新营业厅,生活服务;生活服务场所;生活服务场所,108.90144863008926,34.224760427904506,雁塔区,108.906032,34.223123
B0FFL94AIY,vivo官方客户服务中心(唐延路万达广场店),生活服务;维修站点;维修站点,108.8872180798915,34.21021715787732,雁塔区,108.891797,34.208579
B0JA3MOKEG,DJI 大疆(西安高新万达ONE授权体验店),生活服务;生活服务场所;生活服务场所,108.88780417378231,34.20985962854599,雁塔区,108.892383,34.208221
B0K6JUYCN1,金泰和樾营销中心,生活服务;生活服务场所;生活服务场所,108.84927553687636,34.20708468244446,雁塔区,108.853888,34.205492
B0MBKKOY7L,池水清清搓澡馆(高新店),生活服务;洗浴推拿场所;洗浴推拿场所,108.87629163248118,34.21420292287073,雁塔区,108.880875,34.212575
B0L3H7B76U,斑玛民谣酒馆(新天地店),生活服务;生活服务场所;生活服务场所,108.87809302553514,34.22236378313192,雁塔区,108.882676,34.220737
B0FFGAE1OL,中外运敦豪国际航空快件有限公司(陕西分公司),公司企业;公司;公司|生活服务;物流速递;物流速递,108.8523472733565,34.19102425057336,雁塔区,108.856954,34.189421
B0FFLG9N10,PHO越美(高新店),生活服务;美容美发店;美容美发店,108.89366340985056,34.22845771475988,雁塔区,108.898244,34.226823
B0HR6Z54RD,西安奥辰口腔(高新店),生活服务;生活服务场所;生活服务场所,108.864458934723,34.22197501459411,雁塔区,108.869053,34.220364
B0H6YH9LY2,戴尔x外星人电脑 · 维修中心(戴尔体验中心立丰城店),购物服务;家电电子卖场;数码电子|生活服务;生活服务场所;生活服务场所,108.898669186684,34.19858836416372,雁塔区,108.903249,34.196942
B0KK9DSYHM,绿城秋月苑接待中心,生活服务;生活服务场所;生活服务场所,108.86524100811364,34.21886918759135,雁塔区,108.869834,34.217256
B0KURS1JFM,小米之家(西安市雁塔区唐延路高新万达ONE专卖店),购物服务;家电电子卖场;数码电子|生活服务;维修站点;维修站点,108.88734808699893,34.21032719770267,雁塔区,108.891927,34.208689
B0JDPMKWT1,韩国丽本美发设计,生活服务;美容美发店;美容美发店,108.8864009356086,34.21053854046887,雁塔区,108.89098,34.208901
B0FFHK6DW8,陕西永嘉信律师事务所,生活服务;事务所;律师事务所,108.8771649167273,34.19220928409107,雁塔区,108.881746,34.190573
B0FFGXVSLS,北京市康达(西安)律师事务所,生活服务;事务所;律师事务所,108.90461229789176,34.214370935140614,雁塔区,108.909197,34.21273
B0LGBUWBO9,高科·紫薇时光云境营销中心,生活服务;生活服务场所;生活服务场所,108.84746497179266,34.21766587285379,雁塔区,108.852081,34.21608
B0HU57OVIG,颂城市客厅(CLASS国际公馆A座店),体育休闲服务;娱乐场所;KTV|生活服务;生活服务场所;生活服务场所,108.8856261604502,34.21845325615107,雁塔区,108.890206,34.216819
B0FFHBI4BP,高新·水晶,生活服务;生活服务场所;生活服务场所,108.89624702490131,34.22488275461918,雁塔区,108.900828,34.223246
B0FFIQ6I66,四季花城功能SPA(高新店),生活服务;美容美发店;美容美发店,108.889522397188,34.22075572913342,雁塔区,108.894102,34.21912
B0L0ZAEHY9,陕西至正律师事务所,生活服务;生活服务场所;生活服务场所,108.87611345991984,34.21497247257774,雁塔区,108.880697,34.213345
B0FFITIK9B,Lanna spring SPA兰纳春天(高新店),生活服务;洗浴推拿场所;洗浴推拿场所,108.87296777834538,34.19632451809503,雁塔区,108.877552,34.194694
B0LD3AHPWC,陕西瑞森律师事务所,生活服务;事务所;律师事务所,108.87749891267131,34.19466079466106,雁塔区,108.88208,34.193025
B0FFIQXS9I,海普睿诚律师事务所,生活服务;生活服务场所;生活服务场所,108.87610806678713,34.194850356181895,雁塔区,108.88069,34.193216
B0K1P5A725,驾驶证换证体检自助机,生活服务;生活服务场所;生活服务场所,108.87012114580584,34.21288254455653,雁塔区,108.874709,34.211261
B0L1ARJLM3,西安高新人才服务中心,生活服务;人才市场;人才市场,108.88436157061952,34.19717072836201,雁塔区,108.88894,34.19553
B0LDS734ME,联想百应电脑维修(立丰城店),生活服务;维修站点;维修站点,108.89841721336484,34.199658969484844,雁塔区,108.902997,34.198013
B0IAPUQAZA,朴笙采耳•头疗•按摩SPA(高新路店),生活服务;生活服务场所;生活服务场所,108.88992455878078,34.2187546445477,雁塔区,108.894504,34.217118
B0K2FRTKXJ,小美足浴,生活服务;洗浴推拿场所;洗浴推拿场所,108.90350241042024,34.22320791204324,雁塔区,108.908087,34.22157
B0FFF651BY,中国联通(沣惠南路营业厅),生活服务;电讯营业厅;中国联通营业厅,108.88298271760846,34.22778000986768,雁塔区,108.887564,34.226151
B0FFFPIFFK,小米授权服务中心(科技二路店),生活服务;维修站点;维修站点,108.90538722594106,34.22010978893166,雁塔区,108.909973,34.218471
B0I091MMQ4,DJI大疆(西安中大国际授权体验店),生活服务;生活服务场所;生活服务场所,108.89301091321636,34.223614238989605,雁塔区,108.897591,34.221978
B0FFHDCM2Z,万达西安one销售中心(高新店),生活服务;生活服务场所;生活服务场所,108.88561171547994,34.21148069935235,雁塔区,108.890191,34.209844
B0H6DB4KWZ,千米手机电脑维修回收(西安高新店),生活服务;维修站点;维修站点,108.88889851631812,34.219043013066525,雁塔区,108.893478,34.217407
B0FFIK8FMY,顺丰速运(金石路店),生活服务;物流速递;物流速递,108.90272499236984,34.1976468465874,雁塔区,108.907307,34.196
B0GU7RI9E6,手机维修换屏(南窑头西区店),生活服务;生活服务场所;生活服务场所,108.8747650269266,34.221846635566905,雁塔区,108.87935,34.220223
B0JKJSJYAJ,陕西启商律师事务所,生活服务;事务所;律师事务所,108.87927785003882,34.19471743635958,雁塔区,108.883858,34.19308
B0FFHO39ZN,数据恢复手机电脑售后快修,生活服务;维修站点;维修站点,108.89703321377108,34.21911999061563,雁塔区,108.901614,34.217481
B0JUSSOQJ8,筋骨堂热敷推拿按摩(高新锦业路益田假日里店),生活服务;生活服务场所;生活服务场所,108.87746574325593,34.19654313427943,雁塔区,108.882047,34.194908
B0H1RRDQB2,顺丰速运(瞪羚路店),生活服务;物流速递;物流速递,108.85626963560976,34.20337943276819,雁塔区,108.860872,34.201774
B0FFH85IG9,中国邮政(文理学院邮政所),生活服务;邮局;邮局,108.90307587573814,34.22111569350888,雁塔区,108.90766,34.219477
B0M6PMKZWH,一川沐汤泉·搓澡馆(丈八北路店),生活服务;洗浴推拿场所;洗浴推拿场所,108.86925786875292,34.21932521768563,雁塔区,108.873847,34.217707
B0K0AUYRI3,八佰户美学中心,生活服务;生活服务场所;生活服务场所,108.89982061249628,34.198818406557415,雁塔区,108.904401,34.197172
B0K09HZEMI,易通手机维修(立丰城店),生活服务;维修站点;维修站点,108.89954776067412,34.19869142609792,雁塔区,108.904128,34.197045
B0K32MC8YC,顺丰速运(袁旗寨41排店),生活服务;物流速递;物流速递,108.84726022049276,34.198263214671194,雁塔区,108.851875,34.196671
B0FFL6428X,YESIDO椰岛造型烫发染发(科技二路店),生活服务;美容美发店;美容美发店,108.86638345975656,34.22778750259283,雁塔区,108.870976,34.226176
B0H0VH30U7,莎蔓莉莎美容会所(水晶店),生活服务;美容美发店;美容美发店,108.88798671297734,34.21583064525701,雁塔区,108.892566,34.214194
B001D12UNX,羽德羽毛球馆,体育休闲服务;运动场馆;羽毛球场|生活服务;生活服务场所;生活服务场所,108.87162087952656,34.2193870248795,雁塔区,108.876208,34.217766
B0IDCC9U1F,秘语听风SPA采耳头疗,生活服务;洗浴推拿场所;洗浴推拿场所,108.86837776368309,34.210598190203484,雁塔区,108.872967,34.208978
B0KRPZ1MG8,保利天瓒售楼处,生活服务;生活服务场所;生活服务场所,108.84753658393213,34.211403197218104,雁塔区,108.852152,34.209815
B0FFF901LB,标书王快印广告·展厅搭建设计·文化墙·门头,生活服务;摄影冲印店;摄影冲印,108.8807925248345,34.19494368569785,雁塔区,108.885372,34.193305
B0KUD56AQJ,晟大装饰,生活服务;生活服务场所;生活服务场所,108.85438992603216,34.20577262238895,雁塔区,108.858995,34.204171
B0KB2ZLER3,玺玥主题SPA·影院养生沐足,生活服务;洗浴推拿场所;洗浴推拿场所,108.89249122144336,34.22072107975925,雁塔区,108.897071,34.219084
B0FFKPXPGZ,良子足道(锦业时代店),生活服务;洗浴推拿场所;洗浴推拿场所,108.87281776900674,34.19502078540808,雁塔区,108.877402,34.19339
B0HRDCXX6Q,高新诚园营销中心,生活服务;生活服务场所;生活服务场所,108.90090237141162,34.20700467932612,雁塔区,108.905484,34.205361
B0K1NRILXW,山水印象足浴会馆(高山流水·和城店),生活服务;洗浴推拿场所;洗浴推拿场所,108.8901790040679,34.20064904880654,雁塔区,108.894757,34.199006
B0FFIWOT3W,西安工会爱心驿站(高新六路站),公共设施;公共厕所;公共厕所|生活服务;生活服务场所;生活服务场所,108.87165872083594,34.221749225124654,雁塔区,108.876246,34.220129
B0JARL0K2E,天空出行·租电动车(甘家寨店),生活服务;生活服务场所;生活服务场所,108.89936920098592,34.21928028164687,雁塔区,108.903951,34.217641
B0G3RZAZGH,中国移动南高新营业厅,生活服务;电讯营业厅;中国移动营业厅,108.86818273742476,34.19616586416819,雁塔区,108.872771,34.194541
B0KKPA9G04,西安中正名表维修,生活服务;生活服务场所;生活服务场所,108.9043625693729,34.21335832163916,雁塔区,108.908947,34.211717
B0M6DU6QVJ,百草园SPA养生馆,生活服务;美容美发店;美容美发店,108.86653206159014,34.209654142531335,雁塔区,108.871123,34.208036
B0KK0AE5G9,名师傅电动车租赁(甘家寨店),生活服务;生活服务场所;生活服务场所,108.89784682426236,34.220039810791185,雁塔区,108.902428,34.218401
B0KUJHFQBT,渲丝·花漾头疗(枫林意树店),生活服务;生活服务场所;生活服务场所,108.87326867118446,34.212971157987994,雁塔区,108.877854,34.211346
B0J07AEO2F,转转二手回收(团结南路益田假日天地店),生活服务;生活服务场所;生活服务场所,108.87807896419622,34.22303452891054,雁塔区,108.882662,34.221408
B0J3A7QQCB,e修网电脑维修-回收-销售,生活服务;维修站点;维修站点,108.86073151708098,34.19969447026414,雁塔区,108.865328,34.198081
B0IG0H8DCV,千米手机电脑维修回收(电子六路店),生活服务;维修站点;维修站点,108.89760637258564,34.20190508161871,雁塔区,108.902186,34.20026
B0G07D4S4J,西安康辉旅游丈八四路门店(团建定制国内旅游代办签证),生活服务;旅行社;旅行社,108.86316525497124,34.20040972735533,雁塔区,108.867759,34.198793
B0LUUUQ8TW,海岸线自助洗车(海声航空站),生活服务;生活服务场所;生活服务场所,108.87332649001333,34.215769239297984,雁塔区,108.877912,34.214145
B0L0TCAGRI,云笙畔定制spa会所,生活服务;洗浴推拿场所;洗浴推拿场所,108.88286049789544,34.21753259679563,雁塔区,108.887441,34.2159
B0LRMUXN5Q,顺丰速运(天地源·枫林意树店),生活服务;物流速递;物流速递,108.88069706728656,34.212655559083366,雁塔区,108.885278,34.211023
B0FFIZCY8J,成铎盲人推拿艾灸(丈八北路店),生活服务;洗浴推拿场所;洗浴推拿场所,108.86894027896784,34.22310447229781,雁塔区,108.87353,34.221488
B0H64HHZM0,筋骨堂热敷推拿按摩(高新万达广场店),生活服务;生活服务场所;生活服务场所,108.88705208103543,34.209934155500875,雁塔区,108.891631,34.208296
B0FFFEU92K,一站式房屋管家(逸翠园i都会店),生活服务;中介机构;中介机构,108.87982989453204,34.184959136272,雁塔区,108.884409,34.183318
B0IUUUYBM0,中国电信(绿地世纪城店),生活服务;电讯营业厅;中国电信营业厅,108.87128622662992,34.199160641649,雁塔区,108.875872,34.197533
B0G0VON0QW,筋骨堂(立丰生活广场店),生活服务;洗浴推拿场所;洗浴推拿场所,108.8994857520636,34.199184254359544,雁塔区,108.904066,34.197538
B0FFKPMCVT,典唐盲人推拿(绿地世纪城店),生活服务;生活服务场所;生活服务场所,108.87157060569544,34.197320592010456,雁塔区,108.876156,34.195692
B0GUYX5SEC,春和日式碳酸泉头皮护理,生活服务;生活服务场所;生活服务场所,108.88639892736025,34.21063750479102,雁塔区,108.890978,34.209
B0FFKBP34W,郑远元专业修脚房(水晶国际店),生活服务;洗浴推拿场所;洗浴推拿场所,108.89813936845134,34.22420836182845,雁塔区,108.902721,34.222571
B0JGH6SDLZ,中国邮政(科创路邮政所),生活服务;邮局;邮局,108.90459634297451,34.22644262719942,雁塔区,108.909182,34.224806
B0KRFUQ7M4,沐朵婴儿游泳馆(立丰城LE CITY店),生活服务;婴儿服务场所;婴儿游泳馆,108.89914208226485,34.19714590481804,雁塔区,108.903722,34.195499
B0MBBHVUL4,倾遇特色水疗spa会所,生活服务;洗浴推拿场所;洗浴推拿场所,108.88284851297568,34.21729467181104,雁塔区,108.887429,34.215662
B0FFKD9NI9,菜鸟驿站(中天花园北门一店),生活服务;生活服务场所;生活服务场所,108.90102186463132,34.22496634599652,雁塔区,108.905605,34.223329
B0FFL90VB4,顺丰速运(绿地中心店),生活服务;物流速递;物流速递,108.8790854581038,34.198427020596576,雁塔区,108.883666,34.196791
B0L3A5VIVM,三帝堂中医,生活服务;美容美发店;美容美发店,108.87845978080752,34.2278681366512,雁塔区,108.883043,34.226243
B0K60C232P,悟道沐足SPA(高新路领先店),生活服务;洗浴推拿场所;洗浴推拿场所,108.88844470788376,34.216336724716065,雁塔区,108.893024,34.2147
B0JR7NET70,一家延安沾沾(木塔寨店),生活服务;生活服务场所;生活服务场所,108.89182065368507,34.20380571663371,雁塔区,108.896399,34.202163
B0HGV1TKZD,巅峰减重减肥训练营(陕西西安基地),体育休闲服务;运动场馆;健身中心|生活服务;生活服务场所;生活服务场所,108.88160341785448,34.212894231481386,雁塔区,108.886184,34.211261
B0FFHUB6K6,顺丰速运(甘家寨店),生活服务;物流速递;物流速递,108.89836378126952,34.21784567021413,雁塔区,108.902945,34.216206
B0L31LVG43,蜀十八·成都火锅串串·现烫豌豆尖(西安高新店),生活服务;生活服务场所;生活服务场所,108.87220518361576,34.19642062449123,雁塔区,108.87679,34.194791
B0FFIRWM7W,菜鸟驿站(西安西付村39排1号店),生活服务;物流速递;物流速递,108.85903078996738,34.18304743215015,雁塔区,108.863628,34.181431
B0IU95W82K,京东图文广告•门头招牌•展厅文化墙,生活服务;摄影冲印店;摄影冲印,108.87626774201524,34.22513900236027,雁塔区,108.880852,34.223515
B0LKZSEBG2,AIP艾伊派(西安益田假日里店),生活服务;生活服务场所;生活服务场所,108.87768087166002,34.19645637030125,雁塔区,108.882262,34.194821
B0FFLCHLKT,境漫足咖影院式咖啡足道(维萨瀛海店),生活服务;洗浴推拿场所;洗浴推拿场所,108.87187195771156,34.19594840009542,雁塔区,108.876457,34.194319
B0GR9UQIMU,顺丰速运(逸翠园店),生活服务;物流速递;物流速递,108.87607387487748,34.1844777293392,雁塔区,108.880655,34.18284
B0IBFS0K14,开换锁配汽车钥匙门钥匙指纹锁,生活服务;生活服务场所;生活服务场所,108.8893338882841,34.202076140980864,雁塔区,108.893912,34.200434
B0G1GRN47V,胡记虾尾(万达·天樾一期南区店),生活服务;生活服务场所;生活服务场所,108.89021886328426,34.20239947432608,雁塔区,108.894797,34.200757
B0GUKHD9G2,荣民捌号营销中心,生活服务;生活服务场所;生活服务场所,108.86882370167258,34.22898119694612,雁塔区,108.873414,34.227367
B0G0LYHENJ,名创优品(立丰城LE CITY店),生活服务;生活服务场所;生活服务场所,108.89920299175888,34.19791265404284,雁塔区,108.903783,34.196266
B0LDFSIKK9,万运通国际物流有限公司(陕西)分公司,生活服务;物流速递;物流速递,108.86362435552316,34.19298885464465,雁塔区,108.868217,34.191369
B0KDVCJ0LU,纽霏斯肌肤净瑕专家(银河·新坐标店),生活服务;生活服务场所;生活服务场所,108.8859398556512,34.22302183040166,雁塔区,108.89052,34.221389
B0JBH7ZQE1,转转二手回收(高新益田假日里店),购物服务;家电电子卖场;手机销售|生活服务;生活服务场所;生活服务场所,108.87767886525911,34.19652234630142,雁塔区,108.88226,34.194887
B0K6VL1IU5,头道汤养生馆(万达天樾店),生活服务;洗浴推拿场所;洗浴推拿场所,108.88991075480132,34.20380684416491,雁塔区,108.894489,34.202165
B0H61NMVES,李强电焊不锈钢加工部,购物服务;家居建材市场;建材五金市场|生活服务;生活服务场所;生活服务场所,108.90202042323908,34.222954076429005,雁塔区,108.906604,34.221316
B0FFI2LVC5,大师兄广告印刷·展厅文化墙·门头招牌发光字,生活服务;生活服务场所;生活服务场所,108.88171939506934,34.22622957596359,雁塔区,108.886301,34.224601
B0K15C39EF,北京市长安(西安)律师事务所,生活服务;事务所;律师事务所,108.89235856130692,34.22918396880782,雁塔区,108.896939,34.22755
B0G1B1B6AH,筋骨堂热敷推拿按摩(缤纷南郡店),生活服务;洗浴推拿场所;洗浴推拿场所,108.863752655802,34.203472508754835,雁塔区,108.868346,34.201856
B0L3UCHCC2,尊悦庭特色水疗SPA会所,生活服务;洗浴推拿场所;洗浴推拿场所,108.88262240332942,34.2177153475315,雁塔区,108.887203,34.216083
B0G19H94L7,菜鸟驿站(景福城店),生活服务;物流速递;物流速递,108.86293079508044,34.20289055520292,雁塔区,108.867525,34.201275
B0FFJZNB2N,郑远元专业修脚房(鸿基新城祥园北区店),生活服务;洗浴推拿场所;洗浴推拿场所,108.8603594433458,34.220021869431775,雁塔区,108.864958,34.218416
B0LKD1OLP5,奈晚推拿·按摩新养生(cross万象汇店),生活服务;洗浴推拿场所;洗浴推拿场所,108.8739388526,34.22929505346233,雁塔区,108.878525,34.227675
B0L097E5TV,古德猫宁图文快印广告,生活服务;摄影冲印店;摄影冲印,108.87928857306927,34.1982462652281,雁塔区,108.883869,34.19661
B0HRAZKW4Z,郑远元专业修脚房(丈八三路绿地世纪城店),生活服务;洗浴推拿场所;洗浴推拿场所,108.87131730988403,34.1984389210396,雁塔区,108.875903,34.196811
B0LR5ZAXN7,奈晚推拿·按摩新养生(国宾中央区店),生活服务;洗浴推拿场所;洗浴推拿场所,108.86902525282672,34.211912542045894,雁塔区,108.873614,34.210292
B0FFLMCEUW,金月汇月子会所(高新国宾店),生活服务;生活服务场所;生活服务场所,108.8682816661541,34.2106980342764,雁塔区,108.872871,34.209078
B0L0FH2BST,夏树泰式街头按摩,生活服务;洗浴推拿场所;洗浴推拿场所,108.8886632777932,34.22187687399038,雁塔区,108.893243,34.220242
B0FFFGUYRR,西安运筹图文快印(汇鑫中心店),生活服务;摄影冲印店;摄影冲印,108.88126045729209,34.19820698584088,雁塔区,108.88584,34.196569
B0GDC571AD,中国电信(高科尚都营业厅),生活服务;电讯营业厅;中国电信营业厅,108.85963035375426,34.19767951673323,雁塔区,108.864228,34.196067
B0J0OL7CG7,名享沐足·SPA会所(西沣一路店),生活服务;洗浴推拿场所;洗浴推拿场所,108.89111411506173,34.18626125995354,雁塔区,108.895691,34.184613
B0MG4SWQ20,辉煌开锁换锁.不配钥匙,生活服务;生活服务场所;生活服务场所,108.8805383625362,34.22060461470473,雁塔区,108.88512,34.218975
B0L1TH435G,柒号公馆养生会所,生活服务;洗浴推拿场所;洗浴推拿场所,108.89639540393972,34.20704208234675,雁塔区,108.900975,34.205399
B0K0FSB86V,锐博律师事务所(西安所),生活服务;生活服务场所;生活服务场所,108.8771838912242,34.19266615139451,雁塔区,108.881765,34.19103
B0G19HAMZQ,菜鸟驿站(国宾中央区店),生活服务;物流速递;物流速递,108.86428655360535,34.21195432182815,雁塔区,108.86888,34.21034
B0K0DDH6DX,朴笙·采耳(丈八译创店),生活服务;生活服务场所;生活服务场所,108.86741856787351,34.22665926169453,雁塔区,108.87201,34.225046
B0I2XAYGKN,通源家电维修(甘家寨东区店),生活服务;维修站点;维修站点,108.89698431800431,34.218041364011874,雁塔区,108.901565,34.216402
B0LRBHM2DD,蒂澜轩水疗SPA会所(暂停营业),生活服务;洗浴推拿场所;洗浴推拿场所,108.88290351597924,34.21748364724425,雁塔区,108.887484,34.215851
B0HDYOT5RG,菜鸟驿站(地电广场店),生活服务;物流速递;物流速递,108.88671212898328,34.221229965668805,雁塔区,108.891292,34.219596
B0L29URBRM,藤野造型(高新益田假日店),生活服务;美容美发店;美容美发店,108.87831924914234,34.19609709512437,雁塔区,108.8829,34.194461
B0G3JG1W1I,娇莉芙·美容生活馆(逸翠园店),生活服务;美容美发店;美容美发店,108.87340210752724,34.18375913276347,雁塔区,108.877985,34.182124
B0FFF65222,中国联通(丈八路营业厅),生活服务;电讯营业厅;中国联通营业厅,108.86895132241376,34.22268763583624,雁塔区,108.873541,34.221071
B0FFMCGA0A,菜鸟驿站(天地源·枫林绿洲店),生活服务;物流速递;物流速递,108.89167876476102,34.21508874655825,雁塔区,108.896258,34.21345
B0FFKDGEEQ,上海市锦天城(西安)律师事务所,生活服务;生活服务场所;生活服务场所,108.87920782059985,34.19465439410645,雁塔区,108.883788,34.193017
B0FFM7CR3G,北京市炜衡(西安)律师事务所,生活服务;事务所;律师事务所,108.87490617766848,34.196175672116155,雁塔区,108.879489,34.194543
B0FFLCSTJO,陕西金镝律师事务所,生活服务;事务所;律师事务所,108.87498524244816,34.19603280305775,雁塔区,108.879568,34.1944
B0G3F5KAGT,上尊SPA(锦业店),生活服务;洗浴推拿场所;洗浴推拿场所,108.87344824180894,34.195006491232604,雁塔区,108.878032,34.193375
B0L1H9YU15,奈晚推拿·按摩新养生(立丰城店),生活服务;洗浴推拿场所;洗浴推拿场所,108.899813681314,34.198002680401295,雁塔区,108.904394,34.196356
B0L0TRBDUJ,奈晚推拿·按摩新养生(旺座现代城店),生活服务;洗浴推拿场所;洗浴推拿场所,108.885581209831,34.217722485468855,雁塔区,108.890161,34.216088
B0IUF4U1MH,雅荷悦来·科技美肤·SPA(万科金域店),生活服务;美容美发店;美容美发店,108.888770324419,34.22136511546225,雁塔区,108.89335,34.21973
B0LRH9AARH,御水·君享高端SPA,生活服务;洗浴推拿场所;洗浴推拿场所,108.882818484861,34.21752156829825,雁塔区,108.887399,34.215889
B0KU9COWM3,奈晚推拿·按摩新养生(高新万达店),生活服务;洗浴推拿场所;洗浴推拿场所,108.88806415423116,34.210399590450734,雁塔区,108.892643,34.208761
B0J11Z6WOO,广东知恒(西安)律师事务所,生活服务;生活服务场所;生活服务场所,108.8791259550208,34.192466046458826,雁塔区,108.883706,34.190828
B0FFMHY82Y,菜鸟驿站(江林新城店),生活服务;物流速递;物流速递,108.90140222535774,34.19268752498553,雁塔区,108.905983,34.191039
B0LRO5WJ20,梵净云spa会所,生活服务;洗浴推拿场所;洗浴推拿场所,108.88285448446791,34.21767554151687,雁塔区,108.887435,34.216043
B0IUT76GRM,中国联通(锦业路营业厅),生活服务;电讯营业厅;中国联通营业厅,108.8455928504228,34.19588809422024,雁塔区,108.85021,34.194298
B0FFGG2A4F,研祥电脑维修(十年老店),生活服务;维修站点;维修站点,108.87456705941956,34.219744176786264,雁塔区,108.879152,34.21812
B0KUB5MGXF,平行宇宙空间设计,生活服务;生活服务场所;生活服务场所,108.88108856502842,34.195985587186705,雁塔区,108.885668,34.194347
B0JK2HTWKR,胡太改衣定制,生活服务;生活服务场所;生活服务场所,108.87944453903528,34.22461221707156,雁塔区,108.884027,34.222985
B0GD29T4WU,菜鸟驿站(西安南窑头西区80排8号店),生活服务;物流速递;物流速递,108.87527250836833,34.22009279529511,雁塔区,108.879857,34.218468
B0LRPKQHK0,中国移动(科技四路营业厅),生活服务;电讯营业厅;中国移动营业厅,108.86127037615697,34.2218405549324,雁塔区,108.865868,34.220234
B0LAN90VWS,陕西三井律师事务所,生活服务;生活服务场所;生活服务场所,108.87826513064778,34.22220900060112,雁塔区,108.882848,34.220582
B0H1LOHCL1,菜鸟驿站(龙城铭园1期店),生活服务;物流速递;物流速递,108.86778405996098,34.22488937163087,雁塔区,108.872375,34.223275
B001D0WOCA,运筹快印广告(科技二路店),生活服务;摄影冲印店;摄影冲印,108.8694554487952,34.22676978408316,雁塔区,108.874045,34.225154
B0L0BATC8T,顺丰速运(立丰城3号楼店),生活服务;物流速递;物流速递,108.89938582321702,34.198910337081664,雁塔区,108.903966,34.197264
B0LRDU6ZRF,唐风·沐愈SPA会所,生活服务;洗浴推拿场所;洗浴推拿场所,108.88286049789544,34.21753259679563,雁塔区,108.887441,34.2159
B0JBZXOOS5,菜鸟驿站(尚品·格蓝店),生活服务;物流速递;物流速递,108.8872396345056,34.22831073072519,雁塔区,108.89182,34.226679
B0KKRZJ1IS,中仪远大丝路会馆,生活服务;生活服务场所;生活服务场所,108.85724031154004,34.198234689799094,雁塔区,108.861841,34.196626
B0JAFAM4BB,中国联通(万达天樾营业厅),生活服务;电讯营业厅;中国联通营业厅,108.89033078236224,34.20337819490556,雁塔区,108.894909,34.201736
B0FFFZOVSS,中国邮政速递物流股份有限公司(科技路营业部),生活服务;邮局;邮政速递,108.89771605959164,34.21776359827344,雁塔区,108.902297,34.216124
B0FFFPJW3L,郑远元专业修脚房(兰乔圣菲南区店),生活服务;洗浴推拿场所;洗浴推拿场所,108.90172266291891,34.20978672954431,雁塔区,108.906305,34.208144
B0KR1UL749,中国电信(万熙天地营业厅),生活服务;电讯营业厅;中国电信营业厅,108.89406102440196,34.19477059490394,雁塔区,108.898639,34.193124
B0FFLL7ZVD,孕贝甄选·女王臻爱月子会所,生活服务;生活服务场所;生活服务场所,108.8906726306665,34.20512575889961,雁塔区,108.895251,34.203484
B0M63CA6Q2,悦享大澡堂,生活服务;洗浴推拿场所;洗浴推拿场所,108.84927292655544,34.20218635338413,雁塔区,108.853885,34.200592
B0K2OC8SXZ,熹间推拿院,生活服务;洗浴推拿场所;洗浴推拿场所,108.8875445679032,34.217095941350415,雁塔区,108.892124,34.21546
B0FFI7Z6DD,陕西融通商服服务社购物中心,购物服务;商场;购物中心|生活服务;生活服务场所;生活服务场所,108.94127216756095,34.2212957695319,雁塔区,108.945922,34.219692
B0H6PXVF5M,大慈恩寺-售票处,生活服务;售票处;公园景点售票处,108.95894626772636,34.21812539944528,雁塔区,108.963651,34.216557
B0I1PAKJ5W,青水瓦台汤泉(高新店),生活服务;洗浴推拿场所;洗浴推拿场所,108.90943974070706,34.21703184621616,雁塔区,108.914029,34.215393
B0FFGFQDCH,西安城南客运站售票处,生活服务;售票处;售票处,108.93319826798344,34.18712713199743,雁塔区,108.937825,34.185499
B0LATU7DEI,WOOWS奢侈品超市,生活服务;生活服务场所;生活服务场所,108.96150369746634,34.212307290731204,雁塔区,108.966217,34.210743
B0H0772PFX,大唐不夜城步行街游客服务中心,生活服务;生活服务场所;生活服务场所,108.95944414499417,34.21053588206557,雁塔区,108.96415,34.208966
B001D0WP9F,中国电信(高新营业厅),购物服务;家电电子卖场;手机销售|生活服务;电讯营业厅;中国电信营业厅,108.90822758588727,34.221581613533075,雁塔区,108.912816,34.219944
B0HR666U9B,中国邮政(小寨邮政支局),生活服务;邮局;邮局,108.9408470483402,34.22464929808256,雁塔区,108.945496,34.223046
B001D09VV5,电子城街道办事处,政府机构及社会团体;政府机关;乡镇级政府及事业单位|生活服务;生活服务场所;生活服务场所,108.914349960899,34.20527369770537,雁塔区,108.918944,34.203633
B0I1SAOCKR,水木和足道·SPA·泰式·糖水铺(大唐不夜城甄选店),生活服务;洗浴推拿场所;洗浴推拿场所,108.95992255602224,34.209390135766114,雁塔区,108.96463,34.207821
B0KA7A2EES,中国电信(小寨西路营业厅),生活服务;电讯营业厅;中国电信营业厅,108.94145938629042,34.22464523960814,雁塔区,108.94611,34.223043
B0J2RALVO9,秘地·HIFi影院足浴SPA(小寨plus店),生活服务;洗浴推拿场所;洗浴推拿场所,108.94257297397452,34.22887673669385,雁塔区,108.947227,34.227278
B0FFILI8NI,万象派体验中心,生活服务;生活服务场所;生活服务场所,108.9132393758789,34.19273452503581,雁塔区,108.917831,34.191089
B0H0CDVCN5,西安市民游客服务中心,生活服务;生活服务场所;生活服务场所,108.96083024033976,34.22286519003297,雁塔区,108.965542,34.221303
B0HDVZWVCN,水木和足道·SPA·泰式·糖水铺(电视塔万象天地甄选店),生活服务;洗浴推拿场所;洗浴推拿场所|生活服务;美容美发店;美容美发店,108.9470144347988,34.200666338423495,雁塔区,108.951679,34.199066
B0J2HHMY37,华为授权服务中心(小寨东路),购物服务;家电电子卖场;手机销售|生活服务;维修站点;维修站点,108.94756084833044,34.224655873837555,雁塔区,108.952229,34.223065
B0FFH32OTD,陕西历史博物馆游客服务中心,生活服务;信息咨询中心;服务中心,108.95071702439522,34.225690072619784,雁塔区,108.955395,34.224106
B0FFMHBQ88,大雁塔南广场游客咨询,生活服务;生活服务场所;生活服务场所,108.95966287446568,34.21669220182176,雁塔区,108.96437,34.215125
B0IDF5SJ74,万象国际中心营销中心,生活服务;生活服务场所;生活服务场所,108.9102359346248,34.19167122717749,雁塔区,108.914824,34.190024
B0J0VC1BTR,秘地·HIFi影院足浴SPA(电视塔长丰园店),生活服务;洗浴推拿场所;洗浴推拿场所,108.93482392730756,34.19346171167951,雁塔区,108.939455,34.191838
B0LUPC1C5G,百邦Apple授权服务商(西安小寨军民服务社店),生活服务;维修站点;维修站点,108.94166606726412,34.22160397238328,雁塔区,108.946317,34.220001
B0JUJ9U1BH,水木和足道·SPA·泰式(小寨原力场甄选店),生活服务;洗浴推拿场所;洗浴推拿场所,108.94150510180636,34.22661744565867,雁塔区,108.946156,34.225016
B0FFLLYX1R,西安曲江新区人才交流中心,政府机构及社会团体;政府机关;区县级政府及事业单位|生活服务;人才市场;人才市场,108.9567720140198,34.19050291928137,雁塔区,108.961467,34.18892
B0KD7OW74P,水木和足道·SPA·泰式(金辉D16街区甄选店),生活服务;生活服务场所;生活服务场所,108.96329056273284,34.18385444016428,雁塔区,108.968008,34.182285
B0I1XO4JE8,慕凡|足道|SPA(太白南路店),生活服务;洗浴推拿场所;洗浴推拿场所,108.91352127046054,34.22707345691232,雁塔区,108.918116,34.22544
B0J3LA56NO,信达·雁熙云著营销中心,生活服务;生活服务场所;生活服务场所,108.91727578017525,34.219508871259194,雁塔区,108.921875,34.217875
B0FFGH47PR,西安秦华天然气(朱雀南路营业厅),生活服务;生活服务场所;生活服务场所,108.93404747213567,34.19720259301308,雁塔区,108.938677,34.195579
B0K1JHI0M9,刘大咖火锅鸡(总店),生活服务;生活服务场所;生活服务场所,108.9373397515171,34.19324095184945,雁塔区,108.941977,34.191621
B0HAHHIDW3,海涛口腔(曲江门诊),生活服务;生活服务场所;生活服务场所,108.9521794138202,34.21277856899944,雁塔区,108.956861,34.211193
B0LBZ7OXLC,百邦Apple苹果售后维修服务中心,生活服务;维修站点;维修站点,108.9428795181083,34.223942977463274,雁塔区,108.947534,34.222343
B0L09ZCI3F,张小熊轻医美连锁(曲江万象院),生活服务;美容美发店;美容美发店,108.947051298543,34.2009871575825,雁塔区,108.951716,34.199387
B0GR5L2Q71,华为授权服务中心(曲江银泰),购物服务;家电电子卖场;手机销售|生活服务;维修站点;维修站点,108.96037605242444,34.20817646483824,雁塔区,108.965085,34.206608
B0FFFQV10S,太白庄园(电视塔店),生活服务;洗浴推拿场所;洗浴推拿场所|体育休闲服务;休闲场所;休闲场所,108.94326480909996,34.19463543781882,雁塔区,108.947918,34.193026
B0KDPR7DOT,水木和足道·SPA·泰式(MOMOPARK甄选店),生活服务;洗浴推拿场所;洗浴推拿场所,108.9284188045926,34.223486875008334,雁塔区,108.933038,34.221865
B0FFFZQVT0,中国邮政(电子城邮政支局),生活服务;邮局;邮局,108.91780049790812,34.2133856609906,雁塔区,108.9224,34.21175
B0FFHZXML6,西安大唐补习学校,科教文化服务;学校;职业技术学校|生活服务;生活服务场所;生活服务场所,108.92613323168882,34.20051351222405,雁塔区,108.930746,34.198881
B0LDCSDTFK,靓佳家(陕西)装饰设计有限公司,生活服务;生活服务场所;生活服务场所,108.90700293459312,34.21899186190876,雁塔区,108.91159,34.217353
B0FFGLQ1OC,华为授权服务中心(金莎国际),购物服务;家电电子卖场;手机销售|生活服务;维修站点;维修站点,108.94263091036665,34.22767007320158,雁塔区,108.947285,34.226071
B0FFKP1IHD,红专里联合办公,生活服务;生活服务场所;生活服务场所,108.94698223377398,34.21666586721889,雁塔区,108.951648,34.215071
B001D0801Y,中国移动(电子正街营业厅),购物服务;家电电子卖场;手机销售|生活服务;电讯营业厅;中国移动营业厅,108.91541978066095,34.20225909381576,雁塔区,108.920015,34.200618
B0K2M5J83W,悦溪湖温泉,生活服务;生活服务场所;生活服务场所,108.907678862862,34.22463067044749,雁塔区,108.912267,34.222994
B0LDSR028Y,秦宝鼎牛肉火锅,生活服务;生活服务场所;生活服务场所,108.96370518780144,34.19438994518814,雁塔区,108.968425,34.192825
B0J019607G,周天·隐(西安旗舰店),生活服务;洗浴推拿场所;洗浴推拿场所,108.9340759915084,34.18992496849249,雁塔区,108.938705,34.188299
B0L3R1OLON,西安雁塔大爱妇产医院--妇科私密中心,生活服务;生活服务场所;生活服务场所,108.94651376237944,34.22735094798168,雁塔区,108.951179,34.225759
B0K3VSLXY2,纵享禧玥月子中心(高新店),生活服务;生活服务场所;生活服务场所,108.9111161247204,34.22713757797355,雁塔区,108.915708,34.225503
B0FFKT19WV,咪咪专业脱毛连锁机构(MOMOPARK店),生活服务;美容美发店;美容美发店,108.92945362060834,34.22372852726703,雁塔区,108.934075,34.222108
B0JRJAGA2Y,紫雲境生活馆,生活服务;生活服务场所;生活服务场所,108.91852048037238,34.18760785134506,雁塔区,108.923119,34.185964
B0LR4RQ7FW,轩影阁汉服馆(大唐不夜城店),生活服务;摄影冲印店;摄影冲印|购物服务;服装鞋帽皮具店;服装鞋帽皮具店,108.96190603625432,34.2149583748938,雁塔区,108.966621,34.213396
B0FFMHTXSS,西安曲江大悦城(办公区),生活服务;生活服务场所;生活服务场所,108.95713959320912,34.21710099027638,雁塔区,108.961838,34.215528
B0KB91BD1J,中国电信(金辉广场营业厅),生活服务;电讯营业厅;中国电信营业厅,108.96013797028117,34.18272853347696,雁塔区,108.964844,34.181151
B0FFF9WNHB,中国移动(纬二街营业厅),生活服务;电讯营业厅;中国移动营业厅|购物服务;家电电子卖场;手机销售,108.94253072278345,34.221081630169714,雁塔区,108.947184,34.21948
B0IKXMLFB9,安居·乐筑(科技路店),生活服务;中介机构;中介机构,108.91112214161944,34.22684268261695,雁塔区,108.915714,34.225208
B0L3JMDQAJ,伊本番茄医疗美容(万象城店),生活服务;美容美发店;美容美发店,108.94514508050447,34.198979502405834,雁塔区,108.949804,34.197375
B0FFF650PT,雁塔区就业服务中心,政府机构及社会团体;政府机关;区县级政府及事业单位|生活服务;人才市场;人才市场,108.91439660952597,34.19642766667335,雁塔区,108.91899,34.194784
B0L33HAZ7W,Let's Relax SPA泰放松·水疗·按摩(大雁塔店),生活服务;洗浴推拿场所;洗浴推拿场所,108.95786033412148,34.214452249998764,雁塔区,108.962561,34.21288
B0FFHC7X4Z,香山红叶售楼处,生活服务;生活服务场所;生活服务场所,108.92574568552816,34.216607368310555,雁塔区,108.930359,34.21498
B0J10DE6M8,七兮轻奢SPA沐足(小寨银泰店),生活服务;洗浴推拿场所;洗浴推拿场所,108.93587285092448,34.224845273367066,雁塔区,108.940509,34.223234
B0FFJHRGGZ,中国电信(小寨智慧营业厅),生活服务;电讯营业厅;中国电信营业厅,108.94169472809688,34.224823763765855,雁塔区,108.946346,34.223222
B0MG359SBM,朱雀汤浴·水疗spa,生活服务;洗浴推拿场所;洗浴推拿场所,108.93505404864186,34.19749802490743,雁塔区,108.939686,34.195876
B0L2C7I1Z1,桂-山後相見 LIVE,生活服务;生活服务场所;生活服务场所,108.90690046906118,34.20098313714712,雁塔区,108.911486,34.199338
B0IK0RV8JT,清真·京华源铜锅涮肉(曲江店),生活服务;生活服务场所;生活服务场所,108.9650626125746,34.20143814543506,雁塔区,108.969788,34.199879
B0K11RPS4O,华硕电脑官方直营专卖店(西部赛格旗舰店),生活服务;生活服务场所;生活服务场所,108.90964245842386,34.217931456443,雁塔区,108.914232,34.216293
B0J3VX9XS9,转转二手回收(雁塔万象天地店),生活服务;生活服务场所;生活服务场所,108.94737034400994,34.20095953988762,雁塔区,108.952036,34.19936
B0LD3LFTRF,联想官方直营服务中心(西安赛格购物中心店),生活服务;维修站点;维修站点,108.94302198681362,34.22557513103725,雁塔区,108.947677,34.223976
B0G2SAL3ED,vivo官方客户服务中心(长安中路店),生活服务;维修站点;维修站点,108.94168368891906,34.22568147281747,雁塔区,108.946335,34.22408
B0L6OGWQ0Z,金辉天颂营销中心,生活服务;生活服务场所;生活服务场所,108.9161691488316,34.197252310241794,雁塔区,108.920765,34.19561
B0HKAZGGXX,Youngster·漾思医美,生活服务;美容美发店;美容美发店,108.94730953764666,34.20082470535462,雁塔区,108.951975,34.199225
B0K6JZTN6S,瀚程教育,生活服务;生活服务场所;生活服务场所,108.94042349039816,34.18379299228402,雁塔区,108.945068,34.182175
B0I2SCNCCZ,泰和泰(西安)律师事务所,生活服务;事务所;律师事务所,108.95127282204857,34.194204834882655,雁塔区,108.95595,34.192611
B0GD3C2HGP,沃朵亲子世界(M3碧乐城店),生活服务;生活服务场所;生活服务场所,108.93263785113346,34.19588501906025,雁塔区,108.937264,34.194259
B0JRHCMI7I,扬州搓背馆(曲江万象店),生活服务;洗浴推拿场所;洗浴推拿场所,108.94580702130236,34.20054571597955,雁塔区,108.950468,34.198943
B0FFIL8YSM,良子足浴(西安雁塔区),生活服务;洗浴推拿场所;洗浴推拿场所,108.96089807280048,34.209713669398205,雁塔区,108.965609,34.208147
B001D08BOK,中国移动(崇业路营业厅),生活服务;电讯营业厅;中国移动营业厅,108.92565787358456,34.22878908619058,雁塔区,108.930272,34.227166
B0FFHIB389,陕西稼轩律师事务所,生活服务;事务所;律师事务所,108.95046337823244,34.19423252454826,雁塔区,108.955138,34.192637
B0L2NRIFZL,中国联通小寨西路营业厅,生活服务;电讯营业厅;中国联通营业厅,108.94049499538242,34.224654898657185,雁塔区,108.945143,34.223051
B0IR4U2NO5,陕西海瑞律师事务所,生活服务;生活服务场所;生活服务场所,108.9465369101044,34.20001548926005,雁塔区,108.9512,34.198414
B0FFG70EHM,西安城南旅游集散中心,生活服务;旅行社;旅行社,108.93404240304866,34.1858013652039,雁塔区,108.938671,34.184174
B0LAFRWTO0,可芙柏颜轻医美(曲江公馆店),生活服务;美容美发店;美容美发店,108.96207387622054,34.209519861351794,雁塔区,108.966789,34.207956
B0KD3LZ614,梵恩诗产后恢复中心(融侨店),生活服务;美容美发店;美容美发店,108.90724067180524,34.207105964158245,雁塔区,108.911827,34.205463
B0FFILI9CW,华人天居足道·泰式·SPA (长丰园店),生活服务;洗浴推拿场所;洗浴推拿场所,108.93485684070366,34.193556631730594,雁塔区,108.939488,34.191933
B0FFG3ZG0T,中国移动(大雁塔营业厅),生活服务;电讯营业厅;中国移动营业厅,108.96019136147623,34.22464709172881,雁塔区,108.964901,34.223084
B0KBJA7BV1,予厘SPA(大唐不夜城店),生活服务;美容美发店;美容美发店,108.95992268680274,34.207781691657104,雁塔区,108.96463,34.206212
B0FFK927E5,纬二街站,生活服务;生活服务场所;生活服务场所,108.94232157439272,34.21773419473654,雁塔区,108.946974,34.216131
B0FFHLPVL7,量子膜西安酷客形象中心店,汽车服务;洗车场;洗车场|购物服务;购物相关场所;购物相关场所|生活服务;生活服务场所;生活服务场所,108.9309563367588,34.21181683651415,雁塔区,108.93558,34.210194
B0FFG3ZG12,康正盲人按摩(朱雀大街南段路店),生活服务;洗浴推拿场所;洗浴推拿场所,108.93413993177153,34.22598742228266,雁塔区,108.938772,34.224374
B0MGDYPI8L,悦澜溪·SPA木桶浴,生活服务;洗浴推拿场所;洗浴推拿场所,108.93488385689813,34.20495074997149,雁塔区,108.939516,34.203331
B0LD3UKJE5,华发锦宸赋营销中心,生活服务;生活服务场所;生活服务场所,108.94297053932802,34.18345963631595,雁塔区,108.947622,34.181846
B001D13LOI,天璐殡仪服务寿衣骨灰盒花圈灵堂殡葬大全,生活服务;丧葬设施;丧葬设施|购物服务;购物相关场所;购物相关场所,108.92870744062932,34.20816393182598,雁塔区,108.933326,34.206537
B0IGHCDTSZ,朴笙·采耳,生活服务;洗浴推拿场所;洗浴推拿场所,108.9521817394396,34.19637417593317,雁塔区,108.956862,34.194783
B0H1JHO37K,城南供水服务分公司营业厅,生活服务;自来水营业厅;自来水营业厅,108.96469757836256,34.19391260007626,雁塔区,108.969421,34.19235
B001D06CWQ,中国邮政(大雁塔邮政所),生活服务;邮局;邮局,108.95835279788916,34.224672455586784,雁塔区,108.963056,34.223105
B0LK7H3I7W,电信十所,生活服务;电讯营业厅;中国电信营业厅,108.94864207611664,34.21831698299599,雁塔区,108.953313,34.216726
B0FFGFPZEE,中国移动(三森营业厅),生活服务;电讯营业厅;中国移动营业厅|购物服务;家电电子卖场;手机销售,108.94054615775876,34.18383976810834,雁塔区,108.945191,34.182222
B0FFG3ZBAM,大雁塔售票处(唐宗隆酒店西南),生活服务;售票处;公园景点售票处,108.95930688356562,34.21963700581182,雁塔区,108.964013,34.21807
B0JDFPOSKH,西安城市观光车售票处,生活服务;售票处;售票处,108.9610584276125,34.22285963768674,雁塔区,108.965771,34.221298
B0J067H57F,印·SPA影院式足道(阿伯丁商业中心店),生活服务;洗浴推拿场所;洗浴推拿场所,108.92320283139227,34.186306247162555,雁塔区,108.927809,34.184666
B001D07CNE,西安烈士陵园,生活服务;丧葬设施;陵园,108.9290355237551,34.21104353458048,雁塔区,108.933655,34.209418
B0H2KD70VK,悦榕轩影院式足道(暂停营业),生活服务;洗浴推拿场所;洗浴推拿场所,108.93484102936108,34.20408710840665,雁塔区,108.939473,34.202467
B0FFFCLVWP,碧水云天大众浴场(嘉翔国际商贸大楼店),生活服务;洗浴推拿场所;洗浴推拿场所,108.92699337745331,34.22740411703578,雁塔区,108.93161,34.225782
B0L6UDSYIF,联想百应电脑手机维修(电视塔店),生活服务;维修站点;维修站点,108.94684884191273,34.20174429676122,雁塔区,108.951513,34.200144
B0J219HUOG,辰宫紫云境售楼部,生活服务;生活服务场所;生活服务场所,108.92002208676726,34.18807251453531,雁塔区,108.924623,34.18643
B0KRB9P9HN,人生四格FTXOTO场景大头贴,生活服务;摄影冲印店;摄影冲印,108.94261828369336,34.22349460771086,雁塔区,108.947272,34.221894
B001D114W4,咪咪专业脱毛连锁机构(小寨金莎店),生活服务;美容美发店;美容美发店,108.94276854686257,34.22741791830653,雁塔区,108.947423,34.225819
B0FFKPA7YQ,华硕电脑西部赛格官方旗舰店(销售与维修),生活服务;生活服务场所;生活服务场所,108.90960449098334,34.21801843905426,雁塔区,108.914194,34.21638
B0K3BUVQV3,两只老虎妆造馆,生活服务;美容美发店;美容美发店,108.95245346692154,34.213559706343005,雁塔区,108.957136,34.211975
B0GR9RPH5Y,御池大澡堂,生活服务;洗浴推拿场所;洗浴推拿场所,108.93330669669965,34.203506514852215,雁塔区,108.937935,34.201884
B0LD0PZBHR,石泉老街石锅鱼(朱雀大街店),生活服务;生活服务场所;生活服务场所,108.9347542351767,34.191714392749944,雁塔区,108.939385,34.19009
B0LKSLKEST,瑞思迈呼吸机西北睡眠呼吸体验中心,生活服务;生活服务场所;生活服务场所,108.92667150463257,34.221318675671306,雁塔区,108.931287,34.219694
B0K0BUN1N2,易通手机维修,生活服务;维修站点;维修站点,108.9509634113604,34.199032870614666,雁塔区,108.95564,34.19744
B0FFKTYNTH,强哥维修,生活服务;生活服务场所;生活服务场所,108.91529810581385,34.22518612839088,雁塔区,108.919895,34.223553
B001D07NK6,中国联通(小寨东路营业厅),生活服务;电讯营业厅;中国联通营业厅,108.94617602256334,34.22414076370393,雁塔区,108.95084,34.222547
B0J0RRGNV8,DL HOPE(万象天地店),生活服务;美容美发店;美容美发店,108.9470104476105,34.20065534994952,雁塔区,108.951675,34.199055
B001D06KNR,中国邮政(吉祥邮政所),生活服务;邮局;邮局,108.92357308140303,34.22469971480577,雁塔区,108.928183,34.223073
B0L23Z41J7,DJl大疆授权体验专区(西部电子商城店),生活服务;生活服务场所;生活服务场所,108.90999807919772,34.21799530456446,雁塔区,108.914588,34.216357
B0FFINOYUJ,顺丰速运(青松路店),生活服务;生活服务场所;生活服务场所,108.93337579618508,34.212684248129214,雁塔区,108.938005,34.211065
B0IDJZS38K,藤野造型(华旗国际广场店),生活服务;美容美发店;美容美发店,108.94290151605688,34.22320820248515,雁塔区,108.947556,34.221608
B0JRS7NQFI,京合轩足浴SPA,生活服务;洗浴推拿场所;洗浴推拿场所,108.93400499657304,34.20434223683316,雁塔区,108.938635,34.202721
B0LGL5NHJ3,允娴姑娘汉服馆(不夜城主街店),生活服务;生活服务场所;生活服务场所,108.9571140104763,34.213054473517744,雁塔区,108.961812,34.21148
B0FFH9M23E,顺丰速运(崇业路店),生活服务;物流速递;物流速递,108.92576264664372,34.22910985618414,雁塔区,108.930377,34.227487
B001D09MOI,福盛轩洗浴足浴(电子二路店),生活服务;洗浴推拿场所;洗浴推拿场所,108.92151958673172,34.21331668557319,雁塔区,108.926125,34.211684
B0G359YRZ3,菜鸟驿站(西安西八里村居委会店),生活服务;物流速递;物流速递,108.93926406947544,34.21464953150089,雁塔区,108.943908,34.21304
B001D09GN2,中国移动科创路营业厅,生活服务;电讯营业厅;中国移动营业厅|购物服务;家电电子卖场;手机销售,108.9093592748977,34.223874430630694,雁塔区,108.913949,34.222238
B0LUTL6QDT,潮逸社,生活服务;生活服务场所;生活服务场所,108.94280940374016,34.22777571467031,雁塔区,108.947464,34.226177
B0LGJHROS9,允娴姑娘汉服馆(大雁塔陕历博店),生活服务;生活服务场所;生活服务场所,108.95642951167872,34.22323843340032,雁塔区,108.961126,34.221666
B0LD17MQTR,速优科技手机电脑回收快修,生活服务;维修站点;维修站点,108.9314876894348,34.19285158525346,雁塔区,108.936111,34.191223
B0L0HDQ4GG,刘大咖火锅鸡(吉祥村店),生活服务;生活服务场所;生活服务场所,108.92513623085078,34.22425728563176,雁塔区,108.929749,34.222632
B0G1OUFRTG,Acer宏碁官方授权维修销售中心(赛格店),生活服务;维修站点;维修站点,108.90931279792042,34.217945566168744,雁塔区,108.913902,34.216307
B0IR6HOL32,瑞芯电脑手机快修(西安店),生活服务;维修站点;维修站点,108.91968650947744,34.22685741112016,雁塔区,108.92429,34.225228
B0JBF70U23,遇见花店气球派对(开业花篮),生活服务;生活服务场所;生活服务场所,108.94288853295974,34.22344813950406,雁塔区,108.947543,34.221848
B0LDTM6FN6,慕凡•足道•SPA(电视塔店),购物服务;服装鞋帽皮具店;服装鞋帽皮具店|生活服务;生活服务场所;生活服务场所,108.93990262431838,34.19931974493107,雁塔区,108.944547,34.197706
B0KA69EY8H,西安中国国际旅行社集团营业部,生活服务;生活服务场所;生活服务场所,108.9417104124544,34.22819151376853,雁塔区,108.946362,34.226591
B0GK7R1XEO,国家电网(电子城供电所营业厅),生活服务;电力营业厅;电力营业厅,108.9160397056675,34.20502975822688,雁塔区,108.920636,34.20339
B0LD4ZMLHO,联想百应电脑维修(小寨店),生活服务;维修站点;维修站点,108.94256343711145,34.22348570898103,雁塔区,108.947217,34.221885
B0IR6HQ1XG,九岐阁汉服馆(西安壹洋堂教育Mall店),生活服务;摄影冲印店;摄影冲印,108.96055721763244,34.21053421030712,雁塔区,108.965267,34.208967
B0FFK66IPX,金匠开换锁,生活服务;维修站点;维修站点,108.96325184912249,34.19431910340821,雁塔区,108.96797,34.192753
B0K6Z50W76,颜梦生活馆(金尚文化广场店),生活服务;生活服务场所;生活服务场所,108.9394326403857,34.22684789235438,雁塔区,108.944078,34.225243
B0IG9RDCZI,述美光皙医疗美容诊所(万象天地店),生活服务;美容美发店;美容美发店,108.94827354294154,34.20179246175128,雁塔区,108.952942,34.200195
B0GRDOKZOG,顺丰速运(锦巷店),生活服务;物流速递;物流速递,108.94411474453268,34.21507188479523,雁塔区,108.948772,34.213471
B0JKDH7ISO,顺丰速运(信息大厦店),生活服务;物流速递;物流速递,108.90712903707822,34.216293787715,雁塔区,108.911716,34.214654
B0FFGHRECH,雅荷悦来·科技美肤·科技SPA(曲江公馆店),生活服务;洗浴推拿场所;洗浴推拿场所,108.96208774775256,34.21048049372406,雁塔区,108.966803,34.208917
B0IDTSN7BS,陕文投集团时光文化公园售楼处,生活服务;生活服务场所;生活服务场所,108.9070813583281,34.20033831255781,雁塔区,108.911667,34.198693
B0KRV5H90Y,碧爽日式高端SPA养生会所,生活服务;洗浴推拿场所;洗浴推拿场所,108.9350162169838,34.20893718221869,雁塔区,108.939649,34.207319
B0HRG480PA,洛水轻奢SPA足浴(南姜美景店),生活服务;洗浴推拿场所;洗浴推拿场所,108.91663848106684,34.184843093137005,雁塔区,108.921234,34.183197
B0H3OM1BSK,中环地产(秦地拉克雷公馆店),生活服务;中介机构;中介机构,108.92459731177314,34.2233751635584,雁塔区,108.929209,34.221749
B0FFI1MF1S,舒元堂推拿理疗中心(长丰园店),生活服务;洗浴推拿场所;洗浴推拿场所,108.9374095727358,34.193269832134675,雁塔区,108.942047,34.19165
B001D07NYN,中国邮政(朱雀路南段邮政所),生活服务;售票处;飞机票代售点|生活服务;邮局;邮局,108.93471433197033,34.22888053414541,雁塔区,108.939348,34.227269
B0M6PZLVSV,倾理(小寨店),生活服务;美容美发店;美容美发店,108.94276649373218,34.22814465727106,雁塔区,108.947421,34.226546
B0LU1CDD8F,芭蕾踩背SPA馆,生活服务;美容美发店;美容美发店,108.95215686452327,34.20812623429223,雁塔区,108.956838,34.206539
B0FFLKM6Y1,泰·悦SPA,生活服务;洗浴推拿场所;洗浴推拿场所,108.96208975586876,34.2102925540858,雁塔区,108.966805,34.208729
B0FFIZC8WY,菜鸟驿站(华城国际南二门店),生活服务;物流速递;物流速递,108.93765310572113,34.191407062903544,雁塔区,108.942291,34.189787
B0K3MUTNVK,转转二手回收(雁塔MOMOPARK店),生活服务;生活服务场所;生活服务场所,108.92854856103264,34.22317982998993,雁塔区,108.933168,34.221558
B001D08EHU,于素梅足部保健部(佳鑫大厦店),生活服务;洗浴推拿场所;洗浴推拿场所,108.95205262144404,34.22753657450319,雁塔区,108.956735,34.225956
B0H1THIRZQ,衣锦长安汉服馆(大唐不夜城店),生活服务;生活服务场所;生活服务场所,108.960095830553,34.21078723461638,雁塔区,108.964804,34.209219
B0G22AREOD,痘黛夫快速祛痘连锁(大雁塔分院),生活服务;美容美发店;美容美发店,108.9525363336967,34.22420174345607,雁塔区,108.95722,34.222621
B0HRHC40JE,野原造型(华旗国际广场店),生活服务;美容美发店;美容美发店,108.94284267878449,34.22323130002742,雁塔区,108.947497,34.221631
B001D10WGF,福盛轩足道·颜系SPA(小寨店),餐饮服务;中餐厅;中餐厅|生活服务;洗浴推拿场所;洗浴推拿场所,108.9365981090364,34.224226387109084,雁塔区,108.941236,34.222616
B0L0C5YY2Q,奈晚推拿·按摩新养生(大唐不夜城店),生活服务;洗浴推拿场所;洗浴推拿场所,108.95145367767384,34.2135178576948,雁塔区,108.956133,34.211931
B0JKZDK2DF,千年舟板材(石膏板木龙骨脚手架阻燃板轻钢龙骨),生活服务;生活服务场所;生活服务场所,108.96202876214537,34.22514244013493,雁塔区,108.966745,34.223584
B0HD71RXVZ,浪琴表售后维修服务中心,购物服务;专卖店;钟表店|生活服务;维修站点;维修站点,108.95734377093277,34.21861198187796,雁塔区,108.962043,34.21704
B001D0VV0H,娇莉芙·美容生活馆(曲江店),生活服务;美容美发店;美容美发店,108.95353698344118,34.21306652425829,雁塔区,108.958223,34.211484
B0FFIP6SFS,菜鸟驿站(西安明德门北区南门店),生活服务;物流速递;物流速递,108.93268385108516,34.206988189649856,雁塔区,108.937311,34.205366
B0LASLZ9OF,速美优印图文广告,生活服务;生活服务场所;生活服务场所,108.95440887769506,34.22823617982474,雁塔区,108.959099,34.226661
B0FFKYPZQD,北京市中闻(西安)律师事务所,生活服务;生活服务场所;生活服务场所,108.949416704687,34.19348693430022,雁塔区,108.954088,34.191889
B0JDU9UHOE,痘黛夫快速祛痘连锁(小寨分院),生活服务;美容美发店;美容美发店,108.94874813927032,34.2258500667108,雁塔区,108.95342,34.224262
B0JRDZYCN1,云锦(飞升国际广场店),生活服务;洗浴推拿场所;洗浴推拿场所,108.9245094698264,34.18612400732771,雁塔区,108.929118,34.184485
B0IDUC9NRZ,中国联通(永松路营业厅),生活服务;电讯营业厅;中国联通营业厅,108.9199639735677,34.22800076919937,雁塔区,108.924568,34.226372
B0FFIWB05S,菜鸟驿站(西安中建群星汇北门店),生活服务;物流速递;物流速递,108.92048462913728,34.1968802131821,雁塔区,108.925087,34.195241
B0FFG0ZH4Q,韵达快递(吉祥二巷店),生活服务;物流速递;物流速递,108.92470985216728,34.22648192475817,雁塔区,108.929322,34.224857
B001D0WNHF,欣奕疤痕修护(吉祥路店),生活服务;美容美发店;美容美发店,108.91928332002176,34.22470651236825,雁塔区,108.923886,34.223076
B0FFIIM3EH,郑远元专业修脚房(明德8英里店),生活服务;洗浴推拿场所;洗浴推拿场所,108.93639276579836,34.19763695858498,雁塔区,108.941028,34.196017
B0LASRYTXG,华硕ROG电脑售后维修服务中心(长安中路店),生活服务;维修站点;维修站点,108.94298025796228,34.22367189368315,雁塔区,108.947635,34.222072
B0JU7ZIJ1L,太师傅正骨推拿馆(金莎国际B座店),生活服务;洗浴推拿场所;洗浴推拿场所,108.94297794575094,34.22760647294098,雁塔区,108.947633,34.226008
B0LK0X9PYW,唐雅SPA·木桶浴,生活服务;洗浴推拿场所;洗浴推拿场所,108.92835152795392,34.2286430859121,雁塔区,108.932971,34.227023
B001D14V55,无为推拿,生活服务;洗浴推拿场所;洗浴推拿场所,108.92073172414626,34.227987131198624,雁塔区,108.925337,34.226359
B0FFH5PJZ8,菜鸟驿站(原西安长丰园二期12号楼A单元店),生活服务;物流速递;物流速递,108.93825041282392,34.193465425135614,雁塔区,108.94289,34.191847
B0JAXR5Y6T,上海中联(西安)律师事务所,生活服务;事务所;律师事务所,108.95064961862644,34.196369422842984,雁塔区,108.955325,34.194775
B0FFH8XM70,顺丰速运(曲江文化店),生活服务;物流速递;物流速递,108.95216714910218,34.191908692316375,雁塔区,108.956847,34.190316
B0GRRCKMPQ,西安SOR索尔祛痘国际连锁(高新店),生活服务;美容美发店;美容美发店,108.9054544247422,34.21694690120207,雁塔区,108.91004,34.215307
B0FFF86RJE,吉祥盲人按摩(祥和雅居店),生活服务;洗浴推拿场所;洗浴推拿场所,108.92118735123304,34.223205468536406,雁塔区,108.925793,34.221576
B0KD67BW8X,公安交管天翼云车驾管业务自助服务大厅,生活服务;生活服务场所;生活服务场所,108.90872113209412,34.22121759427546,雁塔区,108.91331,34.21958
B0KK65QDCY,涧·SPA会馆(大唐不夜城店),生活服务;生活服务场所;生活服务场所,108.9587866626004,34.195579538307314,雁塔区,108.963489,34.194003
B0L0NCRUP8,酥情·按摩养生SPA,生活服务;洗浴推拿场所;洗浴推拿场所,108.93498621866256,34.19741515304816,雁塔区,108.939618,34.195793
B0GRNH7FLL,陕西兰杜律师事务所,生活服务;事务所;律师事务所,108.9428954657934,34.224037914534584,雁塔区,108.94755,34.222438
B0J1DU4YMB,允娴姑娘汉服馆(不夜城景区店),生活服务;生活服务场所;生活服务场所,108.96066496837028,34.20890051629036,雁塔区,108.965375,34.207333
B0J6N5O4AT,福盛轩影院式足道SPA(紫薇概念店),生活服务;洗浴推拿场所;洗浴推拿场所,108.91473376534972,34.20144078334735,雁塔区,108.919328,34.199799
B0K63CPE6M,转转二手回收(南飞鸿乐荟中心店),生活服务;生活服务场所;生活服务场所,108.93517763562956,34.18652047154172,雁塔区,108.939809,34.184895
B0FFKTLA6R,筋骨堂热敷推拿按摩(M3碧乐城店),生活服务;生活服务场所;生活服务场所,108.93256307092466,34.195276325212134,雁塔区,108.937189,34.19365
B0FFGLP430,御临轩足浴,生活服务;洗浴推拿场所;洗浴推拿场所,108.9234733124672,34.21162645208237,雁塔区,108.928082,34.209995
B0K1AHA7WC,悦阳足浴·SPA,生活服务;洗浴推拿场所;洗浴推拿场所,108.93302709929186,34.218934533080656,雁塔区,108.937656,34.217317
B0FFH2Z7Q8,手机电脑维修(含光南路店),生活服务;维修站点;维修站点,108.927031680878,34.222689778115964,雁塔区,108.931648,34.221066
B0JGMS4RZM,南三一疼痛理疗中心(西安万象天地店),生活服务;洗浴推拿场所;洗浴推拿场所,108.94821376931984,34.20124576698863,雁塔区,108.952882,34.199648
B0L03RDNAI,美妍速配,生活服务;生活服务场所;生活服务场所,108.94691072363992,34.20092545356032,雁塔区,108.951575,34.199325
B0JR7ZGSLG,美湖足道,生活服务;洗浴推拿场所;洗浴推拿场所,108.90982981381376,34.223523390854105,雁塔区,108.91442,34.221887
B0FFGCRNIH,陕西云德律师事务所,生活服务;事务所;律师事务所,108.95658839612192,34.19348035647363,雁塔区,108.961283,34.191898
B0ID5MJJZZ,华硕电脑智汇家(西安赛格国际店),生活服务;维修站点;维修站点,108.94309577164996,34.22567496160024,雁塔区,108.947751,34.224076
B0FFH5Q0RW,菜鸟驿站(西安三兴鑫园北门店),生活服务;物流速递;物流速递,108.93208037032473,34.19274082682315,雁塔区,108.936705,34.191113
B0G1650H5M,中国联通(丈八东路营业厅),生活服务;电讯营业厅;中国联通营业厅,108.93682547344224,34.20030639039393,雁塔区,108.941462,34.198688
B0FFJXBJS9,郑远元专业修脚房(后村嘉园店),生活服务;洗浴推拿场所;洗浴推拿场所,108.96454343438828,34.2270754593466,雁塔区,108.969269,34.225524
B0IDNZK2UJ,中国移动(曲江创客大街营业厅),生活服务;电讯营业厅;中国移动营业厅,108.95144654914486,34.2030714824244,雁塔区,108.956125,34.201481
B001D0Z7XP,中海·熙岸,商务住宅;住宅区;住宅小区|生活服务;生活服务场所;生活服务场所,108.97805866327728,34.21730150953788,雁塔区,108.982836,34.215783
B0I2RUSHR0,曲江星河湾营销中心,生活服务;生活服务场所;生活服务场所,109.00811789892283,34.219191030439724,雁塔区,109.013023,34.217763
B0FFGAID51,水木和足道·SPA·泰式(曲江芙蓉新天地甄选店),生活服务;美容美发店;美容美发店,108.9703031701276,34.20861798316057,雁塔区,108.975049,34.207075
B0G0BO466I,鼎秀齿科(曲江天街店),生活服务;生活服务场所;生活服务场所,108.98735202945343,34.21792822475833,雁塔区,108.992168,34.216437
B0MBNXUU09,清浅洗浴,生活服务;洗浴推拿场所;洗浴推拿场所,108.98641545753144,34.18802919074941,雁塔区,108.991225,34.186525
B0HBNAXD2W,水木和足道·SPA·泰式·糖水铺(创意谷甄选店),生活服务;美容美发店;美容美发店,109.0082646675722,34.214474256591586,雁塔区,109.01317,34.213045
B0LD4MNSKE,保利天瑞营销中心,生活服务;生活服务场所;生活服务场所,108.99130629087182,34.22923832487459,雁塔区,108.99614,34.227763
B0J3L552N0,陕西曲江ETC发行服务站,生活服务;生活服务场所;生活服务场所,108.9965379677736,34.20394845230837,雁塔区,109.001392,34.20248
B0JK1RH1N8,美芽口腔,生活服务;生活服务场所;生活服务场所,108.96998847185182,34.183180327398624,雁塔区,108.974731,34.181628
B0FFK8THOD,熙朵植发连锁(西安院部),生活服务;美容美发店;美容美发店,108.984911207196,34.2069932677597,雁塔区,108.989716,34.205491
B0FFHUMKEY,咪咪专业脱毛连锁机构(金地广场店),生活服务;美容美发店;美容美发店,108.98402399030417,34.20613017180848,雁塔区,108.988825,34.204625
B0I1GAWWPF,七兮轻奢SPA沐足(曲江旗舰店),生活服务;洗浴推拿场所;洗浴推拿场所,108.9709736118866,34.18373950266313,雁塔区,108.97572,34.18219
B0I357MSC7,乐游时光少儿游泳成长中心(天地源·香都东岸店),生活服务;婴儿服务场所;婴儿游泳馆,108.99092940555713,34.18703304385474,雁塔区,108.995758,34.185542
B001D08XCY,三兆公墓,生活服务;丧葬设施;公墓,109.00374573995714,34.20629176054512,雁塔区,109.008631,34.204846
B0HGJSJI6Q,贝壳签约服务中心(创意谷店),生活服务;中介机构;中介机构,109.00561614594864,34.212925793727095,雁塔区,109.01051,34.211488
B0HBNZXDDJ,贝壳签约服务中心(翠竹园店),生活服务;中介机构;中介机构,108.97084032607454,34.193535651483096,雁塔区,108.975587,34.191989
B0L6BUKASC,水木和足道·SPA·泰式(曲江龙湖天街甄选店),生活服务;洗浴推拿场所;洗浴推拿场所,108.98739189475296,34.21752125052763,雁塔区,108.992208,34.21603
B0IUVHNEHL,首佳中心招商处,生活服务;中介机构;中介机构,108.99815798163276,34.2280830170761,雁塔区,109.003021,34.226628
B0LGD1LV6C,金茂璞逸东方售楼部,生活服务;生活服务场所;生活服务场所,109.01258095327526,34.21862687126213,雁塔区,109.017505,34.217212
B0FFKUVEFF,艾贝瑞国际亲子游泳(曲江芙蓉新天地校区),生活服务;婴儿服务场所;婴儿游泳馆,108.9697273313394,34.20936426399395,雁塔区,108.974471,34.20782
B0LKDUN5BA,邦泰·观云曲江营销中心,生活服务;生活服务场所;生活服务场所,109.00177334189762,34.22884975296902,雁塔区,109.006652,34.227406
B0LRXUZIW7,邦泰·观宸曲江营销中心,生活服务;生活服务场所;生活服务场所,108.99715079288904,34.22239313376734,雁塔区,109.002009,34.220933
B0HB1DG3S0,德佑地产(万科翡翠国际优选千万门店),生活服务;中介机构;中介机构,108.99270348969564,34.215159168603265,雁塔区,108.997542,34.213683
B0FFHDGNO3,曲江龙邸售楼部,生活服务;生活服务场所;生活服务场所,109.00369668982871,34.20940983315119,雁塔区,109.008582,34.207965
B0KBT70P2P,世纪威锋手机电脑维修(创意谷店),生活服务;维修站点;维修站点,109.01201145596508,34.21754594954264,雁塔区,109.016933,34.216129
B0G10LHUX3,艾贝瑞国际亲子游泳(曲江南湖艺境校区),生活服务;婴儿服务场所;婴儿游泳馆,108.99191214131764,34.18787781185832,雁塔区,108.996745,34.18639
B0J3DDLNFA,淮扬搓背馆,生活服务;洗浴推拿场所;洗浴推拿场所,108.98693731792804,34.19937887300645,雁塔区,108.99175,34.19788
B0FFMDTFTX,四季花城功能SPA(曲江旗舰店),生活服务;美容美发店;美容美发店,108.98335655157253,34.19672731578411,雁塔区,108.988154,34.195217
B0HUPUP41Q,Lanna spring SPA兰纳春天(曲江店),生活服务;洗浴推拿场所;洗浴推拿场所,108.97224143830933,34.198661143179685,雁塔区,108.976994,34.19712
B0LD5R4IU9,速修科技手机电脑回收维修(金滹沱店),生活服务;维修站点;维修站点,108.9713761067632,34.182994656577335,雁塔区,108.976124,34.181446
B0LAVU7PXH,千慕男发馆(金滹沱店),生活服务;生活服务场所;生活服务场所,108.97119980879518,34.18280619385714,雁塔区,108.975947,34.181257
B0FFIS2X7E,美丽田园(西安曲江金鹰店),生活服务;美容美发店;美容美发店,108.96876695977474,34.21005357417658,雁塔区,108.973507,34.208507
B0FFKY32WS,西安植物园售票处,生活服务;售票处;公园景点售票处,109.0219389555641,34.20771843589328,雁塔区,109.026901,34.206327
B0G3F5K86A,积善堂针灸门诊,生活服务;生活服务场所;生活服务场所,108.96644470483552,34.18622565545369,雁塔区,108.971174,34.184665
B0L1VCBIHL,DJI大疆(西安曲江金地授权体验店),生活服务;生活服务场所;生活服务场所,108.98375419309724,34.205204280286225,雁塔区,108.988554,34.203698
B0FFIAILI4,唐顿庄园营销中心,生活服务;生活服务场所;生活服务场所,109.01666897690828,34.21618068053269,雁塔区,109.02161,34.214777
B0JBMS21IZ,曲江奥园城市天地营销中心,生活服务;生活服务场所;生活服务场所,109.00764914398378,34.21633945366507,雁塔区,109.012552,34.214909
B0FFM3LFMV,skin79皮肤管理中心(曲江金地店),生活服务;美容美发店;美容美发店,108.98610337635482,34.20487547622683,雁塔区,108.990913,34.203376
B0FFJS6D3P,陕西丰瑞律师事务所,生活服务;生活服务场所;生活服务场所,109.00822096616416,34.21314385478766,雁塔区,109.013126,34.211714
B0JD4HPY1N,筋骨堂热敷推拿按摩(曲江创意谷店),生活服务;洗浴推拿场所;洗浴推拿场所,109.00951947949636,34.21245319324289,雁塔区,109.01443,34.211027
B0H0ZDUEO6,淳甄度假酒店,生活服务;洗浴推拿场所;洗浴推拿场所,108.98924566941338,34.20994138096488,雁塔区,108.994069,34.208453
B0LAH7IQKM,速修科技手机电脑维修回收置换(新开门店),生活服务;维修站点;维修站点,108.99470800154728,34.20189669688331,雁塔区,108.999554,34.200422
B0LU4LLJEA,爱可多母婴护理中心(曲江翡翠店),生活服务;美容美发店;美容美发店,108.99019721817496,34.214814828658454,雁塔区,108.995025,34.213331
B0JATCWTSK,曲江文杰锁业总店(开锁换锁配钥匙品牌智能锁),生活服务;生活服务场所;生活服务场所,108.9899875240078,34.18574129094751,雁塔区,108.994812,34.184247
B0MGTU7K45,千翼手机维修电脑维修回收置换(品胜快修),生活服务;维修站点;维修站点,108.96841064999823,34.181614018515035,雁塔区,108.973147,34.180057
B0L3JCDV8D,天泉浴池,生活服务;洗浴推拿场所;洗浴推拿场所,108.98697485160068,34.21516132274858,雁塔区,108.991789,34.213668
B0GKYRJFH3,朴笙采耳(曲江凯旋门店),生活服务;美容美发店;美容美发店|生活服务;洗浴推拿场所;洗浴推拿场所,108.97359621023006,34.18516589433627,雁塔区,108.978353,34.183624
B0HDUSIVS9,中国移动(旺座曲江营业厅),生活服务;电讯营业厅;中国移动营业厅,109.00828675435623,34.21231694593808,雁塔区,109.013192,34.210887
B0K3HUNSG5,CATULUS猫呼噜·寄养·洗护,生活服务;洗衣店;洗衣店,108.99462867585964,34.20989719027018,雁塔区,108.999475,34.208425
B0FFI9M5C0,大唐芙蓉园南门售票处,生活服务;售票处;售票处,108.96921018070066,34.21105105366957,雁塔区,108.973952,34.209506
B0H2F9L59F,大秦御鼎雪花牛肉养生火锅(玫瑰庄园店),生活服务;生活服务场所;生活服务场所,108.98914892872271,34.19971617063387,雁塔区,108.993971,34.198224
B0J3GH9RWQ,扬州搓背馆(曲江店),生活服务;洗浴推拿场所;洗浴推拿场所,108.9700809611546,34.20944329230419,雁塔区,108.974826,34.2079
B0FFK17GU4,瓦尔塔蓄电池(官方授权店),生活服务;生活服务场所;生活服务场所|汽车维修;汽车维修;汽车维修,108.98261329913628,34.188779118826034,雁塔区,108.987407,34.187264
B0FFGHSEL4,莎蔓莉莎美容会所(西安曲江店),生活服务;美容美发店;美容美发店,108.97082055477668,34.191683318219376,雁塔区,108.975567,34.190136
B0LKDUO08P,利客收严选数码手机维修(理工大店),生活服务;维修站点;维修站点,108.99611440511224,34.22054993813284,雁塔区,109.000968,34.219086
B0J6AZWV3E,极速修-手机电脑维修回收(曲江龙邸店),生活服务;维修站点;维修站点,109.00388189459944,34.209393277222496,雁塔区,109.008768,34.207949
B0L0DCO1IJ,郑远元专业修脚房(万科·东方传奇店),生活服务;洗浴推拿场所;洗浴推拿场所,109.01016147098268,34.215698129336886,雁塔区,109.015075,34.214275
B0J0TR019A,博辉手机电脑维修回收(金辉世界城店),生活服务;维修站点;维修站点,108.96614495471704,34.18466893449548,雁塔区,108.970873,34.183107
B0L0772FQQ,情入·按摩养生SPA,生活服务;洗浴推拿场所;洗浴推拿场所,108.99171243809396,34.21863692492227,雁塔区,108.996547,34.217159
B0KDFRAI4F,沐清风烫染美发沙龙(曲江店),生活服务;洗浴推拿场所;洗浴推拿场所,108.9730861134646,34.19869882169997,雁塔区,108.977842,34.19716
B0MBFH6N0Y,轻喜到家家政家修旧房改造(西安店),生活服务;生活服务场所;生活服务场所,108.96887185100589,34.19428765548471,雁塔区,108.973611,34.192736
B0LR9NOE8I,雅致酒店(大唐不夜城店)-大堂,生活服务;生活服务场所;生活服务场所,108.96559694881684,34.2219506264925,雁塔区,108.970326,34.2204
B0FFLJ3AQI,雅荷悦来·科技美服·科技SPA(紫汀苑店),生活服务;美容美发店;美容美发店,108.98225295294142,34.211066637590214,雁塔区,108.987047,34.209558
B0FFJCXLZ8,极速修-手机电脑维修回收(曲江龙湖店),生活服务;维修站点;维修站点,108.98742269851031,34.21831787641488,雁塔区,108.992239,34.216827
B0I2XC4SB3,中国邮政(春临二路邮政所),生活服务;邮局;邮局,108.98951630381418,34.18843782223547,雁塔区,108.994339,34.186943
B0L6LUA8TE,中国电信,生活服务;电讯营业厅;中国电信营业厅,108.98711599451,34.20625000318615,雁塔区,108.99193,34.204754
B0H6RG7IP4,陕西西安正荣彩虹谷爱悦里母婴呵护中心(曲江店),生活服务;生活服务场所;生活服务场所,109.0047503671356,34.194994539405805,雁塔区,109.009639,34.193548
B0FFMHPMA1,易开开锁换锁智能锁配汽车钥匙,生活服务;生活服务场所;生活服务场所,108.99238063926316,34.21794515769502,雁塔区,108.997218,34.216469
B0JK35GC7Z,众信旅游国际旅行社(曲江创意谷店),生活服务;生活服务场所;生活服务场所,109.00604949809636,34.21039736476449,雁塔区,109.010945,34.20896
B0KKVD334C,FJ翡济·问题肌疗愈SPA(曲江店),生活服务;美容美发店;美容美发店,108.99280221462482,34.213386493308626,雁塔区,108.997641,34.21191
B0FFG0YFCO,国家电网(大雁塔中心供电所营业厅),生活服务;电力营业厅;电力营业厅,108.97801003692652,34.21516640143985,雁塔区,108.982787,34.213647
B0FFKL0I2B,郑远元专业修脚房(中海碧林湾店),生活服务;洗浴推拿场所;洗浴推拿场所,108.98834358395672,34.2088854409534,雁塔区,108.993163,34.207394
B0G1SA9JP7,蓝海沐足·SPA(后村嘉园店),生活服务;洗浴推拿场所;洗浴推拿场所,108.96655190558764,34.227713086151205,雁塔区,108.971285,34.226167
B0FFLBZ7F9,西安龙之旅秦风国旅(西安旅行专家·一日游·直通车),生活服务;生活服务场所;生活服务场所,109.00818220459811,34.21227827418589,雁塔区,109.013087,34.210848
B0KKK5WLA1,速达印图文广告(翔悦天下·工厂店),生活服务;生活服务场所;生活服务场所,109.00948989861452,34.208967494413706,雁塔区,109.0144,34.20754
B0FFFGYO8C,大唐芙蓉园办公区,生活服务;生活服务场所;生活服务场所,108.97286396448872,34.21116616128452,雁塔区,108.97762,34.209631
B0FFG3ZGAJ,艺设图文广告(曲江中和府店),公司企业;公司;广告装饰|生活服务;摄影冲印店;摄影冲印,108.99287591419792,34.225222057211695,雁塔区,108.997716,34.22375
B0JRNLLNTY,忆江南沐足SPA养生,生活服务;洗浴推拿场所;洗浴推拿场所,108.97123148952195,34.18519533505633,雁塔区,108.975979,34.183647
B0L24NMDX2,天子莲·轻奢按摩·柔派SPA(原家富足道龙湖天街店),生活服务;洗浴推拿场所;洗浴推拿场所,108.98750823352282,34.21956517847717,雁塔区,108.992325,34.218075
B0FFHRYHBX,曲江海洋极地公园售票处,生活服务;售票处;公园景点售票处,108.97484963785097,34.216695743103045,雁塔区,108.979614,34.215168
B0KRM13Y3R,漫古里轻奢沐足SPA(曲江旗舰店),生活服务;洗浴推拿场所;洗浴推拿场所,108.98334151298992,34.18585094954862,雁塔区,108.988138,34.184337
B0JR9SG7LE,Britax儿童安全座椅(宝得适宝贝第一迈可适猫头鹰销售服务中心),生活服务;生活服务场所;生活服务场所,108.99715086111192,34.209585652581886,雁塔区,109.002008,34.208121
B0L24MNWJ4,阿飞开锁回收黄金(智能锁配钥匙),生活服务;维修站点;维修站点,108.99312096874588,34.18790915665987,雁塔区,108.997959,34.186425
B0FFKL6BCD,松·生活馆,生活服务;生活服务场所;生活服务场所,109.01006335944594,34.198204446945844,雁塔区,109.014975,34.196775
B0K03H4RBY,浩恒手机电脑维修回收置换(创意谷店),生活服务;维修站点;维修站点,109.00242184078272,34.21341830507069,雁塔区,109.007302,34.211971
B0H1ORV4T4,北京冠领(西安)律师事务所,生活服务;事务所;律师事务所,109.0088383979904,34.21230928920091,雁塔区,109.013746,34.210881
B0H2LZ5KVB,佰草堂健康管理中医养生(功夫肩颈),生活服务;生活服务场所;生活服务场所,108.9849869514962,34.20624730131059,雁塔区,108.989792,34.204745
B0J0JHK6RO,中国联通(东方传奇营业厅)自营,购物服务;家电电子卖场;手机销售|生活服务;电讯营业厅;中国联通营业厅,109.01002304543655,34.21587748085305,雁塔区,109.014936,34.214454
B0MBK5Q784,禧贝阁母婴呵护中心(曲江时光里店),生活服务;生活服务场所;生活服务场所,109.00886396745692,34.204231003676,雁塔区,109.013771,34.2028
B0L6YAFWV1,科沃斯西安曲江创意谷店,生活服务;生活服务场所;生活服务场所,109.00727403393292,34.21295777362582,雁塔区,109.012175,34.211525
B0L24UP5CR,远元足享·足道·SPA(曲江店),生活服务;洗浴推拿场所;洗浴推拿场所,109.00848366597045,34.20334844864182,雁塔区,109.013389,34.201916
B0FFM4L85Q,郑远元专业修脚房(金辉·世界城店),生活服务;洗浴推拿场所;洗浴推拿场所,108.96770705502198,34.18489580550699,雁塔区,108.972441,34.183338
B0FFKHQTMV,泰曼缇·专业泰式水疗品牌(荣禾·曲池东岸店),生活服务;美容美发店;美容美发店|生活服务;洗浴推拿场所;洗浴推拿场所,108.99133372566855,34.198537016204384,雁塔区,108.996165,34.197051
B0FFM8VAF5,雅荷悦来(曲江南湖一号店),生活服务;美容美发店;美容美发店,108.97350118222292,34.20225247927205,雁塔区,108.978259,34.200716
B0J2RUU8AT,中国移动(金滹沱营业厅),生活服务;电讯营业厅;中国电信营业厅|购物服务;家电电子卖场;手机销售,108.9722624591389,34.18522252921424,雁塔区,108.977014,34.183677
B0G2YPPG0B,中国邮政(雁翔路邮政所),生活服务;邮局;邮局,108.99173882272754,34.22468068008438,雁塔区,108.996574,34.223205
B0JKZZQEEQ,中国移动(春临路营业厅),生活服务;电讯营业厅;中国移动营业厅,108.99558711160712,34.19126559345748,雁塔区,109.000436,34.18979
B0L0X9LN6D,中交·曲江序(建设中),商务住宅;住宅区;住宅小区|生活服务;生活服务场所;生活服务场所,108.9991770726539,34.18639929219848,雁塔区,109.004041,34.184933
B0HDRSTMQ6,郑远元专业修脚房(曲江意境店),生活服务;洗浴推拿场所;洗浴推拿场所,108.99357471550158,34.20365752485985,雁塔区,108.998416,34.20218
B0JBY7W8EM,觉庐时光茶舍(西安总店),生活服务;生活服务场所;生活服务场所,108.9977134681279,34.20924506260523,雁塔区,109.002573,34.207782
B0FFKJ5IY7,中国电信(曲江紫御华府店),生活服务;电讯营业厅;中国电信营业厅,108.98608355949298,34.21574275906852,雁塔区,108.990894,34.214247
B0FFK20PPI,膜卡修手机维修 手机贴膜(曲江龙湖天街店),生活服务;维修站点;维修站点,108.98724239534324,34.219101133882646,雁塔区,108.992058,34.21761
B0GRTSFVEU,曲江爱玛家国际母婴月子会所(曲江旗舰店),生活服务;生活服务场所;生活服务场所,109.00450736866112,34.19550410564046,雁塔区,109.009395,34.194057
B0FFJNOV4C,爱视家,生活服务;生活服务场所;生活服务场所,108.97433437627116,34.19619522184003,雁塔区,108.979095,34.194659
B0KRNLP00N,奈晚推拿·筋骨健康(西安创意谷店),生活服务;洗浴推拿场所;洗浴推拿场所,109.00890311443877,34.21239506470242,雁塔区,109.013811,34.210967
B0FFJ7R40U,映像禅悦心身整合自愈中心(曲江店),生活服务;美容美发店;美容美发店,108.98601223905442,34.19908771189478,雁塔区,108.990821,34.197586
B0MG7KG7KT,扭矩机车俱乐部,生活服务;生活服务场所;生活服务场所,108.96816080914172,34.22788682807669,雁塔区,108.9729,34.226345
B0FFJO2HOV,菜鸟驿站(阳光城·紫金城店),生活服务;物流速递;物流速递,109.02371973469587,34.219552257495685,雁塔区,109.02869,34.21817
B0J2XRNLSY,颜十七科技美疗中心,生活服务;美容美发店;美容美发店,108.99066449606286,34.187497687777864,雁塔区,108.995492,34.186006
B0LU9HBTGA,陆荣花园20号楼,生活服务;生活服务场所;生活服务场所,109.00199121201008,34.21919057436594,雁塔区,109.00687,34.217744
B0H0XD4MBR,德邦快递(西安雁塔区长鸣路经营分部),生活服务;物流速递;物流速递,109.01977220935385,34.2268558541959,雁塔区,109.024727,34.225465
B0L0VHIJBZ,金瑶六道汤瑶族头疗养生,医疗保健服务;医疗保健服务场所;医疗保健服务场所|生活服务;美容美发店;美容美发店,108.98432273781192,34.20617927815518,雁塔区,108.989125,34.204675
B0KUFR3K9V,中大国际99营销中心,生活服务;生活服务场所;生活服务场所,109.00782417903773,34.18316613185027,雁塔区,109.012725,34.181725
B0KUP7DCNZ,陕西康仁律师事务所,生活服务;事务所;律师事务所,108.9978134115105,34.22872882787183,雁塔区,109.002675,34.227273
B0MG9HP7B6,澜兮·木桶浴·养生SPA,生活服务;洗浴推拿场所;洗浴推拿场所,109.00142347668732,34.20939473930583,雁塔区,109.006299,34.207943
B0FFJGODL8,郑远元专业修脚房(中海城店),生活服务;洗浴推拿场所;洗浴推拿场所,108.97459225655946,34.18516914035925,雁塔区,108.979353,34.18363
B0KAKRS61C,闭月庭日式高端SPA养生会所(中国铁建·国际城曦园店),生活服务;洗浴推拿场所;洗浴推拿场所,108.9953624112021,34.21126449296783,雁塔区,109.000212,34.209795
B0LDMUEFCW,5678.Dance舞蹈(曲江金滹沱店),生活服务;生活服务场所;生活服务场所,108.97091191908522,34.1829159349683,雁塔区,108.975658,34.181366
B0LGLSIZ2U,芙珑草头疗玩家(鸿基紫韵店),生活服务;生活服务场所;生活服务场所,108.97208602806523,34.198896487006344,雁塔区,108.976838,34.197355
B0IBOOOO0D,郑远元专业修脚房(中海熙岸店),生活服务;洗浴推拿场所;洗浴推拿场所,108.97635543085978,34.21878479482297,雁塔区,108.981126,34.217262
B0FFKW4ZKM,中国电信(曲江和众城阅店),生活服务;电讯营业厅;中国电信营业厅,109.00524736577032,34.21726438271393,雁塔区,109.01014,34.215827
B0FFHDDZ4A,西安植物园游客中心,生活服务;信息咨询中心;服务中心,109.02204153556748,34.20774613504961,雁塔区,109.027004,34.206355
B0L31HUM48,奈晚推拿·按摩新养生(汉华曲江中心店),生活服务;洗浴推拿场所;洗浴推拿场所,108.9972168388226,34.21843634619689,雁塔区,109.002075,34.216975
B0KRVDLO2U,顺丰速运(北池头店),生活服务;物流速递;物流速递,108.98043770116492,34.22013569585589,雁塔区,108.985225,34.218625
B0HU7GXPAU,菜鸟驿站寄快递点(西安宝枫佳苑南门店),生活服务;物流速递;物流速递,108.9697278698188,34.22714794896292,雁塔区,108.974473,34.22561
B0FFJF5DAF,菜鸟驿站(龙湖·紫都城店),生活服务;物流速递;物流速递,108.98568610565437,34.217254399861275,雁塔区,108.990495,34.215758
B0IU6RWKOJ,伊亲宝贝水育护理中心(金辉·公园里店),生活服务;婴儿服务场所;婴儿游泳馆,108.98232593791889,34.183372715029826,雁塔区,108.987118,34.181855
B0FFIKELKT,菜鸟驿站(西安曲江香都东门1店),生活服务;物流速递;物流速递,108.98173101259673,34.18808691049842,雁塔区,108.986521,34.186569
B0LU2HSZ1G,郑远元专业修脚房(西安市雁翔路黄渠头店),生活服务;洗浴推拿场所;洗浴推拿场所|生活服务;美容美发店;美容美发店,109.00369732840558,34.21369233828408,雁塔区,109.008583,34.212249
B0FFJLNFMF,典唐盲人推拿金辉世界城店,生活服务;洗浴推拿场所;洗浴推拿场所,108.96541468521764,34.18457283954384,雁塔区,108.97014,34.183009
B0FFJJ3O9R,湘之美快印(曲江店),生活服务;生活服务场所;生活服务场所,108.99716000242144,34.21940717345229,雁塔区,109.002018,34.217946
B0KBTDWAHP,中国电信(旺座东方传奇电信营业厅),生活服务;电讯营业厅;中国电信营业厅,109.01091433117266,34.2149481405815,雁塔区,109.015831,34.213527
B0L3ROOTMA,手机快修,生活服务;维修站点;维修站点,108.97045324030611,34.22505076925981,雁塔区,108.975201,34.223514
B0JRK54JWD,顺丰速运(曲江池店),生活服务;物流速递;物流速递,108.97986951747636,34.214292398501875,雁塔区,108.984654,34.212778
B0LRTG9OCL,中国联通(中海国际社区营业厅),生活服务;电讯营业厅;中国联通营业厅,108.97497558984266,34.22332003009756,雁塔区,108.979741,34.221795
B0I2LS1T5R,福盛轩足浴SPA(曲江林语店),生活服务;洗浴推拿场所;洗浴推拿场所,109.01510816794972,34.208361990995485,雁塔区,109.020042,34.206951
B0LUUUN80Y,半岛美学医疗美容诊所,生活服务;美容美发店;美容美发店,108.96562179162528,34.22274027941785,雁塔区,108.970351,34.22119
B0LRPHRH9A,顺丰速运(缪家寨店),生活服务;生活服务场所;生活服务场所,109.01443314965792,34.20663257737245,雁塔区,109.019364,34.205219
B0I0GH9PGF,久玖图文广告快印(华润置地·时光里店),生活服务;摄影冲印店;摄影冲印,109.00839600127952,34.20381655271926,雁塔区,109.013301,34.202384
B0FFL5UYPW,链家地产(紫薇意境店),生活服务;中介机构;中介机构,108.99284477649914,34.20444146106832,雁塔区,108.997683,34.202962
B0J07MAER1,繁花躺采柔式SPA(碧林湾店),生活服务;美容美发店;美容美发店|生活服务;洗浴推拿场所;洗浴推拿场所,108.98921596771171,34.207867187694006,雁塔区,108.994039,34.206378
B0K64AP31M,君玥堂养生焕活中心(阳光城翡丽花园店),生活服务;生活服务场所;生活服务场所,109.00220942097586,34.19350674205794,雁塔区,109.007087,34.192052
B0L23C54TU,一韵东方(新中式养生空间),生活服务;美容美发店;美容美发店,108.97113115959836,34.18178570796784,雁塔区,108.975878,34.180236
B0LB3578NN,ETC办理发行服务,生活服务;生活服务场所;生活服务场所,109.00899174279031,34.212314826377714,雁塔区,109.0139,34.210887
B0K1GUS93M,顺丰速运(春晓苑店),生活服务;物流速递;物流速递,108.96858094050828,34.19455633456927,雁塔区,108.973319,34.193004
B0MBNZSDB9,小艾熊医美旗舰(曲江南湖院区),生活服务;生活服务场所;生活服务场所,108.98688252372462,34.1996849323272,雁塔区,108.991695,34.198186
B0L0G74F61,星荷影院沐足养生SPA(春临三路店),生活服务;洗浴推拿场所;洗浴推拿场所,108.99226588141248,34.184846733433325,雁塔区,108.9971,34.183359
B0JDZA76DX,湖畔觅秘SPA生活馆(曲江园林店),生活服务;洗浴推拿场所;洗浴推拿场所,108.98002135899752,34.19654404816163,雁塔区,108.984805,34.195024
B0GR0CX8XK,福奈特洗衣(西安紫汀苑店),生活服务;生活服务场所;生活服务场所,108.97865760494273,34.212698424791164,雁塔区,108.983437,34.21118
B0FFKP5Y1T,酷玩手机维修服务中心(回收置换贴膜),生活服务;生活服务场所;生活服务场所,108.99394770424888,34.20861269525104,雁塔区,108.998791,34.207138
B0FFKD0YZV,中国电信褐石营业厅,生活服务;电讯营业厅;中国电信营业厅,108.99062446920708,34.1898760284592,雁塔区,108.995452,34.188385
B0K0N5B9AG,亨信名表维修回收(曲江龙湖天街店),生活服务;维修站点;维修站点,108.98728521142334,34.219137993548344,雁塔区,108.992101,34.217647
B0HUX5K1KA,八马茶业(旺座曲江店),生活服务;生活服务场所;生活服务场所,109.0097823394128,34.2126853235435,雁塔区,109.014694,34.21126
B0G33U0NKB,信达开锁换锁汽车钥匙(天地源·香都东岸店),生活服务;生活服务场所;生活服务场所,108.98714239783862,34.187966055262905,雁塔区,108.991955,34.186464
B0J0O799NL,顺丰速运(曲江大道店),生活服务;生活服务场所;生活服务场所,108.9977911312429,34.20927581612165,雁塔区,109.002651,34.207813
B0IB97DYWJ,万众松间美学馆,生活服务;生活服务场所;生活服务场所,109.01047577036915,34.1962268750705,雁塔区,109.015389,34.194798
B0FFHDLRM6,曲江池遗址公园游客中心,生活服务;信息咨询中心;服务中心,108.97450792652596,34.20542961398026,雁塔区,108.97927,34.203897
B0KB5SKD9W,郑远元专业修脚房(阳光城翡丽花园店),生活服务;洗浴推拿场所;洗浴推拿场所,109.0043720334966,34.19451084688725,雁塔区,109.009259,34.193063
B0HK07GZEO,中国电信(中海东郡店),生活服务;电讯营业厅;中国电信营业厅,108.98112533870004,34.21443972799433,雁塔区,108.985915,34.212929
B0H1AZ4C2M,中国移动(南湖艺境营业厅),生活服务;电讯营业厅;中国移动营业厅,108.99215509475466,34.187979046917455,雁塔区,108.996989,34.186492
B0M6HRCEEI,中国移动(孟村营业厅),生活服务;电讯营业厅;中国移动营业厅,108.99630556659956,34.22074728788618,雁塔区,109.00116,34.219284
B0JKHB16C1,方格照相馆,生活服务;摄影冲印店;摄影冲印,109.00482332410152,34.21563624192223,雁塔区,109.009714,34.214197
B0GUDAR6CO,1点点(中海凯旋门店),餐饮服务;冷饮店;冷饮店|生活服务;生活服务场所;生活服务场所,108.97184909590771,34.185000725536426,雁塔区,108.976599,34.183454
B0FFLC5TTH,郑远元专业修脚房(中冶·一曲江山店),生活服务;生活服务场所;生活服务场所,108.98991110045183,34.21885425782506,雁塔区,108.994738,34.217371
B0KGGC524N,中国移动(天街社区店),生活服务;电讯营业厅;中国移动营业厅,108.98727326759592,34.219069053568354,雁塔区,108.992089,34.217578
B0H14ARTM1,鑫洋图文广告,生活服务;生活服务场所;生活服务场所,108.99327503084744,34.1912555920659,雁塔区,108.998114,34.189773
B0K3RPXI1S,鸿星社市井串串,生活服务;生活服务场所;生活服务场所,108.99367587065215,34.208600521133484,雁塔区,108.998518,34.207125
B0FFIKEFY8,菜鸟驿站(西安金地翔悦天下南门1店),生活服务;物流速递;物流速递,109.01015929157272,34.20604949343453,雁塔区,109.015072,34.204623
B0FFKMQUHQ,菜鸟驿站(悦芙蓉邻里集市店),生活服务;物流速递;物流速递,108.98113536783758,34.21358599859604,雁塔区,108.985925,34.212075
B0FFILIBZ6,链家地产(中海·熙岸店),生活服务;中介机构;中介机构,108.9761990715352,34.21864528339406,雁塔区,108.980969,34.217122
B0FFGC2ZXK,克丽缇娜(中海·东郡店),生活服务;美容美发店;美容美发店,108.98124185773332,34.214440390744016,雁塔区,108.986032,34.21293
B0LBFRZJJZ,酷玩数码手机维修(回收),生活服务;维修站点;维修站点,108.97197823106691,34.22590833995515,雁塔区,108.976732,34.224376
B0FFIL76FG,美好时光店(曲江美好时光小区店),生活服务;生活服务场所;生活服务场所,108.9934591893872,34.191888826692804,雁塔区,108.998299,34.190407
B0FFIGFIUK,iSpa(曲江凯悦店),生活服务;美容美发店;美容美发店|购物服务;个人用品/化妆品店;其它个人用品店,108.98178340033432,34.20498710084302,雁塔区,108.986575,34.203475
B0K2MKJ7KA,菜鸟驿站(三迪枫丹北门店),生活服务;物流速递;物流速递,108.99783048131768,34.191058855350406,雁塔区,109.002689,34.18959
B0LR5LC84S,每一天便利店(旺座曲江店),生活服务;生活服务场所;生活服务场所,109.00784166759884,34.212201326732284,雁塔区,109.012745,34.21077
B0GDT92KWY,菜鸟驿站(金辉·世界城店),生活服务;物流速递;物流速递,108.96719304871188,34.18428434510245,雁塔区,108.971925,34.182725
B0ID2UT7DO,清风阁·头疗艾灸养发(凯旋新天地店),生活服务;美容美发店;美容美发店,108.97135905569554,34.18442723940308,雁塔区,108.976107,34.182879
B0LAYU04SI,中国联通(一曲江山营业厅),生活服务;电讯营业厅;中国联通营业厅,108.99171551580297,34.21754430336063,雁塔区,108.99655,34.216066
B0IRJLNZCQ,菜鸟驿站(金地南湖艺境一期店),生活服务;物流速递;物流速递,108.9920824239982,34.187754339343364,雁塔区,108.996916,34.186267
B0KRUHZAFV,稻家SPA(曲江金地广场店),生活服务;生活服务场所;生活服务场所,108.98404591642785,34.205916180987515,雁塔区,108.988847,34.204411
B0G3MHXDIS,GSAGA造型(芙蓉新天地购物中心店),生活服务;美容美发店;美容美发店,108.9701297215789,34.21006794517063,雁塔区,108.974875,34.208525
B0G1958X42,菜鸟驿站(岳家寨小区店),生活服务;物流速递;物流速递,108.99044772989129,34.21988628125837,雁塔区,108.995277,34.218405
B0JBTS7DRX,雅迪电动车(黄渠头店),生活服务;维修站点;维修站点,109.00660464652633,34.216005723208895,雁塔区,109.011503,34.214572
B0LD9R39AA,悦铂澜SPA(曲江玫瑰·ONE南湖景观店),生活服务;洗浴推拿场所;洗浴推拿场所,108.98682577103304,34.19958913304323,雁塔区,108.991638,34.19809
B0L6AL0KSR,陕西意得愿成律师事务所,生活服务;事务所;律师事务所,109.0093632789812,34.21086721514233,雁塔区,109.014273,34.20944
B0LUU5Q8DW,转转二手回收(龙湖曲江天街店),生活服务;生活服务场所;生活服务场所,108.98734996224864,34.2188439057264,雁塔区,108.992166,34.217353
B0FFFHIXL6,中国联通(西安市雁塔区雁南四路营业厅),生活服务;电讯营业厅;中国联通营业厅,108.96912950626262,34.19865751061138,雁塔区,108.97387,34.197108
B0K6L5LVVB,中国移动(曲江壹街营业厅),生活服务;电讯营业厅;中国移动营业厅,108.9708860936678,34.19420230668608,雁塔区,108.975633,34.192656
B0FFJKV15V,爱米琪美甲美睫美肤纹绣连锁(西影TIME店),生活服务;美容美发店;美容美发店,108.96585383468503,34.22386028118244,雁塔区,108.970584,34.222311
B0HU2ATGH3,郭氏正骨疼痛推拿(中海凯旋门店),生活服务;洗浴推拿场所;洗浴推拿场所,108.97637611526056,34.185167160503305,雁塔区,108.981144,34.183633
B0FFIK2QUR,菜鸟驿站(西安金辉世界城B区东门一店),生活服务;物流速递;物流速递,108.96619864577698,34.185990366967296,雁塔区,108.970927,34.184429
B0GD95LX4B,快印象图文广告快印,公司企业;公司;广告装饰|生活服务;生活服务场所;生活服务场所,108.99118337662696,34.19842350647605,雁塔区,108.996014,34.196937
B0JR6ZHYGB,顺丰速运(北陆路店),生活服务;物流速递;物流速递,109.01683419521731,34.229115550487165,雁塔区,109.021777,34.227717
B0FFMDZZON,福奈特洗衣(西安紫御华府店),生活服务;洗衣店;洗衣店,108.98759847183548,34.21209154582506,雁塔区,108.992415,34.210599
B0FFF8ZPNX,福奈特洗衣(西安曲池坊店),生活服务;洗衣店;洗衣店,108.97198986730616,34.20543952478451,雁塔区,108.976742,34.2039
B0HDL1YZ51,菜鸟驿站(西安美好时光小区一店),生活服务;物流速递;物流速递,108.99408248748334,34.19225482174161,雁塔区,108.998925,34.190775
B0FFMHY6Y3,叮铛速修离你800米上门维修电动车,生活服务;生活服务场所;生活服务场所,108.98765355549206,34.19620980905685,雁塔区,108.992469,34.194712
B001D0Z39S,西安高桥墓园,生活服务;丧葬设施;公墓,109.07632821512004,34.194248240166814,灞桥区,109.081458,34.192963
B0KANU2DQU,万科雁鸣湖营销中心,生活服务;生活服务场所;生活服务场所,109.04596247191692,34.193980659958136,雁塔区,109.051013,34.192646
B0H29A58TO,红旗驿,生活服务;生活服务场所;生活服务场所,109.04380085389433,34.204187072707015,灞桥区,109.048845,34.202851
B0KG7Z6PWD,源邸滨湖营销中心(建设中),生活服务;生活服务场所;生活服务场所,109.04214727747876,34.19544684059887,雁塔区,109.047185,34.194104
B0LB3RCVR1,脚手架租售电动工具租售(艺龙马腾空店)),生活服务;生活服务场所;生活服务场所,109.02675160118956,34.21971377928556,雁塔区,109.031734,34.21834
B0J1R5PJRG,西安中兵汽车运输有限公司,生活服务;物流速递;物流速递,109.0265767714682,34.21409024881955,雁塔区,109.031558,34.212714
B0KA2LDM6Z,安能物流(半引路店),生活服务;物流速递;物流速递,109.06118225295084,34.19253574122566,灞桥区,109.066278,34.19123
B0FFM9CRTI,菜鸟驿站,生活服务;物流速递;物流速递,109.03501165141486,34.21033219700942,雁塔区,109.040025,34.208977
B0LK1ZDKUZ,中铁·阅湖营销中心,生活服务;生活服务场所;生活服务场所,109.0361011538268,34.22751233002995,雁塔区,109.04112,34.226166
B0FFH7QPJP,中国唐苑售票处,生活服务;售票处;公园景点售票处,109.03003837405168,34.20038758476609,雁塔区,109.035032,34.199016
B0FFH5QBUT,菜鸟驿站(红旗街办高桥村中国移动体验店),生活服务;物流速递;物流速递,109.06017445766626,34.197923613881265,灞桥区,109.065268,34.196618
B0LKCR265Y,顺丰速运(绿地与湖五期店),生活服务;生活服务场所;生活服务场所,109.03704306086284,34.22329350097203,雁塔区,109.042065,34.221948
B0IDJXXGPS,菜鸟驿站公园上城西门店,生活服务;物流速递;物流速递,109.03092370181702,34.21516512911305,雁塔区,109.035922,34.213801
B0H6R1A0XU,菜鸟驿站(绿地国际生态城店),生活服务;物流速递;物流速递,109.0370081258818,34.22402532426826,雁塔区,109.04203,34.22268
B0K27K0Q55,菜鸟驿站(高科麓湾国际社区店),生活服务;物流速递;物流速递,109.04678014924716,34.22460425066486,灞桥区,109.051836,34.223282
B0J3GABSOL,菜鸟驿站(万科雁鸣湖店),生活服务;生活服务场所;生活服务场所,109.04625263280684,34.19257448705862,雁塔区,109.051304,34.19124
B0IA5CFVKH,绿源电动车(绿地与湖五期店),生活服务;维修站点;维修站点,109.03677996087151,34.224013897050554,雁塔区,109.041801,34.222668
B0IASHKTU2,中国电信(曲江公园上城营业厅),生活服务;电讯营业厅;中国电信营业厅,109.03113089914189,34.21524355288438,雁塔区,109.03613,34.21388
B0L1MZGGRG,中通快递(长鸣路店),生活服务;物流速递;物流速递,109.04419891849062,34.18766468987097,雁塔区,109.049243,34.186324
B0JUMM0A1S,驿收发快递驿站(融创天朗·融公馆店),生活服务;生活服务场所;生活服务场所,109.03564533868575,34.22162160655526,雁塔区,109.040662,34.220272
B0G33SWEO0,521照相广告快印中心(合能十里锦绣店),公司企业;公司;广告装饰|生活服务;摄影冲印店;摄影冲印,109.05193967379488,34.225913992561104,灞桥区,109.057012,34.224603
B0FFI31LIH,菜鸟驿站(西安十里锦绣二期21号楼店),生活服务;物流速递;物流速递,109.05238043375462,34.22470555327704,灞桥区,109.057454,34.223395
B0MGN5PPJP,中国电信(灞桥星河荟营业厅),生活服务;电讯营业厅;中国电信营业厅,109.04658083347024,34.22426081005508,灞桥区,109.051636,34.222938
B0LGNHVYU4,中国电信营业厅,生活服务;电讯营业厅;中国电信营业厅,109.0359940508076,34.221628724373126,雁塔区,109.041012,34.22028
B0L0X7MD9K,高价废品回收 铜铝铁带皮电缆,生活服务;生活服务场所;生活服务场所,109.04485177709276,34.18697244238643,长安区,109.049898,34.185633
B0K3DAUGQI,高价废品回收,生活服务;生活服务场所;生活服务场所,109.05588820209944,34.18812242133556,灞桥区,109.060969,34.186806
B0LRSA3LH5,七点摄影图文广告,生活服务;摄影冲印店;摄影冲印,109.0366571677462,34.226855175182166,雁塔区,109.041678,34.22551
B0K17CPBLR,中国电信(公园上城营业厅),生活服务;电讯营业厅;中国电信营业厅,109.03106813552068,34.2152976998907,雁塔区,109.036067,34.213934
B0JBTA4FFR,废品回收,生活服务;生活服务场所;生活服务场所,109.0607312033791,34.19529656581872,灞桥区,109.065826,34.193991
B0JGL5AHUK,中国体育彩票(浐河东路店),生活服务;彩票彩券销售点;彩票彩券销售点,109.0463565318776,34.22473113184326,灞桥区,109.051411,34.223408
B0K0NAA79I,中铁阅湖售楼部,生活服务;生活服务场所;生活服务场所,109.03379670788348,34.22773811560086,雁塔区,109.038807,34.226386
B0L34HGAWU,海聘安检巡检招募中心,生活服务;人才市场;人才市场,109.0341608529864,34.22174434447909,雁塔区,109.039172,34.220391
B0IKDZ5UTK,iRest艾力斯特按摩椅陕西仓储直销配送中心,生活服务;物流速递;物流速递,109.04759505502206,34.183049680573,长安区,109.05265,34.181715
B0HG0DX7O3,脚手架出租出售,生活服务;生活服务场所;生活服务场所,109.02657230932566,34.21974026253117,雁塔区,109.031554,34.218366
B0IDD5E08H,大杨废品回收,生活服务;生活服务场所;生活服务场所,109.05113049611062,34.21042012030096,灞桥区,109.056199,34.209102
B0IBH7FTMA,西安达达宠物殡葬善终服务(曲江店),生活服务;生活服务场所;生活服务场所,109.03398856467555,34.22097206373508,雁塔区,109.038999,34.219618
B0FFL1YEUZ,风影工作室(合能十里锦绣二期店),生活服务;摄影冲印店;摄影冲印,109.0513454025277,34.227042776042694,灞桥区,109.056416,34.225731
B0FFI3YRGZ,高桥墓园招待区,生活服务;生活服务场所;生活服务场所,109.07275191874317,34.19676321066646,灞桥区,109.077875,34.195475
B0FFK738VQ,恒大御龙湾营销中心,生活服务;生活服务场所;生活服务场所,109.03485927630496,34.20965182127297,雁塔区,109.039872,34.208296
B0I0VA8IM9,西安龙鑫文化传媒有限公司(城市精选店),生活服务;生活服务场所;生活服务场所,109.0375243501938,34.22280048412112,雁塔区,109.042548,34.221456
B0FFL6WXE5,菜鸟驿站(融创天朗·融公馆店),生活服务;物流速递;物流速递,109.03565829054833,34.221624572761,雁塔区,109.040675,34.220275
B0JK96CAS3,菜鸟驿站(融创天朗·融公馆店),生活服务;物流速递;物流速递,109.03323751003668,34.219575501571256,雁塔区,109.038245,34.218219
B0G3JK2MH3,雅合轩足浴(合能十里锦绣二期店),生活服务;洗浴推拿场所;洗浴推拿场所,109.05119407031717,34.22471392603948,灞桥区,109.056264,34.223401
B0L6GSCHBI,小卫电动车维修,生活服务;维修站点;维修站点,109.0804032565662,34.22775692308925,灞桥区,109.085543,34.226487
B0L6RH32S3,中国电信(十里锦绣营业厅),生活服务;电讯营业厅;中国电信营业厅,109.05065354919768,34.22702718721979,灞桥区,109.055722,34.225714
B0G0AMS6O0,菜鸟驿站(海域壹号店),生活服务;物流速递;物流速递,109.03670408855344,34.225770451552656,雁塔区,109.041725,34.224425
B0GRAD2I58,高桥家电制冷维修,生活服务;维修站点;维修站点,109.0605336021839,34.19674640894628,灞桥区,109.065628,34.195441
B0HR6R9YIZ,中国体育彩票(融创天朗·融公馆店),生活服务;彩票彩券销售点;彩票彩券销售点,109.03612855897144,34.22158640114072,雁塔区,109.041147,34.220238
B0KDMUBLLK,地磅,生活服务;生活服务场所;生活服务场所,109.04624085103008,34.21380727505682,灞桥区,109.051294,34.21248
B0K32M40C1,顺丰速运(融公馆北门店),生活服务;生活服务场所;生活服务场所,109.03575792665929,34.22157433911489,雁塔区,109.040775,34.220225
B0JAJCUYNB,中国福利彩票.手机维修(融创天朗·融公馆店),生活服务;彩票彩券销售点;彩票彩券销售点,109.0356752276012,34.22162852854794,雁塔区,109.040692,34.220279
B0LB758N34,中国体育彩票,生活服务;彩票彩券销售点;彩票彩券销售点,109.03776230284848,34.22495012131151,雁塔区,109.042787,34.223607
B0LAYUXEYO,高价废品回收站(再生资源回收服务点),生活服务;生活服务场所;生活服务场所,109.0511918447644,34.22741595073929,灞桥区,109.056262,34.226104
B0LGXD6XOG,尊容玉颜推拿艾灸馆,生活服务;洗浴推拿场所;洗浴推拿场所,109.03716463531023,34.22308327433461,雁塔区,109.042187,34.221738
B0KR7RKPWC,雁鸣星河荟招商中心,生活服务;生活服务场所;生活服务场所,109.04568878797596,34.22421179300642,灞桥区,109.050741,34.222887
B0MAGZY6JG,废品回收,生活服务;生活服务场所;生活服务场所,109.05907132869064,34.199173068436856,灞桥区,109.064162,34.197866
B0FFGY1COG,雅典娜宠物墓园,生活服务;生活服务场所;生活服务场所,109.08201841346256,34.21966459957699,灞桥区,109.08716,34.218393
B0K3D5KPD6,中国福利彩票(高科麓湾国际社区店),生活服务;彩票彩券销售点;彩票彩券销售点,109.04723466345504,34.224591267581964,灞桥区,109.052292,34.22327
B0MBKLR3WJ,陕西华璞律师事务所,生活服务;生活服务场所;生活服务场所,109.04463009789832,34.21527134713356,灞桥区,109.049678,34.213941
B0LRDH6RB1,墨概念美发122店,生活服务;美容美发店;美容美发店,109.04629482247564,34.22371763307686,灞桥区,109.051349,34.222394
B0KAH9YFRG,老吴车床加工电焊气割掏螺丝,生活服务;生活服务场所;生活服务场所,109.06096374638328,34.181878579290206,灞桥区,109.066058,34.180569
B0LD0DGIPK,中国体育彩票,生活服务;彩票彩券销售点;彩票彩券销售点,109.0304514160768,34.21639694915123,雁塔区,109.035448,34.215032
B0JUKXZ5C3,菜鸟驿站(高科麓湾国际社区四期店),生活服务;物流速递;物流速递,109.04562315742508,34.22245057259276,灞桥区,109.050675,34.221125
B0LR5LC80N,欣荣修脚工坊,生活服务;洗浴推拿场所;洗浴推拿场所,109.05169436147442,34.22665921316262,灞桥区,109.056766,34.225348
B0LBSCO9RS,高价回收废品,生活服务;生活服务场所;生活服务场所,109.04557743931296,34.185942156845464,长安区,109.050626,34.184604
B0M6JSDE0P,东站房屋中介,生活服务;生活服务场所;生活服务场所,109.05263314064275,34.21920302717269,灞桥区,109.057707,34.217891
B0LUY7VR73,格点国际洗衣洗鞋(融创天朗·融公馆店),生活服务;生活服务场所;生活服务场所,109.03565231341236,34.221615591083506,雁塔区,109.040669,34.220266
B0HK7CLJ5S,HUI salon发型美甲(绿地国际生态城三期店),生活服务;美容美发店;美容美发店,109.0366800416038,34.227350937751304,雁塔区,109.041701,34.226006
B0JD2DCN4C,佳程驾照机车咨询服务馆,生活服务;生活服务场所;生活服务场所,109.037083346366,34.18308211331339,长安区,109.042102,34.181723
B0J2LRUKIO,高价废品回收,生活服务;生活服务场所;生活服务场所,109.05113325963065,34.22470005422446,灞桥区,109.056203,34.223387
B0I23YWRXY,中国福利彩票(合能十里锦绣店),生活服务;彩票彩券销售点;彩票彩券销售点,109.05209725715628,34.225159951368155,灞桥区,109.05717,34.223849
B0JRNSAJ9H,徐东美发170店,生活服务;美容美发店;美容美发店,109.05133840802776,34.227229722177285,灞桥区,109.056409,34.225918
B0J3DHKEQ1,UCC国际洗衣(融创天朗·融公馆店),生活服务;洗衣店;洗衣店,109.0358794806106,34.22154304369962,雁塔区,109.040897,34.220194
B0IKVDBZVL,阿静缝纫(合能十里锦绣二期店),生活服务;洗衣店;洗衣店,109.04998171092606,34.22634781548587,灞桥区,109.055048,34.225033
B0LRDZ653W,中国福利彩票(高科麓湾国际社区四期店),生活服务;彩票彩券销售点;彩票彩券销售点,109.04589237257753,34.2211724342008,灞桥区,109.050945,34.219847
B0FFLJ2259,精修电动车赛克电动车(合能十里锦绣二期店),生活服务;维修站点;维修站点,109.04992603178005,34.22465354414407,灞桥区,109.054992,34.223338
B0K1MGJB6F,顺丰驿站(田马路店),生活服务;物流速递;物流速递,109.03361604458182,34.22003036013494,雁塔区,109.038625,34.218675
B0M6OCM0V2,24小时便利店带自助洗衣,生活服务;洗衣店;洗衣店,109.0526012343461,34.219237077965744,灞桥区,109.057675,34.217925
B0LKOLH7WT,德佑(高科麓湾四期北门店),生活服务;中介机构;中介机构,109.04650713610972,34.22356022395493,灞桥区,109.051562,34.222237
B0HBXSPO6T,中国唐苑游客服务中心,生活服务;信息咨询中心;服务中心,109.03173493592227,34.199385425457834,雁塔区,109.036735,34.198018
B0K129F2OO,菜鸟驿站,生活服务;物流速递;物流速递,109.04687228201826,34.18456075682511,长安区,109.051925,34.183225
B0M667AOXX,丰巢快递柜,生活服务;物流速递;物流速递,109.0320221412518,34.21933475652297,雁塔区,109.037025,34.217975
B0L0YC6ULD,丰巢柜,生活服务;物流速递;物流速递,109.04562302065769,34.22404999732868,灞桥区,109.050675,34.222725
B0FFGJ7LS2,中国移动网上营业厅(网上营业厅),生活服务;电讯营业厅;中国移动营业厅,109.06022531925994,34.19795251889618,灞桥区,109.065319,34.196647
B0LR3SCODI,丰巢柜,生活服务;物流速递;物流速递,109.03645608180494,34.21307559324772,雁塔区,109.041475,34.211725
B0MAMO8DBL,顺丰快递,生活服务;物流速递;物流速递,109.0333669360252,34.220580807657505,雁塔区,109.038375,34.219225
B0G05HL4P1,艾悦丽健康瘦身(十里锦绣店),生活服务;美容美发店;美容美发店,109.0495827208783,34.2292375908246,灞桥区,109.054648,34.227923
B0MGRHK1QC,刻章照相复印文具,生活服务;摄影冲印店;摄影冲印,109.0509255168116,34.229195841860786,灞桥区,109.055995,34.227884
B0FFI7T8N2,中国移动高桥村电商快递综合服务中心,生活服务;物流速递;物流速递,109.06022532046369,34.19793852359724,灞桥区,109.065319,34.196633
B0LK61LXYX,中国福利彩票(绿地与湖南区店),生活服务;彩票彩券销售点;彩票彩券销售点,109.03699220808802,34.22374346549515,雁塔区,109.042014,34.222398
B0L2U6DGEK,理享造型(绿地国际生态店),生活服务;美容美发店;美容美发店,109.03704308545376,34.2230046048429,雁塔区,109.042065,34.221659
B0L16US718,联通宽带咨询(万科雁鸣店),生活服务;电讯营业厅;中国联通营业厅,109.04525583701466,34.19382028261789,雁塔区,109.050304,34.192484
B0LBXCBXID,中泥坊十里锦绣店,生活服务;生活服务场所;生活服务场所,109.05076635643772,34.22518462508025,灞桥区,109.055835,34.223871
B0HRU5GMTR,丝沐造型(融创天朗·融公馆店),生活服务;美容美发店;美容美发店,109.03547198733276,34.22153707537062,雁塔区,109.040488,34.220187
B0HRHH3W51,中国福利彩票(半引路店),生活服务;彩票彩券销售点;彩票彩券销售点,109.05906034666138,34.19931204048537,灞桥区,109.064151,34.198005
B0KBCULZCF,天成广告,生活服务;生活服务场所;生活服务场所,109.0517374591049,34.21236122047266,灞桥区,109.056808,34.211045
B0J1GC7WUV,工会驿站(绿地生态城社区党群服务中心),生活服务;生活服务场所;生活服务场所,109.0370529872276,34.22373131861318,雁塔区,109.042075,34.222386
B0FFG6FU23,晓龙婚庆,生活服务;生活服务场所;生活服务场所,109.05995900520264,34.19826686086388,灞桥区,109.065052,34.196961
B0K0OSF2XH,诺家地产(融公馆店),生活服务;中介机构;中介机构,109.0350784451462,34.22156106540189,雁塔区,109.040093,34.22021
B0LUKZUWUG,炫彩美容中心,生活服务;美容美发店;美容美发店,109.0472182743278,34.21809862750927,灞桥区,109.052275,34.216775
B0FFM4ED6W,铭塑造型(半引路店),生活服务;美容美发店;美容美发店,109.060873767757,34.19597910234683,灞桥区,109.065969,34.194674
B0H69YJMA1,德佑地产(融创天朗·融公馆店),生活服务;中介机构;中介机构,109.03542715584396,34.22150819926002,雁塔区,109.040443,34.220158
B0L3VCIJ2C,芭芭多芦荟美容(融公馆店),生活服务;美容美发店;美容美发店,109.03289779753908,34.21953639752194,雁塔区,109.037904,34.218179
B0K3YHC572,诗妍轻奢美发,生活服务;美容美发店;美容美发店,109.03732604714708,34.21137801785844,雁塔区,109.042348,34.210029
B0G11SAXD3,21世纪不动产(海域壹号店),生活服务;中介机构;中介机构,109.03663622576887,34.22707414792772,雁塔区,109.041657,34.225729
B0LUZZSZO1,胤承优居房产中介,生活服务;生活服务场所;生活服务场所,109.05204445870156,34.2246912259938,灞桥区,109.057117,34.22338
B0J2SUSCT4,知颜健康管理(融创天朗·融公馆店),生活服务;美容美发店;美容美发店,109.03499376087125,34.22155028470576,雁塔区,109.040008,34.220199
B0LDGZDXKT,顺峰驾校报名处,生活服务;生活服务场所;生活服务场所,109.04982235240855,34.224722734002384,灞桥区,109.054888,34.223407
B0FFHMZZLA,曼森烫染(合能十里锦绣二期店),生活服务;美容美发店;美容美发店,109.05182399415696,34.22630708125928,灞桥区,109.056896,34.224996
B0KGCHTA4L,华少形象设计(融创天朗·融公馆店),生活服务;美容美发店;美容美发店,109.03585754184296,34.221774016252354,雁塔区,109.040875,34.220425
B0LAF5RQX8,侠e充电动自行车充电站(星星库房),生活服务;生活服务场所;生活服务场所,109.06460783181647,34.20091756910608,灞桥区,109.069713,34.19962
B0LA55QEVC,德佑,生活服务;中介机构;中介机构,109.03055305037329,34.21608778790528,雁塔区,109.03555,34.214723
B0K60D0BOZ,西米优瘦身(绿地新城店),生活服务;美容美发店;美容美发店,109.0366930507499,34.22668614693575,雁塔区,109.041714,34.225341
B0K1RHPDET,中国福利彩票,生活服务;彩票彩券销售点;彩票彩券销售点,109.03058691565612,34.216136680602965,雁塔区,109.035584,34.214772
B0LRMRYRKB,清源阁,生活服务;生活服务场所;生活服务场所,109.03802103791485,34.22878808915327,雁塔区,109.043047,34.227447
B0IKSU0QAR,段冰洋悦己形象设计店(万科·雁鸣湖店),生活服务;美容美发店;美容美发店,109.04634432199416,34.192671253514554,雁塔区,109.051396,34.191337
B0FFLF7DIA,小雨点美容美发,生活服务;美容美发店;美容美发店,109.05954512497053,34.198211580828136,灞桥区,109.064637,34.196905
B0GR1UY8KY,安居民房产,生活服务;中介机构;中介机构,109.04665755363877,34.22458252615869,灞桥区,109.051713,34.22326
B0JBP99TD1,瑞林家具加工部,生活服务;生活服务场所;生活服务场所,109.06611035640374,34.19914197068509,灞桥区,109.071219,34.197846
B0GUM19H5G,(鲜花使者)爱致尚鲜花婚庆工作室,购物服务;花鸟鱼虫市场;花卉市场|生活服务;生活服务场所;生活服务场所,109.05121182024077,34.22698306776121,灞桥区,109.056282,34.225671
B0L665LRKP,陕中旅浐河东路门市部,生活服务;旅行社;旅行社,109.04706820569488,34.224606622963464,灞桥区,109.052125,34.223285
B0JK6185CF,快递超市店,生活服务;物流速递;物流速递,109.05034453073212,34.226834890518866,灞桥区,109.055412,34.225521
B0MAN5PYZ8,恒熠悦颜专业减肥(西安东站店),生活服务;美容美发店;美容美发店,109.05297106473218,34.21984513443167,灞桥区,109.058046,34.218534
B0JDV9TMNY,起点发艺,生活服务;美容美发店;美容美发店,109.06097552894636,34.19563704901913,灞桥区,109.066071,34.194332
B0FFKRT61R,美琪形象设计(合能十里锦绣二期店),生活服务;美容美发店;美容美发店,109.05100744684104,34.22705445617399,灞桥区,109.056077,34.225742
B0M6DO7Z87,丰巢快递柜,生活服务;物流速递;物流速递,109.03620733265984,34.20912759186384,雁塔区,109.041225,34.207775
B0L03RDG81,丰巢快递柜,生活服务;物流速递;物流速递,109.03974284031068,34.229061797533504,雁塔区,109.044775,34.227725
B0LRFC81K2,剪尚造型,生活服务;美容美发店;美容美发店,109.04891591177568,34.181807267912106,长安区,109.053975,34.180475
B0KR0MJ552,专业修理电动车,生活服务;维修站点;维修站点,109.05874614145884,34.20006133066991,灞桥区,109.063836,34.198754
B0GUCH5YS0,卫东水电安装,公司企业;公司;公司|生活服务;生活服务场所;生活服务场所,109.0589207613546,34.198923412309576,灞桥区,109.064011,34.197616
B0K1YRC9CY,媛媛理发店,生活服务;美容美发店;美容美发店,109.0790966547504,34.22505399267079,灞桥区,109.084234,34.223782
B0L16ARXJF,联通宽带咨询(御龙湾店),生活服务;电讯营业厅;中国联通营业厅,109.03743563678584,34.211514698615524,雁塔区,109.042458,34.210166
B0KDKAL8MZ,黄渠头公墓,生活服务;丧葬设施;公墓,109.04034429367,34.187143840646776,雁塔区,109.045375,34.185794
B0LUZCTM4G,昕瑜身材管理中心(十里锦绣店),生活服务;美容美发店;美容美发店,109.04958172454484,34.22923159509265,灞桥区,109.054647,34.227917
B0GRF5CCTK,创艺造型,生活服务;美容美发店;美容美发店,109.06035198066908,34.19796030438116,灞桥区,109.065446,34.196655
B0L30XM5UT,忆颜美甲美睫美容养生,生活服务;美容美发店;美容美发店,109.04738228300543,34.22341937088553,灞桥区,109.05244,34.222098
B0LKV75I2Q,驿收发,生活服务;生活服务场所;生活服务场所,109.0370530307093,34.223220502437,雁塔区,109.042075,34.221875
B0L3BCEH3N,融创天朗融公馆店,生活服务;生活服务场所;生活服务场所,109.03655918562728,34.21914219388751,雁塔区,109.041579,34.217794
B0MBAU9QDO,吉祥婚庆,生活服务;生活服务场所;生活服务场所,109.0366820636604,34.227006058134506,雁塔区,109.041703,34.225661
B0MGN9QZ4B,媛创美学美甲美睫,生活服务;美容美发店;美容美发店,109.03376536798328,34.22137949271482,雁塔区,109.038775,34.220025
B0L291REWM,神鹿坊村党群服务中心,生活服务;生活服务场所;生活服务场所,109.05212067525945,34.2078440237371,灞桥区,109.057192,34.206527
B0MAMX83D9,大爱理发,生活服务;美容美发店;美容美发店,109.0590842281105,34.19993179015452,灞桥区,109.064175,34.198625
B0FFL1JQ3J,漂亮宝贝美容美发,生活服务;美容美发店;美容美发店,109.06072398726089,34.198023664497825,灞桥区,109.065819,34.196719
B0HA6Y7BVG,寻窝房产(合能十里锦绣二期店),生活服务;中介机构;中介机构,109.0517980645079,34.22641309469026,灞桥区,109.05687,34.225102
B0KRM15DA9,燕燕美发,生活服务;美容美发店;美容美发店,109.0782631679495,34.2240760802071,灞桥区,109.083399,34.222803
B0K3Z6E5RM,丰巢柜,生活服务;物流速递;物流速递,109.0306656040233,34.216235436619904,雁塔区,109.035663,34.214871
B0LDCRVMT0,喜玖美甲店,生活服务;美容美发店;美容美发店,109.03331708992606,34.22098079374529,雁塔区,109.038325,34.219625
B0LUL13Z5J,爱萝卜便民打印(菜鸟-万科雁鸣湖店),生活服务;生活服务场所;生活服务场所,109.04594961270438,34.1928350686508,雁塔区,109.051,34.1915
B0FFKGGAOX,余王碥公墓,生活服务;丧葬设施;公墓,109.0399027424858,34.188477462998456,雁塔区,109.044932,34.187127
B0FFLFB48Y,古北安灵苑,生活服务;丧葬设施;公墓,109.04115550255796,34.18642814508925,雁塔区,109.046189,34.18508
B0M6DX872Y,丰巢快递柜,生活服务;物流速递;物流速递,109.03810040601437,34.20942278565861,雁塔区,109.043125,34.208075
B0L3H7AGBG,工会爱心驿站(浐灞生态区馨悦居社区),生活服务;生活服务场所;生活服务场所,109.0283435912816,34.22840430105095,雁塔区,109.033333,34.227038
B0L16ZR72H,陕西中旅(花间路门市),生活服务;旅行社;旅行社,109.03699517972944,34.22394838423718,雁塔区,109.042017,34.222603
B0JGH6PQPX,荣德荣泽公馆售楼部,生活服务;中介机构;中介机构,109.03052794281092,34.218489004452195,雁塔区,109.035525,34.217125
B0MBFS4GKM,西安链家宝业房地产经纪有限公司第九十四分公司,生活服务;中介机构;中介机构,109.03974283178708,34.229161761005486,雁塔区,109.044775,34.227825
B0MBKBPICF,小兵驿站,生活服务;生活服务场所;生活服务场所,109.04671634611834,34.22475033711948,灞桥区,109.051772,34.223428
B0L296QA3O,驿通,生活服务;生活服务场所;生活服务场所,109.04168696645836,34.217761241196484,雁塔区,109.046725,34.216425
B0L0YC6U1T,123发艺,生活服务;美容美发店;美容美发店,109.06043575639949,34.19797415992899,灞桥区,109.06553,34.196669
B0H6C7Y0FX,西安永乐大槐树温泉民宿(白鹿仓景区店),生活服务;洗浴推拿场所;洗浴推拿场所|住宿服务;宾馆酒店;宾馆酒店,109.11029675086336,34.21735652074696,灞桥区,109.11546,34.216087
B0FFLCH7PF,顺丰速运(夏寨村店),生活服务;物流速递;物流速递,109.12317034515118,34.203144141924334,灞桥区,109.128329,34.20186
B0FFLCGT3Y,西安鲸鱼沟竹海风景区售票处,生活服务;售票处;公园景点售票处,109.10212799719922,34.191483632899235,灞桥区,109.107287,34.190208
B0LURH4639,小拇指汽车快修工场店(灞桥狄寨原路店),汽车服务;汽车养护/装饰;汽车养护|生活服务;生活服务场所;生活服务场所|汽车维修;汽车维修;汽车维修,109.11649047627108,34.20524661940662,灞桥区,109.121652,34.203969
B0JA7HZNHO,顺心捷达壹米滴答(狄寨南路店),生活服务;物流速递;物流速递,109.09640578391564,34.210522956007225,灞桥区,109.101563,34.209254
B0H0LDFELW,菜鸟驿站(狄寨农贸市场店),生活服务;物流速递;物流速递,109.11516683763212,34.20919130574179,灞桥区,109.120329,34.207916
B0FFKXHZ6T,菜鸟驿站(白鹿原·白鹿仓店),生活服务;物流速递;物流速递,109.10756199766678,34.21789310484374,灞桥区,109.112725,34.216625
B0FFGB5FKC,西安鲸鱼沟竹海风景区游客服务中心,生活服务;信息咨询中心;服务中心,109.09789149703812,34.19014677009115,灞桥区,109.103048,34.188871
B0FFJ2KVZY,国家电网,生活服务;电力营业厅;电力营业厅,109.10341897598356,34.208490131589066,灞桥区,109.10858,34.20722
B0FFI7OGGL,白鹿原·白鹿仓游客中心,生活服务;信息咨询中心;服务中心,109.10665315388736,34.21816466917401,灞桥区,109.111816,34.216897
B0FFLCIMYA,狄寨液化气站,生活服务;生活服务场所;生活服务场所,109.1150763076562,34.21507518805816,灞桥区,109.120239,34.213802
B0G0D63DA1,白鹿温泉大众浴池,生活服务;洗浴推拿场所;洗浴推拿场所,109.11423463931622,34.209643517229736,灞桥区,109.119397,34.208369
B0G2KCV3KD,京东快递白鹿原樱桃收递点(狄寨北路店),生活服务;物流速递;物流速递,109.12726568502708,34.20592452030246,灞桥区,109.132422,34.204637
B0H67C44LE,狄寨街道办事处人社便民服务大厅,生活服务;生活服务场所;生活服务场所,109.11152933458484,34.210516572693294,灞桥区,109.116692,34.209244
B0G19H9JQQ,菜鸟驿站(西安财经大学行知学院店),生活服务;物流速递;物流速递,109.09344669425616,34.22835905048656,灞桥区,109.098603,34.227096
B0LAYUM069,中国电信狄寨营业厅,生活服务;电讯营业厅;中国电信营业厅,109.11098535120234,34.21028435836082,灞桥区,109.116148,34.209012
B0G0YHKYIQ,印象广告(白鹿原店),生活服务;生活服务场所;生活服务场所,109.10943736341191,34.21093035918718,灞桥区,109.1146,34.209659
B0H6JRCPLX,中国福利彩票(狄寨街店),生活服务;彩票彩券销售点;彩票彩券销售点,109.10643579431522,34.211379979514646,灞桥区,109.111598,34.21011
B0HDPHJVUG,雨朵弹棉花店,生活服务;生活服务场所;生活服务场所,109.11750547852198,34.20844129623661,灞桥区,109.122667,34.207164
B001D08WO2,邮政代办交管业务便民服务点(狄寨营业所),生活服务;邮局;邮局,109.11217537734696,34.210288017865444,灞桥区,109.117338,34.209015
B0FFL63805,精修电动车,生活服务;维修站点;维修站点,109.11459771090482,34.20947681710447,灞桥区,109.11976,34.208202
B0I29MFKTS,鹿鸣小院,餐饮服务;中餐厅;中餐厅|生活服务;生活服务场所;生活服务场所,109.08767579897622,34.21754393870226,灞桥区,109.092825,34.216275
B0LUZZFL19,西安市灞桥区申新新再生资源回收站,生活服务;生活服务场所;生活服务场所,109.1207670913618,34.203865622304654,灞桥区,109.125927,34.202584
B0JRY1L0OP,涟漪饮用水狄寨店,生活服务;生活服务场所;生活服务场所,109.11307845260312,34.21017559585197,灞桥区,109.118241,34.208902
B0I3TOMY1V,刘丹棉花加工,生活服务;生活服务场所;生活服务场所,109.11781257792065,34.20838055982578,灞桥区,109.122974,34.207103
B0M6OULZY6,小康村中国邮政,生活服务;邮局;邮局,109.10830281453887,34.20718714971837,灞桥区,109.113465,34.205915
B0IRJ1Q7PT,菜鸟驿站(狄寨西路店),生活服务;物流速递;物流速递,109.0923206536313,34.21804203599449,灞桥区,109.097475,34.216775
B001D0Z76P,狄寨手机专卖维修,生活服务;维修站点;维修站点,109.11319347766324,34.21001572232602,灞桥区,109.118356,34.208742
B0LUUDRG4N,南寨村庙,生活服务;生活服务场所;生活服务场所,109.10162622115894,34.203077666686696,灞桥区,109.106786,34.201806
B0KRA7BLWQ,中国移动(狄寨营业厅),生活服务;电讯营业厅;中国移动营业厅,109.10953134910902,34.21100837628684,灞桥区,109.114694,34.209737
B0JA29DTX5,蜀一蜀二火锅串串,生活服务;生活服务场所;生活服务场所,109.08706664126376,34.22804846111821,灞桥区,109.092216,34.226783
B0MBX5Z045,白鹿原滑雪场售票处,生活服务;售票处;公园景点售票处,109.08942372867436,34.21769312254648,灞桥区,109.094575,34.216425
B0G27UFGBV,浴池,生活服务;洗浴推拿场所;洗浴推拿场所,109.11305948105648,34.2098287046479,灞桥区,109.118222,34.208555
B0GR5Z2TJE,小屈电动车修理,生活服务;维修站点;维修站点,109.1062348044486,34.21180976105573,灞桥区,109.111397,34.21054
B0FFFZKEVS,星星雨烫染名店,生活服务;美容美发店;美容美发店|购物服务;购物相关场所;购物相关场所,109.11088432354128,34.21061219090188,灞桥区,109.116047,34.20934
B0LUN732HV,千尘形象设计(弘知店),生活服务;美容美发店;美容美发店,109.08646132302792,34.22907839810465,灞桥区,109.09161,34.227813
B0IAF19LJA,飞燕婚庆,生活服务;生活服务场所;生活服务场所,109.11099433328758,34.21048929190552,灞桥区,109.116157,34.209217
B0LUCHPFD9,晋公庙,生活服务;生活服务场所;生活服务场所,109.12299588051332,34.207391514020514,灞桥区,109.128155,34.206109
B0I2RSRW26,千尘形象设计,生活服务;美容美发店;美容美发店,109.0989614601683,34.217092575191906,灞桥区,109.104121,34.215826
B0GRGCP0YQ,一家电脑(电脑打印机监控),购物服务;家电电子卖场;数码电子|生活服务;生活服务场所;生活服务场所,109.11237940979842,34.21004622080464,灞桥区,109.117542,34.208773
B0LGFRS0PQ,西安金航驾校白鹿原报名处,生活服务;生活服务场所;生活服务场所,109.08661114512604,34.22890738160203,灞桥区,109.09176,34.227642
B0JKYRJAQ8,工会驿站(灞桥区城管局狄寨南路乡村驿站),生活服务;生活服务场所;生活服务场所,109.11002164561948,34.207236919397204,灞桥区,109.115184,34.205964
B0J1OHC16L,工会驿站(灞桥区狄寨街道党群服务中心),生活服务;生活服务场所;生活服务场所,109.11138133210297,34.21051749092857,灞桥区,109.116544,34.209245
B0M6N7FHHZ,妈妈驿站,生活服务;物流速递;物流速递,109.1001648159327,34.21639188598684,灞桥区,109.105325,34.215125
B0IRFZ6RKT,极剪美发工作室,生活服务;美容美发店;美容美发店,109.11421363550868,34.20965150061328,灞桥区,109.119376,34.208377
B0J0C5CQLG,紫西康专业修脚店,生活服务;洗浴推拿场所;洗浴推拿场所,109.11178437830084,34.21009086302758,灞桥区,109.116947,34.208818
B0FFH1G9F7,小成精修家电,生活服务;维修站点;维修站点,109.11697029976791,34.20872778280685,灞桥区,109.122132,34.207451
B0JKYCEXLG,工会爱心驿站(灞桥区狄寨白鹿仓游客服务中心),生活服务;生活服务场所;生活服务场所,109.1065331756849,34.218222606375484,灞桥区,109.111696,34.216955
B0FFFZKEWO,雅芳发型设计中心,生活服务;美容美发店;美容美发店,109.11092331982054,34.21065019828161,灞桥区,109.116086,34.209378
B0LUUDQ2FL,老爷庙,生活服务;生活服务场所;生活服务场所,109.09966099182496,34.20617441196903,灞桥区,109.10482,34.204904
B0FFG1O4DI,腾飞广告(狄寨东路店),购物服务;家居建材市场;建材五金市场|生活服务;生活服务场所;生活服务场所,109.10043567420004,34.21631693532115,灞桥区,109.105596,34.21505
B0G2NS3DV8,鲍旗寨水站,生活服务;生活服务场所;生活服务场所,109.10626879721517,34.211798776370074,灞桥区,109.111431,34.210529
B0LBM7SCJA,中通馒头配送中心,生活服务;物流速递;物流速递,109.1204486086386,34.20780898246317,灞桥区,109.125609,34.206529
B0LRBZM1CA,工会驿站(灞桥区狄寨街道总工会驿站),生活服务;生活服务场所;生活服务场所,109.112773443318,34.209978478693095,灞桥区,109.117936,34.208705
B0K3ZDBBJH,W.z Barbershop,生活服务;美容美发店;美容美发店,109.0989904456802,34.217053589766735,灞桥区,109.10415,34.215787
B0G2MUY0QG,停车售票处,生活服务;售票处;售票处,109.10224093430736,34.19162360536874,灞桥区,109.1074,34.190348
B001D0Z6GG,俏百合婚纱婚庆照相,生活服务;摄影冲印店;摄影冲印,109.11011935500852,34.21051483304176,灞桥区,109.115282,34.209243
B0FFG1SK89,东方专业美发,生活服务;美容美发店;美容美发店,109.11634413312292,34.208765298718475,灞桥区,109.121506,34.207489
B0FFM0QBKT,零度美发,生活服务;美容美发店;美容美发店,109.11326050351116,34.209796839888384,灞桥区,109.118423,34.208523
B0FFFZKG7L,首峰家电维修部(时代购物超市店),生活服务;维修站点;维修站点,109.11407761029022,34.209715389186506,灞桥区,109.11924,34.208441
B0K1HUTFJ1,尚美发型设计,生活服务;美容美发店;美容美发店,109.09927327393405,34.21704860103724,灞桥区,109.104433,34.215782
B0FFI9G57X,剪艺人生(狄寨东路店),生活服务;美容美发店;美容美发店,109.0998289718453,34.21677372709932,灞桥区,109.104989,34.215507
B0ID6PVF9B,奈欧美甲,生活服务;美容美发店;美容美发店,109.11694329792977,34.20866378433016,灞桥区,109.122105,34.207387
B0FFKS9KVV,名原名剪,生活服务;美容美发店;美容美发店,109.11395558957692,34.209759294491825,灞桥区,109.119118,34.208485
B0I6BCZDI2,艾尚造型(狄寨农贸市场店),生活服务;美容美发店;美容美发店,109.11486479582808,34.20902915354779,灞桥区,109.120027,34.207754
B0FFL4O4FR,靓剪专业美发(狄寨农贸市场店),生活服务;美容美发店;美容美发店,109.11473474684342,34.209329960701304,灞桥区,109.119897,34.208055
B0K2NL92NV,白鹿仓美美旅拍生活馆,生活服务;摄影冲印店;摄影冲印,109.1071200094163,34.218702648082925,灞桥区,109.112283,34.217435
B0MAMO79KP,西安汽车职业大学快递驿站,生活服务;物流速递;物流速递,109.09916554860844,34.21464244577004,灞桥区,109.104325,34.213375
B0LRMGW3XQ,中安救援队,生活服务;生活服务场所;生活服务场所,109.10397927467363,34.21415428689127,灞桥区,109.109141,34.212886
B0I259IRW8,微微美发,生活服务;美容美发店;美容美发店,109.11739244278726,34.20846619922022,灞桥区,109.122554,34.207189
B0K0R5PAVX,法罗力白鹿原服务中心(狄寨南路店),生活服务;生活服务场所;生活服务场所,109.10010155907946,34.20826372116254,灞桥区,109.105261,34.206994
B0LRZH30M2,核磁共振室,生活服务;生活服务场所;生活服务场所,109.10692873508188,34.21081935008929,灞桥区,109.112091,34.209549
B0L3X920DA,杨峰向阳沟服务队,生活服务;生活服务场所;生活服务场所,109.10487706659455,34.213104889323375,灞桥区,109.110039,34.211836
B0L63M1XK7,澳洁洗护生活馆,生活服务;洗衣店;洗衣店,109.10774755293508,34.21115854552138,灞桥区,109.11291,34.209888
B0LDY65NYL,小哈换电西安市荻寨便民超市,生活服务;生活服务场所;生活服务场所,109.10506299759716,34.21324389345404,灞桥区,109.110225,34.211975
B0J19YZ6M9,阿惠专业美发,生活服务;美容美发店;美容美发店,109.10341345514144,34.21449303765939,灞桥区,109.108575,34.213225
B0MBUBM2Z1,泓林快递服务部,生活服务;物流速递;物流速递,109.09902067862772,34.21416560869264,灞桥区,109.10418,34.212898
B0LKORHM1S,生命礼仪,生活服务;生活服务场所;生活服务场所,109.10809252941124,34.210805808700606,灞桥区,109.113255,34.209535
B0LBT53YEY,弹棉花,生活服务;生活服务场所;生活服务场所,109.11965925904497,34.20808019589177,灞桥区,109.12482,34.206801
B0KRM1YVC8,西安配送中心8仓,生活服务;物流速递;物流速递|公司企业;公司;公司,109.11385089340426,34.20611248596989,灞桥区,109.119013,34.204837
B0HAUKRAJH,金色印象(丰庆公园店)HiFi影音·足疗按摩,生活服务;洗浴推拿场所;洗浴推拿场所,108.8939499136622,34.24641709565131,莲湖区,108.898532,34.244789
B001D02ACF,西安庆安制冷设备股份有限公司,公司企业;公司;公司|生活服务;生活服务场所;生活服务场所,108.89992124182088,34.240263644500295,莲湖区,108.904505,34.238632
B0FFFDDRPP,城西客运站售票处,生活服务;售票处;售票处,108.86967176845089,34.2750343252611,莲湖区,108.874265,34.273437
B001D02AD0,太白庄园(高新路店),生活服务;洗浴推拿场所;洗浴推拿场所|体育休闲服务;休闲场所;休闲场所,108.8992844293774,34.24191096609095,莲湖区,108.903868,34.24028
B0FFKYWQ68,峰光无限装饰整体家装生活体验馆,生活服务;生活服务场所;生活服务场所,108.89034429699996,34.2469114497467,莲湖区,108.894926,34.245285
B0FFG4L8DF,商业中心,生活服务;生活服务场所;生活服务场所,108.86384217746,34.248056475040265,雁塔区,108.868439,34.246456
B001D00FF9,中国电信土门营业厅,购物服务;家电电子卖场;手机销售|生活服务;电讯营业厅;中国电信营业厅|公司企业;公司;电信公司,108.88908908973627,34.26191394567845,莲湖区,108.893672,34.260294
B001D08B49,中国移动高新路营业厅,生活服务;电讯营业厅;中国移动营业厅,108.90326223886484,34.23993277538752,莲湖区,108.907848,34.238301
B001D11X07,中国电信(电信广场营业厅),生活服务;电讯营业厅;中国电信营业厅|公司企业;公司;电信公司,108.89865949579216,34.23225649994719,雁塔区,108.903242,34.230622
B0FFLHLKTF,华为授权服务中心(高新金鹰),生活服务;维修站点;维修站点,108.89668108250912,34.23482021163058,雁塔区,108.901263,34.233187
B001D0WPOU,中国联通(高新一路营业厅),生活服务;电讯营业厅;中国联通营业厅,108.8983644039749,34.23503943005068,雁塔区,108.902947,34.233406
B0J21ZAD0R,高新四路营业厅(秦华燃气智慧生活体验馆),公司企业;公司;公司|生活服务;生活服务场所;生活服务场所,108.8948188321099,34.24493493260966,莲湖区,108.899401,34.243306
B0FFHM3ROK,民洁路蔬菜早市管理办公室,生活服务;生活服务场所;生活服务场所|政府机构及社会团体;政府及社会团体相关;政府及社会团体相关,108.87211555627344,34.25329695115889,雁塔区,108.876705,34.251688
B0LDACL1RC,汤瑞汤泉生活馆,生活服务;洗浴推拿场所;洗浴推拿场所,108.8749903630005,34.24451949264418,莲湖区,108.879577,34.242904
B0JK7US38U,济清泉水汇,生活服务;生活服务场所;生活服务场所,108.90160899393707,34.231491974524786,雁塔区,108.906193,34.229857
B0IR4A2TW1,南海高芯悦澜营销中心,生活服务;生活服务场所;生活服务场所,108.84553202798682,34.24222649563168,雁塔区,108.850153,34.240653
B0HRKD9EZE,秘地沐足浴SPA(高新四路航母店),生活服务;美容美发店;美容美发店,108.89535800512787,34.24098158471486,雁塔区,108.89994,34.239351
B0L2JU7J8U,长安通客户体验中心(光德路店),生活服务;生活服务场所;生活服务场所,108.89842736412554,34.23519238208033,雁塔区,108.90301,34.233559
B0LRYAUN4P,西成搓澡生活馆,生活服务;洗浴推拿场所;洗浴推拿场所|购物服务;服装鞋帽皮具店;服装鞋帽皮具店,108.90467061647908,34.234792552571456,雁塔区,108.909257,34.233159
B0HAKGII56,秘地·HIFi影院足浴SPA(科技路店),生活服务;洗浴推拿场所;洗浴推拿场所,108.86939138328567,34.23934805821882,雁塔区,108.873982,34.237737
B0FFKG75PR,水木和足道·SPA·泰式(大寨路店),生活服务;美容美发店;美容美发店,108.87683049674064,34.24495420269485,莲湖区,108.881416,34.243337
B0K1UCEGGT,西安秦华燃气集团大寨路营业厅,生活服务;生活服务场所;生活服务场所,108.86133547145712,34.24651950303173,雁塔区,108.865935,34.244922
B0L03UCROC,水木和足道·SPA·泰式( 高新大都荟甄选店),生活服务;洗浴推拿场所;洗浴推拿场所,108.88828187167316,34.23912933233191,雁塔区,108.892863,34.237501
B0FFK59GU2,北京市盈科(西安)律师事务所,生活服务;事务所;律师事务所,108.87889167736977,34.2319490405347,雁塔区,108.883475,34.230325
B0G1CHPVKF,华为授权服务中心(大庆路),生活服务;维修站点;维修站点,108.89762587700926,34.2704035298069,莲湖区,108.902211,34.268784
B0MAN7R89F,中天启悦营销中心,生活服务;生活服务场所;生活服务场所,108.8978745218942,34.27357527030008,莲湖区,108.90246,34.271957
B0I0KZ0PC3,西安市莲湖区公共卫生服务中心,生活服务;生活服务场所;生活服务场所,108.87429574124876,34.25878821121076,莲湖区,108.878884,34.257179
B0FFHQQFET,红光物流园区,生活服务;物流速递;物流速递,108.85736461004451,34.25877676671191,莲湖区,108.86197,34.25719
B0HD71Q1AK,张小熊轻医美连锁(西安大都荟店),生活服务;美容美发店;美容美发店,108.8885858196286,34.240032161420004,雁塔区,108.893167,34.238404
B0J19AXB95,西安美莱医学美容医院(医美),生活服务;生活服务场所;生活服务场所,108.89420595267588,34.245243627397656,莲湖区,108.898788,34.243615
B0JKDC41W6,华发·利君都荟城央营销中心,生活服务;生活服务场所;生活服务场所,108.8712492221267,34.26122582034286,莲湖区,108.87584,34.259621
B0FFJOK4IY,泽西岛·影院沐足SPA(高新店),生活服务;美容美发店;美容美发店|生活服务;洗浴推拿场所;洗浴推拿场所|餐饮服务;餐饮相关场所;餐饮相关,108.9018625259304,34.23538653299841,雁塔区,108.906447,34.233753
B0L3NHE18G,蛮涮自助小火锅·糖水铺子集合店(大茂城店),生活服务;生活服务场所;生活服务场所,108.86669378984756,34.23999439013434,雁塔区,108.871287,34.238387
B0FFHF3FNI,美合抗衰美肤中心,生活服务;美容美发店;美容美发店,108.87608894168328,34.23373767588677,雁塔区,108.880674,34.232117
B001D0ZR8H,标书王快印广告·文化墙·门头·展厅,生活服务;摄影冲印店;摄影冲印,108.89466995151928,34.24390728008122,莲湖区,108.899252,34.242278
B0I3ACT7WM,慕凡足道SPA(西稍门店),生活服务;洗浴推拿场所;洗浴推拿场所,108.9049753027813,34.26067155919253,莲湖区,108.909564,34.259048
B0JKG73WMV,春禾医学美容抗衰中心,生活服务;美容美发店;美容美发店|购物服务;购物相关场所;购物相关场所,108.8896009613972,34.23869919866973,雁塔区,108.894182,34.23707
B0I2OLW0KK,扬州搓背馆(高新店),生活服务;洗浴推拿场所;洗浴推拿场所,108.8768135136863,34.24461631476995,莲湖区,108.881399,34.242999
B0HU25UDA1,中国广电(桃园路营业点),生活服务;生活服务场所;生活服务场所,108.89696790088838,34.26076429419722,莲湖区,108.901552,34.259141
B0FFLMHLJK,首东置业,生活服务;中介机构;中介机构|公司企业;公司企业;公司企业,108.87372366660998,34.22968167764348,雁塔区,108.87831,34.228062
B0FFHTUQJR,圣梦医疗美容(西安店),生活服务;美容美发店;美容美发店,108.87613095623452,34.24636296467283,雁塔区,108.880717,34.244747
B0LKR64R6M,华夏良子·足道SPA艾灸(西安科技路店),生活服务;洗浴推拿场所;洗浴推拿场所,108.87189056530616,34.23848835742659,雁塔区,108.876479,34.236874
B0FFFS52D6,西安咸阳机场大巴(西稍门站),生活服务;生活服务场所;生活服务场所,108.90491262215228,34.257306901649386,莲湖区,108.909501,34.255682
B0IG2RCR89,华为授权服务中心(大唐西市),购物服务;家电电子卖场;手机销售|生活服务;维修站点;维修站点,108.90488532631232,34.24879722434336,莲湖区,108.909473,34.247169
B0K1DZAKIR,荣耀官方授权服务中心(西安金鹰国际店),生活服务;维修站点;维修站点,108.89717991324524,34.23468036502362,雁塔区,108.901762,34.233047
B0FFJI0NZL,莲湖区人才中心,生活服务;人才市场;人才市场,108.88405871198148,34.26931480298613,莲湖区,108.888643,34.267701
B0HRFZ30LM,沐本堂影院式足道,生活服务;生活服务场所;生活服务场所,108.8969643080552,34.2432271138135,雁塔区,108.901547,34.241597
B0FFHPFG59,合和大唐·足道·泰式·SPA(科技路店),生活服务;洗浴推拿场所;洗浴推拿场所,108.8919860598374,34.235996304894705,雁塔区,108.896567,34.234365
B001D088VQ,中国移动(丰镐东路营业厅),生活服务;电讯营业厅;中国移动营业厅,108.88919421972795,34.2603346304268,莲湖区,108.893777,34.258714
B0KARRE0ZZ,倍爱宝贝母婴中心(高新店),生活服务;生活服务场所;生活服务场所,108.86878455280583,34.23039163178685,雁塔区,108.873375,34.228778
B001D07DY8,中国邮政(土门邮政支局),生活服务;邮局;邮局,108.88312811916164,34.26079454333755,莲湖区,108.887712,34.259178
B0KB75NDWN,海浪足道(财富中心1期C座店),生活服务;洗浴推拿场所;洗浴推拿场所,108.89861966337206,34.24286952529501,莲湖区,108.903203,34.241239
B0IAHZ6NE8,领航·云熙营销中心,生活服务;生活服务场所;生活服务场所,108.87311008531296,34.243768744414155,雁塔区,108.877698,34.242155
B0FFJTGCNN,华人天居足道·泰式·SPA(团结南路店),生活服务;洗浴推拿场所;洗浴推拿场所,108.87543467774437,34.24427404960899,雁塔区,108.880021,34.242658
B0M6MKTVS6,vivo官方客户服务中心(丰镐东路店),购物服务;家电电子卖场;手机销售|生活服务;维修站点;维修站点,108.88629782432594,34.26165741818484,莲湖区,108.890881,34.260039
B0FFFTD7VB,天幕公馆,体育休闲服务;娱乐场所;夜总会|体育休闲服务;娱乐场所;KTV|体育休闲服务;娱乐场所;棋牌室|商务住宅;商务住宅相关;商务住宅相关|生活服务;生活服务场所;生活服务场所,108.89111376691667,34.25308241854446,莲湖区,108.895696,34.251458
B0FFI3L5OB,蕾特恩专业祛痘国际连锁(鱼化寨店),生活服务;美容美发店;美容美发店,108.86823255740808,34.236435703367015,雁塔区,108.872824,34.234825
B0FFL6K71M,速修科技手机电脑回收维修(科技路店),生活服务;维修站点;维修站点,108.86858871997474,34.23853436706893,雁塔区,108.87318,34.236924
B001D088VP,中国联通(土门营业厅),生活服务;电讯营业厅;中国联通营业厅,108.88904521414736,34.26034254871807,莲湖区,108.893628,34.258722
B0LURZ3FVQ,48快装旧房翻新(西安店),生活服务;维修站点;维修站点,108.90519640663578,34.25718690623336,莲湖区,108.909785,34.255562
B0FFG0XGRW,莎蔓莉莎美容会所(高新店),生活服务;美容美发店;美容美发店,108.88899600452652,34.23797615503773,雁塔区,108.893577,34.236347
B001D0588M,西安环球印务股份有限公司,公司企业;公司;公司|生活服务;生活服务场所;生活服务场所,108.8769517035334,34.23079162351842,雁塔区,108.881536,34.229169
B0G24HFAUH,MCQ发型设计沙龙(莱安意境金牌店),生活服务;美容美发店;美容美发店,108.88557782625529,34.24747950002505,莲湖区,108.89016,34.245856
B0IAHR8085,名师傅电动车维修连锁西郊店,生活服务;维修站点;维修站点,108.88223841196996,34.265857822140006,莲湖区,108.886823,34.264244
B0FFGPJFU4,皇家天使养生美容SPA会所(海星城市广场A座店),生活服务;美容美发店;美容美发店,108.8976937098073,34.23473043985893,雁塔区,108.902276,34.233097
B001D11IO3,中国邮政集团公司陕西省分公司,公司企业;公司;公司|生活服务;邮局;邮局,108.88586590346094,34.23474050101075,雁塔区,108.890447,34.233112
B001D08LY2,时光名表维修中心,生活服务;维修站点;维修站点,108.88605991446816,34.26001291995979,莲湖区,108.890643,34.258394
B0FFJXBJQ0,郑远元专业修脚房(西桃园店),生活服务;洗浴推拿场所;洗浴推拿场所,108.88951433576304,34.24649619841763,莲湖区,108.894096,34.24487
B0LUZUUJT5,千翼手机电脑快修甄选店(高新店),生活服务;维修站点;维修站点,108.8686367640866,34.23853642649222,雁塔区,108.873228,34.236926
B0FFIPWYYW,酷游亲子游泳俱乐部(唐延中心城店),生活服务;婴儿服务场所;婴儿游泳馆,108.88423414062896,34.23960756128265,莲湖区,108.888816,34.237982
B0HKP58BNR,马不停蹄家政保洁清洗疏通维修(开远门店),生活服务;生活服务场所;生活服务场所,108.89376755499164,34.27629711649687,莲湖区,108.898352,34.274681
B0FFLDD6V2,村口一蹲老汤浴,生活服务;生活服务场所;生活服务场所,108.8644164904939,34.23941455413067,雁塔区,108.869012,34.23781
B0J6GRS0IM,卿本灼灼品质生活美学中心(丽华科技大厦店),生活服务;美容美发店;美容美发店,108.90317338614229,34.23886518283521,雁塔区,108.907759,34.237233
B0FFLJH96G,朴笙采耳(大都荟店),生活服务;洗浴推拿场所;洗浴推拿场所,108.8918767651085,34.23982082803929,雁塔区,108.896458,34.238191
B0FFFPKR6C,云顶港派足浴(高新店),生活服务;洗浴推拿场所;洗浴推拿场所,108.89475701872507,34.24279972673529,雁塔区,108.899339,34.24117
B001D08ELC,中国建设银行西安高新技术产业开发区支行劳动者港湾(工会驿站),生活服务;生活服务场所;生活服务场所,108.9011258706194,34.236620068991485,雁塔区,108.90571,34.234987
B0J275CQXJ,平衡点筋膜雕刻坊(西安大都荟店),生活服务;生活服务场所;生活服务场所,108.88909383374086,34.24015338931368,雁塔区,108.893675,34.238525
B0K6R5BQU9,摩伯斯艺术会客厅,体育休闲服务;娱乐场所;KTV|生活服务;生活服务场所;生活服务场所|科教文化服务;科教文化场所;科教文化场所,108.89017729523844,34.246981342571495,莲湖区,108.894759,34.245355
B0KR3SXUDM,蜀儿郎(高新六路枫韵蓝湾店),生活服务;生活服务场所;生活服务场所,108.87189931984386,34.241637181915884,雁塔区,108.876488,34.240024
B0L2SB4HY6,盒马鲜生骑手总站,生活服务;生活服务场所;生活服务场所,108.87901805002748,34.25305415576825,雁塔区,108.883603,34.251438
B0GD19MXAQ,糜家桥小区中心广场菜鸟驿站,生活服务;物流速递;物流速递,108.90474437503326,34.237091686458214,雁塔区,108.909331,34.235459
B0K6FRPXZN,联想百应电脑维修(土门店),生活服务;维修站点;维修站点,108.88110134903812,34.26118876848205,莲湖区,108.885686,34.259574
B0J3U5W2Z4,Helens海伦司小酒馆(西安高新丈八北路店),生活服务;生活服务场所;生活服务场所,108.869507550865,34.23854850098164,雁塔区,108.874098,34.236937
B0LDH5N69Y,乐源呼吸机制氧机体验中心,生活服务;生活服务场所;生活服务场所,108.86767520036904,34.27169820137183,莲湖区,108.87227,34.270102
B0HG7UM51B,贝壳签约服务中心(晶鑫店),生活服务;生活服务场所;生活服务场所,108.87231721622464,34.24704160182609,莲湖区,108.876906,34.24543
B001D07SKD,福奈特洗衣(西安高新店),生活服务;洗衣店;洗衣店,108.90305649734267,34.23848233403968,雁塔区,108.907642,34.23685
B0K0HLLIF5,天禾温泉,生活服务;洗浴推拿场所;洗浴推拿场所,108.87501823359504,34.23389051479951,雁塔区,108.879604,34.232271
B001D08DM1,陕西德伦律师事务所,生活服务;事务所;律师事务所,108.9018010702394,34.2415472236971,莲湖区,108.906386,34.239916
B0KGYSH8RI,中国电信(大寨路营业厅),生活服务;电讯营业厅;中国电信营业厅,108.86833280591718,34.24697184517349,雁塔区,108.872925,34.245365
B0KRC7AOAV,联想百应电脑维修(群贤广场店),生活服务;维修站点;维修站点,108.89064130036417,34.24674165498603,莲湖区,108.895223,34.245115
B0K61AQF7U,伊顿悦府营销中心,生活服务;生活服务场所;生活服务场所,108.89117014760552,34.26076141759812,莲湖区,108.895753,34.25914
B0G19M87HN,朴笙采耳·头疗·按摩SPA(大寨路店),生活服务;美容美发店;美容美发店|生活服务;洗浴推拿场所;洗浴推拿场所,108.87103228952424,34.24568463271536,莲湖区,108.875622,34.244074
B0KBBMM4QR,所向·融合美学空间,生活服务;生活服务场所;生活服务场所,108.90455806151716,34.255260754992776,莲湖区,108.909146,34.253635
B0LKNSPRST,速壹号-手机电脑快修回收(大都荟店),生活服务;维修站点;维修站点,108.88844192669808,34.238582626752574,雁塔区,108.893023,34.236954
B0LK4UVX1E,铭鑫通手机电脑维修回收店(雁塔区店),生活服务;维修站点;维修站点,108.87518149868876,34.24442272970086,莲湖区,108.879768,34.242807
B0I0HUQYO7,西安坤腾手机维修(坤速高新店),生活服务;维修站点;维修站点,108.88793201926032,34.2369259588177,雁塔区,108.892513,34.235297
B0KRNCNMDL,猫小喵温泉洗浴(大寨路店),生活服务;洗浴推拿场所;洗浴推拿场所,108.87607092098948,34.2463329153673,雁塔区,108.880657,34.244717
B0LGPLSICK,沐森公馆,生活服务;洗浴推拿场所;洗浴推拿场所,108.8672655653818,34.23731513884899,雁塔区,108.871858,34.235706
B0KULDGQQH,奈晚推拿·按摩新养生(大茂城店),生活服务;洗浴推拿场所;洗浴推拿场所,108.86681694275936,34.23960569737293,雁塔区,108.87141,34.237998
B0HD1M42Z4,西安市雁塔区青禾浴场,生活服务;生活服务场所;生活服务场所,108.86812295912554,34.24261424168316,雁塔区,108.872715,34.241006
B0L2AH11NE,秒修手机电脑维修,生活服务;维修站点;维修站点,108.86707686454788,34.256222644579736,莲湖区,108.871671,34.254621
B0FFH5Q9LO,菜鸟驿站(蔚蓝观园店),生活服务;物流速递;物流速递,108.89732516264222,34.26830633009083,莲湖区,108.90191,34.266686
B0JR2D9TIX,千米手机电脑维修回收(团结南路店),生活服务;维修站点;维修站点,108.87685167544495,34.24288201201705,雁塔区,108.881437,34.241264
B0FFIPPRL8,小米之家(西安莲湖区西市城购物中心专卖店),购物服务;家电电子卖场;手机销售|购物服务;家电电子卖场;数码电子|生活服务;维修站点;维修站点,108.90461966381626,34.24716288951969,莲湖区,108.909207,34.245534
B0G2SAJLSW,vivo官方授权体验店(莲湖沣镐东路店),购物服务;家电电子卖场;手机销售|生活服务;维修站点;维修站点,108.88612579653712,34.26163131811612,莲湖区,108.890709,34.260013
B0L6XSSBDX,千翼手机电脑维修回收,生活服务;维修站点;维修站点,108.86981976276032,34.23934258417942,雁塔区,108.87441,34.237731
B0LGS9BKO8,中国移动大寨路主营业厅,生活服务;电讯营业厅;中国移动营业厅,108.87364722372928,34.24699110650755,雁塔区,108.878235,34.245378
B0FFFRX9DF,铜雀台营销中心,生活服务;生活服务场所;生活服务场所,108.88844218234988,34.260351218257576,莲湖区,108.893025,34.258731
B0M63585MK,宏基官方授权售后维修中心,生活服务;维修站点;维修站点,108.89951198233354,34.233616092347184,雁塔区,108.904095,34.231982
B0L2CLHVB7,京东之家(陕西西安大唐西市店),生活服务;物流速递;物流速递,108.9049372569727,34.249153079587806,莲湖区,108.909525,34.247525
B0FFHSLVHI,艺诚开锁匹配车钥匙(庆康小区店),生活服务;生活服务场所;生活服务场所,108.87938027814089,34.26491478360881,莲湖区,108.883966,34.263303
B0JR2H9U6Q,顺丰速运(糜家桥店),生活服务;物流速递;物流速递,108.90482026049769,34.23778341731726,雁塔区,108.909407,34.236151
B0LKYH3DX7,转转二手回收(雁塔际华生活广场店),生活服务;生活服务场所;生活服务场所,108.864078006262,34.25337374118292,雁塔区,108.868675,34.251775
B0G1JM5UW9,极速修-手机电脑维修回收(高新大都荟店),生活服务;维修站点;维修站点,108.88872493733408,34.2386597531154,雁塔区,108.893306,34.237031
B0L1KZTPZO,转转二手回收(大唐西市城购物中心店),生活服务;生活服务场所;生活服务场所,108.90491424331452,34.2495489300766,莲湖区,108.909502,34.247921
B001D07E6S,九阳(土门店),购物服务;家居建材市场;厨卫市场|生活服务;维修站点;维修站点,108.8877161129577,34.260456763315,莲湖区,108.892299,34.258837
B0L2MSZFCW,古贺·酵素浴,生活服务;洗浴推拿场所;洗浴推拿场所,108.87346235288516,34.2436931630898,雁塔区,108.87805,34.242079
B0I1DXT04W,菜鸟驿站(西安徐家庄西南口1店),生活服务;物流速递;物流速递,108.9040643416022,34.23146485517082,雁塔区,108.90865,34.22983
B0JDGUJHRK,沐尚SPA(榆神银河大厦店)(暂停营业),生活服务;洗浴推拿场所;洗浴推拿场所,108.89689092352154,34.23587686278525,雁塔区,108.901473,34.234244
B0J24A137O,雅迪售后服务(土门店),生活服务;生活服务场所;生活服务场所,108.8805038522735,34.26422704661753,莲湖区,108.885089,34.262614
B0FFJPREP6,顺丰速运(阳光馨苑店),生活服务;物流速递;物流速递,108.85838535417147,34.25322051857569,雁塔区,108.862989,34.25163
B0HGDZ916P,秦小哥手机电脑维修回收(高新店),生活服务;维修站点;维修站点,108.8878719583836,34.23761666611512,雁塔区,108.892453,34.235988
B0FFKBW1X7,菜鸟驿站(中航华府小区店),生活服务;物流速递;物流速递,108.85137144352744,34.246278981494854,雁塔区,108.855984,34.244697
B0FFKG8NXA,宏府鹍翔荟营销中心,生活服务;生活服务场所;生活服务场所,108.8668165238196,34.257282888093606,莲湖区,108.871411,34.255682
B0FFIXMQR8,乐兴快印(T11店),生活服务;摄影冲印店;摄影冲印,108.88692330123516,34.23195120393346,雁塔区,108.891504,34.230321
B0FFI1M6BG,郑远元专业修脚房(桃园二店),生活服务;洗浴推拿场所;洗浴推拿场所,108.8971032243642,34.26857917673793,莲湖区,108.901688,34.266959
B0J30C7EO1,郑远元专业修脚房(团结东路西电医院店),生活服务;生活服务场所;生活服务场所,108.89109182940358,34.2647947680897,莲湖区,108.895675,34.263175
B0FFIQ0N4T,携程旅游(线下体验店),生活服务;生活服务场所;生活服务场所,108.88412009164212,34.23983539338164,莲湖区,108.888702,34.23821
B0FFGT1RV7,中国电信西二环营业厅,生活服务;电讯营业厅;中国电信营业厅,108.88550943980997,34.2521266578507,莲湖区,108.890092,34.250505
B0L1550XTP,华硕电脑销售(售后维修),生活服务;维修站点;维修站点,108.8995969499254,34.23349114627668,雁塔区,108.90418,34.231857
B0FFJ62NGQ,北京市京师(西安)律师事务所,生活服务;事务所;律师事务所,108.89595058197207,34.24407556457452,雁塔区,108.900533,34.242446
B0HR0CWVUU,藤野造型(西安大都荟店),生活服务;美容美发店;美容美发店,108.88827891388956,34.23859952951694,雁塔区,108.89286,34.236971
B0JARCUTMP,筋骨堂热敷推拿按摩(大唐西市店),生活服务;洗浴推拿场所;洗浴推拿场所,108.90481239546392,34.24864629284179,莲湖区,108.9094,34.247018
B0KG9762H5,FERMENTER发面儿(叁伍壹壹店),生活服务;美容美发店;美容美发店|餐饮服务;餐饮相关场所;餐饮相关,108.87333267249392,34.25098521983373,雁塔区,108.877921,34.249374
B0FFJ06DWO,手机梦工厂 维修 回收 置换·品胜快修,生活服务;维修站点;维修站点,108.8684154920629,34.23937683320497,雁塔区,108.873007,34.237767
B0LURA26AH,爱聆听力西门子助听器(高新创业广场验配中心),生活服务;生活服务场所;生活服务场所,108.88889407409276,34.23705444525374,雁塔区,108.893475,34.235425
B0FFHCUQB8,菜鸟驿站(天朗·莱茵小城店),生活服务;物流速递;物流速递,108.85592287127751,34.25699821510182,莲湖区,108.86053,34.255413
B0GRNS7U0N,西安圣心安诺心理咨询机构,生活服务;生活服务场所;生活服务场所,108.8822897472093,34.24943134878266,莲湖区,108.886873,34.247811
B0FFI164IA,安然纳米汗蒸馆(天朗蓝湖树店),生活服务;洗浴推拿场所;洗浴推拿场所,108.8663936076808,34.238538542860624,雁塔区,108.870987,34.236931
B0FFGXNTSD,郑远元专业修脚房(翡丽城店),生活服务;洗浴推拿场所;洗浴推拿场所,108.87879790338684,34.26596083276664,莲湖区,108.883384,34.26435
B0L6HSFYEO,朗熙财税·注册公司·代理记账·许可证办理·出口退税·资质办理,生活服务;生活服务场所;生活服务场所,108.88611766302895,34.238321329388725,雁塔区,108.890699,34.236694
B001D12WNT,柏拉图PLATO STUDIO婚纱摄影(西安店),生活服务;摄影冲印店;摄影冲印,108.90512359202634,34.230664011558524,雁塔区,108.90971,34.229029
B0FFITQW6T,圆通速递西郊四部分拣中心,生活服务;生活服务场所;生活服务场所,108.8627833286822,34.24404852400274,雁塔区,108.867381,34.242448
B0FFIRCX84,链家地产(西市佳园店),生活服务;中介机构;中介机构,108.90032028997692,34.24950314604469,莲湖区,108.904905,34.247875
B0J365OVFV,雨虹防水维修(雁塔店),生活服务;生活服务场所;生活服务场所,108.8500465805867,34.24554103700794,雁塔区,108.854661,34.243961
B0I1TUAOC6,稻家SPA(高新店),生活服务;美容美发店;美容美发店,108.89979160188956,34.23660400641192,雁塔区,108.904375,34.234971
B0FFGZW9G9,中国建设银行股份有限公司西安劳动北路支行,金融保险服务;银行;中国建设银行|生活服务;生活服务场所;生活服务场所,108.9047189488101,34.267579819879,莲湖区,108.909308,34.265959
B0FFJUCXO5,中国电信5G,生活服务;电讯营业厅;中国电信营业厅,108.90084507022414,34.23614423839614,雁塔区,108.905429,34.234511
B0L0BSTXYC,高速ETC办理点一站式服务中心,生活服务;生活服务场所;生活服务场所,108.8930460105146,34.247299442566536,莲湖区,108.897628,34.245672
B0M6F906VA,澜亭·SPA·木桶浴,生活服务;洗浴推拿场所;洗浴推拿场所,108.87363542174916,34.24441407879448,雁塔区,108.878223,34.2428
B0MGTS67DT,德通昆仑序营销中心,生活服务;生活服务场所;生活服务场所,108.85425558002838,34.24514115202821,雁塔区,108.858864,34.243554
B0G2GXPDDD,兰克快印(旗舰店),生活服务;摄影冲印店;摄影冲印,108.9015135809293,34.23736679551637,雁塔区,108.906098,34.235734
B0FFK68MV5,永兴坊·CITY杨凌品质生活馆,生活服务;生活服务场所;生活服务场所,108.89476660541064,34.23544649137686,雁塔区,108.899348,34.233814
B001D0097A,中国电信(汉城营业厅),生活服务;电讯营业厅;中国电信营业厅|购物服务;家电电子卖场;手机销售,108.86827082576484,34.27092127708334,莲湖区,108.872865,34.269324
B0J37LW1IN,筋骨堂热敷推拿按摩(T11商业街店),生活服务;洗浴推拿场所;洗浴推拿场所,108.88727136045384,34.23178247755367,雁塔区,108.891852,34.230152
B0FFIJ27OY,顺丰速运(唐延路店),生活服务;物流速递;物流速递,108.8874224583585,34.23078493466176,雁塔区,108.892003,34.229154
B0FFLHOI96,skin79皮肤管理中心(大都荟店),生活服务;美容美发店;美容美发店,108.88911194789496,34.23873593170917,雁塔区,108.893693,34.237107
B0FFHQSLN4,美哲名表维修中心(原卜蜂莲花修表店),生活服务;维修站点;维修站点,108.88703386719608,34.23756018976388,雁塔区,108.891615,34.235932
B0FFI1MLMI,郑远元专业修脚房(民结路店),生活服务;洗浴推拿场所;洗浴推拿场所,108.87219166950992,34.252632297319785,雁塔区,108.876781,34.251023
B0IUU4GDIS,郑远元专业修脚房(宏府鹍翔九天店),生活服务;洗浴推拿场所;洗浴推拿场所,108.86482840618125,34.2583728061548,莲湖区,108.869425,34.256775
B0KUCHYO5O,顺丰速运(丰庆公园店),生活服务;物流速递;物流速递,108.89097276979426,34.25315532674607,莲湖区,108.895555,34.251531
B001D07E4U,西安新华印刷厂,公司企业;工厂;工厂|生活服务;摄影冲印店;摄影冲印,108.87680496881272,34.26381979337839,莲湖区,108.881392,34.26221
B0L03RD9DZ,西遇有约足艺spa私汤头疗,生活服务;洗浴推拿场所;洗浴推拿场所,108.87892396971206,34.25346391001362,雁塔区,108.883509,34.251848
B0L1SAPL99,惠普电脑售后维修中心(高新总站),生活服务;维修站点;维修站点,108.899498992149,34.23357410667701,雁塔区,108.904082,34.23194
B0L11AKAJD,中国移动(伟业公馆营业厅),生活服务;电讯营业厅;中国移动营业厅,108.87229268765752,34.24092290227566,雁塔区,108.876881,34.239309
B0FFJHB9SR,永兴坊·CITY(高新店),餐饮服务;中餐厅;中餐厅|生活服务;生活服务场所;生活服务场所,108.8950435471577,34.2352846316618,雁塔区,108.899625,34.233652
B0K2TKW5F2,菜鸟驿站(莱茵小城一期南门店),生活服务;物流速递;物流速递,108.85950264482103,34.25440674370244,莲湖区,108.864105,34.252815
B0H6S91W7Y,菜鸟驿站(西安黄金嘉园西门店),生活服务;物流速递;物流速递,108.87737426653904,34.25179410084804,雁塔区,108.88196,34.250179
B0L1DUTWC9,世纪威锋手机维修,生活服务;维修站点;维修站点,108.87897155520112,34.24645966229078,雁塔区,108.883556,34.244841
B0FFHI8ZVF,菜鸟驿站(西安金辉悦府小北门壹店),生活服务;物流速递;物流速递,108.86310300875893,34.252482728578066,雁塔区,108.867701,34.250885
B0I2V52ZEF,皇宫大浴池(西辛庄店),生活服务;洗浴推拿场所;洗浴推拿场所,108.87169973391391,34.23447763258967,雁塔区,108.876288,34.232862
B0KUP5C1OJ,易诚法律事务所(高新店),生活服务;事务所;律师事务所,108.86683297018776,34.23946077278103,雁塔区,108.871426,34.237853
B0JUXDPMKG,锦星图文印务(土门店),生活服务;生活服务场所;生活服务场所,108.88349041432646,34.25851272214301,莲湖区,108.888074,34.256895
B0JR7RMKSU,蜀儿郎市井串串(昆明路店),生活服务;生活服务场所;生活服务场所,108.87748111573931,34.254436173696,莲湖区,108.882067,34.252822
B0FFF40J4F,郑远元专业修脚房(旭景碧泽园店),生活服务;洗浴推拿场所;洗浴推拿场所,108.86894136571792,34.24697860460452,雁塔区,108.873533,34.245371
B001D06YPM,西安天地源房地产开发公司(科技路),生活服务;中介机构;中介机构,108.89934208515264,34.233377164388685,雁塔区,108.903925,34.231743
B0L129U5VX,陕西善爱律师事务所,生活服务;事务所;律师事务所,108.90343904480372,34.24080643283135,莲湖区,108.908025,34.239175
B001D10VQ9,百草堂足疗(阿房路店),生活服务;洗浴推拿场所;洗浴推拿场所,108.84890776008432,34.272091582326055,未央区,108.853526,34.270524
B0ID6XA8US,菜鸟驿站(天朗·蓝湖树店),生活服务;物流速递;物流速递,108.86583604257883,34.23855679695588,雁塔区,108.87043,34.23695
B0L0FH2Y02,十二牧鲜羊铜锅刷,生活服务;生活服务场所;生活服务场所,108.868202279991,34.23954150224121,雁塔区,108.872794,34.237932
B0KAPREJ24,京东家电(高新莱安城市旗舰店),生活服务;物流速递;物流速递,108.88596182025286,34.248487365542644,莲湖区,108.890544,34.246864
B0FFKEPMC5,菜鸟驿站(融创臻园店),生活服务;物流速递;物流速递,108.8630126491469,34.25570734028906,莲湖区,108.867611,34.254111
B0JD1AUBMF,筋骨堂热敷推拿按摩(华东万锦城),生活服务;洗浴推拿场所;洗浴推拿场所,108.8666860104527,34.26206981720727,莲湖区,108.871281,34.260471
B0JRNLR0RF,筋骨堂热敷推拿按摩(群贤九号街店),生活服务;洗浴推拿场所;洗浴推拿场所,108.88748732003816,34.24508961753601,莲湖区,108.892069,34.243464
B0FFHO4G4Z,孕生堂月子会所(高新店),生活服务;生活服务场所;生活服务场所,108.86730059742456,34.237339175129065,雁塔区,108.871893,34.23573
B0G1Z75NLV,印都快印(正信大厦店),生活服务;摄影冲印店;摄影冲印,108.90179923355814,34.23952398653278,雁塔区,108.906384,34.237892
B0JDX7GLFO,术筋堂推拿(高新大都荟店),生活服务;洗浴推拿场所;洗浴推拿场所,108.8883519184554,34.238608566965866,雁塔区,108.892933,34.23698
B0HKDO7SDO,中国移动5G(科技路营业厅),购物服务;家电电子卖场;手机销售|生活服务;电讯营业厅;中国移动营业厅,108.8699498842134,34.23924677820544,雁塔区,108.87454,34.237635
B0G3LBE9L2,富力·开远城营销中心,生活服务;生活服务场所;生活服务场所,108.87513918320369,34.260476434873176,莲湖区,108.879727,34.258867
B0K1U59J14,奈晚推拿·筋骨健康(大唐西市店),生活服务;洗浴推拿场所;洗浴推拿场所,108.90505431523329,34.24727378567282,莲湖区,108.909642,34.245645
B0H3DDR8EB,悟道足疗SPA(新西蓝2期店),生活服务;洗浴推拿场所;洗浴推拿场所,108.89124390195288,34.23880493877555,雁塔区,108.895825,34.237175
B0L1GZB5B7,九号电动车(团结中路店),生活服务;维修站点;维修站点,108.8828766347934,34.26581933662311,莲湖区,108.887461,34.264205
B0J16DY381,伴月轩月子中心(高新店),生活服务;生活服务场所;生活服务场所,108.8764902738466,34.23269346578418,雁塔区,108.881075,34.231072
B0FFLIDX56,DMC·大茂城营销中心,生活服务;生活服务场所;生活服务场所,108.86688102577006,34.23935787413693,雁塔区,108.871474,34.23775
B0GRN1D5N6,顺丰速运(惠馨苑店),生活服务;物流速递;物流速递,108.89788977483065,34.27034459822882,莲湖区,108.902475,34.268725
B0FFIDUYX5,KingMall未来中心营销中心,生活服务;生活服务场所;生活服务场所,108.86426819908156,34.253523944862785,雁塔区,108.868865,34.251925
B0J24X9NWV,赢标图文快印广告(高新路店),生活服务;生活服务场所;生活服务场所,108.9030504839152,34.23870125230749,雁塔区,108.907636,34.237069
B0HK4H0T2L,奢链客奢侈品鉴定回收中心,生活服务;生活服务场所;生活服务场所,108.88927384907414,34.24002953040378,雁塔区,108.893855,34.238401
B0K355FAP7,VOC开锁换锁,生活服务;维修站点;维修站点,108.86455666670273,34.26399419466141,莲湖区,108.869154,34.262399
B0FFMCGIVA,菜鸟驿站(劳动公园·里店),生活服务;物流速递;物流速递,108.90099030073252,34.26964418015554,莲湖区,108.905577,34.268024
B0LAR5APXT,金色印象LIFE主题店(西安钟楼店),生活服务;生活服务场所;生活服务场所,108.94567756853549,34.26012408774274,碑林区,108.950343,34.258543
B0JASH2V0D,陕西康宁心理咨询(入选陕西省放心医院),生活服务;生活服务场所;生活服务场所,108.955565168878,34.275477212094685,新城区,108.960263,34.273923
B0J1JSVQZP,金色印象(南门店)HiFi影音·足疗按摩,生活服务;洗浴推拿场所;洗浴推拿场所,108.94270015232264,34.24698472858297,碑林区,108.947356,34.245393
B0FFGDLD86,西安汽车站售票处,生活服务;售票处;售票处,108.95715265620952,34.277049930176844,新城区,108.961856,34.2755
B0FFKG0HLX,西安城墙永宁门城楼北入口售票处,生活服务;售票处;公园景点售票处,108.94227380666936,34.25353395394886,碑林区,108.946929,34.251944
B0FFLA7P5V,清真学习巷串串,生活服务;生活服务场所;生活服务场所,108.93158779144082,34.26321376732288,莲湖区,108.936217,34.261611
B0KR4C5MMN,陕西省人才交流服务中心,生活服务;人才市场;人才市场,108.9241638720416,34.27602823941188,莲湖区,108.928779,34.274422
B0FFJRSXZ4,陕西省住房和城乡建设厅综合服务中心,政府机构及社会团体;政府机关;省直辖市级政府及事业单位|生活服务;生活服务场所;生活服务场所,108.95343305693736,34.265462048035765,新城区,108.958123,34.263899
B001D0WLMC,西安市二手房交易市场,生活服务;中介机构;中介机构,108.93338090734945,34.26070630949827,莲湖区,108.938014,34.259105
B0IDHN0IQ8,中国电信(西华门营业厅),生活服务;电讯营业厅;中国电信营业厅,108.94420039728502,34.26566364534796,新城区,108.948862,34.264082
B0FFH1BQ0D,西安钟楼售票处,生活服务;售票处;公园景点售票处,108.94233501862884,34.26116083592531,莲湖区,108.946991,34.259574
B0FFILGP4F,中国邮政(钟楼邮政支局),生活服务;邮局;邮局,108.94289635551604,34.262380344777064,新城区,108.947554,34.260795
B001D06MKZ,西安今朝装饰(高新总店),购物服务;家居建材市场;家居建材市场|生活服务;生活服务场所;生活服务场所,108.9056982874252,34.2411120257869,碑林区,108.910286,34.239481
B0JK3RFIM6,涨巢水疗馆(西安李家村万达广场店),生活服务;洗浴推拿场所;洗浴推拿场所,108.95811396019285,34.24507144022453,碑林区,108.962818,34.243511
B0FFKM7M80,西安城墙永宁门城楼南入口售票处,生活服务;售票处;公园景点售票处,108.94245444179656,34.25185328744494,碑林区,108.94711,34.250263
B0FFFYRY5C,西安碑林博物馆售票处,生活服务;售票处;售票处,108.94834610044092,34.25378136310611,碑林区,108.953019,34.252203
B0FFKRL78F,老菜场市井文化创意街区接待中心,生活服务;生活服务场所;生活服务场所,108.96282649484633,34.2542545123537,碑林区,108.967548,34.252709
B0H6D9DQBA,菜鸟驿站(国防大学政治学院西安校区),生活服务;物流速递;物流速递,108.9328003108502,34.23517194499663,碑林区,108.93743,34.23356
B0HBNPWVJ2,广仁寺游客中心,生活服务;生活服务场所;生活服务场所,108.92105835353745,34.27556334758195,莲湖区,108.925668,34.273954
B0L6AUSLKE,军军绿豆糕(北大街店),生活服务;生活服务场所;生活服务场所,108.9422535316308,34.26994943581415,莲湖区,108.94691,34.268366
B0FFH0UPXD,西安秦华天然气(西何家村营业厅),生活服务;生活服务场所;生活服务场所,108.92112556051232,34.234325461170386,碑林区,108.925732,34.2327
B0KGGD7FI9,啃啃Cake For You(皇城坊店),生活服务;生活服务场所;生活服务场所,108.9648193851023,34.27624764049707,新城区,108.96955,34.274716
B0K31ZI4Z8,秘地·HIFi影院足浴SPA(南门中大plus店),生活服务;洗浴推拿场所;洗浴推拿场所,108.94191263414272,34.25562877224488,碑林区,108.946567,34.254039
B0FFFSUJAH,西安城墙安远门售票处,生活服务;售票处;公园景点售票处,108.94269271909508,34.27723964827484,新城区,108.947351,34.27566
B0KGHALMSO,文文汉服妆造(一洲商城店),生活服务;生活服务场所;生活服务场所,108.9390080261405,34.260542776358584,碑林区,108.943655,34.25895
B0L0L9AWIV,徐氏搓澡馆(南门店),生活服务;洗浴推拿场所;洗浴推拿场所,108.94596640783531,34.25165486374186,碑林区,108.950632,34.250071
B0KAZCKDI1,明泉匯足道,生活服务;洗浴推拿场所;洗浴推拿场所,108.94578195293096,34.25161923083027,碑林区,108.950447,34.250035
B0H30HAS19,有理barbershop,生活服务;美容美发店;美容美发店,108.93371864922564,34.254144420452306,碑林区,108.938352,34.252541
B0FFH9G4Z4,西安市人才服务中心,政府机构及社会团体;政府机关;地市级政府及事业单位|生活服务;人才市场;人才市场,108.92366233393568,34.231985968937906,雁塔区,108.928273,34.230362
B0FFL45VXZ,开元商城(印花布园店),生活服务;生活服务场所;生活服务场所,108.94358461890052,34.25989308799765,碑林区,108.948244,34.258308
B0K0KH5HEW,新华社陕西高校毕业生新华社图像采集中心,生活服务;生活服务场所;生活服务场所,108.94637480875666,34.26880325793756,新城区,108.951043,34.267227
B0L26RF4SF,中海口腔,生活服务;生活服务场所;生活服务场所,108.95158086281336,34.243143777288225,碑林区,108.956263,34.241568
B0M6O5L7O4,咕咕咕妆造馆,生活服务;美容美发店;美容美发店,108.9406805839807,34.26062393693972,碑林区,108.945332,34.259034
B0FFFFC7HH,西安城墙安定门售票处,生活服务;售票处;公园景点售票处,108.92107049907584,34.26108721932814,莲湖区,108.925679,34.259472
B0FFGGB48Q,陕西广电网络(太白路营业厅),生活服务;生活服务场所;生活服务场所,108.91702305669112,34.23309111889547,雁塔区,108.921623,34.231462
B0FFGC2IS8,华润万家(文艺路店),购物服务;超级市场;华润|生活服务;生活服务场所;生活服务场所,108.94965999841766,34.24214217163796,碑林区,108.954336,34.240562
B0FFKP081F,华为授权服务中心(解放数创广场),生活服务;生活服务场所;生活服务场所,108.95765188065718,34.26556847499432,新城区,108.962356,34.264015
B0L6CRSAK4,军军绿豆糕·绿豆馅饼(西大街店),生活服务;生活服务场所;生活服务场所,108.92670519955736,34.261514439211844,莲湖区,108.931324,34.259905
B0KBKA7XH6,晨熙洗浴(民安大厦店),生活服务;洗浴推拿场所;洗浴推拿场所,108.95897765362685,34.27327422064403,新城区,108.963687,34.271727
B0FFJRYYJH,OPPO官方授权服务体验中心(西安新城区金钟大厦店),生活服务;维修站点;维修站点,108.94287335988484,34.26312009002457,新城区,108.947531,34.261535
B0FFJTJ49F,华为授权服务中心(钟楼易俗社),生活服务;维修站点;维修站点,108.94596447658088,34.26319231418216,新城区,108.950631,34.261613
B0L067O1ZY,小雁塔售票处,生活服务;售票处;公园景点售票处,108.93778266184783,34.24232683492785,碑林区,108.942425,34.240725
B001D119NC,西安人防纳凉中心,生活服务;生活服务场所;生活服务场所,108.96415155534524,34.24322644725548,碑林区,108.968877,34.24168
B0L0VHIJH9,和子足浴SPA会馆(文艺路地铁站店),生活服务;洗浴推拿场所;洗浴推拿场所,108.95034677006387,34.24315336799412,碑林区,108.955025,34.241575
B0LKHHQAZI,神农氏装饰,生活服务;生活服务场所;生活服务场所,108.944887146348,34.232073323007945,碑林区,108.949548,34.23048
B0FFLBBRLB,西安市莲湖区西关社区卫生服务中心,生活服务;生活服务场所;生活服务场所,108.91414174310464,34.26116313699514,莲湖区,108.91874,34.259543
B0K6AOT5PT,水木和足道·SPA·泰式(南二环凯德店),生活服务;洗浴推拿场所;洗浴推拿场所,108.93181689419887,34.23081189722665,雁塔区,108.936444,34.229197
B0FFFFUZ1C,苹果维修中心,生活服务;维修站点;维修站点,108.95846245079836,34.23651784961825,碑林区,108.963167,34.234955
B0G0TCEK8I,美黛夫. 痘敏肌皮肤诊所,生活服务;美容美发店;美容美发店,108.94541050940256,34.2581553763447,碑林区,108.950075,34.256573
B0FFGDT9LV,西安市汽车站售票处,生活服务;售票处;售票处,108.9160258680207,34.253057201711336,莲湖区,108.920626,34.251435
B0FFHC12YP,航空工业计算所(六三一研究所),科教文化服务;科研机构;科研机构|生活服务;生活服务场所;生活服务场所,108.91859013187673,34.24043124612006,碑林区,108.923193,34.238806
B001D00E4A,亨吉利名表维修中心(西安豪门店),购物服务;专卖店;钟表店|生活服务;维修站点;维修站点,108.94208809397438,34.25632518884681,碑林区,108.946743,34.254736
B0IRDCNIEC,兔博士口腔(友谊门诊部),生活服务;生活服务场所;生活服务场所,108.95956114663952,34.24223209721448,碑林区,108.96427,34.240674
B0L2F92JIV,长安CCD相机铺(鼓楼店),生活服务;生活服务场所;生活服务场所,108.93752275988857,34.26164273525488,莲湖区,108.942166,34.260048
B0FFG2460J,西安城墙永宁门售票处,生活服务;售票处;公园景点售票处,108.94244147490208,34.2518892965574,碑林区,108.947097,34.250299
B0G2A55XQ4,慕凡足道SPA(南门中贸店),生活服务;美容美发店;美容美发店,108.9415963277616,34.24544327315179,碑林区,108.946249,34.243849
B0FFGNS2G6,静湖泉温泉浴场,生活服务;洗浴推拿场所;洗浴推拿场所,108.93099598916554,34.25224288187343,碑林区,108.935623,34.250635
B001D08016,西安邮局海关,政府机构及社会团体;政府机关;地市级政府及事业单位|生活服务;邮局;邮局|公司企业;公司;公司,108.9623905726665,34.27259823513321,新城区,108.967112,34.271059
B0K1DC5918,三川影像婚纱摄影(西安店),生活服务;摄影冲印店;摄影冲印,108.94609111271129,34.25076396993968,碑林区,108.950757,34.24918
B0FFGXV9TZ,西安鼓楼售票处,生活服务;售票处;公园景点售票处,108.93922237232464,34.26169196491528,莲湖区,108.94387,34.2601
B0LRV9L12G,泽西岛影院式足道(西大街店),生活服务;洗浴推拿场所;洗浴推拿场所,108.93248297112568,34.26075054070455,莲湖区,108.937114,34.259148
B0L2ULFWD4,西安中维尚德大酒店-大堂吧,生活服务;生活服务场所;生活服务场所,108.95669369201394,34.27130935725619,新城区,108.961395,34.269756
B0JRKSV9A3,华为授权服务中心(华清广场),生活服务;维修站点;维修站点,108.95936185409091,34.24213460933677,碑林区,108.96407,34.240576
B0L1GHAKY1,泽西岛·影院沐足SPA(玉祥门),生活服务;洗浴推拿场所;洗浴推拿场所,108.91743944701686,34.270431311120205,莲湖区,108.922043,34.268817
B0LD0CFHM3,柒映像婚纱摄影(天伦盛世店),生活服务;摄影冲印店;摄影冲印,108.9521390664268,34.24323255242961,碑林区,108.956823,34.241658
B0FFKL1ALW,郑远元专业修脚房(广济街店),生活服务;洗浴推拿场所;洗浴推拿场所,108.93474909406372,34.25555037936788,碑林区,108.939385,34.253949
B0FFKJP24O,华为授权服务中心(莲湖路),生活服务;维修站点;维修站点|购物服务;购物相关场所;购物相关场所,108.94214175897037,34.270959221276826,莲湖区,108.946798,34.269376
B0L09SCQ3B,豪门丽,体育休闲服务;娱乐场所;KTV|生活服务;生活服务场所;生活服务场所,108.95173263462716,34.25227294475716,碑林区,108.956416,34.250701
B0I0KH0QME,莲湖区城市游客服务中心,生活服务;生活服务场所;生活服务场所,108.93904345715664,34.26642535850738,莲湖区,108.943691,34.264835
B0FFF5UF0D,中国移动(尚朴路移动营业厅),生活服务;电讯营业厅;中国移动营业厅|购物服务;家电电子卖场;手机销售,108.94479677579892,34.26450999937869,新城区,108.94946,34.262929
B0JD25NLY8,王子轰趴馆·生日派对·团建·聚会,生活服务;生活服务场所;生活服务场所,108.94147255915767,34.23441763994387,碑林区,108.946124,34.232819
B0FFJZTTV7,高家大院售票处,生活服务;售票处;公园景点售票处,108.93856484096544,34.264708833939835,莲湖区,108.943211,34.263117
B0FFGZAFSY,咪咪专业脱毛连锁机构(南门店),生活服务;生活服务场所;生活服务场所,108.94593454979533,34.251061155349404,碑林区,108.9506,34.249477
B0FFHU0BCM,华人天居足道·泰式·SPA(五路口店),生活服务;洗浴推拿场所;洗浴推拿场所,108.95676146526638,34.27125922203744,新城区,108.961463,34.269706
B0K13STQDZ,南门莅沐足 (王府井店),生活服务;洗浴推拿场所;洗浴推拿场所,108.94143852297223,34.24835743072251,碑林区,108.946091,34.246764
B0IA57CQZ4,中国邮政(尚勤路邮政所),生活服务;邮局;邮政速递,108.96295154890336,34.27246289957622,新城区,108.967675,34.270925
B0L2TZ2YHJ,DJI大疆(西安钟楼开元授权体验店),生活服务;生活服务场所;生活服务场所,108.9436045256846,34.26034687123945,碑林区,108.948264,34.258762
B0FFLO8E68,菜鸟驿站(社会路小区店),生活服务;物流速递;物流速递,108.94083682957825,34.26473302430842,莲湖区,108.945489,34.263145
B001D06R7M,蒙娜丽莎婚纱摄影(总店),生活服务;摄影冲印店;摄影冲印|购物服务;服装鞋帽皮具店;服装鞋帽皮具店,108.94894763603206,34.26141113639837,新城区,108.953623,34.259837
B0KUXUTS6S,荣耀官方授权服务中心(西安百脑汇店),生活服务;维修站点;维修站点,108.9584993405724,34.23629884444333,碑林区,108.963204,34.234736
B0MGG945WU,和子足浴SPA会馆(民生百货店),生活服务;洗浴推拿场所;洗浴推拿场所,108.95851768127304,34.268075433089706,新城区,108.963225,34.266525
B0L3U4GS0U,坤腾手机电脑维修(品胜快修雁塔路店),生活服务;维修站点;维修站点,108.95965946714708,34.234076917713914,碑林区,108.964368,34.232516
B001D06V4R,陕西广电网络(建西街营业厅),生活服务;生活服务场所;生活服务场所,108.95506911162649,34.24751448793474,碑林区,108.959763,34.245948
B0MBP720ZS,徐氏搓澡馆(西荷花园社区店),生活服务;洗浴推拿场所;洗浴推拿场所,108.92186709514264,34.236948825866115,碑林区,108.926475,34.235325
B0FFFVOCL4,艾蔻国际(东木头市风味街店),购物服务;商场;普通商场|生活服务;美容美发店;美容美发店,108.94204005571704,34.258432442243624,碑林区,108.946695,34.256844
B0H1U92DR9,痘黛夫快速祛痘连锁(西稍门分院),生活服务;美容美发店;美容美发店,108.91003458063142,34.26110907029529,莲湖区,108.914628,34.259487
B001D1158K,西安博物院北门售票处,生活服务;售票处;公园景点售票处,108.93779063440896,34.24241478888778,碑林区,108.942433,34.240813
B0KB9S4MD8,西安亨得利钟表售后维修,生活服务;维修站点;维修站点,108.94057377485498,34.24947149281492,碑林区,108.945224,34.247877
B0FFGPNODJ,vivo官方客户服务中心(北大街钟楼店),生活服务;维修站点;维修站点,108.9428634433424,34.262433382786554,新城区,108.947521,34.260848
B0K1GUR6Q4,惠普金牌服务官方授权服务中心西安分部,生活服务;维修站点;维修站点,108.95051628799315,34.24252825202458,碑林区,108.955195,34.24095
B0LACLK7PO,郑远元专业修脚房(延康东巷店),生活服务;洗浴推拿场所;洗浴推拿场所,108.91711450039082,34.238365092978746,碑林区,108.921715,34.236738
B0FFIR64RU,寸晖甄选泽西岛·影院沐足SPA(南门店),生活服务;洗浴推拿场所;洗浴推拿场所|生活服务;美容美发店;美容美发店,108.94271806328769,34.24746651149857,碑林区,108.947374,34.245875
B0I1ASEKP4,六立木,生活服务;洗浴推拿场所;洗浴推拿场所,108.9516109044686,34.25373963173738,碑林区,108.956294,34.252168
B0LAH7J2R0,vivo官方客户服务中心(西安市北大街店),生活服务;维修站点;维修站点,108.94290418689906,34.26418860575671,新城区,108.947562,34.262604
B001D0794W,中国建设银行西安和平路支行,生活服务;生活服务场所;生活服务场所,108.95875360608272,34.258950537095615,碑林区,108.963461,34.257397
B0FFF465NX,西安碑林博物馆-游客服务中心,生活服务;信息咨询中心;服务中心,108.94799915736752,34.25377206102549,碑林区,108.952671,34.252193
B0G16NZ0E1,华润万家陕西公司,生活服务;中介机构;中介机构|公司企业;公司;公司,108.90566340902753,34.26488176201506,莲湖区,108.910253,34.26326
B0L255CX4K,春花脱口秀(钟楼店),生活服务;美容美发店;美容美发店,108.94918840633376,34.25510414127026,碑林区,108.953864,34.253528
B0FFF9TS89,三星授权服务中心(西安网冠科技店),购物服务;家电电子卖场;手机销售|生活服务;维修站点;维修站点,108.94291528661007,34.26257623233251,新城区,108.947573,34.260991
B0K0FSBTQM,印之美快印·广告·设计·印刷·作品集,生活服务;生活服务场所;生活服务场所,108.95842729976496,34.25210899263046,碑林区,108.963133,34.250552
B0G23SBZJX,戴尔官方授权服务中心,生活服务;维修站点;维修站点,108.95785781426945,34.2454468958042,碑林区,108.962561,34.243886
B0FFKT5VK1,中国电信UP未来体验店,生活服务;电讯营业厅;中国电信营业厅|购物服务;家电电子卖场;手机销售,108.94191909793534,34.262023227826695,莲湖区,108.946574,34.260436
B0L1PC654T,DJI大疆(南门王府井授权体验店),生活服务;生活服务场所;生活服务场所,108.9417576380473,34.24849881821673,碑林区,108.946411,34.246906
B001D07QLU,中国移动(南稍门营业厅),生活服务;电讯营业厅;中国移动营业厅|购物服务;家电电子卖场;手机销售,108.94299763569822,34.24309267917811,碑林区,108.947654,34.2415
B0FFMCJBOF,莎蔓莉莎美容会所(西安市北大街海林大厦店),生活服务;美容美发店;美容美发店,108.94179336693593,34.26297007020427,莲湖区,108.946448,34.261383
B0L69AGX48,往南北酒店(回民街钟鼓楼店),生活服务;生活服务场所;生活服务场所,108.9306546640699,34.26553805810428,莲湖区,108.935282,34.263935
B0FFFSUJ9Y,西安城墙永宁门游客中心,生活服务;信息咨询中心;服务中心,108.94225585629874,34.253534985410944,碑林区,108.946911,34.251945
B0FFFDBSAI,西安博物院西门游客中心,生活服务;信息咨询中心;服务中心,108.93521124618704,34.23990071347958,碑林区,108.939847,34.238294
B0KANDX32B,朴笙采耳·头疗·按摩SPA(南门中贸店),生活服务;洗浴推拿场所;洗浴推拿场所,108.9418845171039,34.24568867375946,碑林区,108.946538,34.244095
B0K647QOD6,成双嫁衣,生活服务;生活服务场所;生活服务场所,108.94266525363004,34.24693580987725,碑林区,108.947321,34.245344
B001D08AIX,真爱年华水疗健康运动中心(朱雀大街店),体育休闲服务;运动场馆;健身中心|生活服务;洗浴推拿场所;洗浴推拿场所,108.93401315614284,34.23930069078349,碑林区,108.938646,34.237692
B0FFKIQTK2,西安城墙永宁门城楼南入口游客中心,生活服务;信息咨询中心;服务中心,108.94201261992995,34.25240585622602,碑林区,108.946667,34.250815
B0JRC50SAC,乾潮汇·沐足·SPA(锦绣华庭店),生活服务;洗浴推拿场所;洗浴推拿场所,108.90570215391804,34.25520160202711,莲湖区,108.910291,34.253576
B0FFFDCE46,省委北门自行车租赁点,生活服务;生活服务场所;生活服务场所,108.95651955711952,34.2311993316818,雁塔区,108.961217,34.22963
B0L1FCY5H7,机械革命互联网服务中心(西北),生活服务;生活服务场所;生活服务场所,108.95967940502484,34.233978906358246,碑林区,108.964388,34.232418
B0FFM0N8SP,郑远元专业修脚房(西安市莲湖路店),生活服务;洗浴推拿场所;洗浴推拿场所,108.93549698700318,34.27163381642714,莲湖区,108.940136,34.27004
B0K12A66G2,中国联通(尚朴路营业厅),生活服务;电讯营业厅;中国联通营业厅,108.94511683521014,34.2646733319432,新城区,108.949781,34.263093
B0KK0RGQDE,佳能相机售后维修 (西安特约快修中心),生活服务;维修站点;维修站点,108.96002450399205,34.24236193847764,碑林区,108.964735,34.240805
B0ID35ZLAS,SAISON Taproom,生活服务;生活服务场所;生活服务场所,108.92841908474824,34.25722015774679,莲湖区,108.933041,34.255611
B001D0809C,西安市自来水有限公司城区分公司客户服务大厅,生活服务;自来水营业厅;自来水营业厅,108.91855494503832,34.2558603340884,莲湖区,108.923159,34.254241
B0LUPS1AWS,杏林上医馆,生活服务;生活服务场所;生活服务场所,108.92413948237576,34.23176457509102,雁塔区,108.928751,34.230141
B0LR37EG75,西安大雁塔亚朵酒店-大堂,生活服务;生活服务场所;生活服务场所,108.95967547168026,34.233332155133944,碑林区,108.964384,34.231771
B0H0ZAW2UO,西安冠赫运动康复中心(文艺路店),生活服务;洗浴推拿场所;洗浴推拿场所|体育休闲服务;体育休闲服务场所;体育休闲服务场所,108.95042152287463,34.24330515473798,碑林区,108.9551,34.241727
B0JBX5SKD2,泽西岛影院式足道(太白印象城店),生活服务;洗浴推拿场所;洗浴推拿场所,108.91654543556062,34.23690002755836,碑林区,108.921145,34.235272
B0LD6782KM,顺丰速运(通济南坊店),生活服务;生活服务场所;生活服务场所,108.94384324437712,34.26778344624459,新城区,108.948504,34.266202
B0FFJ3QJRJ,摆渡人手机iPad笔记本维修服务中心,生活服务;维修站点;维修站点,108.9426773272208,34.23327193461839,碑林区,108.947332,34.231675
B0JKZZK228,中国移动(大庆路营业厅),生活服务;电讯营业厅;中国移动营业厅,108.90875614148412,34.270510716059576,莲湖区,108.913349,34.268892
B001D14VSL,西安市碑林区长安路街道办事处,政府机构及社会团体;政府机关;乡镇级政府及事业单位|生活服务;事务所;事务所,108.9426348865891,34.24017043613442,碑林区,108.94729,34.238576
B0L37HLPLX,雕刻时光(南院门店),餐饮服务;咖啡厅;咖啡厅|生活服务;生活服务场所;生活服务场所,108.93574055226372,34.257297215914804,碑林区,108.940379,34.255698
B0FFJCMHGB,西安光樱医疗美容诊所,生活服务;生活服务场所;生活服务场所,108.94483922890132,34.23276415809585,碑林区,108.9495,34.231171
B0IA3XIKO2,手机电脑维修回收(中贸永辉店),生活服务;维修站点;维修站点,108.94159538024152,34.24482750989372,碑林区,108.946248,34.243233
B0LURK1212,奈晚推拿·按摩新养生(钟楼店),生活服务;美容美发店;美容美发店,108.94167059222424,34.26434673310938,莲湖区,108.946325,34.26276
B0FFINNO8Z,郑远元专业修脚房(尚俭路店),生活服务;洗浴推拿场所;洗浴推拿场所,108.96053004753205,34.262745779973585,新城区,108.965244,34.261198
B0FFIBOG9T,朵薇鲜花店(科技路店),购物服务;花鸟鱼虫市场;花卉市场|生活服务;生活服务场所;生活服务场所,108.9057640938213,34.2303740104441,雁塔区,108.910351,34.228739
B0I2M1KFQU,匠人易通(百瑞大厦店),生活服务;生活服务场所;生活服务场所,108.96254476641847,34.27562560432896,新城区,108.967267,34.274088
B0KBBCO3IR,速壹号手机快修(五路口店),生活服务;维修站点;维修站点,108.96129457990124,34.27181924658353,新城区,108.966012,34.270277
B0FFM81X6C,格物匠心(南门王府井店),生活服务;生活服务场所;生活服务场所,108.94117019389256,34.249094612635645,碑林区,108.945822,34.247501
B0L0BUV51W,西安睿曼西服,生活服务;生活服务场所;生活服务场所,108.94072147085976,34.24831768513641,碑林区,108.945372,34.246723
B0LBX7JZTU,顺丰速运(桥梓口店),生活服务;物流速递;物流速递,108.92625321476334,34.25991957613252,莲湖区,108.930871,34.258309
B0G2UM23EC,顺丰速运(东三路店),生活服务;物流速递;物流速递,108.96267982150502,34.2689770001587,新城区,108.967402,34.267437
B0IRMBFDZT,陕西省人民医院-体检,生活服务;生活服务场所;生活服务场所,108.92701817209884,34.24175476423093,碑林区,108.931636,34.240138
B0LD6SETS7,顺丰速运(洒金桥店),生活服务;物流速递;物流速递,108.9330079683252,34.27063882486775,莲湖区,108.937641,34.269041
B0FFMCUL8X,菜鸟驿站(西安市青年路店),生活服务;物流速递;物流速递,108.93737325588204,34.272546555342515,莲湖区,108.942017,34.270956
B0FFFA8EIS,郑远元专业修脚房(尚勤路店),生活服务;洗浴推拿场所;洗浴推拿场所,108.9620800332003,34.26846069256833,新城区,108.9668,34.266919
B0J6DDF2QZ,樾境足浴(暂停营业),生活服务;洗浴推拿场所;洗浴推拿场所,108.91385101430578,34.23752942417422,碑林区,108.918447,34.2359
B0JGXZVA0F,西部名表售后维修中心(西安东大街),生活服务;维修站点;维修站点|购物服务;购物相关场所;购物相关场所,108.96214052541085,34.259784029933165,碑林区,108.96686,34.258239
B0LANMWKY1,西安麦小二数码优品二手手机回收(总店),生活服务;生活服务场所;生活服务场所,108.9596973934306,34.270051828366206,新城区,108.964409,34.268505
B0HB3D7HXG,西安亮阳(原全通物流)货运部,生活服务;物流速递;物流速递,108.91021326755605,34.27507433187868,莲湖区,108.914808,34.273458
B0K067ADNH,联想百应电脑维修(李家村万达总店),生活服务;维修站点;维修站点,108.95779205615533,34.245261120206514,碑林区,108.962495,34.2437
B0FFGKUVLL,中国电信(五星街营业厅),生活服务;电讯营业厅;中国电信营业厅,108.92752888716863,34.25740413226567,莲湖区,108.932149,34.255794
B0I1BZU56M,南二环人才市场,生活服务;人才市场;人才市场,108.92391886767322,34.23199071286167,雁塔区,108.92853,34.230367
B0FFH8LP4X,合和大唐·足道·按摩·SPA(玉祥门店),生活服务;洗浴推拿场所;洗浴推拿场所,108.91277660247916,34.271734582735114,莲湖区,108.917374,34.270118
B0KU1AP0N7,阿胜手机快修,生活服务;维修站点;维修站点,108.93282613925042,34.26132883705975,莲湖区,108.937458,34.259727
B0FFKE9018,小天才(西安市客户服务中心),购物服务;家电电子卖场;数码电子|生活服务;维修站点;维修站点,108.94315447956336,34.26424912958815,新城区,108.947813,34.262665
B0J1LZUWHN,花间月汉服馆(西安总店),生活服务;生活服务场所;生活服务场所,108.94118873345992,34.254155614196975,碑林区,108.945841,34.252564
B0L04DX3HI,英聘网劳务派遣外包人力资源人才市场西安招聘公司,生活服务;人才市场;人才市场,108.94129809194942,34.24605955721743,碑林区,108.94595,34.244465
B0FFFSTDD6,西安城墙含光门售票处,生活服务;售票处;公园景点售票处,108.92736855285284,34.25315198552403,莲湖区,108.931988,34.25154
B0FFL7BK6D,蚂蚁修手机24小时上门维修(大话南门),生活服务;维修站点;维修站点,108.94288706907538,34.24156745630177,碑林区,108.947543,34.239974
B0LBCUDIKA,爱普生认证服务中心建设东路店,购物服务;家电电子卖场;数码电子|生活服务;维修站点;维修站点,108.9610293736116,34.2370265171749,碑林区,108.965743,34.23547
B001D01D65,中国建设银行(和平门支行),金融保险服务;银行;中国建设银行|生活服务;生活服务场所;生活服务场所,108.95838766174856,34.24936115091626,碑林区,108.963093,34.247803
B0FFJLTHTJ,速壹号手机快修(玉祥门店),生活服务;维修站点;维修站点,108.92259405478444,34.27149463603888,莲湖区,108.927206,34.269885
B0JKFC1O0C,爱丽莎·孕妈馆,生活服务;生活服务场所;生活服务场所,108.95899797129124,34.2685211172421,新城区,108.963707,34.266972
B0JU9H7LP7,福林舞台服饰,生活服务;生活服务场所;生活服务场所,108.93918658147464,34.26026759155838,碑林区,108.943834,34.258675
B0FFHSJIJW,郑远元专业修脚房(体育馆南路店),生活服务;洗浴推拿场所;洗浴推拿场所,108.94713027338396,34.24768114098646,碑林区,108.951799,34.246098
B0I3SSY553,重庆万诚(西安)律师事务所,生活服务;生活服务场所;生活服务场所,108.94309159290172,34.26503092878647,新城区,108.94775,34.263447
B0FFFDCUOW,西安化觉巷清真大寺售票处,生活服务;售票处;公园景点售票处,108.9376612531543,34.263556749647776,莲湖区,108.942305,34.261963
B0MA4SUC6Y,戴森·添可第三方维修中心,生活服务;维修站点;维修站点,108.96240863595791,34.271027834584174,新城区,108.96713,34.269488
B0L0R98750,铭觉spa会所,生活服务;洗浴推拿场所;洗浴推拿场所,108.90611173901834,34.25608717703947,莲湖区,108.910701,34.254462
B0J0NACH4C,泊马澡堂,生活服务;生活服务场所;生活服务场所,108.9211696486708,34.269589705515735,莲湖区,108.925779,34.267978
B0FFKB0LEX,宏信花园接待中心(宏信国际花园店),生活服务;生活服务场所;生活服务场所,108.94577701562478,34.25102547077057,碑林区,108.950442,34.249441
B0MGBDSWNS,沙子水泥红砖白灰加气块当日达,生活服务;生活服务场所;生活服务场所,108.96446588581937,34.27387551812149,新城区,108.969195,34.272342
B0LD4CR877,幸卉花艺,生活服务;生活服务场所;生活服务场所,108.9632315527842,34.259969250264405,碑林区,108.967955,34.258427
B001D1159Y,西安博物院西门售票处,生活服务;售票处;公园景点售票处,108.934793224786,34.240249200274945,碑林区,108.939428,34.238642
B0FFGZO3GE,郑远元专业修脚房(糖坊街店),生活服务;洗浴推拿场所;洗浴推拿场所,108.94054078293318,34.275145281965024,莲湖区,108.945193,34.273561
B0FFL6X3QV,极速修-手机电脑维修回收(中贸广场店),生活服务;生活服务场所;生活服务场所,108.9413989712503,34.244156108451506,碑林区,108.946051,34.242561
B0KRGRJO2C,奈晚推拿·按摩新养生(南门合生汇店),生活服务;洗浴推拿场所;洗浴推拿场所,108.9444529343177,34.25012231798973,碑林区,108.949114,34.248535
B0L22L0E5T,雅夫酒店(西安市钟鼓楼店)-大堂,生活服务;生活服务场所;生活服务场所,108.95109906077828,34.27183646893224,新城区,108.955782,34.270271
B0FFHEK1BJ,中国邮政(东二路邮政所),生活服务;邮局;邮局,108.96030946047284,34.26726049405618,新城区,108.965023,34.265714
B0J3DZGCNZ,筋骨堂热敷推拿按摩(东隆文商大厦店),生活服务;洗浴推拿场所;洗浴推拿场所,108.9449497128714,34.259834581123854,碑林区,108.949613,34.258252
B0M6H5AEGK,新城区人才服务中心,生活服务;人才市场;人才市场,108.95747154731434,34.264998124141606,新城区,108.962175,34.263444
B0G2DLNJXZ,金贝儿月嫂育儿嫂,生活服务;生活服务场所;生活服务场所,108.90659764569128,34.239555433205005,雁塔区,108.911186,34.237924
B0LK7S439X,玲珑日式养生SPA·木桶浴,生活服务;洗浴推拿场所;洗浴推拿场所,108.91392002321072,34.26121823764072,莲湖区,108.918518,34.259598
B0FFILGP6K,中国邮政(西七路邮政所),生活服务;邮局;邮局,108.94552078912236,34.275369200855856,新城区,108.950187,34.273794
B0LAT538NH,米桃皮Q版画像,生活服务;生活服务场所;生活服务场所,108.93949711112552,34.256001763365795,碑林区,108.944145,34.254408
B0LA666THV,陕西再创律师事务所,生活服务;事务所;律师事务所,108.942800312674,34.241555616763385,碑林区,108.947456,34.239962
B0H33NOZ7M,西安人防纳凉中心,生活服务;生活服务场所;生活服务场所,108.9641292629807,34.24779675677872,碑林区,108.968855,34.246252
B0LB5Y11TY,蕾特恩专业祛痘国际连锁(民乐园万达店),生活服务;美容美发店;美容美发店,108.96117799796028,34.271805536437824,新城区,108.965895,34.270263
B0K29DU95D,富侨养生·西安总店,生活服务;洗浴推拿场所;洗浴推拿场所,108.94183922624202,34.26315091715384,莲湖区,108.946494,34.261564
B0FFG6F77T,宇鑫物流(测绘路店),生活服务;物流速递;物流速递,108.95648795055868,34.239954146858885,碑林区,108.961186,34.238388
B0FFJGDD98,贝壳交易服务中心,生活服务;中介机构;中介机构,108.93217378717294,34.25934052310164,碑林区,108.936804,34.257737
B0MGA5EH0G,嘉悦汤泉,生活服务;洗浴推拿场所;洗浴推拿场所,108.90794241921296,34.251997339883594,莲湖区,108.912533,34.250371
B0I1AAAGSY,永利创艺广告制作部,公司企业;公司;广告装饰|生活服务;生活服务场所;生活服务场所,108.95984876949248,34.25893293816241,碑林区,108.96456,34.257382
B0MGUSC717,飞利浦呼吸机体验中心,生活服务;生活服务场所;生活服务场所,108.92647001672788,34.232296911842624,碑林区,108.931086,34.230676
B0K24RHNTL,顺丰速运(回民街形象店),生活服务;物流速递;物流速递,108.93603511162988,34.26617022706917,莲湖区,108.940675,34.264575
B0FFH2807Z,郑远元专业修脚房(建国路店),生活服务;洗浴推拿场所;洗浴推拿场所,108.96212893404392,34.2553028275688,碑林区,108.966848,34.253756
B001D09G6Z,中国移动文艺路营业厅,购物服务;家电电子卖场;手机销售|生活服务;电讯营业厅;中国移动营业厅,108.9514343301691,34.243145087660515,碑林区,108.956116,34.241569
B0FFIG86GN,西安博物院北门游客中心,生活服务;信息咨询中心;服务中心,108.93784050808706,34.24240371350784,碑林区,108.942483,34.240802
B0KAY728CM,闪电蜂手机24小时上门维修回收(南门永宁门店),生活服务;维修站点;维修站点,108.94442102079482,34.250186352569166,碑林区,108.949082,34.248599
B0LUJXD2V5,西等驾坡小区西区,生活服务;生活服务场所;生活服务场所,109.00638575657136,34.237788467170745,雁塔区,109.011285,34.236362
B0LU3S8L85,西等驾坡小区,商务住宅;住宅区;住宅小区|生活服务;生活服务场所;生活服务场所,109.00734861160277,34.23799548281017,雁塔区,109.012252,34.236572
B0FFG2WBOI,西安海方国际物流有限公司,生活服务;物流速递;物流仓储场地,109.0186393276244,34.26889694536413,新城区,109.023593,34.267519
B001D07G5W,西安秦华天然气(仁厚庄营业厅),生活服务;生活服务场所;生活服务场所,108.98873469445071,34.25983136747732,碑林区,108.99356,34.25836
B001D07GKQ,国家电网(国网西安供电公司),公司企业;公司;公司|生活服务;电力营业厅;电力营业厅,108.9683941772,34.27347053879891,新城区,108.973138,34.271947
B0KUOKIZ85,水木和足道·SPA·泰式 (朝阳门旗舰店),生活服务;洗浴推拿场所;洗浴推拿场所,108.96926009390712,34.27066140207727,新城区,108.974007,34.269139
B0G1HUMB1G,赛格·中京坊营销中心,生活服务;生活服务场所;生活服务场所,108.9855897488044,34.238511937543144,雁塔区,108.9904,34.237023
B0G394KVSB,西安凯森盛世,生活服务;中介机构;中介机构,108.9897836401306,34.24295278492101,雁塔区,108.994612,34.241478
B0L0NSRS7V,西安科大医院·碑林·专科医保定点,生活服务;生活服务场所;生活服务场所,108.97657311408943,34.260497484367086,碑林区,108.981348,34.258991
B001D114W3,咪咪专业脱毛连锁机构(朝阳国际店),生活服务;美容美发店;美容美发店,108.96919837425138,34.270133781477945,新城区,108.973945,34.268611
B001D01E03,中国电信(柿园路营业厅),生活服务;电讯营业厅;中国电信营业厅,108.97693162445184,34.26101027040482,碑林区,108.981708,34.259505
B0HADUCTSA,康股堂脊柱健康管理(武警医院店),生活服务;美容美发店;美容美发店,108.9793725305328,34.2387959257583,碑林区,108.984157,34.237289
B0FFJPTVK3,华为授权服务中心(长乐中路),购物服务;家电电子卖场;数码电子|生活服务;维修站点;维修站点,108.99921581601238,34.271225121304404,新城区,109.004087,34.26979
B0IBRZSTMF,煜榔水汇(朝阳门店),生活服务;洗浴推拿场所;洗浴推拿场所,108.96819505087144,34.2720746367163,新城区,108.972938,34.27055
B0LRSO61P1,水木和足道·泰式·SPA(太乙城甄选店),生活服务;洗浴推拿场所;洗浴推拿场所,108.96888235181736,34.23646176451686,碑林区,108.973625,34.234925
B0G33ZW67Y,轻风水魔方汤泉,生活服务;洗浴推拿场所;洗浴推拿场所|体育休闲服务;休闲场所;休闲场所,108.9737185681559,34.27214772562929,新城区,108.978483,34.270638
B0LRH58SG8,秘地·HIFi影院足浴SPA(立丰国际广场店),生活服务;洗浴推拿场所;洗浴推拿场所,108.99265388925517,34.248944863276535,碑林区,108.997495,34.247481
B0LUPZ1Z3A,徐氏搓澡馆(朝阳门店),生活服务;洗浴推拿场所;洗浴推拿场所,108.96775799880318,34.26858820747714,碑林区,108.972499,34.267061
B0JABLQXDY,联想客户服务中心(百应太乙路店),生活服务;维修站点;维修站点,108.96806502287627,34.24191087132227,碑林区,108.972805,34.240374
B0FFFFL234,国家电网公司西北分部,公司企业;公司;公司|生活服务;电力营业厅;电力营业厅,108.96827641500396,34.263870753355675,碑林区,108.973019,34.262343
B0GKRDB8AT,11區影像,生活服务;摄影冲印店;摄影冲印,108.96948222235568,34.27087772328492,新城区,108.97423,34.269356
B001D07WXA,中国广电咸宁路营业厅,生活服务;生活服务场所;生活服务场所,108.991034484387,34.25287421531742,碑林区,108.995869,34.251407
B0FFHKVZQW,济清泉汗蒸浴馆,生活服务;洗浴推拿场所;洗浴推拿场所,108.9850161702457,34.238347690648546,雁塔区,108.989824,34.236857
B0FFG1DLYV,西安城墙长乐门售票处,生活服务;售票处;公园景点售票处,108.96620548927764,34.2608283632038,碑林区,108.97094,34.259294
B001D0WOBS,福盛轩足浴洗浴(雁翔路店),生活服务;洗浴推拿场所;洗浴推拿场所,108.98623918620945,34.23646878171199,雁塔区,108.991052,34.234981
B001D14XAO,中国邮政(韩森路邮政支局),金融保险服务;银行;中国邮政储蓄银行|生活服务;邮局;邮局,109.0087626553294,34.26065647251492,新城区,109.013674,34.259246
B0KUZUO10B,西安铁路物流中心,生活服务;物流速递;物流速递,108.9787817552494,34.24109274962628,碑林区,108.983564,34.239585
B0MBTDBVIA,盒马鲜生(长乐坊仓库),生活服务;生活服务场所;生活服务场所,108.97046886786428,34.26534533380293,碑林区,108.97522,34.263824
B0FFLIHGTQ,华为授权服务中心(朝阳门),购物服务;家电电子卖场;手机销售|生活服务;维修站点;维修站点,108.97000214011422,34.27182894727102,新城区,108.974752,34.270309
B0FFLB0D94,恒志云都售楼部,生活服务;生活服务场所;生活服务场所,108.97242202658629,34.23155306987969,碑林区,108.977178,34.230024
B0FFHT6BTM,小米授权服务中心(长乐中路华东数码城店),生活服务;维修站点;维修站点,108.99919988376344,34.271236165190686,新城区,109.004071,34.269801
B0LKZCFAYK,荣耀官方授权服务中心(西安华东数码城店),生活服务;维修站点;维修站点,108.99959916012796,34.27126593977867,新城区,109.004472,34.269832
B0M6ZS1IHR,西京医院-消化大楼,生活服务;生活服务场所;生活服务场所,108.98275187870117,34.27150732438875,新城区,108.987553,34.270023
B0J24H0VPJ,花前町·理容专业烫染店(交大店),生活服务;美容美发店;美容美发店,108.9869503653054,34.24637892770958,碑林区,108.991767,34.244897
B0FFFV3L3L,中国联通(金花路营业厅),生活服务;电讯营业厅;中国联通营业厅,108.99046279182608,34.266460537498496,碑林区,108.995296,34.264997
B001D07G97,中国移动(互助路营业厅),生活服务;电讯营业厅;中国移动营业厅,108.98240117542356,34.26137544261823,碑林区,108.9872,34.259886
B0LBRCK0YG,旭景丰颢园销售中心,生活服务;生活服务场所;生活服务场所,109.01144608835786,34.25037846883503,新城区,109.016368,34.248972
B0FFFRGG3R,名师傅电动车维修连锁仁厚庄店,生活服务;生活服务场所;生活服务场所,108.989142080449,34.258436703244755,碑林区,108.993969,34.256966
B0MAKDNE4X,西成搓澡生活馆长乐门店,生活服务;洗浴推拿场所;洗浴推拿场所,108.97426930709204,34.26091874587918,碑林区,108.979035,34.259406
B0FFG3PAMO,华人天居足道·泰式·SPA(金花北路店),生活服务;洗浴推拿场所;洗浴推拿场所,108.99118176628453,34.26595758121354,碑林区,108.996018,34.264496
B0LD15JWQA,华人天居足道·泰式·SPA(太乙路店),生活服务;洗浴推拿场所;洗浴推拿场所,108.96943276626467,34.23005967166332,雁塔区,108.974177,34.228522
B0KR0C8SA9,江贰辣西安老牌串串香(韩森路店),生活服务;生活服务场所;生活服务场所,109.00787051203646,34.26017135073966,新城区,109.012778,34.258758
B0FFK838H2,云顺物流,生活服务;物流速递;物流速递,109.02497829522814,34.24759835829875,新城区,109.029956,34.24623
B001D11X4B,张胜利正骨推拿所(幸园小区店),生活服务;洗浴推拿场所;洗浴推拿场所,109.0129626013222,34.26295100256182,新城区,109.017892,34.261554
B0KAMZ2JBZ,陕西创迪律师事务所,生活服务;事务所;律师事务所,108.9726549309664,34.270186448046275,新城区,108.977415,34.268673
B001D0W1RI,福盛轩足道SPA(柿园路店),生活服务;洗浴推拿场所;洗浴推拿场所,108.97692071367923,34.26046351887788,碑林区,108.981697,34.258958
B0LR4ZOTG0,新城城更·幸福林间(营销中心),生活服务;生活服务场所;生活服务场所,109.00473297729864,34.260154838291655,新城区,109.009627,34.258732
B0LAUL04BP,中国移动(公园南路营业厅),生活服务;电讯营业厅;中国移动营业厅,109.00121621622792,34.2470746200263,碑林区,109.006094,34.245636
B0JK9ZA2IN,康安堂中医诊所,生活服务;生活服务场所;生活服务场所,108.9666263895346,34.230595839405495,雁塔区,108.97136,34.229051
B0G1ASZG5T,易圣堂大药房(万寿南路105街坊店),生活服务;生活服务场所;生活服务场所,109.00275316941476,34.25215099058385,新城区,109.007638,34.250719
B0LGZHTM2J,联想百应电脑维修(交大电脑城店),生活服务;维修站点;维修站点,108.98311414694186,34.250075803149215,碑林区,108.987915,34.248584
B0IGOUIAZG,陕西林恩律师事务所,生活服务;生活服务场所;生活服务场所,108.96984880854276,34.27089773828028,新城区,108.974598,34.269377
B001D0WDY5,中国广电(西影路营业厅),生活服务;生活服务场所;生活服务场所,108.98283696755536,34.22993519676987,雁塔区,108.987635,34.228435
B0HR74PIT2,颜生生精准美肤修复中心太乙店,生活服务;美容美发店;美容美发店,108.96822784792931,34.23649247932156,碑林区,108.972968,34.234954
B0HACHV6GF,青龙寺手机电脑维修回收,生活服务;维修站点;维修站点,108.9912113886436,34.23293325212264,雁塔区,108.996045,34.231459
B0LU17F1OV,西等驾坡小区东区11号楼,生活服务;生活服务场所;生活服务场所,109.00784438963863,34.23917554557393,雁塔区,109.01275,34.237754
B0HDHOF740,菜鸟驿站(招商楼服装批发店),生活服务;物流速递;物流速递,108.97948202802952,34.27574103270963,新城区,108.98427,34.274249
B0FFL6WU7D,菜鸟驿站(西京医院店),生活服务;物流速递;物流速递,108.98050514980343,34.27182670673265,新城区,108.985297,34.270336
B0FFFKU4IL,盛世华庭影院式沐足(上和商业广场店),商务住宅;住宅区;住宅小区|生活服务;洗浴推拿场所;洗浴推拿场所,109.0020764943223,34.24725693691293,新城区,109.006958,34.245821
B0HAD5E3N7,顺丰速运(金叶长乐居店),生活服务;物流速递;物流速递,108.97355983987458,34.26434733195397,碑林区,108.978323,34.262834
B0FFJCFJ64,西安市人力资源和社会保障大厦,生活服务;人才市场;人才市场,109.00382625605349,34.24372997440969,雁塔区,109.008715,34.242298
B0FFG0ZHA2,郑远元专业修脚房(沙坡店),生活服务;洗浴推拿场所;洗浴推拿场所,108.98540985514606,34.246343500147624,碑林区,108.99022,34.244857
B0HAZR7C5J,贝壳签约服务中心(万悦城店),生活服务;生活服务场所;生活服务场所,108.9727077123356,34.2703182499182,新城区,108.977468,34.268805
B0K1KHLVKG,中建悦庐幸福序临时接待点,生活服务;生活服务场所;生活服务场所,109.0120015258704,34.25281786500635,新城区,109.016926,34.251414
B0L037DLVF,闪电蜂手机24小时上门维修回收(通化门店),生活服务;维修站点;维修站点,108.99110860550984,34.27163749009481,新城区,108.995945,34.270178
B0K33C0KBJ,顺丰速运(西影路店),生活服务;物流速递;物流速递,108.9954942385813,34.23053320321917,雁塔区,109.000346,34.229071
B0FFKEYQF3,融创东方宸院营销中心,生活服务;生活服务场所;生活服务场所,109.00656412144605,34.26004234330303,新城区,109.011466,34.258625
B0FFG7YCJX,顺丰速运(后村西路店),生活服务;物流速递;物流速递,108.96663729831714,34.23120858606539,雁塔区,108.971371,34.229664
B0L0LM9HUY,维修佬手机电脑快修连锁(交大店),生活服务;维修站点;维修站点,108.98376085795918,34.24516080065466,碑林区,108.988564,34.243669
B0FFHEILO4,爱玛车服,生活服务;维修站点;维修站点,108.99022108314006,34.26332252610689,碑林区,108.995053,34.261857
B0JR1OXFVO,燃管中心,生活服务;生活服务场所;生活服务场所,108.97967868863316,34.27009978961477,新城区,108.984467,34.268606
B0FFLCIPLX,郑远元专业修脚房(海伦堡·海伦国际店),生活服务;洗浴推拿场所;洗浴推拿场所,109.00567618054716,34.23328028971979,雁塔区,109.010572,34.23185
B0KUROBL1I,中国邮政(金花北路邮政支局),生活服务;邮局;邮局,108.99048520088904,34.272410045385065,新城区,108.995319,34.270949
B0M625VHAG,新城区就业服务和劳动仲裁中心,生活服务;生活服务场所;生活服务场所,109.00205347273072,34.2606287783963,新城区,109.006936,34.259198
B0J1BMN24N,转转二手回收(西安益田假日世界购物中心店),生活服务;生活服务场所;生活服务场所,108.9697242929734,34.27084509196856,新城区,108.974473,34.269324
B0FFH2JJI0,郑远元专业修脚房(东关南街店),生活服务;洗浴推拿场所;洗浴推拿场所,108.97054135406422,34.25601785274388,碑林区,108.975292,34.254493
B0J3CCBVBC,至尚美厨,购物服务;家居建材市场;厨卫市场|生活服务;美容美发店;美容美发店,108.9941466343864,34.27119650891064,新城区,108.998996,34.269746
B0FFJ7Y7BH,郑远元专业修脚房(长乐坊店),生活服务;洗浴推拿场所;洗浴推拿场所,108.97813938862248,34.26511020845203,碑林区,108.982921,34.26361
B0KAXRE0OD,联想百应电脑维修(景龙社区店),生活服务;维修站点;维修站点,108.98057954020058,34.26340790695959,碑林区,108.985371,34.261914
B0FFIZOWBV,顺丰速运(东兴店),生活服务;物流速递;物流速递,109.00423627740652,34.24628875463431,新城区,109.009127,34.244859
B0FFL9VPWZ,安心妈妈月子中心(曲江店),生活服务;生活服务场所;生活服务场所,108.9827846830497,34.23600010864121,雁塔区,108.987583,34.234502
B0MBTAA8KQ,电脑维修服务中心,生活服务;维修站点;维修站点,108.9698617563762,34.27092469269128,新城区,108.974611,34.269404
B0FFH23V1I,中国邮政(金花南路邮政所),生活服务;邮局;邮局,108.99247390838784,34.257961885117545,碑林区,108.997315,34.256501
B0FFH2IQAE,中国移动(朝阳门营业厅),购物服务;家电电子卖场;手机销售|生活服务;电讯营业厅;中国移动营业厅,108.969861683646,34.271812329246664,新城区,108.974611,34.270292
B0IR5UX7KF,通用环球中铁西安医院·体检中心,生活服务;生活服务场所;生活服务场所,108.9656009422096,34.23405820296854,碑林区,108.970331,34.232512
B001D117B4,宏丰图文广告·标书·标识标牌,公司企业;公司;广告装饰|生活服务;摄影冲印店;摄影冲印,108.98262226357448,34.26129683012949,碑林区,108.987422,34.259808
B0LDVMQ8HH,中国电信兴庆路营业厅,生活服务;电讯营业厅;中国电信营业厅,108.9831290995064,34.24989682870946,碑林区,108.98793,34.248405
B001D0ZLWJ,西安市职业介绍服务中心,政府机构及社会团体;政府机关;地市级政府及事业单位|生活服务;生活服务场所;生活服务场所,109.00383223168384,34.24371396237841,雁塔区,109.008721,34.242282
B0JU76BWXQ,菜鸟驿站(西安融创东方宸院DK3店),生活服务;物流速递;物流速递,109.00626548739596,34.259036644813484,新城区,109.011166,34.257618
B0LUF53NI2,联想百应电脑维修(天彩大厦店),生活服务;维修站点;维修站点,108.99151696123292,34.27043875272944,新城区,108.996355,34.26898
B0H3BM20VF,福盛轩足道SPA(西影路店),生活服务;洗浴推拿场所;洗浴推拿场所,109.00044635478316,34.23726667410693,雁塔区,109.00532,34.235822
B0FFL6V8IK,郑远元专业修脚房(金花北路店),生活服务;洗浴推拿场所;洗浴推拿场所,108.99105749358604,34.275600010577286,新城区,108.995894,34.274142
B0FFHRRNRT,华清学府城售楼处,生活服务;生活服务场所;生活服务场所,109.0115332511868,34.244055636519775,新城区,109.016455,34.242647
B0FFHIDCQG,顺丰速运(幸福中路店),生活服务;物流速递;物流速递,109.0214219357521,34.268229222766,灞桥区,109.026387,34.266859
B0KKTUNFZ5,国玺·致臻·泳池别墅会议空间,生活服务;生活服务场所;生活服务场所,108.96626592953048,34.2770725950419,新城区,108.971002,34.275545
B0HB65LBL9,极速手机电脑维修回收,生活服务;维修站点;维修站点,109.0023661650892,34.2601570165372,新城区,109.00725,34.258727
B0HRS5PMJO,中国邮政(东关邮政支局),生活服务;邮局;邮局,108.9714902531642,34.26099432445704,碑林区,108.976245,34.259474
B001D09J32,娇莉芙·美容生活馆(兴庆店),生活服务;美容美发店;美容美发店,108.9872296459638,34.25288058573471,碑林区,108.992048,34.251402
B0IGGUXZ1Q,孕生堂月子会所(兴庆宫店),生活服务;生活服务场所;生活服务场所,108.98113647254044,34.26064240389944,碑林区,108.98593,34.259149
B0JU5LAU6G,筋骨堂热敷推拿按摩(益田假日世界店),生活服务;生活服务场所;生活服务场所,108.9694344396603,34.27047001708566,新城区,108.974182,34.268948
B0FFH5Q7WE,菜鸟驿站(安仁坊店),生活服务;物流速递;物流速递,108.97356148399912,34.26858661330109,新城区,108.978325,34.267075
B001D09FZ5,中国电信(金花营业厅),生活服务;生活服务场所;生活服务场所,108.99047967922466,34.26694828947366,碑林区,108.995313,34.265485
B0FFL0SRXI,中国电信(经九路营业厅),生活服务;电讯营业厅;中国电信营业厅,108.9758978646216,34.23584786975873,雁塔区,108.980668,34.23433
B0FFFGUWWJ,中国邮政速递物流(浐灞揽投部),生活服务;邮局;邮政速递,109.0162954430051,34.252799183800605,新城区,109.021238,34.251408
B0FFHEQ2Z7,安然纳米心悦汗蒸养生馆(红锋时代广场店),生活服务;洗浴推拿场所;洗浴推拿场所,108.98651821877024,34.2460123496428,碑林区,108.991333,34.244529
B0FFME8HJG,金月汇月子会所(长乐公园店),生活服务;生活服务场所;生活服务场所,108.99188305565826,34.26252685014684,碑林区,108.996722,34.261066
B0JA9RIPCZ,筋骨堂热敷推拿按摩(太乙城),生活服务;洗浴推拿场所;洗浴推拿场所,108.96862133663338,34.23662239430056,碑林区,108.973363,34.235085
B0H1KS0XGB,圆通速递妈妈驿站(樱花路店),生活服务;物流速递;物流速递,108.99411732680773,34.27638845670144,新城区,108.998967,34.27494
B0LG56U07N,菜鸟驿站(东区鸿宁店),生活服务;物流速递;物流速递,109.00756464929304,34.238436666020725,雁塔区,109.012469,34.237014
B001D06ZXC,新万泉浴池(东关南街),生活服务;洗浴推拿场所;洗浴推拿场所,108.97018965634533,34.256740511336886,碑林区,108.974939,34.255215
B0FFIYCDIC,菜鸟驿站(仁厚庄园店),生活服务;物流速递;物流速递,108.98885426346932,34.25891037577227,碑林区,108.99368,34.257439
B0LDCHPVO0,玥畔足浴SPA(胡家庙店),生活服务;洗浴推拿场所;洗浴推拿场所,108.98686366123684,34.27130530852721,新城区,108.991682,34.269833
B0H65SNCNK,社会保障卡服务窗口(西安市人力资源和社会保障),生活服务;生活服务场所;生活服务场所,109.00382326957404,34.24372198650469,雁塔区,109.008712,34.24229
B0FFHIKHDH,菜鸟驿站(西安长乐坊东门1号店),生活服务;物流速递;物流速递,108.97304985446632,34.264361727226785,碑林区,108.977811,34.262847
B0FFKHE1Q7,菜鸟驿站(华清学府城5期店),生活服务;物流速递;物流速递,109.01609681803536,34.24635825470381,新城区,109.021038,34.244964
B0J6MHGE63,金泰·唐618售楼处,生活服务;生活服务场所;生活服务场所,108.99596266593863,34.237233301925095,雁塔区,109.000817,34.235775
B0FFJ9PZ9Q,菜鸟驿站(西安西信社区北门店),生活服务;物流速递;物流速递,108.9930899599796,34.24968526153698,碑林区,108.997933,34.248223
B0HR0KLHS6,美团充电,生活服务;生活服务场所;生活服务场所,108.98512304840754,34.23440884441967,雁塔区,108.989931,34.232917
B0FFH2OK97,中国移动长乐中路营业厅,生活服务;电讯营业厅;中国移动营业厅,108.9993372909962,34.27124174539715,新城区,109.004209,34.269807
B0HKDR3AAR,中国移动(等驾坡营业厅),生活服务;电讯营业厅;中国移动营业厅,109.00118459210124,34.23226828670776,雁塔区,109.006061,34.230824
B0FFKQ4NBI,中国邮政(西影路邮政所),生活服务;邮局;邮局,108.99990868711784,34.23708237676346,雁塔区,109.00478,34.235636
B0L6UHH0M0,金泰·唐樾营销中心,生活服务;生活服务场所;生活服务场所,108.9960592589204,34.23713304651448,雁塔区,109.000914,34.235675
B0KKKRKH1O,月禧国际月子中心(西安店),生活服务;生活服务场所;生活服务场所,109.0034503701622,34.261654129432664,新城区,109.008339,34.260228
B0FFF64VIB,中国邮政(交大南区邮政所),生活服务;邮局;邮局,108.98136593356614,34.24361536519073,碑林区,108.986159,34.242116
B0LGRCF06G,中国电信(海伦国际营业厅),生活服务;电讯营业厅;中国电信营业厅,108.99886160011422,34.23228134029034,雁塔区,109.003728,34.23083
B0FFM3WWO0,skin79皮肤管理中心(朝阳国际店),生活服务;美容美发店;美容美发店,108.96925017399654,34.27015063712036,新城区,108.973997,34.268628
B0H0OO1EPL,菜鸟驿站(西安北火巷小区东门1店),生活服务;物流速递;物流速递,108.97740234345396,34.26556611443013,碑林区,108.982181,34.264064
B0IRPC735E,福泰殡葬用品服务部,生活服务;丧葬设施;丧葬设施,108.98206920785034,34.265539737722705,碑林区,108.986867,34.264051
B0HALC5T6T,邦士开锁换锁空调维修(不配钥匙),生活服务;维修站点;维修站点,108.9708040094038,34.247814336547926,碑林区,108.975555,34.246287
B0FFKZVGSG,菜鸟驿站(西安等驾坡翔园大厦1店),生活服务;物流速递;物流速递,108.98224560216516,34.23986123280412,雁塔区,108.987042,34.238363
B0I03HWRIX,安能物流(康复路集散中心),生活服务;物流速递;物流速递,108.97150233269345,34.27160400363572,新城区,108.976258,34.270088
B0LRPUSBAH,奈晚推拿·按摩新养生(立丰国际店),生活服务;洗浴推拿场所;洗浴推拿场所,108.99252537613512,34.24970395772612,碑林区,108.997366,34.24824
B0FFIKEV16,菜鸟驿站(聚福园店),生活服务;物流速递;物流速递,109.0147949900697,34.26159012534929,新城区,109.019732,34.260198
B0L0AAB3BT,西安盒马韩森东路站(配送店),生活服务;生活服务场所;生活服务场所,109.02022261381272,34.25923726227566,新城区,109.025182,34.25786
B0KUX6X14T,菜鸟驿站(西窑坊小区店),生活服务;物流速递;物流速递,108.9873996048873,34.26880173889708,碑林区,108.99222,34.26733
B0JBOZIP29,顺丰速运(亿象城店),生活服务;物流速递;物流速递,108.97610428591848,34.26917730676342,新城区,108.980878,34.267673
B0FFG4OM33,西安华山燃气物流有限公司,生活服务;物流速递;物流速递,109.0218580694109,34.2692435689435,灞桥区,109.026825,34.267875
B0JKO9MZQD,中国联通兴庆路营业厅,生活服务;电讯营业厅;中国联通营业厅,108.98299284341584,34.24776304940662,碑林区,108.987793,34.24627
B0FFGM0R6R,筋骨堂热敷推拿按摩(西安新兴广场店),生活服务;生活服务场所;生活服务场所,108.9881091920055,34.261695490991634,碑林区,108.992932,34.260223
B0KD55PUDE,奈晚推拿·按摩新养生(益田假日世界店),生活服务;洗浴推拿场所;洗浴推拿场所,108.9693009875596,34.270044545514814,新城区,108.974048,34.268522
B0K3257V4Y,中建悦庐幸福序营销中心,生活服务;生活服务场所;生活服务场所,109.01335479792871,34.25283283745759,新城区,109.018285,34.251433
B0FFLC7K8U,真美印刷,生活服务;生活服务场所;生活服务场所,109.0155447057053,34.23954246219277,雁塔区,109.020483,34.238144
B0FFMCGLYQ,菜鸟驿站(西安蔡家巷22号店),生活服务;物流速递;物流速递,108.97180234939646,34.25715599997421,碑林区,108.976558,34.255635
B0FFFPJW2Z,郑远元专业修脚房(西影路店),生活服务;洗浴推拿场所;洗浴推拿场所,109.00146289403924,34.23822922534913,雁塔区,109.006341,34.236788
B0FFFON9UW,郑远元专业修脚房(秦川社区店),生活服务;洗浴推拿场所;洗浴推拿场所,109.0017990284293,34.255148716683934,新城区,109.00668,34.253715
B0MGRLL4YL,阳光照明灯具店(安装维修),生活服务;生活服务场所;生活服务场所,108.99699710209843,34.274494514851504,新城区,109.001859,34.273054
B0G19H8WPZ,菜鸟驿站(西安佳铭小区1店),生活服务;物流速递;物流速递,108.97006101756394,34.25839420263884,碑林区,108.97481,34.256869
B0JKTX8EE9,老北京炸酱面(太乙路店),餐饮服务;中餐厅;北京菜|生活服务;生活服务场所;生活服务场所,108.96736185210705,34.23992745976928,碑林区,108.972099,34.238388
B0GUASB9DW,大型弹花电脑缝被,生活服务;生活服务场所;生活服务场所,108.9955001021882,34.24385420725124,雁塔区,109.000353,34.242397
B0I22CDBD8,雅迪售后服务(互助路体验中心),购物服务;专卖店;自行车专卖店|生活服务;生活服务场所;生活服务场所,108.9926976305748,34.26180168495714,碑林区,108.99754,34.260343
B0L6HX4DOV,菜鸟驿站(卧龙巷店),生活服务;物流速递;物流速递,108.97137409379155,34.256286502819194,碑林区,108.976128,34.254764
B0JRKO7BX5,星辰澜途足浴·SPA(天伦御城龙脉刘家庄小区店),生活服务;洗浴推拿场所;洗浴推拿场所,108.9779741919851,34.239296724670176,碑林区,108.982753,34.237786
B0FFI6P3JL,中国电信(长乐西路营业厅),生活服务;电讯营业厅;中国电信营业厅|购物服务;家电电子卖场;手机销售,108.97360618644798,34.270048894440336,新城区,108.97837,34.268538
B0FFLCCK3B,苏泊尔(东关南街店),购物服务;家居建材市场;厨卫市场|生活服务;维修站点;维修站点,108.97058292644542,34.25925746183301,碑林区,108.975334,34.257734
B0FFKSKBI3,菜鸟驿站(西北商贸中心店),生活服务;物流速递;物流速递,108.9773950144714,34.269908373411816,新城区,108.982174,34.268408
B0L16KQUSU,Pet Pet猫犬宠物旗舰店(萌宠现场挑选),生活服务;生活服务场所;生活服务场所,108.97042291070582,34.2304938678895,碑林区,108.975171,34.228959
B0H2OMBW1U,菜鸟驿站(索罗巷店),生活服务;物流速递;物流速递,108.9788347117194,34.263210991347755,碑林区,108.983619,34.261712
B0LRNOLB94,德邦快递,生活服务;物流速递;物流速递,108.98605594071952,34.23667324766232,雁塔区,108.990868,34.235185
B0FFJ9UAEE,菜鸟驿站(海伦堡·海伦国际店),生活服务;物流速递;物流速递,109.00467649379269,34.233064396047425,雁塔区,109.009568,34.231631
B0KANA2L07,陕西鹊游国际旅行社,生活服务;旅行社;旅行社,108.98826004977124,34.2316375678175,雁塔区,108.993081,34.230154
B0L1KZUIVF,功夫肩颈柏雅丝曼交大店,生活服务;生活服务场所;生活服务场所,108.9872877031216,34.24923782645902,碑林区,108.992106,34.247758
B0FFL6WHB6,永烁洗浴(永乐路),生活服务;洗浴推拿场所;洗浴推拿场所,108.96871533634636,34.26877761304067,碑林区,108.97346,34.267253
B0K0BLQ6UB,云海意境足疗,生活服务;洗浴推拿场所;洗浴推拿场所,109.00534456024316,34.233811096797,雁塔区,109.010239,34.23238
B001D0WIBN,顺丰速运(金源都市店),生活服务;物流速递;物流速递,108.97120153769043,34.2347452029953,碑林区,108.975953,34.233214
B0FFJGO9D7,郑远元专业修脚房(西安市建工路店),生活服务;洗浴推拿场所;洗浴推拿场所,108.99900692565384,34.244821195245244,碑林区,109.003875,34.243375
B0G19H9CS7,菜鸟驿站(永乐小区店),生活服务;物流速递;物流速递,108.97058405617688,34.269783224815015,新城区,108.975336,34.268264
B0KGOGDRE6,西安碑林易康诊所,生活服务;生活服务场所;生活服务场所,108.96991938376765,34.23625408530365,碑林区,108.974666,34.23472
B0FFJ5KCLY,菜鸟驿站(长乐壹号店),生活服务;物流速递;物流速递,109.02339955985455,34.27218900498016,灞桥区,109.028373,34.270826
B0KGX6DNWC,菜鸟驿站(雅苑东方店),生活服务;物流速递;物流速递,109.00293991372028,34.245608946964616,新城区,109.007825,34.244175
B0J26AO46Z,大飞图文广告(打印复印),生活服务;生活服务场所;生活服务场所,108.9678717911588,34.24149653487214,碑林区,108.972611,34.239959
B001D08CG1,中国移动(东新城市花园店),生活服务;电讯营业厅;中国移动营业厅|购物服务;家电电子卖场;手机销售|公司企业;公司;电信公司,108.99852002096254,34.244851662857926,碑林区,109.003386,34.243404
B0G1SK863B,顺丰速运(华清学府城店),生活服务;物流速递;物流速递,109.01708270307527,34.246343377006674,新城区,109.022028,34.244952
B0KGZL036T,畅游吧婴幼儿水中体适能拓展中心(长乐壹号店),生活服务;婴儿服务场所;婴儿游泳馆,109.02328698908644,34.27249619566049,灞桥区,109.02826,34.271133
B0FFHNRPGO,废旧再生废品回收,生活服务;生活服务场所;生活服务场所,108.98670022660944,34.23666834135805,雁塔区,108.991515,34.235182
B0FFJ2MCG7,菜鸟驿站(海伦国际东区西门店),生活服务;物流速递;物流速递,108.9994061958501,34.2329744297932,雁塔区,109.004275,34.231525
B0G1959ZOY,菜鸟驿站(电业新村店),生活服务;物流速递;物流速递,108.96962627994604,34.275594397871515,新城区,108.974375,34.274075
B0FFM7WOX9,菜鸟驿站(东新城市家园店),生活服务;物流速递;物流速递,108.99809843831002,34.24962211165016,碑林区,109.002963,34.248175
B001D11ATC,敕建万寿八仙宫售票处,生活服务;售票处;公园景点售票处,108.9752649390553,34.26571805601425,碑林区,108.980035,34.26421
B0FFG0ZGGN,中铁快运(友谊东路),生活服务;物流速递;物流速递,108.9779201398824,34.2425886354152,碑林区,108.982699,34.241079
B0H17OAITK,菜鸟驿站(西安更新街19号店),生活服务;物流速递;物流速递,108.9730490208779,34.262381523582334,碑林区,108.97781,34.260866
B0FFKMQVX2,菜鸟驿站(信步闲庭小区店),生活服务;物流速递;物流速递,109.00091742848292,34.247974182124416,碑林区,109.005794,34.246535
B0FFFHAK5X,明辉棉被加工,生活服务;生活服务场所;生活服务场所,108.970792105032,34.23504719465405,碑林区,108.975542,34.233515
B0FFIKEQYO,菜鸟驿站(西安利安东亭西门店),生活服务;物流速递;物流速递,109.02220023576048,34.25085890548178,新城区,109.027167,34.249484
B0IG4D1209,弘毅广告快印,生活服务;生活服务场所;生活服务场所,108.9707443295678,34.27105427456506,新城区,108.975497,34.269536
B0FFJAHNFP,中国移动(金花南路营业厅),生活服务;电讯营业厅;中国移动营业厅,108.99248486905655,34.25787088803032,碑林区,108.997326,34.25641
B0J3NLVB9H,菜鸟驿站(世纪广场小区店),生活服务;物流速递;物流速递,108.98771913222215,34.27025619556101,新城区,108.992541,34.268786
B0H2CDT94Y,舒生活艾究馆,生活服务;生活服务场所;生活服务场所,109.00138198447289,34.25325172571846,新城区,109.006261,34.251816
B0FFG9YKNO,福奈特洗衣(西安咸宁路店),生活服务;洗衣店;洗衣店,108.99085126444946,34.25289475779816,碑林区,108.995685,34.251427
B001D0WDOY,大众浴池(新科路店),生活服务;洗浴推拿场所;洗浴推拿场所,109.00692244798852,34.24977328687346,新城区,109.011825,34.248353
B0GD19ONPQ,菜鸟驿站(乐居场店),生活服务;物流速递;物流速递,108.97052183975984,34.25103085273614,碑林区,108.975272,34.249504
B0LR17TVF7,西安居美佳装饰旧房翻新墙面刷新全屋定制,生活服务;生活服务场所;生活服务场所,108.9830263391087,34.24009287060316,雁塔区,108.987826,34.238597
B0L2M4X6T3,中国电信(长乐坊营业厅),生活服务;电讯营业厅;中国电信营业厅,108.96929265322936,34.262336681986554,碑林区,108.974039,34.260811
B0FFLJNEAD,菜鸟驿站(西安枣园巷西口1店),生活服务;物流速递;物流速递,108.96856986298532,34.25696372823684,碑林区,108.973313,34.255434
B0LAJPONGI,联想官方直营客服中心金花店(天彩大厦店),生活服务;生活服务场所;生活服务场所,108.99114255691038,34.27048086149705,新城区,108.995979,34.269021
B0HK1UC9IG,陕西沐邦律师事务所,生活服务;事务所;律师事务所,108.9693049623464,34.27016548557949,新城区,108.974052,34.268643
B0KUP59ATG,中国联通(星币传说营业厅),生活服务;电讯营业厅;中国联通营业厅,108.98892398681092,34.258677259825205,碑林区,108.99375,34.257206
B0FFIR9TQE,菜鸟驿站(西安梅园小区1店),生活服务;物流速递;物流速递,108.9927078566066,34.23455614443152,雁塔区,108.997548,34.233087
B0FFM8JSYF,典唐盲人推拿(仁厚庄南路店),生活服务;洗浴推拿场所;洗浴推拿场所,108.9893273626693,34.25759948010828,碑林区,108.994155,34.256129
B0K0J5BAXI,京东物流(西安咸宁营业部),生活服务;物流速递;物流速递,109.01961507239504,34.25973581106613,新城区,109.024572,34.258357
B0IB1XFEKB,菜鸟驿站(西安铁安二街九久香店),生活服务;物流速递;物流速递,108.97225408514964,34.23885681306491,碑林区,108.97701,34.23733
B0GDCG6QQL,中国电信(纺织城营业厅),生活服务;电讯营业厅;中国电信营业厅|公司企业;公司;电信公司,109.0593974365131,34.26872770639533,灞桥区,109.064495,34.267447
B0J6AAVUGA,沐悦汤泉汗蒸,生活服务;洗浴推拿场所;洗浴推拿场所,109.0461179354545,34.27576688565089,灞桥区,109.051176,34.274463
B0FFIDG91O,中国移动(纺正街营业厅),购物服务;家电电子卖场;手机销售|生活服务;电讯营业厅;中国移动营业厅,109.05823454090851,34.269697325787696,灞桥区,109.063329,34.268415
B0FFKWBFLX,灞业·3000米温泉,生活服务;洗浴推拿场所;洗浴推拿场所,109.02610322346683,34.26619391124492,灞桥区,109.031087,34.264836
B0FFJ930GY,西安秦华天然气(纺织城西街店),生活服务;生活服务场所;生活服务场所,109.05527471127206,34.272416580463656,灞桥区,109.060361,34.27113
B0L2AA1F3K,龙腾铂悦学府营销中心,生活服务;生活服务场所;生活服务场所,109.0264284634491,34.259933523295146,灞桥区,109.031413,34.258574
B001D0VWFI,灞桥区妇幼保健计划生育服务中心,生活服务;生活服务场所;生活服务场所,109.06031649656136,34.2741209427662,灞桥区,109.065417,34.272844
B0FFIPEJ4K,峰光鸣铸装饰(东大明宫店),购物服务;家居建材市场;建材五金市场|公司企业;公司;公司|生活服务;生活服务场所;生活服务场所,109.04584564991691,34.266326351533856,灞桥区,109.050902,34.265018
B0FFGLBIWV,浪漫水汇(纺织城店),生活服务;洗浴推拿场所;洗浴推拿场所,109.0640070023015,34.26234983427759,灞桥区,109.069116,34.261074
B0J2P58MRV,金地清峯上营销中心,生活服务;生活服务场所;生活服务场所,109.03575094826677,34.26843346070113,灞桥区,109.040772,34.267102
B0FFF652YE,陕西广电网络(纺一路营业厅),生活服务;生活服务场所;生活服务场所,109.0653467328586,34.273716219653004,灞桥区,109.07046,34.272447
B0IKSZYVEP,联想百应服务中心(纺织城店),生活服务;维修站点;维修站点,109.06105658907684,34.27349197591871,灞桥区,109.066159,34.272216
B0FFG89PE4,秦农银行(灞桥支行营业室),金融保险服务;银行;农村商业银行|生活服务;生活服务场所;生活服务场所,109.03339314438732,34.27556056353081,灞桥区,109.038406,34.274226
B0GKJ10KW6,华夏幸福里购物广场招商中心,生活服务;生活服务场所;生活服务场所,109.05074607645734,34.275631115535,灞桥区,109.055819,34.274337
B0GUKCFX38,自在空间,餐饮服务;茶艺馆;茶艺馆|公司企业;公司;公司|体育休闲服务;体育休闲服务场所;体育休闲服务场所|生活服务;生活服务场所;生活服务场所,109.05179615796008,34.27183855637556,灞桥区,109.056872,34.270545
B0GKF6NFKR,中国联通(纺四路营业厅),生活服务;电讯营业厅;中国联通营业厅,109.0602164515436,34.26617035712005,灞桥区,109.065316,34.26489
B001D090F3,中国邮政(纺织城邮政支局),生活服务;邮局;邮局,109.0588852148526,34.27587465149875,灞桥区,109.063982,34.274596
B0J01R3VXO,顺丰速运(田马路店),生活服务;物流速递;物流速递,109.02669390065712,34.242413593154524,雁塔区,109.031678,34.241048
B0FFFFU3PU,西安半坡博物馆售票处,生活服务;售票处;公园景点售票处,109.04592268281976,34.27460079921208,灞桥区,109.05098,34.273296
B0I169VI5B,尊尚沐足SPA(半坡店),生活服务;洗浴推拿场所;洗浴推拿场所,109.04754923150738,34.27586472598342,灞桥区,109.052612,34.274564
B0KK7SP6C0,中星书香雅苑营销中心,生活服务;生活服务场所;生活服务场所,109.03005226272388,34.25979274805418,灞桥区,109.035051,34.258443
B001D110WW,国家电网(等驾坡中心供电所营业厅),生活服务;电力营业厅;电力营业厅,109.0286935677076,34.23609051943955,雁塔区,109.033685,34.234728
B0FFI3E0CQ,顺丰速运(十里锦绣店),生活服务;物流速递;物流速递,109.04964727864366,34.23200743956015,灞桥区,109.054713,34.230694
B0FFIV57RT,陕西富达物流,生活服务;物流速递;物流速递,109.02952958382372,34.24461105613559,雁塔区,109.034525,34.243254
B0FFKBVXRK,菜鸟驿站(西安田家湾南村1店),生活服务;物流速递;物流速递,109.03683551605468,34.25023995739043,雁塔区,109.041859,34.248904
B0FFJX6VXS,郑远元专业修脚房(恒大绿洲店),生活服务;洗浴推拿场所;洗浴推拿场所,109.03627035320444,34.252999299253055,雁塔区,109.041292,34.251663
B0KGFD43TL,万嘉城配物流,生活服务;物流速递;物流速递,109.02900526031092,34.24889782252644,雁塔区,109.033999,34.247541
B0JKR91453,春木森装饰,生活服务;生活服务场所;生活服务场所,109.04518500660352,34.25289415379702,灞桥区,109.050238,34.251579
B0KACCQGVQ,灞业云阶营销中心,生活服务;生活服务场所;生活服务场所,109.02604138542269,34.2671826818848,灞桥区,109.031025,34.265825
B0FFIQBMF0,菜鸟驿站(西安张家坡东口店),生活服务;物流速递;物流速递,109.02525659562636,34.254491910184974,灞桥区,109.030236,34.253127
B0FFIKC1J1,万贝百草堂(半坡店),生活服务;洗浴推拿场所;洗浴推拿场所,109.04904839817549,34.27594750100534,灞桥区,109.054116,34.27465
B0K0JHCYKY,菜鸟驿站(西安潘村店),生活服务;物流速递;物流速递,109.0821691194818,34.2319030549501,灞桥区,109.087312,34.230636
B0H33PPWLU,顺丰速运(咸宁东路店),生活服务;物流速递;物流速递,109.03154411058928,34.252850521522205,雁塔区,109.036548,34.251502
B0JRDR3Y1E,筋骨堂热敷推拿按摩(浐灞龙湖天街店),生活服务;生活服务场所;生活服务场所,109.03343695271712,34.26416510029423,灞桥区,109.038449,34.262826
B0JRKKUY15,顺丰速运(林河春天店),生活服务;物流速递;物流速递,109.0687643735194,34.26674131421306,灞桥区,109.073885,34.265474
B0FFKX18SV,逍迈影像婚纱摄影工作室(客片严选店),生活服务;生活服务场所;生活服务场所,109.03152536232356,34.25074039122839,雁塔区,109.036529,34.249391
B0JDKM6GNM,中国邮政(纺五路邮政所),生活服务;邮局;邮局,109.0610855352918,34.26167472155239,灞桥区,109.066187,34.260394
B0FFHNS27Y,申通快递(半坡立交店),生活服务;物流速递;物流速递,109.04039858881528,34.27490938267459,灞桥区,109.045437,34.273592
B0FFIMSN2T,郑远元专业修脚房(浐灞新城店),生活服务;洗浴推拿场所;洗浴推拿场所,109.07208745465456,34.275463602416025,灞桥区,109.077216,34.274204
B0I07HOOJ0,宇鑫物流(田马路店),生活服务;物流速递;物流速递,109.02920966342424,34.246550174622016,雁塔区,109.034204,34.245193
B0LR9HP9PN,奈晚推拿·按摩新养生(龙湖香醍天街店),生活服务;洗浴推拿场所;洗浴推拿场所,109.032686946468,34.26232678467551,灞桥区,109.037696,34.260985
B0FFFGUWJD,韵达快递(咸宁东路二分部),生活服务;物流速递;物流速递,109.0254648144374,34.253892566846886,灞桥区,109.030445,34.252528
B0JGK6OILN,菜鸟驿站(咏硕路店),生活服务;物流速递;物流速递,109.04186451186578,34.239205996326305,雁塔区,109.046905,34.237878
B0LAT18M8O,妈妈驿站(弘知路店),生活服务;物流速递;物流速递,109.08255948620048,34.23238959627395,灞桥区,109.087703,34.231123
B0FFLORBXQ,天悦东都菜鸟驿站(西安灞桥天悦东都店),生活服务;物流速递;物流速递,109.02527535714871,34.26817639990429,灞桥区,109.030256,34.266817
B0FFG3EO94,蓝航电脑维修,生活服务;维修站点;维修站点,109.05822592491651,34.277099291751384,灞桥区,109.063321,34.27582
B0G2V7LXSO,西安市骏宇物流有限公司,生活服务;物流速递;物流速递,109.084829725217,34.27246049657116,灞桥区,109.08998,34.271211
B0FFLMXSBM,绿禾·影院式沐足·SPA(半坡店),生活服务;洗浴推拿场所;洗浴推拿场所,109.051962377273,34.27498692710028,灞桥区,109.057039,34.273695
B0IG57MCTX,中国联通(韩森东路营业厅),生活服务;电讯营业厅;中国联通营业厅,109.03166306604942,34.25975948959172,灞桥区,109.036668,34.258414
B0FFGILGII,安吉星物流仓储中心,生活服务;物流速递;物流仓储场地,109.03315453064648,34.24645678192078,雁塔区,109.038164,34.24511
B0FFJHCXTO,菜鸟驿站(东江花园店),生活服务;物流速递;物流速递,109.06257501128626,34.25774688319217,灞桥区,109.06768,34.256467
B0HGN1PXYL,菜鸟驿站(海棠华府店),生活服务;物流速递;物流速递,109.06783066692584,34.27622467685493,灞桥区,109.07295,34.27496
B0HG95QXVK,壹米滴答(陕纺织城营业部),生活服务;物流速递;物流速递,109.04972310784191,34.23120857597119,灞桥区,109.054789,34.229895
B0FFITJ0QL,菜鸟驿站(西安东城桃园北门一号店),生活服务;物流速递;物流速递,109.02527770255745,34.25224073040598,新城区,109.030257,34.250875
B001D0VRN4,中国邮政(半坡邮政所),生活服务;邮局;邮局,109.04610635638586,34.271317744604936,灞桥区,109.051164,34.270012
B0JBTOCAMJ,京东快递(西安纺织城营业部),生活服务;物流速递;物流速递,109.07347373069209,34.27440845416411,灞桥区,109.078605,34.27315
B0J16NOMD4,水沐年华SPA足道(浐河店),生活服务;洗浴推拿场所;洗浴推拿场所,109.04096763090082,34.26270799341822,灞桥区,109.046007,34.261387
B0FFIKEI59,菜鸟驿站(东方绿洲店),生活服务;物流速递;物流速递,109.03282626690668,34.25238434525974,雁塔区,109.037835,34.251039
B0J065C4AJ,二手厨具回收总部,生活服务;生活服务场所;生活服务场所,109.02636146912477,34.23947461712737,雁塔区,109.031344,34.238107
B0J1FZ2A96,凯达搬家,生活服务;生活服务场所;生活服务场所,109.04590146834028,34.25464687600248,灞桥区,109.050957,34.253334
B0J0J5FPO3,西安东站-开锁换锁配钥匙,生活服务;生活服务场所;生活服务场所|购物服务;购物相关场所;购物相关场所,109.04983489313597,34.229604932329295,灞桥区,109.054901,34.228291
B0JBSMQXAJ,卫东家电维修店(变频空调主板液晶电视壁挂炉维修),生活服务;维修站点;维修站点,109.0458442064879,34.271540232408924,灞桥区,109.050901,34.270234
B0HR0UW844,纺九路小兵驿站,生活服务;生活服务场所;生活服务场所,109.0571509444271,34.25378360576414,灞桥区,109.062241,34.252493
B0I10S4EUY,美丽田园(西安香缇天街店),生活服务;美容美发店;美容美发店,109.03327057313275,34.264251496318046,灞桥区,109.038282,34.262912
B0G2TK3QAN,菜鸟驿站(向阳沟小区店),生活服务;物流速递;物流速递,109.06651190123772,34.23965596351273,灞桥区,109.071625,34.238375
B0H66ZCJ71,福奈特洗衣(西安龙湖香醍店),生活服务;洗衣店;洗衣店,109.03293683792872,34.26421737622812,灞桥区,109.037947,34.262877
B0HAC7WWUD,中国邮政(田家湾邮政所),生活服务;邮局;邮局,109.02953485356794,34.25294382889022,雁塔区,109.034531,34.25159
B0IATBH9S4,西安市殡仪馆纺东街办事处,生活服务;生活服务场所;生活服务场所,109.06376961742052,34.26207630563707,灞桥区,109.068878,34.2608
B0FFG50KXZ,百世快运(西安东郊九站),生活服务;物流速递;物流速递,109.02877119293782,34.24867753912159,雁塔区,109.033764,34.24732
B0FFGAEB8T,电脑手机维修,生活服务;维修站点;维修站点,109.03439227511517,34.25351286146404,雁塔区,109.039407,34.252172
B0I331YVJL,菜鸟驿站(四棉厂住宅振兴区店),生活服务;物流速递;物流速递,109.06575321896102,34.26835382325216,灞桥区,109.070867,34.267083
B0KAAH8WM6,王二幺鲜切牛肉自助老火锅,生活服务;生活服务场所;生活服务场所,109.03125587680827,34.26854103434566,灞桥区,109.03626,34.267198
B0FFLB9G4L,菜鸟驿站(纺建路店),生活服务;物流速递;物流速递,109.05581582925616,34.27605906977316,灞桥区,109.060904,34.274775
B0K051R3KG,郑远元专业修脚房(灞业大境西区店),生活服务;洗浴推拿场所;洗浴推拿场所,109.02523961248322,34.26685503498934,灞桥区,109.03022,34.265495
B0LAYSYTWU,蓝鲸快乐宝贝婴童游泳馆(龙湖天街店),生活服务;婴儿服务场所;婴儿游泳馆,109.03299367179858,34.263643459017,灞桥区,109.038004,34.262303
B0FFIKEPZ9,菜鸟驿站(五环集团民主区店),生活服务;物流速递;物流速递,109.0589345286495,34.259115362512,灞桥区,109.06403,34.25783
B0IBZR5S3O,菜鸟驿站(浐灞新城3期店),生活服务;物流速递;物流速递,109.07405836586896,34.27680181947353,灞桥区,109.079191,34.275545
B0FFM7WNGD,菜鸟驿站(信苑小区店),生活服务;物流速递;物流速递,109.02924489220368,34.253994197843284,雁塔区,109.03424,34.25264
B0JGSCJQI5,菜鸟驿站(龙湖·香醍国际社区店),生活服务;生活服务场所;生活服务场所,109.03418221168864,34.26345946310067,灞桥区,109.039197,34.262122
B0HKXUQWIX,菜鸟驿站(高科麓湾洋房北门店),生活服务;物流速递;物流速递,109.04665295520294,34.23172893004228,灞桥区,109.051709,34.230409
B0J3GX32WM,菜鸟驿站(敏行路店),生活服务;物流速递;物流速递,109.07741140277898,34.23862750943491,灞桥区,109.082547,34.237359
B0FFFVNHJB,清源浴池(田马路店),生活服务;洗浴推拿场所;洗浴推拿场所,109.02971623467928,34.24019922777297,雁塔区,109.034712,34.238841
B0FFHMWMFW,菜鸟驿站(棕榈湾店),生活服务;物流速递;物流速递,109.02631283574568,34.27270767816533,灞桥区,109.031298,34.271353
B0LRMUYCGQ,顺丰速运(沁水新城店),生活服务;生活服务场所;生活服务场所,109.0329353807576,34.26963518652225,灞桥区,109.037946,34.268297
B0G1958X6Y,菜鸟驿站(西安四棉互助区母子3号楼2号店),生活服务;物流速递;物流速递,109.06170842466484,34.26723846973402,灞桥区,109.066812,34.265961
B0KRK78S8A,朴笙采耳•头疗•按摩SPA(浐灞龙湖店),生活服务;生活服务场所;生活服务场所,109.0322933453813,34.26346035844717,灞桥区,109.037301,34.262118
B0I0M545TS,遇见足迹·浴足·简餐(半坡国际广场店),生活服务;洗浴推拿场所;洗浴推拿场所,109.04959166936732,34.27598834745115,灞桥区,109.054661,34.274692
B0J27ACGMG,铁良废铁铜铝书报纸打包站,生活服务;生活服务场所;生活服务场所,109.03126859335072,34.23611162889969,雁塔区,109.03627,34.234756
B0FFKBW0EG,菜鸟驿站(西安灞桥丽水花都总店),生活服务;物流速递;物流速递,109.04549319106148,34.27367713288725,灞桥区,109.050549,34.272371
B0LAHDHV9I,拼多多驿站(棕榈湾店),生活服务;生活服务场所;生活服务场所,109.02626701960376,34.27268681300739,灞桥区,109.031252,34.271332
B0FFKCI3KK,西安捷顺诚物流有限公司,生活服务;物流速递;物流速递,109.08355142940678,34.273664810318536,灞桥区,109.0887,34.272415
B0J2SUSIS9,高科麓湾一期妈妈驿站,生活服务;物流速递;物流速递,109.04705206205878,34.23853753019903,灞桥区,109.05211,34.237221
B0IRJ7M2LA,菜鸟驿站(东江锦苑店),生活服务;物流速递;物流速递,109.0654312915313,34.276450964411175,灞桥区,109.070545,34.275183
B0FFJKI71Q,每一天便利店(龙湖香醍璟宸店),生活服务;生活服务场所;生活服务场所,109.03407096636472,34.2595073257693,灞桥区,109.039085,34.258168
B0FFJ3FPK4,快鸟驿站(现代花城店),生活服务;物流速递;物流速递,109.05635362606758,34.27210971017342,灞桥区,109.061443,34.270825
B0JU9XDNVT,妈妈驿站,生活服务;生活服务场所;生活服务场所,109.03338689431196,34.25534973099563,雁塔区,109.038398,34.254007
B0J16OXKYB,菜鸟驿站(长乐府店),生活服务;物流速递;物流速递,109.02638685274256,34.2690529696475,灞桥区,109.031372,34.267697
B0FFL8C5ML,中通快递西安东郊九部,生活服务;物流速递;物流速递,109.03105389563947,34.2422358956701,雁塔区,109.036055,34.240882
B0LRCCFMCA,爱回收(龙湖香醍天街店),生活服务;生活服务场所;生活服务场所,109.03248058901194,34.26397866096848,灞桥区,109.037489,34.262637
B0JR5KPRN8,菜鸟驿站(西安暖山西安1期东门1店),生活服务;物流速递;物流速递,109.04218273513877,34.24704927368489,雁塔区,109.047225,34.245725
B0J2ZCD9Z0,元道热敷推拿(龙湖·香醍国际社区一期店),生活服务;洗浴推拿场所;洗浴推拿场所,109.03411836896174,34.264419241559416,灞桥区,109.039133,34.263082
B0FFJ2WR47,远诚宝路通物流田马路营业部,生活服务;物流速递;物流速递,109.02958342817378,34.243982151251075,雁塔区,109.034579,34.242625
B001D03S2I,中国建设银行西安纺建路支行(工会驿站),生活服务;生活服务场所;生活服务场所,109.0607900533313,34.27625627176421,灞桥区,109.065892,34.274981
B0KAZUK6WB,废品回收,生活服务;生活服务场所;生活服务场所,109.05291744685093,34.27531490181872,灞桥区,109.057997,34.274025
B0K22UDJKV,小磊废品回收,生活服务;生活服务场所;生活服务场所,109.0517365657529,34.23440028725125,灞桥区,109.056809,34.233092
B0LAOCPBKF,元博开锁换锁(不配钥匙),生活服务;维修站点;维修站点,109.03317600714182,34.251639726232135,雁塔区,109.038186,34.250295
B0L0CYWSFJ,陕西钜簏物流服务有限公司,生活服务;物流速递;物流速递,109.02959542041248,34.243526292491346,雁塔区,109.034591,34.242169
B0GK1GVEK3,邦选地产(半坡国际广场店),生活服务;中介机构;中介机构,109.04612091321916,34.27591081941215,灞桥区,109.051179,34.274607
B0FFLNA0Z2,古道足浴·养生SPA(现代花城店),生活服务;洗浴推拿场所;洗浴推拿场所,109.05657899086536,34.2720183363931,灞桥区,109.061669,34.270734
B0L1S5PHHT,百吨地磅,生活服务;生活服务场所;生活服务场所,109.0286020370237,34.234781253904806,雁塔区,109.033593,34.233418
B0K2SM9FVA,灞桥区就业创业服务驿站(堡子村商圈站),生活服务;生活服务场所;生活服务场所,109.04721527384484,34.27639522731654,灞桥区,109.052277,34.275094
B0KRAC796Q,中国移动纺一路西口营业厅,生活服务;电讯营业厅;中国移动营业厅,109.05534245578866,34.273094175146376,灞桥区,109.060429,34.271808
B0FFLGQ7MB,典唐盲人推拿(龙湖香醍店),生活服务;洗浴推拿场所;洗浴推拿场所,109.03529045108938,34.25910737025317,灞桥区,109.040309,34.257771
B0KDLUPBPB,安能物流(田马路店),生活服务;物流速递;物流速递,109.02970305113972,34.24295522087655,雁塔区,109.034699,34.241598
B0IGXHMDUP,弘源黄金回收名表名包奢侈品礼品回收寄卖,生活服务;生活服务场所;生活服务场所,109.03268420519063,34.259417950556795,灞桥区,109.037693,34.258075
B0H16OYWG2,菜鸟驿站(西安霸桥龙湖香醍天宸北门店),生活服务;物流速递;物流速递,109.03428222845368,34.258879032563655,灞桥区,109.039297,34.25754
B0FFI8FLD7,中国电信智慧社区服务中心,生活服务;电讯营业厅;中国电信营业厅,109.0350408788112,34.26494966976632,灞桥区,109.040059,34.263615
B0J0TGX29S,兔喜快递超市(恒大绿洲店),生活服务;物流速递;物流速递,109.03687511832094,34.25319670945697,雁塔区,109.041899,34.251862
B0HGNHMCYT,老雷家中医正骨推拿,生活服务;洗浴推拿场所;洗浴推拿场所,109.02552358520929,34.25382842898233,灞桥区,109.030504,34.252464
B0FFKGUMB3,菜鸟驿站(西安绿地与湖四期西门一店),生活服务;物流速递;物流速递,109.03713477037368,34.23447918557316,雁塔区,109.042158,34.233138
B0L3M7MS9G,中国移动(长乐坡营业厅),生活服务;电讯营业厅;中国移动营业厅,109.03075635989045,34.261946015346275,灞桥区,109.035758,34.260599
B0KA7S1WST,西安市同城开换锁指纹锁服务部,生活服务;生活服务场所;生活服务场所,109.04414092043176,34.27155704349768,灞桥区,109.049192,34.270247
B0GU4OW4CU,精鑫印图文广告店,生活服务;摄影冲印店;摄影冲印,109.05069826921005,34.27512242379315,灞桥区,109.055771,34.273828
B0I0K4V2G8,典唐盲人推拿(绿地与湖店),生活服务;洗浴推拿场所;洗浴推拿场所,109.0401420677887,34.233223308405734,雁塔区,109.045176,34.231889
B0KDUZ3JTU,御龙足道·影院式·SPA(半坡店),生活服务;洗浴推拿场所;洗浴推拿场所,109.04827487649264,34.275947137567435,灞桥区,109.05334,34.274648
B0K3YD7FAO,京东物流(西安长乐营业部),生活服务;物流速递;物流速递,109.03308316731088,34.24215660534445,雁塔区,109.038092,34.240808
B001D14OPH,枣园刘温泉浴池,生活服务;洗浴推拿场所;洗浴推拿场所,109.07015411370368,34.268981614871905,灞桥区,109.075278,34.267717
B0FFMEYAB9,中国移动花语城营业厅,生活服务;电讯营业厅;中国移动营业厅,109.0515946076348,34.25059343263304,灞桥区,109.056668,34.249291
B0KUCUZAIC,岸时名表维修(龙湖西安香醍天街沁水路店),生活服务;维修站点;维修站点,109.03284220097775,34.26416364397419,灞桥区,109.037852,34.262823
B0FFH8BRXT,弹棉花,生活服务;生活服务场所;生活服务场所,109.03272678338958,34.239029711497096,雁塔区,109.037734,34.237679
B0GKH712IA,兔喜快递超市,生活服务;物流速递;物流速递,109.02604344127712,34.26642998085026,灞桥区,109.031027,34.265072
B0FFKH65HE,中国电信(浐河西路营业厅),生活服务;电讯营业厅;中国电信营业厅,109.04090772712952,34.252374215461145,雁塔区,109.045946,34.251049
B0KAOR2TVF,高价废品回收,生活服务;生活服务场所;生活服务场所,109.05020350521164,34.255511345403384,灞桥区,109.055273,34.254208
B0FFJ0RPIU,中国邮政(浐灞新城邮政所),生活服务;邮局;邮局,109.07084891186392,34.27712639920853,灞桥区,109.075975,34.275866
B0LAD564BT,丰和家电制冷维修店,生活服务;维修站点;维修站点,109.0349683665175,34.238990952121554,雁塔区,109.039984,34.237646
B0JR768WZJ,菜鸟驿站(灞业大境店),生活服务;物流速递;物流速递,109.02520477563765,34.26657524497689,灞桥区,109.030185,34.265215
B0JDSCPT7F,开锁配钥匙修鞋指纹锁,生活服务;生活服务场所;生活服务场所,109.05972665139164,34.267506641925706,灞桥区,109.064825,34.266226
B0K2H5LI4Z,郑远元专业修脚房(广厦水岸东方店),生活服务;洗浴推拿场所;洗浴推拿场所,109.04023885976396,34.266673133875706,灞桥区,109.045276,34.265352
B0GRXU8PBY,四季安物流(田马路店),生活服务;物流速递;物流速递,109.02961632068111,34.24374415359151,雁塔区,109.034612,34.242387
B0G39SOP2A,宏科空调制冷维修(咸宁东路),生活服务;维修站点;维修站点,109.02886763586996,34.250795459941,雁塔区,109.033861,34.249439
B0KD7PJDTO,黄金回收抵押修表上门,生活服务;生活服务场所;生活服务场所,109.02872008404934,34.25230227307163,雁塔区,109.033713,34.250946
B001D14OPA,祥和大众浴池(田家湾村妇女委员会北),生活服务;洗浴推拿场所;洗浴推拿场所,109.03586117549256,34.249318756958886,雁塔区,109.040881,34.24798
B0FFHBIVA7,唯美图文快印,生活服务;生活服务场所;生活服务场所,109.07684452943636,34.23738851230254,灞桥区,109.081979,34.236119
B0HGOZVCJL,手机电脑快修(尚成),生活服务;维修站点;维修站点,109.03162522028612,34.25964863324488,灞桥区,109.03663,34.258303
B0KDF1X7R0,制冷配件,生活服务;维修站点;维修站点,109.03600379095072,34.25935946744436,灞桥区,109.041025,34.258025
B0IDZS4E3X,高价回收废品,生活服务;生活服务场所;生活服务场所,109.05119101619763,34.24869198164918,灞桥区,109.056263,34.247388
B0J2HCGSAB,中国移动(五湖名邸营业厅),生活服务;电讯营业厅;中国移动营业厅,109.0380527345954,34.23099520252939,雁塔区,109.043079,34.229655
B0K0GU3C6C,金骐寄典行、黄金回收抵押,生活服务;生活服务场所;生活服务场所,109.05517494821538,34.27303651241305,灞桥区,109.060261,34.27175
B0MBYG4FI3,中国移动(纺织城营业厅),生活服务;生活服务场所;生活服务场所,109.05947667032424,34.2751029552625,灞桥区,109.064575,34.273825
B0G2C9B96W,舒心堂盲人推拿(灞业大境店),生活服务;洗浴推拿场所;洗浴推拿场所,109.02653941915914,34.267031370667866,灞桥区,109.031525,34.265675
B0FFLCYMLN,公共厕所管理间,公共设施;公共厕所;公共厕所|生活服务;生活服务场所;生活服务场所,109.06714588035038,34.26892861594775,灞桥区,109.072263,34.26766
B0FFHP9GC6,菜鸟驿站(五湖名邸店),生活服务;物流速递;物流速递,109.0358059561804,34.23086284831096,雁塔区,109.040824,34.229517
B0FFH309XE,臻园阳光销售中心,生活服务;生活服务场所;生活服务场所,109.05810077011964,34.271336890738255,灞桥区,109.063195,34.270055
B0FFG77LB9,康辉旅游(咸宁东路门市部),生活服务;旅行社;旅行社,109.0362932714086,34.25297025306441,雁塔区,109.041315,34.251634
B001D08W9Z,中国邮政(平等区邮政所),生活服务;邮局;邮局,109.055021093214,34.25338168103502,灞桥区,109.060105,34.252087
B0GRMAZ10B,中国联通5Gn智慧生活馆(月登阁路店)(装修中),生活服务;电讯营业厅;中国联通营业厅,109.03364396462592,34.23146114656844,雁塔区,109.038654,34.23011
B0LKA59BBP,顺丰速运(龙湖二期北门店),生活服务;生活服务场所;生活服务场所,109.0350558924544,34.26413695852208,灞桥区,109.040074,34.262802
B0KKBX2L6M,梦语SPA生活馆(纺织城店),生活服务;美容美发店;美容美发店,109.05476698520148,34.25166083051972,灞桥区,109.05985,34.250365
B0FFLM0U3W,御锦足浴馆(棕榈湾店),生活服务;洗浴推拿场所;洗浴推拿场所,109.02700605265731,34.273114605792564,灞桥区,109.031994,34.271762
B0L0M7ABOL,黄金回收抵押奢侈品,生活服务;生活服务场所;生活服务场所,109.06018286026163,34.26248289606788,灞桥区,109.065282,34.261201
B0K1394C98,怪兽充电,生活服务;生活服务场所;生活服务场所,109.0419410250476,34.24178384511966,雁塔区,109.046982,34.240457
B0I3TN417A,韵达快递(鹿原街店),生活服务;物流速递;物流速递,109.0682724190528,34.26747567036106,灞桥区,109.073392,34.266208
B0KBO5D0DG,小咚加按摩推拿足疗(龙湖·香醍国际社区一期店),生活服务;洗浴推拿场所;洗浴推拿场所,109.0331348122189,34.26745755402561,灞桥区,109.038146,34.266119
B0LGSH8LWJ,开锁换锁汽车钥匙指纹锁刻章(暖山西安店),生活服务;生活服务场所;生活服务场所,109.04344248703744,34.246046744243955,雁塔区,109.048489,34.244725
B0JR66DNFR,安居·乐筑(纺六路店),生活服务;生活服务场所;生活服务场所|商务住宅;商务住宅相关;商务住宅相关,109.05412183413428,34.26386123829084,灞桥区,109.059204,34.262569
B0L3XZ14PQ,贵足岛足浴,生活服务;洗浴推拿场所;洗浴推拿场所,109.068271368202,34.26808942269978,灞桥区,109.073391,34.266822
B0FFIV8C63,菜鸟驿站(草北小区店),生活服务;物流速递;物流速递,109.03029600628103,34.263469629961506,灞桥区,109.035296,34.262122
B0HDCAKP7E,废品回收站,生活服务;生活服务场所;生活服务场所,109.05002266722536,34.24860940369533,灞桥区,109.055091,34.247303
B0K64ZQDTQ,花语图文广告快印,生活服务;摄影冲印店;摄影冲印,109.05232525937735,34.25190546477352,灞桥区,109.057401,34.250605
B0JK45LZ5U,中国电信营业厅(浐灞新城一期),生活服务;电讯营业厅;中国电信营业厅,109.07126109292956,34.27648316426666,灞桥区,109.076388,34.275223
B0I1LOOONJ,中国移动(弘知路营业厅),生活服务;电讯营业厅;中国移动营业厅,109.08288114975014,34.23072998215611,灞桥区,109.088025,34.229463
B0FFLJPDTC,堆克首饰设计工作室,生活服务;生活服务场所;生活服务场所,109.05375025474186,34.27178073842615,灞桥区,109.058832,34.270491
B0FFGG5Q5C,中国邮政(张李村邮政所),生活服务;邮局;邮局,109.08261951477704,34.23102405676096,灞桥区,109.087763,34.229757
B0FFH5PJYG,菜鸟驿站(蓝天小区店),生活服务;物流速递;物流速递,109.03188302456454,34.273829216662264,灞桥区,109.03689,34.27249
B0FFLC3OED,废品回收,生活服务;生活服务场所;生活服务场所,109.04664426332052,34.240117824685186,灞桥区,109.051701,34.238801
B0FFG50L16,灞业大境物业服务中心,公司企业;公司;公司|生活服务;生活服务场所;生活服务场所,109.02520780135804,34.26613041638822,灞桥区,109.030188,34.26477
B0FFFDCF0A,恒诚图文快印,生活服务;生活服务场所;生活服务场所,109.07554714744722,34.234845746849174,灞桥区,109.080679,34.233574
B001D08W0I,枣园苏浴池(枣园苏商住楼店),生活服务;洗浴推拿场所;洗浴推拿场所,109.06406788336936,34.26197689089954,灞桥区,109.069177,34.260701
B0JUTCIX31,图文广告快印,生活服务;生活服务场所;生活服务场所,109.03256486708491,34.25697022983057,灞桥区,109.037573,34.255626
B0J065KMG3,龙湖砚熙台售楼部,生活服务;生活服务场所;生活服务场所,109.03144242395904,34.26546478759845,灞桥区,109.036447,34.264121
B0LKO5GI17,凤凰菲尼仕自行车专卖店(纺四路店 ),生活服务;生活服务场所;生活服务场所,109.05758669729802,34.26562212452465,灞桥区,109.062679,34.264337
B0KGXMP6NP,聚盟共建物流,生活服务;物流速递;物流速递,109.02958841289752,34.24393415614734,雁塔区,109.034584,34.242577
B0L1UZ3H17,小嘿象远杨精修电动车小家电(十里铺店),生活服务;维修站点;维修站点,109.02933108422845,34.271272050352735,灞桥区,109.034328,34.269925
B0LRMUXRWU,顺丰速运(水岸二期北门店),生活服务;生活服务场所;生活服务场所,109.0412193705093,34.26711162417767,灞桥区,109.04626,34.265793
B0KDGXTTFY,概念'S HAIR SALON(西安龙湖天街店),生活服务;美容美发店;美容美发店,109.03264011350493,34.262451856734394,灞桥区,109.037649,34.26111
B0KD5UPV7B,田家湾大小家电回收,生活服务;生活服务场所;生活服务场所,109.04038485748087,34.249007765279444,雁塔区,109.045421,34.24768
B0KRM13JCK,新旧二手空调销售回收,生活服务;生活服务场所;生活服务场所,109.02889063180096,34.24978878763227,雁塔区,109.033884,34.248432
B0JAVXO4TJ,菜鸟驿站(中国铁建花语城店),生活服务;物流速递;物流速递,109.0543432179542,34.25182157265243,灞桥区,109.059425,34.250525
B0JDKHAAJF,若初造型,生活服务;美容美发店;美容美发店,109.03392650741137,34.25951969240568,灞桥区,109.03894,34.25818
B0HU4ZL8E0,金帅搬家(雁塔区),生活服务;搬家公司;搬家公司,109.02795488857063,34.24283898479267,雁塔区,109.032944,34.241477
B0L3ZA056I,锅鼎欢持续进步小火锅,生活服务;生活服务场所;生活服务场所,109.04068656452972,34.26334640531246,灞桥区,109.045725,34.262025
B0LR65GAF6,等驾坡驾驶员体检(照相换证),生活服务;生活服务场所;生活服务场所,109.03651343384196,34.2299084205559,雁塔区,109.041534,34.228564
B0FFI7V6V9,西安半坡博物馆游客中心,生活服务;信息咨询中心;服务中心,109.04604928099046,34.27439260567029,灞桥区,109.051107,34.273088
B0FFM7MM6P,新画艺广告刻章 图文快印,公司企业;公司;广告装饰|生活服务;生活服务场所;生活服务场所,109.05847751789362,34.27376323297878,灞桥区,109.063573,34.272483
B0FFL8DC6T,苏师开锁服务部,生活服务;维修站点;维修站点,109.05944124775677,34.26953630224358,灞桥区,109.064539,34.268256
B0FFILXF8Z,中国移动5G(手机专业维修),生活服务;生活服务场所;生活服务场所,109.07208546155438,34.27543161800302,灞桥区,109.077214,34.274172
B0J1BZN3C9,恒爽正骨推拿针灸理疗,生活服务;洗浴推拿场所;洗浴推拿场所,109.05211801099362,34.250512417180275,灞桥区,109.057193,34.249211
B0KASGO885,龙湖沁水路社区服务站,生活服务;生活服务场所;生活服务场所|政府机构及社会团体;政府及社会团体相关;政府及社会团体相关,109.0362687502983,34.26011849996788,灞桥区,109.041291,34.258785
B0HRR7VJW0,铁兵车行,生活服务;维修站点;维修站点,109.0576894357778,34.253744658388406,灞桥区,109.062781,34.252455
B001D08O7M,霸陵墓园,生活服务;丧葬设施;公墓,109.11735953018908,34.253218722006,灞桥区,109.122525,34.251958
B001D08WST,汉陵墓园,生活服务;丧葬设施;公墓,109.12877142760632,34.244653227279514,灞桥区,109.13393,34.243378
B0FFGXFTAB,霸陵墓园东区销售中心,生活服务;生活服务场所;生活服务场所,109.11973808118697,34.25634545347477,灞桥区,109.124903,34.255084
B0FFLEQK1G,安能物流(苏家营村宇通仓库店),生活服务;物流速递;物流速递,109.08575656418964,34.27137040307537,灞桥区,109.090908,34.270121
B0JDRHPD7O,安居·乐筑(灞桥湿地公园店),生活服务;生活服务场所;生活服务场所,109.1223602527988,34.268084154543104,灞桥区,109.127525,34.266825
B0FFIKDVVQ,菜鸟驿站(西安霸陵路东李村村口店),生活服务;物流速递;物流速递,109.13907689352337,34.23746558479795,灞桥区,109.144225,34.236174
B0H0APQ2UQ,西安三河一山绿道服务驿站-霸陵驿,生活服务;生活服务场所;生活服务场所,109.1278236241562,34.25714628388575,灞桥区,109.132984,34.255877
B0I2MZA5VY,国家电网(洪庆中心营业厅),生活服务;电力营业厅;电力营业厅,109.1284987841518,34.27255585695834,灞桥区,109.13366,34.271292
B0LALCOIDC,中国移动洪庆营业厅,生活服务;电讯营业厅;中国移动营业厅,109.11758013523573,34.269946217093704,灞桥区,109.122747,34.268692
B001D11EIP,西安市江村沟垃圾填埋场,生活服务;生活服务场所;生活服务场所,109.09585206925628,34.24656384697439,灞桥区,109.101012,34.245308
B0J07Z8YFM,中国石化西蓝高速灞桥服务区北加油站(司机之家),生活服务;生活服务场所;生活服务场所,109.12514363184349,34.25903459118268,灞桥区,109.130306,34.257769
B0LUKAOYX4,立耀文再生资源回收站,生活服务;生活服务场所;生活服务场所,109.09810940458,34.269859493934284,灞桥区,109.103273,34.268613
B0J3D7LS50,防水补漏专业漏水维修,生活服务;维修站点;维修站点,109.12671434365345,34.251295325916274,灞桥区,109.131875,34.250025
B0LULS28TU,霸陵新区墓园地面停车场,生活服务;生活服务场所;生活服务场所,109.11891672647636,34.2568225662537,灞桥区,109.124082,34.255562
B0FFL9FPOV,石家道村温泉洗浴,生活服务;洗浴推拿场所;洗浴推拿场所,109.09607879097848,34.27066127954189,灞桥区,109.101241,34.269415
B0H04XBZ6I,菜鸟驿站(中粮悦尚锦云店),生活服务;物流速递;物流速递,109.12276060106794,34.26648518967907,灞桥区,109.127925,34.265225
B0G3198TBY,菜鸟驿站(富力·白鹭湾店),生活服务;物流速递;物流速递,109.11930868383836,34.27043043489817,灞桥区,109.124475,34.269175
B0I36S9PHP,中国移动·云禾通讯摄影图文(灞柳一路营业厅),生活服务;电讯营业厅;电讯营业厅,109.11556947190071,34.27162002607177,灞桥区,109.120737,34.270368
B0JUZO7WT1,中国移动营业厅机瓦场店,生活服务;电讯营业厅;中国移动营业厅,109.09621971308825,34.27031440761728,灞桥区,109.101382,34.269068
B0FFKZVIP7,菜鸟驿站(西侯社区洪庆新苑店),生活服务;物流速递;物流速递,109.12680053852038,34.272661882291274,灞桥区,109.131963,34.2714
B0HD1O3779,菜鸟驿站(东侯社区洪庆新苑店),生活服务;物流速递;物流速递,109.12821374922868,34.27048937354395,灞桥区,109.133375,34.269225
B0LGBU4BU3,闫浩杰串串工厂,生活服务;生活服务场所;生活服务场所,109.11739308686876,34.26986010569869,灞桥区,109.12256,34.268606
B0FFL6WVCF,菜鸟驿站(西安灞桥何家街成云华商店),生活服务;物流速递;物流速递,109.08657738129726,34.27262844016476,灞桥区,109.09173,34.27138
B0G0KHSGGU,高氏养生生活馆,生活服务;生活服务场所;生活服务场所,109.09341693893803,34.23734173888576,灞桥区,109.098574,34.236082
B0FFL1YUPI,路客生活超市,生活服务;物流速递;物流速递,109.11705268606296,34.27333041951317,灞桥区,109.12222,34.272078
B0JULRPMLP,妈妈驿站(Y326店),生活服务;物流速递;物流速递,109.13882965116758,34.237065373326374,灞桥区,109.143978,34.235774
B0HAC5VEMM,小明中医推拿理疗,生活服务;洗浴推拿场所;洗浴推拿场所,109.12634594495682,34.25297726576767,灞桥区,109.131507,34.251708
B0HDSY3DHA,中国福利彩票(弘知路店),生活服务;彩票彩券销售点;彩票彩券销售点,109.08592895772456,34.2297704337992,灞桥区,109.091077,34.228505
B0FFLKM5LF,中国邮政(东里邮政所),生活服务;邮局;邮局,109.13474147122297,34.23564116308679,灞桥区,109.139894,34.234355
B0L29SRP1Q,大阿弥陀寺念佛堂,生活服务;生活服务场所;生活服务场所,109.10465691235515,34.26153271032678,灞桥区,109.109823,34.260282
B0FFL5AZ4G,富力电信营业厅,生活服务;电讯营业厅;中国电信营业厅,109.11805224627524,34.27037041950441,灞桥区,109.123219,34.269116
B0FFGG461X,青菜沟建筑垃圾消纳场,生活服务;生活服务场所;生活服务场所,109.08797889530577,34.23518539312882,灞桥区,109.09313,34.233923
B0LGH7N8A7,废品回收站,生活服务;生活服务场所;生活服务场所,109.11947071146317,34.27082641128182,灞桥区,109.124637,34.269571
B0J3THJR40,中国体育彩票(富力·白鹭湾店),生活服务;彩票彩券销售点;彩票彩券销售点,109.11773216767244,34.27010827099867,灞桥区,109.122899,34.268854
B0G06CQ04C,雅集文化艺术苑,生活服务;生活服务场所;生活服务场所,109.1399584923534,34.27654047086347,灞桥区,109.145109,34.275263
B0FFFFX1KA,濛濛浴池,生活服务;洗浴推拿场所;洗浴推拿场所,109.091147205194,34.271150115050816,灞桥区,109.096305,34.269903
B0HG4RRJXM,美洁干洗店(白鹭巷店),生活服务;生活服务场所;生活服务场所,109.1182883158658,34.27046457197249,灞桥区,109.123455,34.26921
B0LDJSQ659,芭芭多芦荟美容(富力白鹭湾店),生活服务;中介机构;中介机构,109.11780018832786,34.2701143225269,灞桥区,109.122967,34.26886
B0K2ZC5GTQ,江宁物流,生活服务;物流速递;物流速递,109.08602213993773,34.27220791171944,灞桥区,109.091174,34.270959
B0LGF5PZMK,暖妍科技美肤中心,生活服务;美容美发店;美容美发店,109.11876645567924,34.270755845922515,灞桥区,109.123933,34.269501
B0LB5D2N16,菜鸟驿站(行知学院),生活服务;物流速递;物流速递,109.09402602751231,34.230051313172005,灞桥区,109.099183,34.228789
B0KRM13I51,卷闸门不锈钢电焊加工部,购物服务;家居建材市场;建材五金市场|生活服务;生活服务场所;生活服务场所,109.08490824988888,34.23072867209213,灞桥区,109.090055,34.229463
B0LD1RI9P2,顺丰速运,生活服务;物流速递;物流速递,109.13927714539844,34.23716699002993,灞桥区,109.144425,34.235875
B0IK67KC1Y,兔喜快递超市,生活服务;物流速递;物流速递,109.1390268415273,34.237416529922754,灞桥区,109.144175,34.236125
B0G3LBD82P,大型弹花,生活服务;生活服务场所;生活服务场所,109.09141790203084,34.27143091502936,灞桥区,109.096576,34.270184
B0FFHHVIIO,大型弹花电脑缝被,生活服务;生活服务场所;生活服务场所,109.08788581191112,34.27187610005847,灞桥区,109.09304,34.270628
B0IUX7EKID,西米优·瘦身减肥连锁(富力白鹭湾店),生活服务;美容美发店;美容美发店,109.11765114987892,34.270026240402224,灞桥区,109.122818,34.268772
B0MBFD5LAH,丰巢快递柜(凡高实业发展有限公司正门丰巢柜店),生活服务;物流速递;物流速递,109.1164573973028,34.27482635206636,灞桥区,109.121625,34.273575
B0LD4NJQG6,丰巢快递柜(富力·白鹭湾店),生活服务;物流速递;物流速递,109.11705768772114,34.27332742458451,灞桥区,109.122225,34.272075
B0HK4S1M82,中国体育彩票(富力白鹭湾南区西门店),生活服务;彩票彩券销售点;彩票彩券销售点,109.11813638775148,34.26906501987793,灞桥区,109.123303,34.26781
B0FFL9AMVP,西安德盛鑫城运输有限责任公司,生活服务;物流速递;物流速递,109.0974310501029,34.26775836662383,灞桥区,109.102594,34.266511
B0L0J6EN0Q,快鸟驿站,生活服务;物流速递;物流速递,109.11710773231918,34.27297760705924,灞桥区,109.122275,34.271725
B0G3LDH9F1,刘卫星再生资源回收服务点,生活服务;生活服务场所;生活服务场所,109.08725155235666,34.27234021453175,灞桥区,109.092405,34.271092
B0J19ATB08,鼎坤汽车充电站,生活服务;生活服务场所;生活服务场所,109.08720545726138,34.23965309343116,灞桥区,109.092356,34.238392
B0HAN1ONPQ,杨林再生资源回收服务点,生活服务;生活服务场所;生活服务场所,109.10436449064308,34.26746624591002,灞桥区,109.109531,34.266218
B0FFH9R9AF,模板租赁,生活服务;生活服务场所;生活服务场所,109.09003733920622,34.27172426258144,灞桥区,109.095194,34.270477
B0G3LDF6F3,秦扩领再生资源回收服务点,生活服务;生活服务场所;生活服务场所,109.09528943147338,34.270489442874435,灞桥区,109.100451,34.269243
B0L3VRJG8O,废品回收,生活服务;生活服务场所;生活服务场所,109.1311703415858,34.268088903287115,灞桥区,109.136329,34.26682
B0M6YRSZQB,工会驿站(中国石化灞桥服务区南加能站),生活服务;生活服务场所;生活服务场所,109.11520104670156,34.26418578493461,灞桥区,109.120368,34.262931
B0FFLB3QNP,菜鸟驿站(富力·白鹭湾店),生活服务;物流速递;物流速递,109.12057125740884,34.26976381015728,灞桥区,109.125737,34.268507
B0H0A6R2HD,东方名剪(灞柳一路店),生活服务;美容美发店;美容美发店,109.11785019748332,34.270189331701346,灞桥区,109.123017,34.268935
B0KRJZ4R4M,澳洁洗衣生活馆(西安城建·清凉灞柳店),生活服务;洗衣店;洗衣店,109.11210456254348,34.27688362141494,灞桥区,109.117273,34.275636
B0I1LAG2HT,创品美发沙龙,生活服务;美容美发店;美容美发店,109.11762110821894,34.270398064809065,灞桥区,109.122788,34.269144
B0KBO1E0QC,洪庆侯王社区居家养老服务中心,体育休闲服务;度假疗养场所;疗养院|生活服务;生活服务场所;生活服务场所,109.129156434671,34.2709312957536,灞桥区,109.134317,34.269666
B0FFFFX1K6,西唯造型(毛西公路),生活服务;美容美发店;美容美发店,109.089403062108,34.27153858232709,灞桥区,109.094559,34.270291
B0LBT74KYD,德佑地产(富力·白鹭湾店),生活服务;中介机构;中介机构,109.11839934782066,34.27052763671476,灞桥区,109.123566,34.269273
B0M67AXAM7,富力白鹭湾项目物业租售中心,生活服务;中介机构;中介机构,109.11835833811324,34.27047962285561,灞桥区,109.123525,34.269225
B0LRK7IWTM,威德野庭院,生活服务;生活服务场所;生活服务场所,109.14129177125776,34.26831285346258,灞桥区,109.14644,34.26703
B0HK3DKAA6,益农信息社(毛西公路店),生活服务;中介机构;中介机构,109.08668923971264,34.27260739031094,灞桥区,109.091842,34.271359
B0JG371QRS,三只猫美甲美睫(西安城建·清凉灞柳店),生活服务;美容美发店;美容美发店,109.11220656256256,34.27694165624532,灞桥区,109.117375,34.275694
B0FFKZWDTV,你型我塑(毛西公路店),生活服务;美容美发店;美容美发店,109.09157873720724,34.27144386078047,灞桥区,109.096737,34.270197
B0M6HRCQUK,兔喜生活快递驿站,生活服务;物流速递;物流速递,109.11215658787246,34.27662275987108,灞桥区,109.117325,34.275375
B0FFFVUHXG,盛源驾培白鹿原张李村报名联络点,生活服务;生活服务场所;生活服务场所,109.08587805332512,34.22944458140575,灞桥区,109.091026,34.228179
B0K1N1JDXR,中国福利彩票(毛西公路店),生活服务;彩票彩券销售点;彩票彩券销售点,109.09035901852684,34.27138728407807,灞桥区,109.095516,34.27014
B0GR2KACY1,机械加工,生活服务;生活服务场所;生活服务场所,109.09025410871163,34.27165521178492,灞桥区,109.095411,34.270408
B0LG3RCVEC,德祐-富力白鹭湾店,生活服务;中介机构;中介机构,109.11886846063932,34.27111778272921,灞桥区,109.124035,34.269863
B0L16ZQY9I,工会驿站(灞桥区城管局纺园六路城市驿站),生活服务;生活服务场所;生活服务场所,109.12898721583474,34.27192069021708,灞桥区,109.134148,34.270656
B0M6YRSCH4,工会驿站(中国石化灞桥服务区北加能站),生活服务;生活服务场所;生活服务场所,109.12484643604726,34.25915922968439,灞桥区,109.130009,34.257894
B0JUXLPP5G,二乔拾光理发店,生活服务;美容美发店;美容美发店,109.12272550010816,34.267428773402266,灞桥区,109.12789,34.266169
B0LK97AWJO,丰巢快递柜,生活服务;物流速递;物流速递,109.12015912361942,34.269281640372995,灞桥区,109.125325,34.268025
B0FFMCN18O,张氏按摩店,生活服务;洗浴推拿场所;洗浴推拿场所,109.10683082033182,34.267393040842165,灞桥区,109.111998,34.266144
B0K25YSIGM,专修电动车,生活服务;维修站点;维修站点,109.10333781581372,34.2680157799249,灞桥区,109.108504,34.266768
B0MB2U1BU2,良咔瘦身,生活服务;美容美发店;美容美发店,109.122810544644,34.26743485376949,灞桥区,109.127975,34.266175
B0LUNH56IK,圣艺美肤(西安城建·清凉灞柳店),生活服务;美容美发店;美容美发店,109.11221556303524,34.276941661465926,灞桥区,109.117384,34.275694
B0MB45YWI4,小马发型社,生活服务;美容美发店;美容美发店,109.1267725199446,34.27265185533366,灞桥区,109.131935,34.27139
B0FFL34BA9,小毛电动车维修,生活服务;维修站点;维修站点,109.09441811826768,34.27097537889524,灞桥区,109.099579,34.269729
B0FFLCIKFK,简约理发店,生活服务;美容美发店;美容美发店,109.1401174960888,34.25565714622551,灞桥区,109.145266,34.254371
B0L3H79J96,爱萝卜便民打印(富力·白鹭湾南区店),生活服务;生活服务场所;生活服务场所,109.1188285216202,34.27025510227548,灞桥区,109.123995,34.269
B0K1YRGIAM,小雨点美发,生活服务;美容美发店;美容美发店,109.08506303999656,34.23070158957935,灞桥区,109.09021,34.229436
B0FFFFU3C0,A造型(毛西公路店),生活服务;美容美发店;美容美发店,109.09346295803292,34.2710495350594,灞桥区,109.098623,34.269803
B0K6GL2MSJ,古贝美甲美睫店,生活服务;美容美发店;美容美发店,109.11757609131216,34.27043501425057,灞桥区,109.122743,34.269181
B0M69DAA1N,空工院服务社,生活服务;生活服务场所;生活服务场所,109.13472246381124,34.235511185812726,灞桥区,109.139875,34.234225
B0LGLAMARF,久香宫美容中心(白鹭湾南区店),生活服务;美容美发店;美容美发店,109.11940878761494,34.26968082632884,灞桥区,109.124575,34.268425
B0L0NYR5QL,益农信息社(毛西公路店),生活服务;生活服务场所;生活服务场所,109.1039176323638,34.26762706942661,灞桥区,109.109084,34.266379
B0M67AWX6W,小哈换电,生活服务;生活服务场所;生活服务场所,109.08647250809828,34.27272345646376,灞桥区,109.091625,34.271475
B0FFGFQ0V4,小娜发屋,生活服务;美容美发店;美容美发店,109.10420352541183,34.267697111215114,灞桥区,109.10937,34.266449
B0KBYA7RH6,西安市灞桥区诚鑫泽工程机械租赁部,生活服务;生活服务场所;生活服务场所,109.09806111710944,34.27351999337414,灞桥区,109.103225,34.272275
B0K25MFULT,浴池理发,生活服务;美容美发店;美容美发店,109.09101433444724,34.27125311578592,灞桥区,109.096172,34.270006
B0KA9DK348,梦桃美甲美睫工作室,生活服务;美容美发店;美容美发店,109.12780148491132,34.270013094597864,灞桥区,109.132963,34.268749
B0LRZ93PNB,恒熠悦颜专业减肥,生活服务;美容美发店;美容美发店,109.08843914645831,34.27189983902181,灞桥区,109.093594,34.270652
B0L03RCUXS,葛高山废品回收站,生活服务;生活服务场所;生活服务场所,109.09076756590268,34.27157206689523,灞桥区,109.095925,34.270325
B0MBB9XFVF,西安霸陵墓园销售管理中心,生活服务;生活服务场所;生活服务场所,109.1173095184755,34.253185695997445,灞桥区,109.122475,34.251925
B0FFLHRWI6,中国电信霸陵路电商快递综合服务中心,生活服务;生活服务场所;生活服务场所,109.09541733082835,34.27045543982108,灞桥区,109.100579,34.269209
B0LBUULL4N,京东安装服务中心,生活服务;生活服务场所;生活服务场所,109.0909404086322,34.271289125257255,灞桥区,109.096098,34.270042
B0LBOD6HTH,中国电信智慧家庭服务中心(毛西公路营业厅),生活服务;电讯营业厅;电讯营业厅,109.09537935853228,34.27048943088431,灞桥区,109.100541,34.269243
B0L6GYRDUH,刘师专业电焊气焊,生活服务;生活服务场所;生活服务场所,109.086671241571,34.272850299797405,灞桥区,109.091824,34.271602
B0MANCQJMV,福安殡葬,生活服务;生活服务场所;生活服务场所,109.08568446700647,34.27358753263172,灞桥区,109.090836,34.272339
B0LU7U00WM,颖艺造型,生活服务;美容美发店;美容美发店,109.13657830109466,34.23606952849953,灞桥区,109.141729,34.234781
B0L04LZ0XG,益农信息社(西安市灞桥区),生活服务;生活服务场所;生活服务场所,109.14014847483762,34.26778734803532,灞桥区,109.145298,34.266506
B0K39RGJA9,D.M.Y造型设计,生活服务;美容美发店;美容美发店,109.0883203029534,34.27172296438912,灞桥区,109.093475,34.270475
B0GK7L3K7T,雅美美发,生活服务;美容美发店;美容美发店,109.13813392436224,34.23656955060752,灞桥区,109.143283,34.235279
B0HD75QD63,青水瓦台汤泉(未央店),生活服务;洗浴推拿场所;洗浴推拿场所,108.89348010590362,34.29503904321516,未央区,108.898066,34.293431
B001D09JWO,方欣海鲜副食品市场,购物服务;综合市场;水产海鲜市场|生活服务;生活服务场所;生活服务场所,108.8883538584732,34.289246222455226,莲湖区,108.892939,34.287638
B0H12Z8LZK,未央城建·未邻公寓(梨园店),生活服务;生活服务场所;生活服务场所,108.90395529128708,34.29539420444388,未央区,108.908546,34.293785
B0I2FCNRZB,汤泉壹号,生活服务;洗浴推拿场所;洗浴推拿场所,108.85138537529396,34.28463753504939,莲湖区,108.856001,34.283071
B0FFFO5SCV,陕西煤化物资储运有限公司,生活服务;物流速递;物流速递,108.85305681038214,34.283815646677105,莲湖区,108.85767,34.282246
B0J0H6RWCF,兔博士口腔(枣园门诊部),生活服务;生活服务场所;生活服务场所,108.8574499047669,34.281339688524,莲湖区,108.862057,34.279762
B0K0D79TJA,中隆·凌云天境营销中心,生活服务;生活服务场所;生活服务场所,108.85919899315516,34.28274576464597,莲湖区,108.863804,34.281166
B0FFGZTK8Z,三民村车站货运营业室,生活服务;物流速递;物流速递,108.85942680473224,34.28857062891556,莲湖区,108.864032,34.286993
B0FFJJM3KC,西安百优顺物流有限公司,生活服务;物流速递;物流速递,108.89145144611108,34.306623121337445,未央区,108.896038,34.305021
B0LRKZHK9J,荣耀官方授权服务中心(西安光化里店),生活服务;维修站点;维修站点,108.89991746041706,34.28742470071501,莲湖区,108.904505,34.285812
B0HAHRIW21,向阳物流,生活服务;物流速递;物流速递,108.85958166596352,34.31748998237238,未央区,108.864189,34.315925
B0FFLEANDB,西安张振物流有限公司,生活服务;物流速递;物流仓储场地,108.85598570368556,34.32220925812464,未央区,108.860598,34.320652
B0FFHSSF9Q,西安市城肥清运处理中心,生活服务;生活服务场所;生活服务场所,108.85973900731346,34.2907951395735,莲湖区,108.864344,34.289218
B0M6RD0NFY,联想百应电脑维修(太奥广场店),生活服务;维修站点;维修站点,108.8873211094561,34.28488848613738,莲湖区,108.891906,34.283279
B001D0WTIM,南鑫都(雅卓盛世店),生活服务;洗浴推拿场所;洗浴推拿场所,108.86347735495092,34.27822287747272,莲湖区,108.868077,34.276635
B0FFG1EFNI,锦毓达物流,生活服务;物流速递;物流仓储场地,108.85903760609249,34.32233391193698,未央区,108.863646,34.320772
B0FFH5Q342,菜鸟驿站(西安阁老门村店),生活服务;物流速递;物流速递,108.90451996620712,34.30661217058572,未央区,108.909112,34.305008
B0IKNZ2M5A,福盛轩足疗SPA(大兴路店),生活服务;洗浴推拿场所;洗浴推拿场所,108.89712071699836,34.28728138372528,莲湖区,108.901707,34.285669
B0MGZUJQR4,西安星会办公家具·回收办公家具(只做办公家具回收),生活服务;生活服务场所;生活服务场所,108.9012275590734,34.314506764884506,未央区,108.905818,34.312906
B0FFIZRH12,菜鸟驿站(太奥广场店),生活服务;生活服务场所;生活服务场所,108.89022625700126,34.28485807053055,莲湖区,108.894811,34.283247
B0JBDSTYYU,村口老汤.搓澡生活馆(三民汉风苑西区店),生活服务;洗浴推拿场所;洗浴推拿场所,108.85046185593696,34.28691001932822,莲湖区,108.855079,34.285346
B0FFIVC5VD,郑远元专业修脚房(梨园路店),生活服务;洗浴推拿场所;洗浴推拿场所,108.89674226455725,34.294623139184566,未央区,108.901329,34.293014
B0FFKHLWOA,西安市手表维修部,生活服务;生活服务场所;生活服务场所,108.88822916874648,34.285265853223315,莲湖区,108.892814,34.283656
B0FFH5WM3Z,圆通速递(北关分公司),生活服务;物流速递;物流速递,108.90433521999228,34.31763716662398,未央区,108.908928,34.316038
B0FFIYK5Y1,鹏工手机维修(太奥广场店),生活服务;维修站点;维修站点,108.8922682538943,34.283060732215034,莲湖区,108.896853,34.281448
B0H24UNWMM,太白庄园(太奥店),生活服务;生活服务场所;生活服务场所,108.88884628663642,34.284270615370446,莲湖区,108.893431,34.28266
B0LKAH936X,赣饭湘-江西小炒,生活服务;生活服务场所;生活服务场所,108.89528871706088,34.29468376060965,未央区,108.899875,34.293075
B0KB1MBNLD,檀悦轻奢SPA沐足会所(太奥店),生活服务;洗浴推拿场所;洗浴推拿场所,108.88813023424694,34.284352185203105,莲湖区,108.892715,34.282742
B0FFIJ6KU7,手机电脑维修,生活服务;维修站点;维修站点,108.85607864894357,34.28717907311405,莲湖区,108.860688,34.285606
B0FFL5JG77,壹米滴答(石化大道营业部),生活服务;物流速递;物流速递|购物服务;购物相关场所;购物相关场所,108.86283495312038,34.32405765796933,未央区,108.867439,34.322491
B0HBN4UWQY,万科妈妈驿站(万科·金色悦城店),生活服务;物流速递;物流速递,108.85604358611867,34.28738393032315,莲湖区,108.860653,34.285811
B0FFHTS1E3,中国移动(梨园路营业厅),生活服务;生活服务场所;生活服务场所,108.89995685784338,34.29467257574314,未央区,108.904545,34.293063
B0FFL4LLWI,链家地产(万科·金色悦城店),生活服务;生活服务场所;生活服务场所,108.85545582077248,34.28718308579066,莲湖区,108.860066,34.285611
B0FFKPPWF9,筋骨堂热敷推拿按摩(丰禾万达广场店),生活服务;美容美发店;美容美发店|生活服务;洗浴推拿场所;洗浴推拿场所,108.8939859856221,34.28283545177134,莲湖区,108.898571,34.281222
B0FFFT5KSH,西塘村便民服务室,生活服务;生活服务场所;生活服务场所,108.89667675654049,34.313680613645595,未央区,108.901265,34.31208
B0FFLNS9LW,兔喜生活(万科金色悦城店),生活服务;物流速递;物流速递|购物服务;购物相关场所;购物相关场所,108.85331276703656,34.28878494754106,莲湖区,108.857926,34.287217
B0LUYDUYZH,千时门窗,生活服务;生活服务场所;生活服务场所,108.88264414935207,34.28336490732668,莲湖区,108.88723,34.281758
B0FFFO5SCX,陕西煤化物资储运有限公司,公司企业;公司;公司|生活服务;物流速递;物流速递,108.85694816092628,34.2825374056182,莲湖区,108.861556,34.280961
B0KGKLRCY2,西安康易达物流有限公司,生活服务;物流速递;物流速递,108.8504574635857,34.31649588224679,未央区,108.855077,34.314945
B0FFIQ19RT,顺丰速运(白家口店),生活服务;生活服务场所;生活服务场所,108.8829711515,34.28469459661966,莲湖区,108.887557,34.283088
B0FFIILZ86,郑远元专业修脚房(华府御城东区华府商业街店),生活服务;洗浴推拿场所;洗浴推拿场所,108.89219065816674,34.27813976695923,莲湖区,108.896775,34.276525
B0I12Z9FXB,韵达快运陕西西安莲湖公司,生活服务;物流速递;物流速递,108.867633241518,34.28313438726211,莲湖区,108.872229,34.281543
B0LDJXYYVZ,西安邦修家具翻修店,生活服务;生活服务场所;生活服务场所,108.90039902362766,34.314566707646534,未央区,108.904989,34.312966
B0FFFO5SQX,君悦豪庭养生会所(小白杨1号店),生活服务;洗浴推拿场所;洗浴推拿场所,108.8973530939028,34.29394755440812,未央区,108.90194,34.292338
B0GUZ5FDCD,宏瑞二手家具家电市场,购物服务;综合市场;综合市场|生活服务;生活服务场所;生活服务场所,108.8496742946833,34.279552796775775,未央区,108.854292,34.277987
B0FFJ8B8FT,圆通妈妈驿站,生活服务;生活服务场所;生活服务场所,108.90436311743868,34.30621536821619,未央区,108.908955,34.304611
B0IKGL8UMY,屋头串串(太奥广场店),生活服务;生活服务场所;生活服务场所,108.89210932788122,34.282374957778586,莲湖区,108.896694,34.280762
B0JDXSEFZL,水母艾拉婴童游泳水育中心,生活服务;婴儿服务场所;婴儿游泳馆,108.88850720741458,34.28502611002136,莲湖区,108.893092,34.283416
B0G259YKZJ,菜鸟驿站(白家口丽苑小区店),生活服务;物流速递;物流速递,108.89514133859804,34.2874438444569,莲湖区,108.899727,34.285832
B0FFFO5VWC,壹米滴答·卓昊物流(汉城营业部),生活服务;物流速递;物流速递,108.86762924266846,34.28307240832647,莲湖区,108.872225,34.281481
B0FFHKC3W6,菜鸟驿站(西安世纪锦绣小区1店),生活服务;物流速递;物流速递,108.90174314992838,34.290847295264136,莲湖区,108.906332,34.289236
B0FFJWIET4,老地方手表维修修表(双府世家花园西区店),生活服务;维修站点;维修站点,108.8792278490602,34.28179569463587,莲湖区,108.883815,34.280191
B0FFG3YRHU,西部生物医药物流中心汉城路基地,生活服务;物流速递;物流仓储场地,108.87450387424109,34.28386116385914,莲湖区,108.879094,34.282262
B0LA9RZEAN,中国移动大兴东路营业厅,生活服务;电讯营业厅;中国移动营业厅,108.9002092353512,34.28831433998809,莲湖区,108.904797,34.286702
B0K6H69HKP,菜鸟驿站(西安大马路村71号店),生活服务;物流速递;物流速递,108.86325006743898,34.278677369383686,莲湖区,108.86785,34.27709
B0FFI8M14N,六九快印广告(太奥广场店),生活服务;摄影冲印店;摄影冲印,108.89174031784118,34.282987546708085,莲湖区,108.896325,34.281375
B0FFF657UD,陕西大件汽车运输有限责任公司,生活服务;物流速递;物流仓储场地|政府机构及社会团体;公检法机构;社会治安机构,108.89441696402656,34.28191597696094,莲湖区,108.899002,34.280302
B0FFHCX314,帮帮开锁换锁配钥匙(双府世家花园东区店),生活服务;生活服务场所;生活服务场所,108.88003823572834,34.28178042152693,莲湖区,108.884625,34.280175
B0LBTC3ZHM,菜鸟驿站(西安华宇东原阅境东门菲豪店),生活服务;物流速递;物流速递,108.84693241853148,34.28896508972531,未央区,108.851555,34.287408
B0LAOLN86L,藤野造型(丰禾万达店),生活服务;美容美发店;美容美发店,108.89591149364264,34.282736047004754,莲湖区,108.900497,34.281122
B0FFL5IR4D,西安晨亦鑫汽车服务有限公司,购物服务;专卖店;自行车专卖店|生活服务;维修站点;维修站点,108.86463684315376,34.325031705601006,未央区,108.869239,34.323463
B0I0VUBJHL,伴月轩月子中心(枣园店),生活服务;生活服务场所;生活服务场所,108.85897285254056,34.281017151700006,莲湖区,108.863578,34.279437
B0JR76AUCZ,菜鸟驿站(太奥广场15号楼店),生活服务;物流速递;物流速递,108.89218326082351,34.283102680420974,莲湖区,108.896768,34.28149
B0GR4UHHEG,菜鸟驿站(三民馨苑小区店),生活服务;物流速递;物流速递,108.86304832765708,34.28509038444626,莲湖区,108.867649,34.283506
B0L60S21HH,顺捷网咖(邓六路店),体育休闲服务;娱乐场所;网吧|生活服务;生活服务场所;生活服务场所,108.87076046217416,34.290533092162924,莲湖区,108.875354,34.288941
B0LUPU21HG,中国移动(立信路营业厅),生活服务;电讯营业厅;中国移动营业厅,108.85210521752532,34.28694574922312,莲湖区,108.85672,34.285379
B0FFILGLHP,菜鸟驿站(三民汉风苑西区店),生活服务;物流速递;物流速递,108.85162461206409,34.28595637322603,莲湖区,108.85624,34.28439
B0K2OHYFD4,奈晚推拿·按摩新养生(丰禾路万达店),生活服务;洗浴推拿场所;洗浴推拿场所,108.89514872075144,34.28265787950515,莲湖区,108.899734,34.281044
B0HGKUHJAU,妈妈驿站(永安路店),生活服务;物流速递;物流速递,108.9030333041742,34.29093121650293,莲湖区,108.907623,34.28932
B0I61M6FCM,京东快递(西安石化营业站),生活服务;物流速递;物流速递,108.89842031261036,34.32308656414818,未央区,108.90301,34.32149
B0FFH5PWOP,菜鸟驿站(御园温泉C区店),生活服务;物流速递;物流速递,108.90250741986716,34.293881964701484,未央区,108.907097,34.292272
B0LG7L6IEN,孙少雄颈腰正骨盲人推拿理疗馆(桃园北路店),生活服务;洗浴推拿场所;洗浴推拿场所,108.8973522057361,34.29255915689173,未央区,108.901939,34.290949
B0L0C70GTW,顺丰速运(馥桂园铂峰店),生活服务;生活服务场所;生活服务场所,108.84983000606891,34.28597834835225,莲湖区,108.854448,34.284415
B0FFH17WOO,菜鸟驿站(君悦华府店),生活服务;物流速递;物流速递,108.89585062013408,34.293850270111335,未央区,108.900437,34.292241
B0FFGLCO92,中通快递(丰收路店),生活服务;物流速递;物流速递,108.87694591702676,34.277973142208744,莲湖区,108.881534,34.276369
B0I0MG314F,中国邮政(冶金厂邮政所),生活服务;邮局;邮局,108.8584392090113,34.28073945884664,莲湖区,108.863045,34.27916
B0L0OSHQP4,山水源轻奢沐足·SPA(皂河地铁口店),生活服务;洗浴推拿场所;洗浴推拿场所,108.8528893954152,34.28605841997457,莲湖区,108.857503,34.28449
B0K325497B,中国联通智慧生活馆,生活服务;电讯营业厅;中国联通营业厅,108.89656965647916,34.2904898928577,莲湖区,108.901156,34.288879
B0FFKB9UGB,菜鸟驿站(蔚蓝青城店),生活服务;物流速递;物流速递,108.893563615519,34.28849690082584,莲湖区,108.898149,34.286886
B0FFL73ZZT,菜鸟驿站(邓六路店),生活服务;物流速递;物流速递,108.87118470191903,34.29194998135181,未央区,108.875778,34.290358
B0GUZXJH4G,食汇速递,生活服务;物流速递;物流仓储场地,108.88551459080936,34.28766315814481,莲湖区,108.8901,34.286056
B0LA4574G8,德邦快递(西安未央区丰禾路经营分部),生活服务;物流速递;物流速递,108.90278337226844,34.27974298678231,莲湖区,108.907372,34.278127
B0G27GCKSK,菜鸟驿站(丰盛园店),生活服务;物流速递;物流速递,108.8592703899944,34.2789064846318,莲湖区,108.863875,34.277325
B0H6G6TAZX,钜簏物流(石化大道店),生活服务;物流速递;物流速递,108.862578666479,34.324033305989424,未央区,108.867183,34.322467
B0L3SR4AG6,唐苑汇·影院式足浴·按摩·SPA(三桥皂河店),生活服务;洗浴推拿场所;洗浴推拿场所,108.8464648282255,34.28739894442084,未央区,108.851088,34.285842
B0G31CXXHJ,云聚物流(石化大道营业部),生活服务;物流速递;物流速递,108.86224128749248,34.32398184915525,未央区,108.866846,34.322416
B0FFGFQ6H4,大众浴池(西斜路),生活服务;洗浴推拿场所;洗浴推拿场所,108.89180667343828,34.27847446979692,莲湖区,108.896391,34.27686
B0FFKBVWTN,菜鸟驿站(天朗·大兴郡悦城店),生活服务;物流速递;物流速递,108.89706942374356,34.29117070323635,莲湖区,108.901656,34.28956
B0L0MN7PAK,顺丰速运(风尚馨筑小区店),生活服务;物流速递;物流速递,108.8669784878558,34.28461491485719,莲湖区,108.871575,34.283025
B0H2COVIQW,菜鸟驿站(中南·青樾店),生活服务;物流速递;物流速递,108.8892898840984,34.28948362508632,莲湖区,108.893875,34.287875
B0FFIGIMK8,中通快递(万科·金色悦城店),生活服务;物流速递;物流速递,108.85331377286472,34.288729972762304,莲湖区,108.857927,34.287162
B0GD391NIB,菜鸟驿站(西安风和庭院店),生活服务;物流速递;物流速递,108.89737405045852,34.281932701196304,莲湖区,108.90196,34.280318
B0GUOZ3LP5,陕西航铁路通物流有限公司,生活服务;物流速递;物流速递,108.85012327574516,34.32516227803734,未央区,108.854744,34.323616
B0IRFXCOFP,菜鸟驿站(西安美美景园店),生活服务;物流速递;物流速递,108.85057335463804,34.28273597888608,未央区,108.85519,34.28117
B0FFJ0OF62,拓展图文广告(丰禾万达广场店),公司企业;公司;广告装饰|生活服务;摄影冲印店;摄影冲印,108.89578950658952,34.28303988826327,莲湖区,108.900375,34.281426
B0FFIKEIG2,菜鸟驿站(汉都故里店),生活服务;物流速递;物流速递,108.86667152646626,34.280366306622696,莲湖区,108.871268,34.278775
B0KGB6NKOA,菜鸟驿站(西安东查村村委会对面山楂果店),生活服务;物流速递;物流速递,108.89788571440243,34.3209224953868,未央区,108.902475,34.319325
B0FFH5Q3YG,菜鸟驿站(万科里·生活广场店),生活服务;物流速递;物流速递,108.8551143373318,34.28749640804079,莲湖区,108.859725,34.285925
B0J6RXSOXE,菜鸟驿站(太奥国际店),生活服务;物流速递;物流速递,108.89125552049929,34.280973186610694,莲湖区,108.89584,34.27936
B0JUFRLMUU,梵梦养生馆(御园温泉小区店),生活服务;美容美发店;美容美发店,108.89998388629684,34.29414280835464,未央区,108.904572,34.292533
B0JRZ59W69,中国电信太奥广场营业厅,生活服务;电讯营业厅;中国电信营业厅,108.89022824981932,34.28494703371767,莲湖区,108.894813,34.283336
B0MBM57JZJ,蒙臻黄金回收(莲湖店),生活服务;生活服务场所;生活服务场所,108.9021466043115,34.28204204400498,莲湖区,108.906735,34.280427
B0FFH5QIS7,菜鸟驿站(天朗·大兴郡锦城店),生活服务;物流速递;物流速递,108.9044782945017,34.29048227540407,莲湖区,108.909069,34.288871
B0HAVA89I2,钜簏三志物流国亨里营业部,生活服务;物流速递;物流速递,108.87103871998062,34.290220555981946,莲湖区,108.875632,34.288628
B0FFHG6PDX,刘杰物流,生活服务;物流速递;物流速递,108.8705713433878,34.29002208711587,莲湖区,108.875165,34.28843
B0G19H9Z8C,菜鸟驿站(双府世家花园店),生活服务;物流速递;物流速递,108.88115891465004,34.27936439280122,莲湖区,108.885745,34.277757
B0J32HBDUJ,陕西天渝物流有限公司,生活服务;物流速递;物流速递,108.85328900876932,34.322590749240746,未央区,108.857905,34.321038
B0FFHTYATY,宇鑫物流(汉城北路店),生活服务;物流速递;物流速递,108.8675721812174,34.283156299679746,莲湖区,108.872168,34.281565
B0IRJ1QFI7,菜鸟驿站(百佳星座店),生活服务;物流速递;物流速递,108.89262754742194,34.29127036609842,莲湖区,108.897213,34.289661
B0H2AO94NQ,菜鸟驿站(世纪锦绣西区店),生活服务;物流速递;物流速递,108.89832196066077,34.29066713425041,莲湖区,108.902909,34.289056
B0G1958AJB,菜鸟驿站(百欣花园店),生活服务;物流速递;物流速递,108.88815036589716,34.28273188212355,莲湖区,108.892735,34.281121
B0LD1P9VPN,顺丰速运(鑫苑大都汇店),生活服务;物流速递;物流速递,108.89493867169612,34.28396126887274,莲湖区,108.899524,34.282348
B0LBFUZ3B4,安居·乐筑(大兴东路店),生活服务;生活服务场所;生活服务场所,108.88920589323632,34.289341642247365,莲湖区,108.893791,34.287733
B0FFK7ZVCY,西安幻太奇海洋馆售票处,生活服务;售票处;公园景点售票处,108.89131631531323,34.28347415888986,莲湖区,108.895901,34.281862
B0FFG61GQP,社发快运汉城路营业部,生活服务;物流速递;物流速递,108.86710299340464,34.27984008961424,莲湖区,108.871699,34.278248
B0KURZ1IVP,陕西速通物流有限公司,生活服务;物流速递;物流速递,108.85310986157768,34.32131805140864,未央区,108.857726,34.319765
B0HDSO9VFV,菜鸟驿站(德方·青年公馆店),生活服务;物流速递;物流速递,108.89503869645635,34.29578321131502,未央区,108.899625,34.294175
B0FFM7WE4M,菜鸟驿站(尚豪家园店),生活服务;物流速递;物流速递,108.8913253048086,34.29605475186062,未央区,108.895911,34.294448
B0FFLADQPH,四海食品配送中心,生活服务;物流速递;物流速递,108.86994276127638,34.29053311087991,莲湖区,108.874537,34.288942
B0K1J5INMV,云沐美发·烫染,生活服务;美容美发店;美容美发店,108.89610632699406,34.284049538766084,莲湖区,108.900692,34.282436
B0L2MDZ857,顺鑫家具物资收售,生活服务;生活服务场所;生活服务场所,108.84854132893228,34.28305938714406,未央区,108.853161,34.281497
B0HUD7M860,中国电信华宇东原阅境营业厅,生活服务;电讯营业厅;中国电信营业厅,108.84622639744418,34.288190188606414,未央区,108.85085,34.286634
B0JBPC5O8I,壹米滴答(广立丰营业部),生活服务;物流速递;物流速递,108.85509647154012,34.32276058861636,未央区,108.85971,34.321205
B0FFH6Z59J,兔喜快递超市(进丰小区店),生活服务;物流速递;物流速递,108.87795262487644,34.288765551099466,莲湖区,108.882541,34.287165
B0FFILE1H9,黄金回收(太奥广场店),生活服务;生活服务场所;生活服务场所,108.88707815094313,34.28398872108101,莲湖区,108.891663,34.282379
B0FFFWN5V1,王师傅服务部(御园温泉小区店),生活服务;生活服务场所;生活服务场所,108.9036936006804,34.293912874984834,未央区,108.908284,34.292303
B0J355UDSL,汉长安城未央宫国家考古遗址公园西安门游客服务中心,生活服务;信息咨询中心;服务中心,108.86217090189098,34.290503821899875,莲湖区,108.866773,34.288923
B0IKGU5CH8,典唐盲人推拿(万科金色悦城店),生活服务;洗浴推拿场所;洗浴推拿场所,108.85273508021812,34.287282644365106,莲湖区,108.857349,34.285715
B0LBDUU1R2,阳光台365多多驿站,生活服务;生活服务场所;生活服务场所,108.9013290688266,34.294974503590765,未央区,108.905918,34.293365
B0LKVU4RBB,京东之家(西安莲湖丰禾万达广场),生活服务;物流速递;物流速递,108.89575155166423,34.28262105554213,莲湖区,108.900337,34.281007
B0L30ZKGNT,星流瀚海物流运营中心,生活服务;物流速递;物流速递,108.86249624715452,34.27837742889379,莲湖区,108.867097,34.276791
B0L6GRHDDN,西安宏成食品配料配送,生活服务;物流速递;物流速递,108.88648060089288,34.289750891172865,莲湖区,108.891066,34.288144
B0ID7CD7JP,天地华宇(西安璐妍仓储店),生活服务;物流速递;物流速递,108.85015404406168,34.31620150582112,未央区,108.854774,34.314651
B0L0J1H79T,旺水阁沐足SPA(大兴新悦城店),生活服务;洗浴推拿场所;洗浴推拿场所,108.87312358323902,34.28753709588228,莲湖区,108.877715,34.285941
B0FFIAVWG8,中国电信(桃园北路营业厅),生活服务;电讯营业厅;中国电信营业厅,108.8943328132505,34.28403605511419,莲湖区,108.898918,34.282423
B0LU3U9HP3,中国电信(大兴东路营业厅),生活服务;电讯营业厅;中国电信营业厅,108.89998740690248,34.28763761480973,莲湖区,108.904575,34.286025
B0KKKMQGI3,金辉望雲峯尚营销中心,生活服务;生活服务场所;生活服务场所,108.85921787272378,34.28453203718602,莲湖区,108.863823,34.282953
B0J1Y7L654,滴滴送货(盛安骏达司机服务中心),生活服务;物流速递;物流速递,108.86651487632388,34.32381379607788,未央区,108.871115,34.322242
B0FFFO5XQF,双生红征物流,生活服务;物流速递;物流速递,108.87050837355297,34.288980459576706,莲湖区,108.875102,34.287388
B0GD5L4COQ,中通快递(石化大道店),生活服务;物流速递;物流速递,108.84933631956856,34.32264412530864,未央区,108.853958,34.321098
B0FFK84W30,西安市双生鑫路达货运部,生活服务;物流速递;物流速递,108.87053725492186,34.29076272736805,莲湖区,108.875131,34.289171
B0LKTHW629,华讯电脑维修回收监控投影打印机维修,生活服务;维修站点;维修站点,108.89124719536036,34.285032467967255,莲湖区,108.895832,34.283421
B0L3USH22H,中国移动,生活服务;电讯营业厅;中国移动营业厅,108.89226031495136,34.2823120450871,莲湖区,108.896845,34.280699
B0HA9A5XF0,陕西军强物流有限公司,生活服务;物流速递;物流速递,108.85202409220476,34.324275877595355,未央区,108.856642,34.322726
B0FFH682T2,兴丰路液化气站,生活服务;生活服务场所;生活服务场所,108.8989495683808,34.304474154512505,未央区,108.903538,34.302869
B0FFMG6QLS,中国电信智慧家庭服务中心(梨园路营业厅),生活服务;电讯营业厅;中国电信营业厅,108.90149099855546,34.29464364938848,未央区,108.90608,34.293034
B0KGXPFSRJ,中通快运,生活服务;物流速递;物流速递,108.8899457124448,34.30414753280101,未央区,108.894532,34.302545
B0ID7CC7IX,青淼良纱(太奥广场店),生活服务;摄影冲印店;摄影冲印,108.8883661617774,34.28547783982454,莲湖区,108.892951,34.283868
B0LDJSXO8G,手机维修,生活服务;维修站点;维修站点,108.90140654166537,34.28851329799729,莲湖区,108.905995,34.286901
B0FFGFHXBU,宇鑫物流(强功厂房区店),生活服务;物流速递;物流速递,108.8618298252844,34.32385831659412,未央区,108.866435,34.322293
B0FFL9MCFS,上海兴勇物流有限公司(西安分公司),生活服务;物流速递;物流速递,108.8510151352526,34.28099645337406,未央区,108.855631,34.279429
B0KRFCGG9B,中国移动大兴西路营业厅,生活服务;电讯营业厅;中国移动营业厅,108.88101019472724,34.2875727962917,莲湖区,108.885597,34.285969
B0LUYHVYFM,盛世·家园公寓,生活服务;生活服务场所;生活服务场所,108.89990008226664,34.29224562553775,莲湖区,108.904488,34.290635
B0J017US81,锂汇通(西安回收中心),生活服务;生活服务场所;生活服务场所,108.8800897415582,34.32557192743836,未央区,108.88468,34.323986
B0FFIKEU0A,金成快印,生活服务;生活服务场所;生活服务场所,108.8960803285383,34.28413349697868,莲湖区,108.900666,34.28252
B0GRCMDRSX,大喻KTV音响电视回收,购物服务;家电电子卖场;家电电子卖场|生活服务;生活服务场所;生活服务场所,108.8996024157534,34.31487550916584,未央区,108.904192,34.313275
B0JUMACVIG,西安福好搬家,生活服务;搬家公司;搬家公司,108.89841626761442,34.32366829059685,未央区,108.903006,34.322072
B0FFJ9PLZ2,菜鸟驿站(西安鑫苑大都汇店),生活服务;物流速递;物流速递,108.89492966728812,34.284045230712984,莲湖区,108.899515,34.282432
B0J095PGP9,中国电信(大兴西路营业厅),生活服务;电讯营业厅;中国电信营业厅,108.8770852613424,34.28716340079423,莲湖区,108.881674,34.285563
B0KDBXXDXM,金色月光·沐足SPA馆,生活服务;洗浴推拿场所;洗浴推拿场所,108.87242603649358,34.28771723517443,莲湖区,108.877018,34.286122
B0J017UZYQ,黄金回收,生活服务;生活服务场所;生活服务场所,108.88656821042852,34.28232910721096,莲湖区,108.891153,34.280719
B0G0UANWQS,复印机租售(陕西鑫创彩商贸有限公司),生活服务;中介机构;中介机构,108.89736412095168,34.28110204892389,莲湖区,108.90195,34.279487
B0HD7MOJPN,超立捷图文广告(万科·金色悦城店),生活服务;摄影冲印店;摄影冲印,108.85296231137345,34.288369552314194,莲湖区,108.857576,34.286802
B0L3T58MYA,云间月足浴,生活服务;洗浴推拿场所;洗浴推拿场所,108.88564024456204,34.27983555548723,莲湖区,108.890225,34.278225
B0JABLUDJW,顺丰速运(大兴新悦城店),生活服务;物流速递;物流速递,108.87352495045194,34.28666891042077,莲湖区,108.878116,34.285072
B0I04URFHD,兔喜快递超市(进丰嘉苑店),生活服务;物流速递;物流速递,108.87168750687272,34.287034680144075,莲湖区,108.87628,34.28544
B0FFG50KV2,御园温泉小区西门自行车租赁点,生活服务;生活服务场所;生活服务场所,108.89960107580548,34.294224741966524,未央区,108.904189,34.292615
B0IG377U5W,中国电信宽带办理处(梨园路店),生活服务;电讯营业厅;中国电信营业厅,108.89503869645635,34.29578321131502,未央区,108.899625,34.294175
B0LG2DJYNO,黄金奢侈品礼品回收,生活服务;生活服务场所;生活服务场所,108.89748304908215,34.29387860811283,未央区,108.90207,34.292269
B0KBLSY8R0,中国邮政集团有限公司西安市大兴新区揽投部,生活服务;邮局;邮政速递,108.88241997227468,34.284606206079246,莲湖区,108.887006,34.283
B0J0JHK6Z6,爱尚港湾沐足(御园温泉小区店),生活服务;洗浴推拿场所;洗浴推拿场所,108.89828470534708,34.29404766495236,未央区,108.902872,34.292438
B0GU51U714,瑞晨顺安冷链(和生国际店),生活服务;物流速递;物流速递,108.89329906955618,34.295897604543185,未央区,108.897885,34.29429
B0GRXR9CNX,西安市莲湖区云水禾足浴馆(三民汉风苑西区店),生活服务;洗浴推拿场所;洗浴推拿场所,108.85005738741728,34.285388984268685,莲湖区,108.854675,34.283825
B0ID0Z5QA6,安能物流(石化大道店),生活服务;物流速递;物流速递,108.86141236596816,34.32354585970788,未央区,108.866018,34.321981
B0HDMAUBOZ,陕西恒邦律师事务所,生活服务;事务所;律师事务所,108.89614140425611,34.28294701351652,莲湖区,108.900727,34.281333
B0LKA5941Q,顺丰速运(太奥广场店),生活服务;生活服务场所;生活服务场所,108.89018425584958,34.28488303962479,莲湖区,108.894769,34.283272
B0I1RR70BU,菜鸟驿站(梨园路店),生活服务;物流速递;物流速递,108.89583862107462,34.29388425234296,未央区,108.900425,34.292275
B0LKYB2YJ0,顺丰速运(阳光台365店),生活服务;生活服务场所;生活服务场所,108.90099815825444,34.29627093052273,未央区,108.905587,34.294662
B0JGP7JGWV,德利开锁(百益雅苑南区店),购物服务;家居建材市场;建材五金市场|生活服务;生活服务场所;生活服务场所,108.89823887828832,34.292140485730364,莲湖区,108.902826,34.29053
B0J1ZK7YJW,中国联通(华宇东原阅境营业厅),生活服务;生活服务场所;生活服务场所,108.84670214136334,34.28803208815094,未央区,108.851325,34.286475
B0L1DDTQEJ,天天速收二手机回收维修(金色悦城店),生活服务;维修站点;维修站点,108.85554093280334,34.287204211939546,莲湖区,108.860151,34.285632
B0JKSD0G19,中国电信智慧社区服务中心(中南青樾店),生活服务;电讯营业厅;中国电信营业厅,108.89057280826952,34.290319899670294,莲湖区,108.895158,34.288711
B0H259NVO7,四季安物流(石化大道店),生活服务;物流速递;物流速递,108.86167064531514,34.32380711100521,未央区,108.866276,34.322242
B0JAUHU0KK,陕西静建仁豪律师事务所,生活服务;事务所;律师事务所,108.89607244609228,34.28270010134153,莲湖区,108.900658,34.281086
B0FFLDFPRP,菜鸟驿站(西安恒大翡翠龙庭西门1店),生活服务;物流速递;物流速递,108.87953780861356,34.28417896617087,莲湖区,108.884125,34.282575
B0JUTXWNAA,博望社区服务站,生活服务;生活服务场所;生活服务场所,108.88782447370096,34.28102941270722,莲湖区,108.892409,34.279418
B0FFJ5Y728,中国电信(大唐世家营业厅),生活服务;生活服务场所;生活服务场所,108.88149639353549,34.287540213820414,莲湖区,108.886083,34.285936
B0LGSA6NI8,融投·汉璟台营销中心(建设中),生活服务;生活服务场所;生活服务场所,108.90414621739151,34.29455654940896,未央区,108.908737,34.292947
B0KBR5O2CT,圆通妈妈驿站(万科·金色悦城店),生活服务;物流速递;物流速递,108.8529732749394,34.28901229465528,莲湖区,108.857587,34.287445
B0H0T5Q7DY,馨宇月子会所(西郊店),生活服务;生活服务场所;生活服务场所,108.8587696129652,34.28085491234493,莲湖区,108.863375,34.279275
B0FFGFQMMJ,东唐大众浴池,生活服务;洗浴推拿场所;洗浴推拿场所,108.89850994899128,34.31467747757813,未央区,108.903099,34.313077
B0G0XZY8D1,梨园路废品回收站,生活服务;生活服务场所;生活服务场所,108.89081945221088,34.29461815214608,未央区,108.895405,34.293011
B0LUNL7JXD,品牌智能锁批发零售开锁换锁(汽车锁保险柜汽车钥匙),生活服务;生活服务场所;生活服务场所,108.88162153657504,34.28636581764992,莲湖区,108.886208,34.284761
B0FFL6XHXU,精修电动车(丰禾路店),生活服务;维修站点;维修站点,108.89799579376113,34.282021770081414,莲湖区,108.902582,34.280407
B0GK7R2XZ8,宝鑫机车服务部,生活服务;维修站点;维修站点,108.89898135163196,34.282084878144495,莲湖区,108.903568,34.28047
B0KRM1681F,悦西湖小区快宝驿站,生活服务;物流速递;物流速递,108.8815591239069,34.29120469086023,未央区,108.886146,34.289602
B0I1OACQ41,自然野露营装备租赁,生活服务;生活服务场所;生活服务场所,108.90411259090162,34.290219431427,莲湖区,108.908703,34.288608
B0KA3AIT6A,废品站,生活服务;生活服务场所;生活服务场所,108.86707493989552,34.280164917072995,莲湖区,108.871671,34.278573
B0J0R5KU9C,京铁路通物流有限公司,生活服务;物流速递;物流速递,108.85266715241822,34.32241381290085,未央区,108.857284,34.320862
B0J67MO33D,中国电信智慧社区服务中心(西斜路营业厅),生活服务;电讯营业厅;中国电信营业厅,108.89176069194252,34.27830052312459,莲湖区,108.896345,34.276686
B0MGG14SS7,信达锦华颂项目营销中心,生活服务;生活服务场所;生活服务场所,108.9313431797556,34.302261600196225,未央区,108.935975,34.300675
B0FFH1RR75,清水湾都市温泉度假中心,生活服务;洗浴推拿场所;洗浴推拿场所,108.92557512835792,34.314395027704585,未央区,108.930196,34.312807
B0JA6HHUKR,花溪谷汤泉(静安荟生活奥特莱斯店),生活服务;洗浴推拿场所;洗浴推拿场所,108.94092076017726,34.287453453441266,莲湖区,108.945575,34.285875
B001D0WEKK,西安秦华天然气(凤城一路营业厅),公司企业;公司;公司|生活服务;生活服务场所;生活服务场所,108.94874986352264,34.31521746788431,未央区,108.953429,34.313666
B0HA6OG4QV,业之峰装饰集团(西安未央分公司),公司企业;公司;广告装饰|生活服务;生活服务场所;生活服务场所,108.91921684895333,34.306401563391134,未央区,108.923826,34.304804
B0JUGB3430,北关十字,生活服务;生活服务场所;生活服务场所,108.9439418077439,34.28202037728787,莲湖区,108.948604,34.280445
B0FFK6QIUS,秘地·HIFi影院足浴SPA(凤三旗舰店),生活服务;洗浴推拿场所;洗浴推拿场所,108.9421253971981,34.32522537983846,未央区,108.946786,34.323666
B001D09IYR,景龙湾洗浴中心,生活服务;洗浴推拿场所;洗浴推拿场所,108.93469411259912,34.29403254604118,莲湖区,108.939333,34.292447
B0IB1UEAXN,水木和足道·泰式·SPA(龙首店),生活服务;洗浴推拿场所;洗浴推拿场所,108.94383685765504,34.29739395829101,未央区,108.9485,34.295825
B001D01360,西安邮区中心局,生活服务;邮局;邮局,108.93509297206523,34.308619490694824,未央区,108.939734,34.307041
B0FFIS2SY4,长安通客户体验中心,生活服务;生活服务场所;生活服务场所,108.91584077815752,34.29465615940752,未央区,108.920444,34.293051
B0IAFD996W,七兮轻奢SPA沐足(龙首原店),生活服务;洗浴推拿场所;洗浴推拿场所,108.9430854121487,34.29210863093032,莲湖区,108.947746,34.290536
B0J0LSQNYQ,水木和足道·SPA·泰式(老城根店),生活服务;洗浴推拿场所;洗浴推拿场所|餐饮服务;茶艺馆;茶艺馆,108.915849443741,34.28623978046542,莲湖区,108.920452,34.284631
B0LR7LJDS4,哇塞快乐星球,生活服务;婴儿服务场所;婴儿服务场所,108.9452727828197,34.32123748690526,未央区,108.949942,34.319682
B0FFJTT0KE,大明宫西站D,生活服务;生活服务场所;生活服务场所,108.94324976099908,34.30673787917236,未央区,108.947912,34.305172
B0FFFDBINQ,西安城北客运站售票处,生活服务;售票处;售票处,108.93696208027814,34.31218202983779,未央区,108.941608,34.310608
B0FFIIIX0S,秘地·HIFi影院足浴SPA(龙首星光店),生活服务;洗浴推拿场所;洗浴推拿场所|科教文化服务;科教文化场所;科教文化场所,108.9430485415364,34.29179083502861,莲湖区,108.947709,34.290218
B0FFL5T8AG,中国电信(龙首营业厅),购物服务;家电电子卖场;手机销售|生活服务;电讯营业厅;中国电信营业厅,108.94339269967004,34.290221888212194,莲湖区,108.948054,34.288649
B0FFK8EM0V,Apple授权服务商(立兴西安盛龙广场店),生活服务;维修站点;维修站点,108.94170753923184,34.30072231370266,未央区,108.946365,34.299151
B0FFI1XQTW,华为授权服务中心(西安未央路),生活服务;维修站点;维修站点,108.94176475782024,34.32071612950174,未央区,108.946424,34.319154
B0LAYCYZZS,泽西岛·影院沐足SPA(凤城三路四季繁花店),生活服务;生活服务场所;生活服务场所,108.94217646760734,34.322621513113354,未央区,108.946837,34.321061
B0K2OR6OOL,徐氏搓澡理疗馆(曹家庙社区店),生活服务;洗浴推拿场所;洗浴推拿场所,108.96351741255556,34.32209870118142,未央区,108.968247,34.320584
B0K6VL25EZ,兔博士口腔(大兴门诊部),生活服务;生活服务场所;生活服务场所,108.91525857526882,34.294642527197134,未央区,108.919861,34.293037
B0FFIWK7SL,华为授权服务中心(大明宫西),购物服务;家电电子卖场;手机销售|购物服务;家电电子卖场;数码电子|生活服务;维修站点;维修站点,108.94203322201268,34.305904431161665,未央区,108.946692,34.304336
B001D146PP,陕西省敬老优待证制发中心,政府机构及社会团体;政府机关;省直辖市级政府及事业单位|生活服务;生活服务场所;生活服务场所,108.9422694220252,34.307710200821234,未央区,108.946929,34.306143
B0H2FLKWTP,钜益100营销体验中心,生活服务;生活服务场所;生活服务场所,108.94287960693148,34.309125471026164,未央区,108.947541,34.30756
B0FFFWALIL,中国邮政(北关邮政支局),生活服务;邮局;邮局,108.942223458588,34.284199561869414,莲湖区,108.946881,34.282622
B0JK4AOI2P,枫禾映画婚纱摄影,生活服务;摄影冲印店;摄影冲印,108.94330126273717,34.28646666363145,莲湖区,108.947962,34.284892
B0KDCMGYYC,汉京城6号营销中心,生活服务;生活服务场所;生活服务场所,108.94197202006588,34.31046847925347,未央区,108.946631,34.308902
B0G0ZAXZ5X,翡丽西安营销中心,生活服务;生活服务场所;生活服务场所,108.9214012029829,34.29510873705611,未央区,108.926013,34.293508
B0IBM7XGVJ,中铁快运(西安站营业部),生活服务;物流速递;物流速递,108.95557268422144,34.281103847196896,新城区,108.960271,34.279552
B0FFHLA3M2,安心妈妈月子中心(北郊店),生活服务;生活服务场所;生活服务场所,108.95873840108052,34.311002452017064,未央区,108.96345,34.309471
B0H3SZJE3X,广成国际营销中心,生活服务;生活服务场所;生活服务场所,108.93726648105392,34.31012049054234,未央区,108.941913,34.308546
B0L2RLNH0D,蛮涮自助小火锅·糖水铺子集合店(盛龙广场店),生活服务;生活服务场所;生活服务场所,108.94026145870642,34.30069881750194,未央区,108.944915,34.299125
B0I2P5GVBH,澜颜足咖(凤城二路店),生活服务;洗浴推拿场所;洗浴推拿场所,108.9335788589294,34.31739767518154,未央区,108.938217,34.315821
B0IATPHXIN,中国建设银行(西安凤城二路中段支行),金融保险服务;银行;中国建设银行|生活服务;生活服务场所;生活服务场所,108.94344223547822,34.31881801191804,未央区,108.948106,34.317258
B0J3U5YDZX,中国联通(未央营业厅),生活服务;电讯营业厅;中国联通营业厅,108.94306527353709,34.306819176593315,未央区,108.947727,34.305253
B0G055LCUB,顺丰速运(贞观路店),生活服务;物流速递;物流速递,108.95498407015936,34.324981623973066,未央区,108.959684,34.323448
B0IATHQUAY,荣耀官方授权服务中心(西安荣民时代广场店),生活服务;维修站点;维修站点,108.94369445340784,34.30734779421253,未央区,108.948358,34.305783
B0M6MRVZLL,苹果维修中心,生活服务;维修站点;维修站点,108.9435118987898,34.3205340871529,未央区,108.948176,34.318975
B0K2VRCBQT,DJI大疆(西安龙首印象城授权体验店),生活服务;生活服务场所;生活服务场所,108.9431988354138,34.29528104693797,未央区,108.94786,34.29371
B0FFIAXZH6,合和大唐·足道·按摩·SPA(文景路店),生活服务;洗浴推拿场所;洗浴推拿场所,108.933960882473,34.31838167488763,未央区,108.9386,34.316806
B0KURZZM7X,小米之家(西安未央区龙首印象城专卖店),购物服务;家电电子卖场;手机销售|购物服务;家电电子卖场;数码电子|生活服务;维修站点;维修站点,108.94359069157424,34.29573513563781,未央区,108.948253,34.294165
B0H3COCI46,岗家寨商业街中巷菜鸟驿站,生活服务;物流速递;物流速递,108.9517672995565,34.31635967514528,未央区,108.956456,34.314815
B0K2Y5TEK8,芳华SPA生活馆,生活服务;洗浴推拿场所;洗浴推拿场所,108.95509919128313,34.31879725718942,未央区,108.959799,34.317261
B0FFL95RRC,优7影院式沐足CLUB(雅荷店),生活服务;洗浴推拿场所;洗浴推拿场所,108.94321506909338,34.316451519096184,未央区,108.947878,34.31489
B0IDAL2XUV,陕西神剑律师事务所,生活服务;事务所;律师事务所,108.94082737411222,34.31995311279533,未央区,108.945484,34.318389
B0K6579N4L,陕西秦岳律师事务所,生活服务;事务所;律师事务所,108.94338649123348,34.30531027151665,未央区,108.948049,34.303744
B0I3A5RFAF,中国广电(红庙坡营业厅),生活服务;生活服务场所;生活服务场所,108.92535870642614,34.28757913824658,莲湖区,108.929977,34.285979
B0JACUVB8Z,闪电蜂Apple授权独立手机维修服务回收(未央店),生活服务;维修站点;维修站点,108.94147545359216,34.32191107783576,未央区,108.946134,34.320349
B001D10W7C,大明宫国家遗址公园游客服务中心,生活服务;信息咨询中心;服务中心,108.96188151847733,34.28347695307172,新城区,108.966602,34.281941
B0IBOUIS11,中国移动(北稍门营业厅),生活服务;电讯营业厅;中国移动营业厅|购物服务;家电电子卖场;手机销售|生活服务;维修站点;维修站点,108.94236453894509,34.29071052766396,莲湖区,108.947023,34.289136
B0JKHS3RWU,中国邮政(西安邮区中心局),生活服务;邮局;邮局,108.9348057699296,34.307306506934104,未央区,108.939446,34.305727
B0KGAUQ4OC,千米手机电脑维修回收(西安方新路店),生活服务;生活服务场所;生活服务场所,108.92306284365053,34.30105758997483,未央区,108.927678,34.299461
B0KUJA9E39,菜鸟驿站(名京·九合院店),生活服务;物流速递;物流速递,108.9400922428212,34.30892442361452,未央区,108.944746,34.307354
B001D0WF3I,天指道足浴(凤城一路),生活服务;洗浴推拿场所;洗浴推拿场所,108.9553386462316,34.31565916849077,未央区,108.960039,34.314122
B0I177U0IS,瑞鑫口腔(凤城一路分院),生活服务;生活服务场所;生活服务场所,108.95247907943173,34.31548655172591,未央区,108.95717,34.313943
B0K1M9K9HG,汤澜水汇,生活服务;洗浴推拿场所;洗浴推拿场所,108.93403697417337,34.315034110034,未央区,108.938676,34.313457
B0HRODIQC1,顺丰速运(丰禾路店),生活服务;物流速递;物流速递,108.90961193434616,34.287133483375705,莲湖区,108.914207,34.285522
B0IR3CL5QL,京东MALL-盛龙广场客户服务中心,生活服务;生活服务场所;生活服务场所,108.93902474792648,34.30045099276259,未央区,108.943675,34.298875
B0JD372Y17,青桔单车停放点,生活服务;生活服务场所;生活服务场所,108.94165521173764,34.29420726493914,莲湖区,108.946312,34.292633
B0KRM724RH,凤城二路恒大悦龙台一期德佑赢硕加盟店,生活服务;中介机构;中介机构,108.9629427809703,34.31879067632782,未央区,108.96767,34.317273
B0HROHK963,小米授权服务中心Gpark店,生活服务;维修站点;维修站点,108.91621189828491,34.2867413334631,莲湖区,108.920815,34.285133
B0LA2ZHL16,信达凤熙雲著营销中心,生活服务;生活服务场所;生活服务场所,108.94839663563116,34.31902542123596,未央区,108.953075,34.317475
B0I2DCVQJA,文景尚品营销中心,生活服务;生活服务场所;生活服务场所,108.93423091113262,34.31014806087124,未央区,108.93887,34.308569
B001D09GVL,添锦明居,生活服务;生活服务场所;生活服务场所,108.9464752582754,34.30879489989276,未央区,108.951147,34.307236
B0FFGBDZWU,中国邮政(方新村邮政支局),生活服务;邮局;邮局,108.94097847445524,34.30137029417055,未央区,108.945634,34.299798
B0LGHLU8LB,碧海龙门·臻享踩背馆,生活服务;洗浴推拿场所;洗浴推拿场所,108.96145380327664,34.31094994898189,未央区,108.966175,34.309425
B0K13STQEG,清雅SPA生活馆(鼎新大厦店),生活服务;美容美发店;美容美发店,108.95483805807316,34.31885581505234,未央区,108.959537,34.317319
B0FFK370A9,漫时光足浴,生活服务;洗浴推拿场所;洗浴推拿场所,108.94190623954876,34.297686303191064,未央区,108.946564,34.296114
B0FFK6HLOR,链家地产(新一代北城国际店),地名地址信息;普通地名;村庄级地名|生活服务;中介机构;中介机构,108.93404450760748,34.295878684171434,未央区,108.938682,34.294293
B0G3LSGE2W,大头贴(大观园市场店),生活服务;生活服务场所;生活服务场所,108.9219469966987,34.28614211300527,莲湖区,108.926559,34.284538
B0ID77N5V3,圣象地板(北二环大明宫专卖店),生活服务;生活服务场所;生活服务场所,108.96488799799876,34.314406805974016,未央区,108.969622,34.312892
B0FFLO7P3M,西安古韵国际旅行社,生活服务;生活服务场所;生活服务场所,108.9588493355711,34.31928738263348,未央区,108.963562,34.31776
B0J2U50VAP,中国移动凤城一路营业厅(官方授权),购物服务;家电电子卖场;手机销售|生活服务;生活服务场所;生活服务场所,108.96352393464988,34.31545076835926,未央区,108.968253,34.313933
B0FFLBXYVY,龙岗快印广告,公司企业;公司;广告装饰|生活服务;生活服务场所;生活服务场所,108.93952886605116,34.319651449989486,未央区,108.944182,34.318085
B0LUG1O803,焱叁江火锅串串(兴中路店),生活服务;生活服务场所;生活服务场所,108.9290743890782,34.28609352555481,莲湖区,108.9337,34.284497
B0KASSGGH4,德佑地产(御笔华庭店),生活服务;中介机构;中介机构,108.91214801338296,34.288420889965366,莲湖区,108.916746,34.286811
B0GKPZXVK2,中国邮政(龙首北路邮政所),生活服务;邮局;邮局,108.9393683604844,34.29412320113442,莲湖区,108.944019,34.292545
B0FFK97E5E,禧贝阁母婴呵护中心月子会所(市图书馆店),生活服务;生活服务场所;生活服务场所,108.9368942884923,34.32404064457917,未央区,108.941541,34.322472
B0LKD7NCOO,高速ETC办理网点,生活服务;生活服务场所;生活服务场所,108.94349793394548,34.295985195664635,未央区,108.94816,34.294415
B0J6SXCW80,菜鸟驿站(南康新村广场西店),生活服务;物流速递;物流速递,108.95086636188542,34.3139936677587,未央区,108.955552,34.312446
B0G1PAJ2PE,汉城湖旅游集散中心,生活服务;生活服务场所;生活服务场所,108.91531093415162,34.314138781962605,未央区,108.919915,34.312542
B0H3K7YGRP,王师开锁换锁指纹锁配钥匙门禁卡,生活服务;生活服务场所;生活服务场所,108.92598597796466,34.294080659655464,莲湖区,108.930606,34.292484
B0HBBS30CE,贝壳签约中心(鼎新大厦店),生活服务;生活服务场所;生活服务场所,108.95476628650158,34.31898591507996,未央区,108.959465,34.317449
B0FFHV2B5J,泾航财税·代理记账·公司注册·许可·资质,生活服务;生活服务场所;生活服务场所,108.9433198768149,34.315181913320345,未央区,108.947983,34.31362
B0LAVH73KW,阅宝黄金·黄金回收(曹家庙店),生活服务;生活服务场所;生活服务场所,108.96355422603897,34.32272931375071,未央区,108.968284,34.321215
B0HBKANAYR,骊水湾(世纪金园店),生活服务;洗浴推拿场所;洗浴推拿场所,108.94217911773488,34.28991020161293,莲湖区,108.946837,34.288335
B0JB3ZGQH6,筋骨堂(名京·九合院锦程苑店),生活服务;洗浴推拿场所;洗浴推拿场所,108.93909093423746,34.3083473547134,未央区,108.943742,34.306775
B0LKA99ESH,祥和祥33元自助小火锅,生活服务;生活服务场所;生活服务场所,108.93479880752786,34.29470110131433,未央区,108.939438,34.293116
B0LRCHGI8B,中国移动,生活服务;电讯营业厅;中国移动营业厅,108.94370479240416,34.31511624134282,未央区,108.948369,34.313555
B0FFH1C2F8,殡葬一条龙,生活服务;丧葬设施;丧葬设施,108.90812479743258,34.28247293887235,莲湖区,108.912718,34.280859
B0HUYAT6QR,顺丰速运(红东花园店),生活服务;物流速递;物流速递,108.93400208180812,34.29002128577229,莲湖区,108.938639,34.288433
B0J0HHT59Q,藤野造型,生活服务;美容美发店;美容美发店,108.9433773395548,34.319793676895685,未央区,108.948041,34.318234
B0FFI7GXRY,天成烟酒(天赐苑店),购物服务;专卖店;烟酒专卖店|生活服务;洗浴推拿场所;洗浴推拿场所,108.92427326145202,34.29350071165328,莲湖区,108.92889,34.291902
B0FFH1EQ0G,中国邮政速递物流(凤城南路),生活服务;邮局;邮政速递,108.93571383691976,34.30400263590686,未央区,108.940356,34.302423
B0HGXZWV1D,贝壳签约服务中心(龙首店),生活服务;生活服务场所;生活服务场所,108.94195321525496,34.2963917879691,未央区,108.946611,34.294819
B0L0BAUC2H,转转二手回收(西安龙湖大兴星悦荟店),生活服务;生活服务场所;生活服务场所,108.91508742518396,34.28694694964819,莲湖区,108.919689,34.285338
B0J3V5WJNC,淳境SPA沐足,生活服务;洗浴推拿场所;洗浴推拿场所,108.94183014172086,34.30146976727586,未央区,108.946488,34.299899
B0K2XC7OL7,爱尚正品手机电脑维修回收置换(大明宫西),生活服务;维修站点;维修站点,108.94316993463552,34.30736774040188,未央区,108.947832,34.305802
B0FFKKIENA,郑远元专业修脚房(丰禾路店),生活服务;洗浴推拿场所;洗浴推拿场所,108.91132842870346,34.282622724642394,莲湖区,108.915925,34.28101
B0L2YDUZF5,星极手机维修回收,生活服务;维修站点;维修站点,108.96183308780935,34.3152510536155,未央区,108.966556,34.313729
B0LGLZNSHL,陕西丰采律师事务所,生活服务;事务所;律师事务所,108.94197333424432,34.31886362396024,未央区,108.946633,34.317301
B0KUKH52JT,转转二手回收(盛龙广场店),生活服务;生活服务场所;生活服务场所,108.94059259776051,34.30036440189241,未央区,108.945247,34.298791
B0LAFAJOPE,中国移动(星火路营业厅),生活服务;电讯营业厅;中国移动营业厅,108.91855730104444,34.28866186019979,莲湖区,108.923164,34.287056
B0IB5XKSW2,菜鸟驿站(盛龙广场1号地5号楼店),生活服务;物流速递;物流速递,108.9396878031272,34.30293379118546,未央区,108.94434,34.30136
B0G0FH7EOO,雲龍沐足SPA生活馆(明光路店),生活服务;洗浴推拿场所;洗浴推拿场所,108.92572191519204,34.31354825798849,未央区,108.930343,34.31196
B0FFFY4TH7,地冲泉洗浴(双龙花园B区店),生活服务;洗浴推拿场所;洗浴推拿场所,108.94559235096006,34.30278329254621,未央区,108.950261,34.30122
B0L0XHLGC7,昕樾babyhome月子中心,生活服务;生活服务场所;生活服务场所,108.92098127793108,34.30290866738177,未央区,108.925593,34.301311
B0FFFT9SNQ,中国联通(龙首北路营业厅),生活服务;电讯营业厅;中国联通营业厅,108.93728374908544,34.29394065034595,莲湖区,108.941929,34.292359
B0HUH7M1Y6,帆帆手机电脑维修,生活服务;维修站点;维修站点,108.93654135467784,34.29709542958976,未央区,108.941185,34.295514
B0FFIK6KBD,菜鸟驿站(西安联志路水电小区217号店)(暂停营业),生活服务;物流速递;物流速递,108.9447670621613,34.286663875963335,莲湖区,108.949432,34.285092
B0HRJROTOU,雅荷悦来·科技美肤·科技SPA(大明宫店),生活服务;美容美发店;美容美发店,108.96435353444176,34.30757526655256,未央区,108.969085,34.306056
B0FFGJ94GN,陕西宝伦律师事务所,生活服务;事务所;律师事务所,108.94197313057568,34.29675859223286,未央区,108.946631,34.295186
B0KRRAPUFN,永峰广告(莲湖区店),生活服务;生活服务场所;生活服务场所,108.9153704793791,34.28152707523174,莲湖区,108.919972,34.279916
B0L2K9H096,奈晚推拿·按摩新养生(盛龙广场店),生活服务;洗浴推拿场所;洗浴推拿场所,108.94052972605355,34.300866287130134,未央区,108.945184,34.299293
B0KK6UNNF0,感恩堂殡葬服务公司,风景名胜;风景名胜;教堂|生活服务;丧葬设施;丧葬设施,108.92675381541834,34.289872631144846,莲湖区,108.931375,34.288275
B0KRJZ5L7Z,名师傅电动车维修连锁爱菊花园店,生活服务;维修站点;维修站点,108.92439300302584,34.28156669315336,莲湖区,108.929009,34.279963
B0FFHJHFOV,菜鸟驿站(西安福安花园西南门店),生活服务;物流速递;物流速递,108.92082407413515,34.29627173214158,未央区,108.925435,34.294671
B0FFH1J1YL,专业名表手机电脑维修回收中心,生活服务;维修站点;维修站点,108.94103638542956,34.30053356487287,未央区,108.945692,34.298961
B0FFIP6SBI,菜鸟驿站(阳光北郡北区店),生活服务;物流速递;物流速递,108.92644272134432,34.2986231698177,未央区,108.931064,34.297029
B0FFFRNIHF,郑远元专业修脚房(凤城一路店),生活服务;洗浴推拿场所;洗浴推拿场所,108.9548921741442,34.31522936857617,未央区,108.959591,34.313691
B0GKJ9ZBX6,欧文美学半永久纹眉纹绣(老三届首座大厦店),生活服务;美容美发店;美容美发店|公司企业;公司企业;公司企业,108.94193427814626,34.296259879069545,未央区,108.946592,34.294687
B0FFGQ0YK6,菜鸟驿站(南康新村店广场),生活服务;物流速递;物流速递,108.95190010082985,34.31357667014246,未央区,108.956589,34.312031
B0FFGFRVAQ,中盐西安盐业公司食盐配送中心(丰禾路营业厅),生活服务;物流速递;物流速递,108.90692905910116,34.28057704851667,莲湖区,108.911521,34.278962
B0FFG9VWV2,秦农银行(自强西路支行),金融保险服务;银行;农村商业银行|生活服务;生活服务场所;生活服务场所,108.93898733153212,34.282125968609925,莲湖区,108.943636,34.280542
B0FFGQ0YIS,菜鸟驿站(西安龙御花园店),生活服务;物流速递;物流速递,108.94666892097275,34.29357526952298,莲湖区,108.95134,34.29201
B0FFHBIV13,中国邮政-综合楼,生活服务;邮局;邮局,108.93385585649904,34.309409934729736,未央区,108.938494,34.30783
B0LRMUXN7I,顺丰速运(联志花苑店),生活服务;物流速递;物流速递,108.9472527511318,34.286492176369244,新城区,108.951925,34.284925
B0FFJ43DMN,郑远元专业修脚房(凤城三路店),生活服务;洗浴推拿场所;洗浴推拿场所,108.96054001771206,34.323722267855054,未央区,108.965259,34.322201
B0FFJNDTDJ,京东快递(西安北关营业部),生活服务;生活服务场所;生活服务场所,108.93751732322376,34.279556419974945,莲湖区,108.942162,34.277969
B0KB27N9Z4,换机帮手机电脑数码专卖店(二手交易中心),购物服务;家电电子卖场;手机销售|生活服务;维修站点;维修站点,108.93546720809177,34.31918809204096,未央区,108.94011,34.317615
B0LRTCARHB,顺丰速运(林德花园店),生活服务;生活服务场所;生活服务场所,108.9475490018147,34.297028036215785,莲湖区,108.952223,34.295466
B0LUBAHLJT,顺丰速运(凤城一路店),生活服务;生活服务场所;生活服务场所,108.92537956683644,34.313588605693454,未央区,108.93,34.312
B0L115L6DT,转转二手回收(未央龙首印象城店),生活服务;生活服务场所;生活服务场所,108.94372731328116,34.29561993596231,未央区,108.94839,34.29405
B0FFF6596H,中国联通(北关营业厅),生活服务;电讯营业厅;中国联通营业厅,108.94351007735035,34.28148539372061,莲湖区,108.948171,34.279909
B0FFIEPVVT,菜鸟驿站(海璟国际店),生活服务;物流速递;物流速递,108.93455555655692,34.317333299417875,未央区,108.939196,34.315758
B0FFHFVECP,西安中航樾公馆售楼部,生活服务;中介机构;中介机构,108.95222145169332,34.30886612496118,未央区,108.956911,34.307319
B0LRNSL3L5,西安市未央区秀兰裁缝店,生活服务;生活服务场所;生活服务场所,108.92057731376892,34.29834803180276,未央区,108.925188,34.296748
B0J0ZN8OLA,泰巧和SPA·按摩(龙首店),生活服务;洗浴推拿场所;洗浴推拿场所,108.94218039111566,34.298815322361726,未央区,108.946839,34.297244
B0K2Z76BEG,奈晚推拿·按摩新养生(龙首印象城店),生活服务;洗浴推拿场所;洗浴推拿场所,108.94311509520745,34.29498332840818,未央区,108.947776,34.293412
B0FFLPLCS3,菜鸟驿站(西安永新苑东区南门店),生活服务;物流速递;物流速递,108.92909692068396,34.29130526254032,莲湖区,108.933723,34.289711
B0FFKBVYR2,菜鸟驿站(西安向荣巷37号店),生活服务;物流速递;物流速递,108.94596083560356,34.28351794960495,新城区,108.950629,34.281947
B0HDXS8PA6,天壹图文广告,生活服务;生活服务场所;生活服务场所,108.94060902027654,34.294613897965114,未央区,108.945263,34.293038
B0FFHK91VZ,静心堂中医针灸推拿,生活服务;洗浴推拿场所;洗浴推拿场所,108.9452511144158,34.317939060955545,未央区,108.94992,34.316382
B0IRTZDKIA,克丽缇娜(万科大明宫店),生活服务;生活服务场所;生活服务场所,108.96410742983753,34.30770782796297,未央区,108.968838,34.306188
B0FFK1YIAZ,西门子助听器(西安第三医院五星级验配中心),生活服务;生活服务场所;生活服务场所,108.95779483283364,34.32126393937205,未央区,108.962504,34.319735
B0J1O6BSIO,佰艺图文快印广告·标书打印装订·文化墙(蓝海风店),生活服务;生活服务场所;生活服务场所,108.92989888042464,34.32021129975988,未央区,108.934529,34.318631
B0FFIUPUL5,云顶影院式足浴(龙首店),生活服务;洗浴推拿场所;洗浴推拿场所,108.9421327575245,34.29592567470732,未央区,108.946791,34.294353
B0H235QQWA,黑白调人体工学椅&儿童学习桌椅(盛龙广场店),生活服务;生活服务场所;生活服务场所,108.94047091788728,34.30044857226487,未央区,108.945125,34.298875
B0K3XS31NK,跃之洲(陕西)劳务派遣有限公司,生活服务;人才市场;人才市场,108.94173727307746,34.31530468274119,未央区,108.946396,34.31374
B0K117EXY8,松桂沐足.影院沐足.养生SPA,生活服务;洗浴推拿场所;洗浴推拿场所,108.93645533179196,34.30001727606868,未央区,108.941099,34.298437
B0K3JSC9M4,中财企业管理有限公司,生活服务;生活服务场所;生活服务场所,108.94195222464026,34.29630982558494,未央区,108.94661,34.294737
B0H6UST6T2,菜鸟驿站(龙首北路西段店),生活服务;物流速递;物流速递,108.93963962219118,34.294408625357754,未央区,108.944291,34.292831
B0FFK085BN,七色镇妈妈驿站,生活服务;物流速递;物流速递,108.91000170699776,34.2848603099881,莲湖区,108.914597,34.283248
B0FFJX6VXL,郑远元专业修脚房(盛龙广场店),生活服务;洗浴推拿场所;洗浴推拿场所,108.93746468783084,34.301385095768865,未央区,108.942111,34.299807
B0FFLHAEPZ,中国联通(丰禾路营业厅),生活服务;电讯营业厅;中国联通营业厅,108.91072613891994,34.28217116669784,莲湖区,108.915322,34.280558
B0FFH5JY6C,西安大观园彩印广告市场,生活服务;生活服务场所;生活服务场所,108.92475794446352,34.28627632388838,莲湖区,108.929375,34.284675
B0FFKGQVZ6,菜鸟驿站(香克林小镇店),生活服务;物流速递;物流速递,108.9584304057637,34.32403115430884,未央区,108.963142,34.322505
B0FFIKER4T,菜鸟驿站(永新苑·红东花园小区店),生活服务;物流速递;物流速递,108.93205449690136,34.2910125751535,莲湖区,108.936687,34.289422
B0FFHC7TVU,菜鸟驿站(龙府北郡店),生活服务;生活服务场所;生活服务场所,108.92451081724109,34.305948973707444,未央区,108.929129,34.304356
B0L6HAG48P,涂奈克专业旧房翻新,生活服务;生活服务场所;生活服务场所,108.9274959478244,34.294647718448786,未央区,108.932119,34.293053
B0FFINOERA,菜鸟驿站(西安中天雅苑西门1店),生活服务;物流速递;物流速递,108.93713418676316,34.29319420953574,莲湖区,108.941779,34.291612
B0FFJN4J2L,菜鸟驿站(新一代北城国际店),生活服务;物流速递;物流速递,108.93362241532876,34.29691883214335,未央区,108.938259,34.295333
B0KDORXNSS,荷悦足浴(凤城三路店),生活服务;洗浴推拿场所;洗浴推拿场所,108.95772486775373,34.32378392239257,未央区,108.962434,34.322256
B0KUBHNBVU,讯兴手机电脑维修服务中心,生活服务;维修站点;维修站点,108.94296661936306,34.29366317120128,莲湖区,108.947627,34.292091
B0FFIKEI69,菜鸟驿站(双龙花园B区店),生活服务;物流速递;物流速递,108.94558039628797,34.30265637178625,未央区,108.950249,34.301093
B0H1UAV8SV,吕轩快印·刻章(凤城一号小区店),生活服务;生活服务场所;生活服务场所,108.9335829647919,34.315972326913815,未央区,108.938221,34.314395
B0FFH7WM6M,菜鸟驿站(西安自强西路110店),生活服务;物流速递;物流速递,108.932314667003,34.28162422333256,莲湖区,108.936947,34.28003
B0JU452VSE,芯瑞时名表维修中心(老城根店),生活服务;维修站点;维修站点,108.9160222136298,34.28611872165708,莲湖区,108.920625,34.28451
B0FFJ6Y25Z,链家(蔚蓝花城西门店),生活服务;中介机构;中介机构,108.91000163426514,34.28576592504991,莲湖区,108.914597,34.284154
B0FFIVDLGX,菜鸟驿站(西安方新路33号店),生活服务;物流速递;物流速递,108.93637542255816,34.3013448113584,未央区,108.941019,34.299765
B0L2JC74LT,奈晚推拿·按摩新养生(静安荟店),生活服务;洗浴推拿场所;洗浴推拿场所,108.94092075766994,34.28748444019764,莲湖区,108.945575,34.285906
B0HKTUD3CR,YESIDO椰岛造型烫发染发(静安荟生活奥莱),生活服务;美容美发店;美容美发店,108.94168275422234,34.286593497135335,莲湖区,108.946339,34.285016
B0FFKYVFZ9,澎莱岛影院式足浴(星河大厦店),生活服务;洗浴推拿场所;洗浴推拿场所,108.94306112401736,34.30880228991164,未央区,108.947723,34.307237
B0J1159VWM,尊龙会客厅,体育休闲服务;娱乐场所;KTV|生活服务;生活服务场所;生活服务场所,108.93961811284744,34.301387594626604,未央区,108.94427,34.299813
B0FFHD5D9D,龙岗图文快印(凤城三路店),生活服务;生活服务场所;生活服务场所,108.94824175069752,34.32341568295277,未央区,108.95292,34.321867
B0G1JL8EBG,菜鸟驿站(海璟台北湾店),生活服务;物流速递;物流速递,108.92869785957684,34.3147593023244,未央区,108.933325,34.313175
B0FFHK9V5I,天空数码手机电脑维修(蔚蓝生活广场店),购物服务;家电电子卖场;数码电子|生活服务;维修站点;维修站点,108.90745862295856,34.292452853902866,莲湖区,108.912052,34.290843
B001D10NYD,西安市未央区妇联家政服务中心,生活服务;中介机构;中介机构,108.94187493009966,34.3025582050632,未央区,108.946533,34.300988
B0FFHUJEJL,圆通快递城内分公司分拣中心,生活服务;物流速递;物流速递,108.92879745772208,34.28003942133248,莲湖区,108.933422,34.27844
B0LD71448P,顺丰速运(和源馨源西门店),生活服务;生活服务场所;生活服务场所,108.94141147684266,34.28683486799228,莲湖区,108.946067,34.285257
B0FFKPEXBA,菜鸟驿站(雅荷智能家园店),生活服务;生活服务场所;生活服务场所,108.95683958436966,34.31547383561918,未央区,108.961545,34.31394
B0MGT78DXB,西安蜗牛旅行发车点,生活服务;生活服务场所;生活服务场所,108.94951225282225,34.28153273857967,新城区,108.954191,34.279968
B0FFJXBPU6,郑远元专业修脚房(蔚蓝生活广场店),生活服务;洗浴推拿场所;洗浴推拿场所,108.91022885515405,34.292433976462725,莲湖区,108.914825,34.290825
B0FFH5QBUD,菜鸟驿站(宫园壹号1期店),生活服务;物流速递;物流速递,108.94451035689258,34.29214500005578,莲湖区,108.949175,34.290575
B0LKFST3XL,沐香里·按摩养生SPA,生活服务;洗浴推拿场所;洗浴推拿场所,108.94298878402734,34.29087034045134,莲湖区,108.947649,34.289297
B0FFLCJ3WV,风悦足御(时代旗舰店),生活服务;洗浴推拿场所;洗浴推拿场所,108.94334536384744,34.32060535719107,未央区,108.948009,34.319046
B0FFF656W4,完美人生(北稍门店),生活服务;美容美发店;美容美发店|购物服务;个人用品/化妆品店;其它个人用品店,108.94304854566528,34.291739857064094,莲湖区,108.947709,34.290167
B0L0PMZCY2,耳湾躺式采耳SPA(老城根店),生活服务;生活服务场所;生活服务场所,108.9121780364536,34.2876931874764,莲湖区,108.916776,34.286083
B0HRR7WLZE,领航盲人按摩(龙首北路店),生活服务;洗浴推拿场所;洗浴推拿场所,108.92598997023585,34.29408065531017,莲湖区,108.93061,34.292484
B0K2R49X38,菜鸟驿站(荣民·时代SOHO店),生活服务;物流速递;物流速递,108.943403218275,34.308086992669985,未央区,108.948066,34.306522
B0JAJUSLO9,西安阎良汉皇树葬墓园办事处,生活服务;生活服务场所;生活服务场所,108.9193114816008,34.284297137608135,莲湖区,108.923919,34.28269
B0J1KM69FB,哆客快修·手机维修回收(龙湖星悦荟店),生活服务;维修站点;维修站点,108.91405674501172,34.287368364773776,莲湖区,108.918657,34.285759
B0HRJ6JNAQ,蕾特恩专业祛痘国际连锁(图书馆店),生活服务;美容美发店;美容美发店|公司企业;公司;公司,108.942014965598,34.32198609612048,未央区,108.946675,34.320425
B0JD4CR0TN,藤野造型(西安星悦荟店),生活服务;美容美发店;美容美发店,108.91510738439612,34.287120863384494,莲湖区,108.919709,34.285512
B0IDM5XCBM,西安天博源财税事务所有限公司,生活服务;事务所;事务所,108.94166559543812,34.3014470660759,未央区,108.946323,34.299876
B0GUVSUKA6,美团合作商服务中心(未央路店),生活服务;生活服务场所;生活服务场所,108.9415802414884,34.30868497501241,未央区,108.946238,34.307117
B0FFHE4IEY,中国电信营业厅(凤城一路店),生活服务;电讯营业厅;中国电信营业厅,108.96186099366427,34.31517402048215,未央区,108.966584,34.313652
B0LRA705T2,中国电信雅荷小区营业厅,生活服务;电讯营业厅;中国电信营业厅,108.94208921244248,34.316426546408344,未央区,108.946749,34.314863
B0FFHEGH4I,众森物流园,生活服务;物流速递;物流仓储场地,109.01782779273134,34.29133988759204,灞桥区,109.02278,34.289969
B001D09PCS,锦城四季,商务住宅;住宅区;住宅小区|生活服务;生活服务场所;生活服务场所,109.00991826145776,34.30170773396856,灞桥区,109.014838,34.300318
B001D09FPJ,西安贝斯特绿色物流转运中心,生活服务;物流速递;物流仓储场地,108.97440622359598,34.279577744892386,新城区,108.979174,34.278073
B0KDMCC1R3,澜之溪汤泉,生活服务;洗浴推拿场所;洗浴推拿场所,108.98464319593565,34.31711292461361,未央区,108.989456,34.315654
B0KK4AXA9L,甄沐汤泉,生活服务;洗浴推拿场所;洗浴推拿场所,108.99008476015943,34.32217040462143,未央区,108.994921,34.32073
B001D0VYKI,含光静里,商务住宅;住宅区;住宅小区|生活服务;生活服务场所;生活服务场所,108.99861357897652,34.28117282274559,新城区,109.003483,34.27974
B001D07HQA,陕西西北物流有限公司,生活服务;物流速递;物流仓储场地,108.98270308702824,34.2835044705452,新城区,108.987505,34.282025
B0L0X5LHP1,汇兴匠作·金地·长缨赋营销中心,生活服务;生活服务场所;生活服务场所,108.99576340122996,34.286583181935335,新城区,109.000621,34.285144
B0FFGFRAZI,陕西金马物流有限公司,生活服务;物流速递;物流仓储场地,109.01190615709702,34.28568375693919,新城区,109.016833,34.284293
B0FFF655GW,三利物流市场,生活服务;物流速递;物流速递,109.01593785919238,34.28920532674091,新城区,109.020882,34.287828
B001D0VX4H,中铁物资西安立诚物流中心,生活服务;物流速递;物流仓储场地,108.98850151602711,34.2979061455719,未央区,108.993329,34.29645
B0J0NU8N6Y,天易达物流公司,生活服务;物流速递;物流速递,109.0107027578056,34.29176674015667,新城区,109.015625,34.290375
B0LUK7P2P3,水木和足道·SPA·泰式 (四海唐人街甄选店),生活服务;洗浴推拿场所;洗浴推拿场所,108.9654383188282,34.3221348230456,未央区,108.970175,34.320625
B0MG4AX24Z,华为授权服务中心(西安大明宫万达),生活服务;维修站点;维修站点,108.96759366682517,34.31669277882691,未央区,108.972338,34.315186
B0L35LEXG2,水木和足道·SPA·泰式·糖水铺(龙湖长乐天街店),生活服务;洗浴推拿场所;洗浴推拿场所,109.00864524633428,34.28334451381803,新城区,109.013558,34.281943
B0J1J5LCYJ,秘地·HIFi影院足浴SPA(万和城店),生活服务;洗浴推拿场所;洗浴推拿场所|体育休闲服务;体育休闲服务场所;体育休闲服务场所,108.99020667071548,34.28102330159224,新城区,108.99504,34.279565
B0I0HSQR62,水木和足道·SPA·泰式(万和城甄选店),餐饮服务;茶艺馆;茶艺馆|生活服务;洗浴推拿场所;洗浴推拿场所,108.99014202531866,34.280072894418765,新城区,108.994975,34.278614
B001D01CE5,南方货运,生活服务;物流速递;物流速递,108.99745239385108,34.29537626328108,灞桥区,109.002318,34.293946
B0HRA5LL25,好靓新媒体广告商城,生活服务;生活服务场所;生活服务场所,108.9800966823966,34.285690089972256,新城区,108.984888,34.284204
B001D01C77,中国电信(辛家庙营业厅),生活服务;电讯营业厅;中国电信营业厅|购物服务;家电电子卖场;手机销售,108.99104931877402,34.30210665890383,未央区,108.995888,34.30066
B0KKRLWUG3,西派天著营销中心,生活服务;生活服务场所;生活服务场所,108.97643985882286,34.31849691146018,未央区,108.981219,34.317015
B0FFGHAPIG,中储发展股份有限公司西安物流分公司,生活服务;物流速递;物流速递,108.99116915490508,34.29793514200625,未央区,108.996008,34.296487
B0FFHQ1QUJ,华远锦悦中心,生活服务;生活服务场所;生活服务场所,108.96745679499423,34.32143793370475,未央区,108.972201,34.319933
B0H2YAWG71,三府湾客运站售票处,生活服务;售票处;售票处,108.9714060653686,34.27941402909649,新城区,108.976162,34.277901
B0K6MHFH5G,陕西众致律师事务所西区,生活服务;事务所;律师事务所,108.98427028219696,34.31080590992671,未央区,108.989081,34.309343
B0IUTH3QJC,大明宫金茂府售楼处,生活服务;生活服务场所;生活服务场所,108.97524354755772,34.30783313558164,未央区,108.980017,34.306343
B0JUHSHZOF,海蓝小树眼科,生活服务;生活服务场所;生活服务场所,109.00411153518552,34.309127927788616,未央区,109.009007,34.307724
B0L0ACCVX3,DJI大疆(西安龙湖长乐天街授权体验店),生活服务;生活服务场所;生活服务场所,109.0089311070602,34.28236406849477,新城区,109.013845,34.280963
B0LDCSOVSJ,浐灞101营销中心,生活服务;生活服务场所;生活服务场所,108.99224302185505,34.31639559888197,未央区,108.997088,34.314959
B0FFI6R12K,陕西众致律师事务咨询东区,生活服务;事务所;律师事务所,108.9861045504448,34.3111463484804,未央区,108.990923,34.309689
B001D0W55M,西安山高嘉晟热力有限责任公司,公司企业;公司;公司|生活服务;生活服务场所;生活服务场所,109.01393365142654,34.29666799414157,灞桥区,109.01887,34.295288
B0GD5S36HG,西安青马别墅设计装修公司,公司企业;公司;公司|生活服务;生活服务场所;生活服务场所,108.96785538800948,34.30800905581881,未央区,108.9726,34.306499
B0FFHKUVVJ,润家宜鲜超市(北辰大道店),购物服务;超级市场;超市|公司企业;公司;公司|生活服务;生活服务场所;生活服务场所,108.99156625928052,34.324277966048804,未央区,108.996409,34.322843
B0K64MKKPU,芳华沐足SPA养生会所(旗舰店),生活服务;洗浴推拿场所;洗浴推拿场所,108.99762897788388,34.315135875329126,未央区,109.002497,34.313715
B0FFF9S7FS,腾达物流(陕西安居东),生活服务;物流速递;物流速递,109.00373808195582,34.29796303939879,灞桥区,109.008631,34.296553
B001D0VSOY,西安市吉祥商贸仓储中心,公司企业;公司;商业贸易|生活服务;物流速递;物流仓储场地,109.00649130859529,34.29718904374969,灞桥区,109.011396,34.295787
B0M6MCVCHI,西成搓澡生活馆(胡家庙店),生活服务;洗浴推拿场所;洗浴推拿场所,108.9999957691152,34.2793973678873,新城区,109.004871,34.277968
B0JDPMMRQD,足道四海.影院足道.轻奢SPA,生活服务;洗浴推拿场所;洗浴推拿场所,108.9993133968884,34.31893100616592,未央区,109.004189,34.317517
B0L3KSBT5K,vivo官方客户服务中心(浐灞印象城店),生活服务;维修站点;维修站点,108.99161830120036,34.309132797436895,未央区,108.99646,34.307691
B0G2HSORUE,大明宫馆营销中心(大明宫·精筑广场店),生活服务;生活服务场所;生活服务场所,108.96732110773615,34.32387914399886,未央区,108.972065,34.322375
B0L1DCVIKT,简一造梦居美学馆(西安店),购物服务;家居建材市场;家具城|生活服务;生活服务场所;生活服务场所,108.98351210576362,34.3149632329304,未央区,108.98832,34.3135
B0FFLMD32Z,顺丰速运(新广路店),生活服务;生活服务场所;生活服务场所,109.01252975933552,34.318268425590155,未央区,109.017462,34.316894
B0M69UCRME,御浪足道SPA,生活服务;洗浴推拿场所;洗浴推拿场所,108.98620177996608,34.27940091788687,新城区,108.991018,34.27793
B0L2FZ1DK8,原始原素(北大明宫店),生活服务;生活服务场所;生活服务场所,108.965523715341,34.313442626144536,未央区,108.97026,34.311929
B0K60RYNSN,新影社婚纱摄影,生活服务;摄影冲印店;摄影冲印,108.96960348882156,34.2862769693464,新城区,108.974353,34.284762
B0FFGFU16Z,联想百应惠诚电脑维修(矿山路店),生活服务;维修站点;维修站点,109.00918726735118,34.30306332474355,灞桥区,109.014104,34.301672
B0JR9CKPHZ,转转二手回收(未央大明宫万达广场店),生活服务;生活服务场所;生活服务场所,108.9679293874487,34.31674887414046,未央区,108.972675,34.315243
B0FFMGIYDX,极客工坊手机电脑维修(金科天籁城店),生活服务;维修站点;维修站点|餐饮服务;餐饮相关场所;餐饮相关,108.97334516710698,34.31916920287116,未央区,108.978112,34.317679
B0LBR5K5CQ,百世物流(众森物流店),生活服务;物流速递;物流速递,109.01792635671944,34.2916514664711,灞桥区,109.022879,34.290281
B0MG0SH728,沙子水泥批发脚手架租赁红砖加气块,生活服务;生活服务场所;生活服务场所,108.97232088111298,34.31098376725516,未央区,108.977083,34.309487
B0L3JSDL1O,泽沐搓澡生活馆,生活服务;洗浴推拿场所;洗浴推拿场所,108.9957660477664,34.30263118200974,未央区,109.000625,34.301199
B0FFH85JCI,东顺物流有限公司,生活服务;物流速递;物流速递,109.01280406342308,34.28910262394084,新城区,109.017735,34.287716
B0L2C7IHKL,中国移动(万科金域东郡营业厅),生活服务;电讯营业厅;中国移动营业厅,108.99793908109122,34.309887329278105,未央区,109.002808,34.308465
B0FFH2AA5T,陕西广电网络含元路直营店,公司企业;公司;公司|生活服务;生活服务场所;生活服务场所,108.97650802949369,34.288917918132846,新城区,108.981285,34.287423
B0KK6SJKNB,老袁磨刀匠,生活服务;生活服务场所;生活服务场所,108.97900929434516,34.29590180208816,新城区,108.983797,34.294417
B0IUBLGED3,滋水汤泉生活馆(中金广场店),生活服务;洗浴推拿场所;洗浴推拿场所,108.9918142335994,34.32385941644124,未央区,108.996658,34.322425
B0MBYG4REG,金茂贝好家幸福晓棠营销中心,生活服务;生活服务场所;生活服务场所,109.01139680751746,34.27990371698537,新城区,109.016321,34.278509
B0L2U5EVPT,希尚手机维修,生活服务;维修站点;维修站点,108.967743184704,34.3156578646242,未央区,108.972488,34.314151
B0FFJQ4YIN,陕西逢源物流配货中心,生活服务;物流速递;物流仓储场地,109.00535466918193,34.31527335917192,未央区,109.010256,34.313876
B0K6L4LNF2,水母艾拉婴幼儿水育馆(龙湖·枫香庭店),生活服务;婴儿服务场所;婴儿游泳馆,108.96865344028043,34.31900892329618,未央区,108.973402,34.317506
B0FFHIKHIH,浩扬科技手机电脑维修,生活服务;维修站点;维修站点,109.0110764890444,34.31164479979495,未央区,109.016002,34.310263
B0LKAB8FNK,月华轩足浴,生活服务;洗浴推拿场所;洗浴推拿场所,108.96749366003124,34.32138086412219,未央区,108.972238,34.319876
B0M6M7V8R8,转转二手回收(西安龙湖长乐天街店),生活服务;生活服务场所;生活服务场所,109.00861738440948,34.283119692673814,新城区,109.01353,34.281718
B0FFG3U2FI,顺丰速运(天伦佐治店),生活服务;物流速递;物流速递,108.99220774035086,34.28563533516115,新城区,108.99705,34.284185
B0J067RO6W,华润置地明德润府营销中心,生活服务;生活服务场所;生活服务场所,108.9736865043215,34.2865897699048,新城区,108.978452,34.285086
B0FFKUY45E,宴长安·西安菜(万寿路店),餐饮服务;中餐厅;综合酒楼|生活服务;生活服务场所;生活服务场所|住宿服务;住宿服务相关;住宿服务相关,109.00896640239796,34.2889351662645,新城区,109.013881,34.287537
B0FFFVGWIX,中国移动(西安长缨东路营业厅),生活服务;电讯营业厅;中国移动营业厅|购物服务;家电电子卖场;手机销售,109.0065735175247,34.27863373885317,新城区,109.011477,34.277224
B0KAX7AYHF,西安皇派门窗(旗舰店),生活服务;生活服务场所;生活服务场所,108.96839432827674,34.30810059881733,未央区,108.973141,34.306592
B0JGNHVN0W,名师傅电动车维修连锁(太华路店),生活服务;维修站点;维修站点,108.97286950541351,34.28936082758059,新城区,108.977632,34.287856
B0K21S02DA,金瑶六道汤祥和居,生活服务;生活服务场所;生活服务场所,108.986387338419,34.32340284804808,未央区,108.991208,34.321952
B0J0L9Q97A,鹤生堂殡葬服务(花圈寿衣骨灰盒),生活服务;生活服务场所;生活服务场所,108.98288133592908,34.30772536957208,未央区,108.987686,34.306257
B0FFIV4U5A,郑远元专业修脚房(万达公馆店),生活服务;洗浴推拿场所;洗浴推拿场所,108.97084513647728,34.317201915800425,未央区,108.975602,34.315704
B0K2RZE5ZR,藤野造型(万和城店),生活服务;美容美发店;美容美发店,108.99025052779515,34.28049539181045,新城区,108.995084,34.279037
B0FFKKCTFW,典唐盲人推拿(金科·天籁城店),生活服务;洗浴推拿场所;洗浴推拿场所,108.97169257496552,34.32030918466406,未央区,108.976453,34.318815
B0L1XZQVMW,极客驿站手机电脑维修(金裕青青家园店),生活服务;维修站点;维修站点,109.01618766140216,34.3028096453282,灞桥区,109.021134,34.301439
B0JUH70PKW,福瑞园殡葬服务(花圈寿衣),生活服务;生活服务场所;生活服务场所,108.98295315354773,34.318364297335755,未央区,108.987759,34.316901
B0FFM9KIV0,春禾皮肤健康管理中心(辛家庙店),生活服务;美容美发店;美容美发店,108.99864911147974,34.30879666633223,未央区,109.003521,34.307376
B0FFG7UFLM,汇林温泉洗浴(太和路店),生活服务;洗浴推拿场所;洗浴推拿场所,108.97933615454365,34.305591577472484,未央区,108.984126,34.304112
B0L3VCICLG,中国电信浐灞二路全业务营业厅,生活服务;电讯营业厅;中国电信营业厅,109.00133929040976,34.32331380524383,未央区,109.006224,34.321908
B0JA9PEW0A,龙师傅专业维修拉杆箱,生活服务;维修站点;维修站点,108.97371193026054,34.2802034011557,新城区,108.978477,34.278697
B0I2V537AO,极客工坊手机电脑维修(华远海蓝城店),生活服务;维修站点;维修站点,108.99887724808944,34.30736162078129,未央区,109.00375,34.305941
B0KU3AIV7F,太华北路移动营业厅,生活服务;电讯营业厅;中国移动营业厅|购物服务;家电电子卖场;手机销售,108.9679750295643,34.31898771841325,未央区,108.972721,34.317483
B0L1D5UG3I,金沐汤泉搓背馆(八府庄园南区店),生活服务;洗浴推拿场所;洗浴推拿场所,108.97649104914991,34.28950871211767,新城区,108.981268,34.288014
B0FFL9WG7D,京东物流(辛家庙营业部),生活服务;物流速递;物流速递,109.00010661855656,34.29934845707839,未央区,109.004984,34.297928
B0FFLCDCOX,豪顿国际钢贸城,购物服务;家居建材市场;建材五金市场|生活服务;生活服务场所;生活服务场所,108.99155388822854,34.30539867268723,未央区,108.996395,34.303955
B0L6YDIC2U,顺达停车场,生活服务;生活服务场所;生活服务场所,108.9837154738836,34.324383258099644,未央区,108.988525,34.322925
B0FFLC2BNH,顺丰速运(祥和居店),生活服务;物流速递;物流速递,108.99032483462646,34.32099623324439,未央区,108.995162,34.319556
B0HAJ76KM5,德邦快递(金花北路快递分部),生活服务;物流速递;物流速递,108.99843328372027,34.29397789374375,灞桥区,109.003303,34.29255
B0IBYDUTBV,雅荷悦来·SPA会所(中海开元壹号店),生活服务;美容美发店;美容美发店,108.97086703015724,34.30532825898101,未央区,108.975623,34.303825
B0LUNS1BBS,芙珑草头疗玩家(大明宫万达店),生活服务;生活服务场所;生活服务场所,108.96927818290474,34.31733704345571,未央区,108.974029,34.315835
B0K1LRAKUV,大明宫紫檀府营销中心,生活服务;生活服务场所;生活服务场所,108.9712981515374,34.30775000743665,未央区,108.976056,34.306249
B0HGCRJ6W2,西安商印图文广告(海蓝城店),公司企业;公司;广告装饰|生活服务;摄影冲印店;摄影冲印,108.9990922736594,34.307924713672314,未央区,109.003966,34.306505
B0I2J75EX3,陕建东元府营销中心,生活服务;生活服务场所;生活服务场所,108.99340251388048,34.31087462773351,未央区,108.998252,34.309439
B0MGCZEDO3,闪电蜂电脑手机维修店(华远海蓝城三期),生活服务;维修站点;维修站点,109.00235516951804,34.30832362057021,未央区,109.007243,34.306914
B0MBZUCV3G,泰未央(浐灞印象城店),生活服务;洗浴推拿场所;洗浴推拿场所,108.99205245607432,34.30898855547716,未央区,108.996896,34.307548
B0FFLLI7KX,skin79皮肤管理中心(大明宫万达店),生活服务;美容美发店;美容美发店,108.96758062733558,34.31777331369646,未央区,108.972325,34.316267
B0FFIL8TD0,陕西逢源物流停车配货中心(广安路),生活服务;物流速递;物流仓储场地,109.0064352556314,34.31254833957607,未央区,109.011341,34.311153
B0FFK4MFHZ,顺丰速运(中天锦庭店),生活服务;物流速递;物流速递,108.97220198552078,34.29112688968289,新城区,108.976962,34.289621
B0HUYASZ26,你好签签市井串串(北辰东路总店),生活服务;生活服务场所;生活服务场所,108.99790459495652,34.305528399029946,未央区,109.002773,34.304104
B0FFG4HBTS,万福花圈寿衣店,生活服务;丧葬设施;丧葬设施,108.99370685455968,34.279188530742815,新城区,108.998555,34.27774
B0JGXZS2B9,中国广电矿山路营业厅,生活服务;彩票彩券销售点;彩票彩券销售点,109.017323923075,34.302740355536564,灞桥区,109.022275,34.301373
B0KADSMGBZ,环创车队,生活服务;物流速递;物流速递,108.9927041523149,34.27919455580369,新城区,108.997548,34.277743
B0FFIV8CYT,菜鸟驿站(金科·天籁城店),生活服务;物流速递;物流速递,108.97368778983102,34.31941414628073,未央区,108.978456,34.317925
B0J2H68KQV,菜鸟驿站(复地大华里店),生活服务;物流速递;物流速递,108.97216050263404,34.28682784802795,新城区,108.97692,34.28532
B0FFIKDVP4,菜鸟驿站(西安汇林B区商业街一号店),生活服务;物流速递;物流速递,108.98074039815056,34.30541661979384,未央区,108.985536,34.303941
B0FFIKEVX9,菜鸟驿站(龙湖·枫香庭店),生活服务;物流速递;物流速递,108.96824984994622,34.320604244837504,未央区,108.972997,34.319101
B0I2N7LYQ5,广泰水汇(世园之家店),生活服务;洗浴推拿场所;洗浴推拿场所,109.01060441378291,34.31264475522687,未央区,109.015528,34.311262
B0KKT5VT08,陕西璟卓律师事务所,生活服务;事务所;律师事务所,108.96792686216426,34.323245857805546,未央区,108.972673,34.321743
B0FFJWHXS2,中国联通(浐灞营业厅),生活服务;生活服务场所;生活服务场所,109.00456728798244,34.32440149807126,未央区,109.009466,34.323006
B0JUZ4A32V,郑远元专业修脚房(龙湖·源著店),生活服务;洗浴推拿场所;洗浴推拿场所,109.00397920088562,34.31987439862841,未央区,109.008875,34.318475
B0L6DM64JO,老丁16米百吨地磅,生活服务;生活服务场所;生活服务场所,109.00797335545928,34.316157044142926,未央区,109.012886,34.314768
B0MBNCSYTZ,中国移动(广运潭大道营业厅),生活服务;电讯营业厅;电讯营业厅,109.00925742767708,34.3094632396731,未央区,109.014175,34.308075
B0LKZLF5KX,西安盒马前置仓祥和居站,生活服务;生活服务场所;生活服务场所,108.99038751569728,34.32161475644256,未央区,108.995225,34.320175
B0L11AKTDZ,京东服务(未央自营店),生活服务;物流速递;物流速递,109.00015083081482,34.306466153776945,未央区,109.005029,34.305049
B0LBFUU3W7,中国联通(中南君启营业厅),生活服务;生活服务场所;生活服务场所,108.97388252776857,34.325337836268616,未央区,108.978652,34.323852
B0K2KHMVTD,奈晚推拿·按摩新养生(大明宫万达店),生活服务;洗浴推拿场所;洗浴推拿场所,108.9684473000606,34.31813387264154,未央区,108.973195,34.31663
B0LDYUZENP,陕西逢源物流中心,生活服务;物流速递;物流仓储场地|公司企业;公司;公司,109.00626987547388,34.313620349307605,未央区,109.011175,34.312225
B0FFG77EGH,郑远元专业修脚房(华清园店),生活服务;洗浴推拿场所;洗浴推拿场所,109.0187172945722,34.30086514118928,灞桥区,109.023674,34.299501
B0FFJX8Y58,郑远元专业修脚房(龙记·帝景湾店),生活服务;洗浴推拿场所;洗浴推拿场所,108.98190180289978,34.290868655278565,新城区,108.986701,34.28939
B0FFJQXS46,郑远元专业修脚房(华远君城店),生活服务;洗浴推拿场所;洗浴推拿场所,108.977741990131,34.30156091671973,未央区,108.982525,34.300075
B0FFJMATBO,菜鸟驿站(保利·心语花园店),生活服务;物流速递;物流速递,108.99991340071772,34.32379391235622,未央区,109.004792,34.322384
B0LU3C91XF,旭辉国宸府(南门),生活服务;生活服务场所;生活服务场所,108.99625657101365,34.3189452811176,未央区,109.001119,34.317522
B0J22AXNSZ,利金·足浴·SPA·养生(百寰国际易达生活中心店),生活服务;洗浴推拿场所;洗浴推拿场所,108.97004557460852,34.31309694751382,未央区,108.974799,34.311595
B0FFHBB4ZL,花圈寿衣,生活服务;丧葬设施;丧葬设施,109.0182696562093,34.30668783985271,灞桥区,109.023225,34.305325
B0FFKL18EQ,郑远元专业修脚房(百花村店),生活服务;洗浴推拿场所;洗浴推拿场所,108.96638457153615,34.3246811964087,未央区,108.971125,34.323175
B0MGHDTN6B,毕昇云图文广告(西安新城店),生活服务;生活服务场所;生活服务场所,108.97629189300932,34.2890094861526,新城区,108.981068,34.287514
B0JU2OCRSB,陕西交运运输集团有限公司,生活服务;物流速递;物流速递,109.00824453419123,34.28840256597337,新城区,109.013156,34.287002
B0HURH4DCZ,壹米滴答卓昊物流(米秦路营业部),生活服务;物流速递;物流速递,108.99729310624392,34.29506388316269,灞桥区,109.002158,34.293633
B0L67S1BMP,链家地产(金花北路店),生活服务;中介机构;中介机构,108.99126517573036,34.280772228477474,新城区,108.996103,34.279317
B0FFIKEIMZ,菜鸟驿站(中海·开元壹号店),生活服务;物流速递;物流速递,108.97021559521066,34.304866215216784,未央区,108.974969,34.303361
B0FFL751O2,中国邮政(百花家园邮政所),生活服务;邮局;邮局,108.9664443767442,34.32431921230837,未央区,108.971185,34.322813
B0LA5XW5LH,嘉航机车维修店,生活服务;生活服务场所;生活服务场所,109.0119266423844,34.30258734018163,灞桥区,109.016855,34.301204
B0FFKGS8QV,菜鸟驿站(西安陕汽小区店),生活服务;生活服务场所;生活服务场所,109.00627917805356,34.28579760736319,新城区,109.011182,34.28439
B0H3LSJKWQ,元熙樾府营销中心,生活服务;生活服务场所;生活服务场所,108.99398236570032,34.29483501579158,新城区,108.998833,34.293394
B0IGJCSEA8,狄小鲨国际儿童游泳俱乐部(辛家庙店),生活服务;生活服务场所;生活服务场所,108.9953672781512,34.30842979117053,未央区,109.000225,34.306999
B0FFJGOB7K,郑远元专业修脚房(天香心苑店),生活服务;生活服务场所;生活服务场所,108.99485965831208,34.30606839187736,未央区,108.999715,34.304635
B0FFM7WCOI,菜鸟驿站(中海太华府店),生活服务;物流速递;物流速递,108.97391456400342,34.323359678542474,未央区,108.978684,34.321873
B0L3MUKSQO,中国移动凤城二路营业厅,生活服务;电讯营业厅;中国移动营业厅,108.98472573986189,34.318436069662376,未央区,108.989539,34.316978
B0LK1SE0E5,邻焕新老房翻新(开元壹号店),生活服务;生活服务场所;生活服务场所,108.97022948365722,34.30556786376568,未央区,108.974983,34.304063
B0L6USXQ44,奈晚推拿·按摩新养生(四海唐人街店),生活服务;洗浴推拿场所;洗浴推拿场所,108.96619159169262,34.32107938246928,未央区,108.970931,34.319571
B0JA1AI6VA,鑫源酒店厨具回收销售部,生活服务;生活服务场所;生活服务场所,108.9861185185772,34.29879783460725,未央区,108.990936,34.297335
B0LGRDBWF3,易诚法律事务所(大明宫万达店),生活服务;生活服务场所;生活服务场所,108.96751190443004,34.31757158651721,未央区,108.972256,34.316065
B0K2NZUTEP,思达出行(大明宫国家遗址公园店),生活服务;生活服务场所;生活服务场所,108.96542095273132,34.303041584242735,未央区,108.970156,34.301523
B0FFH5PIVY,菜鸟驿站(东方花园店),生活服务;物流速递;物流速递,109.00729831911411,34.30345183787885,灞桥区,109.012207,34.302055
B0FFH5QCF9,菜鸟驿站(听水花园店),生活服务;物流速递;物流速递,109.02463305966327,34.30192584569206,灞桥区,109.029614,34.300579
B0LAVCGGUH,时匠手表维修,生活服务;生活服务场所;生活服务场所,108.96795850360732,34.28968185939426,新城区,108.972702,34.288164
B0FFLDFXES,菜鸟驿站(钟表材料厂家属院店),生活服务;物流速递;物流速递,108.97288530810216,34.29099807928264,新城区,108.977648,34.289494
B0JG0CDS4S,西安鑫诚达物流有限公司,生活服务;物流速递;物流速递,109.00930867172826,34.29212076502716,新城区,109.014225,34.290725
B0JULRT27T,菜鸟驿站(万科金域东郡2期店),生活服务;物流速递;物流速递,108.99446516477836,34.30832656929711,未央区,108.999319,34.306893
B0FFMEPSWK,中国电信(白桦林明天营业厅),生活服务;电讯营业厅;中国电信营业厅,108.97292832295328,34.288760924075824,新城区,108.977691,34.287256
B0FFKEGYCP,菜鸟驿站(东岸阳光店),生活服务;物流速递;物流速递,108.98947567123932,34.294371780549056,新城区,108.994307,34.292917
B0HDLOXQNT,菜鸟驿站(荣德棕榈阳光店),生活服务;物流速递;物流速递,109.00044438804774,34.32048484699944,未央区,109.005325,34.319075
B0FFIKESRJ,菜鸟驿站(米家崖村店),生活服务;物流速递;物流速递,109.02267925933938,34.29830093558336,灞桥区,109.027652,34.296947
B0K09U214G,VEIBAO荟宝(浐灞一路旭辉国宸府店),生活服务;生活服务场所;生活服务场所,108.99534350315768,34.31891406341217,未央区,109.000202,34.317488
B0LDRN02BZ,青淼良纱(四海唐人街店),生活服务;生活服务场所;生活服务场所,108.96638472309596,34.32283206468439,未央区,108.971125,34.321325
B0JGPUIZFV,藤野造型(大明宫万达店),生活服务;美容美发店;美容美发店,108.96750398633915,34.31694089858744,未央区,108.972248,34.315434
B0L66ULLV4,文天阁·黄金首饰钻戒名表名包回收抵押(四海唐人街店),生活服务;生活服务场所;生活服务场所,108.96586182616848,34.321075232786654,未央区,108.9706,34.319566
B0LRBAMPEZ,澜悦Spa,生活服务;美容美发店;美容美发店,108.96936617460118,34.313331651208266,未央区,108.974117,34.311828
B0FFG7ESO5,花恋心花艺(辛家庙陕重社区店),购物服务;花鸟鱼虫市场;花卉市场|生活服务;生活服务场所;生活服务场所,108.99032483102114,34.30905172062199,未央区,108.995161,34.307606
B0FFJB1B1Q,陕西臻理律师事务所,生活服务;生活服务场所;生活服务场所,108.97039519559998,34.31341086772295,未央区,108.97515,34.31191
B0LB3S7LNF,陕西通界律师事务所,生活服务;生活服务场所;生活服务场所,108.96757964324205,34.317625384692775,未央区,108.972324,34.316119
B0KR5RZ5N8,筋骨堂热敷推拿按摩(浐灞印象城店),生活服务;洗浴推拿场所;洗浴推拿场所,108.99213110472336,34.3091652386044,未央区,108.996975,34.307725
B0J1YSJFKL,郑远元专业修脚房(祥和居店),生活服务;洗浴推拿场所;洗浴推拿场所,108.98593325525476,34.3233662089677,未央区,108.990752,34.321914
B0L0ALD6E9,赣将.江西菜(长乐龙湖天街店),生活服务;生活服务场所;生活服务场所,109.00858349746755,34.28349763477262,新城区,109.013496,34.282096
B0L2X5XD8H,云镜·养生SPA,生活服务;洗浴推拿场所;洗浴推拿场所,109.00274655268753,34.283679209668435,新城区,109.007634,34.28226
B0K6T7QH7G,衣品西装订制,生活服务;生活服务场所;生活服务场所,108.97063286335631,34.31838893762246,未央区,108.975389,34.316891
B0L3J5DU5P,中国邮政(太和路邮政所),生活服务;邮局;邮局,108.97939785323749,34.29410247535646,新城区,108.984187,34.292618
B0L3MCM4PU,安居·乐筑(辛家庙店),生活服务;中介机构;中介机构|商务住宅;商务住宅相关;商务住宅相关,108.9926290394239,34.30836409971882,未央区,108.997475,34.306925
B0MGZCJKK5,小哈快修(胡家庙店)·电动车维修·补胎换胎换电池·租电动车,生活服务;生活服务场所;生活服务场所,108.99227744097968,34.28564811966952,新城区,108.99712,34.284198
B0FFM7WTJ8,菜鸟驿站(山水家园小区店),生活服务;物流速递;物流速递,109.013900450223,34.30070231585009,灞桥区,109.018837,34.299324
B0LDBHDC1S,中国移动宽带营业厅,生活服务;电讯营业厅;中国移动营业厅,108.98331758721336,34.318936967298875,未央区,108.988125,34.317475
B0KB373QGM,中国联通(浐灞一路营业厅),生活服务;电讯营业厅;中国联通营业厅,108.99653143527696,34.318373712413766,未央区,109.001395,34.316951
B0FFH5QBO0,菜鸟驿站(华远君城西区店),生活服务;物流速递;物流速递,108.97617831358056,34.301555329409084,未央区,108.980955,34.300065
B0JAZ57QRM,明亨物流(米秦路营业部),生活服务;物流速递;物流速递,108.99764159034446,34.29523674973653,灞桥区,109.002508,34.293807
B0K0K65FXP,菜鸟驿站(自强馨苑店),生活服务;物流速递;物流速递,108.97259714010724,34.30679790610751,未央区,108.97736,34.3053
B0FFLGH2PC,中国电信(万达公馆营业厅),生活服务;电讯营业厅;中国电信营业厅,108.97088107682929,34.31623026732336,未央区,108.975638,34.314732
B0JA55HQCP,佰人王串串火锅(矿山路店),生活服务;生活服务场所;生活服务场所,108.9953717349692,34.30273932885924,未央区,109.000229,34.301306
B0FFH9N464,菜鸟驿站(西安周家坡店),生活服务;物流速递;物流速递,109.01763723635707,34.30724942459893,灞桥区,109.02259,34.305885
B0MAYX41M9,高价回收黄金铂金K金名表名包银元,生活服务;生活服务场所;生活服务场所,108.985929273851,34.32334423105319,未央区,108.990748,34.321892
B0MBZMBN4N,闽金福黄金加工回收,生活服务;生活服务场所;生活服务场所,108.96641820441003,34.315452404362986,未央区,108.971158,34.313942
B0FFIQDCZU,顺丰速运(康复路店),生活服务;物流速递;物流速递,108.9775564699659,34.280678457768005,新城区,108.982337,34.279183
B0HRPC602Z,新南优印图文(大明宫万达店),生活服务;摄影冲印店;摄影冲印,108.96926337385972,34.315709833177905,未央区,108.974014,34.314207
B0G1JO8FYG,碧海金阁影院式沐足SPA(十里铺店),生活服务;洗浴推拿场所;洗浴推拿场所|商务住宅;商务住宅相关;商务住宅相关,109.01987529084306,34.29168581727825,灞桥区,109.024836,34.290321
B0FFHOB4Z4,菜鸟驿站(先锋花园北区店),生活服务;物流速递;物流速递,108.97190595701818,34.31767382852853,未央区,108.976667,34.316179
B0LA5LTATE,西安市未央区柏悦SPA,生活服务;洗浴推拿场所;洗浴推拿场所,108.9689250448782,34.32332519104273,未央区,108.973675,34.321825
B0FFJL0BGP,中国联通(广兴路营业厅),生活服务;电讯营业厅;中国联通营业厅|购物服务;购物相关场所;购物相关场所,109.01576886219058,34.30933894258284,未央区,109.020714,34.30797
B0H1AO5TJB,菜鸟驿站(旭辉国悦府店),生活服务;物流速递;物流速递,108.97086753355104,34.3234569426337,未央区,108.975625,34.321962
B0KKCUN1G0,西安丝念足浴SPA养生按摩会所,生活服务;洗浴推拿场所;洗浴推拿场所,108.98436486614696,34.31104752232578,未央区,108.989176,34.309585
B0FFGBDCM7,盛辉物流(米秦路店),生活服务;物流速递;物流速递,108.99782878207816,34.29525617284047,灞桥区,109.002696,34.293827
B0JKU5HP5M,中国移动(保利心语营业厅),生活服务;电讯营业厅;中国移动营业厅,109.00166086143886,34.32381459323586,未央区,109.006547,34.32241
B0MBTRDADD,ETC咨询上门办理,生活服务;生活服务场所;生活服务场所,109.0166307792088,34.30315819303158,灞桥区,109.021579,34.301789
B0I2GUL9A5,国家电网通化中心营业厅,生活服务;生活服务场所;生活服务场所,109.0091622677544,34.280605114213394,新城区,109.014077,34.279204
B0FFI2C17N,80年代营销中心,生活服务;生活服务场所;生活服务场所,108.9903408832997,34.29560964828195,新城区,108.995176,34.294158
B0FFM8M58M,菜鸟驿站(刘南社区店),生活服务;物流速递;物流速递,108.99249509262307,34.302622077346264,未央区,108.99734,34.30118
B0LB3L8VHD,顺丰速运(安诚御花苑店),生活服务;物流速递;物流速递,109.0024673872377,34.311876668167514,未央区,109.007356,34.310469
B0J06X005V,菜鸟驿站(万科金域东郡店),生活服务;物流速递;物流速递,108.99766239290132,34.308463813661675,未央区,109.00253,34.30704
B0LKK5NB0M,画悦Spa.踩背,生活服务;洗浴推拿场所;洗浴推拿场所,108.96719308261297,34.29359916602965,新城区,108.971934,34.292081
B0JKTR9VPN,中国电信(智慧家庭服务中心勤工路店),生活服务;电讯营业厅;中国电信营业厅,108.99183441735342,34.284676866983816,新城区,108.996675,34.283225
B001D11172,陕西贝斯特物流中心(北区),生活服务;物流速递;物流速递,109.06638653655511,34.29342637809188,灞桥区,109.071504,34.292167
B0FFILEJ59,世园罗曼小镇,生活服务;生活服务场所;生活服务场所,109.06503338882614,34.321027908145155,灞桥区,109.07015,34.319779
B0KR9HJ5F1,陕西贝斯特物流中心,生活服务;物流速递;物流速递,109.067105903967,34.29278364668055,灞桥区,109.072225,34.291525
B0FFIJUUXG,陕西贝斯特物流有限公司,生活服务;物流速递;物流速递,109.06583010794616,34.29057640794102,灞桥区,109.070946,34.289315
B0JKKN5UO5,华润置地世园润府营销中心,生活服务;生活服务场所;生活服务场所,109.06509060150807,34.31697470498441,灞桥区,109.070207,34.315724
B0FFH3V8TR,聚辉物流2期,生活服务;物流速递;物流仓储场地|商务住宅;产业园区;产业园区,109.04805964897396,34.298260064164,灞桥区,109.053126,34.29697
B0FFIMLATF,西安城东交通枢纽售票处,生活服务;售票处;售票处,109.06472160877456,34.28116504125356,灞桥区,109.069834,34.279898
B0IRGC9Q47,强森医院体检中心(浐灞半岛店),生活服务;生活服务场所;生活服务场所,109.02672693706826,34.32264259762112,未央区,109.031718,34.321311
B0G0H7H2ZO,西安千古情售票厅,生活服务;售票处;公园景点售票处,109.06151215357862,34.3224437059067,灞桥区,109.06662,34.32119
B0LDARFKSN,聚辉物流一区,生活服务;物流速递;物流速递,109.05381478855774,34.298121424017864,灞桥区,109.058899,34.296843
B0FFHYFIHJ,长安通纺织城客服网点,生活服务;生活服务场所;生活服务场所,109.064289695174,34.28089380277974,灞桥区,109.069401,34.279626
B0LKMA5L1U,鹿岛会员店(凯德御锦城店),生活服务;生活服务场所;生活服务场所,109.03895544718404,34.27815451363021,灞桥区,109.043989,34.276835
B001D08VW0,中国电信(西安港务区营业厅),生活服务;电讯营业厅;中国电信营业厅,109.07051652396665,34.312800248162326,灞桥区,109.075645,34.311555
B0HG250C0A,贝壳签约服务中心(浐灞半岛店),生活服务;生活服务场所;生活服务场所,109.02768270122742,34.3162879352699,未央区,109.032677,34.314956
B0FFI9NRP8,御锦城销售中心,生活服务;生活服务场所;生活服务场所,109.03693560070856,34.280030701798694,灞桥区,109.041962,34.278707
B0L67ZSWVO,云景半岛·沐足·SPA,生活服务;洗浴推拿场所;洗浴推拿场所,109.0275003986062,34.3165383171192,未央区,109.032494,34.315206
B0H1NS8BSK,伯爵礼宴婚礼中心(浐灞店),生活服务;生活服务场所;生活服务场所,109.02747856167714,34.3156367920386,未央区,109.032472,34.314304
B0LKJ51MMK,DJI大疆(西安凯德御锦城授权体验店),生活服务;生活服务场所;生活服务场所,109.03794709488248,34.277989050322056,灞桥区,109.042977,34.276667
B0FFGPO1TU,西安浐灞桃花潭公园游客服务中心,生活服务;信息咨询中心;服务中心,109.03104771313104,34.30324580383109,灞桥区,109.036054,34.301917
B0FFLKB6OX,中国移动(城东营业厅),生活服务;电讯营业厅;中国移动营业厅,109.064194905261,34.281175827371264,灞桥区,109.069306,34.279908
B0I2P5LHP9,陕西ETC香王发行服务站,生活服务;生活服务场所;生活服务场所,109.07951334293892,34.27809401409584,灞桥区,109.084656,34.276843
B0L2BUL9Q0,沙子水泥白灰全城配送,生活服务;生活服务场所;生活服务场所,109.0455655134303,34.2787538650728,灞桥区,109.050622,34.27745
B0G1C7REXQ,筋骨堂热敷推拿(浐灞半岛店),生活服务;洗浴推拿场所;洗浴推拿场所,109.03095850770325,34.321363774120094,未央区,109.035966,34.320043
B0JG1A6F0A,转转二手回收(灞桥华阳城店),生活服务;生活服务场所;生活服务场所,109.06670686423558,34.28094625813252,灞桥区,109.071824,34.279682
B0LAT785J2,爱可多母婴护理中心(华阳城店),生活服务;生活服务场所;生活服务场所,109.07186155286364,34.27972609301953,灞桥区,109.07699,34.278468
B0J0TCX7K2,鑫天·沐境汤泉,生活服务;洗浴推拿场所;洗浴推拿场所,109.05895479626648,34.30162648122906,灞桥区,109.064054,34.300359
B0H3390N86,手机电脑维修中心(品胜快修),购物服务;家电电子卖场;数码电子|生活服务;维修站点;维修站点,109.06501592209858,34.280793760576,灞桥区,109.070129,34.279527
B0LUS72V9T,手机回收维修中心,生活服务;维修站点;维修站点,109.059634939811,34.30170428156594,灞桥区,109.064736,34.300438
B0K6K734GS,领航悦峯营销中心,生活服务;生活服务场所;生活服务场所,109.06728930644285,34.29475753448113,灞桥区,109.072409,34.2935
B0FFK0GF0B,希格玛会计师事务所,生活服务;事务所;会计师事务所,109.0383450800581,34.31969269475812,灞桥区,109.04338,34.31839
B0FFHWXXBV,德邦快递(西安灞桥区灞桥街道经营分部),生活服务;生活服务场所;生活服务场所,109.07883822561054,34.28104535801904,灞桥区,109.08398,34.279795
B0JGR78PVE,中国铁建·西派逸园营销中心,生活服务;生活服务场所;生活服务场所,109.0825456569374,34.28811042817882,灞桥区,109.087694,34.286866
B0KUOZYAT5,顺丰速运(荣民公园学府店),生活服务;生活服务场所;生活服务场所,109.07779593183363,34.29370088293535,灞桥区,109.082937,34.292455
B0LK15D8DT,远洋大件物流托运(不发小件),生活服务;生活服务场所;生活服务场所,109.0649761465915,34.29085553554946,灞桥区,109.07009,34.289593
B0KR3HXUVM,奈晚推拿·按摩新养生(华阳城店),生活服务;洗浴推拿场所;洗浴推拿场所,109.06479141803489,34.28139384108743,灞桥区,109.069904,34.280127
B0L2OSVEAM,陕西言恩律师事务所,生活服务;事务所;律师事务所,109.05292023226691,34.27770490365259,灞桥区,109.058,34.276416
B0LDTX89CB,vivo官方客户服务中心(凯德广场店),生活服务;维修站点;维修站点,109.0382698627045,34.27874993957731,灞桥区,109.043301,34.277429
B0JG7ARE1O,兔喜快递超市(席王路店),生活服务;物流速递;物流速递,109.05644789708737,34.28900244512406,灞桥区,109.061539,34.287725
B0KAGMCD3M,千米手机电脑维修回收(西安京都国际店),生活服务;维修站点;维修站点,109.05084553798372,34.27828780794154,灞桥区,109.055919,34.276995
B0FFGFP3VL,大唐陕西发电有限公司灞桥热电厂消防队,政府机构及社会团体;公检法机构;消防机关|生活服务;生活服务场所;生活服务场所,109.05129166413704,34.29557552074432,灞桥区,109.056368,34.294291
B0FFITO0G4,物流快运韵达,生活服务;物流速递;物流速递,109.06450528040136,34.291080139879355,灞桥区,109.069618,34.289817
B0FFIE46QA,立诚房产(御锦城旗舰店),生活服务;中介机构;中介机构,109.03963593854,34.2790534898955,灞桥区,109.044672,34.277736
B0G2FAZ31I,固艺特美学,生活服务;生活服务场所;生活服务场所,109.03582638341295,34.31848951665336,灞桥区,109.040852,34.31718
B0J1KR9CQN,陌上花开,生活服务;生活服务场所;生活服务场所,109.06585218306596,34.300626985541726,灞桥区,109.070969,34.29937
B0K6XU1YZ5,中国联通(纺渭路营业厅),生活服务;电讯营业厅;中国联通营业厅,109.06923717401574,34.29145635784308,灞桥区,109.074361,34.2902
B0HATSYGOE,华远华时代营销中心,生活服务;生活服务场所;生活服务场所,109.0403803258186,34.30203379596944,灞桥区,109.045421,34.300728
B0JUYSN2PE,池塘与蝉婴童水育馆(自然界·忘岳店),生活服务;婴儿服务场所;婴儿游泳馆,109.02936249764764,34.323581994752125,未央区,109.034364,34.322258
B0FFH5PR4E,菜鸟驿站(西安张一村店),生活服务;物流速递;物流速递,109.02524350179672,34.27972972218068,灞桥区,109.030225,34.278375
B0FFM6OWVN,中国电信浐灞半岛营业厅,生活服务;电讯营业厅;中国电信营业厅,109.0327010493991,34.31899329845262,未央区,109.037715,34.317676
B0H1LNDNX7,顺丰速运(慧静寺店),生活服务;物流速递;物流速递,109.03925092472504,34.29523350805061,灞桥区,109.044287,34.293922
B0L2VU8U76,奈晚推拿·按摩新养生(御锦城凯德店),生活服务;洗浴推拿场所;洗浴推拿场所,109.03810940459506,34.279191149036286,灞桥区,109.04314,34.27787
B0MA6RLS08,财务橙·财税(灞桥区店),生活服务;生活服务场所;生活服务场所,109.04552544550728,34.28109697206211,灞桥区,109.050582,34.279794
B0L36Z96L2,转转二手回收(西安凯德广场御锦城店),生活服务;生活服务场所;生活服务场所,109.03839249900412,34.27783102250189,灞桥区,109.043424,34.27651
B0HD950OUZ,京东快递(西安灞河营业部),生活服务;物流速递;物流速递,109.07152791503248,34.283578867986726,灞桥区,109.076656,34.282322
B0LUAHP359,西安卓越摩运物流,公司企业;公司;公司|生活服务;生活服务场所;生活服务场所,109.06471675327958,34.291169785079354,灞桥区,109.06983,34.289907
B0K0NXL0WX,澜兮足道(广源大厦店),生活服务;洗浴推拿场所;洗浴推拿场所,109.0590414670018,34.27958083735504,灞桥区,109.064139,34.278304
B0G06SPJNZ,浐灞金融城营销中心,生活服务;生活服务场所;生活服务场所,109.03206478725946,34.303600965748295,灞桥区,109.037075,34.302275
B0JA9LH19C,筋骨堂热敷推拿按摩(华阳城店),生活服务;洗浴推拿场所;洗浴推拿场所,109.06633670017662,34.28137260227097,灞桥区,109.071453,34.280108
B0KUCZ3FPC,六九快印广告,生活服务;摄影冲印店;摄影冲印,109.03179581089552,34.303642653332666,灞桥区,109.036805,34.302316
B0LD45R7ZZ,头道汤(浅水湾店),生活服务;生活服务场所;生活服务场所,109.07567955458354,34.29633078424673,灞桥区,109.080817,34.295084
B0IUOZ6AZO,西安玉齿口腔门诊有限公司灞桥玉齿口腔门诊部,生活服务;生活服务场所;生活服务场所,109.03284606577952,34.28898532116019,灞桥区,109.037858,34.287655
B001D0VWMG,中国建设银行股份有限公司西安中新浐灞半岛支行劳动者港湾(工会驿站),金融保险服务;银行;银行|生活服务;生活服务场所;生活服务场所,109.02789586768718,34.316220385853725,未央区,109.032891,34.314889
B0J02HOX7X,中国联通(浐灞半岛营业厅),生活服务;电讯营业厅;中国联通营业厅,109.02622176782728,34.32470302006776,未央区,109.031211,34.323371
B0I0CZF2BY,云水湾&领科国际营销中心,生活服务;生活服务场所;生活服务场所,109.07769794694902,34.29551418329075,灞桥区,109.082839,34.294269
B0FFINM1DQ,菜鸟驿站(御锦城店),生活服务;物流速递;物流速递,109.04023664875352,34.292542304080385,灞桥区,109.045276,34.291232
B0JACKR334,楠火锅(西安华阳城购物中心店),餐饮服务;中餐厅;火锅店|生活服务;生活服务场所;生活服务场所,109.06631673972896,34.2814615932129,灞桥区,109.071433,34.280197
B0H3310GSZ,西安三河一山绿道服务驿站,生活服务;生活服务场所;生活服务场所,109.0467825567838,34.324395926463424,灞桥区,109.051847,34.323115
B0IA57CJHP,中国联通(御锦城营业厅),生活服务;电讯营业厅;中国联通营业厅,109.03859999910664,34.2866108125456,灞桥区,109.043633,34.285294
B001D0VYBV,中国邮政(柳巷村邮政所),生活服务;邮局;邮局,109.05961191222175,34.302741859554374,灞桥区,109.064713,34.301476
B0JABLXFRZ,云熙生活足浴SPA(纺织城店),生活服务;洗浴推拿场所;洗浴推拿场所,109.06848045525103,34.284684252517444,灞桥区,109.073602,34.283424
B0G1FUO8J8,陕西双杰物流有限公司,生活服务;物流速递;物流速递,109.06639352670082,34.293349401599905,灞桥区,109.071511,34.29209
B0LUKYTSU6,陕西琦兴人力资源管理有限公司,生活服务;人才市场;人才市场,109.03290966878326,34.30250524753048,灞桥区,109.037923,34.301181
B0FFGNN2FB,西安世博园灞河东路游客服务中心,生活服务;生活服务场所;生活服务场所,109.04698995230616,34.32351588852125,灞桥区,109.052055,34.322235
B0LUJCAMWB,龙膜.膜力行(西安东郊店),生活服务;生活服务场所;生活服务场所,109.0313738842112,34.29828713713583,灞桥区,109.036381,34.296957
B0FFIAWA9I,儿童萌宠馆售票处,生活服务;售票处;售票处,109.05323854839789,34.32084624753251,灞桥区,109.058323,34.319577
B0L1HGX81B,秦华天然气自助缴费终端,生活服务;生活服务场所;生活服务场所,109.0334583548908,34.31699125921773,未央区,109.038475,34.315675
B0H2HDJBQN,福奈特洗衣(西安浐灞半岛店),生活服务;洗衣店;洗衣店,109.03127734089868,34.32067625135663,未央区,109.036286,34.319356
B0FFGI4UCM,珍珍烫钻,生活服务;生活服务场所;生活服务场所,109.0593150253551,34.29918294272434,灞桥区,109.064415,34.297915
B0GR5Z1O29,中国电信智慧家庭服务中心(纺渭路营业厅),生活服务;电讯营业厅;中国电信营业厅,109.07173926350576,34.28598859263047,灞桥区,109.076868,34.284733
B0FFH6CP5I,浐灞半岛社区服务站,政府机构及社会团体;政府机关;乡镇以下级政府及事业单位|生活服务;生活服务场所;生活服务场所,109.0324023558696,34.316992004405904,未央区,109.037415,34.315673
B0G3SYVJIS,奥美广告图文(西安第六分店),生活服务;生活服务场所;生活服务场所,109.0578436574816,34.28091537020749,灞桥区,109.062938,34.279637
B0FFH6OGOK,壹米滴答·卓昊物流(东城大道营业部),生活服务;物流速递;物流速递,109.04003710203116,34.295499495917674,灞桥区,109.045076,34.29419
B0K1C4JR35,米村拌饭(凯德广场御锦城店),生活服务;生活服务场所;生活服务场所,109.03837353842002,34.278168928035974,灞桥区,109.043405,34.276848
B0FFG1ZWCE,东城浴池(东城国际公寓店),生活服务;洗浴推拿场所;洗浴推拿场所,109.0456978744501,34.28105860525292,灞桥区,109.050755,34.279756
B0I2MCEJKV,国家电网(席王中心所),生活服务;电力营业厅;电力营业厅,109.071548837637,34.283964679559325,灞桥区,109.076677,34.282708
B0K3YHAUY0,中通快递(灞桥一部),生活服务;物流速递;物流速递,109.05277634253724,34.293051659837275,灞桥区,109.057857,34.291769
B0K15AYATW,鸿泰物流西安东,生活服务;物流速递;物流速递,109.06505798060176,34.29047158018998,灞桥区,109.070172,34.289209
B0LULZ7QGZ,中国移动(柳烟路店),生活服务;电讯营业厅;中国移动营业厅,109.07587220940502,34.29615366702814,灞桥区,109.08101,34.294907
B0FFIKEJEO,菜鸟驿站腾辉便利店,生活服务;物流速递;物流速递|购物服务;便民商店/便利店;便民商店/便利店,109.0582948801985,34.29853099752768,灞桥区,109.063392,34.297261
B0IKD9CH34,家倍得辅料配送中心,生活服务;生活服务场所;生活服务场所,109.05044450194306,34.293212274923654,灞桥区,109.055518,34.291925
B0FFIXWBW9,菜鸟驿站(揽盛·金广厦店),生活服务;物流速递;物流速递,109.0702085403026,34.297255592676215,灞桥区,109.075335,34.296003
B0LKML5QI1,福奈特洗衣(西安御锦城店),生活服务;洗衣店;洗衣店,109.03849304972566,34.27884535304913,灞桥区,109.043525,34.277525
B0K02MVDVH,左左手机电脑维修中心,生活服务;维修站点;维修站点,109.06463778441686,34.281510021166945,灞桥区,109.06975,34.280243
B0FFG25KBC,旭阳广告(柳虹路),生活服务;生活服务场所;生活服务场所,109.05777309051662,34.30130869046546,灞桥区,109.062869,34.300039
B0LRKZH50X,回家吧养心院,生活服务;生活服务场所;生活服务场所,109.03291158083633,34.30344882237245,灞桥区,109.037925,34.302125
B0FFG1GW9D,西安世博园得宝门游客中心,生活服务;信息咨询中心;服务中心,109.064743970515,34.32247066301348,灞桥区,109.06986,34.321222
B0K6M4CWEG,爱回收(城开优享+购物中心店),生活服务;生活服务场所;生活服务场所,109.0324079134322,34.32191570200902,未央区,109.037421,34.320599
B0IDSHHW0V,郑远元专业修脚房(辰宇·世纪城店),生活服务;洗浴推拿场所;洗浴推拿场所,109.04628586086434,34.28180399331287,灞桥区,109.051345,34.280503
B0LDLMLKHW,繁花沐足,生活服务;洗浴推拿场所;洗浴推拿场所,109.06910239979226,34.292304166368034,灞桥区,109.074226,34.291048
B0K1LDDB8I,中通快运物流,生活服务;物流速递;物流速递,109.0658011160627,34.29128314483943,灞桥区,109.070917,34.290022
B0K0BSE222,中国电信(纺渭路营业厅),生活服务;电讯营业厅;中国电信营业厅,109.06993830271188,34.29524381388228,灞桥区,109.075064,34.29399
B0FFHRAHMF,七彩·摄影广告,生活服务;摄影冲印店;摄影冲印,109.07353310090868,34.29179603802847,灞桥区,109.078666,34.290545
B0JRF6MQAT,菜鸟驿站(浐灞金融城店),生活服务;物流速递;物流速递,109.03281206487704,34.30219963734286,灞桥区,109.037825,34.300875
B0FFF3EN8F,陕西亮丹物流有限公司,生活服务;物流速递;物流速递,109.06538814330789,34.29089491262344,灞桥区,109.070503,34.289633
B0FFK5EY3O,废品回收(废纸不上门),生活服务;生活服务场所;生活服务场所,109.05102288237492,34.27950393889555,灞桥区,109.056097,34.278212
B0GDFMV0S0,盛辉物流(陕西贝斯特物流中心南区店),生活服务;物流速递;物流速递,109.06648449262042,34.291265175283115,灞桥区,109.071602,34.290005
B0FFGA3IYR,鹏达图文(浐灞半岛朱雀金堤店),生活服务;摄影冲印店;摄影冲印,109.03493571859218,34.31813393892335,未央区,109.039958,34.316822
B0J136FHJE,菜鸟驿站(陕西东大现代物流园区店),生活服务;物流速递;物流速递,109.08398699285284,34.317360435278715,灞桥区,109.08914,34.31613
B0K0PLSTFG,郑远元专业修脚房(御锦城店),生活服务;洗浴推拿场所;洗浴推拿场所,109.03993630823196,34.285610001120105,灞桥区,109.044974,34.284296
B0KAOZTT8U,菩静臻品SPA·沐足生活馆(纺织城店),生活服务;生活服务场所;生活服务场所,109.06001681833072,34.27967213746989,灞桥区,109.065117,34.278397
B0FFGVHT8R,好又快图文快印广告(京都国际店),生活服务;摄影冲印店;摄影冲印,109.05161518385228,34.277985377033644,灞桥区,109.056691,34.276694
B0LAH5HWSJ,西安鸿鼎物流,生活服务;物流速递;物流速递,109.06503201069091,34.290853453867584,灞桥区,109.070146,34.289591
B0LRKRJKZJ,每一天便利店(浐灞半岛藏珑店),生活服务;生活服务场所;生活服务场所,109.0314956696125,34.31873257891983,未央区,109.036505,34.317412
B0I3LX03U3,菜鸟驿站(领馆1号店),生活服务;物流速递;物流速递,109.03518779467724,34.3062966969047,灞桥区,109.04021,34.30498
B0FFJXTLGQ,郑远元专业修脚房(浐灞四店),生活服务;洗浴推拿场所;洗浴推拿场所,109.02905273904392,34.323188013307266,未央区,109.034053,34.321863
B0J136IJQA,菜鸟驿站(御锦城1期店),生活服务;物流速递;物流速递,109.03753048695532,34.291057533813905,灞桥区,109.04256,34.28974
B0FFHSNW1L,利民石刻花圈,生活服务;生活服务场所;生活服务场所,109.07433851107052,34.31481489742034,灞桥区,109.079475,34.313575
B0FFK4WYPD,古道足浴·养生SPA(浐灞新城店),生活服务;美容美发店;美容美发店|生活服务;洗浴推拿场所;洗浴推拿场所,109.07150248980278,34.27757641878409,灞桥区,109.07663,34.276317
B0FFINM1IJ,菜鸟驿站(西安灞桥官厅老村店),生活服务;物流速递;物流速递,109.04759370211684,34.291950816043375,灞桥区,109.052658,34.290657
B0FFF3GZWL,杰翔物流(贝斯特总店),生活服务;物流速递;物流速递,109.06570939640348,34.29058657809723,灞桥区,109.070825,34.289325
B0FFGYO8UE,安能摩运西安站,生活服务;物流速递;物流速递,109.06594478322432,34.29115899134843,灞桥区,109.071061,34.289898
B0L34SG2VF,青淼良纱(华阳城店),生活服务;生活服务场所;生活服务场所,109.06700714458744,34.281138756882534,灞桥区,109.072125,34.279875
B0FFLAW3UK,菜鸟驿站(辰宇·世纪城店),生活服务;物流速递;物流速递,109.04628205899172,34.27964690770682,灞桥区,109.051341,34.278345
B0FFHOG08E,壹米滴答·卓昊物流(申家小区店),生活服务;物流速递;物流速递,109.0693745890497,34.29468777765488,灞桥区,109.074499,34.293433
B0LB97Y5AW,澜悦·沐足·柔式SPA,生活服务;洗浴推拿场所;洗浴推拿场所,109.07134627603943,34.295327036325624,灞桥区,109.076475,34.294075
B0KAJ6K3VA,菜鸟驿站(辰宇·世纪城店),生活服务;物流速递;物流速递,109.04721316195224,34.277775657646195,灞桥区,109.052275,34.276475
B0FFIKEMVK,菜鸟驿站(浐灞半岛店),生活服务;物流速递;物流速递,109.03413842953331,34.321278515950304,未央区,109.039158,34.319966
B0FFLEQKJK,菜鸟驿站(梁家街便民中心店),生活服务;物流速递;物流速递,109.05827778789585,34.30014431582702,灞桥区,109.063375,34.298875
B0FFJ2XOO9,银河浴池(席王路店),生活服务;洗浴推拿场所;洗浴推拿场所,109.06579148542878,34.28729087404096,灞桥区,109.070907,34.286028
B001D14ONO,龙泉浴池(柳亭路店),生活服务;洗浴推拿场所;洗浴推拿场所,109.06039481137311,34.30272554798258,灞桥区,109.065498,34.301461
B0IRXCXMFZ,星河足道·柔艺SPA·影院养生(柳亭路店),生活服务;洗浴推拿场所;洗浴推拿场所,109.06089345681752,34.30308556063665,灞桥区,109.065998,34.301822
B0HU5UMMSO,集美COLOR(浐灞店),生活服务;生活服务场所;生活服务场所,109.0336546417804,34.30499520639197,灞桥区,109.038671,34.303674
B0FFHNGXVC,安然纳米汗蒸养生馆(浐灞店),生活服务;美容美发店;美容美发店,109.03491170844048,34.31929646091877,未央区,109.039934,34.317985
B0HUACB79E,每一天便利店(前海人寿店),生活服务;生活服务场所;生活服务场所,109.05204527917488,34.30795251370109,灞桥区,109.057125,34.306675
B0FFHUBA0P,中国电信(灞瑞一路营业厅),生活服务;电讯营业厅;中国电信营业厅,109.05882169594796,34.29544443275429,灞桥区,109.06392,34.294174
B0FFGG7NZT,陕西冀通货运有限公司,生活服务;物流速递;物流速递,109.0662630244963,34.29117452898694,灞桥区,109.07138,34.289914
B0FFKSFXUS,立刻印图文制作,生活服务;摄影冲印店;摄影冲印,109.04666595477744,34.27777584807725,灞桥区,109.051726,34.276474
B0LUDU8Y1N,百信温泉酒店(东城大道店),生活服务;美容美发店;美容美发店,109.05426744077988,34.298176531460946,灞桥区,109.059353,34.296899
B0J0A78804,菜鸟驿站(东城国际公寓店),生活服务;物流速递;物流速递,109.04557627813236,34.2810728691997,灞桥区,109.050633,34.27977
B0IAV7MXMU,兔喜快递超市(灞柳良居东区店),生活服务;物流速递;物流速递,109.0653592815662,34.301632256134226,灞桥区,109.070475,34.300375
B0J25HSXW3,高师傅开锁配钥匙,生活服务;生活服务场所;生活服务场所,109.0751782927172,34.29873724203346,灞桥区,109.080315,34.297491
B0FFGG84GN,西安宇华国际国内公铁联运物流贸易有限公司总部,生活服务;物流速递;物流速递,109.06505000728453,34.29038762813829,灞桥区,109.070164,34.289125
B0MG9MOBPJ,解逅足浴店,生活服务;洗浴推拿场所;洗浴推拿场所,109.06451188596154,34.29544123654638,灞桥区,109.069625,34.29418
B0FFKIXT5W,陕西云鸟物流供应链管理有限公司,生活服务;生活服务场所;生活服务场所,109.04857400056,34.298173008064346,灞桥区,109.053642,34.296884
B0K359PYAS,沐和足道SPA会馆(纺织城摩托车城店),生活服务;洗浴推拿场所;洗浴推拿场所,109.0688502101024,34.28945372630554,灞桥区,109.073973,34.288196
B0LR67HSQ9,小拇指汽车快修工场店(东三环辅路北欣泰店),生活服务;生活服务场所;生活服务场所,109.04408489369769,34.28571625607999,灞桥区,109.049137,34.284412
B0MG07I9Z6,废品回收铜铝铁,生活服务;生活服务场所;生活服务场所,109.07330938755534,34.31662619291391,灞桥区,109.078444,34.315386
B0FFGC1OGD,西安双生聚鑫聚货运部,生活服务;物流速递;物流速递,109.06531416683112,34.29268624616256,灞桥区,109.070429,34.291425
B0FFIMKDXS,链家地产(御锦城理想树店),生活服务;中介机构;中介机构,109.03938186381698,34.290489248534094,灞桥区,109.044418,34.289176
B0G3LUHG2H,西安德运物流有限公司,生活服务;物流速递;物流速递,109.06609838452198,34.29153360905927,灞桥区,109.071215,34.290273
B0HUMCV3ZQ,北京市鑫诺(西安)律师事务所,生活服务;事务所;律师事务所,109.0381796880502,34.31956915786756,灞桥区,109.043214,34.318266
B0LAJHOYNJ,青雨足道(阳光时代店)(暂停营业),生活服务;洗浴推拿场所;洗浴推拿场所,109.0540727094082,34.27858230313486,灞桥区,109.059156,34.277296
B0LAHUHFSU,中国联通智慧生活馆(灞桥街道营业厅),生活服务;电讯营业厅;中国联通营业厅,109.07142249383696,34.31397760200326,灞桥区,109.076553,34.312734
B0GRN79GZ1,柒柒快递超市(御锦城智慧树店),生活服务;物流速递;物流速递,109.04262767982836,34.288031612482776,灞桥区,109.047675,34.286725
B0L3MCL7Q4,西安千古情宿舍楼(丰巢快递柜),生活服务;生活服务场所;生活服务场所,109.0637346888716,34.31993836934179,灞桥区,109.068848,34.318687
B0G3KHMGN7,水管维修.打压.漏水检测.取断丝.电路跳闸.漏电.空开没电.全城上门维修,生活服务;维修站点;维修站点,109.07368583337296,34.2798799426191,灞桥区,109.078818,34.278624
B0JBO5PT4A,任飞废品回收站,生活服务;生活服务场所;生活服务场所,109.0686079240447,34.287493886267846,灞桥区,109.07373,34.286235
B0H1YCVOTC,西安上进物流有限公司,生活服务;物流速递;物流速递,109.06414621397384,34.29054291263012,灞桥区,109.069258,34.289279
B0HG07YI4Z,安鑫顺物流,生活服务;物流速递;物流速递,109.06484251295892,34.29039193351179,灞桥区,109.069956,34.289129
B0L03RD26M,法斯特物流中心A排,商务住宅;产业园区;产业园区|生活服务;生活服务场所;生活服务场所,109.05797863550828,34.299944930338754,灞桥区,109.063075,34.298675
B0ID0XCY3N,菜鸟驿站(荣民宫园学府店),生活服务;物流速递;物流速递,109.07612501391624,34.29299778894297,灞桥区,109.081263,34.29175
B0FFJ2VEHJ,永昌物流,生活服务;物流速递;物流速递,109.0655534933657,34.29378941778839,灞桥区,109.070669,34.292529
B0LRLHN1JH,西安市灞桥区胜鑫金银加工回收,生活服务;生活服务场所;生活服务场所,109.04064940726752,34.29002140744016,灞桥区,109.04569,34.288711
B0G03SFRX6,西安小马搬家(尚东城小区南区店),生活服务;生活服务场所;生活服务场所,109.04358197699206,34.281384235907545,灞桥区,109.048632,34.280077
B0K1RH1QGZ,典唐盲人推拿(浅水湾店),生活服务;洗浴推拿场所;洗浴推拿场所,109.07485805678924,34.29699434237523,灞桥区,109.079994,34.295747
B0KRM160BI,西安中昊货运部,生活服务;物流速递;物流速递,109.06649323649532,34.29397898664066,灞桥区,109.071611,34.29272
B0HDJAT4S4,爱回收(凯德御锦城店),生活服务;生活服务场所;生活服务场所,109.038144380507,34.27799656203343,灞桥区,109.043175,34.276675
B0LDZ7N3OP,中国移动(金茂九路营业厅),生活服务;电讯营业厅;中国移动营业厅,109.0330932723324,34.31070308529635,灞桥区,109.038108,34.309383
B0J3TDIGNQ,郑远元专业修脚房(揽盛·金广厦店),生活服务;洗浴推拿场所;洗浴推拿场所,109.06993313309032,34.29732590926317,灞桥区,109.075059,34.296073
B0KUC5TGBO,驾驶人自助体检(换证照相),生活服务;生活服务场所;生活服务场所,109.0705165240534,34.31279924861882,灞桥区,109.075645,34.311554
B0H0BX51QF,中国移动御锦城社区店,生活服务;电讯营业厅;中国移动营业厅,109.03777178593052,34.28901081872443,灞桥区,109.042802,34.287693
B0FFLBRHA8,邮小二收中心校区快递站,生活服务;邮局;邮局,109.0272356375538,34.27907450447421,灞桥区,109.032225,34.277725
B0J2S7LIF4,丰巢快递柜(西铁灞桥车务段住宅小区店),生活服务;生活服务场所;生活服务场所,109.06141882867058,34.30593642556164,灞桥区,109.066525,34.304675
B0KUUDRU59,陕西老登人力资源有限公司,生活服务;人才市场;人才市场,109.065149220824,34.2851437259184,灞桥区,109.070263,34.283879
B0J2KM0A75,丰巢快递柜(芙蓉小区店),生活服务;生活服务场所;生活服务场所,109.0608834865908,34.2799505765401,灞桥区,109.065986,34.278677
B0FFF4ENO9,半岛图文快印(浐灞半岛朱雀金堤17栋店),生活服务;摄影冲印店;摄影冲印,109.03677979728238,34.31939870257331,灞桥区,109.041809,34.318092
B0LBRUK76R,黄金回收,生活服务;生活服务场所;生活服务场所,109.0456470968385,34.280437978614565,灞桥区,109.050704,34.279135
B0K2RZ8NM4,久久金管家·黄金首饰回收(灞桥华阳城购物中心店),生活服务;生活服务场所;生活服务场所,109.06593467131208,34.28119825068809,灞桥区,109.07105,34.279933
B0FFLGDOT5,畅游吧婴幼儿水中体适能拓展中心,生活服务;婴儿服务场所;婴儿游泳馆,109.07344834265334,34.279456383298275,灞桥区,109.07858,34.2782
B0FFJGROZ5,链家地产(浐灞半岛中心店),生活服务;中介机构;中介机构,109.03073560935329,34.3185206880332,未央区,109.035742,34.317198
B0M6MHV3BO,黄金回收抵押修表上门,生活服务;生活服务场所;生活服务场所,109.05811321301287,34.30050444570728,灞桥区,109.06321,34.299235
B0FFL0XRIK,灞桥区城市体验展示中心,生活服务;生活服务场所;生活服务场所,109.08468430038948,34.29111772520702,灞桥区,109.089836,34.289876
B0K0HCOWPM,云聚物流新贝斯特营业部,生活服务;物流速递;物流速递,109.06688055385,34.291356578460984,灞桥区,109.071999,34.290097
B0H0BL1GZ9,刘师旧房翻新服务部,生活服务;生活服务场所;生活服务场所,109.0275970961702,34.31561347928438,未央区,109.032591,34.314281
B0JGZHFD15,中络堂推拿按摩店,生活服务;洗浴推拿场所;洗浴推拿场所,109.0511784917834,34.278442067292474,灞桥区,109.056253,34.27715
B0LDN6QTDU,中国移动(浐灞半岛宽带营业厅),生活服务;电讯营业厅;中国移动营业厅,109.03181463993816,34.316495773760074,未央区,109.036825,34.315175
B0KDHRF563,中国邮政EMS(柳韵巷),生活服务;生活服务场所;生活服务场所,109.06537068801748,34.285100419329424,灞桥区,109.070485,34.283836
B0I2XH29SW,爱回收(华阳城店),生活服务;生活服务场所;生活服务场所,109.0659875324022,34.28134511290556,灞桥区,109.071103,34.28008
B0KD3DRO7U,丝路港中心供电所,生活服务;生活服务场所;生活服务场所,109.06529646313152,34.324329973925174,灞桥区,109.070414,34.323083
B0FFGCQVR3,郑远元专业修脚房(新医路店),生活服务;中介机构;中介机构|生活服务;洗浴推拿场所;洗浴推拿场所,109.05762816356987,34.2820252856167,灞桥区,109.062722,34.280747
B0HU24U1RC,浐灞·MT形象美学沙龙(西安U Plaza购物中心店),生活服务;美容美发店;美容美发店,109.0322624308856,34.32234188308742,未央区,109.037275,34.321025
B0L0FU57U1,希望里时光序菜鸟驿站(西安希望里时光序店),生活服务;物流速递;物流速递,109.02801831397556,34.29362116841244,灞桥区,109.033012,34.29228
B0J2K50Q5E,丰巢快递柜(金海湾店),生活服务;生活服务场所;生活服务场所,109.06655839182784,34.27889032910589,灞桥区,109.071675,34.277625
B0L677X8U1,回收黄金,生活服务;生活服务场所;生活服务场所,109.06256223495232,34.30172647102688,灞桥区,109.067671,34.300465
B0FFIMOXY2,西安迪祥运输有限责任公司,生活服务;物流速递;物流速递,109.0710362883382,34.279714089615254,灞桥区,109.076163,34.278455
B0ID7CBS2G,中国电信御锦城营业厅(装修中),生活服务;电讯营业厅;电讯营业厅,109.03961893011326,34.27985819406391,灞桥区,109.044655,34.278541
B0J0GUJQ2Y,西安灞桥熙和颐嘉日间照料中心中医诊所,生活服务;生活服务场所;生活服务场所,109.07748416464734,34.297369569768854,灞桥区,109.082625,34.296125
B0G3T9SDH6,乐丰物流,生活服务;物流速递;物流速递,109.05358141363058,34.298943512856226,灞桥区,109.058665,34.297665
B0IB2O2TBJ,菜鸟驿站(西安东梁家街东7排3号店),生活服务;物流速递;物流速递,109.06440673494902,34.30016931703923,灞桥区,109.06952,34.29891
B0IAXG16YI,保利熙岸林语,商务住宅;住宅区;住宅小区|生活服务;生活服务场所;生活服务场所,109.09471103095318,34.28057235107842,灞桥区,109.099873,34.27933
B0FFGWVHYV,中国石化战备路加油加气站工会爱心驿站,生活服务;生活服务场所;生活服务场所,109.100337257915,34.29046693308855,灞桥区,109.105504,34.289229
B0JGHUSQP6,三迪灞河壹号售楼部,生活服务;生活服务场所;生活服务场所,109.09444342969964,34.2900693575484,灞桥区,109.099606,34.288831
B0LKNHPMHF,顺丰速运(现代纺织产业园店),生活服务;物流速递;物流速递,109.1042389659005,34.28540876146523,灞桥区,109.109407,34.284168
B0FFLCHP8J,菜鸟驿站(向阳北路店),生活服务;物流速递;物流速递,109.11727866819372,34.308582375838405,灞桥区,109.122449,34.307345
B0FFILGFQ2,菜鸟驿站(洪庆街店),生活服务;物流速递;物流速递,109.11089896435004,34.30634521662534,灞桥区,109.11607,34.305111
B0MGSKKQS7,圆通速递妈妈驿站(向阳南路),生活服务;物流速递;物流速递,109.11278839512812,34.30217314963785,灞桥区,109.117959,34.300936
B0K3RH1KUR,西安仁昌物流有限公司,生活服务;物流速递;物流速递,109.09799475887228,34.32389379792772,灞桥区,109.103163,34.322671
B0G19H8P3B,菜鸟驿站(长平路店),生活服务;物流速递;物流速递,109.1105410188991,34.31722907086735,灞桥区,109.115713,34.316
B0JBSXVB06,菜鸟驿站(西安灞桥保利熙岸林语东门店),生活服务;物流速递;物流速递,109.095960906188,34.28184265013766,灞桥区,109.101124,34.280601
B0FFM7WLQ0,菜鸟驿站(洪庆街店),生活服务;物流速递;物流速递,109.11281961606193,34.299676274591576,灞桥区,109.11799,34.298438
B0J0XHGR9O,庆华新区妈妈驿站,生活服务;生活服务场所;生活服务场所,109.11280467281198,34.29901355793916,灞桥区,109.117975,34.297775
B0JRXXELLS,田王十字庆华厂妈妈驿站(洪庆街店),生活服务;生活服务场所;生活服务场所,109.11214407439628,34.29392939396812,灞桥区,109.117314,34.292689
B0LGG507ZL,菜鸟驿站(西安豁口村店),生活服务;物流速递;物流速递,109.09347141584526,34.3229647584267,灞桥区,109.098636,34.321741
B0FFGJQ7XE,韵达快递(向阳北路店),生活服务;物流速递;物流速递,109.11740370595754,34.30856847939375,灞桥区,109.122574,34.307331
B0FFFAH18E,温泉浴池,生活服务;洗浴推拿场所;洗浴推拿场所,109.11239832962728,34.2911717372593,灞桥区,109.117568,34.28993
B0LRJSH0CV,融辉物流(洪庆营业部),生活服务;物流速递;物流速递,109.11487708530224,34.285942557024406,灞桥区,109.120046,34.284697
B0LGHYMQIV,明亨物流,生活服务;物流速递;物流速递,109.11337380663738,34.28666226506811,灞桥区,109.118543,34.285418
B0KDRU85Y4,诚信废品回收,生活服务;生活服务场所;生活服务场所,109.1128597286492,34.2869908081498,灞桥区,109.118029,34.285747
B0LAJHRPM1,顺丰速运(灞柳店),生活服务;物流速递;物流速递,109.10521761761308,34.28582585189794,灞桥区,109.110386,34.284585
B0LKKUNKHN,废品回收,生活服务;生活服务场所;生活服务场所,109.1032848803128,34.324704938570335,灞桥区,109.108456,34.323482
B0FFG129PS,海信专卖店( 灞桥区田王店),购物服务;家电电子卖场;家电电子卖场|生活服务;维修站点;维修站点,109.1082534237012,34.291947310311606,灞桥区,109.113423,34.290708
B001D08ZBB,中国邮政(庆华北区邮政所),生活服务;邮局;邮局,109.11223629037924,34.31437631238604,灞桥区,109.117408,34.313145
B0FFHVFKYL,中国移动(庆华南区店),生活服务;电讯营业厅;中国移动营业厅|购物服务;家电电子卖场;手机销售,109.11210506062208,34.29406531233349,灞桥区,109.117275,34.292825
B0KBFYNXQI,西安市西蓝天然气营业厅,生活服务;生活服务场所;生活服务场所,109.11279394172776,34.295928905686345,灞桥区,109.117964,34.294689
B0FFKL2YU1,浴池,生活服务;洗浴推拿场所;洗浴推拿场所,109.11236443753384,34.31277811878765,灞桥区,109.117536,34.311546
B0KDYOSHDR,西安市灞桥区程翠霞废旧物资回收部,生活服务;生活服务场所;生活服务场所,109.08495307237544,34.27800312787054,灞桥区,109.090104,34.276756
B0JGVA4ZYO,废品回收总店,生活服务;生活服务场所;生活服务场所,109.1076838841484,34.2876909089423,灞桥区,109.112853,34.28645
B0FFL3CUWH,浴池住宿,生活服务;洗浴推拿场所;洗浴推拿场所|住宿服务;旅馆招待所;旅馆招待所,109.11171295931432,34.30648559654228,灞桥区,109.116884,34.305251
B0KADHLLIP,海涛废品回收站,生活服务;生活服务场所;生活服务场所,109.12348230299672,34.32015158217697,灞桥区,109.128651,34.318914
B0J0Z14VXJ,小米之家(西安市灞桥区洪庆大旺城专卖店),生活服务;生活服务场所;生活服务场所,109.11217402052996,34.30599507949947,灞桥区,109.117345,34.30476
B0FFHK659Z,韵达田王洪庆分部(同心路店),生活服务;物流速递;物流速递,109.1174619799084,34.317062644156266,灞桥区,109.122633,34.315829
B0G2V5KVIU,万匙通开锁,生活服务;生活服务场所;生活服务场所,109.11241113316184,34.30486072628445,灞桥区,109.117582,34.303625
B0HKBOZH8R,菜鸟驿站(航天四院店),生活服务;物流速递;物流速递,109.11277739346238,34.30218213901035,灞桥区,109.117948,34.300945
B0FFH5Q9KA,菜鸟驿站(庆华社区店),生活服务;物流速递;物流速递,109.11150706385985,34.29380208944862,灞桥区,109.116677,34.292562
B0FFGA59TY,铁军精修电动车车行,生活服务;维修站点;维修站点,109.1123462578812,34.29195636753848,灞桥区,109.117516,34.290715
B0FFKBVYL4,菜鸟驿站(西安田王向阳一区西果优品店),生活服务;物流速递;物流速递,109.11400099644108,34.30824119147069,灞桥区,109.119172,34.307006
B0LBAZ54MT,陕西灞桥区豁口ETC发行服务站,生活服务;生活服务场所;生活服务场所,109.10751077226806,34.32360673001498,灞桥区,109.112683,34.322382
B0H657P7J0,空调维修家电维修,生活服务;维修站点;维修站点,109.11729893494292,34.31702853282899,灞桥区,109.12247,34.315795
B0FFL4D7HA,老王开锁(洪庆街店),生活服务;生活服务场所;生活服务场所,109.11282061763,34.29965928269953,灞桥区,109.117991,34.298421
B0FFJAWPIN,菜鸟驿站(庆华北区店),生活服务;物流速递;物流速递,109.11277723301292,34.31544414209475,灞桥区,109.117949,34.314213
B001D112WI,贵妃足道,生活服务;洗浴推拿场所;洗浴推拿场所,109.11229085773472,34.30792727789838,灞桥区,109.117462,34.306693
B0LGV5Y49G,鸡柳大人(庆华文化宫店),生活服务;生活服务场所;生活服务场所,109.11245699593208,34.29503009719368,灞桥区,109.117627,34.29379
B0KU6HZ2BL,绘印图文快印广告,生活服务;生活服务场所;生活服务场所,109.10785053536016,34.279925264615805,灞桥区,109.113019,34.278681
B0FFH721QP,菜鸟驿站(西安同心街道店),生活服务;物流速递;物流速递,109.11846832039969,34.316857545143726,灞桥区,109.123639,34.315623
B0I2R5VQ3C,家电制冷维修,生活服务;维修站点;维修站点,109.11212992728984,34.29560365595557,灞桥区,109.1173,34.294364
B0KAP7ML1P,西安昌洁清洁服务有限公司(洗地机扫地机高压清洗机),生活服务;生活服务场所;生活服务场所,109.10281405904674,34.32484177875792,灞桥区,109.107985,34.323619
B0FFG20T6M,联强电脑(向阳北路),生活服务;维修站点;维修站点,109.112783932438,34.30745778204,灞桥区,109.117955,34.306223
B0I1SMM8FO,西安市灞桥区洪超废品收购站,生活服务;生活服务场所;生活服务场所,109.1257342849934,34.30167731687709,灞桥区,109.1309,34.300429
B0FFMCFXO3,菜鸟驿站(向阳北路店),生活服务;物流速递;物流速递,109.12677538603076,34.30853838077384,灞桥区,109.131941,34.307292
B0FFJK30EK,中国电信智慧家庭服务中心(洪庆街营业厅店),生活服务;电讯营业厅;中国电信营业厅,109.11237134417289,34.313849632672365,灞桥区,109.117543,34.312618
B0JDXMCAMV,欣可精修电动车行,生活服务;维修站点;维修站点,109.11212703676416,34.29435020099572,灞桥区,109.117297,34.29311
B0FFILEXC2,申通快递(陕西西安洪庆营业部),生活服务;物流速递;物流速递,109.10014556258336,34.322498518757456,灞桥区,109.105315,34.321275
B0HDP5KKYB,西蓝广告,生活服务;生活服务场所;生活服务场所,109.11232401385348,34.29473214900591,灞桥区,109.117494,34.293492
B0H1LSGZ4E,豁口大众浴池住宿,生活服务;洗浴推拿场所;洗浴推拿场所,109.09562257613136,34.32299538184603,灞桥区,109.100789,34.321772
B0G3LDG9DU,菜鸟驿站(西安灞桥赵西村店),生活服务;物流速递;物流速递,109.10502745568984,34.3226253502517,灞桥区,109.110199,34.321401
B0JBXLXQ4P,康洁温泉浴池,生活服务;洗浴推拿场所;洗浴推拿场所,109.10739064575372,34.291010367706185,灞桥区,109.11256,34.289771
B0I3DA1R62,中州再生资源回收站,生活服务;生活服务场所;生活服务场所,109.11134636693149,34.30174351199876,灞桥区,109.116517,34.300507
B0I077OWPD,炫彩快印(田王地铁口D囗),生活服务;摄影冲印店;摄影冲印,109.11273464409422,34.29927839897926,灞桥区,109.117905,34.29804
B0H34S24PB,张荣废旧物资回收站,生活服务;生活服务场所;生活服务场所,109.12740095747832,34.307056749014166,灞桥区,109.132566,34.305809
B0LUAUO2RV,品胜快修腾宇通讯,生活服务;维修站点;维修站点,109.1127502460168,34.315271205374074,灞桥区,109.117922,34.31404
B0I16DVZG7,诚信手机维修(中都宝丰大楼店),生活服务;维修站点;维修站点,109.11234308366129,34.30537945403516,灞桥区,109.117514,34.304144
B0KK1RUMZL,晨卿图文摄影(向阳北路),生活服务;摄影冲印店;摄影冲印,109.12674637395624,34.30844639017855,灞桥区,109.131912,34.3072
B0FFKBVWB5,菜鸟驿站(庆华长安家园店),生活服务;物流速递;物流速递,109.1089015465848,34.27817544370529,灞桥区,109.11407,34.27693
B0FFILGVZY,西安灞桥环保餐车订做行,生活服务;生活服务场所;生活服务场所,109.10416964196774,34.32368662226098,灞桥区,109.109341,34.322463
B0KGYCI3US,昌顺手机维修,生活服务;生活服务场所;生活服务场所,109.11280029126146,34.29193764559913,灞桥区,109.11797,34.290696
B0FFGOY59Z,星宇电脑维修打字复印部,生活服务;维修站点;维修站点,109.11169699614712,34.3174865722888,灞桥区,109.116869,34.316257
B0H6TN3KTA,大型弹花电脑缝被(洪庆堡路店),生活服务;生活服务场所;生活服务场所,109.12355830474787,34.32061944022541,灞桥区,109.128727,34.319382
B0L3MROA29,画面美发(航悦荟店),生活服务;美容美发店;美容美发店,109.11356062518142,34.30041340735522,灞桥区,109.118731,34.299175
B0I0UZ6OLR,电脑监控维修,生活服务;维修站点;维修站点,109.11273766697254,34.2990195149504,灞桥区,109.117908,34.297781
B0IDDCKFIT,中国福利彩票(洪庆街北延店),生活服务;彩票彩券销售点;彩票彩券销售点,109.11216599512866,34.31770773692529,灞桥区,109.117338,34.316478
B0LGV5YAUT,楠楠美甲美睫,生活服务;美容美发店;美容美发店,109.11342080479407,34.29817830512695,灞桥区,109.118591,34.296939
B001D09P4K,天丰广告,公司企业;公司;广告装饰|生活服务;摄影冲印店;摄影冲印,109.11275040829416,34.30198820893324,灞桥区,109.117921,34.300751
B0FFFFX1XM,洪庆家电维修处,生活服务;维修站点;维修站点,109.11275648383791,34.312559451548346,灞桥区,109.117928,34.311327
B0FFH9R9A4,灵睿图文快印,生活服务;生活服务场所;生活服务场所,109.1114340141395,34.31721655125301,灞桥区,109.116606,34.315987
B0L30ZK38U,中国电信5G(洪庆街社区店),生活服务;电讯营业厅;中国电信营业厅,109.11226933321424,34.30247870607425,灞桥区,109.11744,34.301242
B0G19H9S5F,菜鸟驿站(保利林语溪店),生活服务;物流速递;物流速递,109.09854159333084,34.287374176458265,灞桥区,109.103707,34.286135
B0GRHKMNI4,向阳厨卫电器维修,生活服务;维修站点;维修站点,109.1265994272035,34.30667802475925,灞桥区,109.131765,34.305431
B0FFGALCZI,王瑞打字复印部,生活服务;生活服务场所;生活服务场所,109.11273996263256,34.29564099901913,灞桥区,109.11791,34.294401
B0FFG0Y14X,安能物流(祥云路店),生活服务;物流速递;物流速递,109.1066887753783,34.291146049116634,灞桥区,109.111858,34.289907
B001D0WKEG,焦点美容美发(向阳北路店),生活服务;美容美发店;美容美发店,109.11234588145958,34.30769241598063,灞桥区,109.117517,34.306458
B001D09P6F,甲乙丙丁美发(洪庆街店),生活服务;美容美发店;美容美发店|购物服务;购物相关场所;购物相关场所,109.11274792128228,34.3075527175738,灞桥区,109.117919,34.306318
B0JKTH6FTK,腾辉画框,生活服务;生活服务场所;生活服务场所,109.10400821896158,34.31774235375324,灞桥区,109.109179,34.316516
B0HG0SYRFT,中国福利彩票(中铁滨河佳园店),生活服务;彩票彩券销售点;彩票彩券销售点,109.1059878626299,34.280606298205385,灞桥区,109.111156,34.279363
B001D08OA2,中国邮政(田王邮政所),生活服务;邮局;邮局,109.11149812741456,34.29307340105921,灞桥区,109.116668,34.291833
B0FFHLNL4H,金御堂足浴,生活服务;洗浴推拿场所;洗浴推拿场所,109.11237534931485,34.302364818706124,灞桥区,109.117546,34.301128
B0H2D5DT4H,银鼎足浴会所,生活服务;洗浴推拿场所;洗浴推拿场所,109.11239020261613,34.30405207551936,灞桥区,109.117561,34.302816
B0KK6HQD3K,天天足浴,生活服务;洗浴推拿场所;洗浴推拿场所,109.11237527865926,34.30317245916092,灞桥区,109.117546,34.301936
B0GRVMT8RA,御足堂足浴,生活服务;洗浴推拿场所;洗浴推拿场所,109.1123054866603,34.31217735851978,灞桥区,109.117477,34.310945
B0FFFFX298,爱尚鲜花(田洪店),购物服务;花鸟鱼虫市场;花卉市场|生活服务;生活服务场所;生活服务场所,109.11238116813745,34.304439896919725,灞桥区,109.117552,34.303204
B0J3ZZXO0R,君益达交通事故快处快赔服务中心工会爱心驿站,生活服务;生活服务场所;生活服务场所,109.10510335632668,34.32349896236734,灞桥区,109.110275,34.322275
B0FFGJTJ4M,鑫源租赁站,生活服务;生活服务场所;生活服务场所,109.10302396053208,34.32497975508106,灞桥区,109.108195,34.323757
B0FFFFX21L,绿风干洗店,生活服务;洗衣店;洗衣店,109.11703360205024,34.308543204583984,灞桥区,109.122204,34.307306
B0K3ZNGB0R,微步足道足浴,生活服务;洗浴推拿场所;洗浴推拿场所,109.112346807874,34.30853403665947,灞桥区,109.117518,34.3073
B0FFKJK12U,盛达广告(洪庆街店),生活服务;生活服务场所;生活服务场所,109.11241030135204,34.302937584362176,灞桥区,109.117581,34.301701
B0HGDZ989R,颐欣理疗推拿馆,生活服务;洗浴推拿场所;洗浴推拿场所,109.11273564740692,34.29924141589456,灞桥区,109.117906,34.298003
B0JDCRVE0L,焦点美容美发(庆华长安家园店),生活服务;美容美发店;美容美发店,109.1098692669066,34.280435949436104,灞桥区,109.115038,34.279191
B0K05XRBND,菜鸟驿站(西安岳家沟店),生活服务;物流速递;物流速递,109.13452185089584,34.297600775051286,灞桥区,109.13968,34.29634
B0L12OUU9N,水韵江南·影院互娱SPA·养生足道(灞桥店)(暂停营业),生活服务;洗浴推拿场所;洗浴推拿场所,109.11230409180986,34.30526048454555,灞桥区,109.117475,34.304025
B0MBZABSVX,申通快递(文化宫东门店),生活服务;物流速递;物流速递,109.11226293636618,34.29557874394137,灞桥区,109.117433,34.294339
B0I14H92LZ,赵东高飞再生资源回收服务点,生活服务;生活服务场所;生活服务场所,109.10771417552276,34.31859814759797,灞桥区,109.112886,34.317371
B0FFJSSMQY,丽都足浴(洪庆街店),生活服务;洗浴推拿场所;洗浴推拿场所,109.11236433405033,34.302531738006685,灞桥区,109.117535,34.301295
B0LASBZMV2,格点国际洗衣洗鞋(庆华长安家园店),生活服务;洗衣店;洗衣店,109.11075129116897,34.27975967783404,灞桥区,109.11592,34.278514
B0KD0U05B7,德佑地产(保利林语溪店),生活服务;中介机构;中介机构,109.09863560477648,34.28655652656379,灞桥区,109.103801,34.285317
B0GUBYN06K,大型弹棉花卖被子惠东村,生活服务;生活服务场所;生活服务场所,109.11382056537448,34.29002810597299,灞桥区,109.11899,34.288785
B0FFGA49KV,金都足浴会所,生活服务;洗浴推拿场所;洗浴推拿场所|体育休闲服务;娱乐场所;娱乐场所,109.11275225597484,34.292297460889294,灞桥区,109.117922,34.291056
B0L0JZFRN6,菜鸟驿站,生活服务;物流速递;物流速递,109.08961765799673,34.2848669363391,灞桥区,109.094775,34.283625
B0LU9M7TH5,云水之境养生馆,生活服务;洗浴推拿场所;洗浴推拿场所,109.11190302318754,34.31725479561007,灞桥区,109.117075,34.316025
B0FFK7O3PS,西安林小海汽车运输服务有限公司,生活服务;物流速递;物流速递,109.1036477723501,34.324348186456255,灞桥区,109.108819,34.323125
B0FFGJQ811,中国邮政(向阳邮政所),生活服务;邮局;邮局,109.12084100780451,34.30830249939723,灞桥区,109.12601,34.307062
B0LUR75D64,朝阳社区36号楼,生活服务;生活服务场所;生活服务场所,109.12800502803488,34.32272823826688,灞桥区,109.133171,34.321487
B0KRM14RSJ,德佑地产(长安家园店),生活服务;中介机构;中介机构,109.11013225986596,34.28035211395862,灞桥区,109.115301,34.279107
B0FFI76KFG,兰卡摄影,生活服务;摄影冲印店;摄影冲印,109.11280141978403,34.30190327739545,灞桥区,109.117972,34.300666
B0LRDM73DJ,娃哈哈桶装水(宇航东路店),生活服务;生活服务场所;生活服务场所,109.12725583368332,34.30728448294836,灞桥区,109.132421,34.306037
B0L2R5MVKF,格点国际洗衣洗鞋(洪庆店),生活服务;洗衣店;洗衣店,109.11209094212714,34.29541271688564,灞桥区,109.117261,34.294173
B0I3TOMYBB,电子磅,生活服务;生活服务场所;生活服务场所,109.11258465661568,34.28757239439557,灞桥区,109.117754,34.286329
B0L1L5EA4U,菜鸟驿站(宇航东路店),生活服务;物流速递;物流速递,109.12650977269352,34.30202400624445,灞桥区,109.131675,34.300775
B0K16R1PTC,小王废品回收站,生活服务;生活服务场所;生活服务场所,109.10645918529856,34.28704772860956,灞桥区,109.111628,34.285807
B0JUY9YS4Y,舒颜坊健康管理中心,生活服务;美容美发店;美容美发店,109.11397600543468,34.30809923930563,灞桥区,109.119147,34.306864
B0L3AZQMV6,中国电信智慧家庭服务中心(盛协田王店),生活服务;电讯营业厅;中国电信营业厅,109.1127606636143,34.299078502779395,灞桥区,109.117931,34.29784
B0KANUV2A2,丰巢快递柜(泵阀总厂店),生活服务;物流速递;物流速递,109.11430271496096,34.27765166307257,灞桥区,109.119471,34.276403
B0FFH6WK28,张浩然洗衣店,生活服务;洗衣店;洗衣店,109.1123621230051,34.30494266083155,灞桥区,109.117533,34.303707
B0L0SGIVZZ,华为专卖店(航悦荟店),生活服务;生活服务场所;生活服务场所,109.1135846377933,34.300301472088414,灞桥区,109.118755,34.299063
B0FFGB5PZS,社区便民回收站(同心路),生活服务;生活服务场所;生活服务场所,109.11649770250988,34.317192846920335,灞桥区,109.121669,34.31596
B0L64U4NXE,圆梦发屋,生活服务;美容美发店;美容美发店,109.13807747912232,34.2868553762495,灞桥区,109.143231,34.285585
B0L0XRLSD4,桃小匠缝纫店,生活服务;生活服务场所;生活服务场所,109.10751327930974,34.29494770690734,灞桥区,109.112683,34.29371
B0G1YAPX5S,高价废品回收,生活服务;生活服务场所;生活服务场所,109.1237493343814,34.32151921223144,灞桥区,109.128918,34.320282
B0G0RYBPU0,中国体育彩票(洪庆街店),生活服务;彩票彩券销售点;彩票彩券销售点,109.1128534091474,34.29063923857151,灞桥区,109.118023,34.289397
B0FFILX8H4,X·T花甲舍(庆华南区店),生活服务;美容美发店;美容美发店,109.11216605862172,34.29412232273756,灞桥区,109.117336,34.292882
B0L0UPU757,西湖畔洗衣(大旺城店),生活服务;洗衣店;洗衣店,109.11234206759828,34.30556237144462,灞桥区,109.117513,34.304327
B0KDRR1SAR,中国移动宽带办卡(大旺城店),生活服务;电讯营业厅;中国移动营业厅,109.11227103774554,34.30585719771847,灞桥区,109.117442,34.304622
B0JD1LG2QM,中国体育彩票(庆华长安家园店),生活服务;彩票彩券销售点;彩票彩券销售点,109.10957426060352,34.28073868056625,灞桥区,109.114743,34.279494
B0FFF4LC03,中国体育彩票(砚湾村店),生活服务;彩票彩券销售点;彩票彩券销售点,109.12677841015667,34.30828649790605,灞桥区,109.131944,34.30704
B0H2YCX4ZS,金银加工店,生活服务;生活服务场所;生活服务场所,109.11240137940769,34.30203897881955,灞桥区,109.117572,34.300802
B0I03UY08F,张强专业修脚(庆华北区一街坊店),生活服务;洗浴推拿场所;洗浴推拿场所,109.11275628244616,34.31486039777992,灞桥区,109.117928,34.313629
B0G2P5HJHA,意镜造型,生活服务;美容美发店;美容美发店,109.11276658750236,34.31138399348897,灞桥区,109.117938,34.310151
B0H3311YC0,中国移动(4G体验店),生活服务;生活服务场所;生活服务场所,109.11276549084612,34.31248748982229,灞桥区,109.117937,34.311255
B0G19H9CET,菜鸟驿站(中铁滨河佳园店),生活服务;物流速递;物流速递,109.10612183971776,34.28048339395192,灞桥区,109.11129,34.27924
B0H0K1RXCC,东达印刷广告,生活服务;生活服务场所;生活服务场所,109.11218541786516,34.29002510743136,灞桥区,109.117355,34.288783
B0FFGFPW4Z,王记弹花轧花,生活服务;生活服务场所;生活服务场所,109.101480730063,34.28975436645766,灞桥区,109.106648,34.288516
B0FFILEA1U,菲娜美容养生会所,生活服务;美容美发店;美容美发店,109.11229112596692,34.304861655569034,灞桥区,109.117462,34.303626
B0IKAUP85M,西蓝天然气代售点,生活服务;生活服务场所;生活服务场所,109.11064841260692,34.27839419544503,灞桥区,109.115817,34.277148
B0LK0A8DFU,百步印社24H自助打印(保利林语溪北门内左侧),生活服务;生活服务场所;生活服务场所,109.09870958654253,34.28622866736505,灞桥区,109.103875,34.284989
B0LB1R45CX,妈妈驿站(向阳中路店),生活服务;物流速递;物流速递,109.1131041352064,34.305460874545474,灞桥区,109.118275,34.304225
B0FFFFX21C,康辉旅游(向阳分公司),生活服务;旅行社;旅行社,109.1202587344404,34.308531874304535,灞桥区,109.125428,34.307292
B001D09P2N,金豆鸡汤刀削面(向阳第一小区付一区西南),生活服务;美容美发店;美容美发店|餐饮服务;中餐厅;中餐厅,109.11237592234406,34.29581370731208,灞桥区,109.117546,34.294574
B0I2G5FE1W,紫晶石(美发沙龙),生活服务;美容美发店;美容美发店,109.11167706675953,34.293813179091686,灞桥区,109.116847,34.292573
B0H1PSPHSO,西安市灞桥区百姓居专业修脚店(洪庆街店),生活服务;洗浴推拿场所;洗浴推拿场所,109.11271945043038,34.31290826995983,灞桥区,109.117891,34.311676
B0K30DPFJG,菜鸟驿站,生活服务;物流速递;物流速递,109.1066533596213,34.31885163073523,灞桥区,109.111825,34.317625
B0FFHNJFEA,摩高推拿按摩,生活服务;洗浴推拿场所;洗浴推拿场所,109.11226946696743,34.31237924540338,灞桥区,109.117441,34.311147
B0KK061C3K,云尚足浴,生活服务;洗浴推拿场所;洗浴推拿场所,109.11228993779298,34.30701168992178,灞桥区,109.117461,34.305777
B0KRM133OF,超威电池(兄弟电动车维修),生活服务;维修站点;维修站点,109.11104898936036,34.31747422360458,灞桥区,109.116221,34.316245
B0K6B7MAHX,菜鸟速递(洪庆营业部),生活服务;物流速递;物流速递,109.10278905523504,34.32500469718425,灞桥区,109.10796,34.323782
B0FFLMBHZM,足乐专业修脚(向阳店),生活服务;洗浴推拿场所;洗浴推拿场所,109.11993062160256,34.308264706499344,灞桥区,109.1251,34.307025
B0FFFABUOR,西渠村陵园,生活服务;丧葬设施;陵园,109.08775858421048,34.31064740927238,灞桥区,109.092916,34.309416
B0LGFOSR0N,中国联通,生活服务;电讯营业厅;中国联通营业厅,109.10815806102173,34.31911109046333,灞桥区,109.11333,34.317884
B0I11M763T,灞桥区洪庆街办砚湾小亮再生资源回收服务点,生活服务;生活服务场所;生活服务场所,109.12734186552905,34.30762342708126,灞桥区,109.132507,34.306376
B0I0KZYNZE,西安航天物资储运部4店,生活服务;生活服务场所;生活服务场所,109.11597409017811,34.29988628175006,灞桥区,109.121144,34.298646
B0IR39LPRW,合理再生资源回收服务点,生活服务;生活服务场所;生活服务场所,109.11492873832265,34.290017847321934,灞桥区,109.120098,34.288774
B0L3LRQFAI,陕西中国旅行社田洪正街门市部,生活服务;旅行社;旅行社,109.11338760611004,34.30040830061863,灞桥区,109.118558,34.29917
B0HR0KMLI5,赵东鑫亮废旧物资回收,生活服务;生活服务场所;生活服务场所,109.10809813485176,34.31836841007712,灞桥区,109.11327,34.317141
B0FFII9TVN,大型弹花,生活服务;生活服务场所;生活服务场所,109.12682266221636,34.30575568610062,灞桥区,109.131988,34.304508
B0JBLRV4F3,真理男士理发馆Barbershop,生活服务;美容美发店;美容美发店,109.1127432465196,34.31525920668103,灞桥区,109.117915,34.314028
B0FFH5HYH6,车床电气焊数控车床加工,生活服务;生活服务场所;生活服务场所,109.1092270416912,34.317876131720475,灞桥区,109.114399,34.316648
B0FFK5CGSI,洁万家洗衣,生活服务;洗衣店;洗衣店,109.11738595801808,34.317055588037896,灞桥区,109.122557,34.315822
B001D14PBN,喜庆采供站,购物服务;专卖店;专营店|生活服务;生活服务场所;生活服务场所,109.1123447922746,34.308710955521896,灞桥区,109.117516,34.307477
B0JG5SWW0W,耐斯造型,生活服务;美容美发店;美容美发店,109.11284840243864,34.29071120450359,灞桥区,109.118018,34.289469
B0FFG1B933,旭东租赁站,生活服务;生活服务场所;生活服务场所,109.10955605538832,34.31740150492735,灞桥区,109.114728,34.316173
B0KB75M56Z,李伟峰再生资源回收服务点,生活服务;生活服务场所;生活服务场所,109.09476233895592,34.32233181294642,灞桥区,109.099928,34.321108
B0LULDZPTL,FC美发造型店,生活服务;美容美发店;美容美发店,109.11347687075798,34.29749564038125,灞桥区,109.118647,34.296256
B0FFKGX7IC,宇航影像馆,生活服务;摄影冲印店;摄影冲印,109.12037978578608,34.308532981214945,灞桥区,109.125549,34.307293
B0KR4S42ZF,昌洁地面美容院,生活服务;生活服务场所;生活服务场所,109.10283604349974,34.32491474861703,灞桥区,109.108007,34.323692
B0MAB7T9GQ,菜鸟驿站,生活服务;物流速递;物流速递,109.08618358981757,34.29902541016509,灞桥区,109.091338,34.297788
B0LU4DSBAK,玫莉蔻面部护理(灞桥洪庆店),生活服务;美容美发店;美容美发店,109.11277248580184,34.312551464829575,灞桥区,109.117944,34.311319
B0MANUR2HY,菜鸟驿站,生活服务;物流速递;物流速递,109.10010565042326,34.32174886645125,灞桥区,109.105275,34.320525
B0HBTH2JDI,御泉足道SPA馆,生活服务;洗浴推拿场所;洗浴推拿场所,109.11230786560895,34.30784832344173,灞桥区,109.117479,34.306614
B0FFH1ICHF,西蓝集团客服中心,生活服务;生活服务场所;生活服务场所,109.10704114361666,34.32038305930972,灞桥区,109.112213,34.319157
B0FFFFX2BA,美轩造型(西安灞桥区),生活服务;美容美发店;美容美发店,109.11226645731097,34.2896233273884,灞桥区,109.117436,34.288381
B0M6RAZ2VU,百步印社24H自助打印(保利熙岸林语东门大堂内),生活服务;生活服务场所;生活服务场所,109.09628666187456,34.28177164796776,灞桥区,109.10145,34.28053
B0FFHOCWBP,图创广源广告,生活服务;生活服务场所;生活服务场所,109.11430995353284,34.28637599035757,灞桥区,109.119479,34.285131
B0J1RZK8IX,中国移动,生活服务;电讯营业厅;中国移动营业厅,109.1122778052772,34.29708709238042,灞桥区,109.117448,34.295848
B0GRO16S4U,民生驿站,生活服务;生活服务场所;生活服务场所,109.0939524413421,34.283388299208696,灞桥区,109.099114,34.282147
B0GRN58PJ7,正章干洗(长平路店),生活服务;洗衣店;洗衣店,109.12415602922148,34.31627305951014,灞桥区,109.129324,34.315033
B0L2SZ5AKD,灞桥仕胜水站,生活服务;生活服务场所;生活服务场所,109.11101833665856,34.27920405131154,灞桥区,109.116187,34.277958
B001D09P41,中国福利彩票(洪庆街店),生活服务;彩票彩券销售点;彩票彩券销售点,109.11233500933606,34.29479112972714,灞桥区,109.117505,34.293551
B0FFJAL0JG,创艺美发(洪庆广场B座店),生活服务;美容美发店;美容美发店,109.11230316897746,34.315805694476445,灞桥区,109.117475,34.314575
B0LRH19HNN,予见美发,生活服务;美容美发店;美容美发店,109.11275227784508,34.31490937287583,灞桥区,109.117924,34.313678
B0HGPRVY6W,尚水玉足(洪庆街店),生活服务;洗浴推拿场所;洗浴推拿场所,109.11237254141376,34.300166791641686,灞桥区,109.117543,34.298929
B0LGZSS43A,艺梵美悦美容产后恢复店,生活服务;美容美发店;美容美发店,109.11212317604422,34.315616677023755,灞桥区,109.117295,34.314386
B0H1RU8Y9A,洪庆驿,生活服务;生活服务场所;生活服务场所,109.10702180072032,34.27861149374517,灞桥区,109.11219,34.277367
B0I16CUUMQ,顺丰速运(西安运输中转部),生活服务;物流速递;物流速递,108.88262451642656,34.3657930535472,未央区,108.887217,34.364225
B0FFJ4FNLP,西安聚盟公路港,生活服务;物流速递;物流仓储场地,108.85300403462595,34.354504720845085,未央区,108.857623,34.352968
B001D0VPTK,六村堡物流中心,生活服务;物流速递;物流速递,108.85501704764415,34.351472511333505,未央区,108.859633,34.349931
B0L26UFFRC,优阳物流园,生活服务;物流速递;物流速递,108.8866522697483,34.35641371907035,未央区,108.891243,34.354838
B0IDK5HCUB,陕西云聚物流有限公司,生活服务;物流速递;物流速递,108.88042961677756,34.36629799060233,未央区,108.885023,34.364732
B0LAAUFW3N,旺达物流园,生活服务;物流速递;物流仓储场地,108.87779915525596,34.355741045055126,未央区,108.882393,34.354172
B001D0VZOS,招商局物流集团西安有限公司,生活服务;物流速递;物流速递,108.88363754949108,34.36938594202636,未央区,108.88823,34.367819
B0FFMB8EZ2,四季安物流陕西总部,生活服务;生活服务场所;生活服务场所,108.84714524021064,34.33235874671413,未央区,108.851771,34.330821
B0HRV97TJO,陕西新华发行集团西北出版物物流配送中心,生活服务;物流速递;物流速递,108.85367549230864,34.36040780049147,未央区,108.858294,34.358873
B0FFI189LH,建通国际物流,生活服务;生活服务场所;生活服务场所,108.85973649973307,34.33430627190998,未央区,108.864345,34.332749
B0K6DAAAJK,顺丰速运(草滩九路店),生活服务;物流速递;物流速递,108.87966737835175,34.36492703897646,未央区,108.884261,34.363361
B0LG3Z1IXF,西安八通物流,生活服务;物流速递;物流速递,108.89278074003133,34.32593975809494,未央区,108.897369,34.324346
B0K1P47B1I,超翔汽车充电站(超翔快充站西安丰产路),生活服务;生活服务场所;生活服务场所,108.89331017659434,34.34430907153457,未央区,108.8979,34.342724
B0K157YRL3,田大花现炒串串香,生活服务;生活服务场所;生活服务场所,108.89812745297483,34.36019828142663,未央区,108.90272,34.35862
B0FFHX26KT,金驹国际物流园,生活服务;物流速递;物流仓储场地,108.86079484761378,34.333371288372106,未央区,108.865402,34.331812
B0LUH5K5VV,渭水机车驿站,生活服务;生活服务场所;生活服务场所,108.865321871267,34.34603447132191,未央区,108.869925,34.344475
B0J11ZWJCX,花里有话花艺馆(汉都新苑店),生活服务;生活服务场所;生活服务场所,108.89964177114302,34.359924603091656,未央区,108.904235,34.358346
B0GRLAJOQD,顺丰速运(丰产路速运店),生活服务;物流速递;物流速递,108.85084450086558,34.33539160830131,未央区,108.855465,34.333849
B0IB9HA3O3,中国燃气西北区域经营管理中心,生活服务;生活服务场所;生活服务场所,108.89201830402033,34.3574549674405,未央区,108.896609,34.355877
B0J2R5R8DX,大华南物流,生活服务;物流速递;物流速递,108.8528848442788,34.35479337895295,未央区,108.857504,34.353257
B0FFKP42D4,西安蒙通物流有限公司,生活服务;物流速递;物流速递,108.85371413455756,34.35311858130012,未央区,108.858332,34.35158
B0FFIJPA73,中国联运西安集装箱中转站,生活服务;物流速递;物流速递,108.8574561872941,34.35238588570153,未央区,108.862069,34.350841
B0JAAZJ8Q9,秦鼎物流西安分公司,生活服务;物流速递;物流速递,108.87942016183614,34.366142185205504,未央区,108.884014,34.364577
B0I1MU9RVR,24小时手机电脑·上门维修,生活服务;维修站点;维修站点,108.8996020165116,34.34470527912912,未央区,108.904194,34.343119
B0G3MSUUA3,华羿微电子股份有限公司接待室,生活服务;生活服务场所;生活服务场所,108.85385936133564,34.365172632631406,未央区,108.858478,34.36364
B0HGBSQGZN,顺丰速运(草滩十路店),生活服务;物流速递;物流速递,108.84654964253856,34.36557408651488,未央区,108.851179,34.364054
B0HA6M8EGJ,中国移动(草滩六路营业厅).手机电脑维修,生活服务;电讯营业厅;中国移动营业厅,108.87887777534324,34.36759193573708,未央区,108.883472,34.366028
B0FFJYNUC9,菜鸟驿站(中心小区店),生活服务;物流速递;物流速递,108.86450744214363,34.3655224477114,未央区,108.869113,34.363974
B0L03SDASB,陕西鸿飞物流有限公司,生活服务;生活服务场所;生活服务场所,108.85374618595918,34.35303067779158,未央区,108.858364,34.351492
B0LBZSJJDR,西安鑫蒙物流有限公司,生活服务;物流速递;物流速递,108.87821134308832,34.35620819750477,未央区,108.882805,34.354639
B0J1O7KTD3,中通快递(草滩分部),生活服务;物流速递;物流速递,108.85030136609276,34.36440214320451,未央区,108.854925,34.362875
B0I3SRXLSR,菜鸟驿站(西安唐家村233号店),生活服务;物流速递;物流速递,108.86968909886586,34.34572223812221,未央区,108.874288,34.344157
B0KD5APZ6L,回收出售出租二手空调,生活服务;生活服务场所;生活服务场所,108.88504390409156,34.33227860432202,未央区,108.889633,34.330692
B0FFJGDDX2,菜鸟驿站(创新花园店),生活服务;物流速递;物流速递,108.85623462973544,34.3643768406778,未央区,108.86085,34.36284
B0FFH5QKAW,康洁大众洗浴,生活服务;洗浴推拿场所;洗浴推拿场所,108.87374665787864,34.34206773791467,未央区,108.878342,34.340496
B0FFLJPKW0,菜鸟驿站(渭水校区长安大学店),生活服务;物流速递;物流速递,108.89237225263156,34.36998660784487,未央区,108.896964,34.368415
B0LD4723X6,华源中源物流,生活服务;物流速递;物流速递,108.87946708301304,34.35498397212691,未央区,108.88406,34.353413
B0G04B7QLX,一统物流B区,生活服务;物流速递;物流速递,108.8550180493188,34.35146851494643,未央区,108.859634,34.349927
B0FFL8JX2H,明亨物流(六村堡营业部),生活服务;物流速递;物流速递,108.85932167538893,34.33823074817613,未央区,108.863931,34.336676
B0HUDCKIUR,西安鑫河西物流有限公司,生活服务;物流速递;物流速递,108.87765215855912,34.354679443888884,未央区,108.882246,34.35311
B0H19CL75A,上海博阳物流,生活服务;物流速递;物流速递,108.85863900655002,34.348420688998885,未央区,108.86325,34.346872
B0FFLIPNUR,陕西昌玲华物流(新疆乌鲁木齐专线),生活服务;物流速递;物流速递,108.85265361223664,34.353642582392546,未央区,108.857273,34.352106
B0H651QDCR,菜鸟驿站(汉都新苑店),生活服务;物流速递;物流速递,108.90071592202828,34.36335589993552,未央区,108.90531,34.361779
B0FFIMZHCC,天天快递(有限公司西安分公司),生活服务;物流速递;物流仓储场地,108.84649110996742,34.333950840559666,未央区,108.851118,34.332415
B0KBRMNQR5,顺成豫路通物流,生活服务;物流速递;物流速递,108.85259439113162,34.35534662058161,未央区,108.857214,34.353811
B0JBZUNLN0,陕西永泰物流有限公司成都专线,生活服务;物流速递;物流速递,108.85422281853482,34.353318304113834,未央区,108.85884,34.351779
B0FFLJ37IM,陕西硕峰汽车运输有限公司,生活服务;物流速递;物流速递,108.85879832197418,34.33457673070243,未央区,108.863408,34.333021
B0FFLI0V8Q,开锁换锁配钥匙,生活服务;生活服务场所;生活服务场所,108.86039096758262,34.36310883892161,未央区,108.865001,34.361565
B0I0YAX0ZZ,西安鸿宇物流有限公司,生活服务;生活服务场所;生活服务场所,108.86142560658664,34.33316230905947,未央区,108.866032,34.331602
B0HG61E3N7,菜鸟驿站(西安惠东社区店),生活服务;物流速递;物流速递,108.90029782440162,34.35501016194941,未央区,108.904891,34.353429
B0JBZ7NM7H,陕西名飞物流有限公司,生活服务;物流速递;物流速递,108.8535138968748,34.35262750371275,未央区,108.858132,34.351089
B0K6ASOXEN,申通快递(经开公司),生活服务;物流速递;物流速递,108.90358545091156,34.346466411776234,未央区,108.90818,34.344881
B0KD2Z07CU,西安芮雨供应链产业园,生活服务;生活服务场所;生活服务场所,108.84667239558362,34.33386120042457,未央区,108.851299,34.332325
B0MGCRFR3H,西安璟恒二手厨具回收,生活服务;生活服务场所;生活服务场所,108.8911426497116,34.35412728673176,未央区,108.895733,34.352548
B0L2SS5HIJ,孟鼎脚手架钢管架租赁搭建,生活服务;生活服务场所;生活服务场所,108.87304524543238,34.340754608962186,未央区,108.877641,34.339183
B0LG7R6N7U,西安鑫川物流有限公司,生活服务;物流速递;物流速递,108.88223916600688,34.35604777232773,未央区,108.886831,34.354475
B0IAGH7DAQ,顺心捷达(西安绕城高速店),生活服务;物流速递;物流速递,108.89288433806256,34.35560424997356,未央区,108.897475,34.354025
B0FFMEEP9D,西安海鑫达危险品运输有限公司,公司企业;公司;公司|生活服务;物流速递;物流速递,108.8588845248282,34.33339143251938,未央区,108.863494,34.331835
B0J245GP84,中国联通(汉都新苑营业厅),生活服务;电讯营业厅;中国联通营业厅,108.89672198627058,34.360351946284524,未央区,108.901314,34.358774
B0L17Z7OL9,司机之家(未央区六村堡街道一统物流),生活服务;物流速递;物流速递,108.8524693890783,34.35318850871749,未央区,108.857089,34.351652
B0IAZ5UCGZ,宇鑫物流(汉都新苑店),生活服务;生活服务场所;生活服务场所,108.89535053014878,34.35898031996032,未央区,108.899942,34.357402
B0LGRUBXU7,西安兰宝物流,生活服务;物流速递;物流速递,108.87760606485142,34.35552097212356,未央区,108.8822,34.353952
B0FFM8YVUG,金创图文快印(智巢未来港店),生活服务;生活服务场所;生活服务场所,108.85013375603684,34.368912503487905,未央区,108.854758,34.367388
B0FFMAFRXX,菜鸟驿站(汉都新苑B区店),生活服务;物流速递;物流速递,108.90038122814164,34.36185266190196,未央区,108.904975,34.360275
B0FFLJNDQE,菜鸟驿站(汉都新苑店),生活服务;物流速递;物流速递,108.8969828765893,34.360552896765554,未央区,108.901575,34.358975
B0KRZRALDC,中国外运(尚苑路店),生活服务;物流速递;物流速递,108.88385648212036,34.3710102473571,未央区,108.888449,34.369444
B0LUOHI0VC,小张院内回收废品,生活服务;生活服务场所;生活服务场所,108.86795659796444,34.36949492671466,未央区,108.872559,34.367944
B0LGO57B65,李想大虾(汉都新苑店),生活服务;生活服务场所;生活服务场所,108.89790549667865,34.36081093122013,未央区,108.902498,34.359233
B0LANMLUNP,收废品铁铜铝,生活服务;生活服务场所;生活服务场所,108.8803238297114,34.32578702916165,未央区,108.884914,34.324201
B0LGTCW6PG,星火燎原物流,生活服务;物流速递;物流速递,108.87714385897816,34.354782899292466,未央区,108.881738,34.353214
B0LU2LRIOM,小相快速上门维修摩托电动车(未央区丰产路店),生活服务;生活服务场所;生活服务场所,108.84766487315306,34.33430171311158,未央区,108.85229,34.332764
B0H0OAYBO3,中国联通(长安大学渭水校区营业厅),生活服务;电讯营业厅;中国联通营业厅,108.8944457582131,34.37145756087809,未央区,108.899038,34.369886
B0J15ATJAG,高价回 收电脑打印机线路板手机数码相机,生活服务;生活服务场所;生活服务场所,108.86921304402624,34.34113291885627,未央区,108.873812,34.339566
B0HKMC8K4W,中国电信智慧家庭服务中心,生活服务;电讯营业厅;中国电信营业厅,108.90161326223674,34.365023052387286,未央区,108.906208,34.363447
B0FFK7XJD2,西安德鸿物流有限责任公司,生活服务;物流速递;物流速递,108.85840867907704,34.33650220698396,未央区,108.863019,34.334948
B0LKZSEB6R,熙露山泉蚂蚁送水汉城水站,生活服务;生活服务场所;生活服务场所,108.9027487479619,34.33755285229474,未央区,108.907342,34.335963
B0FFGFQLJN,西安力通冷藏运输有限责任公司,生活服务;物流速递;物流速递,108.8598918539511,34.3322554902385,未央区,108.8645,34.330697
B0JRAUP5ZO,云水谣SPA生活馆,生活服务;生活服务场所;生活服务场所,108.89841014431072,34.36251312856036,未央区,108.903003,34.360936
B0JU9RFPNY,西安起升脚手围挡租赁批发,生活服务;生活服务场所;生活服务场所,108.89662508719816,34.33466673374084,未央区,108.901215,34.333076
B0FFGAKBY3,大众温泉浴池(楼阁台店),生活服务;洗浴推拿场所;洗浴推拿场所,108.89711811250932,34.344579988320056,未央区,108.901709,34.342994
B0LRPHQXK4,顺丰速运(楼阁台村店),生活服务;生活服务场所;生活服务场所,108.89398006108416,34.34413638598703,未央区,108.89857,34.342551
B0FFHQ6GOH,菜鸟驿站(西安石化大道施家寨门楼向北200米),生活服务;物流速递;物流速递,108.87724415500784,34.326973637354584,未央区,108.881836,34.325391
B0I3VZE7GW,西安华顺达运输有限责任公司,生活服务;物流速递;物流速递,108.87141593080467,34.35361634237225,未央区,108.876014,34.352053
B0FFIW4MSZ,西安箱盒汇包装设计公司,公司企业;公司;广告装饰|生活服务;生活服务场所;生活服务场所,108.87909294014096,34.36689349746013,未央区,108.883687,34.365329
B0I1DCOS3R,楼阁台再生资源回收公司,生活服务;生活服务场所;生活服务场所,108.8944851997214,34.34101208515406,未央区,108.899075,34.339425
B0IAJSTC9U,印之卿图文快印广告草滩八路店,生活服务;生活服务场所;生活服务场所,108.86115680006274,34.36406046893951,未央区,108.865766,34.362516
B0GUS7NTEK,吊篮爬架检测服务站,公司企业;公司;公司|生活服务;生活服务场所;生活服务场所,108.8785980049058,34.325670539329295,未央区,108.883189,34.324086
B0LKZCF29A,中国体育彩票(中国电子店),生活服务;彩票彩券销售点;彩票彩券销售点,108.84825914448597,34.36678042210451,未央区,108.852886,34.365258
B0FFL4E2IR,弹棉花做被子,生活服务;生活服务场所;生活服务场所,108.90275214584288,34.345004193801394,未央区,108.907346,34.343418
B0IRFS7YV8,再生资源废旧物资回收站,生活服务;生活服务场所;生活服务场所,108.85384772430244,34.33571241036199,未央区,108.858464,34.334165
B0FFHEELA3,高价回收废品,生活服务;生活服务场所;生活服务场所,108.85978222600608,34.32598631184213,未央区,108.86439,34.324425
B0LUTS6NBZ,奇幻世界儿童戏水园,生活服务;婴儿服务场所;婴儿服务场所,108.90502679227806,34.3411518680782,未央区,108.909622,34.339564
B0FFGC27BN,玉良手机电脑打印机维修(草滩八路农贸市场店),生活服务;生活服务场所;生活服务场所,108.8603879148804,34.36371651938775,未央区,108.864998,34.362173
B0KURZSJ07,方之圆物流(邓六路店),生活服务;物流速递;物流速递,108.85980704377393,34.328622099639496,未央区,108.864415,34.327062
B001D0907F,长安大学渭水校区学生浴室(问远路),生活服务;洗浴推拿场所;洗浴推拿场所,108.89439576945286,34.371462542774466,未央区,108.898988,34.369891
B0H02SE2K8,收售托盘,生活服务;生活服务场所;生活服务场所,108.88578951810486,34.32660281091077,未央区,108.890378,34.325013
B0L3TD7KHI,菜鸟驿站中官亭村店,生活服务;物流速递;物流速递,108.8839550578054,34.33935440651042,未央区,108.888545,34.337772
B0FFH26Q44,西安市业成发电机租赁有限公司,生活服务;生活服务场所;生活服务场所,108.86011762031124,34.32613673961494,未央区,108.864725,34.324575
B0FFMG1Q33,小何精修电动车(草滩八路农贸市场店),生活服务;维修站点;维修站点,108.86141413102528,34.3636950328515,未央区,108.866023,34.36215
B0JB161SW7,韵达快递,生活服务;物流速递;物流速递,108.89774428520444,34.35183647772462,未央区,108.902336,34.350254
B0KRYOQQ4D,北区分所自取点,生活服务;生活服务场所;生活服务场所,108.85027592470476,34.36940048716481,未央区,108.8549,34.367876
B0LUNC7Q7A,围挡升降机脚 手架异型架建材租赁,生活服务;生活服务场所;生活服务场所,108.867879521179,34.36954080443133,未央区,108.872482,34.36799
B0IUPNX1MN,菜鸟驿站(西安高庙村店),生活服务;物流速递;物流速递,108.88779615227295,34.34722703790656,未央区,108.892386,34.345646
B0HK952AE8,中国体育彩票(汉都新苑店),生活服务;彩票彩券销售点;彩票彩券销售点,108.9026145879026,34.36548479088563,未央区,108.90721,34.363909
B0JD2DMIMT,楼阁台驿收发快递驿站,生活服务;物流速递;物流速递,108.89845166998327,34.34333482616591,未央区,108.903043,34.341748
B0LR2S4HHU,中国福利彩票(草滩六路店),生活服务;彩票彩券销售点;彩票彩券销售点,108.87888677976454,34.367593942932366,未央区,108.883481,34.36603
B0MBY75440,西安宇航物流有限公司,生活服务;物流速递;物流速递,108.86149064631428,34.33361018781073,未央区,108.866097,34.33205
B0MBAXAI1N,旺达物流C区,生活服务;物流速递;物流速递|商务住宅;商务住宅相关;商务住宅相关,108.87883159311176,34.35714429609317,未央区,108.883425,34.355575
B0H19CLO5N,沙子水泥红砖白灰加气块脚.手架垃圾清运,生活服务;生活服务场所;生活服务场所,108.87338938261075,34.34223926137552,未央区,108.877985,34.340668
B0HBTS2BD1,废品回收站,生活服务;生活服务场所;生活服务场所,108.90069679008366,34.327860517558435,未央区,108.905288,34.326266
B0ID5AJMNQ,中国联通就近手机维修(崇德路店),生活服务;维修站点;维修站点,108.90074884038351,34.364139494647326,未央区,108.905343,34.362563
B0JAU1FDHM,专业铝焊,生活服务;生活服务场所;生活服务场所,108.85993933164552,34.32704304602272,未央区,108.864547,34.325482
B0JK19IJSM,西安亚亨物流有限公司,生活服务;物流速递;物流速递,108.8614685016986,34.335084444445094,未央区,108.866075,34.333525
B0LGOD5AU5,富成景观防腐木铝合金,生活服务;生活服务场所;生活服务场所,108.8638895191933,34.35631034280459,未央区,108.868495,34.354758
B0L3M5JWTF,中国移动(金半山通讯),生活服务;电讯营业厅;中国移动营业厅,108.8824836787618,34.32588576321224,未央区,108.887073,34.324298
B0J1XCQB9O,手机维修(特价手机专卖),生活服务;维修站点;维修站点,108.89963877225397,34.35992960026235,未央区,108.904232,34.358351
B0HUDOKJAP,菜鸟驿站(汉都新苑店),生活服务;物流速递;物流速递,108.8950675270317,34.35997972854964,未央区,108.899659,34.358402
B0FFJC6GS4,菜鸟驿站(西安惠西村185号店),生活服务;物流速递;物流速递,108.89756636060048,34.35178447326501,未央区,108.902158,34.350202
B0JU3R1PLS,专业维修导航主机功放(汉都新苑C区店),生活服务;维修站点;维修站点,108.89397372224488,34.36078797867422,未央区,108.898565,34.359211
B0JBNX1SXC,菜鸟驿站(东西二巷店),生活服务;物流速递;物流速递,108.8963843690746,34.344610818250665,未央区,108.900975,34.343025
B0JBHC0K5V,西安创佳物流有限公司,生活服务;物流速递;物流速递,108.85376821550337,34.35304170798581,未央区,108.858386,34.351503
B0MGO7W1BY,西北亿纬锂能品牌服务中心,生活服务;生活服务场所;生活服务场所,108.87651621957116,34.37048415454155,未央区,108.881112,34.368924
B0J1U98FB2,佳胜二手空调服务中心,生活服务;生活服务场所;生活服务场所,108.87493335055956,34.34379016111903,未央区,108.879528,34.342218
B0HDP5KA9L,古城车行,生活服务;维修站点;维修站点,108.90418312725734,34.345059051376666,未央区,108.908778,34.343473
B0J0TATAX5,西安围挡护栏租赁批发,购物服务;购物相关场所;购物相关场所|生活服务;生活服务场所;生活服务场所,108.898561018437,34.325968227109605,未央区,108.903151,34.324373
B0FFL7IOPI,顺达断桥门窗,购物服务;家居建材市场;建材五金市场|生活服务;生活服务场所;生活服务场所,108.86070622671956,34.33976805482389,未央区,108.865314,34.338212
B0JGRA7Z5A,西安哈夫节管道抢修器,生活服务;生活服务场所;生活服务场所,108.88353491946454,34.32712498101822,未央区,108.888124,34.325537
B0G0FLC9SZ,熙露山泉水站(汉城街道店),生活服务;生活服务场所;生活服务场所,108.90357849861913,34.345935676153054,未央区,108.908173,34.34435
B0HRVXF017,西安中燃六村堡客户服务中心,生活服务;生活服务场所;生活服务场所,108.87981460119188,34.32573760780684,未央区,108.884405,34.324152
B0HDDDAOIF,优印堂图文广告印务中心(草滩十路店),生活服务;生活服务场所;生活服务场所,108.84744661939222,34.37044409502941,未央区,108.852075,34.368925
B0J2UNUK00,菜鸟驿站(西安铁锁村俊缘百货店),生活服务;物流速递;物流速递,108.84786573051596,34.327451336537614,未央区,108.85249,34.32591
B0JG9RD4X0,西安市大秦物资租赁站,生活服务;生活服务场所;生活服务场所,108.88343535224752,34.33380571472712,未央区,108.888025,34.332221
B0MGMRAYNY,创印图文广告,生活服务;生活服务场所;生活服务场所,108.87066729183772,34.34140554845222,未央区,108.875265,34.339837
B0FFL9CUYE,中国体育彩票(丰产路店),生活服务;彩票彩券销售点;彩票彩券销售点,108.90194568643751,34.3447873264824,未央区,108.906539,34.343201
B0GR1SX3VK,永恒二保焊加工,生活服务;生活服务场所;生活服务场所,108.89227035120688,34.34407479492581,未央区,108.89686,34.34249
B0K0SHZS8B,美达达足浴,生活服务;洗浴推拿场所;洗浴推拿场所,108.90378044663818,34.3447752335501,未央区,108.908375,34.343189
B0H2ZCAEAW,鼎利再生资源回收站,生活服务;生活服务场所;生活服务场所,108.86055104208438,34.339764828166146,未央区,108.865159,34.338209
B0FFKCKSG8,菜鸟驿站(西安交通大学城市学院店),生活服务;物流速递;物流速递,108.85494228041672,34.37210073973953,未央区,108.85956,34.37057
B0L6U5XGLO,水悦澜庭沐足SPA(六村堡店),生活服务;生活服务场所;生活服务场所,108.8559966063144,34.335994711862426,未央区,108.86061,34.334444
B0FFKU01A5,鑫启点锁业,生活服务;维修站点;维修站点,108.8741440551767,34.32824185352025,未央区,108.878738,34.326663
B0GD5U4XWL,菜鸟驿站(北宫东路店),生活服务;物流速递;物流速递,108.86838808572622,34.33123368819654,未央区,108.872987,34.329663
B0L6OZ6B1S,中国福利彩票,生活服务;彩票彩券销售点;彩票彩券销售点,108.8976057112122,34.35965647475677,未央区,108.902198,34.358078
B0MBPC1S11,寿衣花圈店(安怀生命礼仪店),生活服务;丧葬设施;丧葬设施,108.86038793192058,34.36350562879285,未央区,108.864998,34.361962
B0KDJ7C0Z0,维华正脊推拿,生活服务;洗浴推拿场所;洗浴推拿场所,108.87903282549937,34.34309952835721,未央区,108.883625,34.341523
B0JK7RQOB0,静心养生(郑谭路店),生活服务;洗浴推拿场所;洗浴推拿场所,108.8547127175914,34.338069661239885,未央区,108.859328,34.336522
B0HRVR166F,专业电焊二保焊铝焊,生活服务;维修站点;维修站点,108.85989317860964,34.32824740605072,未央区,108.864501,34.326687
B0FFG7RIER,经典造型(中心小区店),生活服务;美容美发店;美容美发店,108.86627398247816,34.36914292998189,未央区,108.870878,34.367594
B0HA45S4SI,西北冷藏车应急维修中心,汽车维修;货车维修;货车维修|生活服务;维修站点;维修站点|汽车服务;汽车服务相关;汽车服务相关,108.86406901788136,34.3401336712666,未央区,108.868673,34.338573
B001D13HDK,西安市金蓓蕾幼儿园,科教文化服务;学校;幼儿园|生活服务;生活服务场所;生活服务场所,108.8807636883242,34.342360414586366,未央区,108.885355,34.340782
B0GD5U4IU6,菜鸟驿站(石化大道店),生活服务;物流速递;物流速递,108.88048489489212,34.325861132865164,未央区,108.885075,34.324275
B0LKZCF29B,中国福利彩票(中国电子店),生活服务;彩票彩券销售点;彩票彩券销售点,108.8482421155558,34.36682137138542,未央区,108.852869,34.365299
B0FFLJ98RP,菜鸟驿站(汉都新苑店),生活服务;物流速递;物流速递,108.9009810292082,34.36015356261622,未央区,108.905575,34.358575
B0JGCAJDY6,西安泽煜物流有限公司,生活服务;物流速递;物流速递,108.85377110373284,34.35447498697312,未央区,108.858389,34.352937
B0HBRY60QO,中国福利彩票(草滩八路购物广场店),生活服务;彩票彩券销售点;彩票彩券销售点,108.86112279645106,34.363609653307904,未央区,108.865732,34.362065
B0HUJH1IQ4,建筑材料租凭站,生活服务;生活服务场所;生活服务场所,108.87880864490404,34.34393091291048,未央区,108.883401,34.342355
B0K6KSZNKC,中国茶叶.好先生城市会客厅,生活服务;生活服务场所;生活服务场所,108.85578180027372,34.36722364210666,未央区,108.860398,34.365689
B0FFJ5MS89,老牛建筑设备租赁,生活服务;生活服务场所;生活服务场所,108.88068357422836,34.34335285738388,未央区,108.885275,34.341775
B0KD0S37WF,易邮驿站,生活服务;物流速递;物流速递,108.88193442975988,34.33895605095832,未央区,108.886525,34.337375
B0J0NUDZA3,修售自行车,生活服务;维修站点;维修站点,108.9014239978754,34.344892275642614,未央区,108.906017,34.343306
B0L1TS2YBI,运满满-西安未央服务中心,生活服务;生活服务场所;生活服务场所,108.85890958635608,34.33301465167922,未央区,108.863519,34.331458
B0JGVU77C3,社区生活汗蒸养生美容馆(汉都新苑A区店),生活服务;美容美发店;美容美发店,108.90229796299543,34.3634018848798,未央区,108.906893,34.361825
B0M6PAL5CB,好想来省钱超市(西安未央区汉都新苑C区店),生活服务;生活服务场所;生活服务场所,108.89720485098128,34.35984830280603,未央区,108.901797,34.35827
B0LBMH1XV3,山东西北物流西安分公司,生活服务;生活服务场所;生活服务场所,108.8768246456838,34.355090429504614,未央区,108.881419,34.353522
B0J3X73O7F,业务服务大厅,生活服务;生活服务场所;生活服务场所,108.85025688270991,34.3695753630202,未央区,108.854881,34.368051
B0LBOS9HYX,自在农场工作室,生活服务;生活服务场所;生活服务场所,108.88988815930568,34.33592071879606,未央区,108.894477,34.334333
B0FFKYL2WY,郁氏推拿按摩养生堂(汉都新苑B区店),生活服务;洗浴推拿场所;洗浴推拿场所,108.90020818701755,34.363521787956536,未央区,108.904802,34.361945
B0HGVZOPGT,长安大学渭水校区师生服务大厅(装修中),生活服务;生活服务场所;生活服务场所,108.90127297392722,34.37113684386571,未央区,108.905868,34.369564
B0KUCCZ3HZ,小皮匠手缝方向盘套,生活服务;生活服务场所;生活服务场所,108.89533333997964,34.3614020695567,未央区,108.899925,34.359825
B0FFL7QNTB,招商办公室,生活服务;生活服务场所;生活服务场所,108.89528525273624,34.350229742486874,未央区,108.899876,34.348647
B0FFL9K73Y,陕西海跃物流危货运输有限公司,生活服务;物流速递;物流速递,108.85869708231282,34.3359828972264,未央区,108.863307,34.334428
B0ID15HY8E,熙露山泉桶装水,生活服务;生活服务场所;生活服务场所,108.84939496294793,34.32813663477671,未央区,108.854017,34.326593
B0LDL9U83O,正志·晟道康养理疗基地,生活服务;美容美发店;美容美发店,108.89354918779978,34.343628491782624,未央区,108.898139,34.342043
B0FFGFR9W4,康健专业按摩,生活服务;洗浴推拿场所;洗浴推拿场所,108.896312384458,34.344716749381206,未央区,108.900903,34.343131
B0FFLCHEEH,合安物流,生活服务;物流速递;物流速递,108.85365692666824,34.35471268089061,未央区,108.858275,34.353175
B0FFL1Z4FD,陕西巡航大件物流有限公司,生活服务;物流速递;物流速递|公司企业;公司;公司,108.85891760986216,34.33284674452993,未央区,108.863527,34.33129
B0FFI26FJY,老牛租赁站,生活服务;生活服务场所;生活服务场所,108.88083263473656,34.34338996550359,未央区,108.885424,34.341812
B0FFI15MG4,陕西宇宏大件工程物流有限公司,生活服务;物流速递;物流速递,108.85894170618616,34.33202317637882,未央区,108.863551,34.330466
B0M6JSD8AK,西安市双生佳荣太货运部,生活服务;物流速递;物流速递,108.8532624913574,34.35331974386244,未央区,108.857881,34.351782
B0FFH68BMN,西安市未央区小马广告部,公司企业;公司;广告装饰|生活服务;洗衣店;洗衣店,108.86003251590098,34.326156603907656,未央区,108.86464,34.324595
B0LRV5JPTZ,陕西赣强物流有限公司,生活服务;物流速递;物流速递,108.87969218946516,34.354999164955295,未央区,108.884285,34.353428
B0GU7RHMKE,宇鑫物流(丰产路店),生活服务;物流速递;物流速递,108.85612673213237,34.33656763920121,未央区,108.86074,34.335017
B0JGP7JOVT,西安铭通物流有限公司,生活服务;物流速递;物流仓储场地,108.85921823555942,34.32970170361857,未央区,108.863827,34.328143
B0KRAA4OHQ,越达GPS检测拆除服务中心,生活服务;生活服务场所;生活服务场所,108.89414509795176,34.35566465714298,未央区,108.898736,34.354085
B0L0C7ZDYL,陕西鑫顺豪物流有限公司,生活服务;物流速递;物流速递,108.85887550014962,34.33355833851889,未央区,108.863485,34.332002
B0M6LH5536,西安分拨中心,生活服务;物流速递;物流速递,108.88043161822284,34.3662909959754,未央区,108.885025,34.364725
B0JK37H6HN,西安鑫宇冠物流,生活服务;物流速递;物流速递,108.85890158592365,34.332896696289744,未央区,108.863511,34.33134
B0KAJD2DA2,惠东村浴池,生活服务;洗浴推拿场所;洗浴推拿场所,108.90017686182112,34.35535098139457,未央区,108.90477,34.35377
B0LBX5IHMK,华中快运,生活服务;物流速递;物流速递,108.8555043432703,34.35591903659141,未央区,108.86012,34.354379
B0GR7DH6OL,韵达快递超市六村堡服务中心(丰产路店),生活服务;物流速递;物流速递,108.84842796841174,34.334986698571896,未央区,108.853052,34.333448
B0L0A9DBWX,壹米滴答(丰产路店),生活服务;物流速递;物流速递,108.90528726158648,34.345154853118125,未央区,108.909883,34.343569
B0I0NRC042,鑫空调安装维修移机,生活服务;维修站点;维修站点,108.89361614234927,34.34403531384581,未央区,108.898206,34.34245
B0JKBGPICI,飞翔电焊部,生活服务;生活服务场所;生活服务场所,108.88028481319174,34.32577600062943,未央区,108.884875,34.32419
B0M61SGA8S,菜鸟驿站,生活服务;物流速递;物流速递,108.8642221975438,34.327541949987896,未央区,108.868825,34.325975
B0FFF01GBR,永志明亨物流,生活服务;物流速递;物流速递,108.96057814016557,34.369307493951176,未央区,108.965301,34.367809
B0FFK83PDE,CityOn熙地港(西安)购物中心-会员中心,生活服务;生活服务场所;生活服务场所,108.9411309275018,34.339934054083706,未央区,108.94579,34.33838
B0J10Z4G79,徐氏搓澡馆(经开店),生活服务;洗浴推拿场所;洗浴推拿场所,108.917868385933,34.35014079428305,未央区,108.922479,34.348563
B0FFMAFCEZ,猩积木儿童体智开发中心,生活服务;婴儿服务场所;婴儿服务场所,108.92059331217966,34.335223998411074,未央区,108.925207,34.333641
B0FFF64XGZ,中国移动(凤城四路营业厅),生活服务;电讯营业厅;中国移动营业厅|购物服务;家电电子卖场;手机销售|公司企业;公司;电信公司,108.94117176155274,34.328309589465235,未央区,108.94583,34.32675
B0FFL3926P,ONLY YOU婚纱摄影,生活服务;摄影冲印店;摄影冲印,108.94840017647029,34.33678898058553,未央区,108.95308,34.335247
B0JK39EVSF,水木和足道·SPA·泰式(凤八汉神店),生活服务;洗浴推拿场所;洗浴推拿场所,108.931906775483,34.341093698730745,未央区,108.936543,34.339526
B0KDDRBONQ,水木和足道·SPA·泰式(凤五赛高金花店),生活服务;洗浴推拿场所;洗浴推拿场所,108.9418327665138,34.33061033947447,未央区,108.946493,34.329053
B0HRVCTFNL,西安秦华天然气(凤城八路营业厅),生活服务;生活服务场所;生活服务场所,108.94615149503517,34.34221875137559,未央区,108.950825,34.340675
B0J1JCWHOD,华为授权服务中心(西安未央国际),生活服务;维修站点;维修站点,108.94159577677304,34.33848595284273,未央区,108.946256,34.336932
B0FFM0NDIN,陕西未央南ETC发行服务站,生活服务;生活服务场所;生活服务场所,108.94382389220112,34.35887076355086,未央区,108.948492,34.357331
B0LDT7R6M2,和子足浴SPA会馆(凤城四路店),生活服务;洗浴推拿场所;洗浴推拿场所,108.92211324498254,34.32909259910813,未央区,108.926729,34.327508
B0FFG7829C,中国电信(徐家湾电信营业厅),生活服务;电讯营业厅;中国电信营业厅,108.96104326712516,34.34757649827158,未央区,108.965766,34.346068
B0FFF4XXIS,咪咪专业脱毛连锁机构(赛高街区店),生活服务;美容美发店;美容美发店,108.94197635197676,34.330843974916405,未央区,108.946637,34.329287
B0HB9ACUGA,七兮轻奢SPA沐足(行政中心店),生活服务;洗浴推拿场所;洗浴推拿场所,108.93150249671302,34.3433721184375,未央区,108.936138,34.341805
B0L1JS8SNC,和子足浴SPA会馆(凤城九路店),生活服务;洗浴推拿场所;洗浴推拿场所,108.92819110689092,34.34937329981753,未央区,108.93282,34.347805
B0LDUSC8LQ,白桦林晓营销中心,生活服务;生活服务场所;生活服务场所,108.93124398776524,34.36907436526126,未央区,108.935881,34.36752
B001D0ZKR9,中国电信(经开营业厅),公司企业;公司;电信公司|生活服务;电讯营业厅;中国电信营业厅,108.94194770744058,34.32744364476668,未央区,108.946608,34.325885
B0LU4AMCLW,兔博士口腔(凤九门诊部),生活服务;生活服务场所;生活服务场所,108.92556047722208,34.34753618549004,未央区,108.930184,34.345964
B0KA7L7B5W,水木和足道·SPA·泰式·糖水铺(凤七大融城店),生活服务;洗浴推拿场所;洗浴推拿场所,108.94397700305332,34.33987199995957,未央区,108.948644,34.338323
B0KK35WYCF,中国电信(经开营业厅),公司企业;公司;电信公司|生活服务;电讯营业厅;中国电信营业厅,108.94200953585816,34.32745652959855,未央区,108.94667,34.325898
B0GRVLSHN4,华为授权服务中心(凤城七路),购物服务;家电电子卖场;手机销售|生活服务;维修站点;维修站点,108.94938801179887,34.338291246834814,未央区,108.954071,34.336752
B0HKPDAKNW,七兮轻奢 SPA 沐足(大融城店),生活服务;洗浴推拿场所;洗浴推拿场所,108.94803611798056,34.338856703253434,未央区,108.952715,34.337315
B0KGP702BD,扬州搓背馆(北郊店),生活服务;洗浴推拿场所;洗浴推拿场所,108.9203979022263,34.33188277234633,未央区,108.925011,34.330298
B0L1YREV3O,泽西岛影院式足道(凤八店),生活服务;洗浴推拿场所;洗浴推拿场所,108.9280858998903,34.342244963919114,未央区,108.932714,34.340673
B0FFL9W55Y,陕西商储凤城七路物流园,生活服务;物流速递;物流仓储场地,108.92718700773084,34.33869674658447,未央区,108.931813,34.337122
B0HGJCK6AF,贝壳签约服务中心(西北国金中心E座店),生活服务;中介机构;中介机构,108.93234759230944,34.3433849731267,未央区,108.936985,34.341819
B001D091GY,中国移动营业厅(未央路店),生活服务;电讯营业厅;中国移动营业厅|公司企业;公司;电信公司|购物服务;家电电子卖场;手机销售,108.94209520362116,34.328632819613176,未央区,108.946756,34.327075
B0JU49GA53,岭秀TOP·SHOW·足浴·SPA,生活服务;洗浴推拿场所;洗浴推拿场所,108.94415696762934,34.3462705120921,未央区,108.948825,34.344725
B0FFM5Z8R7,中国邮政(白桦林居邮政所),生活服务;邮局;邮局,108.9327434871685,34.34586020357614,未央区,108.937382,34.344296
B0LADU8X0X,第叁花期鲜花店,生活服务;生活服务场所;生活服务场所,108.9466694471772,34.33621768027023,未央区,108.951344,34.334672
B0MGJZBJ1U,白桦林龙玺售楼部,生活服务;生活服务场所;生活服务场所,108.94129811554996,34.36889907113772,未央区,108.94596,34.36736
B0FFL84BWZ,步知岛影院式足浴(凤城庭院1期店),生活服务;洗浴推拿场所;洗浴推拿场所,108.94951862144472,34.33810606955955,未央区,108.954202,34.336567
B001D0W0VD,陕西广电网络(凤城六路营业厅),生活服务;电力营业厅;电力营业厅,108.9350309729429,34.33512618926748,未央区,108.939674,34.33356
B0I2HU7387,海涛口腔(天朗门诊),生活服务;生活服务场所;生活服务场所,108.92232382879244,34.342106105901465,未央区,108.926941,34.340528
B0K27C4PR1,联想百应电脑维修(赛高街区店),生活服务;维修站点;维修站点,108.94211994309264,34.330995648685295,未央区,108.946781,34.329439
B0FFGC302U,陕西省物流集团商储物流,生活服务;物流速递;物流速递,108.92731875725792,34.338527678231635,未央区,108.931945,34.336953
B0FFLBCV7V,中国邮政(徐家湾邮政支局),生活服务;邮局;邮局,108.96059435042714,34.34169050146701,未央区,108.965315,34.340178
B0LKJA10MW,千米手机电脑维修回收(西安英皇之都店),生活服务;维修站点;维修站点,108.9395477358606,34.357558926921875,未央区,108.944204,34.356011
B0HUY9T1XR,中国建设银行西安经济技术开发区支行劳动者港湾(工会驿站),金融保险服务;银行;银行|生活服务;生活服务场所;生活服务场所,108.94467190734304,34.34111310223544,未央区,108.949341,34.339566
B0L0L9AWI0,开元水汇,生活服务;洗浴推拿场所;洗浴推拿场所,108.92729849691902,34.342247878991074,未央区,108.931925,34.340675
B0LG6XIVFI,vivo官方客户服务中心(文景路店),生活服务;维修站点;维修站点,108.93233681190657,34.340978172210946,未央区,108.936974,34.339411
B0FFIV64CK,爱可多母婴呵护中心(未央店),生活服务;生活服务场所;生活服务场所,108.92063168248376,34.3422395432152,未央区,108.925246,34.34066
B0I6HU56RV,西安未央百润鼎秀口腔门诊部,生活服务;生活服务场所;生活服务场所,108.9440038959346,34.34024476793346,未央区,108.948671,34.338696
B0K31SLLLZ,金月汇月子会所(未央旗舰店),生活服务;生活服务场所;生活服务场所,108.95542932112184,34.3403622322333,未央区,108.960132,34.338837
B0FFH8LSDL,貂蝉足道(凤城四路店),餐饮服务;中餐厅;四川菜(川菜)|生活服务;洗浴推拿场所;洗浴推拿场所,108.92012562197208,34.32845163754463,未央区,108.924738,34.326865
B0LKL58OKF,vivo官方客户服务中心(未央路赛高店),生活服务;维修站点;维修站点,108.94228253508044,34.33047660863929,未央区,108.946944,34.32892
B0FFHJGQKF,小米授权服务中心(凤城八路店),生活服务;维修站点;维修站点,108.93660256142374,34.341986466524794,未央区,108.94125,34.340426
B0FFFF9UI0,陕西省高速公路电子收费(未央营业厅),生活服务;生活服务场所;生活服务场所,108.94257458031218,34.35680908177899,未央区,108.947239,34.355266
B0L3XR19F0,西安盒马前置仓张千户社区站,生活服务;生活服务场所;生活服务场所,108.94701684346664,34.35542246521631,未央区,108.951694,34.353887
B0J3R92BHP,千米手机电脑维修回收(麟凤尊汇店),生活服务;维修站点;维修站点,108.94942007822856,34.33625816949127,未央区,108.954103,34.334718
B0FFGXURU6,凤城四路营业厅,生活服务;电讯营业厅;中国电信营业厅,108.94194172450092,34.32743665862454,未央区,108.946602,34.325878
B0J157X7N6,时予花艺(凤城六路店),生活服务;生活服务场所;生活服务场所,108.94337613595204,34.33463064754881,未央区,108.948041,34.333078
B0IDL56PML,梵辰婚礼宴会艺术中心,生活服务;生活服务场所;生活服务场所,108.92691439485516,34.32826807737595,未央区,108.931539,34.326688
B0KAZHK5F9,陕西汉城ETC发行服务站,生活服务;生活服务场所;生活服务场所,108.91561823215166,34.36723455254818,未央区,108.920227,34.365664
B0J64A92MQ,北郊摩托城,生活服务;生活服务场所;生活服务场所,108.94825513744956,34.354953250231986,未央区,108.952936,34.35342
B0G0DD948G,福星电焊加工工程部,生活服务;生活服务场所;生活服务场所,108.9064001920161,34.359278521384894,未央区,108.910998,34.3577
B0HDDZ8PYA,久悦里营销中心,生活服务;生活服务场所;生活服务场所,108.92935141344329,34.32804030204257,未央区,108.933981,34.326463
B0H2M52INQ,小岛映画婚纱摄影,生活服务;摄影冲印店;摄影冲印,108.93913831425078,34.32677575533669,未央区,108.943791,34.325212
B0FFKBVZFA,菜鸟驿站(西安三官庙店),生活服务;物流速递;物流速递,108.91220760190927,34.3547278669193,未央区,108.916811,34.353149
B0FFKYYQJN,晟煋广场,公司企业;公司;公司|生活服务;生活服务场所;生活服务场所,108.94884400445925,34.334467209007215,未央区,108.953525,34.332925
B0JUVKYT4Y,城北客运站凤城十路补充售票点(保利·中达广场店),生活服务;售票处;售票处,108.94420913368025,34.354674194168695,未央区,108.948878,34.353133
B0HDX59RWV,巨匠锁业·开锁换锁配钥匙,生活服务;生活服务场所;生活服务场所,108.93744845723197,34.3540201363142,未央区,108.942099,34.352467
B0FFF64XYT,标书王广告∙标书·印刷·门头·文化墙(凤城八路店),生活服务;摄影冲印店;摄影冲印,108.94671881116498,34.34221565437743,未央区,108.951394,34.340673
B0KRKM3S5H,丝滑专业脱毛连锁(未央国际店),生活服务;生活服务场所;生活服务场所,108.94246239288348,34.33837747538631,未央区,108.947125,34.336825
B0L6CS5SYS,快易修电脑组装维修服务中心,生活服务;维修站点;维修站点,108.9166473817877,34.347529953388424,未央区,108.921256,34.34595
B0L1NSW3RJ,WANBONG万邦西服定制(西安店),生活服务;生活服务场所;生活服务场所,108.94178895315544,34.32979680493537,未央区,108.946449,34.328239
B0LBKZEPWH,浪人闲置二手市场,生活服务;生活服务场所;生活服务场所,108.9238000998266,34.33100307745359,未央区,108.928419,34.329421
B0L0YS6UX8,IDO映画婚纱摄影,生活服务;摄影冲印店;摄影冲印,108.93867344831254,34.32773906129322,未央区,108.943325,34.326175
B0I15SUKG9,学府名邸营销中心,生活服务;生活服务场所;生活服务场所,108.93905012410164,34.35657025586832,未央区,108.943705,34.355021
B001D10WIH,长安印记·宴会厅(北郊店),餐饮服务;中餐厅;中餐厅|生活服务;生活服务场所;生活服务场所,108.92374791915287,34.359149177359754,未央区,108.928369,34.357581
B0J0P59HUJ,四季花城功能SPA(经开店),生活服务;洗浴推拿场所;洗浴推拿场所,108.93313584176526,34.354996069108495,未央区,108.937776,34.353437
B0FFKS8KXU,筋骨堂(禧悦里店),生活服务;洗浴推拿场所;洗浴推拿场所,108.9355137223498,34.36075167720358,未央区,108.94016,34.359199
B0KGS7IPE8,优选时计手表维修中心,生活服务;维修站点;维修站点,108.9486711837581,34.33878046532997,未央区,108.953352,34.33724
B0FFGALEOO,陕西存红印刷有限责任公司,公司企业;公司;公司|生活服务;生活服务场所;生活服务场所,108.9064738905821,34.33739943837823,未央区,108.91107,34.33581
B0FFJ43AIL,郑远元专业修脚房(首创·漫香郡店),生活服务;洗浴推拿场所;洗浴推拿场所,108.93875052898407,34.36120237187666,未央区,108.943405,34.359655
B0LKNUPVTS,国内大件物流托运·道骐运输,生活服务;生活服务场所;生活服务场所,108.91774124506529,34.34184800586908,未央区,108.922351,34.340266
B0FFF64X4K,陕西省物流集团(长和国际B座东),生活服务;物流速递;物流速递,108.928423591406,34.33746789966067,未央区,108.933052,34.335894
B0M6GCOU89,趣修侠手机电脑维修回收(长和国际店),生活服务;维修站点;维修站点,108.92605196992989,34.34209634872296,未央区,108.930676,34.340522
B0LRVSJU6Z,陕西君作律师事务所,生活服务;事务所;律师事务所,108.92582181170148,34.34955589463576,未央区,108.930446,34.347985
B0K16SRO4N,奈晚推拿·按摩新养生(熙地港店),生活服务;洗浴推拿场所;洗浴推拿场所,108.93923901842906,34.339477478736605,未央区,108.943893,34.33792
B0KG6DO940,中国移动凤城七路营业厅,购物服务;家电电子卖场;手机销售|生活服务;电讯营业厅;中国移动营业厅,108.9488047584241,34.33896310610624,未央区,108.953486,34.337423
B0FFHJHFPZ,菜鸟驿站(世融·嘉城店),生活服务;物流速递;物流速递,108.9193680066448,34.32629527393284,未央区,108.923979,34.324707
B0K1G7RKHH,转转二手回收(未央汉神购物广场店),生活服务;生活服务场所;生活服务场所,108.93241261236152,34.34131190478844,未央区,108.93705,34.339745
B0FFF5Y76G,安能物流(西安北域网点),生活服务;物流速递;物流速递,108.90544912922486,34.34516782004327,未央区,108.910045,34.343582
B0J1XCSCU9,私享汇足浴SAP(三丰中心思想店),生活服务;洗浴推拿场所;洗浴推拿场所,108.9550060361849,34.33672495776597,未央区,108.959707,34.335197
B0LAGSQLC0,西安升科律师事务所,生活服务;生活服务场所;生活服务场所,108.94491419445497,34.341261575355496,未央区,108.949584,34.339715
B0LU3C9POE,奈晚推拿·按摩新养生(世茂都店),生活服务;洗浴推拿场所;洗浴推拿场所,108.93841297506754,34.354179511951834,未央区,108.943066,34.352628
B0JDVZU1EC,筋骨堂热敷推拿按摩(熙地港店),生活服务;生活服务场所;生活服务场所,108.94098037539968,34.33945055056474,未央区,108.945639,34.337896
B0GR05WRBP,山水庄园·SPA·沐足·洗浴·棋牌·茶秀,生活服务;洗浴推拿场所;洗浴推拿场所,108.94825051394749,34.33825556758681,未央区,108.95293,34.336714
B0FFKRPU0X,筋骨堂热敷推拿(长和国际店),生活服务;美容美发店;美容美发店|生活服务;洗浴推拿场所;洗浴推拿场所,108.92547415989506,34.341136443864805,未央区,108.930097,34.339561
B0I0BUCT6L,雅梦水汇(雅荷四季城店),生活服务;洗浴推拿场所;洗浴推拿场所,108.95348779805973,34.327693656836246,未央区,108.958183,34.326158
B0FFM7WOU4,菜鸟驿站(阿基米德店),生活服务;物流速递;物流速递,108.92913947456196,34.36985063581192,未央区,108.933772,34.368294
B0FFJ5J6ZM,罗曼达(凤城四路店),体育休闲服务;娱乐场所;KTV|体育休闲服务;娱乐场所;棋牌室|生活服务;生活服务场所;生活服务场所,108.92558701123194,34.32793769509897,未央区,108.930209,34.326356
B0HU673YYD,痘黛夫快速祛痘连锁品牌(北郊店),生活服务;美容美发店;美容美发店,108.94855957035608,34.33823795503917,未央区,108.95324,34.336697
B0G09RR2HU,天鹅到家.保姆月嫂育儿嫂(西安家政店),生活服务;生活服务场所;生活服务场所,108.94452746364044,34.33939621264085,未央区,108.949196,34.337848
B0FFFO3OSP,永安寿衣店,生活服务;丧葬设施;丧葬设施,108.95568245733564,34.35272950766791,未央区,108.960387,34.351211
B0H6P4LR3F,顺丰速运(菁华名门店),生活服务;物流速递;物流速递,108.93247912748924,34.33308481200891,未央区,108.937116,34.331514
B0K3RAYE49,联想官方售后服务中心,生活服务;维修站点;维修站点,108.94116407210524,34.3493433379844,未央区,108.945824,34.347794
B0FFGNK5JX,天潮水会(天朗经开中心店)(暂停营业),生活服务;洗浴推拿场所;洗浴推拿场所,108.92563061690792,34.33178181437665,未央区,108.930253,34.330202
B0L2Y7X1I4,奈晚推拿·按摩新养生(汉神购物广场店),生活服务;洗浴推拿场所;洗浴推拿场所,108.93280974405266,34.34081460192249,未央区,108.937448,34.339248
B0I2DR07YJ,兰纳春天·洲SPA,生活服务;美容美发店;美容美发店,108.9405274481874,34.34129242507286,未央区,108.945185,34.339738
B0H0UCMVRU,长安花月子中心,生活服务;生活服务场所;生活服务场所,108.93557320613456,34.34068567403328,未央区,108.940218,34.339123
B0FFHEKCHW,汇通太古城售楼部,生活服务;生活服务场所;生活服务场所,108.9426799990238,34.36033508636802,未央区,108.947345,34.358794
B0IG2C9SQG,咪咪专业脱毛连锁机构(大融城店),生活服务;美容美发店;美容美发店,108.94365994010744,34.339447789565654,未央区,108.948326,34.337898
B0LKS9JNZD,瑶池颜系SPA·木桶浴,生活服务;洗浴推拿场所;洗浴推拿场所,108.95953995889704,34.330966235931,未央区,108.964256,34.329446
B0HGFU6KLV,福奈特洗衣(西安凤城四路兴盛园店),生活服务;洗衣店;洗衣店,108.95930301578537,34.328225107554715,未央区,108.964018,34.326703
B0L6L7VEEQ,西安沐森医疗科技抗衰企业管理有限公司,公司企业;公司;公司|生活服务;美容美发店;美容美发店,108.95040825409232,34.34527770624757,未央区,108.955095,34.343744
B0L0713NXA,名师傅电动车维修连锁凤城八路店,生活服务;生活服务场所;生活服务场所,108.96024730730568,34.34504168510575,未央区,108.964967,34.34353
B0ID2BYQS9,优7影院式沐足(大融城店),生活服务;洗浴推拿场所;洗浴推拿场所,108.94996418386536,34.33870286144588,未央区,108.954649,34.337165
B0FFGPJ9FO,立得广告快印(西安北客站店),生活服务;摄影冲印店;摄影冲印,108.93473152808004,34.361807293186125,未央区,108.939376,34.360254
B0J6A512VC,呷哺呷哺(西安赛高世纪金花),餐饮服务;快餐厅;呷哺呷哺|生活服务;生活服务场所;生活服务场所,108.94164331448172,34.33027083405241,未央区,108.946303,34.328713
B0H3FC9LTN,藤野造型(未央国际店),生活服务;美容美发店;美容美发店,108.9420136414551,34.33831530184452,未央区,108.946675,34.336762
B0G1HZIEUD,洪氏嗨捞·广东猪肚鸡·椰子鸡火锅(熙地港店),生活服务;生活服务场所;生活服务场所,108.94037698477318,34.3396604809646,未央区,108.945034,34.338105
B0I1L4BZZH,雅荷悦来清迈草本SPA会所(风景御园店),生活服务;美容美发店;美容美发店,108.93359496353898,34.34031974331022,未央区,108.938235,34.338754
B0L257CM3D,淳臻SPA沐足,生活服务;洗浴推拿场所;洗浴推拿场所,108.94509940023812,34.332134656976976,未央区,108.949769,34.330584
B0FFK7ZS42,顺丰速运(北经城店),生活服务;物流速递;物流速递,108.9543020685922,34.34049868691004,未央区,108.959001,34.338971
B0LGTBSX0T,中国邮政(明光路店),生活服务;邮局;邮局,108.9254164708554,34.35101559653138,未央区,108.93004,34.349445
B0L0XLLZLS,凤城八路联通营业厅,生活服务;电讯营业厅;中国联通营业厅,108.9484386132531,34.34225223265266,未央区,108.953119,34.340713
B0JGZDENU8,极客修·手机维修.电脑维修.组装回收(文景路店),生活服务;维修站点;维修站点,108.9307482586,34.34220268534,未央区,108.935382,34.340634
B0K0Y9HEKW,菜鸟驿站(中登城市花园五号楼店),生活服务;物流速递;物流速递,108.93811399566526,34.32647456633819,未央区,108.942764,34.324909
B0FFKO1QKA,问道足浴SPA公馆,生活服务;洗浴推拿场所;洗浴推拿场所,108.93367005756858,34.36164790902172,未央区,108.938312,34.360093
B0FFI2FTXB,菜鸟驿站(西安华天慧创店),生活服务;物流速递;物流速递,108.91861150493952,34.334712838948384,未央区,108.923222,34.333128
B0FFG780VI,顺丰速运(凤十二店),生活服务;物流速递;物流速递,108.9124149541127,34.35969822999229,未央区,108.917019,34.358122
B0FFJX6MRH,郑远元专业修脚房(薛家寨店),生活服务;洗浴推拿场所;洗浴推拿场所,108.948104668455,34.354067001024184,未央区,108.952785,34.352533
B0FFL7836V,海底捞外送(浪琴湾店),生活服务;生活服务场所;生活服务场所,108.95649926177438,34.333577095720976,未央区,108.961205,34.332051
B0FFFOKR9O,莎蔓莉莎美容会所(白桦林居店),生活服务;美容美发店;美容美发店,108.93288507775554,34.346895492558055,未央区,108.937524,34.345332
B0KA57B17W,陕西万江律师事务所,生活服务;生活服务场所;生活服务场所,108.94194246783532,34.330568166527094,未央区,108.946603,34.329011
B0FFK7V3S4,菜鸟驿站(西安新北城店),生活服务;物流速递;物流速递,108.91223395250422,34.33759037159114,未央区,108.916836,34.336003
B0HR6C9IGW,陕西言善律师事务所,生活服务;事务所;律师事务所,108.93851982320642,34.34034023550705,未央区,108.943172,34.338782
B0M6Y5QYS9,京东快递西安汉城营业部,生活服务;物流速递;物流速递,108.91102770742158,34.35787878562445,未央区,108.91563,34.356301
B0FFHDCZV1,陕西合恒律师事务所,生活服务;事务所;律师事务所,108.93228295194474,34.340760352525166,未央区,108.93692,34.339193
B0IR7C9B8A,中国移动5G(徐家湾营业厅),生活服务;电讯营业厅;中国移动营业厅,108.96101029527262,34.34866803331586,未央区,108.965733,34.34716
B0L6XDV118,桃醺PeachBar酒吧(未央国际店),生活服务;生活服务场所;生活服务场所,108.94143723372636,34.338201368291145,未央区,108.946097,34.336647
B0KUHRD80W,美妍速配(世纪金花赛高店),生活服务;生活服务场所;生活服务场所,108.94196445889752,34.32993243136485,未央区,108.946625,34.328375
B0FFMBI3TH,SO THAI SPA(万科·金域华府3期店),生活服务;洗浴推拿场所;洗浴推拿场所,108.94680988080206,34.350293461317285,未央区,108.951486,34.348755
B0FFJ0TVZ0,金月汇月子会所(经开店),生活服务;生活服务场所;生活服务场所,108.9260928903962,34.342097303540825,未央区,108.930717,34.340523
B0I337X4MG,小艾熊医美连锁(熙地港院区),生活服务;生活服务场所;生活服务场所,108.939217083864,34.33938056236915,未央区,108.943871,34.337823
B001D08QOU,中国邮政(渭滨街邮政所),生活服务;邮局;邮局,108.96103618932452,34.34883188838785,未央区,108.965759,34.347324
B0L2FH1M2V,小哈快修(凤城五路店)·电动车维修·补胎换胎换电池·租电动车,摩托车服务;摩托车维修;摩托车维修|生活服务;生活服务场所;生活服务场所,108.94536263489928,34.332118167219015,未央区,108.950033,34.330568
B0GRP1LT4D,顺丰速运(凤城八路店),生活服务;物流速递;物流速递,108.916959357073,34.34228134215351,未央区,108.921568,34.340699
B0JRBL7RP3,西安杨居和手表维修店,生活服务;维修站点;维修站点,108.96059837773088,34.35336466985401,未央区,108.96532,34.351858
B0GDJ42RWE,海阔天空(凤城八路),体育休闲服务;娱乐场所;KTV|生活服务;洗浴推拿场所;洗浴推拿场所,108.92747615594418,34.34204377500746,未央区,108.932103,34.340471
B0K2AHZM6B,奈晚推拿·按摩新养生(赛高金花店),生活服务;洗浴推拿场所;洗浴推拿场所,108.94200229560532,34.33065701854079,未央区,108.946663,34.3291
B0GUS7NM3R,金月汇月子会所(凤五轻奢店),生活服务;生活服务场所;生活服务场所,108.92158792165998,34.33185575417035,未央区,108.926203,34.330272
B0LA499AMQ,ETC客服中心,生活服务;生活服务场所;生活服务场所,108.94026822565066,34.34028036224802,未央区,108.944925,34.338725
B0KR7YLGXJ,筋骨堂热敷推拿按摩(世茂都店),生活服务;洗浴推拿场所;洗浴推拿场所,108.93929765802336,34.35431999139545,未央区,108.943953,34.35277
B0FFJCCHTC,郑远元专业修脚房(凤城七路贰号大院店),生活服务;洗浴推拿场所;洗浴推拿场所,108.95223290415358,34.33960763939028,未央区,108.956925,34.338075
B0FFICGVPP,韵达快递(西航中心小区店),生活服务;物流速递;物流速递,108.9603313687118,34.35284557714023,未央区,108.965052,34.351338
B0GKRDA24U,中国电信(凤华路营业厅),生活服务;电讯营业厅;中国电信营业厅,108.9275662490522,34.326283272322435,未央区,108.932192,34.324703
B0L2R5NDBI,天华沐都商务会所,体育休闲服务;娱乐场所;KTV|生活服务;洗浴推拿场所;洗浴推拿场所,108.92575173581078,34.339800800650174,未央区,108.930375,34.338225
B0L0XLLSX9,春雨婚纱摄影(中登广场店),生活服务;摄影冲印店;摄影冲印,108.93937170056392,34.32678836322523,未央区,108.944025,34.325225
B0LU66GCR6,佰艺图文广告(普汇中金店),生活服务;生活服务场所;生活服务场所,108.9331907395445,34.35468814855906,未央区,108.937831,34.353129
B0IU1AW3IF,千屿沐足(凤城八路店),生活服务;洗浴推拿场所;洗浴推拿场所,108.91853301670356,34.34225322207234,未央区,108.923144,34.340672
B0LA3U8S9U,梦野寻花 (鲜花店),生活服务;生活服务场所;生活服务场所,108.94222676896456,34.32950117314082,未央区,108.946888,34.327944
B0ID47PRV4,中国联通(凤城十二路营业厅),生活服务;电讯营业厅;中国联通营业厅,108.93885930670656,34.36045258021058,未央区,108.943514,34.358905
B0M6L55XLE,翰林府售楼部,生活服务;生活服务场所;生活服务场所,108.9261044997638,34.37135436562216,未央区,108.930731,34.369795
B0FFG77ZYG,中通快递(扬善路店),生活服务;物流速递;物流速递,108.90887540099442,34.34038633847084,未央区,108.913474,34.338799
B0H2G7WDC0,西安云海手机电脑快修,生活服务;维修站点;维修站点,108.93794299182754,34.35654506623397,未央区,108.942595,34.354994
B0FFIGRR07,菜鸟驿站(鼎正·中央领郡店),生活服务;物流速递;物流速递,108.92915906547384,34.34970696428567,未央区,108.93379,34.34814
B0FFG77UCZ,三秦通(未央营业厅),生活服务;生活服务场所;生活服务场所,108.94291164398145,34.35673451510058,未央区,108.947577,34.355192
B001D0WHWI,莎蔓莉莎美容会所(兴隆店),生活服务;美容美发店;美容美发店,108.9620778576612,34.33167474180638,未央区,108.966803,34.330161
B0MG41YS1C,京东之家(陕西西安未央汉神购物广场店),生活服务;物流速递;物流速递,108.9320743987043,34.34107748030549,未央区,108.936711,34.33951
B0FFK03CHS,顺丰速运(凤城四路店),生活服务;物流速递;物流速递,108.93141594122356,34.327920713665954,未央区,108.93605,34.326346
B0MGS7MZCR,匠修客手机电脑维修(北苑店),生活服务;维修站点;维修站点,108.93949972755355,34.359219156542984,未央区,108.944156,34.357672
B0L2HRB1TK,奈晚推拿·按摩新养生(珑印台店),生活服务;洗浴推拿场所;洗浴推拿场所,108.9487938570217,34.338165517134094,未央区,108.953475,34.336625
B0FFKDCE3H,菜鸟驿站(西安北玉丰村中巷店),生活服务;物流速递;物流速递,108.91200287886451,34.32947738607506,未央区,108.916604,34.327886
B0HK09B2FF,有度空间,生活服务;生活服务场所;生活服务场所,108.94197177721728,34.35035741784179,未央区,108.946634,34.34881
B0I0GLJD9I,朝与暮沐足·SPA会馆(凤城四路奢享店),生活服务;洗浴推拿场所;洗浴推拿场所,108.92078849328084,34.32899282166192,未央区,108.925402,34.327407
B0KAVHVMHU,玉鼎湘图文广告印刷,生活服务;生活服务场所;生活服务场所,108.93198856696571,34.3413924417531,未央区,108.936625,34.339825
B0K29Z8S7R,海璟·新天地营销中心,生活服务;生活服务场所;生活服务场所,108.9259882334756,34.327999232532896,未央区,108.930611,34.326418
B0JBK7LBNX,中国移动文景路营业厅,生活服务;电讯营业厅;中国移动营业厅|购物服务;家电电子卖场;手机销售,108.93360818747593,34.337176258204785,未央区,108.938248,34.335609
B0FFHDTR74,海璟新天租售中心(海璟·新天地店),生活服务;生活服务场所;生活服务场所,108.92638244600006,34.32824368371839,未央区,108.931006,34.326663
B0FFM1L8XI,思远快速理赔中心,生活服务;生活服务场所;生活服务场所,108.95781336081092,34.33845369452806,未央区,108.962524,34.336933
B0FFK0GCGH,西安瑞达时名表维修中心(熙地港店),生活服务;生活服务场所;生活服务场所,108.94084375875858,34.33928386718653,未央区,108.945502,34.337729
B0GR2DC48Y,兰克快印(凤七店),生活服务;生活服务场所;生活服务场所,108.9373587890181,34.34042005488362,未央区,108.942008,34.33886
B0L3LHQD34,宇鑫物流,生活服务;物流速递;物流速递,108.95998817177994,34.37004152911289,未央区,108.964709,34.368542
B0I1UX31PR,菜鸟驿站(正尚盛世家合南区店),生活服务;物流速递;物流速递,108.96498948942308,34.32818311648204,未央区,108.969725,34.326675
B0FFKEGYIC,菜鸟驿站(扬善路店),生活服务;物流速递;物流速递,108.9075527362462,34.33967007460264,未央区,108.91215,34.338082
B0KDHLKH23,山东助友物流(永志物流店),生活服务;物流速递;物流速递,108.96073958130096,34.36911520423117,未央区,108.965463,34.367617
B0FFJ0R99X,菜鸟驿站(西安中登家园北门店),生活服务;物流速递;物流速递,108.9289247267997,34.33526736203282,未央区,108.933554,34.333693
B0LAPRLS3Q,中国移动(张家堡新区店),生活服务;电讯营业厅;中国移动营业厅,108.95663005956244,34.342823290736405,未央区,108.961337,34.341302
B0FFJ5KCM0,菜鸟驿站(菁华名门店),生活服务;物流速递;物流速递,108.93058521176032,34.334835488548755,未央区,108.935218,34.333263
B0K6XD4B72,中国电信(白桦林居营业厅),生活服务;电讯营业厅;中国电信营业厅,108.92647884804718,34.345663116054034,未央区,108.931104,34.344091
B0FFFZ065X,壹米滴答新北城营业部,购物服务;专卖店;烟酒专卖店|生活服务;物流速递;物流速递,108.91014865770131,34.33322736894247,未央区,108.914748,34.331637
B0K2T7VQZG,米可造型(未央国际店),生活服务;美容美发店;美容美发店,108.94175636184644,34.33816982558964,未央区,108.946417,34.336616
B0FFIBTD4C,莱印图文广告,生活服务;生活服务场所;生活服务场所,108.94403545136537,34.332314554992315,未央区,108.948702,34.330762
B0FFM3L659,skin79皮肤管理中心(熙地港店),生活服务;美容美发店;美容美发店,108.93928490428036,34.3393994409437,未央区,108.943939,34.337842
B0K2LOO2K2,澜庭汇沐足,生活服务;洗浴推拿场所;洗浴推拿场所,108.9203609540748,34.33198775299724,未央区,108.924974,34.330403
B0FFGQ4534,菜鸟驿站(文景小区西区店),生活服务;物流速递;物流速递,108.92102130485628,34.35129869948116,未央区,108.925637,34.349724
B0FFF9Q27E,中国邮政速递物流股份有限公司西安市经开分公司,生活服务;邮局;邮政速递,108.9526650165274,34.34560375456771,未央区,108.957359,34.344075
B0MGAREY9B,优炫手机维修,生活服务;维修站点;维修站点,108.94530558463713,34.334778994272064,未央区,108.949976,34.33323
B001D0901C,中国邮政长庆兴隆小区营业所,生活服务;邮局;邮局,108.94884644143312,34.32901781638258,未央区,108.953527,34.327473
B0KGVHDRPN,雅迪售后服务站(北郊店),生活服务;维修站点;维修站点,108.96493860944592,34.34117697044464,未央区,108.969675,34.339675
B0HRSAPL36,顺丰速运(湖北庄店),生活服务;物流速递;物流速递,108.95866268365114,34.37175677856764,未央区,108.963379,34.370255
B0J1R5MZ4V,朵曼视觉(旺景国际大厦店),生活服务;摄影冲印店;摄影冲印,108.94320944413086,34.336622985734344,未央区,108.947874,34.335071
B0FFK214IZ,诺美荟(熙地港店),生活服务;美容美发店;美容美发店,108.93820069921522,34.33969606713521,未央区,108.942852,34.338137
B0FFLDFXJG,菜鸟驿站(银池·花香丽舍店),生活服务;物流速递;物流速递,108.94523985313056,34.333834574314764,未央区,108.94991,34.332285
B0J6456SVI,ONCE·万思影像婚纱摄影(旭辉中心店),生活服务;摄影冲印店;摄影冲印,108.93826642000224,34.34105029773372,未央区,108.942918,34.339492
B0FFH3ZIA9,24小时补胎换胎电瓶搭电流动补胎,汽车服务;汽车救援;汽车救援|生活服务;生活服务场所;生活服务场所|汽车维修;汽车维修;汽车维修,108.95785921921848,34.338249686944295,未央区,108.96257,34.336729
B0I62CHN5S,菜鸟驿站(长和·上尚郡店),生活服务;物流速递;物流速递,108.92838230917152,34.342008728103465,未央区,108.933011,34.340437
B0L0N7SKNL,西安芊丝Spa足浴按摩会所,生活服务;洗浴推拿场所;洗浴推拿场所,108.96128492048535,34.341271029972134,未央区,108.966008,34.33976
B0JR7DG6AK,一诺前景·记账报税·工商注册·西安第三分公司,生活服务;生活服务场所;生活服务场所,108.92595655324556,34.34953276009256,未央区,108.930581,34.347962
B0FFJ9UABC,菜鸟驿站(荣华·北经城店),生活服务;物流速递;物流速递,108.95432513602483,34.33874049543023,未央区,108.959024,34.337212
B0LB3Z76RC,顺丰速运(旭景崇盛园店),生活服务;物流速递;物流速递,108.92682962133368,34.36462009103785,未央区,108.931457,34.363058
B0FFGJU7PC,马不停蹄家政保洁疏通清洗维修(行政中心店),生活服务;生活服务场所;生活服务场所,108.95062417201808,34.33795085623836,未央区,108.955311,34.336414
B0FFI11OBC,云顶港派足浴(九如御小区西区店),生活服务;洗浴推拿场所;洗浴推拿场所,108.94850144899802,34.354162156846826,未央区,108.953183,34.352629
B0FFJXOPB7,郑远元专业修脚房(风景御园店),生活服务;洗浴推拿场所;洗浴推拿场所,108.93507752556368,34.33925611324448,未央区,108.939721,34.337692
B0JR71LBRR,中国移动(凤城五路营业厅),生活服务;电讯营业厅;中国移动营业厅,108.95764079610238,34.328196033702184,未央区,108.96235,34.32667
B0FFJ0HIF2,雅荷四季城西门菜鸟驿站商铺店,生活服务;物流速递;物流速递,108.95287982600736,34.32716423318298,未央区,108.957573,34.325627
B0L3GAHGYK,长安足记影院式足道(千屿沐足店),生活服务;洗浴推拿场所;洗浴推拿场所,108.91842718528106,34.34216934310634,未央区,108.923038,34.340588
B0FFKZVIPJ,菜鸟驿站(凤城庭院店),生活服务;物流速递;物流速递,108.94969113306676,34.33751400348362,未央区,108.954375,34.335975
B0FFHX6YV4,纯萃专业推拿按摩,生活服务;洗浴推拿场所;洗浴推拿场所,108.94322955265947,34.33459293195706,未央区,108.947894,34.33304
B0KBU7LP36,北京市蓝鹏(西安)律师事务所,生活服务;事务所;律师事务所,108.96041187121332,34.343244177249126,未央区,108.965132,34.341732
B0G1P6GUD2,出售新旧空调回收批发中央空调,生活服务;生活服务场所;生活服务场所,108.90636934420904,34.34531057564591,未央区,108.910966,34.343725
B0L249Q5FO,舒域境足道SPA,生活服务;洗浴推拿场所;洗浴推拿场所,108.9365619316969,34.33867215270766,未央区,108.941209,34.33711
B0K0ZRTW03,诗碧曼(中登广场店),生活服务;生活服务场所;生活服务场所,108.93860268044286,34.32714145996851,未央区,108.943254,34.325577
B0FFJHCOFX,郑远元专业修脚房(天朗·御湖店),生活服务;洗浴推拿场所;洗浴推拿场所,108.92263727575968,34.34217178111999,未央区,108.927255,34.340594
B0L3AOZ49J,中国电信(文景营业厅),生活服务;生活服务场所;生活服务场所,108.92285714913194,34.351317021728576,未央区,108.927476,34.349744
B0L1N9X57P,奈晚推拿·按摩新养生(禧悦里店),生活服务;洗浴推拿场所;洗浴推拿场所,108.93564641657716,34.36052759319219,未央区,108.940293,34.358975
B0H641J01O,菜鸟驿站(首创禧悦里店),生活服务;物流速递;物流速递,108.93603843925273,34.36071190484034,未央区,108.940686,34.35916
B0JGA7BNPB,YESIDO椰岛造型(世纪金花NewBlock店),生活服务;美容美发店;美容美发店,108.9420033029852,34.330532076483,未央区,108.946664,34.328975
B0JBNZ2U70,宇鑫物流(丰产路店),生活服务;物流速递;物流速递,108.90790792369263,34.345614050519586,未央区,108.912506,34.344029
B0G02C4RCR,兴隆居配钥匙开锁店(紫薇风尚店),生活服务;生活服务场所;生活服务场所,108.94831264127772,34.33436932754183,未央区,108.952992,34.332826
B0JKDR980V,中国移动办卡宽带(凤城七路店),生活服务;电讯营业厅;中国移动营业厅,108.9344071321115,34.33926909076476,未央区,108.939049,34.337704
B0IKT5KD49,源创中心,商务住宅;楼宇;商务写字楼|生活服务;中介机构;中介机构,109.01204871945733,34.33103084768604,未央区,109.01698,34.329661
B0LG4MDAZO,信达·辰樾府营销中心,生活服务;生活服务场所;生活服务场所,108.99805804544434,34.32805253753972,未央区,109.002929,34.326639
B0K3SCK41O,龙湖西安未央天街招商中心,生活服务;生活服务场所;生活服务场所,108.98308820952148,34.34701913162153,未央区,108.987897,34.34557
B0FFGA2LA9,西安华海酒店,住宿服务;宾馆酒店;宾馆酒店|生活服务;生活服务场所;生活服务场所,109.0070016334464,34.33853736297314,未央区,109.011912,34.337156
B0L2HCATW3,招商林屿缦岛营销中心,生活服务;生活服务场所;生活服务场所,108.979009298149,34.33207022740984,未央区,108.9838,34.330602
B0I0NU8OA7,源创SOHO营销中心,生活服务;生活服务场所;生活服务场所,109.00733981505954,34.331041963620066,未央区,109.012251,34.329658
B0KR75NLUA,徐氏搓澡馆(奢享店),生活服务;洗浴推拿场所;洗浴推拿场所,108.99221104135322,34.34173462868786,未央区,108.997058,34.34031
B0L03ACV54,龙翔·未央和鸣营销中心,生活服务;生活服务场所;生活服务场所,108.97716653984702,34.34726603108947,未央区,108.981951,34.3458
B0K0XUNFU6,水木和足道·SPA·泰式·糖水铺(龙湖未央天街甄选店),生活服务;洗浴推拿场所;洗浴推拿场所,108.98080174294653,34.34642206812517,未央区,108.985601,34.344966
B0KAZAEXS8,港宸润府销售中心,生活服务;生活服务场所;生活服务场所,109.01929575416436,34.36145045231201,灞桥区,109.02426,34.360117
B0LUMD2VYS,绿港装饰全屋定制·装修公司,生活服务;生活服务场所;生活服务场所,108.9673909767366,34.334403949397114,未央区,108.972136,34.332905
B0FFL6XKJJ,驼铃演出取票点,生活服务;售票处;售票处,109.01652300858188,34.3529208656156,灞桥区,109.021475,34.351575
B0L0HSPI5K,融投誉璟台营销中心,生活服务;生活服务场所;生活服务场所,108.9978832944634,34.345986355478686,未央区,109.002755,34.344581
B0K0U76GPF,池水清清搓背推拿,生活服务;洗浴推拿场所;洗浴推拿场所,109.00764338393824,34.33257831160647,未央区,109.012556,34.331196
B0KA65LP7Q,保利·未央璞悦营销中心,生活服务;生活服务场所;生活服务场所,108.9667382803535,34.3485037200844,未央区,108.971482,34.34701
B0K0P5QWRB,陕西ETC杏园北发行服务站,生活服务;生活服务场所;生活服务场所,109.0161654207142,34.365689357696084,灞桥区,109.021117,34.364349
B0L1VRBURD,招商西安湾营销中心,生活服务;生活服务场所;生活服务场所,109.00365090464688,34.35206779322685,未央区,109.008548,34.350683
B0LROUVXAI,文昌临江阅营销中心,生活服务;生活服务场所;生活服务场所,109.01791786140254,34.36857373423048,灞桥区,109.022877,34.36724
B0G1RU2NR5,华岭中央国际公寓营销中心,生活服务;生活服务场所;生活服务场所,108.96632605449554,34.34578114253689,未央区,108.971068,34.344285
B0FFK03DJ7,北三环大明宫建材家居批发基地物流中心,生活服务;物流速递;物流仓储场地,108.9789097222739,34.368028464557135,未央区,108.983703,34.366578
B0J0BSQTDJ,团结村安置楼Dk6区菜鸟驿站,生活服务;物流速递;物流速递,108.98575708066711,34.34638460651041,未央区,108.990577,34.344943
B0I29ULNVZ,纵享禧玥月子中心(启航店),生活服务;生活服务场所;生活服务场所,108.96737864122676,34.33904472876372,未央区,108.972124,34.337548
B0L1SUQFL4,绿城绿汀芳菲营销中心,生活服务;生活服务场所;生活服务场所,108.97712792431304,34.344513507250305,未央区,108.981912,34.343046
B0H0URQ8SW,中宝达·理想时光营销中心,生活服务;生活服务场所;生活服务场所,108.97627660525131,34.35366932054934,未央区,108.981058,34.352204
B0I05U3HTC,颐然汇,生活服务;生活服务场所;生活服务场所,108.99462052464044,34.3557893202157,未央区,108.999479,34.354379
B0L1D5TKQ0,淳浴汤泉搓背生活馆,生活服务;洗浴推拿场所;洗浴推拿场所,108.96731125912036,34.3346390437456,未央区,108.972056,34.33314
B0K2JC4YMC,融投阅璟台营销中心,生活服务;生活服务场所;生活服务场所,109.02395463921157,34.35065069607662,灞桥区,109.028937,34.349325
B0L2VX8YI2,保亿润园营销中心,生活服务;生活服务场所;生活服务场所,108.97917959937332,34.34415185512499,未央区,108.983972,34.34269
B0KRK7C8SL,中建·璟瑞营销中心,生活服务;生活服务场所;生活服务场所,108.99010472751486,34.333524954744256,未央区,108.994942,34.33209
B0L1PD5BTQ,C77 SPA·足道·管家式服务(浐灞店),生活服务;洗浴推拿场所;洗浴推拿场所,109.00866598534176,34.33281012117524,未央区,109.013583,34.331431
B0LGC5ME5R,趣修侠手机电脑维修回收(奥体店),生活服务;维修站点;维修站点,109.02500959445472,34.37175486496207,灞桥区,109.029998,34.370443
B0GRCHD756,中南君启售楼处,生活服务;生活服务场所;生活服务场所,108.97302646771902,34.330780605831535,未央区,108.977793,34.329295
B0KG2C0W4Y,桂语未央售楼部,生活服务;生活服务场所;生活服务场所,108.99000785423397,34.336953586911214,未央区,108.994845,34.33552
B0LDXRGL7Y,趣修侠手机电脑维修回收(钛茂店),生活服务;维修站点;维修站点,109.00587092245404,34.33340326696363,未央区,109.010776,34.332016
B0I1LCM09O,金月汇月子会所(浐灞生态店),生活服务;生活服务场所;生活服务场所,109.01190519245851,34.332640503409955,未央区,109.016836,34.331271
B0L14O2VYK,华润置地西安玺宸上院项目营销中心,生活服务;生活服务场所;生活服务场所,109.00196941543578,34.348968454243945,未央区,109.006859,34.347577
B0JULR09MW,龙凤床垫仁德家居广场,生活服务;生活服务场所;生活服务场所,108.9763322190394,34.367691941622425,未央区,108.981115,34.366234
B0FFL6XV2Y,华夏文旅海洋公园售票处,生活服务;售票处;公园景点售票处,109.01408723543324,34.35297500286306,灞桥区,109.019029,34.351622
B0K0F55YQ8,顺丰速运(秦川路店),生活服务;物流速递;物流速递,108.9725638720582,34.36005934504784,未央区,108.977331,34.358587
B0LKAM81C8,兰晨管业,生活服务;生活服务场所;生活服务场所,108.98605230191592,34.36480636199662,未央区,108.990875,34.363375
B0FFHIOF27,利君未来城一期南门自行车租赁点,生活服务;生活服务场所;生活服务场所,108.98664013503286,34.361048567370226,未央区,108.991465,34.359617
B0LGUZCXWI,极客修手机电脑维修,生活服务;维修站点;维修站点,109.00471299259848,34.33233728450115,未央区,109.009613,34.330946
B0JKTA56HG,国家电网(谭家供电营业厅),生活服务;生活服务场所;生活服务场所,108.99363390118243,34.33024989989815,未央区,108.998486,34.328824
B0FFJNMIR7,菜鸟驿站(西安浐灞半岛A4北门店),生活服务;物流速递;物流速递,109.0248082547866,34.32659704415593,未央区,109.029792,34.325262
B0KRHZSIZZ,雷龙物流,生活服务;物流速递;物流速递,108.97937494349718,34.36650992904483,未央区,108.98417,34.36506
B0LGLOPIB7,雲阙生活馆,生活服务;生活服务场所;生活服务场所,108.973990990363,34.32662792734608,未央区,108.978761,34.325143
B0JAYUBGF5,布伦南婴幼儿水育中心,生活服务;婴儿服务场所;婴儿游泳馆,108.96741450542432,34.33904463526167,未央区,108.97216,34.337548
B0IRS9EJH7,西安一禾空间设计,生活服务;生活服务场所;生活服务场所,109.00896069579292,34.3331550692798,未央区,109.013879,34.331777
B0HDTDLZJG,西安未央区北三环德邦快递经营分部,生活服务;生活服务场所;生活服务场所,108.9959550869588,34.36407501725823,未央区,109.00082,34.362673
B0L375KYRP,绿城桂冠东方营销中心,生活服务;生活服务场所;生活服务场所,109.02227755397826,34.372752010767016,灞桥区,109.027255,34.371433
B0IKNH4NQG,陕西其源律师事务所,生活服务;事务所;律师事务所,109.0072502951628,34.32990177851457,未央区,109.012161,34.328517
B0M6FZWKOF,信旺二手三轮、餐车广场,生活服务;生活服务场所;生活服务场所,108.96850698033889,34.331388472602924,未央区,108.973256,34.329891
B0KK59ET7V,顺丰速运(香颂国际店),生活服务;生活服务场所;生活服务场所,108.98166210132472,34.33539698747925,未央区,108.986464,34.333938
B0FFKTG9FX,陕西富达物流,生活服务;生活服务场所;生活服务场所,108.9789066395384,34.36917687039636,未央区,108.9837,34.367727
B0K6VC0VZL,蓝鲸快乐宝贝婴童游泳馆(世茂璀璨店),生活服务;生活服务场所;生活服务场所,108.98373934359556,34.36081923556817,未央区,108.988552,34.359379
B0FFJLXPAQ,远洋合能枫丹唐悦接待中心,生活服务;生活服务场所;生活服务场所,108.9958119205598,34.33762675105505,未央区,109.000674,34.336211
B0KK7LR0IW,百花洗浴店,生活服务;洗浴推拿场所;洗浴推拿场所,108.96738461232482,34.326977516692025,未央区,108.972129,34.325475
B0KDY7SFMX,手机电脑维修(旭辉·荣华·公园大道店),生活服务;维修站点;维修站点,109.00400889249856,34.3338996668559,未央区,109.008906,34.332507
B0M617IKAP,安能物流(草滩店),生活服务;生活服务场所;生活服务场所,108.99452321087628,34.3645271197875,未央区,108.999382,34.363121
B0H2YAVXN4,御清湾影院式足浴(正尚盛世家合店),生活服务;洗浴推拿场所;洗浴推拿场所,108.96632904800283,34.33357610370802,未央区,108.97107,34.332074
B0FFH30B5Z,陕西乾河物流有限公司,生活服务;物流速递;物流速递,108.9788718590938,34.36824545885685,未央区,108.983665,34.366795
B001D14VY2,中国联通(百花园营业厅),生活服务;电讯营业厅;中国联通营业厅|购物服务;家电电子卖场;手机销售,108.96639340023286,34.326360381229186,未央区,108.971134,34.324855
B0JAG58TPR,中国电信(欧亚国际营业厅),生活服务;电讯营业厅;中国电信营业厅,109.0099514457938,34.33337399022768,未央区,109.014874,34.331999
B0HAKLK17X,中国邮政(红旗东路邮政所),生活服务;邮局;邮局,108.97615996185122,34.35503795378601,未央区,108.980941,34.353573
B0L0LR9ZZB,赣将江西菜(未央龙湖天街店),生活服务;生活服务场所;生活服务场所,108.98066821715544,34.34734499388066,未央区,108.985467,34.345889
B0G19H89MO,菜鸟驿站(御井路店),生活服务;物流速递;物流速递,108.98412244561204,34.34033840404037,未央区,108.988935,34.338889
B0JG7ARTMS,西安同辉物流有限公司,生活服务;生活服务场所;生活服务场所,109.01017657297908,34.33233981280267,未央区,109.0151,34.330965
B0FFM7WFVY,菜鸟驿站(颐合庭店),生活服务;物流速递;物流速递,108.99269976110992,34.35591605995341,未央区,108.99755,34.3545
B0M64RK3RO,安能物流(北辰立交网点),生活服务;物流速递;物流速递,108.97833664898216,34.33684284168957,未央区,108.983125,34.335375
B0IAYX61NC,菜鸟驿站(颐合府店),生活服务;物流速递;物流速递,108.99680173494993,34.360551271394215,未央区,109.00167,34.35915
B0JUJDGFS4,菜鸟驿站(源利国际城小区店),生活服务;物流速递;物流速递,108.98055245851232,34.33814086355528,未央区,108.98535,34.33668
B0LK3HZHFO,众房(西安未央旗舰店),生活服务;中介机构;中介机构,108.97968067684744,34.3305110519883,未央区,108.984474,34.329044
B0LRY5WT29,中国移动(永城路营业厅),生活服务;电讯营业厅;中国移动营业厅,108.97994160378644,34.330530293783625,未央区,108.984736,34.329064
B0L17S8KVR,高价回收黄金铂金钻戒名表名包银圆,生活服务;生活服务场所;生活服务场所,108.99753898738072,34.36733151342565,未央区,109.002411,34.365936
B0JRSDMT3O,京典图文广告,生活服务;生活服务场所;生活服务场所,109.0090700452398,34.335322694971815,未央区,109.013989,34.333946
B0FFMDWLRO,金三环物流(北三环大明宫店),生活服务;物流速递;物流速递,108.97928415686916,34.36842118817855,未央区,108.984079,34.366972
B0LUMD2VYT,华海藏家营销中心,生活服务;生活服务场所;生活服务场所,109.00636750261256,34.33679812441889,未央区,109.011275,34.335414
B0J3H6MYDI,菜鸟驿站(世茂璀璨倾城二期店),生活服务;物流速递;物流速递,108.98749157359192,34.36057928106022,未央区,108.99232,34.35915
B0HU2OVBSS,菜鸟驿站(中铁青秀城商铺店),生活服务;物流速递;物流速递,108.99863674432584,34.32573587675357,未央区,109.00351,34.324323
B0L25LCN4V,有米图文广告·会议资料·标书·图纸·文化墙,生活服务;生活服务场所;生活服务场所,109.00322203252396,34.3368706161895,未央区,109.008116,34.335477
B0LG6RICWZ,旭东家电维修清洗,生活服务;维修站点;维修站点,108.9712219209462,34.32627565891537,未央区,108.975981,34.324783
B0MGPR17D4,美巢马贝立邦润之彩粉料大全,生活服务;生活服务场所;生活服务场所,108.97932097586848,34.36878389236282,未央区,108.984116,34.367335
B0LK310PKX,中国移动创意梦工厂营业厅,生活服务;电讯营业厅;中国移动营业厅,109.01030104991644,34.33224948334706,未央区,109.015225,34.330875
B0FFMD2CU5,菜鸟驿站(瑞丰新欣城店),生活服务;物流速递;物流速递,108.969068253774,34.3383936040516,未央区,108.97382,34.336901
B0IDN5JH8S,极兔速递(广平路网点),生活服务;物流速递;物流速递,108.99284161579664,34.3264690893725,未央区,108.99769,34.325039
B0LA2B0XVS,松骨堂盲人按摩(正荣紫阙台西区店),生活服务;生活服务场所;生活服务场所,108.98380577474713,34.328255162727594,未央区,108.988616,34.326799
B0JDO67PX1,菜鸟驿站(润和嘉苑店),生活服务;物流速递;物流速递,108.99483291980076,34.32822323853789,未央区,108.99969,34.3268
B0KKJ9YGF2,筋骨堂热敷推拿按摩(未央龙湖天街店),生活服务;洗浴推拿场所;洗浴推拿场所,108.9807977179723,34.34692283054273,未央区,108.985597,34.345467
B0FFFEOZZU,西安未央区徐家湾红旗东路天鼎运输分公司,公司企业;公司;公司|生活服务;物流速递;物流速递,108.96676655906091,34.35596588193944,未央区,108.971511,34.354476
B0KRY6TEMW,菜鸟驿站(华远·枫悦店),生活服务;物流速递;物流速递,108.9753838818457,34.333274888447185,未央区,108.98016,34.331797
B0JDFDWNEW,北京中简(西安)律师事务所,生活服务;生活服务场所;生活服务场所,109.01139238025176,34.33253108533344,未央区,109.016321,34.33116
B0L2X5XD9O,一诺前景西安第二分公司,生活服务;生活服务场所;生活服务场所,109.01194500637588,34.33284228779996,未央区,109.016876,34.331473
B0K6BS6CMS,菜鸟驿站(御井路店),生活服务;物流速递;物流速递,108.9828971013761,34.345869261365664,未央区,108.987705,34.344419
B0KK39XDLY,中国电信天翼数字生活(未央龙湖天街营业厅),生活服务;电讯营业厅;中国电信营业厅,108.9809292318248,34.34623979063292,未央区,108.985729,34.344784
B0L2R6KGYM,典唐盲人推拿,生活服务;洗浴推拿场所;洗浴推拿场所,108.97886122536885,34.32818750404925,未央区,108.983651,34.326717
B0KDPZUSAK,齐优运动康复(浐灞店),生活服务;生活服务场所;生活服务场所,109.0088479935878,34.33533535617774,未央区,109.013766,34.333958
B0HKK6GRI9,每一天便利店(源邸壹号店)(暂停营业),生活服务;生活服务场所;生活服务场所,109.01255364370049,34.33025871425831,未央区,109.017487,34.32889
B0LK0Y78JC,华润玺宸上院销售中心,生活服务;生活服务场所;生活服务场所,109.0033403987438,34.350216666639746,未央区,109.008236,34.34883
B0J2L70DJ9,松果快印广告(欧亚国际·会展中心店),生活服务;生活服务场所;生活服务场所,109.01124999517894,34.33241856445514,未央区,109.016178,34.331047
B0L6SS5CYV,乐泉SPA会馆(利君未来城店),生活服务;洗浴推拿场所;洗浴推拿场所,108.98539935848852,34.361118201137955,未央区,108.990219,34.359683
B0J0VZWFGO,典唐盲人推拿(陆港店),生活服务;洗浴推拿场所;洗浴推拿场所,109.0128026565455,34.36487970399746,灞桥区,109.01774,34.363529
B0FFKBWCUY,领越盲人推拿(万科幸福里店),生活服务;洗浴推拿场所;洗浴推拿场所,108.97832819708128,34.33064485204148,未央区,108.983116,34.329174
B0IUGXMH3I,菜鸟驿站(百花村社区店),生活服务;物流速递;物流速递,108.96870070178063,34.325779628825195,未央区,108.97345,34.32428
B0KA65LWXX,招商西安序营销中心,生活服务;生活服务场所;生活服务场所,108.99884897900058,34.34777653079186,未央区,109.003725,34.346375
B0KDJD8SY1,中国电信(凤城四路御井路)营业厅,生活服务;电讯营业厅;中国电信营业厅,108.98476083729014,34.32751970751236,未央区,108.989575,34.326066
B0HKD15YUY,每一天便利店(公园大道店),生活服务;生活服务场所;生活服务场所,109.0062523917062,34.332117731503246,未央区,109.011159,34.330731
B0LGGC0O4V,众兴彩钢树脂瓦,生活服务;生活服务场所;生活服务场所,108.97344147301284,34.37133705973651,未央区,108.978213,34.369873
B0KGA6SM9D,菜鸟驿站(陕建三建集团太华路小区店),生活服务;物流速递;物流速递,108.96573619296484,34.334478194080795,未央区,108.970475,34.332975
B0MBXZYNBT,中国联通(璀璨倾城营业厅),生活服务;电讯营业厅;中国联通营业厅,108.98372049143416,34.35998971776113,未央区,108.988533,34.358549
B0FFIN16O5,世家雕塑厂,生活服务;生活服务场所;生活服务场所,108.98261622493348,34.37046348912496,未央区,108.987425,34.369025
B0LKUUZ0UA,壹米滴答(武德路营业部),生活服务;物流速递;物流速递,108.9788857619206,34.36873116421935,未央区,108.983679,34.367281
B0L6DAN3IC,陕西固伦律师事务所,生活服务;生活服务场所;生活服务场所,109.00921641218716,34.33541121247371,未央区,109.014136,34.334035
B0KDM6SHL2,菜鸟驿站(谭家新家园社区店),生活服务;物流速递;物流速递,108.97084571320272,34.33442977818466,未央区,108.975604,34.33294
B0LGLROOMX,西安卓明货运总部,生活服务;物流速递;物流速递,108.97858615844412,34.366655106454374,未央区,108.983378,34.365203
B0LDKSMQJN,每一天便利店(源创SOHO店),生活服务;生活服务场所;生活服务场所,109.00761264396796,34.331058133186666,未央区,109.012525,34.329675
B0L2VH7S70,欧普照明西北灯城店,生活服务;生活服务场所;生活服务场所,108.97381198217316,34.359512200494514,未央区,108.978584,34.358043
B0KDDR89DB,顺丰速运(万科幸福里店),生活服务;物流速递;物流速递,108.97894273323185,34.33010535793804,未央区,108.983733,34.328636
B0FFIYIIDK,菜鸟驿站(天朗·蔚蓝东庭店),生活服务;物流速递;物流速递,109.00400559740552,34.32569459110111,未央区,109.008902,34.324298
B0LRL1NHBD,中国移动(颐合府营业厅),生活服务;电讯营业厅;中国移动营业厅,108.99450785852945,34.35758574486956,未央区,108.999366,34.356176
B0L2CYGTKJ,菜鸟驿站(利君未来城西区店),生活服务;物流速递;物流速递,108.98320544943996,34.3623010326616,未央区,108.988016,34.36086
B0JALS1PPY,西安市安居建设管理集团有限公司,生活服务;生活服务场所;生活服务场所,108.99285141854044,34.32832617925149,未央区,108.9977,34.326897
B0FFGG7XEJ,西核浴池,生活服务;洗浴推拿场所;洗浴推拿场所,108.98485839668672,34.33991544816376,未央区,108.989674,34.338468
B0J2DX8SE3,菜鸟驿站(浩华北郡店),生活服务;物流速递;物流速递,108.97937581202793,34.35600534481348,未央区,108.98417,34.35455
B0J1TXFP7V,菜鸟驿站(正荣紫阙台店),生活服务;物流速递;物流速递,108.98596065518356,34.3291893747335,未央区,108.99078,34.32774
B0M6YYRA80,京东物流(徐家湾站),生活服务;物流速递;物流速递,108.96998522280522,34.35656510243545,未央区,108.974742,34.355084
B0K3Z1LV6T,壹米滴答惠达营业部,生活服务;物流速递;物流速递,108.97928033453276,34.36647022060914,未央区,108.984075,34.36502
B0HDYOSS5S,菜鸟驿站(西核公司渭滨小区C区店),生活服务;物流速递;物流速递,108.96620496499273,34.34023918772171,未央区,108.970946,34.33874
B0KR1UL7LV,密林足浴店,生活服务;洗浴推拿场所;洗浴推拿场所,108.9975350861177,34.366356035279736,未央区,109.002407,34.36496
B0MGM59KDQ,爱回收(未央龙湖天街店),生活服务;生活服务场所;生活服务场所,108.98081369090384,34.346455017248864,未央区,108.985613,34.344999
B0J0M6T6ZI,菜鸟驿站(御井路店),生活服务;物流速递;物流速递,108.9829170179308,34.345875200303645,未央区,108.987725,34.344425
B0JR49LP3P,水泥白灰(碧桂园凤凰城·天宸店),生活服务;生活服务场所;生活服务场所,108.99294126405108,34.373372252807755,未央区,108.997794,34.371966
B0K3JMCUZG,中国电信(世茂璀璨倾城营业厅),生活服务;电讯营业厅;中国电信营业厅,108.98470838206435,34.35966298581532,未央区,108.989525,34.358225
B0FFHV050P,中国移动(HUAWEI),生活服务;电讯营业厅;中国移动营业厅|购物服务;购物相关场所;购物相关场所,108.99640780472288,34.3680325791375,未央区,109.001275,34.366634
B0JRV7M1B5,喜行约车司机服务中心(元朔大道店),生活服务;生活服务场所;生活服务场所,108.98928295195908,34.37275057735455,未央区,108.99412,34.371333
B0G3T9S3ZE,中国移动(永信路营业厅),生活服务;生活服务场所;生活服务场所,108.97736466869893,34.336018998618776,未央区,108.982149,34.334548
B0MB6SN9D2,顺心捷达快递(未央迅捷路店),生活服务;物流速递;物流速递,108.97378724007643,34.357582257621424,未央区,108.978559,34.356112
B0HUGHRHLO,福水轩沐足SPA馆,生活服务;洗浴推拿场所;洗浴推拿场所,108.97901403506393,34.3350097982698,未央区,108.983805,34.333543
B0J6355TPC,中国移动(世贸璀璨一期),生活服务;维修站点;维修站点,108.9836627052817,34.36032171620722,未央区,108.988475,34.358881
B0IGSX5QKH,菜鸟驿站(百花村社区店),生活服务;物流速递;物流速递,108.9676794905524,34.32702672321013,未央区,108.972425,34.325525
B0K33UZAJC,德邦快递(西安未央区太华北路经营分部),生活服务;物流速递;物流速递,108.96830273725683,34.33166487811268,未央区,108.973051,34.330167
B0LB3LC2TJ,顺丰速运(天朗蔚蓝东庭店),生活服务;物流速递;物流速递,109.00193336673664,34.327615970776726,未央区,109.006821,34.326214
B0LBYHIO1V,悦晴阁怡呵美水光体验馆,生活服务;生活服务场所;生活服务场所,108.9845092669459,34.35906387891232,未央区,108.989325,34.357625
B0FFL77SQG,华夏文旅海洋公园游客服务中心,生活服务;信息咨询中心;服务中心,109.01424854637386,34.35307847381337,灞桥区,109.019191,34.351726
B0LDFCYDFY,航鑫物流有限公司,生活服务;物流速递;物流速递,108.97883215995586,34.36657644596752,未央区,108.983625,34.365125
B0LUXRRNIN,徐家湾街道综合养老服务中心,生活服务;生活服务场所;生活服务场所,108.97032128138784,34.352213410242854,未央区,108.975079,34.350731
B0LGNZU8IC,西安睿秋钢材批发(总店),生活服务;生活服务场所;生活服务场所,108.96561787159489,34.36803760435058,未央区,108.970359,34.366551
B0J2RCTLEL,丹墨图文快印,生活服务;摄影冲印店;摄影冲印,109.00168444129484,34.33949800437001,未央区,109.006572,34.338101
B0H12A8LVS,灞上驿,生活服务;生活服务场所;生活服务场所,109.0046045041072,34.36740302140268,未央区,109.009507,34.366029
B0L055THK1,古城烽火107取票点,生活服务;售票处;公园景点售票处,109.01648717599018,34.35271407494303,灞桥区,109.021439,34.351368
B0HRCCLSGR,长门驿,生活服务;生活服务场所;生活服务场所,109.01025931135791,34.36673332465968,灞桥区,109.015186,34.365376
B0FFKEDJ51,每一天便利店(陆港金海岸店H),生活服务;生活服务场所;生活服务场所,109.01165551967397,34.36492909278832,灞桥区,109.016588,34.363575
B0KA774D5N,图真优快印广告浐灞店,生活服务;生活服务场所;生活服务场所,109.00595802445868,34.3277517049669,未央区,109.010863,34.326362
B0K2XR8C4O,万科澜岸车位服务中心,生活服务;生活服务场所;生活服务场所,109.02105183862253,34.346028221347154,灞桥区,109.026022,34.344692
B0K6H6CNZN,菜鸟驿站(景云路店),生活服务;物流速递;物流速递,108.98129032329302,34.35125123985813,未央区,108.986092,34.349799
B0JKFUTRRW,宏磊高价废品回收,生活服务;生活服务场所;生活服务场所,108.99488148121613,34.35484900826694,未央区,108.999741,34.353439
B0FFIKEJWX,菜鸟驿站(陆港金海岸店),生活服务;物流速递;物流速递,109.0127309713992,34.36474798550545,灞桥区,109.017668,34.363397
B0K3MUKWZ0,西安渼足Spa足浴按摩会所,生活服务;洗浴推拿场所;洗浴推拿场所,108.96743052382052,34.325940887262604,未央区,108.972175,34.324438
B0FFKEGYJ3,菜鸟驿站(浩华北郡店),生活服务;物流速递;物流速递,108.97977910144984,34.35667884545578,未央区,108.984575,34.355225
B0MA6SK41I,春苗房屋漏水维修(未央店),生活服务;维修站点;维修站点,108.98729991171017,34.33026988923669,未央区,108.992125,34.328825
B0LGX5DM5W,电瓶车充电驿站(团结尚礼小区),生活服务;生活服务场所;生活服务场所,108.98216120782794,34.34531168132647,未央区,108.986966,34.343859
B0G27OEYCV,嘉诚广告印刷,生活服务;生活服务场所;生活服务场所,108.98350553328012,34.370274991799995,未央区,108.988318,34.368839
B0K02C14EJ,京东物流(青枫巷店),生活服务;物流速递;物流速递,108.97297836391704,34.334336029733805,未央区,108.977745,34.332852
B0KKF7QSLW,华曼生物美肤中心(碧桂园云府店),生活服务;生活服务场所;生活服务场所,108.98498905900246,34.373404980211546,未央区,108.989808,34.371975
B0K0PUWW5B,新筑街道综合养老服务中心,生活服务;生活服务场所;生活服务场所,109.01130974529023,34.36781661656047,灞桥区,109.016241,34.366463
B0I26XI323,菜鸟驿站(华润置地未来城市·观礼店),生活服务;物流速递;物流速递,109.0245534801932,34.37112346988448,灞桥区,109.02954,34.36981
B0LU2DWTGI,快速上门修电动车(未央区红旗路店),生活服务;生活服务场所;生活服务场所,108.96977709479864,34.35574007837038,未央区,108.974533,34.354258
B0G2PHGVGE,八马茶业(欧亚国际店),生活服务;生活服务场所;生活服务场所,109.0103179726312,34.33231040342724,未央区,109.015242,34.330936
B0FFH6OFHJ,豪杰大众浴池,生活服务;洗浴推拿场所;洗浴推拿场所,108.99513836505685,34.36691101437277,未央区,109.0,34.365508
B0KAOMW5K8,中国移动红旗路营业厅,生活服务;电讯营业厅;中国移动营业厅|购物服务;家电电子卖场;手机销售,108.968448420397,34.35302697708008,未央区,108.973199,34.35154
B0K0M7T65M,西安笨鸟邦会计服务有限公司(瑞丰新欣城2期店),生活服务;事务所;会计师事务所,108.9674266503418,34.33672673205175,未央区,108.972172,34.335229
B0LRBCNPD2,诺家(御井路店),生活服务;中介机构;中介机构,108.98682138939132,34.36080815374554,未央区,108.991647,34.359377
B0LDA9GKE5,西安舒心禅拍,生活服务;摄影冲印店;摄影冲印,109.01071309442104,34.33461411173696,未央区,109.015639,34.333242
B0JGJ905IP,天朗东方印售楼部,生活服务;生活服务场所;生活服务场所,109.00213080491017,34.33606431998584,未央区,109.00702,34.334667
B0LDS7YKIJ,老兵高价回收铜铁铝,生活服务;生活服务场所;生活服务场所,108.98390049910287,34.36286970420584,未央区,108.988714,34.361431
B0LDT76HKO,顺丰速运(世贸璀璨倾城店)(装修中),生活服务;物流速递;物流速递,108.98236805682284,34.36084922398237,未央区,108.987175,34.359405
B0H24ONXET,菜鸟驿站(颐秀苑店),生活服务;物流速递;物流速递,108.9928172274945,34.368220346416216,未央区,108.997669,34.366811
B0KUAR1V82,寻梦阁足浴馆(欧亚国际店),生活服务;洗浴推拿场所;洗浴推拿场所,109.00299677469684,34.327703700491114,未央区,109.007889,34.326305
B0G0LOM40P,小秦再生资源回收服务点,生活服务;生活服务场所;生活服务场所,108.9824044194355,34.330606134898005,未央区,108.987209,34.329147
B0H0RCD6L7,观澜SPA生活馆(绿地·香树花城1期店)(暂停营业),生活服务;美容美发店;美容美发店,108.99008144271096,34.32614454568085,未央区,108.994918,34.324706
B0FFHEAZG5,卖被子弹棉花,购物服务;家居建材市场;布艺市场|购物服务;专卖店;专营店|生活服务;生活服务场所;生活服务场所,108.99182953355704,34.36733478750967,未央区,108.996677,34.365922
B0IRGU8UGR,贺记黄金珠宝加工,生活服务;生活服务场所;生活服务场所,108.96639132594248,34.32735791426154,未央区,108.971132,34.325853
B0GRVAU3E6,再生资源回收服务点,生活服务;生活服务场所;生活服务场所,108.99668810695074,34.3619538927134,未央区,109.001556,34.360553
B0J1PA3GWT,兔喜快递柜,生活服务;物流速递;物流速递,109.02454988420584,34.34311778181074,灞桥区,109.029534,34.34179
B0KKTRW5PU,福奈特洗衣(西安龙湖未央天街店),生活服务;洗衣店;洗衣店,108.98072008804152,34.34632335285835,未央区,108.985519,34.344867
B0K1UDEEUU,西安朝冉物流有限责任公司,生活服务;物流速递;物流速递,108.98973702267963,34.3726972466252,未央区,108.994576,34.371281
B0JAMSJ51L,京东图文广告·图纸·标书·形象墙·文化墙,生活服务;生活服务场所;生活服务场所,109.00239851987205,34.33761675319844,未央区,109.007289,34.336221
B0GKHAZ8TN,SPA生活馆,生活服务;洗浴推拿场所;洗浴推拿场所,108.97901745486652,34.32977730103925,未央区,108.983808,34.328308
B0FFHM0GJL,精修电动车(百花园小区店),生活服务;维修站点;维修站点|购物服务;专卖店;专营店,108.9656699899696,34.32779356344587,未央区,108.970408,34.326287
B0L1XCRVAJ,金价通黄金回收,生活服务;生活服务场所;生活服务场所,108.99860886722377,34.3257039765035,未央区,109.003482,34.324291
B0H0N7X9OC,废品回收,生活服务;生活服务场所;生活服务场所,108.96590326894008,34.350268990404416,未央区,108.970644,34.348774
B0KURR1U07,浐灞小李再生资源回收,生活服务;生活服务场所;生活服务场所,108.9955908475923,34.32597900597924,未央区,109.000451,34.324557
B0FFL4SIVA,开锁汽车钥匙,购物服务;专卖店;专营店|生活服务;生活服务场所;生活服务场所,108.96645251263026,34.33444836433716,未央区,108.971194,34.332947
B0FFJUY26M,科为瑞府营销中心,生活服务;生活服务场所;生活服务场所,108.96830705449796,34.35188192733701,未央区,108.973057,34.350394
B0J0GRJMDZ,菜鸟驿站(颐秀苑二区店),生活服务;物流速递;物流速递,109.00259423278196,34.366638518814725,未央区,109.007488,34.365258
B0LRCOHTIV,中国体育彩票(丝路国际创意梦工场店),生活服务;彩票彩券销售点;彩票彩券销售点,109.01015463282612,34.33273868692294,未央区,109.015078,34.331364
B0MG15TTPS,公元联塑高科中财管道专卖,生活服务;生活服务场所;生活服务场所,108.97106272066912,34.37254490071411,未央区,108.975825,34.371075
B0KKDC2F95,新陆新居,商务住宅;住宅区;住宅小区|生活服务;生活服务场所;生活服务场所,109.05530116506984,34.358771750557395,灞桥区,109.060395,34.357525
B0FFLL9YPY,西安传化,生活服务;物流速递;物流仓储场地,109.07243269671976,34.35644686413993,灞桥区,109.077569,34.355225
B0MBMD7BU7,融创春藤知屿营销中心,生活服务;生活服务场所;生活服务场所,109.04668977891542,34.37171349308026,灞桥区,109.051758,34.370456
B0GULRSN3R,壹米滴答(西安分拨中心),生活服务;物流速递;物流速递,109.07718516761965,34.36081861648646,灞桥区,109.082331,34.359604
B0IBCCTKTK,西安秦华天然气(港兴路营业厅),生活服务;生活服务场所;生活服务场所,109.05031823750824,34.35875754547309,灞桥区,109.055397,34.357501
B0G2KUUNMP,传化公路港陕西富达分拨中心,生活服务;物流速递;物流速递,109.074129181198,34.35772530930076,灞桥区,109.079269,34.356506
B0L2J56HR0,西派昱府营销中心,生活服务;生活服务场所;生活服务场所,109.03683979415386,34.36347189756657,灞桥区,109.041873,34.362187
B0JBR5RX3Y,悦健游泳健身俱乐部(浐灞世博园店),生活服务;生活服务场所;生活服务场所,109.0530162974648,34.33148565222953,灞桥区,109.058101,34.330221
B0L16CSS8Y,绿城润百合售楼部,生活服务;生活服务场所;生活服务场所,109.03216920340417,34.364178477761406,灞桥区,109.037185,34.362882
B0LRLKLHI5,西安浐灞华邑酒店-大堂,生活服务;生活服务场所;生活服务场所,109.03733648346136,34.345958553134,灞桥区,109.04237,34.344666
B0K1UBDAFC,陕西安邦物流,生活服务;物流速递;物流速递,109.0808252564086,34.36914013064721,灞桥区,109.085978,34.367933
B0H2NHE1EO,玥玛智能锁具批发开锁,生活服务;维修站点;维修站点,109.04531305549928,34.36351382765174,灞桥区,109.050376,34.362249
B0KKM7K0IB,瑞真图文广告快印,生活服务;生活服务场所;生活服务场所,109.03326728527948,34.349576069068775,灞桥区,109.038286,34.348275
B0G39XVKGD,西北智能公路枢纽平台物流园,生活服务;物流速递;物流仓储场地,109.07663509373435,34.36162872685103,灞桥区,109.08178,34.360414
B0JG057N20,陕西ETC新筑发行服务站,生活服务;生活服务场所;生活服务场所,109.05935056746148,34.34950619479324,灞桥区,109.064455,34.348262
B0HUP5OVY5,3号LOFT营销中心,生活服务;生活服务场所;生活服务场所,109.03842512208765,34.36240153436361,灞桥区,109.043464,34.36112
B0FFIL8TPB,秦农银行(港务支行),金融保险服务;银行;农村商业银行|生活服务;生活服务场所;生活服务场所,109.0309499401419,34.363437074941416,灞桥区,109.035961,34.362137
B0JUTXTFMJ,西安灞桥砂之船营业点(西安奥莱砂之船店),生活服务;生活服务场所;生活服务场所,109.04134109740995,34.34680643829578,灞桥区,109.046389,34.345524
B0M67HXLE4,龙翔奥城锦宸府营销中心,生活服务;生活服务场所;生活服务场所,109.03979063578932,34.36928962641177,灞桥区,109.044835,34.368015
B0JKZUTLEG,陕西佐策律师事务所,生活服务;事务所;律师事务所,109.0334874758114,34.34931862813493,灞桥区,109.038507,34.348018
B0FFMBCVPH,西安广美物流有限公司,生活服务;物流速递;物流速递,109.07284388152928,34.35617253131325,灞桥区,109.077981,34.354951
B0MGP7129O,跳跳虎(西安)分拨中心,生活服务;物流速递;物流速递,109.07548769548696,34.35624163524773,灞桥区,109.08063,34.355023
B0LDVU0HVR,西安鑫鹏涛物流有限公司,生活服务;物流速递;物流速递,109.07450953977262,34.3565704900422,灞桥区,109.07965,34.355351
B0G336SXVE,菜鸟驿站(1668新时代广场A区店),生活服务;物流速递;物流速递,109.03235368795823,34.3619881297837,灞桥区,109.03737,34.360691
B0KAY70MY8,筋骨堂热敷推拿按摩(砂之船奥莱店),生活服务;洗浴推拿场所;洗浴推拿场所,109.0410083207445,34.34615255050619,灞桥区,109.046055,34.344869
B0H2COVY3Y,菜鸟驿站(西安灞桥瑞斯丽悦庭1店),生活服务;物流速递;物流速递,109.06582698011388,34.37269001748715,灞桥区,109.07095,34.371468
B0G3OCBSUJ,圆邦物流西安公司,生活服务;物流速递;物流速递,109.06927250562192,34.35573610533506,灞桥区,109.074402,34.35451
B0FFKC8EL9,碧桂园香湖湾1号营销中心,生活服务;生活服务场所;生活服务场所,109.05663298442624,34.33967485883496,灞桥区,109.061729,34.338421
B0HD2MAP0O,菜鸟驿站(华南城D区店),生活服务;物流速递;物流速递,109.03958982547344,34.36377898951736,灞桥区,109.044633,34.362501
B0FFIDGF94,西安世博园西入口游客中心,生活服务;信息咨询中心;服务中心,109.0488502955386,34.33087041892867,灞桥区,109.053922,34.329597
B0L1376VR7,顺丰速运(传化丝路店),生活服务;物流速递;物流速递,109.08137341300444,34.36884686131037,灞桥区,109.086527,34.36764
B0HUR520W5,西安秉运物流有限公司,生活服务;物流速递;物流速递,109.06916669740797,34.35623199019823,灞桥区,109.074296,34.355006
B0HGA91NLZ,菜鸟驿站(西安华南城A区店),生活服务;物流速递;物流速递,109.03702541185746,34.36001422077693,灞桥区,109.042059,34.358728
B0J31ZFINY,中国铁建·西派璟悦营销中心,生活服务;生活服务场所;生活服务场所,109.04623262559144,34.367797557059184,灞桥区,109.051299,34.366537
B0KAYS37UW,龙翔·奥城珑璟府营销中心,生活服务;生活服务场所;生活服务场所,109.04208241969226,34.371104233682786,灞桥区,109.047135,34.369836
B0LD4ZJQY8,手机手表电脑快修,生活服务;维修站点;维修站点,109.06522419601508,34.36393149109279,灞桥区,109.070345,34.362704
B0FFLFQ4P3,姜力头道体验店(00009号店),生活服务;生活服务场所;生活服务场所,109.02962486372616,34.34245221421882,灞桥区,109.034629,34.341138
B0G0GHIU0U,中国移动 港兴二路营业厅,生活服务;电讯营业厅;中国移动营业厅,109.06379434617044,34.36820740294076,灞桥区,109.068912,34.36698
B0I1NM3M9E,勇恩力物流,生活服务;物流速递;物流速递,109.07148173324262,34.355740345523095,灞桥区,109.076616,34.354517
B0L2TY2O8D,玻璃钢化粪池厂,生活服务;生活服务场所;生活服务场所,109.04148000298574,34.36548859327887,灞桥区,109.04653,34.364216
B0K066QRKP,壹米滴答(西北总部),生活服务;物流速递;物流速递,109.07802754442848,34.36228807520523,灞桥区,109.083175,34.361075
B0G0ANQ2KY,东顺不动产(华南城店),生活服务;中介机构;中介机构,109.03270737002902,34.36167037071664,灞桥区,109.037725,34.360374
B0M6L55XAJ,京东物流(西安港务区站),生活服务;物流速递;物流速递,109.08113171831867,34.36971458997974,灞桥区,109.086285,34.368508
B0FFI2MMOH,陕西富康物流有限公司,生活服务;物流速递;物流速递,109.07305246560028,34.35610033117696,灞桥区,109.07819,34.354879
B0FFKBW1SU,菜鸟驿站(湾流天悦店),生活服务;物流速递;物流速递,109.0278772642638,34.34756440203938,灞桥区,109.032875,34.346248
B0JG5XC2WJ,菜鸟驿站(会展三路店),生活服务;物流速递;物流速递,109.03061682976036,34.344685463053175,灞桥区,109.035625,34.343375
B0G255U2X2,百年行地产(振业泊岸店),生活服务;中介机构;中介机构,109.04498907810138,34.34105888409259,灞桥区,109.050049,34.339782
B0FFIB7GKR,明亨物流,生活服务;物流速递;物流速递,109.03166444043084,34.36058666095386,灞桥区,109.036678,34.359287
B0M6PHLLTZ,中国联通(汇悦城营业厅),生活服务;电讯营业厅;中国联通营业厅,109.06551313013236,34.36814686861396,灞桥区,109.070635,34.366922
B0I2M7I808,国家电网(灞桥营业厅),生活服务;电力营业厅;电力营业厅,109.07172245921396,34.33013268575916,灞桥区,109.076855,34.328897
B0G2AK1WUV,云天广告图文装饰,生活服务;摄影冲印店;摄影冲印,109.04102166685726,34.364822023160336,灞桥区,109.04607,34.363548
B0HDDD8QVU,华宏电动工具租赁维修出售,购物服务;家居建材市场;建材五金市场|生活服务;生活服务场所;生活服务场所,109.04452358582355,34.364952851651594,灞桥区,109.049584,34.363687
B0ID7UBGO8,壹米滴答·卓昊物流(华南城营业部),生活服务;物流速递;物流速递,109.03653703664816,34.36193744820851,灞桥区,109.041569,34.360651
B0I0XSAESB,溪栖足浴会所(华南城办公楼店),生活服务;洗浴推拿场所;洗浴推拿场所,109.0354521816288,34.360309019235906,灞桥区,109.04048,34.359019
B0LRCAF4DF,利安物流公司东北专线,生活服务;物流速递;物流速递,109.07481501867406,34.35577557117495,灞桥区,109.079956,34.354556
B0JR1HVIR7,云聚物流华南城E2营业部,生活服务;物流速递;物流速递,109.05110414031408,34.36622907497161,灞桥区,109.056186,34.364978
B0JAPSW9BC,壹米滴答(港兴路营业部),生活服务;物流速递;物流速递,109.04927305437832,34.364359822491124,灞桥区,109.054349,34.363104
B0KR2KA45G,菜鸟驿站(华润置地未来城市店),生活服务;物流速递;物流速递,109.03367806164152,34.36908998791009,灞桥区,109.0387,34.3678
B0FFLCIIRS,陕西富达物流(华南城三部),生活服务;物流速递;物流速递,109.0421624461333,34.36757290430599,灞桥区,109.047215,34.366303
B0LUC5VYAT,宇鑫物流(西安华南城D区店),生活服务;物流速递;物流速递,109.04328661014718,34.36709555083707,灞桥区,109.048343,34.365828
B0M6T54CJU,郑远元专业修脚房(浐灞二路店),生活服务;洗浴推拿场所;洗浴推拿场所,109.04566282327568,34.34107237469587,灞桥区,109.050725,34.339797
B0I1TLEIUN,西安鑫路通物流有限公司,生活服务;物流速递;物流速递,109.07019545614486,34.356019783051856,灞桥区,109.075327,34.354795
B0JALH6Z1L,鑫鑫生活超市(港泽路店),购物服务;超级市场;超市|生活服务;生活服务场所;生活服务场所,109.02922200536676,34.370822825161135,灞桥区,109.034227,34.369522
B0JRHRJA5Y,世园里展示中心,生活服务;生活服务场所;生活服务场所,109.0578360501251,34.33439126648807,灞桥区,109.062935,34.333137
B0KDSCT2C7,安能物流(同泰灯具城店),生活服务;生活服务场所;生活服务场所,109.05456481790247,34.353037057783055,灞桥区,109.059656,34.351786
B0FFM5Z7B1,陕西富达物流,生活服务;物流速递;物流速递,109.02986536011416,34.36079432905893,灞桥区,109.034872,34.35949
B0IDP7QWGW,中国电信营业厅(天翼数字生活汇悦城店),生活服务;电讯营业厅;中国电信营业厅,109.06459635783304,34.368207190255355,灞桥区,109.069716,34.366981
B0KAX1ATEJ,能建·长誉府营销中心,生活服务;生活服务场所;生活服务场所,109.04953393390215,34.3445963049148,灞桥区,109.054609,34.343331
B0L0C7ZMWM,小熊薇妮洗衣(中南樾府店),生活服务;洗衣店;洗衣店,109.0610175035153,34.333374323888215,灞桥区,109.066125,34.332125
B0KGUHSD04,中国电信汇悦城营业厅,生活服务;电讯营业厅;中国电信营业厅,109.06298250490748,34.36690733883891,灞桥区,109.068098,34.365678
B0IAXO3YUI,菜鸟驿站(西安灞桥香湖湾壹号店),生活服务;物流速递;物流速递,109.05886774743422,34.33956894497732,灞桥区,109.06397,34.338319
B0LUHHKDEA,吉晟瑞物流,生活服务;物流速递;物流速递,109.07538786562208,34.35645562858013,灞桥区,109.08053,34.355237
B0JUO5BUX9,郑远元专业修脚房(恒大御景店),生活服务;洗浴推拿场所;洗浴推拿场所,109.02741546572184,34.34310687218679,灞桥区,109.032411,34.341787
B0HRV7WGM3,社发快运(华南城五金机电交易中心店),生活服务;物流速递;物流速递,109.0312739372281,34.36059768502178,灞桥区,109.036286,34.359297
B0IK07RMU7,中利消防灭火器维修厂,生活服务;维修站点;维修站点|购物服务;购物相关场所;购物相关场所,109.0509300201864,34.362308465789326,灞桥区,109.056011,34.361055
B0JRHKI0UE,传化丝路公路港四通物流,生活服务;物流速递;物流速递,109.07385871673787,34.357689622285754,灞桥区,109.078998,34.35647
B0I1VAYY7Z,菜鸟驿站(碧桂园阅江府店),生活服务;物流速递;物流速递,109.0487647046859,34.34088774667788,灞桥区,109.053837,34.339619
B0FFL3NW8M,壹米滴答卓昊物流(华南城五金机电交易中心店),生活服务;物流速递;物流速递,109.02923580450748,34.3608559865506,灞桥区,109.03424,34.35955
B0KKVMYXMZ,西安晶龙物流货运部,生活服务;物流速递;物流速递,109.080874199644,34.36889422154154,灞桥区,109.086027,34.367687
B0L6BRZ8TB,跨越速运,生活服务;物流速递;物流速递,109.07483350191232,34.36129172507205,灞桥区,109.079975,34.360075
B0FFIMLC04,顺丰速运(华南城店),生活服务;物流速递;物流速递,109.03842640321076,34.35907824328564,灞桥区,109.043465,34.357795
B0LG7ZW6KD,华测RTK亿航智科测量测绘仪器(华测授权专营店陕西总代理),生活服务;生活服务场所;生活服务场所,109.06056971851582,34.356081816507015,灞桥区,109.065678,34.354843
B0JG1DEW4U,陆港海心湾三期营销中心,生活服务;生活服务场所;生活服务场所,109.04709953063968,34.370596191239464,灞桥区,109.052169,34.369339
B0IG3LAAYC,西安江源物流有限公司,生活服务;物流速递;物流速递,109.02750757093408,34.361026582712654,灞桥区,109.032505,34.359716
B0JDOZCWRB,平西物流(传化总部),生活服务;物流速递;物流速递,109.06927949369346,34.35569511713747,灞桥区,109.074409,34.354469
B0JU7RZ5SE,安个家(恒大御景旗舰店),生活服务;中介机构;中介机构,109.02608280039284,34.34252581821111,灞桥区,109.031073,34.341202
B0JUSMOX4H,每一天便利店(锦堤二路店),生活服务;生活服务场所;生活服务场所,109.04274943404374,34.344143467774146,灞桥区,109.047802,34.342863
B0GKJSWCSJ,广缘快通货运有限公司,生活服务;生活服务场所;生活服务场所,109.06984414060663,34.35694975288828,灞桥区,109.074975,34.355725
B0K0TUOS18,西安曼睿人力资源服务有限公司,生活服务;生活服务场所;生活服务场所,109.06598026945984,34.36515175798416,灞桥区,109.071103,34.363926
B0MGLCO1EN,美团专送(新筑站),生活服务;生活服务场所;生活服务场所,109.04937267470773,34.365088235166915,灞桥区,109.054449,34.363833
B0I0GCA7YS,西安湘哥物流,生活服务;物流速递;物流速递,109.0712183208537,34.35537185062617,灞桥区,109.076352,34.354148
B0IRS5EFLC,西安中百物流有限公司,生活服务;物流速递;物流速递,109.07113240354424,34.3565113746574,灞桥区,109.076266,34.355288
B0J3YCASDU,宇鑫物流(西安华南城E1区店),生活服务;物流速递;物流速递,109.04523102500129,34.36705016875142,灞桥区,109.050294,34.365787
B0H6L1IVI9,中国电信(华南城店),生活服务;生活服务场所;生活服务场所,109.03969645060212,34.36371876361665,灞桥区,109.04474,34.362441
B0H04Z84AD,菜鸟驿站(纺渭路店),生活服务;物流速递;物流速递,109.0776427784572,34.355919696698,灞桥区,109.082789,34.354703
B0L3CRKLP5,安能物流(华南城),生活服务;物流速递;物流速递,109.04638644173812,34.36403718081476,灞桥区,109.051453,34.362775
B0MGS7MZ3V,西安欧盾隔断装饰,生活服务;生活服务场所;生活服务场所,109.03244325221632,34.3630933238398,灞桥区,109.03746,34.361797
B0K0X7SBI5,链家地产(恒大御景店),生活服务;中介机构;中介机构,109.02857396302704,34.34247803235692,灞桥区,109.033574,34.341161
B0K27KUCF0,菜鸟驿站(西安华润紫云府多肉烟酒零售店),生活服务;物流速递;物流速递,109.07123993990898,34.370690887981375,灞桥区,109.076375,34.369475
B0LAU577M1,嘉友财务,生活服务;生活服务场所;生活服务场所,109.0441199689462,34.36476286425839,灞桥区,109.049179,34.363496
B0H04Z8C1H,聚成物流(港务南路站),生活服务;物流速递;物流速递,109.07058761200206,34.355989309293626,灞桥区,109.07572,34.354765
B0K04MQURH,废品回收,生活服务;生活服务场所;生活服务场所,109.04557567528556,34.35775121089908,灞桥区,109.050639,34.356484
B0KK9ZO195,怪兽充电,生活服务;生活服务场所;生活服务场所,109.0435924676824,34.345005101000005,灞桥区,109.048648,34.343727
B0LKCU0TEX,废品回收,生活服务;生活服务场所;生活服务场所,109.06320628170504,34.33993264164394,灞桥区,109.06832,34.33869
B0FFMB1PXC,西安华安交通设施,生活服务;生活服务场所;生活服务场所,109.05129373256656,34.36415477141709,灞桥区,109.056376,34.362903
B0IGAXUBYC,菜鸟驿站(华润置地未来城市·宸誉店),生活服务;物流速递;物流速递,109.0297678885857,34.37072441164206,灞桥区,109.034775,34.369425
B0KDY9UDUD,典唐盲人推拿(华润·未来城市店),生活服务;洗浴推拿场所;洗浴推拿场所,109.025123172572,34.37136275643197,灞桥区,109.030112,34.370051
B0K6AUEAT9,兔喜快递超市(香湖湾壹号店),生活服务;物流速递;物流速递,109.05918588589064,34.33947444275819,灞桥区,109.064289,34.338225
B0G1NC55YE,顺丰速运(东城大道店),生活服务;物流速递;物流速递,109.05308766519138,34.336310187052845,灞桥区,109.058173,34.335048
B0J36RMED9,西安华南城营销中心,生活服务;生活服务场所;生活服务场所,109.0352918720782,34.35919899608793,灞桥区,109.040319,34.357908
B0KG25X3LB,陕西富达物流中源营业部,生活服务;物流速递;物流速递,109.08450240440898,34.37297652255479,灞桥区,109.089661,34.371774
B0LDO51ILE,小盛再生资源回收站,生活服务;生活服务场所;生活服务场所,109.07384864421483,34.370213130708144,灞桥区,109.078989,34.369
B0JDKS5U2G,高价回收铜铝铁,生活服务;生活服务场所;生活服务场所,109.06496072301148,34.33073343098975,灞桥区,109.070078,34.329489
B0G0BNYNYW,电焊机批发维修,生活服务;维修站点;维修站点,109.02674843765864,34.362630832547865,灞桥区,109.031743,34.361319
B0K625Y7UE,中国联通(华南城营业厅)(建设中),生活服务;电讯营业厅;中国联通营业厅,109.03906581870702,34.362389977933155,灞桥区,109.044107,34.36111
B0HR1SCZBK,盛飞再生资源回收站,生活服务;生活服务场所;生活服务场所,109.05584518585547,34.36341434502204,灞桥区,109.060941,34.362171
B0FFM6Z1DW,西安市国美电器配送中心,生活服务;物流速递;物流速递,109.07409412741724,34.3591306273802,灞桥区,109.079234,34.357912
B0KGF4ZH0B,伊家开锁,生活服务;生活服务场所;生活服务场所,109.06314332238684,34.36431543924456,灞桥区,109.068259,34.363085
B0HUKS8E58,小李收废品,生活服务;生活服务场所;生活服务场所,109.06313745728556,34.33991575691668,灞桥区,109.068251,34.338673
B0IAC5O3Z9,万众开锁,生活服务;维修站点;维修站点,109.08277763184628,34.341722628684124,灞桥区,109.087931,34.340503
B0IUP7T2ZL,云聚物流(华南城D区营业部),生活服务;物流速递;物流速递,109.041913386987,34.36669894380516,灞桥区,109.046965,34.365428
B0H6NHF8RU,易达科技电脑手机维修中心,生活服务;维修站点;维修站点,109.06289096379264,34.36430583822898,灞桥区,109.068006,34.363075
B0HKD500A4,中国电信(紫薇花园洲营业厅),生活服务;电讯营业厅;中国电信营业厅,109.04731718513452,34.34319370609238,灞桥区,109.052385,34.341923
B0IADUXAQC,瓦斯枪维修批发,生活服务;生活服务场所;生活服务场所,109.02917389692485,34.3625982534526,灞桥区,109.034178,34.361293
B0I3F12CMH,杨玉强货运,生活服务;物流速递;物流速递,109.07033109036053,34.356846191767204,灞桥区,109.075463,34.355622
B0G2ZMG3LG,维修焊机出租焊机,生活服务;维修站点;维修站点,109.04287033750592,34.36364530766906,灞桥区,109.047925,34.362375
B0LDYHZDPA,塑明星头疗洗脸吧(恒大御景一期店),生活服务;洗浴推拿场所;洗浴推拿场所,109.02638361436208,34.3423980517608,灞桥区,109.031375,34.341075
B0FFKBVYIL,菜鸟驿站(香胡湾社区店),生活服务;物流速递;物流速递,109.05380448995244,34.3366336389014,灞桥区,109.058892,34.335373
B0KRYC1XTL,中国铁建·语澜溪营销中心,生活服务;生活服务场所;生活服务场所,109.04331918374304,34.35914659487631,灞桥区,109.048375,34.357875
B0JB2CZLVP,捷成物流(传化园区总部),生活服务;物流速递;物流速递,109.07390271519417,34.3567110739228,灞桥区,109.079042,34.355491
B0J2OAKEFQ,西安名烟名酒奢侈品回收,生活服务;生活服务场所;生活服务场所,109.04011779102736,34.365598773029305,灞桥区,109.045163,34.364323
B0I21ZMTDV,阳光供应链,生活服务;物流速递;物流速递,109.07198163461352,34.35636543266324,灞桥区,109.077117,34.355143
B0JKU5JITJ,变频器销售维修,生活服务;维修站点;维修站点,109.02853948573777,34.36133661785169,灞桥区,109.033541,34.360029
B0FFI6IPS0,高价废品回收,生活服务;生活服务场所;生活服务场所,109.02698236559728,34.36432531197018,灞桥区,109.031978,34.363015
B0I0R5TY9E,废品回收,生活服务;生活服务场所;生活服务场所,109.06041313575618,34.356079078585864,灞桥区,109.065521,34.35484
B0JD3D2I0Y,环西物流,生活服务;物流速递;物流速递,109.0688423986398,34.3564912821323,灞桥区,109.073971,34.355265
B0KGGS782K,港湾影院足道瑜伽养生SPA,生活服务;洗浴推拿场所;洗浴推拿场所,109.05168550117668,34.3644208442742,灞桥区,109.056769,34.36317
B0L2R5MV7N,陕西鑫鸿兴物流有限公司,生活服务;物流速递;物流速递,109.07044090753789,34.35622237282766,灞桥区,109.075573,34.354998
B0KAF5HJKV,万佳锁业开锁换锁,购物服务;购物相关场所;购物相关场所|生活服务;生活服务场所;生活服务场所,109.04547734603791,34.36537049644132,灞桥区,109.050541,34.364107
B0L035DCU1,小曹废品回收,生活服务;生活服务场所;生活服务场所,109.06016088143724,34.35525691898386,灞桥区,109.065268,34.354017
B0KR6DXOKE,中国电信(手机电脑维修),生活服务;电讯营业厅;中国电信营业厅,109.02842248367548,34.34333302096449,灞桥区,109.033422,34.342016
B0MAYA055W,南瓜布丁窗帘工厂店,生活服务;生活服务场所;生活服务场所,109.05020129973978,34.36228197145966,灞桥区,109.05528,34.361027
B0JGBZ6RFM,废品回收站,生活服务;生活服务场所;生活服务场所,109.08013516549715,34.37152242684109,灞桥区,109.085287,34.370316
B0L1TB1G9S,顺丰速运(砂之船店),生活服务;生活服务场所;生活服务场所,109.0419769835914,34.345590548594586,灞桥区,109.047027,34.344309
B0L3FC53RY,西安国际港务区卫华废旧物资回收点,生活服务;生活服务场所;生活服务场所,109.06159600466007,34.35620307084526,灞桥区,109.066707,34.354966
B0JR5SPG5O,小谢高价收废品,生活服务;生活服务场所;生活服务场所,109.0658223395412,34.334192509959685,灞桥区,109.070942,34.332951
B0H1ZA6XY4,祥祥图文快印店,生活服务;摄影冲印店;摄影冲印,109.02922301923128,34.347237922769324,灞桥区,109.034226,34.345925
B0FFJ9B50O,古都焊接,购物服务;专卖店;专营店|生活服务;生活服务场所;生活服务场所,109.029586204954,34.36359862715513,灞桥区,109.034592,34.362295
B0I0US73UU,鑫环球物流武汉上海专线,生活服务;物流速递;物流速递,109.07157757089756,34.35529445750996,灞桥区,109.076712,34.354071
B0JKLA4DEJ,西安联华物流,生活服务;物流速递;物流速递,109.07072636588488,34.355397438967366,灞桥区,109.075859,34.354173
B0J2UCRZBX,每一天便利店(中南樾府店),生活服务;生活服务场所;生活服务场所,109.06030816570632,34.33591527271956,灞桥区,109.065414,34.334666
B0I3F90AO7,辐轼通物流,生活服务;物流速递;物流速递,109.06998789591572,34.35615397636667,灞桥区,109.075119,34.354929
B0LULZ6S1F,安居·乐筑(世博大道店),生活服务;中介机构;中介机构,109.02721584726856,34.34787405242064,灞桥区,109.032211,34.346556
B0LUXDJSAH,中科能热泵,生活服务;生活服务场所;生活服务场所,109.04929216363082,34.36239280235622,灞桥区,109.054368,34.361136
B0JUFUHK4J,陕西希格玛律师事务所,生活服务;事务所;律师事务所,109.03343171151845,34.34902391992999,灞桥区,109.038451,34.347723
B0FFM4VGWF,西安快佳物流,生活服务;物流速递;物流速递,109.031552869318,34.36056996337586,灞桥区,109.036566,34.35927
B0FFLDZNT7,快递超市,生活服务;物流速递;物流速递,109.03074694675732,34.360817967162895,灞桥区,109.035757,34.359516
B0KDLUSBZ0,老黑高价回收废品,生活服务;生活服务场所;生活服务场所,109.06628227171092,34.3338640088221,灞桥区,109.071403,34.332623
B0L2GSS991,菜鸟驿站(博元·幸福港店),生活服务;物流速递;物流速递,109.03890362929596,34.37135668370336,灞桥区,109.043945,34.370081
B0LRN5L8OY,大熊筑家装饰,生活服务;生活服务场所;生活服务场所,109.03253546455537,34.368188426820005,灞桥区,109.037553,34.366895
B0JRYH83TM,天腾物流,生活服务;物流速递;物流速递,109.06956186241224,34.355777710915085,灞桥区,109.074692,34.354552
B0L6454B1T,汇悦城睦邻中心,生活服务;生活服务场所;生活服务场所,109.06677025137978,34.366843753083735,灞桥区,109.071895,34.36562
B0IU6DKUCC,西安凯特物流运输有限公司,生活服务;物流速递;物流速递,109.0738807485308,34.356826039302064,灞桥区,109.07902,34.355606
B0KAMZR7K1,百吨18米无人电子地磅(传化丝路公路港),生活服务;生活服务场所;生活服务场所,109.07353246759314,34.356503587734004,灞桥区,109.078671,34.355283
B0K2MMUA7Q,中国福利彩票(华润未来城DK5·宸誉店),生活服务;彩票彩券销售点;彩票彩券销售点,109.02995315540784,34.37088583066759,灞桥区,109.034961,34.369587
B0K3T1YYV6,菜鸟驿站(港务大道店),生活服务;物流速递;物流速递,109.06344622839862,34.36810299248356,灞桥区,109.068563,34.366875
B0HGLCQU94,德佑地产(中南樾府南门A店),生活服务;中介机构;中介机构,109.05960335318262,34.33254208874809,灞桥区,109.064707,34.33129
B0H2PRRT0T,西安华南城志诚租售脚手架,生活服务;生活服务场所;生活服务场所,109.03051480600332,34.36124836219907,灞桥区,109.035524,34.359946
B0MBML7H5F,中国福利彩票(枫林九溪·蓝溪店),生活服务;彩票彩券销售点;彩票彩券销售点,109.02695141243328,34.3652119355825,灞桥区,109.031947,34.363902
B0H65HPQR9,弹棉花,生活服务;生活服务场所;生活服务场所,109.07148705540284,34.32894853157951,灞桥区,109.076619,34.327712
B0KROYSCXF,西安诺搏衍配电箱,生活服务;生活服务场所;生活服务场所,109.02729818159898,34.36355784581425,灞桥区,109.032295,34.362248
B0J27AF0QU,陕建·锦泓府营销中心,生活服务;生活服务场所;生活服务场所,109.04877611533314,34.347289556941824,灞桥区,109.053849,34.346024
B0LGN7RU05,诺家(湾流天悦北门店),生活服务;生活服务场所;生活服务场所,109.0287438836889,34.347322172741045,灞桥区,109.033745,34.346008
B0FFLAE4DX,健豪图文广告(香湖湾时代广场店),生活服务;摄影冲印店;摄影冲印,109.05227203792776,34.33745223880809,灞桥区,109.057355,34.336189
B0JKGA4AOV,张师锂电池修复中心,生活服务;维修站点;维修站点,109.0709971715354,34.32802256492363,灞桥区,109.076128,34.326785
B0FFJBSSV1,宏御图文广告(恒大生活广场店),生活服务;生活服务场所;生活服务场所,109.03004906559892,34.34422120574242,灞桥区,109.035055,34.342909
B0FFG9VGI1,西安泰润冷链物流有限公司,生活服务;物流速递;物流速递,109.08256476119796,34.34389570687233,灞桥区,109.087718,34.342677
B0J0DLSZ9T,中润置家(汇悦城店),生活服务;中介机构;中介机构,109.06376642102506,34.36814947603849,灞桥区,109.068884,34.366922
B0J22AWVY4,秘境·足道SPA,生活服务;生活服务场所;生活服务场所,109.04723201476456,34.33680101944105,灞桥区,109.052299,34.335527
B0KUMS3BKW,废品回收,生活服务;生活服务场所;生活服务场所,109.07474036495054,34.341985550863754,灞桥区,109.07988,34.340759
B0FFMDQLVF,西安国际港务区翰明泰电机修理部,生活服务;维修站点;维修站点,109.04524030748944,34.36341604074835,灞桥区,109.050303,34.362151
B0K1BHLRM1,湾流天悦社区服务站,生活服务;生活服务场所;生活服务场所,109.02787727047416,34.34749143841075,灞桥区,109.032875,34.346175
B0LAV774OF,维修变频器.软启动.伺服驱动器.PLC.触摸屏,生活服务;维修站点;维修站点,109.02853948573777,34.36133661785169,灞桥区,109.033541,34.360029
B0K6HUADNI,墅博士别墅家用电梯7星服务中心(湾流天悦店),生活服务;生活服务场所;生活服务场所,109.02909066582416,34.34571503663849,灞桥区,109.034093,34.344401
B0KRFDN7RY,中国联通(奥体大道营业厅),生活服务;电讯营业厅;中国联通营业厅,109.02688036845768,34.369020138025505,灞桥区,109.031876,34.367712
B0FFM8SU61,自然界售楼部,生活服务;生活服务场所;生活服务场所,109.0292136475801,34.32861601595233,未央区,109.034215,34.327294
B0FFM7WTDT,菜鸟驿站(西安灞桥中南樾府南门店),生活服务;物流速递;物流速递,109.06041512768718,34.33306247129936,灞桥区,109.065521,34.331812
B0FFMETFYQ,西安恒亿物流,生活服务;物流速递;物流速递,109.0690270104917,34.3562091839362,灞桥区,109.074156,34.354983
B0FFK2JNN3,21世纪不动产(恒大御景店),生活服务;生活服务场所;生活服务场所,109.02853603388547,34.343387686490885,灞桥区,109.033536,34.342071
B0IR3CIKZ6,融创望江府接待中心,生活服务;生活服务场所;生活服务场所,109.05338589006782,34.36956979305102,灞桥区,109.058475,34.368325
B0H0OZZ5GT,电焊机二保焊机批发维修,生活服务;生活服务场所;生活服务场所,109.02836313505188,34.361830840389906,灞桥区,109.033364,34.360523
B0HUSUM3V0,百年行(浐灞半岛A4东门店),生活服务;中介机构;中介机构,109.0252544713342,34.3265388303964,未央区,109.03024,34.325205
B0FFHQV397,精修电动车爱玛电动车专卖店,生活服务;维修站点;维修站点|摩托车服务;摩托车维修;摩托车维修,109.07065404636562,34.326390759950286,灞桥区,109.075784,34.325152
B0IU3MF45N,京东物流(西安华南城五金机电E区店),生活服务;物流速递;物流速递,109.05167551640506,34.36459977128333,灞桥区,109.056759,34.363349
B0KAU5GLPT,敏捷物流(元朔大道站),生活服务;物流速递;物流速递,109.07107455980513,34.35612664111593,灞桥区,109.076208,34.354903
B0GU2ACN5U,兴业广告,生活服务;生活服务场所;生活服务场所,109.04873179562992,34.3642080399091,灞桥区,109.053806,34.362951
B0GKUYFQ8G,博世电动专卖&售后服务中心,生活服务;生活服务场所;生活服务场所,109.04549534991716,34.36462884243095,灞桥区,109.050559,34.363365
B0JRT52OMJ,中国体育彩票(汇悦城店),生活服务;彩票彩券销售点;彩票彩券销售点,109.06292363350109,34.36714930433758,灞桥区,109.068039,34.36592
B0K6Y59PW9,德佑地产(枫林九溪·蓝溪店),生活服务;生活服务场所;生活服务场所,109.02777317417836,34.36511274147886,灞桥区,109.032772,34.363805
B0KK7SP6P3,西安宝湾国际物流园,生活服务;物流速递;物流仓储场地,109.10873634297803,34.34927578378726,临潼区,109.113911,34.348063
B0G10UFXUO,欣丰农副产品物流港,生活服务;物流速递;物流仓储场地,109.11048179931498,34.33117847867671,灞桥区,109.115655,34.329956
B0K195MRZT,赵一鸣零食西安仓储物流中心,生活服务;物流速递;物流速递,109.1104601792253,34.349677401952896,临潼区,109.115635,34.348464
B0FFMC7V19,陕西现代供销仓储物流有限公司,生活服务;物流速递;物流速递,109.09197609213226,34.34294652142105,灞桥区,109.097141,34.341732
B0K3HSYZP1,陆港丝陆物流港,生活服务;物流速递;物流速递,109.1044030318332,34.32974581336443,灞桥区,109.109575,34.328525
B0KDJ9KD8I,西安驿烽达物流有限公司,生活服务;物流速递;物流速递,109.13139482682902,34.34484664945969,临潼区,109.13656,34.343612
B0GUJPQLG6,泉通物流,生活服务;物流速递;物流速递,109.10075585561071,34.34964941233058,临潼区,109.105928,34.348439
B0FFI7F6I5,中储发展股份有限公司西安物流中心,生活服务;物流速递;物流仓储场地,109.10490842937892,34.34617994604948,临潼区,109.110082,34.344967
B0FFME6F9G,菜鸟驿站(西安临潼于李村三叉路口店),生活服务;物流速递;物流速递,109.1202374204089,34.36909428170973,临潼区,109.125412,34.367884
B0FFKO19LC,西安邦友仓储配送中心,生活服务;生活服务场所;生活服务场所,109.10926868188284,34.33336283960572,灞桥区,109.114442,34.332142
B0FFMCB7OR,西安众唐物流有限公司(西安众唐物流钢材批发市场、西安众唐物流钢材加工基地)),生活服务;物流速递;物流速递,109.10363114170772,34.34304117542779,临潼区,109.108804,34.341827
B0G1DZDGWC,菜鸟驿站(西安吕家堡村店),生活服务;物流速递;物流速递,109.09653858349512,34.337689269457,灞桥区,109.101707,34.336473
B0MAKLP3PE,宝湾物流园2号库,生活服务;生活服务场所;生活服务场所,109.10835048279304,34.34823813607327,临潼区,109.113525,34.347025
B0FFI25VHV,洪庆新城·儒坤物流中心,生活服务;物流速递;物流速递,109.11011464293088,34.33313235592344,灞桥区,109.115288,34.331911
B0IBUHD8HL,西安伟华物流,生活服务;物流速递;物流速递,109.11420358534288,34.35893089767007,临潼区,109.119379,34.35772
B0FFIJUDED,中国外运陕西有限公司,公司企业;公司;公司|生活服务;物流速递;物流速递,109.11172749268596,34.334666469165946,灞桥区,109.116901,34.333445
B0FFL5L65D,西安临潼现代物流区,生活服务;物流速递;物流仓储场地,109.10669982948664,34.347624797772504,临潼区,109.111874,34.346412
B0IBAUIFKW,粤唐物流,生活服务;物流速递;物流速递,109.10000516449485,34.3279459392744,灞桥区,109.105175,34.326725
B0GKU9OA7Y,菜鸟驿站(西安西核所店),生活服务;物流速递;物流速递,109.13347411361433,34.32883509531524,临潼区,109.138636,34.32759
B0FFHEZZ6I,菜鸟驿站(朝阳社区店),生活服务;物流速递;物流速递,109.12627156417513,34.325424028089415,灞桥区,109.131439,34.324186
B0KD2YLEE2,京东物流(西安洪庆营业部),生活服务;物流速递;物流速递,109.10954999873486,34.32947583336612,灞桥区,109.114723,34.328253
B0FFFAH180,德邦快递(西安灞桥区洪庆经营分部),生活服务;物流速递;物流速递,109.1087824174359,34.3483652597175,临潼区,109.113957,34.347152
B0L09OEIO2,中储钢材市场,生活服务;物流速递;物流速递,109.0987331488501,34.34822400415695,临潼区,109.103904,34.347013
B001D0VU4N,中国邮政(平峪邮政所),生活服务;邮局;邮局,109.1361357527188,34.32875372987379,临潼区,109.141295,34.327505
B0FFLJKS2X,国网(新筑中心所),生活服务;电力营业厅;电力营业厅,109.09657115142774,34.365182420033506,灞桥区,109.101742,34.36398
B0JG7SRFER,百世供应链西安灞桥仓,生活服务;物流速递;物流仓储场地,109.10930157535628,34.33454528471176,灞桥区,109.114475,34.333325
B0KUTAAQV4,菜鸟驿站(南陈村店),生活服务;物流速递;物流速递,109.09297964141768,34.35987173670097,灞桥区,109.098147,34.358666
B0KANSPH6A,周鑫回收铁铜铝,生活服务;生活服务场所;生活服务场所,109.13453948813876,34.347697316662384,临潼区,109.139702,34.34646
B0LG4OEW4W,西安长宏二手物品回收,生活服务;生活服务场所;生活服务场所,109.0956061633794,34.35071492002123,灞桥区,109.100775,34.349505
B0LA37G45E,融辉东郊分拨中心,生活服务;生活服务场所;生活服务场所,109.10441487155876,34.331530962918094,灞桥区,109.109587,34.330311
B0MGPX24WE,鑫源废品回收,生活服务;生活服务场所;生活服务场所,109.13032982686396,34.334501392373994,灞桥区,109.135495,34.333263
B0FFGFQCMH,西安秦博物流,生活服务;物流速递;物流速递,109.0919954589725,34.33853368004926,灞桥区,109.09716,34.337317
B0LKBAT125,阿诚高价废品回收站,生活服务;生活服务场所;生活服务场所,109.09607963968934,34.36386814747532,灞桥区,109.10125,34.362665
B0LKJL2POW,宝湾物流园3号库,生活服务;物流速递;物流速递,109.10800049412153,34.34868776524196,临潼区,109.113175,34.347475
B0K3ODW8SH,中国移动(手机卡宽带办理),生活服务;电讯营业厅;中国移动营业厅,109.09605917867609,34.35789622740051,灞桥区,109.101229,34.35669
B0MGMUA4TF,再生资源回收服务点,生活服务;生活服务场所;生活服务场所,109.09635001508684,34.368635632613625,灞桥区,109.101521,34.367435
B0L1SAPERV,红星废品回收,生活服务;生活服务场所;生活服务场所,109.0956970464932,34.35122465276155,灞桥区,109.100866,34.350015
B0LUKHQNF3,诚信废品回收站,生活服务;生活服务场所;生活服务场所,109.09601573707006,34.34048295303048,灞桥区,109.101184,34.339268
B0LAXU0WDK,(不收纸箱废纸)小辰废品回收,生活服务;生活服务场所;生活服务场所,109.09647249871536,34.339223526721746,灞桥区,109.101641,34.338008
B0FFF01GYY,温泉浴池(洪庆堡路),生活服务;洗浴推拿场所;洗浴推拿场所,109.13403572179315,34.32800223362205,临潼区,109.139197,34.326756
B0JK6C594B,高价废品回收,生活服务;生活服务场所;生活服务场所,109.09600957631469,34.34237402466781,灞桥区,109.101178,34.34116
B0K3OSUDXA,电脑手机维修,生活服务;维修站点;维修站点,109.0960372005862,34.357840258274315,灞桥区,109.101207,34.356634
B0KD4S30B5,24小时地磅,生活服务;生活服务场所;生活服务场所,109.09570955349244,34.35674085586325,灞桥区,109.100879,34.355534
B0K3XHV8I5,中国联通(西韩公路营业厅),生活服务;电讯营业厅;中国联通营业厅,109.09602521162547,34.35782026973028,灞桥区,109.101195,34.356614
B0J21LAGS0,德邦西安临潼转运场,生活服务;物流速递;物流速递,109.10695063050352,34.349287057443306,临潼区,109.112125,34.348075
B0H16DY2NC,鑫淼宇大型激光切割,生活服务;生活服务场所;生活服务场所,109.1028457076123,34.32870595530936,灞桥区,109.108017,34.327485
B0FFMCG6GO,菜鸟驿站(西安灞桥区邵平店村店),生活服务;物流速递;物流速递,109.11820647106732,34.3369698049963,灞桥区,109.123379,34.335745
B0L0ZUEX0W,陕西散花电气照明工程有限公司,生活服务;生活服务场所;生活服务场所,109.11746792059203,34.35201077073655,临潼区,109.122642,34.350794
B0HR0BNZSL,多种焊接维修,生活服务;维修站点;维修站点,109.13182511757988,34.34583869922881,临潼区,109.13699,34.344604
B0FFHF7YRO,磊磊脚手架租赁,生活服务;生活服务场所;生活服务场所,109.14423897280945,34.3534196846246,临潼区,109.149391,34.352171
B0HUG5RB6E,西安米润恒东道路运输有限公司,生活服务;物流速递;物流速递,109.09983001121226,34.33083455066087,灞桥区,109.105,34.329615
B0KAMZ2QTL,灞桥废品回收,生活服务;生活服务场所;生活服务场所,109.1162521130492,34.334649416973235,灞桥区,109.121425,34.333425
B0IAVUIT9J,盛雅轩足浴,生活服务;洗浴推拿场所;洗浴推拿场所,109.09657716192142,34.36501150855162,灞桥区,109.101748,34.363809
B0K01A7YSW,胡润物流(西安)有限公司,生活服务;物流速递;物流速递,109.08496574402297,34.373177134006724,灞桥区,109.090125,34.371975
B0HAZC8600,陕西华冉超大型双激光切割加工中心,生活服务;生活服务场所;生活服务场所,109.10630600325165,34.346670136390244,临潼区,109.11148,34.345457
B0FFG5OBMD,王师三轮配件修理,生活服务;维修站点;维修站点,109.10359436760064,34.32920087673998,灞桥区,109.108766,34.32798
B001D0VW7U,中国福利彩票(仁斜路店),生活服务;彩票彩券销售点;彩票彩券销售点,109.13517678914702,34.328614478044805,临潼区,109.140337,34.327367
B0KD7DJEO8,彩色复印部,生活服务;生活服务场所;生活服务场所,109.09670547052032,34.34898568068762,灞桥区,109.101875,34.347775
B0KRM12VXO,百世云仓,生活服务;物流速递;物流速递|公司企业;公司;公司,109.10975168029532,34.33294626795102,灞桥区,109.114925,34.331725
B0KUVRURF3,陕西腾源大型激光加工中心,生活服务;生活服务场所;生活服务场所,109.1000134507617,34.347465439124726,临潼区,109.105185,34.346254
B0HRCOO0VB,壹米滴答(豁口营业部),生活服务;生活服务场所;生活服务场所,109.10173838143044,34.32662875264163,灞桥区,109.106909,34.325407
B0L3G5HQ80,京东物流(西安宝湾集配站),生活服务;物流速递;物流速递,109.10840436979142,34.3494445553178,临潼区,109.113579,34.348232
B0K3GC8GFH,西安宝湾驻地集配站,生活服务;物流速递;物流速递,109.1088224240058,34.34823834086527,临潼区,109.113997,34.347025
B0FFL64AF6,韵达快递(仁斜路店),生活服务;物流速递;物流速递,109.1440179285066,34.32782788456992,临潼区,109.149168,34.326567
B0LBZSHN4D,安能物流(豁口营业),生活服务;物流速递;物流速递,109.10890201759946,34.32994731020946,灞桥区,109.114075,34.328725
B0FFL6ZGVU,起重设备配件维修,生活服务;维修站点;维修站点,109.09594867011978,34.34184329222644,灞桥区,109.101117,34.340629
B0IB97BI35,中拓物流灞桥中心库,生活服务;物流速递;物流仓储场地,109.09634667252764,34.36116152271884,灞桥区,109.101517,34.359957
B0GUADAFBG,卡友汇维修中心,生活服务;维修站点;维修站点|汽车维修;汽车维修;汽车维修,109.096053615873,34.34153243412681,灞桥区,109.101222,34.340318
B0LBL1S58V,中储物流园,生活服务;物流速递;物流速递,109.10180657606058,34.346878929766085,临潼区,109.106979,34.345667
B0MGVRFV7Z,西安仁昌达远物流有限公司,生活服务;物流速递;物流速递,109.10025489412828,34.32944524514581,灞桥区,109.105425,34.328225
B0LKVR68ZY,菜鸟驿站,生活服务;物流速递;物流速递,109.10005523693324,34.326796487958255,灞桥区,109.105225,34.325575
B0JAHRHMM7,升宏物流,生活服务;物流速递;物流速递,109.08545737246315,34.36977464432578,灞桥区,109.090617,34.368571
B0J0CHCXGU,飞洁冷链西安运营中心,生活服务;物流速递;物流速递,109.11213441256224,34.34717556304875,临潼区,109.117309,34.34596
B0JRTU690J,贺元培再生资源回收服务点,生活服务;生活服务场所;生活服务场所,109.11635701196658,34.33609679412756,灞桥区,109.12153,34.334873
B0LR2L5UAZ,圆通快递网点·港务区,生活服务;物流速递;物流速递,109.10862248519648,34.359216692771234,临潼区,109.113798,34.358009
B0JRNS4H3I,高价回收废品铁铜铝,生活服务;生活服务场所;生活服务场所,109.13980377893591,34.36279908313015,临潼区,109.144962,34.361562
B0LRMHY8PA,双亿坤废品回收,生活服务;生活服务场所;生活服务场所,109.09545596253928,34.354383086395465,灞桥区,109.100625,34.353175
B0MBH7ICRQ,中国体育彩票(仁斜路店),生活服务;彩票彩券销售点;彩票彩券销售点,109.13447207890894,34.328760456030004,临潼区,109.139633,34.327514
B0FFLKJFQC,中国福利彩票(窑村路店),生活服务;彩票彩券销售点;彩票彩券销售点,109.11969319827952,34.36908481078143,临潼区,109.124868,34.367875
B0JRYDA8EB,西安灞桥陕西蓝天民航技师学院世园会校区物流中心,生活服务;物流速递;物流速递,109.11020162885757,34.333246344397125,灞桥区,109.115375,34.332025
B0H0ULOCWJ,专业缝纫,生活服务;洗衣店;洗衣店,109.095556451514,34.35929656625793,灞桥区,109.100726,34.358091
B0H0Z5V27A,羽妆制衣,生活服务;生活服务场所;生活服务场所,109.13648804104427,34.352505573494724,临潼区,109.141649,34.351268
B0JA4AU05T,壹米滴答(临潼西营业部),生活服务;物流速递;物流速递,109.13686458050228,34.35086392864631,临潼区,109.142025,34.349625
B0LAD1B58M,莲生搬家,生活服务;生活服务场所;生活服务场所,109.13336300595158,34.32886993294026,临潼区,109.138525,34.327625
B0L3A1X603,欣大友配送商贸公司,生活服务;物流速递;物流速递,109.11130278964475,34.33118390926428,灞桥区,109.116476,34.329961
B0JBT99ALP,西安金宇彩钢(锰镁铝板彩钢板楼承板),生活服务;生活服务场所;生活服务场所,109.08505278802848,34.33699546990074,灞桥区,109.090209,34.335775
B0J17UI94L,陕西始源家政服务有限公司,生活服务;生活服务场所;生活服务场所,109.11659909577912,34.335839099474626,灞桥区,109.121772,34.334615
B0L3AOYA12,羊世斌精品配送,生活服务;生活服务场所;生活服务场所,109.11108281499278,34.33088593316148,灞桥区,109.116256,34.329663
B0MGALFMX6,中联物流中转站,生活服务;物流速递;物流速递,109.12320474378144,34.33620467797957,灞桥区,109.128375,34.334975
B0FFIL9MDF,中源国际汽配港招商中心,生活服务;生活服务场所;生活服务场所,109.08681930022286,34.37305516718315,灞桥区,109.091981,34.371854
B0LRH99WVD,菜鸟驿站(物阜路店)(暂停营业),生活服务;物流速递;物流速递,109.10485124942105,34.348436804989966,临潼区,109.110025,34.347225
B0M67ZX5QX,极兔速递(西安市东城网点),生活服务;物流速递;物流速递,109.1013040783786,34.332493896480706,灞桥区,109.106475,34.331275
B0H0UUMUQL,智强广告,生活服务;生活服务场所;生活服务场所,109.0857928039642,34.37113973359169,灞桥区,109.090953,34.369937
B0FFH934JI,秦东浴池,生活服务;洗浴推拿场所;洗浴推拿场所,109.13580443676696,34.32847240549543,临潼区,109.140964,34.327224
B0LACRJKFW,芸岭鲜生西安有机加工中心,公司企业;公司企业;公司企业|生活服务;生活服务场所;生活服务场所,109.0929591166645,34.34323912049736,灞桥区,109.098125,34.342025
B0HRVXIOQK,中国电信(凤凰大道营业厅),生活服务;电讯营业厅;中国电信营业厅,109.14412207688356,34.32764013813528,临潼区,109.149272,34.326379
B0FFKF6OP1,材质复印部,生活服务;摄影冲印店;摄影冲印,109.09618213672786,34.345875275846,灞桥区,109.101351,34.344663
B0FFG7LD5I,胜旺彩钢出租脚手架,购物服务;家居建材市场;建材五金市场|生活服务;生活服务场所;生活服务场所,109.09602665922525,34.34127556306419,灞桥区,109.101195,34.340061
B0KKC5OHIQ,巨龙电动车(精修电动车),生活服务;维修站点;维修站点,109.11049766926406,34.332657777202755,灞桥区,109.115671,34.331436
B0HGYZW4JI,西安诚迅远通物流有限公司,生活服务;物流速递;物流速递,109.09017902778716,34.342215462458235,灞桥区,109.095342,34.341
B0HRVR0YU8,瑞丰数控冲孔加工,生活服务;生活服务场所;生活服务场所,109.12028900880163,34.33981318537801,灞桥区,109.125461,34.338588
B0GU9XW2PM,雷飞再生资源回收服务点,生活服务;生活服务场所;生活服务场所,109.13190023291058,34.345282070689045,临潼区,109.137065,34.344047
B0L6Z52RZ3,博盛激光切管,生活服务;生活服务场所;生活服务场所,109.10866260621108,34.34637220072807,临潼区,109.113837,34.345158
B0MG1ASK8M,菜鸟驿站,生活服务;物流速递;物流速递,109.0869104060277,34.336220819571324,灞桥区,109.092069,34.335001
B0J2DAU4OC,工会爱心驿站(中国石化豁口加油站),生活服务;生活服务场所;生活服务场所,109.10039000410406,34.327344255507136,灞桥区,109.10556,34.326123
B0GR2ABH39,高价废品回收,生活服务;生活服务场所;生活服务场所,109.09556222052645,34.350463051975986,灞桥区,109.100731,34.349253
B0KB474ALS,广大激光切割,生活服务;生活服务场所;生活服务场所,109.12180353944944,34.3416506674049,灞桥区,109.126975,34.340425
B0MBN6RSR7,菜鸟驿站,生活服务;物流速递;物流速递,109.12210228617052,34.35764293094184,临潼区,109.127275,34.356425
B0K6MCHVC6,春雅美大型激光切割,生活服务;生活服务场所;生活服务场所,109.10225060966351,34.344173343066615,临潼区,109.107423,34.34296
B0FFL5EA5P,香香发型设计,生活服务;美容美发店;美容美发店,109.13353330020476,34.32734088299165,临潼区,109.138695,34.326095
B0LBZDOIV2,赵师专业裁缝店,生活服务;生活服务场所;生活服务场所,109.0933661537308,34.33849535401832,灞桥区,109.098532,34.337279
B0L0H7QIRV,中国邮政(欣丰农副产品物流港店),生活服务;邮局;邮局,109.11045188614489,34.330197932294574,灞桥区,109.115625,34.328975
B0FFGB155D,巴特罗庄园,生活服务;摄影冲印店;摄影冲印,109.11616441340428,34.353804875608915,临潼区,109.121339,34.35259
B0JB7RN1VX,鑫林瑞2万瓦大型激光切割6千瓦破口切管数控折弯,生活服务;生活服务场所;生活服务场所,109.10643005012965,34.345801610685434,临潼区,109.111604,34.344588
B0M6TR60AP,菜鸟驿站,生活服务;物流速递;物流速递,109.11585229991071,34.33145066416311,灞桥区,109.121025,34.330225
B0H2CUTA57,西安镀锌板楼承板冷板批发,生活服务;生活服务场所;生活服务场所,109.12161147657298,34.341304657495215,灞桥区,109.126783,34.340079
B0FFLAKBPP,炫丽美发,生活服务;美容美发店;美容美发店,109.09647260370716,34.33802311230275,灞桥区,109.101641,34.336807
B0KK1ZMSD2,王力电焊二保焊加工楼梯隔层车辆焊接,生活服务;生活服务场所;生活服务场所,109.09549901159188,34.353427565056315,灞桥区,109.100668,34.352219
B0L1CA542L,中国福利彩票(西韩公路店),生活服务;彩票彩券销售点;彩票彩券销售点,109.09647259006988,34.33817903634001,灞桥区,109.101641,34.336963
B0LA49BEWD,斜口窑村综合服务社,生活服务;生活服务场所;生活服务场所,109.11022692938111,34.35262879869976,临潼区,109.115402,34.351417
B0JAUPG7L5,中国福利彩票(西韩公路店),生活服务;彩票彩券销售点;彩票彩券销售点,109.0963546478334,34.36137441218928,灞桥区,109.101525,34.36017
B0L3JPCYK6,韵达快递,生活服务;物流速递;物流速递,109.10819953579468,34.35928247842075,临潼区,109.113375,34.358075
B0HUVX5ADM,中国福利彩票(中源汽配港店),生活服务;彩票彩券销售点;彩票彩券销售点,109.08699507894316,34.37303508805462,灞桥区,109.092157,34.371834
B0I3FLW1MA,广告复印照相,生活服务;生活服务场所;生活服务场所,109.13572835278886,34.32854426651359,临潼区,109.140888,34.327296
B0J1C5GQVY,工会驿站(临潼服务区司机之家),生活服务;生活服务场所;生活服务场所,109.138507890855,34.34480230141042,临潼区,109.143666,34.343558
B0L29NPPAM,荣创激光专业切管,生活服务;生活服务场所;生活服务场所,109.10420129265856,34.35038565606282,临潼区,109.109375,34.349175
B0LRKLIXPL,韵达速递(西韩公路店),生活服务;物流速递;物流速递,109.0961218926667,34.33776826826507,灞桥区,109.10129,34.336552
B0KACRMNM3,电焊二保焊加工,生活服务;生活服务场所;生活服务场所,109.09546703756271,34.353424570628505,灞桥区,109.100636,34.352216
B0L3DZ4TXN,老杨机械加工电焊部,生活服务;生活服务场所;生活服务场所,109.09525771572486,34.33619213570589,灞桥区,109.100425,34.334975
B0K0MDG57Q,过事大全,生活服务;生活服务场所;生活服务场所,109.11069584758336,34.33056388304086,灞桥区,109.115869,34.329341
B0FFG76K88,永兴裁缝店,生活服务;生活服务场所;生活服务场所,109.13529490460913,34.32864962232228,临潼区,109.140455,34.327402
B0LGHDLUQ7,盛唐鹏程广告,生活服务;生活服务场所;生活服务场所,109.10976983307174,34.33118812036667,灞桥区,109.114943,34.329966
B0HKCHDAR2,理发店,生活服务;美容美发店;美容美发店,109.09626929640687,34.34329054742985,灞桥区,109.101438,34.342077
B0I3F9YV4S,斜口甲邮政所,生活服务;邮局;邮局,109.11951544333384,34.365492538118296,临潼区,109.12469,34.364281
B0I3F7TDJ8,百顺驾校报名处,生活服务;生活服务场所;生活服务场所,109.08935278463689,34.36693023464175,灞桥区,109.094517,34.365727
B0FFG23JGY,四季裁缝店,生活服务;生活服务场所;生活服务场所,109.13458319431165,34.32868564091086,临潼区,109.139744,34.327439
B0HGTN75Q9,倾城至尊造型美发(朝阳社区店),生活服务;美容美发店;美容美发店,109.12629958281408,34.32542705728003,灞桥区,109.131467,34.324189
B0LUZSI5IK,小马汽修,生活服务;生活服务场所;生活服务场所,109.09877887179424,34.36247176022685,灞桥区,109.103951,34.361268
B0JAZKX7ZW,胖子电气焊,生活服务;生活服务场所;生活服务场所,109.09660382096696,34.368675590569815,灞桥区,109.101775,34.367475
B0KGNSWQLE,欣丰广告城,公司企业;公司;广告装饰|生活服务;生活服务场所;生活服务场所,109.1098477384312,34.332211667365534,灞桥区,109.115021,34.33099
B0HRR7VRAV,丸美(北陈景都购物广场店),生活服务;美容美发店;美容美发店,109.09618085051456,34.360572841423384,灞桥区,109.101351,34.359368
B0FFGFQ7YC,紫炫美容养生馆,生活服务;美容美发店;美容美发店,109.1183075507568,34.33644514180184,灞桥区,109.12348,34.33522
B0IAJYQC2C,名尚造型(洪庆堡路店),生活服务;美容美发店;美容美发店,109.13406672762228,34.328277144241994,临潼区,109.139228,34.327031
B0MGM7AFFQ,儒坤物流中心1号库,生活服务;物流速递;物流速递,109.10825172247338,34.33424496570367,灞桥区,109.113425,34.333025
B0KANHWG36,兄弟焊接,生活服务;生活服务场所;生活服务场所,109.09621032943706,34.343427485342005,灞桥区,109.101379,34.342214
B0MBHLJ32H,陕西商储物流园A区11号库,生活服务;物流速递;物流速递,109.12285409879688,34.3414017967427,灞桥区,109.128025,34.340175
B0LK15DV1A,关中驾校招生办公室,生活服务;生活服务场所;生活服务场所,109.09647257206151,34.3383849359848,灞桥区,109.101641,34.337169
B0FFLDL0C8,致尚国际抗衰养生连锁机构,生活服务;美容美发店;美容美发店,109.0961359900358,34.359373462553066,灞桥区,109.101306,34.358168
B0MBK5QFCH,西安宝科智慧港临时招商中心,生活服务;生活服务场所;生活服务场所,109.1217648451883,34.33794444444829,灞桥区,109.126936,34.336717
B0FFI2HFM6,西北快运,生活服务;物流速递;物流速递,109.08865808820494,34.372623525814205,灞桥区,109.093822,34.371423
B0MBBCWSQ1,辣妈悦瘦,生活服务;美容美发店;美容美发店,109.11035174960234,34.33179711611629,灞桥区,109.115525,34.330575
B0L0PY02QA,秦东物流,生活服务;物流速递;物流速递,109.09633624307229,34.34331852755244,灞桥区,109.101505,34.342105
B0I1JY8AEZ,庆华驾校邵平店报名联络点(暂停营业),生活服务;生活服务场所;生活服务场所,109.11934889141276,34.336826824011844,灞桥区,109.124521,34.335601
B0FFGFQ53K,雅姿美发,生活服务;美容美发店;美容美发店,109.1196331580037,34.36927266015255,临潼区,109.124808,34.368063
B0I0VH8JTS,西安奋均再生资源有限公司,生活服务;生活服务场所;生活服务场所,109.10179461113408,34.36936241728117,灞桥区,109.106969,34.368162
B0FFIL9S63,白云照相馆,生活服务;摄影冲印店;摄影冲印,109.0962271651838,34.345156628220266,灞桥区,109.101396,34.343944
B0M6DM56EN,康明斯发动机维修服务中心,生活服务;维修站点;维修站点,109.08501578897858,34.37187779286218,灞桥区,109.090175,34.370675
B0MBT5CNZI,陕能源专升本咨询处,生活服务;生活服务场所;生活服务场所,109.1335451839836,34.328798206314126,临潼区,109.138707,34.327553
B0KRYRWMJA,玉冰泉水站,生活服务;生活服务场所;生活服务场所,109.10720646128097,34.362041662041825,临潼区,109.112382,34.360836
B0I3F14YSC,博飞专业大型钢板卷圆,生活服务;生活服务场所;生活服务场所,109.10538516647078,34.34756139703883,临潼区,109.110559,34.346349
B0M61HHOAG,推拿按摩,生活服务;洗浴推拿场所;洗浴推拿场所,109.09575580220698,34.35348350580401,灞桥区,109.100925,34.352275
B0L3MROBJK,三角木收售二手木托盘,生活服务;生活服务场所;生活服务场所,109.09614047196,34.365247424211695,灞桥区,109.101311,34.364045
B0JU7OSL3U,红艳发艺,生活服务;美容美发店;美容美发店,109.0964726083403,34.33797013810385,灞桥区,109.101641,34.336754
B0G10AD9VB,扬晓美发,生活服务;美容美发店;美容美发店,109.0962153173968,34.34352143847913,灞桥区,109.101384,34.342308
B0FFGFQC2T,于家村公共服务中心,生活服务;生活服务场所;生活服务场所,109.08787658747116,34.35473316058175,灞桥区,109.093038,34.353523
B0LDTH24TZ,修座椅,生活服务;生活服务场所;生活服务场所,109.09631507033046,34.368307807825,灞桥区,109.101486,34.367107
B0JDPHX0Y9,宝鹏强铺路钢板租赁,生活服务;生活服务场所;生活服务场所,109.11457354294367,34.36007255743043,临潼区,109.119749,34.358862
B0L375LY5F,天中驾校招生办公室,生活服务;生活服务场所;生活服务场所,109.096472573198,34.33837194231942,灞桥区,109.101641,34.337156
B0J2PMABPE,勇冠物流,生活服务;物流速递;物流速递,109.08523566362224,34.36987771888844,灞桥区,109.090395,34.368674
B0LABU4BHE,钟师铣床加工,生活服务;生活服务场所;生活服务场所,109.09560242321996,34.336357011209486,灞桥区,109.10077,34.33514
B0G0XNWX8F,发源地美容美发(拥军路店),生活服务;美容美发店;美容美发店,109.13636021580356,34.37182940355681,临潼区,109.141523,34.370602
B0K1D1C2RW,温家寨直饮水站,生活服务;生活服务场所;生活服务场所,109.11067619873576,34.36079486157805,临潼区,109.115852,34.359587
B0L1C966EV,禾沣水务,生活服务;自来水营业厅;自来水营业厅,109.11161150092764,34.34595087605506,临潼区,109.116786,34.344735
B0LKNZPK0E,江源物流,生活服务;物流速递;物流速递,109.0992537389527,34.34923551243938,临潼区,109.104425,34.348025
B0M6LL7DRN,地势坤激光切割,生活服务;生活服务场所;生活服务场所,109.09658955396092,34.34901467491751,灞桥区,109.101759,34.347804
B0L1RYALZS,招商物业中心,生活服务;生活服务场所;生活服务场所,109.10034411856724,34.349163616606226,临潼区,109.105516,34.347953
B0L0J6E1CL,西安宇硕大型激光切割,生活服务;生活服务场所;生活服务场所,109.1003030953085,34.349685351660064,临潼区,109.105475,34.348475
B0LUNL33D1,招商部,生活服务;生活服务场所;生活服务场所,109.09670946669377,34.348995675393674,灞桥区,109.101879,34.347785
B0IRTXIHYA,泰鑫昌大型激光切割,生活服务;生活服务场所;生活服务场所,109.10564510318272,34.34745652909486,临潼区,109.110819,34.346244
B0L6HHABI8,西安秦苏物流有限公司,生活服务;物流速递;物流速递,109.0962131123092,34.34588326892436,灞桥区,109.101382,34.344671
B0LK5OU3XS,康明斯动力卡友驿站,生活服务;生活服务场所;生活服务场所,109.08830049675667,34.37278959507722,灞桥区,109.093464,34.371589
B0K0YLO84E,华轩广告装饰,生活服务;生活服务场所;生活服务场所,109.10995081596164,34.33125617574632,灞桥区,109.115124,34.330034
B0I0PR1H51,汽车脚垫现场加工,生活服务;生活服务场所;生活服务场所,109.08589763069423,34.37153046850252,灞桥区,109.091058,34.370328
B0L2BUL9CW,美湾发艺,生活服务;美容美发店;美容美发店,109.1102517667354,34.33164713764164,灞桥区,109.115425,34.330425
B0H1R58XVW,三河一山绿道-皂渭驿,生活服务;生活服务场所;生活服务场所,108.8501050345964,34.37731099821052,未央区,108.85473,34.375791
B0FFFEU5NW,松速物流,生活服务;物流速递;物流仓储场地,108.88871603535884,34.37438456283462,未央区,108.893308,34.372817
B0LU29VA5J,经开一中(东门),生活服务;生活服务场所;生活服务场所,108.88784754470282,34.37967724078314,未央区,108.89244,34.378113
B0J2BURWQ5,云起时·营销中心,生活服务;生活服务场所;生活服务场所,108.87942042416472,34.37530135252726,未央区,108.884015,34.373741
B0KK4SUYBG,中通速递西安北郊分部,生活服务;物流速递;物流速递,108.86892309345512,34.374487500135416,未央区,108.873525,34.372938
B0K1XHYA5H,中国联通尚稷路营业厅,生活服务;电讯营业厅;中国联通营业厅,108.88446120304891,34.37650676203853,未央区,108.889054,34.374943
B0FFKW3ZR8,菜鸟驿站(长安大学渭水校区店),生活服务;物流速递;物流速递,108.90471530637464,34.37503556915028,未央区,108.909313,34.373465
B0K3GA8E2E,三河一山绿道-草滩驿,生活服务;生活服务场所;生活服务场所,108.88114215238583,34.38823083835896,未央区,108.885737,34.386676
B0LASH2DZ0,陕西柯迪物流有限公司,生活服务;物流速递;物流速递,108.89436747374808,34.37521454170055,未央区,108.89896,34.373645
B0HGH19EYW,菜鸟驿站(中南紫云集店),生活服务;物流速递;物流速递,108.90495703790091,34.38841628672182,未央区,108.909556,34.386853
B0K06638D2,菜鸟驿站(绿城桂语蘭庭店),生活服务;物流速递;物流速递,108.88478211127932,34.37863784477808,未央区,108.889375,34.377075
B0L2O7WTHN,典唐盲人推拿(桂语蘭庭店),生活服务;洗浴推拿场所;洗浴推拿场所,108.8844171700528,34.37677558688118,未央区,108.88901,34.375212
B0FFFA98J9,国家电网窑店供电所,生活服务;电力营业厅;电力营业厅,108.84782351538816,34.403486626964586,渭城区,108.852454,34.401985
B0HBNPUXGT,窑店电商快递综合服务中心,生活服务;物流速递;物流速递,108.84797678011884,34.403079123707144,渭城区,108.852607,34.401577
B0FFK324S9,西安佰优食品配送有限公司,生活服务;生活服务场所;生活服务场所,108.89142146148995,34.38104531126195,未央区,108.896014,34.37948
B0MGKSK0QH,宸鑫鹏泰高价回收铁铜铝,生活服务;生活服务场所;生活服务场所,108.90305149290786,34.41259680092605,渭城区,108.907651,34.411047
B0L196GPVX,中国体育彩票(毕升路店),生活服务;彩票彩券销售点;彩票彩券销售点,108.87941414344512,34.37874750092022,未央区,108.884009,34.377189
B0I1NC9IH5,小侯再生资源废品回收,生活服务;生活服务场所;生活服务场所,108.88908371575558,34.37855253016568,未央区,108.893676,34.376987
B0L3OAY4TI,智慧开锁换锁汽车钥匙,生活服务;生活服务场所;生活服务场所,108.87834749478203,34.38005881764126,未央区,108.882943,34.378502
B0L0LLAOAS,顺丰速运(草滩工业店),生活服务;物流速递;物流速递,108.89063265923107,34.379190957028435,未央区,108.895225,34.377625
B0K0YSGC64,京东快递(西安六村堡营业部),生活服务;物流速递;物流速递,108.89713158591644,34.37589487896519,未央区,108.901725,34.374325
B0G17SWDZ7,公共厕所,生活服务;生活服务场所;生活服务场所,108.88945294836849,34.375783206546814,未央区,108.894045,34.374216
B0HR5OE5VK,菜鸟驿站(秦汉佳苑店),生活服务;物流速递;物流速递,108.86992179292628,34.401660786104785,渭城区,108.874525,34.400125
B0MBNXV4U7,中国铁建长河天骄府售楼部,生活服务;生活服务场所;生活服务场所,108.88242903746468,34.408119686167694,渭城区,108.887025,34.406575
B0LG9HVBPK,鑫旺图文快印,生活服务;生活服务场所;生活服务场所,108.8770571070084,34.37590281347271,未央区,108.881653,34.374345
B0L0BUUJW3,共创再生资源回收,公司企业;公司;公司|生活服务;生活服务场所;生活服务场所,108.8999063009092,34.37649293428417,未央区,108.904501,34.374923
B0L0LH8ZPL,顺丰速运(西安大兴医院渭水园院区店),生活服务;物流速递;物流速递,108.86574753072902,34.380508174665856,未央区,108.870353,34.378966
B0JUVAVXCU,废品回收,生活服务;生活服务场所;生活服务场所,108.84887299916764,34.40464177304221,渭城区,108.853502,34.403139
B0KGPRXQZF,陕西永盛通运输服务有限公司,生活服务;物流速递;物流速递,108.84838919179076,34.40566535769716,渭城区,108.853019,34.404164
B0I3Y7M3IK,废品回收,生活服务;生活服务场所;生活服务场所,108.85105312892146,34.40555694144967,渭城区,108.855679,34.404051
B0I0SUI0IQ,印立得图文广告,生活服务;摄影冲印店;摄影冲印,108.8455878702964,34.3938011834298,渭城区,108.850221,34.392298
B0HD7UQ5TB,废品站,生活服务;生活服务场所;生活服务场所,108.84801680386444,34.40353193489707,渭城区,108.852647,34.40203
B0KU9DDSNO,维修电动车(毕升路店),生活服务;维修站点;维修站点,108.88033890004948,34.37469748274009,未央区,108.884933,34.373136
B0H655NFSW,陕西省西咸新区社会保险管理中心秦汉窗口,生活服务;生活服务场所;生活服务场所,108.85159070830092,34.39560946888585,渭城区,108.856215,34.394097
B001D08R3E,长安大学渭水校区学生浴室(朝晖路),生活服务;洗浴推拿场所;洗浴推拿场所,108.90381292153924,34.3758212542937,未央区,108.90841,34.374251
B0JUP77YMS,白桦林悦营销中心,生活服务;生活服务场所;生活服务场所,108.90167841550654,34.387439066548936,未央区,108.906275,34.385875
B0JKL55EF9,西咸新区窑店街道综合养老服务中心,生活服务;生活服务场所;生活服务场所,108.853502101092,34.411731427729954,渭城区,108.858125,34.410225
B0JA4AWMQZ,德佑地产A级门店(绿城桂语蘭庭店),生活服务;生活服务场所;生活服务场所,108.88464024137156,34.37659184296742,未央区,108.889233,34.375028
B0I6HDY125,西安众和食品配送,生活服务;生活服务场所;生活服务场所,108.89158149176976,34.38050067451089,未央区,108.896174,34.378935
B0IUXXL9QQ,菜鸟驿站(合悦华府一期店),生活服务;物流速递;物流速递,108.87711015213026,34.375728958264254,未央区,108.881706,34.374171
B0J2D7WYWN,安个家(东晋桃源缙福源店),生活服务;中介机构;中介机构,108.8799992672878,34.38064399715914,未央区,108.884594,34.379086
B0FFIQBMI9,菜鸟驿站(东晋桃源缙福源店),生活服务;物流速递;物流速递,108.88038056108276,34.37913414273219,未央区,108.884975,34.377575
B0K6MUINEK,链家(绿城桂语澜庭店),生活服务;生活服务场所;生活服务场所,108.8841611209252,34.37654452714205,未央区,108.888754,34.374981
B0H21S5KJM,秦汉新城华清园·文津观澜营销中心,生活服务;生活服务场所;生活服务场所,108.880582714225,34.40314302045115,渭城区,108.885179,34.401597
B0LG4SC8R4,诺家(合悦华府二期店),生活服务;中介机构;中介机构,108.87753927937624,34.377218577904195,未央区,108.882135,34.375661
B0JR0SPFDJ,奥卡云谷营销中心,生活服务;生活服务场所;生活服务场所,108.84894404372788,34.39305342698571,渭城区,108.853572,34.391544
B0JAOYRTA4,鹏鹏开锁,生活服务;生活服务场所;生活服务场所,108.85054345283817,34.404769536016104,渭城区,108.85517,34.403264
B0HDXH8PWV,德佑地产(中南紫云集店),生活服务;中介机构;中介机构,108.90532676836108,34.388093407162216,未央区,108.909926,34.38653
B0JKPHT48W,海珀未泱营销中心,生活服务;生活服务场所;生活服务场所,108.90444289087006,34.382785434304225,未央区,108.909041,34.381219
B0L6USXR50,诺家地产(合悦华府店),生活服务;生活服务场所;生活服务场所,108.87934914536932,34.37833066664152,未央区,108.883944,34.376772
B0G0FLBH4X,西咸新区秦汉法律服务所,生活服务;事务所;律师事务所,108.85124439290756,34.40570717538513,渭城区,108.85587,34.404201
B0K27ZXZC4,绿城桂语蘭庭物业租售中心,生活服务;生活服务场所;生活服务场所,108.88390303418808,34.37673523768811,未央区,108.888496,34.375172
B0JR76AUFC,菜鸟驿站(合悦华府二期店),生活服务;物流速递;物流速递,108.878734900587,34.37754153123846,未央区,108.88333,34.375983
B0J1AS3B8A,绿城·江城阅生活美学馆,生活服务;生活服务场所;生活服务场所,108.88614916269368,34.40636036078039,渭城区,108.890744,34.404812
B0K22Z9UAL,中国广电(秦汉营业厅),生活服务;生活服务场所;生活服务场所,108.84991700436984,34.39898276275965,渭城区,108.854544,34.397475
B0IR6MSEUV,诺家(58安居客房产租售总店),生活服务;中介机构;中介机构,108.8532177332289,34.39903123089359,渭城区,108.85784,34.397518
B0FFH19XL5,家电维修,生活服务;维修站点;维修站点,108.85576445054572,34.4083700045773,渭城区,108.860384,34.406858
B0KK7KBX84,菜鸟驿站(绿城复地·柳岸晓风店),生活服务;物流速递;物流速递,108.89941075096702,34.38642451520169,未央区,108.904006,34.38486
B0FFGFRFC4,重阳陵园,生活服务;丧葬设施;公墓,108.9018150410436,34.3910370821673,未央区,108.906412,34.389475
B0L05CT4KW,小二延安沾沾,生活服务;生活服务场所;生活服务场所,108.8848652254677,34.37746753104542,未央区,108.889458,34.375904
B0JGGSQONB,废品回收,生活服务;生活服务场所;生活服务场所,108.87970643548375,34.41406696076001,渭城区,108.884304,34.412528
B0FFFZ89WB,中国体育彩票(窑店镇路店),生活服务;彩票彩券销售点;彩票彩券销售点,108.85233189474847,34.40635561034003,渭城区,108.856956,34.404848
B0K3GH3C25,合悦华府福悦推拿馆,生活服务;洗浴推拿场所;洗浴推拿场所,108.87933615939724,34.37807779079888,未央区,108.883931,34.376519
B0MGDZPN3E,合悦华府一期北门德佑品牌店,生活服务;中介机构;中介机构,108.8778984967173,34.37701503068753,未央区,108.882494,34.375457
B0L1SLRVF5,彭世修脚(桂语兰庭店),生活服务;洗浴推拿场所;洗浴推拿场所,108.8849793098257,34.37675299283009,未央区,108.889572,34.375189
B0L3JSE7S5,格点国际洗衣洗鞋(合悦华府店),生活服务;洗衣店;洗衣店,108.87851979419736,34.377473368847255,未央区,108.883115,34.375915
B0L6X5TEAD,克丽缇娜(绿城桂语兰庭店),生活服务;美容美发店;美容美发店,108.88485127810732,34.3767728935391,未央区,108.889444,34.375209
B0FFK3H5YS,嘉信家电制冷维修,生活服务;维修站点;维修站点,108.84812399599782,34.403156333652774,渭城区,108.852754,34.401654
B0JG3XY00S,菜鸟驿站(绿城桂语蘭庭店),生活服务;物流速递;物流速递,108.88376201063396,34.37652724553571,未央区,108.888355,34.374964
B0JULMERGV,中国电信文津观澜社区到家服务站,生活服务;电讯营业厅;中国电信营业厅,108.86946223738876,34.40351517100057,渭城区,108.874066,34.401981
B0H0FCL5FG,中天诚品售楼处,生活服务;生活服务场所;生活服务场所,108.85412709999908,34.397697459892775,渭城区,108.858748,34.396182
B0KKCCMU7R,芭芭多芦荟美容(桂语蘭庭店),生活服务;美容美发店;美容美发店,108.88444719011108,34.37662269005861,未央区,108.88904,34.375059
B0FFL5EGWN,董银乐艾灸理疗馆,生活服务;生活服务场所;生活服务场所,108.88501075621652,34.42091711493137,渭城区,108.889607,34.419378
B0LB2URNI7,纽西之谜美肤中心(西安桂语兰庭店),生活服务;生活服务场所;生活服务场所,108.88313943527268,34.38132319911901,未央区,108.887733,34.379763
B0L3ULI99N,格点国际洗衣洗鞋(绿城桂语兰庭店),生活服务;洗衣店;洗衣店,108.8840319089328,34.37873725734345,未央区,108.888625,34.377175
B0K0ZZZ2VN,正章干洗(草滩六路店),生活服务;洗衣店;洗衣店,108.87710215719451,34.37560801501898,未央区,108.881698,34.37405
B0KAG7R263,旭辉·铂樾万境售楼部,生活服务;生活服务场所;生活服务场所,108.84783834050852,34.39357823389682,渭城区,108.852468,34.392071
B0L6DC91IL,顺心捷达(草滩一路店),生活服务;物流速递;物流速递,108.89069064650543,34.379317915611594,未央区,108.895283,34.377752
B0KD4SZ6MW,CiYO·西柚造型(草滩六路合悦华府尚稷路店),生活服务;美容美发店;美容美发店,108.8777455921138,34.374778079962745,未央区,108.882341,34.373219
B0LUV5DW2Z,中国福利彩票(草滩农场供应链服务基地2-20),生活服务;生活服务场所;生活服务场所,108.89908034474828,34.38104241013538,未央区,108.903675,34.379475
B0LAJSROOJ,乐远(合悦华府二期店),生活服务;中介机构;中介机构|购物服务;购物相关场所;购物相关场所,108.8793371701194,34.37795085986046,未央区,108.883932,34.376392
B0FFKU3VE7,合悦华府售楼部,生活服务;生活服务场所;生活服务场所,108.87884273257046,34.38031313897741,未央区,108.883438,34.378756
B0LRTCADN8,百步印社24H自助打印(合能合悦华府二期18号楼东侧),生活服务;生活服务场所;生活服务场所,108.8778863765468,34.37842326358083,未央区,108.882482,34.376866
B0MGVUF9E1,白桦林天成营销中心,生活服务;生活服务场所;生活服务场所,108.89416675217976,34.38473034505111,未央区,108.89876,34.383166
B0MAYL3EB5,丸碧科技护肤中心(绿城桂语蘭庭店),生活服务;美容美发店;美容美发店,108.88340791044727,34.37646401625408,未央区,108.888001,34.374901
B0K3O7V0C6,德佑华清园文津观澜店,生活服务;中介机构;中介机构,108.87712685685754,34.40431718375785,渭城区,108.881725,34.402775
B0K0V795OG,瑾昀物流,生活服务;物流速递;物流速递,108.89066574261096,34.3781385383776,未央区,108.895258,34.376572
B0KKJCYLSI,宏景地产(合悦华府东门店),生活服务;中介机构;中介机构,108.87932806241612,34.379232162759166,未央区,108.883923,34.377674
B0FFIZWWG7,精修眼镜,生活服务;维修站点;维修站点,108.85245205929822,34.40642376952046,渭城区,108.857076,34.404916
B0H0DM8UY2,中天诚品物业服务中心,生活服务;生活服务场所;生活服务场所,108.85087243265414,34.39857460371827,渭城区,108.855498,34.397065
B0LKF1VB2Z,丰巢柜,生活服务;物流速递;物流速递,108.9000302440878,34.376394995673216,未央区,108.904625,34.374825
B0KRFMIYYW,丰巢快递柜(西安博爱学校店),生活服务;物流速递;物流速递,108.875928555514,34.37418260273197,未央区,108.880525,34.372625
B0FFMAG8V5,菜鸟驿站(金泰经开花城店)(暂停营业),生活服务;物流速递;物流速递,108.8970824946399,34.377254142002506,未央区,108.901676,34.375685
B0ID6R7QST,中国电信秦汉佳苑社区到家服务站(暂停营业),生活服务;生活服务场所;生活服务场所,108.86946223738876,34.40351517100057,渭城区,108.874066,34.401981
B0FFFZ8B0A,中国福利彩票(X101店),生活服务;彩票彩券销售点;彩票彩券销售点,108.85054342122504,34.40515931314639,渭城区,108.85517,34.403654
B0K0FZG3I3,理享美发工作室,生活服务;美容美发店;美容美发店,108.8787887013447,34.40516227699993,渭城区,108.883386,34.403619
B0L2XAY35K,百步印社24H自助打印(华清园文津观澜8号楼西侧),生活服务;生活服务场所;生活服务场所,108.87994133756476,34.4042478351202,渭城区,108.884538,34.402703
B0K0FRAO1U,樊文花(合悦华府二期店),生活服务;美容美发店;美容美发店,108.87908106880784,34.3776357973829,未央区,108.883676,34.376077
B0KUPM7Y2U,阿飞美发(合悦华府一期店),生活服务;美容美发店;美容美发店,108.87782663761055,34.37477315994437,未央区,108.882422,34.373214
B0IBDS6F8B,尚琴筋骨推拿店,生活服务;洗浴推拿场所;洗浴推拿场所,108.89876368930996,34.3786016889755,未央区,108.903358,34.377033
B0KKTRW5UU,悦野STYLE,生活服务;美容美发店;美容美发店,108.87942213935384,34.37884645486021,未央区,108.884017,34.377288
B0J1NLMYEA,诺家房产(华清园·文津观澜店),生活服务;中介机构;中介机构,108.87709483577238,34.40434613591247,渭城区,108.881693,34.402804
B0LAYL0JRI,百步印社24H自助打印(旭辉江山阅竹苑东门内),生活服务;生活服务场所;生活服务场所,108.88610775266643,34.411352454780975,渭城区,108.890703,34.409807
B0MBDHFUQ8,艺家缝纫店,生活服务;生活服务场所;生活服务场所,108.90500961803288,34.41787650511199,渭城区,108.909611,34.41633
B0GR2Z9T42,洁希亚·国际洗衣(中天诚品店),生活服务;洗衣店;洗衣店,108.8511268036994,34.3985380505016,渭城区,108.855752,34.397028
B0GUA1CR1D,窑店花圈部,生活服务;丧葬设施;丧葬设施,108.8496481891766,34.40415737148169,渭城区,108.854276,34.402653
B0K3ZUJY0Z,西安世纪澜庭营销中心,生活服务;生活服务场所;生活服务场所,108.88166093155924,34.405927330349655,渭城区,108.886257,34.404382
B0LR7PI46V,怡呵美水光(绿城桂语蘭庭店),生活服务;美容美发店;美容美发店,108.88418191767865,34.379137150647914,未央区,108.888775,34.377575
B0L6URYYDI,发格造型(绿城店),生活服务;美容美发店;美容美发店,108.88478813648594,34.378343007465666,未央区,108.889381,34.37678
B0K67C1F3S,百年行房地产(绿城桂语蘭庭店),生活服务;生活服务场所;生活服务场所,108.88494127705006,34.377049807617674,未央区,108.889534,34.375486
B0M6JSDJIR,光明电器维修,生活服务;维修站点;维修站点,108.8690889410956,34.41541283933585,渭城区,108.873694,34.413886
B0LD5X98KR,21世纪不动产(合悦华府店),生活服务;中介机构;中介机构,108.87721788720566,34.37979588111889,未央区,108.881814,34.37824
B0L2VZ85F1,瑞发男士理容馆,生活服务;美容美发店;美容美发店,108.87862985490727,34.37743349222619,未央区,108.883225,34.375875
B0JK5Z7VHB,德佑地产(绿城桂语蘭庭A店),生活服务;中介机构;中介机构,108.88479515146172,34.378178100950606,未央区,108.889388,34.376615
B0LK97BA45,妈妈驿站,生活服务;物流速递;物流速递,108.88063070268568,34.378734572203875,未央区,108.885225,34.377175
B0M6PSLW8T,正一净洗衣(桂语兰庭店),生活服务;洗衣店;洗衣店,108.88385683291584,34.37907095009356,未央区,108.88845,34.377509
B0FFKR07NN,雅尚不动产(东晋桃源缙福源店),生活服务;中介机构;中介机构,108.8799372414999,34.380608961699785,未央区,108.884532,34.379051
B0KBORH8ET,德佑地产(合悦华府店),生活服务;中介机构;中介机构,108.87935719593006,34.377751984607535,未央区,108.883952,34.376193
B0L37ALB2K,携程旅游(合悦华府门店),生活服务;旅行社;旅行社,108.87877993244877,34.37743363054113,未央区,108.883375,34.375875
B0HDHZE5Q8,德佑中天诚品店(捷瑞斯门窗旁),生活服务;中介机构;中介机构,108.85185984032644,34.39873516111597,渭城区,108.856484,34.397224
B0FFITLH54,金泰·经开花城营销中心,生活服务;生活服务场所;生活服务场所,108.89421435798276,34.377081495481555,未央区,108.898807,34.375513
B0JKULK022,中环地产(绿城桂语兰庭店),生活服务;中介机构;中介机构,108.88458304997206,34.37879062302147,未央区,108.889176,34.377228
B0L2SD68OO,陕西清浅科美美容服务社,生活服务;美容美发店;美容美发店,108.88204725151648,34.378954625057304,未央区,108.886641,34.377394
B0JGH6LW97,发格造型(尚林店),生活服务;美容美发店;美容美发店,108.88006330002403,34.38060207580898,未央区,108.884658,34.379044
B0HRBHWYFT,秦宫驿,生活服务;生活服务场所;生活服务场所,108.86574441770894,34.39425762319797,渭城区,108.870351,34.392723
B0K1RCYJX9,工会驿站(西安草滩集团有限公司),生活服务;生活服务场所;生活服务场所,108.89977505486225,34.3803848321849,未央区,108.90437,34.378817
B0MG9HPTXL,秦学未来托管中心,生活服务;生活服务场所;生活服务场所,108.88428186788718,34.3800867106749,未央区,108.888875,34.378525
B0LRKXKH18,妈妈驿站(X101店),生活服务;物流速递;物流速递,108.84949296900326,34.40404317274239,渭城区,108.854121,34.402539
B0FFHGUT9E,吉祥弹花,生活服务;生活服务场所;生活服务场所,108.8487418480455,34.404088864064214,渭城区,108.853371,34.402586
B0LKXUOABE,妈妈驿站,生活服务;物流速递;物流速递,108.88283146710546,34.37968584767528,未央区,108.887425,34.378125
B0L0UZVIUU,西西里美甲美睫半永久,生活服务;美容美发店;美容美发店,108.87755231535596,34.37686378051556,未央区,108.882148,34.375306
B0FFFZ8AQ6,魅力秀美容美发,生活服务;美容美发店;美容美发店,108.8511392479295,34.40562404717526,渭城区,108.855765,34.404118
B0MGTR7UXP,丰巢快递柜,生活服务;物流速递;物流速递,108.87862948421504,34.382031013277384,未央区,108.883225,34.380475
B0MBZZC4PB,秦汉和悦里售楼部,生活服务;生活服务场所;生活服务场所,108.85018860114764,34.396535598306215,渭城区,108.854815,34.395026
B0LAO5BW6F,德佑-秦韵恒辉加盟店,生活服务;中介机构;中介机构,108.86954937109488,34.40281967378297,渭城区,108.874153,34.401285
B0L0X9M7Q0,沁妍美容美体头疗馆,生活服务;美容美发店;美容美发店,108.87996838264948,34.379035837305,未央区,108.884563,34.377477
B0LRMLYKDW,百年行优居加盟店,生活服务;中介机构;中介机构,108.85157544290816,34.39861775445716,渭城区,108.8562,34.397107
B0M61AFSOZ,丰巢快递柜,生活服务;物流速递;物流速递,108.89493223653214,34.376444054294275,未央区,108.899525,34.374875
B0LDDH7RZM,中国移动手机快修店,生活服务;维修站点;维修站点,108.89890143634182,34.38095043931317,未央区,108.903496,34.379383
B0K3MCKY2L,UCC国际洗衣,生活服务;洗衣店;洗衣店,108.90539276441348,34.38747873406298,未央区,108.909992,34.385915
B0KADXT8EK,青禾·造型(合悦华府二期店),生活服务;美容美发店;美容美发店,108.87870288172756,34.37757048619953,未央区,108.883298,34.376012
B0LKSCJEL4,秦汉新城中天锦绣诚品二期营销中心,生活服务;生活服务场所;生活服务场所,108.85445375919578,34.40743545036631,渭城区,108.859075,34.405925
B0M6NRFP2B,丰巢柜,生活服务;物流速递;物流速递,108.89108247843166,34.38114011059078,未央区,108.895675,34.379575
B0KRM14KH3,白桦林天成售楼部,生活服务;生活服务场所;生活服务场所,108.89419874986794,34.38467138743317,未央区,108.898792,34.383107
B0LKXKHWR4,丰巢快递柜,生活服务;物流速递;物流速递,108.89178242938212,34.38104046779382,未央区,108.896375,34.379475
B0LKXCORD4,丰巢快递柜,生活服务;物流速递;物流速递,108.89992957162086,34.385390125426134,未央区,108.904525,34.383825
B0LRKXK9GS,丰巢快递柜,生活服务;物流速递;物流速递,108.84539116111172,34.39877504957692,渭城区,108.850025,34.397275
B0LKNRQM1C,安个家(合悦华府一期西门店),生活服务;中介机构;中介机构,108.8772112407999,34.37536025376658,未央区,108.881807,34.373802
B0LA79WKYE,链家,生活服务;中介机构;中介机构,108.85335292512222,34.39898847575895,渭城区,108.857975,34.397475
B0FFFZ892D,多彩广告(泾渭大道店),生活服务;生活服务场所;生活服务场所,108.85267638401405,34.40632319660227,渭城区,108.8573,34.404815
B0K3PL3IHI,德佑地产(绿城桂语蘭庭店),生活服务;生活服务场所;生活服务场所,108.8844309852906,34.379113341702705,未央区,108.889024,34.377551
B0KRM15DT6,桂语兰庭生活美学馆,生活服务;美容美发店;美容美发店,108.88333190553551,34.37623508159776,未央区,108.887925,34.374672
B0G0XH0WSA,虹旭水站商店,购物服务;便民商店/便利店;便民商店/便利店|生活服务;生活服务场所;生活服务场所,108.85054342122504,34.40515931314639,渭城区,108.85517,34.403654
B0MGJDC27O,剪单,生活服务;美容美发店;美容美发店,108.8492545954876,34.404292624358966,渭城区,108.853883,34.402789
B0IR212WRQ,新感觉(中南紫云集店),生活服务;美容美发店;美容美发店,108.90517686135848,34.388437241933225,未央区,108.909776,34.386874
B0FFKL0UX8,A+造型,生活服务;美容美发店;美容美发店,108.8505224192719,34.40480548006302,渭城区,108.855149,34.4033
B0LGH7TP82,白桦林天成营销中心,生活服务;生活服务场所;生活服务场所,108.89416675217976,34.38473034505111,未央区,108.89876,34.383166
B0FFKHT2KF,憬华装饰,生活服务;生活服务场所;生活服务场所,108.85151235352924,34.39860365731217,渭城区,108.856137,34.397093
B0LUFL3GK2,丰巢快递柜,生活服务;物流速递;物流速递,108.86707097703218,34.37901972008862,未央区,108.871675,34.377475
B0LKVC4TG5,德佑地产(白桦林悦店),生活服务;中介机构;中介机构,108.90297760192246,34.38708921900696,未央区,108.907575,34.385525
B0L1FX0QD2,德佑,生活服务;中介机构;中介机构,108.89957964564152,34.38668938580605,未央区,108.904175,34.385125
B0JKD73AKF,德佑华清园(文津观斓店),生活服务;生活服务场所;生活服务场所,108.87695876949404,34.40417410062956,渭城区,108.881557,34.402632
B0LRLDMONX,荣荣理发(合悦华府二期店),生活服务;美容美发店;美容美发店,108.87771615540387,34.37999325583364,未央区,108.882312,34.378437
B0M6ULR53I,秦汉新城尚水水务有限公司,生活服务;生活服务场所;生活服务场所,108.85196022294365,34.395776989071784,渭城区,108.856584,34.394264
B0FFFFYQGS,李军发艺,生活服务;美容美发店;美容美发店,108.84999467237718,34.40449176820244,渭城区,108.854622,34.402987
B0FFFZ89E4,名发城形象设计沙龙,生活服务;美容美发店;美容美发店,108.85008180174064,34.4044739258328,渭城区,108.854709,34.402969
B0M6UHQ6DL,绿城桂语兰庭营销中心,生活服务;生活服务场所;生活服务场所,108.88450900148264,34.37916037172607,未央区,108.889102,34.377598
B0LGCLSUWV,丰巢柜,生活服务;物流速递;物流速递,108.88484247263251,34.41154849246516,渭城区,108.889438,34.410004
B0MG41YQW4,陕建项目部,生活服务;生活服务场所;生活服务场所,108.86576459224892,34.37996249198087,未央区,108.87037,34.37842
B0M69DB7HV,稻田房产,生活服务;中介机构;中介机构,108.85235153525592,34.398786945856926,渭城区,108.856975,34.397275
B0L3AZQ22I,御匠邦开锁,生活服务;生活服务场所;生活服务场所,108.84940284172411,34.4039670627443,渭城区,108.854031,34.402463
B0MGJ7CLE0,西安青禾房地产经纪有限责任公司,公司企业;公司;公司|生活服务;中介机构;中介机构,108.88018035877256,34.38053321499987,未央区,108.884775,34.378975
B0LB3A7DFQ,惠房,生活服务;中介机构;中介机构,108.85099962188202,34.39851285174959,渭城区,108.855625,34.397003
B0L63MFU5L,旭辉二期社区服务,生活服务;生活服务场所;生活服务场所|商务住宅;商务住宅相关;商务住宅相关,108.88769396384504,34.411503342937046,渭城区,108.892289,34.409957
B0MANUQTGY,中西药修理部,生活服务;维修站点;维修站点,108.85588259676716,34.408504114111814,渭城区,108.860502,34.406992
B0LKGU2SBR,莱鸟翼站,生活服务;生活服务场所;生活服务场所,108.88034154626617,34.37910312577458,未央区,108.884936,34.377544
B0L3ASTNCH,云简美发,生活服务;美容美发店;美容美发店,108.85029807351862,34.40502997353883,渭城区,108.854925,34.403525
B0L2HZAEE4,西湖畔洗衣,生活服务;洗衣店;洗衣店,108.8528111758438,34.398883648107955,渭城区,108.857434,34.397371
B0FFIL73NW,黄马甲物流公司,生活服务;物流速递;物流仓储场地,108.94323237920705,34.397990812708464,未央区,108.947902,34.396471
B0FFFVOCTZ,西安北站高铁自动取票专区,生活服务;售票处;火车票代售点,108.9345019567843,34.37560538267258,未央区,108.939147,34.374059
B0HK2UXP9V,中铁快运(西安北站东停车楼店),生活服务;物流速递;物流速递,108.93591516112998,34.38017682691797,未央区,108.940564,34.378635
B0KA65LI9B,白桦林境营销中心,生活服务;生活服务场所;生活服务场所,108.94505452101718,34.393579913412495,未央区,108.949729,34.392061
B0JKJZJR9A,78℃温泉水,生活服务;生活服务场所;生活服务场所,108.93936700747877,34.38465691341403,未央区,108.944025,34.383123
B0H1RUAGVV,三河一山绿道-漕渭驿,生活服务;生活服务场所;生活服务场所,108.94156351867554,34.404137301069795,未央区,108.946229,34.402618
B0FFLCLHDA,西安北站售票处,生活服务;售票处;售票处,108.93297836979892,34.3776194761899,未央区,108.93762,34.376072
B0KK0U8EW8,经发和瑞府营销中心,生活服务;生活服务场所;生活服务场所,108.9438054463312,34.37725515734871,未央区,108.948475,34.375725
B0H1T7K6H6,三河一山绿道-永安驿,生活服务;生活服务场所;生活服务场所,108.96495212074008,34.41931773008756,未央区,108.969695,34.417858
B0JUJ7TLX4,龙记玖樾售楼部,生活服务;生活服务场所;生活服务场所,108.96189092708588,34.37554198986534,未央区,108.966619,34.37405
B0H2GZTGZX,中国移动(小周手机电脑维修服务中心),生活服务;电讯营业厅;中国移动营业厅,108.94617501118633,34.3840760137294,未央区,108.950852,34.382554
B0GK9RQBH7,汇客便利店行李寄存,生活服务;生活服务场所;生活服务场所,108.93389241746208,34.37541536463743,未央区,108.938536,34.373868
B0K3XS1Z5U,顺丰速运(隆源国际店),生活服务;生活服务场所;生活服务场所,108.953583435154,34.377185457992546,未央区,108.958283,34.375675
B0LAJ5FJSU,18米百吨电子地磅,生活服务;生活服务场所;生活服务场所,108.92422261022897,34.38929565917962,未央区,108.928847,34.387744
B0FFGVSVMD,陕西怡亚通冷链物流有限公司,生活服务;物流速递;物流仓储场地,108.91365346320188,34.384064706241,未央区,108.918261,34.382502
B0J1TX7WFP,菜鸟驿站(北院区西安市红会医院店),生活服务;物流速递;物流速递,108.94522726255086,34.39058724844893,未央区,108.949902,34.389067
B0J16NVE41,顺丰速运(雨润市场快递服务中心),生活服务;生活服务场所;生活服务场所,108.9160336961572,34.379131973771095,未央区,108.920644,34.377568
B0LGNOW8J9,西安北客驿站(高铁北站店),生活服务;生活服务场所;生活服务场所|住宿服务;住宿服务相关;住宿服务相关,108.94530863640648,34.383099200083144,未央区,108.949983,34.381575
B0FFGAIPLM,西安北站行李寄存,生活服务;生活服务场所;生活服务场所,108.93432941311232,34.3750479309497,未央区,108.938974,34.373501
B0J3PU56EU,郑远元专业修脚房(雨润·星雨华府店),生活服务;洗浴推拿场所;洗浴推拿场所,108.91308464861837,34.37818318536729,未央区,108.917691,34.376617
B0JR0AOIGU,西安市原每天达物流,生活服务;物流速递;物流速递,108.9552272264256,34.374212394159734,未央区,108.959932,34.372704
B0MBAC9QQB,秦汉收费站ETC咨询办理中心,生活服务;生活服务场所;生活服务场所,108.91309471091742,34.414381891171615,渭城区,108.917704,34.412836
B0G0DCAT92,菜鸟驿站(隆源国际城店),生活服务;物流速递;物流速递,108.9556683373462,34.3791797398367,未央区,108.960375,34.377675
B0L307KY62,三河一山绿道-尚宏驿,生活服务;生活服务场所;生活服务场所,108.91071298387736,34.39595651943389,未央区,108.915318,34.394399
B0LRO6UNCJ,白桦林隐营销中心,生活服务;生活服务场所;生活服务场所,108.91960235841886,34.391602577078814,未央区,108.924219,34.390048
B0H3RBEGDU,菜鸟驿站(雨润·星雨华府店),生活服务;物流速递;物流速递,108.91086826584622,34.377950331086005,未央区,108.915472,34.376383
B0LDSH0XM0,西安北站失物招领处,生活服务;生活服务场所;生活服务场所,108.93413040435784,34.380969039277815,未央区,108.938775,34.379425
B0J2Y1TSSX,菜鸟驿站(隆源·国际城D区店),生活服务;物流速递;物流速递,108.95372971991726,34.38004859707426,未央区,108.95843,34.37854
B0JU76BHLN,菜鸟驿站(西安铭鸿中心小区东门店),生活服务;物流速递;物流速递,108.94655272322365,34.373876772709686,未央区,108.95123,34.37235
B0IGO6F7OW,菜鸟驿站(白桦林溪店),生活服务;物流速递;物流速递,108.94544936867534,34.39359315920768,未央区,108.950125,34.392075
B0JGKCTG55,金凯皓图文快印广告,生活服务;摄影冲印店;摄影冲印,108.909584984904,34.37376505683324,未央区,108.914187,34.372195
B0JDB7HC2O,陕西个个鲜果业仓配中心(西安站),生活服务;物流速递;物流速递,108.91435775905332,34.38158766280349,未央区,108.918966,34.380024
B0HUDOM8HV,菜鸟驿站(奥达文景观园店),生活服务;物流速递;物流速递,108.94818695546648,34.38421798429912,未央区,108.95287,34.3827
B0LB7R8NI9,手机电脑维修,生活服务;维修站点;维修站点,108.95080152512271,34.375719210807866,未央区,108.955492,34.374202
B0FFIA60EY,隆源国际城营销中心,生活服务;生活服务场所;生活服务场所,108.95051845924657,34.375230063925585,未央区,108.955208,34.373712
B0H2OZAHDE,中通冷链陕西省公司,生活服务;物流速递;物流速递,108.91270665682518,34.3838053348326,未央区,108.917313,34.382242
B0I0YHVFQV,苏荷SPA沐足(北客站店),生活服务;洗浴推拿场所;洗浴推拿场所,108.94603421384323,34.374438475097165,未央区,108.95071,34.372911
B0FFKZVKCF,菜鸟驿站(西安经发新北居西门店),生活服务;物流速递;物流速递,108.92898620291535,34.38950622686171,未央区,108.93362,34.38796
B0H6Y1CBAR,菜鸟驿站(雅荷盛世名城店),生活服务;物流速递;物流速递,108.95521871266776,34.39302317712089,未央区,108.959925,34.391525
B0H3COCAAY,菜鸟驿站(雨润·星雨华府店),生活服务;物流速递;物流速递,108.9125543107946,34.37798655532969,未央区,108.91716,34.37642
B0FFKDP7IM,菜鸟驿站(奥达文景观园店),生活服务;物流速递;物流速递,108.94488073169543,34.3849260118826,未央区,108.949554,34.383402
B0FFJO5RWO,中通快递,生活服务;物流速递;物流速递,108.91590467857172,34.38157173907182,未央区,108.920515,34.380009
B0FFMAOYG2,西安联众志邦冷链物流有限公司,生活服务;物流速递;物流仓储场地,108.92004821351412,34.3845570881205,未央区,108.924665,34.382999
B0LAV761TP,水悦澜庭·影院足道·休闲养生SPA(西安北站店),生活服务;洗浴推拿场所;洗浴推拿场所,108.91367604918176,34.376455801615265,未央区,108.918283,34.374889
B0LGLNI09F,溪岸兰亭足道(隆源国际城B区店),生活服务;洗浴推拿场所;洗浴推拿场所,108.95056825790938,34.37577167087935,未央区,108.955258,34.374254
B0LRYSVLLL,电焊二保焊等离子切割气割铜焊铝焊氩弧焊,生活服务;生活服务场所;生活服务场所,108.96004653777167,34.37524662943565,未央区,108.964768,34.37375
B0FFHG6TJ3,西安北站售票处1,生活服务;售票处;火车票代售点,108.93512844616512,34.375670426576775,未央区,108.939775,34.374125
B0K645J2KV,中国联通(元朔路营业厅),生活服务;电讯营业厅;中国联通营业厅,108.96361051731776,34.37748268311924,未央区,108.968345,34.375996
B0JAPY67SE,中国电信智慧家庭服务中心(恒大社区店),生活服务;电讯营业厅;中国电信营业厅,108.9126184944546,34.387136557647125,未央区,108.917225,34.385575
B0MBKLQRSY,雨润优达鲜生配送中心,生活服务;物流速递;物流速递,108.91833094178756,34.384129670096534,未央区,108.922945,34.38257
B0IUFZVM52,中国移动(北客站长乐东苑手机维修店),生活服务;电讯营业厅;中国移动营业厅,108.94630340901207,34.37454489987347,未央区,108.95098,34.373018
B0FFME1DNI,瑞图广告,生活服务;生活服务场所;生活服务场所,108.90817606886768,34.377840332892106,未央区,108.912777,34.376272
B0LGB50MDO,张贺再生资源废品回收,生活服务;生活服务场所;生活服务场所,108.9068728206218,34.38352560056098,未央区,108.911473,34.38196
B0J09LWIEA,菜鸟驿站(隆源国际城B区店),生活服务;物流速递;物流速递,108.9530223604864,34.37608827062532,未央区,108.95772,34.374576
B0LGGUXPXT,銘典中古奢侈品服务中心,生活服务;生活服务场所;生活服务场所,108.94215642998532,34.3851908373383,未央区,108.946822,34.383662
B0I64SZPZ6,中国体育彩票(雨润·星雨华府店),生活服务;彩票彩券销售点;彩票彩券销售点,108.9096096157531,34.378021773967404,未央区,108.914212,34.376454
B0HDSR81TR,中国电信营业厅奥达文景观园(电信营业厅),生活服务;电讯营业厅;中国电信营业厅,108.94672736916506,34.38408893678374,未央区,108.951406,34.382568
B0J16ZV88E,隆源A区废品回收站,生活服务;生活服务场所;生活服务场所,108.95417342146412,34.37803370281464,未央区,108.958875,34.376525
B0FFME8541,西安匠心汽车服务有限公司,生活服务;美容美发店;美容美发店|汽车维修;汽车维修;汽车维修|汽车服务;汽车服务相关;汽车服务相关,108.9630872761841,34.37935198609647,未央区,108.96782,34.377865
B0KRURZCOI,中国电信长乐东苑营业厅,生活服务;电讯营业厅;中国电信营业厅,108.9522070200722,34.375894135723094,未央区,108.956902,34.37438
B0LKO7HT0B,经开徐龙再生资源回收,生活服务;生活服务场所;生活服务场所,108.92427150499496,34.38948150720325,未央区,108.928896,34.38793
B0KU36BP63,菜鸟驿站(白桦林溪店),生活服务;物流速递;物流速递,108.9482410776278,34.39293807531687,未央区,108.952925,34.391425
B0FFLGFYJR,西安市驾驶人秦汉新城考务中心,科教文化服务;驾校;驾校|生活服务;生活服务场所;生活服务场所,108.91341235333944,34.41392099564197,渭城区,108.918022,34.412375
B0KDZHPN6J,经开区敏都华再生资源服务点,生活服务;生活服务场所;生活服务场所,108.92206052780514,34.38855914614206,未央区,108.926681,34.387005
B0L2YSULEZ,中国移动(兰池佳苑营业厅),生活服务;电讯营业厅;中国移动营业厅,108.90695916047645,34.41551551663396,渭城区,108.911562,34.413968
B0KU363MLL,菜鸟驿站(西安长乐西苑10号店),生活服务;物流速递;物流速递,108.91109830790698,34.374243216929244,未央区,108.915702,34.372674
B0IA1AUP8F,西安北站南广场旅客服务中心,生活服务;生活服务场所;生活服务场所,108.9353509875127,34.37467462642796,未央区,108.939998,34.373129
B0K3D5UX8W,VC跳动配送中心,生活服务;生活服务场所;生活服务场所,108.9177688329595,34.38357838297634,未央区,108.922382,34.382018
B0ID4UPQRW,未央区学府环路生活垃圾压缩站,生活服务;生活服务场所;生活服务场所,108.96195946361424,34.378172412751674,未央区,108.966688,34.376682
B0LR3SCGVS,丰巢柜,生活服务;物流速递;物流速递,108.9150629212427,34.41751796028279,渭城区,108.919675,34.415975
B0IA1AUW29,旅客服务中心,生活服务;生活服务场所;生活服务场所,108.93344209834528,34.38002753017036,未央区,108.938085,34.378482
B0J1ZSMAUM,西安北站售票处3,生活服务;售票处;火车票代售点,108.93254121611704,34.37956203646572,未央区,108.937182,34.378015
B0L36LB63P,修电动车(铭鸿中心店),生活服务;维修站点;维修站点,108.9466613535236,34.374443260244924,未央区,108.951339,34.372917
B0J1KM4D7U,修电动车(星雨华府店),生活服务;维修站点;维修站点,108.91361208829318,34.376972559255755,未央区,108.918219,34.375406
B0KUNLRWO9,西安旅游景区直通车,生活服务;生活服务场所;生活服务场所,108.93346320543664,34.3781025365936,未央区,108.938106,34.376556
B0KGSZ7E0O,红会医院打字复印,生活服务;生活服务场所;生活服务场所,108.94500092439974,34.39054569833789,未央区,108.949675,34.389025
B0J3XC9R5Q,北京中集物流有限公司(西安分公司),生活服务;物流速递;物流速递,108.9141847637379,34.38431028125616,未央区,108.918793,34.382748
B0IGPUITYJ,中国体育彩票(铭鸿小区店),生活服务;彩票彩券销售点;彩票彩券销售点,108.94634033405616,34.374122053608524,未央区,108.951017,34.372595
B0M6KMCB4C,西安个个鲜果业配送中心(龙门头供应链),生活服务;物流速递;物流速递,108.91411686945406,34.384087440594044,未央区,108.918725,34.382525
B0G0AHVEMN,中环地产(恒大国际城店),生活服务;中介机构;中介机构,108.91100737309782,34.38708631529353,未央区,108.915612,34.385524
B0FFL9BKJ2,百年行地产(隆源国际城店),生活服务;中介机构;中介机构,108.95370302090066,34.37744605571975,未央区,108.958403,34.375936
B0FFG7LYP7,豪杰汽车摩托车电动车维修,生活服务;维修站点;维修站点|汽车维修;汽车维修;汽车维修,108.92020783962704,34.38598217754392,未央区,108.924825,34.384425
B0M6GZOJNG,京东物流(西安雨润站),生活服务;物流速递;物流速递,108.9159446299322,34.38148675957499,未央区,108.920555,34.379924
B0LD9D6FJA,老铁驿站行李寄存部,生活服务;生活服务场所;生活服务场所,108.93333549494255,34.378201663516606,未央区,108.937978,34.376655
B0J60HCROF,西安北郊焊割材料五金交电送氧气乙炔二氧化碳氩气氮气,生活服务;生活服务场所;生活服务场所,108.91098934258667,34.38771397823125,未央区,108.915594,34.386152
B0K2LSOH7A,西安优冷冷库招商中心,生活服务;生活服务场所;生活服务场所,108.91366743156568,34.384237604552446,未央区,108.918275,34.382675
B0HRSOT8R5,壹卓美艺美发连锁沙龙(雨润·星雨华府店),生活服务;美容美发店;美容美发店,108.91041275663213,34.37807244789673,未央区,108.915016,34.376505
B0GKDZQK5X,手机维修(雨润·星雨华府店),生活服务;维修站点;维修站点,108.91348614866428,34.37818797422356,未央区,108.918093,34.376622
B0LDXCHE1D,萌贝美发105店,生活服务;美容美发店;美容美发店,108.94810560077592,34.391592093823576,未央区,108.952789,34.390078
B0J6BAM9FQ,德佑地产(隆源国际城店),生活服务;中介机构;中介机构,108.95085136627448,34.37573209938509,未央区,108.955542,34.374215
B0H0BO3XMN,沁雅茶馆,生活服务;生活服务场所;生活服务场所,108.95053151436504,34.374052663868426,未央区,108.955221,34.372534
B0L3ORZ5TA,小满云南蒸汽石锅鱼,生活服务;生活服务场所;生活服务场所,108.929441160686,34.390516109221025,未央区,108.934076,34.388971
B0KA65LP7O,绿城·春鸣里营销中心,生活服务;生活服务场所;生活服务场所,108.90722927815642,34.38625902339627,未央区,108.91183,34.384695
B0L6YU10GQ,中国体育彩票(雅荷盛世名城店),生活服务;彩票彩券销售点;彩票彩券销售点,108.95390908531115,34.39278822403956,未央区,108.958611,34.391287
B0L2L7P21O,隆源国际城a区再生资源回收服务点,生活服务;生活服务场所;生活服务场所,108.95416244393004,34.378202636376095,未央区,108.958864,34.376694
B0JKZ5SS2A,三园小区打印复印店,生活服务;生活服务场所;生活服务场所,108.96370897363768,34.39184360224713,未央区,108.968445,34.390365
B0FFM7WLQ3,菜鸟驿站洗衣(西安恒大国际城南门店),生活服务;物流速递;物流速递,108.91229289196328,34.38704776332965,未央区,108.916899,34.385486
B0GD19P2YG,菜鸟驿站(东站小区店),生活服务;物流速递;物流速递,108.92578483284018,34.38722516500742,未央区,108.930412,34.385674
B0I3JXAZL4,菜鸟驿站(奥达文景观园店),生活服务;物流速递;物流速递,108.94530061901676,34.38359894350327,未央区,108.949975,34.382075
B0HR0KKIK6,中国体育彩票(隆源国际城店),生活服务;彩票彩券销售点;彩票彩券销售点,108.95097298057496,34.37573484246904,未央区,108.955664,34.374218
B0KD0MVKTN,长安水管家(北站店),生活服务;生活服务场所;生活服务场所,108.94910096828944,34.37419753541848,未央区,108.953786,34.372676
B0JAUUQFMG,菜鸟驿站(碧桂园·文景府店),生活服务;物流速递;物流速递,108.93153557437904,34.3908172496021,未央区,108.936175,34.389275
B0FFH5PJZG,菜鸟驿站(长乐东苑A区店),生活服务;物流速递;物流速递,108.94658541765344,34.37642834839262,未央区,108.951263,34.374903
B0FFIKENC9,菜鸟驿站(西安杜家堡欣苑小区9号楼店),生活服务;物流速递;物流速递,108.96418221173867,34.37997190653703,未央区,108.968919,34.378488
B0FFM7WKFG,菜鸟驿站(草滩佳苑店),生活服务;物流速递;物流速递,108.92794844446162,34.38836809710122,未央区,108.93258,34.38682
B0LDJ1R2RE,德佑地产(雨润·星雨华府店),生活服务;中介机构;中介机构,108.9132344641399,34.378172114337936,未央区,108.917841,34.376606
B0LDOU1QMG,百步印社24H自助打印(草滩佳苑物业服务中心门口宣传栏旁店),生活服务;生活服务场所;生活服务场所,108.9277857741102,34.388393273843555,未央区,108.932417,34.386845
B0L1MZGGOB,西安刀哥车行,生活服务;生活服务场所;生活服务场所,108.91273936471735,34.374547303593175,未央区,108.917345,34.372979
B0K0B5QLDT,中国体育彩票(龙记玖玺西门店),生活服务;彩票彩券销售点;彩票彩券销售点,108.96029970966336,34.37441146533338,未央区,108.965022,34.372915
B0KRM1WSDI,陕西金蓝物流有限公司,生活服务;物流速递;物流速递,108.95527010150536,34.37398341951794,未央区,108.959975,34.372475
B0LAF91BXZ,如意裁缝店,生活服务;生活服务场所;生活服务场所,108.91281916307454,34.37584257310921,未央区,108.917425,34.374275
B0FFIVFFZM,西安北站地铁票务中心,生活服务;售票处;售票处,108.93421260987888,34.37604057015252,未央区,108.938857,34.374494
B0L2TM2XOD,严锅锅重庆小火锅,生活服务;生活服务场所;生活服务场所,108.94615929085836,34.39346687181924,未央区,108.950837,34.39195
B0JR45AQXD,明亨物流(雨润营业部),生活服务;物流速递;物流速递,108.91596062295334,34.38129785159424,未央区,108.920571,34.379735
B0FFHPOUA0,中国福利彩票(三园小区店),生活服务;彩票彩券销售点;彩票彩券销售点,108.9639301797874,34.39161917092239,未央区,108.968667,34.390141
B0H2VRWQTZ,龙鼎轩足浴(未央锦城店),生活服务;洗浴推拿场所;洗浴推拿场所,108.96409473970412,34.37747247151992,未央区,108.968831,34.375987
B0KURBRVUK,嘉品云市(隆源国际城店),生活服务;生活服务场所;生活服务场所,108.9538932363166,34.37937959780586,未央区,108.958594,34.377871
B0LU97DKVH,蜀儿郎(白桦林溪店),生活服务;生活服务场所;生活服务场所,108.94708351432756,34.39375191692329,未央区,108.951764,34.392237
B0JB2SVPP6,雨润物流园极兔速递,生活服务;物流速递;物流速递,108.9159206506577,34.381642690458655,未央区,108.920531,34.38008
B0LGHUSRTC,胜行天下·房产快销,生活服务;中介机构;中介机构,108.94656062807908,34.374754290290625,未央区,108.951238,34.373228
B0L1CN4ZFG,跨越速运(朱宏路不锈钢型材玻璃基地店),生活服务;物流速递;物流速递,108.91351766888408,34.38363801092368,未央区,108.918125,34.382075
B0FFG9W3ML,李辉广告,生活服务;生活服务场所;生活服务场所,108.91306467332126,34.37818219608572,未央区,108.917671,34.376616
B0J1OZFNWY,S+造型(隆源国际城A区店),生活服务;美容美发店;美容美发店,108.95456708304503,34.37843861122465,未央区,108.95927,34.376931
B0K0B5R8J2,中国福利彩票(龙记玖玺西门店),生活服务;彩票彩券销售点;彩票彩券销售点,108.96029970966336,34.37441146533338,未央区,108.965022,34.372915
B0KUA1F3J2,中国联通智慧生活馆(隆源国际城店),生活服务;电讯营业厅;中国联通营业厅,108.9544155901631,34.37838897488142,未央区,108.959118,34.376881
B0K67C9QAF,中国体育彩票(奥达文景观园店),生活服务;彩票彩券销售点;彩票彩券销售点,108.9465778489192,34.38367045539168,未央区,108.951256,34.382149
B0I64S3CAZ,中国福利彩票(雨润·星雨华府店),生活服务;彩票彩券销售点;彩票彩券销售点,108.90966755477028,34.37802775016792,未央区,108.91427,34.37646
B0H0LZF5HK,弘强广告,生活服务;生活服务场所;生活服务场所,108.96494477999413,34.37526949760976,未央区,108.969684,34.373785
B0K3GS7QRR,串友记西航串串(奥达文景观园店),生活服务;生活服务场所;生活服务场所,108.94538329290975,34.3846372212082,未央区,108.950058,34.383114
B0I2CCEVNA,中国福利彩票(奥达文景观园东区店),生活服务;彩票彩券销售点;彩票彩券销售点,108.94665861457456,34.38359433986082,未央区,108.951337,34.382073
B0JKL62UII,安个家(雨润·星雨华府店),生活服务;中介机构;中介机构,108.91080832188986,34.37808028584008,未央区,108.915412,34.376513
B0G09UPRM2,西安春晖物流有限责任公司,生活服务;物流速递;物流速递,108.91382423869923,34.384160561816564,未央区,108.918432,34.382598
B0I1XMNEQQ,万和启翔(隆源国际城A区店),生活服务;中介机构;中介机构,108.95523281284392,34.379029803271486,未央区,108.959938,34.377524
B0KA69LRBU,火车票代售点,生活服务;售票处;火车票代售点,108.96419283990978,34.38401069041414,未央区,108.96893,34.382529
B0JDDMSG0E,录氏足浴店,生活服务;洗浴推拿场所;洗浴推拿场所,108.94819267497655,34.37519783602948,未央区,108.952875,34.373675
B0FFHJ49BJ,绿洲干洗店,生活服务;洗衣店;洗衣店,108.91111825474006,34.374624005793144,未央区,108.915722,34.373055
B0FFHJHYNU,西安北站自动售(取)票区,生活服务;售票处;售票处,108.93405600227209,34.375774937894924,未央区,108.9387,34.374228
B0G2AK3WQ5,西安双生国朋货运部,生活服务;生活服务场所;生活服务场所,108.96365582349976,34.38389210584179,未央区,108.968391,34.382409
B0LAARFWP4,八马茶业(红会医院北区店),生活服务;生活服务场所;生活服务场所,108.9460516168832,34.393371132279505,未央区,108.950729,34.391854
B0M6DO86H6,西安北站南广场服务点,生活服务;生活服务场所;生活服务场所,108.93697349854745,34.380564988653525,未央区,108.941625,34.379025
B0K0F4FNMT,木林广告,生活服务;生活服务场所;生活服务场所,108.95212628056544,34.375891310394266,未央区,108.956821,34.374377
B0FFKPEZMZ,菜鸟驿站(东站小区店),生活服务;物流速递;物流速递,108.92477466021217,34.388361608932144,未央区,108.9294,34.38681
B0LKZAE37S,中国体育彩票(白桦林溪店),生活服务;彩票彩券销售点;彩票彩券销售点,108.94626893356808,34.393867437277365,未央区,108.950947,34.392351
B0LBPSRBLD,秦洗洗衣(雨润星雨华府店),生活服务;洗衣店;洗衣店,108.91089322961024,34.3780552644782,未央区,108.915497,34.376488
B0K1OHY656,西安科捷物流有限公司,生活服务;物流速递;物流速递,108.9124829248706,34.38382843152107,未央区,108.917089,34.382265
B0FFHFI087,正章干洗(雨润·星雨华府店),生活服务;生活服务场所;生活服务场所,108.91233156254216,34.37817356215594,未央区,108.916937,34.376607
B0K24HEY3A,格点国际洗衣洗鞋(文景府店),生活服务;洗衣店;洗衣店,108.93212023702586,34.391097309014754,未央区,108.936761,34.389556
B0FFHCIBH2,美约造型烫染形象店(尚苑路店),生活服务;美容美发店;美容美发店,108.91326342711264,34.37818509236848,未央区,108.91787,34.376619
B0M6VRKN1Z,鸿源饮水水站,生活服务;生活服务场所;生活服务场所,108.92462990733772,34.38865059925973,未央区,108.929255,34.387099
B0LAC5A4AM,西安市未央区草滩街道综合养老服务中心,生活服务;生活服务场所;生活服务场所,108.94907958391732,34.39194093614459,未央区,108.953766,34.390429
B0L35ADTRD,正一净洗衣(星雨华府店),生活服务;洗衣店;洗衣店,108.911105014387,34.37778632064504,未央区,108.915709,34.376219
B0HDF7HHRR,芭芭多芦荟美容(隆源国际城店),生活服务;美容美发店;美容美发店,108.95102596962938,34.37381275519515,未央区,108.955717,34.372295
B0FFIKZC6V,西安恒大国际城物业服务中心,生活服务;生活服务场所;生活服务场所,108.91337154978156,34.38737904322555,未央区,108.917979,34.385818
B0K1DZHKVO,菜鸟驿站(兴隆苑店),生活服务;物流速递;物流速递,108.9492382236518,34.39034549652325,未央区,108.953925,34.388833
B0IG258ULH,果朴雨润配送中心,生活服务;物流速递;物流速递,108.91850570019572,34.383818708221206,未央区,108.92312,34.382259
B0LKKNMGG7,摩可多精准营养瘦身中心(北客站店),生活服务;美容美发店;美容美发店,108.95168685238492,34.37393329252106,未央区,108.95638,34.372417
B0LKX9P528,翟阿姨裁缝店,生活服务;生活服务场所;生活服务场所,108.9539512050944,34.37742751918071,未央区,108.958652,34.375918
B0JUY5NA4Z,德力西电气陕西物流中心(尚稷路店),生活服务;生活服务场所;生活服务场所,108.91281555053828,34.38348245653299,未央区,108.917422,34.381919
B0JRTK0XLQ,中通快递(西安雨润农产品全球采购中心店),生活服务;物流速递;物流速递,108.91886121933832,34.382990887245874,未央区,108.923476,34.381431
B0LKUCZ1CA,妈妈驿站,生活服务;物流速递;物流速递,108.90612523418628,34.38648914346462,未央区,108.910725,34.384925
B0LGXLCX5I,拼多多快递驿站,生活服务;物流速递;物流速递,108.94600411781832,34.37670332377422,未央区,108.95068,34.375177
B0L2NDHP4M,凯乐洗衣(星雨华府店),生活服务;洗衣店;洗衣店,108.9123255696836,34.37817356500918,未央区,108.916931,34.376607
B0JGR55IQY,塞纳洗衣(铭鸿小区店),生活服务;洗衣店;洗衣店,108.94669430189757,34.37387249982752,未央区,108.951372,34.372346
B0FFL9EM4V,菜鸟驿站(西安华山分厂东门店),生活服务;物流速递;物流速递,108.9600296122629,34.39939841235849,未央区,108.964753,34.397915
B0I23DUF1N,西安北站售票处2,生活服务;售票处;售票处,108.9351763349046,34.375613385925,未央区,108.939823,34.374068
B0MBMA6TA3,百步印社24H自助打印(西安市未央区和泰兴隆苑西门口),生活服务;生活服务场所;生活服务场所,108.9490069524553,34.39017706050069,未央区,108.953693,34.388664
B0MBTRDAZA,查理洗衣(隆源国际店),生活服务;洗衣店;洗衣店,108.95371797002572,34.377467011624375,未央区,108.958418,34.375957
B0IKHZDZU7,中国福利彩票(隆源国际城店),生活服务;彩票彩券销售点;彩票彩券销售点,108.95067592496312,34.37568649132911,未央区,108.955366,34.374169
B0LKKUN51E,陕足匠(新北居店),生活服务;洗浴推拿场所;洗浴推拿场所,108.929038047991,34.390073850155616,未央区,108.933672,34.388528
B0KGD5LJ9Y,奥菲碧洗衣(白桦林溪店),生活服务;洗衣店;洗衣店,108.94663383798871,34.39400665285637,未央区,108.951313,34.392491
B0MBRUR4K1,朝东物流,生活服务;物流速递;物流速递,108.95975460369542,34.37482255558645,未央区,108.964475,34.373325
B0L1ZML9M9,21世纪不动产(尚稷路店),生活服务;中介机构;中介机构,108.93163533511348,34.39101700603319,未央区,108.936275,34.389475
B0LK5ARUPP,百步印社24H自助打印(碧桂园文景府2号楼东前侧),生活服务;生活服务场所;生活服务场所,108.93250735777792,34.39108478774501,未央区,108.937149,34.389544
B0H3TLO891,铜川旅游定制直通车游客服务点,生活服务;生活服务场所;生活服务场所,108.93946344619938,34.37614534969249,未央区,108.944121,34.374607
B0LAC9FXVG,诺家(奥达文景观园店),生活服务;中介机构;中介机构,108.94601243005012,34.38482891595631,未央区,108.950689,34.383307
B0MGYR7BOU,兔喜喜快递,生活服务;物流速递;物流速递,108.92280114437088,34.414363820572405,渭城区,108.927425,34.412825
B0LA6DC8VD,电焊二保焊氩弧焊等离子切割气割,生活服务;生活服务场所;生活服务场所,108.95982238986674,34.37451455735003,未央区,108.964543,34.373017
B0L3AOZ1KY,中国体育彩票(尚稷路店),生活服务;彩票彩券销售点;彩票彩券销售点,108.93223496666371,34.391224082930336,未央区,108.936876,34.389683
B0IKAUT8CG,工会驿站(元朔路),政府机构及社会团体;社会团体;慈善机构|生活服务;生活服务场所;生活服务场所,108.9441945208598,34.37497565873723,未央区,108.948865,34.373445
B0KRFMO0Z8,丰巢快递柜,生活服务;物流速递;物流速递,108.91099020702173,34.37699479309931,未央区,108.915594,34.375427
B0L0ZRFEN1,小象超市(朱宏路不锈钢型材玻璃基地店),生活服务;生活服务场所;生活服务场所,108.9126687041757,34.38378836276477,未央区,108.917275,34.382225
B0I3AHU0PF,周易文化传播工作室,生活服务;生活服务场所;生活服务场所,108.95501730905684,34.393970102035816,未央区,108.959723,34.392472
B0L14C1A6B,丰巢快递柜(尚北铭城店),生活服务;物流速递;物流速递,108.96139758491856,34.389110837420446,未央区,108.966125,34.387625
B0L0NRSE5D,格点国际洗衣洗鞋(恒大国际城店),生活服务;洗衣店;洗衣店,108.91014715143724,34.38912053870115,未央区,108.914751,34.387559
B0JKZSM14G,陕西卓远物流有限公司,生活服务;物流速递;物流速递,108.91881446529467,34.38084508614924,未央区,108.923429,34.379284
B0KGGD71PO,中国电信(兰池开放店),生活服务;电讯营业厅;中国电信营业厅,108.907414740041,34.41558336498866,渭城区,108.912018,34.414036
B0KRXZZ6FX,百步印社24H自助打印(雨润星雨华府中心广场丰巢柜旁店),生活服务;生活服务场所;生活服务场所,108.9117452706628,34.37794095869158,未央区,108.91635,34.376374
B0KRM1XM0X,丰巢快递柜,生活服务;物流速递;物流速递,108.91302490772928,34.37588544669531,未央区,108.917631,34.374318
B0IGBSKAYT,西安双生再辉货运部(阳光岛小区店),生活服务;物流速递;物流速递,108.96354523137316,34.383860400293386,未央区,108.96828,34.382377
B0IDJU426Z,中国体育彩票(华山厂店),生活服务;彩票彩券销售点;彩票彩券销售点,108.96002357165264,34.400152001090646,未央区,108.964747,34.398669
B0IA7HB3M0,正心堂推拿理疗馆(雅荷盛世名城店),生活服务;洗浴推拿场所;洗浴推拿场所,108.95585750076783,34.39379330514667,未央区,108.960566,34.392297
B0LRO6VJ2W,大康剪艺,生活服务;美容美发店;美容美发店,108.9511195143082,34.37574652773596,未央区,108.955811,34.37423
B0IRTSF3NQ,福芯之家长乐东苑第三社区养老服务站,生活服务;生活服务场所;生活服务场所,108.9463660136559,34.377114406264624,未央区,108.951043,34.375589
B0LKYK1WH7,侗乙洗鞋,生活服务;生活服务场所;生活服务场所,108.9520893915255,34.37598733812295,未央区,108.956784,34.374473
B0LGXZBMHL,椿野Hair Salon(长安大学店),生活服务;美容美发店;美容美发店,108.90917338624529,34.3740450494376,未央区,108.913775,34.372475
B0J356Q1WX,樊文花(中南紫云集店),生活服务;美容美发店;美容美发店,108.90547567988028,34.38768860490468,未央区,108.910075,34.386125
B0HR0KKW74,华博仓储,生活服务;物流速递;物流仓储场地,108.97936576379792,34.41724480295363,未央区,108.984165,34.415823
B0L0DZN7H4,中粮·悦著云朗销售中心,生活服务;生活服务场所;生活服务场所,109.02339546705048,34.40258446297519,灞桥区,109.02838,34.401285
B0MGHHTHBA,金茂璞印云湾营销中心,生活服务;生活服务场所;生活服务场所,109.0231932156467,34.39170614194112,灞桥区,109.028176,34.3904
B0IDMDXPVQ,远洋·未央华府营销中心,生活服务;生活服务场所;生活服务场所,108.98584820063007,34.41228082659414,未央区,108.990674,34.410875
B0K2FU833R,龙湖·江宸府营销中心,生活服务;生活服务场所;生活服务场所,108.99672135095476,34.39307010081625,未央区,109.001592,34.391686
B0J0NACGWX,金地玖峯禧营销中心,生活服务;生活服务场所;生活服务场所,109.02051075790224,34.396525077770384,灞桥区,109.025483,34.395214
B0H21H9875,上实启元营销中心,生活服务;生活服务场所;生活服务场所,108.9951672350196,34.40273237672136,未央区,109.000032,34.401349
B0H2H1K52E,采薇苑生活服务中心,生活服务;生活服务场所;生活服务场所,109.0163264918618,34.392215608312895,灞桥区,109.021281,34.39089
B0K6AZBPHR,陆港·云启营销中心,生活服务;生活服务场所;生活服务场所,109.02443485635378,34.38401788385265,灞桥区,109.029422,34.382711
B0K3PCQY8N,大芊金重庆串串火锅海生全运里千禧店,生活服务;生活服务场所;生活服务场所,109.02198123458804,34.390661149275765,灞桥区,109.026959,34.389351
B0KD59XONI,碧桂园凤凰城天境店东门店,生活服务;中介机构;中介机构,108.9906747485816,34.375971691554135,未央区,108.995518,34.37456
B0LUYHUZP9,公共厕所,生活服务;生活服务场所;生活服务场所,109.022194366934,34.39064255470639,灞桥区,109.027173,34.389333
B0KK4L7QXP,佰人王串串火锅(西安工业大学店),生活服务;生活服务场所;生活服务场所,108.9850971189336,34.379236542908856,未央区,108.989917,34.37781
B0FFIKZUFJ,西溪里象牙湾接待中心,生活服务;生活服务场所;生活服务场所,109.01492508936028,34.395572853556125,灞桥区,109.019874,34.394245
B0HDHAC7AC,顺辉专业开锁换锁配钥匙,生活服务;维修站点;维修站点,108.9846629488542,34.37915286613808,未央区,108.989481,34.377725
B0J06ZC2TG,中国联通(秦汉大道营业厅),生活服务;电讯营业厅;中国联通营业厅,108.99461609473808,34.39692032977204,未央区,108.999478,34.395532
B0JUXXW31D,菜鸟驿站(西安苏席村11排2号店),生活服务;物流速递;物流速递,108.98658672111328,34.38070234962599,未央区,108.991413,34.379281
B0LUMUF7UH,雅荷水郡长安(南门),生活服务;生活服务场所;生活服务场所,108.99336810616916,34.40112273294103,未央区,108.998225,34.399733
B0JU4ZC9IP,筋骨堂热敷推拿按摩(碧桂园凤凰印象店),生活服务;生活服务场所;生活服务场所,108.98616461086152,34.37940529966862,未央区,108.990989,34.377982
B0G14UCZYR,西安金天运物流陶瓷区一排,生活服务;物流速递;物流速递,108.9757951105919,34.41917777479191,未央区,108.98058,34.417747
B0KU752036,兴董氏物流,生活服务;物流速递;物流速递,108.97222578013944,34.413487970453744,未央区,108.976996,34.412044
B0FFJ6AFW6,金发卸货点,生活服务;物流速递;物流速递,108.97515310229451,34.41418649750164,未央区,108.979935,34.412751
B0FFH67HJE,中国邮政(陕西科技大学邮电所),生活服务;邮局;邮局,108.976457312486,34.38459755194833,未央区,108.981242,34.383149
B0K1LM2B13,禹泉水荟,生活服务;洗浴推拿场所;洗浴推拿场所,108.97542035654496,34.41026003450638,未央区,108.980203,34.408823
B0MGJDBUKH,中国移动营业厅(元朔大道营业厅),生活服务;电讯营业厅;中国移动营业厅,108.98506465151354,34.374484183595314,未央区,108.989884,34.373055
B0JGP7J9EL,每一天便利店(奥体中心店),生活服务;生活服务场所;生活服务场所,109.02207987042556,34.37848950783001,灞桥区,109.027057,34.377173
B0LDMZ1PDS,奈晚推拿·按摩新养生(北大学城店),生活服务;洗浴推拿场所;洗浴推拿场所,108.9865170203618,34.38064358794875,未央区,108.991343,34.379222
B0MGUXDRH3,典唐盲人推拿(上河雲璟西门店),生活服务;洗浴推拿场所;洗浴推拿场所,108.99013060999025,34.40538505037695,未央区,108.994974,34.403988
B0FFLPCX8D,碧水云天影院式沐足养生会所(未央锦城店),生活服务;洗浴推拿场所;洗浴推拿场所,108.96564778363472,34.379885226708204,未央区,108.97039,34.378405
B0FFJ2BSW0,星悦汇足疗养生会所,生活服务;生活服务场所;生活服务场所,108.97518811136077,34.376210633493855,未央区,108.979967,34.374754
B0L1F5X37M,碧淳养生馆,生活服务;生活服务场所;生活服务场所,108.98881348349002,34.37832100678192,未央区,108.993649,34.376905
B0IKAUT88V,天诚·蔷薇公馆营销中心(售楼部),生活服务;生活服务场所;生活服务场所,108.99654511776563,34.40488597153685,未央区,109.001416,34.403508
B0H12Z7A4E,昭远驿,生活服务;生活服务场所;生活服务场所,109.00457941374768,34.39345402672872,未央区,109.009484,34.392094
B0FFLJWF72,优选时计手表维修中心,生活服务;维修站点;维修站点,108.97609191251053,34.38306940980502,未央区,108.980875,34.381619
B0H1DORHGR,菜鸟驿站(碧桂园·凤凰城店),生活服务;物流速递;物流速递,108.99065185645402,34.37585082486807,未央区,108.995495,34.374439
B0GRBCEQDL,菜鸟驿站(馨和居店),生活服务;物流速递;物流速递,108.9859393018279,34.41844295030841,未央区,108.990766,34.417041
B0FFGFXQ13,浐灞国家湿地公园游客中心,生活服务;信息咨询中心;服务中心,109.0006935316105,34.412973705204706,未央区,109.005583,34.411613
B0FFKOK954,完美货运信息服务部,生活服务;生活服务场所;生活服务场所,108.9818283327444,34.420489788742934,未央区,108.986638,34.419077
B001D09T8M,西安未央湖游乐园售票处,生活服务;售票处;公园景点售票处,108.97748485642109,34.40021198013849,未央区,108.982275,34.398775
B0FFL10NPV,中国电信(西航北辰营业厅),生活服务;电讯营业厅;中国电信营业厅,108.99024077983556,34.37383313374988,未央区,108.995082,34.372419
B0L6VOPR7J,犟·牛庄鲜切牛肉火锅,生活服务;生活服务场所;生活服务场所,108.97564428773438,34.376136400079766,未央区,108.980425,34.374681
B0JBSHNYEX,中国移动未央湖分局,生活服务;电讯营业厅;中国移动营业厅,108.97048018528692,34.38223427275168,未央区,108.975241,34.380768
B0FFIKEA71,菜鸟驿站(万象嘉城店),生活服务;物流速递;物流速递,108.98826132741544,34.39629179004181,未央区,108.993096,34.394884
B0HUOHG6JT,好快活桶装水(凤凰城店),生活服务;生活服务场所;生活服务场所,108.9877778707948,34.37842903665712,未央区,108.992609,34.37701
B0LUU5PXD9,中国移动(骞柳小区营业厅),生活服务;电讯营业厅;中国移动营业厅,109.01531476410292,34.40364714593654,灞桥区,109.020266,34.402325
B0FFKQX7M8,金科博翠天宸售楼部,生活服务;生活服务场所;生活服务场所,108.99228316805582,34.39626374504947,未央区,108.997135,34.394868
B0K0TUOKE7,京东物流(西安草滩营业部),生活服务;物流速递;物流速递,108.98692719330658,34.3937461813403,未央区,108.991756,34.392333
B0H1LOH50A,菜鸟驿站(文家小区店),生活服务;物流速递;物流速递,108.98978921491737,34.39165580839366,未央区,108.99463,34.39025
B0IBXCPUMW,御境足浴Spa(景嘉生活广场店),生活服务;洗浴推拿场所;洗浴推拿场所,108.98067825389876,34.39452904641468,未央区,108.985481,34.393098
B0FFM7WQJA,菜鸟驿站(颐馨·湿地壹号店),生活服务;物流速递;物流速递,109.01272901793013,34.41144530677765,灞桥区,109.01767,34.41012
B0FFJ1MZP9,皓顺物流,生活服务;物流速递;物流仓储场地,108.97975908681808,34.41799123637106,未央区,108.98456,34.416571
B0KK7RQDN9,澜悦沐足SPA,生活服务;洗浴推拿场所;洗浴推拿场所,108.99113554611093,34.40265159288414,未央区,108.995983,34.401256
B0HAP7TV3N,汽车开锁配钥匙换电瓶,生活服务;维修站点;维修站点,108.98628318018034,34.37857239701227,未央区,108.991108,34.377149
B0GR39LPQI,菜鸟驿站(锦绣天下·意境店),生活服务;物流速递;物流速递,108.99222110150252,34.37635683391057,未央区,108.997071,34.37495
B0H6X6UHTX,中国联通(北三环自有营业厅),生活服务;电讯营业厅;中国联通营业厅,108.97063954952844,34.382438733796484,未央区,108.975401,34.380973
B0FFFTF00N,申通快递(西航花园营业厅),生活服务;物流速递;物流速递,109.01528958092544,34.40704627480497,灞桥区,109.020241,34.405726
B0LB3ODI7S,韵玺足浴,生活服务;洗浴推拿场所;洗浴推拿场所,108.99725245743228,34.38835010045282,未央区,109.002125,34.386965
B0K69OQM43,中国电信智慧社区服务中心(西航花园店),生活服务;电讯营业厅;中国电信营业厅,109.01258528875076,34.40365521437314,灞桥区,109.017525,34.402325
B0FFLDW9C6,菜鸟驿站(陕西科技大学西安校区店),生活服务;物流速递;物流速递,108.97643737157254,34.38485546728551,未央区,108.981222,34.383407
B0FFHEN23K,中国邮政(秦汉大道邮政所),生活服务;邮局;邮局,109.01576822646334,34.399334259869896,灞桥区,109.020721,34.398011
B0L2ORW9MG,郑远元专业修脚房(远洋御山水店),生活服务;洗浴推拿场所;洗浴推拿场所,108.99098719952812,34.40242316861851,未央区,108.995834,34.401027
B0H0THPRSK,陕西安捷翔运物流有限公司,生活服务;物流速递;物流速递,108.97961264489552,34.41851434826216,未央区,108.984413,34.417094
B0IRJ1P2A9,菜鸟驿站(雅荷度假山庄店),生活服务;物流速递;物流速递,108.98197138087308,34.400783786569214,未央区,108.98678,34.39936
B0J155UN0U,典唐盲人推拿(全运村店),生活服务;洗浴推拿场所;洗浴推拿场所,109.01752051625964,34.39207619899789,灞桥区,109.02248,34.390754
B0FFM7WZAE,菜鸟驿站(西工新苑店),生活服务;物流速递;物流速递,108.97962941429095,34.38438865720545,未央区,108.984427,34.382949
B0JU498EZW,陕西鑫宏伟物流有限公司,生活服务;物流速递;物流速递,108.97245776193547,34.414761594542526,未央区,108.977229,34.413319
B0H6Z7U2UN,福邸足道(润家购物广场店),生活服务;洗浴推拿场所;洗浴推拿场所,108.97786283778908,34.3939794088679,未央区,108.982654,34.39254
B0FFLJNDZP,菜鸟驿站(华远·辰悦店),生活服务;物流速递;物流速递,108.99710303375784,34.38916010789031,未央区,109.001975,34.387775
B0K13C2TT1,汉佰草.纤本家(碧桂园凤凰城店),生活服务;美容美发店;美容美发店,108.98832890279968,34.37400376114735,未央区,108.993162,34.372584
B0I0KX121E,菜鸟驿站(贾家滩社区店),生活服务;物流速递;物流速递,109.0015681199799,34.39678730121634,未央区,109.00646,34.39542
B0G0MSM04L,南海不锈钢-激光切割,生活服务;生活服务场所;生活服务场所,108.99093126186528,34.39259186262106,未央区,108.995777,34.39119
B0LBCZHKP9,菜鸟驿站(西安奥体中心华润未来派店),生活服务;物流速递;物流速递,109.02501128830724,34.37525999804615,灞桥区,109.03,34.37395
B0LK4DWGJ3,指状元中式推拿按摩(全运村店),生活服务;美容美发店;美容美发店,109.020820864135,34.39206567805853,灞桥区,109.025794,34.390753
B0FFH5OI52,申通快递(留园店),生活服务;物流速递;物流速递,108.98003863729632,34.397560190216375,未央区,108.984839,34.396129
B0JAD7D5SN,顺心捷达物流(大明宫建材五金机电市场店),生活服务;生活服务场所;生活服务场所,108.98693631166402,34.391867198970054,未央区,108.991765,34.390453
B0FFICDH47,港花浴池,生活服务;洗浴推拿场所;洗浴推拿场所,109.0149304505373,34.40282374626348,灞桥区,109.01988,34.4015
B0JU2U9PT0,每一天便利店(华润湃中心店),生活服务;生活服务场所;生活服务场所,109.02434392969585,34.37573560538582,灞桥区,109.02933,34.374424
B0JBGUK8XE,枫林九溪营销中心,生活服务;生活服务场所;生活服务场所,109.01575939904924,34.37420706179267,灞桥区,109.02071,34.37287
B0KG1D986R,广豪物流,生活服务;物流速递;物流速递,108.9803038067306,34.418453398475705,未央区,108.985107,34.417035
B0L2X5XDBK,诚兴电动车维修,生活服务;维修站点;维修站点,109.0013831901486,34.38169118704233,未央区,109.006273,34.380315
B0L0ZRFEPS,圆通速递妈妈驿站,生活服务;物流速递;物流速递,109.01489534672176,34.40578316014199,灞桥区,109.019845,34.404461
B0FFLCL6B3,帅才手机电脑快修,生活服务;维修站点;维修站点,108.98674884962436,34.3829376576985,未央区,108.991576,34.381518
B0JACUNYNR,西安广而告之广告图文,生活服务;生活服务场所;生活服务场所,108.99783851545985,34.405164886059296,未央区,109.002715,34.403791
B0FFFSDF4B,弹棉花,生活服务;生活服务场所;生活服务场所,108.98012605319184,34.40025741797085,未央区,108.984927,34.398828
B0LDR9GJ27,小常废品回收站,生活服务;生活服务场所;生活服务场所,108.99093411057038,34.38230650164908,未央区,108.995779,34.380899
B0LALHOO1B,中国移动(工业大学店),生活服务;电讯营业厅;中国移动营业厅,108.98506200920988,34.38232197858583,未央区,108.989882,34.380897
B0FFFE5M9J,中国联通智慧生活馆(龙朔路店),生活服务;电讯营业厅;中国联通营业厅,108.97965032528708,34.384426576565,未央区,108.984448,34.382987
B0J1TZCVQG,优印图文快印店(医学院多彩复印店),生活服务;摄影冲印店;摄影冲印,108.98593887201588,34.38768246402387,未央区,108.990763,34.386263
B0LGVRY04R,中国移动综合营业厅,生活服务;电讯营业厅;中国移动营业厅,108.96675900316568,34.38731032246891,未央区,108.971506,34.385837
B0K0M6HZE5,高价废品回收,生活服务;生活服务场所;生活服务场所,109.02356033647156,34.40800489771966,灞桥区,109.028546,34.406709
B0K2J76883,中国电信(金科博翠天宸营业厅),生活服务;电讯营业厅;中国电信营业厅,108.99393105258947,34.39677348447597,未央区,108.99879,34.395383
B0KU615D1X,美团充电宝(漕渠驿),生活服务;生活服务场所;生活服务场所,109.01163689866304,34.4203563356063,灞桥区,109.016574,34.419033
B0FFGL8QA9,鸿盛图文(西安工业大学东门正对面),生活服务;摄影冲印店;摄影冲印,108.98532504667294,34.380605132711295,未央区,108.990146,34.37918
B0FFLAIOIX,废品回收站,生活服务;生活服务场所;生活服务场所,108.96980334672304,34.38778605302548,未央区,108.974562,34.386321
B0K19SBX59,九街于记牛肉冒菜(海生全运里店),生活服务;生活服务场所;生活服务场所,109.02222823402543,34.390582491893845,灞桥区,109.027207,34.389273
B0HU5COT3B,中国电信智慧社区服务中心(浐灞惠泽居店),生活服务;电讯营业厅;中国电信营业厅,109.00313538259236,34.3846292694039,未央区,109.008033,34.38326
B0HU1MBMGA,手机维修中心(二手回收、抵押),生活服务;维修站点;维修站点,108.98557483126096,34.382577327540666,未央区,108.990397,34.381154
B0IU7CMJX5,联龙货运信息服务部,生活服务;物流速递;物流速递,108.97871532651772,34.41845594880667,未央区,108.983512,34.417033
B0MBYG4T0E,中国电信(中粮奥体壹号全运村)社区店,生活服务;生活服务场所;生活服务场所,109.02478652660837,34.38303143927899,灞桥区,109.029775,34.381725
B0MG7LI5UB,西安极驰尊膜尊选店,汽车服务;汽车养护/装饰;汽车养护|汽车服务;洗车场;洗车场|生活服务;生活服务场所;生活服务场所,109.02228264845952,34.39484596763679,灞桥区,109.027262,34.393539
B0KA95MQZ8,丽婷裁缝店,生活服务;生活服务场所;生活服务场所,108.97699930698607,34.39441061145892,未央区,108.981787,34.392969
B0L3H78PV7,驿收发快递驿站(骞柳小区店),生活服务;物流速递;物流速递,109.0147162434844,34.40410564721352,灞桥区,109.019665,34.402782
B0LD2HPK0X,未央湖驾驶员体检照相换证,生活服务;生活服务场所;生活服务场所,108.98781528118272,34.395559529012544,未央区,108.992648,34.39415
B0HDCOOV5K,菜鸟驿站(陆港绿城西安全运村芳菲郡店),生活服务;物流速递;物流速递,109.01702752673748,34.39261533674597,灞桥区,109.021985,34.391292
B0FFMBL53K,开锁换锁刻章指纹锁汽车钥匙,生活服务;生活服务场所;生活服务场所,108.98134454730894,34.393961437608915,未央区,108.98615,34.392532
B0J2YSPIW6,粮票年代串串香合作社(西安御山水店),生活服务;生活服务场所;生活服务场所,108.99202373881988,34.40271788243918,未央区,108.996875,34.401325
B0H1OOVWHF,菜鸟驿站(王家棚社区店),生活服务;物流速递;物流速递,108.98438253827716,34.41016937009172,未央区,108.989202,34.408758
B0FFKFBVLY,中国电信智慧家庭服务中心(碧云天店),生活服务;电讯营业厅;中国电信营业厅,108.97685078861278,34.39585022553643,未央区,108.981638,34.394409
B0LUA5P3HO,中国联通(西安医学院校园营业厅),生活服务;电讯营业厅;中国联通营业厅,108.98789264001462,34.3873388548983,未央区,108.992725,34.385925
B0LUYDPO7L,中铁一局门口好运洗车,生活服务;生活服务场所;生活服务场所,109.00069760012885,34.38821470896369,未央区,109.005585,34.38684
B0FFLJYM29,盲人推拿馆(碧桂园凤凰城·天域店),生活服务;洗浴推拿场所;洗浴推拿场所,108.98391040238944,34.37554201186162,未央区,108.988725,34.37411
B0MGBSSUVD,中国移动(馨和居营业厅),生活服务;电讯营业厅;中国移动营业厅,108.9838394097728,34.41500315184461,未央区,108.988657,34.413593
B0L6PS9TUO,小刀电动车(西工新苑店),生活服务;生活服务场所;生活服务场所,108.9786444695531,34.384127615708955,未央区,108.983438,34.382685
B0HUK44VB1,顺丰速运(大明机电店),生活服务;生活服务场所;生活服务场所,108.98744021440024,34.39144493624873,未央区,108.992271,34.390032
B0LRHC8MKR,快递驿站,生活服务;物流速递;物流速递,108.98404056500894,34.415036542549174,未央区,108.988859,34.413627
B0MAPHWT8X,黄金回收,生活服务;生活服务场所;生活服务场所,109.01395092887655,34.398717963167336,灞桥区,109.018896,34.397389
B0KKCLGU91,舒身养心盲人推拿(未央湖店),生活服务;洗浴推拿场所;洗浴推拿场所,108.97621655354764,34.393397378819735,未央区,108.981001,34.391953
B0HKZ7SMW7,中国邮政(东风路邮政所),生活服务;生活服务场所;生活服务场所,108.97413199326331,34.39232178422887,未央区,108.978908,34.390871
B0K0GC8TKN,中国移动荣耀门店,生活服务;电讯营业厅;中国移动营业厅,108.98627597359402,34.38141288583323,未央区,108.991101,34.379991
B0FFH67OS9,海洋造型,生活服务;美容美发店;美容美发店,108.97299232249514,34.382539292622354,未央区,108.977763,34.38108
B0J31U5RD5,佳宇宸再生资源回收,生活服务;生活服务场所;生活服务场所,109.00382423027544,34.38679099751086,未央区,109.008725,34.385425
B0MGCUF428,安居·乐筑(铁一陆港店),生活服务;生活服务场所;生活服务场所,109.02253761865197,34.394748300085126,灞桥区,109.027518,34.393442
B0K2HK8K1S,鸡公爱上虾·干锅·火锅(西工大店),生活服务;生活服务场所;生活服务场所,108.98595339226895,34.38071321870195,未央区,108.990777,34.37929
B0HG3CETXS,未央区小贾废品站,生活服务;生活服务场所;生活服务场所,108.98799693869492,34.37846736372311,未央区,108.992829,34.377049
B0K19HBXNM,志诚优创手机电脑维修(科大时代广场店),生活服务;维修站点;维修站点,108.97604807098548,34.38328741421348,未央区,108.980831,34.381837
B0LKY443Y5,中国邮政综合便民服务站,生活服务;生活服务场所;生活服务场所,109.0156222176206,34.406644527638484,灞桥区,109.020575,34.405325
B0KRFCLSEX,艾咪鲜花店(工业大学店),生活服务;生活服务场所;生活服务场所,108.9856413410318,34.38509775891204,未央区,108.990464,34.383676
B0LU7C1AHR,望江府中环地产,生活服务;生活服务场所;生活服务场所,109.01854794977989,34.38378877088014,灞桥区,109.023511,34.382465
B0ID7H5UGC,废品回收,生活服务;生活服务场所;生活服务场所,108.98757855064488,34.416303346588975,未央区,108.992412,34.414905
B0IAVCLVJ0,中国移动,生活服务;电讯营业厅;中国移动营业厅,109.01397490737024,34.409549710657515,灞桥区,109.018921,34.408227
B0JU57G58F,高价废品回收站(嘉豪),生活服务;生活服务场所;生活服务场所,108.98686052672764,34.38115129489154,未央区,108.991688,34.379731
B0K0GH3O59,西安市浐灞生态区陇海液化气有限公司,公司企业;公司;公司|生活服务;生活服务场所;生活服务场所,108.99562870706949,34.373437089207975,未央区,109.000493,34.372039
B0FFHS9DQ9,中国移动营业厅,生活服务;电讯营业厅;中国移动营业厅,108.985720381712,34.380619957759905,未央区,108.990543,34.379196
B0HAM52OK5,小王废品回收站,生活服务;生活服务场所;生活服务场所,108.9868575204978,34.38137818103136,未央区,108.991685,34.379958
B0JGZ6EMWU,菜鸟驿站(远洋御山水店),生活服务;物流速递;物流速递,108.99157569917992,34.402219514693456,未央区,108.996425,34.400825
B0G0XU06CE,鑫福源激光切割,生活服务;生活服务场所;生活服务场所,108.97575927801957,34.41889704072841,未央区,108.980544,34.417466
B0L6TD9FYC,新栖港足道SPA馆,生活服务;洗浴推拿场所;洗浴推拿场所,109.01938821400354,34.398539172343256,灞桥区,109.024356,34.397226
B0FFMFR6OK,好轻松盲人推拿店,生活服务;洗浴推拿场所;洗浴推拿场所,108.98592331939702,34.38310601078107,未央区,108.990747,34.381684
B0FFLPVHH3,链家地产(凤凰城店),生活服务;生活服务场所;生活服务场所,108.99071754657784,34.37620144023385,未央区,108.995561,34.37479
B0K05ZZE7S,奈晚推拿(上庄灞柳店),生活服务;洗浴推拿场所;洗浴推拿场所,109.00273216123706,34.38416074866169,未央区,109.007628,34.38279
B0LUKHP05J,西安国际港务区高伟废品回收站,生活服务;生活服务场所;生活服务场所,109.01413297227953,34.412700416485144,灞桥区,109.01908,34.41138
B0FFMEFUMK,菜鸟驿站(骞柳小区店),生活服务;生活服务场所;生活服务场所,109.0147799871864,34.40396254091386,灞桥区,109.019729,34.402639
B0FFIWAT6D,菜鸟驿站(辰宫·双河湾店),生活服务;物流速递;物流速递,108.99256426358052,34.404607176278695,未央区,108.997418,34.403217
B0JGNAUDEI,中国农业银行西安元朔大道支行农情暖域(工会驿站),生活服务;生活服务场所;生活服务场所|金融保险服务;金融保险服务机构;金融保险机构,108.98869036416149,34.37404366138278,未央区,108.993525,34.372625
B0J3ZUUIOG,陨石美发潮色头疗第9分店,生活服务;美容美发店;美容美发店,109.02082285154594,34.39211764352959,灞桥区,109.025796,34.390805
B0H1OXYYD3,郑远元专业修脚房(碧桂园·凤凰城天域店),生活服务;洗浴推拿场所;洗浴推拿场所,108.98391038456457,34.37575689716839,未央区,108.988725,34.374325
B0GRCHD7E8,天空图文效果图(锦绣天下·意境店),生活服务;生活服务场所;生活服务场所,108.99480691050351,34.37741245690432,未央区,108.999668,34.376014
B0FFLCDMZH,宾宇开锁(宾宇锁具专营店),生活服务;生活服务场所;生活服务场所,109.0115798024879,34.40078284081581,灞桥区,109.016515,34.399448
B0G2LYKMFF,菜鸟驿站(沁园小区店),生活服务;物流速递;物流速递,108.96914536488704,34.38193199815461,未央区,108.973901,34.380462
B0J2YRRWQ7,翰林苑刻章,生活服务;生活服务场所;生活服务场所,108.98860700082308,34.38263229456308,未央区,108.993442,34.381218
B0FFMDG2C7,百年行(碧桂园凤凰城北门店),生活服务;维修站点;维修站点,108.98766135913505,34.37849434829382,未央区,108.992492,34.377075
B001D11MQ8,利安社区电超市(环湖西路),生活服务;生活服务场所;生活服务场所,108.97766658993793,34.39453165721241,未央区,108.982457,34.393092
B0KUBHYYA8,未央湖街道综合养老服务中心,生活服务;生活服务场所;生活服务场所,108.98529415329646,34.41683480149439,未央区,108.990118,34.41543
B0G1OZFK2B,德佑地产(晓新店),生活服务;中介机构;中介机构,108.98987697096972,34.378142921070946,未央区,108.994717,34.37673
B0H2M53C1X,德佑地产(骞柳小区店),生活服务;中介机构;中介机构,109.0134114673938,34.40744759056078,灞桥区,109.018355,34.406122
B0MGPH0L4M,郑远元专业修脚房(浐灞·惠泽居店),生活服务;洗浴推拿场所;洗浴推拿场所,109.00353366439914,34.384639055639816,未央区,109.008433,34.383271
B0GUCC83JA,中国体育彩票(碧桂园·凤凰城天域店),生活服务;彩票彩券销售点;彩票彩券销售点,108.9840029601187,34.37620238765553,未央区,108.988818,34.374771
B0K1BROYT6,德佑-贝壳找房(碧云天花园店),生活服务;中介机构;中介机构,108.97694445941782,34.3952492976814,未央区,108.981732,34.393808
B0FFI8047D,鹏讯科技手机电脑维修,购物服务;家电电子卖场;数码电子|生活服务;电讯营业厅;中国电信营业厅|生活服务;维修站点;维修站点,108.97135977339713,34.3820799866153,未央区,108.976124,34.380616
B0K2HPIXIT,链家地产(陆港绿城西安全运村木兰郡店),生活服务;中介机构;中介机构,109.02229565636767,34.39413232910446,灞桥区,109.027275,34.392825
B0J13PFAKM,深海·蒸汽石锅鱼(骞柳小区店),生活服务;生活服务场所;生活服务场所,109.0166076017042,34.40060708086659,灞桥区,109.021564,34.399287
B0IUH7PV4A,中丰地产(碧桂园凤凰城·天域店),生活服务;中介机构;中介机构,108.98407561757196,34.37666392762194,未央区,108.988891,34.375233
B0FFLOVIQY,菜鸟驿站(长庆湖滨花园店),生活服务;物流速递;物流速递,108.97824914806552,34.40741370492381,未央区,108.983043,34.405983
B0LGADL1QI,添帮手洗衣洗鞋(科大时代广场店),生活服务;洗衣店;洗衣店,108.97603015992378,34.38308457468345,未央区,108.980813,34.381634
B0LBXZJIWQ,精修电动车开锁配钥匙刻章,生活服务;生活服务场所;生活服务场所,108.97701126115436,34.394379595040064,未央区,108.981799,34.392938
B0K0USTQ67,精修电动车,生活服务;维修站点;维修站点,108.99706841975406,34.39824215288338,未央区,109.001941,34.396862
B0K15AXG75,德佑地产(金科博翠天宸店),生活服务;中介机构;中介机构,108.99421481686404,34.39696351968913,未央区,108.999075,34.395574
B0FFGNN23S,大和置业(骞柳小区店),生活服务;中介机构;中介机构,109.01636747293016,34.40217789267945,灞桥区,109.021323,34.400858
B0KDX7VT6X,未央区秦创原·未央科技成果转化基地政务服务驿站,生活服务;生活服务场所;生活服务场所,108.97639395025654,34.37999122879592,未央区,108.981178,34.37854
B0FFK830SJ,荣华激光切割,公司企业;工厂;工厂|生活服务;生活服务场所;生活服务场所,108.98952720851808,34.393124776963056,未央区,108.994367,34.391719
B0GKBAG4Q6,再生资源回收,生活服务;生活服务场所;生活服务场所,108.9654318876419,34.37625872700296,未央区,108.970173,34.374776
B0FFGKPFFR,晨光文具(西工大总店),购物服务;文化用品店;文化用品店|生活服务;生活服务场所;生活服务场所,108.98532303546178,34.38084101116078,未央区,108.990144,34.379416
B0FFG25WOD,德丽宝开锁修鞋,生活服务;生活服务场所;生活服务场所,109.01683751974666,34.402025604489296,灞桥区,109.021795,34.400707
B0I2DRXNRX,诺家绿城(采薇苑店),生活服务;中介机构;中介机构,109.01754344047718,34.391844260956454,灞桥区,109.022503,34.390522
B0J3HPIRYF,诺家(港安路店),生活服务;生活服务场所;生活服务场所,109.01564431179496,34.39268534808533,灞桥区,109.020596,34.391358
B0L2210U3O,窝喔房产(草店社区店),生活服务;中介机构;中介机构,108.969084182594,34.374875952930736,未央区,108.973839,34.373402
B0HRV98KK8,中国福利彩票(碧桂园·凤凰城店),生活服务;彩票彩券销售点;彩票彩券销售点,108.98464129491327,34.376090572738576,未央区,108.989459,34.374661
B0KR07L3UM,链家地产(陆港绿城西安全运村芳菲郡店),生活服务;中介机构;中介机构,109.01672877632755,34.39259821885075,灞桥区,109.021685,34.391274
B0FFM8ZKCH,维丰通讯(手机电脑维修配钥匙修鞋),生活服务;维修站点;维修站点,108.97622537190678,34.383104016599404,未央区,108.981009,34.381654
B0JBTC36R1,中国电信(远洋御山水店),购物服务;家电电子卖场;手机销售|生活服务;电讯营业厅;中国电信营业厅,108.99116245081665,34.40241564616355,未央区,108.99601,34.40102
B0JKUCK78D,云岫美发(西安工业大学店),生活服务;美容美发店;美容美发店,108.98505708315562,34.381683339301844,未央区,108.989877,34.380258
B0L6H5H5S0,中国体育彩票(陕西科技大学西安校区店),生活服务;彩票彩券销售点;彩票彩券销售点,108.97380960511562,34.37626342684869,未央区,108.978583,34.374803
B0JUCXCC38,菜鸟驿站(金科博翠天宸店),生活服务;物流速递;物流速递,108.99531518794112,34.39570689296868,未央区,109.00018,34.39432
B0J0O97S5N,一小时手机维修(西安市未央区学府通信服务部),生活服务;维修站点;维修站点,108.98515960211354,34.38228571067403,未央区,108.98998,34.380861
B0HGTA7NG5,远诚宝路通物流(向阳大道店),生活服务;物流速递;物流速递,108.97997322268012,34.417794737149094,未央区,108.984775,34.416375
B0JKZCUNWB,工会爱心驿站(未央区草滩街道秦汉大道西铜路辅路),生活服务;生活服务场所;生活服务场所,108.96700089112451,34.38972736428299,未央区,108.971749,34.388256
B0LKPCZKCW,顺丰快递,生活服务;物流速递;物流速递,108.98206791749918,34.37751133600011,未央区,108.986875,34.376075
B0FFH8GXIZ,电焊机维修中心,生活服务;维修站点;维修站点,108.98697609094776,34.39249573195286,未央区,108.991805,34.391082
B0JB5C6KX0,佰业广告(香缤玫瑰苑),生活服务;生活服务场所;生活服务场所,108.98331929883597,34.394430430502666,未央区,108.988133,34.393007
B0FFI0T1F2,西安百业广告,公司企业;公司;广告装饰|生活服务;生活服务场所;生活服务场所,108.96877878319847,34.38178804673023,未央区,108.973533,34.380317
B0KKK7TLRC,极装吉住(西安未央店),生活服务;生活服务场所;生活服务场所,108.98697023186656,34.3791270618309,未央区,108.991798,34.377706
B0FFL02OP8,北海道日式足疗馆(建设路店),生活服务;洗浴推拿场所;洗浴推拿场所,108.97683702490468,34.393674479505485,未央区,108.981624,34.392232
B0K0MARVWO,姜力头道港务区全运村店,生活服务;生活服务场所;生活服务场所,109.022234897363,34.39420945832088,灞桥区,109.027214,34.392902
B0L03LE7CE,中国电信宽带安装受理点,生活服务;电讯营业厅;中国电信营业厅,108.97906790345316,34.39416987100115,未央区,108.983864,34.392734
B0JDBAGQUA,中国体育彩票(碧桂园凤凰城·天悦店),生活服务;彩票彩券销售点;彩票彩券销售点,108.98362078695509,34.373455971168035,未央区,108.988434,34.372022
B0FFI9283W,卓恒房产(锦绣天下·意境店),生活服务;中介机构;中介机构,108.99230876049609,34.37594379054677,未央区,108.997159,34.374537
B0FFMFG31D,易捷图文,生活服务;生活服务场所;生活服务场所,108.98474650563053,34.38026402124384,未央区,108.989565,34.378837
B0IR1CTJA1,聚福康盲人按摩(学府街区店),生活服务;洗浴推拿场所;洗浴推拿场所,108.98604879220066,34.38308565079472,未央区,108.990873,34.381664
B0FFL80LBK,京东物流员工招募中心,生活服务;物流速递;物流仓储场地,109.07980266281469,34.38353725541847,灞桥区,109.084955,34.382337
B0FFJPIEIL,中国邮政西安处理中心,生活服务;邮局;邮局,109.07750099093988,34.37927259524127,灞桥区,109.082649,34.378068
B0I1H5QPEK,西安散货分拣中心,生活服务;物流速递;物流速递,109.08451868145202,34.380978225713434,灞桥区,109.089678,34.37978
B0I03ZW8M7,西安港远海物流有限公司,生活服务;物流速递;物流速递,109.05516546153792,34.41754866686373,灞桥区,109.060264,34.416334
B001D0W4FG,中铁联集西安中心站(港浦路店),生活服务;物流速递;物流速递,109.0628372867724,34.40813991758227,灞桥区,109.067956,34.406933
B0KBGCA5MO,西安邮件处理中心,生活服务;邮局;邮局,109.07402853030612,34.37891230061685,灞桥区,109.07917,34.377704
B0FFHLN411,百胜中国控股有限公司西安物流中心,生活服务;物流速递;物流速递,109.07195797573078,34.39887265013697,灞桥区,109.077097,34.397673
B001D0VZ06,迅通物流(西安分拨基地),生活服务;物流速递;物流速递,109.07348572935383,34.400405034029404,灞桥区,109.078628,34.399208
B0LAF9Z4SD,中国铁建花语博悦营销中心,生活服务;生活服务场所;生活服务场所,109.0300558609719,34.404679983570844,灞桥区,109.035067,34.4034
B0FFK4CJOZ,西安星安物流有限公司,生活服务;生活服务场所;生活服务场所,109.07341587350008,34.4003531411932,灞桥区,109.078558,34.399156
B0J10ZCHAG,中国移动港务大道营业厅,生活服务;电讯营业厅;中国移动营业厅,109.06545733600346,34.37881828051505,灞桥区,109.07058,34.377599
B0KG9M2R3K,招商揽阅销售中心,生活服务;生活服务场所;生活服务场所,109.0273126059762,34.40468539581829,灞桥区,109.032313,34.403398
B0LATZ6832,招商梧桐书院营销中心,生活服务;生活服务场所;生活服务场所,109.032288442086,34.402724195269805,灞桥区,109.037308,34.401449
B0LUGSJBBO,鼎城潮前营销中心,生活服务;生活服务场所;生活服务场所,109.04692555977468,34.38842995772733,灞桥区,109.051996,34.387182
B0I2HS1WUM,雲玥府营销中心,生活服务;生活服务场所;生活服务场所,109.05143708149684,34.37811310805834,灞桥区,109.056521,34.376869
B0FFFA96BA,西北现代医药物流中心,生活服务;物流速递;物流速递,109.06726188524554,34.380829631508995,灞桥区,109.072389,34.379614
B0K1D7LFOI,乐漾公寓(奥体中心店),生活服务;生活服务场所;生活服务场所,109.03845666052467,34.37807019746248,灞桥区,109.043497,34.376797
B0KRVXGDY5,中康华府销售中心,生活服务;生活服务场所;生活服务场所,109.0405539249415,34.3925612133285,灞桥区,109.045603,34.391301
B0I0CAGY8C,润玺臺港悦城营销中心,生活服务;生活服务场所;生活服务场所,109.06774142263622,34.37342094380101,灞桥区,109.072869,34.372202
B0J3YAC8UW,中国铁建·西派麟悦营销中心,生活服务;生活服务场所;生活服务场所,109.03095327256162,34.394411394970874,灞桥区,109.035967,34.393128
B0L3URI8XB,华润置地·西安望雲营销中心,生活服务;生活服务场所;生活服务场所,109.03114603537266,34.40018364171817,灞桥区,109.036161,34.398904
B0KR0SFZNL,水流街道妈妈驿站,生活服务;生活服务场所;生活服务场所,109.0441530405709,34.420542778760904,灞桥区,109.049217,34.419307
B0H0NZU87Z,陕西四方物流服务有限责任公司,生活服务;物流速递;物流速递,109.07587970367597,34.38207965094596,灞桥区,109.081025,34.380875
B0LRKZHJXW,港悦城-致悦(南门),生活服务;生活服务场所;生活服务场所,109.07012290860789,34.375586668712,灞桥区,109.075256,34.374372
B0IAYUUDV4,保利·锦上售楼中心,生活服务;生活服务场所;生活服务场所,109.05787233956627,34.376008046159775,灞桥区,109.062975,34.374775
B0LA349NEH,绿城拾光屿售楼部,生活服务;生活服务场所;生活服务场所,109.03627725358892,34.4054244270268,灞桥区,109.041312,34.404161
B0J1GZ92UD,老丁18米百吨地磅,生活服务;生活服务场所;生活服务场所,109.03115295097872,34.40085724217178,灞桥区,109.036168,34.399578
B0JGM69FOS,菜鸟驿站(西安中粮奥体壹号店),生活服务;物流速递;物流速递,109.02617596241495,34.38311254275061,灞桥区,109.03117,34.38181
B0KA65LBQQ,龙翔·奥城云樾营销中心,生活服务;生活服务场所;生活服务场所,109.03440970748716,34.38779305256977,灞桥区,109.039436,34.386515
B0K1FSKFXR,西安中林国铁物流有限公司,生活服务;物流速递;物流速递,109.06319892311544,34.4132513920377,灞桥区,109.068319,34.412048
B0LAMH7YC1,绿城琉光屿营销中心,生活服务;生活服务场所;生活服务场所,109.03544852347136,34.40304087717128,灞桥区,109.04048,34.401774
B0KD5CVR3J,彩鹤图文广告,生活服务;生活服务场所;生活服务场所,109.03864297423236,34.37824164993044,灞桥区,109.043684,34.376969
B0I1OMAMKS,新筑充电站,生活服务;生活服务场所;生活服务场所,109.06263797982392,34.383044275826535,灞桥区,109.067754,34.381823
B0LAU5771Z,港务区中通快递,生活服务;物流速递;物流速递,109.08351424232934,34.39094341649142,灞桥区,109.088673,34.38975
B0GR6NX4DK,顺丰速运(秦汉大道店),生活服务;生活服务场所;生活服务场所,109.06748654057098,34.40175772588735,灞桥区,109.072616,34.400554
B0K3C7EFGC,中国电信营业厅(全运村.甘棠苑店),生活服务;电讯营业厅;中国电信营业厅,109.03210285956536,34.38280375639668,灞桥区,109.03712,34.381517
B0KA3AQW4T,交控绿城桂语晴澜营销中心,生活服务;生活服务场所;生活服务场所,109.03864249854377,34.38378865096468,灞桥区,109.043684,34.382519
B0KBDSCKFI,陕西交泰物流有限公司拆装箱基地,生活服务;物流速递;物流速递,109.05478169084132,34.416334102920445,灞桥区,109.059879,34.415118
B0FFHJ4S08,中国邮政速递物流(西安港务区揽投部),生活服务;邮局;邮政速递,109.06240380077728,34.38050802049707,灞桥区,109.067519,34.379285
B0KBTHVESA,中哈(西安)商贸物流有限责任公司,生活服务;物流速递;物流速递,109.07298236436428,34.41616352038571,灞桥区,109.078125,34.414975
B0ID77MB0G,招商局丝路中心接待中心,生活服务;生活服务场所;生活服务场所,109.034734733827,34.37333303409139,灞桥区,109.039761,34.372048
B0HAR51186,中通快运(西安未央二部),生活服务;物流速递;物流速递,109.06074425778,34.37907448319476,灞桥区,109.065855,34.377848
B0L6XMSLLJ,全海物流西安卸货点,生活服务;生活服务场所;生活服务场所,109.07025903513949,34.38221592998695,灞桥区,109.075393,34.381005
B0HKMZ8DYF,西安国际港站营业大厅,生活服务;生活服务场所;生活服务场所,109.07334792795754,34.41273211323769,灞桥区,109.078491,34.411542
B0HB2AXWBL,浩诚手机电脑维修,生活服务;维修站点;维修站点,109.04570787906384,34.38503749266489,灞桥区,109.050774,34.383785
B0J3UA13FS,西安畅凯物流有限公司集拼仓库,生活服务;物流速递;物流仓储场地,109.06749536582304,34.40352770705086,灞桥区,109.072625,34.402325
B0J2NXGZTZ,菜鸟驿站(陆港绿城西安全运村店),生活服务;物流速递;物流速递,109.03151011392973,34.38296322783739,灞桥区,109.036525,34.381675
B0MBP72DYS,京东亚洲一号西安智能物流园仓储中心,生活服务;物流速递;物流速递,109.08122043172705,34.38282451013335,灞桥区,109.086375,34.381625
B0L6YYZPQW,西安亚一分拣中心,生活服务;物流速递;物流速递,109.07975174633263,34.383547292318376,灞桥区,109.084904,34.382347
B0G2RXILM4,中通快递,生活服务;物流速递;物流速递,109.05519399505845,34.387402753829576,灞桥区,109.06029,34.386171
B0FFLGQ5E3,立得广告快印(梦想公社店),生活服务;摄影冲印店;摄影冲印,109.06669933957876,34.37922927958599,灞桥区,109.071825,34.378012
B0IKUCAZM2,西安陆海国铁堆场,生活服务;生活服务场所;生活服务场所,109.06804337017368,34.41197210211471,灞桥区,109.073175,34.410775
B0L24HOQDL,陕西中集物流有限公司(灞耿路店),生活服务;生活服务场所;生活服务场所,109.05477884390532,34.403148729797685,灞桥区,109.059875,34.401925
B0KBRXU53N,菜鸟驿站(新筑新城店),生活服务;物流速递;物流速递,109.04093959624004,34.38060085041759,灞桥区,109.045989,34.379335
B0JKY673SQ,菜鸟驿站(绿地国港新里城店),生活服务;物流速递;物流速递,109.0471416471175,34.390796182382225,灞桥区,109.052213,34.38955
B0L0DLNRQC,头道汤头疗养生馆(港务区店),生活服务;美容美发店;美容美发店,109.04051394531233,34.38235891100738,灞桥区,109.045562,34.381093
B0FFL06GX4,艺山图文照相广告,生活服务;生活服务场所;生活服务场所,109.0427958722954,34.38361486678514,灞桥区,109.047852,34.382355
B0J21HAQTW,丹青快印广告·画册印刷·标识标牌·工程图纸·标书装订,生活服务;生活服务场所;生活服务场所,109.03477650964228,34.374127505176226,灞桥区,109.039803,34.372843
B0KBGS6GC7,中铁快运4号库,生活服务;物流速递;物流仓储场地,109.06821767877209,34.40388152503864,灞桥区,109.073349,34.40268
B0G19H9CO5,菜鸟驿站(西安新筑店),生活服务;物流速递;物流速递,109.06103802948346,34.38426818541391,灞桥区,109.06615,34.383045
B0KK474RHY,小王废品回收,生活服务;生活服务场所;生活服务场所,109.0464237575491,34.382111505902486,灞桥区,109.051492,34.380859
B0L1LACUAF,西安灞桥一期散货分拣中心,生活服务;生活服务场所;生活服务场所,109.07785812169926,34.38198180055411,灞桥区,109.083007,34.380779
B0MGUDCFI2,郑远元专业修脚房(中粮广场店),生活服务;洗浴推拿场所;洗浴推拿场所,109.02549581316748,34.38151728908204,灞桥区,109.030487,34.380212
B0LKKUNSFX,碧玺舒眠-头疗解压,生活服务;生活服务场所;生活服务场所,109.03828531545052,34.37764884339585,灞桥区,109.043325,34.376375
B0M65DHCFK,中国联通(绿地璀璨天城营业厅),生活服务;电讯营业厅;中国联通营业厅,109.04752922968656,34.39255636830518,灞桥区,109.052602,34.391312
B0GRHYQGCC,开锁换锁配钥匙,生活服务;生活服务场所;生活服务场所,109.05534469931624,34.385750377289554,灞桥区,109.060441,34.384518
B0FFIASMV8,宇鑫物流(丰润路店),生活服务;物流速递;物流速递,109.0834648626923,34.373247045700715,灞桥区,109.088622,34.372044
B0FFHS10XL,西安港国际采购中心,生活服务;生活服务场所;生活服务场所,109.0672099379226,34.39308698025725,灞桥区,109.072338,34.391878
B0FFMB5A32,西安绿贝物流有限责任公司,生活服务;物流速递;物流速递,109.05408091342066,34.4030501145078,灞桥区,109.059175,34.401825
B0J0Y6LFUP,菜鸟驿站(中铁卓越城店),生活服务;物流速递;物流速递,109.0524716307442,34.392893963022324,灞桥区,109.05756,34.39166
B0KA2DEJ92,远诚宝路通物流(西安总公司),生活服务;物流速递;物流速递,109.07587949675072,34.39589803559526,灞桥区,109.081026,34.394701
B0JB7XPATE,菜鸟驿站(西安招商城市主场盛会店),生活服务;物流速递;物流速递,109.04902542244332,34.40390579257987,灞桥区,109.054104,34.402671
B0KRSS6M9A,九号沐足SPA生活馆,生活服务;洗浴推拿场所;洗浴推拿场所,109.06666940946924,34.37923531845089,灞桥区,109.071795,34.378018
B0J2H5I0UA,陕西国际经贸集团西安港集运有限公司,生活服务;物流速递;物流速递,109.0717848478384,34.41591505597976,灞桥区,109.076925,34.414725
B0J1FZ8HQJ,京东图文(招商丝路中心店),生活服务;摄影冲印店;摄影冲印,109.03551544228056,34.377829648931744,灞桥区,109.040545,34.376549
B0MGHZS80A,废品回收站(铜铁铝工厂废料),生活服务;生活服务场所;生活服务场所,109.05836064254456,34.37992508334061,灞桥区,109.063465,34.378695
B0HGBUPNST,刘霞大众浴池,生活服务;洗浴推拿场所;洗浴推拿场所,109.05366277172448,34.384451283567984,灞桥区,109.058754,34.383215
B0KDVXZDFV,典唐盲人推拿(招商主场盛会店),生活服务;洗浴推拿场所;洗浴推拿场所,109.04788614976783,34.40319461641779,灞桥区,109.052961,34.401957
B0FFJMATDH,菜鸟驿站(新筑新城店),生活服务;物流速递;物流速递,109.04103026578576,34.38073656212635,灞桥区,109.04608,34.379471
B0LBG54IFP,陕西宽明律师事务所,生活服务;生活服务场所;生活服务场所,109.03828825786664,34.37819454319265,灞桥区,109.043328,34.376921
B0I0UC88EB,小韩高价废品回收,生活服务;生活服务场所;生活服务场所,109.05657453938107,34.392851192465336,灞桥区,109.061675,34.391625
B0K04APSJ1,中国电信营业厅(新筑新城),生活服务;电讯营业厅;中国电信营业厅,109.040919646606,34.38083077347942,灞桥区,109.045969,34.379565
B0K0YHGD6H,高价回收铜铝铁,生活服务;生活服务场所;生活服务场所,109.04266938442105,34.3827356376469,灞桥区,109.047725,34.381475
B0K336ZF5C,菜鸟驿站(保利锦上店),生活服务;物流速递;物流速递,109.05817129058994,34.37850617967569,灞桥区,109.063275,34.377275
B0K25CSSK2,丰巢存包柜(奥体湃中心商业街),生活服务;生活服务场所;生活服务场所,109.02503629243428,34.37403757970164,灞桥区,109.030025,34.372727
B0L0MH9J0Z,中港国际物流堆场,生活服务;物流速递;物流速递,109.06325182952212,34.412789578813275,灞桥区,109.068372,34.411586
B0JBUZAAUB,西安鑫周再生资源回收服务点,生活服务;生活服务场所;生活服务场所,109.05522784726588,34.38796837963622,灞桥区,109.060324,34.386737
B0MGSSM5YF,中国移动(俊创第九分公司),生活服务;电讯营业厅;中国移动营业厅,109.0487898080928,34.38504581638213,灞桥区,109.053866,34.3838
B0LUZDUIIA,西安国际港务区坤佳废品回收站,生活服务;生活服务场所;生活服务场所,109.0514394390013,34.40853116895005,灞桥区,109.056526,34.407304
B0LG7L2LOD,瑞玺刻章店,生活服务;生活服务场所;生活服务场所,109.0386638955518,34.37828057793671,灞桥区,109.043705,34.377008
B0I2PSBJ0R,国家电网(新合营业厅),生活服务;电力营业厅;电力营业厅,109.04199843701451,34.420656676506155,灞桥区,109.047055,34.419416
B0L36AA6PF,手机维修店,生活服务;维修站点;维修站点,109.05865450949936,34.3836315623338,灞桥区,109.06376,34.382404
B0K0ADP523,立刻刻章,生活服务;生活服务场所;生活服务场所,109.03968089645272,34.38241687718673,灞桥区,109.044726,34.381149
B0K3CZECZC,陕西沃创律师事务所,生活服务;生活服务场所;生活服务场所,109.03469685657168,34.37355101499407,灞桥区,109.039723,34.372266
B0FFMGD3AC,西安国际港务区李红梅废品站,生活服务;生活服务场所;生活服务场所,109.05501930944082,34.3781311173449,灞桥区,109.060114,34.376894
B0H0KCQD4I,陕西众致(国际港务区)律师事务所,生活服务;事务所;律师事务所,109.0348781269137,34.374169223873174,灞桥区,109.039905,34.372885
B0K0LRR551,魏锋废品回收,生活服务;生活服务场所;生活服务场所,109.0446904934835,34.41739741987491,灞桥区,109.049756,34.416161
B0K0DS8W62,朝阳废品回收,生活服务;生活服务场所;生活服务场所,109.02961527908144,34.40810419856607,灞桥区,109.034625,34.406825
B0LDOH003O,嘉硕企服,生活服务;生活服务场所;生活服务场所,109.03458228694764,34.37352532135774,灞桥区,109.039608,34.37224
B0JR35F2JU,工会驿站(爱菊集团游客服务中心),生活服务;生活服务场所;生活服务场所,109.05801962868712,34.402493180296226,灞桥区,109.063125,34.401275
B0K3UDLD18,中通快运(西安奥体),生活服务;物流速递;物流速递,109.05520667592322,34.39065493763037,灞桥区,109.060303,34.389425
B0IU6OJI9B,菜鸟驿站(绿地璀璨天城店),生活服务;物流速递;物流速递,109.0462858988834,34.39731941327946,灞桥区,109.051355,34.396075
B0H1A53D68,百印图文广告部,生活服务;摄影冲印店;摄影冲印,109.04083680365244,34.382392124493364,灞桥区,109.045886,34.381127
B0LDGXI0NF,驿收发(全运村甘棠苑店),生活服务;物流速递;物流速递,109.03064642508149,34.38310743531405,灞桥区,109.035658,34.381817
B0L1UR3DLL,每一天便利店(中粮大悦广场店),生活服务;生活服务场所;生活服务场所,109.02598194354,34.380679397016394,灞桥区,109.030975,34.379375
B0KUPU6CXN,高价废品回收(赵),生活服务;生活服务场所;生活服务场所,109.05920557512542,34.38851693622146,灞桥区,109.064313,34.387293
B0M647J9DL,中国体育彩票(奥体中心球迷俱乐部店),生活服务;彩票彩券销售点;彩票彩券销售点,109.02625629858792,34.37543845470424,灞桥区,109.03125,34.374132
B0L0AKAA2R,顺丰速运(招商城市盛会店),生活服务;物流速递;物流速递,109.04931548659562,34.40403710923455,灞桥区,109.054395,34.402803
B0L3ZH0WXI,陆港·云启营销中心(铁一小、铁一中),生活服务;生活服务场所;生活服务场所,109.02631139376822,34.38345798154669,灞桥区,109.031306,34.382156
B0JRT531I3,中国电信(招商盛会店),生活服务;电讯营业厅;中国电信营业厅,109.04784035895509,34.40249311375006,灞桥区,109.052915,34.401255
B0HRYZEU2F,国际港务区刘二明废旧物资回收点,生活服务;生活服务场所;生活服务场所,109.04169354764927,34.385326503122094,灞桥区,109.046746,34.384065
B0FFGFPNBK,街北自行车修理部,生活服务;维修站点;维修站点,109.05524392741312,34.38650415315053,灞桥区,109.06034,34.385272
B0J13SI3A0,陕西至正(国际港务区)律师事务所,生活服务;事务所;律师事务所,109.06669827436154,34.39148558373394,灞桥区,109.071825,34.390275
B0I255DLCC,国际港务区丁红涛再生资源回收服务点,生活服务;生活服务场所;生活服务场所,109.04301402157677,34.38477073298664,灞桥区,109.048071,34.383512
B0J05ZX11W,空调安装维修回收,生活服务;维修站点;维修站点,109.04301816141135,34.38298469597515,灞桥区,109.048075,34.381725
B0FFHF8YWV,西安浐灞国际港公益性公墓,生活服务;丧葬设施;公墓,109.04027290559578,34.41591355373016,灞桥区,109.045323,34.414666
B0MG3Z9IMQ,废品回收,生活服务;生活服务场所;生活服务场所,109.06259812249397,34.38257659274196,灞桥区,109.067714,34.381355
B0G3ASE7GO,德佑地产(东恒A店),生活服务;中介机构;中介机构,109.04575565899862,34.397316585148616,灞桥区,109.050823,34.396071
B0JKNU7UIF,国港·绿地长安门营销中心,生活服务;生活服务场所;生活服务场所,109.04736534046464,34.39745298549475,灞桥区,109.052438,34.396211
B0K6LYGDHB,绿地璀璨天城售楼部,生活服务;生活服务场所;生活服务场所,109.04792252452364,34.39750075997463,灞桥区,109.052997,34.39626
B0JDUHEH66,西安浐灞国际港零工驿站,生活服务;生活服务场所;生活服务场所,109.06835153150595,34.40208536824647,灞桥区,109.073483,34.400883
B0LGNMROSJ,收售二手电动车维修,购物服务;购物相关场所;购物相关场所|生活服务;生活服务场所;生活服务场所,109.05445470745404,34.381138564167344,灞桥区,109.059548,34.379902
B0IBXHQ8M2,京东智能产业园6号库,生活服务;生活服务场所;生活服务场所,109.08077312467664,34.38303974082477,灞桥区,109.085927,34.38184
B0FFMA7Y53,青岛万嘉集运物流有限公司(西安分公司),生活服务;物流速递;物流仓储场地,109.07361952615982,34.39967829651289,灞桥区,109.078762,34.398481
B0FFGFPXHC,西安国际陆港中纽冷链物流有限公司,生活服务;物流速递;物流速递,109.07782657001944,34.388930031837305,灞桥区,109.082976,34.387731
B0LAMCAR9G,顺丰速运(行止便利店),生活服务;物流速递;物流速递,109.0313726510675,34.3828506515791,灞桥区,109.036387,34.381562
B0H64MICK9,王痛快诚信家电,生活服务;生活服务场所;生活服务场所,109.04900013847464,34.385010392484354,灞桥区,109.054077,34.383765
B0L3NACYT7,中国电信(中铁卓越城),生活服务;电讯营业厅;中国电信营业厅,109.05237594475612,34.392631298427894,灞桥区,109.057464,34.391397
B0GRFHCCP8,阳光大众浴池,生活服务;洗浴推拿场所;洗浴推拿场所,109.03714189946118,34.419141293290714,灞桥区,109.042181,34.417888
B0KKDUKYV1,龙翔·奥城云邸营销中心,生活服务;生活服务场所;生活服务场所,109.0318563143974,34.388484297357614,灞桥区,109.036873,34.3872
B0KGSHHLSU,中国铁塔铁塔换电(港兴四路店),购物服务;专卖店;自行车专卖店|生活服务;生活服务场所;生活服务场所,109.05042863609675,34.38482752377004,灞桥区,109.05551,34.383585
B0H2PRT29K,绿地·铂瑞中心营销中心,生活服务;生活服务场所;生活服务场所,109.02847763438872,34.374122086108265,灞桥区,109.03348,34.372821
B0HG9UPGCQ,中国体育彩票(港兴四路店),生活服务;彩票彩券销售点;彩票彩券销售点,109.05972857191476,34.38372666613144,灞桥区,109.064837,34.382501
B0FFGA9XW4,中国电信天翼数字生活港务新筑营业厅,生活服务;电讯营业厅;中国电信营业厅,109.05726936037438,34.38373295365025,灞桥区,109.062371,34.382503
B0KDA7EAQG,陕西韶通律师事务所,生活服务;事务所;律师事务所,109.03474867944182,34.37335998418781,灞桥区,109.039775,34.372075
B0K0PCXG9U,山东健康同人乐府城市展厅,生活服务;生活服务场所;生活服务场所,109.0314596389784,34.390759086068506,灞桥区,109.036475,34.389475
B0L2XCXETN,金箭电动车(港宁路店),生活服务;维修站点;维修站点,109.04686838147558,34.392663740510955,灞桥区,109.051939,34.391418
B0L14R2MHI,陨石 Hair Salon(陆港铁一中店),生活服务;美容美发店;美容美发店,109.02583167144677,34.3908742362391,灞桥区,109.030825,34.389575
B0H2ZSA5AQ,越盛源精修电动车,生活服务;维修站点;维修站点,109.04446223638416,34.41772374275137,灞桥区,109.049527,34.416487
B0KUCBWMJK,叮咚送水(港务区桶装水站),生活服务;生活服务场所;生活服务场所,109.03891076786896,34.38106847314483,灞桥区,109.043953,34.379798
B0L2BHJLBG,中国建设银行欧亚大道支行劳动者港湾(工会驿站),生活服务;生活服务场所;生活服务场所,109.03775605875518,34.37967405607664,灞桥区,109.042794,34.3784
B0FFI59UX7,丰巢快递柜(新丝路国际电商产业园B座店),生活服务;物流速递;物流速递,109.0629583714002,34.38064707182544,灞桥区,109.068075,34.379425
B0ID0A62NY,特种焊接取断丝修水箱,生活服务;生活服务场所;生活服务场所,109.08445542765116,34.373463293243326,灞桥区,109.089614,34.372261
B0KGHNQGDW,陕西丰瑞(国际港务区)律师事务所,生活服务;事务所;律师事务所,109.067605059613,34.392665670725584,灞桥区,109.072734,34.391457
B0KBOR8JO8,BD芭迪舞蹈,生活服务;生活服务场所;生活服务场所,109.03823531130048,34.37979781006714,灞桥区,109.043275,34.378525
B0KD2Z07C8,绿地国港新里城百年行,生活服务;生活服务场所;生活服务场所,109.04724336899622,34.39016531083591,灞桥区,109.052315,34.388919
B0FFKZLDW5,小马电动车维修,生活服务;维修站点;维修站点,109.05899457967712,34.383588996510746,灞桥区,109.064101,34.382362
B0FFIL3B8V,旭宏家电维修部,生活服务;维修站点;维修站点,109.0553875564427,34.385960182468104,灞桥区,109.060484,34.384728
B0FFLHQ4J5,铁e达国际集装箱配送中心,生活服务;生活服务场所;生活服务场所,109.05340378320048,34.41631675369269,灞桥区,109.058497,34.415098
B0M65ZHSXO,金茂璞印云湾城市展厅,生活服务;生活服务场所;生活服务场所,109.0293282711495,34.38623625175794,灞桥区,109.034335,34.384944
B0JD6A1FJD,德佑晖腾加盟店,生活服务;中介机构;中介机构,109.04490252621854,34.39718156382508,灞桥区,109.049967,34.395934
B0GRTMEI8U,小朱精修电动车,生活服务;维修站点;维修站点,109.05548521865508,34.386582659460174,灞桥区,109.060582,34.385351
B0MBMY66M3,赫本时光·Hair salon,生活服务;美容美发店;美容美发店,109.02523488199044,34.381231168071245,灞桥区,109.030225,34.379925
B0K30ZUQO0,龙翔·奥城云邸实景示范区,生活服务;生活服务场所;生活服务场所,109.03404538414438,34.38418296293841,灞桥区,109.03907,34.382902
B0LAACMHJW,李二孃串串火锅,生活服务;生活服务场所;生活服务场所,109.04421585581696,34.39706617779735,灞桥区,109.049278,34.395817
B0K0HDLBUR,山西聪锐(西安)律师事务所,生活服务;事务所;律师事务所,109.03554526078624,34.37865512993313,灞桥区,109.040575,34.377375
B0HRXZSY4I,森扬电气焊加工维修,生活服务;生活服务场所;生活服务场所,109.03735807239156,34.419578498475346,灞桥区,109.042398,34.418326
B0FFGDCWBK,西安国际港务区张恬按摩院,生活服务;洗浴推拿场所;洗浴推拿场所,109.0596527943698,34.383523905086705,灞桥区,109.064761,34.382298
B0IDTXLM6N,菜鸟驿站(招商城市主场店),生活服务;物流速递;物流速递,109.04072767577038,34.39993866476001,灞桥区,109.045778,34.398683
B0LAV77RJR,绿地理想城车位销售中心,生活服务;生活服务场所;生活服务场所,109.05318357183978,34.40332869116761,灞桥区,109.058275,34.402102
B0MB4UZ99X,新筑综合货场,生活服务;生活服务场所;生活服务场所,109.0590164556863,34.407338671343844,灞桥区,109.064125,34.406125
B0J1TX84BH,菜鸟驿站(招商城市主场一期店),生活服务;物流速递;物流速递,109.03962839379813,34.40203211194953,灞桥区,109.044675,34.400775
B0MG9MOWJ3,永鑫制冷,生活服务;维修站点;维修站点,109.04710626635791,34.384972460267605,灞桥区,109.052177,34.383723
B0FFHNGR0N,家豪浴池,生活服务;洗浴推拿场所;洗浴推拿场所,109.044631563182,34.41889167248148,灞桥区,109.049697,34.417656
B0G1YRSEMX,御金阁足浴,生活服务;生活服务场所;生活服务场所,109.05625816600838,34.384535350172506,灞桥区,109.061357,34.383304
B0K3HD26FR,行李寄存处(西安华润湃中心商业街),生活服务;生活服务场所;生活服务场所,109.02559895399531,34.37504348198402,灞桥区,109.03059,34.373735
B0LGMZC8VG,云溪雅居足浴店,生活服务;生活服务场所;生活服务场所,109.05443260664792,34.38305356782286,灞桥区,109.059526,34.381818
B0LKYH480U,格点国际洗衣洗鞋(绿地璀璨天城店),生活服务;洗衣店;洗衣店,109.04587526424262,34.39727934126271,灞桥区,109.050943,34.396034
B0JAVXRCO2,菜鸟驿站(西安陆港宁海湾店),生活服务;物流速递;物流速递,109.0428177389194,34.39587804605504,灞桥区,109.047875,34.394625
B0LUXHIPV6,新筑新城二期东区菜鸟驿站默默商店,生活服务;物流速递;物流速递,109.04845331002976,34.3801681768155,灞桥区,109.053528,34.378919
B0I2RHT9CC,国富修车,生活服务;维修站点;维修站点,109.05621135456592,34.383909776947604,灞桥区,109.06131,34.382678
B0K3FYMZIG,中国体育彩票(招商城市主场一期店),生活服务;彩票彩券销售点;彩票彩券销售点,109.0394790559872,34.40053332232276,灞桥区,109.044525,34.399275
B0K05ZV6FJ,链家地产(陆港绿城西安全运村店),生活服务;中介机构;中介机构,109.03056773546432,34.383031685648085,灞桥区,109.035579,34.381741
B0MAGUZ5K0,西安陆港分拣中心1号库,公司企业;公司;公司|生活服务;生活服务场所;生活服务场所,109.08471543388576,34.38067326976757,灞桥区,109.089875,34.379475
B0K27N0AU7,菜鸟驿站(西安神木大厦佳轩零售店店),生活服务;物流速递;物流速递,109.02848719496237,34.378818547379026,灞桥区,109.03349,34.37752
B0K0SMZI0H,回收废品,生活服务;生活服务场所;生活服务场所,109.05227567975363,34.387676235377185,灞桥区,109.057363,34.386439
B0MGSONG0E,招商揽阅营销中心,生活服务;生活服务场所;生活服务场所,109.02846999812166,34.40525891841421,灞桥区,109.033475,34.403975
B0KRDMMIX4,盛堂装饰,生活服务;生活服务场所;生活服务场所,109.04081202378929,34.380850018614154,灞桥区,109.045861,34.379584
B0LG097IMV,中国体育彩票(中铁卓越城店),生活服务;彩票彩券销售点;彩票彩券销售点,109.0531406782023,34.39205911227413,灞桥区,109.058231,34.390826
B0LDC7VXSB,德佑地产(铁一陆港中学店),生活服务;中介机构;中介机构,109.0252887899801,34.391482403755845,灞桥区,109.03028,34.390182
B0HRASK2YR,国际港务区盛威峰再生资源回收服务点,生活服务;生活服务场所;生活服务场所,109.05487462389333,34.3793907122629,灞桥区,109.059969,34.378154
B0JGDSJDBI,仙足堂,生活服务;洗浴推拿场所;洗浴推拿场所,109.05944535831674,34.383503269560194,灞桥区,109.064553,34.382277
B0GRAS3YWI,赢台别墅售楼部,生活服务;生活服务场所;生活服务场所,109.0607467416542,34.37343049743232,灞桥区,109.065857,34.372201
B0GDJ94EWZ,菜鸟驿站(梦想公社店),生活服务;物流速递;物流速递,109.0681839209884,34.37904333860768,灞桥区,109.073313,34.377828
B0FFIAG7BA,帝豪广告,生活服务;生活服务场所;生活服务场所,109.05667202482412,34.384057855107834,灞桥区,109.061772,34.382827
B0LAZMSXY8,德佑地产(陆港绿城西安全运村店),生活服务;中介机构;中介机构,109.02941521363476,34.382951809551344,灞桥区,109.034422,34.381658
B0K0ADW60S,近水阁足浴(港兴四路店),生活服务;洗浴推拿场所;洗浴推拿场所,109.05775100977108,34.38371110622428,灞桥区,109.062854,34.382482
B0LGRZ8E0Q,拉卡拉POS机官方旗舰店(国际港务区店),生活服务;生活服务场所;生活服务场所,109.03878248727013,34.37806640371718,灞桥区,109.043824,34.376794
B0FFGFPPPK,丹溪乐浴池,住宿服务;宾馆酒店;宾馆酒店|生活服务;洗浴推拿场所;洗浴推拿场所,109.05431875921316,34.38517362969904,灞桥区,109.059412,34.383939
B0L14Z1R3V,中国体育彩票(绿地璀璨天城店),生活服务;彩票彩券销售点;彩票彩券销售点,109.04696606135244,34.39265853081129,灞桥区,109.052037,34.391413
B0KATCNV71,辣鸿运西航涮涮(城市主场店),生活服务;生活服务场所;生活服务场所,109.04001120995768,34.39995736631202,灞桥区,109.045059,34.3987
B0FFIZZ7SH,中国(陕西)自由贸易试验区公共法律服务中心,生活服务;事务所;律师事务所,109.06538944164168,34.37949001795812,灞桥区,109.070512,34.378271
B0JDAM6C9O,港务区来康理疗(招商城市主场店),生活服务;洗浴推拿场所;洗浴推拿场所,109.03987346110306,34.40272512777776,灞桥区,109.044921,34.401469
B0LKY53LMN,小熊薇妮洗衣(甘棠苑店),生活服务;洗衣店;洗衣店,109.03058366869584,34.38309261017303,灞桥区,109.035595,34.381802
B0LKBCTGX2,盛源延安沾沾市井串串,生活服务;生活服务场所;生活服务场所,109.04948249433389,34.39781928291174,灞桥区,109.054562,34.396582
B0L3MUL20V,鸡柳大人(西安港务区店),生活服务;生活服务场所;生活服务场所,109.06056435968418,34.38339944105206,灞桥区,109.065675,34.382175
B0J3X52KE1,中国体育彩票(招商央畔店),生活服务;生活服务场所;生活服务场所,109.04712069272266,34.402625590718046,灞桥区,109.052193,34.401386
B0FFK867XW,中国福利彩票(保利锦上北区店),生活服务;彩票彩券销售点;彩票彩券销售点,109.0585851346054,34.378634386613186,灞桥区,109.06369,34.377404
B0IKLHRJ2B,京东亚洲一号智能产业园西安灞桥2期,生活服务;物流速递;物流仓储场地,109.08607850157472,34.381704922471634,灞桥区,109.09124,34.380508
B0FFHN16M1,西北大明汽配物流园,生活服务;物流速递;物流仓储场地,109.10798613195622,34.398435317157514,灞桥区,109.113165,34.397249
B0HA15GIFP,中外运物流西北有限公司,生活服务;物流速递;物流仓储场地|公司企业;公司;公司,109.099499135902,34.40005843956548,灞桥区,109.104675,34.398875
B0GUZXJNNU,安博西安国际港务区物流中心,生活服务;物流速递;物流速递,109.0923125314348,34.379830393194005,灞桥区,109.097481,34.378635
B0FFIBXR85,明亨物流(西北大明营业部),生活服务;物流速递;物流速递|公司企业;公司企业;公司企业,109.10964577476884,34.400360965923724,灞桥区,109.114825,34.399175
B0IALHV1NM,陆港建材物流园,生活服务;物流速递;物流仓储场地,109.10490962071734,34.40099480768048,灞桥区,109.110088,34.399811
B0L2R7N91Q,京东物流(京东物流亚洲一号西安智能产业园2期店),生活服务;物流速递;物流速递,109.08771137785344,34.382281774771386,灞桥区,109.092875,34.381086
B0FFLIHRV2,西安祥和物流有限公司,生活服务;物流速递;物流仓储场地,109.10317200320551,34.415037296892955,灞桥区,109.108351,34.413862
B0H3TLPAMJ,新大明联运物流,生活服务;物流速递;物流速递,109.1096218092591,34.39998816535392,灞桥区,109.114801,34.398802
B0HDOH64MA,西北物流园模板方木仓储物流中心,生活服务;物流速递;物流速递,109.10106616293496,34.40132885092717,灞桥区,109.106243,34.400146
B0GR2XDB0E,社发快运总部,生活服务;物流速递;物流速递,109.10811371288804,34.40298679223784,灞桥区,109.113293,34.401803
B0GRCCE55P,西北金属物流园南区,生活服务;物流速递;物流速递,109.10192090308392,34.399553971449684,灞桥区,109.107098,34.39837
B0K2UMKB7C,陕西耀尚物流有限公司,生活服务;物流速递;物流速递,109.1034388750426,34.41530419764925,灞桥区,109.108618,34.414129
B0KGK7NPNM,金渝达物流,生活服务;物流速递;物流速递,109.10848974371974,34.40204148862228,灞桥区,109.113669,34.400857
B0L22C0BI8,顺心捷达物流,生活服务;物流速递;物流速递,109.10077364865964,34.40890548442832,灞桥区,109.105951,34.407727
B0LRPHRBRY,顺丰速运(港务店),生活服务;生活服务场所;生活服务场所,109.10019847010278,34.403081769309935,灞桥区,109.105375,34.4019
B0H2HZJB3W,笑笑铁艺加工,生活服务;生活服务场所;生活服务场所,109.10482203257637,34.37382670218177,临潼区,109.109998,34.372628
B0KBRXUKDJ,菜鸟驿站(鹏举路店),生活服务;物流速递;物流速递,109.09539103214532,34.39981874149621,灞桥区,109.100564,34.398635
B0J0BUUNY9,明亨物流大明四营业部,生活服务;物流速递;物流速递,109.10724607343688,34.400559825668736,灞桥区,109.112425,34.399375
B0FFL3GHAP,华兴物流(京昆高速店),生活服务;物流速递;物流仓储场地,109.10972462279172,34.402028058562266,灞桥区,109.114904,34.400843
B0LKAH9A70,京东物流西安公共平台仓3号库,生活服务;生活服务场所;生活服务场所,109.09155723606392,34.3803703169423,灞桥区,109.096725,34.379175
B0JATMNE8J,顺丰速运(西泉合作店),生活服务;物流速递;物流速递,109.13977388495503,34.40685998548528,临潼区,109.144936,34.405647
B0KGLATSRM,灞桥新合店菜鸟驿站,生活服务;物流速递;物流速递,109.09935356164226,34.41897150542433,灞桥区,109.104531,34.417799
B0MG7HHSIJ,西安华亿鑫隆展柜,生活服务;生活服务场所;生活服务场所,109.13509162903094,34.39798337885755,临潼区,109.140258,34.396772
B0LK97AWJN,菜鸟驿站,生活服务;物流速递;物流速递,109.1128472366132,34.3839218271469,临潼区,109.118025,34.382725
B0M6DR7MY8,陕西停好智能停车服务有限公司,生活服务;生活服务场所;生活服务场所,109.10538271974626,34.39826248893904,灞桥区,109.110561,34.397077
B0KUFR5N9H,妈妈驿站(满防线店),生活服务;物流速递;物流速递,109.0992106461728,34.41898948909856,灞桥区,109.104388,34.417817
B0K65HHU77,西美物流,生活服务;物流速递;物流速递,109.10998757638004,34.40237099144192,灞桥区,109.115167,34.401186
B0LUBSG3C0,亿迎废品废旧物资回收服务点,生活服务;生活服务场所;生活服务场所,109.098562081743,34.384457076631364,临潼区,109.103736,34.383265
B0L0PC1JET,回收废品,生活服务;生活服务场所;生活服务场所,109.09876471881454,34.3871276184319,临潼区,109.103939,34.385937
B0M61SGXXL,京东物流安博园区,商务住宅;产业园区;产业园区|生活服务;物流速递;物流速递,109.09095779790788,34.381020154654536,灞桥区,109.096125,34.379825
B0JARH3JSA,国际港务区林超再生资源废品回收,生活服务;生活服务场所;生活服务场所,109.09592171892017,34.37577389365587,灞桥区,109.101093,34.374577
B0FFJAZEHF,国家电网(西泉供电所),生活服务;生活服务场所;生活服务场所,109.13996936786668,34.403917959439724,临潼区,109.145131,34.402703
B0FFGFS0K1,温泉洗浴(西韩公路店),生活服务;洗浴推拿场所;洗浴推拿场所,109.097209469549,34.379061028926685,灞桥区,109.102382,34.377866
B0K15H3FJG,陕西富达物流(西韩公路店),生活服务;物流速递;物流速递,109.09891048327596,34.38877271697507,临潼区,109.104085,34.387583
B0L3TU7MLT,远诚宝路通物流(新大明汽配城),生活服务;物流速递;物流速递,109.10671319532548,34.40041571121163,灞桥区,109.111892,34.399231
B0JDBSJJAR,国际港务区益民再生资源回收服务点,生活服务;生活服务场所;生活服务场所,109.09644018540008,34.3773240142477,灞桥区,109.101612,34.376128
B0L0MZ9GUB,顺丰速运(大明汽配物流店),生活服务;物流速递;物流速递,109.10918396598348,34.398623730886534,灞桥区,109.114363,34.397437
B0KRRSQPLZ,西安志尚广告加工厂,生活服务;生活服务场所;生活服务场所,109.1286523048102,34.393625666268974,临潼区,109.133824,34.39242
B0LKDCNJG0,壹米滴答(陆港汽配营业部),生活服务;生活服务场所;生活服务场所,109.10816592950536,34.4004332633214,灞桥区,109.113345,34.399248
B0FFKPVYOK,空压机大全维修保养,生活服务;生活服务场所;生活服务场所,109.0983114059153,34.38261008084125,临潼区,109.103485,34.381417
B0LGS56HLM,云聚物流(大明二部),生活服务;物流速递;物流速递|汽车服务;汽车配件销售;汽车配件销售,109.10814796057043,34.400109439033706,灞桥区,109.113327,34.398924
B0HG1ARO5Y,家辉收售旧方木模板,购物服务;家居建材市场;建材五金市场|生活服务;生活服务场所;生活服务场所,109.10067001021788,34.39401891858405,灞桥区,109.105846,34.392832
B0FFJRV82X,现代物流园区管委会,政府机构及社会团体;政府机关;区县级政府及事业单位|生活服务;生活服务场所;生活服务场所,109.13824104677172,34.38534480160584,临潼区,109.143403,34.384122
B0IUZX65VV,菜鸟驿站(西安临潼椿树村村委会店),生活服务;物流速递;物流速递,109.1031537023378,34.384380614973125,临潼区,109.10833,34.383188
B0J2GACZXM,西部新材料交易中心司机之家,生活服务;生活服务场所;生活服务场所,109.0963883038845,34.399221969878404,灞桥区,109.101562,34.398038
B0I0GM6RRP,韦师电气焊,生活服务;生活服务场所;生活服务场所,109.09645836693224,34.3750972035315,灞桥区,109.10163,34.3739
B0FFMCGBBX,菜鸟驿站(西安临潼区椿树村店),生活服务;物流速递;物流速递,109.10589780341355,34.38431837621517,临潼区,109.111075,34.383125
B0M6LH5EH0,社发物流,生活服务;物流速递;物流速递,109.10954593146111,34.39866187801808,灞桥区,109.114725,34.397475
B0FFINNPPP,宇鑫物流(西北金属物流园店),生活服务;生活服务场所;生活服务场所,109.10961977789464,34.40034696145368,灞桥区,109.114799,34.399161
B0HBM5LAYR,阿龙印务,生活服务;摄影冲印店;摄影冲印,109.13120444764716,34.392936134196304,临潼区,109.136374,34.391727
B0IA3XGYJQ,广达脚手架租赁批发,生活服务;生活服务场所;生活服务场所,109.106369116523,34.40220257762234,灞桥区,109.111548,34.401019
B0FFH2LB0F,超威天能精修电动车,生活服务;维修站点;维修站点|购物服务;专卖店;专营店,109.09988456614096,34.41538564218171,灞桥区,109.105062,34.414211
B0JB2UY0CL,中国邮政(西泉邮政所),生活服务;邮局;邮局,109.13795100890002,34.40496441417852,临潼区,109.143115,34.403753
B0JDMZOMA7,修理电机空调水泵,生活服务;生活服务场所;生活服务场所,109.09801640510224,34.38484386744697,临潼区,109.10319,34.383652
B0I12DCGB6,小马再生资源回收,生活服务;生活服务场所;生活服务场所,109.096153530777,34.37587181760759,灞桥区,109.101325,34.374675
B0MBZ5CF0W,申通快递奥体公司,生活服务;物流速递;物流速递,109.09648191348256,34.38006753493153,临潼区,109.101654,34.378873
B0FFKZFHP7,钜鹿物流(新大明营业部),生活服务;物流速递;物流速递,109.10980876617982,34.40033206061159,灞桥区,109.114988,34.399146
B0M6FDYPP3,金星物流,生活服务;物流速递;物流速递,109.10819595789694,34.400060486735256,灞桥区,109.113375,34.398875
B0FFKMQSY9,菜鸟驿站(西安西泉社区店),生活服务;物流速递;物流速递,109.13672055250376,34.40651877766043,临潼区,109.141886,34.40531
B0FFILBA63,聚盟共建宝路通(大明总店),生活服务;物流速递;物流速递,109.10881685342324,34.400340595790105,灞桥区,109.113996,34.399155
B0KBRRO7GR,云聚物流(西韩公路店),生活服务;物流速递;物流速递,109.09944912490992,34.38912654113303,临潼区,109.104624,34.387937
B0KD5AO1HH,紫怡家纺弹棉花窗帘,生活服务;生活服务场所;生活服务场所,109.09825225338786,34.384790893967846,临潼区,109.103426,34.383599
B0HUK57KPP,康寿盲人推拿,生活服务;洗浴推拿场所;洗浴推拿场所,109.09896269532034,34.420159789724586,灞桥区,109.10414,34.418988
B0HKUSVJ47,瑞光焊接(焊条焊丝),生活服务;生活服务场所;生活服务场所,109.09755801766325,34.38142073989852,临潼区,109.102731,34.380227
B0G2KUU8AV,西安云伟物流,生活服务;物流速递;物流速递,109.10794099319,34.40009536175294,灞桥区,109.11312,34.39891
B0L2SH61F0,兔喜快递超市,生活服务;物流速递;物流速递,109.09220643872898,34.39347994016241,灞桥区,109.097376,34.392292
B0MGRZJRMO,陕西恒械通租赁有限责任公司,生活服务;生活服务场所;生活服务场所,109.1020371311213,34.38495209878414,临潼区,109.107213,34.38376
B0FFL5KY4L,华丰物流(京昆高速店),生活服务;物流速递;物流速递,109.10894083440677,34.400401616564416,灞桥区,109.11412,34.399216
B0FFLAPL2A,屹科物流1号库,生活服务;物流速递;物流仓储场地,109.10759494924376,34.401247570738434,灞桥区,109.112774,34.400063
B0L3YUIN1P,京东快递新筑集配站(港兴四路店),生活服务;物流速递;物流速递,109.08776542908782,34.38094147515944,灞桥区,109.092929,34.379745
B0FFFQMKP4,中国福利彩票(西宣路店),生活服务;彩票彩券销售点;彩票彩券销售点,109.13796696067928,34.40571300861437,临潼区,109.143131,34.404502
B0IGVC3I72,陕北专线旭晨货运,生活服务;物流速递;物流速递,109.10792696063534,34.40049113212821,灞桥区,109.113106,34.399306
B0L2USETOS,华运金达,生活服务;生活服务场所;生活服务场所,109.10113064318767,34.40687569298902,灞桥区,109.106308,34.405696
B0LK0994B7,菜鸟驿站,生活服务;物流速递;物流速递,109.0978266322915,34.38371248782573,临潼区,109.103,34.38252
B0J1U99OLM,优威广告,生活服务;生活服务场所;生活服务场所,109.12446921523996,34.396148649364896,临潼区,109.129644,34.394949
B0J1X71Q4Q,海洋(玉强)物资回收,生活服务;生活服务场所;生活服务场所,109.10048214996934,34.393570150627504,灞桥区,109.105658,34.392383
B0J0VSWNNP,鹏泽广告,生活服务;生活服务场所;生活服务场所,109.12335369379323,34.40612686273756,临潼区,109.12853,34.404934
B0LA5RT9PD,安能物流(大明汽配城店),生活服务;物流速递;物流速递,109.10914281579842,34.40037872096075,灞桥区,109.114322,34.399193
B0HA55N46O,小谢废品收购站,生活服务;生活服务场所;生活服务场所,109.09765082003564,34.382942911194725,临潼区,109.102824,34.38175
B0JA5CHJEQ,中快运物流(西北)运营中心仓库,生活服务;物流速递;物流仓储场地,109.09972016598208,34.39824247623844,灞桥区,109.104896,34.397058
B0GR2ODQ1R,西安鑫时达物流,生活服务;物流速递;物流速递,109.10940564502246,34.40205189382422,灞桥区,109.114585,34.400867
B0JBNH2UF8,陕西鼎昌电力有限公司,生活服务;生活服务场所;生活服务场所,109.09613235604856,34.38945444415903,灞桥区,109.101305,34.388265
B0KULZF0P9,陕西钜麓物流,生活服务;物流速递;物流速递,109.1249548468309,34.39233628166232,临潼区,109.130129,34.391134
B0KAY7Z24Z,蒋发玉再生资源回收站,生活服务;生活服务场所;生活服务场所,109.10104163799208,34.407449352791986,灞桥区,109.106219,34.40627
B0L0RS4N8B,展鸿连拓免拉手加工点,生活服务;生活服务场所;生活服务场所,109.13564452010964,34.40558381948571,临潼区,109.140811,34.404376
B0FFILBATW,西安市腾达物流有限公司,生活服务;物流速递;物流速递,109.10801994751915,34.400476178617765,灞桥区,109.113199,34.399291
B0J1OMDQ77,乐开心自助火锅(西泉店),生活服务;生活服务场所;生活服务场所,109.13776888273031,34.40414062391087,临潼区,109.142933,34.402929
B0FFILB70Q,陕西富达物流,公司企业;公司;公司|生活服务;物流速递;物流速递,109.1077840195651,34.40008230566073,灞桥区,109.112963,34.398897
B0KGBRAC6H,国际港务区荆小宇再生资源回收服务点,生活服务;生活服务场所;生活服务场所,109.09209454598812,34.4163119168895,灞桥区,109.097266,34.415137
B0FFFA9ALN,优速快递(新合分拨中心),生活服务;物流速递;物流速递,109.09654365578606,34.41666591417277,灞桥区,109.101719,34.415492
B0HB3U99YB,高价废品回收,生活服务;生活服务场所;生活服务场所,109.09959999756076,34.38956430729358,临潼区,109.104775,34.388375
B0HUXDK8B9,西安鸿兴劳务有限公司,生活服务;人才市场;人才市场,109.13658242760856,34.40628771670017,临潼区,109.141748,34.405079
B0JGH6QU8N,国际港务区喜闻乐见再生资源回收服务点,生活服务;生活服务场所;生活服务场所,109.0953868902637,34.37867040479521,灞桥区,109.100558,34.377475
B0L66U5GYX,高价收废品,生活服务;生活服务场所;生活服务场所,109.08712934090052,34.379532545252005,灞桥区,109.092292,34.378335
B0JKL74UA5,超音速快运(暂停营业),生活服务;物流速递;物流速递,109.1080049781661,34.400153355120274,灞桥区,109.113184,34.398968
B0KU9OT31H,中国体育彩票(西宣路店),生活服务;彩票彩券销售点;彩票彩券销售点,109.13780882939444,34.40524405045034,临潼区,109.142973,34.404033
B0MBK4PE55,鑫河西物流有限公司,生活服务;物流速递;物流速递,109.10849588618802,34.400410416029835,灞桥区,109.113675,34.399225
B0M6GCOUHN,文军物流,生活服务;物流速递;物流速递,109.09825626407968,34.38463897683953,临潼区,109.10343,34.383447
B0L6RDP4VM,西海物流,生活服务;物流速递;物流速递,109.10935080026437,34.400337839988225,灞桥区,109.11453,34.399152
B0HDHAC004,陆港建材基地招商客服中心,生活服务;生活服务场所;生活服务场所,109.10645124058144,34.40057153097667,灞桥区,109.11163,34.399387
B0LA5LV4IK,江源物流(西韩公路店),生活服务;物流速递;物流速递,109.09945013851448,34.38896463042649,临潼区,109.104625,34.387775
B0MGYR6T8E,钜麓物流,生活服务;物流速递;物流速递,109.09789991604195,34.40270691418047,灞桥区,109.103075,34.401525
B0MB4UYOU5,海壮物流,生活服务;物流速递;物流速递,109.10839576330856,34.40195949494872,灞桥区,109.113575,34.400775
B0MG574JCT,陕西明亨物流有限公司,生活服务;物流速递;物流速递,109.10859573308196,34.40200955258268,灞桥区,109.113775,34.400825
B0GRT7F34J,西安市双生华健货运部,生活服务;物流速递;物流速递,109.10785597211988,34.40048910448564,灞桥区,109.113035,34.399304
B0HKDC1DUO,百世邻里,生活服务;物流速递;物流速递,109.09991652957676,34.415594522003765,灞桥区,109.105094,34.41442
B0HRV1AV0V,新元广告印务,生活服务;生活服务场所;生活服务场所,109.10637538662031,34.39911033067988,灞桥区,109.111554,34.397925
B0G2KCTU8I,废品回收,生活服务;生活服务场所;生活服务场所,109.09665407776748,34.37672831633694,灞桥区,109.101826,34.375532
B0LKVN3P8I,中国体育彩票,生活服务;彩票彩券销售点;彩票彩券销售点,109.0993467888681,34.416431000165794,灞桥区,109.104524,34.415257
B0KKX6FKPR,星云造型,生活服务;美容美发店;美容美发店,109.09010288835968,34.37903152510012,灞桥区,109.095269,34.377835
B0LBFRVUIG,鼎盛激光切割,生活服务;生活服务场所;生活服务场所,109.11997089045438,34.396660069847464,临潼区,109.125148,34.395465
B0IAPUOMUG,足健舒足浴店,生活服务;洗浴推拿场所;洗浴推拿场所,109.09895661576486,34.42110822777865,灞桥区,109.104134,34.419937
B0LDFCRQ9I,超威电池电动车维修,生活服务;维修站点;维修站点,109.10381845736276,34.38427182123236,临潼区,109.108995,34.383079
B0L3AOYG4R,中国体育彩票(世纪之星商务酒店店),生活服务;彩票彩券销售点;彩票彩券销售点,109.10609154571748,34.3980828141345,灞桥区,109.11127,34.396897
B0IDH5KZW1,康杰发电机组租赁出租出售,生活服务;生活服务场所;生活服务场所,109.1069128162557,34.404246605774155,灞桥区,109.112092,34.403064
B0G34ARNIW,全能电气焊修理部,生活服务;维修站点;维修站点,109.09719846371782,34.37921694552695,灞桥区,109.102371,34.378022
B0K6BA886C,西安正源地磅服务部,生活服务;生活服务场所;生活服务场所,109.09695662841976,34.37932190265953,灞桥区,109.102129,34.378127
B0FFFA9L0W,发如意理发店,生活服务;美容美发店;美容美发店,109.09845604052748,34.38570439480106,临潼区,109.10363,34.384513
B0KGNDZJMW,兴源装饰,生活服务;生活服务场所;生活服务场所,109.1053494464972,34.40148265887792,灞桥区,109.110528,34.400299
B0FFIQCP79,天能电池风动行快修站(西韩公路店),生活服务;生活服务场所;生活服务场所,109.09772670832356,34.38362253936298,临潼区,109.1029,34.38243
B0JR668IU3,芳华美业,生活服务;生活服务场所;生活服务场所,109.13853752949736,34.40639444109051,临潼区,109.143701,34.405183
B0ID9DOR7X,中国体育彩票(西韩公路店),生活服务;彩票彩券销售点;彩票彩券销售点,109.0978297282768,34.382594095746725,临潼区,109.103003,34.381401
B001D08RW9,中国电信数字生活体验店,生活服务;电讯营业厅;中国电信营业厅|购物服务;家电电子卖场;手机销售,109.14073405749004,34.4062137890671,临潼区,109.145895,34.404999
B0H65CNORX,中国福利彩票(210国道店),生活服务;彩票彩券销售点;彩票彩券销售点,109.09780675046956,34.382519136990574,临潼区,109.10298,34.381326
B0FFGWFMUM,后起之秀专业美发,生活服务;美容美发店;美容美发店,109.09967469682714,34.41527469419474,灞桥区,109.104852,34.4141
B0LGFSR8DN,再生资源回收,生活服务;生活服务场所;生活服务场所,109.0996259774557,34.38962027781641,临潼区,109.104801,34.388431
B0FFL5J0VS,顺安铁艺加工厂,生活服务;生活服务场所;生活服务场所,109.10635846586788,34.38686313796581,临潼区,109.111536,34.385671
B0KUKSHSN9,一鸣弹棉花,生活服务;生活服务场所;生活服务场所,109.13767005455708,34.40095829253519,临潼区,109.142834,34.399745
B0HBTS1GJB,中国福利彩票(G5店),生活服务;彩票彩券销售点;彩票彩券销售点,109.10528298146832,34.38421724078562,临潼区,109.11046,34.383024
B0KD2O3FNM,汇州驰劳务,生活服务;人才市场;人才市场,109.08920286735945,34.37935669845893,灞桥区,109.094368,34.37816
B0J2UNHXB7,唯美美容美发,生活服务;美容美发店;美容美发店,109.10310473400418,34.38424367953863,临潼区,109.108281,34.383051
B0IUYRF5VA,印像广告,公司企业;公司;广告装饰|生活服务;生活服务场所;生活服务场所,109.09947482934884,34.4151017848423,灞桥区,109.104652,34.413927
B0FFKGN5WJ,王楠广告,生活服务;生活服务场所;生活服务场所,109.10000151116728,34.415255726265165,灞桥区,109.105179,34.414081
B0FFGFPT3U,小黄焊接部,生活服务;生活服务场所;生活服务场所,109.13767571582564,34.40489106205833,临潼区,109.14284,34.40368
B0LROUWPS8,玫瑰源椿树水站,生活服务;生活服务场所;生活服务场所,109.09722326569376,34.38127383373499,临潼区,109.102396,34.38008
B0KKZ7UW4D,西泉麦王村综合服务社,生活服务;生活服务场所;生活服务场所,109.12840192892128,34.40712473561279,临潼区,109.133575,34.405927
B0J2THV1F6,秦灞加油站工会爱心驿站,生活服务;生活服务场所;生活服务场所,109.10132677403324,34.39287762930026,灞桥区,109.106503,34.39169
B0MBCBNJ14,陕西中配电力集团有限公司,生活服务;生活服务场所;生活服务场所,109.13805638300911,34.41341468654882,临潼区,109.143221,34.412208
B0H6TB3TNG,精修电子车摩托车,生活服务;维修站点;维修站点,109.09791351281326,34.38440410914925,临潼区,109.103087,34.383212
B0LD0C7F9M,维欧名品全屋整装,生活服务;生活服务场所;生活服务场所,109.10130167022086,34.40559245007707,灞桥区,109.106479,34.404412
B0I1JSC4W9,祖传中医推拿,生活服务;洗浴推拿场所;洗浴推拿场所,109.1031717080352,34.38423369879205,临潼区,109.108348,34.383041
B0IA7A8NE7,JL造型,生活服务;美容美发店;美容美发店,109.09783163581837,34.38363353068433,临潼区,109.103005,34.382441
B0JGDHJ5TZ,西安新视无边字加工,生活服务;生活服务场所;生活服务场所,109.13026439668064,34.395850348467526,临潼区,109.135435,34.394644
B0FFGFPIED,灞桥区新合街道为民服务中心,生活服务;生活服务场所;生活服务场所,109.09973850486078,34.41703866344061,灞桥区,109.104916,34.415865
B0H0ACT15P,护栏加工,生活服务;生活服务场所;生活服务场所,109.09873374369027,34.38706665136514,临潼区,109.103908,34.385876
B0GRO152P6,兴多多彩印晶片加工,生活服务;生活服务场所;生活服务场所,109.11837326184462,34.39700152731477,临潼区,109.123551,34.395808
B0HU2ZUBFX,西安市临潼区红星印务,生活服务;生活服务场所;生活服务场所,109.129201748515,34.39344241532131,临潼区,109.134373,34.392236
B0K3HMKRL2,空调维修家电制冷,生活服务;维修站点;维修站点,109.13799088954448,34.406822406661846,临潼区,109.143155,34.405612
B0LBLLRHND,清源养生馆,生活服务;生活服务场所;生活服务场所,109.10394839307844,34.38446774533258,临潼区,109.109125,34.383275
B0KU97HHZ5,酷岛造型,生活服务;美容美发店;美容美发店,109.09814636880697,34.38427117819195,临潼区,109.10332,34.383079
B0FFGFPR4B,艺剪坊专业美发工作室,生活服务;美容美发店;美容美发店,109.14092226103602,34.40642295249548,临潼区,109.146083,34.405208
B0H3GU5SVP,水芙蓉理发店(西韩公路店),生活服务;美容美发店;美容美发店,109.10146344780736,34.38443429706775,临潼区,109.106639,34.383242
B0H6RU9H9R,人社服务窗口(西泉街道),生活服务;生活服务场所;生活服务场所,109.13885886633008,34.40664076692538,临潼区,109.144022,34.405429
B0KRVOD6U7,顺达物流,生活服务;物流速递;物流速递,109.1095366465356,34.401914033718306,灞桥区,109.114716,34.400729
B0FFM7Y23C,玫瑰源椿树水站,生活服务;生活服务场所;生活服务场所,109.10100070507224,34.38413840073587,临潼区,109.106176,34.382946
B0LGM5EVXD,新合街道便民服务站,生活服务;生活服务场所;生活服务场所,109.09969752334318,34.4170986257883,灞桥区,109.104875,34.415925
B0LDTX8EIO,中国福利彩票,生活服务;彩票彩券销售点;彩票彩券销售点,109.08826097194935,34.37932212079212,灞桥区,109.093425,34.378125
B0GRTHGI7G,中国福利彩票(西韩公路店),生活服务;彩票彩券销售点;彩票彩券销售点,109.09947770395422,34.41650995980243,灞桥区,109.104655,34.415336
B0MAMC72QU,多美美甲美睫,生活服务;美容美发店;美容美发店,109.09916261530172,34.419673083635004,灞桥区,109.10434,34.418501
B0JBT1BD9W,西泉贾村综合服务社,生活服务;生活服务场所;生活服务场所,109.13767576906028,34.39287883660084,临潼区,109.142839,34.391661
B0JRF6JH1K,恒大,生活服务;生活服务场所;生活服务场所,109.09782674257632,34.38245417177143,临潼区,109.103,34.381261
B0JAVSURI4,阿土理发,生活服务;美容美发店;美容美发店,109.09281813642968,34.3787908234447,灞桥区,109.097987,34.377595
B0M6VCJVRA,快递服务站喵站,生活服务;物流速递;物流速递,109.11809819104232,34.385374745273594,临潼区,109.123275,34.384175
B0ID9SJXHR,欣虹广告,生活服务;生活服务场所;生活服务场所,109.12644522790193,34.38766446242371,临潼区,109.131618,34.386458
B0MGRSJGY6,专业代加工封边免拉手,生活服务;生活服务场所;生活服务场所,109.13022285126716,34.413065464508264,临潼区,109.135395,34.411869
B0LUS963CG,吉祥智能镜,生活服务;生活服务场所;生活服务场所,109.13532511927512,34.406465876351504,临潼区,109.140492,34.405259
B0GKXCFS7A,发电机租赁,生活服务;生活服务场所;生活服务场所,109.10950894453364,34.3985459258888,灞桥区,109.114688,34.397359
B0J0UD682H,东顺激光切割,生活服务;生活服务场所;生活服务场所,109.12523167861885,34.396230400361624,临潼区,109.130406,34.39503
B0IR2C4CWR,神犊泉纯净水代销点,生活服务;生活服务场所;生活服务场所,109.13738720955212,34.39570984589992,临潼区,109.142551,34.394494
B0I0UC9PEW,激光切割,生活服务;生活服务场所;生活服务场所,109.10001201710804,34.38664293988881,临潼区,109.105187,34.385452
B0LDCDPTFR,双萃广告,生活服务;生活服务场所;生活服务场所,109.10008040972106,34.41590535153884,灞桥区,109.105258,34.414731
B0LK3G00V8,阿华生活馆,生活服务;生活服务场所;生活服务场所,109.08790821319585,34.41565185956404,灞桥区,109.093075,34.414475
B0FFIL7PWJ,党家村便民服务中心,生活服务;生活服务场所;生活服务场所,109.09955281983144,34.414686031877665,灞桥区,109.10473,34.413511
B0I2U4LCPW,益农信息社(西韩公路店),生活服务;生活服务场所;生活服务场所,109.09664398553804,34.37786570728956,灞桥区,109.101816,34.37667
B0LUSS3YN8,自助洗衣店,生活服务;生活服务场所;生活服务场所,109.08903605393527,34.379413736315946,灞桥区,109.094201,34.378217
B0H6HRJ2W2,大陈装饰,购物服务;家居建材市场;建材五金市场|生活服务;生活服务场所;生活服务场所,109.096830868795,34.377625822678674,灞桥区,109.102003,34.37643
B0LKT4VRET,意境影院式足浴SPA(西韩公路店),生活服务;洗浴推拿场所;洗浴推拿场所,109.0975019735243,34.3823682283942,临潼区,109.102675,34.381175
B0J1G656R5,奋斗美发馆,生活服务;美容美发店;美容美发店,109.09908264265104,34.41991793623045,灞桥区,109.10426,34.418746
B0KBD58J3A,腾达印务,生活服务;生活服务场所;生活服务场所,109.10087156616514,34.38648010679577,临潼区,109.106047,34.385289
B0FFG75245,锦秀发艺,生活服务;美容美发店;美容美发店,109.09934754364828,34.41921736003604,灞桥区,109.104525,34.418045
B0L6MUP4SK,辣妈悦瘦(西韩公路店),生活服务;美容美发店;美容美发店,109.09853792188513,34.38645598386007,临潼区,109.103712,34.385265
B0KRCC666R,乐客电脑维修,生活服务;维修站点;维修站点,109.09842805949862,34.38569440017384,临潼区,109.103602,34.384503
B0KK5DFP5W,一绣倾城,生活服务;美容美发店;美容美发店,109.09953548220282,34.38447209747198,临潼区,109.10471,34.38328
B0J2ZC3TG8,西安市临潼区双利厨具租赁部,生活服务;生活服务场所;生活服务场所,109.12867191677968,34.398219116359044,临潼区,109.133844,34.397016
B0JABAUXEV,好快活桶装水(大明汽配店),生活服务;生活服务场所;生活服务场所,109.10879600765124,34.398611562929865,灞桥区,109.113975,34.397425
B0G2N52KJO,植物养发,生活服务;美容美发店;美容美发店,109.10690658026542,34.3841708035259,临潼区,109.112084,34.382977
B0MA4CVBDU,屹科物流园7号库,生活服务;物流速递;物流速递,109.1075959480165,34.401259564330914,灞桥区,109.112775,34.400075
B0FFL5L595,西安市临潼区磊晶果业服务站,生活服务;生活服务场所;生活服务场所,109.13790055526046,34.3981052337202,临潼区,109.143064,34.39689
B0KGX1TP9Q,万兴广告,生活服务;生活服务场所;生活服务场所,109.09706946582558,34.3802463973622,临潼区,109.102242,34.379052
B0K1R53FV1,按时达物流,生活服务;物流速递;物流速递,109.0980766806076,34.38124382320207,临潼区,109.10325,34.38005
B0FFFA9L0L,俏雅美发,生活服务;美容美发店;美容美发店,109.09780479264823,34.382053389716546,临潼区,109.102978,34.38086
B0G35XWP8D,金平美发,生活服务;美容美发店;美容美发店,109.1387067468419,34.40606387637825,临潼区,109.14387,34.404852
B0FFLB7GOR,专业修改衣服,生活服务;生活服务场所;生活服务场所,109.14288161325452,34.40662183766534,临潼区,109.14804,34.405404
B0FFFFX27X,普洛斯西安高新物流园,生活服务;物流速递;物流仓储场地,108.82077803133794,34.18829368060816,长安区,108.825436,34.186747
B0LKH7QV6M,邦泰观云高新营销中心,生活服务;生活服务场所;生活服务场所,108.81575895067107,34.23378359417835,雁塔区,108.820429,34.232262
B0KKZAK7L7,科技路金茂府营销中心(售楼部),生活服务;生活服务场所;生活服务场所,108.81004534560003,34.2383496656092,雁塔区,108.814725,34.23684
B0LDAZ2IQ9,邦泰·观宸高新营销中心,生活服务;生活服务场所;生活服务场所,108.8199986128935,34.226638011907916,雁塔区,108.824661,34.225106
B0JU1STNHF,中建·轨交·山海境营销中心,生活服务;生活服务场所;生活服务场所,108.82110164487618,34.23693227229387,雁塔区,108.825763,34.235402
B0FFK7HDTX,菜鸟驿站(八一村店),生活服务;生活服务场所;生活服务场所,108.80793253296308,34.22009166454931,长安区,108.812614,34.218579
B0KK3UI4RC,保利云谷和著营销中心,生活服务;生活服务场所;生活服务场所,108.81368852727796,34.22180320730802,雁塔区,108.818361,34.220281
B0I3GLJ4K1,保利·天汇营销中心,生活服务;生活服务场所;生活服务场所,108.8185896902691,34.22110539819977,雁塔区,108.823254,34.219574
B0MAZ7EEXI,天地源云和锦上营销中心,生活服务;生活服务场所;生活服务场所,108.82159398190895,34.21837194635022,雁塔区,108.826253,34.216834
B0FFLB35E9,普洛斯西安高新物流园B-3,生活服务;物流速递;物流仓储场地,108.82118266080643,34.188981208424856,长安区,108.82584,34.187434
B0FFL7L4OT,品优建材,购物服务;家居建材市场;建材五金市场|生活服务;生活服务场所;生活服务场所,108.81241018933352,34.237440192726915,雁塔区,108.817086,34.235926
B0K1LUAK8N,华润万家西安生鲜配送中心,生活服务;物流速递;物流仓储场地|购物服务;购物相关场所;购物相关场所,108.81781307776157,34.187894325297854,长安区,108.822476,34.186353
B0L3PLHLJF,润景浴泉,生活服务;洗浴推拿场所;洗浴推拿场所,108.79411624871229,34.232408128525435,长安区,108.798818,34.230922
B0H6DZ7R6R,菜鸟驿站(西安南丰村店),生活服务;物流速递;物流速递,108.78230735980705,34.23933427025317,长安区,108.787022,34.237866
B0HG5UAO2E,顺丰速运(镐京大道店),生活服务;物流速递;物流速递,108.77565035037712,34.24153164125097,长安区,108.78037,34.240071
B0L6MZVI23,顺丰速运(科技西路店),生活服务;物流速递;物流速递,108.81293111840237,34.23635452957173,雁塔区,108.817606,34.234839
B0MUHSO0GQ,小锋尾货二手市场,生活服务;生活服务场所;生活服务场所,108.77913988244694,34.23900998030719,长安区,108.783857,34.237545
B0JDCX4DTN,菜鸟驿站(岳旗宏府店),生活服务;物流速递;物流速递,108.80608421759531,34.2385227647427,雁塔区,108.81077,34.23702
B0K22LFB50,智创云图广告,生活服务;生活服务场所;生活服务场所,108.8142147789789,34.24161486405373,雁塔区,108.818888,34.240099
B0J376O84D,菜鸟驿站(彩虹路店),生活服务;物流速递;物流速递,108.80808794828144,34.23024926007922,长安区,108.81277,34.22874
B0H6F92Y8A,菜鸟驿站(碧桂园·国湖店),生活服务;物流速递;物流速递,108.7899378550131,34.23889487606435,长安区,108.794645,34.237417
B0K62CB6W9,中国移动(润景怡园营业厅),生活服务;电讯营业厅;中国移动营业厅,108.79332499884694,34.235961672440226,长安区,108.798028,34.234478
B0LBY7SOF9,八一大众澡堂,生活服务;洗浴推拿场所;洗浴推拿场所,108.80632401424559,34.22085963712937,长安区,108.811008,34.21935
B0KUKXJRO3,菜鸟驿站(西安周宋欣苑7号楼店),生活服务;物流速递;物流速递,108.8189856640248,34.22963904229134,雁塔区,108.82365,34.22811
B0KRHYFEOC,菜鸟驿站(汉池路店),生活服务;物流速递;物流速递,108.79384608756897,34.24261592156637,长安区,108.798549,34.241134
B0FFLKV391,中国电信(昆明澜庭营业厅),生活服务;电讯营业厅;中国电信营业厅,108.79111548734372,34.23504491384183,长安区,108.795821,34.233564
B0L0ZSEJI3,中国联通营业厅(昆明澜庭营业厅),生活服务;电讯营业厅;中国联通营业厅,108.79196447018907,34.23496911828004,长安区,108.796669,34.233487
B0J2SUFJX3,小孙再生资源废品回收服务点,生活服务;生活服务场所;生活服务场所,108.79747053571509,34.219820686904946,长安区,108.802167,34.218325
B0FFL1DKYL,顺丰速运(细柳普丰路店),生活服务;物流速递;物流速递,108.82140398035973,34.189668395173086,长安区,108.826061,34.188121
B0L26LEQIM,京东西安高新集配站,生活服务;物流速递;物流速递,108.81738259903224,34.20965420820348,长安区,108.822048,34.208121
B0K09SUIKX,保利云谷天汇营销中心,生活服务;生活服务场所;生活服务场所,108.82023243868238,34.23366587021406,雁塔区,108.824895,34.232136
B0J0G7J7FQ,中国建设银行西安汉池一路支行劳动者港湾(工会驿站),金融保险服务;银行;中国建设银行|生活服务;生活服务场所;生活服务场所,108.79346323935593,34.23505320820589,长安区,108.798166,34.233569
B0L64S4SVO,中国电信镐京大道营业厅,生活服务;电讯营业厅;中国电信营业厅,108.79262071555593,34.24140562949245,长安区,108.797325,34.239925
B0MDDXQO47,菜鸟驿站,生活服务;物流速递;物流速递,108.80661741971991,34.23365648305645,长安区,108.811302,34.232151
B0LDXUI9KG,麻光辉再生资源回收站,生活服务;生活服务场所;生活服务场所,108.77713436577965,34.240518416683436,长安区,108.781853,34.239056
B0IBTS5QM8,诚信废品回收,生活服务;生活服务场所;生活服务场所,108.81740337077292,34.23759318449514,雁塔区,108.822071,34.23607
B0JAZZSKBH,大诚行售后服务中心(岳旗寨店),汽车维修;汽车综合维修;汽车综合维修|生活服务;生活服务场所;生活服务场所,108.80668894353363,34.240855915253185,雁塔区,108.811374,34.239353
B0KUCHZ2BZ,鸿瑞新玺营销中心,生活服务;生活服务场所;生活服务场所,108.80128960445788,34.24607598049926,长安区,108.805983,34.244584
B0LDJCI6MC,送福益佳再生资源回收店,生活服务;生活服务场所;生活服务场所,108.80531614949378,34.23748085794038,雁塔区,108.810003,34.235979
B0H6DA6WOF,博辉广告图文快印-刻章(中建昆明澜庭2期店),生活服务;摄影冲印店;摄影冲印,108.78979011855165,34.23366662583685,长安区,108.794497,34.232187
B0H2S5D42Z,废品回收,生活服务;生活服务场所;生活服务场所,108.8126465716897,34.23742562052433,雁塔区,108.817322,34.235911
B0L3DL5RHM,来利废旧物资回收,生活服务;生活服务场所;生活服务场所,108.81380208051027,34.22959459064123,雁塔区,108.818475,34.228075
B0LBRUK6RI,再生资源回收站高价回收铁铜铝,生活服务;生活服务场所;生活服务场所,108.81051216423641,34.237351859663974,雁塔区,108.815191,34.235841
B0MDTSBXOM,回收木头,生活服务;生活服务场所;生活服务场所,108.81166539849383,34.22011719184024,长安区,108.816341,34.218598
B0HD76PJ47,中国移动昆明澜庭社区服务站,生活服务;电讯营业厅;电讯营业厅,108.79027134097578,34.23746086268596,长安区,108.794978,34.235982
B0L6DZPO3X,新安快印(海康科技园店),生活服务;摄影冲印店;摄影冲印,108.81794376771361,34.23148844199876,雁塔区,108.82261,34.229962
B0KRSSHL2U,钢管扣件盘扣顶丝钢跳板围挡脚手价出租出租出售回收,生活服务;生活服务场所;生活服务场所,108.77608027354295,34.245676462203484,长安区,108.7808,34.244217
B0GR7HGZRK,中国福利彩票(中建昆明澜庭2期店),生活服务;彩票彩券销售点;彩票彩券销售点,108.7917251927736,34.23496878500558,长安区,108.79643,34.233487
B0HDUSIVOG,沐凡二手空调资源回收出售,生活服务;生活服务场所;生活服务场所,108.77592563428117,34.24009443626004,长安区,108.780645,34.238633
B0JGRS7D2R,老王废品回收站,生活服务;生活服务场所;生活服务场所,108.81726641482963,34.221888682522945,雁塔区,108.821933,34.22036
B0G0P4DI82,开锁智能锁汽车钥匙门禁,生活服务;生活服务场所;生活服务场所,108.79131954006411,34.23725537156958,长安区,108.796025,34.235775
B0LGZDUOI4,和润物流(西安站),生活服务;物流速递;物流速递,108.78397340026086,34.24449123705608,长安区,108.788687,34.243023
B0HGFD4TTM,高价废品回收,生活服务;生活服务场所;生活服务场所,108.81184971986129,34.219794634425185,长安区,108.816525,34.218275
B0LGRSBO42,沣东新城博尧建材租赁站,生活服务;生活服务场所;生活服务场所,108.77569402370882,34.24585503778525,长安区,108.780414,34.244396
B0LKYO4UFA,顺丰速运(励志花园店),生活服务;生活服务场所;生活服务场所,108.78603641346285,34.21907808094075,长安区,108.790746,34.217598
B0LD11O7XM,普洛斯高新园区客户服务中心,生活服务;生活服务场所;生活服务场所,108.81974646619693,34.186107478559755,长安区,108.824406,34.184562
B0MGN6LWFP,蕊蕊火锅串串香(科技西路店),生活服务;生活服务场所;生活服务场所,108.8072911564209,34.23723030583042,雁塔区,108.811975,34.235725
B0L63H4ECY,中国邮政EMS(富源路揽投部),生活服务;邮局;邮政速递,108.81029328492235,34.24391799884588,雁塔区,108.814973,34.24241
B0MA95AQ6K,快速上门维修电动车,生活服务;维修站点;维修站点,108.81502703646598,34.23018858770563,雁塔区,108.819698,34.228667
B0HRDCYRDJ,湖光山色营销中心,生活服务;生活服务场所;生活服务场所,108.78511368351441,34.22943221852731,长安区,108.789825,34.227957
B0FFJMGUMJ,润景怡园社区服务中心,生活服务;生活服务场所;生活服务场所,108.79324808281734,34.23379536657166,长安区,108.797951,34.232311
B0KR09OJCE,收废品,生活服务;生活服务场所;生活服务场所,108.82006183983721,34.237503126413856,雁塔区,108.824725,34.235975
B0K2TMPS9G,电动车维修,生活服务;维修站点;维修站点,108.80594046180362,34.220536102317176,长安区,108.810625,34.219027
B0K0L7SUJB,中国体育彩票(兰亭公馆店),生活服务;彩票彩券销售点;彩票彩券销售点,108.80855568287649,34.23012111627346,长安区,108.813237,34.228611
B0MGMS96GO,鸿蒙全案软装窗帘,生活服务;生活服务场所;生活服务场所,108.81492460061547,34.22115167382425,雁塔区,108.819595,34.219627
B0HGFY24UX,废品收购站,生活服务;生活服务场所;生活服务场所,108.78906592994588,34.238603823802265,长安区,108.793774,34.237127
B0FFKTQMYR,电脑维修店,生活服务;维修站点;维修站点,108.7939066823686,34.236218413081545,长安区,108.798609,34.234734
B0JGB599BK,陕西启航久泰养老服务有限公司,生活服务;生活服务场所;生活服务场所,108.80011818859396,34.243397132078414,长安区,108.804813,34.241906
B0JATROJ5O,诺家中建昆明澜庭店,生活服务;中介机构;中介机构,108.79111848570642,34.2351068949453,长安区,108.795824,34.233626
B0L3ALWM85,超威电池电动车维修,生活服务;维修站点;维修站点,108.80883892102509,34.220290162749365,长安区,108.813519,34.218776
B0K0O5MBNO,中国体育彩票(润景怡园店),生活服务;彩票彩券销售点;彩票彩券销售点,108.79406005149751,34.23398546427426,长安区,108.798762,34.2325
B0KDU601DH,菜鸟驿站(双旗寨小区店),生活服务;物流速递;物流速递,108.81550979097885,34.23068228364433,雁塔区,108.82018,34.22916
B0JKGSWA3U,中国联通(兰亭公馆店),生活服务;电讯营业厅;中国联通营业厅,108.80714051848155,34.22993574602232,长安区,108.811824,34.228428
B0JR49A0ZT,格点国际洗衣洗鞋(西安昆明澜庭店),生活服务;洗衣店;洗衣店,108.79146789734702,34.23495643272229,长安区,108.796173,34.233475
B0IRJRNIBQ,菜鸟驿站(西安昆明澜庭店),生活服务;物流速递;物流速递,108.7924358341446,34.237271921681206,长安区,108.79714,34.23579
B0MDUL0Z7Y,天地源云和锦上售楼部,生活服务;生活服务场所;生活服务场所,108.82146576439727,34.21837170744669,雁塔区,108.826125,34.216834
B0J2L71YHQ,沐汐阁足浴,生活服务;洗浴推拿场所;洗浴推拿场所,108.78007245194905,34.240599354455185,长安区,108.784789,34.239134
B0FFIKEB7T,菜鸟驿站(润景怡园店),生活服务;物流速递;物流速递,108.79382280883141,34.23341033411176,长安区,108.798525,34.231925
B0KG2D0V1N,湖光山色二期接待中心,生活服务;生活服务场所;生活服务场所,108.78246140298296,34.22814758355072,长安区,108.787175,34.226675
B0KRYR09CI,沣悦云创中心店,生活服务;生活服务场所;生活服务场所,108.795224281182,34.23661119117719,长安区,108.799925,34.235125
B0LDFAQOSC,百步印社24小时自助打印(安居物业希望里月栖西门),生活服务;摄影冲印店;摄影冲印,108.80533035084825,34.23526370815501,长安区,108.810017,34.233761
B0FFLB7I7J,碧桂园·国湖售楼处,生活服务;生活服务场所;生活服务场所,108.79136047192537,34.238666899753206,长安区,108.796066,34.237187
B0H1CC50HN,艺足芊里足浴养生(碧桂园·国湖店),生活服务;洗浴推拿场所;洗浴推拿场所,108.79245776348148,34.23845650930851,长安区,108.797162,34.236975
B0J3ORYY6E,杨氏修脚堂(中建昆明澜庭1期店),生活服务;洗浴推拿场所;洗浴推拿场所,108.79001805798,34.23748951025646,长安区,108.794725,34.236011
B0JDKD5ETB,徐东美发155店,生活服务;美容美发店;美容美发店,108.7921257358608,34.23401469769068,长安区,108.79683,34.232532
B0LKF9URS6,育才打印店,生活服务;摄影冲印店;摄影冲印,108.7940224377762,34.2409578035442,长安区,108.798725,34.239475
B0M6CHUSO5,昆明池共享单车租还点,生活服务;生活服务场所;生活服务场所,108.78665252763317,34.21285804119958,长安区,108.791361,34.211375
B0J1NUI6OL,工会驿站(漳浒寨街道便民服务中心),生活服务;生活服务场所;生活服务场所,108.81554478505446,34.243801445904246,雁塔区,108.820216,34.242284
B0GROL4TO8,菜鸟驿站(启航佳境店),生活服务;物流速递;物流速递,108.79943726329547,34.2432801025887,长安区,108.804133,34.24179
B001D0VRBI,中国福利彩票(鱼斗路店),餐饮服务;中餐厅;中餐厅|生活服务;彩票彩券销售点;彩票彩券销售点,108.80607669103235,34.22024043855804,长安区,108.810761,34.218731
B0LKKHNW6R,格点国际洗衣洗鞋(兰亭公馆店),生活服务;洗衣店;洗衣店,108.80803189047491,34.22989529300465,长安区,108.812714,34.228386
B0G3UX3EKB,大型弹花卖被子,生活服务;生活服务场所;生活服务场所,108.80588138501655,34.22038705556332,长安区,108.810566,34.218878
B0J37UWMU4,中国体育彩票(竞彩店),生活服务;彩票彩券销售点;彩票彩券销售点,108.79263172010016,34.2415096057558,长安区,108.797336,34.240029
B0IA3ZU8M8,中国福利彩票(岳旗宏府店),生活服务;彩票彩券销售点;彩票彩券销售点,108.80626253260935,34.2379592782988,雁塔区,108.810948,34.236456
B0H2AU4XAB,中国移动社区服务店,生活服务;电讯营业厅;中国移动营业厅,108.80659001891688,34.23807879043695,雁塔区,108.811275,34.236575
B0FFG0V9HA,万香汇粮油配送中心,购物服务;综合市场;农副产品市场|生活服务;物流速递;物流速递,108.80458845429091,34.22041587245606,长安区,108.809275,34.218909
B0L03RD8LF,菜鸟驿站(保利·天汇店),生活服务;物流速递;物流速递,108.81650720842099,34.2212025375188,雁塔区,108.821175,34.219675
B0LK5HSZF4,脚手架升降机围挡租赁,生活服务;生活服务场所;生活服务场所,108.81535458267605,34.2300972159837,雁塔区,108.820025,34.228575
B0MAUSRSVO,名新物流,生活服务;物流速递;物流速递,108.81926015501548,34.216923124283696,雁塔区,108.823923,34.215389
B0FFKT28E8,飞迈图文广告,生活服务;生活服务场所;生活服务场所,108.79116235308274,34.23734812033791,长安区,108.795868,34.235868
B0K1JHDQEO,岛屿形象设计,生活服务;美容美发店;美容美发店,108.7928491819169,34.23900585664959,长安区,108.797553,34.237524
B0K35LO8EC,肌与美容养生(沣东新城店),生活服务;美容美发店;美容美发店,108.79001805798,34.23748951025646,长安区,108.794725,34.236011
B0L25HC6PW,每一天便利店(海康威视店),生活服务;生活服务场所;生活服务场所,108.81860977267114,34.23285216697504,雁塔区,108.823275,34.231325
B0MGBUTVL6,卓宇轿车托运,生活服务;生活服务场所;生活服务场所,108.81894861021993,34.217183456105445,雁塔区,108.823612,34.21565
B0MDNKEE9V,顺丰速运细柳营业点,生活服务;物流速递;物流速递,108.81866345957168,34.18840672478719,长安区,108.823325,34.186864
B0KGXUQGC2,汇鑫干洗,生活服务;洗衣店;洗衣店,108.79264689780297,34.23954836640152,长安区,108.797351,34.238067
B0MATLXOBH,废品回收,生活服务;生活服务场所;生活服务场所,108.8172581529058,34.224952564813975,雁塔区,108.821925,34.223425
B0GD3S2GP9,创新图文快印店(润景怡园店),生活服务;生活服务场所;生活服务场所,108.79494214605133,34.23393177121091,长安区,108.799643,34.232445
B0LKYZ3JEB,海燕撸串,生活服务;生活服务场所;生活服务场所,108.80795577525643,34.229868171625405,长安区,108.812638,34.228359
B0LG3R9B5A,沣东新城沣东八路生活垃圾压缩站,生活服务;生活服务场所;生活服务场所,108.79237152897278,34.22781032101594,长安区,108.797075,34.226325
B0GKZ7B7D6,中国体育彩票(中建昆明澜庭店),生活服务;彩票彩券销售点;彩票彩券销售点,108.79116554954142,34.2349810064192,长安区,108.795871,34.2335
B0LGHCO2SA,废品回收 厂房库房修整理 上门 拆除回收,生活服务;生活服务场所;生活服务场所,108.8060225930261,34.220443274518225,长安区,108.810707,34.218934
B0M62MUP1E,一佳造型,生活服务;美容美发店;美容美发店,108.80594805238272,34.23803071844894,雁塔区,108.810634,34.236528
B0MAA797QC,鸡柳大人(沣悦云创中心店),生活服务;生活服务场所;生活服务场所,108.79543254933763,34.236537526621184,长安区,108.800133,34.235051
B0M61HHUZ2,玄火物流(高新普洛斯),生活服务;物流速递;物流速递,108.81931449956494,34.18906871126365,长安区,108.823975,34.187525
B0LDDSGY83,中国移动(双旗寨店),生活服务;生活服务场所;生活服务场所,108.81612381626034,34.23054545260152,雁塔区,108.820793,34.229022
B0J2GCGDEY,留白照相馆(中建昆明澜庭1期店),生活服务;摄影冲印店;摄影冲印,108.7918551604634,34.23721313012492,长安区,108.79656,34.235732
B0L1YXER1A,丰巢,生活服务;物流速递;物流速递,108.81835851472412,34.24317883732666,雁塔区,108.823025,34.241656
B0I3FZQ7RP,润净洗衣(润景怡园店),生活服务;洗衣店;洗衣店,108.79331909186114,34.234732120953254,长安区,108.798022,34.233248
B0LDU7CH7J,小何诚信废品回收站,生活服务;生活服务场所;生活服务场所,108.79106886127512,34.242079212600814,长安区,108.795775,34.240601
B0LRT9AF6B,沐汐苑足浴,生活服务;洗浴推拿场所;洗浴推拿场所,108.77983226360486,34.24066307746959,长安区,108.784549,34.239198
B0MDAO60S6,高科越秀星汇云澜售楼部,生活服务;生活服务场所;生活服务场所,108.81129834779935,34.22584148333084,长安区,108.815975,34.224325
B0MU4RB9VQ,京东物流,生活服务;物流速递;物流速递,108.8173595603169,34.20965816453547,长安区,108.822025,34.208125
B0IUMRDL70,废品回收,生活服务;生活服务场所;生活服务场所,108.80748982864927,34.22038279886243,长安区,108.812172,34.218871
B0GKJAWBP6,唐人造型(中建昆明澜庭2期店),生活服务;美容美发店;美容美发店,108.79229886756129,34.23488561765077,长安区,108.797003,34.233403
B0L3NGCXHD,高科越秀星汇云澜展厅,生活服务;生活服务场所;生活服务场所,108.81368520259707,34.2257417826743,雁塔区,108.818358,34.224221
B0KAR1H1LQ,先锋村艳艳理发店,生活服务;美容美发店;美容美发店,108.81067476412555,34.19613771863428,长安区,108.81535,34.194612
B0FFKPVUTH,蓝匠形象设计(碧桂园·国湖店),生活服务;美容美发店;美容美发店,108.7927220516027,34.23875277145576,长安区,108.797426,34.237271
B0KK7AMKG8,格格家·皮肤管理(沣东新城店),生活服务;美容美发店;美容美发店,108.79074196259648,34.23629593686242,长安区,108.795448,34.234816
B0MDCL42AA,菜鸟驿站,生活服务;物流速递;物流速递,108.80636450654079,34.22786717784832,长安区,108.811049,34.22636
B0LBCADAF6,百步印社24小时自助打印(西安长安区昆明池润景怡园店),生活服务;摄影冲印店;摄影冲印,108.79420218074821,34.234537465840354,长安区,108.798904,34.233052
B0LDLLT92H,150吨电子磅,生活服务;生活服务场所;生活服务场所,108.79618142161188,34.23752127508551,长安区,108.800881,34.236034
B0HDFHH82P,非凡发艺(中建昆明澜庭2期店),生活服务;美容美发店;美容美发店,108.79217171183271,34.23496940811114,长安区,108.796876,34.233487
B0M6RR2IRL,物流百吨电子磅,生活服务;生活服务场所;生活服务场所,108.79359126696077,34.22433031666305,长安区,108.798293,34.222842
B0FFLB7I7F,西安荣顺电气焊服务站,生活服务;生活服务场所;生活服务场所,108.77842126740684,34.24021479718803,长安区,108.783139,34.238751
B0K0RMMJU8,京东(西安软件新城营业部),生活服务;物流速递;物流速递,108.81140400856157,34.207438172955705,长安区,108.816079,34.205915
B0FFL6QQFU,小沈修脚店,生活服务;生活服务场所;生活服务场所,108.79030238112306,34.23739193044405,长安区,108.795009,34.235913
B0KRFHSAYW,高价废品回收,生活服务;生活服务场所;生活服务场所,108.80419733124656,34.22714079861302,长安区,108.808885,34.225637
B0FFL5XOW9,优尚造型(镐京大道店),生活服务;美容美发店;美容美发店,108.79130051448223,34.23730232777866,长安区,108.796006,34.235822
B0JALD643E,中国移动(鱼斗路营业厅),生活服务;电讯营业厅;中国移动营业厅,108.8063501010138,34.2202768895312,长安区,108.811034,34.218767
B0GRJRPC9Y,乐妍形象设计,生活服务;美容美发店;美容美发店,108.7921547725469,34.23398075093751,长安区,108.796859,34.232498
B0MD649PJY,中通快递,生活服务;物流速递;物流速递,108.79429576776015,34.24102217581663,长安区,108.798998,34.239539
B0JUFALZH3,颜泽广告,生活服务;摄影冲印店;摄影冲印,108.79076909829517,34.23500545390775,长安区,108.795475,34.233525
B0LAAR4U79,美亦雅生活美容店,生活服务;美容美发店;美容美发店,108.81641929527824,34.23067394506958,雁塔区,108.821088,34.22915
B0LRSO5FXQ,御足堂修脚按摩,生活服务;洗浴推拿场所;洗浴推拿场所,108.79096913707403,34.23730487115348,长安区,108.795675,34.235825
B0MAOXJOW7,申通快递,生活服务;物流速递;物流速递,108.79427278540568,34.240458355029794,长安区,108.798975,34.238975
B0HDXAABD8,德佑地产(中建昆明澜庭店),生活服务;中介机构;中介机构,108.79168714882266,34.23496873215125,长安区,108.796392,34.233487
B0MAPCX32S,中通快递,生活服务;物流速递;物流速递,108.81851319870532,34.188517411243595,长安区,108.823175,34.186975
B0HDG9NJUQ,中环地产(昆明澜庭店),生活服务;中介机构;中介机构,108.79179327153027,34.234968879679506,长安区,108.796498,34.233487
B0J0S7G5QJ,百年行地产(碧桂园国湖店),生活服务;中介机构;中介机构,108.79282202474603,34.240539241378904,长安区,108.797526,34.239058
B0JKOCIUKQ,诺家地产(中建昆明澜庭二期店),生活服务;中介机构;中介机构,108.79193043062037,34.23496907077943,长安区,108.796635,34.233487
B0MUZD6JXU,唐人造型(希望里月栖店),生活服务;美容美发店;美容美发店,108.8072911564209,34.23723030583042,雁塔区,108.811975,34.235725
B0MAURTONL,韵达快递,生活服务;物流速递;物流速递,108.79452312663908,34.24005887013984,长安区,108.799225,34.238575
B0KGL72KZK,德佑地产(碧桂园·国湖店),生活服务;生活服务场所;生活服务场所,108.79196918802538,34.238500807373626,长安区,108.796674,34.23702
B0LAVC7FG7,春晖空间设计,生活服务;生活服务场所;生活服务场所,108.8180219245627,34.231165704526056,雁塔区,108.822688,34.229639
B0MDN6E2Z6,妈妈驿站,生活服务;物流速递;物流速递,108.80563988464193,34.22208304087658,长安区,108.810325,34.220575
B0L1LXFG36,手拉手美发,生活服务;美容美发店;美容美发店,108.81863807892313,34.22965739355973,雁塔区,108.823303,34.228129
B0KA1DP6V5,西安畅旺广告,生活服务;生活服务场所;生活服务场所,108.8143293014851,34.237480625106016,雁塔区,108.819002,34.235963
B0KR2RKUC5,科技西路电子磅(24小时营业),生活服务;生活服务场所;生活服务场所,108.81971117949323,34.23835215836739,雁塔区,108.824375,34.236825
B0FFHC56LZ,审美造型专业烫染(鱼斗路店),生活服务;美容美发店;美容美发店,108.80475971836194,34.22028620489044,长安区,108.809446,34.218779
B0LUDR6X8P,荣耀宽带安装,生活服务;生活服务场所;生活服务场所,108.80667315545517,34.23795197955796,雁塔区,108.811358,34.236448
B0FFMAUNAL,唯美发艺,生活服务;美容美发店;美容美发店,108.80725147994883,34.220181461794866,长安区,108.811934,34.21867
B0MA5ZNK02,圈商汇城市会客厅,生活服务;生活服务场所;生活服务场所,108.81393814826129,34.24382352747337,雁塔区,108.818612,34.242309
B0M6FDYTHM,码上·洗鞋,生活服务;生活服务场所;生活服务场所,108.79094129771167,34.23494571162808,长安区,108.795647,34.233465
B0J6GHL85Z,润景怡园-北区,生活服务;生活服务场所;生活服务场所,108.79577496815097,34.236718967509745,长安区,108.800475,34.235232
B0JDU7U0N9,梁师开锁,生活服务;维修站点;维修站点,108.78482512211448,34.23299156269241,长安区,108.789537,34.231518
B0M647KA2V,妈妈驿站,生活服务;物流速递;物流速递,108.80784339597031,34.2200875123969,长安区,108.812525,34.218575
B0IRVCTMZW,美凡尘·熙颜皮肤管理(中建昆明澜庭2期东门南100米),生活服务;美容美发店;美容美发店,108.79197063521167,34.23303084462168,长安区,108.796675,34.231548
B0G1UMPQ84,剪吧造型(昆池四路店),生活服务;美容美发店;美容美发店,108.79089223364343,34.23505060549137,长安区,108.795598,34.23357
B0LR6KFAUN,丝语美发,生活服务;美容美发店;美容美发店,108.80772440672845,34.230018717880334,长安区,108.812407,34.22851
B0LGNDRJP4,中建山海境售楼部,生活服务;生活服务场所;生活服务场所,108.82056301043093,34.233505543585345,雁塔区,108.825225,34.231975
B0LKB6RUHZ,中通快递(鱼斗路店),生活服务;物流速递;物流速递,108.78936883254536,34.21925929111346,长安区,108.794075,34.217775
B0J1UZ22E7,帕塔尼海娜纯天然植物养发馆(润景怡园店),生活服务;美容美发店;美容美发店,108.79505822006348,34.234804618420334,长安区,108.799759,34.233318
B001D0VT3H,中国体育彩票(鱼斗路店),生活服务;彩票彩券销售点;彩票彩券销售点,108.80605565940998,34.22023940328766,长安区,108.81074,34.21873
B0MUDLKESK,丰巢快递柜,生活服务;物流速递;物流速递,108.82110191443502,34.233608507928054,雁塔区,108.825763,34.232077
B0MDY6T852,丰巢快递柜,生活服务;物流速递;物流速递,108.81850960469109,34.232851982210846,雁塔区,108.823175,34.231325
B0FFLC0REK,涟漪饮用水(鱼化寨店),生活服务;生活服务场所;生活服务场所,108.81119724174808,34.2374870187959,雁塔区,108.815875,34.235975
B0J2FS1VEE,燕唐物流信息部,生活服务;物流速递;物流速递,108.81568681535825,34.20929823069918,长安区,108.820355,34.207768
B0FFFTDWHV,博纳广告(环村南路),公司企业;公司;广告装饰|生活服务;生活服务场所;生活服务场所,108.81431127338722,34.23746359889506,雁塔区,108.818984,34.235946
B0FFHP7P6Q,西咸新区斗门社区养老服务站,生活服务;生活服务场所;生活服务场所,108.78659748197774,34.237294138555804,长安区,108.791308,34.23582
B0MAOUJ3V8,雁塔人工智能中心工会驿站,生活服务;生活服务场所;生活服务场所,108.81427089208198,34.24135106508979,雁塔区,108.818944,34.239835
B0L1CM5HR4,乐远房产(昆池四路店),生活服务;中介机构;中介机构,108.7914819114863,34.23498044320187,长安区,108.796187,34.233499
B0KKCDO0I3,中国电信(科技西路店),生活服务;电讯营业厅;中国电信营业厅,108.81427524140048,34.23713165782529,雁塔区,108.818948,34.235614
B0L6Y1PQ51,卡迪发型俱乐部,生活服务;美容美发店;美容美发店,108.80637864358573,34.23875517731227,雁塔区,108.811064,34.237252
B0KALM9SFV,袁旗寨艳艳理发店,生活服务;美容美发店;美容美发店,108.81056141669568,34.19820882469412,长安区,108.815237,34.196684
B0KG9X6J8I,e洗社区·洗衣洗鞋,生活服务;洗衣店;洗衣店,108.77517204476126,34.241815100589214,长安区,108.779892,34.240355
B0H1XY4I88,艺新发型创意馆(中建昆明澜庭1期店),生活服务;美容美发店;美容美发店,108.79038146825287,34.23740403303484,长安区,108.795088,34.235925
B0FFK95LX3,叶岛造型(鱼斗路店),生活服务;美容美发店;美容美发店,108.80738667339197,34.22034763433308,长安区,108.812069,34.218836
B0LGUSDTDE,妙感造型,生活服务;美容美发店;美容美发店,108.80517989015573,34.238170370923854,雁塔区,108.809867,34.236669
B0MBAK8MKC,丰巢快递柜,生活服务;物流速递;物流速递,108.81305165209164,34.21984676223055,雁塔区,108.817725,34.218325
B0LDL6O077,畅游西安旅行社,生活服务;旅行社;旅行社,108.79081915882631,34.23495554083399,长安区,108.795525,34.233475
B0MUBR7FSJ,蜜罐快递柜,生活服务;物流速递;物流速递,108.79917886392226,34.2438644755047,长安区,108.803875,34.242375
B0FFLHW8K0,唐久物流园,生活服务;物流速递;物流仓储场地,108.82408474801366,34.187112243382195,长安区,108.828737,34.185559
B0FFMFUQCK,卓越坊营销中心,生活服务;生活服务场所;生活服务场所,108.82888439192102,34.24361234957173,雁塔区,108.833533,34.24207
B0J3XS3GK7,陕西杰益通智能化人才测评中心,生活服务;生活服务场所;生活服务场所,108.82892331571824,34.22062789283775,雁塔区,108.83357,34.219077
B0LK17E5MF,漫舍足道养生SPA,生活服务;生活服务场所;生活服务场所,108.86743298232687,34.234135538029776,雁塔区,108.872025,34.232525
B0MDV7OJ81,中国移动丈八四路营业厅,生活服务;电讯营业厅;中国移动营业厅,108.86423269049969,34.19704434609156,雁塔区,108.868825,34.195425
B0JBORQ6HC,ETC发行服务,生活服务;生活服务场所;生活服务场所,108.8282478013622,34.20030268514111,雁塔区,108.832894,34.198746
B0LABC3B9M,绿城熙海棠项目营销中心,生活服务;生活服务场所;生活服务场所,108.83979581270172,34.21808004160773,雁塔区,108.844424,34.216508
B0HUKO9VBC,菜鸟驿站(龙城铭园2期店),生活服务;物流速递;物流速递,108.86334620146658,34.228521104076684,雁塔区,108.867942,34.226914
B0KU7D761L,南飞鸿·乐境雅荟营销中心,生活服务;生活服务场所;生活服务场所,108.84122349804986,34.2259988013769,雁塔区,108.84585,34.224427
B0HUKOAQ2W,菜鸟驿站(左岸春天店),生活服务;物流速递;物流速递,108.86411146595786,34.235637546540666,雁塔区,108.868707,34.234032
B0MU9705HN,联想百应电脑维修(外事学院店),生活服务;生活服务场所;生活服务场所,108.86334634821111,34.22669376946294,雁塔区,108.867942,34.225086
B0MD9LR1QG,金地·清峯悦营销中心,生活服务;生活服务场所;生活服务场所,108.85501552828009,34.24618197474836,雁塔区,108.859623,34.244594
B0M6YZQJ6G,怡景鱼化新居营销中心,生活服务;生活服务场所;生活服务场所,108.84309230732893,34.24078070539577,雁塔区,108.847717,34.239211
B0MDYHUBWL,T9电研社西安旗舰中心,生活服务;生活服务场所;生活服务场所,108.85392218082251,34.194616636944374,雁塔区,108.858527,34.193012
B0FFKECDPE,菜鸟驿站(西安漳浒寨小区10号楼店),生活服务;物流速递;物流速递,108.83316859538373,34.220045069282534,雁塔区,108.837808,34.218486
B0KRCUCQK5,ThinkPad体验店联想百应(西安雁塔环普店),生活服务;维修站点;维修站点,108.83350076359379,34.212536341009454,雁塔区,108.838139,34.210974
B0LB5Z2LL3,悦庭SPA足道(西安高新漳浒寨雷家寨小区店),生活服务;洗浴推拿场所;洗浴推拿场所,108.83237116422362,34.22101423008845,雁塔区,108.837012,34.219457
B0I12D8TDV,顺丰速运(蓝湖树店),生活服务;物流速递;物流速递,108.86270994778782,34.2353077076496,雁塔区,108.867307,34.233704
B0LUZO1PRF,南飞鸿玖玺大观(南门),生活服务;生活服务场所;生活服务场所,108.84597663142081,34.24328387650254,雁塔区,108.850597,34.24171
B0LACUGRJH,顺丰速运(外事南区店),生活服务;物流速递;物流速递,108.86433922454002,34.22923422200839,雁塔区,108.868934,34.227626
B0FFKHG919,中通快递(西安长安一部),生活服务;物流速递;物流速递,108.82359666247392,34.19024530243025,长安区,108.82825,34.188694
B0MDHHRLYA,沙子水泥加气块全城配送(高新),生活服务;生活服务场所;生活服务场所,108.85434713856766,34.214854398939195,雁塔区,108.858953,34.213256
B0K6NH45XT,菜鸟驿站(软件新城云汇谷店),生活服务;物流速递;物流速递,108.83110513797924,34.207036759155315,雁塔区,108.835747,34.205477
B0FFM8OUFM,菜鸟驿站(东滩社区店),生活服务;物流速递;物流速递,108.84515770076615,34.201774344751826,雁塔区,108.849776,34.200187
B0JBZCJ2O8,京东物流(西安科技营业部),生活服务;物流速递;物流速递,108.8686736884007,34.21495303896076,雁塔区,108.873263,34.213334
B0KG7UAXPS,兔喜快递超市(袁旗寨社区店),生活服务;物流速递;物流速递,108.84773891485028,34.19865391299969,雁塔区,108.852353,34.197061
B0L2LSOZJS,云池洗浴,生活服务;洗浴推拿场所;洗浴推拿场所,108.82917725085461,34.239182574039525,雁塔区,108.833825,34.237638
B0LD7Z0YF8,嘻安推拿(大茂城店),生活服务;洗浴推拿场所;洗浴推拿场所,108.86657267033863,34.23998523482041,雁塔区,108.871166,34.238378
B0KBB5O2ZB,顺丰速运(天谷五路店),生活服务;生活服务场所;生活服务场所,108.83499558854996,34.22118807181463,雁塔区,108.839632,34.219626
B0LK390PAW,拾意之径·Massage·Spa(环贸中心店),生活服务;美容美发店;美容美发店,108.86671353576065,34.193497861699534,雁塔区,108.871303,34.191874
B0LU3ZAAOA,辉腾图文快印广告,生活服务;生活服务场所;生活服务场所,108.8503647248193,34.19977202289138,雁塔区,108.854975,34.198175
B0I16AV7JF,顺丰速运(锦业一路店),生活服务;生活服务场所;生活服务场所,108.83365765340902,34.19238648631874,长安区,108.838294,34.190817
B0LU2ZV5SM,陕西壹心壹翼企业集团有限公司,生活服务;生活服务场所;生活服务场所,108.86653847696496,34.192062107828086,雁塔区,108.871128,34.190438
B0J1CAB13K,菜鸟驿站(西安外事学院北校区店),生活服务;物流速递;物流速递,108.8543670600922,34.241063879582995,雁塔区,108.858975,34.239475
B0FFIR22W9,菜鸟驿站(西安罗马西西里北门1店),生活服务;物流速递;物流速递,108.84950399696635,34.205562594578126,雁塔区,108.854116,34.203969
B0L6CUIVFB,方华空间设计,生活服务;生活服务场所;生活服务场所,108.82966826774363,34.21222226178733,雁塔区,108.834313,34.210667
B0I2JA06ZW,德邦快递(西安高新区科技六路经营分部),生活服务;物流速递;物流速递,108.82840393865158,34.23905116897559,雁塔区,108.833053,34.237508
B0KUTX93E6,舒意轩推拿店(大茂城购物中心店),生活服务;洗浴推拿场所;洗浴推拿场所,108.86648159932321,34.23973920775275,雁塔区,108.871075,34.238132
B0J3RZ25OF,德邦快递(西安高新区创汇路经营分部),生活服务;生活服务场所;生活服务场所,108.86097988468532,34.18629327649342,雁塔区,108.865575,34.184675
B0L3O1Z9V4,颜悦荟沐足SPA,生活服务;洗浴推拿场所;洗浴推拿场所,108.83308545134598,34.22008389986384,雁塔区,108.837725,34.218525
B0IALCYA1B,中国邮政(丈八北路邮政所),生活服务;邮局;邮局,108.86815111095915,34.241050868810234,雁塔区,108.872743,34.239442
B0FFL3OUNA,天天充电,公司企业;公司;网络科技|生活服务;生活服务场所;生活服务场所,108.83001334496092,34.218566676445015,雁塔区,108.834658,34.217013
B001D11WXR,中国邮政(丈八西路邮政所),生活服务;邮局;邮局,108.84326383191595,34.20038544616283,雁塔区,108.847885,34.198801
B0MDU5ZCQY,梦乡·轻奢养生SPA,生活服务;洗浴推拿场所;洗浴推拿场所,108.86697450140892,34.209621732198514,雁塔区,108.871565,34.208003
B0FFGCBNL1,陈家庄温泉浴池,生活服务;洗浴推拿场所;洗浴推拿场所,108.82636552673976,34.213353655030296,长安区,108.831016,34.211805
B0I0NA64IH,高科·云天营销中心,生活服务;生活服务场所;生活服务场所,108.82534328396979,34.23183709700959,雁塔区,108.829997,34.230297
B0KUF99WTN,陕西东信财税集团-财税咨询·税务代理·代理记账,生活服务;事务所;事务所,108.85687154372201,34.20186189115076,雁塔区,108.861473,34.200255
B0IAL1787B,中国邮政(科技二路邮政所),生活服务;邮局;邮局,108.86433140522014,34.22687707034758,雁塔区,108.868926,34.225268
B0FFIKER1M,菜鸟驿站(融城东海店),生活服务;物流速递;物流速递,108.84989505789322,34.18706744476136,雁塔区,108.854505,34.185467
B0FFM9CEB8,菜鸟驿站(永和·璞玉店),生活服务;物流速递;物流速递,108.86983642669483,34.21876512550252,雁塔区,108.874425,34.217146
B0FFKQW0QJ,臻颜足浴SPA,生活服务;洗浴推拿场所;洗浴推拿场所|生活服务;美容美发店;美容美发店,108.86938380826561,34.24643336065678,雁塔区,108.873975,34.244825
B0JDOXH74K,菜鸟驿站(苏宁云著店),生活服务;物流速递;物流速递,108.83375630811925,34.22354191526272,雁塔区,108.838395,34.221983
B0HRSXT356,菜鸟驿站(都市印象店),生活服务;物流速递;物流速递,108.8683486236417,34.23696065404155,雁塔区,108.87294,34.23535
B0MDVOP7J3,时悦·足道,生活服务;洗浴推拿场所;洗浴推拿场所,108.86723249968759,34.23773393948926,雁塔区,108.871825,34.236125
B0L66S8NT6,郑远元专业修脚房(缤纷南郡店),生活服务;洗浴推拿场所;洗浴推拿场所,108.86102856411733,34.20348761854556,雁塔区,108.865625,34.201875
B0IGND3I8X,安能(大寨路店),生活服务;生活服务场所;生活服务场所,108.83542628275434,34.24634456100828,雁塔区,108.840064,34.244791
B0KA95Q5LI,颂福不剃发植发(西安总院),生活服务;美容美发店;美容美发店,108.86464674067268,34.23935289262898,雁塔区,108.869242,34.237748
B0I0XZ9YOY,每一天便利店(西安半导体店),生活服务;生活服务场所;生活服务场所,108.83998255531517,34.20022956366612,雁塔区,108.844609,34.198651
B0KDTA9H3P,菜鸟驿站(易道郡·玫瑰公馆1期店),生活服务;物流速递;物流速递,108.86570211891431,34.223428176380956,雁塔区,108.870295,34.221816
B0FFH5PJZ3,菜鸟驿站(鸿基新城店),生活服务;物流速递;物流速递,108.86117741111235,34.22004706073527,雁塔区,108.865775,34.21844
B0KB4RT3DH,邮快驿站(余家庄店),生活服务;物流速递;物流速递,108.84767769609851,34.20022427746042,雁塔区,108.852292,34.198632
B0L1BAY1DC,乐小推·东方养生按摩·spa·足疗,生活服务;洗浴推拿场所;洗浴推拿场所,108.86673384240284,34.23983350309342,雁塔区,108.871327,34.238226
B0IG4O7QUV,菜鸟驿站(西安万科翡翠天誉1店),生活服务;物流速递;物流速递,108.86345859003401,34.22522146013991,雁塔区,108.868054,34.223613
B0FFLPC8WO,中国联通-手机一站式维修中心,生活服务;电讯营业厅;中国联通营业厅|生活服务;维修站点;维修站点,108.86967863794222,34.23935140888644,雁塔区,108.874269,34.23774
B0FFMA7W2W,菜鸟驿站(金泰新理城三期),生活服务;物流速递;物流速递,108.86348084791747,34.20983894022003,雁塔区,108.868075,34.208225
B0FFKHIM7K,鑫博图文广告(科技二路店),生活服务;生活服务场所;生活服务场所,108.86473685663435,34.22663171469246,雁塔区,108.869331,34.225022
B0HRDCXX31,高新·云锦营销中心,生活服务;生活服务场所;生活服务场所,108.851643883229,34.1958894699964,雁塔区,108.856252,34.194289
B0K3XU0SAP,顺丰速运(鸿基新城祥园店),生活服务;物流速递;物流速递,108.86147776321056,34.2200325024796,雁塔区,108.866075,34.218425
B0JRGMPVO5,京印广告快印·标书·画册印刷·喷绘展板·门头(云汇谷C1店),生活服务;生活服务场所;生活服务场所,108.83112106849967,34.20823437612996,雁塔区,108.835763,34.206675
B0MUNA0ZCX,京东图文(科技六路店),生活服务;摄影冲印店;摄影冲印,108.82955006095965,34.21228201868247,雁塔区,108.834195,34.210727
B0FFH1IT8E,安能物流(大寨路店),生活服务;物流速递;物流速递,108.86500660012386,34.24583592481427,雁塔区,108.869602,34.244233
B0LGBSYJH3,顺丰速运(立人科技店),生活服务;物流速递;物流速递,108.83969123518689,34.22312404904199,雁塔区,108.84432,34.221554
B0K0A7H2B7,藤野造型(大茂城店),生活服务;美容美发店;美容美发店,108.86673184058313,34.23983150122846,雁塔区,108.871325,34.238224
B0I0YZTIFS,云缦阁足浴会所(茶张馨苑店),生活服务;洗浴推拿场所;洗浴推拿场所|生活服务;美容美发店;美容美发店,108.86798035068743,34.211104511018924,雁塔区,108.87257,34.209485
B0L2TS3T47,长安润(头疗.经络推拿.精油spa),生活服务;生活服务场所;生活服务场所,108.86628601985974,34.19461792733896,雁塔区,108.870876,34.192995
B0FFIPEC2S,菜鸟驿站(西安金泰新理城一期北门店),生活服务;物流速递;物流速递,108.86151568739984,34.20905841331001,雁塔区,108.866112,34.207447
B0H6GHY75J,枫桥足舍(国宾店),生活服务;洗浴推拿场所;洗浴推拿场所,108.86559711676051,34.20963390892114,雁塔区,108.870189,34.208017
B0FFGMUXZP,中国邮政(锦业路发投服务部),生活服务;物流速递;物流速递,108.85310039558088,34.190216754608706,雁塔区,108.857706,34.188612
B0LD2ZHNGW,悦享荟足浴养生会馆,生活服务;洗浴推拿场所;洗浴推拿场所,108.86859211226806,34.233681179171136,雁塔区,108.873183,34.232069
B0L01SFSOT,奈晚推拿·按摩新养生(星光耀广场店),生活服务;洗浴推拿场所;洗浴推拿场所,108.86423640001479,34.200720113302864,雁塔区,108.868829,34.199102
B0FFLPVOCB,中国移动营业厅(闸口店),生活服务;电讯营业厅;中国移动营业厅,108.84922075201192,34.203396852420184,雁塔区,108.853833,34.201803
B0K0UHXL3G,中国移动(罗马·景福城店),生活服务;电讯营业厅;中国移动营业厅,108.86423222532991,34.20284438653118,雁塔区,108.868825,34.201227
B0K075C3RJ,多品牌电脑维修服务中心,生活服务;维修站点;维修站点,108.86367470937986,34.22668922983038,雁塔区,108.86827,34.225081
B0L0KUQDLY,中国联通(保利天悦营业厅),生活服务;电讯营业厅;中国联通营业厅,108.86002337026207,34.21589283571784,雁塔区,108.864622,34.214286
B0LRMUXN6K,顺丰速运(绿城春风心语店),生活服务;生活服务场所;生活服务场所,108.86071854185978,34.22413192455879,雁塔区,108.865317,34.222527
B0J0PH45PA,郑远元专业修脚房(英发新苑店),生活服务;洗浴推拿场所;洗浴推拿场所,108.84336675326587,34.22824584595813,雁塔区,108.84799,34.226671
B0FFH8MNZJ,再生资源振杰废品回收站,生活服务;生活服务场所;生活服务场所,108.8615666645222,34.23501317896162,雁塔区,108.866165,34.233411
B0FFHX3CEE,中国电信华洲城云顶营业厅,生活服务;电讯营业厅;中国电信营业厅,108.842474105331,34.243448584945845,雁塔区,108.8471,34.241881
B0FFM9KHEZ,菜鸟驿站(保利·天悦店),生活服务;物流速递;物流速递,108.86429627796686,34.21552308405508,雁塔区,108.86889,34.21391
B0LATC5E2P,御享汇SPA沐足(丈八SPA优享店),生活服务;洗浴推拿场所;洗浴推拿场所,108.86793415429098,34.225489346062204,雁塔区,108.872525,34.223875
B0FFM8GWVK,菜鸟驿站(捷瑞新时代店),生活服务;物流速递;物流速递,108.86739809656365,34.23229117475697,雁塔区,108.87199,34.23068
B0FFICPI22,标书王快印广告(丈八北路店),生活服务;生活服务场所;生活服务场所,108.86785960277678,34.24395639710325,雁塔区,108.872452,34.242349
B0L2MYWZXW,顺丰速运(万家灯火北门店),生活服务;物流速递;物流速递,108.8506066102187,34.20558145386995,雁塔区,108.855217,34.203986
B0J2ZCHWZZ,西海足浴SPA会所(西沙湖店),生活服务;洗浴推拿场所;洗浴推拿场所,108.84102617072104,34.20125511650166,雁塔区,108.845651,34.199675
B0K6M9IPBX,星禾沐足(丈八六路店),生活服务;洗浴推拿场所;洗浴推拿场所,108.85188880008188,34.20127706414841,雁塔区,108.856497,34.199678
B0H33CW5XW,中国电信(易道郡•玫瑰公馆营业厅),生活服务;电讯营业厅;中国电信营业厅,108.86567008726864,34.22341313894743,雁塔区,108.870263,34.221801
B0H6F13CI4,菜鸟驿站(西安鸿锦城罗曼尼东门店),生活服务;物流速递;物流速递,108.8429358085997,34.23146289557692,雁塔区,108.84756,34.22989
B0L0BZTXC2,顺丰速运(金泰怡景花园店),生活服务;生活服务场所;生活服务场所,108.84074558866489,34.2400777327252,雁塔区,108.845374,34.238512
B0J06H78PB,中国联通(金泰怡景花园营业厅),生活服务;电讯营业厅;中国联通营业厅,108.84249529956186,34.241459376855325,雁塔区,108.847121,34.239891
B0KRCO6UM2,乐游时光少儿游泳成长中心·高新店,生活服务;婴儿服务场所;婴儿游泳馆,108.86784884233704,34.228372189853104,雁塔区,108.87244,34.226759
B0FFKZVHNZ,菜鸟驿站(西安尚品美地城11号1店),生活服务;物流速递;物流速递,108.84281842528006,34.19662491247987,雁塔区,108.84744,34.19504
B0JGXH1NNA,神州云 图文快印办公服务,生活服务;摄影冲印店;摄影冲印,108.8639313420557,34.19733283299992,雁塔区,108.868524,34.195714
B0H2FOKKEN,菜鸟驿站(金辉·高新云璟店),生活服务;物流速递;物流速递,108.86145392299058,34.24261716226888,雁塔区,108.866053,34.241018
B0J1CRGMN5,顺丰同城高新分部(鸿基新城祥园南区店),生活服务;物流速递;物流速递|公司企业;公司;公司,108.85988599792438,34.21846172236609,雁塔区,108.864485,34.216856
B0MA65LA74,北京市中伦(西安)律师事务所,生活服务;事务所;律师事务所,108.86533403360598,34.194796597761794,雁塔区,108.869925,34.193175
B0J35ZNRFB,兴贺佳苑妈妈驿站,生活服务;物流速递;物流速递,108.84033538385617,34.22192665462288,雁塔区,108.844963,34.220355
B0FFJMATCE,菜鸟驿站(万家灯火店),生活服务;物流速递;物流速递,108.8516080887304,34.20514727889186,雁塔区,108.856217,34.20355
B0MDZC99MO,中国电信智慧社区服务中心(苏宁云著店),生活服务;电讯营业厅;中国电信营业厅,108.83223873973202,34.22348609518044,雁塔区,108.83688,34.22193
B0JR76EKUJ,菜鸟驿站(西安美立方1店),生活服务;物流速递;物流速递,108.86971940291576,34.24273018308847,雁塔区,108.87431,34.24112
B0KBNXJK4N,菜鸟驿站(大茂城购物中心店),生活服务;物流速递;物流速递,108.86603111467858,34.24013146479599,雁塔区,108.870625,34.238525
B0K1SMX5QN,格物图文广告档案数字化中心,生活服务;生活服务场所;生活服务场所,108.82921078571692,34.220894338262376,雁塔区,108.833857,34.219343
B0FFKQEXNQ,中国移动营业厅(里花水营业厅),生活服务;电讯营业厅;中国移动营业厅,108.84391303722947,34.198182348828894,雁塔区,108.848533,34.196596
B0FFKPW7QP,新安图文快印广告·环普产业园店,生活服务;生活服务场所;生活服务场所,108.8360720855488,34.21262610068713,雁塔区,108.840706,34.211059
B0FFIWB7NA,菜鸟驿站(复地优尚国际店),生活服务;物流速递;物流速递,108.84792374491323,34.22911554625342,雁塔区,108.85254,34.227533
B0HUMZSP6F,中国移动 (鱼化寨店),生活服务;生活服务场所;生活服务场所,108.8424973939342,34.240329806848244,雁塔区,108.847123,34.238761
B0GRYDUNWW,茶张馨苑快递服务站,生活服务;生活服务场所;生活服务场所,108.86817551730842,34.21131668477281,雁塔区,108.872765,34.209697
B0LD9AWPL4,安心婴幼儿倍护中心,生活服务;生活服务场所;生活服务场所,108.82968309391758,34.22707299940746,雁塔区,108.834329,34.225523
B0GKBNDCQG,铺尚温泉浴池(铺尚新村花园店),生活服务;洗浴推拿场所;洗浴推拿场所,108.84816126977884,34.20216045645962,雁塔区,108.852775,34.200568
B0K27N0IN9,菜鸟驿站(高新·天谷雅舍店),生活服务;物流速递;物流速递,108.82807630981559,34.22752181438865,雁塔区,108.832725,34.225975
B0K14KM017,菜鸟驿站(锦业一路店),生活服务;物流速递;物流速递,108.83515616106192,34.192622203564376,长安区,108.83979,34.19105
B0K3ZM7ZK1,顺丰速运(鸿锦城十年城店),生活服务;物流速递;物流速递,108.84028698002027,34.225960112783426,雁塔区,108.844915,34.22439
B0H1K94P4Z,福奈特洗衣(西安保利天悦店),生活服务;洗衣店;洗衣店,108.86436835703248,34.215500191223676,雁塔区,108.868962,34.213887
B0FFHPR4LS,菜鸟驿站(西安都市印象SOLO街区店),生活服务;物流速递;物流速递,108.86892503395485,34.23846181419619,雁塔区,108.873516,34.236851
B0JDLXUVP0,菜鸟驿站(南飞鸿·蓝庭序店),生活服务;物流速递;物流速递,108.84248574556989,34.22331804974647,雁塔区,108.84711,34.221743
B0K3USKHUB,姬如春体龄管理中心(缤纷南郡店),生活服务;生活服务场所;生活服务场所,108.86430914624582,34.20486180382668,雁塔区,108.868902,34.203245
B0KGLANZQA,兰亭广告图文快印门头灯箱(大寨路店),生活服务;生活服务场所;生活服务场所,108.8439802601928,34.24642514694073,雁塔区,108.848604,34.244856
B0J1TXIBX3,菜鸟驿站(招商臻观府店),生活服务;物流速递;物流速递,108.83666507908845,34.237399244698494,雁塔区,108.8413,34.23584
B0FFLGSL4F,八马茶业(环贸中心店),生活服务;生活服务场所;生活服务场所,108.86845699273,34.19616920907225,雁塔区,108.873045,34.194544
B0JRP6HNM5,安居·乐筑(软件新城店),生活服务;生活服务场所;生活服务场所,108.83663203586966,34.237251238802344,雁塔区,108.841267,34.235692
B0H3ADCKAB,徐东美发(108店),生活服务;美容美发店;美容美发店,108.84871331553313,34.19943632744032,雁塔区,108.853326,34.197842
B0KDPU6GOX,雅正推拿(丈八北路店),生活服务;洗浴推拿场所;洗浴推拿场所,108.8681762554465,34.239543468567796,雁塔区,108.872768,34.237934
B0FFH5Q2AF,菜鸟驿站(里花水社区店),生活服务;物流速递;物流速递,108.84521996218685,34.19972914693176,雁塔区,108.849838,34.198141
B0KAZ5CMCK,蓝鲸快乐宝贝婴童游泳馆(春风心语),生活服务;婴儿服务场所;婴儿游泳馆,108.86167884974509,34.22186313902838,雁塔区,108.866276,34.220256
B0FFLCUKNA,陈斌兄弟车行(里花水社区店),购物服务;专卖店;自行车专卖店|生活服务;维修站点;维修站点,108.84687050825336,34.19973404116652,雁塔区,108.851486,34.198143
B0LKH9RCH8,顺丰快递,生活服务;物流速递;物流速递,108.83990801206004,34.193040833723835,雁塔区,108.844534,34.19146
B0MASDFXL0,郑远元专业修脚房(国宾中央店),生活服务;洗浴推拿场所;洗浴推拿场所,108.86568311631893,34.2107416394308,雁塔区,108.870275,34.209125
B0JK96CC2P,菜鸟驿站(西派国樾店),生活服务;物流速递;物流速递,108.82952844189097,34.231872952704954,雁塔区,108.834175,34.230325
B0FFGHA39Y,中国电信,生活服务;电讯营业厅;电讯营业厅,108.86142770893707,34.21998244773382,雁塔区,108.866025,34.218375
B0JDRUJ1IZ,文印社快印广告(锦业路店),公司企业;公司;广告装饰|生活服务;摄影冲印店;摄影冲印,108.83989483188608,34.19501215445926,雁塔区,108.844521,34.193432
B0LB7DF7YJ,典唐盲人推拿(大寨路店),生活服务;洗浴推拿场所;洗浴推拿场所,108.85005554900462,34.2460968396458,雁塔区,108.85467,34.244517
B0JBORTL4Y,妈妈驿站,生活服务;物流速递;物流速递,108.86125852427364,34.2198212593564,雁塔区,108.865856,34.218214
B0L03CD691,西安高新区人才驿站,生活服务;人才市场;人才市场,108.83686924524092,34.214758830671144,雁塔区,108.841502,34.213191
B0I26RFKFP,沃朵儿童水育养护中心(西安高新方圆荟店),生活服务;婴儿服务场所;婴儿游泳馆,108.86673279145094,34.22798688860592,雁塔区,108.871325,34.226375
B0LAV77S05,顺丰速运(中航华府店),生活服务;物流速递;物流速递,108.85001054272979,34.245355047062425,雁塔区,108.854625,34.243775
B0I01UTBXK,尚水和柔式采耳SPA(国宾店),生活服务;美容美发店;美容美发店,108.86909636015905,34.21137581728963,雁塔区,108.873685,34.209755
B0FFKZVGXV,菜鸟驿站(都市春天店),生活服务;物流速递;物流速递,108.8699852644766,34.234888448824876,雁塔区,108.874575,34.233275
B0H2A77166,创时钟表维修(各品牌售后),生活服务;维修站点;维修站点,108.8697316947846,34.23922552091323,雁塔区,108.874322,34.237614
B0JAHR6MYC,未来+科技美学(高新店),生活服务;生活服务场所;生活服务场所,108.86315002992653,34.21548250356845,雁塔区,108.867745,34.213871
B0HB6ZJHWD,中国移动(东方米兰国际城西门店),购物服务;家电电子卖场;手机销售|生活服务;电讯营业厅;中国移动营业厅,108.84311981414565,34.235032906092286,雁塔区,108.847744,34.233461
B0FFFQ0U8K,文印社快印广告(都市印象店),生活服务;摄影冲印店;摄影冲印,108.86831166190684,34.23605394553959,雁塔区,108.872903,34.234443
B0JAHA5Z39,高价回收铜铝铁电线电缆,生活服务;生活服务场所;生活服务场所,108.85726117233536,34.22522830793572,雁塔区,108.861864,34.223629
B0H3LORO4S,菜鸟驿站(东方米兰国际城店),生活服务;物流速递;物流速递,108.84507901816357,34.2335919281824,雁塔区,108.8497,34.232016
B0FFMCGCQC,菜鸟速递(科技五路站),生活服务;物流速递;物流速递,108.8603585758357,34.21835746034413,雁塔区,108.864957,34.216751
B0H3NZ140Q,百壬推灸馆(中航华府小区店),生活服务;洗浴推拿场所;洗浴推拿场所,108.85002253779128,34.24563496042244,雁塔区,108.854637,34.244055
B0FFHIJG71,菜鸟驿站,生活服务;物流速递;物流速递,108.83561802603707,34.22873050420297,雁塔区,108.840254,34.22717
B0JG0L6DSH,韵达快递(普洛斯西安高新物流园店),生活服务;物流速递;物流速递,108.82408950588581,34.19021123712435,长安区,108.828742,34.188659
B0IKMDDHJ8,典唐盲人推拿(华为店),生活服务;洗浴推拿场所;洗浴推拿场所,108.83995950374134,34.20040246313355,雁塔区,108.844586,34.198824
B0K1SS3W6A,宜家地产(铺尚新村花园店),生活服务;中介机构;中介机构,108.84611602095028,34.203830331887694,雁塔区,108.850733,34.202242
B0FFLILFX5,陕西天财工程造价咨询有限公司,公司企业;公司;公司|生活服务;生活服务场所;生活服务场所,108.86856910619045,34.233492220233266,雁塔区,108.87316,34.23188
B0IU3AE52V,手机梦工厂手机维修(西安高新悠悠茂购物中心店),生活服务;维修站点;维修站点,108.86659366769976,34.22780977088896,雁塔区,108.871186,34.226198
B0L0H7RHMV,典唐盲人推拿(苏宁云著店),生活服务;洗浴推拿场所;洗浴推拿场所,108.83223378819824,34.222781339323376,雁塔区,108.836875,34.221225
B0MDODVFD5,德邦快递(西安高新区上林苑普洛斯经营分部),生活服务;物流速递;物流速递,108.82351653258091,34.19016217970466,长安区,108.82817,34.188611
B0FFFZCK7K,朱宏物流,生活服务;物流速递;物流仓储场地,108.81217980916603,34.28680604765326,未央区,108.81686,34.285312
B0K2R41UR3,水木和足道·SPA·泰式·糖水铺(三桥华润万象域甄选店),生活服务;洗浴推拿场所;洗浴推拿场所,108.81985681279814,34.295229400952174,未央区,108.824525,34.293725
B0LD7R3OHX,衡运仓物流,生活服务;物流速递;物流速递,108.82115077287908,34.273404057323056,未央区,108.825815,34.271888
B0J16AWP8T,秘地·HIFi影院足浴SPA(沣东吾悦广场店),生活服务;洗浴推拿场所;洗浴推拿场所,108.82135777260442,34.25306359447873,未央区,108.82602,34.251539
B0KUAL9QYO,中国铁建·轨交·秦风雅颂营销中心,生活服务;生活服务场所;生活服务场所,108.80596287895035,34.25274412416127,长安区,108.81065,34.251247
B0JK6A3BDW,货拉拉门店(未央区天台八路),生活服务;生活服务场所;生活服务场所,108.81413988380694,34.28808301816453,未央区,108.818817,34.286586
B0FFIR64S1,长安通客户体验中心(后卫寨店),生活服务;生活服务场所;生活服务场所,108.81028958706729,34.3016392472879,未央区,108.814974,34.300155
B0HKZATFA5,阿房宫ETC服务中心,生活服务;生活服务场所;生活服务场所,108.80420626397581,34.252736179864364,长安区,108.808896,34.251242
B0L22AZB6V,大秦温泉,生活服务;洗浴推拿场所;洗浴推拿场所|风景名胜;风景名胜相关;旅游景点,108.82106104734268,34.26814304145868,未央区,108.825725,34.266625
B0J1JCYRNW,华为授权服务中心(西安吾悦广场),生活服务;维修站点;维修站点,108.81875520630643,34.255192933440206,未央区,108.823422,34.253674
B0FFHUMORN,沣东新城老年服务中心·养老院·护理院,生活服务;生活服务场所;生活服务场所,108.81790974914948,34.26802025694183,未央区,108.822579,34.266508
B0IBCD78ER,陕西广电网络(沣东营业厅),生活服务;生活服务场所;生活服务场所,108.81917291932791,34.29203652146813,未央区,108.823842,34.290532
B001D09PAD,镐京墓园,生活服务;丧葬设施;公墓,108.77987248279784,34.25060532041282,长安区,108.78459,34.249144
B0HGMDXT4W,陕西源丰运物流有限公司,生活服务;物流速递;物流速递,108.82119708780678,34.30746146931864,未央区,108.825864,34.30596
B0FFLF6YGW,陕西华格律师事务所,生活服务;生活服务场所;生活服务场所,108.80884524993614,34.30249234366347,未央区,108.813532,34.301011
B0K2F582ZX,浴乐汤泉,生活服务;洗浴推拿场所;洗浴推拿场所,108.81219851158478,34.30313096424181,未央区,108.81688,34.301644
B0MBB5W6QE,中国电信(吾悦广场营业厅),生活服务;电讯营业厅;中国电信营业厅,108.81719159763713,34.25511108749987,未央区,108.821861,34.253595
B0FFIV6QYI,郑远元专业修脚房(启航佳苑西区店),生活服务;洗浴推拿场所;洗浴推拿场所,108.80993997252126,34.30240829198312,未央区,108.814625,34.300925
B0MGM59HF8,大虎二手旧货市场,生活服务;生活服务场所;生活服务场所,108.81912734109419,34.27357323251315,未央区,108.823795,34.272061
B0HUMASVHK,顺丰速运(富裕路店),生活服务;物流速递;物流速递,108.8213802196153,34.24801559124397,雁塔区,108.826042,34.246489
B0MAL570IK,千米手机电脑维修回收(西安三桥店),生活服务;维修站点;维修站点,108.81889645770453,34.29199502835136,未央区,108.823566,34.290491
B001D0ZTD2,恒通物流市场,生活服务;物流速递;物流速递,108.79236685216118,34.26059982894563,长安区,108.797073,34.259127
B0MDPUMIM1,阿房宫家具折扣仓,生活服务;生活服务场所;生活服务场所,108.81949797105432,34.27349994856815,未央区,108.824165,34.271987
B0GR15WQ12,五洲豪信服务站,生活服务;生活服务场所;生活服务场所,108.82105061655726,34.273237939260426,未央区,108.825715,34.271722
B0L0RP3MD6,地建嘉信臻境营销中心,生活服务;生活服务场所;生活服务场所,108.81961682409163,34.253117338835125,未央区,108.824282,34.251596
B0H657NPWJ,浴水汇,生活服务;洗浴推拿场所;洗浴推拿场所,108.82053445483595,34.252114432124635,雁塔区,108.825198,34.250591
B0FFJHCU03,郑远元专业修脚房(华润·二十四城西区一期店),生活服务;洗浴推拿场所;洗浴推拿场所,108.81886635061788,34.29269067155996,未央区,108.823536,34.291187
B0KKX9PWFG,联想百应服务中心·电脑维修(西咸吾悦广场店),生活服务;维修站点;维修站点,108.81886734673844,34.25578390863174,未央区,108.823534,34.254265
B0I3DC44UG,西安顺安运输服务有限公司,生活服务;物流速递;物流速递,108.80692199522294,34.28147911865725,未央区,108.81161,34.279992
B001D0W0BY,龙泉湾浴都,生活服务;洗浴推拿场所;洗浴推拿场所,108.82052851326054,34.275939852164704,未央区,108.825194,34.274426
B0LUXOSJOW,风韵出行司机招募中心,生活服务;生活服务场所;生活服务场所,108.7957259492627,34.260744634753735,长安区,108.800428,34.259267
B0LG9HWGFU,勤达物流,生活服务;物流速递;物流速递,108.82105562796892,34.27320196339463,未央区,108.82572,34.271686
B0FFK7Y463,西安森邦物流有限公司,生活服务;生活服务场所;生活服务场所,108.81517751559396,34.28894352788453,未央区,108.819853,34.287445
B0FFK85SCJ,中宇博辰物流(西安分公司),生活服务;物流速递;物流速递,108.81529969726613,34.289183646743204,未央区,108.819975,34.287685
B0J6SXFO4C,菜鸟驿站(华润置地·万象域店),生活服务;物流速递;物流速递,108.81925188578747,34.294086778235574,未央区,108.823921,34.292583
B0FFHFLJMH,菜鸟驿站(启航佳苑西区店),生活服务;物流速递;物流速递,108.80896337642409,34.30320123359496,未央区,108.81365,34.30172
B0HKUHXC4F,顺丰速运(王寺街道店),生活服务;物流速递;物流速递,108.80745446200689,34.26116135080593,长安区,108.81214,34.259665
B0FFJTJO5N,中国联通(二十四城营业厅),生活服务;电讯营业厅;中国联通营业厅,108.82041302292579,34.29189987932883,未央区,108.82508,34.290393
B0HGTDA2OM,西安优浩物流有限公司,生活服务;物流速递;物流速递,108.82090764047715,34.30692617149174,未央区,108.825575,34.305425
B0GR5L4CD8,中国电信(王寺营业厅),生活服务;电讯营业厅;中国电信营业厅|公司企业;公司;电信公司,108.79935851174531,34.263478096564285,长安区,108.804056,34.261996
B0HG45TM32,天地源·兰樾坊营销中心,生活服务;生活服务场所;生活服务场所,108.77574760703747,34.26359813795659,长安区,108.780469,34.262146
B0JKUSJY4T,铭尚轩物流西安有限公司,生活服务;物流速递;物流速递,108.78041608337276,34.24837275823929,长安区,108.785133,34.24691
B0FFJGBE2E,陕西海武物流有限公司,生活服务;生活服务场所;生活服务场所,108.81327433134949,34.289839706208895,未央区,108.817953,34.288345
B0FFJISC80,西安高宏汽车托运-轿车托运,生活服务;生活服务场所;生活服务场所,108.81575044152241,34.289175470212804,未央区,108.820425,34.287676
B0L6K5NTK4,中通快递(三桥一部),生活服务;物流速递;物流速递,108.80418280689001,34.28250706817968,未央区,108.808875,34.281025
B0J25ZQTML,中国移动(吾悦广场营业厅),生活服务;电讯营业厅;中国移动营业厅,108.81656345182354,34.25636044632601,未央区,108.821234,34.254846
B0K26MV17N,河南锋源物流有限公司,生活服务;物流速递;物流速递,108.77639304772869,34.25082777180198,长安区,108.781113,34.24937
B0FFGCBG17,韵达快递(第四巷),生活服务;物流速递;物流速递,108.82238156151244,34.25245174279023,未央区,108.827042,34.250925
B0FFJHVR6O,菜鸟驿站(和平春天店),生活服务;物流速递;物流速递,108.81891837038137,34.25654970180888,未央区,108.823585,34.255031
B0GUFAG5WQ,华润置地万象域营销中心,生活服务;生活服务场所;生活服务场所,108.81988886039855,34.295309425463614,未央区,108.824557,34.293805
B0J1RHR89D,菜鸟驿站(紫境城店),生活服务;物流速递;物流速递,108.82118631862299,34.30439382534909,未央区,108.825853,34.302891
B0L1KDTQRA,健跑圈餐饮易耗仓储配送中心,生活服务;物流速递;物流速递,108.79892841554405,34.282038794332244,未央区,108.803628,34.280565
B0L09OEQ6S,顺丰速运(嘉欣花园店),生活服务;物流速递;物流速递,108.79638274316504,34.261308392496204,长安区,108.801084,34.25983
B0H35S4PVA,四季浴池,生活服务;洗浴推拿场所;洗浴推拿场所,108.81611071625842,34.30543299605756,未央区,108.820786,34.30394
B0FFJWQQU2,中国邮政(和平村邮政所),生活服务;邮局;邮局,108.82104912478057,34.254600419257535,未央区,108.825712,34.253077
B0FFIMYMLB,菜鸟驿站(西安王寺镇东村店),生活服务;物流速递;物流速递,108.80129748363571,34.259986569790236,长安区,108.805992,34.2585
B0GUTZIOSZ,天秦畅行物流有限责任公司西安分公司,生活服务;物流速递;物流速递,108.81418086270791,34.2891666275806,未央区,108.818858,34.28767
B0FFH0Y315,西安市长安区王寺邮政营业所,生活服务;邮局;邮局,108.79991749273707,34.260834032944295,长安区,108.804614,34.25935
B0KKZHUGIG,中国联通营业厅(吾悦广场营业厅),生活服务;电讯营业厅;中国联通营业厅,108.81649433137517,34.25643129206384,未央区,108.821165,34.254917
B0JR368UO9,朱宏物流市场,生活服务;物流速递;物流速递,108.81518751239192,34.28918544220384,未央区,108.819863,34.287687
B0LABR4CBH,嘻安推拿养生馆(西安西咸吾悦广场店),生活服务;洗浴推拿场所;洗浴推拿场所,108.81879022076863,34.255739783497376,未央区,108.823457,34.254221
B0HU4BHACM,菜鸟驿站(启航佳苑东区店),生活服务;物流速递;物流速递,108.81244403057265,34.301613076896594,未央区,108.817125,34.300125
B0KADZOCDP,顺心捷达物流(沣东新城店),生活服务;生活服务场所;生活服务场所,108.8031814212626,34.28155581355585,未央区,108.807875,34.280075
B0LKUR0H4S,西安顺道物流,生活服务;物流速递;物流速递,108.81170641966622,34.28224913781451,未央区,108.816387,34.280754
B0FFIL9J50,中国移动启航社区服务站,生活服务;电讯营业厅;中国移动营业厅,108.81040072198284,34.30214221949828,未央区,108.815085,34.300658
B0FFHIK9DD,中旺物流(西安分公司),生活服务;物流速递;物流速递,108.81456150294454,34.288954406641174,未央区,108.819238,34.287457
B0GK65PXF4,西安天福搬家服务有限公司,生活服务;搬家公司;搬家公司,108.812301362988,34.27009423901921,未央区,108.81698,34.268593
B0FFGDCDY9,中国移动(和平春天营业厅),生活服务;电讯营业厅;中国移动营业厅,108.82025860743904,34.25681607955287,未央区,108.824923,34.255295
B0HRV9793R,爱回收(西咸吾悦广场店),生活服务;生活服务场所;生活服务场所,108.81820731087872,34.254905035646125,未央区,108.822875,34.253387
B0H3LOSIVZ,菜鸟驿站(西安怡园教师小区店),生活服务;物流速递;物流速递,108.8038550931105,34.26079342414981,长安区,108.808546,34.259303
B0K2BYB5UW,顺丰速运(启航佳苑店),生活服务;生活服务场所;生活服务场所,108.81297383288138,34.30227573041788,未央区,108.817654,34.300787
B0FFJP69LO,汇都洗浴(紫境城店),生活服务;洗浴推拿场所;洗浴推拿场所,108.81934918039249,34.304790237305276,未央区,108.824019,34.303291
B0JBXLTNHG,卓品手机维修(西安西咸吾悦广场店),生活服务;维修站点;维修站点,108.81796182272804,34.25585820958164,未央区,108.82263,34.254341
B0FFIT4WM8,泳春泉浴馆(大秦七十二坊店),生活服务;洗浴推拿场所;洗浴推拿场所,108.82154794523102,34.26725530840669,未央区,108.826211,34.265736
B0K1MCA68U,捷强广告图文(万象域店),生活服务;生活服务场所;生活服务场所,108.82079843592972,34.2948493153251,未央区,108.825465,34.293343
B0KKXRY6IX,奈晚推拿·筋骨健康(西咸吾悦广场店),生活服务;洗浴推拿场所;洗浴推拿场所,108.81860190581762,34.255725441462346,未央区,108.823269,34.254207
B0LUNZ5L4W,陕西高亮律师事务所,生活服务;事务所;律师事务所,108.80801393180995,34.302841748735666,未央区,108.812702,34.301362
B0JGA7COXG,国家电网(沣东自贸园供电营业厅),生活服务;生活服务场所;生活服务场所,108.79341789539471,34.28767415012194,长安区,108.798125,34.286211
B0K17RO9QJ,废旧铜铝铁金属回收-电线电缆-不锈钢-各种金属上门回收,生活服务;生活服务场所;生活服务场所,108.79368365426666,34.2823138077624,长安区,108.79839,34.280848
B0K095Q96F,陕西捷联物流有限公司,生活服务;物流速递;物流速递,108.79801892626395,34.248515894769206,长安区,108.802717,34.24703
B0LBZ5OVWS,万股典当·短期周转·当铺,生活服务;生活服务场所;生活服务场所,108.8193838672297,34.297052727486715,未央区,108.824053,34.29555
B0LG3C99QT,陕西光头哥轿车托运,生活服务;物流速递;物流速递,108.79767397783282,34.27909808932062,长安区,108.802375,34.277625
B0H6U5TWCA,纸扎花圈,生活服务;丧葬设施;丧葬设施,108.79577728095123,34.25747400724585,长安区,108.800479,34.255995
B0J0SCK6S3,中通快运未央朱宏分部(天台路店),生活服务;物流速递;物流速递,108.81521758316883,34.28892360918985,未央区,108.819893,34.287425
B0FFFFA7PD,易知足行行·行养生馆(西咸吾悦广场店),生活服务;洗浴推拿场所;洗浴推拿场所,108.8194090392459,34.258480847267165,未央区,108.824075,34.256962
B0GRUX9VXV,兔喜快递超市(西安西咸吾悦广场店),生活服务;物流速递;物流速递,108.81877617554545,34.25600665271302,未央区,108.823443,34.254488
B0KKR4LSOS,韵达快递(和平丽苑店),生活服务;物流速递;物流速递,108.8210560001087,34.25628277187012,未央区,108.825719,34.25476
B0FFKPF2F5,菜鸟驿站(和盛花园店),生活服务;物流速递;物流速递,108.79126066280665,34.283981688901775,长安区,108.79597,34.28252
B0MAL17WYX,藤野造型(西安西咸吾悦广场店),生活服务;美容美发店;美容美发店,108.81781260422612,34.25547608505708,未央区,108.822481,34.253959
B0H33YU8CL,顺丰速运(天台路店),生活服务;物流速递;物流速递,108.81201806736296,34.26812553550499,未央区,108.816697,34.266624
B0FFGFQA6J,韵达快递(西安王寺韵达分部),生活服务;物流速递;物流速递,108.8012594327414,34.2599535217482,长安区,108.805954,34.258467
B0KG961IXR,菜鸟驿站(西安市和平丽苑北门优加加便利店),生活服务;物流速递;物流速递,108.8209616730125,34.25834678227189,未央区,108.825625,34.256825
B0FFLFD6PU,大众洗浴,生活服务;洗浴推拿场所;洗浴推拿场所,108.79651312475205,34.25868762970902,长安区,108.801214,34.257208
B0FFLJMT3X,快递代理点,生活服务;物流速递;物流速递,108.79386640964421,34.275777803017,长安区,108.798572,34.274309
B0LGTM009S,中通快递(沣东公司),生活服务;物流速递;物流速递,108.7931451874977,34.267815032693775,长安区,108.797851,34.266344
B0LAFUVYEW,顺丰速运(昆明路九号店),生活服务;物流速递;物流速递,108.81631714795459,34.25507050270698,未央区,108.820988,34.253556
B0G02761WA,痘黛夫快速祛痘连锁(沣东分院),生活服务;美容美发店;美容美发店,108.81964263270292,34.25601525213893,未央区,108.824308,34.254495
B0HBXRQIHI,袋鼠物流,生活服务;物流速递;物流速递,108.81334655993292,34.28847042376479,未央区,108.818025,34.286975
B0K3HR7Y0M,废旧铜铝铁电缆金属回收,生活服务;生活服务场所;生活服务场所,108.80935196562213,34.278846419131355,未央区,108.814036,34.277354
B0K3RUZ8MO,典唐盲人推拿(华润二十四城店),生活服务;生活服务场所;生活服务场所,108.82070146081921,34.29251914737007,未央区,108.825368,34.291012
B0LD4KK5IE,小米之家(西安长安区王寺街道专卖店),生活服务;生活服务场所;生活服务场所,108.79957800080804,34.26115337053243,长安区,108.804275,34.25967
B0LKRC6DN1,雷速开锁换锁汽车钥匙门禁锁具指纹锁,生活服务;生活服务场所;生活服务场所,108.8185777166159,34.29452834039888,未央区,108.823248,34.293026
B0HDS77MJD,飞龙图文广告,生活服务;生活服务场所;生活服务场所,108.79490891870581,34.26077041655888,长安区,108.799612,34.259294
B0FFLJ3A3L,韩式汗蒸生活馆,生活服务;洗浴推拿场所;洗浴推拿场所,108.82057753483339,34.25202654636523,雁塔区,108.825241,34.250503
B0G2U15AW3,YESIDO椰岛造型烫发染发(吾悦广场店),生活服务;美容美发店;美容美发店,108.81801798638207,34.25499865026092,未央区,108.822686,34.253481
B0FFI33GLN,盛辉物流(朱宏物流园店),生活服务;物流速递;物流速递,108.81418789320755,34.28893274065644,未央区,108.818865,34.287436
B0FFI1R8P4,中国电信(启航佳苑社区店),生活服务;电讯营业厅;中国电信营业厅,108.80890130239415,34.302921250304514,未央区,108.813588,34.30144
B0FFLCOFTP,链家地产(华润二十四城店),生活服务;中介机构;中介机构,108.81852476412621,34.29284897232875,未央区,108.823195,34.291346
B0FFJL5TWI,开锁换锁汽车钥匙(郑师傅),生活服务;生活服务场所;生活服务场所,108.81358235324296,34.25880207371049,未央区,108.818258,34.257294
B0JB6HFJG4,兔喜快递超市(华润置地·万象域店)(暂停营业),生活服务;物流速递;物流速递,108.81979479854763,34.29411577107035,未央区,108.824463,34.292611
B0FFF2YL9K,陕西佳运物流有限公司,生活服务;物流速递;物流速递,108.81494711965607,34.28915301990709,未央区,108.819623,34.287655
B0LB9CSDOD,耳湾躺式采耳SPA馆(吾悦广场店),生活服务;生活服务场所;生活服务场所,108.81700509825345,34.257439829665785,未央区,108.821675,34.255925
B0FFK1PRP1,孝文开锁换锁配钥匙指纹锁汽车钥匙,购物服务;家居建材市场;建材五金市场|生活服务;生活服务场所;生活服务场所,108.81172738626357,34.30766209601914,未央区,108.81641,34.306178
B0JG3HUUYW,新西北物流(西安分公司),生活服务;生活服务场所;生活服务场所,108.81346064233988,34.28973708503247,未央区,108.818139,34.288242
B0L216SZF3,云栖沐足(后卫寨店),生活服务;洗浴推拿场所;洗浴推拿场所,108.81089156450639,34.3013604316903,未央区,108.815575,34.299875
B0FFHUWT73,菜鸟驿站(新店小区店),生活服务;物流速递;物流速递,108.79896774061983,34.30323267272007,未央区,108.803669,34.301768
B0JK75P5F2,陕西尚辉汽车物流,生活服务;物流速递;物流速递,108.80165246064975,34.26642956027609,长安区,108.806347,34.264945
B0KANU3UWL,鑫天润物流,生活服务;物流速递;物流速递,108.8214795367125,34.30783682633872,未央区,108.826146,34.306335
B0MGARFJ0N,顺丰速运(安泰路店),生活服务;物流速递;物流速递,108.79728169060652,34.28855248793365,未央区,108.801984,34.287084
B0FFJ2X3DB,阳光温泉浴池,生活服务;洗浴推拿场所;洗浴推拿场所,108.79431899688207,34.275375625464285,长安区,108.799024,34.273906
B0L6BSYNSR,西安信友物流有限公司,生活服务;物流速递;物流速递,108.81478251200056,34.268683275461626,未央区,108.819457,34.267177
B0FFF3XENS,陕西永盛运输物流有限公司,公司企业;公司;公司|生活服务;物流速递;物流速递,108.81419787792564,34.28932159175753,未央区,108.818875,34.287825
B0JBM6316N,菜鸟驿站(华润·二十四城西区二期店),生活服务;物流速递;物流速递,108.81712336055011,34.293592072103046,未央区,108.821796,34.292092
B0I2XZ39EC,凯奇锋数码回收网(西安店),生活服务;生活服务场所;生活服务场所,108.79396256591224,34.27530013974413,长安区,108.798668,34.273831
B001D0Z5F8,陕西融泰汽车销售服务有限公司(三桥店),汽车销售;标致雪铁龙特约销售;东风雪铁龙销售|汽车维修;标致雪铁龙特约维修;东风雪铁龙维修|生活服务;生活服务场所;生活服务场所,108.82121075404933,34.27489055570646,未央区,108.825875,34.273375
B0L03HDIXS,闪耀黄金奢侈品回收,生活服务;生活服务场所;生活服务场所,108.8178026400203,34.25482932033083,未央区,108.822471,34.253312
B0MBFL87I6,顺心捷达(鱼化寨店),生活服务;生活服务场所;生活服务场所,108.81533675782921,34.28918971148215,未央区,108.820012,34.287691
B0FFLBXSYG,中国移动手机维修(和平春天),购物服务;家电电子卖场;手机销售|生活服务;电讯营业厅;中国移动营业厅|生活服务;维修站点;维修站点,108.8202024114598,34.258062483477396,未央区,108.824867,34.256542
B0IG27C0RQ,启航温泉大众浴池(启航佳苑店),生活服务;洗浴推拿场所;洗浴推拿场所,108.81524759297298,34.30171508226135,未央区,108.819924,34.300222
B0HG7ULAYM,旭尧手机电脑维修中心,生活服务;维修站点;维修站点,108.81918988522804,34.292808218683646,未央区,108.823859,34.291304
B0LUVHD85G,聚鼎物流,生活服务;物流速递;物流速递,108.8103987507505,34.301750389980306,未央区,108.815083,34.300266
B0IKZXY7JD,菜鸟驿站(中海·昆明路九号店),生活服务;物流速递;物流速递,108.81535233743234,34.25773669575548,未央区,108.820025,34.256225
B0JA5UGLLI,闪电奢品 西安闪电回收 各类奢侈品名表名包首饰(全城上门),生活服务;生活服务场所;生活服务场所,108.82096072151069,34.294718674152065,未央区,108.825627,34.293212
B0G1TMTJ93,芊羽沐足SPA生活馆,生活服务;洗浴推拿场所;洗浴推拿场所,108.82066900287808,34.272834395371746,未央区,108.825334,34.271319
B0J266QDJW,豫峰废品回收,生活服务;生活服务场所;生活服务场所,108.78837873842818,34.29327484232679,长安区,108.793092,34.291821
B0IKP51AKD,中国联通营业厅(和平春天),生活服务;电讯营业厅;中国联通营业厅,108.81891236815754,34.2564527288803,未央区,108.823579,34.254934
B0KDYCZEBM,西藏强生物流西安装卸点,生活服务;物流速递;物流速递,108.7981270705985,34.248511063270854,长安区,108.802825,34.247025
B0L3T78OG5,陕西提升物资废品回收铜铁铝,生活服务;生活服务场所;生活服务场所,108.81061758783153,34.28343071210018,未央区,108.8153,34.281938
B0MB5CKP2M,妙修通讯手机快修手机回收,生活服务;生活服务场所;生活服务场所,108.81050893779413,34.30159665214702,未央区,108.815193,34.300112
B0KAX5FG0Y,安运通轿运,生活服务;物流速递;物流速递,108.79846652452751,34.24850858894307,长安区,108.803164,34.247022
B0M65UJXLQ,董记礼品回收奢侈品,生活服务;生活服务场所;生活服务场所,108.82135865926695,34.254481042393294,未央区,108.826021,34.252957
B0JDLKJ93D,逸正堂推拿养生馆(西安西咸吾悦广场店),生活服务;洗浴推拿场所;洗浴推拿场所,108.81879022076863,34.255739783497376,未央区,108.823457,34.254221
B0LUP5PEDR,高价回收黄金名酒奢侈品,生活服务;生活服务场所;生活服务场所,108.8210207475792,34.25866176758121,未央区,108.825684,34.25714
B0H6ZZPI3K,恒敏图文广告快印(中海·昆明路九号店),生活服务;生活服务场所;生活服务场所,108.81633096683079,34.25758553866175,未央区,108.821002,34.256072
B0H17O8LFQ,菜鸟驿站(西安王寺纪杨寨村店),生活服务;物流速递;物流速递,108.79166778129635,34.263745594967396,长安区,108.796375,34.262275
B0LDV97JNI,捷通物流(镐京一路店),生活服务;物流速递;物流速递,108.78140891473481,34.24788901970208,长安区,108.786125,34.246425
B0KKZ7FZY6,安顺通物流有限公司,生活服务;物流速递;物流速递,108.79910822190418,34.25057478966146,长安区,108.803805,34.249088
B0FFJ2ZJVM,国家电网(王寺供电所营业厅),生活服务;生活服务场所;生活服务场所,108.7960843251658,34.26173777368923,长安区,108.800786,34.26026
B0IRBMXSC1,天佑物流,生活服务;物流速递;物流速递,108.81400459610873,34.28890442205051,未央区,108.818682,34.287408
B0H3U58JG5,晟宇鑫废旧物资回收服务,生活服务;生活服务场所;生活服务场所,108.79125957114805,34.26057329762242,长安区,108.795967,34.259102
B0L1V7BU3L,新安图文快印广告(环普创新城店),生活服务;摄影冲印店;摄影冲印,108.81607104937088,34.25126153900726,未央区,108.820742,34.249746
B0FFKFV9VM,保利和光尘樾售楼处,生活服务;生活服务场所;生活服务场所,108.79382061873916,34.28478995774746,长安区,108.798527,34.283325
B0JBP9A8Z5,秦华燃气燃气费代收点,生活服务;生活服务场所;生活服务场所,108.81040176446932,34.30164044406122,未央区,108.815086,34.300156
B0GR1DWOXO,启航快印广告,公司企业;公司;广告装饰|生活服务;生活服务场所;生活服务场所,108.80807097760038,34.30336161569986,未央区,108.812759,34.301882
B0FFFA9KA3,仙足堂(沣东大道),生活服务;洗浴推拿场所;洗浴推拿场所,108.82015311418783,34.26070234500762,未央区,108.824818,34.259183
B0FFKLVL13,高价回收铜铝铁(大车上门),生活服务;生活服务场所;生活服务场所,108.8123874633363,34.307464360643685,未央区,108.817069,34.305979
B0LBRDDTDF,菜鸟驿站(保利和光尘樾三期店),生活服务;物流速递;物流速递,108.79507016179426,34.2847917784053,长安区,108.799775,34.283325
B0L3H9B3R5,顺丰速运(天台三路店),生活服务;物流速递;物流速递,108.81376055448216,34.27221098829802,未央区,108.818437,34.270708
B0I0UZ5VCM,翼通达利废品回收,生活服务;生活服务场所;生活服务场所,108.81657052975466,34.292500533137435,未央区,108.821244,34.291001
B0KDX90PEW,快速上门维修电动车,生活服务;维修站点;维修站点,108.79270424318054,34.285209184588986,长安区,108.797412,34.283746
B0GRBHEWTP,陕西展世嘉汽车运输服务有限公司,生活服务;物流速递;物流速递,108.82158913109384,34.26582496344788,未央区,108.826252,34.264305
B0LGGZ014Y,顺心捷达(西部大道),生活服务;物流速递;物流速递,108.81489673578722,34.2682366639558,未央区,108.819571,34.26673
B0J136IC75,菜鸟驿站(保利和光尘樾二期西门店),生活服务;物流速递;物流速递,108.79796988441343,34.28505403416493,长安区,108.802671,34.283583
B0LKPMYWUZ,悦澜山沐足足浴馆,生活服务;洗浴推拿场所;洗浴推拿场所,108.80947752523586,34.28668033146873,未央区,108.814162,34.285191
B0FFL25Y99,韵达快递(西园塘村店),生活服务;物流速递;物流速递,108.81376659955909,34.25946214373489,未央区,108.818442,34.257954
B0FFGFQDKD,快捷快递(西安王寺分部),生活服务;物流速递;物流速递,108.80133749289928,34.26056540403522,长安区,108.806032,34.259079
B0JRTD1Z2A,水悦坊足浴(和平春天店),生活服务;洗浴推拿场所;洗浴推拿场所,108.8175561018402,34.256388255082065,未央区,108.822225,34.254872
B0FFMEKNZH,新靓点烫染(吾悦广场店),生活服务;美容美发店;美容美发店,108.8191858695488,34.25594043595316,未央区,108.823852,34.254421
B0LGGZQY1K,壹米滴答(天台三路营业部),生活服务;物流速递;物流速递,108.81487470821804,34.26813066706547,未央区,108.819549,34.266624
B0LRKZHK6W,方华全国汽车托运,生活服务;物流速递;物流速递,108.81559684716521,34.28105963794508,未央区,108.820271,34.279557
B0K1AUNNRQ,尚艺快印广告,生活服务;生活服务场所;生活服务场所,108.82099670919982,34.25863273433538,未央区,108.82566,34.257111
B0GR3RJPRB,印象广告,生活服务;生活服务场所;生活服务场所,108.82105201818226,34.268313955241645,未央区,108.825716,34.266796
B0M6S73XO0,菜鸟驿站,生活服务;物流速递;物流速递,108.81575238477146,34.265284413051255,未央区,108.820425,34.263775
B0K05GVL1A,今晨零点代驾,汽车服务;汽车服务相关;汽车服务相关|生活服务;生活服务场所;生活服务场所,108.79051286550308,34.307875222989,未央区,108.795225,34.306425
B0HDYZRVKB,废品站,生活服务;生活服务场所;生活服务场所,108.82121077616448,34.2499425325191,雁塔区,108.825873,34.248417
B0LUVAD5A3,小杨二手车务,生活服务;生活服务场所;生活服务场所,108.81447108796694,34.279931069094644,未央区,108.819147,34.27843
B0LGFHR4AZ,黄金回收-久久金管家(西咸新区吾悦广场店),生活服务;生活服务场所;生活服务场所,108.81859695229382,34.25504969745377,未央区,108.823264,34.253531
B0LAUB3N6P,八马茶业(和平春天店),生活服务;生活服务场所;生活服务场所,108.81715443082902,34.256404511341536,未央区,108.821824,34.254889
B0L10ACMML,好想来品牌零食(西安未央区沣东吾悦广场网红盒子店),生活服务;生活服务场所;生活服务场所,108.82032788768102,34.25480299895051,未央区,108.824992,34.253281
B0LDT75438,陕西华浩德兼人力资源有限公司,生活服务;人才市场;人才市场,108.80915975196528,34.302355951536725,未央区,108.813846,34.300874
B0K3SAM4OE,旧衣服回收中心(暂停营业),生活服务;生活服务场所;生活服务场所,108.8123091915631,34.272359325724565,未央区,108.816988,34.270859
B0JU6U0LNU,京东图文自贸新天地工厂店(沣东大道店),生活服务;摄影冲印店;摄影冲印,108.80915117468369,34.260109704088556,未央区,108.813834,34.25861
B0L3ZH13MC,兰湘子人才发展中心,生活服务;人才市场;人才市场,108.78937824154565,34.28795444959322,长安区,108.79409,34.286497
B0L2CMGTNM,菜鸟驿站(西咸吾悦广场店),生活服务;物流速递;物流速递,108.81605375081826,34.25458921044958,未央区,108.820725,34.253075
B0FFMH66YX,沐和汗蒸工坊,生活服务;生活服务场所;生活服务场所,108.8109526033731,34.30207622193463,未央区,108.815636,34.300591
B0L0LCARJD,顺丰速运(后卫馨佳苑店),生活服务;物流速递;物流速递,108.81965616587652,34.29902736400679,未央区,108.824325,34.297525
B0FFIJWOCN,安能快递,公司企业;公司;公司|生活服务;物流速递;物流速递,108.81346470940174,34.28899341178776,未央区,108.818143,34.287498
B001D0VYA7,中国体育彩票(和平春天店),生活服务;彩票彩券销售点;彩票彩券销售点,108.82008534580609,34.2564329087901,未央区,108.82475,34.254912
B0HGD57SO1,MS YOUNG·蜜丝漾皮肤管理中心(西安西咸吾悦广场店),生活服务;美容美发店;美容美发店,108.81832241395259,34.25601181344327,未央区,108.82299,34.254494
B0FFI2LMYP,黄金回收,购物服务;特殊买卖场所;典当行|生活服务;生活服务场所;生活服务场所,108.82113207445526,34.26929370576558,未央区,108.825796,34.267776
B0M6D77EH7,电焊二保焊铝焊,生活服务;生活服务场所;生活服务场所,108.81922876837767,34.30736585868441,未央区,108.823899,34.305868
B0L2RSMRQA,尚泽广告,生活服务;生活服务场所;生活服务场所,108.79533142843293,34.261013942290305,长安区,108.800034,34.259537
B0JRSLHYAG,匠屹手作-黄金加工零损耗,生活服务;生活服务场所;生活服务场所,108.81781560941047,34.25547409136738,未央区,108.822484,34.253957
B0L627OWAM,西安方圆二手工程车,生活服务;生活服务场所;生活服务场所,108.80243962725878,34.27816601913267,未央区,108.807134,34.276685
B0KU2P18NA,卿雅堂恒大店,生活服务;生活服务场所;生活服务场所,108.79150000613312,34.307630687218634,未央区,108.796211,34.306179
B0H2AS5MOT,禾里设计(吾悦广场店),生活服务;生活服务场所;生活服务场所,108.8198971400982,34.25505110234142,未央区,108.824562,34.25353
B0FFHWOWQR,好了笑大药房(天台五路店),生活服务;洗浴推拿场所;洗浴推拿场所,108.81965405532038,34.27570432710172,未央区,108.824321,34.274192
B0HGOAVRCM,君安盲人推拿(紫境城店),生活服务;洗浴推拿场所;洗浴推拿场所,108.81956658637505,34.30430285767695,未央区,108.824236,34.302803
B0GDRAD3G1,百吨电子磅(内部专用),生活服务;生活服务场所;生活服务场所,108.78314195293358,34.26539607718498,长安区,108.787858,34.263937
B0I235VPF3,小余再生资源回收服务点,生活服务;生活服务场所;生活服务场所,108.79370598461384,34.27859639946271,长安区,108.798412,34.277129
B0IAT11WWM,大型弹棉花卖被子(沣东大道店),生活服务;生活服务场所;生活服务场所,108.80356664177279,34.26115980122764,长安区,108.808258,34.25967
B0LGJRS6TR,蚂蚁搬家旧物回收总店(阿房宫考古遗址公园店),生活服务;生活服务场所;生活服务场所,108.80809039939612,34.2616722419991,未央区,108.812775,34.260175
B0MDDXQAS0,博盛物流,生活服务;物流速递;物流速递,108.79952882012965,34.25026256984935,长安区,108.804225,34.248775
B0KK45XCAW,盛昌德脚 手架升降机围挡租售,生活服务;生活服务场所;生活服务场所,108.81775466517648,34.27818279039027,未央区,108.822425,34.276675
B0MB3MF36Z,回收黄金,生活服务;生活服务场所;生活服务场所,108.81051695244736,34.301572676895375,未央区,108.815201,34.300088
B0L2YCWDYE,贝壳-百年行(尔雅公馆北门店),生活服务;生活服务场所;生活服务场所,108.77818105086452,34.2653017827781,长安区,108.782901,34.263848
B0IAJZVK18,鑫芯科技手机维修中心(吾悦广场店),生活服务;维修站点;维修站点,108.8179377900752,34.25576520188279,未央区,108.822606,34.254248
B0LGGX1CH9,陕西昕诚物流有限公司,生活服务;物流速递;物流速递,108.79862774890752,34.24841187627306,长安区,108.803325,34.246925
B0I32DJP4B,洗脸猫·洗脸吧(西安吾悦广场店),生活服务;美容美发店;美容美发店,108.8176563662538,34.25519190924746,未央区,108.822325,34.253675
B0LAN6LI9V,中国福利彩票(保利和光尘樾店),生活服务;彩票彩券销售点;彩票彩券销售点,108.79704358184944,34.286066187998486,长安区,108.801746,34.284597
B0MG9SOQTX,鑫隆黄金回收,生活服务;生活服务场所;生活服务场所,108.81179089302621,34.302685436898095,未央区,108.816473,34.301199
B0KRM1RURF,陕西明成远扬物流有限公司,生活服务;物流速递;物流速递,108.81198742730967,34.287699323392694,未央区,108.816668,34.286206
B0MAYU2992,蜂通物流有限公司,生活服务;物流速递;物流速递,108.79917739415707,34.24961227011873,长安区,108.803874,34.248125
B0KDLZ8AZQ,合肥卓宇物流有限公司,生活服务;物流速递;物流速递,108.79821218481545,34.24850219801771,长安区,108.80291,34.247016
B0L0LCACPC,顺丰速运(恒大都市广场店),生活服务;物流速递;物流速递,108.79152806552352,34.30729887550232,未央区,108.796239,34.305847
B0L2X5XL3L,沣东吾悦广场暖心驿站,生活服务;生活服务场所;生活服务场所,108.81806702758294,34.255502542925505,未央区,108.822735,34.253985
B0G27UETDW,金海湾足道.养生SPA(启航佳苑西区店),生活服务;洗浴推拿场所;洗浴推拿场所,108.81078735004101,34.30195998173614,未央区,108.815471,34.300475
B0FFKF4CZL,江淮新能源轻卡(陕西莫尔讯智慧体验店),汽车销售;汽车销售;汽车销售|生活服务;生活服务场所;生活服务场所,108.82053367936301,34.27399966400603,未央区,108.825199,34.272485
B0FFIKASA0,陇海沣东液化气站,生活服务;生活服务场所;生活服务场所,108.82232632682039,34.278866983696794,未央区,108.826989,34.277351
B0FFM4CIB6,朗诗德西安售后服务中心,生活服务;维修站点;维修站点|购物服务;家电电子卖场;家电电子卖场,108.79857153546,34.26238730553449,长安区,108.80327,34.260906
B0HGKDICIM,基业物流,生活服务;物流速递;物流速递,108.8210358657762,34.30682845403908,未央区,108.825703,34.305327
B0L2YSULQL,曲臂车·直臂车·升降车·恒泰高空车租赁,生活服务;生活服务场所;生活服务场所,108.81861731820916,34.27561744586305,未央区,108.823286,34.274107
B0I2PM8JK7,凡蒂设计(华润二十四城店),生活服务;美容美发店;美容美发店,108.818870364343,34.29260471621786,未央区,108.82354,34.291101
B0KAD5SNR4,豫封电动车维修,生活服务;维修站点;维修站点,108.79400567328163,34.27462947938664,长安区,108.798711,34.27316
B0I1Y7AI6P,和平春天公寓楼售楼处,生活服务;生活服务场所;生活服务场所,108.82008518307755,34.25843711777387,未央区,108.82475,34.256917
B001D0VSUI,西部欣桥农产品物流中心,生活服务;物流速递;物流仓储场地|购物服务;购物相关场所;购物相关场所,108.83970207341874,34.25015998207317,雁塔区,108.844333,34.2486
B0FFIS53QT,华润万家大卖场西北(西咸万象城店),生活服务;生活服务场所;生活服务场所|购物服务;购物相关场所;购物相关场所,108.8248605827742,34.292048125155056,未央区,108.82952,34.290533
B0FFJQ1D0T,华为授权服务中心(西咸世纪大道),生活服务;维修站点;维修站点,108.83216325759516,34.28972784813638,未央区,108.83681,34.288198
B0FFLBXDB2,西安圣保利名车,汽车服务;二手车交易;二手车交易|生活服务;生活服务场所;生活服务场所|汽车销售;汽车销售;汽车销售,108.8401654973914,34.25429721861632,雁塔区,108.844796,34.252738
B0JGC7QSU4,中国移动营业厅(万象厅),生活服务;电讯营业厅;中国移动营业厅,108.82372053698674,34.29325046653626,未央区,108.828382,34.291738
B0FFKQ60XM,咪咪专业脱毛连锁机构(万象城店),生活服务;美容美发店;美容美发店,108.82396300484162,34.29258720842846,未央区,108.828624,34.291074
B0J25YRG0L,瑞鑫口腔(沣东三桥分院),生活服务;生活服务场所;生活服务场所,108.8345583593715,34.28919155714517,未央区,108.839201,34.287657
B0K065AB94,云府汤泉,生活服务;洗浴推拿场所;洗浴推拿场所,108.8358574417599,34.26571874646715,未央区,108.840496,34.264172
B0FFKHUA2T,际泰物流总部,生活服务;物流速递;物流速递,108.82355224650672,34.30561569738393,未央区,108.828215,34.304109
B0FFL8H9NF,西安领军全日制补习学校招生办,生活服务;生活服务场所;生活服务场所,108.82357055675897,34.265175927857605,未央区,108.82823,34.263652
B0J03HZSAX,联想官方直营服务中心(西安西咸万象城店),生活服务;维修站点;维修站点,108.82456305336284,34.292302456838634,未央区,108.829223,34.290788
B0FFL7VHJI,中国移动(三桥营业厅),生活服务;电讯营业厅;中国移动营业厅,108.82565008276995,34.29020940106372,未央区,108.830308,34.288692
B0JUGN0BGT,慕凡·足道·SPA(三桥店),生活服务;洗浴推拿场所;洗浴推拿场所,108.82645443347651,34.29053677157452,未央区,108.831111,34.289018
B0FFLC88B5,OPPO官方授权体验店(西安未央区华润万象城店),购物服务;家电电子卖场;手机销售|生活服务;维修站点;维修站点,108.82482247716382,34.29254683775638,未央区,108.829482,34.291032
B0FFMGPV5C,成长汽配欢乐港运营中心,公司企业;公司;公司|生活服务;生活服务场所;生活服务场所,108.84504825194533,34.29212542088256,未央区,108.849674,34.290573
B001D14X96,中国电信,生活服务;电讯营业厅;中国电信营业厅,108.82835271908623,34.29011152454491,未央区,108.833006,34.288589
B0FFIJMK7R,永顺鞋店,购物服务;服装鞋帽皮具店;服装鞋帽皮具店|生活服务;生活服务场所;生活服务场所,108.82703377067823,34.28627968489789,未央区,108.831689,34.284758
B0K3HR4IUB,中国电信(三桥万象城营业厅),生活服务;电讯营业厅;中国电信营业厅,108.82378465041842,34.29320160784665,未央区,108.828446,34.291689
B0FFFGUF21,大秦温泉酒店天台路店-御汤宫,科教文化服务;会展中心;会展中心|体育休闲服务;休闲场所;休闲场所|生活服务;洗浴推拿场所;洗浴推拿场所,108.82575220125808,34.266218600124226,未央区,108.830408,34.264691
B0IAHD4DLJ,陕西盘龙医药物流有限公司,生活服务;物流速递;物流速递|公司企业;公司;公司,108.83339247349609,34.27577204104763,未央区,108.838036,34.274234
B0FFH5Q9EI,莱鸟驿站(西安高尧村店),生活服务;物流速递;物流速递,108.82809929034232,34.27770030320737,未央区,108.832752,34.276173
B0K2NH0BB3,转转二手回收(西咸万象城店),生活服务;生活服务场所;生活服务场所,108.8262610315704,34.291409031764545,未央区,108.830918,34.289891
B0HR37D258,暖阳二手厨房设备回收,生活服务;生活服务场所;生活服务场所,108.84144710154521,34.272609204549624,未央区,108.846077,34.271055
B0FFKMQTJL,菜鸟驿站(西安阿房宫村55号店),生活服务;物流速递;物流速递,108.82359105896371,34.27175129417329,未央区,108.828251,34.27023
B001D0ZODB,西安三桥物资储运有限公司,公司企业;公司;公司|生活服务;物流速递;物流速递,108.83655530214418,34.29427207327992,未央区,108.841195,34.292736
B0LUF73VN8,汉长安城未央宫国家考古遗址公园章城门游客中心,生活服务;信息咨询中心;服务中心,108.84442550616215,34.301663138091435,未央区,108.849053,34.300116
B0FFINM18O,菜鸟驿站(凤凰城店),生活服务;物流速递;物流速递,108.82423870837762,34.289719962715694,未央区,108.828899,34.288205
B0L217TPHC,陕西长杰运输有限公司,生活服务;物流速递;物流速递,108.84181311661504,34.30450419145112,未央区,108.846445,34.302963
B0LKZCEXPF,维多利亚高端月子中心,生活服务;生活服务场所;生活服务场所,108.82322474727465,34.29255583940735,未央区,108.827887,34.291044
B0FFIPKRQR,菜鸟驿站(西安三桥新村一期店),生活服务;物流速递;物流速递,108.8299959828361,34.28452400179709,未央区,108.834646,34.282996
B0HG0ZXYHK,德邦快递(西安未央区天台路经营分部),生活服务;物流速递;物流速递,108.82275596390929,34.2800312993448,未央区,108.827418,34.278515
B0JAHZ3MEY,好运通财税·注册公司·代理记账·营业执照代办,生活服务;生活服务场所;生活服务场所|金融保险服务;金融保险服务机构;金融保险机构,108.82786989171264,34.290118613356164,未央区,108.832524,34.288597
B0FFIJU9HV,菜鸟驿站(保利·金香槟店),生活服务;物流速递;物流速递,108.83277633867459,34.28924420452881,未央区,108.837422,34.287713
B0G22O0N6V,中国邮政(建章路中段邮政所),公司企业;公司;公司|生活服务;邮局;邮局,108.83563003726904,34.29074688308498,未央区,108.840271,34.289211
B0LRGCTAZE,胖尤尤二手办公家具综合市场,生活服务;生活服务场所;生活服务场所,108.82619650488074,34.2595101206354,未央区,108.830851,34.257979
B0JBTO9HI5,易诚法律事务所(三桥店),生活服务;生活服务场所;生活服务场所,108.82600160836812,34.29114965620844,未央区,108.830659,34.289632
B0LGG91YCK,中国联通(沣东三桥营业厅),生活服务;电讯营业厅;中国联通营业厅,108.82761004084361,34.29512695467698,未央区,108.832265,34.293608
B0JRAAJ883,极有方财税·代理记账·公司注册·税务师事务所(西安),生活服务;生活服务场所;生活服务场所,108.82613382372111,34.291285845881106,未央区,108.830791,34.289768
B0KRACDD33,顺丰速运(阿房二路店),生活服务;物流速递;物流速递,108.8497118461858,34.285804221968704,莲湖区,108.85433,34.284241
B0M6J7FVYE,陕西诺克律师事务所,生活服务;生活服务场所;生活服务场所,108.82606771807124,34.2911927618343,未央区,108.830725,34.289675
B0GDLSH9FI,菜鸟驿站(铭城国际社区店),生活服务;物流速递;物流速递,108.85081144854871,34.248605150621934,雁塔区,108.855425,34.247025
B0FFH5QF8J,菜鸟驿站(西安爱西华庭北门1店),生活服务;物流速递;物流速递,108.8685987659021,34.250543802686316,雁塔区,108.873191,34.248938
B0K1SU9XRK,江贰辣二货串串香集团(三桥店),生活服务;生活服务场所;生活服务场所,108.82752727735041,34.29045882246658,未央区,108.832182,34.288938
B0G1SS8BMP,废旧物资回收,生活服务;生活服务场所;生活服务场所,108.86758274073574,34.2763181771699,莲湖区,108.872178,34.274724
B0FFIVCK92,菜鸟驿站(府东寨店),生活服务;生活服务场所;生活服务场所,108.8265691986936,34.271173120899526,未央区,108.831224,34.269646
B0FFGFPW40,中国联通,生活服务;电讯营业厅;中国联通营业厅,108.83745147644845,34.298226001464485,未央区,108.84209,34.29669
B0FFGCBGNR,菜鸟驿站(西安三桥安置新村7排2栋2号店),生活服务;物流速递;物流速递,108.82575238848946,34.28859828540123,未央区,108.83041,34.28708
B0KUCSZ1P3,陕西沃智律师事务所,生活服务;事务所;律师事务所,108.82600160836812,34.29114965620844,未央区,108.830659,34.289632
B0H0BC1747,岚雅足道,生活服务;洗浴推拿场所;洗浴推拿场所,108.8627495189828,34.25365977030186,雁塔区,108.867348,34.252063
B0LRSH4GFV,拼多多驿站(万象城店),生活服务;生活服务场所;生活服务场所,108.82283811063517,34.29227823633688,未央区,108.827501,34.290767
B0JUCX94F7,菜鸟驿站(宏府鹍翔荟店),生活服务;物流速递;物流速递,108.86640519792893,34.25625075521384,莲湖区,108.871,34.25465
B0FFK4SS60,菜鸟驿站(西安西雁小区南门店),生活服务;物流速递;物流速递,108.83955775948641,34.3006568011056,未央区,108.844193,34.299118
B0JANUIUCQ,筋骨堂热敷推拿按摩(西咸万象城店),生活服务;生活服务场所;生活服务场所,108.8248155266301,34.2917901521643,未央区,108.829475,34.290275
B0FFIKEEDG,菜鸟驿站(华洲城领誉店),生活服务;物流速递;物流速递,108.84227104362965,34.252582705594264,雁塔区,108.846898,34.251019
B0KDM5BL5T,澜庭阁沐浴养生会馆,生活服务;洗浴推拿场所;洗浴推拿场所,108.83696496563589,34.30688825022325,未央区,108.841605,34.305357
B0FFHN4S09,菜鸟驿站(时代华城嘉汇华庭店),生活服务;物流速递;物流速递,108.82701770112531,34.28679843349856,未央区,108.831673,34.285277
B0FFKTJGEO,御时手表维修(万象城金街2楼店),生活服务;生活服务场所;生活服务场所,108.82457208777383,34.292068575001764,未央区,108.829232,34.290554
B0J055XVUQ,菜鸟驿站(公园盛景店),生活服务;物流速递;物流速递,108.84266594865409,34.26160386022261,未央区,108.847293,34.260043
B0G19HAMA3,菜鸟驿站(汉城壹号店),生活服务;物流速递;物流速递,108.86597854958666,34.27141910142638,莲湖区,108.870575,34.269825
B0LKVU4YUI,易完美许可办理财务公司,生活服务;生活服务场所;生活服务场所,108.8259765587569,34.291232573348175,未央区,108.830634,34.289715
B0G14BB53I,菜鸟驿站(西安三五零七社区1店),生活服务;物流速递;物流速递,108.85962306137735,34.25105423010419,雁塔区,108.864225,34.249461
B0HKGSCIF5,博晟快印图文广告招牌(全市接单)(西安),生活服务;摄影冲印店;摄影冲印,108.86517174241582,34.271123140982,莲湖区,108.869769,34.26953
B0KKAAH8CS,顺丰速运(沣景国际店),生活服务;生活服务场所;生活服务场所,108.8288637849398,34.28775349752904,未央区,108.833516,34.286229
B0L1VDBGQC,永辉线上超市(昆明路店),生活服务;生活服务场所;生活服务场所,108.84139645350555,34.254836245104215,雁塔区,108.846025,34.253275
B0LKA59PZJ,顺丰速运(华宇东原阅境店),生活服务;生活服务场所;生活服务场所,108.84535404097899,34.28825562696294,未央区,108.849979,34.286701
B0I2TXT5BM,菜鸟驿站(西安车辆厂花园南村单身公寓店),生活服务;物流速递;物流速递,108.83372517569676,34.2987788330772,未央区,108.83837,34.29725
B001D08N7K,秦龙温泉(阿房四路),生活服务;洗浴推拿场所;洗浴推拿场所,108.83638681401317,34.284456977420774,未央区,108.841026,34.282917
B0LBYZ5JBR,顺丰速运(春晓华苑店),生活服务;生活服务场所;生活服务场所,108.86148321110277,34.26435371767983,莲湖区,108.866084,34.262763
B0LGS96QS3,三少推拿·热敷按摩(西咸万象城店),生活服务;洗浴推拿场所;洗浴推拿场所,108.82396401053143,34.29253823152957,未央区,108.828625,34.291025
B0JUVKTIKU,三桥分公司,生活服务;物流速递;物流速递,108.82460710786869,34.2802236859481,未央区,108.829266,34.278704
B0FFM9062G,菜鸟驿站(枣园西路店),生活服务;物流速递;物流速递,108.86486501244113,34.27620363133196,莲湖区,108.869463,34.274613
B0I2YUVN3L,国家电网(开远营业厅),生活服务;电力营业厅;电力营业厅,108.86955800524449,34.270831914649214,莲湖区,108.874151,34.269233
B0GUC57SH5,中通快递(金辉·悦府店),生活服务;生活服务场所;生活服务场所,108.86373170409571,34.25245262011748,雁塔区,108.868329,34.250854
B0GD29UHPT,菜鸟驿站(雅卓盛世店),生活服务;物流速递;物流速递,108.86619432526201,34.276930113388914,莲湖区,108.870791,34.275338
B0LKA59PZ6,顺丰速运(融创臻园店),生活服务;生活服务场所;生活服务场所,108.86246102453156,34.25576253677312,莲湖区,108.86706,34.254167
B0FFKDS0MM,菜鸟驿站(西安雁雀门村温泉小区南门店),生活服务;物流速递;物流速递,108.83873312241447,34.304125747662695,未央区,108.84337,34.30259
B0L6BCZDJT,六顺开锁配汽车钥匙装售指纹锁,生活服务;生活服务场所;生活服务场所,108.83186714835831,34.284851376328575,未央区,108.836514,34.28332
B0LBYZ5IWS,西安大成财务·公司注册·代理记账·资质办理,生活服务;生活服务场所;生活服务场所,108.82600160836812,34.29114965620844,未央区,108.830659,34.289632
B0LKZUF1YO,中国邮政(丈八北路北段邮政所),生活服务;邮局;邮局,108.86813242919834,34.24933068408835,雁塔区,108.872725,34.247725
B0FFJ0XIH8,菜鸟驿站(西安南何社区南门一号店),生活服务;物流速递;物流速递,108.84099821583169,34.27457857922624,未央区,108.845629,34.273026
B0JATMVYY0,境漫足咖影院咖啡足道(三桥黑金店),生活服务;洗浴推拿场所;洗浴推拿场所,108.82794399139364,34.29045460804455,未央区,108.832598,34.288933
B0M6L56306,京东物流(西安富鱼站),生活服务;物流速递;物流速递,108.86633076720534,34.24822877850098,雁塔区,108.870925,34.246625
B0L0G73UCJ,西安顺金行不锈钢无缝管,生活服务;生活服务场所;生活服务场所,108.83347616473137,34.26897598836791,未央区,108.838119,34.267435
B0GRHKMOAQ,云聚物流(汉城北路店),生活服务;物流速递;物流速递,108.86761717946806,34.283715121061405,莲湖区,108.872213,34.282124
B0JDJMEKXQ,陕西富达,公司企业;公司;公司|生活服务;物流速递;物流速递,108.82438409318989,34.27570115261393,未央区,108.829043,34.27418
B0IRJ7PFC2,菜鸟驿站(繁花郡小区店),生活服务;物流速递;物流速递,108.82975368763672,34.29540386521599,未央区,108.834405,34.293881
B0FFHIO9FE,警苑小区自行车租赁点,生活服务;生活服务场所;生活服务场所,108.8437395838642,34.2749033813307,未央区,108.848366,34.273346
B0FFIKEK15,菜鸟驿站(立丰·昆明时光三区店),生活服务;物流速递;物流速递,108.82718958573484,34.25480684194468,未央区,108.831842,34.253272
B0L0LXB8GR,顺丰速运(梧桐年华驿收店),生活服务;物流速递;物流速递,108.84622359077512,34.27333942031873,未央区,108.850846,34.271777
B0JK6S34YY,中国移动汉城南路营业厅,生活服务;生活服务场所;生活服务场所,108.86687807975812,34.263569467789225,莲湖区,108.871473,34.261971
B0FFMANBUJ,金水湾浴池,生活服务;洗浴推拿场所;洗浴推拿场所,108.83513231413265,34.30170516413046,未央区,108.839775,34.300175
B0FFL4C14Q,中国邮政(简家村邮政所),生活服务;邮局;邮局,108.84551347393011,34.261159106873976,未央区,108.850136,34.259593
B0FFJ0VMJN,中国联通(恒大城营业厅),生活服务;电讯营业厅;中国联通营业厅|购物服务;家电电子卖场;手机销售,108.8588284149454,34.246912631748515,雁塔区,108.863431,34.245319
B0I0BXH8YS,菜鸟驿站(锅炉总厂家属院店),生活服务;物流速递;物流速递,108.85034775462026,34.26127440463279,莲湖区,108.854963,34.2597
B0FFG3Z251,新天天洗浴池,生活服务;洗浴推拿场所;洗浴推拿场所,108.84991743093886,34.2698892027883,未央区,108.854534,34.268319
B0IU4OL2SA,菜鸟驿站(天玺国际店),生活服务;物流速递;物流速递,108.82823520757657,34.2939416466562,未央区,108.832889,34.292421
B0HGN1R0KJ,菜鸟驿站(海棠湾店),生活服务;物流速递;物流速递,108.83503400405957,34.27876485933329,未央区,108.839675,34.277225
B0IRYCCLAR,中国联通(昆明路营业厅),生活服务;电讯营业厅;中国联通营业厅,108.86252320121595,34.254439144205726,莲湖区,108.867122,34.252843
B0LA19CVAQ,滨汾热店弹珠堂(西咸万象城店),生活服务;生活服务场所;生活服务场所,108.8255166978479,34.29214131667476,未央区,108.830175,34.290625
B0FFL9LPDL,容成足浴(新西钢小区店),生活服务;洗浴推拿场所;洗浴推拿场所,108.86495734834055,34.260784024546,莲湖区,108.869554,34.259187
B0FFHGUIBB,康诚推拿(大庆西路店),生活服务;洗浴推拿场所;洗浴推拿场所,108.85648244395527,34.271475277650644,莲湖区,108.86109,34.269895
B0H0VSZRQH,南飞鸿·玖玺大观营销中心(华洲城熙悦都店),生活服务;生活服务场所;生活服务场所,108.84401626723655,34.247042974256544,雁塔区,108.84864,34.245474
B0FFKPEL9H,开锁换锁,生活服务;生活服务场所;生活服务场所,108.84504987867027,34.27199190823957,未央区,108.849674,34.270431
B0L6NMTBG2,地毯塑胶自流平,生活服务;生活服务场所;生活服务场所,108.84146760692423,34.25435956061723,雁塔区,108.846096,34.252798
B0FFHCJ2C7,菜鸟驿站(五一花园北门店),生活服务;物流速递;物流速递,108.83368645817474,34.306833176762964,未央区,108.838332,34.305308
B0MGFL4NWT,金银回收提纯,生活服务;生活服务场所;生活服务场所,108.83707557733732,34.30160581419469,未央区,108.841715,34.300072
B0KDAHI1YY,小米之家(西安莲湖区城西大旺城购物中心专卖店),生活服务;生活服务场所;生活服务场所,108.85188328330321,34.2697935390732,莲湖区,108.856497,34.26822
B001D0WS4F,城西小件快运,生活服务;物流速递;物流速递,108.86883600303706,34.27521721858997,莲湖区,108.87343,34.273621
B0L0SRKIN7,典唐盲人推拿(宏府鹍翔九天店),生活服务;洗浴推拿场所;洗浴推拿场所,108.86481737864993,34.258570712832956,莲湖区,108.869414,34.256973
B0I3NACPAF,陕西旭康阳人力资源有限公司,生活服务;人才市场;人才市场,108.82837941861077,34.29438472514898,未央区,108.833033,34.292864
B0G0S91V2H,菜鸟驿站(西安华洲城熙悦都北门一店),生活服务;物流速递;物流速递,108.84248461320948,34.249763184053506,雁塔区,108.847111,34.248198
B0MGKCKHQX,黄金回收(未央店),生活服务;生活服务场所;生活服务场所,108.84966871268524,34.27426298606406,未央区,108.854286,34.272695
B0K0PZW5U3,中国联通(馥桂园营业厅),生活服务;电讯营业厅;中国联通营业厅,108.85959502553999,34.27595519999269,莲湖区,108.864199,34.274372
B0HUUOWDDB,菜鸟驿站(阿房四路店),生活服务;物流速递;物流速递,108.83563456538742,34.284309643451586,未央区,108.840275,34.282771
B0L3B9FC50,初禾·采耳头疗SPA(三桥店),生活服务;生活服务场所;生活服务场所,108.82476545315801,34.29164012304779,未央区,108.829425,34.290125
B0L04CXY4L,黄金回收提纯,生活服务;生活服务场所;生活服务场所,108.83747993996532,34.305444849912796,未央区,108.842119,34.303912
B0J6D7CR0K,和平璟苑营销中心,生活服务;生活服务场所;生活服务场所,108.82477517134689,34.25829793134966,未央区,108.829432,34.256769
B0FFMET9QH,董林手机快修中心(阿房二路店),生活服务;维修站点;维修站点|汽车维修;汽车维修;汽车维修,108.84217908393349,34.275048521628314,未央区,108.846808,34.273494
B0I05H395T,旭日广告,生活服务;生活服务场所;生活服务场所,108.84448386605791,34.24874615093688,雁塔区,108.849107,34.247177
B0HUZOJ9S3,菜鸟驿站(德杰·状元府邸店),生活服务;物流速递;物流速递,108.85702195225011,34.26145916903086,莲湖区,108.861628,34.259874
B0I6BHKZCS,顺丰速运(万科金色悦城店),生活服务;物流速递;物流速递,108.85346593541009,34.28933696040555,莲湖区,108.858079,34.287769
B0IGSU4EYU,汉城路钜簏物流,生活服务;物流速递;物流速递,108.86757339007163,34.28057138995394,莲湖区,108.872169,34.278979
B0L6NMRNW5,顺丰速运(海伦春天东门店),生活服务;物流速递;物流速递,108.84508093052621,34.27194998033579,未央区,108.849705,34.270389
B0FFI7SXKD,北何村大众浴池,生活服务;洗浴推拿场所;洗浴推拿场所,108.83903354404148,34.28028661782267,未央区,108.843668,34.27874
B0MA6HLOMN,蒙臻黄金首饰回收(三桥店),生活服务;生活服务场所;生活服务场所,108.82332875066548,34.270033505645564,未央区,108.827989,34.268512
B0FFFAEGOY,如家超市(孙武路店),生活服务;美容美发店;美容美发店|购物服务;超级市场;超市,108.83447277788072,34.306951591460844,未央区,108.839117,34.305425
B0FFMCGKEA,菜鸟驿站(荷花名苑店),生活服务;物流速递;物流速递,108.83883943564878,34.27767035511448,未央区,108.843474,34.276123
B0FFJMATII,菜鸟驿站(西安恒大翡翠华庭店),生活服务;物流速递;物流速递,108.85426460462418,34.26985241323314,莲湖区,108.858875,34.268275
B0FFKECDQR,菜鸟驿站(三桥新街店),生活服务;物流速递;物流速递,108.82883140795086,34.29172372946886,未央区,108.833484,34.290201
B0MGA7FHBD,欣桥货来货往物流中心,生活服务;物流速递;物流仓储场地,108.83802301850609,34.25374250763112,未央区,108.842657,34.252187
B0KGV6AB5K,菜鸟驿站(海伦春天2期店),生活服务;物流速递;物流速递,108.84204714336728,34.271684668706975,未央区,108.846676,34.270129
B0KKOKFY4X,菜鸟驿站(百合花园店),生活服务;物流速递;物流速递,108.83408203351216,34.28327618865117,未央区,108.838725,34.28174
B0IDKNF7VO,每一天便利店(金辉优步花园店),生活服务;生活服务场所;生活服务场所,108.8657068850912,34.263789832894574,莲湖区,108.870303,34.262193
B0FFKBVWEK,菜鸟驿站(立丰·昆明时光店)(暂停营业),生活服务;物流速递;物流速递,108.82932636740173,34.25326446372035,未央区,108.833975,34.251725
B0LD2CPL5A,阿杜代驾驿站,生活服务;生活服务场所;生活服务场所,108.82753162578135,34.273902809243985,未央区,108.832185,34.272375
B0MUXU9KOG,新飞驰,生活服务;物流速递;物流速递,108.84440422438797,34.29235218130638,未央区,108.849031,34.290801
B0FFIXX71X,菜鸟驿站(巨威·大秦郡店),生活服务;物流速递;物流速递,108.84303891856086,34.26935740385269,未央区,108.847666,34.267799
B0K0357SSZ,悦和汇足道(际华广场店),生活服务;洗浴推拿场所;洗浴推拿场所,108.86409701692057,34.2534967194414,雁塔区,108.868694,34.251898
B0FFL2LJGU,绿叶爱生活工作室(西钞广场店),购物服务;个人用品/化妆品店;其它个人用品店|生活服务;生活服务场所;生活服务场所,108.86655062464176,34.26519938409447,莲湖区,108.871146,34.263602
B0FFLBZH8Q,石驿路消防救援站,政府机构及社会团体;公检法机构;消防机关|生活服务;生活服务场所;生活服务场所,108.83779096690347,34.2496156831141,雁塔区,108.842425,34.248059
B0FFJGVJU0,菜鸟驿站(西安宏府麒麟山10号楼1店),生活服务;物流速递;物流速递,108.85770178538112,34.24952690496866,雁塔区,108.862306,34.247936
B0LBFUVM3O,安能物流(后卫寨店),公司企业;公司;公司|生活服务;物流速递;物流速递,108.82587206839872,34.30740624519734,未央区,108.830531,34.305896
B0FFGCBG49,申通快递(西郊营业厅),生活服务;物流速递;物流速递,108.82591967582887,34.28858660471166,未央区,108.830577,34.287068
B0FFM9CXOO,菜鸟驿站(铁路东),生活服务;物流速递;物流速递,108.84899892985852,34.271668911616686,未央区,108.853617,34.270101
B0J0BOUWJW,京东快递(西安土门营业部),生活服务;物流速递;物流速递,108.85416508776567,34.26215536023477,莲湖区,108.858775,34.260575
B0J1S5ZDK9,颜生生精准美肤中心大寨店,生活服务;美容美发店;美容美发店,108.8640640239005,34.25296588095585,雁塔区,108.868661,34.251367
B0IR3XO1DT,菜鸟驿站(西安西化五锦居娟霞便利店),生活服务;物流速递;物流速递,108.86868159487337,34.253625707713134,雁塔区,108.873274,34.252021
B0FFJGVFEV,万纬西安沣东园区,生活服务;物流速递;物流仓储场地,108.8111919967116,34.32649645075379,未央区,108.815877,34.325022
B0FFK4QFRW,顺丰速运(西安沣东转运中心),生活服务;物流速递;物流速递,108.81277055770019,34.32619040511963,未央区,108.817453,34.324713
B0FFGFKVKU,祥云物流(石化大道),生活服务;物流速递;物流速递,108.82147857153441,34.31970039363906,未央区,108.826146,34.318204
B0FFJ185TQ,菜鸟(西安),生活服务;物流速递;物流仓储场地,108.81104037040656,34.31893972199307,未央区,108.815725,34.317462
B0FFJL4SB3,元齐物流,生活服务;物流速递;物流速递,108.81759357781415,34.312877344155,未央区,108.822267,34.311385
B0H1RC8Z4C,三河一山绿道-石牛驿,生活服务;生活服务场所;生活服务场所,108.81028161601492,34.36248903261726,未央区,108.814971,34.361034
B0FFK8SI4Y,百世快运,生活服务;物流速递;物流速递,108.81021437169014,34.327385305801315,未央区,108.814901,34.325913
B0HR06KLTH,一汽解放陕西中兴服务站,生活服务;生活服务场所;生活服务场所,108.81930870459182,34.30980790355804,未央区,108.823979,34.308311
B0FFIW9B4E,嘉里物流(石化大道西段),生活服务;物流速递;物流速递,108.79824712745318,34.32337234571624,未央区,108.802951,34.321918
B0GUACA1EK,上药控股(陕西)物流中心,生活服务;物流速递;物流速递,108.81079444427542,34.32550621581137,未央区,108.81548,34.324032
B0L29ZR9GL,万晖·樾山河营销中心,生活服务;生活服务场所;生活服务场所,108.78030173062515,34.32500491426512,秦都区,108.785025,34.323575
B0H3DDR0TW,顺丰速运(丰业大道店),生活服务;物流速递;物流速递,108.82059814054553,34.31893710944216,未央区,108.825267,34.317442
B0HUUOU8BK,菜鸟驿站(西安沙河滩村店),生活服务;物流速递;物流速递,108.80711308883963,34.34527525221961,未央区,108.811806,34.343817
B0L6GS1DX0,东谦物流,生活服务;物流速递;物流速递,108.81025850881214,34.32655877471307,未央区,108.814945,34.325086
B0LAF918V2,顺丰速运(奥林匹克花园店),生活服务;生活服务场所;生活服务场所,108.78510682438774,34.31336578217156,秦都区,108.789825,34.311925
B0HGUMD1NF,菜鸟驿站(白桦林印象店),生活服务;物流速递;物流速递,108.77648929997908,34.30965018177583,秦都区,108.781214,34.308217
B0J32HAM1I,顺丰速运(咸阳店),生活服务;物流速递;物流速递,108.77932370600213,34.365072033728566,渭城区,108.784051,34.363663
B0JG1MFG8I,西安金鹏物流,生活服务;物流速递;物流速递,108.82174191753361,34.308635954852114,未央区,108.826408,34.307134
B0MAULTZKJ,鑫苑知光集营销中心,生活服务;生活服务场所;生活服务场所,108.77667715684346,34.32507323407812,秦都区,108.781403,34.323647
B0M6PRNFF2,顺丰速运(西西里西门店),生活服务;物流速递;物流速递,108.78588911521331,34.3189811506281,秦都区,108.790607,34.317542
B0L3PAG1AE,开锁换锁智能锁刻章配钥匙,生活服务;生活服务场所;生活服务场所,108.77940390996416,34.31448386186762,秦都区,108.784127,34.31305
B0G3RUB2GA,上海鹰空物流有限公司(西安分公司),生活服务;物流速递;物流速递,108.81180094501643,34.32681438055521,未央区,108.816485,34.325339
B0LBRZJ3NX,陕西辉煌物流士多嘉园区,生活服务;物流速递;物流仓储场地,108.80753507377632,34.3165976927316,未央区,108.812225,34.315125
B0IA3R3FYJ,西安彩丰物流,生活服务;物流速递;物流速递,108.82014840022794,34.31868439132067,未央区,108.824818,34.31719
B0JR9XOVC3,菜鸟驿站(西安数字医药产业园店),生活服务;物流速递;物流速递,108.81712396074094,34.33542088351185,未央区,108.8218,34.33394
B0H3HAWR10,中国移动(上林路营业厅),生活服务;电讯营业厅;中国移动营业厅,108.78250083574683,34.33342132153649,秦都区,108.787223,34.331993
B0FFGH9UWP,海纳物流,生活服务;物流速递;物流速递,108.82214945358575,34.335188302458036,未央区,108.826817,34.333698
B0G0F7BT5J,西安宏福危险货物运输有限公司,生活服务;物流速递;物流速递,108.82006852019687,34.3278509434544,未央区,108.824739,34.326361
B0FFHORBO5,西安市西咸新区国通物流有限公司,生活服务;物流速递;物流速递,108.77747311971652,34.31968352104908,秦都区,108.782198,34.318254
B0KDA7LGC4,中国电信(阳光荟营业厅),生活服务;电讯营业厅;电讯营业厅,108.78230291005687,34.33045452054288,秦都区,108.787025,34.329025
B0G02M1HAW,吉勇物流,生活服务;物流速递;物流速递,108.8213451881006,34.333937406380585,未央区,108.826014,34.332448
B0FFIKECKN,菜鸟驿站(芊域阳光南区店),生活服务;物流速递;物流速递,108.8203042268041,34.3363612985926,未央区,108.824975,34.334875
B0L0GZ2IVH,中通快运草滩分公司,生活服务;物流速递;物流速递,108.82247320369224,34.33274108651363,未央区,108.82714,34.331249
B038E0OL23,咸阳融通汽车运输有限公司,生活服务;物流速递;物流速递,108.77708619511688,34.36444312899696,渭城区,108.781815,34.363036
B0KGB6NKQG,菜鸟驿站(沣太花园三期5-1-103),生活服务;物流速递;物流速递,108.78703440494589,34.32931572194302,秦都区,108.791752,34.32788
B0H6Z5SCM6,丽宝图文快印广告(秦创原科创大厦店),生活服务;生活服务场所;生活服务场所,108.77514340911007,34.33497909245603,秦都区,108.779871,34.333559
B0J2OXG0BM,菜鸟驿站(西安创智云谷店),生活服务;物流速递;物流速递,108.8008248651561,34.32078460766465,未央区,108.805525,34.319325
B0KRO7T16D,CCB建融家园普洛斯沣东产业园店,生活服务;生活服务场所;生活服务场所,108.81352193419264,34.32425466544792,未央区,108.818203,34.322775
B0HKROQ85M,菜鸟驿站(咸阳秦都西西安小镇北门1店),生活服务;物流速递;物流速递,108.78400476862593,34.326008591686545,秦都区,108.788725,34.324575
B0FFITJ0QC,菜鸟驿站(咸阳巴塞阳光店),生活服务;物流速递;物流速递,108.78279635565434,34.33017721213137,秦都区,108.787518,34.328747
B0I396YM6B,菜鸟驿站(丰弘路店),生活服务;物流速递;物流速递,108.78090286632737,34.31690933410578,秦都区,108.785625,34.315475
B0LRX737Y6,中国 电信西安恒大都市广场营业厅,生活服务;电讯营业厅;中国电信营业厅,108.7894536244957,34.308752402642384,未央区,108.794167,34.307304
B0GRCLE6CI,西安鸿顺物流有限公司,生活服务;物流速递;物流速递,108.81977636095367,34.311434031317845,未央区,108.824446,34.309937
B0G317YZGT,中梁鎏金云玺营销中心,生活服务;生活服务场所;生活服务场所,108.77805027386759,34.322603726372336,秦都区,108.782775,34.321175
B0IUFX141G,菜鸟驿站(阳光城壹号·上林悦店),生活服务;物流速递;物流速递,108.78855963363102,34.32136643061826,秦都区,108.793275,34.319925
B0L0LRA0IN,陕西中捷快运物流有限公司,生活服务;物流速递;物流速递,108.82055864877634,34.311858290144215,未央区,108.825227,34.31036
B0K1BHVQI4,月色·柔式养生沐足·SPA,生活服务;洗浴推拿场所;洗浴推拿场所,108.77764685276945,34.31215815440714,秦都区,108.782371,34.310725
B0M67ZXEV4,可拓物流,生活服务;物流速递;物流速递,108.81985482837992,34.31961841321631,未央区,108.824525,34.318125
B0L3R7OC4Z,创锦电脑维修 (咸阳二店),生活服务;维修站点;维修站点,108.78257670611575,34.33579826017793,秦都区,108.787299,34.334371
B0L24YO0OH,西安大成财务·公司注册·代理记账·资质办理,生活服务;生活服务场所;生活服务场所,108.78033235577317,34.329873639034716,秦都区,108.785056,34.328446
B0JGML7LU7,中国联通(阳光城官邸营业厅),生活服务;电讯营业厅;中国联通营业厅,108.78274604545965,34.33343459357179,秦都区,108.787468,34.332006
B0JRTR3AU2,郑远元专业修脚房(阳光城·西西里店),生活服务;洗浴推拿场所;洗浴推拿场所,108.78712819482544,34.320819843667415,秦都区,108.791845,34.31938
B0MAJS2BLV,中国移动(沣太花园二期社区店),生活服务;电讯营业厅;中国移动营业厅,108.7860283110641,34.33046791478649,秦都区,108.790747,34.329034
B0H0U1T5OX,菜鸟驿站(西安菜鸟店),生活服务;物流速递;物流速递,108.81360835201144,34.320849415177065,未央区,108.818289,34.319368
B0MU1U1UQ6,烟台顺安物流有限公司(西安分公司),生活服务;物流速递;物流速递,108.8192044199288,34.31115010139898,未央区,108.823875,34.309654
B0FFGF3RUZ,嘉顺达仓储(西安)有限公司,生活服务;物流速递;物流速递,108.79852152888697,34.32295896421126,未央区,108.803225,34.321504
B0FFHHOYGT,中国电信(白桦林营业厅),购物服务;家电电子卖场;手机销售|生活服务;电讯营业厅;中国电信营业厅,108.77713857721378,34.31138101458565,秦都区,108.781863,34.309948
B0FFH3IPNX,丽宝图文快印,生活服务;生活服务场所;生活服务场所,108.77529501221237,34.316486956758034,秦都区,108.780021,34.315058
B0JK5Z8IN7,韵达快运(天章大道店),生活服务;物流速递;物流速递,108.81554638595395,34.31031976465314,未央区,108.820223,34.30883
B0H1R59KV7,开锁换锁配钥匙指纹锁刻章(阳光城·巴塞阳光店),生活服务;生活服务场所;生活服务场所,108.78457295635556,34.330086329183914,秦都区,108.789293,34.328654
B0FFKKY25Y,七彩堂快印广告,公司企业;公司;广告装饰|生活服务;生活服务场所;生活服务场所,108.7823265945408,34.33455357913519,秦都区,108.787049,34.333126
B0FFM5ZZ8W,明亨物流(祥云物流店),生活服务;生活服务场所;生活服务场所,108.821060969918,34.318382227527465,未央区,108.825729,34.316886
B0LK5ZSXPQ,中国联通(白桦林营业厅),生活服务;电讯营业厅;中国联通营业厅,108.77713857721378,34.31138101458565,秦都区,108.781863,34.309948
B0HAUAPO1R,中通快递(石化大道祥云物流店),生活服务;物流速递;物流速递,108.8215586968112,34.31983348110338,未央区,108.826226,34.318337
B0FFKTKN7G,星源快运,生活服务;生活服务场所;生活服务场所,108.82092063332978,34.31959640305573,未央区,108.825589,34.318101
B0LA6HB9OF,喜沐足浴,生活服务;洗浴推拿场所;洗浴推拿场所,108.78385226448195,34.33048128810283,秦都区,108.788573,34.32905
B0LU5SJZG8,金地清岚颂营销中心,生活服务;生活服务场所;生活服务场所,108.78065688765422,34.338692732940295,秦都区,108.785381,34.337269
B0LDACFDLE,西咸新区惠民法律服务所,生活服务;事务所;律师事务所,108.78050458148424,34.3287583540962,秦都区,108.785228,34.32733
B0FFL94LYE,纯萃盲人推拿(白桦林印象店),生活服务;洗浴推拿场所;洗浴推拿场所,108.77713960087499,34.31110014329569,秦都区,108.781864,34.309667
B0H3J754T8,中国联通(奥园营业厅),生活服务;电讯营业厅;中国联通营业厅,108.78139532271832,34.316187203982494,秦都区,108.786117,34.314752
B0LDDHF172,废品站,生活服务;生活服务场所;生活服务场所,108.78537749715575,34.320510813235295,秦都区,108.790096,34.319073
B0I30ZHZV8,手表维修(泰盈·奥林匹克花园四期店),生活服务;维修站点;维修站点,108.78145937077461,34.31623925039658,秦都区,108.786181,34.314804
B0HGYCYJ7U,袁媛废品回收站,生活服务;生活服务场所;生活服务场所,108.78605802919269,34.30981855994135,未央区,108.790775,34.308375
B0L6HHG8FS,塑明星健康管理(白桦林印象店咸阳总部),生活服务;洗浴推拿场所;洗浴推拿场所,108.77696745298395,34.31153078211424,秦都区,108.781692,34.310098
B0MGJAC88X,头道汤(沣太花园店),生活服务;生活服务场所;生活服务场所,108.78566586526142,34.331615919644975,秦都区,108.790385,34.330183
B0JGH7SZU2,废品回收 铜铝铁不锈钢,生活服务;生活服务场所;生活服务场所,108.78627541709342,34.368765026851385,渭城区,108.790997,34.36735
B0ID6R7IPH,院内废旧金属回收,生活服务;生活服务场所;生活服务场所,108.7769890323676,34.36565240647772,渭城区,108.781718,34.364246
B0LBSDSXZ7,电子地磅,生活服务;生活服务场所;生活服务场所,108.81756246328196,34.313646935151105,未央区,108.822236,34.312155
B0H1R7CVRT,三河一山绿道-福银驿,生活服务;生活服务场所;生活服务场所,108.81492696318351,34.36439234637941,未央区,108.819609,34.36293
B0LDJUXOXR,陕西大力医药物流有限公司,生活服务;物流速递;物流速递,108.82005489414045,34.322967221422836,未央区,108.824725,34.321475
B0JUUSOIXZ,沣东新城先进制造产业园发展中心,生活服务;生活服务场所;生活服务场所,108.81512412890682,34.31721883915029,未央区,108.819802,34.315733
B0IUKZE51I,废品废旧金属回收,生活服务;生活服务场所;生活服务场所,108.7770729657319,34.3671337136752,渭城区,108.781802,34.365728
B0JR79HZFO,小杨手机维修,生活服务;维修站点;维修站点,108.77832605320897,34.315433327959134,秦都区,108.78305,34.314001
B0MUU1YF69,祥云物流商户服务中心,生活服务;物流速递;物流速递,108.82241120270699,34.3191443920329,未央区,108.827077,34.317646
B0KBRANBZC,德祐(阳光城官邸店),生活服务;中介机构;中介机构,108.78335457269995,34.33349626266598,秦都区,108.788076,34.332067
B0MGNAP2CB,手机电脑维修(奥林匹克花园店),生活服务;维修站点;维修站点,108.77732232911997,34.31589612613764,秦都区,108.782047,34.314465
B0FFMB8T19,链家(奥林匹克店),生活服务;中介机构;中介机构,108.77935389453889,34.31421893154683,秦都区,108.784077,34.312785
B0M6PUMQAG,HQ(西安西咸金湾中心)-IWG旗下品牌,生活服务;生活服务场所;生活服务场所,108.7806570626635,34.33655777147548,秦都区,108.785381,34.335133
B0FFLPM4W9,德佑地产(阳光城·巴塞阳光店),生活服务;中介机构;中介机构,108.78471307019865,34.33028740072222,秦都区,108.789433,34.328855
B0LK15DV76,唯依物流,生活服务;物流速递;物流速递,108.818867852387,34.31116647178358,未央区,108.823539,34.309671
B0L0RU5KI4,蜂仔翻新(奥园店),生活服务;生活服务场所;生活服务场所,108.77823402356762,34.315007431602226,秦都区,108.782958,34.313575
B0L0UYUTVJ,中天西北金地璟月澜庭项目部,生活服务;生活服务场所;生活服务场所,108.77947894527381,34.33916026010261,秦都区,108.784204,34.337738
B0LAJUOZBH,院内废品回收,生活服务;生活服务场所;生活服务场所,108.77795940573135,34.32022674586096,秦都区,108.782684,34.318797
B0HR3OJ5EA,辉煌物流(丰安路店),生活服务;物流速递;物流速递,108.81044678301954,34.32685096761857,未央区,108.815133,34.325378
B0FFHK1B0Z,国立图文·广告(奥园店),生活服务;生活服务场所;生活服务场所,108.7812053149739,34.31439581909076,秦都区,108.785927,34.31296
B0K02HTWK5,帮众租房(奥园店),生活服务;生活服务场所;生活服务场所,108.77765256472527,34.31572452687788,秦都区,108.782377,34.314293
B0KK4SYZ34,传福康中医正骨推拿,生活服务;洗浴推拿场所;洗浴推拿场所,108.7865365643653,34.32126988921236,秦都区,108.791254,34.319831
B0JBUCINHU,西安新杰物流服务有限公司,生活服务;物流速递;物流速递,108.8220747278811,34.330248536211826,未央区,108.826742,34.328756
B0H6DZ5ZAY,链家地产(阳光城·西西里店),生活服务;中介机构;中介机构,108.78588009811105,34.31908309222615,秦都区,108.790598,34.317644
B0KAJ6OL7M,菜鸟驿站(渭水园西区店),生活服务;物流速递;物流速递,108.78348456115194,34.335046665652015,秦都区,108.788206,34.333618
B0K61ASY2C,中国广电(上林悦营业厅),生活服务;生活服务场所;生活服务场所,108.78629031973311,34.32128157677598,秦都区,108.791008,34.319843
B0IU7UM4VL,西安鑫阳诚物流(湖南专线),生活服务;物流速递;物流速递,108.82012232008715,34.31912813708761,未央区,108.824792,34.317634
B0I1XMQ5PZ,德佑地产(白桦林印象店),生活服务;生活服务场所;生活服务场所,108.7757365870523,34.312675106872184,秦都区,108.780462,34.311244
B0KR46XNT1,菜鸟驿站(西安启航馨苑三期8号楼郑肖百货商店),生活服务;物流速递;物流速递,108.81619901853507,34.3158134437579,未央区,108.820875,34.314325
B0K2VCPGPM,盛泽物流,生活服务;物流速递;物流速递,108.82213817278497,34.33840671920198,未央区,108.826806,34.336918
B0KAF7HKKP,中国体育彩票(官邸店),生活服务;彩票彩券销售点;彩票彩券销售点,108.78390407196461,34.333404947122766,秦都区,108.788625,34.331975
B0JG2MBG4V,松子智能产品服务部,生活服务;生活服务场所;生活服务场所,108.78573791431465,34.33186688773288,秦都区,108.790457,34.330434
B0I0N1KZDE,西安绿城和庐售楼部,生活服务;生活服务场所;生活服务场所,108.78634606096972,34.32511684763999,秦都区,108.791064,34.32368
B0J19ZUCYD,芊芊玉足足浴(阳光城·西西里店),生活服务;洗浴推拿场所;洗浴推拿场所,108.78640870052126,34.31805522348531,秦都区,108.791126,34.316615
B0LDJ7R1Z3,汉赢物流,生活服务;物流速递;物流速递,108.82031529160778,34.31118614396252,未央区,108.824984,34.309688
B0LUS5ZER2,玺悦汽车美容工坊,生活服务;生活服务场所;生活服务场所,108.78121258384476,34.33561483034855,秦都区,108.785936,34.334189
B0KUCCYW4H,陕西秦创律师事务所,生活服务;事务所;律师事务所,108.78104836525777,34.3366671414914,秦都区,108.785772,34.335242
B0KDRHYWZO,修理电动车(道路救援),生活服务;维修站点;维修站点,108.78317752291277,34.319978454590334,秦都区,108.787898,34.318543
B0FFGVUI9Q,宇鑫物流(石化大道祥云物流店),生活服务;生活服务场所;生活服务场所,108.82178919400067,34.31853451383214,未央区,108.826456,34.317037
B0LKBSSOVF,翼展未来无人机维修,生活服务;维修站点;维修站点,108.80458698471722,34.3121947170131,未央区,108.809281,34.310725
B0HGFH4UH0,中国体育彩票(桃李路店),生活服务;彩票彩券销售点;彩票彩券销售点,108.77884043442728,34.315251930692824,秦都区,108.783564,34.313819
B0J0DPO1IM,西安怡康医药物流中心,生活服务;生活服务场所;生活服务场所,108.80198902063728,34.32676967109568,未央区,108.806688,34.325311
B0KKYLJJLC,链家地产(阳光城官邸店),生活服务;中介机构;中介机构,108.7839541254606,34.333305053976936,秦都区,108.788675,34.331875
B0IGXXVE35,菜鸟驿站(西咸青年创业园店),生活服务;物流速递;物流速递,108.78328799880752,34.33978613408779,秦都区,108.78801,34.33836
B0K3DKG919,菜鸟驿站(中南菩悦东望中心店),生活服务;物流速递;物流速递,108.7806766996692,34.32896843884597,秦都区,108.7854,34.32754
B0G0S920E3,大秦数码,生活服务;维修站点;维修站点,108.77925679815225,34.31451969339835,秦都区,108.78398,34.313086
B0MDLSI6WK,德佑-十里筑家店,生活服务;中介机构;中介机构,108.77804671684919,34.34158261960436,秦都区,108.782773,34.340163
B0K6BGCW0P,中国电信(丰裕路营业厅),生活服务;电讯营业厅;中国电信营业厅,108.77602543865233,34.328848835739045,秦都区,108.780752,34.327425
B0FFMF0XUG,菜鸟驿站(西安祥云市场A区13排11号店),生活服务;物流速递;物流速递,108.82162279977382,34.31990656661429,未央区,108.82629,34.31841
B0G0UZM8OG,中国体育彩票(渭水园店),生活服务;彩票彩券销售点;彩票彩券销售点,108.78514406316313,34.335321500725854,秦都区,108.789864,34.333891
B0K3TDYLFK,壹伽凡蒂(23店),生活服务;生活服务场所;生活服务场所,108.78487417944369,34.33079335232781,秦都区,108.789594,34.329361
B0K04HQ877,诺家房产(丰弘路店),生活服务;生活服务场所;生活服务场所,108.77817694208204,34.31551614091572,秦都区,108.782901,34.314084
B0FFLBUW1T,德佑地产(长乐地产奥园店),生活服务;中介机构;中介机构,108.77942495120487,34.31417102706655,秦都区,108.784148,34.312737
B0L0GC4EM5,中国体育彩票(秦创原店),生活服务;彩票彩券销售点;彩票彩券销售点,108.81513916104564,34.317127908427466,未央区,108.819817,34.315642
B0J396ZK4V,菜鸟驿站(启航馨苑柏梁社区店),生活服务;物流速递;物流速递,108.81459616874899,34.3183593547365,未央区,108.819275,34.316875
B0MAJM1P8I,中国福利彩票,生活服务;彩票彩券销售点;彩票彩券销售点,108.77878443333265,34.31477209407367,秦都区,108.783508,34.313339
B0K61ZR8T9,中国联通电信宽带服务,生活服务;生活服务场所;生活服务场所,108.78085481020005,34.32934345240273,秦都区,108.785578,34.327915
B0H30AAHVO,玉指足浴(白桦林印象店),生活服务;洗浴推拿场所;洗浴推拿场所,108.77573781917525,34.309848393497184,秦都区,108.780463,34.308416
B0J1YZJML1,格点国际洗衣洗鞋(奥林匹克花园店),生活服务;洗衣店;洗衣店,108.77720027201887,34.31560614151128,秦都区,108.781925,34.314175
B0G02C748K,高价收废品,生活服务;生活服务场所;生活服务场所,108.78770244821897,34.312672333833085,秦都区,108.792418,34.311228
B0MUBK4S6O,百年行,生活服务;中介机构;中介机构,108.78296224763031,34.333256926047994,秦都区,108.787684,34.331828
B0K2YCTL73,中国福利彩票,生活服务;彩票彩券销售点;彩票彩券销售点,108.77631618874871,34.30967800662133,秦都区,108.781041,34.308245
B0H6B5FJTK,西安沣东鑫诚昌通大件运输,生活服务;物流速递;物流速递,108.81907528349087,34.31015431477224,未央区,108.823746,34.308658
B0FFMBVWFA,UCC国际洗衣(阳光城·西西里店),生活服务;洗衣店;洗衣店,108.78792300423952,34.32089482442857,秦都区,108.792639,34.319454
B0KAGC0GS1,社发快运,生活服务;物流速递;物流速递,108.8209566884362,34.31967043573671,未央区,108.825625,34.318175
B0K0PUX8LH,韩蓉皮肤管理·祛痘·中心(西咸新区奥园店),生活服务;美容美发店;美容美发店,108.78132253973078,34.31281067257632,秦都区,108.786044,34.311374
B0JAV520PK,西航涮涮(丰裕路店),生活服务;生活服务场所;生活服务场所,108.78289340693999,34.330579131038085,秦都区,108.787615,34.329149
B0L15C1509,国药器械西安有限公司仓储物流中心,生活服务;物流速递;物流速递,108.8109399938285,34.321601305719064,未央区,108.815625,34.320125
B0HUNUBW60,中国体育彩票(泰盈·奥林匹克花园一期雅典奥运村店),生活服务;彩票彩券销售点;彩票彩券销售点,108.77890762535233,34.313512796455385,秦都区,108.783631,34.312079
B0KUAU8EI9,匠心美发(泰盈·奥林匹克花园四期店),生活服务;美容美发店;美容美发店,108.78167770535146,34.31434336248877,秦都区,108.786399,34.312907
B0FFMD203J,逸足轩专业足道修脚(白桦林店),生活服务;洗浴推拿场所;洗浴推拿场所,108.77698150205644,34.31104301740326,秦都区,108.781706,34.30961
B0I295HA5L,沣东创智云谷招商中心,生活服务;生活服务场所;生活服务场所,108.80184622509648,34.32177278946503,未央区,108.806545,34.320312
B0MGTZ6EO1,格点国际洗衣洗鞋(上林悦店),生活服务;洗衣店;洗衣店,108.78813620209878,34.321192960823645,秦都区,108.792852,34.319752
B0KG35MTWK,永康盲人推拿,生活服务;洗浴推拿场所;洗浴推拿场所,108.78303751520086,34.330791194801144,秦都区,108.787759,34.329361
B0J3SH1QUR,格点国际洗衣洗鞋(阳光荟店),生活服务;洗衣店;洗衣店,108.78321169679745,34.330439563229874,秦都区,108.787933,34.329009
B0LG351673,宠嗒嗒·宠物搭车(西安驿站),生活服务;生活服务场所;生活服务场所,108.78659888902484,34.318058459576115,秦都区,108.791316,34.316618
B0KGNSWISA,奥林匹克花园手机快修,生活服务;维修站点;维修站点,108.7795410309742,34.314254109521656,秦都区,108.784264,34.31282
B0MGFH2RLZ,聚满公路港西安中得物流有限公司,生活服务;物流速递;物流速递,108.82070588279394,34.31204647809107,未央区,108.825374,34.310548
B0IDZC7R4A,芊域阳光南区兔喜快递超市,生活服务;物流速递;物流速递,108.8191742397347,34.337342727958436,未央区,108.823847,34.335859
B0L3X50L0M,格点国际洗衣洗鞋(奥园东区店),生活服务;洗衣店;洗衣店,108.78414590191424,34.31372746833612,秦都区,108.788865,34.312288
B0J30RG5PR,微娜美容养生馆(洺悦府店),生活服务;美容美发店;美容美发店,108.78654341337015,34.323198995384374,秦都区,108.791261,34.321761
B0LK1ZDCZ5,中国移动(西安技师学院营业厅),生活服务;电讯营业厅;中国移动营业厅,108.77965238398963,34.31096072848677,秦都区,108.784375,34.309525
B0FFL9DDP0,陇东雪物流祥云店,生活服务;物流速递;物流速递,108.82171505493079,34.31869530104188,未央区,108.826382,34.317198
B0FFHMV1N3,蕾奇尔洗衣(桃李路店),生活服务;洗衣店;洗衣店,108.78103106582593,34.31572501882526,秦都区,108.785753,34.31429
B0IDKSHJUW,至享一号(白桦林印象店),生活服务;洗浴推拿场所;洗浴推拿场所,108.77763784757565,34.312147150602925,秦都区,108.782362,34.310714
B0KB3Z218J,百佳印图文快印广告,生活服务;生活服务场所;生活服务场所,108.77534147557414,34.335580979831136,秦都区,108.780069,34.334161
B0L3BZETSI,公会驿站(陕西祥云物流),生活服务;物流速递;物流速递,108.82024046977247,34.31974407030382,未央区,108.82491,34.31825
B0L0U7WA6Z,功夫肩颈钎秀·白月光生态养肤,生活服务;美容美发店;美容美发店,108.78284572970489,34.313909874503935,秦都区,108.787566,34.312472
B0FFMA4T2O,源动新康桶装水配送服务部,生活服务;生活服务场所;生活服务场所,108.78281754450555,34.315874940258205,秦都区,108.787538,34.314438
B0L6RH2VUU,菜鸟驿站(阳光城·西西里店),生活服务;物流速递;物流速递,108.78648270228875,34.31892991054883,秦都区,108.7912,34.31749
B0LKOAFIUS,西安伯乐供应链管理有限公司,生活服务;物流速递;物流速递,108.81309388985684,34.31625761905183,未央区,108.817775,34.314775
B0LKS5IVC2,雕花影碟设备租赁围挡升降机脚手 架,生活服务;生活服务场所;生活服务场所,108.78050749251041,34.329872826421386,秦都区,108.785231,34.328445
B0KAGC08FR,云聚物流(石化大道店),生活服务;物流速递;物流速递,108.82157483188452,34.318508126364286,未央区,108.826242,34.317011
B0LBLUMBMW,陈一刀修脚采耳,医疗保健服务;医疗保健服务场所;医疗保健服务场所|生活服务;生活服务场所;生活服务场所,108.78595624149402,34.330458830146156,秦都区,108.790675,34.329025
B0MGOSV9AZ,西安交远物流,生活服务;物流速递;物流速递,108.8201951178212,34.31082408540591,未央区,108.824864,34.309326
B0JRCCACS5,陕西丰瑞(西咸新区)律师事务所,生活服务;事务所;律师事务所,108.78084024087224,34.33615416460613,秦都区,108.785564,34.334729
B0FFJYO3Y4,手机专卖维修办卡(阳光城·西西里店),购物服务;家电电子卖场;手机销售|生活服务;维修站点;维修站点,108.78623730236812,34.3208557095252,秦都区,108.790955,34.319417
B0L6165X7L,清赫美容,生活服务;美容美发店;美容美发店,108.78235128943854,34.31410222536023,秦都区,108.787072,34.312665
B0FFKKANFB,德佑地产(西西安小镇店),生活服务;生活服务场所;生活服务场所,108.78443016113232,34.32597011312375,秦都区,108.78915,34.324536
B0LDTC53JR,美哟生活馆(奥园店),生活服务;美容美发店;美容美发店,108.78051570423672,34.3151487277951,秦都区,108.785238,34.313714
B0IU7UJ7VM,鑫晨旭物流,生活服务;物流速递;物流速递,108.82024252287114,34.319133357781254,未央区,108.824912,34.317639
B0MUPZDRSP,诺家房产(恒大都市广场店),生活服务;中介机构;中介机构,108.78971193328985,34.30842389563053,未央区,108.794425,34.306975
B0KKC1NE76,芙恒升皮肤管理中心(奥林匹克花园店),生活服务;美容美发店;美容美发店,108.7811791975986,34.31557225041078,秦都区,108.785901,34.314137
B0KKSC3YPA,工会驿站·重庆医药集团陕西有限公司,生活服务;生活服务场所;生活服务场所,108.81704276144373,34.3362073538487,未央区,108.821719,34.334727
B0FFGXQKE6,妮子裁缝店,生活服务;生活服务场所;生活服务场所,108.7771041787538,34.315972880185996,秦都区,108.781829,34.314542
B0K0HDP3LJ,汪家庄废纸打包站,生活服务;生活服务场所;生活服务场所,108.78765832771455,34.31358985797073,秦都区,108.792374,34.312146
B0MDJ1KIZU,陕西西咸新区巧灵手改衣店,生活服务;生活服务场所;生活服务场所,108.78345253684638,34.33499565312559,秦都区,108.788174,34.333567
B0ID7RQY9R,祥云物流招商部,生活服务;物流速递;物流速递,108.82191235831694,34.31908948622241,未央区,108.826579,34.317592
B0I0CACH8L,美凡束造型店,生活服务;美容美发店;美容美发店,108.78512244062733,34.33045981110127,秦都区,108.789842,34.329027
B0KRM1Y0GG,鑫好友物流,生活服务;物流速递;物流速递,108.81995503413604,34.319168807849984,未央区,108.824625,34.317675
B0KUX5164N,甜甜水店,生活服务;生活服务场所;生活服务场所,108.78549737400843,34.33563777710524,秦都区,108.790217,34.334207
B0H3UZ89TB,小蜜蜂智慧服务中心(咸阳奥林匹克花园站),生活服务;生活服务场所;生活服务场所,108.78128937915815,34.314443888969485,秦都区,108.786011,34.313008
B0K1Y766IX,云仓配西安配送中心,生活服务;物流速递;物流速递,108.81022142224802,34.32690154734038,未央区,108.814908,34.325429
B0M6XHPRLG,祥云物流三期库房,生活服务;物流速递;物流速递|公司企业;公司;公司,108.82090671742631,34.31827099200203,未央区,108.825575,34.316775
B0H1YZW9AP,阳光城物业租售中心(阳光城壹号上林悦店),生活服务;生活服务场所;生活服务场所,108.78736239700733,34.32125993589412,秦都区,108.792079,34.31982
B0MGJKAZU5,丰巢快递柜,生活服务;物流速递;物流速递,108.81058901280332,34.32679824306088,未央区,108.815275,34.325325
B0MGBLUJPG,回收废品,生活服务;生活服务场所;生活服务场所,108.79609745656472,34.321623894928216,未央区,108.800804,34.320172
B0LU9CCTM7,洗脸熊洗脸吧(阳光荟店),生活服务;美容美发店;美容美发店,108.7840504428128,34.3304965137275,秦都区,108.788771,34.329065
B0LU7R1IYY,浣衣先生洗衣洗鞋(阳光城壹号.上林悦店),生活服务;洗衣店;洗衣店,108.78965176958845,34.32185464560856,秦都区,108.794366,34.320412
B0MUNO3YTD,黑豹物流,生活服务;物流速递;物流速递,108.81960506484255,34.31152167401529,未央区,108.824275,34.310025
B0K6077JQ0,陕西田农甜农业有限公司仓储配送中心,生活服务;物流速递;物流速递,108.80886980901232,34.30837774972154,未央区,108.813557,34.306899
B0IRPH480G,国坤物流园,生活服务;物流速递;物流仓储场地,108.82597987288023,34.324415617886324,未央区,108.83064,34.322913
B0FFJP5K6R,陕西商储物流六村堡物流园南区,生活服务;物流速递;物流仓储场地,108.82253743533485,34.33123692784811,未央区,108.827204,34.329744
B0FFJSSV63,中国邮政速递物流中心西北陆地邮件处理中心(尚稷路店),生活服务;邮局;邮政速递|生活服务;物流速递;物流速递,108.82424594075626,34.360898389813244,未央区,108.828912,34.359417
B0MDSZE7RI,凯迪拉克-陕西天锐凯鑫(西三环店),汽车销售;通用特约销售;凯迪拉克销售|汽车维修;通用特约维修;凯迪拉克维修|汽车销售;克莱斯勒特约销售;吉普销售|公司企业;公司;公司|生活服务;生活服务场所;生活服务场所,108.8429602381734,34.325759491510844,未央区,108.847592,34.324226
B0FFFER2T2,中鼎物流市场,生活服务;物流速递;物流仓储场地,108.84089503048361,34.349017455226424,未央区,108.845532,34.347499
B0JAZZRREW,通达乡村物流,生活服务;物流速递;物流速递,108.84250453813792,34.35012780892687,未央区,108.847139,34.348607
B0FFH8BK5E,陕西延长物流运输有限公司,生活服务;物流速递;物流仓储场地,108.82626838985817,34.324135291912654,未央区,108.830928,34.322632
B0FFHVEDXZ,丰产路物流中心,生活服务;物流速递;物流仓储场地,108.82627554478753,34.33469627355179,未央区,108.830936,34.333198
B0JGJ94CX4,金凤凰物流,生活服务;物流速递;物流速递,108.83563246595952,34.334917708939955,未央区,108.840277,34.333402
B0FFHOXIRC,荣庆物流,生活服务;物流速递;物流速递,108.82656977514485,34.338068191594296,未央区,108.83123,34.336571
B0FFGFQPZN,陕西商储物流六村堡物流园东区,生活服务;物流速递;物流仓储场地,108.82520838940962,34.33873031114364,未央区,108.829871,34.337236
B0MDSSE289,聚盟共建分拨中心,生活服务;生活服务场所;生活服务场所,108.86068168803328,34.34608690395182,未央区,108.86529,34.344534
B0L69SUNJI,方圆物流,生活服务;物流速递;物流速递,108.83079850734119,34.31965990091891,未央区,108.83545,34.318146
B0JBFCZJXM,G70六村堡ETC发行服务站,生活服务;生活服务场所;生活服务场所,108.84028299235497,34.33717618090841,未央区,108.84492,34.335653
B0L6AR0KAJ,鑫飞亚物流,生活服务;物流速递;物流速递,108.8255794534915,34.333451565710156,未央区,108.830241,34.331954
B0FFGVVW35,富远物流,公司企业;公司;公司|生活服务;物流速递;物流速递,108.83411084218932,34.33564652202694,未央区,108.838758,34.334134
B0LBPA4IEG,西安源恒宏物流有限公司,生活服务;物流速递;物流速递,108.83569180115695,34.33201021874609,未央区,108.840336,34.330493
B0FFJH5JFL,八家滩社区菜鸟驿站(八家滩村社区店),生活服务;物流速递;物流速递,108.84023154990182,34.329248900634155,未央区,108.844868,34.327722
B0KUTLB1J2,西安中茵物流江苏专线,生活服务;物流速递;物流速递,108.83232090779323,34.33439078076523,未央区,108.836971,34.332881
B0MD7C7DND,车管所北区分所ETC办理,生活服务;生活服务场所;生活服务场所,108.85025088306762,34.36946241231264,未央区,108.854875,34.367938
B0L0RU4XF7,天和晟达分拨中心,生活服务;物流速递;物流速递,108.84406852678713,34.343941689256674,未央区,108.8487,34.342415
B0K3UZIKDY,西安陕兴物流有限公司,生活服务;物流速递;物流速递,108.8236070284649,34.32177240499391,未央区,108.828271,34.320273
B0FFM8M88M,菜鸟驿站(西安八兴滩村店),生活服务;物流速递;物流速递,108.83188825057267,34.34574341366851,未央区,108.83654,34.34424
B0FFL5OEOU,上海科丰物流有限公司,生活服务;物流速递;物流速递,108.83012233786405,34.319837548027586,未央区,108.834775,34.318325
B0L1HCXQ1R,国坤物流园D区,生活服务;物流速递;物流速递,108.8260150822931,34.322578546244245,未央区,108.830675,34.321075
B0JB2LRM0Y,捷成物流(国坤园区分部),生活服务;物流速递;物流速递,108.8261551687428,34.32446992174959,未央区,108.830815,34.322967
B0G0V5LK9V,陕西一路进疆物流(第二分公司),生活服务;物流速递;物流速递,108.82622133359044,34.323835344423195,未央区,108.830881,34.322332
B0L1B5YOLW,陕西晋商物流有限公司,生活服务;物流速递;物流速递,108.83067623804281,34.33273948999074,未央区,108.835329,34.331232
B0L2NRI4H6,九运通物流园,生活服务;物流速递;物流速递,108.83042179995194,34.33278199160284,未央区,108.835075,34.331275
B0LU3A8FJD,陕西西宝物流有限公司,生活服务;物流速递;物流速递,108.82557653127603,34.33243205031199,未央区,108.830238,34.330934
B0HKCLFIOT,明亨物流(北徐十字营业部),生活服务;物流速递;物流速递,108.86306622571578,34.32388406602902,未央区,108.86767,34.322317
B0L0FR874S,中国邮政速递西安建章路揽投部,生活服务;邮局;邮局,108.8319242372328,34.33433406455735,未央区,108.836575,34.332825
B0J22OUBHG,超道物流公司,生活服务;物流速递;物流速递,108.8445082972109,34.34298094532331,未央区,108.849139,34.341453
B0FFKI3H11,西安西秦快运有限公司,生活服务;生活服务场所;生活服务场所,108.82567972348316,34.332241335684415,未央区,108.830341,34.330743
B0JUTZWK93,邦驰物流,生活服务;物流速递;物流速递,108.84262473452826,34.3500800490798,未央区,108.847259,34.348559
B0JG2M9B65,陕西大正腾远物流有限公司,生活服务;物流速递;物流速递,108.8254346911896,34.33978522085997,未央区,108.830097,34.338291
B0G1958A6U,菜鸟驿站(焦家村121号店),生活服务;物流速递;物流速递,108.84264405254707,34.32180678023431,未央区,108.847276,34.320272
B0I2HU3W03,菜鸟驿站(西安相家巷村店),生活服务;物流速递;物流速递,108.85497213050725,34.3373054485648,未央区,108.859587,34.335757
B0FFH5LAOQ,积海物流,生活服务;物流速递;物流速递,108.835381045768,34.334888255693926,未央区,108.840026,34.333373
B0KRZL942Z,德邦快递(西安未央区尚苑路经营分部),生活服务;物流速递;物流速递,108.83279208782994,34.35437677582404,未央区,108.837443,34.352876
B0K3O5UEKY,西安海珀物流有限公司,生活服务;物流速递;物流速递,108.82545320721336,34.333822150144606,未央区,108.830115,34.332325
B0IGO7HX4T,陕西海丰物流有限公司,生活服务;物流速递;物流速递,108.8359119360976,34.33490523415588,未央区,108.840556,34.333389
B0FFHBUDRN,山西老路物流,生活服务;物流速递;物流速递,108.82707694710402,34.32201680520146,未央区,108.831735,34.320511
B0L0GR4FTH,诚信汽车钥匙开锁,生活服务;维修站点;维修站点,108.84069381727919,34.32289574381686,未央区,108.845329,34.321365
B0FFLGASYD,西安鼎通冷链物流有限公司,生活服务;物流速递;物流速递,108.82371007168837,34.335717964836576,未央区,108.828375,34.334225
B0FFMD9TA0,顺丰速运(丰产路店),生活服务;物流速递;物流速递,108.822920497104,34.33851113010295,未央区,108.827587,34.337021
B0LUF1V0VN,九运通物流B区,生活服务;物流速递;物流速递,108.83094564529122,34.33338968327949,未央区,108.835598,34.331882
B0H6LGBIWV,云聚物流(北皂河营业部),生活服务;物流速递;物流速递,108.83401875418984,34.33481075419712,未央区,108.838666,34.333298
B0J1ZHL8R9,正大太华物流有限责任公司,生活服务;物流速递;物流速递,108.8249143295529,34.30863289341511,未央区,108.829575,34.307125
B0KDVC88KA,五一快车网约车服务中心,生活服务;生活服务场所;生活服务场所,108.84270632142778,34.319712868094776,未央区,108.847338,34.318177
B0GRFZE76N,陆翔物流有限公司,生活服务;物流速递;物流速递,108.8295282870808,34.32026823102695,未央区,108.834182,34.318757
B0FFKE7QQ9,宇鑫物流(丰产路店),生活服务;生活服务场所;生活服务场所,108.83080728263768,34.33494867170296,未央区,108.83546,34.333442
B0FFM98KG0,菜鸟驿站(西安二府营村店),生活服务;物流速递;物流速递,108.82526264555547,34.33672039089396,未央区,108.829925,34.335225
B0FFIKZYE5,招财猫广告图文快印刻章,公司企业;公司;广告装饰|生活服务;摄影冲印店;摄影冲印,108.83746751177952,34.31048255508205,未央区,108.842107,34.308952
B0JRYCCKOY,骏华物流(西安分公司),生活服务;物流速递;物流速递,108.84405456886842,34.34314905570715,未央区,108.848686,34.341622
B0FFF8ZWI1,中国电信(建章路营业厅),生活服务;电讯营业厅;中国电信营业厅,108.83750378495898,34.32021015068198,未央区,108.842144,34.318684
B0KGYDCI0U,名路行物流西安,生活服务;物流速递;物流速递,108.82576139486997,34.32569460474459,未央区,108.830422,34.324193
B0IDLLKI0Y,西安易丰货拉物流有限公司,生活服务;物流速递;物流速递,108.82616539652993,34.321879155902785,未央区,108.830825,34.320375
B0LKX1P5HD,壹米滴答先锋村营业部,生活服务;物流速递;物流速递,108.82257337969112,34.3326753052978,未央区,108.82724,34.331183
B0FFGFPZQQ,圆通速递妈妈驿站,生活服务;物流速递;物流速递,108.8384693436033,34.320731686784534,未央区,108.843108,34.319204
B0I3L9YEJ4,陕西华远医药集团医药物流有限公司,生活服务;物流速递;物流速递|公司企业;公司企业;公司企业,108.82411469752766,34.32421321213877,未央区,108.828778,34.322714
B0GRPOOO7G,宝鸡长靖物流,生活服务;物流速递;物流速递,108.82686530962762,34.33772291527,未央区,108.831525,34.336225
B0FFLJ3WU8,菜鸟驿站(西安北皂河村村口店),生活服务;物流速递;物流速递,108.83727818797311,34.335298574977976,未央区,108.84192,34.33378
B0JBF5ZBWJ,山西老王货运,生活服务;物流速递;物流速递,108.82830109228433,34.32142638332753,未央区,108.832957,34.319918
B0FFLOSN02,泥河浴池,生活服务;洗浴推拿场所;洗浴推拿场所,108.830343484042,34.335026762743304,未央区,108.834997,34.333521
B001D0VYC1,西安光明石化运输有限公司,生活服务;物流速递;物流速递,108.83199430771917,34.32260077298544,未央区,108.836644,34.321086
B0H0GCG0ZE,西安天港物流有限公司,生活服务;物流速递;物流速递,108.82553907911338,34.32489456434778,未央区,108.8302,34.323393
B0LGS5RESB,邯郸(即可)三丰物流西安分公司,生活服务;物流速递;物流速递,108.83693288807274,34.331894575601,未央区,108.841575,34.330375
B0HR0ZTXMT,宏帆物流,生活服务;物流速递;物流速递,108.85510950319886,34.32258569133889,未央区,108.859723,34.32103
B0IU95X2X5,韵达快递(八家滩村社区店),生活服务;物流速递;物流速递,108.84024452052934,34.32987362651152,未央区,108.844881,34.328347
B0MDXL0A2K,九运通物流A区,生活服务;物流速递;物流速递,108.8316237050146,34.33458338057533,未央区,108.836275,34.333075
B0KD3HUPT6,宏泽中润配送中心,生活服务;物流速递;物流速递,108.83565774818494,34.33195818041921,未央区,108.840302,34.330441
B0FFI2KRTK,蓝月亮浴池,生活服务;洗浴推拿场所;洗浴推拿场所,108.83644573022076,34.311439229932795,未央区,108.841087,34.309911
B0G33ZU00M,宁德时代宁家服务(西安未央区丰产路授权服务中心),生活服务;生活服务场所;生活服务场所,108.8287448549049,34.333720387658744,未央区,108.833401,34.332217
B0FFLEXYW1,西安中博源供应链管理有限公司,生活服务;物流速递;物流速递,108.82262643808622,34.33306921513496,未央区,108.827293,34.331577
B0LDC5TNNK,伟志物流,生活服务;物流速递;物流速递,108.84304391872213,34.34372296638272,未央区,108.847677,34.342198
B0LURR48AZ,高价废旧金属废旧物资回收中心-不收纸壳,生活服务;生活服务场所;生活服务场所,108.82715204172781,34.33475789162806,未央区,108.831811,34.333258
B0MGNORHPJ,拼多多驿站(快递代收),生活服务;物流速递;物流速递,108.82540222022057,34.32026947296454,未央区,108.830063,34.318766
B0K60D3PKC,唐丰物流,生活服务;物流速递;物流速递,108.82261035112545,34.309178330999245,未央区,108.827275,34.307675
B0FFFA95V0,荣坤光伏公司,公司企业;公司;公司|生活服务;生活服务场所;生活服务场所,108.8381344704836,34.31231495115674,未央区,108.842773,34.310784
B0M67AW595,西安华通货运有限公司,生活服务;物流速递;物流速递,108.83180328093208,34.35590914441123,未央区,108.836456,34.354411
B0I37AQB0B,陕西民生通物流有限公司西安分公司,生活服务;物流速递;物流速递,108.83165162622818,34.336141679273,未央区,108.836303,34.334634
B0MUKRZ7XG,喜安物流,生活服务;物流速递;物流速递,108.85880845678253,34.345461419322305,未央区,108.863419,34.343911
B0M6AUYNWK,翔欣物流,生活服务;物流速递;物流速递,108.84239340974479,34.33715501493801,未央区,108.847027,34.335628
B0KK6RK7K8,足可道影院式沐足按摩(建章路店),生活服务;洗浴推拿场所;洗浴推拿场所,108.83745266727148,34.32061386830513,未央区,108.842093,34.319088
B0J2YRIKTD,康祥物流,生活服务;物流速递;物流速递,108.8257697559235,34.33374078392734,未央区,108.830431,34.332243
B001D0WUI1,中国移动(通讯店),生活服务;电讯营业厅;中国移动营业厅|购物服务;家电电子卖场;手机销售,108.83742580615554,34.33069905908542,未央区,108.842067,34.329178
B0FFG9V5WW,秀水浴池,生活服务;洗浴推拿场所;洗浴推拿场所,108.83699177056506,34.334558403051005,未央区,108.841634,34.33304
B0KGOU9LHQ,鑫豪废品站回收站,生活服务;生活服务场所;生活服务场所,108.82594097946323,34.33459969145673,未央区,108.830602,34.333102
B0K6AHFJC4,德邦快递(西安未央区丰业大道经营分部),生活服务;生活服务场所;生活服务场所,108.83043990949773,34.319480310777834,未央区,108.835092,34.317967
B0HGNHLYE5,壹米滴答(丰产路营业部),生活服务;物流速递;物流速递,108.83412493268213,34.33482394604863,未央区,108.838772,34.333311
B0L1YZE2B4,专业电焊二保焊铝焊淋水器,生活服务;维修站点;维修站点,108.83434727057951,34.33529113516675,未央区,108.838994,34.333778
B0I0OU7KZD,秦食建章物流园,生活服务;生活服务场所;生活服务场所,108.83789279730443,34.32804018736702,未央区,108.842533,34.326517
B0LDGZBL7J,云聚物流(建章路店),生活服务;物流速递;物流速递,108.83738890021867,34.31642469185891,未央区,108.842029,34.314897
B0I3F7P851,西安华远通国际货运,生活服务;物流速递;物流速递,108.82411791565823,34.333907603445326,未央区,108.828782,34.332413
B0KRM15L9G,文龙物流,生活服务;物流速递;物流速递,108.82250122499859,34.30844245964973,未央区,108.827166,34.306939
B0FFJFKTTG,德元汽车集团股份有限公司,生活服务;物流速递;物流速递|汽车服务;汽车服务相关;汽车服务相关,108.82544715984533,34.33427791908237,未央区,108.830109,34.332781
B0JRKBW189,东青物流,生活服务;物流速递;物流速递,108.82676414333507,34.33763576745752,未央区,108.831424,34.336138
B0FFFWIHIB,二府营温泉浴池,生活服务;洗浴推拿场所;洗浴推拿场所,108.82421802612444,34.33465443090079,未央区,108.828882,34.33316
B0LB9USDE1,川陕订做篷布,生活服务;生活服务场所;生活服务场所,108.84908294305252,34.32264969039226,未央区,108.853705,34.321104
B0I1PSPBND,伟创废旧物资回收站,生活服务;生活服务场所;生活服务场所,108.84288239152063,34.3223259655905,未央区,108.847514,34.320791
B0JDYCYWMK,废品站,生活服务;生活服务场所;生活服务场所,108.84134087034789,34.32285693659103,未央区,108.845975,34.321325
B0I21CQ1BC,速点星24h共享自助洗车(丰产路店),生活服务;生活服务场所;生活服务场所,108.84054678824464,34.332656844759185,未央区,108.845183,34.331131
B0KB1C7SYB,菜鸟驿站(建章路店),生活服务;物流速递;物流速递,108.83819311972073,34.3302067090752,未央区,108.842833,34.328684
B0L0B5UIU2,福建专线秦闽物流,生活服务;物流速递;物流速递,108.83222306355994,34.355074355890316,未央区,108.836875,34.353575
B0J1BAKQXK,西安环西物流(兰州专线),生活服务;物流速递;物流速递,108.82733511362667,34.33773679193937,未央区,108.831994,34.336238
B0L3GCHY0D,陕西海成丰瑞农业科技有限公司,生活服务;生活服务场所;生活服务场所,108.84008932806172,34.316757496854656,未央区,108.844725,34.315225
B0M6X5QA0D,陕西天健物流有限公司,生活服务;物流速递;物流速递,108.82574971705976,34.333796719336966,未央区,108.830411,34.332299
B0FFFSUHWR,宇鑫物流(建章路店),生活服务;物流速递;物流速递,108.83738788882961,34.316544634697465,未央区,108.842028,34.315017
B0FFGFQ4MD,养生泉洗浴,生活服务;洗浴推拿场所;洗浴推拿场所,108.83972626768903,34.322521155224685,未央区,108.844363,34.320992
B0FFG9Z4GM,鑫安快物流,生活服务;物流速递;物流速递,108.85996776090751,34.32214339450623,未央区,108.864575,34.32058
B0GKTMNNGN,陕西昱鑫达物流有限公司,生活服务;物流速递;物流速递,108.84069078145674,34.31091126923707,未央区,108.845325,34.309375
B0GD7M8O1D,陕西富达物流(石化大道店),生活服务;物流速递;物流速递,108.86252560735737,34.324022235738774,未央区,108.86713,34.322456
B0HAHAHA4J,沣东新城睿通网信息技术工程经营部(八家滩村社区店),生活服务;维修站点;维修站点,108.84016234136334,34.3304292114658,未央区,108.844799,34.328903
B0I0AX8GPM,菜鸟驿站(西安新民村店),生活服务;物流速递;物流速递,108.82319369347388,34.341829017032495,未央区,108.82786,34.34034
B0FFHBUDK9,凤北足道,生活服务;洗浴推拿场所;洗浴推拿场所,108.83741912552988,34.314261741876926,未央区,108.842059,34.312733
B0LB35CPF6,大华家电制冷维修,生活服务;维修站点;维修站点,108.83841141515971,34.3310197221904,未央区,108.843051,34.329497
B0FFHRQE8C,博世柴油系统服务站(西安力维),汽车服务;汽车服务相关;汽车服务相关|生活服务;生活服务场所;生活服务场所,108.85953383361947,34.32709341696917,未央区,108.864142,34.325533
B0IR6CT8PC,生活垃圾分拣台站,生活服务;生活服务场所;生活服务场所,108.84931978169705,34.32900209520156,未央区,108.853942,34.327459
B0FFFF284Q,红波电器修理(建章路店),生活服务;维修站点;维修站点,108.83741649882931,34.30959386381497,未央区,108.842056,34.308063
B0LAU75GLW,电动自行车智能充电站,生活服务;生活服务场所;生活服务场所,108.84407435964592,34.333757668732154,未央区,108.848705,34.332226
B0LAK9NSVR,小夏收售托盘订做木架木箱,生活服务;生活服务场所;生活服务场所,108.82829674738828,34.337909516481545,未央区,108.832954,34.336409
B0JRYK2VMF,中通快递(西三环店),生活服务;物流速递;物流速递,108.84091015541539,34.31069576585325,未央区,108.845544,34.309159
B0JBC7L7J6,西安顺兴发电机设备租赁有限公司,生活服务;生活服务场所;生活服务场所,108.85023115108109,34.316273602890696,未央区,108.854851,34.314723
B0MDGZOIO2,西安宏皓物流有限公司,生活服务;物流速递;物流速递,108.83059209896906,34.33268235939546,未央区,108.835245,34.331175
B0FFGFRGQF,壹米滴答卓昊物流(群英营业部),生活服务;物流速递;物流速递,108.83442342029949,34.32268827556956,未央区,108.839069,34.321169
B0LKLR9IEG,半岛足咖休闲养生会所,生活服务;洗浴推拿场所;洗浴推拿场所,108.83720883561818,34.31351869362164,未央区,108.841849,34.31199
B0FFI15NR4,手机电脑维修,生活服务;维修站点;维修站点,108.8373694046361,34.30978968812539,未央区,108.842009,34.308259
B0JDXZK63G,电动地牛出租维修,生活服务;生活服务场所;生活服务场所,108.82788641872911,34.32097281502407,未央区,108.832543,34.319465
B0K13Z1BE5,上海誉宏物流有限公司(西安分公司),生活服务;物流速递;物流速递,108.84329931225169,34.34388634323691,未央区,108.847932,34.342361
B0I1N58BCW,九州物流(零五路店),生活服务;物流速递;物流速递,108.83486517446954,34.310227842982925,未央区,108.839509,34.308702
B0IRC585QC,顺笛冷链物流,生活服务;物流速递;物流速递,108.85140633056459,34.32276955753841,未央区,108.856025,34.32122
B0K29RTUSB,吉利远程新能源西安租售运营服务中心,汽车服务;汽车服务相关;汽车服务相关|汽车销售;汽车销售;汽车销售|生活服务;生活服务场所;生活服务场所,108.85851789844406,34.323077776022785,未央区,108.863127,34.321517
B0MGH7TKGN,通联汇达物流,生活服务;物流速递;物流速递,108.82555912284295,34.32477865657967,未央区,108.83022,34.323277
B0L1YHESLH,陕西时间物流有限公司,生活服务;物流速递;物流速递,108.82613504438211,34.325577362147015,未央区,108.830795,34.324075
