id,name,type,lng,lat,district,lng_gcj02,lat_gcj02
BV10527883,丈八一路(地铁站),交通设施服务;地铁站;地铁站,108.88016420740848,34.19547296976105,雁塔区,108.884744,34.193835
BV10870086,省体育馆(地铁站),交通设施服务;地铁站;地铁站,108.88515116528669,34.20463175334595,雁塔区,108.88973,34.202993
BV09247281,山门口(地铁站),交通设施服务;地铁站;地铁站,108.9007060419092,34.20001305667572,雁塔区,108.905287,34.198367
BV10073360,木塔寺(地铁站),交通设施服务;地铁站;地铁站,108.8874618218312,34.21380705087673,雁塔区,108.892041,34.21217
BV10527885,丈八六路(地铁站),交通设施服务;地铁站;地铁站,108.8520314704988,34.19545325923373,雁塔区,108.856639,34.193852
BV10070528,甘家寨(地铁站),交通设施服务;地铁站;地铁站,108.89466746642243,34.22500129167236,雁塔区,108.899248,34.223365
BV10527895,丈八四路(地铁站),交通设施服务;地铁站;地铁站,108.865906568926,34.195458144108535,雁塔区,108.870497,34.193836
BV09247277,科技二路(地铁站),交通设施服务;地铁站;地铁站,108.88515635302232,34.227292762476225,雁塔区,108.889737,34.225662
BV09247299,木塔寺西(地铁站),交通设施服务;地铁站;地铁站,108.88519443492444,34.213881578883424,雁塔区,108.889774,34.212246
BV10070532,丁家桥(公交站),交通设施服务;公交车站;公交车站相关,108.86831629754997,34.22817985303719,雁塔区,108.872907,34.226566
B0GK0H8RBI,西安高新万达广场地下停车场,交通设施服务;停车场;公共停车场,108.88873319005144,34.21052391929614,雁塔区,108.893312,34.208885
BV10324171,茶张村(公交站),交通设施服务;公交车站;公交车站相关,108.8698071109545,34.209902202184026,雁塔区,108.874395,34.20828
B0K1D9L8BS,西安高新云巴(丈八四路站),交通设施服务;交通服务相关;交通服务相关,108.86460426046511,34.19488457776108,雁塔区,108.869196,34.193264
B0H6SR0TT6,立丰城LECITY地下停车场,交通设施服务;停车场;公共停车场,108.8975826419724,34.19865517619334,雁塔区,108.902162,34.197009
BV10071051,清华科技园(公交站),交通设施服务;公交车站;公交车站相关,108.88174832478845,34.22724523060336,雁塔区,108.88633,34.225617
BX10030915,丈八六路地铁站A口,交通设施服务;地铁站;出入口,108.85114618004144,34.19575268520445,雁塔区,108.855755,34.194153
B0G0FLBPDK,绿地都市之门C座停车场,交通设施服务;停车场;公共停车场,108.88211170773305,34.19915935838132,雁塔区,108.886691,34.197521
B0G09ZOZYZ,中大国际高新店地下停车场,交通设施服务;停车场;公共停车场,108.8936067801016,34.223969323204244,雁塔区,108.898187,34.222333
BV10070370,木塔寨(公交站),交通设施服务;公交车站;公交车站相关,108.89658540523476,34.20622140682679,雁塔区,108.901165,34.204578
BV09315535,付村站(有轨电车站),交通设施服务;公交车站;电车站,108.86460719823116,34.1832124100913,雁塔区,108.869198,34.181588
BX10030899,丈八一路地铁站B口,交通设施服务;地铁站;出入口,108.87978007587112,34.194906821696726,雁塔区,108.88436,34.193269
B0HD3DQT76,西安益田假日里购物中心地下停车场,交通设施服务;停车场;公共停车场,108.87859440385148,34.195974392329504,雁塔区,108.883175,34.194338
BX10031104,木塔寺地铁站A口,交通设施服务;地铁站;出入口,108.88733777455752,34.21421683320088,雁塔区,108.891917,34.21258
B0J0N7JBQP,主环路地面停车场,交通设施服务;停车场;公共停车场,108.87817764308171,34.21522140156926,雁塔区,108.88276,34.213592
BV10069937,北沈家桥(公交站),交通设施服务;公交车站;公交车站相关,108.88734938073875,34.1941526961013,雁塔区,108.891927,34.192509
B0I2YRZLR6,32路公交调度站,交通设施服务;交通服务相关;交通服务相关,108.8775246086712,34.21114120796933,雁塔区,108.882107,34.209511
BX10030898,丈八四路地铁站A口,交通设施服务;地铁站;出入口,108.86495754387576,34.19600468544757,雁塔区,108.869549,34.194384
BV11150011,锦业路丈八四路口(公交站),交通设施服务;公交车站;公交车站相关,108.86367420657382,34.1955290792278,雁塔区,108.868267,34.19391
BV10071054,郁家庄(公交站),交通设施服务;公交车站;公交车站相关,108.86532661356271,34.19994486100992,雁塔区,108.869918,34.198325
BX09914395,山门口地铁站C口,交通设施服务;地铁站;出入口,108.90049922816408,34.1991183492338,雁塔区,108.90508,34.197472
BX10031110,省体育馆地铁站C口,交通设施服务;地铁站;出入口,108.88577734422547,34.20403137891343,雁塔区,108.890356,34.202392
BV11126048,丈八东路子午大道口(公交站),交通设施服务;公交车站;公交车站相关,108.89911985869162,34.2000729172788,雁塔区,108.9037,34.198427
BX10031109,甘家寨地铁站D口,交通设施服务;地铁站;出入口,108.89559616228988,34.22568230503514,雁塔区,108.900177,34.224046
BX10030900,丈八一路地铁站C口,交通设施服务;地铁站;出入口,108.8809215578784,34.19520970601872,雁塔区,108.885501,34.193571
BV10070720,枫林绿洲西门(公交站),交通设施服务;公交车站;公交车站相关,108.89019461758092,34.21797605314,雁塔区,108.894774,34.216339
BV11064960,太白路电子二路口(公交站),交通设施服务;公交车站;公交车站相关,108.90378591414846,34.214382024384264,雁塔区,108.90837,34.212741
BX09913565,科技二路地铁站B口,交通设施服务;地铁站;出入口,108.8842861720794,34.226900296117144,雁塔区,108.888867,34.22527
BV11070565,太白路丈八东路口(公交站),交通设施服务;公交车站;公交车站相关,108.89277965097672,34.202344595863366,雁塔区,108.897358,34.200701
BV11128327,西安建工集团(公交站),交通设施服务;公交车站;公交车站相关,108.89955988675082,34.20953672227529,雁塔区,108.904141,34.207894
BX09914394,山门口地铁站B口,交通设施服务;地铁站;出入口,108.899813558847,34.19953416473346,雁塔区,108.904394,34.197888
BX10030897,丈八四路地铁站C口,交通设施服务;地铁站;出入口,108.86685454292656,34.19514649749278,雁塔区,108.871444,34.193523
BV10070450,科技六路中段(公交站),交通设施服务;公交车站;公交车站相关,108.88214057687313,34.21342647884063,雁塔区,108.886721,34.211793
BV11087619,高新路科技二路口(公交站),交通设施服务;公交车站;公交车站相关,108.89541919038656,34.22596815477705,雁塔区,108.9,34.224332
BV10070376,西安软件园(公交站),交通设施服务;公交车站;公交车站相关,108.87715215634512,34.22660734774829,雁塔区,108.881736,34.224983
BV10070531,南窑头(公交站),交通设施服务;公交车站;公交车站相关,108.86746501762096,34.221607143344535,雁塔区,108.872056,34.219992
BV09315523,丈八四路站(有轨电车站),交通设施服务;公交车站;电车站,108.86469537630651,34.19464478211838,雁塔区,108.869287,34.193024
BV09315530,丈八五路站(有轨电车站),交通设施服务;公交车站;电车站,108.85815235051672,34.199783572756665,雁塔区,108.862752,34.198174
BV11087624,唐延路科技二路口(公交站),交通设施服务;公交车站;公交车站相关,108.88612754508202,34.227328394784884,雁塔区,108.890708,34.225697
BX10031108,甘家寨地铁站B口,交通设施服务;地铁站;出入口,108.89400565007534,34.22459223222058,雁塔区,108.898586,34.222956
BX09913568,木塔寺西地铁站B口,交通设施服务;地铁站;出入口,108.88490747717432,34.21253385351097,雁塔区,108.889487,34.210898
BX10032141,丈八一路地铁站D口,交通设施服务;地铁站;出入口,108.88103256395262,34.1957106321452,雁塔区,108.885612,34.194072
BX10031106,木塔寺地铁站E口,交通设施服务;地铁站;出入口,108.88844496482788,34.21312585365539,雁塔区,108.893024,34.211488
BV10070860,双水磨(公交站),交通设施服务;公交车站;公交车站相关,108.86913501082276,34.21617218340799,雁塔区,108.873724,34.214553
BX10031112,省体育馆地铁站B口,交通设施服务;地铁站;出入口,108.88482109829772,34.20451356610084,雁塔区,108.8894,34.202875
BV11139784,高新路科技六路口(公交站),交通设施服务;公交车站;公交车站相关,108.88805979297824,34.21491001120118,雁塔区,108.892639,34.213273
B0L2O1WCMF,陕西物流商储高新贝多物流产业园停车场,交通设施服务;停车场;公共停车场,108.86171090077322,34.184261998181285,雁塔区,108.866305,34.182642
BV10069939,高家堡(公交站),交通设施服务;公交车站;公交车站相关,108.88185876267002,34.184793904519246,雁塔区,108.886437,34.183151
BX09913577,山门口地铁站A口,交通设施服务;地铁站;出入口,108.89911684029342,34.20032083315135,雁塔区,108.903697,34.198675
BX10032140,丈八一路地铁站A口,交通设施服务;地铁站;出入口,108.87934480245164,34.19572216160912,雁塔区,108.883925,34.194085
BX09914396,山门口地铁站D口,交通设施服务;地铁站;出入口,108.90236501654294,34.20030396573398,雁塔区,108.906947,34.198658
BX10031111,省体育馆地铁站A口,交通设施服务;地铁站;出入口,108.88460899131616,34.20520318155152,雁塔区,108.889188,34.203565
B0G0FLB2ZI,绿地都市之门西南停车场,交通设施服务;停车场;公共停车场,108.88219196658876,34.19628638691682,雁塔区,108.886771,34.194647
B0L35ME618,西安环贸中心城市候机楼,交通设施服务;交通服务相关;交通服务相关,108.86709783772068,34.19444304831988,雁塔区,108.871687,34.192819
BX09913567,木塔寺西地铁站A口,交通设施服务;地铁站;出入口,108.88470128945198,34.21426110482851,雁塔区,108.889281,34.212626
BV10070456,高新一中(公交站),交通设施服务;公交车站;公交车站相关,108.89832689645554,34.22909561489552,雁塔区,108.902909,34.22746
BX09914397,木塔寺西地铁站D口,交通设施服务;地铁站;出入口,108.88533535636016,34.215248194353165,雁塔区,108.889915,34.213613
BV10070729,白沙路(公交站),交通设施服务;公交车站;公交车站相关,108.90325128388722,34.22698956381965,雁塔区,108.907836,34.225353
BV10069861,西工大软件园(公交站),交通设施服务;公交车站;公交车站相关,108.87730587441094,34.21875231907008,雁塔区,108.881889,34.217125
BV10933128,省交通规划设计研究院(公交站),交通设施服务;公交车站;公交车站相关,108.87401117664248,34.213408818103055,雁塔区,108.878596,34.211783
BV11163040,锦业路丈八六路口(公交站),交通设施服务;公交车站;公交车站相关,108.8521024952444,34.19640106022817,雁塔区,108.85671,34.1948
B0KUT52BD8,天地源·悦熙广场地下停车场,交通设施服务;停车场;公共停车场,108.9027768858435,34.21103626706939,雁塔区,108.90736,34.209394
BV10069935,西万路口(公交站),交通设施服务;公交车站;公交车站相关,108.89605007940152,34.20000140296054,雁塔区,108.900629,34.198356
B0FFK8CB6D,摩卡公寓-车库,交通设施服务;停车场;停车场相关,108.86256774686365,34.19840355904872,雁塔区,108.867162,34.196787
B0GK7U1FTB,兰岛·广场地下停车场,交通设施服务;停车场;公共停车场,108.8964159814868,34.21223528626388,雁塔区,108.900996,34.210594
BV10070455,博文路(公交站),交通设施服务;公交车站;公交车站相关,108.90157931847703,34.22766637467063,雁塔区,108.906163,34.22603
BX10032017,木塔寺地铁站D口,交通设施服务;地铁站;出入口,108.88812783567296,34.21444721254043,雁塔区,108.892707,34.21281
BV11087618,丈八东路唐延路口(公交站),交通设施服务;公交车站;公交车站相关,108.88587977056751,34.198946171012665,雁塔区,108.890458,34.197305
BX09913566,科技二路地铁站A口,交通设施服务;地铁站;出入口,108.88435013486928,34.22757509646386,雁塔区,108.888931,34.225945
BX09914254,科技二路地铁站D口,交通设施服务;地铁站;出入口,108.88539635514388,34.22791969710294,雁塔区,108.889977,34.226289
BV11194726,白沙路公交调度站(公交站),交通设施服务;公交车站;公交车站相关,108.89727074428993,34.21138476000871,雁塔区,108.901851,34.209743
BX10030917,丈八六路地铁站D口,交通设施服务;地铁站;出入口,108.85236889818071,34.19607960811914,雁塔区,108.856976,34.194478
BV10073048,丈八六路中段(公交站),交通设施服务;公交车站;公交车站相关,108.8518502703842,34.19473519804069,雁塔区,108.856458,34.193134
BV10070368,电子二路西口(公交站),交通设施服务;公交车站;公交车站相关,108.903740950676,34.21433204613911,雁塔区,108.908325,34.212691
BV11551340,唐延路科技八路口(公交站),交通设施服务;公交车站;公交车站相关,108.88397269846506,34.20676319014141,雁塔区,108.888552,34.205126
BV10071127,江林小区(公交站),交通设施服务;公交车站;公交车站相关,108.90018492646882,34.19251353773796,雁塔区,108.904765,34.190865
BV10071361,高新路科技四路口(公交站),交通设施服务;公交车站;公交车站相关,108.8918833070355,34.22055589409861,雁塔区,108.896463,34.218919
BV11077930,唐延路锦业路口(公交站),交通设施服务;公交车站;公交车站相关,108.88569093796254,34.19639490304141,雁塔区,108.890269,34.194753
BV10069860,南窑头东区(公交站),交通设施服务;公交车站;公交车站相关,108.8799680104932,34.22181068888149,雁塔区,108.88455,34.220182
BX10031107,甘家寨地铁站A口,交通设施服务;地铁站;出入口,108.89441346992436,34.22571395644025,雁塔区,108.898994,34.224078
BX10030916,丈八六路地铁站B口,交通设施服务;地铁站;出入口,108.85162495680588,34.1946358565592,雁塔区,108.856233,34.193035
BV11188084,科技二路白沙路口(公交站),交通设施服务;公交车站;公交车站相关,108.90054531718712,34.22267315455335,雁塔区,108.905128,34.221035
BV10071052,铺尚村(公交站),交通设施服务;公交车站;公交车站相关,108.86471129018916,34.2084121338241,雁塔区,108.869304,34.206796
BV11087622,科技五路中段(公交站),交通设施服务;公交车站;公交车站相关,108.88347777658709,34.21648843458991,雁塔区,108.888058,34.214855
B0JKH5B78K,西安重驰地面停车场,交通设施服务;停车场;公共停车场,108.90065051641513,34.19446991310272,雁塔区,108.905231,34.192822
BV11087620,唐延路科技七路口(公交站),交通设施服务;公交车站;公交车站相关,108.8851427051715,34.21035977293526,雁塔区,108.889722,34.208723
BV11150012,锦业路丈八三路口(公交站),交通设施服务;公交车站;公交车站相关,108.87035773848764,34.19553375730087,雁塔区,108.874944,34.193906
BV10071053,陕西大会堂(公交站),交通设施服务;公交车站;公交车站相关,108.86483578777587,34.20384387240196,雁塔区,108.869428,34.202226
B0FFGVSVBJ,地面停车场,交通设施服务;停车场;公共停车场,108.87859720740197,34.18594370190187,雁塔区,108.883177,34.184304
B0H6MHFKFD,西安迈科商业中心地下停车场,交通设施服务;停车场;公共停车场,108.8757119113619,34.193649351748306,雁塔区,108.880294,34.192015
BX09913574,省体育馆地铁站D口,交通设施服务;地铁站;出入口,108.8855762512796,34.20469301940828,雁塔区,108.890155,34.203054
BV11104451,锦业二路丈八六路口(公交站),交通设施服务;公交车站;公交车站相关,108.85047714196564,34.18415937340983,雁塔区,108.855086,34.182557
BV11238159,科技四路公交调度站(公交站),交通设施服务;公交车站;公交车站相关,108.85502051656752,34.22152011462135,雁塔区,108.859626,34.219923
BV11128330,团结南路科技四路口(公交站),交通设施服务;公交车站;公交车站相关,108.87725554593489,34.22249193433201,雁塔区,108.881839,34.220866
BX10031105,木塔寺地铁站C口,交通设施服务;地铁站;出入口,108.8882539176348,34.213546599682,雁塔区,108.892833,34.211909
BX09901893,丈八一路地铁站出入口,交通设施服务;地铁站;出入口,108.8781173393524,34.19361373275633,雁塔区,108.882698,34.191977
BV10071329,木塔寺苗圃(公交站),交通设施服务;公交车站;公交车站相关,108.89314969957732,34.21350488093778,雁塔区,108.897729,34.211865
B0LKVC512G,西安环贸中心-地下停车场,交通设施服务;停车场;公共停车场,108.86633505866372,34.19474794877663,雁塔区,108.870925,34.193125
B0G02C5TL2,洛克大厦停车场,交通设施服务;停车场;公共停车场,108.88538423738623,34.21686565669804,雁塔区,108.889964,34.215231
BV09446451,环贸中心城市候机楼(公交站),交通设施服务;公交车站;公交车站相关,108.86629595555132,34.19554563121949,雁塔区,108.870886,34.193923
BV11126049,丈八西路丈八一路口(公交站),交通设施服务;公交车站;公交车站相关,108.87917538455626,34.19990560382248,雁塔区,108.883756,34.19827
BV10847709,科技二路枫叶苑(公交站),交通设施服务;公交车站;公交车站相关,108.8907278004085,34.22796571402437,雁塔区,108.895308,34.226332
B0H6PUQG0A,中铁西安中心地下停车场,交通设施服务;停车场;公共停车场,108.87962205345896,34.194253898940715,雁塔区,108.884202,34.192616
BV10071066,文理学院(公交站),交通设施服务;公交车站;公交车站相关,108.8974423709276,34.215226446417084,雁塔区,108.902023,34.213586
BV11115940,高新六路科技二路口(公交站),交通设施服务;公交车站;公交车站相关,108.87256606521228,34.226382593295234,雁塔区,108.877153,34.224763
B0H6MUFLWK,都市之门A座地下停车场,交通设施服务;停车场;公共停车场,108.88469764626566,34.19728792676433,雁塔区,108.889276,34.195647
BX10032706,丈八六路地铁站C口,交通设施服务;地铁站;出入口,108.85284764242331,34.195198690274125,雁塔区,108.857454,34.193596
BV11214449,鱼化一路科技二路口(公交站),交通设施服务;公交车站;公交车站相关,108.8635925878936,34.22708297232726,雁塔区,108.868188,34.225475
BV11087621,唐延路傅村东路口(公交站),交通设施服务;公交车站;公交车站相关,108.87963970856303,34.186165575853614,雁塔区,108.884219,34.184525
BX09914253,科技二路地铁站C口,交通设施服务;地铁站;出入口,108.88537945991374,34.22656617796023,雁塔区,108.88996,34.224935
B0H01UNC4Y,金石·柏朗停车场,交通设施服务;停车场;公共停车场,108.89887530138644,34.208473018422424,雁塔区,108.903456,34.20683
BV09372497,丈八东路金石路口(公交站),交通设施服务;公交车站;公交车站相关,108.90213917918392,34.200084046147346,雁塔区,108.906721,34.198438
BV11451610,丈八六路科技八路口(公交站),交通设施服务;公交车站;公交车站相关,108.85217194645548,34.20446344865213,雁塔区,108.85678,34.202865
B0FFF65B3F,阳光洗车地面停车场,交通设施服务;停车场;公共停车场,108.90372501112512,34.226203810573885,雁塔区,108.90831,34.224567
B0G0FLA0NC,绿地都市之门D座地下停车场,交通设施服务;停车场;公共停车场,108.8844374291074,34.199186104914546,雁塔区,108.889016,34.197546
BV10071821,付村(公交站),交通设施服务;公交车站;公交车站相关,108.86472118442732,34.18489402160912,雁塔区,108.869312,34.18327
B0L2M5ZGKF,西安DT51地下停车场南出入口,交通设施服务;停车场;停车场入口|交通设施服务;停车场;停车场出入口,108.88746763131316,34.20369655170273,雁塔区,108.892046,34.202056
B0LAOCRG7O,体育之窗NMC中心停车场,交通设施服务;停车场;公共停车场,108.88690242277984,34.205405625720886,雁塔区,108.891481,34.203766
B0H6SAYD9B,高科尚都摩卡地下停车场,交通设施服务;停车场;公共停车场,108.86248165564396,34.19832746213883,雁塔区,108.867076,34.196711
BV11619290,雁南二路西段(公交站),交通设施服务;公交车站;公交车站相关,108.90395839869866,34.206760656888704,雁塔区,108.908542,34.205117
B0IG2CBD5F,望庭·国际地面停车场,交通设施服务;停车场;公共停车场,108.89066950351231,34.21921483828605,雁塔区,108.895249,34.217578
BV11187128,锦业路丈八二路口(公交站),交通设施服务;公交车站;公交车站相关,108.8748241731754,34.195536799029625,雁塔区,108.879407,34.193904
B0IDC7DG5O,丈八一路南三环桥下地面停车场,交通设施服务;停车场;公共停车场,108.87956627538726,34.19114587871753,雁塔区,108.884146,34.189507
B0GK6RSD84,绿地蓝海大厦停车场,交通设施服务;停车场;公共停车场,108.87968969121434,34.19918430816896,雁塔区,108.88427,34.197548
BV11104456,锦业二路丈八二路口(公交站),交通设施服务;公交车站;公交车站相关,108.87506624582537,34.18416779078356,雁塔区,108.879648,34.182531
B0FFILE8R7,国宾中央区停车场,交通设施服务;停车场;专用停车场,108.86677430581246,34.20960447714768,雁塔区,108.871365,34.207986
B0IG69FD57,高科智慧园地面停车场,交通设施服务;停车场;公共停车场,108.859144837055,34.19669511798602,雁塔区,108.863743,34.195083
BV09390483,唐延路科技四路口(公交站),交通设施服务;公交车站;公交车站相关,108.88347447740546,34.22021410944701,雁塔区,108.888055,34.218582
B0FFFY2RWS,龙城铭园国际社区停车场,交通设施服务;停车场;公共停车场,108.86801893057375,34.2292790751653,雁塔区,108.87261,34.227666
B0HD3DR0ND,西安益田假日里购物中心停车场,交通设施服务;停车场;公共停车场,108.87740566532716,34.19708889340414,雁塔区,108.881987,34.195454
B0JGNZTY5L,雁南公园地下停车场,交通设施服务;停车场;公共停车场,108.8937921283054,34.18165779773357,雁塔区,108.898369,34.180007
B0L251DQK9,西安环贸中心南门停车场,交通设施服务;停车场;公共停车场,108.86496868463588,34.19439323790022,雁塔区,108.86956,34.192772
B0HGRUMMIG,兰基中心地下停车场,交通设施服务;停车场;公共停车场,108.87464553732087,34.226937671680595,雁塔区,108.879231,34.225316
BV11472572,鱼化一路科技七路口(公交站),交通设施服务;公交车站;公交车站相关,108.86491137546145,34.20998286237463,雁塔区,108.869504,34.208367
BV10072039,袁旗寨(公交站),交通设施服务;公交车站;公交车站相关,108.84804627172733,34.19998299581102,雁塔区,108.85266,34.19839
B0H2671LYQ,高新时代广场地面停车场,交通设施服务;停车场;公共停车场,108.876312614168,34.21459380669302,雁塔区,108.880896,34.212966
B0H23ZRC40,中建方寸间停车场,交通设施服务;停车场;公共停车场,108.87729285715191,34.193880854553576,雁塔区,108.881874,34.192245
B0H6YZ94LC,荣禾·云图中心停车场,交通设施服务;停车场;公共停车场,108.90420561844182,34.2142180384398,雁塔区,108.90879,34.212577
B0FFG6BN4R,陕西宾馆停车场,交通设施服务;停车场;公共停车场,108.8738107363599,34.204621641968245,雁塔区,108.878395,34.202993
BV11214448,鱼化一路科技四路口(公交站),交通设施服务;公交车站;公交车站相关,108.8639273485111,34.22215121851706,雁塔区,108.868522,34.220541
B0L2ZZ3J0Q,绿地·领海大厦B座地面停车场,交通设施服务;停车场;公共停车场,108.8816278449486,34.19517230429226,雁塔区,108.886207,34.193533
BV11104452,锦业二路丈八四路口(公交站),交通设施服务;公交车站;公交车站相关,108.86344186184122,34.18416549001384,雁塔区,108.868034,34.182543
B0HD3DQDZP,万达西安one地下停车场,交通设施服务;停车场;公共停车场,108.88868718496482,34.21055688282669,雁塔区,108.893266,34.208918
B0H31SXC3A,陕西省妇女儿童活动中心停车场,交通设施服务;停车场;公共停车场,108.88606358368666,34.20170835686784,雁塔区,108.890642,34.200068
BV11183647,锦业路丈八五路口(公交站),交通设施服务;公交车站;公交车站相关,108.8602532909632,34.19539320855151,雁塔区,108.86485,34.193779
B0G0FU9JE0,西安·绿地中心地下停车场,交通设施服务;停车场;公共停车场,108.87567160320074,34.19717713331296,雁塔区,108.880254,34.195544
B0KG974EJ0,西安高新JW万豪酒店地面停车点,交通设施服务;停车场;公共停车场,108.88526924870725,34.228907250835,雁塔区,108.88985,34.227277
B0H6GL4DGP,金正广场地下停车场,交通设施服务;停车场;公共停车场,108.87622395486493,34.197153703591674,雁塔区,108.880806,34.19552
B0FFIQ0Y4F,西安咸阳国际机场绿地中心城市候机楼,交通设施服务;交通服务相关;交通服务相关,108.87606991706852,34.19642279256332,雁塔区,108.880652,34.194789
BV09007368,丈八北路科技六路口(公交站),交通设施服务;公交车站;公交车站相关,108.87058351501052,34.21321698242105,雁塔区,108.875171,34.211595
B0HG5CBJMR,译创国际大厦停车场,交通设施服务;停车场;公共停车场,108.86784899698782,34.226444891251134,雁塔区,108.87244,34.224831
B0G09ZNJPI,唐沣国际东侧停车场,交通设施服务;停车场;公共停车场,108.88330603353936,34.225115222568405,雁塔区,108.887887,34.223485
B0LRHA7S52,西安西正印制有限公司停车场,交通设施服务;停车场;公共停车场,108.87277446515375,34.22338491135552,雁塔区,108.877361,34.221764
B0FFGVH3H0,中铁缤纷南郡停车场,交通设施服务;停车场;公共停车场,108.86046368604056,34.20608290125368,雁塔区,108.865061,34.204472
BV11536295,化龙二路科技二路口(公交站),交通设施服务;公交车站;公交车站相关,108.8488923671588,34.226996983622136,雁塔区,108.853507,34.225412
BV11466509,化龙三路科技六路口(公交站),交通设施服务;公交车站;公交车站相关,108.84741223499512,34.21339728510593,雁塔区,108.852028,34.21181
B0GKHU0YOO,尚品国际停车场,交通设施服务;停车场;公共停车场,108.88797175476596,34.215291826539215,雁塔区,108.892551,34.213655
BV11126047,丈八西路丈八三路口(公交站),交通设施服务;公交车站;公交车站相关,108.87149433741824,34.19989963535698,雁塔区,108.87608,34.198272
B0HG1CRYAU,坤元SOHO北地面停车场,交通设施服务;停车场;公共停车场,108.89837038157644,34.2103103156656,雁塔区,108.902951,34.208668
B0L2BAJ7FM,34路公交调度站,交通设施服务;交通服务相关;交通服务相关,108.86888333616122,34.22174388983238,雁塔区,108.873473,34.220127
B0HD9513I4,陕商投资大厦停车场,交通设施服务;停车场;公共停车场,108.87015804497854,34.22702054793545,雁塔区,108.874747,34.225404
B0H6PCRA2N,宝德·云谷国际地下停车场,交通设施服务;停车场;公共停车场,108.86850434866956,34.19227056516806,雁塔区,108.873092,34.190644
B0HGFC6L8W,高新NEWORLD地下停车场,交通设施服务;停车场;公共停车场,108.87746660106814,34.22331584282909,雁塔区,108.88205,34.22169
B0H6P7RW9B,陕西永利国际金融中心停车场,交通设施服务;停车场;公共停车场,108.87936210419656,34.19205439591027,雁塔区,108.883942,34.190416
BV11198285,鱼化一路科技六路口(公交站),交通设施服务;公交车站;公交车站相关,108.86483510053166,34.21241091323244,雁塔区,108.869428,34.210796
B0KRM724N1,星光耀广场地下停车场,交通设施服务;停车场;公共停车场,108.86347960987536,34.20031420038525,雁塔区,108.868073,34.198697
BV10070378,枫林绿洲(公交站),交通设施服务;公交车站;公交车站相关,108.89406113362068,34.21840446596708,雁塔区,108.898641,34.216766
B0IBAHFHLX,兰乔圣菲南区停车场,交通设施服务;停车场;公共停车场,108.9001575539829,34.20984766075897,雁塔区,108.904739,34.208205
B0FFILHBVS,绿地世纪城停车场,交通设施服务;停车场;公共停车场,108.86911361472472,34.19590311733268,雁塔区,108.873701,34.194277
BV10422075,丈八西路西段(公交站),交通设施服务;公交车站;公交车站相关,108.852152343728,34.19916921329405,雁塔区,108.85676,34.197569
B0LBZRHV7B,高新诚园停车场,交通设施服务;停车场;公共停车场,108.90232645937635,34.20757648372832,雁塔区,108.906909,34.205933
BV10069938,康家湾(公交站),交通设施服务;公交车站;公交车站相关,108.88487252044656,34.186880490397165,雁塔区,108.88945,34.185236
BV11466502,锦业路丈八一路口(公交站),交通设施服务;公交车站;公交车站相关,108.88005510741552,34.19610366398773,雁塔区,108.884635,34.194466
BV10073046,高新三中(公交站),交通设施服务;公交车站;公交车站相关,108.8589422245155,34.201209291702554,雁塔区,108.863541,34.199599
B0HD5UHGXP,西格玛大厦停车场,交通设施服务;停车场;公共停车场,108.88209467890088,34.22443652718054,雁塔区,108.886676,34.222807
BV09277204,唐延路永阳一巷口(公交站),交通设施服务;公交车站;公交车站相关,108.88707659118538,34.20359735062698,雁塔区,108.891655,34.201957
B0HAOSJAUP,中国人寿壹中心地下停车场,交通设施服务;停车场;公共停车场,108.88594597008232,34.20910974322684,雁塔区,108.890525,34.207472
BV10921725,西沣一路东段(公交站),交通设施服务;公交车站;公交车站相关,108.90407695175844,34.18626450485417,雁塔区,108.908659,34.184614
B0H0NARV0G,永阳公园地下停车场,交通设施服务;停车场;公共停车场,108.88614499330257,34.196768074974095,雁塔区,108.890723,34.195126
B0I2GDENMP,茶张馨苑地下停车场,交通设施服务;停车场;公共停车场,108.86811442987911,34.21169247643183,雁塔区,108.872704,34.210073
B0JU4HETK9,红星美凯龙生活馆地下停车场,交通设施服务;停车场;公共停车场,108.88124071564098,34.18236818218925,雁塔区,108.885819,34.180725
BV11581157,鱼化三路科技二路口(公交站),交通设施服务;公交车站;公交车站相关,108.85585515821796,34.22742431028624,雁塔区,108.86046,34.225828
B0L02DMWV6,九树公寓东门停车场(入口),交通设施服务;停车场;停车场入口,108.8877387212613,34.22792816573051,雁塔区,108.892319,34.226296
B0HGAZZHAB,粤汉国际停车场,交通设施服务;停车场;公共停车场,108.86908965846877,34.19508636023057,雁塔区,108.873677,34.19346
B0FFH2NW3Q,中大国际9号地下停车场,交通设施服务;停车场;公共停车场,108.89262985223296,34.22509456141519,雁塔区,108.89721,34.223459
BV10071328,高新水晶岛(公交站),交通设施服务;公交车站;公交车站相关,108.8772704282844,34.211577809764314,雁塔区,108.881853,34.209948
BV11115950,高新六路科技四路口(公交站),交通设施服务;公交车站;公交车站相关,108.87257239779662,34.22229207637227,雁塔区,108.877159,34.220671
B0L2SU5REE,境商未来中心地面停车场,交通设施服务;停车场;公共停车场,108.8863371610747,34.19508376095083,雁塔区,108.890915,34.193441
B0IA97SRD7,陕西省游泳跳水馆地面停车场,交通设施服务;停车场;公共停车场,108.88462735144395,34.20075770835647,雁塔区,108.889206,34.199118
B0HGR7NX0L,陕西配电网大厦地下停车场,交通设施服务;停车场;公共停车场,108.88588806300184,34.220309768060126,雁塔区,108.890468,34.218676
B0L0PL18PS,万达天鼎 公共地下停车场,交通设施服务;停车场;公共停车场,108.88532262853612,34.21181238968061,雁塔区,108.889902,34.210176
B0FFHUVZ5H,龙旗科技园停车场,交通设施服务;停车场;公共停车场,108.869408997991,34.19442597418873,雁塔区,108.873996,34.192799
B0LBRLCZ51,26号停车场(丈八西路),交通设施服务;停车场;公共停车场,108.856529240185,34.2000859577816,雁塔区,108.861131,34.198479
BV11493283,丈八四路科技八路口(公交站),交通设施服务;公交车站;公交车站相关,108.86393360528729,34.20655870322472,雁塔区,108.868527,34.204943
B0FFHU9GDS,水晶国际停车场,交通设施服务;停车场;公共停车场,108.89762458172396,34.2241892849227,雁塔区,108.902206,34.222552
BV11156520,子午大道西沣三路口(公交站),交通设施服务;公交车站;公交车站相关,108.89990891341424,34.18198395586211,雁塔区,108.904488,34.180332
B0L1PZ57L1,瑞越停车场,交通设施服务;停车场;公共停车场,108.8548429142512,34.213581642420394,雁塔区,108.859448,34.211982
B0JB35EQP5,启迪中心地下停车场,交通设施服务;停车场;公共停车场,108.88003450594792,34.22849333051638,雁塔区,108.884617,34.226867
B0H1FAEFWR,西安丽思卡尔顿酒店停车场,交通设施服务;停车场;公共停车场,108.8936936568888,34.22529887276706,雁塔区,108.898274,34.223663
BV11214450,鱼化一路科技五路口(公交站),交通设施服务;公交车站;公交车站相关,108.86365036658124,34.21816225664372,雁塔区,108.868245,34.216551
B0FFHUNB3J,融侨馨苑停车场(融侨馨苑西区西北),交通设施服务;停车场;公共停车场,108.90032990039089,34.20436655883392,雁塔区,108.904911,34.202722
B0H0LZH2L5,云顶园西停车场,交通设施服务;停车场;公共停车场,108.89232424389836,34.22071201731087,雁塔区,108.896904,34.219075
B0FFJUCMUH,融城云谷C座停车场,交通设施服务;停车场;公共停车场,108.8807291325558,34.22450437706551,雁塔区,108.885311,34.222876
B0LA1CBU1G,启迪中心地面停车场,交通设施服务;停车场;公共停车场,108.87959138312748,34.227440323113086,雁塔区,108.884174,34.225814
BV11104872,沈家桥一路西沣一路口(公交站),交通设施服务;公交车站;公交车站相关,108.89327988945426,34.18584526604935,雁塔区,108.897857,34.184196
BV11192458,南三环子午大道口(公交站),交通设施服务;公交车站;公交车站相关,108.90019417341207,34.189364576466566,雁塔区,108.904774,34.187715
B0G0FLB2ZJ,绿地都市之门C座地下停车场,交通设施服务;停车场;公共停车场,108.8826088978886,34.19897681228164,雁塔区,108.887188,34.197338
B0HG7SL2G1,永威·时代中心地面停车场,交通设施服务;停车场;公共停车场,108.87561694390514,34.192476642935745,雁塔区,108.880199,34.190842
B0FFGJURGD,万科·金域国际停车场,交通设施服务;停车场;专用停车场,108.8902311950936,34.22324518864339,雁塔区,108.894811,34.22161
B0JG6MHPIZ,雁南公园停车点,交通设施服务;停车场;公共停车场,108.89792746169351,34.18666120684947,雁塔区,108.902506,34.185011
B0IB1SD0U8,甘家寨东停车场,交通设施服务;停车场;公共停车场,108.89691041322008,34.21718665186914,雁塔区,108.901491,34.215547
BV11451608,西三环丈八立交东(公交站),交通设施服务;公交车站;公交车站相关,108.84706234842224,34.205365459933034,雁塔区,108.851678,34.203776
B0JR5AQW0R,陕西省体育馆地面停车场,交通设施服务;停车场;公共停车场,108.88432188905156,34.20556285450649,雁塔区,108.888901,34.203925
B0HG7SKFYE,绿地·智海大厦停车场,交通设施服务;停车场;公共停车场,108.8837576186275,34.19449418443025,雁塔区,108.888336,34.192853
B0FFGG7L1S,罗曼公社停车场,交通设施服务;停车场;公共停车场,108.898402557584,34.20793514263951,雁塔区,108.902983,34.206292
B0HGOUVM8R,绿地中央广场地下停车场,交通设施服务;停车场;公共停车场,108.87288573541902,34.19608550623219,雁塔区,108.87747,34.194455
BV10069800,小寨(地铁站),交通设施服务;地铁站;地铁站,108.94211460408695,34.224439163313704,雁塔区,108.946767,34.222838
BV09155065,电视塔(地铁站),交通设施服务;地铁站;地铁站,108.94279172666944,34.19969059689718,雁塔区,108.947444,34.198082
BV10073378,三爻(地铁站),交通设施服务;地铁站;地铁站,108.9412631564376,34.18463727589156,雁塔区,108.94591,34.183021
BV10069778,大雁塔(地铁站),交通设施服务;地铁站;地铁站,108.95929249779827,34.22498112200368,雁塔区,108.963999,34.223416
BV10069556,吉祥村(地铁站),交通设施服务;地铁站;地铁站,108.9286782039092,34.22427427957804,雁塔区,108.933298,34.222653
BV10592303,太白南路(地铁站),交通设施服务;地铁站;地铁站,108.91205503420449,34.227287107861834,雁塔区,108.916648,34.225653
B001D06BR5,西安城南客运站,交通设施服务;长途汽车站;长途汽车站,108.93270444661728,34.18660299010468,雁塔区,108.93733,34.184974
BV09473670,八里村(地铁站),交通设施服务;地铁站;地铁站,108.94201770048072,34.21419698085699,雁塔区,108.946669,34.212592
BV09247297,大唐不夜城(地铁站),交通设施服务;地铁站;地铁站,108.959093356494,34.198477840543106,雁塔区,108.963797,34.196903
BV09247296,安化门(地铁站),交通设施服务;地铁站;地铁站,108.91480179128976,34.1999952327829,雁塔区,108.919396,34.198353
BV11286583,东仪路(地铁站),交通设施服务;地铁站;地铁站,108.923737764883,34.20005816276207,雁塔区,108.928346,34.198423
B0FFHSIN65,陕西历史博物馆停车场,交通设施服务;停车场;公共停车场,108.94942508963078,34.225381858898835,雁塔区,108.954099,34.223795
BV10069809,五二一医院(公交站),交通设施服务;公交车站;公交车站相关,108.9186862226519,34.20011656870764,雁塔区,108.923286,34.198477
B0FFFCLOSU,西安城南客运站停车场,交通设施服务;停车场;公共停车场,108.93339678079676,34.187459744234125,雁塔区,108.938024,34.185832
B001D0WJ9F,大雁塔北广场北地面停车场,交通设施服务;停车场;公共停车场,108.96115206269508,34.22323527467963,雁塔区,108.965865,34.221674
B0G0RCEGQ6,赛格国际购物中心立体停车场,交通设施服务;停车场;公共停车场,108.94447492086782,34.22484473159648,雁塔区,108.949134,34.223248
B001D154Q5,大雁塔北广场东侧南区停车场,交通设施服务;停车场;公共停车场,108.96115418903338,34.22159585806494,雁塔区,108.965867,34.220034
B0HRLZ02ED,西安交通大学第一附属医院总院地下停车场,交通设施服务;停车场;公共停车场,108.93348591420418,34.220441351691484,雁塔区,108.938116,34.218825
B0LGL5O9UD,西安万象城地下停车场,交通设施服务;停车场;公共停车场,108.94418505364686,34.19642315482653,雁塔区,108.948841,34.194816
B0H6H5G0U1,西安大悦城地下停车场,交通设施服务;停车场;公共停车场,108.95743452089744,34.21786103794825,雁塔区,108.962134,34.216289
BV10070804,沙井村南(公交站),交通设施服务;公交车站;公交车站相关,108.90565798340388,34.22037164908488,雁塔区,108.910244,34.218733
BV10069561,公交五公司(公交站),交通设施服务;公交车站;公交车站相关,108.91432305652124,34.22944315322789,雁塔区,108.918919,34.227811
B0IG356GBP,隋大兴唐长安城明德门遗址公园停车场,交通设施服务;停车场;公共停车场,108.9375242332698,34.20626526276154,雁塔区,108.942163,34.20465
BV10069799,小寨(公交站),交通设施服务;公交车站;公交车站相关,108.94472025247538,34.224376442875794,雁塔区,108.94938,34.22278
BV10069804,吴家坟(公交站),交通设施服务;公交车站;公交车站相关,108.94204933081204,34.20532900134725,雁塔区,108.9467,34.203721
B0G07A1FW9,银泰百货西安曲江店地下停车场,交通设施服务;停车场;公共停车场,108.95815285842558,34.207895848963446,雁塔区,108.962854,34.206322
BV11473906,西安城南客运站(公交站),交通设施服务;公交车站;公交车站相关,108.93365623756604,34.18669562616752,雁塔区,108.938284,34.185068
BV11689529,大雁塔北广场(公交站),交通设施服务;公交车站;公交车站相关,108.95612750215986,34.2236339806484,雁塔区,108.960823,34.222061
BV10069555,吉祥村(公交站),交通设施服务;公交车站;公交车站相关,108.92630097435116,34.224509940094514,雁塔区,108.930916,34.222886
BV10405038,城南客运站(公交站),交通设施服务;公交车站;公交车站相关,108.9320020035508,34.18707179675871,雁塔区,108.936626,34.185442
B0G0LCIWHY,MOMOPARK艺术购物中心地下停车场,交通设施服务;停车场;公共停车场,108.92805360944855,34.222809552391354,雁塔区,108.932672,34.221187
BV10069594,西三爻(公交站),交通设施服务;公交车站;公交车站相关,108.93533772616028,34.19299510515595,雁塔区,108.93997,34.191372
BV10069551,朱雀大街青松路口(公交站),交通设施服务;公交车站;公交车站相关,108.93445924194822,34.21275966957446,雁塔区,108.939091,34.211142
BX10014100,三爻地铁站B西南口,交通设施服务;地铁站;出入口,108.9409650269894,34.183868040587235,雁塔区,108.945611,34.182251
BV11146312,电子正街电子二路口(公交站),交通设施服务;公交车站;公交车站相关,108.91498152419194,34.21281272032692,雁塔区,108.919577,34.211175
BV09532473,大唐不夜城(公交站),交通设施服务;公交车站;公交车站相关,108.95877994516178,34.21692921673355,雁塔区,108.963484,34.21536
BV10405373,杜城(公交站),交通设施服务;公交车站;公交车站相关,108.90935029769513,34.18626332142771,雁塔区,108.913937,34.184614
BV11123713,交大一附院(公交站),交通设施服务;公交车站;公交车站相关,108.93583035283862,34.219920105670795,雁塔区,108.940466,34.218307
BX10021625,大雁塔地铁站B西南口,交通设施服务;地铁站;出入口,108.95813959206394,34.22398820282639,雁塔区,108.962842,34.22242
BX10021956,吉祥村地铁站D东北口,交通设施服务;地铁站;出入口,108.9296511604682,34.22423110011732,雁塔区,108.934273,34.222611
BV09159139,电视塔北(公交站),交通设施服务;公交车站;公交车站相关,108.94071353083676,34.19840567665986,雁塔区,108.94536,34.196793
BX10014062,小寨地铁站A西北口,交通设施服务;地铁站;出入口,108.94189215390293,34.2252202736365,雁塔区,108.946544,34.223619
BX10014099,三爻地铁站A西北口,交通设施服务;地铁站;出入口,108.94078541145106,34.18511194640547,雁塔区,108.945431,34.183495
BV10070675,大雁塔南广场(公交站),交通设施服务;公交车站;公交车站相关,108.95894337552066,34.21692783057018,雁塔区,108.963648,34.215359
BV11070564,太白路科技路口(公交站),交通设施服务;公交车站;公交车站相关,108.91147668363128,34.22754427506102,雁塔区,108.916069,34.22591
BX10014065,小寨地铁站C东南口,交通设施服务;地铁站;出入口,108.94238393889196,34.22344804265741,雁塔区,108.947037,34.221847
BV09162702,电视塔南(公交站),交通设施服务;公交车站;公交车站相关,108.94103090483516,34.195548088482354,雁塔区,108.945678,34.193935
BX10021627,大雁塔地铁站C东南口,交通设施服务;地铁站;出入口,108.96095669726476,34.22399947467796,雁塔区,108.965669,34.222438
B0HGRCN264,西安·新乐汇地下停车场,交通设施服务;停车场;公共停车场,108.9615432796969,34.215685008621946,雁塔区,108.966257,34.214122
B0H2KS830E,西安万象天地地下停车场,交通设施服务;停车场;公共停车场,108.94657372578868,34.200941104674826,雁塔区,108.951237,34.19934
BV10070821,丁白村(公交站),交通设施服务;公交车站;公交车站相关,108.9157358649424,34.22074745276816,雁塔区,108.920333,34.219113
BX09905435,电视塔地铁站C东南口,交通设施服务;地铁站;出入口,108.94397641053116,34.19937054985451,雁塔区,108.948632,34.197764
BV10069550,杨家村(公交站),交通设施服务;公交车站;公交车站相关,108.93344910093607,34.20679118881277,雁塔区,108.938078,34.20517
BV10069615,北山门(公交站),交通设施服务;公交车站;公交车站相关,108.91295461826157,34.20655900421943,雁塔区,108.917547,34.204918
BV10069548,明德门(公交站),交通设施服务;公交车站;公交车站相关,108.93457482322746,34.20214016201747,雁塔区,108.939206,34.200519
BV10069801,八里村(公交站),交通设施服务;公交车站;公交车站相关,108.94194191100668,34.21417512221335,雁塔区,108.946593,34.21257
B0H10HU720,西安城南客运站(进站口),交通设施服务;长途汽车站;进站,108.93310847554928,34.18712725768034,雁塔区,108.937735,34.185499
BV10070589,徐家庄(公交站),交通设施服务;公交车站;公交车站相关,108.90716294330169,34.22955601185426,雁塔区,108.911751,34.227921
BX10021684,太白南路地铁站C2东南口,交通设施服务;地铁站;出入口,108.91270732942192,34.22637812590248,雁塔区,108.917301,34.224744
B0JU5RATYB,南飞鸿·乐荟中心地下停车场,交通设施服务;停车场;公共停车场,108.93602860026424,34.18603934864844,雁塔区,108.940662,34.184415
BX09914223,电视塔地铁站E1口,交通设施服务;地铁站;出入口,108.94081219964882,34.19921323544534,雁塔区,108.945459,34.197601
BX09903466,电视塔地铁站D东北口,交通设施服务;地铁站;出入口,108.94276473425889,34.20052836222868,雁塔区,108.947417,34.19892
B0IUY5PGRV,小寨·原力场地下停车场,交通设施服务;停车场;公共停车场,108.94148820508735,34.22591173114511,雁塔区,108.946139,34.22431
BV11040191,三爻(公交站),交通设施服务;公交车站;公交车站相关,108.94064084028275,34.18462135324214,雁塔区,108.945286,34.183004
BX10014064,小寨地铁站D东北口,交通设施服务;地铁站;出入口,108.94268000257452,34.22484201119606,雁塔区,108.947334,34.223242
BV11133259,电子正街丈八东路口(公交站),交通设施服务;公交车站;公交车站相关,108.91382604838392,34.20011074574126,雁塔区,108.918419,34.198468
BV10069596,南郊储配厂(公交站),交通设施服务;公交车站;公交车站相关,108.93451835969434,34.19715692643129,雁塔区,108.939149,34.195534
B0FFHEILMO,大兴善寺地下停车场,交通设施服务;停车场;公共停车场,108.93769709498768,34.22729755134352,雁塔区,108.942338,34.22569
B0H6MRI168,阳阳国际广场地面停车场,交通设施服务;停车场;公共停车场,108.93351495266748,34.21912577952524,雁塔区,108.938145,34.217509
B0H0T7PTBO,南飞鸿·乐荟里地下停车场,交通设施服务;停车场;公共停车场,108.93724348073611,34.18721408669609,雁塔区,108.94188,34.185592
BV10069710,二府庄(公交站),交通设施服务;公交车站;公交车站相关,108.92727175648034,34.2157969576783,雁塔区,108.931888,34.214171
B0G3JU7CZG,停车场,交通设施服务;停车场;公共停车场,108.94146323434325,34.21403601009404,雁塔区,108.946113,34.21243
B0GK65QINW,赛格国际购物中心立体停车场(入口),交通设施服务;停车场;停车场入口,108.9446104864398,34.22539328051274,雁塔区,108.94927,34.223797
BX10014098,三爻地铁站D东北口,交通设施服务;地铁站;出入口,108.94157028886345,34.185011619615,雁塔区,108.946218,34.183396
B0H2N5EP39,金莎国际购物广场地下停车场,交通设施服务;停车场;公共停车场,108.9429529784603,34.22806635041114,雁塔区,108.947608,34.226468
BV11115944,朱雀大街小寨路口(公交站),交通设施服务;公交车站;公交车站相关,108.9358309801166,34.22451645553399,雁塔区,108.940467,34.222905
B0G0O5VQXP,金辉广场购物中心停车场,交通设施服务;停车场;公共停车场,108.95993368100612,34.18285298402327,雁塔区,108.964639,34.181275
BV11688619,太白路科创路口(公交站),交通设施服务;公交车站;公交车站相关,108.91034030456966,34.22308435724893,雁塔区,108.914931,34.221448
BX10014028,八里村地铁站A西北口,交通设施服务;地铁站;出入口,108.94162075746029,34.21460853390953,雁塔区,108.946271,34.213003
BV11045319,陕西历史博物馆(公交站),交通设施服务;公交车站;公交车站相关,108.95281142119651,34.22446605326645,雁塔区,108.957496,34.222886
BV09528890,大唐不夜城(南)(公交站),交通设施服务;公交车站;公交车站相关,108.95959515521668,34.20391180395287,雁塔区,108.964301,34.20234
BV10405062,雁塔西路东口(公交站),交通设施服务;公交车站;公交车站相关,108.9562335393765,34.218775477374386,雁塔区,108.960929,34.217201
BV11116144,雁塔南路雁南三路口(公交站),交通设施服务;公交车站;公交车站相关,108.95959507111873,34.2049464503714,雁塔区,108.964301,34.203375
B0H2MM0TEI,唐城宾馆停车场,交通设施服务;停车场;公共停车场,108.92767694452296,34.22816505498735,雁塔区,108.932295,34.226544
B0GK1714BM,小寨银泰城地下停车场,交通设施服务;停车场;公共停车场,108.93637260537452,34.22501444989356,雁塔区,108.94101,34.223404
BX09914346,安化门地铁站A口,交通设施服务;地铁站;出入口,108.9147967491481,34.20060402990396,雁塔区,108.919391,34.198962
B0FFJSV401,大雁塔北广场地下停车场,交通设施服务;停车场;公共停车场,108.95917997498395,34.22396075788899,雁塔区,108.963886,34.222395
BX10021955,吉祥村地铁站A1西北口,交通设施服务;地铁站;出入口,108.92757942328434,34.22466943679493,雁塔区,108.932197,34.223047
B0H64LKNSZ,麦德龙西安雁塔商场停车场,交通设施服务;停车场;公共停车场,108.93986494725084,34.19655973554568,雁塔区,108.944509,34.194945
B0H6H5H9J2,西安大悦城地下停车场(入口),交通设施服务;停车场;停车场入口,108.95732595951029,34.21704757785072,雁塔区,108.962025,34.215475
BV10070711,南山门(公交站),交通设施服务;公交车站;公交车站相关,108.90943610279756,34.200081708402394,雁塔区,108.914024,34.198437
BV11123729,长安路雁塔西路口(公交站),交通设施服务;公交车站;公交车站相关,108.94195651031086,34.21862952320921,雁塔区,108.946608,34.217026
B0G0TLGC3M,曼蒂广场地下停车场,交通设施服务;停车场;公共停车场,108.96164093053504,34.21567177418747,雁塔区,108.966355,34.214109
BV11064958,太白路电子一路口(公交站),交通设施服务;公交车站;公交车站相关,108.90843450114168,34.22013306995015,雁塔区,108.913023,34.218495
BX10014063,小寨地铁站B西南口,交通设施服务;地铁站;出入口,108.941766623409,34.22368104994187,雁塔区,108.946418,34.222079
B0FFH32PCM,陕西师范大学雁塔校区西地面停车场,交通设施服务;停车场;公共停车场,108.94892813681702,34.20674844763249,雁塔区,108.953599,34.205154
B0G0RHD648,华旗国际广场停车场,交通设施服务;停车场;公共停车场,108.94280880067971,34.222895481684795,雁塔区,108.947463,34.221295
BX09903467,电视塔地铁站A2西北口,交通设施服务;地铁站;出入口,108.9411641437394,34.200494195955095,雁塔区,108.945812,34.198883
B0JA37SCRZ,小寨公园停车场,交通设施服务;停车场;公共停车场,108.94182004884632,34.21661247817675,雁塔区,108.946471,34.215008
BV10773892,丈八东路东仪路口(公交站),交通设施服务;公交车站;公交车站相关,108.9236219270664,34.20064807754007,雁塔区,108.92823,34.199013
BX10021628,大雁塔地铁站D东北口,交通设施服务;地铁站;出入口,108.96010367588072,34.22459232242514,雁塔区,108.964813,34.223029
BX10014031,八里村地铁站B西南口,交通设施服务;地铁站;出入口,108.9415978906458,34.21373588026451,雁塔区,108.946248,34.21213
BV11115942,吉祥路永松路口(公交站),交通设施服务;公交车站;公交车站相关,108.91902075155156,34.224444812653395,雁塔区,108.923623,34.222814
BV10069709,省肿瘤医院(公交站),交通设施服务;公交车站;公交车站相关,108.92803388019604,34.21994859982616,雁塔区,108.932652,34.218325
B0H6MRHIAF,阳阳国际广场地下停车场,交通设施服务;停车场;公共停车场,108.931897643512,34.21927296078625,雁塔区,108.936524,34.217654
B0FFG0YUKO,曲江国际会议中心地下停车场,交通设施服务;停车场;公共停车场,108.9514870371067,34.19547495819701,雁塔区,108.956165,34.193882
BV10070752,瓦胡同村(公交站),交通设施服务;公交车站;公交车站相关,108.95262904752624,34.19943418487973,雁塔区,108.957311,34.197845
BV10069807,潘家庄(公交站),交通设施服务;公交车站;公交车站相关,108.92859931465736,34.20009481901018,雁塔区,108.933217,34.198465
BX09914401,东仪路地铁站C口,交通设施服务;地铁站;出入口,108.92475092740484,34.199727249656895,雁塔区,108.929361,34.198093
BV10070676,市委党校(公交站),交通设施服务;公交车站;公交车站相关,108.96495809408415,34.224725258594134,雁塔区,108.969685,34.223174
BX10024816,小寨地铁站E东北口,交通设施服务;地铁站;出入口,108.94324143910222,34.22472404180565,雁塔区,108.947897,34.223125
BX10021683,太白南路地铁站C1东南口,交通设施服务;地铁站;出入口,108.91229678046568,34.22689113835182,雁塔区,108.91689,34.225257
BV09404913,地铁8号线大唐不夜城塔站(公交站),交通设施服务;公交车站;公交车站相关,108.95927269724206,34.198870282342334,雁塔区,108.963977,34.197296
BX10021626,大雁塔地铁站A西北口,交通设施服务;地铁站;出入口,108.95836376792742,34.22457346555715,雁塔区,108.963067,34.223006
B0L2UADVHG,明德·盛荟地下停车场,交通设施服务;停车场;公共停车场,108.93808773671154,34.20700910802581,雁塔区,108.942728,34.205395
BV11153930,翠华路雁南一路口(公交站),交通设施服务;公交车站;公交车站相关,108.95181557651549,34.212842324834874,雁塔区,108.956496,34.211256
BX10014030,八里村地铁站C东南口,交通设施服务;地铁站;出入口,108.94236777379444,34.21368853881035,雁塔区,108.94702,34.212084
BX09913608,大唐不夜城地铁站D口,交通设施服务;地铁站;出入口,108.95980581583196,34.19898896991711,雁塔区,108.964512,34.197416
B0H1MUYKSE,陕西省肿瘤医院停车场,交通设施服务;停车场;公共停车场,108.92830524429888,34.220933926481884,雁塔区,108.932924,34.219311
B0I0XUDQ1M,大慈恩寺停车点,交通设施服务;停车场;公共停车场,108.96126982005548,34.22105476992011,雁塔区,108.965983,34.219493
B0JBP55FZH,西安大悦城立体停车场,交通设施服务;停车场;公共停车场,108.95738658079658,34.21914369355169,雁塔区,108.962086,34.217572
BX10021957,吉祥村地铁站B西南口,交通设施服务;地铁站;出入口,108.9276553559312,34.22359973447172,雁塔区,108.932273,34.221977
B0IGUDWPWR,西安威斯汀大酒店地下停车点,交通设施服务;停车场;公共停车场,108.95768177342322,34.216607906742425,雁塔区,108.962382,34.215036
BV10069617,双桥头(公交站),交通设施服务;公交车站;公交车站相关,108.91509384370704,34.19448790602695,雁塔区,108.919688,34.192844
BX09914348,安化门地铁站C口,交通设施服务;地铁站;出入口,108.91593228227012,34.199702638368,雁塔区,108.920528,34.198061
B0FFGH8NK5,陕西自然博物馆西门停车场,交通设施服务;停车场;公共停车场,108.94136174464217,34.19878443014504,雁塔区,108.94601,34.197173
BV11181461,雁塔南路雁南一路口(公交站),交通设施服务;公交车站;公交车站相关,108.95538185659908,34.21325835568874,雁塔区,108.960074,34.21168
BX10021958,太白南路地铁站A西北口,交通设施服务;地铁站;出入口,108.91112405086083,34.22794727989864,雁塔区,108.915716,34.226313
B0HROCMJX3,兵器工业总医院停车场,交通设施服务;停车场;公共停车场,108.91861039523262,34.19941686265881,雁塔区,108.92321,34.197777
BV11116795,电子南街雁环路口(公交站),交通设施服务;公交车站;公交车站相关,108.9147281134596,34.18471733259143,雁塔区,108.919321,34.18307
BV10070889,大唐芙蓉园西门(公交站),交通设施服务;公交车站;公交车站相关,108.96337884438508,34.21318234713561,雁塔区,108.968099,34.211623
B0H10HTZH5,西安城南客运站(出站口),交通设施服务;长途汽车站;出站,108.93257469920418,34.18714799118933,雁塔区,108.9372,34.185519
B0G0C9ZFFO,壹洋堂地下停车场,交通设施服务;停车场;公共停车场,108.96073156423871,34.21095164313256,雁塔区,108.965442,34.209385
B0FFIDJ58Y,大雁塔北广场南停车场,交通设施服务;停车场;公共停车场,108.96131667162491,34.2208207392993,雁塔区,108.96603,34.219259
BX09914501,电视塔地铁站E2口,交通设施服务;地铁站;出入口,108.94050500516384,34.19947067427901,雁塔区,108.945151,34.197858
BX09913607,大唐不夜城地铁站B口,交通设施服务;地铁站;出入口,108.95877948917584,34.19801373989962,雁塔区,108.963482,34.196438
BV11156262,含光路崇业路口(公交站),交通设施服务;公交车站;公交车站相关,108.92729667069275,34.228661313083016,雁塔区,108.931914,34.22704
BV10069552,西八里村(公交站),交通设施服务;公交车站;公交车站相关,108.9343263329,34.21554688422913,雁塔区,108.938958,34.21393
BX09913603,安化门地铁站B口,交通设施服务;地铁站;出入口,108.91357839177734,34.19973300659953,雁塔区,108.918171,34.19809
B0G0T1GRD2,西安·莱安中心地下停车场,交通设施服务;停车场;公共停车场,108.94642126558035,34.19986076563724,雁塔区,108.951084,34.198259
BX09913680,东仪路地铁站B口,交通设施服务;地铁站;出入口,108.9223043344811,34.1997196489994,雁塔区,108.92691,34.198083
BX09913678,东仪路地铁站A口,交通设施服务;地铁站;出入口,108.92223640689684,34.20028352123333,雁塔区,108.926842,34.198647
BV11154475,翠华路南段(公交站),交通设施服务;公交车站;公交车站相关,108.95181596604267,34.20803399508853,雁塔区,108.956496,34.206446
BX10021680,太白南路地铁站D1东北口,交通设施服务;地铁站;出入口,108.91290798066144,34.22768455113143,雁塔区,108.917502,34.226051
BV10422057,翠华路雁塔西路口(公交站),交通设施服务;公交车站;公交车站相关,108.95189877695238,34.21939883329238,雁塔区,108.95658,34.217815
BV11156731,丈八东路东口(公交站),交通设施服务;公交车站;公交车站相关,108.9391874778426,34.19970480659405,雁塔区,108.94383,34.19809
BX10026250,大雁塔地铁站E东北口,交通设施服务;地铁站;出入口,108.9595645012586,34.22550028589362,雁塔区,108.964272,34.223936
B0H617ROAV,西安国际贸易中心停车场,交通设施服务;停车场;公共停车场,108.94250457281858,34.2238316894736,雁塔区,108.947158,34.222231
B0FFG4ZHH6,雁南二路-道路停车位,交通设施服务;停车场;路边停车场,108.96266796803008,34.20659640271977,雁塔区,108.967385,34.205033
B0HKYC01F5,电信科学技术第十研究所地面停车场,交通设施服务;停车场;公共停车场,108.94961401495088,34.21908373147057,雁塔区,108.954288,34.217495
B0IAX731KI,陕西融通军民服务社购物中心地面停车场,交通设施服务;停车场;公共停车场,108.94084235979564,34.22095663319327,雁塔区,108.945491,34.219352
B0H0FCNQQB,银泰百货西安曲江店A馆地下停车场,交通设施服务;停车场;公共停车场,108.95809612304043,34.207056271337585,雁塔区,108.962797,34.205482
B0J3ZHTBYV,陕西省文化馆曲江馆区西地下停车场,交通设施服务;停车场;公共停车场,108.9621035226548,34.212539737110866,雁塔区,108.966819,34.210977
B0FFK5E9Q7,威斯汀酒店地下停车场,交通设施服务;停车场;公共停车场,108.95657064066916,34.215775768252804,雁塔区,108.961267,34.214201
B0FFH2ODJ6,大唐通易坊地面停车场,交通设施服务;停车场;公共停车场,108.9527001704203,34.21969000719448,雁塔区,108.957384,34.218108
BX09914367,大唐不夜城地铁站C口,交通设施服务;地铁站;出入口,108.95980591421676,34.19777837692178,雁塔区,108.964512,34.196205
BX10021681,太白南路地铁站D3东北口,交通设施服务;地铁站;出入口,108.91343834271616,34.227467357433405,雁塔区,108.918033,34.225834
BV11170220,丈八东路朱雀大街口(公交站),交通设施服务;公交车站;公交车站相关,108.93533717872596,34.19979882950893,雁塔区,108.93997,34.198178
BV11584768,电子西街205所(公交站),交通设施服务;公交车站;公交车站相关,108.90914686884832,34.20669455202208,雁塔区,108.913735,34.205052
BV10069616,紫薇城市花园(公交站),交通设施服务;公交车站;公交车站相关,108.91502230650748,34.20238129338996,雁塔区,108.919617,34.20074
B0FFG2QV1Z,曲江国际会议中心停车场,交通设施服务;停车场;公共停车场,108.94910648456708,34.19569183330461,雁塔区,108.953777,34.194094
BX09914402,东仪路地铁站D口,交通设施服务;地铁站;出入口,108.92469498307736,34.20033310273527,雁塔区,108.929305,34.198699
BX10026249,大雁塔地铁站F西北口,交通设施服务;地铁站;出入口,108.95884501423582,34.225559974138406,雁塔区,108.96355,34.223994
BX10014029,八里村地铁站D东北口,交通设施服务;地铁站;出入口,108.94241855201672,34.21468809748942,雁塔区,108.947071,34.213084
BV11109843,雁环路东仪路口(公交站),交通设施服务;公交车站;公交车站相关,108.92235749289304,34.18414574859821,雁塔区,108.926962,34.182504
B0J6HZEANE,阳光荟地下停车场,交通设施服务;停车场;公共停车场,108.95823436661466,34.21046876667252,雁塔区,108.962936,34.208896
BV10070382,世家星城(公交站),交通设施服务;公交车站;公交车站相关,108.9239029270371,34.194305927473856,雁塔区,108.928511,34.192669
B0G0O5WDF8,金辉环球中心地下停车场,交通设施服务;停车场;公共停车场,108.96216975177629,34.18231571827397,雁塔区,108.966883,34.180743
B0H2HDIISX,陕西大剧院地下停车场,交通设施服务;停车场;公共停车场,108.95827815954856,34.2111484274476,雁塔区,108.96298,34.209576
B0FFG2PAIH,西安交通大学第一附属医院南院区停车场,交通设施服务;停车场;公共停车场,108.93411389656434,34.21479445616014,雁塔区,108.938745,34.213177
BV09528615,小寨(国贸)(公交站),交通设施服务;公交车站;公交车站相关,108.9433790786469,34.224384914273884,雁塔区,108.948035,34.222786
BV10071138,瓦胡同小学(公交站),交通设施服务;公交车站;公交车站相关,108.95188809224672,34.20363735029007,雁塔区,108.956568,34.202048
BV11086237,三爻地铁站A口(公交站),交通设施服务;公交车站;公交车站相关,108.94110455196692,34.18507140980332,雁塔区,108.945751,34.183455
BV10072151,东三爻东(公交站),交通设施服务;公交车站;公交车站相关,108.95929358218874,34.18711712956404,雁塔区,108.963997,34.185539
BV11139543,芙蓉东路芙蓉西路口(公交站),交通设施服务;公交车站;公交车站相关,108.96371408077624,34.219764182225454,雁塔区,108.968436,34.218208
B0FFHU9V81,巴厘公馆停车场,交通设施服务;停车场;专用停车场,108.91780380913532,34.2219016407539,雁塔区,108.922404,34.220269
B0FFIPUU2D,雁塔区吉祥路华润万家停车场,交通设施服务;停车场;路边停车场,108.92078293338632,34.2243324127443,雁塔区,108.925388,34.222703
B0H65UOBG2,锦安坊地下停车场,交通设施服务;停车场;公共停车场,108.9566275511053,34.21450108638237,雁塔区,108.961324,34.212926
BV10070603,曲江国际会议中心(公交站),交通设施服务;公交车站;公交车站相关,108.952934447115,34.19463713124941,雁塔区,108.957617,34.193047
B0FFHW7PO6,贞观广场地下停车场,交通设施服务;停车场;公共停车场,108.9607434237306,34.212156194496615,雁塔区,108.965454,34.21059
BX09903469,电视塔地铁站B西南口,交通设施服务;地铁站;出入口,108.942299154143,34.198978716814125,雁塔区,108.94695,34.197369
B0HGRCNWO4,西安·新乐汇地下停车场(入口),交通设施服务;停车场;停车场入口,108.96168875472485,34.2157226390555,雁塔区,108.966403,34.21416
B0FFH1N4QV,中国信科电信科学技术第四研究所地面停车场,交通设施服务;停车场;专用停车场,108.95242374361564,34.22363419073166,雁塔区,108.957107,34.222053
B0H2HDHWPZ,陕西大剧院停车场,交通设施服务;停车场;公共停车场,108.95741214351192,34.21116444307287,雁塔区,108.962111,34.20959
B0FFGC4POL,慈恩镇北停车场,交通设施服务;停车场;公共停车场,108.95760542072637,34.224154390075775,雁塔区,108.962306,34.222585
B0H6359IUI,玺岸广场停车场,交通设施服务;停车场;公共停车场,108.95085050619126,34.21457375916665,雁塔区,108.955528,34.212986
B0G0XC0C1E,阳明国际地下停车场,交通设施服务;停车场;公共停车场,108.94263046604432,34.22082354415379,雁塔区,108.947284,34.219222
B0JRCS2WVY,西安威斯汀大酒店地下停车点(西口),交通设施服务;停车场;公共停车场,108.95645802205507,34.215788021963675,雁塔区,108.961154,34.214213
B0JB6ZH03I,翠华里停车场,交通设施服务;停车场;公共停车场,108.9520755150567,34.215642786030614,雁塔区,108.956757,34.214058
B0HK4712E6,雁塔园林智慧停车场,交通设施服务;停车场;公共停车场,108.91470480539613,34.188944967674225,雁塔区,108.919298,34.187299
BV11103660,紫薇花园广场(公交站),交通设施服务;公交车站;公交车站相关,108.91392359283124,34.216709955141205,雁塔区,108.918518,34.215073
BX10021954,吉祥村地铁站出入口,交通设施服务;地铁站;出入口,108.928642269444,34.224387282146445,雁塔区,108.933262,34.222766
B0FFHHOOX9,曲江千林郡停车场,交通设施服务;停车场;专用停车场,108.9587967129034,34.18225988280899,长安区,108.963498,34.180679
B0KK411CDJ,西安万象城地下停车场(长安南路A出入口),交通设施服务;停车场;停车场出入口,108.94371522906192,34.19843134604814,雁塔区,108.94837,34.196824
B0FFGFPTK8,联盟新城停车场,交通设施服务;停车场;专用停车场,108.91115240118782,34.18575179810048,雁塔区,108.915741,34.184103
BX10014097,三爻地铁站C东南口,交通设施服务;地铁站;出入口,108.9415972660796,34.18438077699454,雁塔区,108.946245,34.182765
BV09468041,小寨海港城(公交站),交通设施服务;公交车站;公交车站相关,108.94228192481206,34.22711389771999,雁塔区,108.946935,34.225514
BX09913606,大唐不夜城地铁站A口,交通设施服务;地铁站;出入口,108.95904747796074,34.19895378913117,雁塔区,108.963751,34.197379
B0HRLZYSLM,西安交通大学第一附属医院总院地下停车场(入口),交通设施服务;停车场;停车场入口,108.9331736427498,34.220397806821715,雁塔区,108.937803,34.218781
BV11174900,永松路崇业路口(公交站),交通设施服务;公交车站;公交车站相关,108.92164606582188,34.229567753687256,雁塔区,108.926253,34.227941
BV09528073,大雁塔南广场(东)(公交站),交通设施服务;公交车站;公交车站相关,108.96105982494072,34.21793439285227,雁塔区,108.965772,34.216371
BX10021953,吉祥村地铁站A2西北口,交通设施服务;地铁站;出入口,108.92774412513428,34.224232403079185,雁塔区,108.932362,34.22261
B0JR1SOTHK,南三环泊通地面停车场(东门),交通设施服务;停车场;公共停车场,108.93056604069749,34.18884411262788,雁塔区,108.935187,34.187213
BX09903468,电视塔地铁站A1西北口,交通设施服务;地铁站;出入口,108.94159600472744,34.20002660260191,雁塔区,108.946245,34.198416
BV11116149,雁塔南路雁南四路口(公交站),交通设施服务;公交车站;公交车站相关,108.9603439594108,34.19845385685706,雁塔区,108.965052,34.196882
B0GKVH3X1I,城市立方地下停车场(出入口),交通设施服务;停车场;停车场出入口,108.93171591894678,34.19609520119953,雁塔区,108.93634,34.194468
BV11153256,翠华路红专南路口(公交站),交通设施服务;公交车站;公交车站相关,108.9518202950509,34.21611916340718,雁塔区,108.956501,34.214534
B0KK41YZQ4,西安万象城地下停车场(雁展路D出入口),交通设施服务;停车场;停车场出入口,108.94460062891972,34.19929641739746,雁塔区,108.949258,34.197691
B0H2MM1VBG,西安豪享来温德姆至尊酒店地下停车场,交通设施服务;停车场;公共停车场,108.96139053773418,34.2069804146733,雁塔区,108.966103,34.205414
BV11140330,东仪路电子二路口(公交站),交通设施服务;公交车站;公交车站相关,108.92369184335,34.21255691265334,雁塔区,108.928301,34.210926
B0FFFCLOSO,西安城南客运站候车厅,交通设施服务;交通服务相关;交通服务相关,108.933152374205,34.18712619660431,雁塔区,108.937779,34.185498
B0IGT5JIBU,鑫朱雀农贸批发市场地下停车场,交通设施服务;停车场;公共停车场,108.91087676349431,34.197556013678934,雁塔区,108.915466,34.195911
B0H0Z5U737,陕西广慈医院地面停车场,交通设施服务;停车场;公共停车场,108.94913408870433,34.224160894171426,雁塔区,108.953807,34.222573
BV11115941,吉祥路四季西巷口(公交站),交通设施服务;公交车站;公交车站相关,108.92208771483818,34.224532184310945,雁塔区,108.926695,34.222904
BX10024817,小寨地铁站F东南口,交通设施服务;地铁站;出入口,108.94278974681038,34.22421803964254,雁塔区,108.947444,34.222618
B0G07A1V7L,银泰百货西安曲江店B馆地下停车场,交通设施服务;停车场;公共停车场,108.96081754779472,34.20740666252738,雁塔区,108.965528,34.205839
BV10070717,东仪路北段(公交站),交通设施服务;公交车站;公交车站相关,108.92373217744748,34.207492630786305,雁塔区,108.928341,34.20586
BV09117475,雁环路三义巷口(公交站),交通设施服务;公交车站;公交车站相关,108.91901096567064,34.18459845484654,雁塔区,108.92361,34.182954
B0FFHVWCXE,巴厘公馆停车场(出入口),交通设施服务;停车场;停车场出入口,108.91779881985794,34.22186065905125,雁塔区,108.922399,34.220228
BV11111039,清凉寺北路雁环路口(公交站),交通设施服务;公交车站;公交车站相关,108.92930811255006,34.1841802194288,雁塔区,108.933926,34.182546
B0H6YRA6ZM,华东服饰广场长安南路店停车场,交通设施服务;停车场;公共停车场,108.9414191192574,34.204584361780604,雁塔区,108.946068,34.202975
BV11303557,红专路小区(公交站),交通设施服务;公交车站;公交车站相关,108.94711810106976,34.21328978882645,雁塔区,108.951784,34.211694
BV10069802,政法大学(公交站),交通设施服务;公交车站;公交车站相关,108.9419273252548,34.20955176090173,雁塔区,108.946578,34.207945
BV11146310,电子二路电子东街口(公交站),交通设施服务;公交车站;公交车站相关,108.9187101090542,34.21352993424478,雁塔区,108.923311,34.211895
BV11116146,慈恩西路雁南一路口(公交站),交通设施服务;公交车站;公交车站相关,108.95634371866984,34.211994614187475,雁塔区,108.961039,34.210418
BV10602589,金滹沱(地铁站),交通设施服务;地铁站;地铁站,108.9705483936894,34.18212816670883,雁塔区,108.975293,34.180577
BV10070689,北池头(地铁站),交通设施服务;地铁站;地铁站,108.97249126383116,34.225360141023394,雁塔区,108.977247,34.223829
BV10527902,大唐芙蓉园(地铁站),交通设施服务;地铁站;地铁站,108.9664954567728,34.21136505612214,雁塔区,108.971227,34.209813
BV10527897,曲江池西(地铁站),交通设施服务;地铁站;地铁站,108.97027806644628,34.198876375447604,雁塔区,108.975023,34.19733
BV09247305,寒窑(地铁站),交通设施服务;地铁站;地铁站,108.98442568913958,34.20156355170554,雁塔区,108.989228,34.200058
BV11475078,马腾空(地铁站),交通设施服务;地铁站;地铁站,109.02354437986531,34.220289487207346,雁塔区,109.028514,34.218907
BV09247290,缪家寨(地铁站),交通设施服务;地铁站;地铁站,109.00862654542702,34.209421930924485,雁塔区,109.013533,34.207992
BV11475077,黄渠头(地铁站),交通设施服务;地铁站;地铁站,109.0089824245269,34.2165753574105,雁塔区,109.013891,34.215149
BV09247273,新开门(地铁站),交通设施服务;地铁站;地铁站,108.99426791758832,34.20156414146496,雁塔区,108.999112,34.200088
BV11475076,理工大曲江校区(地铁站),交通设施服务;地铁站;地铁站,108.9969408782628,34.22021155174606,雁塔区,109.001798,34.21875
B0FFHUKE27,曲江池遗址公园东门停车场,交通设施服务;停车场;公共停车场,108.98227761774508,34.201783757368474,雁塔区,108.987071,34.200272
BV09247302,植物园(地铁站),交通设施服务;地铁站;地铁站,109.02048555145775,34.21179916700708,雁塔区,109.025442,34.210405
B0H1MCXZZE,西北妇女儿童医院曲江院区停车场,交通设施服务;停车场;公共停车场,109.00688990832582,34.19831195776951,雁塔区,109.011788,34.196873
B0HBF5ZH4F,杜邑遗址公园P1停车场,交通设施服务;停车场;公共停车场,109.02046695195942,34.19614356774756,雁塔区,109.025422,34.194744
B0FFGQ904G,大唐芙蓉园西门停车场,交通设施服务;停车场;公共停车场,108.96533755670896,34.214096076475485,雁塔区,108.970065,34.212542
B0GKRM9XN8,曲江创意谷地下停车场,交通设施服务;停车场;公共停车场,109.00780756026192,34.215217371908416,雁塔区,109.012711,34.213787
B0GKKCX769,芙蓉新天地停车场,交通设施服务;停车场;公共停车场,108.96930890803708,34.20975624153302,雁塔区,108.974051,34.208211
B0FFFENAX6,西安大雁塔大唐不夜城美仑酒店,住宿服务;宾馆酒店;四星级宾馆|交通设施服务;停车场;公共停车场,108.96624698963451,34.22843860909088,雁塔区,108.970979,34.226892
B0GKKCYN17,雁翔广场停车场,交通设施服务;停车场;公共停车场,109.00614799738364,34.21132874290137,雁塔区,109.011044,34.209892
BV10072110,三兆村(公交站),交通设施服务;公交车站;公交车站相关,109.00904620315124,34.19216151456341,雁塔区,109.013953,34.190727
B0FFGH3V4V,曲江池遗址公园游客中心停车场,交通设施服务;停车场;专用停车场,108.9745219047613,34.20501771637278,雁塔区,108.979284,34.203485
BX10026350,大唐芙蓉园地铁站A西北口,交通设施服务;地铁站;出入口,108.96559975492508,34.21197714746804,雁塔区,108.970328,34.210423
B0FFI3Z5NI,曲江文化运动公园东门停车场,交通设施服务;停车场;公共停车场,108.9862802998522,34.18472766636119,雁塔区,108.991089,34.183222
BX09908471,金滹沱地铁站D东北口,交通设施服务;地铁站;出入口,108.97086512178404,34.18266014353035,雁塔区,108.975611,34.18111
BV11117149,岳家寨公交调度站(公交站),交通设施服务;公交车站;公交车站相关,108.98988121076374,34.21905727517318,雁塔区,108.994708,34.217574
BX09908483,北池头地铁站B口,交通设施服务;地铁站;出入口,108.9720061643374,34.225389451945134,雁塔区,108.97676,34.223857
BV10070688,北池头(公交站),交通设施服务;公交车站;公交车站相关,108.9728249494729,34.22538122134532,雁塔区,108.977582,34.223851
BV11161458,华商集团(公交站),交通设施服务;公交车站;公交车站相关,109.00540836291256,34.209051770953394,雁塔区,109.010301,34.207612
B0GKHS09MB,西安金地广场地下停车场,交通设施服务;停车场;公共停车场,108.98370750796325,34.203751913725895,雁塔区,108.988507,34.202245
BX09914364,缪家寨地铁站B口,交通设施服务;地铁站;出入口,109.00744969029664,34.208090935766265,雁塔区,109.012351,34.206657
B0H3YZ6I1I,西影TIME地下停车场,交通设施服务;停车场;公共停车场,108.96572138220816,34.22320785603063,雁塔区,108.970451,34.221658
BV10070601,曲江水厂(公交站),交通设施服务;公交车站;公交车站相关,108.9652873274306,34.194733826016744,雁塔区,108.970013,34.193173
B0FFH7SA8H,曲江秦二世陵遗址公园停车场,交通设施服务;停车场;公共停车场,108.9799696743047,34.195292614880664,雁塔区,108.984753,34.193772
BX09908469,金滹沱地铁站A西北口,交通设施服务;地铁站;出入口,108.97016383586396,34.18268101954268,雁塔区,108.974907,34.181129
BX09914237,寒窑地铁站B1口,交通设施服务;地铁站;出入口,108.98244896185828,34.20111948408482,雁塔区,108.987243,34.199608
BV10072173,新开门(公交站),交通设施服务;公交车站;公交车站相关,108.99517829274664,34.21017642917869,雁塔区,109.000027,34.208706
BV11031889,春临一路东口(公交站),交通设施服务;公交车站;公交车站相关,108.99833525493196,34.19170111026552,雁塔区,109.003196,34.190234
BX10031906,黄渠头地铁站B口,交通设施服务;地铁站;出入口,109.00855031589708,34.21603084889626,雁塔区,109.013457,34.214603
B0FFLCJ28Y,西安市公共交通集团有限公司雁翔路公交枢纽站,交通设施服务;交通服务相关;交通服务相关,109.00670165947696,34.19897430319003,雁塔区,109.011599,34.197535
B0GK07D35O,正荣·彩虹谷地下停车场,交通设施服务;停车场;公共停车场,109.00634149102297,34.19554554124363,雁塔区,109.011237,34.194104
BX10025772,曲江池西地铁站C东南口,交通设施服务;地铁站;出入口,108.97066562694393,34.198130586309226,雁塔区,108.975412,34.196585
BX09914363,新开门地铁站D口,交通设施服务;地铁站;出入口,108.99429972747436,34.20220882629781,雁塔区,108.999144,34.200733
B0IDRRVSIE,大唐芙蓉园西门地下停车场,交通设施服务;停车场;公共停车场,108.96547206530926,34.213990769628495,雁塔区,108.9702,34.212437
BX09913640,新开门地铁站C口,交通设施服务;地铁站;出入口,108.99395831003338,34.20078734108713,雁塔区,108.998801,34.19931
BX09913669,缪家寨地铁站A口,交通设施服务;地铁站;出入口,109.00705721081364,34.210001458246595,雁塔区,109.011957,34.208567
B0IGC7EBNS,曲江华著中城西2门停车场,交通设施服务;停车场;公共停车场,108.9922562165276,34.217402724973965,雁塔区,108.997093,34.215926
B0FFHDGCDU,海德堡PARK停车场,交通设施服务;停车场;公共停车场,109.01505916930672,34.21078429532293,雁塔区,109.019993,34.209374
BX09908482,北池头地铁站C口,交通设施服务;地铁站;出入口,108.97290769546774,34.22450631106865,雁塔区,108.977665,34.222976
B0FFGC4PT9,曲江海洋极地公园地下停车场,交通设施服务;停车场;公共停车场,108.97496822269468,34.215989662720446,雁塔区,108.979733,34.214462
BX10031922,理工大曲江校区地铁站A口,交通设施服务;地铁站;出入口,108.99631551888112,34.220806236630764,雁塔区,109.00117,34.219343
BV10072108,黄渠头村(公交站),交通设施服务;公交车站;公交车站相关,109.00580724627558,34.21387188416392,雁塔区,109.010702,34.212435
BV10072175,岳家寨(公交站),交通设施服务;公交车站;公交车站相关,108.98520614009456,34.21702389771815,雁塔区,108.990013,34.215526
BX10025811,大唐芙蓉园地铁站B西南口,交通设施服务;地铁站;出入口,108.96688904361024,34.210556318152285,雁塔区,108.971622,34.209005
BX10026348,大唐芙蓉园地铁站C东南口,交通设施服务;地铁站;出入口,108.96798688909996,34.21058444371079,雁塔区,108.972724,34.209036
BV10897179,曲江池南路新开门南路口(公交站),交通设施服务;公交车站;公交车站相关,108.99182464397508,34.19836359732227,雁塔区,108.996658,34.196879
BV10069774,大唐芙蓉园南门(公交站),交通设施服务;公交车站;公交车站相关,108.97178822244724,34.21072024886123,雁塔区,108.97654,34.209182
BX09908484,北池头地铁站D口,交通设施服务;地铁站;出入口,108.97276322086545,34.22503651494383,雁塔区,108.97752,34.223506
B0H6ZZPNYU,曲江龙湖天街地下停车场,交通设施服务;停车场;公共停车场,108.98676960203537,34.21655444039855,雁塔区,108.991583,34.215061
B0GKKCYFFZ,芙蓉新天地地下停车场(北入口),交通设施服务;停车场;停车场入口,108.9697511653284,34.210268886574454,雁塔区,108.974495,34.208725
B0GKC5SH9L,万众国际地下停车场,交通设施服务;停车场;公共停车场,108.98390928642912,34.196248857680615,雁塔区,108.988709,34.19474
B0IADCV9EK,汉华城商业街区地下停车场,交通设施服务;停车场;公共停车场,108.9926661865024,34.208701534630585,雁塔区,108.997504,34.207223
B0FFGC4PU4,停车场(曲江路),交通设施服务;停车场;公共停车场,108.97922072905304,34.21968934866881,雁塔区,108.984003,34.218175
B0FFHE232A,曲江铭门停车场,交通设施服务;停车场;公共停车场,108.97367897610292,34.20836589430984,雁塔区,108.978438,34.206832
B0GKC5TIGP,西安W酒店地下停车场,交通设施服务;停车场;公共停车场,108.98319114875392,34.197834427892055,雁塔区,108.987988,34.196324
BX09913599,寒窑地铁站A口,交通设施服务;地铁站;出入口,108.98317086151884,34.20233096752736,雁塔区,108.987968,34.200822
B0H0LSFLL5,旺座曲江停车场,交通设施服务;停车场;公共停车场,109.00977655315845,34.210436125014695,雁塔区,109.014688,34.20901
BX10031905,黄渠头地铁站C口,交通设施服务;地铁站;出入口,109.00982980531022,34.216631793786235,雁塔区,109.014742,34.215208
B0FFG3ZAKG,西安广电中心地面停车场,交通设施服务;停车场;公共停车场,108.97171880622126,34.206915753659345,雁塔区,108.97647,34.205376
BX10031930,马腾空地铁站B口,交通设施服务;地铁站;出入口,109.02214005319011,34.220514372807095,雁塔区,109.027104,34.219128
BX10031925,理工大曲江校区地铁站B口,交通设施服务;地铁站;出入口,108.99707833799565,34.21959735357915,雁塔区,109.001936,34.218136
B0KRYMUVPF,西安量子晨地面停车场,交通设施服务;停车场;公共停车场,108.97249449244464,34.222425190127964,雁塔区,108.97725,34.220893
BV10858000,西影路西段(公交站),交通设施服务;公交车站;公交车站相关,108.96829057456326,34.22472363454757,雁塔区,108.97303,34.223181
BX10026349,大唐芙蓉园地铁站D东北口,交通设施服务;地铁站;出入口,108.96614370885489,34.2121696831085,雁塔区,108.970874,34.210617
BX09913600,寒窑地铁站D口,交通设施服务;地铁站;出入口,108.98550714236173,34.20173830762196,雁塔区,108.990314,34.200236
BV10070678,观音庙(公交站),交通设施服务;公交车站;公交车站相关,108.97547432354833,34.226620447019585,雁塔区,108.980242,34.225098
B0FFGG75MU,曲江宜居停车场,交通设施服务;停车场;专用停车场,109.00370027820452,34.21414017221486,雁塔区,109.008586,34.212697
BV11454093,登高路黄渠头二路口(公交站),交通设施服务;公交车站;公交车站相关,109.00852230138004,34.21762836823707,雁塔区,109.013429,34.216201
B0FFHBCI9T,西安植物园地下停车场,交通设施服务;停车场;公共停车场,109.02181639752273,34.208395550324155,雁塔区,109.026778,34.207004
B0H3RCHLYK,曲江新区政务服务中心外部停车场,交通设施服务;停车场;公共停车场,109.00605868621425,34.20768427639125,雁塔区,109.010954,34.206246
BX09914361,新开门地铁站A口,交通设施服务;地铁站;出入口,108.99273347303604,34.20179369907141,雁塔区,108.997571,34.200313
B0FFI4SCVU,曲江文化运动公园西门停车场,交通设施服务;停车场;公共停车场,108.98325506934438,34.18347297323219,雁塔区,108.988051,34.181958
BV11217551,芙蓉东路寒窑路口(公交站),交通设施服务;公交车站;公交车站相关,108.99340959759223,34.20155873784168,雁塔区,108.99825,34.20008
BX09913644,植物园地铁站C口,交通设施服务;地铁站;出入口,109.0199368630402,34.21111997853695,雁塔区,109.024891,34.209724
BX10031903,黄渠头地铁站A口,交通设施服务;地铁站;出入口,109.00833416474144,34.21692318403396,雁塔区,109.01324,34.215495
B0HKHUAVBN,唐顿庄园内部地下停车场,交通设施服务;停车场;专用停车场,109.01338165547736,34.217604856937484,雁塔区,109.018309,34.216192
B0H1T5HY6N,曲江国际饭店地面停车场,交通设施服务;停车场;公共停车场,108.97529809139418,34.225863213427694,雁塔区,108.980065,34.22434
BV11376072,西北妇女儿童医院(公交站),交通设施服务;公交车站;公交车站相关,109.0084181763761,34.200602578459694,雁塔区,109.013323,34.199169
B0FFIL8Y3Z,曲江海洋极地公园内部停车场,交通设施服务;停车场;专用停车场,108.97605770318656,34.21787695263909,雁塔区,108.980827,34.216353
BX09913675,马腾空地铁站F口,交通设施服务;地铁站;出入口,109.02322568132352,34.22013044077585,雁塔区,109.028194,34.218747
BV10810492,登高路黄渠头三路口(公交站),交通设施服务;公交车站;公交车站相关,109.01105990411288,34.21267150407876,雁塔区,109.015977,34.21125
BV11217553,芙蓉东路曲江池北路口(公交站),交通设施服务;公交车站;公交车站相关,108.99151040956832,34.205300187673814,雁塔区,108.996343,34.203817
BV10070598,曲江池遗址公园(公交站),交通设施服务;公交车站;公交车站相关,108.97385534839223,34.207501706360524,雁塔区,108.978615,34.205968
BX10025771,曲江池西地铁站B西南口,交通设施服务;地铁站;出入口,108.9696853632386,34.19875300078759,雁塔区,108.974428,34.197205
B0I067T3U2,国家大学科技园科创孵化基地地下停车场,交通设施服务;停车场;公共停车场,108.99749482076048,34.22827895943579,雁塔区,109.002355,34.226822
BX09913672,缪家寨地铁站D口,交通设施服务;地铁站;出入口,109.00952964353134,34.20998602205638,雁塔区,109.01444,34.208559
BX09914506,马腾空地铁站E口,交通设施服务;地铁站;出入口,109.0241021530523,34.22003301384442,雁塔区,109.029074,34.218652
BX09913610,曲江池西地铁站E口,交通设施服务;地铁站;出入口,108.97225034984152,34.199312899292984,雁塔区,108.977003,34.197772
B0GKHZZ9ZD,中海大厦停车场,交通设施服务;停车场;公共停车场,108.98668145138647,34.21079172230874,雁塔区,108.991494,34.209296
BV10071062,理工大曲江校区(公交站),交通设施服务;公交车站;公交车站相关,108.99641494295544,34.22258429794011,雁塔区,109.00127,34.221122
BX10031929,马腾空地铁站A口,交通设施服务;地铁站;出入口,109.02063417787194,34.22082655324669,雁塔区,109.025592,34.219436
BV10413619,北池头南(公交站),交通设施服务;公交车站;公交车站相关,108.98004334230076,34.21988691936436,雁塔区,108.984829,34.218375
BV10952337,中海凯旋门(公交站),交通设施服务;公交车站;公交车站相关,108.97908012758874,34.18544540613724,雁塔区,108.983859,34.183919
B0H0LUH4KF,金地南湖艺境一期地下停车场,交通设施服务;停车场;公共停车场,108.99192216343673,34.187096037075804,雁塔区,108.996755,34.185608
B0FFI3Z5NH,曲江文化运动公园北门停车场,交通设施服务;停车场;公共停车场,108.98512511018774,34.185242911352404,雁塔区,108.989929,34.183734
BV10557940,长鸣路中段(公交站),交通设施服务;公交车站;公交车站相关,109.02254630744623,34.22162982275571,雁塔区,109.027512,34.220245
BX10025774,曲江池西地铁站A西北口,交通设施服务;地铁站;出入口,108.96972416794372,34.199312708735086,雁塔区,108.974467,34.197765
BX09913601,寒窑地铁站C口,交通设施服务;地铁站;出入口,108.9838072873834,34.20138542658872,雁塔区,108.988607,34.199878
BV10069775,大唐芙蓉园(公交站),交通设施服务;公交车站;公交车站相关,108.9674522724282,34.21843508379696,雁塔区,108.972188,34.216888
B0H1T5GOKN,西安盛美利亚酒店地下停车场,交通设施服务;停车场;公共停车场,108.9724765928056,34.20989266288188,雁塔区,108.977231,34.208356
B0H0LSEZ92,旺座曲江北停车场,交通设施服务;停车场;公共停车场,109.00930138831168,34.21270775891678,雁塔区,109.014211,34.211281
B0GKHS09MD,西安金地广场地面停车场,交通设施服务;停车场;公共停车场,108.98425219406714,34.204229153534776,雁塔区,108.989054,34.202724
B0HKX5OLYY,华润万家西影路店地下停车场,交通设施服务;停车场;公共停车场,108.97226213241056,34.22573762920363,雁塔区,108.977017,34.224206
BV10544095,北池头二路立交(公交站),交通设施服务;公交车站;公交车站相关,108.98442314331938,34.22037101247793,雁塔区,108.989227,34.218872
BX10031928,马腾空地铁站C口,交通设施服务;地铁站;出入口,109.02304231144149,34.221451485421895,雁塔区,109.02801,34.220068
BV10941533,西安植物园(公交站),交通设施服务;公交车站;公交车站相关,109.0206771477696,34.207284183743184,雁塔区,109.025634,34.205889
B0FFHDG8QI,锦园·曲江龙邸停车场,交通设施服务;停车场;专用停车场,109.00463862477947,34.20958791603727,雁塔区,109.009528,34.208146
B0KDK7O115,千树亭码头,交通设施服务;港口码头;港口码头,108.98124576958904,34.20320426766784,雁塔区,108.986035,34.20169
B0LK47X1QW,京东MALL西安曲江店地下停车场,交通设施服务;停车场;公共停车场,108.99232875449476,34.2072040690224,雁塔区,108.997165,34.205724
B0H1MCYDIF,西北妇女儿童医院曲江院区地下停车场,交通设施服务;停车场;公共停车场,109.0082232601633,34.19761617177751,雁塔区,109.013127,34.196181
B0FFHDGDGS,海德堡PARK地下停车场(出入口),交通设施服务;停车场;停车场出入口,109.0151209087014,34.210802107350425,雁塔区,109.020055,34.209392
B0HB6ZKUDL,中海·凯旋新天地地下停车场,交通设施服务;停车场;公共停车场,108.97167287002544,34.183958541426456,雁塔区,108.976422,34.182411
B0FFLJTX8I,曲江龙邸停车场,交通设施服务;停车场;停车场相关,109.00516140377786,34.20928743687637,雁塔区,109.010053,34.207847
BX09913609,曲江池西地铁站F口,交通设施服务;地铁站;出入口,108.9722175243531,34.198755176655965,雁塔区,108.97697,34.197214
BV11149576,芙蓉西路雁南四路口(公交站),交通设施服务;公交车站;公交车站相关,108.9703498401188,34.19825139344059,雁塔区,108.975095,34.196705
BV10980547,北池头二路芙蓉东路口(公交站),交通设施服务;公交车站;公交车站相关,108.9783685511374,34.215503263616256,雁塔区,108.983147,34.213985
BX09914365,寒窑地铁站B2口,交通设施服务;地铁站;出入口,108.98311220913791,34.201078563964366,雁塔区,108.987909,34.199569
B0FFGDE2NK,御宴宫地面停车场,交通设施服务;停车场;公共停车场,108.96669562398644,34.212354193072926,雁塔区,108.971428,34.210803
BX09913645,植物园地铁站A1口,交通设施服务;地铁站;出入口,109.01945571388792,34.21266482448029,雁塔区,109.024408,34.211268
B0FFKXM7DL,曲江青年公园停车场,交通设施服务;停车场;公共停车场,108.9993129498965,34.204820727539165,雁塔区,109.004179,34.203361
B0FFHS2O0U,汉华城1期内部地下停车场,交通设施服务;停车场;专用停车场,108.992798534904,34.20972578057617,雁塔区,108.997637,34.208248
BX10031923,理工大曲江校区地铁站C口,交通设施服务;地铁站;出入口,108.99757518611248,34.219757788130586,雁塔区,109.002435,34.218298
BV11115663,唐城墙九区公交调度站(公交站),交通设施服务;公交车站;公交车站相关,108.9882291063764,34.20843393845027,雁塔区,108.993048,34.206942
B0FFGH0BOT,和众曲江城阅停车场,交通设施服务;停车场;公共停车场,109.00309960424772,34.217227906026274,雁塔区,109.007983,34.215784
BV10070757,寒窑遗址公园(公交站),交通设施服务;公交车站;公交车站相关,108.98982195429564,34.201094690215875,雁塔区,108.994647,34.199605
B0LBDSXQKH,西安大雁塔大唐不夜城雅致酒店地下停车场,交通设施服务;停车场;公共停车场,108.96573640022834,34.222304142255965,雁塔区,108.970466,34.220754
BV11284471,寒窑路西口(公交站),交通设施服务;公交车站;公交车站相关,108.98292969166128,34.204425957335964,雁塔区,108.987726,34.202917
BX10031924,理工大曲江校区地铁站D口,交通设施服务;地铁站;出入口,108.99750139744056,34.22103155734857,雁塔区,109.002361,34.219572
B0FFH1EJH8,曲江公馆·和园内部地下停车场,交通设施服务;停车场;专用停车场,108.98447502662768,34.207076522124034,雁塔区,108.989278,34.205573
BX10031904,黄渠头地铁站D口,交通设施服务;地铁站;出入口,109.00909290403594,34.21715681981241,雁塔区,109.014002,34.215731
BV10947584,南三环登高路口(公交站),交通设施服务;公交车站;公交车站相关,109.01546849900794,34.2102332825984,雁塔区,109.020404,34.208824
BV11171469,雁翔路(公交站),交通设施服务;公交车站;公交车站相关,109.00861492387968,34.20550731555096,雁塔区,109.013521,34.204076
B0KRJRBMKS,华润置地·时光里停车场,交通设施服务;停车场;公共停车场,109.00902418150804,34.20544510654576,雁塔区,109.013932,34.204015
BV10557941,长鸣路秦川社区(公交站),交通设施服务;公交车站;公交车站相关,109.01764893457732,34.22755974263661,雁塔区,109.022595,34.226163
B0HGYHWMIH,万众国际B座停车场,交通设施服务;停车场;公共停车场,108.9847517542318,34.19636934315177,雁塔区,108.989555,34.194863
B0IGF5UD0A,南湖金座停车场,交通设施服务;停车场;公共停车场,108.98416039831775,34.20639767968541,雁塔区,108.988962,34.204893
BV09078230,金滹沱二路中段(公交站),交通设施服务;公交车站;公交车站相关,108.96639228053048,34.18159029069996,雁塔区,108.971121,34.180028
BV09083571,市中医医院曲江院区(公交站),交通设施服务;公交车站;公交车站相关,108.9912378770281,34.21367310473308,雁塔区,108.99607,34.212192
B0FFHS7PUL,汉华城停车场,交通设施服务;停车场;专用停车场,108.9920188702127,34.20971913328801,雁塔区,108.996854,34.208239
BV11161589,公园南路金犊路口(公交站),交通设施服务;公交车站;公交车站相关,109.00822767937788,34.228117484199046,雁塔区,109.013134,34.226693
BV09300306,春临东街中段(公交站),交通设施服务;公交车站;公交车站相关,108.99574556388282,34.189667639448906,雁塔区,109.000595,34.188192
BV11482413,雁翔路登殿路口(公交站),交通设施服务;公交车站;公交车站相关,109.0072981826028,34.18611476164863,雁塔区,109.012197,34.184673
B0FFH2GYNC,曲江宜居停车场(入口),交通设施服务;停车场;停车场入口,109.00362758888336,34.21416438418663,雁塔区,109.008513,34.212721
BV11283040,春临三路公田四路口(公交站),交通设施服务;公交车站;公交车站相关,108.9854168650876,34.18549996756219,雁塔区,108.990222,34.183992
B0FFG76B63,万科金域曲江停车场,交通设施服务;停车场;专用停车场,108.99445120303804,34.20070187918993,雁塔区,108.999296,34.199226
BV11228983,芙蓉西路南三环桥南(公交站),交通设施服务;公交车站;公交车站相关,108.9704336479783,34.18444572607245,雁塔区,108.975178,34.182895
BV10956994,石羊农庄(公交站),交通设施服务;公交车站;公交车站相关,109.00066814233092,34.21642657372127,雁塔区,109.005541,34.214975
B0FFG77J5W,西演SPACE·西安广电大剧院地面停车场,交通设施服务;停车场;公共停车场,108.97026538147028,34.20782335892425,雁塔区,108.975011,34.20628
BV11031893,春临三路公田五路口(公交站),交通设施服务;公交车站;公交车站相关,108.9914971828161,34.18463211772374,雁塔区,108.996328,34.183142
BV11031894,春临三路公田三路口(公交站),交通设施服务;公交车站;公交车站相关,108.98228386401172,34.186380861555854,雁塔区,108.987076,34.184864
B0JGXHYXN2,曲江玫瑰·ONE停车场,交通设施服务;停车场;公共停车场,108.9864941845508,34.199398180549245,雁塔区,108.991305,34.197898
BV09362341,寒窑地铁站(公交站),交通设施服务;公交车站;公交车站相关,108.98615144844187,34.20156246317281,雁塔区,108.990961,34.200062
B001D0VU6M,曲江池遗址公园路边停车场,交通设施服务;停车场;路边停车场,108.97934008610372,34.197321741687695,雁塔区,108.984121,34.1958
B0FFIJ0FJH,中海城-停车场,交通设施服务;停车场;公共停车场,108.97542389288397,34.18570265294599,雁塔区,108.980188,34.184166
BV11533545,登高路翔悦路口(公交站),交通设施服务;公交车站;公交车站相关,109.0172453698397,34.20676527943234,雁塔区,109.022188,34.20536
B0HKHUBHDW,唐顿庄园内部地下停车场(出入口),交通设施服务;停车场;停车场出入口,109.0132651495812,34.2175782118143,雁塔区,109.018192,34.216165
BV09083832,雁翔路重阳路口(公交站),交通设施服务;公交车站;公交车站相关,108.99811797712675,34.21822468515584,雁塔区,109.00298,34.216766
BV10484197,曲江池东路南口(公交站),交通设施服务;公交车站;公交车站相关,108.98393420605149,34.19596288024332,雁塔区,108.988734,34.194454
B0K0THRWLP,陕西农信地下停车场,交通设施服务;停车场;公共停车场,109.0091343061013,34.21027011036449,雁塔区,109.014043,34.208842
B0GKKCYFQK,雁翔广场地下停车场,交通设施服务;停车场;公共停车场,109.00557636184097,34.21238810210545,雁塔区,109.01047,34.21095
B0J1H7FFO6,曲江服务区快速理赔大厅,交通设施服务;交通服务相关;交通服务相关,108.97460880686184,34.189838568937844,雁塔区,108.97937,34.188301
B0LKMO7LVH,金辉世界城C区-北侧地上停车场,交通设施服务;停车场;公共停车场,108.96846417462255,34.184927807105545,雁塔区,108.973201,34.183372
B0GKHZZH6F,中海大厦停车场(入口),交通设施服务;停车场;停车场入口,108.9876284018242,34.21140969460973,雁塔区,108.992445,34.209917
B0HR5ABLLL,西北妇女儿童医院地下停车场,交通设施服务;停车场;公共停车场,109.00822027201316,34.19762717707857,雁塔区,109.013124,34.196192
B0H0TUQ7OQ,西影电影圈子地面停车场,交通设施服务;停车场;公共停车场,108.96792217167491,34.22233446242552,雁塔区,108.97266,34.22079
B0L2SH694Z,交大南洋时代地下停车场,交通设施服务;停车场;公共停车场,108.99707663282273,34.22813528128698,雁塔区,109.001935,34.226677
B0FFGCDU6G,哈佛公馆停车场,交通设施服务;停车场;专用停车场,108.99255431107107,34.22497811556609,雁塔区,108.997393,34.223505
BV09309680,春临二路春临西街口(公交站),交通设施服务;公交车站;公交车站相关,108.99385281514134,34.188130873244646,雁塔区,108.998694,34.186649
B0L2TZ3SIG,曲江新区华悦丽致酒店停车场,交通设施服务;停车场;公共停车场,109.00923933488804,34.20459375182886,雁塔区,109.014148,34.203164
B0H0R5E6TO,万科·东方传奇内部地下停车场,交通设施服务;停车场;专用停车场,109.01328017903764,34.21647555739002,雁塔区,109.018207,34.215062
BV11317712,公田五路春临二路口(公交站),交通设施服务;公交车站;公交车站相关,108.99015653205404,34.18902971031755,雁塔区,108.994982,34.187537
B0HG5CAOH1,旺座曲江D座停车场,交通设施服务;停车场;公共停车场,109.0109295747941,34.21128237837891,雁塔区,109.015846,34.20986
BV09528885,大唐芙蓉园(南门)(公交站),交通设施服务;公交车站;公交车站相关,108.97163781472352,34.210664676135,雁塔区,108.976389,34.209126
B0FFGIF2ER,阅江楼停车场,交通设施服务;停车场;公共停车场,108.98005818444392,34.19682784728006,雁塔区,108.984842,34.195308
BV10557937,长鸣路北段(公交站),交通设施服务;公交车站;公交车站相关,109.01589112344824,34.22925626010943,雁塔区,109.02083,34.227855
BV11258926,小重阳巷北口(公交站),交通设施服务;公交车站;公交车站相关,108.99210880612884,34.2178919957496,雁塔区,108.996945,34.216415
BV11454156,小重阳巷南口(公交站),交通设施服务;公交车站;公交车站相关,108.99304201874408,34.21542005522022,雁塔区,108.997882,34.213945
B0FFFDXLDX,曲江池北路南侧停车场,交通设施服务;停车场;公共停车场,108.97927759579512,34.20636584940768,雁塔区,108.984059,34.204847
B0IU9AT25G,地面停车场,交通设施服务;停车场;公共停车场,108.9841491547395,34.18572562457004,雁塔区,108.988949,34.184214
BV11532503,延兴门西路延兴门二路口(公交站),交通设施服务;公交车站;公交车站相关,108.99751785264048,34.22670946080881,雁塔区,109.002378,34.225252
BV11174344,芙蓉西路曲江池南路口(公交站),交通设施服务;公交车站;公交车站相关,108.97049347704856,34.19589979642567,雁塔区,108.975239,34.194353
BV11452267,新开门街龙游南路口(公交站),交通设施服务;公交车站;公交车站相关,109.0010448501453,34.21247281833036,雁塔区,109.005919,34.211021
B0FFI3Z5NJ,曲江文化运动公园南门停车场,交通设施服务;停车场;公共停车场,108.98656824989702,34.18276244902344,雁塔区,108.991378,34.181257
B0FFLB8MD6,靓车蜂便民自助洗车站(曲江文化运动公园),交通设施服务;停车场;公共停车场,108.9862872701828,34.18473164443512,雁塔区,108.991096,34.183226
B0L3CKI4GC,雁湖小区曲江第九小学教师楼停车场,交通设施服务;停车场;公共停车场,108.98666003114218,34.19281189115593,雁塔区,108.991471,34.19131
B0FFJRT0M1,521路调度站,交通设施服务;交通服务相关;交通服务相关,108.99523303643404,34.22243093579109,雁塔区,109.000083,34.220965
B0FFGH0CTE,曲江轻轨曲江池站,交通设施服务;港口码头;人渡口,108.97419118516828,34.20544048736425,雁塔区,108.978952,34.203907
BV09335049,地铁3号线北池头站(公交站),交通设施服务;公交车站;公交车站相关,108.97128701749192,34.224854594816115,雁塔区,108.976038,34.22332
BX10028885,大唐芙蓉园地铁站C1口,交通设施服务;地铁站;出入口,108.9682339727869,34.21029989366128,雁塔区,108.972972,34.208752
BV11352188,公园南路北陆路口(公交站),交通设施服务;公交车站;公交车站相关,109.01104092949775,34.22521010103332,雁塔区,109.015959,34.223793
BV09373295,植物园地铁站(公交站),交通设施服务;公交车站;公交车站相关,109.01922878557848,34.21106103855932,雁塔区,109.02418,34.209663
B0FFGH0DPQ,曲江池遗址公园停车场(出入口),交通设施服务;停车场;停车场出入口,108.97416633909828,34.20476878618274,雁塔区,108.978927,34.203235
B0GKC5SOTN,万众国际地面停车场,交通设施服务;停车场;公共停车场,108.98385650143594,34.19631299094284,雁塔区,108.988656,34.194804
B0MGGP2RYZ,西北妇女儿童医院(曲江院区)地上停车场,交通设施服务;停车场;公共停车场,109.00762393711965,34.19626243088771,雁塔区,109.012525,34.194825
BV09423405,西安市中医院(曲江院区)(公交站),交通设施服务;公交车站;公交车站相关,108.9912378770281,34.21367310473308,雁塔区,108.99607,34.212192
BX10031927,马腾空地铁站D口,交通设施服务;地铁站;出入口,109.02230532978842,34.22111868814403,雁塔区,109.02727,34.219733
B0FFFWHOMK,凤凰池别墅区地下停车场,交通设施服务;停车场;专用停车场,108.97791906074866,34.20722942393467,雁塔区,108.982695,34.205707
BX09908481,北池头地铁站A口,交通设施服务;地铁站;出入口,108.97307891636964,34.22577138428528,雁塔区,108.977837,34.224242
BV11317717,春临西街春临一路口(公交站),交通设施服务;公交车站;公交车站相关,108.99376988151536,34.19160698102261,雁塔区,108.998611,34.190126
BV11688045,新安路北陆路口(公交站),交通设施服务;公交车站;公交车站相关,109.00468721411548,34.22392569921169,雁塔区,109.009578,34.222489
BV10072025,曲江海洋世界(公交站),交通设施服务;公交车站;公交车站相关,108.97187135403333,34.21733370219664,雁塔区,108.976624,34.215798
B0FFGCHE8H,曲江服务区停车场,交通设施服务;停车场;公共停车场,108.9744315575595,34.18928824118066,雁塔区,108.979192,34.18775
BV09199948,雁翔路五典坡南路口(公交站),交通设施服务;公交车站;公交车站相关,109.00656453694992,34.18358979533876,雁塔区,109.01146,34.182145
BX10025773,曲江池西地铁站D东北口,交通设施服务;地铁站;出入口,108.97099325892252,34.199301310116645,雁塔区,108.975741,34.197757
B0FFHDH0X8,紫薇曲江意境停车场,交通设施服务;停车场;专用停车场,108.99240355811789,34.20571835437581,雁塔区,108.99724,34.204238
BV09369363,公田五路春临一路口(公交站),交通设施服务;公交车站;公交车站相关,108.9910425470364,34.19156321669697,雁塔区,108.995872,34.190074
B0IADCVHVS,汉华城商业街区地下停车场(出入口),交通设施服务;停车场;停车场出入口,108.99232465258793,34.20864058550511,雁塔区,108.997161,34.207161
B0JDJ5E0YX,招商·依云曲江地下停车场,交通设施服务;停车场;公共停车场,108.9985549372768,34.184169906355095,雁塔区,109.003416,34.182701
B0FFHUAKUQ,汉华城1期内部地下停车场(入口),交通设施服务;停车场;停车场入口,108.99231360829316,34.20974123754521,雁塔区,108.99715,34.208262
B0FFHUN5RS,荣禾·曲池东岸内部地下停车场,交通设施服务;停车场;专用停车场,108.99238809522583,34.20005333010234,雁塔区,108.997224,34.198571
B0HKHUD3QH,曲江美好时光小区内部地下停车场,交通设施服务;停车场;专用停车场,108.99211793861622,34.19176991245423,雁塔区,108.996952,34.190284
B0FFHVFJ20,金地·湖城大境·天第停车场,交通设施服务;停车场;停车场相关,108.97439898850956,34.19778650958565,雁塔区,108.97916,34.196251
BV11651956,观风路紫云路口(公交站),交通设施服务;公交车站;公交车站相关,109.00447052982292,34.195470228579865,雁塔区,109.009358,34.194023
B0GKC5T3DX,万众国际地下停车场(入口),交通设施服务;停车场;停车场入口,108.98417815543124,34.19634703620084,雁塔区,108.988979,34.194839
BV11199917,曲江池北路新开门路口(公交站),交通设施服务;公交车站;公交车站相关,108.9880261118843,34.206674150253946,雁塔区,108.992844,34.205181
B0IAGH7LY5,三兆公墓地面停车场,交通设施服务;停车场;公共停车场,109.00117290115766,34.20526592354067,雁塔区,109.006047,34.203812
B0IKUM16BZ,西安东站,交通设施服务;火车站;火车站,109.05823123807475,34.21539593772776,灞桥区,109.063321,34.214093
BV09081177,西安东站(地铁站),交通设施服务;地铁站;地铁站,109.05701661613271,34.21561702124611,灞桥区,109.062103,34.214312
B0MUY5QM30,西安东站(北进站口),交通设施服务;火车站;进站口/检票口,109.05926831168468,34.21634280459194,灞桥区,109.064361,34.215042
BV11475071,雁鸣湖(地铁站),交通设施服务;地铁站;地铁站,109.0459469695586,34.22375938455661,灞桥区,109.051,34.222435
BV11475080,月登阁(地铁站),交通设施服务;地铁站;地铁站,109.03345550383276,34.221734165803085,雁塔区,109.038464,34.220379
B0G1FHM8GM,杜邑遗址公园P3停车场,交通设施服务;停车场;公共停车场,109.02521076966812,34.195700321901846,雁塔区,109.030185,34.194314
B0MUY5QM2Y,西安东站(南进站口),交通设施服务;火车站;进站口/检票口,109.0590520426403,34.21469675630996,灞桥区,109.064144,34.213395
B0MUTHL38E,西安东站南停车场,交通设施服务;停车场;公共停车场,109.06041936694967,34.21458447779858,灞桥区,109.065515,34.213285
B0MUY5QM31,西安东站(北出站口),交通设施服务;火车站;出站口,109.06010704877556,34.21634538015723,灞桥区,109.065202,34.215046
B0GUM1A2WR,杜邑遗址公园P4停车场,交通设施服务;停车场;公共停车场,109.02951277723382,34.19608943771732,雁塔区,109.034504,34.194715
B0FFH3O2U5,雁鸣湖休闲公园P2停车场,交通设施服务;停车场;公共停车场,109.04172777125515,34.218381925140655,雁塔区,109.046766,34.217046
B0MUTHL38D,西安东站北停车场,交通设施服务;停车场;公共停车场,109.06037530939057,34.216610837059484,灞桥区,109.065471,34.215312
B0HBF5YMQ8,杜邑遗址公园P2停车场,交通设施服务;停车场;公共停车场,109.02691260540378,34.20038404962445,雁塔区,109.031894,34.199004
B0MUY5QM2Z,西安东站(南出站口),交通设施服务;火车站;出站口,109.05827816823545,34.2147001002891,灞桥区,109.063368,34.213397
B0LA4C9S90,杜邑遗址公园P5地面停车场,交通设施服务;停车场;公共停车场,109.02774306856035,34.19168668715843,雁塔区,109.032727,34.190306
BX09912392,雁鸣湖地铁站A口,交通设施服务;地铁站;出入口,109.04537586749366,34.22378164388932,灞桥区,109.050427,34.222456
B0FFHS7A1C,雁鸣湖休闲公园停车场,交通设施服务;停车场;专用停车场,109.04338413495834,34.229155198138734,雁塔区,109.048429,34.227827
B0FFH3O2U6,雁鸣湖休闲公园P3停车场,交通设施服务;停车场;公共停车场,109.04170689578623,34.217776189094934,雁塔区,109.046745,34.21644
BX09912397,月登阁地铁站B口,交通设施服务;地铁站;出入口,109.03289368682756,34.221017879377456,雁塔区,109.0379,34.219661
BV10071355,马腾空(公交站),交通设施服务;公交车站;公交车站相关,109.03521411669476,34.20778456454115,雁塔区,109.040228,34.206429
BX09912391,雁鸣湖地铁站B口,交通设施服务;地铁站;出入口,109.04612538804662,34.22365102992278,灞桥区,109.051179,34.222327
BV10071983,红旗制动厂(公交站),交通设施服务;公交车站;公交车站相关,109.05208117771647,34.22665344205359,灞桥区,109.057154,34.225343
B0FFGP2FLL,西安高桥墓园停车场,交通设施服务;停车场;公共停车场,109.07290161018604,34.19682301982247,灞桥区,109.078025,34.195535
BV10847692,雁鸣湖公园(公交站),交通设施服务;公交车站;公交车站相关,109.04343834170584,34.22458273547619,雁塔区,109.048483,34.223253
B0MUTHL38G,西安东站南出租车停车场,交通设施服务;停车场;专用停车场,109.05808672096828,34.21444052798199,灞桥区,109.063176,34.213137
B0FFHS7APO,融创天朗·融公馆内部地下停车场,交通设施服务;停车场;专用停车场,109.03551989394052,34.220553305999765,雁塔区,109.040536,34.219203
BV09537695,西安东站(公交站),交通设施服务;公交车站;公交车站相关,109.05665179713434,34.21391128165624,灞桥区,109.061737,34.212605
BX09918789,西安东站地铁站A口,交通设施服务;地铁站;出入口,109.0558957913396,34.21586597932429,灞桥区,109.060979,34.214559
B0MUTHL38F,西安东站北出租车停车场,交通设施服务;停车场;专用停车场,109.05809351549158,34.21660475332734,灞桥区,109.063183,34.215302
B0JUZ5DRPS,中国唐苑停车场,交通设施服务;停车场;公共停车场,109.02946359232573,34.20051308184739,雁塔区,109.034455,34.19914
B001D0Z4V9,中国唐苑内部停车场,交通设施服务;停车场;专用停车场,109.03001340725751,34.2011333989492,雁塔区,109.035007,34.199762
BX09912394,月登阁地铁站C口,交通设施服务;地铁站;出入口,109.03439698292344,34.221585795735216,雁塔区,109.039409,34.220233
B0IG1RFRYA,美佳地面停车场,交通设施服务;停车场;公共停车场,109.03632705784152,34.207190960335254,雁塔区,109.041345,34.205838
B0KRFMNEY4,公园上城停车场,交通设施服务;停车场;公共停车场,109.0328133182231,34.21718045394983,雁塔区,109.037819,34.215822
BX09912812,月登阁地铁站D口,交通设施服务;地铁站;出入口,109.0345135103869,34.22202134133265,雁塔区,109.039526,34.220669
BV11472220,张李村南(公交站),交通设施服务;公交车站;公交车站相关,109.08335686273678,34.22597239399215,灞桥区,109.088501,34.224704
BV11323215,杜邑遗址公园(公交站),交通设施服务;公交车站;公交车站相关,109.02518648006918,34.20026085676434,雁塔区,109.030161,34.198876
BV11161897,雁鸣湖公交调度站(公交站),交通设施服务;公交车站;公交车站相关,109.04257179889709,34.21894275579734,雁塔区,109.047613,34.217609
BV11277833,东城汽车主题公园(公交站),交通设施服务;公交车站;公交车站相关,109.04876707991332,34.22033251949347,灞桥区,109.053829,34.219013
B0MUJHSIB4,西安东站北网约车停车场,交通设施服务;停车场;专用停车场,109.05930319396604,34.2166086508964,灞桥区,109.064396,34.215308
BX09912393,雁鸣湖地铁站出入口,交通设施服务;地铁站;出入口,109.0471918440168,34.22411553204601,灞桥区,109.052249,34.222794
BX09918785,西安东站地铁站E口,交通设施服务;地铁站;出入口,109.05750427601242,34.215243278135816,灞桥区,109.062592,34.213939
B0MUJHSIB5,西安东站南网约车停车场,交通设施服务;停车场;专用停车场,109.05910890663368,34.21447573610365,灞桥区,109.064201,34.213174
BV10071979,鲸鱼沟(公交站),交通设施服务;公交车站;公交车站相关,109.05976254272012,34.19815922912933,灞桥区,109.064855,34.196853
BV11471339,南三环长鸣路口(公交站),交通设施服务;公交车站;公交车站相关,109.02599379417444,34.217536640029444,雁塔区,109.030973,34.21616
B0FFLL9VR4,融创天朗·融公馆内部地下停车场(出入口),交通设施服务;停车场;停车场出入口,109.03675729655016,34.221055016323014,雁塔区,109.041778,34.219708
B0H3THFF96,杜陵邑遗址公园P3停车场,交通设施服务;停车场;停车场相关,109.02547366959276,34.196290394985034,雁塔区,109.030449,34.194905
BV11249075,高科麓湾四期(公交站),交通设施服务;公交车站;公交车站相关,109.04454675946845,34.222493966492216,灞桥区,109.049595,34.221166
B0FFH7CDB1,雁鸣湖停车场,交通设施服务;停车场;公共停车场,109.04216915214224,34.2193915330663,雁塔区,109.047209,34.218057
BX09918786,西安东站地铁站B口,交通设施服务;地铁站;出入口,109.05592079122913,34.21503222691888,灞桥区,109.061004,34.213725
BX09918790,西安东站地铁站K口,交通设施服务;地铁站;出入口,109.0574563399083,34.21606107541282,灞桥区,109.062544,34.214757
BV09537770,白鹿大道胜友路口(公交站),交通设施服务;公交车站;公交车站相关,109.0545599085507,34.21318742267297,灞桥区,109.059639,34.211877
BV11323216,唐苑(公交站),交通设施服务;公交车站;公交车站相关,109.02964785978212,34.200712519942265,雁塔区,109.03464,34.19934
BV11122180,南三环融公馆(公交站),交通设施服务;公交车站;公交车站相关,109.03354945731112,34.21812920857016,雁塔区,109.038558,34.216773
B0LRLNM6JH,星辉奔驰4S店停车场,交通设施服务;停车场;公共停车场,109.05002088888064,34.222844999617834,灞桥区,109.055087,34.221529
BV11544777,半引路云扉巷口(公交站),交通设施服务;公交车站;公交车站相关,109.05243824607508,34.22484538830392,灞桥区,109.057512,34.223535
B0MUJHSIB9,西安东站北停车场(入口),交通设施服务;停车场;停车场入口,109.05999826464334,34.217222253112745,灞桥区,109.065093,34.215923
BV10847691,浐灞丝路学校(公交站),交通设施服务;公交车站;公交车站相关,109.03390957654564,34.21258123400042,雁塔区,109.038919,34.211224
BX09918788,西安东站地铁站C口,交通设施服务;地铁站;出入口,109.05732983031832,34.21449285397562,灞桥区,109.062417,34.213188
B0MUJHSIBB,西安东站南停车场(入口),交通设施服务;停车场;停车场入口,109.0606687647341,34.21388730798125,灞桥区,109.065765,34.212588
B0K0216NJV,城轨曦寓雁鸣苑停车场,交通设施服务;停车场;停车场相关,109.04560612304076,34.223512228653206,灞桥区,109.050658,34.222187
BV11598399,赵湾村(公交站),交通设施服务;公交车站;公交车站相关,109.04520565154192,34.186269878588746,长安区,109.050253,34.184931
B0FFLF70PO,昌盛执法专用停车场,交通设施服务;停车场;专用停车场,109.0327334248486,34.20774495963675,雁塔区,109.037738,34.206383
BX09918787,西安东站地铁站D口,交通设施服务;地铁站;出入口,109.05729873969076,34.2165581818404,灞桥区,109.062386,34.215254
BX09912396,月登阁地铁站A口,交通设施服务;地铁站;出入口,109.0327092781506,34.22227690833793,雁塔区,109.037715,34.22092
BV10071978,南江村(公交站),交通设施服务;公交车站;公交车站相关,109.06143594233224,34.18843767711823,灞桥区,109.066532,34.187131
BV10855511,高桥南(公交站),交通设施服务;公交车站;公交车站相关,109.06083992142936,34.19523340720271,灞桥区,109.065935,34.193928
B0MUTHL38C,西安东站长途汽车站,交通设施服务;长途汽车站;长途汽车站,109.0553123296933,34.21759545216027,灞桥区,109.060394,34.216288
B0LK5XU4UK,中国建筑西安东站高架快速路系统及节点立交工程EPC项目2标段地上停车场,交通设施服务;停车场;公共停车场,109.05240195500964,34.21788795113747,灞桥区,109.057475,34.216575
BV10919192,东三环充电站(公交站),交通设施服务;公交车站;公交车站相关,109.04531430749518,34.22104876238479,灞桥区,109.050365,34.219722
B0MUJHS8KD,西安东站南网约车停车场(入口),交通设施服务;停车场;停车场入口,109.05956571569598,34.21390615436006,灞桥区,109.064659,34.212605
BV11249072,高科麓湾国际社区(公交站),交通设施服务;公交车站;公交车站相关,109.04484634215552,34.227263568016426,灞桥区,109.049896,34.225938
BV09537775,白鹿大道高朋路口(公交站),交通设施服务;公交车站;公交车站相关,109.05468899912482,34.21934500354742,灞桥区,109.059769,34.218037
BV11307816,东三环云扉巷口(公交站),交通设施服务;公交车站;公交车站相关,109.0488843139945,34.22488763578788,灞桥区,109.053947,34.22357
BV11455210,花间路雁鸣二路口(公交站),交通设施服务;公交车站;公交车站相关,109.03741458248692,34.22475205260512,雁塔区,109.042438,34.223408
BV09073391,长鸣路草甸路口(公交站),交通设施服务;公交车站;公交车站相关,109.034112083753,34.20945380194939,雁塔区,109.039122,34.208096
BV11376225,三殿村(公交站),交通设施服务;公交车站;公交车站相关,109.04972777555624,34.2232704540084,灞桥区,109.054793,34.221954
BV11453961,花间路雁鸣三路口(公交站),交通设施服务;公交车站;公交车站相关,109.03687331625645,34.227562378442485,雁塔区,109.041895,34.226218
B0MUJHSIB6,西安东站北出租车停车场(入口),交通设施服务;停车场;停车场入口,109.05786410202684,34.21719894817383,灞桥区,109.062953,34.215896
B0FFHS7AQU,芙蓉山庄地面停车场,交通设施服务;停车场;公共停车场,109.03823385655764,34.22191605341512,雁塔区,109.04326,34.220573
B0H0XU511K,广汽本田白云店停车场,交通设施服务;停车场;公共停车场,109.046701959303,34.218156729808115,灞桥区,109.051757,34.216832
B0FFH7C0HF,雁鸣湖停车场,交通设施服务;停车场;公共停车场,109.0412603869151,34.21856096211479,雁塔区,109.046297,34.217224
B0MUJHS8KE,西安东站南出租车停车场(入口),交通设施服务;停车场;停车场入口,109.05831513224966,34.21393230518873,灞桥区,109.063405,34.212629
B0FFH8UTIX,雁鸣湖休闲公园停车场(出入口),交通设施服务;停车场;停车场出入口,109.04187922400378,34.21862148487436,雁塔区,109.046918,34.217286
B0LRSK4J3O,万年能源加油站(东三环西站)-停车场,交通设施服务;停车场;公共停车场,109.04575986938686,34.22050896470838,灞桥区,109.050812,34.219183
B0MUJHSIB8,西安东站北网约车停车场(入口),交通设施服务;停车场;停车场入口,109.0590777552768,34.21721482359698,灞桥区,109.06417,34.215914
B0KK5DHST5,特大桥停车场,交通设施服务;停车场;公共停车场,109.05280344850308,34.22126095745939,灞桥区,109.057878,34.21995
B0FFK00CCJ,绿地国际生态城三期停车场,交通设施服务;停车场;专用停车场,109.03691928820344,34.22592385910658,雁塔区,109.041941,34.224579
BV10923109,马腾空北(公交站),交通设施服务;公交车站;公交车站相关,109.02866170241522,34.21245613549703,雁塔区,109.033651,34.211085
BV09179383,浐河东路临湾路口(公交站),交通设施服务;公交车站;公交车站相关,109.04480828573934,34.21775206953861,灞桥区,109.049857,34.216423
B0H055GBHP,同尘酒店停车场,交通设施服务;停车场;公共停车场,109.06845775702888,34.2125661189915,灞桥区,109.073573,34.211278
B0GU1RYGOY,杜邑球场P3停车场,交通设施服务;停车场;停车场相关,109.0250881940212,34.196476403106615,雁塔区,109.030062,34.19509
BV11598403,长鸣路踏青路口(公交站),交通设施服务;公交车站;公交车站相关,109.0384729383081,34.199171376732465,雁塔区,109.043498,34.197821
B0I3XU6YFQ,浐河西路-道路停车位,交通设施服务;停车场;路边停车场,109.04277106251084,34.21952608636846,雁塔区,109.047813,34.218193
BV11359362,南三环田马路口(公交站),交通设施服务;公交车站;公交车站相关,109.03504681900708,34.21855721747545,雁塔区,109.040061,34.217205
B0H0X53ZRP,西安新铭洋丰田汽车销售服务有限公司地面停车场,交通设施服务;停车场;公共停车场,109.05161281862578,34.22425724643068,灞桥区,109.056684,34.222945
BV09278733,雁鸣路公交调度站(公交站),交通设施服务;公交车站;公交车站相关,109.04239944799728,34.21831038096794,雁塔区,109.04744,34.216976
B0L3H7A3CC,开儿垂钓园停车场,交通设施服务;停车场;公共停车场,109.045281435954,34.20917001730036,灞桥区,109.050331,34.207839
B0MUJHS8KC,西安东站南停车场(出口),交通设施服务;停车场;停车场出口,109.05995267304375,34.21390749824717,灞桥区,109.065047,34.212607
B0MUJHSIBA,西安东站北停车场(出口),交通设施服务;停车场;停车场出口,109.0606196041006,34.21725820141952,灞桥区,109.065716,34.21596
B0H017O00P,西安华中星辉汽车销售服务有限公司停车场,交通设施服务;停车场;公共停车场,109.04994412951002,34.22285415509559,灞桥区,109.05501,34.221538
BV11332219,陕西科技学院(公交站),交通设施服务;公交车站;公交车站相关,109.02704780827712,34.215253546963275,雁塔区,109.032031,34.213879
BV11175986,长鸣路南三环公交调度站(公交站),交通设施服务;公交车站;公交车站相关,109.02605554733292,34.217550464605026,雁塔区,109.031035,34.216174
BV09537771,半引路高朋路口(公交站),交通设施服务;公交车站;公交车站相关,109.05183070794904,34.21777112959162,灞桥区,109.056902,34.216457
B0KGPZ556V,高科麓湾国际社区四期内部地下停车场,交通设施服务;停车场;专用停车场,109.04739839595246,34.22149302780508,灞桥区,109.052456,34.220171
B0FFH6WKV6,停车场(绿地国际生态城西),交通设施服务;停车场;公共停车场,109.0369112935064,34.226203777526045,雁塔区,109.041933,34.224859
B0MG74GA3V,杜邑遗址公园-P8地上停车场,交通设施服务;停车场;公共停车场,109.0251400539302,34.183884402889795,雁塔区,109.030113,34.182494
B0FFHUI9E3,绿地国际生态城三期停车场(出入口),交通设施服务;停车场;停车场出入口,109.03691629257445,34.226000838664795,雁塔区,109.041938,34.224656
BV11310100,东三环云淙巷口(公交站),交通设施服务;公交车站;公交车站相关,109.0483679431528,34.22517862360235,灞桥区,109.053429,34.22386
BV09382638,南胡7号(公交站),交通设施服务;公交车站;公交车站相关,109.03869809326189,34.21129167263084,雁塔区,109.043725,34.209946
B0FFLACW0S,合能·十里锦绣2期停车场(出口),交通设施服务;停车场;停车场出口,109.05212215142902,34.2255057766573,灞桥区,109.057195,34.224195
B0FFL876X3,绿地国际生态城三期停车场,交通设施服务;停车场;专用停车场,109.0380780401913,34.226350836371864,雁塔区,109.043104,34.225009
B0LBOU5VAC,孝宣路停车场,交通设施服务;停车场;公共停车场,109.02760153738195,34.19272372984002,雁塔区,109.032585,34.191343
B0MBRGQCCE,万科雁鸣湖地上停车场,交通设施服务;停车场;公共停车场,109.04447943577507,34.19391299537722,雁塔区,109.049525,34.192575
BV11193736,长鸣路幸马路口(公交站),交通设施服务;公交车站;公交车站相关,109.0319202395128,34.21100295726777,雁塔区,109.036922,34.20964
B0MUJHS8KF,西安东站南出租车停车场(出口),交通设施服务;停车场;停车场出口,109.05776665534596,34.21393227218235,灞桥区,109.062855,34.212628
B0HKYCYEQZ,西安中升领智领克极氪4S店停车场(出入口),交通设施服务;停车场;停车场出入口,109.04465583153645,34.21736754885301,灞桥区,109.049704,34.216038
B0FFIBBPTP,绿地国际生态城二期停车场,交通设施服务;停车场;公共停车场,109.03991222724557,34.229195341140084,雁塔区,109.044945,34.227859
B0FFH7QPJQ,中国唐苑停车场(出入口),交通设施服务;停车场;停车场出入口,109.02977137575118,34.20077016946755,雁塔区,109.034764,34.199398
B0FFH6WKSK,绿地国际生态城三期停车场(出入口),交通设施服务;停车场;停车场出入口,109.03846974226852,34.22500436347599,雁塔区,109.043497,34.223663
B0MU67V8EH,雁先生国宴私厨停车场,交通设施服务;停车场;公共停车场,109.0418861196692,34.21956013472852,雁塔区,109.046925,34.218225
BV11320472,东三环云亭巷口(公交站),交通设施服务;公交车站;公交车站相关,109.0479127486396,34.221244010692885,灞桥区,109.052972,34.219923
B0MU4LBX35,停车场,交通设施服务;停车场;停车场相关,109.05524444931145,34.20688631985001,灞桥区,109.060325,34.205575
B0IRRCHD2Q,地面停车场,交通设施服务;停车场;公共停车场,109.030763133048,34.19384984676251,雁塔区,109.035759,34.192478
BV09537773,半引路远志路口(公交站),交通设施服务;公交车站;公交车站相关,109.05185732692291,34.209625932642474,灞桥区,109.056928,34.208309
B0H055F7HP,同尘酒店停车场(出入口),交通设施服务;停车场;停车场出入口,109.06920821513906,34.21098568345731,灞桥区,109.074325,34.209698
B0L2H69020,高科麓湾国际社区2期地下停车场,交通设施服务;停车场;专用停车场,109.04664924402648,34.2285071193404,灞桥区,109.051705,34.227186
BV11464795,常家湾小学(公交站),交通设施服务;公交车站;公交车站相关,109.06115023968852,34.182067212392575,灞桥区,109.066245,34.180758
B0H01SNI2U,西安恒信奥龙汽车销售服务有限公司停车场,交通设施服务;停车场;公共停车场,109.04835550359054,34.21911982389862,灞桥区,109.053416,34.217799
B0LD3ZHQIZ,杜邑遗址公园P5地面停车场(入口),交通设施服务;停车场;停车场入口,109.02761553769088,34.192070907768645,雁塔区,109.032599,34.19069
B0MAU1VQSS,蓝鲸灵幼儿园西北侧停车场,交通设施服务;停车场;公共停车场,109.06107940279058,34.19393044699399,灞桥区,109.066175,34.192625
B0MDX918CG,西安恒大御龙湾-二期-地下停车场,交通设施服务;停车场;专用停车场,109.03664441648628,34.212780225379134,雁塔区,109.041664,34.21143
B0L0AKASBR,西安钧盛丰泰雷克萨斯汽车销售服务有限公司(东三环店)停车场,交通设施服务;停车场;公共停车场,109.04985930317244,34.22394093954884,灞桥区,109.054925,34.222625
B0K025Z7N2,融创天朗·融公馆内部地下停车场(出口),交通设施服务;停车场;停车场出口,109.03691383713664,34.21973109865468,雁塔区,109.041935,34.218384
BV09197594,临湾路云扉巷口(公交站),交通设施服务;公交车站;公交车站相关,109.0497257616336,34.22350637326252,灞桥区,109.054791,34.22219
B0LUMCFGDS,浐灞丝路学校停车场,交通设施服务;停车场;公共停车场,109.03360871261762,34.21251803180796,雁塔区,109.038617,34.21116
B0H0OS07X7,马腾空国际车城地面停车场,交通设施服务;停车场;公共停车场,109.02622580560852,34.218314723782896,雁塔区,109.031206,34.216939
BV09537777,白鹿大道云扉巷口(公交站),交通设施服务;公交车站;公交车站相关,109.05457190726278,34.22440441159621,灞桥区,109.059652,34.223098
BV09537776,半引路迎晖路口(公交站),交通设施服务;公交车站;公交车站相关,109.05187294572572,34.21350254984191,灞桥区,109.056944,34.212187
BV09537911,飞虹大道启慧路口(公交站),交通设施服务;公交车站;公交车站相关,109.05554365193215,34.20606504380336,灞桥区,109.060625,34.204754
BV09382639,御龙湾(南门)(公交站),交通设施服务;公交车站;公交车站相关,109.0380157741357,34.208694246026795,雁塔区,109.04304,34.207346
BV09537910,半引路飞虹大道口(公交站),交通设施服务;公交车站;公交车站相关,109.05206195210786,34.20670853199032,灞桥区,109.057133,34.205391
B0MUJHS8KB,西安东站北网约车停车场(出口),交通设施服务;停车场;停车场出口,109.05959335498385,34.21722093904002,灞桥区,109.064687,34.215921
B0MUJHSIBC,西安东站南网约车停车场(出口),交通设施服务;停车场;停车场出口,109.05887060518585,34.21392334120429,灞桥区,109.063962,34.212621
B0L3RGO0ZO,陕西金水河人造板有限公司停车场,交通设施服务;停车场;公共停车场,109.0610300716164,34.187679588596296,灞桥区,109.066125,34.186372
B0MUJHSIB7,西安东站北出租车停车场(出口),交通设施服务;停车场;停车场出口,109.0585861027671,34.217205678159004,灞桥区,109.063677,34.215904
B0K025Z7N3,融创天朗·融公馆内部地下停车场(出入口),交通设施服务;停车场;停车场出入口,109.03321651854864,34.2204052600224,雁塔区,109.038224,34.219049
B0MD3XHVXL,高科麓湾国际社区三期地上停车场,交通设施服务;停车场;专用停车场,109.04612111922656,34.22694784632677,灞桥区,109.051175,34.225625
B0L1CL6RUU,西安市公安局司法鉴定中心停车场,交通设施服务;停车场;专用停车场,109.05677394234996,34.219803975753585,灞桥区,109.06186,34.2185
B0MGG42IG5,西安市交警支队昌盛执法专用地上停车场,交通设施服务;停车场;专用停车场,109.03299531519424,34.2091317988725,雁塔区,109.038001,34.207771
B0L1SUQSPG,万科雁鸣湖地上停车场,交通设施服务;停车场;公共停车场,109.04591362232388,34.19411472332522,雁塔区,109.050964,34.19278
B0LRC4FG6W,西安恒大御龙湾停车场,交通设施服务;停车场;专用停车场,109.03786530507163,34.20885256173106,雁塔区,109.042889,34.207504
B0H0OS07X8,马腾空国际车城停车场(出入口),交通设施服务;停车场;停车场出入口,109.02601967347708,34.21774549453427,雁塔区,109.030999,34.216369
B0FFGFPLIN,停车场,交通设施服务;停车场;公共停车场,109.03303669526314,34.21457079366511,雁塔区,109.038043,34.213212
B0FFH6Y2SX,停车场(田马路),交通设施服务;停车场;公共停车场,109.0312534230661,34.22705600218559,雁塔区,109.036254,34.225697
B0MUSLDGMG,停车场,交通设施服务;停车场;停车场相关,109.03775482893074,34.20740533404989,雁塔区,109.042778,34.206056
B0M6UHQ5FF,西安浐灞绿地小学停车场,交通设施服务;停车场;公共停车场,109.03525915854809,34.22877299750846,雁塔区,109.040275,34.227425
B0MBBUVVNK,地面停车场,交通设施服务;停车场;公共停车场,109.04657471106208,34.21426938043852,灞桥区,109.051629,34.212943
B0MR6L0R80,临湾路云岚路交叉口地面停车场,交通设施服务;停车场;公共停车场,109.04875311032356,34.22049848972878,灞桥区,109.053815,34.219179
B0FFFPL72L,御园地面停车场,交通设施服务;停车场;公共停车场,109.03795879635308,34.187423537241926,雁塔区,109.042981,34.186068
B0MGOAUKQ6,草甸路-路侧停车场,交通设施服务;停车场;路边停车场,109.0356092397536,34.21262788101928,雁塔区,109.040625,34.211275
B0KGPZWZ0Q,高科麓湾国际社区四期内部地下停车场(东南出入口),交通设施服务;停车场;停车场出入口,109.04729776335806,34.221031410545024,灞桥区,109.052355,34.219709
B0LR1XV56M,绿地与湖-南区停车场,交通设施服务;停车场;专用停车场,109.03821079733,34.22358251113177,雁塔区,109.043237,34.22224
B0MG1ZSNCX,红旗街道高桥村村民委员会西北侧停车场,交通设施服务;停车场;公共停车场,109.05966877402474,34.19840830439292,灞桥区,109.064761,34.197102
B0L1RRBWV3,合能十里锦绣2期门前停车场,交通设施服务;停车场;专用停车场,109.05025500437726,34.224586889054656,灞桥区,109.055322,34.223272
B0J1XUPZSN,西安新铭洋丰田汽车销售服务有限公司地面停车场(出入口),交通设施服务;停车场;停车场出入口,109.05230671470925,34.224045937485336,灞桥区,109.05738,34.222735
B0FFHS7B7P,绿地·国际生态城3期停车场,交通设施服务;停车场;专用停车场,109.03854546956026,34.22500617762283,雁塔区,109.043573,34.223665
B0J19SYRFT,芙蓉山庄地面停车场(出入口),交通设施服务;停车场;停车场出入口,109.03749451439036,34.2221477923362,雁塔区,109.042518,34.220803
B0MU49CPLI,东苑北路-路侧停车场,交通设施服务;停车场;路边停车场,109.0293842503526,34.19639967911395,雁塔区,109.034375,34.195025
B0I0C5HD36,秦岭龙泉高桥站,交通设施服务;交通服务相关;交通服务相关,109.05921099966288,34.198577029117146,灞桥区,109.064302,34.19727
B0MUSUBHH5,凤华路-路侧停车场,交通设施服务;停车场;路边停车场,109.02928498046764,34.19235129333576,雁塔区,109.034275,34.190975
B0MU6RVZHN,引凤路-路侧停车场,交通设施服务;停车场;路边停车场,109.02823917030402,34.19110453051344,雁塔区,109.033225,34.189725
B0I325N5QV,内部地下停车场,交通设施服务;停车场;专用停车场,109.05214007636128,34.22574265519452,灞桥区,109.057213,34.224432
B0MUT6JCEF,白雀路西侧停车场,交通设施服务;停车场;路边停车场,109.03810079723932,34.216531296865035,雁塔区,109.043126,34.215186
B0MUFXIXYT,白龙池路东侧停车场,交通设施服务;停车场;路边停车场,109.04000688560548,34.2292640886166,雁塔区,109.04504,34.227928
B0L0FBUJO1,城南汽车检测站西南侧地上停车场,交通设施服务;停车场;公共停车场,109.025959708544,34.22014280750496,雁塔区,109.030939,34.218767
B0FFHVUO7B,绿地·国际生态城3期停车场(出入口),交通设施服务;停车场;停车场出入口,109.03746935861832,34.225040812567954,雁塔区,109.042493,34.223697
B0H0X536A3,西安新铭洋丰田汽车销售服务有限公司地面停车场(出入口)(暂停营业),交通设施服务;停车场;停车场出入口,109.05140046729778,34.224315652803895,灞桥区,109.056471,34.223003
B0HKNMQD7K,西安汉唐马术俱乐部停车场,交通设施服务;停车场;公共停车场,109.03374372423488,34.18294561801256,雁塔区,109.03875,34.181578
B0FFGFPXYY,花园酒店停车场,交通设施服务;停车场;公共停车场,109.03313208453528,34.19403056869391,雁塔区,109.038137,34.192665
B0MUJ1T9IQ,停车场,交通设施服务;停车场;停车场相关,109.04706864279514,34.2194984542944,灞桥区,109.052125,34.218175
B0M6968DUI,登月仓储停车场,交通设施服务;停车场;公共停车场,109.02800836747352,34.222980175960764,雁塔区,109.032996,34.221611
B0FFGFPV3Z,停车场(唐苑北路),交通设施服务;停车场;公共停车场,109.03585280476898,34.19545813200315,雁塔区,109.040868,34.1941
B0MUAS0LIX,雁鸣二路北侧停车场,交通设施服务;停车场;路边停车场,109.0387646941295,34.22486069503854,雁塔区,109.043793,34.22352
B0H0XU2CN3,广汽本田白云店停车场(出入口),交通设施服务;停车场;停车场出入口,109.04681258839844,34.21824845587189,灞桥区,109.051868,34.216924
B0MD59XP8E,丝路会展产业孵化园-地下停车场,交通设施服务;停车场;公共停车场,109.0258462655862,34.21890156322534,雁塔区,109.030825,34.217525
BV09537774,半引路飞鸿大道口(公交站),交通设施服务;公交车站;公交车站相关,109.0538576213757,34.20578933026192,灞桥区,109.058934,34.204475
B0MUYRRO2X,天平机动车驾驶员培训有限责任公司停车场,交通设施服务;停车场;专用停车场,109.03909913412672,34.18227941805932,长安区,109.044125,34.180925
B0LR1CUFX4,Nio蔚来地面停车场,交通设施服务;停车场;公共停车场,109.05027098645398,34.22421299113056,灞桥区,109.055338,34.222898
B0MULRVMRO,停车场,交通设施服务;停车场;停车场相关,109.07564498427844,34.21155502925652,灞桥区,109.080775,34.210275
B0FFIJVU5E,曲江宏帮停车场,交通设施服务;停车场;公共停车场,109.0330232963473,34.20811107921498,雁塔区,109.038029,34.20675
B0FFGGYRMP,绿地国际生态城二期1号D区停车场(出入口),交通设施服务;停车场;停车场出入口,109.03975378481346,34.229255700269896,雁塔区,109.044786,34.227919
B0L1F7ZETY,荣德荣泽公馆停车场,交通设施服务;停车场;专用停车场,109.03056974411469,34.21892973662635,雁塔区,109.035567,34.217566
B0H017O00Q,西安华中星辉汽车销售服务有限公司停车场(出入口),交通设施服务;停车场;停车场出入口,109.04988728079,34.223176157015814,灞桥区,109.054953,34.22186
B0MUPOG7ER,停车场,交通设施服务;停车场;停车场相关,109.07888789669563,34.22634670535483,灞桥区,109.084025,34.225075
B0FFFAH765,停车场,交通设施服务;停车场;公共停车场,109.0358907752897,34.194161468332084,雁塔区,109.040906,34.192803
B0L0AK9UWW,西安市灞桥区石佛寺小学停车场,交通设施服务;停车场;公共停车场,109.07624320782053,34.219201735287335,灞桥区,109.081375,34.217925
B0IDD5E0R6,地面停车场,交通设施服务;停车场;公共停车场,109.05658674444366,34.19345238339453,灞桥区,109.06167,34.192139
B0MDV6LYRD,陕西瑞淼环保设备有限公司停车场,交通设施服务;停车场;公共停车场,109.06093060051585,34.184583760025575,灞桥区,109.066025,34.183275
B0MD3OH7Z9,唐苑南路-路侧停车场,交通设施服务;停车场;路边停车场,109.02754182068432,34.192156080697615,雁塔区,109.032525,34.190775
B0MU5RUG5M,倍乐客(海域壹号店)-门前停车场,交通设施服务;停车场;公共停车场,109.03670411833224,34.22542057818474,雁塔区,109.041725,34.224075
B0L37XMR4Q,西安电力机械有限公司停车场,交通设施服务;停车场;公共停车场,109.02830983444758,34.215339076811944,雁塔区,109.033298,34.213968
B0FFGGYRN3,停车场(五湖名邸西区南),交通设施服务;停车场;公共停车场,109.03604629968238,34.22817022830075,雁塔区,109.041065,34.226824
B0MDXL0IRO,西安市高桥中学停车场,交通设施服务;停车场;公共停车场,109.05991233376606,34.195909729887056,灞桥区,109.065005,34.194603
B0MUA73194,南侧停车场,交通设施服务;停车场;公共停车场,109.03640537467324,34.21182515728606,雁塔区,109.041424,34.210474
B0FFH1T651,中国唐苑花园酒店停车场(出入口),交通设施服务;停车场;停车场出入口,109.03384818721156,34.196385931664835,雁塔区,109.038856,34.195023
B0IKHCMSBE,御园地面停车场(出入口),交通设施服务;停车场;停车场出入口,109.03789204858248,34.187297742700814,雁塔区,109.042914,34.185942
B0HKNMN57O,西安汉唐马术俱乐部停车场(出入口),交通设施服务;停车场;停车场出入口,109.03326149354749,34.183488689178446,雁塔区,109.038266,34.18212
B0FFH1VX9A,中国唐苑花园酒店停车场(出入口),交通设施服务;停车场;停车场出入口,109.03306249367164,34.19231331899993,雁塔区,109.038067,34.190947
B0MUA72EU1,雁鸣二路北侧停车场,交通设施服务;停车场;路边停车场,109.03843488181388,34.224840508018985,雁塔区,109.043462,34.223499
B0MGP11U26,星星捷马仓库停车场,交通设施服务;停车场;公共停车场,109.06480445433732,34.19971468282657,灞桥区,109.06991,34.198417
B0IDD5EFCC,地面停车场(出入口),交通设施服务;停车场;停车场出入口,109.05658674444366,34.19345238339453,灞桥区,109.06167,34.192139
B0IU7RJOK9,西安铁道技师学院内部地面停车场(出入口),交通设施服务;停车场;停车场出入口,109.0834667316238,34.22563944122584,灞桥区,109.088611,34.224371
B0H01SMHHI,西安恒信奥龙汽车销售服务有限公司停车场(出入口),交通设施服务;停车场;停车场出入口,109.04808137828908,34.21921437444287,灞桥区,109.053141,34.217893
B0I325MQJQ,内部地下停车场(入口),交通设施服务;停车场;停车场入口,109.05214007636128,34.22574265519452,灞桥区,109.057213,34.224432
B0IRRCH5E7,地面停车场(入口),交通设施服务;停车场;停车场入口,109.030763133048,34.19384984676251,雁塔区,109.035759,34.192478
B0MBBUWEEP,地面停车场(出入口),交通设施服务;停车场;停车场出入口,109.04657471106208,34.21426938043852,灞桥区,109.051629,34.212943
B0FFH6Y2ZY,停车场(出入口),交通设施服务;停车场;停车场出入口,109.03151043523724,34.22709131107382,雁塔区,109.036512,34.225733
B0FFIJWOMQ,曲江宏帮停车场(出入口),交通设施服务;停车场;停车场出入口,109.033187678423,34.20807366550173,雁塔区,109.038194,34.206713
B0FFHW5TUJ,白鹿原·白鹿仓P2停车场,交通设施服务;停车场;公共停车场,109.10613432452806,34.21759869161945,灞桥区,109.111297,34.216331
BV10071026,白鹿原公交调度站(公交站),交通设施服务;公交车站;公交车站相关,109.125635744488,34.203990392588274,灞桥区,109.130793,34.202704
B0FFHT5I3H,白鹿原·白鹿仓P3停车场,交通设施服务;停车场;公共停车场,109.1087489299625,34.21668702641635,灞桥区,109.113912,34.215418
B0HRS5RICZ,西安鲸鱼沟竹海风景区游客中心停车场,交通设施服务;停车场;公共停车场,109.09807929875176,34.190981491985646,灞桥区,109.103236,34.189706
BV11189515,陕西职业技术学院(公交站),交通设施服务;公交车站;公交车站相关,109.09519921414608,34.216467008462445,灞桥区,109.100356,34.2152
B0FFL4KFJS,白鹿原·白鹿仓P5停车场,交通设施服务;停车场;公共停车场,109.11290884543484,34.21696711109221,灞桥区,109.118072,34.215696
BV11472165,白鹿仓旅游景区(公交站),交通设施服务;公交车站;公交车站相关,109.10454670162888,34.21850289512571,灞桥区,109.109709,34.217236
B0FFKWY54M,白鹿原·白鹿仓P4停车场,交通设施服务;停车场;公共停车场,109.11253495379964,34.21539344219387,灞桥区,109.117698,34.214122
BV10071028,狄寨街村(公交站),交通设施服务;公交车站;公交车站相关,109.11479208219129,34.20559528758392,灞桥区,109.119954,34.204319
BV10071027,白鹿原管委会(公交站),交通设施服务;公交车站;公交车站相关,109.1183470688092,34.20474224201896,灞桥区,109.123508,34.203463
B0HUKM5RH3,西安鲸鱼沟竹海风景区东南门停车场,交通设施服务;停车场;公共停车场,109.1019850579786,34.19153359350304,灞桥区,109.107144,34.190258
BV11657495,小康村(公交站),交通设施服务;公交车站;公交车站相关,109.10567527288852,34.20807687491045,灞桥区,109.110837,34.206806
B0G2AK2NJU,西安鲸鱼沟竹海风景区南停车场,交通设施服务;停车场;公共停车场,109.099449949139,34.185107438359246,长安区,109.104607,34.18383
BV11657496,北大康村(公交站),交通设施服务;公交车站;公交车站相关,109.09735227751337,34.20842462188883,灞桥区,109.10251,34.207155
BV11472168,西财行知学院(公交站),交通设施服务;公交车站;公交车站相关,109.08777680263212,34.22757828624538,灞桥区,109.092927,34.226313
B0L3FZ5FJ8,薛氏骨科医院停车场,交通设施服务;停车场;公共停车场,109.10701074789704,34.210479498449004,灞桥区,109.112173,34.209209
BV11472167,灞桥区社会福利中心(公交站),交通设施服务;公交车站;公交车站相关,109.08816153524047,34.22530693272201,灞桥区,109.093312,34.224041
BV11658693,狄寨南路风光路口(公交站),交通设施服务;公交车站;公交车站相关,109.10981167762117,34.2070108947082,灞桥区,109.114974,34.205738
B001D08OGZ,汉薄太后南陵停车场,交通设施服务;停车场;公共停车场,109.09487130770523,34.218505334323204,灞桥区,109.100028,34.217239
B0L0T49T10,西安市灞桥区中心敬老院停车场,交通设施服务;停车场;公共停车场,109.1197211965364,34.209079903654974,灞桥区,109.124882,34.207801
B0GKYAHLL8,白鹿原·白鹿仓内部地下停车场,交通设施服务;停车场;专用停车场,109.10675001293411,34.21953921486113,灞桥区,109.111913,34.218272
B0IGU94Z65,白鹿原滑雪场地面停车场,交通设施服务;停车场;公共停车场,109.08912387750038,34.21990345778203,灞桥区,109.094275,34.218636
B001D0Z481,樱桃谷景区停车点,交通设施服务;停车场;公共停车场,109.12915537881966,34.22569672761083,灞桥区,109.134312,34.224414
B0FFK4MUU1,鲸鱼沟第1停车场,交通设施服务;停车场;公共停车场,109.1043250521807,34.19236480321321,灞桥区,109.109485,34.191089
B0FFHSBQWO,樱桃谷停车场,交通设施服务;停车场;公共停车场,109.1358058327579,34.22079003325447,灞桥区,109.140956,34.219497
B0MB5BJYO4,西安市第六十二中学停车场,交通设施服务;停车场;公共停车场,109.1023638535175,34.21489269165881,灞桥区,109.107525,34.213625
B0FFH45FTL,西安汽车科技学院停车场,交通设施服务;停车场;停车场相关,109.0983921224764,34.213624789005785,灞桥区,109.103551,34.212357
B0LRDM6V6N,西安财经大学行知学院停车场,交通设施服务;停车场;专用停车场,109.08821925810106,34.2276980384314,灞桥区,109.09337,34.226433
B0FFL838RM,白鹿原·白鹿仓P4停车场(入口),交通设施服务;停车场;停车场入口,109.11036283998408,34.21630492608022,灞桥区,109.115526,34.215035
B0FFMD284Q,白鹿原·白鹿仓P2停车场(出入口),交通设施服务;停车场;停车场出入口,109.1059123519222,34.21792750217021,灞桥区,109.111075,34.21666
B0IUPHVUIZ,麦草人露营公园停车场,交通设施服务;停车场;公共停车场,109.11840774604453,34.19720284635517,灞桥区,109.123568,34.195921
B0L32R47AZ,西安汽车职业大学停车场,交通设施服务;停车场;公共停车场,109.09732473389212,34.21489036806491,灞桥区,109.102483,34.213623
B0I1SUM1BU,樱桃广场停车点,交通设施服务;停车场;公共停车场,109.12968480912326,34.225592397053624,灞桥区,109.134841,34.224309
B0IU7RPQ00,西安铁道技师学院内部地面停车场,交通设施服务;停车场;专用停车场,109.08852717192796,34.22448906533483,灞桥区,109.093678,34.223223
B0KBLH34ZC,停车场,交通设施服务;停车场;停车场相关,109.11028887273008,34.215962009788775,灞桥区,109.115452,34.214692
B0FFL35NQK,白鹿原·白鹿仓内部地下停车场(出入口),交通设施服务;停车场;停车场出入口,109.1067200164708,34.2195731920192,灞桥区,109.111883,34.218306
B0L0C1ZP8D,云上人家农家乐西北侧停车场,交通设施服务;停车场;公共停车场,109.12361465286516,34.22540176460246,灞桥区,109.128775,34.224125
B0GKULNEPW,白鹿原白鹿仓停车场(出入口),交通设施服务;停车场;停车场出入口,109.10947086505766,34.216617379998006,灞桥区,109.114634,34.215348
B0LBGD3V7I,白鹿原滑雪场网约车停靠点,交通设施服务;停车场;公共停车场,109.08868740921902,34.2195997496554,灞桥区,109.093838,34.218332
B0HB2YVXPN,停车场,交通设施服务;停车场;停车场相关,109.10555250176589,34.21731160674546,灞桥区,109.110715,34.216044
B0MB94TR49,西安汽车职业大学停车场,交通设施服务;停车场;公共停车场,109.10026478688798,34.21609199995143,灞桥区,109.105425,34.214825
B0MUD9KWCK,停车场,交通设施服务;停车场;停车场相关,109.1429863279302,34.182091726214395,灞桥区,109.148125,34.180775
B0MBMY6CT8,姚院停车场,交通设施服务;停车场;公共停车场,109.0890257950363,34.19914969572599,灞桥区,109.094175,34.197875
B0M66M9MQG,空乘体能实训基地东侧地上停车场,交通设施服务;停车场;公共停车场,109.0947725598346,34.216560039067375,灞桥区,109.099929,34.215293
B0KRBZUG3R,行知生态园停车场(出入口),交通设施服务;停车场;停车场出入口,109.10366983885147,34.22044998436446,灞桥区,109.108832,34.219184
B0IDZ55M5P,地面停车场,交通设施服务;停车场;公共停车场,109.10780758101389,34.2221966669087,灞桥区,109.112971,34.22093
B0LRHA8F35,西园停车场,交通设施服务;停车场;公共停车场,109.0966590792695,34.21644386038143,灞桥区,109.101817,34.215177
B0MUS1EQ14,停车场,交通设施服务;停车场;停车场相关,109.12426716842096,34.200861022052,灞桥区,109.129425,34.199575
B0IULUT6R1,地面停车场,交通设施服务;停车场;公共停车场,109.08853915442069,34.22452804601681,灞桥区,109.09369,34.223262
B0KBLR3AMG,停车场,交通设施服务;停车场;公共停车场,109.1018997354115,34.2186552852348,灞桥区,109.107061,34.217389
B0IGU92TWU,白鹿原滑雪场地面停车场(出入口),交通设施服务;停车场;停车场出入口,109.08904497347017,34.21984151242934,灞桥区,109.094196,34.218574
B0JRAAF5TW,狄寨东路-道路停车位,交通设施服务;停车场;路边停车场,109.1072706474124,34.211047398250415,灞桥区,109.112433,34.209777
B0LKLP7PDI,西安逸晨酒店-门前停车场,交通设施服务;停车场;公共停车场,109.08734927098727,34.228243249581666,灞桥区,109.092499,34.226978
B0IGH7FP4Z,狄寨东路-道路停车位,交通设施服务;停车场;路边停车场,109.11143034270953,34.21040355741122,灞桥区,109.116593,34.209131
B0MURCDU3B,白鹿食苑地上停车场,交通设施服务;停车场;公共停车场,109.09670292987455,34.21778738159004,灞桥区,109.101861,34.216521
B0MUBL81V4,停车场,交通设施服务;停车场;停车场相关,109.09057411735364,34.19869925845872,灞桥区,109.095725,34.197425
B0MU5LUISC,停车场,交通设施服务;停车场;停车场相关,109.09481741810524,34.22923747360953,灞桥区,109.099975,34.227975
B0FFHCFHZE,停车场,交通设施服务;停车场;公共停车场,109.11731247127476,34.2193453191702,灞桥区,109.122475,34.218072
B0MURCD1DB,停车场,交通设施服务;停车场;停车场相关,109.09406974412089,34.209894495887255,灞桥区,109.099225,34.208625
B0IDCAPKVF,地面停车场,交通设施服务;停车场;公共停车场,109.12989398373612,34.22553167099737,灞桥区,109.13505,34.224248
B0MUYLRRID,狄寨街道办地上停车场,交通设施服务;停车场;公共停车场,109.11171233195137,34.2105976464112,灞桥区,109.116875,34.209325
B0MUKOZPE4,灞荷庄园停车场,交通设施服务;停车场;专用停车场,109.12091602928894,34.193860128538624,灞桥区,109.126075,34.192575
B0MULRVTOU,停车场,交通设施服务;停车场;停车场相关,109.08677709090762,34.2155950734894,灞桥区,109.091925,34.214325
B0MU4RBTOL,停车场,交通设施服务;停车场;停车场相关,109.11871559232864,34.18870991624033,灞桥区,109.123875,34.187425
B0MUS7DCW3,停车场,交通设施服务;停车场;停车场相关,109.11546301338612,34.20785097698903,灞桥区,109.120625,34.206575
B0ID0CN891,内部地面停车场,交通设施服务;停车场;专用停车场,109.11910300591632,34.19705747253999,灞桥区,109.124263,34.195775
B0ID3R97NJ,内部地面停车场,交通设施服务;停车场;专用停车场,109.11979729527272,34.19681514804007,灞桥区,109.124957,34.195532
B0IULURYCL,地面停车场(出入口),交通设施服务;停车场;停车场出入口,109.08851119371928,34.22445508460394,灞桥区,109.093662,34.223189
B0IDCAQ0H1,地面停车场(出入口),交通设施服务;停车场;停车场出入口,109.12958871552372,34.225780213713755,灞桥区,109.134745,34.224497
B0IU7RJH32,西安铁道技师学院内部地面停车场(出入口),交通设施服务;停车场;停车场出入口,109.08851119371928,34.22445508460394,灞桥区,109.093662,34.223189
B0IDZ56W2S,地面停车场(出入口),交通设施服务;停车场;停车场出入口,109.10785757406224,34.22218369172776,灞桥区,109.113021,34.220917
B0ID3RAF97,内部地面停车场(出入口),交通设施服务;停车场;停车场出入口,109.11979729527272,34.19681514804007,灞桥区,109.124957,34.195532
B0ID0CN890,内部地面停车场(出入口),交通设施服务;停车场;停车场出入口,109.11910300591632,34.19705747253999,灞桥区,109.124263,34.195775
B0IUPHVEUF,地面停车场(出入口),交通设施服务;停车场;停车场出入口,109.11867683749682,34.197222061289445,灞桥区,109.123837,34.19594
B001D10XL6,城西客运站,交通设施服务;长途汽车站;长途汽车站,108.87005304716337,34.27572050448397,莲湖区,108.874646,34.274123
BV10592305,丈八北路(地铁站),交通设施服务;地铁站;地铁站,108.86862271483405,34.23898923900484,雁塔区,108.873214,34.237379
BV10680168,科技路(地铁站),交通设施服务;地铁站;地铁站,108.8996279821513,34.23289436958497,雁塔区,108.904211,34.23126
BV10073317,延平门(地铁站),交通设施服务;地铁站;地铁站,108.882630716098,34.23882265534825,雁塔区,108.887213,34.237198
BV10073368,开远门(地铁站),交通设施服务;地铁站;地铁站,108.88788328555005,34.270978614867865,莲湖区,108.892467,34.269363
BV11286588,土门(地铁站),交通设施服务;地铁站;地铁站,108.8850876416044,34.260942901453255,莲湖区,108.889671,34.259325
BV11475079,金光门(地铁站),交通设施服务;地铁站;地铁站,108.88500225170546,34.253087938882075,莲湖区,108.889585,34.251467
BV11475067,汉城南路(地铁站),交通设施服务;地铁站;地铁站,108.8674834397197,34.25397005318039,莲湖区,108.872077,34.252367
BV10069744,汉城路(地铁站),交通设施服务;地铁站;地铁站,108.86937753886036,34.27463912808135,莲湖区,108.873971,34.273042
BV10070488,劳动路(地铁站),交通设施服务;地铁站;地铁站,108.9051912891686,34.27115929235675,莲湖区,108.909781,34.26954
BV11475068,西窑头(地铁站),交通设施服务;地铁站;地铁站,108.8478957015552,34.25397709843165,雁塔区,108.852514,34.252404
BV11475072,丰庆公园(地铁站),交通设施服务;地铁站;地铁站,108.89534646071137,34.24781597777145,莲湖区,108.899929,34.246188
BV10069584,城西客运站(公交站),交通设施服务;公交车站;公交车站相关,108.86937652744068,34.27477007272434,莲湖区,108.87397,34.273173
BV11473962,制药厂十字(公交站),交通设施服务;公交车站;公交车站相关,108.86748894787932,34.260163618787324,莲湖区,108.872083,34.258563
B0HD35QFEO,西安大都荟地下停车场,交通设施服务;停车场;公共停车场,108.88831388042372,34.239049380285394,雁塔区,108.892895,34.237421
BV10069734,任家口(公交站),交通设施服务;公交车站;公交车站相关,108.8865705927919,34.27756810391195,莲湖区,108.891155,34.275956
BV10070199,西稍门(公交站),交通设施服务;公交车站;公交车站相关,108.90528522281224,34.25858833841425,莲湖区,108.909874,34.256964
B001D0WOTP,丰庆公园东门停车场,交通设施服务;停车场;公共停车场,108.89618712433604,34.24884979228049,莲湖区,108.90077,34.247222
B0J3ASQDYN,大茂城购物中心地下停车场,交通设施服务;停车场;公共停车场,108.86639150020127,34.2398520466927,雁塔区,108.870985,34.238245
BV10069576,土门(公交站),交通设施服务;公交车站;公交车站相关,108.8863139142394,34.26056986187414,莲湖区,108.890897,34.258951
BV11150424,高新路光华路口(公交站),交通设施服务;公交车站;公交车站相关,108.90240507378977,34.23672102411244,雁塔区,108.90699,34.235088
BV11151226,丈八北路科技路口(公交站),交通设施服务;公交车站;公交车站相关,108.86876084821571,34.23890844207862,雁塔区,108.873352,34.237298
BV10069572,草阳村(公交站),交通设施服务;公交车站;公交车站相关,108.90531655769615,34.25410009932311,莲湖区,108.909905,34.252474
BV10069901,西辛庄(公交站),交通设施服务;公交车站;公交车站相关,108.8679174472384,34.234111167477245,雁塔区,108.872509,34.2325
BV10069905,北窑头(公交站),交通设施服务;公交车站;公交车站相关,108.86632129831143,34.25395254575226,莲湖区,108.870916,34.252351
BV10070522,西大新区(公交站),交通设施服务;公交车站;公交车站相关,108.89337639466989,34.24180065733876,莲湖区,108.897958,34.240171
BX10032297,西北工业大学地铁站A口,交通设施服务;地铁站;出入口,108.9051036081557,34.243133359106096,莲湖区,108.909691,34.241503
BX10021641,丈八北路地铁站C口,交通设施服务;地铁站;出入口,108.8681242722468,34.23872570984849,雁塔区,108.872716,34.237116
B0G14ACJ39,丰庆公园北门地面停车场,交通设施服务;停车场;公共停车场,108.89433236141704,34.252266959870944,莲湖区,108.898915,34.250641
BV10070838,公交分局(公交站),交通设施服务;公交车站;公交车站相关,108.90540156369003,34.26562750648596,莲湖区,108.909991,34.264006
BV11134949,大庆路劳动路口(公交站),交通设施服务;公交车站;公交车站相关,108.9053462421912,34.27019066358677,莲湖区,108.909936,34.268571
B0FFG3ZI4R,大唐西市地下停车场,交通设施服务;停车场;公共停车场,108.90163271248336,34.247299032747065,莲湖区,108.906218,34.24567
BV11115943,高新路科技路口(公交站),交通设施服务;公交车站;公交车站相关,108.89876936291648,34.2332911319232,雁塔区,108.903352,34.231657
BV11077922,土门西(公交站),交通设施服务;公交车站;公交车站相关,108.88345720690982,34.26097471977429,莲湖区,108.888041,34.259358
BV11166649,南二环高新二路口(公交站),交通设施服务;公交车站;公交车站相关,108.90092052017718,34.242470863443344,莲湖区,108.905505,34.24084
B0IG2A5FB5,叁伍壹壹TFEP地面停车场,交通设施服务;停车场;公共停车场,108.87423531736565,34.25107516937658,雁塔区,108.878823,34.249463
BX10021715,科技路地铁站A西北口,交通设施服务;地铁站;出入口,108.89916917251747,34.23333016385534,雁塔区,108.903752,34.231696
BV11121096,唐延路科技路口(公交站),交通设施服务;公交车站;公交车站相关,108.88353611099016,34.237510836747504,雁塔区,108.888118,34.235885
BV10069731,西电医院(公交站),交通设施服务;公交车站;公交车站相关,108.89058084255092,34.264959467857246,莲湖区,108.895164,34.26334
BV10070577,光华厂(公交站),交通设施服务;公交车站;公交车站相关,108.849236107741,34.273833426864776,未央区,108.853854,34.272266
BV11473960,西安城西客运站(公交站),交通设施服务;公交车站;公交车站相关,108.8673096016042,34.27477146617531,莲湖区,108.871905,34.273177
B0HRUZDXAG,西安高新医院停车场,交通设施服务;停车场;公共停车场,108.87642525831856,34.23239051248856,雁塔区,108.88101,34.230769
B0HAL52Y9G,昆明路二号桥路北停车场,交通设施服务;停车场;停车场相关,108.88140400197344,34.25456763555775,莲湖区,108.885988,34.25295
BV11160341,大庆路西段(公交站),交通设施服务;公交车站;公交车站相关,108.85383996631631,34.27053944569691,未央区,108.858451,34.268963
BV11115948,科技路高新四路口(公交站),交通设施服务;公交车站;公交车站相关,108.89162106273626,34.23641499621759,雁塔区,108.896202,34.234784
BV11141129,汉城路丰镐路口(公交站),交通设施服务;公交车站;公交车站相关,108.86756311874946,34.25892320632056,莲湖区,108.872157,34.257322
B0FFHBVRKS,城西客运站停车场,交通设施服务;停车场;公共停车场,108.86808327626292,34.27557312474153,莲湖区,108.872678,34.273978
BV11077918,桃园路锦园小区(公交站),交通设施服务;公交车站;公交车站相关,108.897321443932,34.25234667679905,莲湖区,108.901905,34.25072
BX10021624,延平门地铁站A西北口,交通设施服务;地铁站;出入口,108.88152228641516,34.23912065704397,雁塔区,108.886105,34.237497
BV11077923,西二环昆明路口(公交站),交通设施服务;公交车站;公交车站相关,108.8854304802797,34.25141588109382,莲湖区,108.890013,34.249794
BV11144470,西二环大庆路口(公交站),交通设施服务;公交车站;公交车站相关,108.88798632137006,34.270648808953574,莲湖区,108.89257,34.269033
BX10021643,丈八北路地铁站B口,交通设施服务;地铁站;出入口,108.86811922702069,34.2392305139448,雁塔区,108.872711,34.237621
BX10031911,汉城南路地铁站D口,交通设施服务;地铁站;出入口,108.8678267208739,34.254558262865025,莲湖区,108.87242,34.252955
B001D13A5C,家世界地面停车场,交通设施服务;停车场;公共停车场,108.8945978616561,34.270193894363366,莲湖区,108.899182,34.268575
BX10021951,丈八北路地铁站D口,交通设施服务;地铁站;出入口,108.86930636184007,34.23866720919473,雁塔区,108.873897,34.237056
BV11128139,丈八北路大寨路口(公交站),交通设施服务;公交车站;公交车站相关,108.8693587676894,34.24666024291901,雁塔区,108.87395,34.245052
BV11115947,科技路博文路口(公交站),交通设施服务;公交车站;公交车站相关,108.90373961093644,34.23106603414995,雁塔区,108.908325,34.229431
BV11160887,南二环桃园路口(公交站),交通设施服务;公交车站;公交车站相关,108.89637741557586,34.24443652786056,雁塔区,108.90096,34.242807
B0FFJVIW5M,科技路西口地面停车场,交通设施服务;停车场;公共停车场,108.86932233470256,34.23918403487563,雁塔区,108.873913,34.237573
BV11150420,冶金社区(公交站),交通设施服务;公交车站;公交车站相关,108.86444249857222,34.27701771600423,莲湖区,108.869041,34.275428
BV11002464,响塘寨(公交站),交通设施服务;公交车站;公交车站相关,108.87729903060716,34.24172188964094,雁塔区,108.881884,34.240103
BX10014110,开远门地铁站B西南口,交通设施服务;地铁站;出入口,108.88698622420432,34.270456295354826,莲湖区,108.89157,34.268841
BX10014111,开远门地铁站A西北口,交通设施服务;地铁站;出入口,108.88714516891214,34.27140900233648,莲湖区,108.891729,34.269794
BX10031931,金光门地铁站B口,交通设施服务;地铁站;出入口,108.8827115613307,34.25357606985529,莲湖区,108.887295,34.251957
BX09908466,汉城路地铁站B西南口,交通设施服务;地铁站;出入口,108.8682685195947,34.27470671769122,莲湖区,108.872863,34.273111
BV10419678,大庆路桃园路口(公交站),交通设施服务;公交车站;公交车站相关,108.89784775801202,34.27076941772913,莲湖区,108.902433,34.26915
BV11135094,土门市场(公交站),交通设施服务;公交车站;公交车站相关,108.87330184776896,34.26098225629542,莲湖区,108.877891,34.259375
BX10031909,汉城南路地铁站B口,交通设施服务;地铁站;出入口,108.86654555157156,34.253590982239665,雁塔区,108.87114,34.251989
BX10031932,金光门地铁站A口,交通设施服务;地铁站;出入口,108.88292456929248,34.25435992787032,莲湖区,108.887508,34.252741
BV10070690,西钞广场(公交站),交通设施服务;公交车站;公交车站相关,108.86743046192149,34.265514401320296,莲湖区,108.872025,34.263916
BX09913641,土门地铁站A口,交通设施服务;地铁站;出入口,108.88474845456044,34.262282132202664,莲湖区,108.889332,34.260665
BV11360659,丝路群雕(公交站),交通设施服务;公交车站;公交车站相关,108.87791313794484,34.26964251214331,莲湖区,108.8825,34.268034
BV11155205,汉城路大庆路口(公交站),交通设施服务;公交车站;公交车站相关,108.86738311190189,34.26930380453618,莲湖区,108.871978,34.267707
B0H1NCA497,西安安琪儿妇产医院停车场,交通设施服务;停车场;公共停车场,108.8770454218744,34.24747544899125,莲湖区,108.881631,34.245859
B0HRTS6R7K,西安医学院第一附属医院停车场,交通设施服务;停车场;公共停车场,108.88241997475072,34.25964245348514,莲湖区,108.887004,34.258026
BX10021714,科技路地铁站C东南口,交通设施服务;地铁站;出入口,108.89976696697674,34.232204635811286,雁塔区,108.90435,34.23057
BX10021621,延平门地铁站D2东北口,交通设施服务;地铁站;出入口,108.88400012256224,34.239037606269484,莲湖区,108.888582,34.237412
BX10031934,金光门地铁站C口,交通设施服务;地铁站;出入口,108.88591439059486,34.25373829750537,莲湖区,108.890497,34.252117
BX10031910,汉城南路地铁站C口,交通设施服务;地铁站;出入口,108.86791491291756,34.25320790305905,雁塔区,108.872508,34.251604
BX09908512,西窑头地铁站A口,交通设施服务;地铁站;出入口,108.8470964616124,34.254317579930266,未央区,108.851716,34.252746
BV10651422,昆明路十三号桥(公交站),交通设施服务;公交车站;公交车站相关,108.8547054816634,34.253984459906654,莲湖区,108.859314,34.2524
BX10014112,开远门地铁站C东南口,交通设施服务;地铁站;出入口,108.88868339522692,34.27034932071636,莲湖区,108.893267,34.268733
BX10031145,科技路地铁站F东北口,交通设施服务;地铁站;出入口,108.90083823911571,34.23408500324222,雁塔区,108.905422,34.232451
BX10021642,丈八北路地铁站A口,交通设施服务;地铁站;出入口,108.8688499040772,34.23922743336353,雁塔区,108.873441,34.237617
BX09913643,土门地铁站B口,交通设施服务;地铁站;出入口,108.88428346298984,34.2607054321012,莲湖区,108.888867,34.259088
BX10021619,延平门地铁站C1东南口,交通设施服务;地铁站;出入口,108.88316194312888,34.23816830926555,雁塔区,108.887744,34.236543
BV09199369,公交四公司(公交站),交通设施服务;公交车站;公交车站相关,108.8724063872778,34.27070432871909,莲湖区,108.876997,34.269102
BX10031898,丰庆公园地铁站C1口,交通设施服务;地铁站;出入口,108.89608832090492,34.24679255989959,莲湖区,108.900671,34.245164
BX10021620,延平门地铁站B西南口,交通设施服务;地铁站;出入口,108.88144329597584,34.238613782372866,雁塔区,108.886026,34.23699
BX09914465,延平门地铁站E口,交通设施服务;地铁站;出入口,108.88333012148348,34.23659802339289,雁塔区,108.887912,34.234972
BX09908464,汉城路地铁站A西北口,交通设施服务;地铁站;出入口,108.86856674727083,34.27532183865845,莲湖区,108.873161,34.273726
BX09908511,西窑头地铁站C口,交通设施服务;地铁站;出入口,108.8487560171072,34.25367569637129,雁塔区,108.853373,34.252101
B0H1NC9B2Q,西安安琪儿妇产医院停车场(出入口),交通设施服务;停车场;停车场出入口,108.8770584129944,34.24768138259561,莲湖区,108.881644,34.246065
BV10070823,枫林华府(公交站),交通设施服务;公交车站;公交车站相关,108.8757326795367,34.24666344380886,雁塔区,108.880319,34.245048
BV11152194,丰镐路丰登路口(公交站),交通设施服务;公交车站;公交车站相关,108.89010809753285,34.26193945309833,莲湖区,108.894691,34.260319
BV10070194,起重机厂(公交站),交通设施服务;公交车站;公交车站相关,108.85146139669976,34.260892424728816,莲湖区,108.856075,34.259316
BX10014144,劳动路地铁站B西南口,交通设施服务;地铁站;出入口,108.9045138649028,34.27059162056598,莲湖区,108.909103,34.268972
BV10070799,特警支队(公交站),交通设施服务;公交车站;公交车站相关,108.88347551347712,34.24474206086817,莲湖区,108.888058,34.243119
B0LULH3XZF,漢梓源酒店(西安西北工业大学店)停车场,交通设施服务;停车场;停车场相关,108.90518150270628,34.24367314196965,莲湖区,108.909769,34.242043
BV11033729,大寨路宏府麒麟山(公交站),交通设施服务;公交车站;公交车站相关,108.85684991693226,34.24668267928291,雁塔区,108.861455,34.245092
BV10070594,西化厂(公交站),交通设施服务;公交车站;公交车站相关,108.85971794268384,34.25397123604552,莲湖区,108.86432,34.252379
BV10070695,新桃园(公交站),交通设施服务;公交车站;公交车站相关,108.88480458382338,34.24836263315364,莲湖区,108.889387,34.24674
B0H69CMIH4,大唐西市·西市城购物中心地下停车场,交通设施服务;停车场;公共停车场,108.90405014358626,34.24653819672793,莲湖区,108.908637,34.244909
B0GKX7FLH9,禾盛京广中心地下停车场,交通设施服务;停车场;公共停车场,108.88632921776409,34.23185186857057,雁塔区,108.89091,34.230222
BV10070011,西桃园(公交站),交通设施服务;公交车站;公交车站相关,108.8910112653678,34.24694274739536,莲湖区,108.895593,34.245316
BV11153508,丰镐路桃园路口(公交站),交通设施服务;公交车站;公交车站相关,108.89648816862685,34.25952768401754,莲湖区,108.901072,34.257904
B0GKC5TSQ0,华东·万锦城购物中心停车场,交通设施服务;停车场;公共停车场,108.86703931368008,34.262627055176786,莲湖区,108.871634,34.261028
B0HB6ZMQOD,大旺城购物中心停车场,交通设施服务;停车场;公共停车场,108.85190929137872,34.270153435374795,莲湖区,108.856523,34.26858
BV11161348,西二环团结中路口(公交站),交通设施服务;公交车站;公交车站相关,108.88481129115316,34.264509283024395,莲湖区,108.889395,34.262893
BV10418520,枣园东路东口(公交站),交通设施服务;公交车站;公交车站相关,108.87406352460827,34.27190667326881,莲湖区,108.878653,34.270303
BV11162249,西二环桃园西路口(公交站),交通设施服务;公交车站;公交车站相关,108.88601224448004,34.26826057534292,莲湖区,108.890596,34.266645
B0FFFF6GWU,中国银行西安高新技术开发区支行地面停车场,交通设施服务;停车场;公共停车场,108.90121020020358,34.23189182337059,雁塔区,108.905794,34.230257
B0FFI2TCXI,晶海餐饮·晶海酒楼(高新店),餐饮服务;中餐厅;综合酒楼|交通设施服务;停车场;公共停车场,108.89357397102096,34.24663388583441,莲湖区,108.898156,34.245006
BX10021713,科技路地铁站D东北口,交通设施服务;地铁站;出入口,108.90033159640733,34.233127334336906,雁塔区,108.904915,34.231493
BV10802766,唐延路唐兴路口(公交站),交通设施服务;公交车站;公交车站相关,108.88510573314672,34.234891935137895,雁塔区,108.889687,34.233264
B0JBPHAJLN,西安高新医院地下停车场,交通设施服务;停车场;公共停车场,108.87295998370568,34.23115129461452,雁塔区,108.877547,34.229533
BX09913642,土门地铁站D口,交通设施服务;地铁站;出入口,108.88546765164452,34.26185079718946,莲湖区,108.890051,34.260233
B0G2JZH978,易泊车停车场,交通设施服务;停车场;停车场相关,108.8872092789789,34.270138560648874,莲湖区,108.891793,34.268523
BV10070195,锅炉厂(公交站),交通设施服务;公交车站;公交车站相关,108.8587742218312,34.260920074521344,莲湖区,108.863378,34.259332
BX10031899,丰庆公园地铁站D口,交通设施服务;地铁站;出入口,108.8961541645278,34.24848092667011,莲湖区,108.900737,34.246853
BX10021622,延平门地铁站C2东南口,交通设施服务;地铁站;出入口,108.88407518763452,34.23848386853318,雁塔区,108.888657,34.236858
BX09913676,金光门地铁站E口,交通设施服务;地铁站;出入口,108.88461023530655,34.25211804357187,莲湖区,108.889193,34.250497
BV11151227,丈八北路民新路口(公交站),交通设施服务;公交车站;公交车站相关,108.86761485558144,34.25036062611669,雁塔区,108.872208,34.248756
B0G0OUVJBY,金桥国际广场停车场,交通设施服务;停车场;公共停车场,108.88832198605589,34.237737876421264,雁塔区,108.892903,34.236109
B0HBT75EUF,太和时代广场地下停车场,交通设施服务;停车场;公共停车场,108.882517818819,34.24953748740448,莲湖区,108.887101,34.247917
BV11115946,科技路高新二路口(公交站),交通设施服务;公交车站;公交车站相关,108.89436971320296,34.235289429346466,雁塔区,108.898951,34.233657
BX10014109,开远门地铁站D东北口,交通设施服务;地铁站;出入口,108.88881631120394,34.271481929389594,莲湖区,108.8934,34.269866
BX10021623,延平门地铁站D1东北口,交通设施服务;地铁站;出入口,108.88316083403812,34.23952579896608,雁塔区,108.887743,34.237901
B0GK7U071C,林凯国际大厦停车场,交通设施服务;停车场;公共停车场,108.89505161356338,34.23442895163719,雁塔区,108.899633,34.232796
B0H6RU8NBT,高新九号广场停车场,交通设施服务;停车场;公共停车场,108.89451926323216,34.24047053607279,雁塔区,108.899101,34.23884
BV11136647,昆明路团结南路口(公交站),交通设施服务;公交车站;公交车站相关,108.87725892851395,34.25518166625942,莲湖区,108.881845,34.253568
BV10070490,丰登路北口(公交站),交通设施服务;公交车站;公交车站相关,108.88931834452168,34.27129027363091,莲湖区,108.893902,34.269674
BV11688621,西窑头(公交站),交通设施服务;公交车站;公交车站相关,108.84822921631148,34.25382273395492,雁塔区,108.852847,34.252249
BV11020831,大寨路铭城(公交站),交通设施服务;公交车站;公交车站相关,108.85140746323654,34.24667688916851,雁塔区,108.85602,34.245095
BV11077927,丰镐路团结南路口(公交站),交通设施服务;公交车站;公交车站相关,108.87722336899556,34.26190197191905,莲湖区,108.88181,34.260291
BX09902196,大唐西市地铁站B2口,交通设施服务;地铁站;出入口,108.90492503018552,34.25209993959538,莲湖区,108.909513,34.250473
B0IRSM9DUE,中航华府小区地下停车场,交通设施服务;停车场;公共停车场,108.85010978970516,34.24409269628725,雁塔区,108.854724,34.242512
BV11128138,科技路团结南路口(公交站),交通设施服务;公交车站;公交车站相关,108.8781447407498,34.23875381698998,雁塔区,108.882729,34.237133
B0FFF64Z2A,元谷MALL停车场,交通设施服务;停车场;公共停车场,108.87759635723948,34.25223814252575,雁塔区,108.882182,34.250623
BX09908465,汉城路地铁站C东南口,交通设施服务;地铁站;出入口,108.86950571079927,34.273920582073195,莲湖区,108.874099,34.272323
BV11168115,科技路高新六路口(公交站),交通设施服务;公交车站;公交车站相关,108.8733026210944,34.2388758066271,雁塔区,108.87789,34.23726
B0H6MSFY35,晶鑫商业广场停车场,交通设施服务;停车场;公共停车场,108.873021722956,34.2474602350257,莲湖区,108.87761,34.245848
BX09914236,开远门地铁站G口,交通设施服务;地铁站;出入口,108.8872920227376,34.27346124783981,莲湖区,108.891876,34.271847
B0HKJC1ZLX,大润发(大唐西市店)地下停车场,交通设施服务;停车场;公共停车场,108.90415482243154,34.24957401726976,莲湖区,108.908742,34.247946
B0LRO6VQQR,GT Mall-地下停车场,交通设施服务;停车场;公共停车场,108.87680241869188,34.23323957443202,雁塔区,108.881387,34.231618
BX09908510,西窑头地铁站B口,交通设施服务;地铁站;出入口,108.84692625257674,34.2536875299704,雁塔区,108.851546,34.252116
BV11161520,大寨路华洲城(公交站),交通设施服务;公交车站;公交车站相关,108.84542650008086,34.24674558778484,雁塔区,108.850048,34.245174
BX09901612,大唐西市地铁站B1口,交通设施服务;地铁站;出入口,108.90492498170428,34.2527047041613,莲湖区,108.909513,34.251078
BV11160340,大庆路丰隆路口(公交站),交通设施服务;公交车站;公交车站相关,108.8605626234336,34.27060983672726,莲湖区,108.865165,34.269023
B0GKC5TSQ1,华东·万锦城购物中心停车场(出入口),交通设施服务;停车场;停车场出入口,108.8673125666588,34.26279034372492,莲湖区,108.871907,34.261191
B0GKY9L69D,睿中心停车场,交通设施服务;停车场;公共停车场,108.87683840284696,34.23370543768788,雁塔区,108.881423,34.232084
BV11141128,西安热电公司(公交站),交通设施服务;公交车站;公交车站相关,108.84636984798118,34.26053485918836,未央区,108.850991,34.258967
B0K375LDYI,TOWO上品酒店(开远门地铁站店)停车场,交通设施服务;停车场;停车场相关,108.88404066259577,34.26986856413926,莲湖区,108.888625,34.268255
B0G0FU7VAZ,金辉国际广场地下停车场,交通设施服务;停车场;公共停车场,108.88198546657158,34.25155328432875,莲湖区,108.886569,34.249934
B0HGLZPQLB,思安大厦停车场,交通设施服务;停车场;公共停车场,108.89944284973288,34.235698313185914,雁塔区,108.904026,34.234065
B0HGZ528CH,招商银行大厦停车场,交通设施服务;停车场;公共停车场,108.8998891349065,34.24180506013498,莲湖区,108.904473,34.240174
B0KKDM4JR9,嘉会坊4号停车场,交通设施服务;停车场;公共停车场,108.897881530635,34.2360139939697,雁塔区,108.902464,34.234381
B0JGCAJTMN,派酒店停车场,交通设施服务;停车场;公共停车场,108.88432544103502,34.26111729810228,莲湖区,108.888909,34.2595
B0H6MZGYK7,尚中心地面停车场,交通设施服务;停车场;公共停车场,108.8982708487527,34.22999427789325,雁塔区,108.902853,34.228359
B0FFILI7VD,停车场,交通设施服务;停车场;公共停车场,108.89384995719334,34.23364787048585,雁塔区,108.898431,34.232015
BV11001861,汉城路·大庆路口(公交站),交通设施服务;公交车站;公交车站相关,108.86744100875804,34.27128407034704,莲湖区,108.872036,34.269688
BV09423198,西二环·大庆路口(公交站),交通设施服务;公交车站;公交车站相关,108.88512782346427,34.27125876247103,莲湖区,108.889712,34.269645
B0FFFO3NDP,天朗·莱茵小城停车场,交通设施服务;停车场;公共停车场,108.85602601458172,34.256913411290114,莲湖区,108.860633,34.255328
B0HGP5SA32,朗臣大厦停车场,交通设施服务;停车场;公共停车场,108.89344547971064,34.24058314148821,雁塔区,108.898027,34.238953
BV09278274,红光路阿房路口(公交站),交通设施服务;公交车站;公交车站相关,108.84942636258684,34.261752652158314,未央区,108.854043,34.26018
B0HRFH2M2H,西电集团医院停车场,交通设施服务;停车场;公共停车场,108.89090571482946,34.26636205199426,莲湖区,108.895489,34.264743
BV11115945,高新六路唐兴路口(公交站),交通设施服务;公交车站;公交车站相关,108.87263254139222,34.23355803948022,雁塔区,108.87722,34.231941
B0G09CPS4P,旺座国际城停车场,交通设施服务;停车场;公共停车场,108.88647871318166,34.23845950827128,雁塔区,108.89106,34.236832
B0H6MDGSN5,创业广场停车场,交通设施服务;停车场;公共停车场,108.888917064528,34.23718640827806,雁塔区,108.893498,34.235557
BV10070375,高新医院(公交站),交通设施服务;公交车站;公交车站相关,108.87710779008896,34.2308567527278,雁塔区,108.881692,34.229234
B0FFGK1AIR,大唐西市北门停车场,交通设施服务;停车场;公共停车场,108.90394799047206,34.2493851122013,莲湖区,108.908535,34.247757
BV10324170,新华印刷厂(公交站),交通设施服务;公交车站;公交车站相关,108.87714405178728,34.26528153874916,莲湖区,108.881731,34.263672
B0H6FA2FFQ,唐延中心城停车场,交通设施服务;停车场;公共停车场,108.88502126584385,34.24048578433595,莲湖区,108.889603,34.23886
B0G0XSYA6Q,高科广场地下停车场,交通设施服务;停车场;公共停车场,108.89707420529942,34.24400683931867,雁塔区,108.901657,34.242377
B0KBGZ9W6Y,尊贵壹方停车场(对外开放),交通设施服务;停车场;公共停车场,108.86771127403726,34.23382700952489,雁塔区,108.872303,34.232216
BV11160339,大庆路阿房路口(公交站),交通设施服务;公交车站;公交车站相关,108.84814575831136,34.27036498064366,未央区,108.852765,34.268798
B0HDRZTTLD,高新大都荟B座地下停车场,交通设施服务;停车场;公共停车场,108.88820487431522,34.23902332884685,雁塔区,108.892786,34.237395
B0H6FA289D,唐延中心城地下停车场,交通设施服务;停车场;公共停车场,108.88496519850564,34.24116448959825,莲湖区,108.889547,34.239539
B0J155WGAH,华府·新桃园公共停车场,交通设施服务;停车场;公共停车场,108.88126047265892,34.24797907390546,莲湖区,108.885844,34.246359
BV11379883,高新志诚丽柏酒店(公交站),交通设施服务;公交车站;公交车站相关,108.9008211116046,34.235797366729926,雁塔区,108.905405,34.234164
BX10021712,科技路地铁站E西北口,交通设施服务;地铁站;出入口,108.89975187592398,34.23343717947892,雁塔区,108.904335,34.231803
B0H6SHYH5O,九座花园停车场,交通设施服务;停车场;公共停车场,108.89250718491384,34.24612368958114,莲湖区,108.897089,34.244496
B0HKZUSMGW,裕隆创新大厦停车场,交通设施服务;停车场;公共停车场,108.9037377407458,34.241937979621866,莲湖区,108.908324,34.240307
B0H07C46QY,风度天城停车场,交通设施服务;停车场;公共停车场,108.86409915461051,34.23935214063891,雁塔区,108.868695,34.237748
B0HA1UEZVE,唐兴·数码国际停车场,交通设施服务;停车场;公共停车场,108.8736062304764,34.234058937129966,雁塔区,108.878193,34.232441
B0J06UP154,大茂城地面停车场,交通设施服务;停车场;专用停车场,108.86580287085016,34.24027510687704,雁塔区,108.870397,34.238669
B0FFHGHIV3,宏府鹍翔九天停车场,交通设施服务;停车场;专用停车场,108.86437891218829,34.25857511142467,莲湖区,108.868976,34.256978
BX10031933,金光门地铁站D口,交通设施服务;地铁站;出入口,108.88457203763778,34.254465100766346,莲湖区,108.889155,34.252845
B0FFGCC2ZP,铭城国际社区停车场,交通设施服务;停车场;专用停车场,108.85402199116352,34.24848349294021,雁塔区,108.858631,34.246898
B0HGO7UZVV,凯威大厦停车场,交通设施服务;停车场;公共停车场,108.90007625307804,34.23911208874239,雁塔区,108.90466,34.23748
B0JDALC8M0,陕西乾杰实业3号停车场,交通设施服务;停车场;公共停车场,108.8613078166332,34.26671551067343,莲湖区,108.865909,34.265126
BV11162606,三五一一厂社区(公交站),交通设施服务;公交车站;公交车站相关,108.87430413164876,34.25399410663124,莲湖区,108.878892,34.252383
BX09908467,汉城路地铁站D东北口,交通设施服务;地铁站;出入口,108.86980691146364,34.27473461389939,莲湖区,108.8744,34.273137
B0J6J75PJD,西安市莲湖第一学校停车场,交通设施服务;停车场;公共停车场,108.86956719623322,34.25609583572869,莲湖区,108.874159,34.254491
BV11161518,大寨路昆明池路口(公交站),交通设施服务;公交车站;公交车站相关,108.86343683813692,34.24675540986941,雁塔区,108.868034,34.245155
BV10070524,东辛庄(公交站),交通设施服务;公交车站;公交车站相关,108.87828216960396,34.234322598757785,雁塔区,108.882866,34.2327
BV11162727,丰庆路丰登路口(公交站),交通设施服务;公交车站;公交车站相关,108.89090973956576,34.25357713352424,莲湖区,108.895492,34.251953
B0FFGJV13Q,捷瑞公园首府停车场(入口),交通设施服务;停车场;停车场入口,108.89352894969171,34.24700572766608,莲湖区,108.898111,34.245378
B0FFHLZQX2,400路调度站,交通设施服务;交通服务相关;交通服务相关,108.86958697708738,34.23411125216712,雁塔区,108.874177,34.232498
BX10025143,延平门地铁站D3东北口,交通设施服务;地铁站;出入口,108.88420312656704,34.23967951191914,莲湖区,108.888785,34.238054
B0FFH85IB4,西安创业咖啡街区-千人楼地面停车场,交通设施服务;停车场;公共停车场,108.89925570844996,34.23860220968999,雁塔区,108.903839,34.23697
B0JBNLYL3L,西安电子市场地面停车场,交通设施服务;停车场;公共停车场,108.8843179216978,34.255096672783104,莲湖区,108.888901,34.253477
B0IKKSU2RQ,高新泊都立体停车场,交通设施服务;停车场;公共停车场,108.9016093940611,34.23897419366101,雁塔区,108.906194,34.237342
B0FFG0ZGXS,大唐西市博物馆停车场,交通设施服务;停车场;公共停车场,108.90312655747596,34.24960309659683,莲湖区,108.907713,34.247975
BV11162726,昆明池路北口(公交站),交通设施服务;公交车站;公交车站相关,108.86245716451182,34.25396523555929,莲湖区,108.867056,34.252369
BV10072265,北石桥(公交站),交通设施服务;公交车站;公交车站相关,108.8460251072658,34.23830384023848,雁塔区,108.850645,34.236728
B0FFK7WISR,天朗莱茵小城一期地面-停车场,交通设施服务;停车场;公共停车场,108.86050574125754,34.25585666580762,莲湖区,108.865107,34.254264
BV10071144,外事学院北校区(公交站),交通设施服务;公交车站;公交车站相关,108.8535130327288,34.23923318533092,雁塔区,108.858122,34.237645
B0HGC5IPDR,天地源·杰座广场停车场,交通设施服务;停车场;公共停车场,108.88219558950276,34.23849743480616,雁塔区,108.886778,34.236873
B0FFGFPY8V,金鹰国际购物中心高新店停车场,交通设施服务;停车场;公共停车场,108.89648917220129,34.234524279579475,雁塔区,108.901071,34.232891
B0JR6SHYVM,高新芳华停车场,交通设施服务;停车场;停车场相关,108.87928303408978,34.22993513592869,雁塔区,108.883866,34.22831
BV09130392,桃园路西斜路口(公交站),交通设施服务;公交车站;公交车站相关,108.89706757060992,34.276891752223946,莲湖区,108.901653,34.275275
BV11565226,化龙二路福谦路口(公交站),交通设施服务;公交车站;公交车站相关,108.84642936293928,34.23043946411019,雁塔区,108.851048,34.22886
BV09404059,唐延路与科技路口(公交站),交通设施服务;公交车站;公交车站相关,108.88605662036169,34.238717141471,雁塔区,108.890638,34.23709
BV10072180,二十四街坊(公交站),交通设施服务;公交车站;公交车站相关,108.87254481863567,34.26666612780856,莲湖区,108.877135,34.265062
B0FFGIF3L5,莱安逸珲停车场,交通设施服务;停车场;公共停车场,108.87259647303355,34.24653911110699,莲湖区,108.877185,34.244927
B0H6MZFPHK,金鹰国际购物中心高新店地下停车场,交通设施服务;停车场;公共停车场,108.89813453563876,34.23463154769467,雁塔区,108.902717,34.232998
BV11134411,桃园路团结东路口(公交站),交通设施服务;公交车站;公交车站相关,108.89549404203096,34.264989258772424,莲湖区,108.900078,34.263368
BV11115949,高新六路科技一路口(公交站),交通设施服务;公交车站;公交车站相关,108.87255769559516,34.23091492926815,雁塔区,108.877145,34.229297
BV11272374,团结西路公交调度站(公交站),交通设施服务;公交车站;公交车站相关,108.8582421032828,34.26653801039371,莲湖区,108.862847,34.264953
B0FFHUACKD,恒大城停车场,交通设施服务;停车场;公共停车场,108.8646890944596,34.24796467629393,雁塔区,108.869285,34.246363
B0H17D5BEL,工商银行金融大厦南侧停车场,交通设施服务;停车场;公共停车场,108.901371748858,34.236332180519966,雁塔区,108.905956,34.234699
BV09426155,汉城南路地铁口(公交站),交通设施服务;公交车站;公交车站相关,108.86745150699718,34.25274848884288,雁塔区,108.872045,34.251145
B0HG7UK233,丽华科技大厦停车场,交通设施服务;停车场;公共停车场,108.90346117398126,34.239000110945994,雁塔区,108.908047,34.237368
B0KRKCBUL2,西安国际人才大厦停车场,交通设施服务;停车场;公共停车场,108.87651125044968,34.23314531987142,雁塔区,108.881096,34.231524
BV10069661,钟楼(地铁站),交通设施服务;地铁站;地铁站,108.94241168841997,34.26260912106031,莲湖区,108.947068,34.261023
BV10069696,五路口(地铁站),交通设施服务;地铁站;地铁站,108.95827029235268,34.271103780035496,新城区,108.962977,34.269554
BV10069601,北大街(地铁站),交通设施服务;地铁站;地铁站,108.94250769960745,34.27150934552119,莲湖区,108.947165,34.269927
BV10073376,永宁门(地铁站),交通设施服务;地铁站;地铁站,108.9422970467968,34.249777372320416,碑林区,108.946952,34.248186
BV10069702,南稍门(地铁站),交通设施服务;地铁站;地铁站,108.9422587852982,34.24197242602949,碑林区,108.946913,34.240378
BV10069657,大差市(地铁站),交通设施服务;地铁站;地铁站,108.95775689242664,34.260997063063535,新城区,108.962461,34.259442
BV10069667,玉祥门(地铁站),交通设施服务;地铁站;地铁站,108.91630901013176,34.27122875500273,莲湖区,108.920911,34.269614
BV10069665,洒金桥(地铁站),交通设施服务;地铁站;地铁站,108.92920031821464,34.27130754772581,莲湖区,108.933825,34.269705
BV11042652,建筑科技大学·李家村(地铁站),交通设施服务;地铁站;地铁站,108.95798459279696,34.24279960754802,碑林区,108.962688,34.241238
BV11423398,广济街(地铁站),交通设施服务;地铁站;地铁站,108.9348414338767,34.26097709724216,莲湖区,108.939478,34.259378
BV10073206,体育场(地铁站),交通设施服务;地铁站;地铁站,108.94214275406452,34.23397562621474,碑林区,108.946796,34.232378
BV10069795,和平门(地铁站),交通设施服务;地铁站;地铁站,108.9586376304294,34.25135479029087,碑林区,108.963344,34.249798
BV11282779,西北工业大学(地铁站),交通设施服务;地铁站;地铁站,108.90545037855246,34.24251453821994,莲湖区,108.910038,34.240884
BV11475074,边家村(地铁站),交通设施服务;地铁站;地铁站,108.91878364703192,34.242759218229494,碑林区,108.923387,34.241135
BV11423390,桥梓口(地铁站),交通设施服务;地铁站;地铁站,108.9256263390369,34.26100182680383,莲湖区,108.930243,34.259391
BV11475066,省人民医院·黄雁村(地铁站),交通设施服务;地铁站;地铁站,108.92865975171952,34.24276845907082,碑林区,108.933281,34.241154
B001D08U1X,西安汽车站,交通设施服务;长途汽车站;长途汽车站,108.95690152997096,34.27686158804377,新城区,108.961604,34.275311
BV11423396,安定门(地铁站),交通设施服务;地铁站;地铁站,108.91761295628734,34.26092002526398,莲湖区,108.922216,34.259302
BV11475073,文艺路(地铁站),交通设施服务;地铁站;地铁站,108.9508183167744,34.24275753332152,碑林区,108.955498,34.24118
B0FFKIRCKI,西安城墙永宁门地下停车场,交通设施服务;停车场;公共停车场,108.94137455200897,34.250152848984406,碑林区,108.946027,34.24856
BV11423401,大唐西市(地铁站),交通设施服务;地铁站;地铁站,108.905467508499,34.25318643121779,莲湖区,108.910056,34.25156
BV10602593,西安科技大学(地铁站),交通设施服务;地铁站;地铁站,108.95903760226854,34.23462419539847,碑林区,108.963744,34.233062
BV10069608,水司(公交站),交通设施服务;公交车站;公交车站相关,108.91890055487436,34.254090763528254,莲湖区,108.923505,34.252471
B0FFF07L2M,西安博物院西门停车场,交通设施服务;停车场;公共停车场,108.9348441646884,34.23948041470516,碑林区,108.939479,34.237873
B0HRCZLC17,西安市红会医院停车场,交通设施服务;停车场;公共停车场,108.94410941899366,34.243952322602304,碑林区,108.948769,34.242362
BV10069606,西门外(公交站),交通设施服务;公交车站;公交车站相关,108.92012400928628,34.26164579982947,莲湖区,108.924731,34.26003
BV10070201,南小巷(公交站),交通设施服务;公交车站;公交车站相关,108.91270954956984,34.26096296967695,莲湖区,108.917306,34.259342
B0FFG4NESC,青年路便民地面停车场,交通设施服务;停车场;公共停车场,108.94080721626472,34.27328459392597,莲湖区,108.94546,34.2717
B0H63M86BX,致远地面停车场,交通设施服务;停车场;公共停车场,108.95709704404166,34.26238903865541,新城区,108.961799,34.260833
BV10069695,五路口(公交站),交通设施服务;公交车站;公交车站相关,108.95938537373225,34.27147199227224,新城区,108.964096,34.269925
BV10069827,火车站(公交站),交通设施服务;公交车站;公交车站相关,108.95807650205737,34.276746906726295,新城区,108.962783,34.275199
B001D06SWK,西安市汽车站,交通设施服务;长途汽车站;长途汽车站,108.91618662672424,34.25326501669511,莲湖区,108.920787,34.251643
BV10069704,黄雁村(公交站),交通设施服务;公交车站;公交车站相关,108.92746611689618,34.2437205061112,碑林区,108.932085,34.242105
B001D0W36Y,广仁寺内部停车场,交通设施服务;停车场;专用停车场,108.92149062897327,34.275540976851424,莲湖区,108.926101,34.273932
B0FFGC4NQ9,革命公园停车场,交通设施服务;停车场;公共停车场,108.9554408460667,34.27229480532269,新城区,108.960138,34.270739
BV10069909,丰庆路东口(公交站),交通设施服务;公交车站;公交车站相关,108.91478561044414,34.25234324264375,莲湖区,108.919384,34.25072
BV10069666,玉祥门(公交站),交通设施服务;公交车站;公交车站相关,108.91922866753272,34.271185666063154,莲湖区,108.923835,34.269573
BV11003405,西门里(公交站),交通设施服务;公交车站;公交车站相关,108.92335556155284,34.26086220436636,莲湖区,108.927968,34.259249
B0HR5ZC900,西安交通大学第二附属医院地下停车场,交通设施服务;停车场;公共停车场,108.94669760464612,34.27182039915487,新城区,108.951367,34.270246
BV11128548,南门外(公交站),交通设施服务;公交车站;公交车站相关,108.9440629645719,34.25119062666256,碑林区,108.948723,34.249603
BV10069699,钟楼南(公交站),交通设施服务;公交车站;公交车站相关,108.94251471832432,34.258709489732766,碑林区,108.947171,34.257122
BV10070486,潘家村(公交站),交通设施服务;公交车站;公交车站相关,108.91245800635284,34.27148983893939,莲湖区,108.917055,34.269873
B0FFH8JQVG,湘子庙街口地面停车场,交通设施服务;停车场;公共停车场,108.94164643327451,34.25478856928265,碑林区,108.9463,34.253198
B0GK07BE78,西安SKP地下停车场,交通设施服务;停车场;公共停车场,108.9435416505362,34.24867455660348,碑林区,108.9482,34.247085
BV10069600,北大街(公交站),交通设施服务;公交车站;公交车站相关,108.94246987978865,34.270584791417,莲湖区,108.947127,34.269002
B0FFH8505W,青年路街道办事处便民地面停车场,交通设施服务;停车场;公共停车场,108.92960349032178,34.27098717950748,莲湖区,108.934229,34.269385
B0HRCSLWVF,西安市儿童医院门诊停车场,交通设施服务;停车场;公共停车场,108.92113717199432,34.26376608978985,莲湖区,108.925746,34.262152
BV10069658,端履门(公交站),交通设施服务;公交车站;公交车站相关,108.9520598549012,34.26124071330344,新城区,108.956745,34.259673
B0HRU7H4SN,陕西省中医医院地下停车场,交通设施服务;停车场;公共停车场,108.93998404673128,34.26557513577997,莲湖区,108.944634,34.263986
BV10069656,大差市(公交站),交通设施服务;公交车站;公交车站相关,108.95675630747776,34.26116031451512,新城区,108.961457,34.259603
BV10069564,边家村(公交站),交通设施服务;公交车站;公交车站相关,108.91887340450108,34.244049658843814,碑林区,108.923477,34.242426
BV11084692,北门里(公交站),交通设施服务;公交车站;公交车站相关,108.9424235608756,34.276101602032305,莲湖区,108.947081,34.274521
BX10014041,钟楼地铁站A口,交通设施服务;地铁站;出入口,108.94190995427051,34.264105409689286,莲湖区,108.946565,34.262519
BV10069788,钟楼北(公交站),交通设施服务;公交车站;公交车站相关,108.94246452122309,34.262860926112985,莲湖区,108.947121,34.261275
BV10410271,钟楼西(公交站),交通设施服务;公交车站;公交车站相关,108.93945182398114,34.2610198525806,莲湖区,108.9441,34.259428
BV10069701,南稍门(公交站),交通设施服务;公交车站;公交车站相关,108.94359598424144,34.24266175626355,碑林区,108.948254,34.24107
BV10069852,西后地(公交站),交通设施服务;公交车站;公交车站相关,108.93459911298793,34.24738177138944,碑林区,108.939234,34.245777
BV10069851,朱雀门(公交站),交通设施服务;公交车站;公交车站相关,108.93452975904871,34.25380938229706,碑林区,108.939165,34.252207
BV11122887,东门里(公交站),交通设施服务;公交车站;公交车站相关,108.96350048231125,34.26105114749157,新城区,108.968225,34.25951
BV10069604,桥梓口(公交站),交通设施服务;公交车站;公交车站相关,108.9294516213465,34.26097241240973,莲湖区,108.934076,34.259366
BV10069911,含光门(公交站),交通设施服务;公交车站;公交车站相关,108.92758527298736,34.25120749192394,碑林区,108.932205,34.249595
B0GKH724FH,开元商城钟楼店地下停车场,交通设施服务;停车场;公共停车场,108.94371623295844,34.260049784942645,碑林区,108.948376,34.258465
BV10069780,鲁家村(公交站),交通设施服务;公交车站;公交车站相关,108.9583029467036,34.23722096209174,碑林区,108.963007,34.235658
B0GKCCU9V5,中贸广场地下停车场,交通设施服务;停车场;公共停车场,108.94079954307328,34.244826889116,碑林区,108.94545,34.243231
BV10069603,广济街(公交站),交通设施服务;公交车站;公交车站相关,108.93429286913148,34.25941851789329,碑林区,108.938928,34.257818
BX10032022,南稍门地铁站G口,交通设施服务;地铁站;出入口,108.94198342275132,34.24349233676306,碑林区,108.946637,34.241898
BV10069849,西华门(公交站),交通设施服务;公交车站;公交车站相关,108.94360306124904,34.266121559166784,新城区,108.948263,34.264539
BX10014174,玉祥门地铁站C东南口,交通设施服务;地铁站;出入口,108.91625814217888,34.270477095785346,莲湖区,108.92086,34.268862
BX10014126,洒金桥地铁站B西南口,交通设施服务;地铁站;出入口,108.92851178177212,34.270992513162,莲湖区,108.933135,34.269389
B0FFHTXFDX,西安鼓楼地下停车场,交通设施服务;停车场;公共停车场,108.9377362427133,34.26132752201876,莲湖区,108.94238,34.259733
BV11202103,南门里(公交站),交通设施服务;公交车站;公交车站相关,108.94188681498365,34.25427434866616,碑林区,108.946541,34.252684
BV10069664,洒金桥(公交站),交通设施服务;公交车站;公交车站相关,108.92716550858349,34.271144026719966,莲湖区,108.931786,34.269539
BV10070022,省政务大厅(公交站),交通设施服务;公交车站;公交车站相关,108.93325154093368,34.23181655691989,碑林区,108.937882,34.230204
BV10069781,李家村(公交站),交通设施服务;公交车站;公交车站相关,108.95892125229584,34.2438849911218,碑林区,108.963628,34.242326
BV10070819,五味什字(公交站),交通设施服务;公交车站;公交车站相关,108.93360266624984,34.25729234876874,碑林区,108.938236,34.25569
BV10069571,大唐西市(公交站),交通设施服务;公交车站;公交车站相关,108.90560669384088,34.24945485579136,莲湖区,108.910195,34.247827
B0GK7AZLB4,万达广场西安碑林店地下停车场,交通设施服务;停车场;公共停车场,108.95668388981112,34.244792863832544,碑林区,108.961383,34.243229
BV11116148,和平门里(公交站),交通设施服务;公交车站;公交车站相关,108.95864928439404,34.25509430359537,碑林区,108.963356,34.253539
B0H12A71T9,西安交通大学口腔医院停车场,交通设施服务;停车场;公共停车场,108.94373527063584,34.27124123486059,新城区,108.948396,34.269661
BV10069706,何家村(公交站),交通设施服务;公交车站;公交车站相关,108.9273660704464,34.234384127618355,碑林区,108.931984,34.232765
BV11168166,南二环太白立交北(公交站),交通设施服务;公交车站;公交车站相关,108.9188130499722,34.23718229520806,碑林区,108.923416,34.235556
B0FFGCBM5W,金桥超市地面停车场,交通设施服务;停车场;公共停车场,108.92822955674534,34.268603824462105,莲湖区,108.932852,34.266999
BX10014129,五路口地铁站D东北口,交通设施服务;地铁站;出入口,108.9587405869987,34.271973316221576,新城区,108.963449,34.270425
BX10014046,钟楼地铁站D口,交通设施服务;地铁站;出入口,108.94274168632124,34.263634120460566,新城区,108.947399,34.262049
BX10014000,北大街地铁站A1西北口,交通设施服务;地铁站;出入口,108.94214065829932,34.27223769916769,莲湖区,108.946797,34.270655
BV11087617,南二环人才市场(公交站),交通设施服务;公交车站;公交车站相关,108.92387887986872,34.23274447470989,碑林区,108.92849,34.231121
B0IG5LLLEW,翡翠明珠地下停车场,交通设施服务;停车场;公共停车场,108.9433818009104,34.2400581306875,碑林区,108.948039,34.238465
B0HRRSTF6F,西安市第一医院停车场,交通设施服务;停车场;公共停车场,108.94016433861592,34.256045626632094,碑林区,108.944814,34.254453
B0GKP5Y68X,西安民乐园万达广场地下停车场,交通设施服务;停车场;公共停车场,108.95960769174889,34.27026295656759,新城区,108.964319,34.268716
BX10014043,钟楼地铁站C口,交通设施服务;地铁站;出入口,108.9423589128795,34.261647599272415,莲湖区,108.947015,34.260061
BV09193113,西稍门十字(公交站),交通设施服务;公交车站;公交车站相关,108.9066748647164,34.26090515199007,莲湖区,108.911265,34.259282
BV11125667,南小巷南口(公交站),交通设施服务;公交车站;公交车站相关,108.90993039423108,34.25235455720264,莲湖区,108.914523,34.250729
BV10069867,革命公园(公交站),交通设施服务;公交车站;公交车站相关,108.95325712763376,34.27164891692828,新城区,108.957947,34.270088
BV10069697,民乐园(公交站),交通设施服务;公交车站;公交车站相关,108.95586589899362,34.266383252096325,新城区,108.960564,34.264826
BV10070588,刁家村(公交站),交通设施服务;公交车站;公交车站相关,108.94940239003164,34.247161786037644,碑林区,108.954078,34.245583
BX10014132,五路口地铁站C东南口,交通设施服务;地铁站;出入口,108.958621065953,34.271204913295044,新城区,108.963329,34.269656
B0JBG7J05L,西安市儿童医院住院部停车场,交通设施服务;停车场;公共停车场,108.92120804342264,34.26388897847817,莲湖区,108.925817,34.262275
BV11040190,和平门外(公交站),交通设施服务;公交车站;公交车站相关,108.95877416487276,34.251234514618794,碑林区,108.963481,34.249678
BV10069570,西工大西门(公交站),交通设施服务;公交车站;公交车站相关,108.90560688590114,34.247058778207915,莲湖区,108.910195,34.24543
BV10069817,省体育场(公交站),交通设施服务;公交车站;公交车站相关,108.94205803200585,34.23343197729088,碑林区,108.946711,34.231834
B0FFL90OGO,西安汽车站(进站口),交通设施服务;长途汽车站;进站,108.95712275738704,34.2770639934351,新城区,108.961826,34.275514
BX10025785,大差市地铁站C东南口,交通设施服务;地铁站;出入口,108.9587445319114,34.26024504466797,碑林区,108.963452,34.258692
BX10014096,南稍门地铁站C口,交通设施服务;地铁站;出入口,108.9425689611626,34.24151604623945,碑林区,108.947224,34.239922
BX09901684,钟楼地铁站F口,交通设施服务;地铁站;出入口,108.94546021892364,34.25994557240329,碑林区,108.950125,34.258364
B0J6ZAKL3T,西安南门合生汇地下停车场,交通设施服务;停车场;公共停车场,108.94506210637276,34.25097184828563,碑林区,108.949725,34.249386
BV10070367,西安市第一中学(公交站),交通设施服务;公交车站;公交车站相关,108.91779730756134,34.26558102445197,莲湖区,108.922401,34.263965
BX09901608,广济街地铁站A1口,交通设施服务;地铁站;出入口,108.93353750280876,34.26119789235274,莲湖区,108.938171,34.259597
B0H2KRDQ6D,盛安广场地下停车场,交通设施服务;停车场;公共停车场,108.92838917680598,34.24444414676309,碑林区,108.93301,34.24283
BV10071049,甜水井(公交站),交通设施服务;公交车站;公交车站相关,108.92790510136967,34.257688581690665,莲湖区,108.932526,34.256079
B0FFGK1KCD,易和蓝钻北侧停车场,交通设施服务;停车场;公共停车场,108.90689438146588,34.23957635832284,雁塔区,108.911483,34.237945
B0FFI2HGC4,兵马俑直通车乘车点,交通设施服务;交通服务相关;交通服务相关,108.93924826807634,34.26214074283921,莲湖区,108.943896,34.260549
B0HRD7YD13,西安城墙永宁门城楼地下停车点,交通设施服务;停车场;公共停车场,108.94140347920036,34.25007782766849,碑林区,108.946056,34.248485
BX09913126,钟楼地铁站G1口,交通设施服务;地铁站;出入口,108.94718104934884,34.260873878586246,碑林区,108.951851,34.259296
B0HG7CK9W2,宏府嘉会广场地下停车场,交通设施服务;停车场;公共停车场,108.94146612330914,34.264696949564225,莲湖区,108.94612,34.26311
BV11093130,钟楼东(公交站),交通设施服务;公交车站;公交车站相关,108.9438387949709,34.26115512015864,碑林区,108.948499,34.259571
BX10014106,体育场地铁站C东南口,交通设施服务;地铁站;出入口,108.94260650482327,34.23351597113759,碑林区,108.947261,34.231919
B0GKJ70453,中大国际南大街店立体停车场,交通设施服务;停车场;公共停车场,108.94101608226102,34.25563233389185,碑林区,108.945668,34.254041
BX10026347,五路口地铁站E东南口,交通设施服务;地铁站;出入口,108.95856534864956,34.27011748928937,新城区,108.963273,34.268568
BV11150425,劳动南路南口(公交站),交通设施服务;公交车站;公交车站相关,108.90560306977592,34.244805640869224,碑林区,108.910191,34.243176
BV10069796,文昌门(公交站),交通设施服务;公交车站;公交车站相关,108.94936987797354,34.25469792998295,碑林区,108.954046,34.253122
B0H0L5IFZ4,钟楼饭店停车场,交通设施服务;停车场;公共停车场,108.94151836363358,34.259971747923046,碑林区,108.946172,34.258383
B0G0T1HD3T,王府井百货永宁门店地下停车场,交通设施服务;停车场;公共停车场,108.94132780081564,34.24865450894303,碑林区,108.94598,34.247061
BV11125140,友谊路文艺路口(公交站),交通设施服务;公交车站;公交车站相关,108.94913268173109,34.241532481202775,碑林区,108.953807,34.239951
BX10031918,边家村地铁站A口,交通设施服务;地铁站;出入口,108.91850903003584,34.243242243877106,碑林区,108.923112,34.241618
BX10020734,北大街地铁站D东北口,交通设施服务;地铁站;出入口,108.94319475862896,34.27173701667223,新城区,108.947854,34.270156
B0HBPUCL26,兴正元广场地下停车场,交通设施服务;停车场;公共停车场,108.94671463151784,34.258559709611355,碑林区,108.951383,34.25698
B0FFLJFBX5,西安咸阳国际机场钟楼城市候机楼,交通设施服务;机场相关;机场相关,108.9411883209488,34.25925960455979,碑林区,108.945841,34.25767
BX10025799,建筑科技大学·李家村地铁站A西北口,交通设施服务;地铁站;出入口,108.95863329414324,34.24341285117284,碑林区,108.963339,34.241853
BX10014176,玉祥门地铁站D东北口,交通设施服务;地铁站;出入口,108.91721266510262,34.271847890295454,莲湖区,108.921816,34.270234
BV10070827,建东街(公交站),交通设施服务;公交车站;公交车站相关,108.95867870029691,34.248749701265965,碑林区,108.963385,34.247192
BX09901681,钟楼地铁站H口,交通设施服务;地铁站;出入口,108.94526666960068,34.26134638168046,碑林区,108.949931,34.259765
B0KAKHU21U,劳动南路转盘,交通设施服务;交通服务相关;交通服务相关,108.90611181684478,34.24265236500332,碑林区,108.9107,34.241022
BX10020735,北大街地铁站B西南口,交通设施服务;地铁站;出入口,108.94207295462644,34.27089037115972,莲湖区,108.946729,34.269307
BX10025788,和平门地铁站B西南口,交通设施服务;地铁站;出入口,108.95828094060296,34.250477969716066,碑林区,108.962986,34.24892
B0HRVZU12E,西安市中心医院停车场,交通设施服务;停车场;公共停车场,108.94424377078128,34.27185104790708,新城区,108.948906,34.270272
BV10069913,陕报社(公交站),交通设施服务;公交车站;公交车站相关,108.96335869186362,34.25260782905609,碑林区,108.968082,34.251063
BX10014108,体育场地铁站D东北口,交通设施服务;地铁站;出入口,108.94249273156922,34.23462476355205,碑林区,108.947147,34.233028
BX10014107,体育场地铁站B西南口,交通设施服务;地铁站;出入口,108.94180273512949,34.233427428784715,碑林区,108.946455,34.231829
BV11163149,许士庙街北口(公交站),交通设施服务;公交车站;公交车站相关,108.93162106933153,34.271232474204844,莲湖区,108.936251,34.269633
BX10020736,北大街地铁站C东南口,交通设施服务;地铁站;出入口,108.94310406487016,34.27110643918236,新城区,108.947763,34.269525
BV10070493,小北门(公交站),交通设施服务;公交车站;公交车站相关,108.9284594274936,34.27672321270444,莲湖区,108.933083,34.275122
BX10014073,永宁门地铁站D2东北口,交通设施服务;地铁站;出入口,108.94310375348408,34.250300723971684,碑林区,108.947761,34.248711
BV10069703,小雁塔(公交站),交通设施服务;公交车站;公交车站相关,108.93565393019418,34.24287192808493,碑林区,108.940291,34.241267
BV11150674,南二环含光路口(公交站),交通设施服务;公交车站;公交车站相关,108.92749192277311,34.23307446738763,碑林区,108.93211,34.231455
B0GK07B71X,西安SKP地下停车场(入口),交通设施服务;停车场;停车场入口,108.94282068837792,34.2485549085156,碑林区,108.947477,34.246964
BX10014130,五路口地铁站A西北口,交通设施服务;地铁站;出入口,108.95749690409583,34.27180529856935,新城区,108.962201,34.270254
BX10025787,和平门地铁站A西北口,交通设施服务;地铁站;出入口,108.9582538844624,34.25231332057155,碑林区,108.962959,34.250756
BX09901609,广济街地铁站D1口,交通设施服务;地铁站;出入口,108.93593077647832,34.261123410812786,莲湖区,108.94057,34.259526
BX09901551,大差市地铁站F口,交通设施服务;地铁站;出入口,108.9569456883932,34.26083200934868,碑林区,108.961647,34.259275
BV10069662,莲湖公园(公交站),交通设施服务;公交车站;公交车站相关,108.93565163562911,34.27131571441485,莲湖区,108.940291,34.269722
BV11123185,南二环长安立交南(公交站),交通设施服务;公交车站;公交车站相关,108.94221282010145,34.23076868486028,雁塔区,108.946866,34.22917
B0H1NC8PEU,西安市第五医院停车场,交通设施服务;停车场;公共停车场,108.91332084874644,34.260345905248464,莲湖区,108.917918,34.258725
BX09902194,广济街地铁站C口,交通设施服务;地铁站;出入口,108.93597769788272,34.2606695203661,莲湖区,108.940617,34.259072
B0K07ADACA,易俗历史文化街区停车场,交通设施服务;停车场;公共停车场,108.9432722942172,34.26244563918449,新城区,108.947931,34.260861
BX10014069,永宁门地铁站B西南口,交通设施服务;地铁站;出入口,108.94189220022736,34.24933825792107,碑林区,108.946546,34.247746
BX10014092,南稍门地铁站D口,交通设施服务;地铁站;出入口,108.94259681734148,34.24233368697973,碑林区,108.947252,34.24074
BX10014072,永宁门地铁站C东南口,交通设施服务;地铁站;出入口,108.94320152316874,34.24975075975505,碑林区,108.947859,34.248161
BX10014070,永宁门地铁站A2西北口,交通设施服务;地铁站;出入口,108.94150518169587,34.25032255568245,碑林区,108.946158,34.24873
BX09901607,安定门地铁站B口,交通设施服务;地铁站;出入口,108.91765590940064,34.26071207734368,莲湖区,108.922259,34.259094
BX10014175,玉祥门地铁站A西北口,交通设施服务;地铁站;出入口,108.91542120677973,34.27162915535663,莲湖区,108.920022,34.270014
BV10069609,西北大学(公交站),交通设施服务;公交车站;公交车站相关,108.91872223724668,34.24903286526395,碑林区,108.923326,34.247411
B0G03ZH0EV,开元商城地下停车场,交通设施服务;停车场;公共停车场,108.90775190479351,34.26064798867063,莲湖区,108.912343,34.259025
BX10014055,钟楼地铁站B口,交通设施服务;地铁站;出入口,108.9418791322199,34.26295692467714,莲湖区,108.946534,34.26137
BX10026343,大差市地铁站D东北口,交通设施服务;地铁站;出入口,108.95924765930891,34.26165329118224,新城区,108.963957,34.260102
B0FFHEJ07V,陕西省体育场地面停车场,交通设施服务;停车场;公共停车场,108.9405271385713,34.23417636009504,碑林区,108.945176,34.232576
B0HBNZW3FP,兴正元广场停车场,交通设施服务;停车场;公共停车场,108.94673166458826,34.257528084243724,碑林区,108.9514,34.255948
BX09901543,桥梓口地铁站C口,交通设施服务;地铁站;出入口,108.92645674613122,34.260797002219384,莲湖区,108.931075,34.259187
BX10026346,五路口地铁站F西南口,交通设施服务;地铁站;出入口,108.95806911682352,34.26953789133398,新城区,108.962775,34.267987
B0HA25Q1E8,真爱粉巷里地下停车场,交通设施服务;停车场;公共停车场,108.94041058480003,34.25722374499237,碑林区,108.945061,34.255632
B0H2P5QNUV,民生百货骡马市店地下停车场,交通设施服务;停车场;公共停车场,108.94703451163642,34.26058827974565,碑林区,108.951704,34.25901
BV11156209,北新街南口(公交站),交通设施服务;公交车站;公交车站相关,108.94859190449796,34.271542759360194,新城区,108.953267,34.269972
B0G0XU1LFL,凯德广场·新地城地下停车场,交通设施服务;停车场;公共停车场,108.93109758239868,34.229721252106856,雁塔区,108.935723,34.228105
BX10032021,南稍门地铁站F口,交通设施服务;地铁站;出入口,108.93990412823328,34.242496296513295,碑林区,108.944552,34.240898
BX10026323,和平门地铁站D东北口,交通设施服务;地铁站;出入口,108.95896740627254,34.25226965505432,碑林区,108.963675,34.250714
BV10419569,西稍门空港商务酒店(公交站),交通设施服务;公交车站;公交车站相关,108.90554512834652,34.25713287012142,莲湖区,108.910134,34.255508
BV09118370,星火立交南(公交站),交通设施服务;公交车站;公交车站相关,108.91777860099587,34.274707311608786,莲湖区,108.922383,34.273095
BV10069698,新城广场(公交站),交通设施服务;公交车站;公交车站相关,108.94946380381576,34.26432391749266,新城区,108.954141,34.262752
B0GK7ZZM0Z,解放数创广场地下停车场,交通设施服务;停车场;公共停车场,108.9570569949524,34.26466721722037,新城区,108.961759,34.263112
B0IR6URZYM,中贸广场购物中心地面停车场,交通设施服务;停车场;公共停车场,108.94077474144592,34.243203549566445,碑林区,108.945425,34.241607
BX10014105,体育场地铁站A西北口,交通设施服务;地铁站;出入口,108.94167999116164,34.234424274922794,碑林区,108.946332,34.232826
BX10031919,边家村地铁站B口,交通设施服务;地铁站;出入口,108.91801484462022,34.242422922255095,碑林区,108.922617,34.240798
BX10030950,西北工业大学地铁站B口,交通设施服务;地铁站;出入口,108.9059780084826,34.24167576088208,碑林区,108.910566,34.240045
BX10031921,边家村地铁站D口,交通设施服务;地铁站;出入口,108.91977207212022,34.24303833203494,碑林区,108.924377,34.241415
B0FFHT5HMU,停车场,交通设施服务;停车场;公共停车场,108.9452367222776,34.26177126877223,碑林区,108.949901,34.26019
B0HRCZKQZT,西安市红会医院地下停车场,交通设施服务;停车场;公共停车场,108.9434393661689,34.24341575575395,碑林区,108.948097,34.241824
BV11118019,南二环雁塔立交北(公交站),交通设施服务;公交车站;公交车站相关,108.95920206411742,34.23417197269564,碑林区,108.963909,34.23261
BV10069910,西南城角(公交站),交通设施服务;公交车站;公交车站相关,108.92237396902276,34.25249843103077,碑林区,108.926984,34.250881
B0FFHEGKV1,陕西时亿物业管理有限公司停车场,交通设施服务;停车场;专用停车场,108.95930949089262,34.24882717643032,碑林区,108.964018,34.247271
B0FFGCBMHU,钟鼓楼西广场地下停车场,交通设施服务;停车场;公共停车场,108.93762054405424,34.26124174017759,莲湖区,108.942264,34.259647
BX10031878,省人民医院·黄雁村地铁站D口,交通设施服务;地铁站;出入口,108.92921955763777,34.243050669873845,碑林区,108.933842,34.241437
B0FFFAERQD,洒金桥-道路停车位,交通设施服务;停车场;路边停车场,108.92806673450583,34.27053922818865,莲湖区,108.932689,34.268935
BX10025809,西安科技大学地铁站C东南口,交通设施服务;地铁站;出入口,108.95941531997548,34.23413447910271,碑林区,108.964123,34.232573
BX10031920,边家村地铁站C口,交通设施服务;地铁站;出入口,108.92014052824544,34.24243525867862,碑林区,108.924746,34.240812
BX10014131,五路口地铁站B西南口,交通设施服务;地铁站;出入口,108.95788861906314,34.271022706859554,新城区,108.962594,34.269472
BV11112523,钟楼饭店(公交站),交通设施服务;公交车站;公交车站相关,108.94098186872004,34.259410901351906,碑林区,108.945634,34.257821
BX09902191,广济街地铁站D2口,交通设施服务;地铁站;出入口,108.93497110816044,34.26114983720632,莲湖区,108.939608,34.259551
BX09902190,安定门地铁站A口,交通设施服务;地铁站;出入口,108.91733633530671,34.2612710812804,莲湖区,108.921939,34.259653
BV10069567,西工大(公交站),交通设施服务;公交车站;公交车站相关,108.91350004568612,34.242660680228106,碑林区,108.918096,34.241033
B0GK5M9AVO,太白印象城停车场,交通设施服务;停车场;公共停车场,108.9175530349172,34.23616760641988,碑林区,108.922154,34.23454
BV10405816,西安宾馆(公交站),交通设施服务;公交车站;公交车站相关,108.94210846002892,34.23877489753582,碑林区,108.946762,34.237179
BV11101757,南二环太白立交南(公交站),交通设施服务;公交车站;公交车站相关,108.91676741780608,34.23317826107225,雁塔区,108.921367,34.231549
BX09901542,桥梓口地铁站D1口,交通设施服务;地铁站;出入口,108.92644772673466,34.26125682900109,莲湖区,108.931066,34.259647
BX10031917,文艺路地铁站D口,交通设施服务;地铁站;出入口,108.95166460761986,34.242991657037024,碑林区,108.956347,34.241416
B0H27MVCPX,小雁塔停车点,交通设施服务;停车场;公共停车场,108.93475937173532,34.239434556594055,碑林区,108.939394,34.237827
B0HGX5WW6C,钟楼邮电广场停车场,交通设施服务;停车场;公共停车场,108.9430978090752,34.2621510730184,碑林区,108.947756,34.260566
B0FFH1PJPF,西安汽车站(出站口),交通设施服务;长途汽车站;出站,108.95729915419018,34.27705159045966,新城区,108.962003,34.275502
B0HB2CVOVS,中环广场地下停车场,交通设施服务;停车场;公共停车场,108.93850137990364,34.26008078800071,碑林区,108.943147,34.258487
B0GK5M93ES,西安太白印象城地下停车场,交通设施服务;停车场;公共停车场,108.91727942628052,34.236297750981656,碑林区,108.92188,34.23467
BX09901544,桥梓口地铁站A口,交通设施服务;地铁站;出入口,108.92507835712256,34.26129529110908,莲湖区,108.929694,34.259684
B0IG5LM0WY,翡翠明珠地下停车场(西入口),交通设施服务;停车场;停车场入口,108.94250225236637,34.240212657265445,碑林区,108.947157,34.238618
BX10031908,西北工业大学地铁站E口,交通设施服务;地铁站;出入口,108.90583093354556,34.24414885013281,碑林区,108.910419,34.242519
BX10031916,文艺路地铁站A口,交通设施服务;地铁站;出入口,108.9498373726735,34.24304546397349,碑林区,108.954514,34.241466
B0H2ZCC84R,西安市人民体育场停车场,交通设施服务;停车场;公共停车场,108.9534585109805,34.27113668659308,新城区,108.958149,34.269576
B0H6SAWSIV,宏府大厦地下停车场,交通设施服务;停车场;公共停车场,108.94116959020336,34.26890176318155,莲湖区,108.945823,34.267316
BX10014143,劳动路地铁站C1东南口,交通设施服务;地铁站;出入口,108.90584279900234,34.27062240048512,莲湖区,108.910433,34.269003
BV09531307,和平门(公交站),交通设施服务;公交车站;公交车站相关,108.95757719663024,34.252600789486536,碑林区,108.96228,34.251042
BX09901613,大唐西市地铁站D口,交通设施服务;地铁站;出入口,108.90581515894792,34.25396806453399,莲湖区,108.910404,34.252342
B0FFG8V1OF,榴园-停车场,交通设施服务;停车场;公共停车场,108.94551067628252,34.2524964067896,碑林区,108.950175,34.250912
B0IRG5CHIO,洒金桥(五洲风情园)地下停车场,交通设施服务;停车场;公共停车场,108.92647389555876,34.27092689404313,莲湖区,108.931093,34.269321
B0FFL923TA,环城西苑公园地下停车场,交通设施服务;停车场;公共停车场,108.91877112937271,34.26186778952899,莲湖区,108.923376,34.260251
B0HG2S0JEA,尚达广场地下停车场,交通设施服务;停车场;公共停车场,108.96211781384338,34.26947518655098,新城区,108.966838,34.267934
BX10028890,永宁门地铁站出入口,交通设施服务;地铁站;出入口,108.94174956494471,34.249674378767466,碑林区,108.946403,34.248082
BX09901682,钟楼地铁站G2口,交通设施服务;地铁站;出入口,108.94590184905718,34.26087536000842,碑林区,108.950568,34.259295
B0FFGCBXA6,陕西省体育场西门停车场,交通设施服务;停车场;公共停车场,108.9360037838768,34.23407369774792,碑林区,108.940641,34.232466
BX09902184,桥梓口地铁站B口,交通设施服务;地铁站;出入口,108.92459230854224,34.26078699809654,莲湖区,108.929207,34.259175
BV10073321,通化门(地铁站),交通设施服务;地铁站;地铁站,108.99054902815313,34.271216343438915,新城区,108.995383,34.269755
BV10069638,康复路(地铁站),交通设施服务;地铁站;地铁站,108.97967961216142,34.27097842780534,新城区,108.984468,34.269485
BV10070682,青龙寺(地铁站),交通设施服务;地铁站;地铁站,108.98910441250496,34.23230380160065,雁塔区,108.993929,34.230823
BV10070499,朝阳门(地铁站),交通设施服务;地铁站;地铁站,108.96932776559144,34.271492881996124,新城区,108.974075,34.269971
BV11423394,长乐门(地铁站),交通设施服务;地铁站;地铁站,108.97075613019048,34.26076639653858,碑林区,108.975508,34.259244
BV10070503,万寿路(地铁站),交通设施服务;地铁站;地铁站,109.00814741515472,34.27100414657986,新城区,109.013057,34.269596
BV10680167,咸宁路(地铁站),交通设施服务;地铁站;地铁站,108.9919057863218,34.252588705395205,新城区,108.996744,34.251124
BV09247276,韩森寨(地铁站),交通设施服务;地铁站;地铁站,109.00935513658408,34.2605177476183,新城区,109.014269,34.259109
BV11475075,太乙路(地铁站),交通设施服务;地铁站;地铁站,108.96912091557334,34.24282273987338,碑林区,108.973865,34.241289
B0H1P7SBD9,西京医院地面停车场,交通设施服务;停车场;公共停车场,108.98551227019016,34.27231089543981,新城区,108.990325,34.270835
BV10592297,延兴门(地铁站),交通设施服务;地铁站;地铁站,108.99190039015022,34.245614413147806,碑林区,108.996738,34.244147
B0G0774HGY,西北商贸中心停车场,交通设施服务;停车场;公共停车场,108.9784855251705,34.270602994432,新城区,108.983269,34.269106
BV11475070,雁翔路北口(地铁站),交通设施服务;地铁站;地铁站,108.98447531590864,34.23979873694325,雁塔区,108.989281,34.238307
BV11423395,公园南路(地铁站),交通设施服务;地铁站;地铁站,109.00159313076898,34.25258134569087,新城区,109.006473,34.251146
B0JUHZQROS,兴庆宫公园西门停车场,交通设施服务;停车场;公共停车场,108.97503281852552,34.254183285962824,碑林区,108.979801,34.25267
BV10069878,万寿南路(地铁站),交通设施服务;地铁站;地铁站,109.00946035415669,34.252601548833375,新城区,109.014374,34.25119
BV09247294,西等驾坡(地铁站),交通设施服务;地铁站;地铁站,109.00943430128748,34.24267044461571,雁塔区,109.014347,34.241255
BV11423391,卫星测控中心(地铁站),交通设施服务;地铁站;地铁站,109.02144617292558,34.25247741999998,新城区,109.02641,34.251101
BV10592298,长乐公园(地铁站),交通设施服务;地铁站;地铁站,108.99130655307044,34.26211974778396,碑林区,108.996143,34.260657
BV09247289,东等驾坡(地铁站),交通设施服务;地铁站;地铁站,109.0150774451899,34.23031026566967,雁塔区,109.020013,34.228907
BV11423393,交通大学·兴庆宫(地铁站),交通设施服务;地铁站;地铁站,108.98248953347706,34.25262163625199,碑林区,108.987288,34.251129
BV10069793,鸡市拐(公交站),交通设施服务;公交车站;公交车站相关,108.97261087657068,34.260810349845165,碑林区,108.97737,34.259293
B0FFG646II,永兴坊停车场,交通设施服务;停车场;公共停车场,108.96600473266771,34.2670183941962,新城区,108.970739,34.265486
B0G0XL1V8Q,康复路交易广场停车场,交通设施服务;停车场;公共停车场,108.97907407408312,34.27119007500821,新城区,108.98386,34.269695
BV10069875,安装四处(公交站),交通设施服务;公交车站;公交车站相关,109.022637307793,34.25264497350603,新城区,109.027606,34.251272
BV10069792,兴庆公园北门(公交站),交通设施服务;公交车站;公交车站相关,108.97804113448731,34.26091916663158,碑林区,108.982822,34.259417
BV10070684,千户村(公交站),交通设施服务;公交车站;公交车站相关,109.00430164182858,34.23859347336129,雁塔区,109.009192,34.237161
BV10069877,纬什街(公交站),交通设施服务;公交车站;公交车站相关,109.01126657701536,34.253626741263815,新城区,109.016188,34.252221
B001D0WJAG,长乐公园停车场,交通设施服务;停车场;公共停车场,108.99140495778585,34.26422060980848,碑林区,108.996242,34.262759
BV10070027,武警医院(公交站),交通设施服务;公交车站;公交车站相关,108.97925698536802,34.23901317491948,碑林区,108.984041,34.237506
BV10069642,兴庆公园东门(公交站),交通设施服务;公交车站;公交车站相关,108.98324112311111,34.25605110148305,碑林区,108.988043,34.254562
B0GKJ70CF3,东门美博城停车场,交通设施服务;停车场;公共停车场,108.96597227950198,34.261832563069376,新城区,108.970706,34.260298
BV11154783,兴庆公园南门(公交站),交通设施服务;公交车站;公交车站相关,108.97930565956317,34.252649819132365,碑林区,108.984091,34.251148
B0KKNU5DT1,敕建万寿八仙宫南门地面停车场,交通设施服务;停车场;公共停车场,108.97487846250355,34.26597802698036,碑林区,108.979647,34.264469
BV10069880,公园南路北口(公交站),交通设施服务;公交车站;公交车站相关,109.00188328643834,34.25966967656964,新城区,109.006765,34.258238
BV11534673,通化门地铁站(公交站),交通设施服务;公交车站;公交车站相关,108.99293384659482,34.27106322761354,新城区,108.997778,34.269609
B0G0T1G4V4,东方亿象城地下停车场,交通设施服务;停车场;公共停车场,108.97561912799854,34.27046913792191,新城区,108.980391,34.268964
BX10014122,通化门地铁站C东南口,交通设施服务;地铁站;出入口,108.99127895774416,34.27068136943313,新城区,108.996116,34.269222
BV11040193,东门外(公交站),交通设施服务;公交车站;公交车站相关,108.96786010662524,34.26255637316832,碑林区,108.972601,34.261027
BV10070828,祭台村(公交站),交通设施服务;公交车站;公交车站相关,108.96762798941975,34.23816342742017,碑林区,108.972366,34.236624
BV10069637,康复路(公交站),交通设施服务;公交车站;公交车站相关,108.9804604106658,34.27090021520101,新城区,108.985252,34.269409
B0FFK0MLGU,乐游原青龙寺北门停车场,交通设施服务;停车场;公共停车场,108.98443475935156,34.236495093841924,雁塔区,108.98924,34.235002
B0H0K5OW2U,西北轻工批发市场地下停车场,交通设施服务;停车场;公共停车场,108.99436766267029,34.27146972839045,新城区,108.999218,34.27002
BV11161176,南二环经九路口(公交站),交通设施服务;公交车站;公交车站相关,108.97590867545505,34.23761617952129,碑林区,108.980679,34.236099
BV10070203,圣荣广场(公交站),交通设施服务;公交车站;公交车站相关,108.98626023832554,34.27091825534974,新城区,108.991076,34.269444
BV10070028,沙坡(公交站),交通设施服务;公交车站;公交车站相关,108.9848378285506,34.2394258110391,雁塔区,108.989645,34.237935
BV10070893,东南城角(公交站),交通设施服务;公交车站;公交车站相关,108.96636057658934,34.25267917349969,碑林区,108.971095,34.251142
BV10070498,朝阳门(公交站),交通设施服务;公交车站;公交车站相关,108.9676160242398,34.274833018180125,新城区,108.972357,34.273308
BV10069646,信号厂(公交站),交通设施服务;公交车站;公交车站相关,108.99163940156872,34.24686372043209,碑林区,108.996476,34.245396
BV11118251,建工路东口(公交站),交通设施服务;公交车站;公交车站相关,109.00924978236688,34.246310611167736,新城区,109.014162,34.244896
BV11120665,兴庆路伞塔路口(公交站),交通设施服务;公交车站;公交车站相关,108.98327013434172,34.266523840336,碑林区,108.988073,34.265039
B0H0OSX6US,长乐壹号停车场,交通设施服务;停车场;公共停车场,109.02349014247488,34.272791502605536,灞桥区,109.028464,34.271429
B0FFG4L589,西安市第九医院门诊部停车场,交通设施服务;停车场;公共停车场,108.97264654834431,34.238794765437284,碑林区,108.977404,34.237269
BV10070988,沙坡村(公交站),交通设施服务;公交车站;公交车站相关,108.98332756997166,34.246308629732056,碑林区,108.988129,34.244816
BV11125795,长乐路公园北路口(公交站),交通设施服务;公交车站;公交车站相关,109.00152790818112,34.27052138404906,新城区,109.006409,34.269093
B0H1MUYS8H,西安幸福林带地下停车场,交通设施服务;停车场;公共停车场,109.01079198070389,34.260910285978824,新城区,109.015712,34.259506
BV11124770,东二环咸宁路口(公交站),交通设施服务;公交车站;公交车站相关,108.99214669074888,34.25337367362945,碑林区,108.996986,34.25191
BV10070681,青龙寺(公交站),交通设施服务;公交车站;公交车站相关,108.990434702263,34.232917590758035,雁塔区,108.995265,34.231441
B0FFGIN16X,勅建万寿八仙宫北停车场,交通设施服务;停车场;公共停车场,108.97499882472484,34.26788192144585,碑林区,108.979768,34.266374
BX10014148,康复路地铁站A西北口,交通设施服务;地铁站;出入口,108.97852133409312,34.27114866918009,新城区,108.983305,34.269652
BV11155118,东二环互助路口(公交站),交通设施服务;公交车站;公交车站相关,108.98997827637136,34.26141101849016,碑林区,108.994809,34.259944
BV10069925,韩森寨(公交站),交通设施服务;公交车站;公交车站相关,109.0093250850266,34.26265298566389,新城区,109.014239,34.261245
BV10069636,安仁坊(公交站),交通设施服务;公交车站;公交车站相关,108.97454845119717,34.26995033068569,新城区,108.979316,34.268442
B0H2P5PMBX,西安益田假日世界购物中心停车场,交通设施服务;停车场;公共停车场,108.96952602465475,34.27123246153374,新城区,108.974274,34.269711
BX09913835,韩森寨地铁站B口,交通设施服务;地铁站;出入口,109.00908934050328,34.259696872193885,新城区,109.014002,34.258287
BV10756556,东二环长乐路口(公交站),交通设施服务;公交车站;公交车站相关,108.99293384659482,34.27106322761354,新城区,108.997778,34.269609
BV10070892,建东街东段(公交站),交通设施服务;公交车站;公交车站相关,108.96773875531711,34.24808537000183,碑林区,108.972478,34.24655
BX10014125,通化门地铁站D东北口,交通设施服务;地铁站;出入口,108.99129385025418,34.27120810909941,新城区,108.996131,34.269749
BX09901553,长乐门地铁站D口,交通设施服务;地铁站;出入口,108.97114061749328,34.26098027521415,碑林区,108.975894,34.259459
BV11162669,咸宁路火炬路口(公交站),交通设施服务;公交车站;公交车站相关,108.9979438485514,34.252680394365264,新城区,109.002808,34.251234
BX10033412,青龙寺地铁站A口,交通设施服务;地铁站;出入口,108.98916710621116,34.23278543644279,雁塔区,108.993992,34.231305
BX10032704,雁翔路北口地铁站A口,交通设施服务;地铁站;出入口,108.9837582472624,34.24059254185805,雁塔区,108.988561,34.239099
BV11253707,兴庆公园西门(公交站),交通设施服务;公交车站;公交车站相关,108.974640218713,34.25620558372029,碑林区,108.979407,34.254692
BV11151800,公园南路爱民路口(公交站),交通设施服务;公交车站;公交车站相关,109.0020020377332,34.256532556276035,新城区,109.006884,34.2551
BX10031900,太乙路地铁站D口,交通设施服务;地铁站;出入口,108.96997959376172,34.24304237086666,碑林区,108.974727,34.241511
B0FFMFK3XE,停车场,交通设施服务;停车场;公共停车场,108.97488012081944,34.25791424369943,碑林区,108.979648,34.256402
BV10070683,铁设院(公交站),交通设施服务;公交车站;公交车站相关,108.9940560921684,34.23439413237178,雁塔区,108.998902,34.232929
BV11165829,咸宁路卫星测控中心(公交站),交通设施服务;公交车站;公交车站相关,109.01698955506612,34.25268419904579,新城区,109.021935,34.251295
BV10070894,中山门(公交站),交通设施服务;公交车站;公交车站相关,108.96750824543264,34.26493733779217,碑林区,108.972248,34.263408
BX10014170,朝阳门地铁站C东南口,交通设施服务;地铁站;出入口,108.97049230359713,34.27109993311469,新城区,108.975244,34.269581
B0G0O5VQXR,立丰国际购物广场地下停车场,交通设施服务;停车场;公共停车场,108.99246277933857,34.2480797729086,碑林区,108.997303,34.246615
BV11151802,建工路公园南路口(公交站),交通设施服务;公交车站;公交车站相关,109.00018187563111,34.24466268553337,碑林区,109.005055,34.24322
BV11126417,长乐路万寿路口(公交站),交通设施服务;公交车站;公交车站相关,109.0093294835781,34.26957017806948,新城区,109.014244,34.268165
BV11120664,兴庆路互助路口(公交站),交通设施服务;公交车站;公交车站相关,108.98148399685051,34.26112220692149,碑林区,108.986279,34.25963
BV10071057,交大南门(公交站),交通设施服务;公交车站;公交车站相关,108.97814121935836,34.242853906929504,碑林区,108.982921,34.241345
B0H3G76NEW,citymall太乙城地下停车场,交通设施服务;停车场;公共停车场,108.96989545497024,34.236511053389734,碑林区,108.974642,34.234977
BX10033986,通化门地铁站A西北口,交通设施服务;地铁站;出入口,108.98931926158596,34.27124901502545,新城区,108.994148,34.269784
BV11120663,咸宁路兴庆路口(公交站),交通设施服务;公交车站;公交车站相关,108.9822325960032,34.252669365337304,碑林区,108.98703,34.251176
BV10070029,新安医院(公交站),交通设施服务;公交车站;公交车站相关,108.9881515862266,34.242753736975864,碑林区,108.992973,34.241274
BV10070679,新疆三所(公交站),交通设施服务;公交车站;公交车站相关,108.98279814030435,34.229798360138204,雁塔区,108.987596,34.228298
BV10070202,西京医院(公交站),交通设施服务;公交车站;公交车站相关,108.98346604660264,34.2697929396154,新城区,108.98827,34.26831
BV11154784,咸宁路乐居场路口(公交站),交通设施服务;公交车站;公交车站相关,108.9716283982578,34.25267422863981,碑林区,108.976383,34.251151
B0HRODJ5QU,西安市第九医院停车场,交通设施服务;停车场;公共停车场,108.97384889325836,34.23765289170563,碑林区,108.978611,34.23613
BV11118250,康宁路西口(公交站),交通设施服务;公交车站;公交车站相关,109.01120601901717,34.23956731165741,雁塔区,109.016126,34.238156
BX10014121,通化门地铁站B西南口,交通设施服务;地铁站;出入口,108.9898988378675,34.270743486813565,新城区,108.99473,34.26928
BX10021678,延兴门地铁站A西北口,交通设施服务;地铁站;出入口,108.99152395947914,34.24608636568854,碑林区,108.99636,34.244618
BV11154517,咸宁路公园南路口(公交站),交通设施服务;公交车站;公交车站相关,109.00080054486536,34.25259974645396,新城区,109.005677,34.251162
BV11123748,友谊路太乙路口(公交站),交通设施服务;公交车站;公交车站相关,108.96772615528886,34.24379404494139,碑林区,108.972465,34.242257
B0FFILB0V7,空军军医大学贵宾楼地面停车场(装修中),交通设施服务;停车场;公共停车场,108.97706724340688,34.27109481459727,新城区,108.981845,34.269594
B001D0VCIM,兴庆宫公园南门停车场(暂停营业),交通设施服务;停车场;公共停车场,108.97765835583098,34.2528464338397,碑林区,108.982437,34.25134
B0FFF654VG,西光商业广场地面停车场,交通设施服务;停车场;公共停车场,109.0025056330339,34.271259112881225,新城区,109.007391,34.269834
B0FFFAE39L,二环桥下9号地面停车场,交通设施服务;停车场;公共停车场,108.99100932300864,34.244087676160724,碑林区,108.995843,34.242617
BX10014146,康复路地铁站D东北口,交通设施服务;地铁站;出入口,108.9802153982937,34.27114582009245,新城区,108.985006,34.269654
BV10069883,康乐路北口(公交站),交通设施服务;公交车站;公交车站相关,109.00485263584332,34.269999509779325,新城区,109.009748,34.268581
BX10033413,青龙寺地铁站H口,交通设施服务;地铁站;出入口,108.98879875726549,34.23173592412628,雁塔区,108.993622,34.230254
B0FFGKPH20,万年饭店停车场,交通设施服务;停车场;公共停车场,108.99730704838434,34.2711339561516,新城区,109.00217,34.269693
BX10014172,朝阳门地铁站A西北口,交通设施服务;地铁站;出入口,108.9681701395664,34.27214967138912,新城区,108.972913,34.270625
B0HRJHNLAK,第四军医大学口腔医院停车场(内部专用),交通设施服务;停车场;专用停车场,108.98085974335496,34.27116595466183,新城区,108.985653,34.269676
BX10021697,长乐公园地铁站C东南口,交通设施服务;地铁站;出入口,108.99162215906895,34.262668578821184,碑林区,108.99646,34.261207
BX10014147,康复路地铁站B西南口,交通设施服务;地铁站;出入口,108.97926732368292,34.27070572055023,新城区,108.984054,34.269211
BV11162670,咸宁路交大街口(公交站),交通设施服务;公交车站;公交车站相关,108.9877883012134,34.25266600801269,碑林区,108.992609,34.251189
BX10031902,太乙路地铁站B口,交通设施服务;地铁站;出入口,108.96802512028256,34.24257272533566,碑林区,108.972765,34.241036
BV10069881,康乐路南口(公交站),交通设施服务;公交车站;公交车站相关,109.0048971844967,34.26118792960688,新城区,109.009792,34.259766
BX10021708,咸宁路地铁站A西北口,交通设施服务;地铁站;出入口,108.99145166907496,34.253283801180785,碑林区,108.996288,34.251818
B0FFH95W4J,通用环球中铁西安医院地面停车场,交通设施服务;停车场;公共停车场,108.96595859715288,34.23419023627197,碑林区,108.97069,34.232645
BX10014136,万寿路地铁站C东南口,交通设施服务;地铁站;出入口,109.00882654354376,34.27061726156766,新城区,109.013739,34.269211
BX10014171,朝阳门地铁站B西南口,交通设施服务;地铁站;出入口,108.96849299198968,34.27113623712683,新城区,108.973237,34.269612
BV10070877,公园南路中段(公交站),交通设施服务;公交车站;公交车站相关,109.00153074051973,34.248512111736474,新城区,109.00641,34.247075
BV10072155,世园花卉交易中心(公交站),交通设施服务;公交车站;公交车站相关,109.02007152840936,34.23216405084604,雁塔区,109.025028,34.230776
BX10021679,延兴门地铁站C东南口,交通设施服务;地铁站;出入口,108.99271396938924,34.244895235689405,碑林区,108.997555,34.24343
BX09901646,公园南路地铁站A口,交通设施服务;地铁站;出入口,109.00069696680332,34.2528919472929,新城区,109.005573,34.251454
BV11140501,东二环金康路口(公交站),交通设施服务;公交车站;公交车站相关,108.99088985461664,34.267850692099856,碑林区,108.995725,34.266389
BX09913668,西等驾坡地铁站B口,交通设施服务;地铁站;出入口,109.00917149457068,34.241818556460025,雁塔区,109.014083,34.240402
B0H2P5P78B,益田假日世界购物中心地下停车场,交通设施服务;停车场;公共停车场,108.97024631692244,34.27036189453045,新城区,108.974997,34.268842
B0H1BZ9N4G,武警医院停车场,交通设施服务;停车场;公共停车场,108.98087931298224,34.23913046723869,雁塔区,108.98567,34.237628
BV11070315,十六街坊(公交站),交通设施服务;公交车站;公交车站相关,109.00480607403904,34.26716680273543,新城区,109.009701,34.265747
BX09914333,韩森寨地铁站D口,交通设施服务;地铁站;出入口,109.01019651417388,34.260928061043245,新城区,109.015114,34.259522
BX10021677,延兴门地铁站B2西南口,交通设施服务;地铁站;出入口,108.99110793465162,34.24369752825425,雁塔区,108.995942,34.242227
BV11121097,长鸣路月登阁路口(公交站),交通设施服务;公交车站;公交车站相关,109.01414926195514,34.23132862981479,雁塔区,109.019081,34.229923
BX09901552,长乐门地铁站A1口,交通设施服务;地铁站;出入口,108.96978885057068,34.26103787977406,碑林区,108.974537,34.259513
BX09914337,西等驾坡地铁站A口,交通设施服务;地铁站;出入口,109.00916836435104,34.243524918678595,雁塔区,109.01408,34.242109
BX09901555,长乐门地铁站C2口,交通设施服务;地铁站;出入口,108.97178813310904,34.26045972987529,碑林区,108.976544,34.25894
BV11155503,东二环信和路口(公交站),交通设施服务;公交车站;公交车站相关,108.99087143565082,34.27382430360894,新城区,108.995707,34.272365
BV11140425,友谊路乐居场路口(公交站),交通设施服务;公交车站;公交车站相关,108.97185134396229,34.242737444143025,碑林区,108.976606,34.241211
BX10021709,咸宁路地铁站C东南口,交通设施服务;地铁站;出入口,108.99237982339076,34.25181257917124,新城区,108.99722,34.250349
B0J3UC0X25,青龙寺地铁站地面停车场,交通设施服务;停车场;公共停车场,108.98843522924956,34.23257769888193,雁塔区,108.993257,34.231095
BX10021699,长乐公园地铁站A西北口,交通设施服务;地铁站;出入口,108.9904461568221,34.26292800903335,碑林区,108.995279,34.261463
BV10921117,建工路西口(公交站),交通设施服务;公交车站;公交车站相关,108.99406519626164,34.24467423873198,碑林区,108.998912,34.243213
BX10021710,咸宁路地铁站D东北口,交通设施服务;地铁站;出入口,108.99239164414875,34.25335694192435,碑林区,108.997232,34.251894
BX09901639,卫星测控中心地铁站D口,交通设施服务;地铁站;出入口,109.02172599913638,34.252848478815544,新城区,109.026691,34.251473
BX10031893,青龙寺地铁站E口,交通设施服务;地铁站;出入口,108.98991601400836,34.23167860294097,雁塔区,108.994744,34.2302
B0FFHSGAIC,咪咪川菜(太乙路店)-停车场,交通设施服务;停车场;公共停车场,108.96788271890534,34.24187136445697,碑林区,108.972622,34.240334
BX10031894,青龙寺地铁站G口,交通设施服务;地铁站;出入口,108.98831272225353,34.23289394749622,雁塔区,108.993134,34.231411
BX10014123,通化门地铁站E西北口,交通设施服务;地铁站;出入口,108.99037373165166,34.271742653789275,新城区,108.995207,34.270281
BX09902218,公园南路地铁站C口,交通设施服务;地铁站;出入口,109.00228218813604,34.25226937442927,新城区,109.007165,34.250836
BX10014134,万寿路地铁站B西南口,交通设施服务;地铁站;出入口,109.00714872322534,34.27063930617706,新城区,109.012054,34.269228
B0HKG5EOGK,老钢厂设计创意产业园地下停车场,交通设施服务;停车场;公共停车场,109.01735147360854,34.247645093757704,新城区,109.022298,34.246255
B0FFHRPRY4,兴庆宫公园-南门东侧停车场,交通设施服务;停车场;公共停车场,108.9816220932076,34.253056986891785,碑林区,108.986417,34.251562
BX10014173,朝阳门地铁站D东北口,交通设施服务;地铁站;出入口,108.97031194920427,34.27174415289167,新城区,108.975063,34.270225
BX09913650,东等驾坡地铁站D口,交通设施服务;地铁站;出入口,109.01500369608088,34.23100622733316,雁塔区,109.019939,34.229603
BV10070685,等驾坡(公交站),交通设施服务;公交车站;公交车站相关,109.006360723251,34.23946391427416,雁塔区,109.01126,34.238038
BV11121108,韩森东路幸福路口(公交站),交通设施服务;公交车站;公交车站相关,109.01226875836063,34.26034410564057,新城区,109.017195,34.258944
BX10033414,青龙寺地铁站C口,交通设施服务;地铁站;出入口,108.98989206788735,34.232256461784765,雁塔区,108.99472,34.230778
B0H0RSCGPC,西北小商品立体停车场,交通设施服务;停车场;公共停车场,108.99505663788142,34.272249323045074,新城区,108.99991,34.270802
BX09901546,咸宁路地铁站E口,交通设施服务;地铁站;出入口,108.99006263551698,34.25277717011787,碑林区,108.994893,34.251307
B0FFHSIR0O,曼城国际停车场,交通设施服务;停车场;公共停车场,108.966417824771,34.23483881227602,碑林区,108.971151,34.233295
BV09517471,南二环太乙立交东(公交站),交通设施服务;公交车站;公交车站相关,108.97284198218637,34.2363251546636,碑林区,108.9776,34.234799
BX09914336,西等驾坡地铁站D口,交通设施服务;地铁站;出入口,109.01011040425604,34.24284335144482,雁塔区,109.015026,34.24143
BX09901645,公园南路地铁站B口,交通设施服务;地铁站;出入口,109.00070497589893,34.25237112587273,新城区,109.005581,34.250933
B0HAKSHQX9,领地国际地下停车场,交通设施服务;停车场;公共停车场,108.9698308481072,34.234757878216605,碑林区,108.974577,34.233223
B0KRKC7866,兴庆宫公园北门停车场,交通设施服务;停车场;公共停车场,108.98219221211384,34.259328864576176,碑林区,108.98699,34.257838
BV11121111,新东尚小区(公交站),交通设施服务;公交车站;公交车站相关,109.0162121490418,34.260394436785845,新城区,109.021155,34.259006
BX09901547,交通大学·兴庆宫地铁站A口,交通设施服务;地铁站;出入口,108.9816848522238,34.25283089307927,碑林区,108.98648,34.251336
B0H0FSKG7E,高阁酒店停车场,交通设施服务;停车场;公共停车场,109.02214427278096,34.2531071897751,新城区,109.027111,34.251733
B0H1FUEX3P,南洋大酒店停车场,交通设施服务;停车场;公共停车场,108.98386957187414,34.243135253398464,碑林区,108.988673,34.241643
BV11147373,长乐公园西门(公交站),交通设施服务;公交车站;公交车站相关,108.99101672900804,34.262857323963594,碑林区,108.995852,34.261394
B0LU2CWVST,华龙太乙城地上停车场,交通设施服务;停车场;公共停车场,108.97011463335312,34.23621257886955,碑林区,108.974862,34.234679
BX09901644,公园南路地铁站D口,交通设施服务;地铁站;出入口,109.00227616297803,34.25287915518658,新城区,109.007159,34.251446
BV11217552,105街坊(公交站),交通设施服务;公交车站;公交车站相关,109.00683371915636,34.25107305134807,新城区,109.011736,34.249653
BX09901549,交通大学·兴庆宫地铁站B口,交通设施服务;地铁站;出入口,108.98069696298516,34.25245089857673,碑林区,108.985488,34.250953
BX09901640,卫星测控中心地铁站B口,交通设施服务;地铁站;出入口,109.0210916380762,34.252294502459414,新城区,109.026054,34.250917
BX09913659,万寿南路地铁站F口,交通设施服务;地铁站;出入口,109.00847060571276,34.252315634550165,新城区,109.01338,34.250901
B0H6PUQMG8,新兴广场地下停车场,交通设施服务;停车场;公共停车场,108.98891576627943,34.26174906294924,碑林区,108.993742,34.260279
BV10070680,铁炉庙(公交站),交通设施服务;公交车站;公交车站相关,108.9862495931834,34.23103276344781,雁塔区,108.991062,34.229543
BX10021711,咸宁路地铁站B西南口,交通设施服务;地铁站;出入口,108.99139004976134,34.251872536287365,碑林区,108.996226,34.250406
BV11162772,建工路火炬路口(公交站),交通设施服务;公交车站;公交车站相关,109.00093865106528,34.24422355339464,碑林区,109.005815,34.242783
B0IB1ZF2KO,西安幸福林带地下停车场(韩森路入口),交通设施服务;停车场;停车场入口,109.01081391126468,34.26062733308362,新城区,109.015734,34.259223
BX10031914,雁翔路北口地铁站B口,交通设施服务;地铁站;出入口,108.98465860579805,34.23910745798806,雁塔区,108.989465,34.237616
BV10069879,万寿中路(公交站),交通设施服务;公交车站;公交车站相关,109.0093136885705,34.25606363406376,新城区,109.014227,34.254653
B0H23LSXSM,西安建国饭店停车场,交通设施服务;停车场;公共停车场,108.99103880699944,34.26078908356817,碑林区,108.995874,34.259325
B0GK3CUCQ8,华东·万悦城停车场,交通设施服务;停车场;公共停车场,108.97336606322304,34.27094119035261,新城区,108.978129,34.26943
B0H3J56PRC,空军军医大学第一附属医院地下停车场,交通设施服务;停车场;公共停车场,108.9842963441704,34.27261335103737,新城区,108.989104,34.271134
BX09914404,万寿路地铁站H口,交通设施服务;地铁站;出入口,109.01017370561432,34.2716747856564,新城区,109.015092,34.270273
BX09914331,韩森寨地铁站C口,交通设施服务;地铁站;出入口,109.01027227687068,34.25991423748426,新城区,109.01519,34.258508
BX10021676,延兴门地铁站D东北口,交通设施服务;地铁站;出入口,108.99248684122726,34.246100460068185,碑林区,108.997327,34.244635
BX10021675,延兴门地铁站B1西南口,交通设施服务;地铁站;出入口,108.99065777558258,34.24465151727084,碑林区,108.99549,34.24318
BX09901545,咸宁路地铁站F口,交通设施服务;地铁站;出入口,108.99023393921942,34.252376812457,碑林区,108.995065,34.250907
BX10021698,长乐公园地铁站B2西南口,交通设施服务;地铁站;出入口,108.99111246696388,34.2610967396087,碑林区,108.995948,34.259633
BX10014133,万寿路地铁站D东北口,交通设施服务;地铁站;出入口,109.0088354542777,34.271224986100165,新城区,109.013748,34.269819
BV11164026,公园南路延兴门东路口(公交站),交通设施服务;公交车站;公交车站相关,109.0064250202184,34.23264326102303,雁塔区,109.011324,34.231215
B0FFHTRMSA,金花·新都汇西北国际茶城地下停车场,交通设施服务;停车场;公共停车场,108.9913367529666,34.27017640198663,新城区,108.996174,34.268717
BV10071349,东等驾坡(公交站),交通设施服务;公交车站;公交车站相关,109.0112232668933,34.235754686729244,雁塔区,109.016143,34.234342
B0I0ZSBMVC,天伦·泛太国际地下停车场,交通设施服务;停车场;公共停车场,108.96656765615894,34.242232651951,碑林区,108.971302,34.240692
BV09530441,东门(公交站),交通设施服务;公交车站;公交车站相关,108.96697364850596,34.26027059760114,碑林区,108.971711,34.258738
BV09530442,永兴坊-中山门(公交站),交通设施服务;公交车站;公交车站相关,108.96595699348356,34.2660149227509,新城区,108.970691,34.264482
B0IG7SQSMG,太乙城时光界地下停车场,交通设施服务;停车场;专用停车场,108.96830946349468,34.23738892988409,碑林区,108.97305,34.235851
B0FFG355AQ,万年大酒店地下停车场,交通设施服务;停车场;公共停车场,108.9975688638424,34.271813882659124,新城区,109.002433,34.270374
B0G0JLI9LS,西北商贸中心停车场(入口),交通设施服务;停车场;停车场入口,108.97746665041558,34.27080080612285,新城区,108.982246,34.269301
BV11171503,长乐路幸福路口(公交站),交通设施服务;公交车站;公交车站相关,109.01231467802106,34.27084073440271,新城区,109.017242,34.269445
B0GK3CSW62,华东·万悦城地下停车场,交通设施服务;停车场;公共停车场,108.97435022329908,34.270159794515195,新城区,108.979117,34.268651
B0HR0AU32G,西北大学第一医院停车场,交通设施服务;停车场;公共停车场,109.01242285450108,34.25146613679298,新城区,109.017349,34.250063
BV09423301,朝阳门(长乐西路)(公交站),交通设施服务;公交车站;公交车站相关,108.96993842221978,34.271390297337554,新城区,108.974688,34.26987
BX09902186,交通大学·兴庆宫地铁站F口,交通设施服务;地铁站;出入口,108.98412968365986,34.252806769539355,碑林区,108.988935,34.251319
BV11253705,新乐路长乐坊路口(公交站),交通设施服务;公交车站;公交车站相关,108.974646466613,34.26502605531416,碑林区,108.979414,34.263516
B0HRR7X92P,停车场,交通设施服务;停车场;公共停车场,108.9658786597683,34.27364800977395,新城区,108.970613,34.272118
BX10021696,长乐公园地铁站B1西南口,交通设施服务;地铁站;出入口,108.99009176325885,34.26176953524475,碑林区,108.994923,34.260303
B0HBTH1OTE,上和商业广场停车场,交通设施服务;停车场;公共停车场,109.00183360098688,34.246537950425314,新城区,109.006714,34.245101
B0FFK4WLIK,金海停车场,交通设施服务;停车场;公共停车场,108.99104776869817,34.272796197168375,新城区,108.995884,34.271337
B0G01SSD8L,世贸大厦地下停车场,交通设施服务;停车场;公共停车场,108.97227821633848,34.26041541474116,碑林区,108.977036,34.258897
B0IU9AX8LF,幸福林带停车场,交通设施服务;停车场;公共停车场,109.01061890676948,34.27052292441535,新城区,109.015539,34.269122
B0FFJL94XE,铜川市人民政府驻西安办事处地面停车场,交通设施服务;停车场;公共停车场,108.98398190554646,34.26964149046227,新城区,108.988788,34.26816
B0FFFA8HK9,星币传说停车场,交通设施服务;停车场;公共停车场,108.98962606701168,34.257905465335426,碑林区,108.994455,34.256436
BV11328522,康复路中段(公交站),交通设施服务;公交车站;公交车站相关,108.97961253159023,34.27527685093661,新城区,108.984401,34.273785
B0IDH9XK2O,陕西省假肢中心地面停车场,交通设施服务;停车场;公共停车场,108.98316926869369,34.26997273386588,新城区,108.987972,34.268489
B0FFHDSA9S,天伦御城龙脉(南区)-停车场,交通设施服务;停车场;专用停车场,108.97790358367182,34.23802640167142,雁塔区,108.982682,34.236515
BV11126420,长乐东路西段(公交站),交通设施服务;公交车站;公交车站相关,109.01818990849496,34.2722258871063,新城区,109.023142,34.270848
BX10031901,太乙路地铁站A口,交通设施服务;地铁站;出入口,108.96831597398828,34.24305077961498,碑林区,108.973057,34.241515
BV11161922,东二环长兴路口(公交站),交通设施服务;公交车站;公交车站相关,108.99217228963356,34.2568742234861,碑林区,108.997012,34.255412
B0H07C6320,交大出版传媒大厦停车场,交通设施服务;停车场;公共停车场,108.98673356900191,34.24289889779732,碑林区,108.991549,34.241415
B0FFHAB6ZA,绿地海珀紫庭停车场,交通设施服务;停车场;专用停车场,108.9653232617536,34.230560203107416,雁塔区,108.970052,34.229012
BX10014135,万寿路地铁站A西北口,交通设施服务;地铁站;出入口,109.00714966862584,34.2712400574862,新城区,109.012055,34.269829
BV11289381,西延路青龙路口(公交站),交通设施服务;公交车站;公交车站相关,108.9699925044776,34.2313487062553,雁塔区,108.974739,34.229813
B0H6GL4D2N,西安市人力资源和社会保障大厦停车场,交通设施服务;停车场;公共停车场,109.00352157345284,34.24365592668951,雁塔区,109.008409,34.242223
BV10405005,西安乐游原(公交站),交通设施服务;公交车站;公交车站相关,108.97033422148456,34.23088996028579,碑林区,108.975082,34.229355
BV10071366,幸福中路(公交站),交通设施服务;公交车站;公交车站相关,109.01129304131192,34.258647687472475,新城区,109.016215,34.257244
BV11423392,穆将王(地铁站),交通设施服务;地铁站;地铁站,109.05165224757692,34.25271649181924,灞桥区,109.056726,34.251415
BV10070917,半坡(地铁站),交通设施服务;地铁站;地铁站,109.05105701161078,34.276777007177884,灞桥区,109.056131,34.275484
BV10070506,长乐坡(地铁站),交通设施服务;地铁站;地铁站,109.02543626565402,34.273446797285374,灞桥区,109.030418,34.27209
BV10070509,浐河(地铁站),交通设施服务;地铁站;地铁站,109.03939511895037,34.275299633545075,灞桥区,109.04443,34.27398
BV11423400,田家湾(地铁站),交通设施服务;地铁站;地铁站,109.03309121854528,34.25291744887751,雁塔区,109.038101,34.251573
BV11126425,空军工程大学(公交站),交通设施服务;公交车站;公交车站相关,109.03099040465156,34.27430637423797,灞桥区,109.035994,34.272965
BV11423397,纺二路(地铁站),交通设施服务;地铁站;地铁站,109.05794721878182,34.27108426502303,灞桥区,109.063041,34.269802
BV11423399,纺六路(地铁站),交通设施服务;地铁站;地铁站,109.05907315198937,34.259091133032896,灞桥区,109.064169,34.257806
BV10070505,长乐坡(公交站),交通设施服务;公交车站;公交车站相关,109.02665041604244,34.273644363599,灞桥区,109.031637,34.272291
BV10071984,三殿村(公交站),交通设施服务;公交车站;公交车站相关,109.05088127844526,34.23356332517364,灞桥区,109.055951,34.232253
B0HKGZCWIR,半坡国际广场地面停车场,交通设施服务;停车场;公共停车场,109.04790206282276,34.276146850939966,灞桥区,109.052966,34.274847
BV10069873,田家湾(公交站),交通设施服务;公交车站;公交车站相关,109.03373980500704,34.25254091751755,雁塔区,109.038752,34.251198
BX10014154,半坡地铁站A西南口,交通设施服务;地铁站;出入口,109.0496374896557,34.27639208451798,灞桥区,109.054707,34.275096
BV10071740,白杨寨(公交站),交通设施服务;公交车站;公交车站相关,109.02986266403568,34.240230823790064,雁塔区,109.034859,34.238873
BV10069919,半引路北口(公交站),交通设施服务;公交车站;公交车站相关,109.05101315766429,34.25344649757959,灞桥区,109.056085,34.252144
BX10014165,长乐坡地铁站D东北口,交通设施服务;地铁站;出入口,109.02620517027918,34.27380552289656,灞桥区,109.03119,34.272451
BX09901641,穆将王地铁站D口,交通设施服务;地铁站;出入口,109.05214073737626,34.25288345044866,灞桥区,109.057216,34.251583
BX09902217,穆将王地铁站C口,交通设施服务;地铁站;出入口,109.05205306017189,34.25224387418219,灞桥区,109.057128,34.250943
BX09908478,浐河地铁站C东南口,交通设施服务;地铁站;出入口,109.0402779906006,34.27519555257377,灞桥区,109.045316,34.273878
B0FFGFZJYJ,田家湾村路顺地面停车场,交通设施服务;停车场;公共停车场,109.03773138450208,34.24869533128143,雁塔区,109.042758,34.247361
BX09908500,田家湾地铁站D口,交通设施服务;地铁站;出入口,109.03392109794044,34.2528433325831,雁塔区,109.038934,34.251501
BV11160473,咸宁路田马路口(公交站),交通设施服务;公交车站;公交车站相关,109.02784747850392,34.25261951632394,雁塔区,109.032837,34.251261
B0FFHN3EKK,田九组地面停车场,交通设施服务;停车场;公共停车场,109.04060231568305,34.246376258201224,雁塔区,109.045639,34.245048
B0H6GSYR1S,华夏世纪广场停车场,交通设施服务;停车场;公共停车场,109.05152764172844,34.27579946190292,灞桥区,109.056603,34.274507
BX09908479,浐河地铁站A2西北口,交通设施服务;地铁站;出入口,109.03829000095928,34.27628791553907,灞桥区,109.043321,34.274966
B0HUPCO5IV,西安地铁五号线雁鸣湖停车场,交通设施服务;停车场;公共停车场,109.02792394609216,34.23183618250811,雁塔区,109.032912,34.23047
BV10070508,浐河(公交站),交通设施服务;公交车站;公交车站相关,109.03925258633896,34.27578677684835,灞桥区,109.044287,34.274467
BV10612953,沁水新城西门(公交站),交通设施服务;公交车站;公交车站相关,109.03070090670494,34.269764006375894,灞桥区,109.035703,34.26842
B0FFG6TPHG,田家湾地面停车场,交通设施服务;停车场;公共停车场,109.03817167365672,34.25006371883798,雁塔区,109.0432,34.248731
BV10884206,暖山西安社区(公交站),交通设施服务;公交车站;公交车站相关,109.0438870117968,34.24558790385757,雁塔区,109.048935,34.244267
BV11314887,纺正街纺五路口(公交站),交通设施服务;公交车站;公交车站相关,109.06001431992726,34.262389216806305,灞桥区,109.065113,34.261107
B0HGUGEGWT,水岸东方二期停车场,交通设施服务;停车场;停车场相关,109.04019721014764,34.26430518862249,灞桥区,109.045234,34.262983
BX10014155,半坡地铁站C东南口,交通设施服务;地铁站;出入口,109.05188955367848,34.27552684905264,灞桥区,109.056966,34.274235
BX09908476,浐河地铁站A1西北口,交通设施服务;地铁站;出入口,109.03860094577657,34.275525470695165,灞桥区,109.043633,34.274204
BV11171290,纺西街南口(公交站),交通设施服务;公交车站;公交车站相关,109.05389050497156,34.25244619673136,灞桥区,109.058971,34.251149
BV11454493,枣园刘村(公交站),交通设施服务;公交车站;公交车站相关,109.06592776262892,34.26880038979171,灞桥区,109.071042,34.26753
BV10989142,向阳沟小区(公交站),交通设施服务;公交车站;公交车站相关,109.06540568063204,34.23803616220513,灞桥区,109.070516,34.236753
BX09908498,田家湾地铁站B口,交通设施服务;地铁站;出入口,109.03229329647384,34.25231776194209,雁塔区,109.0373,34.250971
BX09901642,穆将王地铁站A口,交通设施服务;地铁站;出入口,109.05075199015036,34.25320212465763,灞桥区,109.055823,34.251899
BX09908477,浐河地铁站B西南口,交通设施服务;地铁站;出入口,109.03875346768145,34.274705437789855,灞桥区,109.043786,34.273384
BX09908499,田家湾地铁站A口,交通设施服务;地铁站;出入口,109.03266483962236,34.252845586028315,雁塔区,109.037673,34.2515
BX09901647,纺二路地铁站B口,交通设施服务;地铁站;出入口,109.0579871725858,34.270332501928685,灞桥区,109.063081,34.26905
BV11160376,林河春天公交调度站(公交站),交通设施服务;公交车站;公交车站相关,109.06798909725956,34.26708720894209,灞桥区,109.073108,34.265819
BX10014156,半坡地铁站B西南口,交通设施服务;地铁站;出入口,109.05097035734616,34.275884553684826,灞桥区,109.056044,34.274591
BX09901643,穆将王地铁站B口,交通设施服务;地铁站;出入口,109.05088070024328,34.25192036163702,灞桥区,109.055952,34.250617
BV11168004,穆将王立交西(公交站),交通设施服务;公交车站;公交车站相关,109.0436132671312,34.25347148258705,灞桥区,109.048661,34.252153
BV10070511,半坡博物馆(公交站),交通设施服务;公交车站;公交车站相关,109.04575522832552,34.27472511843504,灞桥区,109.050812,34.27342
BX10014153,半坡地铁站D东北口,交通设施服务;地铁站;出入口,109.0517169483422,34.27708954588829,灞桥区,109.056793,34.275798
BX10014163,长乐坡地铁站A西北口,交通设施服务;地铁站;出入口,109.02502489112727,34.27368484189914,灞桥区,109.030005,34.272327
BV11121112,纺西街纺四路口(公交站),交通设施服务;公交车站;公交车站相关,109.0551566038808,34.26606039117788,灞桥区,109.060242,34.264771
BV11472166,思源学院(公交站),交通设施服务;公交车站;公交车站相关,109.07459197687643,34.234766771494435,灞桥区,109.079722,34.233494
B0G0RSDRDV,田家湾第1停车场,交通设施服务;停车场;停车场相关,109.0404706487973,34.247907984131174,雁塔区,109.045507,34.24658
BV11490634,西铁看守所(公交站),交通设施服务;公交车站;公交车站相关,109.06565348204327,34.244990171915816,灞桥区,109.070765,34.24371
B0H01DPEQU,半坡国际艺术区地下停车场,交通设施服务;停车场;公共停车场,109.05338026216052,34.27291698808929,灞桥区,109.058461,34.271627
BV10071023,海棠学院(公交站),交通设施服务;公交车站;公交车站相关,109.07852191942358,34.23330047984629,灞桥区,109.083659,34.232031
B0HRFU31ZC,西安医学院第二附属医院停车场,交通设施服务;停车场;公共停车场,109.06394889353533,34.265274748258314,灞桥区,109.069058,34.264
BV10772135,纺正街纺科路口(公交站),交通设施服务;公交车站;公交车站相关,109.05965791436222,34.26661112128433,灞桥区,109.064756,34.26533
BV10778593,沁水路高楼路口(公交站),交通设施服务;公交车站;公交车站相关,109.03130527133884,34.26169566196152,灞桥区,109.036309,34.26035
BV11364959,月登阁路公交调度站(公交站),交通设施服务;公交车站;公交车站相关,109.0253042816624,34.232402174728264,雁塔区,109.030282,34.231029
B0H62CY1YD,龙湖西安香醍天街停车场(2号入口),交通设施服务;停车场;公共停车场,109.03350075814272,34.26362715133383,灞桥区,109.038513,34.262288
BV10070513,郭家滩(公交站),交通设施服务;公交车站;公交车站相关,109.04622735409365,34.266689362504586,灞桥区,109.051285,34.265382
BV10071022,张李村(公交站),交通设施服务;公交车站;公交车站相关,109.081999506307,34.23043671760553,灞桥区,109.087142,34.229169
BV11121110,韩森东路沁水路口(公交站),交通设施服务;公交车站;公交车站相关,109.0314240350191,34.259128369901255,灞桥区,109.036428,34.257782
BV10071986,穆将王村(公交站),交通设施服务;公交车站;公交车站相关,109.0514625522781,34.24434409963706,灞桥区,109.056535,34.243039
B0KKTHTE5D,龙湖西安香醍天街停车场(一号出入口),交通设施服务;停车场;公共停车场,109.03197347821484,34.26446979113777,灞桥区,109.03698,34.263127
BV10069921,公交八公司(公交站),交通设施服务;公交车站;公交车站相关,109.05895841651612,34.24808263133723,灞桥区,109.064053,34.246793
BV09110027,咸宁路咸史路口(公交站),交通设施服务;公交车站;公交车站相关,109.03998596868033,34.252518359768544,雁塔区,109.045021,34.251191
BV11185296,月登阁路花间路口(公交站),交通设施服务;公交车站;公交车站相关,109.03423970385133,34.2317525062086,雁塔区,109.039252,34.230403
BV11000526,檀香园(公交站),交通设施服务;公交车站;公交车站相关,109.04086818412536,34.26033017823701,灞桥区,109.045907,34.259008
BX09918228,纺六路地铁站A口,交通设施服务;地铁站;出入口,109.05904815869737,34.25980289362507,灞桥区,109.064144,34.258518
BX09918234,纺六路地铁站D口,交通设施服务;地铁站;出入口,109.05944807675124,34.25973323546245,灞桥区,109.064545,34.258449
BV11490151,枣园苏村(公交站),交通设施服务;公交车站;公交车站相关,109.06654290716116,34.26183232163764,灞桥区,109.071658,34.26056
BV11121109,韩森东路浐河西路口(公交站),交通设施服务;公交车站;公交车站相关,109.03550462944618,34.25943069923834,灞桥区,109.040524,34.258095
B0FFKAUYJR,省纺供销公司纺织城仓库停车场,交通设施服务;停车场;公共停车场,109.05024131479028,34.25634593944336,灞桥区,109.055311,34.255043
BV11249074,水岸东方二期(公交站),交通设施服务;公交车站;公交车站相关,109.03933909741384,34.266216484505584,灞桥区,109.044373,34.264893
BV11472169,神峪寺沟(公交站),交通设施服务;公交车站;公交车站相关,109.06473352794232,34.24712670659831,灞桥区,109.069843,34.245846
BV11174394,沁水路南段(公交站),交通设施服务;公交车站;公交车站相关,109.0294130389948,34.25632683074922,灞桥区,109.034409,34.254974
BV10776082,白杨寨新村(公交站),交通设施服务;公交车站;公交车站相关,109.02982161155045,34.24271599411926,雁塔区,109.034818,34.241359
B0IG7ZQDCT,陕西战友天地物流有限公司地面停车场,交通设施服务;停车场;公共停车场,109.0404772969061,34.27507212743342,灞桥区,109.045516,34.273755
BV11326275,浐河西路史家湾(公交站),交通设施服务;公交车站;公交车站相关,109.04423119558056,34.241495677519964,雁塔区,109.04928,34.240174
B0FFH8NG9S,上水苑停车场,交通设施服务;停车场;公共停车场,109.03237505224044,34.27496445847446,灞桥区,109.037384,34.273627
BV11160375,半坡路北段(公交站),交通设施服务;公交车站;公交车站相关,109.04602870688444,34.27023235983866,灞桥区,109.051086,34.268926
BV10070897,灞桥区政府(公交站),交通设施服务;公交车站;公交车站相关,109.06121119709267,34.27332479144257,灞桥区,109.066314,34.272049
BV10930781,水岸东方一期(公交站),交通设施服务;公交车站;公交车站相关,109.03856240621926,34.27177011281716,灞桥区,109.043594,34.270447
BV10778592,沁水路长荣路口(公交站),交通设施服务;公交车站;公交车站相关,109.03156185380098,34.26678593902636,灞桥区,109.036567,34.265443
BV10072280,新兴北路(公交站),交通设施服务;公交车站;公交车站相关,109.02944882300888,34.245488937836264,雁塔区,109.034444,34.244132
BX09901648,纺二路地铁站D口,交通设施服务;地铁站;出入口,109.0578524181418,34.271833125802615,灞桥区,109.062946,34.270551
BV11180470,纺西街纺七路口(公交站),交通设施服务;公交车站;公交车站相关,109.05621022516031,34.2583435214749,灞桥区,109.061298,34.257053
BV11486007,纺正街纺三路口(公交站),交通设施服务;公交车站;公交车站相关,109.05826640637429,34.27023305119935,灞桥区,109.063361,34.268951
B0GK7ZYHHF,暖山北门停车场,交通设施服务;停车场;公共停车场,109.04305466301275,34.24781595699554,雁塔区,109.0481,34.246494
B0I1MC9RXS,独角兽汽车影院停车场,交通设施服务;停车场;公共停车场,109.04559211797044,34.24741436749426,灞桥区,109.050646,34.246098
BV10070514,五星村(公交站),交通设施服务;公交车站;公交车站相关,109.0478873856355,34.26132591238596,灞桥区,109.05295,34.26002
BV11189516,半坡国际艺术区(公交站),交通设施服务;公交车站;公交车站相关,109.0550923120382,34.27161325209852,灞桥区,109.060178,34.270326
BV10778594,沁水路北口(公交站),交通设施服务;公交车站;公交车站相关,109.0298918343154,34.27210820367418,灞桥区,109.034891,34.270763
BV11160454,纺东街纺科路口(公交站),交通设施服务;公交车站;公交车站相关,109.06295316356405,34.26796319722121,灞桥区,109.06806,34.266688
BV09125011,半坡地铁站(公交站),交通设施服务;公交车站;公交车站相关,109.05006210788764,34.27689099690185,灞桥区,109.055133,34.275596
BV10070515,石羊村(公交站),交通设施服务;公交车站;公交车站相关,109.049772739138,34.256920681875684,灞桥区,109.054841,34.255617
B0H2ZHAKAS,大明宫建材家居城东三环店停车场,交通设施服务;停车场;公共停车场,109.04394409706936,34.265633899733665,灞桥区,109.048994,34.264321
B0FFIVVL2Z,西安地铁,交通设施服务;交通服务相关;交通服务相关,109.0381973480716,34.27614120373931,灞桥区,109.043228,34.274819
B0I6L5ZD29,地面停车场,交通设施服务;停车场;公共停车场,109.0506840098568,34.24381588027872,灞桥区,109.055754,34.242509
B0FFG9X9SY,水岸东方三期1号停车场,交通设施服务;停车场;专用停车场,109.04102945974395,34.262173060860974,灞桥区,109.046069,34.260852
BV10490610,纺正街纺一路口(公交站),交通设施服务;公交车站;公交车站相关,109.0557282797927,34.27376817942084,灞桥区,109.060816,34.272483
B0FFGYP0BE,荣德棕榈湾停车场,交通设施服务;停车场;专用停车场,109.02688949983046,34.273279857327985,灞桥区,109.031877,34.271927
BX09908480,浐河地铁站B1口,交通设施服务;地铁站;出入口,109.03857111973514,34.27474786536902,灞桥区,109.043603,34.273426
BV11246421,东三环韩森东路口(公交站),交通设施服务;公交车站;公交车站相关,109.04311004395733,34.26447027835456,灞桥区,109.048157,34.263155
B0K3XMXRTM,融创宸阅和鸣停车场,交通设施服务;停车场;专用停车场,109.02781577195312,34.274125976992934,灞桥区,109.032807,34.272776
BX09918227,纺六路地铁站C口,交通设施服务;地铁站;出入口,109.05904829533216,34.25821752179614,灞桥区,109.064144,34.256932
BV11686916,浐河地铁站B口(公交站),交通设施服务;公交车站;公交车站相关,109.03829810095512,34.27477952056496,灞桥区,109.043329,34.273457
BV11176193,月登阁路田马路口(公交站),交通设施服务;公交车站;公交车站相关,109.02913213512625,34.232810552852385,雁塔区,109.034125,34.231448
B0HKADK682,广厦·水岸东方二期地下停车场,交通设施服务;停车场;公共停车场,109.03998779114907,34.26618493319424,灞桥区,109.045024,34.264863
B0J6JA6TGF,张家坡村地面停车场,交通设施服务;停车场;公共停车场,109.02563077592772,34.25831536752736,灞桥区,109.030612,34.256953
B0FFHS79NH,五湖名邸东区停车场,交通设施服务;停车场;专用停车场,109.03646662735682,34.229653631073305,雁塔区,109.041487,34.228309
B0FFGG5UPB,灞业大境停车场,交通设施服务;停车场;专用停车场,109.02520677926702,34.26643829479381,灞桥区,109.030187,34.265078
B0FFH8NFHH,上水苑停车场(出入口),交通设施服务;停车场;停车场出入口,109.03274563335216,34.2750964368599,灞桥区,109.037756,34.27376
B0FFGAXJ7Z,西安建筑工程技师学院停车场,交通设施服务;停车场;公共停车场,109.0422745809308,34.256799267836534,灞桥区,109.047318,34.255479
BV11162096,鹿塬街纺一路口(公交站),交通设施服务;公交车站;公交车站相关,109.06389227314104,34.27406524915375,灞桥区,109.069002,34.272794
B0FFJUOB35,霸业大境东区停车场(入口),交通设施服务;交通服务相关;交通服务相关,109.02808129908,34.26742399624366,灞桥区,109.033073,34.266072
B0FFGA3WA1,荣德棕榈湾停车场(出入口),交通设施服务;停车场;停车场出入口,109.02688451920692,34.27328386933847,灞桥区,109.031872,34.271931
B0I25M961A,东城一中车库,交通设施服务;停车场;公共停车场,109.05743614583716,34.265316516360684,灞桥区,109.062528,34.264031
B0H0FSKNA5,朴里·幸福里购物广场停车场,交通设施服务;停车场;公共停车场,109.05166730698846,34.274698636931184,灞桥区,109.056743,34.273406
BV11281245,花间路等驾坡路口(公交站),交通设施服务;公交车站;公交车站相关,109.03801252236303,34.235177755648735,雁塔区,109.043039,34.233839
B0FFHRXGJZ,香醍国际二期停车场,交通设施服务;停车场;专用停车场,109.03350381696907,34.2628034736074,灞桥区,109.038516,34.261464
B0FFHS8G84,广厦水岸东方三期2号停车场,交通设施服务;停车场;专用停车场,109.04153083515712,34.26065748150265,灞桥区,109.046572,34.259337
BV11249342,高科麓湾一期(公交站),交通设施服务;公交车站;公交车站相关,109.0463134382048,34.23912592278679,灞桥区,109.051369,34.237808
B0FFGPNZBA,浐河东路-道路停车位,交通设施服务;停车场;路边停车场,109.04184909692692,34.25633644439353,灞桥区,109.046891,34.255015
BV11232397,纺新街纺三路口(公交站),交通设施服务;公交车站;公交车站相关,109.06405708738332,34.271477062805744,灞桥区,109.069167,34.270205
BV11635856,浐河地铁口(公交站),交通设施服务;公交车站;公交车站相关,109.03925258633896,34.27578677684835,灞桥区,109.044287,34.274467
BV10847794,绿地国际生态城(公交站),交通设施服务;公交车站;公交车站相关,109.04432157165904,34.233548445470134,雁塔区,109.04937,34.232224
B0FFGG5V4Z,灞业大境停车场,交通设施服务;停车场;专用停车场,109.025327255649,34.2669297613779,灞桥区,109.030308,34.26557
BV10930578,高科麓湾(公交站),交通设施服务;公交车站;公交车站相关,109.04727761044325,34.2352212795322,灞桥区,109.052336,34.233904
BV09131235,纺正街纺二路口(公交站),交通设施服务;公交车站;公交车站相关,109.05672552928176,34.27253585747855,灞桥区,109.061816,34.271252
BV11281246,田马路等驾坡路口(公交站),交通设施服务;公交车站;公交车站相关,109.03036712914115,34.235334309729176,雁塔区,109.035365,34.233976
BV11192607,月登阁路东口(公交站),交通设施服务;公交车站;公交车站相关,109.04131614634012,34.230772418977004,雁塔区,109.046354,34.22944
B0FFHUC480,田九组停车场(出入口),交通设施服务;停车场;停车场出入口,109.0398997871622,34.24653287949442,雁塔区,109.044934,34.245203
B0MDPZL4X3,白杨寨3号停车场,交通设施服务;停车场;公共停车场,109.0292794027416,34.234676465697575,雁塔区,109.034273,34.233315
B0H1TZIIOD,长征米拉梭酒店纺织城店停车场,交通设施服务;停车场;公共停车场,109.0552719238222,34.27004855553136,灞桥区,109.060358,34.268761
BV11162097,鹿塬街纺科路口(公交站),交通设施服务;公交车站;公交车站相关,109.06764764034068,34.26984555145588,灞桥区,109.072766,34.268578
BV11121107,韩森东路西段(公交站),交通设施服务;公交车站;公交车站相关,109.025818847664,34.260412015190155,灞桥区,109.030801,34.259051
B0FFGCQVU8,明林庭苑停车场,交通设施服务;停车场;专用停车场,109.04282953061283,34.27002667418203,灞桥区,109.047876,34.268713
B0H6L5EOQI,万兴广场地下停车场,交通设施服务;停车场;公共停车场,109.05958931072048,34.26417122171578,灞桥区,109.064687,34.262889
B0FFHUFL9B,五湖名邸东区停车场(出入口),交通设施服务;停车场;停车场出入口,109.03639688807183,34.2295988258648,雁塔区,109.041417,34.228254
B0FFF6555A,上水苑小区南广场停车场,交通设施服务;停车场;专用停车场,109.03317698888512,34.275229260733546,灞桥区,109.038189,34.273894
B0H3JU52D8,穆将王综合市场停车场,交通设施服务;停车场;公共停车场,109.05116489422062,34.25104712371767,灞桥区,109.056237,34.249744
B0KGUMFZMI,天悦东都三期地面停车场,交通设施服务;停车场;公共停车场,109.0258249194525,34.271039709341,灞桥区,109.030808,34.269683
BV11296281,东三环十里锦绣(公交站),交通设施服务;公交车站;公交车站相关,109.04841841851524,34.22939698160891,灞桥区,109.05348,34.22808
B0L655ADD3,咸宁东路南侧A区公共停车场,交通设施服务;停车场;公共停车场,109.055589545352,34.25216809109327,灞桥区,109.060675,34.250874
BV10071985,浐河建材厂(公交站),交通设施服务;公交车站;公交车站相关,109.05158756653609,34.23970860324749,灞桥区,109.05666,34.238402
BV11189514,纺西街纺三路口(公交站),交通设施服务;公交车站;公交车站相关,109.05484418396917,34.26991541380398,灞桥区,109.059929,34.268627
B0HB3X9EE4,龙湖香醍蓝湾内部地下停车场(出入口),交通设施服务;停车场;停车场出入口,109.03342909053544,34.26289862874368,灞桥区,109.038441,34.261559
B0J10RFJ0O,中国铁建花语城内部地下停车场,交通设施服务;停车场;专用停车场,109.05277619193603,34.248421922792495,灞桥区,109.057853,34.247121
B0GUY743PB,高科麓湾国际社区停车场,交通设施服务;停车场;专用停车场,109.04678514326628,34.23612901153976,灞桥区,109.051842,34.234811
BV11055905,西安建筑工程学院西门(公交站),交通设施服务;公交车站;公交车站相关,109.04163182152928,34.25670880773752,灞桥区,109.046673,34.255387
B0FFGG76S6,灞业大境西区地下停车场(出入口),交通设施服务;停车场;停车场出入口,109.02531235720328,34.266436002509266,灞桥区,109.030293,34.265076
B0FFH6MTH6,香醍国际二期停车场(出入口),交通设施服务;停车场;停车场出入口,109.03532587571551,34.2643002071862,灞桥区,109.040345,34.262966
B0H01SN2SJ,西安中升之宝宝马4S店停车场,交通设施服务;停车场;公共停车场,109.04483128542851,34.263461767071526,灞桥区,109.049884,34.26215
B0FFGIGPIO,大华锦绣停车场,交通设施服务;停车场;公共停车场,109.06130680472894,34.27496095992832,灞桥区,109.06641,34.273686
B0HAV7A1K8,西安纺织城商业大厦停车场,交通设施服务;停车场;公共停车场,109.0591973269947,34.26471967106978,灞桥区,109.064294,34.263437
B0IKV7HU1E,西安众欣停车场,交通设施服务;停车场;停车场相关,109.04124193749428,34.259578591676046,灞桥区,109.046282,34.258257
B0H6GSXFO1,华夏世纪广场地下停车场,交通设施服务;停车场;公共停车场,109.05210295979136,34.274844705662126,灞桥区,109.05718,34.273553
B0HBN7YBSM,新东方城市商业公园停车场,交通设施服务;停车场;公共停车场,109.05946093863828,34.26092773835543,灞桥区,109.064558,34.259644
B0FFIWPZYY,京东乐居场站,交通设施服务;交通服务相关;交通服务相关,109.03020272928474,34.24748615447325,雁塔区,109.035201,34.246132
BV11137098,韩森东路浐河桥西(公交站),交通设施服务;公交车站;公交车站相关,109.0378240286659,34.26061343364156,灞桥区,109.042852,34.259284
B0H0XR6ITF,穆将王小区停车场,交通设施服务;停车场;公共停车场,109.0532181103086,34.24552416963695,灞桥区,109.058296,34.244223
B0HKADLV2Q,广厦·水岸东方二期北停车场,交通设施服务;停车场;公共停车场,109.04037138330844,34.266764779849346,灞桥区,109.045409,34.265444
B0FFGAGLPG,水岸东方三期1号停车场(出入口),交通设施服务;停车场;停车场出入口,109.04099757036757,34.26218813040701,灞桥区,109.046037,34.260867
B0FFGG1POM,纺厦兴苑停车场,交通设施服务;停车场;专用停车场,109.05965711349596,34.26433304141041,灞桥区,109.064755,34.263051
BV11497977,纺东街纺五路口(公交站),交通设施服务;公交车站;公交车站相关,109.06310931048375,34.26169447744046,灞桥区,109.068216,34.260417
BV11247230,浐河西路咸宁路口(公交站),交通设施服务;公交车站;公交车站相关,109.04206773141956,34.25174272938751,雁塔区,109.04711,34.25042
B0H01DPSPI,半坡国际艺术区地下停车场(入口),交通设施服务;停车场;停车场入口,109.05338024737216,34.273088917369506,灞桥区,109.058461,34.271799
BV11264946,半坡立交南(公交站),交通设施服务;公交车站;公交车站相关,109.0422425539701,34.27006102300781,灞桥区,109.047287,34.268746
B0FFF652Y7,东方雅居停车场,交通设施服务;停车场;公共停车场,109.05536957214116,34.27083405195997,灞桥区,109.060456,34.269547
B0J2BRQMYN,中建·锦绣天地南区内部地下停车场,交通设施服务;停车场;专用停车场,109.04367722209896,34.23980057774492,雁塔区,109.048724,34.238477
B0KGKSYR3P,地面停车场,交通设施服务;停车场;公共停车场,109.06810685532751,34.266782173611915,灞桥区,109.073226,34.265514
B0HRASMDMS,田家湾三沐停车场,交通设施服务;停车场;公共停车场,109.03112207708476,34.24876621934274,雁塔区,109.036124,34.247415
BV11493777,纺新街(公交站),交通设施服务;公交车站;公交车站相关,109.0628567698066,34.27533932373652,灞桥区,109.067964,34.274067
BV11121106,韩森东路半坡路口(公交站),交通设施服务;公交车站;公交车站相关,109.04715361267054,34.2631727556125,灞桥区,109.052214,34.261866
B0FFHS7B6G,五湖名邸西区内部地下停车场,交通设施服务;停车场;专用停车场,109.03476581979685,34.230802509524494,雁塔区,109.03978,34.229454
B0G23ZCGH3,纺织城派出所-门前停车场,交通设施服务;停车场;停车场相关,109.05871328432713,34.268958790908414,灞桥区,109.063809,34.267677
B0H2YCX4Z2,蓝天小区停车场,交通设施服务;停车场;公共停车场,109.031706673385,34.274123558825,灞桥区,109.036713,34.272784
B0FFHRUPWC,灞业大境西区停车场,交通设施服务;停车场;专用停车场,109.02527956541417,34.265529459652946,灞桥区,109.03026,34.264169
B0H0T5RP6A,大益膳房晶海纺织城店停车场,交通设施服务;停车场;公共停车场,109.06642930044175,34.271924396764966,灞桥区,109.071545,34.270656
BV11482509,浐河东路(便民站)(公交站),交通设施服务;公交车站;公交车站相关,109.03762337856632,34.27670938154151,灞桥区,109.042652,34.275386
B0L2BCLAMM,全季西安半坡地铁站酒店专用停车场,交通设施服务;停车场;专用停车场,109.05066229019816,34.27618005901196,灞桥区,109.055735,34.274886
B0FFGFZU9L,海棠华府停车场,交通设施服务;停车场;专用停车场,109.06809715004312,34.27516775450985,灞桥区,109.073217,34.273903
BV11493778,纺建路东段(公交站),交通设施服务;公交车站;公交车站相关,109.06469110794062,34.27626813269288,灞桥区,109.069803,34.274999
B0J0KZUQFE,地铁6号线田家湾站停车场,交通设施服务;停车场;公共停车场,109.03216076082782,34.25278992498485,雁塔区,109.037167,34.251443
B0FFLKL8VQ,西安添添好停车场,交通设施服务;停车场;停车场相关,109.0402861489316,34.24967774252227,雁塔区,109.045322,34.24835
BV11326906,纺正街纺七路口(公交站),交通设施服务;公交车站;公交车站相关,109.05899740314288,34.258578466696456,灞桥区,109.064093,34.257293
B0FFHSFQDY,上水苑停车场,交通设施服务;停车场;公共停车场,109.03341409874584,34.27516967117033,灞桥区,109.038427,34.273835
B0FFHRS4GE,张家坡村停车场,交通设施服务;停车场;公共停车场,109.02576956105834,34.254332550625385,灞桥区,109.030751,34.252969
B0FFLB7GZ5,明林庭苑停车场(出入口),交通设施服务;停车场;停车场出入口,109.04302487102052,34.26988927916606,灞桥区,109.048072,34.268576
B0K2FZMYOF,龙湖香醍蓝湾内部地下停车场,交通设施服务;停车场;专用停车场,109.03391327385856,34.26283540456772,灞桥区,109.038927,34.261497
B0FFHRUOZK,长乐府停车场,交通设施服务;停车场;公共停车场,109.02741572316636,34.26972187505277,灞桥区,109.032405,34.268369
BV09089072,浐河西路咏尚路口(公交站),交通设施服务;公交车站;公交车站相关,109.04478370174844,34.23718205158405,雁塔区,109.049834,34.23586
B0LUMCEFP8,川仁和礼宴中心-门前停车场,交通设施服务;停车场;公共停车场,109.05140015250224,34.25122058090604,灞桥区,109.056473,34.249918
BV11258878,浐河东路咸宁路口南(公交站),交通设施服务;公交车站;公交车站相关,109.04540197004307,34.24487476285202,灞桥区,109.050455,34.243557
BV09219884,浐河(便民站)(公交站),交通设施服务;公交车站;公交车站相关,109.0412645802636,34.27447850371629,灞桥区,109.046306,34.273163
B0MDOOXD24,西安市公安局灞桥分局纺织城派出所地上停车场,交通设施服务;停车场;专用停车场,109.05525707833078,34.26875910885073,灞桥区,109.060343,34.267471
BV11281247,浐河西路等驾坡路口(公交站),交通设施服务;公交车站;公交车站相关,109.04352714695167,34.234982722501755,雁塔区,109.048573,34.233657
B0FFGA70WJ,上水苑小区南广场停车场(出入口),交通设施服务;停车场;停车场出入口,109.03281835618246,34.2751132405529,灞桥区,109.037829,34.273777
B0MUB64F2M,穆将王地铁口停车点,交通设施服务;停车场;公共停车场,109.05309685000232,34.25277360804151,灞桥区,109.058175,34.251475
B0HGJUJFAT,东辰濠景停车场,交通设施服务;停车场;公共停车场,109.05235110584732,34.2759757443412,灞桥区,109.057429,34.274685
B0FFGGDUUL,草北小区停车场(出入口),交通设施服务;停车场;停车场出入口,109.03141865338463,34.263843502722594,灞桥区,109.036423,34.262499
B0H0RABSMK,合能铂悦府内部地下停车场,交通设施服务;停车场;专用停车场,109.053991969353,34.26675731983839,灞桥区,109.059074,34.265466
B0HKX5S5DT,田九组停车场,交通设施服务;停车场;停车场相关,109.03992339823286,34.250095450740375,雁塔区,109.044958,34.248767
B0H1TZHWFA,长征米拉梭酒店纺织城店停车场(入口),交通设施服务;停车场;停车场入口,109.05509543297346,34.270106862582686,灞桥区,109.060181,34.268819
BV09159149,水岸东方(公交站),交通设施服务;公交车站;公交车站相关,109.0384197738292,34.27347576056249,灞桥区,109.043451,34.272153
BV11307814,东三环穆将王街口(公交站),交通设施服务;公交车站;公交车站相关,109.04971507382348,34.243525987084986,灞桥区,109.054782,34.242217
B0MBHGHHRU,西安市东城第一中学-地下停车场,交通设施服务;停车场;公共停车场,109.0576327034132,34.26406067130846,灞桥区,109.062725,34.262775
BV11137100,韩森东路浐河桥东(公交站),交通设施服务;公交车站;公交车站相关,109.0408769359456,34.262866145275176,灞桥区,109.045916,34.261545
B0FFH6OBDU,长荣路便民停车场,交通设施服务;停车场;公共停车场,109.02948286089668,34.26696439685647,灞桥区,109.03448,34.265616
BV11246420,穆将王立交北(公交站),交通设施服务;公交车站;公交车站相关,109.0460676091159,34.25823709585314,灞桥区,109.051124,34.256926
B0FFING0BI,珑月湾停车场,交通设施服务;停车场;专用停车场,109.05529959918547,34.27287634489371,灞桥区,109.060386,34.27159
B0HB6UKP44,新东方城市商业公园地下停车场,交通设施服务;停车场;公共停车场,109.05799893494694,34.26113119476264,灞桥区,109.063092,34.259845
B0H3J5340O,西安医学院第二附属医院·微医互联网医院停车场,交通设施服务;停车场;公共停车场,109.0639850292268,34.26266973968591,灞桥区,109.069094,34.261394
B0HKADK683,广厦·水岸东方二期北停车场(入口),交通设施服务;停车场;停车场入口,109.04060754980036,34.26676521619358,灞桥区,109.045646,34.265445
BV11307608,东三环等驾坡路口(公交站),交通设施服务;公交车站;公交车站相关,109.048515882543,34.23199282156987,灞桥区,109.053578,34.230677
B0LK4HWB5V,五星馨苑地下停车场(出入口),交通设施服务;停车场;停车场出入口,109.04635694109568,34.26651514817338,灞桥区,109.051415,34.265208
B0FFGC3VE1,荣德棕榈湾停车场,交通设施服务;停车场;专用停车场,109.02802103620915,34.27328876370777,灞桥区,109.033013,34.271939
B0H0MDJ8KY,工人文化宫停车场,交通设施服务;停车场;公共停车场,109.05917753590832,34.262926425099174,灞桥区,109.064274,34.261643
BV11677596,灞业大境(公交站),交通设施服务;公交车站;公交车站相关,109.0256997707252,34.26689874131923,灞桥区,109.030682,34.26554
BV11307607,东三环云溪巷口(公交站),交通设施服务;公交车站;公交车站相关,109.04884609834492,34.24044997088929,灞桥区,109.05391,34.239138
B0IR2Z4QUL,花语城西侧停车场,交通设施服务;停车场;停车场相关,109.05144698642408,34.251472388715726,灞桥区,109.05652,34.25017
B0FFHU9JSF,五湖名邸西区内部地下停车场(出入口),交通设施服务;停车场;停车场出入口,109.03574423636864,34.2302512285732,雁塔区,109.040762,34.228905
BV09454562,纺东街纺四路口(公交站),交通设施服务;公交车站;公交车站相关,109.06265607841117,34.26613240513591,灞桥区,109.067762,34.264856
BV10850300,香王(地铁站),交通设施服务;地铁站;地铁站,109.09191994721388,34.27657164489988,灞桥区,109.097079,34.275327
BV10070934,空工院(公交站),交通设施服务;公交车站;公交车站相关,109.13651124143482,34.235949479448095,灞桥区,109.141662,34.234661
BV11566958,燎原驿(公交站),交通设施服务;公交车站;公交车站相关,109.139089782247,34.25039168294688,灞桥区,109.144239,34.249105
B0H2H5JJNS,霸陵墓园停车场,交通设施服务;停车场;公共停车场,109.11855360707058,34.25671430762158,灞桥区,109.123719,34.255454
B0H2H5IQCJ,霸陵墓园新区停车场(出入口),交通设施服务;停车场;停车场出入口,109.11657100477416,34.256752733738274,灞桥区,109.121737,34.255494
BV11399932,刘村(公交站),交通设施服务;公交车站;公交车站相关,109.09068466542467,34.271438149882165,灞桥区,109.095842,34.270191
BV11399930,机瓦厂(公交站),交通设施服务;公交车站;公交车站相关,109.096479514715,34.27033437646523,灞桥区,109.101642,34.269088
BX09908435,香王地铁站C口,交通设施服务;地铁站;出入口,109.0922956030657,34.27627566374615,灞桥区,109.097455,34.275031
B0JGP7JOJH,灞桥驿停车场,交通设施服务;停车场;公共停车场,109.10943811401816,34.27109461626065,灞桥区,109.114606,34.269846
BV10070924,何家街(公交站),交通设施服务;公交车站;公交车站相关,109.08651844354486,34.27278440708602,灞桥区,109.091671,34.271536
BV11174559,灞柳二路纺园五路口(公交站),交通设施服务;公交车站;公交车站相关,109.11765887062596,34.27324992460844,灞桥区,109.122826,34.271997
B0FFING0A4,富力白鹭湾停车场,交通设施服务;停车场;专用停车场,109.1176429023276,34.27283108439112,灞桥区,109.12281,34.271578
B0FFFVAGKQ,汉陵墓园停车场,交通设施服务;停车场;公共停车场,109.13019353256898,34.24499679551136,灞桥区,109.135351,34.24372
B0FFGFPFU7,地上停车场(灞柳一路),交通设施服务;停车场;公共停车场,109.1127088323629,34.27422407871511,灞桥区,109.117877,34.272975
BV11399934,五十六中(公交站),交通设施服务;公交车站;公交车站相关,109.10796970636372,34.26630591987404,灞桥区,109.113137,34.265056
BX09908434,香王地铁站D口,交通设施服务;地铁站;出入口,109.09243044787726,34.276553512542534,灞桥区,109.09759,34.275309
BV11454337,洪庆新苑(公交站),交通设施服务;公交车站;公交车站相关,109.1284848753267,34.271390319144274,灞桥区,109.133646,34.270126
B0J1VA4OD5,西侯社区洪庆新苑内部地下停车场,交通设施服务;停车场;专用停车场,109.12622220458046,34.27196053406829,灞桥区,109.131385,34.270699
BV11174562,纺织工业园公交调度站(公交站),交通设施服务;公交车站;公交车站相关,109.12478477658216,34.26627931440108,灞桥区,109.129948,34.265017
BV11399933,莫灵庙(公交站),交通设施服务;公交车站;公交车站相关,109.101848416015,34.26844833151639,灞桥区,109.107014,34.267201
BV11174560,灞柳二路纺园六路口(公交站),交通设施服务;公交车站;公交车站相关,109.12254335478548,34.2679993653024,灞桥区,109.127708,34.26674
BV11399935,东李(公交站),交通设施服务;公交车站;公交车站相关,109.13880957730464,34.23765612315719,灞桥区,109.143958,34.236365
BV10656256,毛窑院(公交站),交通设施服务;公交车站;公交车站相关,109.1137010063171,34.261920690692804,灞桥区,109.118868,34.260666
BV10348623,毛西(公交站),交通设施服务;公交车站;公交车站相关,109.1258585872928,34.25335158998425,灞桥区,109.13102,34.252083
B0L3O7YHKH,大阿弥陀寺地面停车场,交通设施服务;停车场;公共停车场,109.10520352331322,34.26405885301699,灞桥区,109.11037,34.262809
BX09908436,香王地铁站B口,交通设施服务;地铁站;出入口,109.09157829424204,34.276526763678305,灞桥区,109.096737,34.275282
BV11296329,灞柳一路纺园五路口(公交站),交通设施服务;公交车站;公交车站相关,109.11415610048074,34.27299049656601,灞桥区,109.119324,34.27174
B0J1VA4OD4,西侯社区洪庆新苑内部地下停车场(出入口),交通设施服务;停车场;停车场出入口,109.12601007014622,34.27187833713979,灞桥区,109.131173,34.270617
B0G3AK79PM,灞桥生态湿地公园停车场,交通设施服务;停车场;公共停车场,109.12485108002964,34.26327059497297,灞桥区,109.130014,34.262007
BV11174557,灞柳二路纺园四路口(公交站),交通设施服务;公交车站;公交车站相关,109.11427175360768,34.27715584904097,灞桥区,109.11944,34.275907
B001D09T2A,灞桥服务区停车场,交通设施服务;停车场;公共停车场,109.11390568634152,34.26588522987084,灞桥区,109.119073,34.264632
BV11399936,汉陵墓园(公交站),交通设施服务;公交车站;公交车站相关,109.13207106383064,34.245935774519715,灞桥区,109.137227,34.244657
BV11296331,灞柳一路纺园四路口(公交站),交通设施服务;公交车站;公交车站相关,109.11004255404868,34.27703745446096,灞桥区,109.115211,34.275791
B0J2THP1SS,富力·白鹭湾南区内部地下停车场,交通设施服务;停车场;专用停车场,109.11857838466902,34.27081066788192,灞桥区,109.123745,34.269556
B0IKGH5R7R,西安白鹿原益恒环境能源有限公司内部地面停车场,交通设施服务;停车场;专用停车场,109.0893262288873,34.247676088654885,灞桥区,109.09448,34.246419
BV11330834,灞柳一路南段(公交站),交通设施服务;公交车站;公交车站相关,109.11815943557475,34.26860422604408,灞桥区,109.123326,34.267349
B0IAM7N3T4,霸陵墓园地面停车场,交通设施服务;停车场;公共停车场,109.11727111359778,34.25769589529472,灞桥区,109.122437,34.256437
BV11560344,燎原(公交站),交通设施服务;公交车站;公交车站相关,109.14201686141902,34.2543145438167,灞桥区,109.147163,34.253025
BV11399931,霸陵墓园(公交站),交通设施服务;公交车站;公交车站相关,109.1184894048626,34.25877644014304,灞桥区,109.123655,34.257517
BV11632076,西李(公交站),交通设施服务;公交车站;公交车站相关,109.13472484413909,34.242650506725894,灞桥区,109.139878,34.241367
B0MUD6FXY8,停车场,交通设施服务;停车场;停车场相关,109.09178410990737,34.27626181275384,灞桥区,109.096943,34.275017
B0IAM7MHJQ,霸陵墓园新区地面停车场(出入口),交通设施服务;停车场;停车场出入口,109.11727111359778,34.25769589529472,灞桥区,109.122437,34.256437
B0LKU6VRZG,纺织城小学(富力分校)-停车场,交通设施服务;停车场;公共停车场,109.11487025840144,34.27250517492578,灞桥区,109.120038,34.271254
B001D0VTST,灞桥服务区停车场,交通设施服务;停车场;公共停车场,109.1263104596407,34.25826415002071,灞桥区,109.131472,34.256997
B0L3O7YHKG,大阿弥陀寺地面停车场(出入口),交通设施服务;停车场;停车场出入口,109.10520352331322,34.26405885301699,灞桥区,109.11037,34.262809
B0J2TH287S,富力·白鹭湾南区内部地下停车场(入口),交通设施服务;停车场;停车场入口,109.11857838466902,34.27081066788192,灞桥区,109.123745,34.269556
B0K6TUPM07,登顶计划.小树林地面停车场,交通设施服务;停车场;公共停车场,109.1127512763333,34.24627422317215,灞桥区,109.117917,34.245014
B0MD46IBMW,陕西尧柏恒基混凝土有限公司停车场,交通设施服务;停车场;专用停车场,109.08552705591543,34.26924640119116,灞桥区,109.090678,34.267996
B0LKGB1F3O,盘龙药业停车场,交通设施服务;停车场;公共停车场,109.1236990502306,34.26724481116523,灞桥区,109.128863,34.265984
B0MASUFMZE,机瓦厂家属院停车场,交通设施服务;停车场;公共停车场,109.09526359800522,34.268822126435616,灞桥区,109.100425,34.267575
B0L2OLWAAW,西安市第六十三中停车场,交通设施服务;停车场;公共停车场,109.12930377057656,34.2684144973196,灞桥区,109.134464,34.267148
B0FFGFPASD,停车场(富力·白鹭湾南),交通设施服务;停车场;公共停车场,109.11732902417464,34.270362850494784,灞桥区,109.122496,34.269109
B0IKGH8TJD,西安白鹿原益恒环境能源有限公司内部地面停车场(出入口),交通设施服务;停车场;停车场出入口,109.0893262288873,34.247676088654885,灞桥区,109.09448,34.246419
B0J2TH6NP9,富力·白鹭湾南区内部地下停车场(入口),交通设施服务;停车场;停车场入口,109.11784227558095,34.269266701794635,灞桥区,109.123009,34.268012
B0L0AKB6BH,西安盈朗实业有限公司停车场,交通设施服务;停车场;公共停车场,109.12276032158849,34.26968389012874,灞桥区,109.127925,34.268425
B0MAR74P2H,三杨坡村村委会停车场,交通设施服务;停车场;公共停车场,109.12348012992676,34.253461076034924,灞桥区,109.128643,34.252195
B0J0HSQ1D2,地面停车场,交通设施服务;停车场;公共停车场,109.12247247767192,34.231790308250595,灞桥区,109.127634,34.230517
B0MGJ7D40A,西安众乐豆制品实业有限公司停车场,交通设施服务;停车场;公共停车场,109.12705229299272,34.26603786247167,灞桥区,109.132214,34.264773
B0MB2608HR,西安泵阀总厂有限公司(灞柳二路)停车场,交通设施服务;停车场;专用停车场,109.11645737546284,34.275076248670544,灞桥区,109.121625,34.273825
B0FFILXEI1,富力白鹭湾停车场(出入口),交通设施服务;停车场;停车场出入口,109.11827215074877,34.27229280966982,灞桥区,109.123439,34.271039
B0MUT4K7O6,灞柳二路东侧停车场,交通设施服务;停车场;路边停车场,109.1165974577413,34.27454357364765,灞桥区,109.121765,34.273292
B0MANAOTK9,毛西公路临时停车区,交通设施服务;停车场;公共停车场,109.10026118838154,34.26884298534251,灞桥区,109.105426,34.267596
B0MU57TXVC,宇通仓库停车场,交通设施服务;停车场;公共停车场,109.0855736381626,34.27332370432102,灞桥区,109.090725,34.272075
B0FFILIPAA,灞柳二路-道路停车位,交通设施服务;停车场;路边停车场,109.12133263917872,34.26933567761229,灞桥区,109.126498,34.268078
B0I045UYNS,地面停车场,交通设施服务;停车场;公共停车场,109.11576153379714,34.2370207115867,灞桥区,109.120926,34.235755
B0G3MCZR0P,灞桥生态湿地公园停车场,交通设施服务;停车场;停车场相关,109.11232878819688,34.27443676571798,灞桥区,109.117497,34.273188
B0MAVA5AS0,内部地面停车场,交通设施服务;停车场;专用停车场,109.08539891803804,34.27280801699634,灞桥区,109.09055,34.271559
B0MUSOFHS5,停车场,交通设施服务;停车场;停车场相关,109.11213501820782,34.26023640973157,灞桥区,109.117302,34.258982
B0MUSLE6O9,停车场,交通设施服务;停车场;停车场相关,109.08697471391118,34.24003606520109,灞桥区,109.092125,34.238775
B0L3RYNJAZ,西安财经大学行知学院东北侧停车场,交通设施服务;停车场;公共停车场,109.0940009215539,34.23152177786215,灞桥区,109.099158,34.23026
B0K6TUQGIV,登顶计划.小树林地面停车场(出入口),交通设施服务;停车场;停车场出入口,109.1127512763333,34.24627422317215,灞桥区,109.117917,34.245014
B0MRK620VN,停车场,交通设施服务;停车场;停车场相关,109.1203088155558,34.27353003172864,灞桥区,109.125475,34.272275
B0J2THSOSA,富力·白鹭湾南区内部地下停车场(出口),交通设施服务;停车场;停车场出口,109.12071030593036,34.26990687676426,灞桥区,109.125876,34.26865
B0MUAL3Q3P,停车场,交通设施服务;停车场;停车场相关,109.08627632254546,34.23183948378462,灞桥区,109.091425,34.230575
B0FFILIRLC,富力白鹭湾停车场(出入口),交通设施服务;停车场;停车场出入口,109.1177389343482,34.27280317184042,灞桥区,109.122906,34.27155
B0MG7XJ5F0,陕西红旗海丰混凝土有限公司地上停车场,交通设施服务;停车场;公共停车场,109.130315260821,34.27219117301325,灞桥区,109.135475,34.270925
B0MDBXJ4LG,西安蓝田源德邦钢化玻璃厂停车场,交通设施服务;停车场;公共停车场,109.14387160071398,34.24918442145552,灞桥区,109.149015,34.24789
B0MDF1AFYG,路侧停车场,交通设施服务;停车场;路边停车场,109.13657430614262,34.23596356239254,灞桥区,109.141725,34.234675
B0FFFAHTPO,灞柳二路-道路停车位,交通设施服务;停车场;路边停车场,109.11919653502623,34.271648840901136,灞桥区,109.124363,34.270394
B0MU9C04R3,停车场,交通设施服务;停车场;停车场相关,109.14067709069658,34.25631172584872,灞桥区,109.145825,34.255025
B0J3CZBD15,西侯社区洪庆新苑内部地下停车场(出入口),交通设施服务;停车场;停车场出入口,109.12769825471608,34.271784252015586,灞桥区,109.13286,34.270521
B0J0HSVBEJ,地面停车场(出入口),交通设施服务;停车场;停车场出入口,109.12256151865878,34.23185037207487,灞桥区,109.127723,34.230577
B0I045UJ9N,地面停车场(出入口),交通设施服务;停车场;停车场出入口,109.11576153379714,34.2370207115867,灞桥区,109.120926,34.235755
B0MAVA5IE4,内部地面停车场(出入口),交通设施服务;停车场;停车场出入口,109.08564254770594,34.273303673342355,灞桥区,109.090794,34.272055
BV10073369,皂河(地铁站),交通设施服务;地铁站;地铁站,108.84779897963676,34.28594188564115,未央区,108.85242,34.284382
BV10069587,枣园(地铁站),交通设施服务;地铁站;地铁站,108.8579946452918,34.28077376502559,莲湖区,108.862601,34.279195
BV09247301,白家口(地铁站),交通设施服务;地铁站;地铁站,108.88678915973642,34.283377802207525,莲湖区,108.891374,34.281768
BV09247293,光化门(地铁站),交通设施服务;地铁站;地铁站,108.89787136281235,34.28803219713333,莲湖区,108.902458,34.28642
BV10071135,梨园路和生国际(公交站),交通设施服务;公交车站;公交车站相关,108.8936891258304,34.294296438752646,未央区,108.898275,34.292688
B0FFG27Q4L,北徐十字,交通设施服务;交通服务相关;交通服务相关,108.85986748895333,34.324009370390606,未央区,108.864475,34.322447
BV10070534,小白杨(公交站),交通设施服务;公交车站;公交车站相关,108.90161543961388,34.28821442720949,莲湖区,108.906204,34.286602
BX10014161,皂河地铁站A西北口,交通设施服务;地铁站;出入口,108.84774687069202,34.28631563634517,未央区,108.852368,34.284756
B001D10ZUY,汉城湖旅游风景区崇威桥次入口停车场,交通设施服务;停车场;公共停车场,108.90345635591687,34.2990666390522,未央区,108.908047,34.297459
BV10070533,白家口(公交站),交通设施服务;公交车站;公交车站相关,108.8944724519572,34.28813435280772,莲湖区,108.899058,34.286523
B0HAFRX85E,太奥广场地下停车场,交通设施服务;停车场;公共停车场,108.8917411885296,34.284597865321466,莲湖区,108.896326,34.282986
BV11241353,皂河地铁站(公交站),交通设施服务;公交车站;公交车站相关,108.8480403674286,34.285651426084954,未央区,108.852661,34.284091
BX10014162,皂河地铁站C东南口,交通设施服务;地铁站;出入口,108.8479853032778,34.285417430589874,未央区,108.852606,34.283857
BV10070803,大兴西路社区(公交站),交通设施服务;公交车站;公交车站相关,108.880804063906,34.28812638567381,莲湖区,108.885391,34.286523
BX09913767,白家口地铁站E口,交通设施服务;地铁站;出入口,108.88720609198532,34.284929399638266,莲湖区,108.891791,34.28332
BX09908545,枣园地铁站C东南口,交通设施服务;地铁站;出入口,108.85791862272502,34.27985503374691,莲湖区,108.862525,34.278276
B0HKG5DHC8,汉长安城未央宫国家考古遗址公园P7停车场,交通设施服务;停车场;公共停车场,108.87105183644,34.30135070827337,未央区,108.875646,34.299763
BX09913765,白家口地铁站A口,交通设施服务;地铁站;出入口,108.8863830241069,34.284279165675,莲湖区,108.890968,34.28267
BX09913661,光化门地铁站A口,交通设施服务;地铁站;出入口,108.89702565927436,34.288437870059134,莲湖区,108.901612,34.286826
BV10070802,自来水五厂(公交站),交通设施服务;公交车站;公交车站相关,108.874689659539,34.28813054347999,莲湖区,108.87928,34.286533
BV10069738,火烧壁(公交站),交通设施服务;公交车站;公交车站相关,108.9033837585207,34.28224589678541,莲湖区,108.907973,34.280631
B0FFH1EDXU,汉城湖旅游风景区安门主入口停车场,交通设施服务;停车场;公共停车场,108.88173914148612,34.29185055860067,未央区,108.886326,34.290248
BX09913660,光化门地铁站D口,交通设施服务;地铁站;出入口,108.89816217409448,34.28886588544045,莲湖区,108.902749,34.287254
BV11142569,西二环大兴路口(公交站),交通设施服务;公交车站;公交车站相关,108.88555856399468,34.28810999630876,莲湖区,108.890144,34.286503
BV11643253,北宫门(公交站),交通设施服务;公交车站;公交车站相关,108.86124580630631,34.31566028232606,未央区,108.865851,34.314092
BV11024281,崇智路南口(公交站),交通设施服务;公交车站;公交车站相关,108.85044101237824,34.28459197057328,莲湖区,108.855058,34.283027
BV10069737,丰禾家园(公交站),交通设施服务;公交车站;公交车站相关,108.89775288491936,34.28213068457627,莲湖区,108.902339,34.280516
B0KUBRXI51,米禾农场P2停车场,交通设施服务;停车场;公共停车场,108.88679466140948,34.30205271066806,未央区,108.891381,34.300451
B0G0TRF3PK,和生国际地面停车场,交通设施服务;停车场;公共停车场,108.89442093637516,34.29470649791088,未央区,108.899007,34.293098
B0KUB7VKLJ,米禾农场P1停车场,交通设施服务;停车场;公共停车场,108.88266136964724,34.3056042356774,未央区,108.887249,34.304007
BX09908547,枣园地铁站D东北口,交通设施服务;地铁站;出入口,108.8587396122466,34.28039905823462,莲湖区,108.863345,34.278819
BV10892251,汉都故里(公交站),交通设施服务;公交车站;公交车站相关,108.86720401637275,34.28077982634178,莲湖区,108.8718,34.279188
BV11299618,大兴西路汉城遗址(公交站),交通设施服务;公交车站;公交车站相关,108.86283973982644,34.289500205749555,莲湖区,108.867441,34.287918
BV11123913,杏园路公交调度站(公交站),交通设施服务;公交车站;公交车站相关,108.89298014876226,34.283117981655735,莲湖区,108.897565,34.281505
BX09913766,白家口地铁站C口,交通设施服务;地铁站;出入口,108.88722032823031,34.28200764412048,莲湖区,108.891805,34.280397
BV10948056,西二环丰禾路口(公交站),交通设施服务;公交车站;公交车站相关,108.88737116949376,34.284214801845735,莲湖区,108.891956,34.282605
BX09913662,光化门地铁站B口,交通设施服务;地铁站;出入口,108.89731561630674,34.28762027610468,莲湖区,108.901902,34.286008
B0IKRUPCAJ,汉长安城未央宫国家考古遗址公园P6停车场,交通设施服务;停车场;公共停车场,108.86064014375977,34.315001698984865,未央区,108.865246,34.313434
B0H0K7TDAI,金汇冷鲜停车场,交通设施服务;停车场;公共停车场,108.8869065501759,34.29118253983626,莲湖区,108.891492,34.289576
B0H6DUA5UG,西安丰禾万达广场地下停车场,交通设施服务;停车场;公共停车场,108.89488481593916,34.28233693983123,莲湖区,108.89947,34.280723
BV10070801,邓家村(公交站),交通设施服务;公交车站;公交车站相关,108.86807227215544,34.28794190254846,莲湖区,108.872668,34.286352
BV10070009,李下壕村(公交站),交通设施服务;公交车站;公交车站相关,108.88844753317288,34.29337849003534,莲湖区,108.893033,34.291772
BV10071134,梨园路御园小区(公交站),交通设施服务;公交车站;公交车站相关,108.90192775364812,34.29435377421734,未央区,108.906517,34.292744
BV11036456,阁老门(公交站),交通设施服务;公交车站;公交车站相关,108.90418150104964,34.303141763858946,未央区,108.908773,34.301536
B0H06UG5I0,方欣海鲜停车场,交通设施服务;停车场;公共停车场,108.88830988861964,34.28883137596937,莲湖区,108.892895,34.287223
BV10070964,民娄村(公交站),交通设施服务;公交车站;公交车站相关,108.84780804776668,34.32244359599311,未央区,108.852432,34.3209
B0LK3SYVMP,海德小镇停车场,交通设施服务;停车场;专用停车场,108.89521822287875,34.28862535995091,莲湖区,108.899804,34.287014
BV11166017,北二环桃园路口(公交站),交通设施服务;公交车站;公交车站相关,108.89787573814364,34.29578884280895,未央区,108.902463,34.29418
BV10631638,太奥广场(公交站),交通设施服务;公交车站;公交车站相关,108.89158434443942,34.282836544354446,莲湖区,108.896169,34.281224
BV11221379,桃园北路梨园路口(公交站),交通设施服务;公交车站;公交车站相关,108.89908732143314,34.294291661618615,未央区,108.903675,34.292682
B0FFHTS7FS,阳光台365营销中心停车场,交通设施服务;停车场;公共停车场,108.90171267281612,34.297019611399065,未央区,108.906302,34.295411
BX09908548,枣园地铁站B2西口,交通设施服务;地铁站;出入口,108.85719059865148,34.280996431263176,莲湖区,108.861798,34.279419
B0FFHT6TBF,鑫苑·大都汇地下停车场,交通设施服务;停车场;公共停车场,108.89613723622462,34.28505711867906,莲湖区,108.900723,34.283444
B0I3XH6IKO,万科金色悦城四期停车场,交通设施服务;停车场;专用停车场,108.8528991135842,34.28972586649524,莲湖区,108.857513,34.288159
B0H3TRNSNU,讲南充电站停车场,交通设施服务;停车场;公共停车场,108.88181178907377,34.3090340170257,未央区,108.8864,34.307439
B0JD45K8JL,车之家停车场洗车,交通设施服务;停车场;停车场相关,108.86748640371452,34.2793607855191,莲湖区,108.872082,34.277768
B0L0TLC0L3,陕西大秦之旅停车场,交通设施服务;停车场;公共停车场,108.88729856552654,34.30408611226952,未央区,108.891885,34.302485
BV11276753,枣园(公交站),交通设施服务;公交车站;公交车站相关,108.85829909146162,34.28001055098664,莲湖区,108.862905,34.278431
BV10070965,北徐(公交站),交通设施服务;公交车站;公交车站相关,108.860993867711,34.32363420869824,未央区,108.8656,34.32207
B0FFH21443,雷寨村便民停车场,交通设施服务;停车场;公共停车场,108.90523302462876,34.32379717091402,未央区,108.909827,34.322201
B0FFGFQB8A,苏福记汉城湖庄园停车场,交通设施服务;停车场;公共停车场,108.903600025532,34.301905371359936,未央区,108.908191,34.300299
B0IG2UAKDP,西兰旅社地面停车场,交通设施服务;停车场;公共停车场,108.85090678070036,34.283452236461535,莲湖区,108.855523,34.281886
B0LBSZSXVG,西安安门仓储物流停车场,交通设施服务;停车场;公共停车场,108.87942210916006,34.29219642878508,未央区,108.88401,34.290596
B0FFH68CMX,讲北地面停车场,交通设施服务;停车场;公共停车场,108.88400999209028,34.31548476419462,未央区,108.888598,34.313891
B0IBRZSNTH,地面停车场,交通设施服务;停车场;公共停车场,108.89673633225532,34.28134982024763,莲湖区,108.901322,34.279735
BV11389672,樊寨村(公交站),交通设施服务;公交车站;公交车站相关,108.90397563886523,34.31576207151556,未央区,108.908568,34.314162
B0H0N5U1UT,方欣·炭市街副食品市场停车场,交通设施服务;停车场;公共停车场,108.88826786017044,34.28914721685434,莲湖区,108.892853,34.287539
B0G1YDSQYR,西安蓝空四站汽车服务有限责任公司地面停车场,交通设施服务;停车场;公共停车场,108.89603260767772,34.28084387342776,莲湖区,108.900618,34.279229
BX10014160,皂河地铁站B西南口,交通设施服务;地铁站;出入口,108.84702380633996,34.285887564172455,未央区,108.851646,34.284329
B0KBOAGALU,方欣海鲜东1地面停车场,交通设施服务;停车场;公共停车场,108.88953800819516,34.287995391310616,莲湖区,108.894123,34.286386
B0LD65G3TN,富海停车场,交通设施服务;停车场;公共停车场,108.89927025147011,34.30651727407961,未央区,108.903859,34.304913
B0IRPD2KAH,阳光台365东区停车场,交通设施服务;停车场;专用停车场,108.9013090769931,34.29502048326431,未央区,108.905898,34.293411
BV10350091,施家寨(公交站),交通设施服务;公交车站;公交车站相关,108.87531209932348,34.325201529594004,未央区,108.879905,34.32362
BX09908546,枣园地铁站B1西出口,交通设施服务;地铁站;出入口,108.85766623014942,34.280738275118885,莲湖区,108.862273,34.27916
B0FFGFS3T3,西查停车场,交通设施服务;停车场;公共停车场,108.88978021736632,34.322762933890566,未央区,108.894368,34.321169
B0FFIIQX4A,雅逸新城北区智能车库,交通设施服务;停车场;停车场相关,108.8833776052006,34.280641615729,莲湖区,108.887963,34.279033
B0IB3ZB19L,利民停车场,交通设施服务;停车场;公共停车场,108.90085970087824,34.30294997843286,未央区,108.905449,34.301344
B0HK35NJD5,重信家居广场停车场,交通设施服务;停车场;公共停车场,108.84747963486618,34.284218065024874,未央区,108.852101,34.282658
BV11120931,雷寨村(公交站),交通设施服务;公交车站;公交车站相关,108.90357448702149,34.32126555849947,未央区,108.908167,34.319668
B0FFH6WKWU,汉城湖停车场,交通设施服务;停车场;公共停车场,108.90386087428884,34.30144255271086,未央区,108.908452,34.299836
B0LKML5QAC,方欣·海德小镇1号停车场,交通设施服务;停车场;专用停车场,108.88894895727957,34.28843089715146,莲湖区,108.893534,34.286822
B0H01UPMU6,停车场,交通设施服务;停车场;公共停车场,108.8894624078089,34.29546112501244,未央区,108.894048,34.293855
B0K1LSBTO3,米禾农场P1地面停车场(出入口),交通设施服务;停车场;停车场出入口,108.8823832796192,34.30552705251148,未央区,108.886971,34.30393
B0L2290SUB,车坛老王大兴汽车商城停车场,交通设施服务;停车场;公共停车场,108.8528728421574,34.29263756653513,莲湖区,108.857487,34.291072
B0HGYZXNH2,的士广场南侧停车场,交通设施服务;停车场;专用停车场,108.85067732910346,34.284928225672935,莲湖区,108.855294,34.283363
B0FFG3EW9X,大唐世家停车场,交通设施服务;停车场;公共停车场,108.88114623849025,34.28772484506812,莲湖区,108.885733,34.286121
B0H1T7JCHM,星仔停车场,交通设施服务;停车场;公共停车场,108.88773296835188,34.3245659782981,未央区,108.892321,34.322974
B0J2DHVU6T,琪昊地面停车场,交通设施服务;停车场;公共停车场,108.90535400135772,34.31044231916374,未央区,108.909947,34.30884
B0IK55W23S,地面停车场,交通设施服务;停车场;公共停车场,108.89737835587908,34.29056402389261,莲湖区,108.901965,34.288953
B0H0VZZC19,停车场,交通设施服务;停车场;公共停车场,108.89169040436312,34.294427618931216,未央区,108.896276,34.29282
B0FFGDDDQ2,枣园地铁C口停车场(爱菊佳园东北),交通设施服务;停车场;公共停车场,108.8576432679734,34.27990358984321,莲湖区,108.86225,34.278325
B0H3J76TF9,方欣国际食品城停车场,交通设施服务;停车场;公共停车场,108.88502639462828,34.28877934868809,莲湖区,108.889612,34.287173
B0LKDCNVID,全季西二环太奥广场酒店停车场,交通设施服务;停车场;公共停车场,108.8784599915668,34.28759752819585,莲湖区,108.883048,34.285996
B0H2O9DVP9,汉城街道查寨子便民停车场,交通设施服务;停车场;停车场相关,108.89874812796803,34.323553388543935,未央区,108.903338,34.321957
B0H2ZSAYKN,蔚蓝馨城地下停车场,交通设施服务;停车场;公共停车场,108.90176140322028,34.28755370964432,莲湖区,108.90635,34.285941
B0FFK0MTE8,大兴东路大兴九臻停车场,交通设施服务;停车场;停车场相关,108.89545926891994,34.28721203017516,莲湖区,108.900045,34.2856
B0FFH1H17J,西安骊山汽车制造有限公司停车场,交通设施服务;停车场;专用停车场,108.86062897324912,34.279679182077125,莲湖区,108.865232,34.278096
BV10892249,大兴国际汽配城(公交站),交通设施服务;公交车站;公交车站相关,108.85413365411284,34.291849960970936,莲湖区,108.858746,34.290282
B0FFGAQJ51,西安城管执法局中羽执法地面停车场,交通设施服务;停车场;公共停车场,108.8667966767313,34.28003760813271,莲湖区,108.871393,34.278446
B0FFLC0P1O,恒腾停车场,交通设施服务;停车场;公共停车场,108.84820168547633,34.32189952969805,未央区,108.852825,34.320355
B0J1XHRWX5,西安秦都传奇voco酒店停车场,交通设施服务;停车场;公共停车场,108.8931119433892,34.28541005841181,莲湖区,108.897697,34.283798
B0IA1SWL7P,馥桂园·铂峰停车场,交通设施服务;停车场;专用停车场,108.85585803539558,34.27875028531443,莲湖区,108.860467,34.277174
B0M6J6B731,汉长安城未央宫国家考古遗址公园-东侧地上停车场,交通设施服务;停车场;公共停车场,108.8630726485383,34.306300153199174,未央区,108.867675,34.304725
B0FFFO60CN,太奥国际内部停车场,交通设施服务;停车场;专用停车场,108.89137330715536,34.28352116391171,莲湖区,108.895958,34.281909
BV09361835,三民馨苑公交调度站(公交站),交通设施服务;公交车站;公交车站相关,108.86257775140564,34.28568946374935,莲湖区,108.867179,34.284106
B0KRFCRYTB,万科金色悦郡三期内部地下停车场,交通设施服务;停车场;专用停车场,108.85127788350565,34.28882257014735,莲湖区,108.855894,34.287258
B0LDXXGMJB,光化里商场停车场,交通设施服务;停车场;公共停车场,108.89867103909572,34.2877604301835,莲湖区,108.903258,34.286148
B0IAXU23A7,安翌停车场,交通设施服务;停车场;公共停车场,108.87903793467405,34.27955146467214,莲湖区,108.883625,34.277946
B0FFHMA2FA,恒大翡翠龙庭停车场,交通设施服务;停车场;专用停车场,108.87938871123798,34.28449469884868,莲湖区,108.883976,34.282891
B0MGMU9RXM,新西北钢材市场停车场,交通设施服务;停车场;公共停车场,108.8495899919423,34.2817667240724,未央区,108.854208,34.280202
B0FFHYDITP,汉城湖景区覆盎码头,交通设施服务;港口码头;港口码头,108.9028715949034,34.30112776744947,未央区,108.907462,34.299521
B0HK25XH8P,维也纳国际酒店(西安汉城湖店)地下停车场,交通设施服务;停车场;公共停车场,108.89341217868,34.29428734691068,未央区,108.897998,34.292679
B0IDP7T79I,汉长安城西安门广场地面停车场,交通设施服务;停车场;公共停车场,108.86307093532996,34.29028219568682,莲湖区,108.867672,34.2887
BV09287330,阿房四路(公交站),交通设施服务;公交车站;公交车站相关,108.84779912606518,34.28412865599226,未央区,108.85242,34.282568
B0MBT699CQ,西安展祥建筑工程有限公司南侧停车场,交通设施服务;停车场;公共停车场,108.9054000579617,34.309273841194084,未央区,108.909993,34.307671
BV11126112,枣园西路阿房路口(公交站),交通设施服务;公交车站;公交车站相关,108.8480403674286,34.285651426084954,未央区,108.852661,34.284091
B0FFGU5JIH,蔚蓝青城停车场,交通设施服务;停车场;公共停车场,108.8952752288698,34.28835549129727,莲湖区,108.899861,34.286744
B0HAFRX85G,太奥广场地下停车场(入口),交通设施服务;停车场;停车场入口,108.88923333731113,34.28381801240695,莲湖区,108.893818,34.282207
B0FFGI1V6S,停车场,交通设施服务;停车场;公共停车场,108.88735505255534,34.285648183554486,莲湖区,108.89194,34.284039
B0FFK09LK8,鑫苑大都汇住宅1期内部地下停车场,交通设施服务;停车场;专用停车场,108.89697593673208,34.28520823841975,莲湖区,108.901562,34.283595
B0IAZDTSX2,汉长安城天禄阁遗址停车点,交通设施服务;停车场;公共停车场,108.86080634081974,34.31500694062611,未央区,108.865412,34.313439
B0H0NSUO0F,西安国亨食品交易中心停车场,交通设施服务;停车场;公共停车场,108.87017800243544,34.29007359319778,莲湖区,108.874772,34.288482
B0FFLKRJJF,停车场,交通设施服务;停车场;停车场相关,108.90394196889362,34.2995273918236,未央区,108.908533,34.29792
B0HKDU14WZ,大兴九臻东区地下停车场,交通设施服务;停车场;公共停车场,108.89762160791936,34.28623792142862,莲湖区,108.902208,34.284625
B0I3XH5VL0,万科金色悦城四期停车场(出入口),交通设施服务;停车场;停车场出入口,108.85306033299,34.289803097511765,莲湖区,108.857674,34.288236
B0FFHU9I81,万科·金色悦城停车场,交通设施服务;停车场;专用停车场,108.85191091879769,34.28722330868878,莲湖区,108.856526,34.285657
B0IR6CP8SC,梨园宫剧院餐厅停车场,交通设施服务;停车场;公共停车场,108.8986279779768,34.28876399467256,莲湖区,108.903215,34.287152
B0FFF2VXCN,白家口桥下停车场,交通设施服务;停车场;公共停车场,108.89143592719152,34.288193202315185,莲湖区,108.896021,34.286583
B0FFK76KO3,西唐停车场,交通设施服务;停车场;公共停车场,108.89667875785013,34.31365562551211,未央区,108.901267,34.312055
BV09013839,枣园地铁站(公交站),交通设施服务;公交车站;公交车站相关,108.85884678010284,34.279971399903005,莲湖区,108.863452,34.278391
B0H0R7DEOY,比亚迪王朝网停车场,交通设施服务;停车场;公共停车场,108.85971576423756,34.28103525986615,莲湖区,108.86432,34.279454
B0H2TRR0DV,臻品宴会中心停车场,交通设施服务;停车场;公共停车场,108.89727567422057,34.28708849587155,莲湖区,108.901862,34.285476
B0FFHQBP6W,阳光台365小区停车场,交通设施服务;停车场;专用停车场,108.89877832360295,34.29606085349511,未央区,108.903366,34.294452
BV09252855,阿房路阿房三路口(公交站),交通设施服务;公交车站;公交车站相关,108.84923753916232,34.28091548190593,未央区,108.853856,34.279351
B0FFH9O26K,御园温泉小区停车场,交通设施服务;停车场;公共停车场,108.90366559786038,34.294198753148514,未央区,108.908256,34.292589
B0I1XLU2CX,御湖豪庭小区停车场,交通设施服务;停车场;专用停车场,108.88287862882294,34.29082890117395,未央区,108.887465,34.289225
B0H05HG3CA,西安千叶城市酒店大兴西路店南停车场,交通设施服务;停车场;公共停车场,108.88147633141224,34.288215908176646,莲湖区,108.886063,34.286612
B0H2JST451,太奥广场优选家居停车场,交通设施服务;停车场;公共停车场,108.89023233187136,34.283923469763785,莲湖区,108.894817,34.282312
B0MG17TVJN,博望路便民停车场,交通设施服务;停车场;公共停车场,108.88765248242098,34.28070544865901,莲湖区,108.892237,34.279094
B0H0O70JMN,七彩阳光城停车场,交通设施服务;停车场;公共停车场,108.85751900576622,34.28118585996554,莲湖区,108.862126,34.279608
B0FFHU9HYA,三民汉风苑西区停车场,交通设施服务;停车场;专用停车场,108.85164356250358,34.286907999098794,莲湖区,108.856259,34.285342
B0MBPX2U2D,一分田农场停车场,交通设施服务;停车场;公共停车场,108.88724855206132,34.31662539137385,未央区,108.891836,34.31503
B0KUBAXZHR,西安华威西院小区停车场,交通设施服务;停车场;公共停车场,108.87501001801188,34.2863766308657,莲湖区,108.8796,34.284778
B0FFHTNQP7,丰禾路-道路停车位,交通设施服务;停车场;路边停车场,108.89106836596416,34.28305722525386,莲湖区,108.895653,34.281445
B0IA6UEEU6,天朗·馨城停车场,交通设施服务;停车场;专用停车场,108.90373507445403,34.28764357486138,莲湖区,108.908325,34.286031
B0MBZACA4F,米禾农场地上停车场,交通设施服务;停车场;公共停车场,108.88326859679016,34.30523886481062,未央区,108.887856,34.303641
B0LAXDSO6R,重贤停车场(南出入口),交通设施服务;停车场;停车场出入口,108.86034009313244,34.28632894695398,莲湖区,108.864944,34.284749
B0G0TRH5S6,和生国际地下停车场,交通设施服务;停车场;公共停车场,108.89404796933437,34.29533210673852,未央区,108.898634,34.293724
BV11601269,北二环洛门路口(公交站),交通设施服务;公交车站;公交车站相关,108.88968531135076,34.29669269991332,未央区,108.894271,34.295087
B0MD97PTJ4,车刘逸境地上停车场,交通设施服务;停车场;公共停车场,108.84852988314212,34.28837610533047,未央区,108.85315,34.286816
B0L33RBN1W,La Maison Douce小甜室(华府御城西区店)-门前停车场,交通设施服务;停车场;公共停车场,108.89194770285096,34.277925757237654,莲湖区,108.896532,34.276311
B0FFHNR6TC,万科·金色悦城停车场,交通设施服务;停车场;专用停车场,108.8551904633964,34.28720265502133,莲湖区,108.859801,34.285631
B0FFH181TU,小白杨1号地面停车场,交通设施服务;停车场;公共停车场,108.89738007781946,34.294018528527914,未央区,108.901967,34.292409
B0FFGFQDJD,阁老门停车场,交通设施服务;停车场;公共停车场,108.90290344246968,34.30275604267593,未央区,108.907494,34.30115
B0FFHB4KZB,蔚蓝悦城东区停车场,交通设施服务;停车场;专用停车场,108.89751915581824,34.292373267766784,未央区,108.902106,34.290763
B0FFHTL3II,阁老门村停车场,交通设施服务;停车场;公共停车场,108.90354296310474,34.30318880541396,未央区,108.908134,34.301583
B0FFIIOSFN,树林子停车场,交通设施服务;停车场;停车场相关,108.90102045965185,34.30480515538028,未央区,108.90561,34.3032
B0FFGU5L0I,天朗·大兴郡青城停车场,交通设施服务;停车场;公共停车场,108.89542217702142,34.28848847405582,莲湖区,108.900008,34.286877
B0JKZ7QJCP,方欣海鲜南停车场,交通设施服务;停车场;公共停车场,108.88830486731464,34.289092261192565,莲湖区,108.89289,34.287484
BV09149619,枣园北路中段(公交站),交通设施服务;公交车站;公交车站相关,108.85938900727172,34.28547689311007,莲湖区,108.863994,34.283898
B0J6PHV2SS,西安公交巴士运营有限公司9路调度站,交通设施服务;交通服务相关;交通服务相关,108.86226910641705,34.2893544569106,莲湖区,108.866871,34.287773
B0H0774UEU,大众运动广场停车场,交通设施服务;停车场;公共停车场,108.88611587824175,34.28552446574025,莲湖区,108.890701,34.283916
BV09366287,崇威桥南(便民站)(公交站),交通设施服务;公交车站;公交车站相关,108.90417378754056,34.299649313319925,未央区,108.908765,34.298042
B0H2T7P24R,臻品宴会中心停车场,交通设施服务;停车场;停车场相关,108.89574814806991,34.28766191290089,莲湖区,108.900334,34.28605
B0L2L1PSUC,丰和坊1期地下停车场,交通设施服务;停车场;专用停车场,108.88995340104218,34.28311267666165,莲湖区,108.894538,34.281501
BV11432575,北徐南(公交站),交通设施服务;公交车站;公交车站相关,108.8606237364014,34.31981644984993,未央区,108.86523,34.318251
B0MATLXS0A,居然之家(太奥广场店)-地下停车场,交通设施服务;停车场;公共停车场,108.8922901086412,34.28483698860997,莲湖区,108.896875,34.283225
B0FFHU9I4A,万科·金色悦城停车场,交通设施服务;停车场;专用停车场,108.85746745240544,34.28724021447834,莲湖区,108.862075,34.285665
B0FFGFPU6H,太奥广场停车场(入口),交通设施服务;停车场;停车场入口,108.88927133784182,34.28382402969094,莲湖区,108.893856,34.282213
B0MBHGHH9E,苏福记(汉城湖店)停车场,交通设施服务;停车场;公共停车场,108.90418453799344,34.30265398065572,未央区,108.908776,34.301048
B0LKU5Y77X,桔子酒店西安光化门地铁站-停车场,交通设施服务;停车场;公共停车场,108.8986810408216,34.28768246482201,莲湖区,108.903268,34.28607
B0H3J6Z1IT,雅逸新城(二期)-智能立体车库,交通设施服务;停车场;停车场相关,108.8836146902299,34.28047186396361,莲湖区,108.8882,34.278863
B0FFHB30L3,杏园路-道路停车位,交通设施服务;停车场;路边停车场,108.89281206780186,34.28445135444811,莲湖区,108.897397,34.282839
B0HBO4JDJ0,万科金色悦郡三期内部地下停车场(出口),交通设施服务;停车场;停车场出口,108.85292326813828,34.28822754912958,莲湖区,108.857537,34.28666
B0KA7M5SD3,福程租车北郊停车场,交通设施服务;停车场;公共停车场,108.90375365953189,34.31751928275028,未央区,108.908346,34.31592
B0FFKZXD8G,九日旭停车场,交通设施服务;停车场;公共停车场,108.89031191332292,34.30157085782108,未央区,108.894898,34.299967
B0LGR5EGEX,米禾农场P3停车场,交通设施服务;停车场;公共停车场,108.88575553184216,34.301457310156,未央区,108.890342,34.299856
B0H0OR0XOM,太奥青年家地下停车场,交通设施服务;停车场;专用停车场,108.88896758243004,34.2806502077053,莲湖区,108.893552,34.279038
B0H06UHESO,方欣·海鲜市场02号停车场,交通设施服务;停车场;停车场出入口,108.8881048661204,34.288913225289846,莲湖区,108.89269,34.287305
B0KRFCT6D7,万科金色悦郡三期内部地下停车场(出入口),交通设施服务;停车场;停车场出入口,108.85188688237704,34.28725025729252,莲湖区,108.856502,34.285684
B0JGBU66EC,西安杏园北路正帆停车场,交通设施服务;停车场;停车场相关,108.89222261765148,34.29105729909998,莲湖区,108.896808,34.289448
B0FFHSYSB3,汉城湖旅游风景区崇威桥南次入口停车场,交通设施服务;停车场;公共停车场,108.9038609867658,34.30004217258852,未央区,108.908452,34.298435
B0JRA5R90E,网约地面停车场,交通设施服务;停车场;公共停车场,108.85022573067718,34.28418777870357,未央区,108.854843,34.282623
B0FFH5QOEO,天朗·大兴郡春城停车场,交通设施服务;停车场;专用停车场,108.9014774491224,34.289136031423034,莲湖区,108.906066,34.287524
B0JAC5QINA,冰欣冷库内部地面停车场,交通设施服务;停车场;专用停车场,108.86622766877863,34.285517546695885,莲湖区,108.870825,34.283929
B0FFG352NG,先锋大型地面停车场,交通设施服务;停车场;公共停车场,108.87880614445608,34.28793270490924,莲湖区,108.883394,34.286331
BV10613753,周家堡(公交站),交通设施服务;公交车站;公交车站相关,108.8667831058253,34.32427193218038,未央区,108.871383,34.3227
B0I1GD2SMN,东唐村便民停车场,交通设施服务;停车场;停车场相关,108.89788119611556,34.31495325715415,未央区,108.90247,34.313353
B001D1108S,西安市沣东新城恒腾停车场,交通设施服务;停车场;公共停车场,108.84815360925232,34.32194742448418,未央区,108.852777,34.320403
B0H1JCOXIA,雷寨侯哥便民停车场,交通设施服务;停车场;公共停车场,108.9032494325825,34.32479293002943,未央区,108.907842,34.323197
B0H0ORZATX,太奥青年家地下停车场(出入口),交通设施服务;停车场;停车场出入口,108.8889525849437,34.28061121607246,莲湖区,108.893537,34.278999
B0JUA5R5G1,白家口丽苑小区内部地下停车场,交通设施服务;停车场;专用停车场,108.89330878844194,34.28692148537714,莲湖区,108.897894,34.28531
B0JKZ7SUCL,方欣海鲜北地面停车场,交通设施服务;停车场;公共停车场,108.88849181727566,34.2898750287346,莲湖区,108.893077,34.288267
BV09297504,桃园北路梨园路口(君悦华府)(公交站),交通设施服务;公交车站;公交车站相关,108.8977230182313,34.29307599861031,未央区,108.90231,34.291466
B0KAYZXQPN,大众停车场,交通设施服务;停车场;公共停车场,108.90085663659492,34.303771612139364,未央区,108.905446,34.302166
B0IDLLMIAF,陕西大型物资专运有限公司停车场,交通设施服务;停车场;公共停车场,108.89423700717909,34.28188893193937,莲湖区,108.898822,34.280275
B0JBKRSAJA,大兴地矿大厦地下停车场,交通设施服务;停车场;公共停车场,108.87816182870183,34.2876452286682,莲湖区,108.88275,34.286044
B0J22SXBV7,中南青樾北区内部地下停车场,交通设施服务;停车场;专用停车场,108.8878627077346,34.290619352859885,莲湖区,108.892448,34.289012
B0FFHSSE3G,紫云溪停车场(杏园北路),交通设施服务;停车场;公共停车场,108.89227150768036,34.29235275863488,莲湖区,108.896857,34.290744
B0H0RHCX45,马自达陕西欣达店停车场,交通设施服务;停车场;公共停车场,108.89750982016972,34.29659842617978,未央区,108.902097,34.29499
B0KR41K60A,大榆树停车场,交通设施服务;停车场;公共停车场,108.90014492879794,34.305005025716426,未央区,108.904734,34.3034
B0FFGK1AU9,方欣酒店用品城停车场,交通设施服务;停车场;公共停车场,108.88830402714215,34.28710011376289,莲湖区,108.892889,34.285491
B0L0JDFF8G,汉城湖西1门停车场,交通设施服务;停车场;公共停车场,108.89102687669156,34.30164115877444,未央区,108.895613,34.300037
B0IAPCONBA,内部地下停车场,交通设施服务;停车场;专用停车场,108.8794348069412,34.28358112721006,莲湖区,108.884022,34.281977
B0J2DHYKQH,琪昊地面停车场(出入口),交通设施服务;停车场;停车场出入口,108.9047814765597,34.3101905200296,未央区,108.909374,34.308588
B0JRRURMLN,顺笛物流停车场,交通设施服务;停车场;公共停车场,108.85276324981103,34.322881751723706,未央区,108.85738,34.32133
B0JUDCE5QO,讲南充电站停车场(出入口),交通设施服务;停车场;停车场出入口,108.88188881149368,34.309116042162366,未央区,108.886477,34.307521
B0FFH8MWUH,雷寨停车场,交通设施服务;停车场;公共停车场,108.90403701132664,34.32300070268833,未央区,108.90863,34.321404
B0KRR5ZE8K,北徐停车场,交通设施服务;停车场;公共停车场,108.85858521338832,34.3202162151837,未央区,108.863194,34.318654
B0L3AOYVYD,大兴新区初级中学停车场,交通设施服务;停车场;公共停车场,108.89070454800002,34.2810339120931,莲湖区,108.895289,34.279421
B0KGVMIVBF,雷寨二怪便民停车场,交通设施服务;停车场;公共停车场,108.90110507763448,34.32138557883528,未央区,108.905696,34.319788
B0HALU6V6I,兴地广场南停车场,交通设施服务;停车场;公共停车场,108.89307085998908,34.28653356501287,莲湖区,108.897656,34.284922
B0FFHUAAW8,三民汉风苑西区停车场,交通设施服务;停车场;专用停车场,108.85251490957526,34.285553019312346,莲湖区,108.857129,34.283985
B0IRLSH8NI,崇智路停车场,交通设施服务;停车场;公共停车场,108.85327460650473,34.29011831228913,莲湖区,108.857888,34.288551
B0LKMU6HZJ,方欣·海鲜市场05号停车场,交通设施服务;停车场;公共停车场,108.88764166948486,34.29082113727706,莲湖区,108.892227,34.289214
B0HAFRX85F,太奥广场地下停车场(出入口),交通设施服务;停车场;停车场出入口,108.8921841150472,34.28491791181554,莲湖区,108.896769,34.283306
B0HALU7AL3,兴地广场北停车场,交通设施服务;停车场;公共停车场,108.89327774678264,34.28750822364519,莲湖区,108.897863,34.285897
B0LKTUW7UM,尚豪家园地上停车场,交通设施服务;停车场;公共停车场,108.88963945245628,34.294931446362966,未央区,108.894225,34.293325
B0L2DU9FRD,德方·青年公馆地下停车场,交通设施服务;停车场;公共停车场,108.89578457514588,34.29466090076652,未央区,108.900371,34.293052
B0LA9DWDXG,一六八停车场,交通设施服务;停车场;公共停车场,108.90084769003612,34.30316988009266,未央区,108.905437,34.301564
B0FFHUABJA,万科·金色悦府停车场(暂停营业),交通设施服务;停车场;专用停车场,108.85334384246929,34.28838516965312,莲湖区,108.857957,34.286817
B0IR1SSEOP,紫云溪停车场,交通设施服务;停车场;专用停车场,108.89073567150837,34.29193727731285,莲湖区,108.895321,34.290329
B0K0YDGY6D,旭仁辉停车场,交通设施服务;停车场;公共停车场,108.85151686069666,34.31816588596991,未央区,108.856135,34.316614
B0MG07I49C,樊寨村绿树停车场,交通设施服务;停车场;公共停车场,108.90362976286671,34.31734437478879,未央区,108.908222,34.315745
B0H07C5NX7,万国·远鉴名筑停车场,交通设施服务;停车场;公共停车场,108.85356455455522,34.283347673581275,莲湖区,108.858177,34.281777
B001D08UZ3,西安站,交通设施服务;火车站;火车站,108.95801644013936,34.28004467080054,新城区,108.962723,34.278498
BV10073374,龙首原(地铁站),交通设施服务;地铁站;地铁站,108.94257869639245,34.29375282863548,莲湖区,108.947238,34.29218
B0FFF658UR,西安站(南进站口),交通设施服务;火车站;进站口/检票口,108.95808433034394,34.27851615141109,新城区,108.962791,34.276969
B0HDJ5UQ1X,西安站(北进站口),交通设施服务;火车站;进站口/检票口,108.95810006017892,34.28115500889641,新城区,108.962807,34.279609
BV09048771,西安站(地铁站),交通设施服务;地铁站;地铁站,108.9615051338344,34.28026722794579,新城区,108.966224,34.278729
BV10073373,大明宫西(地铁站),交通设施服务;地铁站;地铁站,108.94260457625748,34.30665407900373,未央区,108.947265,34.305087
BV10073375,安远门(地铁站),交通设施服务;地铁站;地铁站,108.9425726056929,34.282762548170645,莲湖区,108.947231,34.281185
BV09426094,青少年中心(地铁站),交通设施服务;地铁站;地铁站,108.94268631444643,34.319373119928656,未央区,108.947348,34.317812
BV09247285,霸城门(地铁站),交通设施服务;地铁站;地铁站,108.92513455838184,34.31944716301545,未央区,108.929755,34.317861
BV09247280,大风阁(地铁站),交通设施服务;地铁站;地铁站,108.91854209770838,34.30388521074545,未央区,108.92315,34.302286
BV11286594,红庙坡(地铁站),交通设施服务;地铁站;地铁站,108.91763942272011,34.29190913749186,莲湖区,108.922245,34.290304
B001D06BQF,西安城北客运站,交通设施服务;长途汽车站;长途汽车站,108.9366388594957,34.31254536624787,未央区,108.941284,34.310971
BV09247295,景曜门(地铁站),交通设施服务;地铁站;地铁站,108.90864996487896,34.28646308935876,莲湖区,108.913244,34.284851
B0HRL51J6N,西安站北广场地下停车场,交通设施服务;停车场;公共停车场,108.95891019933572,34.281708868170625,新城区,108.96362,34.280165
BV09247284,市第三医院(地铁站),交通设施服务;地铁站;地铁站,108.95563135693872,34.319403776386835,未央区,108.960333,34.317869
B0HRU7HOG7,西安市第三医院住院部停车场,交通设施服务;停车场;公共停车场,108.95626293944537,34.322881718020184,未央区,108.960967,34.32135
B0HRU7IAV4,西北大学附属医院东停车场,交通设施服务;停车场;公共停车场,108.96024415837176,34.32261250225668,未央区,108.964962,34.32109
B0FFGBCNP3,西安站(南出站口),交通设施服务;火车站;出站口,108.9593648636958,34.27858709769912,新城区,108.964076,34.277043
BV10069631,北稍门(公交站),交通设施服务;公交车站;公交车站相关,108.94252139721402,34.28708680323816,莲湖区,108.94718,34.285511
B0FFFGUWJ3,汉城湖旅游风景区大风阁西停车场,交通设施服务;停车场;公共停车场,108.91381208509924,34.29945425051069,未央区,108.918413,34.29785
B0FFG8UXPH,大明宫国家遗址公园游客中心东停车场,交通设施服务;停车场;公共停车场,108.96476299747918,34.28351473835668,新城区,108.969494,34.281986
B0FFG7REWS,西安城北客运站停车场,交通设施服务;停车场;公共停车场,108.93651814054684,34.31278744216259,未央区,108.941163,34.311213
BV10069629,方新村(公交站),交通设施服务;公交车站;公交车站相关,108.94249158372033,34.29812607237729,未央区,108.947151,34.296555
B0KAFCM3JX,西安站(检票口),交通设施服务;火车站;进站口/检票口,108.95845087467742,34.280780342797165,新城区,108.963159,34.279235
B0GKO7A2PW,大明宫国家遗址公园游客中心停车场,交通设施服务;停车场;公共停车场,108.96323256229984,34.284212295682295,新城区,108.967958,34.28268
BV10069719,城北客运站(公交站),交通设施服务;公交车站;公交车站相关,108.93691522700148,34.3118222668822,未央区,108.941561,34.310248
BV10069628,公交六公司(公交站),交通设施服务;公交车站;公交车站相关,108.9436965158892,34.30650716860374,未央区,108.94836,34.304942
B0GKJ5ZG2T,老城根G park地下停车场,交通设施服务;停车场;公共停车场,108.91692193233052,34.286190094641576,莲湖区,108.921526,34.284582
B0LBF7U4PQ,西安火车站快速进站厅,交通设施服务;交通服务相关;交通服务相关,108.959387560981,34.28131390075997,新城区,108.964099,34.279771
B0HD0MWY6Y,西安站(北出站口),交通设施服务;火车站;出站口,108.95792067934796,34.281165424123785,新城区,108.962627,34.279619
BV11107329,丰禾路东口(公交站),交通设施服务;公交车站;公交车站相关,108.91985780992596,34.281863727115855,莲湖区,108.924466,34.280256
BV10069630,龙首村(公交站),交通设施服务;公交车站;公交车站相关,108.94230947564154,34.29337147413688,莲湖区,108.946968,34.291798
BV10324146,火车站东(公交站),交通设施服务;公交车站;公交车站相关,108.96397828910963,34.27864876755583,新城区,108.968706,34.277116
BV10070520,纸坊村(公交站),交通设施服务;公交车站;公交车站相关,108.92863956867085,34.28273547794055,莲湖区,108.933264,34.281137
B0GKVH4RK2,西安龙首印象城停车场,交通设施服务;停车场;公共停车场,108.94362269959731,34.2945196073879,未央区,108.948285,34.292949
B001D10WS8,大明宫国家遗址公园P2停车场,交通设施服务;停车场;公共停车场,108.95935874281346,34.30476079567922,未央区,108.964072,34.303228
BV10069632,北关(公交站),交通设施服务;公交车站;公交车站相关,108.94247881735836,34.28337045872944,莲湖区,108.947137,34.281793
B001D101Y1,大明宫国家遗址公园P1停车场,交通设施服务;停车场;公共停车场,108.95586178951206,34.304619993299355,未央区,108.960563,34.303079
B0FFHSM59E,大明宫国家遗址公园含耀门停车场,交通设施服务;停车场;公共停车场,108.96496881750087,34.28860604656201,新城区,108.969701,34.28708
BV11557290,火车站北(公交站),交通设施服务;公交车站;公交车站相关,108.95776120562844,34.281457673376124,新城区,108.962467,34.279911
BV10069671,红庙坡(公交站),交通设施服务;公交车站;公交车站相关,108.91446218013654,34.28785692743374,莲湖区,108.919063,34.286248
BX10014079,龙首原地铁站A西北口,交通设施服务;地铁站;出入口,108.94224560192592,34.29399631600972,莲湖区,108.946904,34.292423
BV10069652,方新村北(公交站),交通设施服务;公交车站;公交车站相关,108.94273157443344,34.30231479129407,未央区,108.947392,34.300746
BX10014104,大明宫西地铁站A西北口,交通设施服务;地铁站;出入口,108.94194340208132,34.30673721557625,未央区,108.946602,34.305169
BV10069627,雅荷花园(公交站),交通设施服务;公交车站;公交车站相关,108.94255093474368,34.31638674409974,未央区,108.947212,34.314824
BV10070535,大白杨(公交站),交通设施服务;公交车站;公交车站相关,108.90938111478506,34.287861252761424,莲湖区,108.913976,34.28625
B0GKVH4CS3,西安龙首印象城地下停车场,交通设施服务;停车场;公共停车场,108.94306017240798,34.295933013040255,未央区,108.947721,34.294362
B0H10UVRRX,西安城北客运站(进站口),交通设施服务;长途汽车站;进站,108.93697904805728,34.312054061701865,未央区,108.941625,34.31048
BV10069597,火车站西(公交站),交通设施服务;公交车站;公交车站相关,108.95454038194995,34.27803844638,新城区,108.959235,34.276483
BV10069823,南康新村(公交站),交通设施服务;公交车站;公交车站相关,108.9534828205586,34.315379419978804,未央区,108.958177,34.313838
BV10069625,市图书馆(公交站),交通设施服务;公交车站;公交车站相关,108.94250655661448,34.322557955905,未央区,108.947168,34.320998
BX10014081,龙首原地铁站D东北口,交通设施服务;地铁站;出入口,108.94296858227553,34.29405199860644,莲湖区,108.947629,34.29248
BV09428502,市青少年活动中心(公交站),交通设施服务;公交车站;公交车站相关,108.94437253850596,34.31937904015445,未央区,108.949039,34.317821
B0FFGG5DY3,汉城湖旅游风景区凤城二路次入口停车场,交通设施服务;停车场;公共停车场,108.91618926477578,34.319827601735966,未央区,108.920795,34.318234
B0FFF44MRF,南玉丰地面停车场,交通设施服务;停车场;公共停车场,108.90859316887187,34.321918267163774,未央区,108.91319,34.320322
B0GK4ZNNPP,盛龙广场地下停车场,交通设施服务;停车场;公共停车场,108.94023050890328,34.301099692416365,未央区,108.944884,34.299526
BX10014102,大明宫西地铁站D东北口,交通设施服务;地铁站;出入口,108.9433694193714,34.30678763946575,未央区,108.948032,34.305222
BX09900404,西安站地铁站C口,交通设施服务;地铁站;出入口,108.96085956478532,34.27876243080364,新城区,108.965576,34.277222
BV10069824,公交六公司东区(公交站),交通设施服务;公交车站;公交车站相关,108.949061343812,34.30982629683892,未央区,108.953741,34.308273
BX09913674,景曜门地铁站D口,交通设施服务;地铁站;出入口,108.91028526183116,34.286621453324884,莲湖区,108.914881,34.28501
B0KR2DJ5NA,北门停车场,交通设施服务;停车场;公共停车场,108.94064820549718,34.27870361899521,莲湖区,108.945301,34.277121
BX09913762,霸城门地铁站A口,交通设施服务;地铁站;出入口,108.92487200195846,34.32007814408348,未央区,108.929492,34.318492
BV10422058,龙首北路文景路口(公交站),交通设施服务;公交车站;公交车站相关,108.93429012995053,34.29336142631183,莲湖区,108.938928,34.291775
BX10014035,安远门地铁站C东南口,交通设施服务;地铁站;出入口,108.94298448389884,34.28239996170284,莲湖区,108.947644,34.280823
BV10069673,公交六公司西区(公交站),交通设施服务;公交车站;公交车站相关,108.91821888627882,34.30020708660209,未央区,108.922826,34.298606
BV10069675,范北村(公交站),交通设施服务;公交车站;公交车站相关,108.9187057840891,34.30465674164872,未央区,108.923314,34.303058
BV11107332,北二环朱宏路口(公交站),交通设施服务;公交车站;公交车站相关,108.92269463035362,34.311769127804816,未央区,108.92731,34.310177
B0KASUIBXX,陕西数字化考试中心C区,科教文化服务;科教文化场所;科教文化场所|交通设施服务;交通服务相关;交通服务相关,108.96189964297804,34.28116088537731,新城区,108.96662,34.279624
BX10014078,龙首原地铁站C东南口,交通设施服务;地铁站;出入口,108.94296762798224,34.29352223061905,莲湖区,108.947628,34.29195
BV11557289,建强路自强路口(公交站),交通设施服务;公交车站;公交车站相关,108.95274396290564,34.281888776566745,新城区,108.957433,34.280331
B0FFH272N8,永兴路便民地面停车场,交通设施服务;停车场;公共停车场,108.92451987253152,34.29266582275509,莲湖区,108.929137,34.291067
B0G0TRFHM7,龙湖西安大兴星悦荟地下停车场,交通设施服务;停车场;公共停车场,108.91408870680483,34.28733236242483,莲湖区,108.918689,34.285723
B0HRFU3NY9,西安站北广场西落客区,交通设施服务;上下客区;上下客区,108.9550673473238,34.281470830861544,新城区,108.959764,34.279918
BX10014101,大明宫西地铁站B西南口,交通设施服务;地铁站;出入口,108.9421708344444,34.30599414750043,未央区,108.94683,34.304426
BX10014032,安远门地铁站B西南口,交通设施服务;地铁站;出入口,108.9422545243594,34.28232929752733,莲湖区,108.946912,34.280751
BV10941358,龙首北路永新路口(公交站),交通设施服务;公交车站;公交车站相关,108.92709165315328,34.29595661071575,未央区,108.931714,34.294362
B0H1CC2R6S,西安交通大学第二附属医院大明宫院区地下停车场,交通设施服务;停车场;公共停车场,108.9500673957502,34.29536266649053,新城区,108.954749,34.293805
BX09913768,大风阁地铁站A口,交通设施服务;地铁站;出入口,108.91828944334596,34.30437618114594,未央区,108.922897,34.302777
B0HK6A1W3S,6号大院停车场,交通设施服务;停车场;公共停车场,108.95399153074834,34.32293779220344,未央区,108.958688,34.321401
BV10422060,朱宏路龙首北路口(公交站),交通设施服务;公交车站;公交车站相关,108.9177908808217,34.2958423184712,未央区,108.922397,34.294239
BV10606361,凤城三路(公交站),交通设施服务;公交车站;公交车站相关,108.95781058858212,34.32358281698684,未央区,108.96252,34.322055
BX09913770,大风阁地铁站D口,交通设施服务;地铁站;出入口,108.91934385077,34.303902582108954,未央区,108.923953,34.302304
B0IDS9N40O,静安荟生活奥特莱斯停车场,交通设施服务;停车场;公共停车场,108.9413904693562,34.287633563304496,莲湖区,108.946046,34.286056
B0H04A8A3J,荣民龙首广场地下停车场,交通设施服务;停车场;公共停车场,108.94331767168096,34.29317374845027,莲湖区,108.947979,34.291602
BX09908445,青少年中心地铁站D东北口,交通设施服务;地铁站;出入口,108.94352991468176,34.319711437159725,未央区,108.948194,34.318152
BX09913769,大风阁地铁站C口,交通设施服务;地铁站;出入口,108.9192799915512,34.303402855518954,未央区,108.923889,34.301804
BV09007367,北门外(公交站),交通设施服务;公交车站;公交车站相关,108.94480662168986,34.27837030161623,新城区,108.949471,34.276795
BX10014080,龙首原地铁站B西南口,交通设施服务;地铁站;出入口,108.94224170030792,34.29291779136492,莲湖区,108.9469,34.291344
BX09913666,红庙坡地铁站C口,交通设施服务;地铁站;出入口,108.91801197877292,34.29051946772217,莲湖区,108.922618,34.288914
BX10014033,安远门地铁站D东北口,交通设施服务;地铁站;出入口,108.94299236546004,34.28358644618468,莲湖区,108.947652,34.28201
BX10014034,安远门地铁站A西北口,交通设施服务;地铁站;出入口,108.94227438909056,34.283317844780214,莲湖区,108.946932,34.28174
BV11199664,明光路凤城一路口(公交站),交通设施服务;公交车站;公交车站相关,108.92519270216668,34.3163055555616,未央区,108.929813,34.314718
BX10014103,大明宫西地铁站C东南口,交通设施服务;地铁站;出入口,108.94305036197213,34.306246460910714,未央区,108.947712,34.30468
BX09913664,红庙坡地铁站D口,交通设施服务;地铁站;出入口,108.91802874994754,34.29304736235577,莲湖区,108.922635,34.291443
BX09913764,霸城门地铁站D口,交通设施服务;地铁站;出入口,108.92540699382576,34.320034601867455,未央区,108.930028,34.318449
B0H2S5DBD4,停车场,交通设施服务;停车场;公共停车场,108.96362557200747,34.27877560059636,新城区,108.968352,34.277242
B0HRU5GFKD,西安大兴医院停车场,交通设施服务;停车场;公共停车场,108.90697328207489,34.28975313896834,莲湖区,108.911566,34.288142
B0H6SZXKIP,天地时代广场停车场,交通设施服务;停车场;公共停车场,108.94375323463638,34.32028176330299,未央区,108.948418,34.318723
B0H6GC12UV,荣民时代广场地下停车场,交通设施服务;停车场;公共停车场,108.94315896615284,34.30735976385366,未央区,108.947821,34.305794
B0FFFWALIM,西安站南广场地下停车场(暂停营业),交通设施服务;停车场;公共停车场,108.96105692769984,34.27794629187706,新城区,108.965774,34.276406
BV10422059,龙首北路永福路口(公交站),交通设施服务;公交车站;公交车站相关,108.93108239487664,34.29437541273389,未央区,108.935713,34.292785
BV11118023,文景路方新路口(公交站),交通设施服务;公交车站;公交车站相关,108.93438418678916,34.30225038491772,未央区,108.939023,34.300668
BV10070519,自强小区(公交站),交通设施服务;公交车站;公交车站相关,108.93143462801578,34.28183731771931,莲湖区,108.936065,34.280242
BX09908443,青少年中心地铁站C东南口,交通设施服务;地铁站;出入口,108.94332752864536,34.3191980442235,未央区,108.947991,34.317638
BX09900403,西安站地铁站出入口,交通设施服务;地铁站;出入口,108.9610845648106,34.28117287368141,新城区,108.965802,34.279634
BX09908444,青少年中心地铁站B西南口,交通设施服务;地铁站;出入口,108.94227252478058,34.318645195819464,未央区,108.946933,34.317083
B0FFFGUXAU,大明宫国家遗址公园游客服务中心B区停车场,交通设施服务;停车场;专用停车场,108.96340099872178,34.28358713964643,新城区,108.968127,34.282055
BX09908441,青少年中心地铁站A西北口,交通设施服务;地铁站;出入口,108.94227241961102,34.319942593452886,未央区,108.946933,34.318381
B0HR1UDFBC,长安医院停车场,交通设施服务;停车场;公共停车场,108.93362031085807,34.32296602436556,未央区,108.938259,34.321392
BX09913761,霸城门地铁站B口,交通设施服务;地铁站;出入口,108.92487510546908,34.31872476956527,未央区,108.929495,34.317138
BV11162808,北二环文景立交(公交站),交通设施服务;公交车站;公交车站相关,108.93098920036827,34.31168282694192,未央区,108.935621,34.3101
BX09913549,市第三医院地铁站D口,交通设施服务;地铁站;出入口,108.9559322995755,34.319929849498706,未央区,108.960635,34.318396
BV11162095,北二环贞观路口(公交站),交通设施服务;公交车站;公交车站相关,108.95474196242144,34.31170731582988,未央区,108.95944,34.310167
BX09913663,红庙坡地铁站B口,交通设施服务;地铁站;出入口,108.91727406027722,34.29066993112468,莲湖区,108.921879,34.289064
B0G3178CYJ,老城根G park地面停车场,交通设施服务;停车场;公共停车场,108.91175961491408,34.286590850844775,莲湖区,108.916357,34.28498
BV11107334,凤城二路西口(公交站),交通设施服务;公交车站;公交车站相关,108.9194084958684,34.3194394549567,未央区,108.924019,34.317848
B0K25MSQIL,丰景路停车场,交通设施服务;停车场;公共停车场,108.90878557079608,34.314554617499184,未央区,108.913382,34.312955
BV11122868,龙首北路龙首东路口(公交站),交通设施服务;公交车站;公交车站相关,108.94824810306756,34.294301835233426,莲湖区,108.952924,34.29274
BV11069995,大兴东路劳动北路口(公交站),交通设施服务;公交车站;公交车站相关,108.90563358868904,34.28785323026182,莲湖区,108.910225,34.286241
BX09913673,景曜门地铁站A口,交通设施服务;地铁站;出入口,108.9070914217129,34.28669142229698,莲湖区,108.911684,34.285079
BX09913551,青少年中心地铁站E北口,交通设施服务;地铁站;出入口,108.94043645424314,34.31961393904962,未央区,108.945092,34.318049
B0G0V5KIQ6,经发大厦停车场,交通设施服务;停车场;公共停车场,108.94215375211164,34.319894826089765,未央区,108.946814,34.318333
BV11140974,明光路凤城二路口(公交站),交通设施服务;公交车站;公交车站相关,108.92716461516264,34.319374971556165,未央区,108.931789,34.317791
B0FFGFQ447,汉城湖旅游风景区和平桥次入口停车场,交通设施服务;停车场;公共停车场,108.91517810415222,34.31425580905076,未央区,108.919782,34.312659
B0L0A5CV41,莲湖站,交通设施服务;火车站;货运火车站,108.90681026496163,34.279333597130154,莲湖区,108.911402,34.277718
BV10069598,西闸口南口(公交站),交通设施服务;公交车站;公交车站相关,108.9486521527977,34.27851175487658,新城区,108.953328,34.276944
B001D142JS,西安站候车厅,交通设施服务;火车站;候车室,108.95811602064738,34.28096305220343,新城区,108.962823,34.279417
BV11152824,北二环明光立交南(公交站),交通设施服务;公交车站;公交车站相关,108.9261646944221,34.30568034087686,未央区,108.930786,34.304089
B0GK4ZM9L3,盛龙广场东地面停车场,交通设施服务;停车场;公共停车场,108.9420664784298,34.30161728525209,未央区,108.946725,34.300047
BX09913763,霸城门地铁站C口,交通设施服务;地铁站;出入口,108.92606279946516,34.319208279169466,未央区,108.930685,34.317623
BV11162811,汉城湖大风阁(公交站),交通设施服务;公交车站;公交车站相关,108.91539595883847,34.299986098841245,未央区,108.919999,34.298383
B0FFHVNM2X,大明宫西站,交通设施服务;交通服务相关;交通服务相关,108.94333252863404,34.306724734814644,未央区,108.947995,34.305159
B0HRFU27SG,西安站北广场出租车西上客区,交通设施服务;上下客区;出租车,108.95713528950712,34.28226478632741,新城区,108.961839,34.280717
BV11296822,梨园路永全路口(公交站),交通设施服务;公交车站;公交车站相关,108.9121625186723,34.294357318899245,未央区,108.916761,34.29275
BV10070698,交通职业技术学院(公交站),交通设施服务;公交车站;公交车站相关,108.92306638586072,34.28185788219599,莲湖区,108.92768,34.280253
B0GKRZAD70,艾斯广场停车场,交通设施服务;停车场;公共停车场,108.94212464443576,34.32220979762208,未央区,108.946785,34.320649
BV11140973,文景路凤城二路口(公交站),交通设施服务;公交车站;公交车站相关,108.93202327132934,34.31938590872428,未央区,108.936658,34.317808
BX09913546,市第三医院地铁站B口,交通设施服务;地铁站;出入口,108.9553921997809,34.31892253992623,未央区,108.960093,34.317387
BV11118024,北二环文景立交南(公交站),交通设施服务;公交车站;公交车站相关,108.9332493581088,34.308361268424264,未央区,108.937886,34.30678
B0I03SW1A4,西安站北广场地下停车场(西入口),交通设施服务;停车场;停车场入口,108.95463876029736,34.28165271281983,新城区,108.959334,34.280099
B0H3HS00YL,永久停车场,交通设施服务;停车场;公共停车场,108.92007531756306,34.29604046382295,未央区,108.924685,34.294439
B0MG0ZHKZW,西安站2B检票口,交通设施服务;火车站;进站口/检票口,108.95743344230576,34.28012399600661,新城区,108.962138,34.278576
B0IALZU9I7,青霄路停车场,交通设施服务;停车场;停车场相关,108.94568612796192,34.30214639700643,未央区,108.950355,34.300583
B0H3DURBTK,西安站高架候车厅,交通设施服务;火车站;候车室,108.95811216035254,34.27941770935235,新城区,108.962819,34.277871
BV11123184,铁路职业技术学院(公交站),交通设施服务;公交车站;公交车站相关,108.93605679503402,34.28177775549122,莲湖区,108.940698,34.280189
BV11162810,北二环明光路口(公交站),交通设施服务;公交车站;公交车站相关,108.92654446523883,34.31170020072421,未央区,108.931167,34.310112
B0L6CLOV7S,群友停车场,交通设施服务;停车场;公共停车场,108.95919920972308,34.30588866988717,未央区,108.963912,34.304356
B0LKN5PURD,天浩停车场,交通设施服务;停车场;公共停车场,108.92616262618664,34.30657494153978,未央区,108.930784,34.304984
BV11116838,渭滨路凤城二路口(公交站),交通设施服务;公交车站;公交车站相关,108.96119900788732,34.31958160313432,未央区,108.96592,34.31806
B0LDDX4AA2,沃德沃停车场,交通设施服务;停车场;公共停车场,108.94992393849728,34.29420646703678,新城区,108.954605,34.292648
B0H2V7UUVD,人人乐北关店停车场,交通设施服务;停车场;公共停车场,108.94294626714957,34.286389338778314,莲湖区,108.947606,34.284814
B0HAVD8I9L,星河大厦停车场,交通设施服务;停车场;公共停车场,108.94303122156867,34.30863541933241,未央区,108.947693,34.30707
B0H3DHR1UQ,西安站4A检票候车区,交通设施服务;火车站;候车室,108.95767260758797,34.28027437695588,新城区,108.962378,34.278727
BX09913665,红庙坡地铁站A口,交通设施服务;地铁站;出入口,108.91726490034527,34.29282200705195,莲湖区,108.92187,34.291217
BV10070540,长安医院(公交站),交通设施服务;公交车站;公交车站相关,108.93299781054289,34.32230920780809,未央区,108.937635,34.320734
BV11563679,火车站北(2站台)(公交站),交通设施服务;公交车站;公交车站相关,108.95806215288754,34.281624899956974,新城区,108.962769,34.280079
B0L3HC79JN,西安站大明宫明城墙城际酒店-停车场入口,交通设施服务;停车场;公共停车场,108.96526239045276,34.28053572267444,新城区,108.969995,34.279007
B0FFG7RBZ2,龙首原百万停车场,交通设施服务;停车场;公共停车场,108.9271287999908,34.30560029892557,未央区,108.931752,34.30401
BV09426822,龙首北路锦安路口(公交站),交通设施服务;公交车站;公交车站相关,108.92213301241664,34.29437639673864,未央区,108.926746,34.292776
BV10069740,人民大厦公寓(公交站),交通设施服务;公交车站;公交车站相关,108.91166906104282,34.28234569201846,莲湖区,108.916266,34.280733
B0K0FAHSP8,雅荷紫金阳光地下停车场,交通设施服务;停车场;公共停车场,108.92372514048444,34.30742110228926,未央区,108.928342,34.305828
BV10069741,西铁小区(公交站),交通设施服务;公交车站;公交车站相关,108.96485105631214,34.31536246100858,未央区,108.969585,34.313848
BX09904022,西安站地铁站出入口,交通设施服务;地铁站;出入口,108.96032339706032,34.279652355422186,新城区,108.965038,34.278111
B0HR35DMWF,西安凤城医院停车场,交通设施服务;停车场;公共停车场,108.93478541172492,34.324669540687424,未央区,108.939427,34.323098
B0K15UEZP1,西安城北客运站(出站口),交通设施服务;长途汽车站;出站,108.93749475688875,34.31192530982601,未央区,108.942142,34.310352
BV11196197,开元路凤城三路口(公交站),交通设施服务;公交车站;公交车站相关,108.94909516992828,34.32294518024186,未央区,108.953776,34.321398
BX09913550,青少年中心地铁站F南口,交通设施服务;地铁站;出入口,108.94160731545492,34.319170124591494,未央区,108.946266,34.317607
B0K0SSZQLL,纬二十五街停车场,交通设施服务;停车场;公共停车场,108.93355098391709,34.2919560944657,莲湖区,108.938187,34.290368
B0I24ZGYMQ,昀辉停车场,交通设施服务;停车场;停车场相关,108.9198144326124,34.32461570758028,未央区,108.924426,34.323027
B0HD153CAZ,盛达行大厦停车场,交通设施服务;停车场;公共停车场,108.91748035525109,34.295664618311044,未央区,108.922086,34.294061
BV10069686,汉城湖封禅门(公交站),交通设施服务;公交车站;公交车站相关,108.91666530993982,34.323310659990966,未央区,108.921272,34.321719
B0FFH5IOIM,环北停车场,交通设施服务;停车场;公共停车场,108.92062584549946,34.27835156010471,莲湖区,108.925235,34.276743
B0FFG77ZUJ,西安市第七十五中学停车场,交通设施服务;停车场;公共停车场,108.92982596621772,34.3087206624441,未央区,108.934455,34.307135
B0I03SX3HM,西安站北广场地下停车场(东入口),交通设施服务;停车场;停车场入口,108.96401786320604,34.28206923275417,新城区,108.968746,34.280538
B0HBO7LZCV,盛龙广场B区停车场,交通设施服务;停车场;公共停车场,108.93940477124342,34.30020647276241,未央区,108.944056,34.298631
B0GK7L3DCX,海璟国际停车场,交通设施服务;停车场;公共停车场,108.93459931254812,34.31905443841235,未央区,108.93924,34.31748
B0H3DHS38Q,西安站4B检票候车区,交通设施服务;火车站;候车室,108.95805827597064,34.280283472757816,新城区,108.962765,34.278737
BV11149865,凤城二路贞观路口(公交站),交通设施服务;公交车站;公交车站相关,108.9571761207547,34.31929829158537,未央区,108.961883,34.317767
B0L30ULHII,西安市新城区西兰停车场,交通设施服务;停车场;公共停车场,108.95162929580056,34.28504183399316,新城区,108.956315,34.283483
B0FFH83FN0,西安站(候车室3检票口),交通设施服务;火车站;进站口/检票口,108.95881676754536,34.278747331401235,新城区,108.963526,34.277202
BV10070780,永新路南口(公交站),交通设施服务;公交车站;公交车站相关,108.92695642386217,34.28974745662336,莲湖区,108.931578,34.28815
B0H6MZGYRS,蓝海风中心地下停车场,交通设施服务;停车场;公共停车场,108.92979804897314,34.32079815321844,未央区,108.934428,34.319218
BV09321970,梨园路劳动北路口(公交站),交通设施服务;公交车站;公交车站相关,108.90817878933797,34.29436782516245,未央区,108.912773,34.292759
B0FFH275P9,停车场(文景南路),交通设施服务;停车场;公共停车场,108.93457949348492,34.292713286598904,莲湖区,108.939218,34.291127
B0L3R9O7I6,扬盛昌·淮扬宴(凤城三路店)-停车场,交通设施服务;停车场;公共停车场,108.94400819559992,34.3241254960606,未央区,108.948674,34.322569
BV11136765,明光路凤城三路口(公交站),交通设施服务;公交车站;公交车站相关,108.92582385360616,34.324257179394856,未央区,108.930446,34.322674
B001D110MN,大明宫国家遗址公园A区停车场,交通设施服务;停车场;公共停车场,108.96345573813456,34.28432568986586,新城区,108.968182,34.282794
B0FFHB4CCL,大观园便民地面停车场,交通设施服务;停车场;公共停车场,108.92541666329367,34.28674643239182,莲湖区,108.930035,34.285146
BV10071133,梨园路大白杨路口(公交站),交通设施服务;公交车站;公交车站相关,108.90817878933797,34.29436782516245,未央区,108.912773,34.292759
BV11136775,明光路方新路口(公交站),交通设施服务;公交车站;公交车站相关,108.92692861380364,34.30046281395118,未央区,108.931551,34.29887
B0H0OR0CC6,铂金丽宫酒店停车场,交通设施服务;停车场;公共停车场,108.94502934464802,34.31074477854627,未央区,108.949697,34.309184
B0GKRZB5MQ,艾斯广场地下停车场,交通设施服务;停车场;公共停车场,108.94200003960675,34.32158231119394,未央区,108.94666,34.320021
BV11136026,凤城三路凤苑路口(公交站),交通设施服务;公交车站;公交车站相关,108.95121945972016,34.32357348097282,未央区,108.955907,34.322031
BV11124825,凤城一路仪凤巷口(公交站),交通设施服务;公交车站;公交车站相关,108.9575192645807,34.31536931177124,未央区,108.962227,34.313837
B0HKTM06WD,大明宫建材家居·北二环店停车场,交通设施服务;停车场;公共停车场,108.96384994285044,34.31298108264605,未央区,108.96858,34.311463
B0FFHUXIY5,大明宫国家遗址公园内部停车场,交通设施服务;停车场;专用停车场,108.95379539508204,34.283526789942805,新城区,108.958488,34.281972
B0H1ZU8EB6,停车场(入口),交通设施服务;停车场;停车场入口,108.9620493050442,34.27870354713676,新城区,108.96677,34.277166
B0FFK3HR0A,停车场,交通设施服务;停车场;公共停车场,108.91981853089808,34.310920040107,未央区,108.924429,34.309325
B0FFK0NU1P,龙首原地铁A口停车场,交通设施服务;交通服务相关;交通服务相关,108.94120443992956,34.29424003594633,莲湖区,108.94586,34.292665
B0HGYAV9Z3,西安站南广场地下停车场(西出入口),交通设施服务;停车场;停车场出入口,108.9604102331607,34.277893880697206,新城区,108.965125,34.276352
BV10070007,大白杨村(公交站),交通设施服务;公交车站;公交车站相关,108.90572069285597,34.29810276886254,未央区,108.910313,34.296495
B0FFGCBMU1,大明宫国家遗址公园P8停车场,交通设施服务;停车场;公共停车场,108.95100472565632,34.30415982573269,未央区,108.95569,34.302608
B0FFGG5DKJ,未央区昌洁停车场,交通设施服务;停车场;公共停车场,108.91610494990007,34.325198141640215,未央区,108.920711,34.323607
BV09223083,北二环朱宏路立交(公交站),交通设施服务;公交车站;公交车站相关,108.9161302828736,34.308219958425745,未央区,108.920735,34.306621
B0J39SDIKR,西安中诺口腔医院(种植总院)停车场,交通设施服务;停车场;停车场相关,108.9339159665694,34.30630424918318,未央区,108.938554,34.304723
BV11590962,公交集团(公交站),交通设施服务;公交车站;公交车站相关,108.91814892237092,34.31347816955647,未央区,108.922757,34.311883
B0KKTCVHVW,太奥停车场,交通设施服务;停车场;公共停车场,108.93788152234124,34.31500228692535,未央区,108.94253,34.313431
B0HRFU2U4B,西安站北广场东落客区,交通设施服务;上下客区;上下客区,108.9624834691214,34.2819631079508,新城区,108.967206,34.280428
B0H07C5NTV,停车场,交通设施服务;停车场;公共停车场,108.943211428663,34.32445279857,未央区,108.947875,34.322895
B0FFHSTCCU,汉城湖旅游风景区尚武桥次入口停车场,交通设施服务;停车场;公共停车场,108.91491085452564,34.30938618755829,未央区,108.919514,34.307787
BV11194001,文景路凤城三路口(公交站),交通设施服务;公交车站;公交车站相关,108.93236512424576,34.323986294398395,未央区,108.937001,34.322411
B0FFGLBS6T,停车场(文景家园东),交通设施服务;停车场;公共停车场,108.93998700461322,34.31531068928731,未央区,108.944641,34.313743
B0HG5UA8LV,西安福清商会大厦停车场,交通设施服务;停车场;公共停车场,108.91937366388528,34.30563778224536,未央区,108.923983,34.30404
BV11131297,工农路兴中路口(公交站),交通设施服务;公交车站;公交车站相关,108.9285706067836,34.28403601091506,莲湖区,108.933195,34.282438
B0GKJ5ZG2S,老城根G park地下停车场(出入口),交通设施服务;停车场;停车场出入口,108.91724846760177,34.28607591773071,莲湖区,108.921853,34.284468
B0FFFGUWET,汉城湖旅游风景区大风阁小型车地面停车场,交通设施服务;停车场;公共停车场,108.915062396488,34.300142232343894,未央区,108.919665,34.298539
B0FFHTO1PS,颐和郡内部地下停车场,交通设施服务;停车场;专用停车场,108.95853638910305,34.31973691249464,未央区,108.963248,34.318209
B0K225JXUQ,凤鸣路便民停车场,交通设施服务;停车场;公共停车场,108.9321295102937,34.313469492480614,未央区,108.936764,34.311889
BV10069721,锦园新世纪(公交站),交通设施服务;公交车站;公交车站相关,108.96024106319116,34.31170854644427,未央区,108.964958,34.310181
B0HGJZJBNO,西安经发大厦A座停车场,交通设施服务;停车场;公共停车场,108.9410247979858,34.320466533832274,未央区,108.945682,34.318903
B0HGMDX6OI,圣远广场地下停车场,交通设施服务;停车场;公共停车场,108.94927492486067,34.29459363110686,新城区,108.953954,34.293034
BV10071245,长庆兴隆园(公交站),交通设施服务;公交车站;公交车站相关,108.94909406095358,34.324323535202815,未央区,108.953775,34.322777
B0FFG7RC06,万象未央停车场,交通设施服务;停车场;公共停车场,108.94285972061854,34.3084118293794,未央区,108.947521,34.306846
B0FFFW2H1M,宁西宾馆停车场,交通设施服务;停车场;公共停车场,108.93124401591363,34.28227338602421,莲湖区,108.935874,34.280678
B0FFH83FMI,西安站(候车室2检票口),交通设施服务;火车站;进站口/检票口,108.95734386444494,34.2787207910717,新城区,108.962048,34.277172
BV10070002,辛家庙(地铁站),交通设施服务;地铁站;地铁站,108.99074625524966,34.306390655402026,未央区,108.995584,34.304945
BV10602590,余家寨(地铁站),交通设施服务;地铁站;地铁站,108.96835759862503,34.31866586237895,未央区,108.973105,34.317162
BV10069886,胡家庙(地铁站),交通设施服务;地铁站;地铁站,108.99076941940142,34.279244358761694,新城区,108.995605,34.277787
BV10592307,广泰门(地铁站),交通设施服务;地铁站;地铁站,109.00830924866914,34.3122288335107,未央区,109.013223,34.310839
BV09247303,井上村(地铁站),交通设施服务;地铁站;地铁站,108.97840288748344,34.31863629364047,未央区,108.98319,34.31716
BV10069866,石家街(地铁站),交通设施服务;地铁站;地铁站,108.99078725152891,34.29234472850912,新城区,108.995624,34.290893
BV09247271,米家崖(地铁站),交通设施服务;地铁站;地铁站,109.01043288239372,34.30390521425508,灞桥区,109.015355,34.302518
BV10602588,含元殿(地铁站),交通设施服务;地铁站;地铁站,108.9667720357976,34.289156179047666,新城区,108.971511,34.287635
BV09247287,北辰东路(地铁站),交通设施服务;地铁站;地铁站,108.99790847915985,34.318643407489375,未央区,109.002778,34.317225
BV10073332,大明宫(地铁站),交通设施服务;地铁站;地铁站,108.96675335437084,34.298303251620744,未央区,108.971493,34.296786
BV10602586,大明宫北(地铁站),交通设施服务;地铁站;地铁站,108.96681318828516,34.30974498765733,未央区,108.971554,34.308233
BV09247275,幸福林带北(地铁站),交通设施服务;地铁站;地铁站,109.00950055187316,34.2838267400598,新城区,109.014417,34.282428
B001D0VHY2,三府湾客运站,交通设施服务;长途汽车站;长途汽车站,108.971163011464,34.27943267816202,新城区,108.975918,34.277919
BV10070705,十里铺(公交站),交通设施服务;公交车站;公交车站相关,109.01951584904565,34.29078424128959,灞桥区,109.024475,34.289418
B0GK1SYAQD,大华1935停车场,交通设施服务;停车场;公共停车场,108.96900302392493,34.283505740918514,新城区,108.97375,34.281988
BV10070743,东方罗马花园(公交站),交通设施服务;公交车站;公交车站相关,109.00590733066264,34.3029582592365,灞桥区,109.01081,34.301557
BV10069865,石家街(公交站),交通设施服务;公交车站;公交车站相关,108.99095223834216,34.29605062009781,未央区,108.99579,34.294601
B0GKCCUHXK,西安大明宫万达广场停车场,交通设施服务;停车场;公共停车场,108.96824727102344,34.31560956434449,未央区,108.972994,34.314104
B0FFHU3QY5,大明宫国家遗址公园P5地面停车场,交通设施服务;停车场;公共停车场,108.96623022101068,34.299501076147344,未央区,108.970968,34.297983
BV10069847,八府庄(公交站),交通设施服务;公交车站;公交车站相关,108.97957657495256,34.28861733265997,新城区,108.984366,34.287131
BV11125288,东二环矿山路口(公交站),交通设施服务;公交车站;公交车站相关,108.99182593542692,34.30287598058058,未央区,108.996668,34.301432
B0GKX7EJSE,万和城购物中心地下停车场,交通设施服务;停车场;公共停车场,108.99031817928604,34.281217885340965,新城区,108.995152,34.27976
BV10070003,井上村(公交站),交通设施服务;公交车站;公交车站相关,108.97998899243974,34.311433066254395,未央区,108.984782,34.309958
BX09908474,辛家庙地铁站C东南口,交通设施服务;地铁站;出入口,108.9912212853732,34.305689542704286,未央区,108.996061,34.304245
BV10070001,辛家庙(公交站),交通设施服务;公交车站;公交车站相关,108.99096818576538,34.30785432992125,未央区,108.995807,34.30641
BX10021632,胡家庙地铁站D东北口,交通设施服务;地铁站;出入口,108.99114973486148,34.27997890843906,新城区,108.995987,34.278523
B0IG7RRRYL,迪卡侬(辛家庙店)地面停车场,交通设施服务;停车场;公共停车场,108.99229858601036,34.318765335603445,未央区,108.997144,34.31733
BX09908454,余家寨地铁站C东南口,交通设施服务;地铁站;出入口,108.96784059311808,34.31835036636296,未央区,108.972586,34.316845
B0G0LCIWPF,多彩城停车场,交通设施服务;停车场;公共停车场,108.97196896542668,34.27818801496867,新城区,108.976727,34.276676
B0IG7RSJNW,迪卡侬(辛家庙店)地面停车场(出入口),交通设施服务;停车场;停车场出入口,108.99230156731711,34.31883629370239,未央区,108.997147,34.317401
BV10070702,王家坟(公交站),交通设施服务;公交车站;公交车站相关,109.00936858740069,34.27822449106402,新城区,109.014284,34.276823
B0FFKDY2ZS,电泊士·石家街新能源地面停车场,交通设施服务;停车场;公共停车场,108.99232854846906,34.29372349263981,新城区,108.997172,34.292277
BV10069722,余家寨(公交站),交通设施服务;公交车站;公交车站相关,108.96677169136404,34.31768645929278,未央区,108.971513,34.316178
BV10069885,胡家庙(公交站),交通设施服务;公交车站;公交车站相关,108.9880579676703,34.27903056035984,新城区,108.992882,34.277565
BV10415958,祥和居小区北门(公交站),交通设施服务;公交车站;公交车站相关,108.98867265148544,34.323568973711424,未央区,108.993503,34.322125
B0FFHC7NQG,大明宫国家遗址公园P4停车场,交通设施服务;停车场;公共停车场,108.96607863065444,34.30142561528039,未央区,108.970816,34.299908
B0IG7SOEAV,四海唐人街购物中心地下停车场,交通设施服务;停车场;公共停车场,108.96567054710688,34.32099376156863,未央区,108.970408,34.319484
B0FFGFROKP,停车场-桃花潭西岸停车场,交通设施服务;停车场;公共停车场,109.02357087919852,34.307329403408424,灞桥区,109.028548,34.305982
BX10021707,广泰门地铁站C东南口,交通设施服务;地铁站;出入口,109.00918752511654,34.31184736660317,未央区,109.014105,34.31046
BV10900129,公交三公司(公交站),交通设施服务;公交车站;公交车站相关,109.01513521020983,34.289385607968136,新城区,109.020076,34.288006
BV10070031,辛家庙西村(公交站),交通设施服务;公交车站;公交车站相关,108.98477905863828,34.31191191110346,未央区,108.989592,34.310451
BX09908472,辛家庙地铁站D东北口,交通设施服务;地铁站;出入口,108.99108076947336,34.307081339835406,未央区,108.99592,34.305637
B0J3LC5BP4,西安浐灞印象城地下停车场,交通设施服务;停车场;公共停车场,108.99200566663473,34.308864752405,未央区,108.996849,34.307424
BV09151674,含元殿地铁站(公交站),交通设施服务;公交车站;公交车站相关,108.9668276099226,34.29179189908482,新城区,108.971567,34.290272
B001D11TY9,华润万家西安太华路店停车场,交通设施服务;停车场;公共停车场,108.96742156762129,34.28935240555078,新城区,108.972163,34.287833
BV10069889,三府湾(公交站),交通设施服务;公交车站;公交车站相关,108.97536743788066,34.278937340494025,新城区,108.980139,34.277435
BX10021688,石家街地铁站A西北口,交通设施服务;地铁站;出入口,108.9898621749119,34.29258639877213,新城区,108.994695,34.291132
B0MBKUQJBS,龙湖西安长乐天街-地下停车场,交通设施服务;停车场;公共停车场,109.0085844606705,34.28388546769682,新城区,109.013497,34.282484
BV11163433,长缨路万年路口(公交站),交通设施服务;公交车站;公交车站相关,108.99864064319124,34.27901264629492,新城区,109.00351,34.277579
BV11472441,辛家庙立交(公交站),交通设施服务;公交车站;公交车站相关,108.99196962399716,34.31122279151468,未央区,108.996813,34.309783
BX10021631,胡家庙地铁站A西北口,交通设施服务;地铁站;出入口,108.99011919218732,34.27923731282811,新城区,108.994952,34.277778
BV10070497,泘沱村(公交站),交通设施服务;公交车站;公交车站相关,108.99240572280968,34.32360575357976,未央区,108.997252,34.322173
BV11122756,长缨路四合窑口(公交站),交通设施服务;公交车站;公交车站相关,108.98435756975262,34.27885858272996,新城区,108.989166,34.277382
BX09908473,辛家庙地铁站A西北口,交通设施服务;地铁站;出入口,108.990104924966,34.30717422734911,未央区,108.99494,34.305727
BX09913560,北辰东路地铁站D口,交通设施服务;地铁站;出入口,108.9984341691016,34.319163569452954,未央区,109.003306,34.317747
BV11454074,太华路自强路口(公交站),交通设施服务;公交车站;公交车站相关,108.9655492139534,34.2818684291011,新城区,108.970283,34.280341
BV10070741,刘南村(公交站),交通设施服务;公交车站;公交车站相关,108.99452138152814,34.30284485678947,未央区,108.999375,34.301409
BX10025768,含元殿地铁站D东北口,交通设施服务;地铁站;出入口,108.967107717224,34.289801030246274,新城区,108.971848,34.288281
BV11150349,泰和居小区南门(公交站),交通设施服务;公交车站;公交车站相关,108.98516787253983,34.31857870158395,未央区,108.989983,34.317122
BV11124824,北二环太华路口(公交站),交通设施服务;公交车站;公交车站相关,108.97090339227226,34.31135144138473,未央区,108.97566,34.309851
BX09912346,井上村地铁站A口,交通设施服务;地铁站;出入口,108.97827538296283,34.318927521370135,未央区,108.983062,34.317451
B0H2YAWNLO,三府湾客运站(进站口),交通设施服务;长途汽车站;进站,108.9714060653686,34.27941402909649,新城区,108.976162,34.277901
BX10026313,大明宫北地铁站C东南口,交通设施服务;地铁站;出入口,108.96712606530625,34.30904948989286,未央区,108.971868,34.307538
BX09913552,余家寨地铁站J口,交通设施服务;地铁站;出入口,108.96966958892912,34.318399510642,未央区,108.974422,34.316899
BV10668879,新桥路北口(公交站),交通设施服务;公交车站;公交车站相关,109.02501748455244,34.29056574545334,灞桥区,109.029999,34.289215
BV10070190,三府湾客运站(公交站),交通设施服务;公交车站;公交车站相关,108.9704926353359,34.279204578291086,新城区,108.975245,34.277689
BX09908475,辛家庙地铁站B西南口,交通设施服务;地铁站;出入口,108.9903350271934,34.306177985201856,未央区,108.995171,34.304731
BV09336518,井上村地铁站(公交站),交通设施服务;公交车站;公交车站相关,108.98087375714452,34.31857223809013,未央区,108.985671,34.317103
BX09914240,幸福林带北地铁站A口,交通设施服务;地铁站;出入口,109.0090982881986,34.28360504178835,新城区,109.014013,34.282205
BV11140961,太华路凤城三路口(公交站),交通设施服务;公交车站;公交车站相关,108.96690465312516,34.324215069309204,未央区,108.971647,34.32271
BX10021687,石家街地铁站C1口,交通设施服务;地铁站;出入口,108.9912771859473,34.29202939266508,新城区,108.996116,34.290579
BV10866824,太元路太和路口(公交站),交通设施服务;公交车站;公交车站相关,108.97923877327662,34.302935043055065,未央区,108.984028,34.301454
BV11162094,万寿北路北口(公交站),交通设施服务;公交车站;公交车站相关,109.00945633463432,34.28864182068141,新城区,109.014373,34.287245
BX09912345,井上村地铁站F口,交通设施服务;地铁站;出入口,108.9797065111006,34.31917032031604,未央区,108.984499,34.317698
BX10021706,广泰门地铁站D东北口,交通设施服务;地铁站;出入口,109.00897935073392,34.3126056461787,未央区,109.013896,34.311218
BV10070494,大华·1935(公交站),交通设施服务;公交车站;公交车站相关,108.96758504334656,34.28819747419547,新城区,108.972327,34.286678
BV10799600,太元路西段(公交站),交通设施服务;公交车站;公交车站相关,108.976818611887,34.30299788784464,未央区,108.981598,34.30151
BX09913561,北辰东路地铁站A口,交通设施服务;地铁站;出入口,108.99745939686078,34.31885767173622,未央区,109.002327,34.317438
BX10021685,石家街地铁站C2口,交通设施服务;地铁站;出入口,108.99175804555468,34.29305050343578,新城区,108.996599,34.291602
BX09913563,广泰门地铁站F口,交通设施服务;地铁站;出入口,109.01050186370594,34.3124891331374,未央区,109.015425,34.311106
BX09912835,井上村地铁站B口,交通设施服务;地铁站;出入口,108.9772246976366,34.31836576049645,未央区,108.982007,34.316886
BX10025828,大明宫地铁站C东南口,交通设施服务;地铁站;出入口,108.96747865810778,34.2977855925585,未央区,108.972221,34.29627
BX10025826,大明宫地铁站A西北口,交通设施服务;地铁站;出入口,108.96639266001614,34.29891391591883,未央区,108.971131,34.297396
BX10025769,含元殿地铁站B西南口,交通设施服务;地铁站;出入口,108.96638255180102,34.28852245863429,新城区,108.97112,34.287
BX10021686,石家街地铁站B西南口,交通设施服务;地铁站;出入口,108.98985428545382,34.29166282216265,新城区,108.994687,34.290208
BX09913559,北辰东路地铁站B口,交通设施服务;地铁站;出入口,108.99742657740798,34.31839098775964,未央区,109.002294,34.316971
B0JU1LULGI,幸福林带地下停车场,交通设施服务;停车场;公共停车场,109.01012026267446,34.27962964930096,新城区,109.015039,34.278231
BX09908455,余家寨地铁站F东北口,交通设施服务;地铁站;出入口,108.96737016962922,34.32087142406228,未央区,108.972114,34.319366
BX09913572,米家崖地铁站B1口,交通设施服务;地铁站;出入口,109.0096771692454,34.30313882059492,灞桥区,109.014596,34.301749
BX10026336,含元殿地铁站C1东南口,交通设施服务;地铁站;出入口,108.96769954138956,34.28902182131396,新城区,108.972442,34.287503
BV10071084,新房村(公交站),交通设施服务;公交车站;公交车站相关,109.00939736344044,34.314991298132874,未央区,109.014316,34.313606
BX09914215,米家崖地铁站C1口,交通设施服务;地铁站;出入口,109.01078749277944,34.30247978841033,灞桥区,109.015711,34.301093
B0H6BCDVWE,麦德龙西安浐灞商场停车场,交通设施服务;停车场;公共停车场,108.9916700960446,34.3209152286443,未央区,108.996513,34.319479
BX09908460,余家寨地铁站A西北口,交通设施服务;地铁站;出入口,108.96650756039509,34.31920144098138,未央区,108.971248,34.317693
BV10070637,万国金色家园(公交站),交通设施服务;公交车站;公交车站相关,108.98419130583078,34.29042016433303,新城区,108.989,34.288948
BX10021633,胡家庙地铁站B西南口,交通设施服务;地铁站;出入口,108.99030047546128,34.278568048932385,新城区,108.995134,34.277109
B0GKCRUD45,贝斯特·康复路商贸广场停车场,交通设施服务;停车场;公共停车场,108.97761134740672,34.279467809947626,新城区,108.982392,34.277972
BV11150348,浐灞大道西口(公交站),交通设施服务;公交车站;公交车站相关,108.99050549867783,34.31578710500178,未央区,108.995343,34.314345
BV11116839,太华路太元路口(公交站),交通设施服务;公交车站;公交车站相关,108.96682277609456,34.30215736769215,未央区,108.971563,34.300642
B0FFHEIM6Q,华远·君城停车场,交通设施服务;停车场;公共停车场,108.98037711081464,34.30281083079286,未央区,108.985171,34.301333
BX09908459,余家寨地铁站G东北口,交通设施服务;地铁站;出入口,108.96727540239092,34.32239995688701,未央区,108.972019,34.320895
BX09913562,广泰门地铁站E口,交通设施服务;地铁站;出入口,109.00909471130356,34.31434050573191,未央区,109.014012,34.312954
B0I6XUELLF,地面停车场,交通设施服务;停车场;公共停车场,109.01666448580713,34.31675592850308,未央区,109.021614,34.315393
BX10021705,广泰门地铁站A西北口,交通设施服务;地铁站;出入口,109.00763012527348,34.31260670675511,未央区,109.012541,34.311215
BV10070913,周家坡村(公交站),交通设施服务;公交车站;公交车站相关,109.01821300643849,34.30533061336438,灞桥区,109.023168,34.303967
BX09908458,余家寨地铁站H西北口,交通设施服务;地铁站;出入口,108.96658005592964,34.32202093955998,未央区,108.971321,34.320514
BV09151673,太华路玄武路口(公交站),交通设施服务;公交车站;公交车站相关,108.9666879046596,34.306769655512376,未央区,108.971428,34.305256
BV11215647,十里铺北(公交站),交通设施服务;公交车站;公交车站相关,109.01924967416424,34.294010611300244,灞桥区,109.024208,34.292645
B0IGMH5BIG,停车场,交通设施服务;停车场;停车场相关,108.99883687783004,34.313853794684334,未央区,109.00371,34.312436
B0L37RMBMP,西安市启运执法停车场,交通设施服务;停车场;专用停车场,108.97762749001792,34.32530137869512,未央区,108.982412,34.323826
BV11252802,广运潭大道广安路口(公交站),交通设施服务;公交车站;公交车站相关,109.00719102104584,34.31244810341021,未央区,109.0121,34.311055
BX10026314,大明宫北地铁站A西北口,交通设施服务;地铁站;出入口,108.9664056857368,34.31017084918485,未央区,108.971145,34.308658
B0G1HHJPC0,浐灞站,交通设施服务;火车站;火车站,109.00081128742931,34.29091299602155,新城区,109.005691,34.289491
BV10069863,华清园小区(公交站),交通设施服务;公交车站;公交车站相关,109.01762005406913,34.29844839249985,灞桥区,109.022572,34.29708
B0HGN5NFDO,华润万家西安太华路店停车场(出入口),交通设施服务;停车场;停车场出入口,108.96722035889395,34.28898408816741,新城区,108.971961,34.287464
BX09914239,幸福林带北地铁站B口,交通设施服务;地铁站;出入口,109.0090764726243,34.28252256480606,新城区,109.013991,34.281122
BV10070032,新兴骏景园(公交站),交通设施服务;公交车站;公交车站相关,108.99086279228229,34.28198892591206,新城区,108.995699,34.280533
B0IG7RSRG1,迪卡侬辛家庙店地面停车场(出入口),交通设施服务;停车场;停车场出入口,108.9914152397658,34.32026829695769,未央区,108.996257,34.318831
B0KAUCNUMI,锦绣鞋城地面停车场,交通设施服务;停车场;公共停车场,108.98499288286138,34.279155589895915,新城区,108.989804,34.277681
BV11125290,东二环米秦北路口(公交站),交通设施服务;公交车站;公交车站相关,108.99239474385256,34.29996855632773,未央区,108.997239,34.298525
B0H1C73ZNE,画美整形停车场,交通设施服务;停车场;公共停车场,108.9669450029833,34.293793726464585,新城区,108.971685,34.292275
B0LAC5K65G,大明宫停车场,交通设施服务;停车场;公共停车场,108.96736889591044,34.299946926787,未央区,108.972111,34.298432
BV11125794,长缨路公园北路口(公交站),交通设施服务;公交车站;公交车站相关,109.00166470690397,34.27781495802532,新城区,109.006547,34.27639
BX09913553,余家寨地铁站K口,交通设施服务;地铁站;出入口,108.96840739198852,34.3188676376722,未央区,108.973155,34.317364
BX10021704,广泰门地铁站B西南口,交通设施服务;地铁站;出入口,109.00762421389096,34.31185606694807,未央区,109.012535,34.310464
BV11122761,长缨路华清路口(公交站),交通设施服务;公交车站;公交车站相关,108.9737000808388,34.27894695990323,新城区,108.978465,34.27744
B0FFHEW08T,西安东客车整备所,交通设施服务;交通服务相关;交通服务相关,108.98621909667888,34.28674576250803,新城区,108.991036,34.285278
B0FFIMW1YQ,金旅城停车场,交通设施服务;停车场;公共停车场,108.96548026199844,34.32092628029627,未央区,108.970217,34.319416
BV10667152,十里铺北路北口(公交站),交通设施服务;公交车站;公交车站相关,109.01800958541916,34.308462794854655,未央区,109.022964,34.3071
B001D08NIN,南方货运停车场,交通设施服务;停车场;公共停车场,108.9973528320549,34.29526561383635,灞桥区,109.002218,34.293835
BX10025827,大明宫地铁站B西南口,交通设施服务;地铁站;出入口,108.96641070311362,34.29756546239229,未央区,108.971149,34.296047
B0H2YAXGNO,三府湾客运站(出站口),交通设施服务;长途汽车站;出站,108.97134430802204,34.2793932048436,新城区,108.9761,34.27788
BX09914216,米家崖地铁站B2口,交通设施服务;地铁站;出入口,109.01033641218402,34.302498130015934,灞桥区,109.015258,34.30111
B0FFGIMVC4,陕交运万寿路汽车站停车场,交通设施服务;停车场;专用停车场,109.0088360366924,34.28801995046442,新城区,109.01375,34.286621
B0FFI72E28,万顺停车场,交通设施服务;停车场;公共停车场,108.97896601345992,34.289350764968525,新城区,108.983753,34.287863
B0FFH28TDU,鑫福莱大酒店停车场,交通设施服务;停车场;公共停车场,109.00163688230316,34.28907327966595,灞桥区,109.00652,34.287653
BV10070742,矿山路北辰东路口(公交站),交通设施服务;公交车站;公交车站相关,108.9985321134398,34.302860684719455,未央区,109.003403,34.301437
BV10071085,广大门村(公交站),交通设施服务;公交车站;公交车站相关,109.01665065063686,34.31549355054045,未央区,109.0216,34.31413
BV11266155,含元北路南口(公交站),交通设施服务;公交车站;公交车站相关,108.9764681689868,34.289174919864266,新城区,108.981245,34.28768
BX09913573,米家崖地铁站A口,交通设施服务;地铁站;出入口,109.00991301918394,34.30484335229765,灞桥区,109.014833,34.303455
BX09912834,井上村地铁站E口,交通设施服务;地铁站;出入口,108.97975044769484,34.3177598479595,未央区,108.984543,34.316287
BX09912836,井上村地铁站G口,交通设施服务;地铁站;出入口,108.97905017428184,34.3194820548438,未央区,108.98384,34.318008
BV10070905,华清立交东(公交站),交通设施服务;公交车站;公交车站相关,108.99498066247428,34.28783401899282,新城区,108.999835,34.286393
BV10070745,金裕青青家园(公交站),交通设施服务;公交车站;公交车站相关,109.0184024981943,34.30205452539383,灞桥区,109.023358,34.30069
BV10921241,公园北路北段(公交站),交通设施服务;公交车站;公交车站相关,109.00114825955514,34.28584614382504,新城区,109.006029,34.284423
BX09913833,幸福林带北地铁站D口,交通设施服务;地铁站;出入口,109.0103399293522,34.28434100591777,新城区,109.01526,34.282945
BV10072030,东小寨(公交站),交通设施服务;公交车站;公交车站相关,109.0177641129284,34.278883365934846,新城区,109.022715,34.277507
BV11586301,十里铺北路南段(公交站),交通设施服务;公交车站;公交车站相关,109.018888919215,34.2969153849573,灞桥区,109.023846,34.29555
B0H6FA17IT,百寰国际易达广场地下停车场,交通设施服务;停车场;公共停车场,108.97093012454944,34.31333746328862,未央区,108.975687,34.311838
B0FFH2O85A,华远君城五期停车场(出口),交通设施服务;停车场;停车场出口,108.98114794498686,34.302655675326555,未央区,108.985945,34.30118
BV11149866,永庆路永顺路口(公交站),交通设施服务;公交车站;公交车站相关,108.9713588824162,34.3202661083885,未央区,108.976118,34.318771
BV11122759,长缨路康复路口(公交站),交通设施服务;公交车站;公交车站相关,108.98019583639044,34.27890666575976,新城区,108.984987,34.277418
BV09151675,大明宫地铁站(公交站),交通设施服务;公交车站;公交车站相关,108.96670072481866,34.296206307885285,未央区,108.97144,34.294688
BV11657065,华清路公园北路口(公交站),交通设施服务;公交车站;公交车站相关,109.00287053753244,34.28940739011023,新城区,109.007759,34.287991
B0H1PSQ2HB,西安电力中心医院停车场,交通设施服务;停车场;公共停车场,109.00546322619245,34.279337801527795,新城区,109.010362,34.277925
BX10025767,含元殿地铁站A西北口,交通设施服务;地铁站;出入口,108.96639241035396,34.289793887152584,新城区,108.97113,34.288272
BX10025829,大明宫地铁站D东北口,交通设施服务;地铁站;出入口,108.96709602670184,34.29873817054575,未央区,108.971837,34.297222
BV11200091,杜家街(公交站),交通设施服务;公交车站;公交车站相关,109.00177571887336,34.29580394223579,灞桥区,109.00666,34.294387
BV10069843,苏王村(公交站),交通设施服务;公交车站;公交车站相关,109.01220183571664,34.29831940867303,灞桥区,109.017131,34.296935
BV10860764,长缨北路南口(公交站),交通设施服务;公交车站;公交车站相关,109.00473738917088,34.27883321025327,新城区,109.009633,34.277418
B0J17RJGYX,幸福林带地面停车场,交通设施服务;停车场;公共停车场,109.01042600284993,34.27912294573804,新城区,109.015346,34.277725
BV11161346,含元路建华路口(公交站),交通设施服务;公交车站;公交车站相关,108.9714371436982,34.28913082541425,新城区,108.976194,34.287622
BX09912347,井上村地铁站H口,交通设施服务;地铁站;出入口,108.97890592288618,34.317565355368394,未央区,108.983695,34.31609
B0LG0L6Q76,园顺便民停车场,交通设施服务;停车场;公共停车场,108.97479139561666,34.29523698189128,新城区,108.979562,34.29374
BV11014695,辛家庙立交东(公交站),交通设施服务;公交车站;公交车站相关,108.9961028300178,34.31181302690981,未央区,109.000964,34.310386
B0H2JUTRNS,红星美凯龙地下停车场,交通设施服务;停车场;公共停车场,108.98894692223696,34.318339593725995,未央区,108.993778,34.316894
B0LGSDX097,兴旺停车场,交通设施服务;停车场;公共停车场,109.0081856768446,34.313423659700966,未央区,109.013099,34.312034
BV10072331,祥和居小区(公交站),交通设施服务;公交车站;公交车站相关,108.99049215528396,34.320584922980785,未央区,108.99533,34.319145
BV11200319,太元路御井路口(公交站),交通设施服务;公交车站;公交车站相关,108.98350512983544,34.30298267198656,未央区,108.988312,34.301514
BX10026315,大明宫北地铁站D东北口,交通设施服务;地铁站;出入口,108.9674537156555,34.31039202779264,未央区,108.972197,34.308882
B0HKJC2U8C,西安中医脑病医院停车场,交通设施服务;停车场;公共停车场,109.01440828551222,34.300989687656404,灞桥区,109.019347,34.299613
B0H6YZ8HDL,U·PARK悦邻荟地下停车场,交通设施服务;停车场;公共停车场,108.99190348276812,34.304325100740755,未央区,108.996746,34.302882
B0HKOUJMKW,大明宫建材家居·钻石店地面停车场,交通设施服务;停车场;公共停车场,108.968272800176,34.30799896454115,未央区,108.973019,34.30649
B0L2AU1TAR,世纪未来中心地下停车场,交通设施服务;停车场;公共停车场,108.96826258319514,34.32325397237035,未央区,108.97301,34.321752
B0H1C72YZS,东岸国际停车场,交通设施服务;停车场;公共停车场,108.9899745369097,34.29450023062786,新城区,108.994808,34.293047
B0IKO52PG1,金科美邻街地下停车场,交通设施服务;停车场;公共停车场,108.9720482303737,34.31972149221203,未央区,108.97681,34.318228
B0H307E6IE,西北农副产品中心批发市场南侧停车场,交通设施服务;停车场;公共停车场,108.98581651111148,34.314179815078184,未央区,108.990634,34.312723
B0J3F7E75N,万和城购物中心地面停车场,交通设施服务;停车场;公共停车场,108.98921896680773,34.27991372510757,新城区,108.994048,34.278452
BX09913834,幸福林带北地铁站C口,交通设施服务;地铁站;出入口,109.01037286301634,34.28346427865856,新城区,109.015293,34.282068
B0IULLT8BD,幸福林带地面停车场(长缨路入口),交通设施服务;停车场;停车场入口,109.01042599596644,34.279204911474416,新城区,109.015346,34.277807
B0FFHRUVEE,新兴·骏景园停车场,交通设施服务;停车场;公共停车场,108.99773221161216,34.28315066583154,新城区,109.002598,34.281716
B0LGTSYFCG,悦泊港湾停车场,交通设施服务;停车场;公共停车场,109.00803834849545,34.312939324801626,未央区,109.012951,34.311549
BX09912349,井上村地铁站C口,交通设施服务;地铁站;出入口,108.9780712628398,34.31833837476127,未央区,108.982857,34.316861
B0IRF57KET,太华路茶城停车场,交通设施服务;停车场;公共停车场,108.96703507124704,34.28882963647194,新城区,108.971775,34.287309
B0H2JUTRNR,红星美凯龙辛家庙店停车场,交通设施服务;停车场;公共停车场,108.990136960023,34.3171076016608,未央区,108.994973,34.315665
B0FFHSLRP0,华远海蓝城四期停车场,交通设施服务;停车场;专用停车场,108.99922967313309,34.30802025309639,未央区,109.004104,34.306601
BX10021950,胡家庙地铁站C东南口,交通设施服务;地铁站;出入口,108.99130616196216,34.27883691608488,新城区,108.996144,34.277381
BV11128493,广安路北辰东路口(公交站),交通设施服务;公交车站;公交车站相关,108.9970706228987,34.31228287660135,未央区,109.001936,34.310859
BV11475195,华远路米秦北路口(公交站),交通设施服务;公交车站;公交车站相关,108.99737229320826,34.30070016607369,未央区,109.002238,34.299272
B0KRUD2T9U,鑫顺便民停车场,交通设施服务;停车场;公共停车场,108.97595969657893,34.29546262391426,新城区,108.980735,34.293969
BX09914359,广泰门地铁站G2口,交通设施服务;地铁站;出入口,109.00987736981509,34.31433715832897,未央区,109.014798,34.312953
B0KKGUD30R,永庆路便民停车场,交通设施服务;停车场;停车场相关,108.97201713988464,34.3222953760715,未央区,108.976779,34.320803
B0J067RP01,天香心苑内部地下停车场,交通设施服务;停车场;专用停车场,108.99235538191992,34.30632284418587,未央区,108.9972,34.304882
B0I0C5FEIV,万腾停车场,交通设施服务;停车场;公共停车场,108.99035643712185,34.300166599189254,未央区,108.995192,34.298717
BV11193382,太元路马旗寨路口(公交站),交通设施服务;公交车站;公交车站相关,108.9715206731481,34.30301652640875,未央区,108.976279,34.301514
B0FFL90UUB,阿达立体停车场,交通设施服务;停车场;公共停车场,109.00863182815728,34.312706644859354,未央区,109.013547,34.311318
BV10070030,辛家庙公交枢纽站(公交站),交通设施服务;公交车站;公交车站相关,108.99019809337872,34.31238458653625,未央区,108.995034,34.31094
B0LDMREY9E,西安世庭酒店(国展中心广泰门地铁站店)停车场,交通设施服务;停车场;公共停车场,109.0087714672771,34.30990549952214,未央区,109.013687,34.308516
B0J16APA5A,陕西建工第五建设集团有限公司停车场,交通设施服务;停车场;专用停车场,108.99213458273591,34.303260879528,未央区,108.996978,34.301818
BV10847589,浐灞一小(公交站),交通设施服务;公交车站;公交车站相关,109.00363777213322,34.31867699018987,未央区,109.008532,34.317276
B0FFH2O55V,唐樾六合坊停车场,交通设施服务;停车场;公共停车场,108.98377185757695,34.304893038254626,未央区,108.98858,34.303426
B0H3J55G3S,中国科学院大学西安存济医学中心地下停车场,交通设施服务;停车场;公共停车场,108.99016510017188,34.27799369459226,新城区,108.994998,34.276534
BX09913571,米家崖地铁站C2口,交通设施服务;地铁站;出入口,109.01136497613994,34.30319674393385,灞桥区,109.016291,34.301812
B0IAHU6J13,天成机动车登记服务站,交通设施服务;交通服务相关;交通服务相关,108.9989686353587,34.29804049089146,未央区,109.003841,34.296616
B0H12S97X5,景玉和悦酒店停车场,交通设施服务;停车场;公共停车场,108.99827514870944,34.27984540799406,新城区,109.003143,34.278411
BV09181855,浐灞大道浐河西路口(公交站),交通设施服务;公交车站;公交车站相关,109.02170265633752,34.31687933193356,未央区,109.026673,34.315531
BV11125793,幸福北路北口(公交站),交通设施服务;公交车站;公交车站相关,109.01124290854916,34.286455406680496,新城区,109.016167,34.285063
B0JK2MU8EQ,四海唐人街购物中心停车场(出入口),交通设施服务;停车场;停车场出入口,108.9654113054832,34.32352024281952,未央区,108.970148,34.322011
B0H39HRZKW,西安卡森商务酒店地下停车场,交通设施服务;停车场;公共停车场,108.99719493636272,34.278246356705395,新城区,109.002058,34.276808
B0IUYA5ZSA,辛家庙地铁站停车场,交通设施服务;停车场;公共停车场,108.99130587660636,34.30625703366862,未央区,108.996146,34.304813
B0J3FU0UNO,西安浐灞印象城地下停车场(出入口),交通设施服务;停车场;停车场出入口,108.99259814048044,34.308739023523984,未央区,108.997444,34.3073
BV10071191,陕汽福利区(公交站),交通设施服务;公交车站;公交车站相关,109.00584905558328,34.28543606161058,新城区,109.01075,34.284027
BX10026312,大明宫北地铁站B西南口,交通设施服务;地铁站;出入口,108.96631907624337,34.30937443370963,未央区,108.971058,34.307861
B0L0ZAEMSX,龙湖长乐天街万寿北路停车场(入口),交通设施服务;停车场;停车场入口,109.00896991252904,34.28270480806938,新城区,109.013884,34.281304
B0FFL9XYJW,荣德棕榈阳光公共地下停车场,交通设施服务;停车场;公共停车场,108.99845308469408,34.31919749623992,未央区,109.003325,34.317781
BV11218153,太和路东元西路口(公交站),交通设施服务;公交车站;公交车站相关,108.97971040789652,34.296083715237366,新城区,108.984501,34.294601
B0H2NUER3E,保亿大明宫国际地下停车场,交通设施服务;停车场;公共停车场,108.96782679925856,34.30433078224217,未央区,108.972571,34.302819
BV10913515,广兴路西口(公交站),交通设施服务;公交车站;公交车站相关,109.01106870160729,34.3095207877312,未央区,109.015994,34.308138
BV11200089,东岭欣城(公交站),交通设施服务;公交车站;公交车站相关,109.0081003707667,34.297663981670446,灞桥区,109.013012,34.296267
BV11252799,新房村南(公交站),交通设施服务;公交车站;公交车站相关,109.0132979984046,34.3124728092822,未央区,109.018233,34.311098
B0FFGYZVLF,华远·海蓝城3期内部地下停车场,交通设施服务;停车场;专用停车场,109.00335681964752,34.30872140058865,未央区,109.008249,34.307315
BV10071332,华清村(公交站),交通设施服务;公交车站;公交车站相关,108.98061080395468,34.28282682350379,新城区,108.985404,34.281341
BX09913570,米家崖地铁站D口,交通设施服务;地铁站;出入口,109.01070862523204,34.30488695038675,灞桥区,109.015632,34.303501
B0LAXU4DTH,复地大华里地面停车场,交通设施服务;停车场;公共停车场,108.97126213359726,34.285401892118706,新城区,108.976018,34.283891
BV10932811,广兴路中段(公交站),交通设施服务;公交车站;公交车站相关,109.01432690010589,34.30959407324283,未央区,109.019266,34.308221
BV10072292,纺织城(地铁站),交通设施服务;地铁站;地铁站,109.06463884921048,34.28073234657304,灞桥区,109.069751,34.279465
BV10073322,浐灞中心(地铁站),交通设施服务;地铁站;地铁站,109.04118509828878,34.318268517390656,灞桥区,109.04623,34.316972
B0HR5ZA56O,唐都医院停车场,交通设施服务;停车场;公共停车场,109.0581126545571,34.28385865353861,灞桥区,109.063208,34.282582
B0FFG523H6,西安城东交通枢纽,交通设施服务;长途汽车站;长途汽车站,109.06497987377404,34.28236415275261,灞桥区,109.070093,34.281098
BV10617557,桃花潭(地铁站),交通设施服务;地铁站;地铁站,109.02819401265684,34.312508278061564,灞桥区,109.03319,34.311176
BV10070648,唐都医院(公交站),交通设施服务;公交车站;公交车站相关,109.0585444073275,34.284473636576706,灞桥区,109.063641,34.283198
BV10627691,纺织城客运站(公交站),交通设施服务;公交车站;公交车站相关,109.0648493208354,34.28088197028788,灞桥区,109.069962,34.279615
B0G07Z242L,西安华阳城购物中心停车场,交通设施服务;停车场;公共停车场,109.06700818560029,34.280637965875414,灞桥区,109.072126,34.279374
B0FFGGZ6RJ,西安世博园东三环出入口停车场,交通设施服务;停车场;公共停车场,109.04671980725452,34.323882304927864,灞桥区,109.051784,34.322601
BV10070907,灞桥火车站(公交站),交通设施服务;公交车站;公交车站相关,109.05830460881562,34.301355732450794,灞桥区,109.063402,34.300087
BV10070625,纺织城枢纽站(公交站),交通设施服务;公交车站;公交车站相关,109.06356053005103,34.280673006367486,灞桥区,109.06867,34.279404
B0I07SMM1E,西安城东交通枢纽地面停车场,交通设施服务;停车场;公共停车场,109.06470271934776,34.28042338099111,灞桥区,109.069815,34.279156
BV10070633,三十四中(公交站),交通设施服务;公交车站;公交车站相关,109.06420562649672,34.30714950617577,灞桥区,109.069319,34.305893
B0GKX5DV90,凯德广场·御锦城地下停车场,交通设施服务;停车场;公共停车场,109.03892352233748,34.27861339974793,灞桥区,109.043957,34.277294
BV09011739,堡子村(公交站),交通设施服务;公交车站;公交车站相关,109.05204787678969,34.277758605747266,灞桥区,109.057125,34.276468
BX10014119,纺织城地铁站A西北口,交通设施服务;地铁站;出入口,109.06393657051927,34.28090133480345,灞桥区,109.069047,34.279633
BV10830762,铁一中滨河校区(公交站),交通设施服务;公交车站;公交车站相关,109.071914357003,34.292224707020246,灞桥区,109.077044,34.290972
B0HBOPIRJ4,天空之城中心枢纽,购物服务;商场;购物中心|交通设施服务;交通服务相关;交通服务相关,109.0646248286056,34.28136710066716,灞桥区,109.069737,34.2801
BV11126424,半坡公交调度站(公交站),交通设施服务;公交车站;公交车站相关,109.04565631842983,34.27750418470263,灞桥区,109.050713,34.2762
B0FFF04DO3,半坡公交枢纽站,交通设施服务;交通服务相关;交通服务相关,109.04429382957504,34.27822593874112,灞桥区,109.049346,34.276919
B0FFH33HEU,席王村地面停车场,交通设施服务;停车场;公共停车场,109.0646263974826,34.28629601088037,灞桥区,109.069739,34.285031
B0FFGFQCZP,浐灞半岛朱雀金堤A15区内部地面停车场,交通设施服务;停车场;专用停车场,109.03512503140794,34.317930551424745,灞桥区,109.040148,34.316619
B0FFGYOZQT,浐灞汽车主题公园地面停车场,交通设施服务;停车场;公共停车场,109.04523745872372,34.30374979973579,灞桥区,109.050295,34.302456
BV10070902,梆子井(公交站),交通设施服务;公交车站;公交车站相关,109.03733585185036,34.29506627643032,灞桥区,109.042365,34.29375
BX10032146,纺织城地铁站F西南口,交通设施服务;地铁站;出入口,109.06445136139708,34.28014187516718,灞桥区,109.069563,34.278874
BV11368961,浐灞半岛A10区(公交站),交通设施服务;公交车站;公交车站相关,109.02938890466282,34.31761370517094,未央区,109.03439,34.316287
B0JRDH0GV8,西安千古情停车场,交通设施服务;停车场;公共停车场,109.06211563260612,34.32191098307117,灞桥区,109.067225,34.320658
BV10071091,灞桥停车场(公交站),交通设施服务;公交车站;公交车站相关,109.07003791216742,34.32024741294977,灞桥区,109.075166,34.319005
BV10072250,桃花潭公园(公交站),交通设施服务;公交车站;公交车站相关,109.0273173258105,34.30241521358103,灞桥区,109.032309,34.301076
BX10021658,桃花潭地铁站B1口,交通设施服务;地铁站;出入口,109.0279171487733,34.311945287228575,灞桥区,109.032912,34.310612
B0FFHMIO8H,灞桥站,交通设施服务;火车站;火车站,109.05554236617964,34.30213937595757,灞桥区,109.060632,34.300866
BX10031091,纺织城地铁站G东南口,交通设施服务;地铁站;出入口,109.065301285922,34.28014061476013,灞桥区,109.070415,34.278874
BV11543541,灞桥热电厂北门(公交站),交通设施服务;公交车站;公交车站相关,109.04986751734262,34.29085148641005,灞桥区,109.054939,34.289562
BV11160866,十里铺公交调度站(公交站),交通设施服务;公交车站;公交车站相关,109.0279746031338,34.29224488424427,灞桥区,109.032968,34.290903
BV11473388,灞桥热电厂西门(公交站),交通设施服务;公交车站;公交车站相关,109.04613904281364,34.28533182340006,灞桥区,109.051198,34.284032
BV10070157,灞桥(公交站),交通设施服务;公交车站;公交车站相关,109.07588470519596,34.31316304594591,灞桥区,109.081024,34.311924
B0FFIR5G67,唐都医院停车场二部,交通设施服务;停车场;停车场相关,109.05952297868907,34.28164814416357,灞桥区,109.064622,34.280373
BX10031065,纺织城地铁站出入口,交通设施服务;地铁站;出入口,109.06569427652283,34.28085674138869,灞桥区,109.070809,34.279591
B001D0W54Y,西安世博园得宝门南地下停车场,交通设施服务;停车场;公共停车场,109.06526787812692,34.32034887948862,灞桥区,109.070385,34.3191
BV10070996,申家村(公交站),交通设施服务;公交车站;公交车站相关,109.06942810749344,34.29886987603624,灞桥区,109.074553,34.297617
B0JRTH1DJ3,千古情2号停车场,交通设施服务;停车场;公共停车场,109.06348425549776,34.32064442536732,灞桥区,109.068597,34.319393
BV11126421,长乐路新医路口(公交站),交通设施服务;公交车站;公交车站相关,109.05810321033252,34.27773424313454,灞桥区,109.063198,34.276455
BV10410068,灞桥园丁小区(公交站),交通设施服务;公交车站;公交车站相关,109.06827051501108,34.27794636738839,灞桥区,109.073391,34.276683
B0H3SAJD9L,西安城东交通枢纽(进站口),交通设施服务;长途汽车站;进站,109.06419889321968,34.28120081083425,灞桥区,109.06931,34.279933
BV10071088,浐灞商务中心(公交站),交通设施服务;公交车站;公交车站相关,109.038523291791,34.32138946790253,灞桥区,109.043559,34.320088
BX10021659,浐灞中心地铁站A东口,交通设施服务;地铁站;出入口,109.0413604929969,34.318164151499275,灞桥区,109.046406,34.316868
B0FFG9WGJF,停车场,交通设施服务;停车场;公共停车场,109.05997130298228,34.310135928505744,灞桥区,109.065074,34.308874
BV11081768,长乐路纺渭路口(公交站),交通设施服务;公交车站;公交车站相关,109.06817538411109,34.281943819361175,灞桥区,109.073296,34.280682
B0GRYZSNDS,地面停车场,交通设施服务;停车场;公共停车场,109.07126653096296,34.2943295674909,灞桥区,109.076395,34.293077
B0FFGH0FA4,唐能立体停车场,交通设施服务;停车场;公共停车场,109.05537244177496,34.28382663804098,灞桥区,109.06046,34.282545
BV11272279,水香路北口(公交站),交通设施服务;公交车站;公交车站相关,109.07179271777316,34.279477278789486,灞桥区,109.076921,34.278219
BX10014118,纺织城地铁站D东北口,交通设施服务;地铁站;出入口,109.06493611121957,34.28085585256055,灞桥区,109.070049,34.279589
B001D1116W,灞桥生态湿地公园花阶广场停车场,交通设施服务;停车场;公共停车场,109.07867812263969,34.296858709814224,灞桥区,109.083821,34.295615
BX10031090,纺织城地铁站C东南口,交通设施服务;地铁站;出入口,109.0654129802784,34.28055127899029,灞桥区,109.070527,34.279285
B0GKU7J1PY,浐灞外事大厦地下停车场,交通设施服务;停车场;公共停车场,109.03814676546804,34.32005401321458,灞桥区,109.043181,34.318751
BV10863919,三十四中学(公交站),交通设施服务;公交车站;公交车站相关,109.06819534576026,34.304897821521514,灞桥区,109.073318,34.303646
BV10614097,竹影廊桥(公交站),交通设施服务;公交车站;公交车站相关,109.0277866987072,34.311516837491844,未央区,109.032781,34.310183
B0G07Z2KMT,西安华阳城购物中心地下停车场,交通设施服务;停车场;公共停车场,109.06729942158942,34.28163714174315,灞桥区,109.072418,34.280374
BV10070626,南程村(公交站),交通设施服务;公交车站;公交车站相关,109.06813902399024,34.287045703731025,灞桥区,109.07326,34.285786
B0FFGAGMPK,便民地面停车场,交通设施服务;停车场;公共停车场,109.02802261537856,34.28988777115029,灞桥区,109.033016,34.288545
BX10021656,桃花潭地铁站A1口,交通设施服务;地铁站;出入口,109.02852668877112,34.31273327356405,灞桥区,109.033524,34.311402
BX10021660,浐灞中心地铁站B南口,交通设施服务;地铁站;出入口,109.04102072136668,34.3177291561641,灞桥区,109.046065,34.316432
BV11507829,电厂西路南段(公交站),交通设施服务;公交车站;公交车站相关,109.04591111547872,34.28164388682133,灞桥区,109.050969,34.280342
BX09900019,纺织城地铁站出入口,交通设施服务;地铁站;出入口,109.06381683923848,34.28124437322605,灞桥区,109.068927,34.279976
BV10071087,安邸村(公交站),交通设施服务;公交车站;公交车站相关,109.03381103708726,34.31686640636823,未央区,109.038829,34.315551
B0IDMRYCOY,丰润泽御锦一路地面停车场,交通设施服务;停车场;公共停车场,109.04236110584397,34.28214973104543,灞桥区,109.047407,34.28084
BV10924317,浐灞半岛A13区(公交站),交通设施服务;公交车站;公交车站相关,109.03136081086532,34.32312788460232,未央区,109.03637,34.321809
B0G1FRQD3X,东圣停车场,交通设施服务;停车场;停车场相关,109.05429959299477,34.283735702059225,灞桥区,109.059384,34.282452
BX10021657,桃花潭地铁站B2口,交通设施服务;地铁站;出入口,109.02791714087265,34.31203824487669,灞桥区,109.032912,34.310705
BV10405084,世博园得宝门(公交站),交通设施服务;公交车站;公交车站相关,109.06733893451862,34.320742748234835,灞桥区,109.072461,34.319497
B0FFGFWHJ9,大众地面停车场,交通设施服务;停车场;公共停车场,109.05640665525928,34.281592670732074,灞桥区,109.061497,34.280312
B0H2FSLGTT,西安世博园灞河东路停车场,交通设施服务;停车场;公共停车场,109.04638798090788,34.32294747006325,灞桥区,109.051451,34.321665
B0FFG3U0LW,灞桥生态湿地公园喷泉广场停车场,交通设施服务;停车场;公共停车场,109.07700490316807,34.29875541350561,灞桥区,109.082145,34.297511
B0G07U4NJ2,华东购物广场停车场,交通设施服务;停车场;公共停车场,109.07125599619144,34.300737766660355,灞桥区,109.076385,34.299488
B0FFF4L8UH,灞桥生态湿地公园游客中心停车场,交通设施服务;停车场;公共停车场,109.082356490333,34.29330032453887,灞桥区,109.087505,34.292058
B0HUZRIMG9,西安市公安局浐灞生态区分局停车点,交通设施服务;停车场;专用停车场,109.0253889026217,34.30343107299144,灞桥区,109.030373,34.302087
BV11543540,阎家滩(公交站),交通设施服务;公交车站;公交车站相关,109.0462733191751,34.28858114040944,灞桥区,109.051333,34.287283
BV10070646,香王(公交站),交通设施服务;公交车站;公交车站相关,109.07507121689842,34.27896384004164,灞桥区,109.080206,34.277709
B0G1SRCNE7,市民中心停车场(内部专用),交通设施服务;停车场;公共停车场,109.0722557430465,34.279657658577186,灞桥区,109.077385,34.2784
BV09327377,纺织城地铁站(公交站),交通设施服务;公交车站;公交车站相关,109.06343180330455,34.28125096185939,灞桥区,109.068541,34.279982
BV10886883,灞桥建材厂(公交站),交通设施服务;公交车站;公交车站相关,109.08227262401849,34.31616315541699,灞桥区,109.087423,34.314931
B0GKYDI3SF,西安华阳城购物中心停车场(出入口),交通设施服务;停车场;停车场出入口,109.06679074363088,34.28006750922999,灞桥区,109.071908,34.278803
BX10031092,纺织城地铁站B西南口,交通设施服务;地铁站;出入口,109.06425181180173,34.280628971195505,灞桥区,109.069363,34.279361
B0FFH67MGN,振业·泊公馆内部地下停车场,交通设施服务;停车场;专用停车场,109.03508575548408,34.31118374714639,灞桥区,109.040108,34.309869
BV11473389,电厂东路电厂西路口(公交站),交通设施服务;公交车站;公交车站相关,109.0476266438194,34.29138498976806,灞桥区,109.052691,34.290091
BV09207378,西安纺织城客运站(公交站),交通设施服务;公交车站;公交车站相关,109.0652113714292,34.281667105229154,灞桥区,109.070325,34.280401
B0JUVU4PF1,丝路国际文化艺术中心停车场,交通设施服务;停车场;公共停车场,109.0387279331075,34.31698801196796,灞桥区,109.043764,34.315685
BV10070995,柴家村(公交站),交通设施服务;公交车站;公交车站相关,109.0682033583913,34.293028041870656,灞桥区,109.073325,34.291771
BV09031148,柳鸣路南口(便民站)(公交站),交通设施服务;公交车站;公交车站相关,109.06347681400324,34.27982149253648,灞桥区,109.068586,34.278552
B0G02774H4,京都国际地下停车场,交通设施服务;停车场;公共停车场,109.0510598458292,34.27859824259329,灞桥区,109.056134,34.277306
B0FFGX4ZCU,灞桥生态湿地公园文化广场停车场,交通设施服务;停车场;公共停车场,109.08324258619665,34.29998278066466,灞桥区,109.088393,34.298744
BV11227522,浐灞汽车主题公园(公交站),交通设施服务;公交车站;公交车站相关,109.043818547315,34.300271547271734,灞桥区,109.048871,34.298973
B0H0LZGF8X,灞桥区市民中心停车场,交通设施服务;停车场;公共停车场,109.0749154963908,34.27917591414913,灞桥区,109.08005,34.277921
BV11137216,电厂东路席王路口(公交站),交通设施服务;公交车站;公交车站相关,109.05325737064292,34.28751910179761,灞桥区,109.058339,34.286235
B0H2N5E9RU,御锦城六期理想树西北门(地下停车场),交通设施服务;停车场;公共停车场,109.03692165124744,34.291711762837565,灞桥区,109.041949,34.290393
BV09522364,纺织城地铁站A口(公交站),交通设施服务;公交车站;公交车站相关,109.06356053005103,34.280673006367486,灞桥区,109.06867,34.279404
BV10071086,浐灞半岛(公交站),交通设施服务;公交车站;公交车站相关,109.0281787768005,34.31597273101869,未央区,109.033175,34.314642
BV10614107,桃花坞(公交站),交通设施服务;公交车站;公交车站相关,109.031022704676,34.30447032350036,灞桥区,109.036029,34.303142
BV11183554,安邸立交公交调度站(公交站),交通设施服务;公交车站;公交车站相关,109.04195281861676,34.31361085622913,灞桥区,109.047,34.312314
B0KDLAKSS7,纺织城客运站综合服务中心,交通设施服务;交通服务相关;交通服务相关,109.06419375313163,34.28296407529915,灞桥区,109.069305,34.281697
B0JBZ7QSIN,可可停车场,交通设施服务;停车场;公共停车场,109.05609958782576,34.28097749245485,灞桥区,109.061189,34.279696
BV10924316,浐灞半岛A11区(公交站),交通设施服务;公交车站;公交车站相关,109.0274331047845,34.32309345210646,未央区,109.032427,34.321764
B0JDRZIZAE,西安城东交通枢纽地下停车场,交通设施服务;停车场;公共停车场,109.06409018514276,34.28094208422245,灞桥区,109.069201,34.279674
BV09481234,纺织城地铁站G口(公交站),交通设施服务;公交车站;公交车站相关,109.06534120113795,34.28000461331688,灞桥区,109.070455,34.278738
B0FFGKPBFK,浩浩停车场,交通设施服务;停车场;公共停车场,109.05783973927257,34.28009572122684,灞桥区,109.062934,34.278817
B0GKU7KFJG,西安浐灞商务中心停车场,交通设施服务;停车场;公共停车场,109.04099665666392,34.31946540818281,灞桥区,109.046041,34.318169
B0JD0ZRAUB,御锦城7期内部地下停车场,交通设施服务;停车场;专用停车场,109.0348354992174,34.29001975158007,灞桥区,109.039855,34.288695
B0FFMBRTW4,丰润泽地面停车场,交通设施服务;停车场;公共停车场,109.06399205459826,34.28526140749848,灞桥区,109.069103,34.283995
B0G02769MY,京都国际停车场,交通设施服务;停车场;公共停车场,109.05083954137982,34.27846474630055,灞桥区,109.055913,34.277172
B0K0GA5754,驾驶人自助体检机(西安市车管所东所),交通设施服务;交通服务相关;交通服务相关,109.05978663300428,34.30051854971907,灞桥区,109.064888,34.299252
BV10070994,贝斯特物流中心(公交站),交通设施服务;公交车站;公交车站相关,109.06817072196932,34.28969452579243,灞桥区,109.073292,34.288436
B0K1OSYD5M,西安城东交通枢纽(出站口),交通设施服务;长途汽车站;出站,109.06529320210512,34.281333125693166,灞桥区,109.070407,34.280067
BV11263156,浐河东路东城大道口(公交站),交通设施服务;公交车站;公交车站相关,109.03130143242386,34.295123714263696,灞桥区,109.036308,34.293792
B0K1KUN627,6号线纺织城停车场,交通设施服务;停车场;公共停车场,109.07145141274032,34.27969859360869,灞桥区,109.076579,34.27844
B0FFGFQ5LN,普华浅水湾停车场,交通设施服务;停车场;专用停车场,109.0722999868114,34.29881537630071,灞桥区,109.077431,34.297566
BV10849313,建行档案中心(公交站),交通设施服务;公交车站;公交车站相关,109.03862071129922,34.30075961220174,灞桥区,109.043655,34.299449
B0KKGZ9X1F,车行天下停车场,交通设施服务;停车场;公共停车场,109.03302691393483,34.294446489641665,灞桥区,109.03804,34.293119
B0FFFG06BE,西安地铁1号线灞河停车场,交通设施服务;停车场;公共停车场,109.07726387063305,34.28228926567871,灞桥区,109.082403,34.281038
B0MGSRN0FE,中闻集团停车场,交通设施服务;停车场;公共停车场,109.05399255828586,34.283087564001434,灞桥区,109.059076,34.281803
B0HR5ZA56P,唐都医院停车场(入口),交通设施服务;停车场;停车场入口,109.05794317899505,34.28324221329518,灞桥区,109.063038,34.281965
B0HG5SBUQ0,灞桥站停车场,交通设施服务;停车场;公共停车场,109.05461714771626,34.30120752768247,灞桥区,109.059704,34.299932
B001D10YAV,西安市公共交通集团有限公司纺织城枢纽站(柳鸣路),公司企业;公司;公司|交通设施服务;交通服务相关;交通服务相关,109.06501059087482,34.28476409165838,灞桥区,109.070124,34.283499
B0FFGLBS7X,西安浐灞半岛停车场,交通设施服务;停车场;公共停车场,109.0314687637635,34.31883760114417,未央区,109.036478,34.317517
B0IKHUI2ZP,浐灞金融城内部地下停车场,交通设施服务;停车场;专用停车场,109.03234268230004,34.30413899792023,灞桥区,109.037354,34.302814
B0FFITKJ7W,浐灞半岛藏珑内部地下停车场(出入口),交通设施服务;停车场;停车场出入口,109.0283056719531,34.323080083555695,未央区,109.033303,34.321753
B0FFGFQB64,浐灞城市广场停车点,交通设施服务;停车场;公共停车场,109.02974277866976,34.314686104636195,未央区,109.034745,34.313359
BV11351207,一二四所(公交站),交通设施服务;公交车站;公交车站相关,109.07018443910106,34.322025398585254,灞桥区,109.075313,34.320784
BV11137182,电厂东路新寺路口(公交站),交通设施服务;公交车站;公交车站相关,109.0529067821132,34.283392542139715,灞桥区,109.057987,34.282106
BV11174034,御浦路御锦四路口(公交站),交通设施服务;公交车站;公交车站相关,109.03541239122744,34.28959146955339,灞桥区,109.040434,34.288268
BV11174285,御城路御锦三路口(公交站),交通设施服务;公交车站;公交车站相关,109.04026798721524,34.28730548279444,灞桥区,109.045307,34.285993
B0FFING0CS,浐灞新城金域花园B区停车场,交通设施服务;停车场;公共停车场,109.07170404200488,34.27787405394696,灞桥区,109.076832,34.276615
B0H0LZHGXC,灞桥区市民中心地下停车场,交通设施服务;停车场;公共停车场,109.07600145045984,34.27912182388173,灞桥区,109.081138,34.277868
BV10614106,华清桥(公交站),交通设施服务;公交车站;公交车站相关,109.02913287621637,34.29449177394957,灞桥区,109.034131,34.293154
B0LB5CT10L,浐灞半岛藏珑内部地下停车场,交通设施服务;停车场;专用停车场,109.02841525615598,34.32291586351114,未央区,109.033413,34.321589
B0L3HZ7MKD,星程酒店西安纺织城地铁站店停车场,交通设施服务;停车场;公共停车场,109.06571389174728,34.28475106816443,灞桥区,109.070829,34.283487
B0JR3AET7C,高科·绿水东城一期内部地下停车场,交通设施服务;停车场;专用停车场,109.06690714698075,34.29532781673544,灞桥区,109.072026,34.29407
BV11199924,柳烟路普华浅水湾(公交站),交通设施服务;公交车站;公交车站相关,109.07269520976048,34.298449080869304,灞桥区,109.077827,34.2972
BV10629452,灞桥街东口(公交站),交通设施服务;公交车站;公交车站相关,109.07470592885258,34.313318191575966,灞桥区,109.079843,34.312078
B0GR2U9UOK,森茂唐都便民停车场,交通设施服务;停车场;公共停车场,109.058086905144,34.28178757365031,灞桥区,109.063182,34.28051
B0JGH7LUY1,华阳金街(玲珑苑)停车场,交通设施服务;停车场;公共停车场,109.0676774717237,34.28252624794215,灞桥区,109.072797,34.281264
BV09065758,锻压厂(公交站),交通设施服务;公交车站;公交车站相关,109.06971777713812,34.31834570284267,灞桥区,109.074845,34.317102
BV10847591,浐灞欧亚中学(公交站),交通设施服务;公交车站;公交车站相关,109.02667940649498,34.31934926452752,未央区,109.03167,34.318016
B0MAMO71JE,御锦城19期岸芷汀澜北侧地上停车场,交通设施服务;停车场;公共停车场,109.03928992093492,34.2819920926486,灞桥区,109.044325,34.280675
BV11067869,桃花潭地铁口(公交站),交通设施服务;公交车站;公交车站相关,109.02711031002642,34.31219437593778,灞桥区,109.032102,34.310859
BV10503750,柳烟路灞瑞一路口(公交站),交通设施服务;公交车站;公交车站相关,109.07574347040286,34.295920898764415,灞桥区,109.080881,34.294674
B0FFGAXRV2,停车场,交通设施服务;停车场;公共停车场,109.05222670317109,34.319784732738974,灞桥区,109.057308,34.318513
B0FFG3TZUT,灞桥生态湿地公园在水一方停车场,交通设施服务;停车场;公共停车场,109.07853468598154,34.30470236346768,灞桥区,109.083678,34.303462
B0JGMU6WHX,凯捷地面停车场,交通设施服务;停车场;公共停车场,109.03700626104563,34.280981126874444,灞桥区,109.042033,34.279658
B0IB5R6FZP,西安泰隆酒店地面停车点,交通设施服务;停车场;公共停车场,109.05867417092225,34.283078001695074,灞桥区,109.063771,34.281802
B0H67U2ZU1,康复路商贸城停车场,交通设施服务;停车场;公共停车场,109.06389044182664,34.28371221946139,灞桥区,109.069001,34.282445
B0IKJA4E64,地面停车场,交通设施服务;停车场;公共停车场,109.03115373675608,34.32159914738341,未央区,109.036162,34.320279
BX10032144,纺织城地铁站E西北口,交通设施服务;地铁站;出入口,109.06425282186424,34.28048403052397,灞桥区,109.069364,34.279216
B0IRP55I68,自然界忘岳停车场,交通设施服务;停车场;公共停车场,109.02856261887368,34.32361613591531,未央区,109.033561,34.32229
B0IUMU3GQD,御锦城V青年内部地面停车场,交通设施服务;停车场;专用停车场,109.04175909437927,34.283325641365366,灞桥区,109.046803,34.282015
B0H0LZHGXB,灞桥区市民中心停车场(出入口),交通设施服务;停车场;停车场出入口,109.074905524378,34.27907396725199,灞桥区,109.08004,34.277819
B0H3TUM2XC,第四军医大学唐都医院南侧停车场,交通设施服务;停车场;公共停车场,109.05804483548192,34.28394473654402,灞桥区,109.06314,34.282668
B0FFF656K1,长十路停车场,交通设施服务;停车场;公共停车场,109.02508963764969,34.28537076894717,灞桥区,109.030071,34.284018
B0FFJ2UTRV,浐灞半岛澜庭金堤A14区停车场,交通设施服务;停车场;停车场相关,109.03507892463055,34.32117815920214,未央区,109.040102,34.319868
B0KR7SJ7GA,纺织城停车场,交通设施服务;停车场;公共停车场,109.07164894049876,34.2803680764529,灞桥区,109.076777,34.27911
BV11251045,柳鸣路灞瑞一路口(公交站),交通设施服务;公交车站;公交车站相关,109.06185762229175,34.29512749863595,灞桥区,109.066964,34.293862
BV11174035,御城路御锦四路口(公交站),交通设施服务;公交车站;公交车站相关,109.0404949432964,34.29012373153811,灞桥区,109.045535,34.288813
B0KRORSFT5,振业泊公馆停车场,交通设施服务;停车场;公共停车场,109.03493326382856,34.311875820114054,灞桥区,109.039955,34.310561
B0FFIMAO14,西安灞河新区管理委员会内部停车场,交通设施服务;停车场;专用停车场,109.07014010456786,34.30397770344691,灞桥区,109.075267,34.302728
BX09900925,桃花潭地铁站A2口,交通设施服务;地铁站;出入口,109.02797086961094,34.31274077816603,灞桥区,109.032966,34.311408
BV11256285,金桥三路西口(公交站),交通设施服务;公交车站;公交车站相关,109.03095475408368,34.30695139075875,灞桥区,109.035961,34.305624
BV11067871,振业泊公馆(公交站),交通设施服务;公交车站;公交车站相关,109.03244457014752,34.31260990614108,灞桥区,109.037457,34.311289
BV11156864,柳虹路柳新路口(公交站),交通设施服务;公交车站;公交车站相关,109.05677777158247,34.29115691739976,灞桥区,109.06187,34.289881
BV11001428,御锦一路东口(公交站),交通设施服务;公交车站;公交车站相关,109.0428563072649,34.28320013894377,灞桥区,109.047904,34.281892
B0H2MZ06XJ,便民停车场,交通设施服务;停车场;公共停车场,109.02558721814432,34.29042122596979,灞桥区,109.030571,34.289072
B0J0ZMBN6C,领馆1号地下停车场,交通设施服务;停车场;公共停车场,109.03487595831538,34.30625950698801,灞桥区,109.039897,34.304942
B0L0SGHKMY,浐灞生态区公安分局广运潭派出所停车场,交通设施服务;停车场;专用停车场,109.04744618178222,34.31516677883244,灞桥区,109.052512,34.313883
BV11162099,官厅立交东(公交站),交通设施服务;公交车站;公交车站相关,109.0539094891219,34.298326151664135,灞桥区,109.058994,34.297048
B0FFJN6RAV,安邸立交充电桩停车场,交通设施服务;停车场;停车场相关,109.04050072021992,34.31577629369326,灞桥区,109.045543,34.314477
BV10614109,西岸公园(公交站),交通设施服务;公交车站;公交车站相关,109.06348535800264,34.307905265295595,灞桥区,109.068597,34.306648
B0H0OSY03B,中南林樾地下停车场,交通设施服务;停车场;公共停车场,109.06563373053638,34.32339292227146,灞桥区,109.070752,34.322146
BV09452131,桃花潭地铁站A口(公交站),交通设施服务;公交车站;公交车站相关,109.02931356250576,34.31334687021963,未央区,109.034314,34.312018
BV11313560,东三环电厂西路口(公交站),交通设施服务;公交车站;公交车站相关,109.04374662167916,34.290623924060185,灞桥区,109.048798,34.289321
B0H6UUT2PG,停车场,交通设施服务;停车场;公共停车场,109.02623364994594,34.290332477589935,灞桥区,109.03122,34.288985
BV11637655,御锦城公交调度站(公交站),交通设施服务;公交车站;公交车站相关,109.04067307557816,34.29291410113441,灞桥区,109.045714,34.291605
BV10890817,柳新路纺渭路口(公交站),交通设施服务;公交车站;公交车站相关,109.066116308309,34.29192041613657,灞桥区,109.071233,34.29066
B0FFH683AQ,振业·泊公馆内部地下停车场(出入口),交通设施服务;停车场;停车场出入口,109.03492627939887,34.31199778231618,灞桥区,109.039948,34.310683
B0GR2RA2AS,森茂唐都停车场,交通设施服务;停车场;公共停车场,109.06057607498644,34.28256098732731,灞桥区,109.065678,34.281288
B0GKYDHA6M,华阳城地下停车场(出入口),交通设施服务;停车场;停车场出入口,109.06695822228671,34.28155964801693,灞桥区,109.072076,34.280296
BV11601239,柳新路东柳瑞路口(公交站),交通设施服务;公交车站;公交车站相关,109.07541449471825,34.291265257258594,灞桥区,109.080551,34.290016
B0H3DDR0IX,灞河西岸公园1号停车场,交通设施服务;停车场;公共停车场,109.04431327587209,34.31877804013855,灞桥区,109.049369,34.317489
B0FFG3U3GR,御锦城萨拉曼卡地下停车场,交通设施服务;停车场;路边停车场,109.03316209047878,34.28640060593568,灞桥区,109.038175,34.28507
B0L0ASBC9G,西安市公安局交通警察支队车辆管理所东区分所地上停车场,交通设施服务;停车场;公共停车场,109.05943454528044,34.30097894456582,灞桥区,109.064535,34.299712
B0HKYCWC5D,天睦城·澜岸小区停车场,交通设施服务;停车场;公共停车场,109.02681193178448,34.29529573452969,灞桥区,109.031801,34.293952
BV09320009,通塬路公交调度站(公交站),交通设施服务;公交车站;公交车站相关,109.04938810804684,34.30158978565337,灞桥区,109.054459,34.300304
BV11324831,浐灞金融商务区(公交站),交通设施服务;公交车站;公交车站相关,109.04362658074116,34.31911144794484,灞桥区,109.04868,34.317821
B0L199IPHV,广源大厦停车场,交通设施服务;停车场;专用停车场,109.0581648908079,34.27945041782933,灞桥区,109.06326,34.278172
BV11251044,柳虹路灞瑞一路口(公交站),交通设施服务;公交车站;公交车站相关,109.05971728643568,34.29513203399404,灞桥区,109.064818,34.293863
B0HKD5YLBK,御锦城智慧树地下停车场,交通设施服务;停车场;公共停车场,109.0404372383114,34.28906032650506,灞桥区,109.045477,34.287749
BV11253925,御城路御锦二路口(公交站),交通设施服务;公交车站;公交车站相关,109.04009086176995,34.28442313432244,灞桥区,109.045129,34.283109
B0J3YUCT1R,高科绿水东城四期停车场,交通设施服务;停车场;专用停车场,109.059994392465,34.296840818338254,灞桥区,109.065096,34.295573
B0HGS95X8B,前海人寿金融中心地下停车场,交通设施服务;停车场;公共停车场,109.05114112940583,34.30716968363784,灞桥区,109.056218,34.30589
BV10848624,金茂一路(公交站),交通设施服务;公交车站;公交车站相关,109.0252239061108,34.32287364135595,未央区,109.030209,34.321538
B0FFGFQD04,浐灞城市广场停车场,交通设施服务;停车场;公共停车场,109.03131080582835,34.31373636917648,未央区,109.036319,34.312413
BV11167843,柳烟路柳新路口(公交站),交通设施服务;公交车站;公交车站相关,109.07988150324542,34.2922037096963,灞桥区,109.085026,34.290959
BV11246529,御城路御锦一路口(公交站),交通设施服务;公交车站;公交车站相关,109.03932378562986,34.28215894030239,灞桥区,109.044359,34.280842
BV10850299,田王(地铁站),交通设施服务;地铁站;地铁站,109.11253574282502,34.29798385028837,灞桥区,109.117706,34.296745
BV10850290,洪庆(地铁站),交通设施服务;地铁站;地铁站,109.11253299119706,34.31800081623701,灞桥区,109.117705,34.316771
BV10850294,灞柳二路(地铁站),交通设施服务;地铁站;地铁站,109.10986113418056,34.28196030433325,灞桥区,109.11503,34.280716
BV10819057,火箭军工程大学(公交站),交通设施服务;公交车站;公交车站相关,109.12280419086254,34.31720228084184,灞桥区,109.127973,34.315964
B001D0VXZ6,灞桥生态湿地公园西1门南停车场,交通设施服务;停车场;公共停车场,109.09175840761576,34.28460531815244,灞桥区,109.096918,34.283364
BV10070158,豁口(公交站),交通设施服务;公交车站;公交车站相关,109.09418786992195,34.3218951158164,灞桥区,109.099353,34.320671
B0FFH55VKQ,田王站,交通设施服务;火车站;火车站,109.10275240510092,34.298318847008595,灞桥区,109.107921,34.297084
BV10324172,田王(公交站),交通设施服务;公交车站;公交车站相关,109.11249802107515,34.294773233443195,灞桥区,109.117668,34.293533
BX10032025,田王地铁站A西北口,交通设施服务;地铁站;出入口,109.11213374214952,34.297722729808775,灞桥区,109.117304,34.296484
BX10031118,洪庆地铁站C东南口,交通设施服务;地铁站;出入口,109.11329509646512,34.317548488881336,灞桥区,109.118467,34.316318
B0L0VAI3WM,塬阳物流西门停车场,交通设施服务;停车场;公共停车场,109.0907627557245,34.29237629975786,灞桥区,109.095922,34.291138
BV10071996,田王村(公交站),交通设施服务;公交车站;公交车站相关,109.10501326971762,34.29050478808702,灞桥区,109.110182,34.289266
BX10031113,田王地铁站C东南口,交通设施服务;地铁站;出入口,109.1130228512365,34.29718849314901,灞桥区,109.118193,34.295949
BV10070762,洪庆(公交站),交通设施服务;公交车站;公交车站相关,109.1125981603829,34.31611972380242,灞桥区,109.11777,34.314889
BV11250144,火箭军家属院(公交站),交通设施服务;公交车站;公交车站相关,109.11996489297336,34.31675186192725,灞桥区,109.125135,34.315516
BV11345838,雅苑小区(公交站),交通设施服务;公交车站;公交车站相关,109.11936638352417,34.308435142558004,灞桥区,109.124536,34.307196
BV10070920,铸管厂(公交站),交通设施服务;公交车站;公交车站相关,109.11258802718903,34.30620622770461,灞桥区,109.117759,34.304971
BX10031115,灞柳二路地铁站D口,交通设施服务;地铁站;出入口,109.1098311112384,34.28224417007541,灞桥区,109.115,34.281
BX09900399,灞柳二路地铁站B口,交通设施服务;地铁站;出入口,109.1096171952026,34.28145040170677,灞桥区,109.114786,34.280206
BV10070645,马家湾(公交站),交通设施服务;公交车站;公交车站相关,109.0853635645447,34.27741213212837,灞桥区,109.090515,34.276165
BV11345839,砚湾村(公交站),交通设施服务;公交车站;公交车站相关,109.12640514248334,34.30841602773249,灞桥区,109.131571,34.30717
BV10070644,安村(公交站),交通设施服务;公交车站;公交车站相关,109.09145196307507,34.28179459837675,灞桥区,109.096611,34.280552
BX10031119,洪庆地铁站A西北口,交通设施服务;地铁站;出入口,109.11228992150302,34.3186243843322,灞桥区,109.117462,34.317395
B0FFG9YOUY,灞桥生态湿地公园西1门北停车场,交通设施服务;停车场;公共停车场,109.08961154910578,34.286193374404824,灞桥区,109.094769,34.284952
B0H1PRRS8N,西安庆华医院停车场,交通设施服务;停车场;公共停车场,109.11048818368997,34.29250211180109,灞桥区,109.115658,34.291262
BV10071997,庆华新区(公交站),交通设施服务;公交车站;公交车站相关,109.11260064846634,34.299114391137635,灞桥区,109.117771,34.297876
B0KAZZBJBY,西安航天化学动力有限公司内部地面停车场,交通设施服务;停车场;专用停车场,109.1267577527764,34.30420430865992,灞桥区,109.131923,34.302956
BV11126418,火箭军干休所(公交站),交通设施服务;公交车站;公交车站相关,109.11809317797558,34.3170501512486,灞桥区,109.123264,34.315816
BV11686056,洪庆街向阳北路口(公交站),交通设施服务;公交车站;公交车站相关,109.11251979457336,34.30881101336141,灞桥区,109.117691,34.307577
BV10072001,航天化学动力厂(公交站),交通设施服务;公交车站;公交车站相关,109.12667942363608,34.30734881120473,灞桥区,109.131845,34.306102
BX10031114,田王地铁站D东北口,交通设施服务;地铁站;出入口,109.11294871110246,34.29871477695212,灞桥区,109.118119,34.297476
BV11156900,赵西村(公交站),交通设施服务;公交车站;公交车站相关,109.10486350264544,34.3226652851594,灞桥区,109.110035,34.321441
B0L2HOB4BG,西安航天动力机械厂停车场,交通设施服务;停车场;公共停车场,109.12101453465816,34.30317495731321,灞桥区,109.126183,34.301932
B0HB7U2U5E,鸿泰地面停车场,交通设施服务;停车场;公共停车场,109.09798976187028,34.32389779612999,灞桥区,109.103158,34.322675
B001D0WT5S,灞桥生态湿地公园4号门停车场,交通设施服务;停车场;公共停车场,109.09562862568129,34.288048051737746,灞桥区,109.100792,34.286809
BV11295557,灞柳一路祥云路口(公交站),交通设施服务;公交车站;公交车站相关,109.0984937401799,34.28604474349398,灞桥区,109.103659,34.284805
B001D0WTI7,灞桥生态湿地公园东北门停车场,交通设施服务;停车场;公共停车场,109.08727152637704,34.29528548617812,灞桥区,109.092427,34.294047
BX10031116,灞柳二路地铁站C口,交通设施服务;地铁站;出入口,109.11065706856527,34.28232854878793,灞桥区,109.115826,34.281084
B0L3H78QM4,西安铁一中滨河学校灞桥初级中学地下停车场,交通设施服务;停车场;公共停车场,109.0871043133677,34.30012644298894,灞桥区,109.09226,34.29889
BX10031120,洪庆地铁站D东北口,交通设施服务;地铁站;出入口,109.11300397529456,34.31860881816608,灞桥区,109.118176,34.317379
BV11174564,灞柳一路纺园三路口(公交站),交通设施服务;公交车站;公交车站相关,109.10775964497232,34.27884068205285,灞桥区,109.112928,34.277596
B0FFL3C4A0,西安商隆粮油贸易有限公司地面停车场,交通设施服务;停车场;公共停车场,109.113303822916,34.3092582876093,灞桥区,109.118475,34.308024
B0JKSH3VL0,地面停车场,交通设施服务;停车场;公共停车场,109.1124155251868,34.27750654322667,灞桥区,109.117584,34.276259
BV11174565,灞柳二路纺园三路口(公交站),交通设施服务;公交车站;公交车站相关,109.10972224855514,34.28075474448279,灞桥区,109.114891,34.27951
B0LUNL6H3M,增哥大型停车场,交通设施服务;停车场;公共停车场,109.11304490632487,34.31943945763706,灞桥区,109.118217,34.31821
B0H14SS0Q4,陕西航天医院停车场,交通设施服务;停车场;公共停车场,109.1137969338232,34.30864687627545,灞桥区,109.118968,34.307412
B0MG9HPHNG,西安市第十九中学东南侧停车场,交通设施服务;停车场;公共停车场,109.11230370260644,34.30970847998567,灞桥区,109.117475,34.308475
B001D142JR,洪庆站,交通设施服务;火车站;火车站,109.11764997466142,34.30634367515744,灞桥区,109.12282,34.305105
B0FFGJQ7WS,航天四院四区高层停车场(出入口),交通设施服务;停车场;停车场出入口,109.12560562093635,34.3083152068881,灞桥区,109.130772,34.30707
B0FFGFPEV1,中铁滨河佳园内部地下停车场,交通设施服务;停车场;专用停车场,109.10668573158604,34.280213701127884,灞桥区,109.111854,34.27897
B0FFG9WQFM,停车场,交通设施服务;停车场;公共停车场,109.0868756494197,34.288122782628655,灞桥区,109.09203,34.286881
B0KR4UEL8G,西安华荣时代广场地面停车场,交通设施服务;停车场;公共停车场,109.11318181197768,34.29781031796052,灞桥区,109.118352,34.296571
B0JDBAGJEZ,洪庆停车场,交通设施服务;停车场;停车场相关,109.1180341877667,34.31671925653527,灞桥区,109.123205,34.315485
BX10032052,灞柳二路地铁站A口,交通设施服务;地铁站;出入口,109.1094431616505,34.281989092551406,灞桥区,109.114612,34.280745
BV10700879,纺园四路北口(公交站),交通设施服务;公交车站;公交车站相关,109.1205402584342,34.28104411004426,灞桥区,109.125707,34.279792
B0H0XU2CO8,西安城东汽车检测站停车场,交通设施服务;停车场;公共停车场,109.09017651450264,34.27943501649877,灞桥区,109.095334,34.278191
BV11673882,洪庆堡(公交站),交通设施服务;公交车站;公交车站相关,109.13199842362188,34.32124276718122,临潼区,109.137161,34.319996
BV11174161,祥云路西段(公交站),交通设施服务;公交车站;公交车站相关,109.08821975144122,34.27942381868921,灞桥区,109.093375,34.278179
B0M6SY30T0,庆华驾校苗圃训练基地(西安绕城高速店)地上停车场,交通设施服务;停车场;公共停车场,109.08976448315389,34.319351553394114,灞桥区,109.094925,34.318125
BV10700881,纺园五路公交调度站(公交站),交通设施服务;公交车站;公交车站相关,109.12492683471004,34.278067621903695,灞桥区,109.130091,34.27681
B0KAZZCLWJ,西安航天化学动力有限公司内部地面停车场(出入口),交通设施服务;停车场;停车场出入口,109.1267577527764,34.30420430865992,灞桥区,109.131923,34.302956
BV09241132,纺园五路(公交站),交通设施服务;公交车站;公交车站相关,109.12350889672705,34.27922168813057,灞桥区,109.128674,34.277966
B0KD2CRL6A,灞桥生态湿地公园地面停车场,交通设施服务;停车场;公共停车场,109.09451498421492,34.28301635395685,灞桥区,109.099677,34.281775
B0FFGYOSBH,浐灞生态湿地公园停车场,交通设施服务;停车场;公共停车场,109.08571905665436,34.28923692717288,灞桥区,109.090872,34.287995
BV09357362,西纺集团(公交站),交通设施服务;公交车站;公交车站相关,109.12449254500564,34.27834805302536,灞桥区,109.129657,34.277091
B0K6VUVUBO,宇航东路-道路停车位,交通设施服务;停车场;路边停车场,109.1267527985451,34.30364155442912,灞桥区,109.131918,34.302393
BV11673883,朝阳社区(公交站),交通设施服务;公交车站;公交车站相关,109.1242626140581,34.32173663239622,灞桥区,109.129431,34.320499
B0L0JXGVEP,灞桥生态湿地公园地上停车场,交通设施服务;停车场;公共停车场,109.095819963005,34.2824534079456,灞桥区,109.100983,34.281212
B0LUMCFNYC,保利林语溪停车场,交通设施服务;停车场;专用停车场,109.09796188570716,34.28837974883577,灞桥区,109.103127,34.287141
BV11174556,灞柳一路纺园二路口(公交站),交通设施服务;公交车站;公交车站相关,109.10504909620909,34.280923876572984,灞桥区,109.110217,34.279681
BV11462392,柳烟路柳莺路口(公交站),交通设施服务;公交车站;公交车站相关,109.08571930186233,34.28642113224663,灞桥区,109.090872,34.285178
B0MBKUQUD6,西安航天动力机械厂东北侧地上停车场,交通设施服务;停车场;公共停车场,109.12219603664302,34.30392772408611,灞桥区,109.127364,34.302684
B0H1PRQR67,西安庆华医院停车场(出入口),交通设施服务;停车场;停车场出入口,109.11075911270096,34.293238932243234,灞桥区,109.115929,34.291999
B0H0XU5MY8,西安城东汽车检测站停车场(出入口),交通设施服务;停车场;停车场出入口,109.08879606510558,34.27949453630908,灞桥区,109.093952,34.27825
BV11473454,朝阳路洪庆堡路口(公交站),交通设施服务;公交车站;公交车站相关,109.1232081011306,34.32072104433319,灞桥区,109.128377,34.319484
B0I1UZY0EG,航天四院一区高层停车场,交通设施服务;停车场;专用停车场,109.11648667944291,34.30599693778703,灞桥区,109.121657,34.304759
B0MB2603SS,陕西路安特实业有限公司(灞柳二路)地上停车场,交通设施服务;停车场;公共停车场,109.1027965542085,34.28496063103479,灞桥区,109.107964,34.28372
B0H3RZEZA5,东风骊苑停车场,交通设施服务;停车场;公共停车场,109.11997893187844,34.316373048953444,灞桥区,109.125149,34.315137
B0GKYYFTFL,灞桥生态湿地公园停车场,交通设施服务;停车场;公共停车场,109.10294273613212,34.28218583395585,灞桥区,109.10811,34.280944
B0HKJC272Y,帝都天元酒店停车场,交通设施服务;停车场;公共停车场,109.11243414456142,34.31617460136763,灞桥区,109.117606,34.314944
B0H6TC7JJ9,鸿都购物广场洪庆店停车场(出入口),交通设施服务;停车场;停车场出入口,109.11197898444016,34.30630482827558,灞桥区,109.11715,34.30507
B0KDR5Z4OT,停车场,交通设施服务;停车场;停车场相关,109.11309767050298,34.29933459493985,灞桥区,109.118268,34.298096
B0L0T49ED9,西苑停车场,交通设施服务;停车场;公共停车场,109.12055513708522,34.316811356930394,灞桥区,109.125725,34.315575
B0G2MO2D3K,庆华·长安家园停车场,交通设施服务;停车场;专用停车场,109.10841257250264,34.2785550714929,灞桥区,109.113581,34.27731
B0FFIKC1PM,洪庆街-道路停车位,交通设施服务;停车场;路边停车场,109.11264331813702,34.31435456221926,灞桥区,109.117815,34.313123
B0LRDM64EA,第十九中学西南侧停车场,交通设施服务;停车场;公共停车场,109.11110966411871,34.30976278647775,灞桥区,109.116281,34.30853
B0KGD7QEQI,百事特威酒店田王地铁站店地面停车点,交通设施服务;停车场;公共停车场,109.1117711166944,34.29327346636468,灞桥区,109.116941,34.292033
B0G245FQ68,保利刚好音乐节停车场,交通设施服务;停车场;公共停车场,109.09122526016328,34.28105697940723,灞桥区,109.096384,34.279814
B0L3AOYOWD,朝阳社区停车场,交通设施服务;停车场;公共停车场,109.12474483763262,34.32250177273046,灞桥区,109.129913,34.321264
B0MBCBO0HV,西安市佳惠米业有限公司停车场,交通设施服务;停车场;公共停车场,109.0943600592865,34.31801888836375,灞桥区,109.099525,34.316793
B001D0WLAK,地面停车场,交通设施服务;停车场;公共停车场,109.11233311315924,34.305035602231385,灞桥区,109.117504,34.3038
B0MB26ZNDX,灞桥生态湿地公园-西北侧地上停车场,交通设施服务;停车场;公共停车场,109.09751435784368,34.286474575710024,灞桥区,109.102679,34.285235
B0I1UZXEOG,航天四院一区高层停车场(出入口),交通设施服务;停车场;停车场出入口,109.1164276644903,34.305997893408666,灞桥区,109.121598,34.30476
B0MUGRO3IQ,东苑-南侧地上停车场,交通设施服务;停车场;公共停车场,109.12310641371457,34.316513894945814,灞桥区,109.128275,34.315275
B0FFILGT8V,佳惠酒店停车场,交通设施服务;停车场;公共停车场,109.11234471662044,34.2981446670011,灞桥区,109.117515,34.296906
B0MBMY6HPS,保利熙岸林语-地下停车场,交通设施服务;停车场;公共停车场,109.09460912489804,34.2804854042235,灞桥区,109.099771,34.279243
B0HKA5LPC7,停车场,交通设施服务;停车场;公共停车场,109.09233598009784,34.282963851694795,灞桥区,109.097496,34.281722
B0MBFD5G88,西安辰星小红星校车停车场,交通设施服务;停车场;公共停车场,109.08781832643233,34.30131057189888,灞桥区,109.092975,34.300075
B0KR4UHL77,西安华荣时代广场地面停车场(出入口),交通设施服务;停车场;停车场出入口,109.11273477760218,34.29775207097784,灞桥区,109.117905,34.296513
B0MAMX89DL,锐盈酒店(西安洪庆地铁站店)-门前停车场,交通设施服务;停车场;公共停车场,109.11230370697989,34.30965850263723,灞桥区,109.117475,34.308425
B0FFIPCOGN,停车场(出入口),交通设施服务;停车场;停车场出入口,109.12339956791745,34.31659614743968,灞桥区,109.128568,34.315357
B0FFGIBVDA,庆华南区停车场,交通设施服务;停车场;公共停车场,109.11051503341686,34.29421138319432,灞桥区,109.115685,34.292972
B0FFFAHTPK,地上停车场,交通设施服务;停车场;公共停车场,109.10704675602888,34.27906531329927,灞桥区,109.112215,34.277821
BV11357621,招呼站(公交站),交通设施服务;公交车站;公交车站相关,109.09728724012837,34.32396178840756,灞桥区,109.102455,34.322739
B0FFGFQMI4,停车场(东都润景温泉酒店南),交通设施服务;停车场;公共停车场,109.11228016362428,34.292990880658785,灞桥区,109.11745,34.29175
B0K2G5EQL3,鸿泰地面停车场(出入口),交通设施服务;停车场;停车场出入口,109.09764098298362,34.324078719466186,灞桥区,109.102809,34.322856
B0MDCL420K,灞桥区消防救援大队停车场,交通设施服务;停车场;专用停车场,109.10551579253809,34.282848204387484,灞桥区,109.110684,34.281606
B0MBHGHVFM,陕西路安特实业有限公司(灞柳二路)地上停车场,交通设施服务;停车场;公共停车场,109.10322516145187,34.287459652041306,灞桥区,109.108393,34.28622
B0L19NFPKJ,西安现代纺织产业园A区停车场,交通设施服务;停车场;公共停车场,109.1100061257761,34.28196037521421,灞桥区,109.115175,34.280716
B0FFGFPF7X,停车场(灞柳一路),交通设施服务;停车场;公共停车场,109.0978871267384,34.28619668335693,灞桥区,109.103052,34.284957
B0HKJC2MF9,帝都天元酒店停车场(出入口),交通设施服务;停车场;停车场出入口,109.11214112713895,34.31618542547137,灞桥区,109.117313,34.314955
B0G2T192PY,灞桥区城市体验展示中心停车场,交通设施服务;停车场;停车场相关,109.08493803400046,34.29015198805686,灞桥区,109.09009,34.28891
B0H14SSLP0,陕西航天医院停车场(出入口),交通设施服务;停车场;停车场出入口,109.11370992950977,34.30857085487396,灞桥区,109.118881,34.307336
B0FFILVLGN,旭苑小区内部地下停车场(出入口),交通设施服务;停车场;停车场出入口,109.12553358805896,34.308159200308026,灞桥区,109.1307,34.306914
B0FFFFX1WZ,洪庆街-道路停车位,交通设施服务;停车场;路边停车场,109.11264816986431,34.30462497229226,灞桥区,109.117819,34.303389
B0M60GLCD4,向阳第二小区地上停车场,交通设施服务;停车场;公共停车场,109.121112402102,34.30520214104659,灞桥区,109.126281,34.30396
B0MB26ZOHC,西安泵阀总厂有限公司(灞柳二路)-停车场,交通设施服务;停车场;公共停车场,109.11416769689752,34.27762858362717,灞桥区,109.119336,34.27638
B0MD3OH1AA,西安阿吉利斯环保设备有限公司停车场,交通设施服务;停车场;公共停车场,109.10650301284689,34.3231995492338,灞桥区,109.111675,34.321975
B0IDDZ6UUG,灞桥区交通事故快处快赔君益达服务中心地面停车场,交通设施服务;停车场;公共停车场,109.10491342527962,34.32337196775265,灞桥区,109.110085,34.322148
B0L31OW9RL,西安市灞桥区赵庄小学停车场,交通设施服务;停车场;公共停车场,109.10931015628152,34.316480814781904,灞桥区,109.114482,34.315252
B0M6HD9E6J,西安市灞桥区豁口小学东北侧停车场,交通设施服务;停车场;公共停车场,109.09645783328364,34.324097778796975,灞桥区,109.101625,34.322875
B0MGHDT17W,灞桥生态湿地公园西1门地上停车场,交通设施服务;停车场;公共停车场,109.0914647012968,34.284645389037294,灞桥区,109.096624,34.283404
B0MU5RUX24,灞桥大队君益达快处快赔中心北侧停车场,交通设施服务;停车场;公共停车场,109.10515330642184,34.32389878905208,灞桥区,109.110325,34.322675
B0L0JXGVEE,灞桥生态湿地公园-西1门地上停车场,交通设施服务;停车场;公共停车场,109.09171045014936,34.28467030465756,灞桥区,109.09687,34.283429
B0MBFS4MRQ,灞柳二路-路侧停车场,交通设施服务;停车场;路边停车场,109.10560667405136,34.28391678040459,灞桥区,109.110775,34.282675
B0MB5BK5QQ,庆华文化宫停车场,交通设施服务;停车场;公共停车场,109.1133340313512,34.295480433223744,灞桥区,109.118504,34.29424
B0MGYU6F8I,西安再生医学产业园停车场,交通设施服务;停车场;公共停车场,109.10880914365389,34.282903417431605,灞桥区,109.113978,34.28166
B0LBCCE1X9,旭苑小区内部地下停车场,交通设施服务;停车场;专用停车场,109.1249993468482,34.30704713577356,灞桥区,109.130166,34.305802
B0FFLBWWJ8,停车场(灞柳一路),交通设施服务;停车场;停车场相关,109.10529001971102,34.28098292219288,灞桥区,109.110458,34.27974
B0LR5DA8HL,陕西交通控股集团有限公司(西商分公司)-停车场,交通设施服务;停车场;公共停车场,109.11380546331742,34.27973346874782,灞桥区,109.118974,34.278486
B0FFGJQ83H,向阳南路-道路停车位,交通设施服务;停车场;路边停车场,109.11748931672818,34.30187754378225,灞桥区,109.122659,34.300637
B0L0YN4V0G,中铁十二局集团第一工程有限公司地上停车场,交通设施服务;停车场;公共停车场,109.08942280547306,34.28568966314936,灞桥区,109.09458,34.284448
B0MBCBNMX8,向阳南路-路侧停车场,交通设施服务;停车场;公共停车场,109.1146546593685,34.301807505663895,灞桥区,109.119825,34.300569
B0MGJYAGQV,馨苑小区地上停车场,交通设施服务;停车场;公共停车场,109.11419921066972,34.306115278382,灞桥区,109.11937,34.304879
B0FFFQVBCZ,停车场(之景苑小区东北),交通设施服务;停车场;公共停车场,109.11985561990534,34.307935789556566,灞桥区,109.125025,34.306696
B0MD3OH03C,西安银河电力设备厂停车场,交通设施服务;停车场;公共停车场,109.0909132148782,34.319651004883355,灞桥区,109.096075,34.318425
B0MUAR3V9F,西纺公寓楼宿舍楼地上停车场,交通设施服务;停车场;公共停车场,109.12040815923898,34.281526789022806,灞桥区,109.125575,34.280275
B0FFGFQQPH,停车场(出入口),交通设施服务;停车场;停车场出入口,109.11235718869412,34.292755027985166,灞桥区,109.117527,34.291514
B0H3RZEK0A,东风骊苑地面停车场(出入口),交通设施服务;停车场;停车场出入口,109.12006894692006,34.316625011654715,灞桥区,109.125239,34.315389
B0FFFAHTSU,宇航中路-道路停车位,交通设施服务;停车场;路边停车场,109.12126072467548,34.302298573052745,灞桥区,109.126429,34.301055
B0FFGCTRUL,地上停车场,交通设施服务;停车场;公共停车场,109.0908083270824,34.285278330554824,灞桥区,109.095967,34.284037
B0FFGFQMHI,停车场(庆华新世纪小区东南)(暂停营业),交通设施服务;停车场;公共停车场,109.11230619533572,34.29264504583636,灞桥区,109.117476,34.291404
B0FFILXI8Y,停车场(灞柳一路),交通设施服务;停车场;公共停车场,109.1060778645526,34.28032444609308,灞桥区,109.111246,34.279081
B0KGD7KWF2,百事特威酒店田王地铁站店地面停车点(出口),交通设施服务;停车场;停车场出口,109.11240118122004,34.29287100350742,灞桥区,109.117571,34.29163
B0L2UREZ60,西蓝天然气公司停车场,交通设施服务;停车场;公共停车场,109.10723610193476,34.32042111460092,灞桥区,109.112408,34.319195
B0KG9Z2VCP,内部地面停车场,交通设施服务;停车场;专用停车场,109.12472767198165,34.278527222061534,灞桥区,109.129892,34.27727
B0FFILXH5S,停车场(东柳堤路),交通设施服务;停车场;公共停车场,109.09754135411865,34.28630264803149,灞桥区,109.102706,34.285063
B0L3VPG5GO,陕西安旗食品有限公司停车场,交通设施服务;停车场;公共停车场,109.11144211112392,34.28181018652597,灞桥区,109.116611,34.280565
B0JK97FPNU,向阳第二小区地面停车场,交通设施服务;停车场;公共停车场,109.11971453108282,34.30830350111797,灞桥区,109.124884,34.307064
B0MUT4JTIR,柳雪路西侧停车场,交通设施服务;停车场;路边停车场,109.08551035600496,34.289006145037725,灞桥区,109.090663,34.287764
B0KGD7TDPC,百事特威酒店田王地铁站店地面停车点(入口),交通设施服务;停车场;停车场入口,109.1117711166944,34.29327346636468,灞桥区,109.116941,34.292033
B0M60MLWOH,西安市灞桥区人民检察院地上停车场,交通设施服务;停车场;公共停车场,109.10870626347032,34.281668892779706,灞桥区,109.113875,34.280425
B0FFIKC2JU,洪庆街-道路停车位,交通设施服务;停车场;路边停车场,109.11267065662612,34.299079448341026,灞桥区,109.117841,34.297841
B0LRHA8G29,西安市工业技工学校东区停车场,交通设施服务;停车场;公共停车场,109.08584527873798,34.31914949052031,灞桥区,109.091001,34.317921
B0H2H5JQWL,洪庆街-道路停车位,交通设施服务;停车场;路边停车场,109.11269476754887,34.30926291317694,灞桥区,109.117866,34.308029
B0JUSSQ09M,西安商隆粮油贸易有限公司地面停车场(入口),交通设施服务;停车场;停车场入口,109.11280979930945,34.30900309995909,灞桥区,109.117981,34.307769
B0MUT1LML1,柳雪路南侧停车场,交通设施服务;停车场;路边停车场,109.08662997567691,34.28797597268149,灞桥区,109.091784,34.286734
B0KR7HJ8BO,灞桥生态湿地公园地面停车场(出入口),交通设施服务;停车场;停车场出入口,109.0946219020746,34.282913379575064,灞桥区,109.099784,34.281672
B0FFM6XJFN,洪庆向阳北路建行门前停车场,交通设施服务;停车场;停车场相关,109.12069093316296,34.308393322809465,灞桥区,109.12586,34.307153
B0H2A76Z1Y,洪庆街-道路停车位,交通设施服务;停车场;路边停车场,109.1126599989848,34.306588099048895,灞桥区,109.117831,34.305353
B0MUD9KKLF,宇航东路-路侧停车场,交通设施服务;停车场;路边停车场,109.12665976640392,34.30327361555601,灞桥区,109.131825,34.302025
B0H0NCXGWV,洪庆街-道路停车位,交通设施服务;停车场;路边停车场,109.1126735288438,34.30054280367986,灞桥区,109.117844,34.299305
B0HKA5JSGZ,停车场(出入口),交通设施服务;停车场;停车场出入口,109.0923599545276,34.28298983433071,灞桥区,109.09752,34.281748
B0FFGFPFFI,灞桥生态湿地公园停车场,交通设施服务;停车场;公共停车场,109.10899859976156,34.27744879018956,灞桥区,109.114167,34.276203
B0MUT1LMKG,柳雪路东侧停车场,交通设施服务;停车场;路边停车场,109.08592182826496,34.28877101371653,灞桥区,109.091075,34.287529
B0MUS7CZ4O,停车场,交通设施服务;停车场;停车场相关,109.1039539182774,34.32139964050191,灞桥区,109.109125,34.320175
B0FFIMASMO,向阳南路-道路停车位,交通设施服务;停车场;路边停车场,109.11345749814492,34.301730758441586,灞桥区,109.118628,34.300493
B0M625W30I,凡高实业有限公司停车场,交通设施服务;停车场;公共停车场,109.10559963675662,34.28436558797498,灞桥区,109.110768,34.283124
B0MRB1BRXU,小寨新居-地下停车场,交通设施服务;停车场;公共停车场,109.09919409274434,34.28844873078745,灞桥区,109.10436,34.28721
B0MURUDC6E,昌达五金公司职工住宅楼-东北侧地上停车场,交通设施服务;停车场;公共停车场,109.11340380291922,34.30960919119959,灞桥区,109.118575,34.308375
B0FFILXCXA,洪庆街-道路停车位,交通设施服务;停车场;路边停车场,109.11268039575742,34.302070130517656,灞桥区,109.117851,34.300833
B0FFILH0ZD,停车场(中锦·能量城西北),交通设施服务;停车场;公共停车场,109.1184413608106,34.281987913426704,灞桥区,109.123609,34.280738
B0MGJ7D53G,陕西威达机械制造股份有限公司地上停车场,交通设施服务;停车场;公共停车场,109.10800618820474,34.28361777256018,灞桥区,109.113175,34.282375
B0MUT1MAU1,青萍路东侧停车场,交通设施服务;停车场;路边停车场,109.12299327298064,34.31742136459623,灞桥区,109.128162,34.316183
B0IDDZ998G,灞桥区交通事故快处快赔君益达服务中心地面停车场(出入口),交通设施服务;停车场;停车场出入口,109.10492042154146,34.32338996127732,灞桥区,109.110092,34.322166
B0MURUCW43,停车场,交通设施服务;停车场;停车场相关,109.1093558300123,34.2858674086682,灞桥区,109.114525,34.284625
B0MUTXMTQV,灞柳二路北侧停车场,交通设施服务;停车场;路边停车场,109.11072326539872,34.280060537108106,灞桥区,109.115892,34.278815
B0IDRHHALP,向阳北路-道路停车位,交通设施服务;停车场;路边停车场,109.12054185941038,34.30849014520445,灞桥区,109.125711,34.30725
B0FFIKC0U3,停车场(洪庆街道办事处东南),交通设施服务;停车场;路边停车场,109.11269157103158,34.31150589293089,灞桥区,109.117863,34.310273
B0MUT4JI3C,柳雪路北侧停车场,交通设施服务;停车场;路边停车场,109.0911220354144,34.28485740644939,灞桥区,109.096281,34.283616
B0MBRGQBOZ,西安金正畜牧有限责任公司地上停车场,交通设施服务;停车场;公共停车场,109.133409426019,34.3245660314129,临潼区,109.138571,34.323319
B0L3A1WW6U,乔府大院西侧停车场,交通设施服务;停车场;公共停车场,109.09766996540957,34.324051731255715,灞桥区,109.102838,34.322829
B0J167Z08B,中铁滨河佳园内部地下停车场(出入口),交通设施服务;停车场;停车场出入口,109.10657775897192,34.280174679325185,灞桥区,109.111746,34.278931
B0MUTXMF9F,青萍路西侧停车场,交通设施服务;停车场;路边停车场,109.12306720549174,34.31864986841906,灞桥区,109.128236,34.317412
B0MUT4K7PV,东侧停车场,交通设施服务;停车场;公共停车场,109.11270175137447,34.29802293210967,灞桥区,109.117872,34.296784
B0H2ZAABUX,洪庆街-道路停车位,交通设施服务;停车场;路边停车场,109.11235359949828,34.310919959249766,灞桥区,109.117525,34.309687
B0KG4CSZKN,宇航东路-道路停车位,交通设施服务;停车场;路边停车场,109.12663959423382,34.30508378452445,灞桥区,109.131805,34.303836
B0FFIMIYF0,洪庆街-道路停车位,交通设施服务;停车场;路边停车场,109.11267445524368,34.312814285930905,灞桥区,109.117846,34.311582
B0MUT4K7PX,柳雪路南侧停车场,交通设施服务;停车场;路边停车场,109.08929291492558,34.28612353038981,灞桥区,109.09445,34.284882
B0MUT4JTK9,东侧停车场,交通设施服务;停车场;公共停车场,109.11270171439142,34.29844574609346,灞桥区,109.117872,34.297207
B0MUT4JI5I,柳雪路北侧停车场,交通设施服务;停车场;路边停车场,109.0925516779519,34.28403634134445,灞桥区,109.097712,34.282795
B0FFJRS4X6,西安圣坤汽车服务有限公司停车场,交通设施服务;停车场;停车场相关,109.12238836067402,34.30134405790314,灞桥区,109.127556,34.300099
B0IDZS4LQK,内部地面停车场,交通设施服务;停车场;专用停车场,109.12469982218256,34.322363790492055,灞桥区,109.129868,34.321126
B0JKSH3GBB,地面停车场(出入口),交通设施服务;停车场;停车场出入口,109.11221051175762,34.277525415573976,灞桥区,109.117379,34.276278
B0KG9Z330J,内部地面停车场(出入口),交通设施服务;停车场;停车场出入口,109.12472767198165,34.278527222061534,灞桥区,109.129892,34.27727
B0JK97FPNT,向阳第二小区地面停车场(出入口),交通设施服务;停车场;停车场出入口,109.11971453108282,34.30830350111797,灞桥区,109.124884,34.307064
B0FFIPCP3D,停车场(出入口),交通设施服务;停车场;停车场出入口,109.11104911416798,34.293187107910136,灞桥区,109.116219,34.291947
B0KUCSYUCV,地面停车场(出入口),交通设施服务;停车场;停车场出入口,109.1123981074344,34.30514559108626,灞桥区,109.117569,34.30391
B0IDZS5LJE,内部地面停车场(出入口),交通设施服务;停车场;停车场出入口,109.12469982218256,34.322363790492055,灞桥区,109.129868,34.321126
B0FFGA563W,旺达地面停车场,交通设施服务;停车场;公共停车场,108.87783821442878,34.35527531912954,未央区,108.882432,34.353706
B0GDJ7590X,楼阁台村西便民停车场,交通设施服务;停车场;公共停车场,108.8952569776326,34.34131815919433,未央区,108.899847,34.339731
B0J3SZ30JR,西安市儿童医院经开院区地面停车场,交通设施服务;停车场;公共停车场,108.86796552090006,34.370555379461585,未央区,108.872568,34.369005
B0GRVOUWF3,唐家村便民停车场,交通设施服务;停车场;公共停车场,108.86394846613337,34.345358929880305,未央区,108.868553,34.343801
B0FFLFRJJS,辉煌停车场,交通设施服务;停车场;停车场相关,108.90537085096636,34.33699584326135,未央区,108.909966,34.335406
BV10070966,黄家庄(公交站),交通设施服务;公交车站;公交车站相关,108.85983023170007,34.32664007434352,未央区,108.864438,34.325079
B0LBRSJ4X7,西安市公安局交通管理支队车辆管理大队北区分所地面停车场,交通设施服务;停车场;公共停车场,108.84825086446278,34.37008767245374,未央区,108.852878,34.368567
B0FFI8MTKF,楼阁台便民停车场,交通设施服务;停车场;公共停车场,108.89829147320476,34.34665116017204,未央区,108.902883,34.345066
B0FFFA9ANN,伟华停车场,交通设施服务;停车场;专用停车场,108.89595525761656,34.33528827890659,未央区,108.900545,34.333698
BV11263672,北三环汉都新苑(公交站),交通设施服务;公交车站;公交车站相关,108.89808733403612,34.36188640511246,未央区,108.90268,34.360309
BV10624905,西安交大城市学院(公交站),交通设施服务;公交车站;公交车站相关,108.85646362823373,34.36812324464544,未央区,108.861079,34.366588
B0HKK7MJK4,汉城足球训练基地地面停车场,交通设施服务;停车场;公共停车场,108.90276783170304,34.33635343387747,未央区,108.907361,34.334763
BV10525489,五十九中(公交站),交通设施服务;公交车站;公交车站相关,108.87021089159492,34.34153393894735,未央区,108.874809,34.339966
BV11218626,张道口村(公交站),交通设施服务;公交车站;公交车站相关,108.90515609597804,34.36093089905453,未央区,108.909753,34.359353
B0LRMSXF0E,汇盛物流停车场,交通设施服务;停车场;公共停车场,108.88916644286712,34.35713779613257,未央区,108.893757,34.355561
B0H3V79RZS,草滩八路农贸市场停车场,交通设施服务;停车场;公共停车场,108.8612258741631,34.36414752435555,未央区,108.865835,34.362603
BV10070849,相家巷村(公交站),交通设施服务;公交车站;公交车站相关,108.85609949997608,34.33899941292155,未央区,108.860713,34.33745
BV11473919,尚苑路草滩六路口(公交站),交通设施服务;公交车站;公交车站相关,108.87935093130852,34.36858584401698,未央区,108.883945,34.367022
BV10869880,尚苑路·草滩八路口(公交站),交通设施服务;公交车站;公交车站相关,108.86249833140984,34.364277288950085,未央区,108.867106,34.362731
B0H3V78X64,草滩八路农贸市场地面停车场(出入口),交通设施服务;停车场;停车场出入口,108.86087854083762,34.3632045063601,未央区,108.865488,34.36166
B0HBOAKOV6,汉都新苑西区停车场,交通设施服务;停车场;公共停车场,108.89988833248631,34.363805618603024,未央区,108.904482,34.362229
B0KKZ7UI44,西安市公安局交通管理支队车辆管理大队北区分所地面停车场(出入口),交通设施服务;停车场;停车场出入口,108.84812570117982,34.3697766206605,未央区,108.852753,34.368256
BV10875688,高中村(公交站),交通设施服务;公交车站;公交车站相关,108.89156944315334,34.3438546140214,未央区,108.896159,34.34227
BV10072676,石化大道(公交站),交通设施服务;公交车站;公交车站相关,108.89058079723895,34.327798946975456,未央区,108.895169,34.326207
BV11107290,尚苑路草滩十路口(公交站),交通设施服务;公交车站;公交车站相关,108.8510357256822,34.36079024660835,未央区,108.855658,34.35926
BV11431533,尚苑路草滩八路口(公交站),交通设施服务;公交车站;公交车站相关,108.8637047244983,34.363664305305576,未央区,108.868311,34.362116
BV10072677,雷寨(公交站),交通设施服务;公交车站;公交车站相关,108.90097060955162,34.32817237905669,未央区,108.905562,34.326578
BV11660281,楼阁台东(公交站),交通设施服务;公交车站;公交车站相关,108.90337272437802,34.344944184646664,未央区,108.907967,34.343358
BV11660282,楼阁台(公交站),交通设施服务;公交车站;公交车站相关,108.89745697069924,34.344737973840935,未央区,108.902048,34.343152
BV10875569,曹家堡(公交站),交通设施服务;公交车站;公交车站相关,108.87253976342602,34.34195245321934,未央区,108.877136,34.340382
BV10857305,尚稷路·草滩八路口(公交站),交通设施服务;公交车站;公交车站相关,108.86159286250232,34.36960220539021,未央区,108.866202,34.36806
B0FFG8YCX3,西安北动车运用所,交通设施服务;交通服务相关;交通服务相关,108.86534795867276,34.35769263088761,未央区,108.869952,34.356139
BV11148063,尚稷路草滩八路口(公交站),交通设施服务;公交车站;公交车站相关,108.86023331554834,34.36884061593829,未央区,108.864844,34.3673
BV11085226,农场场部小区(公交站),交通设施服务;公交车站;公交车站相关,108.8654841382296,34.36961662876555,未央区,108.870089,34.368069
B0KG6HXVY8,众汇停车场,交通设施服务;停车场;公共停车场,108.88921544777632,34.3570948437537,未央区,108.893806,34.355518
BV11473920,尚苑路松速物流(公交站),交通设施服务;公交车站;公交车站相关,108.88611090896512,34.37220117225792,未央区,108.890703,34.370634
BV10070850,六村堡村(公交站),交通设施服务;公交车站;公交车站相关,108.84832584458056,34.33462169925208,未央区,108.85295,34.333083
BV11404199,尚稷路草滩十路口(公交站),交通设施服务;公交车站;公交车站相关,108.84756517598863,34.365790740363224,未央区,108.852193,34.364269
BV10891704,袁家堡(公交站),交通设施服务;公交车站;公交车站相关,108.86189660233909,34.33999067666695,未央区,108.866503,34.338433
B0J1652DE5,西安诺火汽车服务有限公司专用停车场,交通设施服务;停车场;专用停车场,108.89698895504192,34.33469979368647,未央区,108.901579,34.333109
BV09365010,汉都新苑A区北门(公交站),交通设施服务;公交车站;公交车站相关,108.90272145705252,34.36622539979378,未央区,108.907317,34.36465
BV11148070,尚稷路草滩七路口(公交站),交通设施服务;公交车站;公交车站相关,108.8704016851576,34.37095517835308,未央区,108.875002,34.369402
BV11246528,惠西村北(公交站),交通设施服务;公交车站;公交车站相关,108.89825751894656,34.35868707679757,未央区,108.90285,34.357108
BV11685304,草滩九路鸿业一路口(公交站),交通设施服务;公交车站;公交车站相关,108.8556827857808,34.36577124392312,未央区,108.860299,34.364236
B0KG6HR9CD,北三环众汇停车场,交通设施服务;停车场;公共停车场,108.88932545937062,34.35698595666011,未央区,108.893916,34.355409
BV10070972,后所寨(公交站),交通设施服务;公交车站;公交车站相关,108.880560529118,34.343252801776,未央区,108.885152,34.341675
BV10538746,高庙南村(公交站),交通设施服务;公交车站;公交车站相关,108.88853748765442,34.34379216110363,未央区,108.893127,34.342209
B0J01R4Z5F,楼阁台第八便民停车场,交通设施服务;停车场;停车场相关,108.89337516656612,34.34429010395741,未央区,108.897965,34.342705
B0JRLU97SZ,金鹰停车场,交通设施服务;停车场;公共停车场,108.84860420528165,34.360067495215546,未央区,108.85323,34.358541
BV11484990,渭水欣居小区(公交站),交通设施服务;公交车站;公交车站相关,108.86880575560424,34.36494537675309,未央区,108.873407,34.363391
BV11243569,北三环草滩八路口(公交站),交通设施服务;公交车站;公交车站相关,108.86365759322857,34.35225207794815,未央区,108.868263,34.350698
B0JA17S5ZP,威斯丁玫瑰园停车场,交通设施服务;停车场;公共停车场,108.89953136258274,34.32841517684114,未央区,108.904122,34.326821
B0FFJP2ADH,捷安通大型停车场,交通设施服务;停车场;公共停车场,108.85943060422662,34.32836965675471,未央区,108.864039,34.32681
BV11296806,窦家寨(公交站),交通设施服务;公交车站;公交车站相关,108.88097011125014,34.32574859810818,未央区,108.88556,34.324162
B0KAMA2YAN,楼阁台村南停车场,交通设施服务;停车场;停车场相关,108.899361391223,34.34153282128353,未央区,108.903953,34.339945
B001D08Q4M,汉城服务区停车场,交通设施服务;停车场;公共停车场,108.86020372085402,34.35098375111005,未央区,108.864813,34.349434
BV10875570,西席村(公交站),交通设施服务;公交车站;公交车站相关,108.87791825467292,34.342900589604874,未央区,108.882511,34.341325
BV09312988,北三环崇信路口(公交站),交通设施服务;公交车站;公交车站相关,108.89869622182908,34.35996148275669,未央区,108.903289,34.358383
B0G23AAHD8,北三环惠西村停车场,交通设施服务;停车场;停车场相关,108.8976714211714,34.350512131685825,未央区,108.902263,34.348929
BV10070973,席王村(公交站),交通设施服务;公交车站;公交车站相关,108.88399072839168,34.343573360272124,未央区,108.888581,34.341993
BV09073219,尚苑路(公交站),交通设施服务;公交车站;公交车站相关,108.85725914187816,34.362194571090185,未央区,108.861873,34.360655
B0FFGFPA81,杨善村停车场,交通设施服务;停车场;公共停车场,108.90387597217388,34.3373838514325,未央区,108.90847,34.335794
BV09128171,尚苑路隆基绿能(公交站),交通设施服务;公交车站;公交车站相关,108.85725914187816,34.362194571090185,未央区,108.861873,34.360655
B0FFH1KMWI,捷安通物流停车场,交通设施服务;停车场;专用停车场,108.8595046930494,34.3283947558798,未央区,108.864113,34.326835
B0G1XUFZCQ,楼阁台村西停车场,交通设施服务;停车场;公共停车场,108.89593272695056,34.34197201362646,未央区,108.900523,34.340385
BV09296048,崇信路尚耕路口(公交站),交通设施服务;公交车站;公交车站相关,108.89877191581375,34.363331752460745,未央区,108.903365,34.361755
B0K0VZFH79,席村便民停车场,交通设施服务;停车场;公共停车场,108.87497497138976,34.34884968963656,未央区,108.87957,34.34728
BV11218625,六村堡物流中心(公交站),交通设施服务;公交车站;公交车站相关,108.85529752537836,34.35023158259602,未央区,108.859913,34.348689
B0K1JA59KR,旺达地面停车场(出入口),交通设施服务;停车场;停车场出入口,108.8781474516186,34.35443204021204,未央区,108.882741,34.352862
BV11473921,尚苑路大普产业园(公交站),交通设施服务;公交车站;公交车站相关,108.88236705923376,34.37035945748544,未央区,108.88696,34.368794
B0KUS5Q9VS,西安市儿童医院经开院区地面停车场(入口),交通设施服务;停车场;停车场入口,108.86795854863416,34.37012959504959,未央区,108.872561,34.368579
B0FFK1MMPL,智巢产业园停车场,交通设施服务;停车场;公共停车场,108.8486003679681,34.37034813592033,未央区,108.853227,34.368827
B0L2290SDX,臻汇璟仓储停车场,交通设施服务;停车场;公共停车场,108.89248839973708,34.35554912686688,未央区,108.897079,34.35397
BV10072682,邓六路北口(公交站),交通设施服务;公交车站;公交车站相关,108.85821541182828,34.336796769116,未央区,108.862826,34.335243
B0H0Z5WHIP,一统物流停车场,交通设施服务;停车场;停车场相关,108.8600293471905,34.353006472736936,未央区,108.864639,34.351458
B0G1ZL6XJI,唐家村停车场,交通设施服务;停车场;公共停车场,108.86532989321572,34.34586556602071,未央区,108.869933,34.344306
BV11254626,北三环罗高路口(公交站),交通设施服务;公交车站;公交车站相关,108.88839051292013,34.35578706502548,未央区,108.892981,34.35421
BV11218627,东席村(公交站),交通设施服务;公交车站;公交车站相关,108.87211052016472,34.35322734197046,未央区,108.876708,34.351663
BV11473922,尚苑路草滩七路口(公交站),交通设施服务;公交车站;公交车站相关,108.87167715551612,34.36587134916702,未央区,108.876276,34.364314
B0IR6UR688,汇能国际汽车用品广场地面停车场,交通设施服务;停车场;公共停车场,108.89968444565676,34.36369765820928,未央区,108.904278,34.362121
BV11664974,环南国际食品交易城(公交站),交通设施服务;公交车站;公交车站相关,108.85495960928378,34.34355436737256,未央区,108.859575,34.342009
B0L22L0YO7,DAKA达卡卡丁车赛车场门前停车场,交通设施服务;停车场;公共停车场,108.85740840818282,34.3364926759485,未央区,108.86202,34.33494
B0FFG63KZQ,长安大学渭水校区停车场,交通设施服务;停车场;公共停车场,108.90132602970267,34.37005441564025,未央区,108.905921,34.368481
B0KAPCM5F3,袁家堡村便民停车场,交通设施服务;停车场;公共停车场,108.86119477055864,34.34018256661674,未央区,108.865802,34.338626
BV11223140,石材市场(公交站),交通设施服务;公交车站;公交车站相关,108.84866026257949,34.34802769177102,未央区,108.853285,34.346495
B0I16AVEWK,西瑞产业园地面停车场,交通设施服务;停车场;公共停车场,108.85010547741498,34.371844909744944,未央区,108.85473,34.370322
BV09413490,相家巷村东(公交站),交通设施服务;公交车站;公交车站相关,108.85600634640215,34.339376082134926,未央区,108.86062,34.337827
B0FFIKJV7G,汉城服务区停车场,交通设施服务;停车场;公共停车场,108.85986643466956,34.34947400797038,未央区,108.864476,34.347924
B0I2R5S03N,杨善停车场,交通设施服务;停车场;停车场相关,108.90132566039746,34.3373899566074,未央区,108.905918,34.3358
BV11692433,尚苑路·草滩六路口(公交站),交通设施服务;公交车站;公交车站相关,108.87935093130852,34.36858584401698,未央区,108.883945,34.367022
B0G3MAWFEA,古渡口村委会曹家堡停车场,交通设施服务;停车场;停车场相关,108.87466122810174,34.34300626038789,未央区,108.879256,34.341434
B0MD01TBMD,西安动车段地上停车场,交通设施服务;停车场;公共停车场,108.86597174599892,34.35588039007023,未央区,108.870575,34.354325
BV11685312,皂河东路草滩十路口(公交站),交通设施服务;公交车站;公交车站相关,108.8465421380599,34.371664875989744,未央区,108.851172,34.370148
B0MG74G9WG,汉都新苑C区-门前停车场,交通设施服务;停车场;公共停车场,108.89848235477358,34.35950368970376,未央区,108.903075,34.357925
B0LKX4IP95,汉都新苑C区地下停车场,交通设施服务;停车场;专用停车场,108.89558326845464,34.36140213595811,未央区,108.900175,34.359825
B0MBCBNL1X,万澳会·禹河新元酒店(西安经开儿童医院店)地上停车场,交通设施服务;停车场;公共停车场,108.86810592654048,34.36716833693633,未央区,108.872708,34.365616
B0L0MN981W,华夏石材城(草滩八路店)-停车场,交通设施服务;停车场;公共停车场,108.86386941938612,34.35727682190838,未央区,108.868475,34.355725
B0MBSBDRHZ,汉唐小院停车场,交通设施服务;停车场;公共停车场,108.89025348775436,34.33177389565713,未央区,108.894842,34.330184
B0LKV75375,陕西欧凯农资批发市场停车场,交通设施服务;停车场;公共停车场,108.8888368368781,34.32721634532342,未央区,108.893425,34.325625
B0FFFX5FDS,杨善停车场,交通设施服务;停车场;公共停车场,108.90429263540386,34.337727639321905,未央区,108.908887,34.336138
B0G2DDLTZP,鑫佳源停车场,交通设施服务;停车场;公共停车场,108.86718615326276,34.3534252294405,未央区,108.871788,34.351867
B0MBNOUO1S,中国铁路西安局集团有限公司工务机械段地上停车场,交通设施服务;停车场;公共停车场,108.89148404248658,34.36135074276869,未央区,108.896075,34.359775
B0MBDMG3CP,汉都新苑西苑地下停车场,交通设施服务;停车场;专用停车场,108.8989050077863,34.36142575431423,未央区,108.903498,34.359848
B0JDCSTITV,隆基绿能科技股份有限公司内部地面停车场,交通设施服务;停车场;专用停车场,108.85523449592668,34.3619315242679,未央区,108.859851,34.360395
B0IRMZIYPG,地面停车场,交通设施服务;停车场;公共停车场,108.89899705917976,34.360252369597184,未央区,108.90359,34.358674
B0MBZAC22E,云聚物流(西安分拨中心)地上停车场,交通设施服务;停车场;公共停车场,108.88044664858457,34.36599616276273,未央区,108.88504,34.36443
B0FFH5QN93,捷安通停车场(出入口),交通设施服务;停车场;停车场出入口,108.85954875416353,34.32830586410303,未央区,108.864157,34.326746
B0JRJCGUFK,惠东村便民停车场,交通设施服务;停车场;停车场相关,108.90162486112771,34.35750093194395,未央区,108.906219,34.355921
B0L261FI8F,德强停车场,交通设施服务;停车场;公共停车场,108.89622407061351,34.3489766083631,未央区,108.900815,34.347393
B0MBMY6GZ2,中国铁路西安局集团有限公司西安高铁基础设施段地上停车场,交通设施服务;停车场;公共停车场,108.90053267991838,34.36762766597779,未央区,108.905127,34.366053
B0MBFD6E4R,草滩八路-路侧停车场,交通设施服务;停车场;路边停车场,108.8616660470716,34.368367959709914,未央区,108.866275,34.366825
B0L1A7K6LV,中国电子西安产业园停车场,交通设施服务;停车场;公共停车场,108.8482590752492,34.36763497490442,未央区,108.852886,34.366113
B0IDGZTB91,西北五金机电工具建材批发商城停车场,交通设施服务;停车场;公共停车场,108.8974857336004,34.35996629429064,未央区,108.902078,34.358388
B0MGYU6NH3,六村堡便民停车场,交通设施服务;停车场;公共停车场,108.8489939032352,34.333885200271666,未央区,108.853617,34.332345
BV09202388,崇德路尚耕路口(公交站),交通设施服务;公交车站;公交车站相关,108.9019449956541,34.36578565300178,未央区,108.90654,34.36421
B0K2D5C2UM,何家寨村停车场,交通设施服务;停车场;公共停车场,108.86306791781166,34.327730252450834,未央区,108.867672,34.326165
B0H0RUB8YU,智巢·创新空间停车场,交通设施服务;停车场;公共停车场,108.8481487188738,34.3699865497886,未央区,108.852776,34.368466
B0I3LZ1BZ1,陕西九州通医药有限公司内部地面停车场,交通设施服务;停车场;专用停车场,108.87810370634624,34.36339340371008,未央区,108.882698,34.361828
B0IA57FAI5,驾驶人自助体检机(鹏翔科目二训练场),交通设施服务;交通服务相关;交通服务相关,108.90401154219806,34.329064840300646,未央区,108.908605,34.327471
B0L0MN7O3A,大普工业园地上停车场,交通设施服务;停车场;公共停车场,108.88198193340692,34.37019024013416,未央区,108.886575,34.368625
B0I1LSL9ZV,聚盟公路港地面停车场,交通设施服务;停车场;公共停车场,108.8541688030252,34.35259358310216,未央区,108.858786,34.351054
B0M6TD36BL,六村堡街道窦家寨村民委员会西侧停车场,交通设施服务;停车场;公共停车场,108.8821855427478,34.32626234973961,未央区,108.886775,34.324675
B0FFL8KR2D,普盛智慧产业园停车场,交通设施服务;停车场;公共停车场,108.85685888199242,34.35899159804731,未央区,108.861473,34.357451
B0I3CCPMIR,普洛斯西安经开产业园地面停车场,交通设施服务;停车场;公共停车场,108.8697505725647,34.365338336920324,未央区,108.874351,34.363783
B001D0VPQF,停车场(相家巷村东),交通设施服务;停车场;公共停车场,108.85761266738533,34.33652697474433,未央区,108.862224,34.334974
B0J2HZC0VR,石化大道花卉种植批发基地地面停车场,交通设施服务;停车场;公共停车场,108.90038996010016,34.32785350626838,未央区,108.904981,34.326259
B0MAPCWNXY,陕西航天泵阀新材料产业园地上停车场,交通设施服务;停车场;公共停车场,108.8642695459528,34.36107542578169,未央区,108.868875,34.359525
B0L09ODXGA,西安远望谷物联网产业园停车场,交通设施服务;停车场;公共停车场,108.85505788026884,34.36660881271894,未央区,108.859675,34.365075
B0MUSCDBBL,顺丰速运(丰泰店)地上停车场,交通设施服务;停车场;公共停车场,108.8831327524567,34.36494388704074,未央区,108.887725,34.363375
B0J3SZRMQJ,西安市儿童医院经开院区地面停车场(出口),交通设施服务;停车场;停车场出口,108.86652817572816,34.36990586342083,未央区,108.871132,34.368357
B0MBB9XAUZ,楼阁台村西停车场,交通设施服务;停车场;公共停车场,108.89470614011948,34.34108911411819,未央区,108.899296,34.339502
B0MB91UTRE,西安市汉都新苑中学-北侧地上停车场,交通设施服务;停车场;公共停车场,108.8852068490618,34.35827882231024,未央区,108.889798,34.356705
B0J3UZZ2GV,地面停车场,交通设施服务;停车场;公共停车场,108.8461765332064,34.34746166681402,未央区,108.850805,34.345933
B0I62ZH5HO,西安外远汽车检测站地面停车场,交通设施服务;停车场;公共停车场,108.8951461264118,34.327410839182626,未央区,108.899735,34.325817
B0MBKUQOEM,中国铁路西安局集团有限公司西安高铁基础设施段地上停车场,交通设施服务;停车场;公共停车场,108.89932622977288,34.36859007171726,未央区,108.90392,34.367016
B0L19OJ4LY,西安草滩集团有限公司停车场,交通设施服务;停车场;公共停车场,108.86224085520035,34.36654973781188,未央区,108.866849,34.365005
B0L0MN83XA,陕西秦北混凝土有限公司停车场,交通设施服务;停车场;公共停车场,108.8610649813931,34.37286471471318,未央区,108.865675,34.371325
B0H37UDN2P,西安草滩会议中心酒店停车场(出入口),交通设施服务;停车场;停车场出入口,108.84855648579284,34.36807925337836,未央区,108.853183,34.366557
B0HKK7OGPO,汉城足球训练基地地面停车场(出入口),交通设施服务;停车场;停车场出入口,108.90024475046758,34.33143479035432,未央区,108.904836,34.329842
B0IGAHPL1Q,西安城北汽车综合性能检测服务有限公司地面停车场,交通设施服务;停车场;公共停车场,108.8508717248688,34.35786347391357,未央区,108.855494,34.356332
B0MG2411PL,西宝汽修厂停车场,交通设施服务;停车场;公共停车场,108.85641208697136,34.33682596231482,未央区,108.861025,34.335275
B0GRUO980L,便民停车场,交通设施服务;停车场;公共停车场,108.90251046985928,34.34297220874427,未央区,108.907104,34.341385
B0IDVSY9SN,地面停车场,交通设施服务;停车场;公共停车场,108.89452426626896,34.32763555096496,未央区,108.899113,34.326042
B0MBUBLVKJ,西安市政道桥建设有限公司(轨道交通建设分公司)-停车场,交通设施服务;停车场;公共停车场,108.85144825720684,34.34919382542723,未央区,108.856069,34.347657
B0L3R6N6DI,西安汉钢工贸有限责任公司PC钢棒厂停车场,交通设施服务;停车场;公共停车场,108.8734557452318,34.33834224298157,未央区,108.878051,34.336769
BV11692427,尚苑路·草滩七路口(公交站),交通设施服务;公交车站;公交车站相关,108.87354154476934,34.366450151338285,未央区,108.878139,34.364891
B0MBSBDGUO,达能(陕西)食品饮料有限公司停车场,交通设施服务;停车场;公共停车场,108.85701097266497,34.360315154973456,未央区,108.861625,34.358775
BV11024655,民乐停车场(公交站),交通设施服务;公交车站;公交车站相关,108.85944727251282,34.33273859400826,未央区,108.864056,34.331181
B0H0L5IFQK,创新花园内部地下停车场,交通设施服务;停车场;专用停车场,108.85647994241788,34.364498162701075,未央区,108.861095,34.362961
B0I2GHEJ1P,内部地面停车场,交通设施服务;停车场;专用停车场,108.86543332939114,34.35419252752596,未央区,108.870037,34.352637
B0MBT4AIIZ,中心小区停车场,交通设施服务;停车场;公共停车场,108.86572041738856,34.369173178565426,未央区,108.870325,34.367625
B0HDJDVY84,展源商务大厦停车场,交通设施服务;停车场;公共停车场,108.87259982113656,34.366643001719126,未央区,108.877198,34.365085
B0IDORHY7U,西安新盛机动车检测站地面停车场,交通设施服务;停车场;公共停车场,108.88320053284016,34.35551678817475,未央区,108.887792,34.353943
B0MDKABJU4,长征混凝土地上停车场,交通设施服务;停车场;公共停车场,108.84920502032448,34.348697289132794,未央区,108.853829,34.347164
B0FFHP0M7B,亨通车场,交通设施服务;停车场;公共停车场|汽车服务;汽车服务相关;汽车服务相关,108.85961596297128,34.32673470970152,未央区,108.864224,34.325174
B0L03RDOWY,维维股份(尚稷路)-停车场,交通设施服务;停车场;公共停车场,108.8700242931274,34.371777289427925,未央区,108.874625,34.370225
B0L09OET5F,西安远望谷物联网产业园停车场,交通设施服务;停车场;公共停车场,108.8550177853915,34.36711348484371,未央区,108.859635,34.36558
B0H37UDN2O,西安草滩会议中心酒店停车场,交通设施服务;停车场;公共停车场,108.84884888741446,34.36851952372009,未央区,108.853475,34.366997
B0HGTLC193,惠西村停车场,交通设施服务;停车场;停车场相关,108.8972985729514,34.35043910138498,未央区,108.90189,34.348856
B0L09OF7VX,中国铁路西安局集团有限公司西安高铁基础设施段地上停车场,交通设施服务;停车场;公共停车场,108.8966324701229,34.36714940009889,未央区,108.901225,34.365575
B0IGSZ5M0C,汉城派出所内部地面停车场,交通设施服务;停车场;专用停车场,108.90188305863802,34.3282233631394,未央区,108.906475,34.326629
B0MDSKCTU9,西安鑫汉都农牧公司水产养殖基地地上停车场,交通设施服务;停车场;公共停车场,108.896310068474,34.348652790263145,未央区,108.900901,34.347069
B0LKAL9MC9,长安大学渭水校区图书馆停车场,交通设施服务;停车场;公共停车场,108.8993868382704,34.37308070748133,未央区,108.903981,34.371509
B0MG6NGTOQ,宏峰仓储停车场,交通设施服务;停车场;公共停车场,108.85739490694472,34.33009273456115,未央区,108.862006,34.328537
B0FFH5QJNU,民乐大型停车场,交通设施服务;停车场;公共停车场,108.85885655273609,34.33261376411708,未央区,108.863466,34.331057
B0L2URF56K,西安市汉都第一学校停车场,交通设施服务;停车场;公共停车场,108.87057918629164,34.34178925494493,未央区,108.875177,34.340221
B0M67HYFC4,法照寺北侧停车场,交通设施服务;停车场;公共停车场,108.85588604561474,34.341128034379146,未央区,108.8605,34.33958
B0HRV1D4DM,停车场,交通设施服务;停车场;停车场相关,108.8591111783324,34.353570813363696,未央区,108.863722,34.352024
B0L19XITZ0,北三环六村堡不锈钢建材批发市场停车场,交通设施服务;停车场;公共停车场,108.85482988304364,34.35037676279874,未央区,108.859446,34.348835
B0FFIK23XC,草滩六路南段-道路停车位,交通设施服务;停车场;路边停车场,108.87909200737408,34.366052935624104,未央区,108.883686,34.364488
B0FFIBCZ0I,施寨村便民停车场,交通设施服务;停车场;停车场相关,108.87720289545638,34.32990320465944,未央区,108.881795,34.328322
B0G0BX4DZR,西安北三环文昌农资市场停车场(入口),交通设施服务;停车场;停车场入口,108.85665723817698,34.351323179389546,未央区,108.861271,34.349779
B0I1LSMBDB,聚盟公路港地面停车场(入口),交通设施服务;停车场;停车场入口,108.8541477699016,34.352646522389776,未央区,108.858765,34.351107
B0FFH67Z5Z,西安圣鹏公司停车场(出入口),交通设施服务;停车场;停车场出入口,108.88848080607843,34.33978909764221,未央区,108.89307,34.338204
B0MGKNJ205,汉都大酒楼(汉都新苑B区店)-门前停车场,交通设施服务;停车场;公共停车场,108.89884408694296,34.36079407267473,未央区,108.903437,34.359216
B0LKKLOBX2,陕西新华发行集团西北出版物物流配送中心地上停车场,交通设施服务;停车场;公共停车场,108.85365639708635,34.36125933077714,未央区,108.858275,34.359725
B0MBO1Y702,六村堡村民委员会地上停车场,交通设施服务;停车场;公共停车场,108.84798212251572,34.33715288108854,未央区,108.852607,34.335616
B0FFG63PNR,长安大学渭水校区停车场,交通设施服务;停车场;公共停车场,108.897329976715,34.370112984447225,未央区,108.901923,34.36854
B0KGTHE6K5,楼阁台村股份经济合作社便民停车场,交通设施服务;停车场;公共停车场,108.89948533011192,34.34153283320546,未央区,108.904077,34.339945
B0L0MN7VQ4,西安市汉都新苑中学北侧地上停车场,交通设施服务;停车场;公共停车场,108.88548410009749,34.35590022396417,未央区,108.890075,34.354325
B0MGNKMABY,六村堡街道东市村服务中心东北侧停车场,交通设施服务;停车场;公共停车场,108.85851434605856,34.3422765465149,未央区,108.863125,34.340725
B0FFKXNRFV,西安服务外包产业园创新孵化中心停车场,交通设施服务;停车场;停车场相关,108.8505924859434,34.36817166605311,未央区,108.855216,34.366646
B0J3RA25EO,尚稷路派出所内部地面停车场,交通设施服务;停车场;专用停车场,108.87181776598815,34.37210723507262,未央区,108.876417,34.370553
B0I1VZVTWO,唐家村地面停车场,交通设施服务;停车场;公共停车场,108.86555612088397,34.34594682977181,未央区,108.870159,34.344387
B0MB6UNQKQ,中国电子西安产业园停车场,交通设施服务;停车场;公共停车场,108.84730742601006,34.370216973248894,未央区,108.851936,34.368698
B0L0MN89OQ,西安市渭水欣居住宅小区地下停车场,交通设施服务;停车场;公共停车场,108.86962426431084,34.36777890787093,未央区,108.874225,34.366225
B0LKB6QZVC,西安经开区创新创业中心地下停车场,交通设施服务;停车场;公共停车场,108.84884896206935,34.367598006953855,未央区,108.853475,34.366075
B0MUSUBKDW,长安味道(汉都新苑店)-门前停车场,交通设施服务;停车场;公共停车场,108.89848217374907,34.361752531635,未央区,108.903075,34.360175
B0MBFS4TPQ,路侧停车场,交通设施服务;停车场;路边停车场,108.8851828281635,34.37089224797884,未央区,108.889775,34.369325
B0MBB9X335,回望路-路侧停车场,交通设施服务;停车场;公共停车场,108.90078115932872,34.359953658837306,未央区,108.905375,34.358375
B0FFG3B8L4,鑫瑞达停车场,交通设施服务;停车场;公共停车场,108.88683763335752,34.32737111595661,未央区,108.891426,34.325781
B0IGAHQF69,西安城北汽车综合性能检测服务有限公司地面停车场(出入口),交通设施服务;停车场;停车场出入口,108.8506884805294,34.35759630276861,未央区,108.855311,34.356065
B0M6YYQVHZ,西汉宿根花卉种植示范园停车场,交通设施服务;停车场;公共停车场,108.88573515620108,34.34340665372177,未央区,108.890325,34.341825
B0J2HZ26QJ,石化大道花卉种植批发基地地面停车场(出入口),交通设施服务;停车场;停车场出入口,108.89931951905506,34.327768463613474,未央区,108.90391,34.326174
B0FFL65S1X,东查村-便民停车场,交通设施服务;停车场;停车场相关,108.89786216085488,34.32792719564887,未央区,108.902452,34.326333
B0L0AKATCH,西安市汉都新苑中学北侧地上停车场,交通设施服务;停车场;公共停车场,108.88549491289147,34.35825402960483,未央区,108.890086,34.35668
B001D0VXXP,长乐停车场,交通设施服务;停车场;专用停车场,108.90351199743036,34.327904438662,未央区,108.908105,34.32631
B0MUYLS5HT,汇友商店-门前停车场,交通设施服务;停车场;公共停车场,108.89638323108252,34.35875369281736,未央区,108.900975,34.357175
B0MUS1E57I,停车场,交通设施服务;停车场;停车场相关,108.9000817790569,34.35700513255286,未央区,108.904675,34.355425
BV09155066,凤城十路(地铁站),交通设施服务;地铁站;地铁站,108.94302953781865,34.35397470560217,未央区,108.947695,34.352431
BV10069654,行政中心(地铁站),交通设施服务;地铁站;地铁站,108.94266548876922,34.34253307628465,未央区,108.947329,34.340983
BV10073371,北苑(地铁站),交通设施服务;地铁站;地铁站,108.94055456409914,34.363559139117825,未央区,108.945214,34.362016
BV10069623,凤城五路(地铁站),交通设施服务;地铁站;地铁站,108.94262551061018,34.33134458201582,未央区,108.947288,34.329789
BV09426154,元鼎路(地铁站),交通设施服务;地铁站;地铁站,108.92507668269316,34.36872185369143,未央区,108.929701,34.36716
BV10527901,凤城九路(地铁站),交通设施服务;地铁站;地铁站,108.92514902628544,34.35042917416787,未央区,108.929772,34.348858
BV10527892,凤城十二路(地铁站),交通设施服务;地铁站;地铁站,108.92512125642496,34.36059303421255,未央区,108.929745,34.359027
BV10527904,文景路(地铁站),交通设施服务;地铁站;地铁站,108.93209124163516,34.342545735645096,未央区,108.936728,34.340979
B001D0WF5F,西安北站南广场地下停车场,交通设施服务;停车场;公共停车场,108.93520444376796,34.37343550392637,未央区,108.939851,34.371889
BV10602587,市中医医院(地铁站),交通设施服务;地铁站;地铁站,108.95585471145516,34.342535202330964,未央区,108.960559,34.341012
B0H66AD635,CityOn熙地港西安购物中心地下停车场,交通设施服务;停车场;公共停车场,108.9403320769106,34.34000738755098,未央区,108.944989,34.338452
BX09903473,凤城十路地铁站D东北口,交通设施服务;地铁站;出入口,108.94345729550749,34.35441870469349,未央区,108.948124,34.352876
B0FFGL1M37,西安城市运动公园东门停车场,交通设施服务;停车场;公共停车场,108.94031159024529,34.34666813513659,未央区,108.944969,34.345116
BV10070662,红旗厂(公交站),交通设施服务;公交车站;公交车站相关,108.96081449072848,34.35479542124246,未央区,108.965537,34.35329
B0G0X71F0T,西安大融城地下停车场,交通设施服务;停车场;公共停车场,108.94452448312992,34.339262283633204,未央区,108.949193,34.337714
BV10566219,未央路凤城十路口(公交站),交通设施服务;公交车站;公交车站相关,108.94425070018492,34.35853214981554,未央区,108.94892,34.356993
B0IGAANN4L,西安北客站停车场,交通设施服务;停车场;公共停车场,108.93388465601473,34.37270281864969,未央区,108.938528,34.371154
BX09903471,凤城十路地铁站C东南口,交通设施服务;地铁站;出入口,108.9435281495935,34.35374691596318,未央区,108.948195,34.352204
BV10069620,张家堡(公交站),交通设施服务;公交车站;公交车站相关,108.9410572052392,34.3389806475112,未央区,108.945716,34.337426
BV10069653,行政中心(公交站),交通设施服务;公交车站;公交车站相关,108.9463807870139,34.342576132886904,未央区,108.951055,34.341033
BV11122924,未央路凤城五路口(公交站),交通设施服务;公交车站;公交车站相关,108.94378025870536,34.33133249530894,未央区,108.948446,34.329779
BV10069624,尤家庄(公交站),交通设施服务;公交车站;公交车站相关,108.94433494549122,34.327993064132414,未央区,108.949002,34.326439
BX09908506,北苑地铁站B西南口,交通设施服务;地铁站;出入口,108.94025740467174,34.363026920481126,未央区,108.944916,34.361483
BV10069687,凤城十路西口(公交站),交通设施服务;公交车站;公交车站相关,108.9145319261095,34.35192506845864,未央区,108.919138,34.350346
B0H0F5KHFA,汉神购物广场地下停车场,交通设施服务;停车场;公共停车场,108.93278783878216,34.34026690068092,未央区,108.937426,34.3387
B0HGVRS4DS,未央国际地下停车场,交通设施服务;停车场;公共停车场,108.941267664796,34.33858947398559,未央区,108.945927,34.337035
BX09908509,北苑地铁站C东南口,交通设施服务;地铁站;出入口,108.94118789322266,34.36303432196386,未央区,108.945849,34.361492
B0FFGL1LMH,西安城市运动公园北门西停车场,交通设施服务;停车场;公共停车场,108.93849621978744,34.348519226380525,未央区,108.943149,34.346965
B0HRUSFHJP,西安市中医医院停车场,交通设施服务;停车场;公共停车场,108.9548489305225,34.3444225366631,未央区,108.95955,34.342898
BX09903474,凤城十路地铁站A西北口,交通设施服务;地铁站;出入口,108.94270839524624,34.35449501954798,未央区,108.947373,34.352951
BX10014084,凤城五路地铁站B西南口,交通设施服务;地铁站;出入口,108.94194043596808,34.331028949748315,未央区,108.946601,34.329472
BX10026256,元鼎路地铁站A西北口,交通设施服务;地铁站;出入口,108.92448075272814,34.36928917258672,未央区,108.929104,34.367727
BX10014082,凤城五路地铁站D东北口,交通设施服务;地铁站;出入口,108.943404298577,34.331654028266335,未央区,108.948069,34.3301
BX09908527,行政中心地铁站D6口,交通设施服务;地铁站;出入口,108.94554423795432,34.34275065179078,未央区,108.950216,34.341206
BV10070979,凤城七路西口(公交站),交通设施服务;公交车站;公交车站相关,108.91553156967008,34.33974351956791,未央区,108.920138,34.338159
BV11107333,朱宏路公交调度站(公交站),交通设施服务;公交车站;公交车站相关,108.91500280641009,34.35806667290051,未央区,108.91961,34.356491
B0IGYUGO2E,西安北站南停车场,交通设施服务;停车场;公共停车场,108.93760946807626,34.3734607933297,未央区,108.942262,34.371918
BV10905324,经开区政务服务中心(公交站),交通设施服务;公交车站;公交车站相关,108.9251412296486,34.360457083213404,未央区,108.929765,34.358891
B0HUPUPJLQ,西安津博停车场,交通设施服务;停车场;停车场相关,108.9186483512668,34.33591522934977,未央区,108.923259,34.334331
B0FFK8F1AL,凤城十路地铁凤城十路站C口路南东侧停车场,交通设施服务;停车场;停车场相关,108.94373554764528,34.353910453830004,未央区,108.948403,34.352368
BV11107331,凤城六路西口(公交站),交通设施服务;公交车站;公交车站相关,108.91570457857078,34.3366908988125,未央区,108.920311,34.335105
BV10070663,徐家湾(公交站),交通设施服务;公交车站;公交车站相关,108.96076620734384,34.34816387786273,未央区,108.965488,34.346655
BV10825095,文景路凤城七路口(公交站),交通设施服务;公交车站;公交车站相关,108.93485708644752,34.338889617800994,未央区,108.9395,34.337325
BX09903472,凤城十路地铁站B西南口,交通设施服务;地铁站;出入口,108.94251103338443,34.353418917802884,未央区,108.947175,34.351874
BX10025803,元鼎路地铁站D东北口,交通设施服务;地铁站;出入口,108.92550380061616,34.36959194434291,未央区,108.930129,34.368031
BV09425555,西安北站南广场(公交站),交通设施服务;公交车站;公交车站相关,108.93719962596076,34.37199421799819,未央区,108.941851,34.37045
BV11118216,明光路凤城九路口(公交站),交通设施服务;公交车站;公交车站相关,108.92313684538742,34.34893095181862,未央区,108.927756,34.347357
BV10905325,西安出口加工区(公交站),交通设施服务;公交车站;公交车站相关,108.92506853713176,34.35835523870685,未央区,108.929692,34.356788
BX10025781,凤城十二路地铁站A西北口,交通设施服务;地铁站;出入口,108.92485269693115,34.36140089836041,未央区,108.929476,34.359835
BX09908515,行政中心地铁站C6口,交通设施服务;地铁站;出入口,108.94299777360786,34.33988977659982,未央区,108.947662,34.338339
BX10025816,文景路地铁站C东南口,交通设施服务;地铁站;出入口,108.9328046661888,34.34191906656579,未央区,108.937443,34.340353
BX10025813,文景路地铁站B西南口,交通设施服务;地铁站;出入口,108.93118429154042,34.34228807364825,未央区,108.935819,34.34072
BV11007340,北苑站(公交站),交通设施服务;公交车站;公交车站相关,108.93908049813072,34.36329075076927,未央区,108.943736,34.361745
BV10461091,城市运动公园(公交站),交通设施服务;公交车站;公交车站相关,108.9442694293399,34.34892298091735,未央区,108.948938,34.347379
BV10070541,交通职业技术学院校本部(公交站),交通设施服务;公交车站;公交车站相关,108.9345217537723,34.3282332410637,未央区,108.939163,34.326663
BX10025804,凤城九路地铁站A西北口,交通设施服务;地铁站;出入口,108.92482271641826,34.3494949836908,未央区,108.929445,34.347923
BV11121271,明光路凤城八路口(公交站),交通设施服务;公交车站;公交车站相关,108.92510979998116,34.3417805130461,未央区,108.929732,34.340205
BX10025801,元鼎路地铁站B西南口,交通设施服务;地铁站;出入口,108.9247133972826,34.36832643927566,未央区,108.929337,34.366764
B0H66ADDFX,CityOn熙地港(西安)购物中心停车场(入口),交通设施服务;停车场;停车场入口,108.93935469160024,34.339759149431,未央区,108.944009,34.338202
B0IAM5MQVY,开元公园公共停车场,交通设施服务;停车场;公共停车场,108.95003788009164,34.351846191086686,未央区,108.954724,34.350315
BV10071119,老洼滩(公交站),交通设施服务;公交车站;公交车站相关,108.96306303221684,34.37123937480937,未央区,108.967795,34.369748
BV11121270,文景路凤城八路口(公交站),交通设施服务;公交车站;公交车站相关,108.93332027791548,34.34434215137006,未央区,108.93796,34.342778
BX09908507,北苑地铁站D东北口,交通设施服务;地铁站;出入口,108.94066421815026,34.36418162858155,未央区,108.945324,34.362639
B0FFHPPH9G,未央区张家堡社区卫生服务中心停车场,交通设施服务;停车场;停车场相关,108.94056659782134,34.338156891796004,未央区,108.945224,34.336601
BX10014083,凤城五路地铁站A西北口,交通设施服务;地铁站;出入口,108.94220263235732,34.332003019624835,未央区,108.946864,34.330447
B0KUXSTR6Y,中建财智广场商业地下停车场,交通设施服务;停车场;公共停车场,108.92740614380884,34.368637335418455,未央区,108.932035,34.367078
BX10026325,元鼎路地铁站C东南口,交通设施服务;地铁站;出入口,108.92555783610491,34.36787678735971,未央区,108.930183,34.366315
BX09908531,行政中心地铁站C5口,交通设施服务;地铁站;出入口,108.942226923855,34.3398861573568,未央区,108.946889,34.338334
B0HGYZWT7K,西安北站南广场地下停车场(西入口),交通设施服务;停车场;停车场入口,108.93439642664504,34.37291796647217,未央区,108.939041,34.37137
BV11107330,贾十字(公交站),交通设施服务;公交车站;公交车站相关,108.91701838115156,34.32852895518956,未央区,108.921626,34.32694
B0HGOAV4H2,西安大融城停车场,交通设施服务;停车场;公共停车场,108.94503089348336,34.340800582083205,未央区,108.949701,34.339254
BX10025805,凤城九路地铁站D东北口,交通设施服务;地铁站;出入口,108.92542656707464,34.34958830243435,未央区,108.93005,34.348017
BV11143076,明光路凤城四路口(公交站),交通设施服务;公交车站;公交车站相关,108.92398594317274,34.32874696873913,未央区,108.928605,34.327164
BV11146592,市中医医院(公交站),交通设施服务;公交车站;公交车站相关,108.95371484303628,34.3424910047817,未央区,108.958412,34.340963
B0J0YMQSUF,博乐里购物广场地下停车场,交通设施服务;停车场;公共停车场,108.93231759035324,34.34425058638674,未央区,108.936955,34.342685
BV11596111,开元路红旗路口(公交站),交通设施服务;公交车站;公交车站相关,108.94916230388434,34.35552612576462,未央区,108.953846,34.353995
BX09908508,北苑地铁站A西北口,交通设施服务;地铁站;出入口,108.93997208157566,34.364065863651355,未央区,108.94463,34.362522
BX09908528,行政中心地铁站B6口,交通设施服务;地铁站;出入口,108.93973648109204,34.34225228997752,未央区,108.944392,34.340697
B0JAOCWPUR,中建财智广场地下停车场,交通设施服务;停车场;公共停车场,108.9258004160517,34.36730882397707,未央区,108.930426,34.365747
BX10025814,文景路地铁站A西北口,交通设施服务;地铁站;出入口,108.93119223589272,34.34275783183353,未央区,108.935827,34.34119
BX09908450,市中医医院地铁站A西北口,交通设施服务;地铁站;出入口,108.95503046057104,34.34276195020433,未央区,108.959732,34.341237
BX10025806,凤城九路地铁站B西南口,交通设施服务;地铁站;出入口,108.92474096882556,34.34826668291124,未央区,108.929363,34.346694
B0LD37LNM1,钰洋通停车场,交通设施服务;停车场;公共停车场,108.94559139221938,34.339162322455735,未央区,108.950263,34.337616
B0FFHTRSKK,国金华府内部地下停车场,交通设施服务;停车场;专用停车场,108.92910779567497,34.34202284329273,未央区,108.933738,34.340452
BV11049179,明光路凤城五路口(公交站),交通设施服务;公交车站;公交车站相关,108.92508876529529,34.33033208309581,未央区,108.92971,34.328751
B0H09ALCXG,水晶新天地地下停车场,交通设施服务;停车场;公共停车场,108.96014378791396,34.34365262152773,未央区,108.964863,34.34214
B0H6Y7A6CA,明丰国际停车场,交通设施服务;停车场;公共停车场,108.93882409528943,34.33957511373767,未央区,108.943477,34.338017
BX10025779,凤城十二路地铁站B西南口,交通设施服务;地铁站;出入口,108.92484183039043,34.36000362933041,未央区,108.929465,34.358437
BV11136040,文景路凤城十路口(公交站),交通设施服务;公交车站;公交车站相关,108.9339359805921,34.35489498701587,未央区,108.938578,34.353337
B0FFL9HS8C,中海停车场,交通设施服务;停车场;专用停车场,108.95843942679647,34.37217108532798,未央区,108.963155,34.370669
BX09908452,市中医医院地铁站C东南口,交通设施服务;地铁站;出入口,108.956100920573,34.34203288976677,未央区,108.960806,34.34051
BV10071324,张家堡新区(公交站),交通设施服务;公交车站;公交车站相关,108.95951509406578,34.3425776579423,未央区,108.964232,34.341063
B0FFHE4B8A,地面停车场,交通设施服务;停车场;公共停车场,108.93624234325166,34.33105432455867,未央区,108.940888,34.329488
B0GKK5YTHA,西安大融城地下停车场(入口),交通设施服务;停车场;停车场入口,108.94468003812472,34.339219014433574,未央区,108.949349,34.337671
B0IGA5PNQC,西安经开二校停车场,交通设施服务;停车场;公共停车场,108.94167428865909,34.35413103687404,未央区,108.946336,34.352585
BV10071121,河址西(公交站),交通设施服务;公交车站;公交车站相关,108.95141401391555,34.358168098397854,未央区,108.956105,34.356643
B0FFHTLADF,兴利地面停车场,交通设施服务;停车场;公共停车场,108.91317818384051,34.35773185823536,未央区,108.917783,34.356155
B0HAT512MO,中登广场地下停车场,交通设施服务;停车场;公共停车场,108.93924004607824,34.32679357885389,未央区,108.943893,34.32523
BX10026322,凤城十二路地铁站D东北口,交通设施服务;地铁站;出入口,108.9255094713022,34.361173323997214,未央区,108.930134,34.359608
B0H0XU60B8,西安政务中心停车场(暂停营业),交通设施服务;停车场;公共停车场,108.9405412450702,34.34333439635752,未央区,108.945199,34.341781
BX09908518,行政中心地铁站D5口,交通设施服务;地铁站;出入口,108.94557319299798,34.34226183742519,未央区,108.950245,34.340717
BV11107328,凤城九路西口(公交站),交通设施服务;公交车站;公交车站相关,108.91611201852348,34.34901856250371,未央区,108.92072,34.347439
BX10026330,文景路地铁站D东北口,交通设施服务;地铁站;出入口,108.9327347315598,34.34309358491184,未央区,108.937373,34.341528
BV10071987,红旗西站(公交站),交通设施服务;公交车站;公交车站相关,108.9572827957092,34.355424476772384,未央区,108.961993,34.353911
BV10070358,明光路凤城七路口(公交站),交通设施服务;公交车站;公交车站相关,108.9250581991243,34.3380493928375,未央区,108.92968,34.336472
B0GK6MQUCZ,赛高街区地下停车场,交通设施服务;停车场;公共停车场,108.9398131920539,34.33100062198107,未央区,108.944468,34.32944
BX10025808,凤城九路地铁站C东南口,交通设施服务;地铁站;出入口,108.92548955342151,34.34827089455346,未央区,108.930113,34.346699
BX10025780,凤城十二路地铁站C东南口,交通设施服务;地铁站;出入口,108.92547065516516,34.359818063109685,未央区,108.930095,34.358252
BV10071120,吕小寨(公交站),交通设施服务;公交车站;公交车站相关,108.95628693588436,34.37076681835131,未央区,108.960995,34.369259
BV11633054,明光路元鼎路口(公交站),交通设施服务;公交车站;公交车站相关,108.92619452955356,34.36882260091366,未央区,108.930821,34.367262
BV11627198,建元路元鼎路口(公交站),交通设施服务;公交车站;公交车站相关,108.9446297031344,34.369656667307495,未央区,108.949301,34.368124
BX09908516,行政中心地铁站B5口,交通设施服务;地铁站;出入口,108.93972746435765,34.34275205894038,未央区,108.944383,34.341197
B0G2CU9ASY,西安北客站停车场(入口),交通设施服务;停车场;停车场入口,108.93723341616436,34.373525352973445,未央区,108.941885,34.371982
BV10070543,西安中学(公交站),交通设施服务;公交车站;公交车站相关,108.93302678831203,34.33409956578341,未央区,108.937665,34.33253
BV11136041,文景路凤城十一路口(公交站),交通设施服务;公交车站;公交车站相关,108.93413526217084,34.357947144762875,未央区,108.938778,34.356391
BV10917885,凤城八路西口(公交站),交通设施服务;公交车站;公交车站相关,108.91684450393004,34.342514305845754,未央区,108.921453,34.340932
B0FFGAQLCI,海荣盐张东区停车场,交通设施服务;停车场;公共停车场,108.93111337257614,34.34322370578711,未央区,108.935748,34.341656
B0GR9APTMD,迈远生态智慧停车广场,交通设施服务;停车场;公共停车场,108.95269002883312,34.368911794647275,未央区,108.957386,34.367395
B0H1T5I5NN,长庆宾馆停车场,交通设施服务;停车场;公共停车场,108.94539884880906,34.328192972648935,未央区,108.950069,34.326641
B0IGHRFQ05,地面停车场,交通设施服务;停车场;公共停车场,108.93520754667094,34.35976364286803,未央区,108.939853,34.35821
B0H0RHCPUD,风景御园停车场,交通设施服务;停车场;公共停车场,108.93669730174727,34.34227317885015,未央区,108.941345,34.340713
BV11135064,文景路凤城九路口(公交站),交通设施服务;公交车站;公交车站相关,108.9333160281764,34.34754356715165,未央区,108.937956,34.345981
BV10070568,文景西区东门(公交站),交通设施服务;公交车站;公交车站相关,108.92382424721612,34.353377042679725,未央区,108.928445,34.351806
B0FFM2Q1HP,西安北站南广场网约车出租车消毒点,交通设施服务;交通服务相关;交通服务相关,108.93634864012373,34.373413786557315,未央区,108.940998,34.371869
B0FFJOUZSK,双威迎宾广场停车场,交通设施服务;停车场;专用停车场,108.94211852981954,34.33612518092652,未央区,108.94678,34.334571
B0HATC1QN3,世纪金花赛高店地下停车场,交通设施服务;停车场;公共停车场,108.94079461630088,34.330368258870216,未央区,108.945452,34.328809
B0FFKBYNNB,水晶新天地停车场(入口),交通设施服务;交通服务相关;交通服务相关,108.96063206428008,34.34354249785132,未央区,108.965353,34.342031
B0H0LHFTNA,联益中心停车场,交通设施服务;停车场;公共停车场,108.923936194513,34.33913601059235,未央区,108.928556,34.337558
B0KB1CA5LZ,凤城北路民悦地面停车场,交通设施服务;停车场;公共停车场,108.93960203050985,34.36446727534922,未央区,108.944259,34.362923
B0KA5D2OAH,北苑地铁口地面停车场,交通设施服务;停车场;公共停车场,108.93966790554587,34.363861480005085,未央区,108.944325,34.362317
BV10070542,翁家庄(公交站),交通设施服务;公交车站;公交车站相关,108.93324366384763,34.3294404958266,未央区,108.937882,34.327869
B0IAKHGAK8,未十二广场地面停车场,交通设施服务;停车场;公共停车场,108.94256038573174,34.359684634854375,未央区,108.947225,34.358143
B0H2BZKID4,铂菲朗酒店停车点,交通设施服务;停车场;公共停车场,108.92542142007916,34.33916346599494,未央区,108.930044,34.337587
BV10070727,西航福利区(公交站),交通设施服务;公交车站;公交车站相关,108.94917366056096,34.35072752890535,未央区,108.953857,34.349194
BV11161972,贞观路凤城五路口(公交站),交通设施服务;公交车站;公交车站相关,108.95444235380212,34.331327818224715,未央区,108.959141,34.329796
BV11135085,文景路凤城十二路口(公交站),交通设施服务;公交车站;公交车站相关,108.93263859869668,34.359780315353575,未央区,108.937278,34.358223
BV10072681,南玉丰(公交站),交通设施服务;公交车站;公交车站相关,108.90885440073995,34.32823520777267,未央区,108.913452,34.326642
BV10070615,行政中心东区(公交站),交通设施服务;公交车站;公交车站相关,108.95246385176608,34.34335730061736,未央区,108.957157,34.341827
BV10070614,文景东区(公交站),交通设施服务;公交车站;公交车站相关,108.9524665932828,34.34641078193998,未央区,108.95716,34.344882
BV11196198,开元路凤城四路口(公交站),交通设施服务;公交车站;公交车站相关,108.9483520374468,34.32803528072769,未央区,108.953031,34.326489
BV10859125,明光路凤城六路口(公交站),交通设施服务;公交车站;公交车站相关,108.92508847304477,34.33395434527623,未央区,108.92971,34.332375
B0G0TSF1YG,西北国金中心北区地下停车场,交通设施服务;停车场;公共停车场,108.93247321521794,34.34450724651407,未央区,108.937111,34.342942
BX09908521,行政中心地铁站B西南口,交通设施服务;地铁站;出入口,108.9420771805854,34.34182347232301,未央区,108.946739,34.340272
BV10070617,文景西区北门(公交站),交通设施服务;公交车站;公交车站相关,108.9212946809013,34.35335142475736,未央区,108.925911,34.351778
BV11576967,凤城五路西口(公交站),交通设施服务;公交车站;公交车站相关,108.91840308099889,34.33152652896378,未央区,108.923013,34.32994
B0FFK1MLL1,凤城六路正源加气站地面停车场,交通设施服务;停车场;公共停车场,108.91694595346888,34.335129840015206,未央区,108.921554,34.333544
B0H6MUGFWM,旭辉中心地下停车场,交通设施服务;停车场;公共停车场,108.93869930366598,34.3410056170752,未央区,108.943352,34.339448
B0H1DALSCY,西安经开妇幼医院停车场,交通设施服务;停车场;公共停车场,108.91900759152202,34.33843872668675,未央区,108.923619,34.336856
B0K34U3GKZ,赛达停车场,交通设施服务;停车场;公共停车场,108.94367713594264,34.37327251719763,未央区,108.948346,34.37174
B0K03S3WAS,盛翔停车场,交通设施服务;停车场;公共停车场,108.96400693194504,34.36691528369314,未央区,108.968742,34.365424
BV11132205,凤城九路开元路口(公交站),交通设施服务;公交车站;公交车站相关,108.94865041236304,34.34901544898954,未央区,108.953332,34.34748
BV10070618,白桦林居北门(公交站),交通设施服务;公交车站;公交车站相关,108.92948344376404,34.3489109623191,未央区,108.934115,34.347344
BV11632849,文景路元鼎路口(公交站),交通设施服务;公交车站;公交车站相关,108.93379910446144,34.36965854918612,未央区,108.938442,34.368108
B0FFGH55H2,双威迎宾广场停车场,交通设施服务;停车场;公共停车场,108.94237671260038,34.3373751159865,未央区,108.947039,34.335822
BX09908514,行政中心地铁站D东北口,交通设施服务;地铁站;出入口,108.94308226437263,34.34322998287413,未央区,108.947747,34.341681
B0HATZZB8G,隆成花田里地下停车场,交通设施服务;停车场;公共停车场,108.94818356911804,34.35233871723155,未央区,108.952864,34.350804
BV11135145,凤城北路凤城十二路口(公交站),交通设施服务;公交车站;公交车站相关,108.93770930584928,34.36002765595644,未央区,108.942361,34.358478
B0HKZ5QIN0,世茂都东南停车场,交通设施服务;停车场;公共停车场,108.9369646882891,34.353894959499755,未央区,108.941614,34.352341
BV10877038,中登家园(公交站),交通设施服务;公交车站;公交车站相关,108.93028585141283,34.33497280643552,未央区,108.934918,34.3334
B0HGY7XP7V,保利·中达广场地下停车场,交通设施服务;停车场;公共停车场,108.94471468090713,34.35465126495894,未央区,108.949385,34.353111
B0KB2SPBY0,凤城北路民悦停车场南区(北苑地铁口),交通设施服务;停车场;停车场相关,108.94089666170744,34.36330368523546,未央区,108.945557,34.361761
BV11132539,文景路元朔路口(公交站),交通设施服务;公交车站;公交车站相关,108.93444445371088,34.37117581890006,未央区,108.939089,34.369627
B0H0F5LZH8,汉神购物广场地下停车场(入口),交通设施服务;停车场;停车场入口,108.9328237466264,34.34038579269747,未央区,108.937462,34.338819
B0FFHTRO72,中登文景大厦停车场,交通设施服务;停车场;公共停车场,108.9278049074046,34.34924082087447,未央区,108.932433,34.347672
BV11686433,元光路元鼎路口(公交站),交通设施服务;公交车站;公交车站相关,108.937548927014,34.36970987282535,未央区,108.942201,34.368165
B0HA1SEBU1,银池广场停车场,交通设施服务;停车场;公共停车场,108.9429991304316,34.3354579306063,未央区,108.947663,34.333905
B0H1AA2XVB,宜和佳妇女儿童医院停车场,交通设施服务;停车场;公共停车场,108.95513872900352,34.33505846730208,未央区,108.95984,34.33353
B0H0NCX9JZ,西安巨坤宠物花卉市场停车场,交通设施服务;停车场;公共停车场,108.91108276620146,34.343981751083966,未央区,108.915684,34.342397
BV11116845,渭滨路凤城八路口(公交站),交通设施服务;公交车站;公交车站相关,108.96248351077314,34.34238753594658,未央区,108.967211,34.34088
B0H1RSA6PP,西航医院停车场,交通设施服务;停车场;公共停车场,108.95508442272688,34.35323659941802,未央区,108.959787,34.351717
B0FFGFR9SX,朋诺停车场,交通设施服务;停车场;公共停车场,108.9136302891856,34.34941882867957,未央区,108.918235,34.347838
BV10070978,青西村(公交站),交通设施服务;公交车站;公交车站相关,108.91381434205876,34.34587049936561,未央区,108.918419,34.344288
B0H04S8517,中海地面停车场,交通设施服务;停车场;公共停车场,108.9588250091224,34.373075696263165,未央区,108.963542,34.371575
BV10587646,渭滨路凤城五路口(公交站),交通设施服务;公交车站;公交车站相关,108.96075558105238,34.331887870424204,未央区,108.965476,34.330371
B0FFHUIUUE,国金华府内部地下停车场(出入口),交通设施服务;停车场;停车场出入口,108.92884332786532,34.3422990300695,未央区,108.933473,34.340728
B0IATUQQKC,康源养老·北城长者屋,体育休闲服务;度假疗养场所;疗养院|生活服务;生活服务场所;生活服务场所|交通设施服务;交通服务相关;交通服务相关,108.95267946115035,34.33959168497051,未央区,108.957373,34.33806
B0H26R3ACO,王府井百货熙地港店地下停车场,交通设施服务;停车场;公共停车场,108.9400867178255,34.34018971372974,未央区,108.944743,34.338634
BV11653091,明光路元朔大道口(公交站),交通设施服务;公交车站;公交车站相关,108.92377591117024,34.37097799210595,未央区,108.928398,34.369416
B0LAOD1FHG,杨善北路便民停车场,交通设施服务;停车场;公共停车场,108.90918577956576,34.34420635637795,未央区,108.913785,34.342621
B0H0LZFS6P,海璟时代地下停车场,交通设施服务;停车场;公共停车场,108.93367557590236,34.33043840922107,未央区,108.938315,34.328868
B0FFG8PQ2W,新北城停车场,交通设施服务;停车场;专用停车场,108.90894807631274,34.331096813064555,未央区,108.913546,34.329505
B0IG1ZDPHV,西安政务大厅地面停车场,交通设施服务;停车场;公共停车场,108.93844582262392,34.34270419423467,未央区,108.943098,34.341147
BX10014085,凤城五路地铁站C东南口,交通设施服务;地铁站;出入口,108.94308928181268,34.330484159498,未央区,108.947753,34.328929
B0FFHTLPOI,明光路凯瑞大厦停车场,交通设施服务;停车场;公共停车场,108.92490882390211,34.35852931639375,未央区,108.929532,34.356962
BV09434196,行政中心(未央路)(公交站),交通设施服务;公交车站;公交车站相关,108.94272712172553,34.34492778284117,未央区,108.947391,34.343379
B0HGZZ2EEM,文景广场地下停车场,交通设施服务;停车场;公共停车场,108.93284234424456,34.35715237985794,未央区,108.937482,34.355594
B0HAT50FRH,中登广场北停车场,交通设施服务;停车场;公共停车场,108.93901653771124,34.327947400483545,未央区,108.943669,34.326384
BV11001468,凤城北路中段(公交站),交通设施服务;公交车站;公交车站相关,108.9391706546962,34.35846109077352,未央区,108.943826,34.356913
B0G1S59EGA,凤城9号停车场,交通设施服务;停车场;公共停车场,108.94311360958288,34.35019046216226,未央区,108.947779,34.348645
BV09386059,未央路·凤城十路口(公交站),交通设施服务;公交车站;公交车站相关,108.9440177357868,34.35400488721464,未央区,108.948686,34.352463
BV11121623,明珠花园(公交站),交通设施服务;公交车站;公交车站相关,108.93894544923376,34.33132290779133,未央区,108.943598,34.329761
B0KDPHVA4Y,鼎沛元大型停车场,交通设施服务;停车场;公共停车场,108.91971207029871,34.368273073521614,未央区,108.924327,34.366706
BV10904620,开元路凤城五路口(公交站),交通设施服务;公交车站;公交车站相关,108.95013724434824,34.33132406979018,未央区,108.954822,34.329783
B0G0VZKN7U,首创禧悦里地下停车场,交通设施服务;停车场;公共停车场,108.93475451829728,34.36124854781808,未央区,108.939399,34.359695
B0H31AXIEW,西安经开洲际酒店地下停车场,交通设施服务;停车场;公共停车场,108.94010658181676,34.34121117938412,未央区,108.944763,34.339656
BV11135144,文景路凤城五路口(公交站),交通设施服务;公交车站;公交车站相关,108.93438082635195,34.331479897220454,未央区,108.939022,34.329911
B0H6LRF76P,乐派生活广场停车场,交通设施服务;停车场;公共停车场,108.96090259098754,34.34974875382167,未央区,108.965625,34.348241
B0H6MRGPHI,中登大厦停车场,交通设施服务;停车场;公共停车场,108.9422958741656,34.32585178197653,未央区,108.946957,34.324293
BV09245235,开元路凤城十二路口(公交站),交通设施服务;公交车站;公交车站相关,108.95011715471632,34.357686062241264,未央区,108.954804,34.356158
B0H6SAXXTG,天朗经开中心停车场,交通设施服务;停车场;公共停车场,108.92584322052352,34.331626659593624,未央区,108.930466,34.330047
B0HATU1PVA,长和国际地下停车场,交通设施服务;停车场;公共停车场,108.92603115397768,34.340320243314615,未央区,108.930655,34.338745
B0L2SZ5AEI,中登文景大厦A座地下停车场,交通设施服务;停车场;公共停车场,108.92606133226784,34.34975353522634,未央区,108.930686,34.348183
BX09908519,行政中心地铁站A2西北口,交通设施服务;地铁站;出入口,108.94145073874354,34.3438335811995,未央区,108.946111,34.342282
BX09908522,行政中心地铁站D3东北口,交通设施服务;地铁站;出入口,108.9441641708515,34.34352186054729,未央区,108.948832,34.341975
B0H6DC9560,MAX未来商业广场停车场,交通设施服务;停车场;公共停车场,108.94292751602882,34.33318815487591,未央区,108.947591,34.331634
B0H0RHCPUE,风景御园内部地下停车场,交通设施服务;停车场;专用停车场,108.93359698167322,34.34003787845737,未央区,108.938237,34.338472
B0JBUM6N2Z,阿基米德停车场,交通设施服务;停车场;专用停车场,108.92779328583256,34.36955440431517,未央区,108.932423,34.367996
B0FFG63PJG,陕西交通职业技术学院校西停车场(崇学路),交通设施服务;停车场;公共停车场,108.93379166110108,34.3260273396327,未央区,108.938431,34.324455
B0FFHBVW9A,文化中心广场停车场,交通设施服务;停车场;专用停车场,108.9521358242656,34.34441348369292,未央区,108.956828,34.342883
BX10025807,凤城九路地铁站E东北口,交通设施服务;地铁站;出入口,108.92544248923797,34.35017499121495,未央区,108.930066,34.348604
B0FFGAQLD9,徐家湾小区地上停车场,交通设施服务;停车场;路边停车场,108.95883894660678,34.34887313876959,未央区,108.963554,34.34736
BV10070616,行政中心西区(公交站),交通设施服务;公交车站;公交车站相关,108.93586035596496,34.34250034918669,未央区,108.940506,34.340939
B0FFGFQMJ2,中国启源工程设计研究院有限公司内部地面停车场(入口),交通设施服务;停车场;停车场入口,108.9258679295458,34.35935687299459,未央区,108.930493,34.357791
BX09908451,市中医医院地铁站B西南口,交通设施服务;地铁站;出入口,108.9550314913207,34.34234415368244,未央区,108.959733,34.340819
B0JB2SSXGX,西安市中医医院地下停车场,交通设施服务;停车场;公共停车场,108.9545569865152,34.34339069808377,未央区,108.959257,34.341865
B0FFL9FQ3L,鸿盛桥停车场,交通设施服务;停车场;公共停车场,108.9391871430234,34.36422109208189,未央区,108.943843,34.362676
B0G0TSDHOW,西北国金中心南区地下停车场,交通设施服务;停车场;公共停车场,108.93219015627928,34.3408364415158,未央区,108.936827,34.339269
B0I33RYFND,龙之雨停车场,交通设施服务;停车场;公共停车场,108.95120570275132,34.3578606961935,未央区,108.955896,34.356335
BV11101241,河址西北(公交站),交通设施服务;公交车站;公交车站相关,108.95116548847425,34.36204662887566,未央区,108.955856,34.360523
B0H6YLAMP0,海璟·新天地北停车场,交通设施服务;停车场;公共停车场,108.92719882056808,34.328355712612755,未央区,108.931824,34.326776
B0FFMEXURV,阳光停车场,交通设施服务;停车场;公共停车场,108.9133015394392,34.351425994047354,未央区,108.917906,34.349846
BV11158279,红旗西路公交调度站(公交站),交通设施服务;公交车站;公交车站相关,108.95203527339936,34.35511133456438,未央区,108.956728,34.353586
BV09420963,明光路·元朔大道口(公交站),交通设施服务;公交车站;公交车站相关,108.92499775908524,34.36961746546469,未央区,108.929622,34.368056
B0H2GHVROP,五环Outlets工厂店停车场,交通设施服务;停车场;公共停车场,108.94229695098252,34.337166359281724,未央区,108.946959,34.335613
B0L01RGEM2,西安市稳达锐智停车场,交通设施服务;停车场;公共停车场,108.9132293658204,34.34229157892279,未央区,108.917833,34.340707
BV10527884,百花村(地铁站),交通设施服务;地铁站;地铁站,108.9669063358252,34.327993279411544,未央区,108.971649,34.32649
BV10527888,常青路(地铁站),交通设施服务;地铁站;地铁站,108.96690260759662,34.33700995829553,未央区,108.971646,34.335511
BV11567279,北辰(地铁站),交通设施服务;地铁站;地铁站,108.9909189486777,34.373063506855004,未央区,108.995763,34.371651
BV11380438,团结村(地铁站),交通设施服务;地铁站;地铁站,108.97952439736382,34.341610121000286,未央区,108.984318,34.340148
BV09247283,红旗厂(地铁站),交通设施服务;地铁站;地铁站,108.9768640936738,34.3553548126929,未央区,108.981648,34.353892
B0HAV7AXYD,华夏文旅海洋公园1、2号停车场,交通设施服务;停车场;公共停车场,109.01887332194497,34.35180759048566,灞桥区,109.023835,34.350468
BV09247278,帽珥冢(地铁站),交通设施服务;地铁站;地铁站,108.97949440794729,34.330908396010685,未央区,108.984287,34.329441
B0FFK84FF1,华夏文旅3号停车场,交通设施服务;停车场;公共停车场,109.01355923567478,34.35567619553385,灞桥区,109.018499,34.354323
B0LB9ZXQ0U,龙湖西安未央天街地下停车场,交通设施服务;停车场;停车场出口|交通设施服务;停车场;公共停车场,108.98097698218764,34.34687133849463,未央区,108.985777,34.345416
B0FFKFO8V2,华夏文旅1号停车场,交通设施服务;停车场;公共停车场,109.0180038903576,34.352261881151435,灞桥区,109.022962,34.35092
BV10069841,北辰村(公交站),交通设施服务;公交车站;公交车站相关,108.99867796782374,34.36859639101131,未央区,109.003555,34.367205
B0LB9SMHK2,西安地铁8、10号线永城路停车场,交通设施服务;交通服务相关;交通服务相关,108.98624728549464,34.33113259886783,未央区,108.991068,34.329685
BX10026321,常青路地铁站D东北口,交通设施服务;地铁站;出入口,108.96725916578188,34.3381654690057,未央区,108.972004,34.336668
BV11358157,华文路锦堤五路口(公交站),交通设施服务;公交车站;公交车站相关,109.0189535213626,34.34555648508043,灞桥区,109.023915,34.344214
BV11136658,北三环北辰立交北(公交站),交通设施服务;公交车站;公交车站相关,108.99070029732572,34.36810577907751,未央区,108.995543,34.36669
BV10069725,百花村(公交站),交通设施服务;公交车站;公交车站相关,108.9659596187162,34.3313091439508,未央区,108.970699,34.329805
BX09908488,百花村地铁站B西南口,交通设施服务;地铁站;出入口,108.96654576893548,34.327075648900475,未央区,108.971287,34.325571
B0HAUOSFZK,未央城建集团北辰停车场,交通设施服务;停车场;停车场相关,108.98922161083463,34.36798927137274,未央区,108.994058,34.366569
BX09908490,百花村地铁站C东南口,交通设施服务;地铁站;出入口,108.96731686091891,34.32707264827091,未央区,108.972061,34.32557
BX10025765,常青路地铁站C东南口,交通设施服务;地铁站;出入口,108.96724541107768,34.33581864483054,未央区,108.97199,34.33432
BX10033197,北辰地铁站C口,交通设施服务;地铁站;出入口,108.99153534944251,34.3726298835447,未央区,108.996382,34.371219
B0KRKCE5IY,华夏文旅大巴停车场,交通设施服务;停车场;专用停车场,109.01719436780272,34.35100287160689,灞桥区,109.022149,34.349658
B0JGVS1H6D,后海帆船码头,交通设施服务;港口码头;港口码头,109.01428616170482,34.34394992637876,灞桥区,109.019228,34.342593
BV11220306,欧亚大道浐河西路口(公交站),交通设施服务;公交车站;公交车站相关,109.01268085632998,34.333193929012786,未央区,109.017615,34.331827
BX10026320,常青路地铁站A西北口,交通设施服务;地铁站;出入口,108.9664323307547,34.33757889951691,未央区,108.971174,34.336079
BV10069726,三家庄(公交站),交通设施服务;公交车站;公交车站相关,108.96692873110908,34.33431319609336,未央区,108.971672,34.332813
BX09912354,团结村地铁站D口,交通设施服务;地铁站;出入口,108.97996751541064,34.342365477932354,未央区,108.984763,34.340905
B0KRKCC0XQ,华夏文旅2号停车场,交通设施服务;停车场;公共停车场,109.01980053447184,34.351292175744845,灞桥区,109.024766,34.349955
B0IGPAEEKQ,华夏文旅西安度假区5号停车场,交通设施服务;停车场;公共停车场,109.01575085596149,34.357471815734854,灞桥区,109.0207,34.356126
BX09912335,红旗厂地铁站A口,交通设施服务;地铁站;出入口,108.97620571627222,34.355777449393834,未央区,108.980987,34.354313
B0HA6N614M,碧桂园凤凰城豪园-豪园车库,交通设施服务;停车场;停车场相关,108.98883880573044,34.37317567934054,未央区,108.993674,34.371757
BV10070987,团结四社(公交站),交通设施服务;公交车站;公交车站相关,108.97618429938213,34.34977953966099,未央区,108.980965,34.348312
B0FFKTVXMM,浐灞航游(后海码头),交通设施服务;港口码头;港口码头,109.01963915241556,34.340094199563644,灞桥区,109.024603,34.338751
BX09912336,红旗厂地铁站D口,交通设施服务;地铁站;出入口,108.9777574364434,34.35578107040359,未央区,108.982545,34.354321
BX09908491,百花村地铁站D东北口,交通设施服务;地铁站;出入口,108.96730873113296,34.329022743313686,未央区,108.972053,34.327521
BV11139892,太华路红旗东路口(公交站),交通设施服务;公交车站;公交车站相关,108.9769567679258,34.354761852637594,未央区,108.981741,34.353299
BV11125376,太华路常青路口(公交站),交通设施服务;公交车站;公交车站相关,108.96671110802966,34.339696145579246,未央区,108.971454,34.338198
BV11136654,北三环北辰立交南(公交站),交通设施服务;公交车站;公交车站相关,108.99052200197067,34.35682015258346,未央区,108.995363,34.355398
B0KKMCD5NB,湾流阔景地下停车场,交通设施服务;停车场;公共停车场,109.02340747213826,34.34335486656914,灞桥区,109.028387,34.342024
BX09912340,帽珥冢地铁站C口,交通设施服务;地铁站;出入口,108.98019754266925,34.330636507242346,未央区,108.984993,34.329171
BV11053516,北辰路永城路口(公交站),交通设施服务;公交车站;公交车站相关,108.99294380306851,34.33095064897812,未央区,108.997793,34.329523
B0L667CAIP,龙湖西安未央天街地下停车场(入口),交通设施服务;停车场;停车场入口,108.9807946843414,34.34747856238117,未央区,108.985594,34.346023
B0KRTRXRBV,蔚来交付中心停车场,交通设施服务;停车场;公共停车场,109.01612203891932,34.372322998385414,灞桥区,109.021074,34.370986
BX09912357,团结村地铁站A口,交通设施服务;地铁站;出入口,108.9787535367752,34.341801231197685,未央区,108.983544,34.340337
B0H1C736C4,西安城北医院停车场,交通设施服务;停车场;公共停车场,108.97620436719912,34.36005626410097,未央区,108.980986,34.358594
BV10072142,谭家村(公交站),交通设施服务;公交车站;公交车站相关,108.97014926090492,34.336296744523935,未央区,108.974905,34.334806
B0H0OR1Z64,欧亚国际2期停车场,交通设施服务;停车场;公共停车场,109.00796102535948,34.33254836882505,未央区,109.012875,34.331167
B0FFGH0I8T,大明宫建材市场地面停车场,交通设施服务;停车场;公共停车场|交通设施服务;停车场;路边停车场,108.97575421843352,34.37164348175493,未央区,108.980535,34.370186
BX09912355,团结村地铁站C口,交通设施服务;地铁站;出入口,108.9799277936832,34.34097927335193,未央区,108.984723,34.339518
BX09912337,红旗厂地铁站C口,交通设施服务;地铁站;出入口,108.97722567618555,34.35479607614856,未央区,108.982011,34.353334
BX09912718,红旗厂地铁站B口,交通设施服务;地铁站;出入口,108.97647373123873,34.354623283162724,未央区,108.981256,34.353159
B0M6J6BFFI,北辰第五社区停车场,交通设施服务;停车场;公共停车场,109.0017518604793,34.36671303793548,未央区,109.006642,34.36533
B0JDCZRXXP,东郊新城市公园地下停车场,交通设施服务;停车场;公共停车场,109.01885231512662,34.34114695408744,灞桥区,109.023813,34.339802
B0L23549U4,永信停车场,交通设施服务;停车场;公共停车场,108.97837052688116,34.33664983897783,未央区,108.983159,34.335182
B0MBYG4G8P,华夏文旅广运小镇-东侧地上停车场,交通设施服务;停车场;公共停车场,109.01638664519872,34.35214065863012,灞桥区,109.021338,34.350794
B0H0R5DDEZ,西安锦江国际酒店停车场,交通设施服务;停车场;公共停车场,109.01309774339003,34.33730570227991,未央区,109.018034,34.335942
BV10071244,大明宫管业基地(公交站),交通设施服务;公交车站;公交车站相关,108.9818237609112,34.355502542943434,未央区,108.986628,34.354054
BX09912342,帽珥冢地铁站A口,交通设施服务;地铁站;出入口,108.97911887482267,34.331769058675285,未央区,108.98391,34.330301
BV11639827,展盛路香槐路口(公交站),交通设施服务;公交车站;公交车站相关,109.02197132934074,34.35483417920683,灞桥区,109.026946,34.353505
BV11472440,欧亚大道会展一路口(公交站),交通设施服务;公交车站;公交车站相关,109.02331591733258,34.342479555806534,灞桥区,109.028295,34.341148
B001D0WNXP,百花村地面停车场,交通设施服务;停车场;公共停车场,108.9672043645197,34.32612339048084,未央区,108.971948,34.32462
B0KKMMJT93,水渠车库,交通设施服务;停车场;公共停车场,108.9819918379097,34.33415163212003,未央区,108.986795,34.332693
BV11210926,北辰路欧亚六路口(公交站),交通设施服务;公交车站;公交车站相关,108.99430889941598,34.355369476751314,未央区,108.999166,34.353958
B0H3R5IFND,安徽大厦停车场,交通设施服务;停车场;公共停车场,108.96720550205484,34.33654639595769,未央区,108.97195,34.335048
B0H6MRHTU9,欧亚国际地面停车场,交通设施服务;停车场;公共停车场,109.01071525246212,34.332636058080865,未央区,109.015641,34.331263
BX10033199,北辰地铁站B口,交通设施服务;地铁站;出入口,108.9901173887153,34.372846027952605,未央区,108.994958,34.371431
BV11014697,广运潭大道欧亚大道口(公交站),交通设施服务;公交车站;公交车站相关,109.00241494417128,34.331730546114365,未央区,109.007305,34.330332
B0I32SJZ0I,华夏文旅8号停车场,交通设施服务;停车场;公共停车场,109.01657681679409,34.35252990570517,灞桥区,109.021529,34.351184
BV11136781,昭远门路显庆路口(公交站),交通设施服务;公交车站;公交车站相关,108.96663571675312,34.37216380882764,未央区,108.971381,34.370682
BV09189185,北辰路欧亚四路口(公交站),交通设施服务;公交车站;公交车站相关,108.99052099668393,34.34496611671193,未央区,108.995361,34.343538
BV11156780,红旗路秦川路口(公交站),交通设施服务;公交车站;公交车站相关,108.9699584133808,34.35551171051931,未央区,108.974715,34.35403
B0JRRSTLDQ,绿地·峰辉内部地下停车场,交通设施服务;停车场;专用停车场,108.98442731666525,34.326541151718324,未央区,108.98924,34.325086
BX09912338,帽珥冢地铁站D口,交通设施服务;地铁站;出入口,108.97991861235928,34.33156586425492,未央区,108.984713,34.3301
BV10508294,昭远门路武德路口(公交站),交通设施服务;公交车站;公交车站相关,108.97586880870575,34.37102848609008,未央区,108.98065,34.369571
B0FFHSLOTA,天朗蔚蓝东庭停车场,交通设施服务;停车场;专用停车场,109.00395171921848,34.32700413518829,未央区,109.008848,34.325608
BV11212102,恒大帝景(公交站),交通设施服务;公交车站;公交车站相关,108.9795124998627,34.32890529998775,未央区,108.984305,34.327437
BV10849311,华夏文旅(公交站),交通设施服务;公交车站;公交车站相关,109.0179470311543,34.35338647810086,灞桥区,109.022905,34.352045
BX09912339,帽珥冢地铁站B1口,交通设施服务;地铁站;出入口,108.97917478884897,34.3300457231996,未央区,108.983966,34.328577
B0I195W33I,湾流阔景停车场(出入口),交通设施服务;停车场;停车场出入口,109.02203701872864,34.343594621551794,灞桥区,109.027011,34.34226
B0KAXA73WW,徐家湾新光停车场,交通设施服务;停车场;停车场相关,108.9873365482728,34.368748493282375,未央区,108.992165,34.367323
B0HKZCU3C4,旭辉荣华公园大道地下停车场,交通设施服务;停车场;公共停车场,109.00493194692696,34.33356503090423,未央区,109.009833,34.332175
B0I0XZ894C,国家电网陕西省电力公司检修公司关中运维分部内部地面停车场,交通设施服务;停车场;专用停车场,108.99591940394308,34.33827011193059,未央区,109.000782,34.336855
B0H0OD0O6S,百花门业建材家居城停车场,交通设施服务;停车场;公共停车场,108.96728572410876,34.33016525852941,未央区,108.97203,34.328664
B0K3S7GNYG,颐合府内部地下停车场,交通设施服务;停车场;专用停车场,108.99389922140313,34.36060203819588,未央区,108.998755,34.359192
BX09912356,团结村地铁站B口,交通设施服务;地铁站;出入口,108.97917491518164,34.34057562923759,未央区,108.983967,34.339112
B0H2N5FK9K,西安浐灞艾美酒店地下停车场,交通设施服务;停车场;公共停车场,109.01042986264903,34.339799438934335,未央区,109.015355,34.338429
B0L6BZYH4C,长安乐停车场(西出入口),交通设施服务;停车场;停车场出入口,109.01118590535228,34.37214770473104,灞桥区,109.016117,34.370796
B0MAZ9EWNI,团结停车场,交通设施服务;停车场;公共停车场,108.97942128003729,34.34812019123261,未央区,108.984215,34.346661
BV09124319,浐灞三路北辰东路口(公交站),交通设施服务;公交车站;公交车站相关,108.99755123280148,34.32802309056272,未央区,109.00242,34.326608
B0KK7ZNF7H,万科悦湾内部地下停车场,交通设施服务;停车场;专用停车场,109.00403096999642,34.34372480519832,未央区,109.008929,34.342337
B0L2X5XLAS,云庆坊-云庆路P2停车场,交通设施服务;停车场;公共停车场,108.9755936792663,34.32555198320505,未央区,108.98037,34.324071
BV10069729,车家堡(公交站),交通设施服务;公交车站;公交车站相关,108.97247632172528,34.34669034816731,未央区,108.977242,34.345211
BV10070619,永城路东段(公交站),交通设施服务;公交车站;公交车站相关,108.98088270399307,34.33082044441535,未央区,108.985681,34.329357
B0J3XU560O,思普瑞钛茂停车场,交通设施服务;停车场;停车场相关,109.00569968400164,34.333100930412954,未央区,109.010604,34.331713
BV11136655,北辰路东方红村(公交站),交通设施服务;公交车站;公交车站相关,108.9905246758893,34.34861828763812,未央区,108.995365,34.347192
BV09188623,广运潭大道欧亚四路口(公交站),交通设施服务;公交车站;公交车站相关,108.99687873191051,34.34471103773863,未央区,109.001746,34.343302
BV11267713,北辰路红旗东路口(公交站),交通设施服务;公交车站;公交车站相关,108.98942379559,34.35547512889817,未央区,108.99426,34.354049
B0H0RAAQPG,北三环大明宫建材家居批发市场-南区地面停车场,交通设施服务;停车场;公共停车场,108.96981303431224,34.36690522264818,未央区,108.97457,34.365429
B0M6UHQECQ,宇鑫物流惠达停车场中排2号,交通设施服务;停车场;公共停车场,108.9793739479101,34.36650593398254,未央区,108.984169,34.365056
BV11161678,北辰路欧亚一路口(公交站),交通设施服务;公交车站;公交车站相关,108.99120794674832,34.33438622731405,未央区,108.99605,34.332955
B0J3LUZJ8X,地面停车场,交通设施服务;停车场;公共停车场,108.97015566728042,34.35530828649544,未央区,108.974913,34.353827
B0K13MU4HI,同程停车场,交通设施服务;停车场;停车场相关,108.9790198115845,34.36152753201695,未央区,108.983813,34.360074
BV11353650,北辰路凤城四路口(公交站),交通设施服务;公交车站;公交车站相关,108.98961825834952,34.32803203905211,未央区,108.994453,34.326593
B0FFL8H67P,自然界云栖停车场,交通设施服务;停车场;专用停车场,109.0218561331112,34.32742196283736,未央区,109.026828,34.326079
B0JRSCOIWK,陆港金海岸内部地下停车场,交通设施服务;停车场;专用停车场,109.01104012335315,34.365091845134295,灞桥区,109.01597,34.363736
BV09189184,北辰路欧亚二路口(公交站),交通设施服务;公交车站;公交车站相关,108.99051452874907,34.33892610679972,未央区,108.995354,34.337495
B0MBUBLR6B,源创oya街区东区-地下停车场,交通设施服务;停车场;公共停车场,109.01000741674976,34.33089201350784,未央区,109.01493,34.329516
B0FFGJUGTU,利君未来城停车场,交通设施服务;停车场;专用停车场,108.98451496655092,34.362384151799,未央区,108.989331,34.360947
BV11559714,欧亚国际(公交站),交通设施服务;公交车站;公交车站相关,109.00830357444208,34.332358428574416,未央区,109.013219,34.330978
BV11584745,景云路永淳路口(公交站),交通设施服务;公交车站;公交车站相关,108.9796458215646,34.34254631230217,未央区,108.98444,34.341085
B0I1AUG31M,地下停车场,交通设施服务;停车场;公共停车场,109.0233182300559,34.33869940225916,灞桥区,109.028297,34.337366
B0L2X5XL8M,云庆坊-永隆路P1停车场,交通设施服务;停车场;公共停车场,108.9762697805965,34.32772805972024,未央区,108.981049,34.32625
BX09908489,百花村地铁站A西北口,交通设施服务;地铁站;出入口,108.96651472440874,34.32903479871755,未央区,108.971256,34.327531
BV10069728,徐家堡北街(公交站),交通设施服务;公交车站;公交车站相关,108.96778380520226,34.34267888750525,未央区,108.972531,34.341185
B0L2XUY60R,永信园-永信路P1停车场,交通设施服务;停车场;公共停车场,108.97604997458996,34.336078671495656,未央区,108.980829,34.334604
BX09912341,帽珥冢地铁站B2口,交通设施服务;地铁站;出入口,108.97913094087676,34.330376690536305,未央区,108.983922,34.328908
BV11133122,红旗路东段(公交站),交通设施服务;公交车站;公交车站相关,108.966228618537,34.35551350278133,未央区,108.970971,34.354022
BV11039523,瑁珥塚村西(公交站),交通设施服务;公交车站;公交车站相关,108.97782178836424,34.33631556022394,未央区,108.982608,34.334846
B0L0X9LLVT,红旗铁路公园-团结里地上停车场,交通设施服务;停车场;公共停车场,108.97397937158844,34.34676718317707,未央区,108.978751,34.345292
B0FFHSI4LS,汇景国际停车场,交通设施服务;停车场;专用停车场,108.97890858456051,34.357695818189335,未央区,108.983701,34.35624
B0FFLA87TB,华夏文旅1号停车场(入口),交通设施服务;停车场;停车场入口,109.01743028333462,34.35219258466352,灞桥区,109.022386,34.350849
BV11136657,北辰路任家寨(公交站),交通设施服务;公交车站;公交车站相关,108.99052538451248,34.35206955232961,未央区,108.995366,34.350645
BV10070620,永城路西段(公交站),交通设施服务;公交车站;公交车站相关,108.97016462314244,34.33118416669682,未央区,108.97492,34.329691
B0FFGFUNLR,朝辉畅行停车场,交通设施服务;停车场;公共停车场,108.99013888324198,34.36583365190007,未央区,108.994979,34.364415
B0L39RT6TS,禧之悦酒店(西安高铁北站市政府店)-门前停车场,交通设施服务;停车场;公共停车场,108.97215046043316,34.360509240797455,未央区,108.976916,34.359036
B0HKZCQXIY,旭辉荣华公园大道地下停车场(入口),交通设施服务;停车场;停车场入口,109.00493194692696,34.33356503090423,未央区,109.009833,34.332175
BV10614100,广运潭公园(公交站),交通设施服务;公交车站;公交车站相关,109.00426549219856,34.34927633267355,未央区,109.009165,34.347892
BV11210927,广运潭大道欧亚六路口(公交站),交通设施服务;公交车站;公交车站相关,108.99892901678568,34.3551215889134,未央区,109.003806,34.353724
B0L2FC2395,团结里-永淳路停车场,交通设施服务;停车场;公共停车场,108.97608536253423,34.34175180314141,未央区,108.980865,34.34028
B0HA2AO7OX,龙钢广场停车场,交通设施服务;停车场;公共停车场,108.96712789313918,34.33535917313801,未央区,108.971872,34.33386
B0MG3H9RJW,源邸壹号停车场(北口),交通设施服务;停车场;停车场相关,109.01230172055492,34.33015251432809,未央区,109.017234,34.328783
BV11492192,广运潭大道浐灞三路口(公交站),交通设施服务;公交车站;公交车站相关,109.00808488567372,34.327917207507824,未央区,109.012999,34.326534
BX10033902,常青路地铁站B西南口,交通设施服务;地铁站;出入口,108.96656691956984,34.33642911012369,未央区,108.971309,34.334929
BV11563856,欧亚大道浐河东路口(公交站),交通设施服务;公交车站;公交车站相关,109.0160814344784,34.33432634309053,未央区,109.02103,34.33297
B0L0JXH1UB,浩华北郡中区-地下停车场,交通设施服务;停车场;公共停车场,108.98006686380796,34.3573406810314,未央区,108.984864,34.355888
BV11320084,欧亚六路灞河西路口(公交站),交通设施服务;公交车站;公交车站相关,109.00220985224618,34.3552195712152,未央区,109.007101,34.353832
B0KAAZC0JH,福达租车地面停车场,交通设施服务;停车场;公共停车场,108.9771932932321,34.336864073054635,未央区,108.981977,34.335393
B0I0XZDEEE,国家电网陕西省电力公司检修公司关中运维分部内部地面停车场(出入口),交通设施服务;停车场;停车场出入口,108.99591940394308,34.33827011193059,未央区,109.000782,34.336855
B0HAC9WJJB,灞河东路两堤间停车楼-a库,交通设施服务;停车场;停车场相关,109.01924569385304,34.34107485307263,灞桥区,109.024208,34.339731
B0HUBZDFE2,欧亚国际1期西停车场,交通设施服务;停车场;公共停车场,109.01071225365546,34.332773001239694,未央区,109.015638,34.3314
B0MAF7TXHH,犇广停车场,交通设施服务;停车场;公共停车场,109.00114207036118,34.33605532769592,未央区,109.006027,34.334655
BV11581315,北三环太华立交北(公交站),交通设施服务;公交车站;公交车站相关,108.9775492644441,34.368051321064755,未央区,108.982337,34.366597
B0K3S7LPH0,颐合府内部地下停车场(西北出入口),交通设施服务;停车场;停车场出入口,108.99386635995576,34.360633121532544,未央区,108.998722,34.359223
B0MAMO804G,SPRING+钛茂-地下停车场,交通设施服务;停车场;公共停车场,109.00613676110824,34.33362835475906,未央区,109.011043,34.332242
BV11315633,御井路凤城四路口(公交站),交通设施服务;公交车站;公交车站相关,108.98411859303975,34.32673496647488,未央区,108.98893,34.325279
BV11430166,红旗东路御井路口(公交站),交通设施服务;公交车站;公交车站相关,108.98656093119588,34.3555106379373,未央区,108.991385,34.354076
B0LKS5INZ7,281号铁路公园东侧停车场,交通设施服务;停车场;公共停车场,108.97666835519487,34.32552498176549,未央区,108.981449,34.324047
B0LKKLOPOS,华夏文旅西安度假区地下停车场,交通设施服务;停车场;公共停车场,109.01583673307609,34.35467698712696,灞桥区,109.020786,34.35333
B0I1H5RZKR,恒大帝景二期内部地下停车场,交通设施服务;停车场;专用停车场,108.97978161762497,34.32622879779641,未央区,108.984575,34.32476
B0KACAN482,鼎利停车场,交通设施服务;停车场;公共停车场,108.96849402004888,34.33150744977554,未央区,108.973243,34.33001
BV09381614,高新一中陆港中学南门(公交站),交通设施服务;公交车站;公交车站相关,109.01904035706671,34.366779421764726,灞桥区,109.024004,34.365448
BV09124320,浐灞三路广运潭西路口(公交站),交通设施服务;公交车站;公交车站相关,109.00379431301752,34.328004138230774,未央区,109.00869,34.326608
B0JDJAE6TB,万科幸福里内部地下停车场,交通设施服务;停车场;专用停车场,108.9785623600882,34.32922186434768,未央区,108.983351,34.327751
B0H36CYD7D,垄聚广场停车场,交通设施服务;停车场;公共停车场,108.9773806803103,34.3592283753775,未央区,108.982167,34.357769
BV09368319,枫丹唐悦(便民站)(公交站),交通设施服务;公交车站;公交车站相关,108.99737412870628,34.33836865032794,未央区,109.002243,34.336958
BV11581319,太华路永淳路口(公交站),交通设施服务;公交车站;公交车站相关,108.97003426461784,34.341643441972295,未央区,108.97479,34.340155
B0H2N5EWNX,西安浐灞艾美酒店停车场,交通设施服务;停车场;公共停车场,109.01150328648336,34.339888187415546,未央区,109.016433,34.338521
BV09317887,北辰东路浐灞三路口(公交站),交通设施服务;公交车站;公交车站相关,108.99889643937767,34.327940044147205,未央区,109.003771,34.326529
B0FFGSA3TV,恒大帝景停车场,交通设施服务;停车场;专用停车场,108.98100838562829,34.32840423344121,未央区,108.985807,34.32694
BV09392982,世博大道锦堤六路口(公交站),交通设施服务;公交车站;公交车站相关,109.02181320910448,34.35208102177172,灞桥区,109.026787,34.35075
B0FFJHSJM0,世茂·璀璨倾城停车场,交通设施服务;停车场;公共停车场,108.98470035662788,34.36037264448859,未央区,108.989517,34.358935
B0MAKDNTM7,西安交通燃气有限责任公司常青路停车场,交通设施服务;停车场;公共停车场,108.9665150310452,34.337444751029,未央区,108.971257,34.335945
BV09331588,华海酒店(便民站)(公交站),交通设施服务;公交车站;公交车站相关,109.0096782349362,34.33783365060581,未央区,109.0146,34.33646
B0L2FC2IBV,红旗驿-红旗东路P1停车场,交通设施服务;停车场;公共停车场,108.97023344785484,34.35431858076082,未央区,108.974991,34.352837
BV11605367,灞渭大道元朔大道口(公交站),交通设施服务;公交车站;公交车站相关,109.01667414382956,34.367435956066096,灞桥区,109.021628,34.366098
B0MBAC9XKB,源创SOHO-地下停车场,交通设施服务;停车场;公共停车场,109.00837340731356,34.33079696665082,未央区,109.013289,34.329416
BV11596524,广运潭大道欧亚二路口(公交站),交通设施服务;公交车站;公交车站相关,108.99739702498854,34.338428551616424,未央区,109.002266,34.337018
B0KGN5Z4U1,万科悦湾内部地下停车场(出入口),交通设施服务;停车场;停车场出入口,109.00308206694838,34.34362873107418,未央区,109.007976,34.342238
B0IDPHSAQU,西安天泽文化酒店停车场,交通设施服务;停车场;专用停车场,109.00257365326443,34.33894157581964,未央区,109.007465,34.337547
BV11315632,景云路凤城四路口(公交站),交通设施服务;公交车站;公交车站相关,108.98063795174426,34.32795051837331,未央区,108.985435,34.326485
B0FFGJV7NJ,诚德停车场,交通设施服务;停车场;公共停车场,108.99385314629193,34.36386149227448,未央区,108.998709,34.362453
B0L6BDX17F,中宝达理想时光停车场,交通设施服务;停车场;公共停车场,108.9721827914939,34.35496798648941,未央区,108.976948,34.353492
BV10614105,滋水公园(公交站),交通设施服务;公交车站;公交车站相关,109.00837458051647,34.34053025058122,未央区,109.013291,34.339154
B0J1973GS8,枫林九溪·观澜内部地下停车场,交通设施服务;停车场;专用停车场,109.01111331079134,34.37100852399949,灞桥区,109.016044,34.369656
B0HUBZCD3L,欧亚国际1期地下停车场,交通设施服务;停车场;公共停车场,109.01093131449132,34.33285030908579,未央区,109.015858,34.331478
B0KKN740QP,思普瑞钛茂停车场(东入口),交通设施服务;停车场;停车场入口,109.00699605360283,34.33384065678537,未央区,109.011906,34.332457
BV11212352,景云路永信路口(公交站),交通设施服务;公交车站;公交车站相关,108.97943925019857,34.33553732665697,未央区,108.984232,34.334072
B0MUOX7KCI,华润置地港宸润府-地下停车场,交通设施服务;停车场;专用停车场,109.01851389720528,34.362560139278145,灞桥区,109.023475,34.361225
B0MUG6GOQP,下水腰停车场,交通设施服务;停车场;公共停车场,109.0034288663628,34.352010495674755,未央区,109.008325,34.350625
BV11605339,永淳路东口(公交站),交通设施服务;公交车站;公交车站相关,108.9852036897868,34.34300291434003,未央区,108.990021,34.341558
B0LRAD0IXM,中南永隆路停车场,交通设施服务;停车场;公共停车场,108.9741641808593,34.32809175471938,未央区,108.978935,34.326608
BV09317886,西安浐灞滋水公园(公交站),交通设施服务;公交车站;公交车站相关,109.00638558333075,34.334919979553376,未央区,109.011293,34.333535
BV09180360,欧亚六路北辰路口(公交站),交通设施服务;公交车站;公交车站相关,108.99405898231,34.35526228714834,未央区,108.998915,34.35385
B0HUBREWLL,北辰第五社区停车场,交通设施服务;停车场;公共停车场,109.00342979200508,34.364714985808725,未央区,109.008327,34.363336
BV11039522,瑁珥塚村东(公交站),交通设施服务;公交车站;公交车站相关,108.98485470528831,34.336393175040065,未央区,108.98967,34.334944
B0FFHSI6Z3,未央区徐家湾社区卫生服务中心停车场,交通设施服务;停车场;公共停车场,108.99007504610638,34.3551753308195,未央区,108.994914,34.353751
B0J16CYE5O,万科澜岸内部地下停车场,交通设施服务;停车场;专用停车场,109.02180767262251,34.34690363214069,灞桥区,109.026781,34.34557
B0M60GL7JC,惠达物流城地上停车场,交通设施服务;停车场;公共停车场,108.97903125027692,34.367725276324585,未央区,108.983825,34.366275
B0FFIKZHBN,停车场,交通设施服务;停车场;专用停车场,109.01106675255676,34.36813217686348,灞桥区,109.015997,34.366778
BV11596525,北辰大道永信路口(公交站),交通设施服务;公交车站;公交车站相关,108.99204013378208,34.33742025304449,未央区,108.996886,34.335993
B0KKGZCF8Y,龙湖西安未央天街地下停车场(出口),交通设施服务;停车场;停车场出口,108.98075701257363,34.34539770602602,未央区,108.985556,34.343941
B0MDYDV3GW,未央城建集团北辰立交北停车场,交通设施服务;停车场;公共停车场,108.99085200883268,34.36380656637621,未央区,108.995695,34.362389
B0MDM7Z2L1,未央城建红旗东路停车场-西侧停车场,交通设施服务;停车场;公共停车场,108.98260151560105,34.35568418894914,未央区,108.987409,34.354238
B0H0RA9UA8,北三环大明宫门业A区出入口,交通设施服务;停车场;停车场出入口,108.97499731365096,34.37091797689729,未央区,108.979775,34.369458
B0HA2HQ0PP,天朗蔚蓝东庭北侧停车场,交通设施服务;停车场;停车场相关,109.00420757877126,34.32746314192981,未央区,109.009105,34.326068
BV11563772,御井路汉渠北路口(公交站),交通设施服务;公交车站;公交车站相关,108.98353119803213,34.361001750917126,未央区,108.988343,34.359561
B0MUPOG5OR,停车场,交通设施服务;停车场;停车场相关,109.0041740003632,34.371648092276494,未央区,109.009075,34.370275
BV09366915,景云路仁惠路口(公交站),交通设施服务;公交车站;公交车站相关,108.97965550755416,34.34585164972179,未央区,108.98445,34.344392
B0HGS55SH9,CBE发展大厦地下停车场,交通设施服务;停车场;公共停车场,109.00150822272671,34.33924466346508,未央区,109.006395,34.337847
B0J0ZCCI0X,正尚盛世家合地下停车场,交通设施服务;停车场;公共停车场,108.9661985480487,34.333447502187184,未央区,108.970939,34.331945
B0JUCZ3VY5,华远·枫悦内部地下停车场,交通设施服务;停车场;专用停车场,108.97401542998462,34.33223318840144,未央区,108.978786,34.330751
BV11605325,全运路元朔大道口(公交站),交通设施服务;公交车站;公交车站相关,109.01900450442348,34.366791519028205,灞桥区,109.023968,34.36546
B0LKJG0ZG0,杏园新居地下停车场,交通设施服务;停车场;公共停车场,109.0201070153497,34.36605372825566,灞桥区,109.025075,34.364725
B0MGP12061,华夏文旅西安度假区东南侧大巴车专用地上停车场,交通设施服务;停车场;公共停车场,109.01679599900768,34.351373847816305,灞桥区,109.021749,34.350028
B0MAV76JD4,恒大帝景二期地下停车场(北口),交通设施服务;停车场;停车场相关,108.98217559457196,34.3279000896586,未央区,108.986979,34.326439
B0J39SCJME,保利·中央公园地下停车场,交通设施服务;停车场;公共停车场,108.96796103632454,34.34383285367313,未央区,108.972709,34.34234
B0L19SFLHS,源创SOHO地下停车场(东出入口),交通设施服务;停车场;停车场出入口,109.00966888181202,34.330650144249155,未央区,109.01459,34.329273
B0LDT4Z7CP,碧桂园·珑悦停车场,交通设施服务;停车场;专用停车场,108.99499642241584,34.33771118084156,未央区,108.999855,34.336293
BV11596110,广运潭大道元朔大道口(公交站),交通设施服务;公交车站;公交车站相关,108.99897138051392,34.372417484094875,未央区,109.00385,34.371029
BV09124321,北辰路浐灞三路口(公交站),交通设施服务;公交车站;公交车站相关,108.9919931263881,34.32794994552907,未央区,108.996838,34.326518
BV11183551,广运潭西路浐灞三路口(公交站),交通设施服务;公交车站;公交车站相关,109.00427629562276,34.32731200529494,未央区,109.009174,34.325917
BV09404536,北辰路欧亚四路口(便民站)(公交站),交通设施服务;公交车站;公交车站相关,108.99121502663388,34.345036996728744,未央区,108.996058,34.343611
B0HAOCIBQ8,绿地创海大厦地下停车场,交通设施服务;停车场;公共停车场,108.98986627603556,34.32714571671015,未央区,108.994702,34.325707
B0L1Z5N26K,红旗驿-渭清路P3停车场,交通设施服务;停车场;公共停车场,108.97059436574996,34.35047355330504,未央区,108.975353,34.348991
B0MB6CNY1W,恒大帝景1期停车场,交通设施服务;停车场;公共停车场,108.98107105297925,34.32929362906087,未央区,108.98587,34.32783
B0H0R5C37H,AITO问界授权用户中心停车场,交通设施服务;停车场;公共停车场,108.99259245845845,34.341123778891735,未央区,108.997441,34.3397
BV09181854,灞河西路欧亚一路口(公交站),交通设施服务;公交车站;公交车站相关,109.0115306206675,34.334564693442545,未央区,109.01646,34.333195
BV11584747,太华路汉渠北路口(公交站),交通设施服务;公交车站;公交车站相关,108.97786654881364,34.36113501819081,未央区,108.982655,34.359678
B0LKJG0MOC,西安浐灞艾美酒店地上停车场,交通设施服务;停车场;公共停车场,109.01184409632384,34.33684265566536,未央区,109.016775,34.335475
BV11635586,北三环北辰立交北(北辰路辅路)(公交站),交通设施服务;公交车站;公交车站相关,108.99059177206708,34.36797017600505,未央区,108.995434,34.366554
BV11350332,欧亚大道灞河东路口(公交站),交通设施服务;公交车站;公交车站相关,109.02458581834738,34.34219613562527,灞桥区,109.02957,34.340868
B0L3A9WI5O,众德路-路侧停车场,交通设施服务;停车场;公共停车场,108.98170900395976,34.346268519303145,未央区,108.986512,34.344815
B0I25ZDQDJ,颐合庭停车场,交通设施服务;停车场;公共停车场,108.99305724058928,34.355767057073066,未央区,108.997909,34.354352
B0FFM53NKZ,未央区浩华北郡北区内部地下停车场,交通设施服务;停车场;专用停车场,108.97808588537926,34.35837281499582,未央区,108.982875,34.356915
B0L1GCB29Q,中亚丝路观光车-两堤间站,交通设施服务;交通服务相关;交通服务相关,109.01577576859732,34.345486778427535,灞桥区,109.020724,34.344135
BV09442440,香湖湾(黄邓)(地铁站),交通设施服务;地铁站;地铁站,109.04719758985586,34.33143768076853,灞桥区,109.052264,34.330161
BV10592301,国际港务区(地铁站),交通设施服务;地铁站;地铁站,109.03432620003598,34.36240380755196,灞桥区,109.03935,34.361112
B0G0XL1VEO,砂之船(西安)奥莱东停车场,交通设施服务;停车场;公共停车场,109.04231784640804,34.34506001609224,灞桥区,109.047369,34.343779
BV10592299,务庄(地铁站),交通设施服务;地铁站;地铁站,109.04240641202004,34.34654407298844,灞桥区,109.047458,34.345264
BV11567276,贺韶(地铁站),交通设施服务;地铁站;地铁站,109.07270115698869,34.367810680308565,灞桥区,109.077839,34.366595
BV11567277,港务大道(地铁站),交通设施服务;地铁站;地铁站,109.06177242950083,34.36904413974135,灞桥区,109.066885,34.367814
B0HALU7IGP,西安世博园锦绣门停车场,交通设施服务;停车场;公共停车场,109.05413671059124,34.33423116326845,灞桥区,109.059225,34.33297
B0IGDOBLI7,砂之船(西安)奥莱西停车场,交通设施服务;停车场;公共停车场,109.03920470914125,34.346248827017384,灞桥区,109.044245,34.344961
BV11567275,新寺(地铁站),交通设施服务;地铁站;地铁站,109.04871526951476,34.37090756591363,灞桥区,109.05379,34.369654
BV11147372,香湖湾地铁站(公交站),交通设施服务;公交车站;公交车站相关,109.04841961188414,34.3316229701406,灞桥区,109.05349,34.330349
BX09908437,香湖湾(黄邓)地铁站A1口,交通设施服务;地铁站;出入口,109.0482223123784,34.33086875104662,灞桥区,109.053292,34.329594
B0G2X7MQ7K,西安国际会展中心展览馆地下停车场,交通设施服务;停车场;公共停车场,109.03235175805985,34.3379102159341,灞桥区,109.037366,34.336601
BV10706951,砂之船奥特莱斯(公交站),交通设施服务;公交车站;公交车站相关,109.03987547499104,34.34440312269903,灞桥区,109.044918,34.343116
BX09908438,香湖湾(黄邓)地铁站B2口,交通设施服务;地铁站;出入口,109.04752947269456,34.33184276941161,灞桥区,109.052597,34.330567
B0GU3CKE64,西安千古情地下停车场,交通设施服务;停车场;公共停车场,109.06312073747786,34.32565763693583,灞桥区,109.068233,34.324408
BX09908440,香湖湾(黄邓)地铁站A2口,交通设施服务;地铁站;出入口,109.04852829046392,34.33129989428218,灞桥区,109.053599,34.330026
BV09381615,地铁3号线国际港务区站A口(公交站),交通设施服务;公交车站;公交车站相关,109.03400837202916,34.36264250008697,灞桥区,109.039031,34.36135
BX09908439,香湖湾(黄邓)地铁站B1口,交通设施服务;地铁站;出入口,109.04745473942452,34.331571060828054,灞桥区,109.052522,34.330295
BX09908504,国际港务区地铁站A2口,交通设施服务;地铁站;出入口,109.033584991935,34.362334750511025,灞桥区,109.038606,34.361041
BX10021703,务庄地铁站B1口,交通设施服务;地铁站;出入口,109.0419719360932,34.346346185003995,灞桥区,109.047022,34.345065
B0FFILB4B9,停车场,交通设施服务;停车场;公共停车场,109.04271912043984,34.325765420751786,灞桥区,109.04777,34.324476
B0H0XR5QFH,港兴路公交枢纽站,交通设施服务;交通服务相关;交通服务相关,109.05664060133904,34.35538500953612,灞桥区,109.061738,34.354139
B0HRYSGZGY,西安国际会展中心会议楼地下停车场,交通设施服务;停车场;公共停车场,109.03703649412262,34.33529452625464,灞桥区,109.042068,34.333996
BX09908502,国际港务区地铁站A1口,交通设施服务;地铁站;出入口,109.033632783323,34.36266645548205,灞桥区,109.038654,34.361373
B0FFLJTF4Z,西安地铁14号线陆港停车场,交通设施服务;停车场;公共停车场,109.06716591792262,34.36004872490151,灞桥区,109.072291,34.358822
BX09908541,双寨地铁站E口,交通设施服务;地铁站;出入口,109.03486128678595,34.37303886747068,灞桥区,109.039888,34.371754
BX10021702,务庄地铁站A1口,交通设施服务;地铁站;出入口,109.04281299657968,34.34668006224766,灞桥区,109.047866,34.345401
BV09354202,贺韶地铁站(公交站),交通设施服务;公交车站;公交车站相关,109.07266424026425,34.36771877083452,灞桥区,109.077802,34.366503
BX10033321,港务大道地铁站C口,交通设施服务;地铁站;出入口,109.0628925919435,34.36853562633896,灞桥区,109.068008,34.367307
BX10033182,贺韶地铁站A口,交通设施服务;地铁站;出入口,109.07202850512908,34.368206254159425,灞桥区,109.077165,34.36699
BX09908539,双寨地铁站C口,交通设施服务;地铁站;出入口,109.0368729372543,34.37203033033922,灞桥区,109.041907,34.37075
B0IU570BRZ,同泰灯具城地面停车场,交通设施服务;停车场;公共停车场,109.05540560722604,34.35016192357922,灞桥区,109.060499,34.348911
B0LA3Z8KH4,后海游船码头,交通设施服务;港口码头;港口码头,109.0285218622804,34.334343139311024,灞桥区,109.033521,34.333022
B0GKHMZ85I,砂之船西安奥莱东地面停车场(入口),交通设施服务;停车场;停车场入口,109.04111909461731,34.34426022649586,灞桥区,109.046166,34.342976
BV09355967,香湖湾地铁口(B1口)(公交站),交通设施服务;公交车站;公交车站相关,109.04733615421004,34.3312434738788,灞桥区,109.052403,34.329967
BV10070946,雾庄(公交站),交通设施服务;公交车站;公交车站相关,109.05259545833496,34.34434321829666,灞桥区,109.05768,34.343084
B0KKRMQRN3,西安热雪奇迹地面停车场,交通设施服务;停车场;公共停车场,109.05984532832932,34.371393084910466,灞桥区,109.064953,34.370161
BV10070948,港务区管委会(公交站),交通设施服务;公交车站;公交车站相关,109.06256429195224,34.37012430717124,灞桥区,109.067679,34.368896
BV11251652,欧亚大道世博大道口(公交站),交通设施服务;公交车站;公交车站相关,109.02874881142944,34.347941850302576,灞桥区,109.03375,34.346628
B0H2AA56HT,西安灞柳驿酒店停车场,交通设施服务;停车场;公共停车场,109.04670954570214,34.32730771050707,灞桥区,109.051774,34.326028
BX10033320,港务大道地铁站D口,交通设施服务;地铁站;出入口,109.0630002477339,34.36934703154279,灞桥区,109.068116,34.368119
BX09908538,双寨地铁站B1口,交通设施服务;地铁站;出入口,109.03672439292129,34.37306315351133,灞桥区,109.041758,34.371783
BV09452106,香湖湾地铁口B2口(公交站),交通设施服务;公交车站;公交车站相关,109.04735698368528,34.33243285850152,灞桥区,109.052424,34.331157
BV11378187,香湖湾地铁口(公交站),交通设施服务;公交车站;公交车站相关,109.04735698368528,34.33243285850152,灞桥区,109.052424,34.331157
BX09908505,国际港务区地铁站B1口,交通设施服务;地铁站;出入口,109.03504951944998,34.362158087573654,灞桥区,109.040076,34.360868
B0HKOUK7TP,西安浐灞华邑酒店砂之船奥莱店地下停车场,交通设施服务;停车场;公共停车场,109.03676455103717,34.34622684272869,灞桥区,109.041796,34.344933
BV10956007,国际港务区(公交站),交通设施服务;公交车站;公交车站相关,109.03461510524396,34.36256298576971,灞桥区,109.03964,34.361272
BX09908542,双寨地铁站D口,交通设施服务;地铁站;出入口,109.03713292086452,34.37279028047206,灞桥区,109.042168,34.371511
BV10912791,浐灞二小(公交站),交通设施服务;公交车站;公交车站相关,109.02608417342292,34.32636861361933,未央区,109.031073,34.325037
BX10033181,贺韶地铁站C口,交通设施服务;地铁站;出入口,109.07336685352446,34.367338174191275,灞桥区,109.078506,34.366123
BX09908540,双寨地铁站F口,交通设施服务;地铁站;出入口,109.03514134207096,34.37189076315557,灞桥区,109.040169,34.370606
B0IUPZEKI0,陕西立高混凝土有限公司,交通设施服务;停车场;停车场出入口|交通设施服务;停车场;公共停车场|公司企业;公司;公司,109.07509638235888,34.34542048050027,灞桥区,109.080237,34.344196
BV11605326,奥体大道元朔大道口(公交站),交通设施服务;公交车站;公交车站相关,109.0266496469652,34.364768994495904,灞桥区,109.031644,34.363458
BV10700237,读书村北(公交站),交通设施服务;公交车站;公交车站相关,109.06253202942324,34.328046429527866,灞桥区,109.067643,34.326797
B001D0VXUH,停车场,交通设施服务;停车场;公共停车场,109.03125331569166,34.333740123185734,灞桥区,109.036263,34.332426
BV11162082,世博大道锦堤二路口(公交站),交通设施服务;公交车站;公交车站相关,109.03987547499104,34.34440312269903,灞桥区,109.044918,34.343116
BX09908503,国际港务区地铁站B2口,交通设施服务;地铁站;出入口,109.0350983080736,34.36250478419996,灞桥区,109.040125,34.361215
BX10033185,港务大道地铁站A口,交通设施服务;地铁站;出入口,109.06057752465072,34.36958980879444,灞桥区,109.065687,34.368358
BV10071089,广运潭(公交站),交通设施服务;公交车站;公交车站相关,109.04521054342896,34.327039149155624,灞桥区,109.05027,34.325756
BX10021701,务庄地铁站B2口,交通设施服务;地铁站;出入口,109.042448302908,34.346128182381605,灞桥区,109.0475,34.344848
BV10405082,世博园锦绣门(公交站),交通设施服务;公交车站;公交车站相关,109.05556744987616,34.33500808774115,灞桥区,109.06066,34.33375
BX10033184,贺韶地铁站D口,交通设施服务;地铁站;出入口,109.0734845539818,34.36807465709082,灞桥区,109.078624,34.36686
B0IKGZ22CN,1668新时代广场地下停车场,交通设施服务;停车场;公共停车场,109.03259588826228,34.36056623070694,灞桥区,109.037613,34.359269
BV10570982,宋围村(公交站),交通设施服务;公交车站;公交车站相关,109.0269652154504,34.34346692666241,灞桥区,109.031959,34.342146
B0FFH5QNDT,恒大御景停车场,交通设施服务;停车场;公共停车场,109.02657980700992,34.342725350641594,灞桥区,109.031572,34.341403
BV10958048,港兴路东口(公交站),交通设施服务;公交车站;公交车站相关,109.05427836799596,34.35644787153643,灞桥区,109.059369,34.355198
BX10033187,港务大道地铁站B口,交通设施服务;地铁站;出入口,109.06079401730392,34.36881585705208,灞桥区,109.065904,34.367584
B0H37HDSUC,西安国际会议中心停车场,交通设施服务;停车场;公共停车场,109.05406812565082,34.331784471431,灞桥区,109.059156,34.330522
B0H0FSN85L,西安华盛奥特莱斯地面停车场,交通设施服务;停车场;公共停车场,109.04225289131618,34.35876425821474,灞桥区,109.047305,34.35749
B0HDZH1XND,西安国际会展中心展览馆地下停车场(2A入口),交通设施服务;停车场;停车场入口,109.0324234552822,34.33825885869381,灞桥区,109.037438,34.33695
BV11635180,西安国际会展中心会议楼(公交站),交通设施服务;公交车站;公交车站相关,109.03768029355106,34.33359874876068,灞桥区,109.042714,34.332301
BV10070944,香湖湾(公交站),交通设施服务;公交车站;公交车站相关,109.05115721709711,34.34031107896932,灞桥区,109.056237,34.339047
BV11560972,奥体大道港兴二路口(公交站),交通设施服务;公交车站;公交车站相关,109.02641892142007,34.372282684704295,灞桥区,109.031413,34.370975
B0H0RHB802,西安·华南城五金机电交易中心A区停车场,交通设施服务;停车场;公共停车场,109.03596306473273,34.362939370914056,灞桥区,109.040993,34.361652
B0HDZC2DN3,西安世博园得宝门北地下停车场,交通设施服务;停车场;公共停车场,109.06294217942109,34.32578385600261,灞桥区,109.068054,34.324534
BV11459758,西安国际会展中心展览馆(公交站),交通设施服务;公交车站;公交车站相关,109.0321347047497,34.3365144625002,灞桥区,109.037148,34.335204
BX10028889,务庄地铁站出入口,交通设施服务;地铁站;出入口,109.04206662538338,34.34613306954037,灞桥区,109.047117,34.344852
BX10033191,新寺地铁站A口,交通设施服务;地铁站;出入口,109.0481370832442,34.3714475086523,灞桥区,109.05321,34.370193
BV11477273,和祥路港丰路口(公交站),交通设施服务;公交车站;公交车站相关,109.04723038104171,34.36737360122607,灞桥区,109.0523,34.366115
BV11484650,郝家村(公交站),交通设施服务;公交车站;公交车站相关,109.06000608643424,34.357679943899925,灞桥区,109.065113,34.356441
B0LAOUBWB5,浐灞国际港自贸中心地面停车场,交通设施服务;停车场;公共停车场,109.03493103681636,34.34961877303209,灞桥区,109.039956,34.348322
B0IUBRHNJV,香湖湾时代广场地面停车场,交通设施服务;停车场;公共停车场,109.05223012209905,34.33795707634355,灞桥区,109.057313,34.336694
BV11368684,西安国际会展中心(公交站),交通设施服务;公交车站;公交车站相关,109.03848410398476,34.33686619260966,灞桥区,109.043521,34.335572
B0L2DC98ZE,1668新时代广场地面停车场,交通设施服务;停车场;公共停车场,109.0331387626602,34.36134241828607,灞桥区,109.038158,34.360047
BV10070947,陆东村(公交站),交通设施服务;公交车站;公交车站相关,109.05978456152737,34.35907760213091,灞桥区,109.064891,34.357839
BV11240549,世博大道锦堤一路口(公交站),交通设施服务;公交车站;公交车站相关,109.0444453160588,34.336349405682824,灞桥区,109.049503,34.335069
B0MG1AT05P,西安浐灞华邑酒店(国际会展中心店)地上停车场,交通设施服务;停车场;公共停车场,109.03649458527848,34.345719769528586,灞桥区,109.041525,34.344425
BX10033194,新寺地铁站D口,交通设施服务;地铁站;出入口,109.0497080780125,34.37125829965924,灞桥区,109.054786,34.370007
B0JRHUCRFO,西安热雪奇迹地面停车场(东入口),交通设施服务;停车场;停车场入口,109.06151989553572,34.37125638233859,灞桥区,109.066632,34.370027
B0JR7RMKXJ,双寨停车场,交通设施服务;停车场;公共停车场,109.03849496403149,34.37293684405536,灞桥区,109.043535,34.371661
BV11423202,世博大道香湖湾一路口(公交站),交通设施服务;公交车站;公交车站相关,109.05850130978104,34.33317168465265,灞桥区,109.063602,34.331918
BV09481973,浐灞国际港管委会(公交站),交通设施服务;公交车站;公交车站相关,109.0616149072969,34.36826680248518,灞桥区,109.066727,34.367036
B0H37HD7VW,西安国际会议中心地下停车场,交通设施服务;停车场;公共停车场,109.0534689122983,34.33177763038021,灞桥区,109.058555,34.330514
B0IUPHSORE,地面停车场,交通设施服务;停车场;公共停车场,109.07372999615772,34.35740690821372,灞桥区,109.078869,34.356187
BX09908501,国际港务区地铁站出入口,交通设施服务;地铁站;出入口,109.03326916983885,34.36250348028927,灞桥区,109.038289,34.361209
BV11635563,欧亚大道盛槐路口(公交站),交通设施服务;公交车站;公交车站相关,109.03231282529528,34.35053207430976,灞桥区,109.037328,34.349229
BV10848617,世园旅汽基地(公交站),交通设施服务;公交车站;公交车站相关,109.05883778706054,34.351590030295775,灞桥区,109.063941,34.350346
B0JBA7FFXA,地面停车场,交通设施服务;停车场;公共停车场,109.0456764716072,34.34462359379204,灞桥区,109.050739,34.34335
BV10072959,康家村(公交站),交通设施服务;公交车站;公交车站相关,109.04326395350076,34.340800927106066,灞桥区,109.048318,34.33952
BV09354200,纺渭路元朔大道口(公交站),交通设施服务;公交车站;公交车站相关,109.0781596303119,34.35865982339394,灞桥区,109.083307,34.357445
BV11543250,世博东路锦堤二路口(公交站),交通设施服务;公交车站;公交车站相关,109.04491396621442,34.345284967585684,灞桥区,109.049974,34.34401
B0HKOUGUXV,西安浐灞华邑酒店停车场,交通设施服务;停车场;公共停车场,109.03766228863724,34.346062695009344,灞桥区,109.042697,34.344771
BV11593333,世博东路奥莱西路口(公交站),交通设施服务;公交车站;公交车站相关,109.03891249738471,34.34926503178068,灞桥区,109.043952,34.347978
BX10033193,新寺地铁站C口,交通设施服务;地铁站;出入口,109.04944796759366,34.370501241164284,灞桥区,109.054525,34.369249
BV11351194,孝义庄(公交站),交通设施服务;公交车站;公交车站相关,109.07581979617773,34.347931489375696,灞桥区,109.080962,34.346709
B0JACHMGEO,华润未来城DK6地下停车场,交通设施服务;停车场;公共停车场,109.0293936655852,34.36697438569873,灞桥区,109.034399,34.365672
B0FFG6D641,灞河东路-道路停车位,交通设施服务;停车场;路边停车场,109.0251868601791,34.336881060396,灞桥区,109.030173,34.335552
B0M6N6DNDQ,浐灞金融小区地上停车场,交通设施服务;停车场;公共停车场,109.04402387772062,34.334798111912264,灞桥区,109.04908,34.333516
B0J0NAGQTE,西安浐灞喜来登酒店地下停车点,交通设施服务;停车场;公共停车场,109.03483150458696,34.348491590951625,灞桥区,109.039856,34.347194
BV11653241,和畅路元朔大道口(公交站),交通设施服务;公交车站;公交车站相关,109.0421528994175,34.36269646572832,灞桥区,109.047205,34.361424
BV11351189,锻压机床厂(公交站),交通设施服务;公交车站;公交车站相关,109.07088851035056,34.32678828318238,灞桥区,109.076019,34.32555
B0LAKONT0P,汇悦城停车场(出入口),交通设施服务;停车场;停车场出入口,109.06680725233204,34.365835227861,灞桥区,109.071932,34.364611
B0H0772PQH,西安港创业基地地下停车场,交通设施服务;停车场;公共停车场,109.06315970381644,34.37095293662879,灞桥区,109.068276,34.369726
BV09447115,浐灞国际港管委会南门(公交站),交通设施服务;公交车站;公交车站相关,109.0593950132504,34.3660226710911,灞桥区,109.064501,34.364787
B0GKHMY6YB,砂之船(西安)奥莱西停车场(入口),交通设施服务;停车场;停车场入口,109.04060565538572,34.34711802687533,灞桥区,109.045651,34.345834
B0M6VPHY4C,自然界河山-地下停车场,交通设施服务;停车场;公共停车场,109.03032547743685,34.32689085714874,未央区,109.035331,34.325571
BV09136669,灞桥白庙村(公交站),交通设施服务;公交车站;公交车站相关,109.07317590390905,34.336741820812335,灞桥区,109.078312,34.335511
BX10021700,务庄地铁站A2口,交通设施服务;地铁站;出入口,109.04235655463152,34.346892015816245,灞桥区,109.047408,34.345612
BV09447114,和悦路港兴二路口(公交站),交通设施服务;公交车站;公交车站相关,109.03140442691628,34.37237718686928,灞桥区,109.036418,34.371083
BV09279767,浐灞右岸小学(公交站),交通设施服务;公交车站;公交车站相关,109.03769681185273,34.35015256709706,灞桥区,109.042732,34.348863
B0J1MUVNGI,中南樾府地下停车场,交通设施服务;停车场;公共停车场,109.05894990695232,34.3351329599255,灞桥区,109.064052,34.333881
B0HKKZFUSL,华南城地面停车场,交通设施服务;停车场;公共停车场,109.03551882711751,34.36155920614094,灞桥区,109.040547,34.36027
B0HA1AD8HI,西安·华南城地面停车场,交通设施服务;停车场;公共停车场,109.06032171752598,34.36370630990965,灞桥区,109.06543,34.362471
B0J0DSO3FS,华润置地未来城市·宸誉内部地下停车场,交通设施服务;停车场;专用停车场,109.02904775433338,34.37001871847078,灞桥区,109.034052,34.368717
BV11308161,东三环世博大道口(公交站),交通设施服务;公交车站;公交车站相关,109.0498129019342,34.33475054014156,灞桥区,109.054888,34.333481
B0IRBAYLS2,西安地铁14号线陆港停车场,交通设施服务;停车场;公共停车场,109.0677476174541,34.359536188956824,灞桥区,109.072874,34.35831
B0IG0RBF39,西安华南城E1区地面停车场,交通设施服务;停车场;公共停车场,109.04543154535568,34.364833877795725,灞桥区,109.050495,34.36357
BX10033192,新寺地铁站B口,交通设施服务;地铁站;出入口,109.04797865858336,34.370717232921145,灞桥区,109.053051,34.369462
B0J1ASZKFO,紫薇·花园洲内部地下停车场,交通设施服务;停车场;专用停车场,109.04468602878816,34.341859171837925,灞桥区,109.049745,34.340582
B0J2ZMF138,世园大公馆内部地下停车场,交通设施服务;停车场;专用停车场,109.06307352721404,34.32945790771685,灞桥区,109.068186,34.32821
B0FFILBO5V,于家村生态停车场,交通设施服务;停车场;公共停车场,109.0829931386306,34.355143770554875,灞桥区,109.088148,34.353931
BV11541737,奥体大道港丰路口(公交站),交通设施服务;公交车站;公交车站相关,109.025785768811,34.36847743866318,灞桥区,109.030777,34.367166
BV11655553,展兴路会展二路口(公交站),交通设施服务;公交车站;公交车站相关,109.0310414092677,34.342165580750176,灞桥区,109.036051,34.340855
BV10848619,雾庄村(公交站),交通设施服务;公交车站;公交车站相关,109.05248280465852,34.344294464887376,灞桥区,109.057567,34.343035
BV11318055,浐灞自贸中心(公交站),交通设施服务;公交车站;公交车站相关,109.0332972647586,34.34849353329582,灞桥区,109.038316,34.347192
B0H0LZHON4,维也纳国际酒店(西安浐灞国际会展中心店)停车场,交通设施服务;停车场;公共停车场,109.04741439077816,34.337136462122885,灞桥区,109.052482,34.335863
BV11543249,世博中路锦堤一路口(公交站),交通设施服务;公交车站;公交车站相关,109.04821943188736,34.34117876069579,灞桥区,109.05329,34.339909
BV09447112,新寺地铁站(公交站),交通设施服务;公交车站;公交车站相关,109.04607085327552,34.371367034720144,灞桥区,109.051137,34.370108
BX10033183,贺韶地铁站B口,交通设施服务;地铁站;出入口,109.07187787988607,34.36749680367637,灞桥区,109.077014,34.36628
B0LKSHHZBQ,国美西北电子商务运营中心内部地面停车场,交通设施服务;停车场;专用停车场,109.07159619780649,34.35912747743814,灞桥区,109.076731,34.357906
BV11489028,港务区管委会南门(公交站),交通设施服务;公交车站;公交车站相关,109.0593950132504,34.3660226710911,灞桥区,109.064501,34.364787
BV11541736,欧亚大道港丰路口(公交站),交通设施服务;公交车站;公交车站相关,109.03573333593212,34.3696704354914,灞桥区,109.040763,34.368386
B0HAL77QUW,华盛奥特莱斯购物中心停车场,交通设施服务;停车场;公共停车场,109.04220109965948,34.35843054999906,灞桥区,109.047253,34.357156
BV09392979,世博大道锦堤五路口(公交站),交通设施服务;公交车站;公交车站相关,109.0256429824251,34.349229704526564,灞桥区,109.030632,34.347908
B0IGT5IJBN,华南城地下停车场,交通设施服务;停车场;公共停车场,109.0385429896346,34.358998998733,灞桥区,109.043582,34.357716
BV09354201,纺渭路港兴二路口(公交站),交通设施服务;公交车站;公交车站相关,109.07931409891944,34.364994536809064,灞桥区,109.084464,34.363784
B0LAXAYY0X,3号LOFT地面停车场,交通设施服务;停车场;公共停车场,109.0389402519534,34.362590179604034,灞桥区,109.043981,34.36131
BV11401400,会展二路会兴路口(公交站),交通设施服务;公交车站;公交车站相关,109.04371592403714,34.33481680462322,灞桥区,109.048771,34.333534
B0H0JHTCE0,华南城五金机电B区地面停车场,交通设施服务;停车场;公共停车场,109.02768858607442,34.36419444954824,灞桥区,109.032687,34.362886
B0JBYCQQ8W,西安国际会展中心会议楼地下停车场(A出入口),交通设施服务;停车场;停车场出入口,109.03637788116724,34.33561901422954,灞桥区,109.041407,34.334319
B0MGAHDZ9J,叶波大润发(汇悦城店)-东南侧地上停车场,交通设施服务;停车场;公共停车场,109.06241600934084,34.3662465759979,灞桥区,109.06753,34.365016
BV11601236,世博中路东三环路口(公交站),交通设施服务;公交车站;公交车站相关,109.0506766519002,34.340995721063315,灞桥区,109.055755,34.339731
B0LGA7NFOL,务庄小区停车场,交通设施服务;停车场;公共停车场,109.0538746234609,34.344233779684494,灞桥区,109.058963,34.342977
BV11542894,东会展路会展二路口(公交站),交通设施服务;公交车站;公交车站相关,109.04177061151437,34.33502020997336,灞桥区,109.046819,34.333733
B0GKHMYEP4,砂之船西安奥莱停车场(出入口),交通设施服务;停车场;停车场出入口,109.04262768331397,34.34612576709724,灞桥区,109.04768,34.344846
BV11655554,展兴路会展一路口(公交站),交通设施服务;公交车站;公交车站相关,109.0274675689822,34.33948950620172,灞桥区,109.032463,34.338168
BV11329353,雾庄立交北(公交站),交通设施服务;公交车站;公交车站相关,109.054577106726,34.34928392314493,灞桥区,109.059668,34.348031
BV11601234,世博中路香湖湾五路口(公交站),交通设施服务;公交车站;公交车站相关,109.05512526814324,34.340410284792064,灞桥区,109.060217,34.339154
B0LDAB0SJ9,汇悦城停车场(出入口),交通设施服务;停车场;停车场出入口,109.06472603705524,34.368233982629576,灞桥区,109.069846,34.367008
B0JG2CKM0Q,自然界河山停车场(出入口),交通设施服务;停车场;停车场相关,109.0321326404298,34.3256746562328,未央区,109.037145,34.324359
B0LAOUQSR5,浐灞国际港自贸中心地下停车场,交通设施服务;停车场;公共停车场,109.03460037963303,34.34835025161439,灞桥区,109.039624,34.347052
BV09136668,高寨村(公交站),交通设施服务;公交车站;公交车站相关,109.0769602255102,34.3533456466948,灞桥区,109.082105,34.352127
B0JGDLONER,自然界河山停车场,交通设施服务;停车场;公共停车场,109.0320878092045,34.325700761406985,未央区,109.0371,34.324385
B0H2AA2RXJ,西安灞柳驿酒店地下停车场,交通设施服务;停车场;公共停车场,109.04935813890836,34.32551889523209,灞桥区,109.054431,34.324244
BV11653802,和畅路港兴一路口(公交站),交通设施服务;公交车站;公交车站相关,109.0421528994175,34.36269646572832,灞桥区,109.047205,34.361424
B0IAF594SZ,西安国际港务区地面停车场,交通设施服务;停车场;公共停车场,109.06007616549088,34.36611946575557,灞桥区,109.065184,34.364885
BV09447116,新筑路港丰路口(公交站),交通设施服务;公交车站;公交车站相关,109.05247982619336,34.36726178036541,灞桥区,109.057566,34.366014
B001D0VY86,停车场,交通设施服务;停车场;公共停车场,109.02994732264948,34.33413540422209,灞桥区,109.034952,34.332818
BV11459757,西安国际会展中心会议馆(公交站),交通设施服务;公交车站;公交车站相关,109.03941005376184,34.33369647337411,灞桥区,109.04445,34.332403
B0J0NAGQTD,西安浐灞喜来登酒店地下停车点(入口),交通设施服务;停车场;停车场入口,109.03465716720672,34.34835310508688,灞桥区,109.039681,34.347055
BV11653242,新筑路元朔大道口(公交站),交通设施服务;公交车站;公交车站相关,109.05149340748513,34.36078411243944,灞桥区,109.056576,34.359531
B0LRSK4B4C,碧桂园香湖湾1号西南侧停车场,交通设施服务;停车场;公共停车场,109.05777993250445,34.33755683202889,灞桥区,109.062879,34.336304
BV11251651,世博大道锦堤三路口(公交站),交通设施服务;公交车站;公交车站相关,109.03658427356496,34.345513647400935,灞桥区,109.041615,34.344219
B0H0LZHGNG,自然界·忘岳内部停车场,交通设施服务;停车场;专用停车场,109.03037840082078,34.32539342392225,未央区,109.035384,34.324073
B0H0FSNVSW,西安华盛奥特莱斯地下停车场,交通设施服务;停车场;公共停车场,109.03788137303128,34.3590995709528,灞桥区,109.042918,34.357815
BV11601238,浐灞实验小学(公交站),交通设施服务;公交车站;公交车站相关,109.0255971634832,34.34925281986189,灞桥区,109.030586,34.347931
B0H1V7T7UC,灞柳基金小镇1期停车场,交通设施服务;停车场;公共停车场,109.0485626513966,34.32583841886802,灞桥区,109.053633,34.324562
B0LKFYSMWA,绿城桂语江南东北侧地上停车场,交通设施服务;停车场;公共停车场,109.06121703048376,34.332774285435406,灞桥区,109.066325,34.331525
B0MAFLU350,和悦路-路侧停车场,交通设施服务;停车场;路边停车场,109.03126205564716,34.37142006932263,灞桥区,109.036275,34.370125
BV10073267,港兴路中段(公交站),交通设施服务;公交车站;公交车站相关,109.0409455555632,34.35760692491973,灞桥区,109.045993,34.356329
B0HKBZVO5P,停车场,交通设施服务;停车场;公共停车场,109.0275598172517,34.34402902269729,灞桥区,109.032556,34.34271
B0FFIL4D3T,停车场,交通设施服务;停车场;公共停车场,109.06374227133628,34.370565242216685,灞桥区,109.06886,34.369339
B0H2AA5E8K,西安灞柳驿酒店停车场(出入口),交通设施服务;停车场;停车场出入口,109.04616635441802,34.32711399345017,灞桥区,109.051229,34.325833
B0L0V9IY91,恒大御景西区地下停车场,交通设施服务;停车场;专用停车场,109.02618455539798,34.340649459503744,灞桥区,109.031175,34.339325
BV09180362,宋围(公交站),交通设施服务;公交车站;公交车站相关,109.0269652154504,34.34346692666241,灞桥区,109.031959,34.342146
BV11543248,世博东路锦堤一路口(公交站),交通设施服务;公交车站;公交车站相关,109.04771285916908,34.34363463544864,灞桥区,109.052782,34.342365
BV11655552,展兴路会展三路口(公交站),交通设施服务;公交车站;公交车站相关,109.03363525046784,34.345447176432934,灞桥区,109.038655,34.344145
B0MACXXDGM,华润置地未来城市-DK9观雅-地下停车场,交通设施服务;停车场;专用停车场,109.03373779906798,34.36952760363615,灞桥区,109.03876,34.368238
B0J0DSO3FR,华润置地未来城市·宸誉内部地下停车场(出入口),交通设施服务;停车场;停车场出入口,109.0276840242438,34.37097491051153,灞桥区,109.032683,34.36967
BV09275408,浐灞右岸小学(便民站)(公交站),交通设施服务;公交车站;公交车站相关,109.03769481746676,34.35017156248661,灞桥区,109.04273,34.348882
BV09392989,东三环会展一路口(公交站),交通设施服务;公交车站;公交车站相关,109.04473392391564,34.3295970021788,灞桥区,109.049792,34.328314
B0HA1AF3S9,西安·华南城地面停车场(出入口),交通设施服务;停车场;停车场出入口,109.05911378786304,34.36592320521723,灞桥区,109.064219,34.364687
B0LAXA3NC9,3号LOFT地下停车场,交通设施服务;停车场;公共停车场,109.03845399849634,34.3626273468496,灞桥区,109.043493,34.361346
B0MB94TXVL,中交二公局致远广厦项目经理部地上停车场,交通设施服务;停车场;公共停车场,109.03948351804092,34.34851102429094,灞桥区,109.044525,34.347225
B0HKOUHJBR,西安浐灞华邑酒店停车场(出入口),交通设施服务;停车场;停车场出入口,109.03798213036252,34.34603591968068,灞桥区,109.043018,34.344745
BV09447113,和悦路港丰路口(公交站),交通设施服务;公交车站;公交车站相关,109.03093049899158,34.36946097988695,灞桥区,109.035942,34.368164
BV10073266,港兴路西段(公交站),交通设施服务;公交车站;公交车站相关,109.035113638021,34.35799606521077,灞桥区,109.04014,34.356704
B0MURUCYZN,东三环辅路西侧停车场,交通设施服务;停车场;公共停车场|交通设施服务;停车场;路边停车场,109.04765704432748,34.33200041913146,灞桥区,109.052725,34.330725
B0KRJ54SGE,汇悦城内部地下停车场(东出入口)有人值守,交通设施服务;停车场;专用停车场,109.06276027694612,34.3645339247397,灞桥区,109.067875,34.363303
B0FFIMESOT,停车场,交通设施服务;停车场;公共停车场,109.03283138447344,34.33266550169696,灞桥区,109.037847,34.331355
B0JAT5NVE3,汇悦城内部地下停车场(出入口),交通设施服务;停车场;停车场出入口,109.06271839200672,34.364440039424444,灞桥区,109.067833,34.363209
BV11546343,会兴路会展二路口站(公交站),交通设施服务;公交车站;公交车站相关,109.04381058741376,34.3349805094713,灞桥区,109.048866,34.333698
B0LKOAGAY9,地面停车场,交通设施服务;停车场;公共停车场,109.03615320558748,34.32982236407311,灞桥区,109.041181,34.328519
B0HD0L0HU7,西安地铁14号线陆港停车场(入口),交通设施服务;停车场;停车场出入口,109.06786036348424,34.3594820634947,灞桥区,109.072987,34.358256
BV11351199,许家庄(公交站),交通设施服务;公交车站;公交车站相关,109.07494181213303,34.34388340308576,灞桥区,109.080082,34.342658
B0I69Z5GAG,西安百利威国际电商产业园地面停车场,交通设施服务;停车场;公共停车场,109.064814576749,34.35953536665716,灞桥区,109.069934,34.358305
B0LKSHIG8Q,国美西北电子商务运营中心内部地面停车场(出入口),交通设施服务;停车场;停车场出入口,109.07362811326868,34.35838352099252,灞桥区,109.078767,34.357164
B0JKGC3476,浐灞公交第五场站,交通设施服务;交通服务相关;交通服务相关,109.03931598361042,34.33842440960226,灞桥区,109.044356,34.337133
B0MDJXLECA,西安港务区新陆新居-西区地上停车场,交通设施服务;停车场;公共停车场,109.05498216528962,34.35797275835514,灞桥区,109.060075,34.356725
B0L2DU8WBV,1668新时代广场A区南区地下停车场,交通设施服务;停车场;公共停车场,109.03218839977144,34.36103305526512,灞桥区,109.037204,34.359735
B0J325BFBO,恒大御景东区内部地下停车场,交通设施服务;停车场;专用停车场,109.02876810634234,34.3436089497067,灞桥区,109.033769,34.342293
B0MBB9XCGW,陕建锦泓府地上停车场,交通设施服务;停车场;公共停车场,109.04917778959712,34.347788462826614,灞桥区,109.054252,34.346524
B0FFIOYF0K,世园安置房2期停车场(出入口),交通设施服务;停车场;停车场出入口,109.04778124975164,34.33653696344407,灞桥区,109.05285,34.335264
B0IAZDT87E,立达国际博览城地面停车场,交通设施服务;停车场;公共停车场,109.05496195875652,34.349495089750725,灞桥区,109.060054,34.348243
B0MAOOJ8EF,和祥路-路侧停车场,交通设施服务;停车场;路边停车场,109.0479921322916,34.36473034102058,灞桥区,109.053064,34.363472
B0FFGFQKOX,医附院停车场,交通设施服务;停车场;公共停车场,109.06638795259876,34.36914308718231,灞桥区,109.071512,34.36792
B0JACHMGEN,华润未来城DK6地下停车场(出入口),交通设施服务;停车场;停车场出入口,109.0293936655852,34.36697438569873,灞桥区,109.034399,34.365672
B0MAG7Z2PR,欧亚大道辅路-路侧停车场,交通设施服务;停车场;路边停车场|交通设施服务;停车场;公共停车场,109.029253121174,34.344673115918866,灞桥区,109.034256,34.343359
B0LGA7HGLP,务庄小区地下停车场(入口),交通设施服务;停车场;停车场入口,109.05381081406377,34.34422690597205,灞桥区,109.058899,34.34297
B0LKLP7POM,西安国际港务区陕西师范大学陆港小学停车场,交通设施服务;停车场;公共停车场,109.05034541982258,34.36722710229987,灞桥区,109.055425,34.365975
B0FFH5QMIS,湾流天悦内部地下停车场,交通设施服务;停车场;专用停车场,109.02880676800405,34.345797761306265,灞桥区,109.033808,34.344483
BV11601237,世博中路香湖湾二路口(公交站),交通设施服务;公交车站;公交车站相关,109.05966953931012,34.33986342655005,灞桥区,109.064774,34.338615
BV09243694,会展三路欧亚大道口(公交站),交通设施服务;公交车站;公交车站相关,109.031292222783,34.344764634303,灞桥区,109.036303,34.343456
B0IU5SUMXF,窑村猪蹄纺渭路店地面停车场,交通设施服务;停车场;公共停车场,109.07822448185644,34.35906555675583,灞桥区,109.083372,34.357851
B0IRZAZRRP,酒店停车场,交通设施服务;停车场;公共停车场,109.04093909915888,34.36317207566975,灞桥区,109.045987,34.361897
BV10850298,紫霞三路(地铁站),交通设施服务;地铁站;地铁站,109.12709428067996,34.33515328988189,灞桥区,109.132262,34.333919
BV10850301,凤凰池(地铁站),交通设施服务;地铁站;地铁站,109.14441488205078,34.34558189208029,临潼区,109.149566,34.344329
BV10070407,西核所(公交站),交通设施服务;公交车站;公交车站相关,109.1346852854219,34.32879172788728,临潼区,109.139846,34.327545
B001D1149B,窑村站,交通设施服务;火车站;货运火车站,109.12139207856676,34.34465480132591,临潼区,109.126564,34.343431
BV11469497,卞家村(公交站),交通设施服务;公交车站;公交车站相关,109.13250284562965,34.333042819381625,灞桥区,109.137666,34.331801
BV10070992,武警二支队(公交站),交通设施服务;公交车站;公交车站相关,109.0963356946849,34.33816405543403,灞桥区,109.101504,34.336948
BV11476301,紫霞三路地铁站(公交站),交通设施服务;公交车站;公交车站相关,109.12750455241073,34.3353996326052,灞桥区,109.132672,34.334165
BV11028652,机场(公交站),交通设施服务;公交车站;公交车站相关,109.12152098104085,34.357876264921345,临潼区,109.126694,34.356659
BV10071161,冷冻厂(公交站),交通设施服务;公交车站;公交车站相关,109.13055413646832,34.34452776458243,临潼区,109.13572,34.343294
BX10031121,紫霞三路地铁站B西南口,交通设施服务;地铁站;出入口,109.12632375994646,34.33501450427416,灞桥区,109.131492,34.333781
BV10070990,石桥(公交站),交通设施服务;公交车站;公交车站相关,109.10047388495008,34.32818686310657,灞桥区,109.105644,34.326966
BV10070997,熊家湾(公交站),交通设施服务;公交车站;公交车站相关,109.09609338654074,34.343801312072294,灞桥区,109.101262,34.342588
B0FFGCW036,临潼服务区停车场,交通设施服务;停车场;公共停车场,109.13854011813964,34.342612430137,临潼区,109.143698,34.341367
BV10071046,邵平店(公交站),交通设施服务;公交车站;公交车站相关,109.11989307387216,34.33719411465157,灞桥区,109.125065,34.335968
B0IK4DN0AA,畅隆粮油交易中心地面停车场,交通设施服务;停车场;公共停车场,109.10010633735376,34.32532218854127,灞桥区,109.105276,34.3241
B0H65HOOCI,东达大型停车场,交通设施服务;停车场;公共停车场,109.0913228652384,34.33022089209049,灞桥区,109.096486,34.329
BV11461528,许王村(公交站),交通设施服务;公交车站;公交车站相关,109.09562191083538,34.35345553572866,灞桥区,109.100791,34.352247
BV11481761,三里村(公交站),交通设施服务;公交车站;公交车站相关,109.09636024714732,34.36589906409013,灞桥区,109.101531,34.364697
BV10887769,朝阳路公交调度站(公交站),交通设施服务;公交车站;公交车站相关,109.1207094499956,34.325434470981264,灞桥区,109.12588,34.324202
B0FFIMUEOO,临潼服务区停车场,交通设施服务;停车场;公共停车场,109.1397052660524,34.344509199714594,临潼区,109.144862,34.343263
BV11371158,北陈村(公交站),交通设施服务;公交车站;公交车站相关,109.09592421978276,34.35862386886088,灞桥区,109.101094,34.357418
BX10031122,紫霞三路地铁站D东北口,交通设施服务;地铁站;出入口,109.12827711536136,34.33548147742735,灞桥区,109.133444,34.334246
B0MBHGHB93,迈亨贸易(员工食堂店)-停车场,交通设施服务;停车场;公共停车场,109.09098377391588,34.335287565101844,灞桥区,109.096147,34.334069
BV11325709,洪庆工业园(公交站),交通设施服务;公交车站;公交车站相关,109.10688726329806,34.330799085829725,灞桥区,109.11206,34.329578
BX10032028,紫霞三路地铁站A西北口,交通设施服务;地铁站;出入口,109.1275585441565,34.33594043191107,灞桥区,109.132726,34.334706
B0L0HPP7F7,西安宝湾物流园停车场,交通设施服务;停车场;公共停车场,109.10853146253385,34.348197234003415,临潼区,109.113706,34.346984
BV11001973,窑村(公交站),交通设施服务;公交车站;公交车站相关,109.10616932209696,34.35481999292292,临潼区,109.111344,34.353611
BV10071045,外贸物流(公交站),交通设施服务;公交车站;公交车站相关,109.11428770510628,34.3348869283079,灞桥区,109.119461,34.333664
BV11686991,服装产业园(公交站),交通设施服务;公交车站;公交车站相关,109.13958558406809,34.35074191320008,临潼区,109.144743,34.349499
B0KBFCSX75,欣丰农副产品物流港地面停车场,交通设施服务;停车场;公共停车场,109.10958875366656,34.33224052912181,灞桥区,109.114762,34.331019
B0I1N5AXTH,陕西泉通钢材交易中心地面停车场,交通设施服务;停车场;公共停车场,109.10037604319636,34.34982528775106,临潼区,109.105548,34.348615
BX10031075,凤凰池地铁站出入口,交通设施服务;地铁站;出入口,109.14404945905584,34.345104550645644,临潼区,109.149201,34.343852
BX10031074,凤凰池地铁站D东北口,交通设施服务;地铁站;出入口,109.14476028985156,34.34597824440354,临潼区,109.149911,34.344725
BX10032027,紫霞三路地铁站C东南口,交通设施服务;地铁站;出入口,109.1265249549894,34.33435004602938,灞桥区,109.131693,34.333116
B0M6Y7T5T7,恒达福混凝土灞桥分公司内部地面停车场,交通设施服务;停车场;专用停车场,109.09389624819116,34.34337085102123,灞桥区,109.099063,34.342157
B0KGYHH9WU,陕西国立汽车检测站地面停车场,交通设施服务;停车场;公共停车场,109.1087287624286,34.3330847299353,灞桥区,109.113902,34.331864
B0I26ZHE3O,陕西盛邦赛福消防科技有限公司内部地面停车场,交通设施服务;停车场;专用停车场,109.1084009117164,34.33185018089129,灞桥区,109.113574,34.330629
B0L3M1PQO2,西安迪乐普生物医学有限公司停车场,交通设施服务;停车场;公共停车场,109.0963012240833,34.33241384026011,灞桥区,109.101469,34.331195
B0M6Y7SQPC,恒达福混凝土灞桥分公司内部地面停车场(出入口),交通设施服务;停车场;停车场出入口,109.09414702690094,34.34337080296416,灞桥区,109.099314,34.342157
B0MBUBLSZY,西安宝湾物流园停车场,交通设施服务;停车场;公共停车场,109.10689462654362,34.34946494783762,临潼区,109.112069,34.348253
B0MGZ7J7A7,西安仁昌物流有限公司大型停车场,交通设施服务;停车场;公共停车场,109.10000904377044,34.3293002952985,灞桥区,109.105179,34.32808
B0L1TR416O,美库丝路科技产业园停车场,交通设施服务;停车场;公共停车场,109.11224225201371,34.34907067888568,临潼区,109.117417,34.347856
B0LKU5Y7VZ,灞桥区新兴产业孵化器地上停车场,交通设施服务;停车场;公共停车场,109.11515217188052,34.33125026420894,灞桥区,109.120325,34.330025
BV10070405,民兵路(公交站),交通设施服务;公交车站;公交车站相关,109.13029709796102,34.365352870474304,临潼区,109.135465,34.36413
B0LKKLO4NG,西安(温州)服装产业园停车场,交通设施服务;停车场;公共停车场,109.13721497472334,34.350614548577006,临潼区,109.142375,34.349375
B0KBFCTWDD,欣丰农副产品物流港地面停车场(出入口),交通设施服务;停车场;停车场出入口,109.1082060172432,34.33095352807967,灞桥区,109.113379,34.329732
B0IGOZGX4Y,西安车龙机动车检测有限公司地面停车场,交通设施服务;停车场;公共停车场,109.0868275273807,34.33603695117907,灞桥区,109.091986,34.334817
B0LKU5YZMA,西安东达特大型停车场,交通设施服务;停车场;公共停车场,109.10085954531648,34.32973616411342,灞桥区,109.10603,34.328516
B0M6HD9ES5,西安国际港务区新筑街道南陈村村民委员会停车场,交通设施服务;停车场;公共停车场,109.095705356248,34.359030684798164,灞桥区,109.100875,34.357825
B0G17MSGXS,延长石油管输五处末站停车场,交通设施服务;停车场;停车场相关,109.12727185503512,34.3414554170587,临潼区,109.13244,34.340224
BV11026757,解放庄(公交站),交通设施服务;公交车站;公交车站相关,109.12462674408548,34.35700276833388,临潼区,109.129798,34.355782
B0IK4DKXW5,畅隆粮油交易中心地面停车场(出入口),交通设施服务;停车场;停车场出入口,109.10016031044128,34.32528620967159,灞桥区,109.10533,34.324064
B0IUGANDIG,陕西能源职业技术学院(医学校区)内部地面停车场,交通设施服务;停车场;专用停车场,109.13884271370632,34.328219835645584,临潼区,109.143999,34.326967
B0IU7RJ1OW,陕西能源职业技术学院(医学校区)内部地面停车场,交通设施服务;停车场;专用停车场,109.13725410801672,34.32670127235704,临潼区,109.142412,34.32545
B0I26ZHLNH,陕西盛邦赛福消防科技有限公司内部地面停车场(出入口),交通设施服务;停车场;停车场出入口,109.10831391574791,34.33193910128622,灞桥区,109.113487,34.330718
B0IK4HMMI4,陕西国立汽车检测站地面停车场(入口),交通设施服务;停车场;停车场入口,109.10949271146004,34.332807211443466,灞桥区,109.114666,34.331586
B0MBSMEDPF,中铁七局集团西安铁路工程有限公司制梁分公司内部地面停车场,交通设施服务;停车场;专用停车场,109.13713018060152,34.35865434741427,临潼区,109.142291,34.357419
B0IGR7YT0F,陕西鑫辉钢铁有限公司地面停车场,交通设施服务;停车场;公共停车场,109.09256788537108,34.338702443558844,灞桥区,109.097733,34.337486
B0I0YRYRPO,西安铁均钢结构有限公司内部地下停车场,交通设施服务;停车场;专用停车场,109.09680033541112,34.36114749424704,灞桥区,109.101971,34.359943
B0ID7H3I6H,陕西商储灞桥物流园地面停车场,交通设施服务;停车场;公共停车场,109.1231223803691,34.339839825897535,灞桥区,109.128293,34.338612
B0LKKLORE3,西安(温州)服装产业园停车场,交通设施服务;停车场;公共停车场,109.13696448071292,34.353212884525625,临潼区,109.142125,34.351975
B0I0YR00T0,西安铁均钢结构有限公司内部地面停车场(出入口),交通设施服务;停车场;停车场出入口,109.09635765851276,34.36122648823913,灞桥区,109.101528,34.360022
B0L2X9YHU9,中储发展股份有限公司(西安物流中心)-停车场,交通设施服务;停车场;公共停车场,109.10752276875344,34.34645668695222,临潼区,109.112697,34.345243
B0FFILBN0F,于家村生态停车场,交通设施服务;停车场;公共停车场,109.08663413017564,34.354845718545654,灞桥区,109.091794,34.353635
B0MBSME0IF,中铁七局集团西安铁路工程有限公司制梁分公司内部地面停车场(出入口),交通设施服务;停车场;停车场出入口,109.14198043093104,34.36184585704409,临潼区,109.147136,34.360605
B0IRMHKFSE,地面停车场,交通设施服务;停车场;公共停车场,109.13595774203364,34.34964227730081,临潼区,109.141119,34.348404
B0FFILBNHK,停车场,交通设施服务;停车场;公共停车场,109.0852319770987,34.354917459870244,灞桥区,109.09039,34.353706
B0MUBR80XE,停车场,交通设施服务;停车场;停车场相关,109.10305342200402,34.330994904264294,灞桥区,109.108225,34.329775
B0I0YRWPYW,西安铁均钢结构有限公司内部地面停车场,交通设施服务;停车场;专用停车场,109.09635765851276,34.36122648823913,灞桥区,109.101528,34.360022
B0I1DARGN6,地面停车场,交通设施服务;停车场;公共停车场,109.08734563673303,34.373062898392966,灞桥区,109.092508,34.371862
B0L3X11U8H,东城国际建材家居停车场,交通设施服务;停车场;公共停车场,109.13518285736994,34.35076465049423,临潼区,109.140345,34.349528
B0G10DFVWJ,龙安佳泰物流有限公司危险品车辆专用停车场,交通设施服务;停车场;专用停车场,109.12994670500416,34.34371342719908,临潼区,109.135113,34.34248
B0MGZDIKH2,五洲矿业(西安分公司)西南侧停车场,交通设施服务;停车场;公共停车场,109.10454398260264,34.32977383706257,灞桥区,109.109716,34.328553
B0L0PL1LAR,西安东唐混凝土工程有限公司停车场,交通设施服务;停车场;公共停车场,109.095972860388,34.339454460914,灞桥区,109.101141,34.338239
B0IGOZJ3HZ,西安车龙机动车检测有限公司地面停车场(出入口),交通设施服务;停车场;停车场出入口,109.0868275273807,34.33603695117907,灞桥区,109.091986,34.334817
B0FFGFQB8J,停车场(出入口),交通设施服务;停车场;停车场出入口,109.08688181641516,34.35481760464568,灞桥区,109.092042,34.353607
B0IUSABD2E,地面停车场,交通设施服务;停车场;公共停车场,109.13381742878424,34.32895848928362,临潼区,109.138979,34.327713
B0I0YRWX49,西安铁均钢结构有限公司内部地下停车场(入口),交通设施服务;停车场;停车场入口,109.09680033541112,34.36114749424704,灞桥区,109.101971,34.359943
B0IRUZYI6X,地下停车场,交通设施服务;停车场;公共停车场,109.10886459491384,34.34623435843079,临潼区,109.114039,34.34502
B0MBFS443R,庆丰宾馆停车场,交通设施服务;停车场;公共停车场,109.0990389170007,34.325851882260125,灞桥区,109.104208,34.32463
B0HU5UN2JU,西安环美建筑垃圾清运工程有限公司停车场,交通设施服务;停车场;停车场相关,109.13208939567048,34.333922866462004,灞桥区,109.137253,34.332682
B0ID7H2B58,陕西商储灞桥物流园地面停车场(出入口),交通设施服务;停车场;停车场出入口,109.12311241371962,34.339397032625065,灞桥区,109.128283,34.338169
B0FFH1BZJY,华林执法停车场,交通设施服务;停车场;停车场相关,109.10096378659868,34.326364777071774,灞桥区,109.106134,34.325143
B0KBFCT4PP,欣丰农副产品物流港地面停车场(出入口),交通设施服务;停车场;停车场出入口,109.11016267695584,34.33271757927737,灞桥区,109.115336,34.331496
B0MGB1VFJX,欣丰农副产品物流港东北侧停车场,交通设施服务;停车场;公共停车场,109.11169074649546,34.3317568488321,灞桥区,109.116864,34.330534
B0IUGAMY31,陕西能源职业技术学院(医学校区)内部地面停车场(出入口),交通设施服务;停车场;停车场出入口,109.13882169605198,34.32815283685312,临潼区,109.143978,34.3269
B0JR5AQ2JX,地面停车场(出入口),交通设施服务;停车场;停车场出入口,109.13594077253458,34.34909452830731,临潼区,109.141102,34.347856
B0L19BGKO1,陕西现代供销仓储物流有限公司停车场,交通设施服务;停车场;公共停车场,109.09331873219516,34.34381075512127,灞桥区,109.098485,34.342597
B0L24CODZV,西安德容船舶型材有限公司停车场,交通设施服务;停车场;公共停车场,109.09118170464384,34.333723256423994,灞桥区,109.096345,34.332504
B0MURUDT1H,停车场,交通设施服务;停车场;停车场相关,109.12400520063802,34.33615550452351,灞桥区,109.129175,34.334925
B0IK4HNNB3,陕西盛邦赛福消防科技有限公司内部地面停车场(出口),交通设施服务;停车场;停车场出口,109.10936675463326,34.33243333208304,灞桥区,109.11454,34.331212
B001D0WT58,延鑫物流停车场,交通设施服务;停车场;公共停车场,109.12399687717864,34.339793724037726,灞桥区,109.129167,34.338565
B0I1MS9IYZ,道路停车位,交通设施服务;停车场;路边停车场,109.1120762064802,34.34949537013803,临潼区,109.117251,34.348281
B0MDCL55N6,陕西天成电器有限公司停车场,交通设施服务;停车场;专用停车场,109.09555471875812,34.367676220275925,灞桥区,109.100725,34.366475
B0LKBXV0PV,西安市斜口街办建齐养殖场地上停车场,交通设施服务;停车场;公共停车场,109.10904942711892,34.35933282286288,临潼区,109.114225,34.358125
B0MUNX3MMA,华恒科技停车场,交通设施服务;停车场;公共停车场,109.10630281463874,34.32599816262022,灞桥区,109.111475,34.324775
B0MUA729XO,停车场,交通设施服务;停车场;停车场相关,109.11125200250244,34.32874904389731,灞桥区,109.116425,34.327525
B0L3H7B02U,新建小学西南侧停车场,交通设施服务;停车场;路边停车场,109.09589853774928,34.343802331868204,灞桥区,109.101067,34.342589
B0FFMFBTT2,大型停车场(暂停营业),交通设施服务;停车场;公共停车场,109.1017993473494,34.32668973278187,灞桥区,109.10697,34.325468
B0IUGAJV4G,陕西能源职业技术学院(医学校区)内部地面停车场(出入口)(暂停营业),交通设施服务;停车场;停车场出入口,109.13682650919844,34.32835388481215,临潼区,109.141985,34.327104
B0JUYAG1ZO,陕西能源职业技术学院(医学校区)内部地面停车场(出入口),交通设施服务;停车场;停车场出入口,109.13882169605198,34.32815283685312,临潼区,109.143978,34.3269
B0IGR7ZEJF,陕西鑫辉钢铁有限公司地面停车场(出入口),交通设施服务;停车场;停车场出入口,109.0925918548375,34.33878839548098,灞桥区,109.097757,34.337572
B0KBFCTWDC,欣丰农副产品物流港地面停车场(出入口),交通设施服务;停车场;停车场出入口,109.10873789222988,34.33159045148721,灞桥区,109.113911,34.330369
B0M6XCRFK6,内部地面停车场,交通设施服务;停车场;专用停车场,109.13947126162408,34.36436577907726,临潼区,109.14463,34.36313
B0MBFD6E62,路侧停车场,交通设施服务;停车场;公共停车场,109.13526486804464,34.328722546647256,临潼区,109.140425,34.327475
B0I1MSB87T,地面停车场,交通设施服务;停车场;公共停车场,109.1030372451757,34.34450732346974,临潼区,109.10821,34.343294
B0L22910FI,西安普天物流园停车场,交通设施服务;停车场;公共停车场,109.0974759701721,34.348380940087566,灞桥区,109.102646,34.34717
B0L0MN8FRA,陕西鲁泰防水停车场,交通设施服务;停车场;公共停车场,109.10015505434431,34.32824580802433,灞桥区,109.105325,34.327025
B0M6CHTZLD,陕西路桥检测公司停车场,交通设施服务;停车场;公共停车场,109.10290390750396,34.32614718016623,灞桥区,109.108075,34.324925
B0IU7RN6ZA,陕西能源职业技术学院(医学校区)内部地面停车场(出入口)(暂停营业),交通设施服务;停车场;停车场出入口,109.13682650919844,34.32835388481215,临潼区,109.141985,34.327104
B0I1N5AIIT,陕西泉通钢材交易中心地面停车场(出入口),交通设施服务;停车场;停车场出入口,109.10016124531388,34.348866750184456,临潼区,109.105333,34.347656
B0I1JCE21U,地面停车场,交通设施服务;停车场;公共停车场,109.1102536390186,34.33310443873467,灞桥区,109.115427,34.331883
B0L3H79GN1,博睿小学停车场,交通设施服务;停车场;公共停车场,109.13049200960468,34.34538226485467,临潼区,109.135658,34.344149
B0MBT69NS1,五洲矿业(西安分公司)地上停车场,交通设施服务;停车场;公共停车场,109.10587243718524,34.3315363847698,灞桥区,109.111045,34.330316
B0FFMA1LHX,中润国泰停车场,交通设施服务;停车场;停车场相关,109.1310865765929,34.34466235592362,临潼区,109.136252,34.343428
B0L3VRJF7F,西安三标名门工贸有限公司停车场,交通设施服务;停车场;公共停车场,109.11167624313435,34.36031764634534,临潼区,109.116852,34.359109
B0MBSBDQ7W,仁斜路-路侧停车场,交通设施服务;停车场;公共停车场,109.13256225174676,34.32901882182422,临潼区,109.137725,34.327775
B0MUVOXEUE,中源汽配港地上停车场,交通设施服务;停车场;公共停车场,109.0857087484276,34.37305376738046,灞桥区,109.090869,34.371852
B0MUFUH4US,内部地面停车场,交通设施服务;停车场;专用停车场,109.12360718337362,34.356574946423095,临潼区,109.128779,34.355355
B0MU151TS0,路侧停车场,交通设施服务;停车场;路边停车场,109.13881676991558,34.350117099624875,临潼区,109.143975,34.348875
B0MUH7PSUR,停车场,交通设施服务;停车场;停车场相关,109.12360586416531,34.32595998150872,灞桥区,109.128775,34.324725
B0M6M7UTYB,西安泰临工贸有限公司地上停车场,交通设施服务;停车场;公共停车场,109.11254939735484,34.35903480877324,临潼区,109.117725,34.357825
B0I0YRYKQW,内部地面停车场,交通设施服务;停车场;专用停车场,109.09631468996488,34.361239485366575,灞桥区,109.101485,34.360035
B0IRUZ223O,地下停车场(入口),交通设施服务;停车场;停车场入口,109.10857162318602,34.346306193938524,临潼区,109.113746,34.345092
B0IRMHKNFO,地面停车场(出入口),交通设施服务;停车场;停车场出入口,109.13671754017274,34.3495523806291,临潼区,109.141878,34.348313
B0KBFCU3TZ,欣丰农副产品物流港地面停车场(出入口),交通设施服务;停车场;停车场出入口,109.10960275437225,34.33222054537005,灞桥区,109.114776,34.330999
B0I0YRYKQV,内部地面停车场(出入口),交通设施服务;停车场;停车场出入口,109.09631468996488,34.361239485366575,灞桥区,109.101485,34.360035
B0I1MS943C,地面停车场(出入口),交通设施服务;停车场;停车场出入口,109.10303524878788,34.34447533889973,临潼区,109.108208,34.343262
B0I1DAROE9,地面停车场(出入口),交通设施服务;停车场;停车场出入口,109.0873306622926,34.37298394765015,灞桥区,109.092493,34.371783
B0M6XCSF2N,内部地面停车场(出入口),交通设施服务;停车场;停车场出入口,109.13927403088316,34.36444344862197,临潼区,109.144433,34.363208
B0I1JCI988,地面停车场(出入口),交通设施服务;停车场;停车场出入口,109.1102536390186,34.33310443873467,灞桥区,109.115427,34.331883
B0IUSAAYF2,地面停车场(出入口),交通设施服务;停车场;停车场出入口,109.13381742878424,34.32895848928362,临潼区,109.138979,34.327713
B0MUFUHEG2,内部地面停车场(出入口),交通设施服务;停车场;停车场出入口,109.12381325743088,34.357069901224705,临潼区,109.128985,34.35585
B0FFIP1ER3,停车场(出入口),交通设施服务;停车场;停车场出入口,109.0855625406944,34.35480132750062,灞桥区,109.090721,34.35359
BV11146298,秦宫(地铁站),交通设施服务;地铁站;地铁站,108.86690454463304,34.407127867734665,渭城区,108.871511,34.405599
B0I1CCCQCT,西安湖停车点,交通设施服务;停车场;公共停车场,108.88686654634763,34.3906196796172,未央区,108.89146,34.389062
B0KASAN0JP,陕西历史博物馆秦汉馆停车场,交通设施服务;停车场;公共停车场,108.85798153180754,34.40593685723005,渭城区,108.862598,34.40442
BV11658283,秦宫地铁站(公交站),交通设施服务;公交车站;公交车站相关,108.86676445556076,34.4065180350441,渭城区,108.871371,34.404989
BX10027790,秦宫地铁站A南口,交通设施服务;地铁站;出入口,108.8670607171378,34.40689120676824,渭城区,108.871667,34.405362
B0JD77HE1R,秦汉新城渭河湿地公园西停车场,交通设施服务;停车场;公共停车场,108.8755875369974,34.396502059782726,渭城区,108.880186,34.394957
B0L0V5I72N,秦汉新城渭河湿地公园停车场,交通设施服务;停车场;公共停车场,108.88605966394354,34.399945954876166,渭城区,108.890654,34.398394
BV09254945,陕历博秦汉馆(公交站),交通设施服务;公交车站;公交车站相关,108.86044757956628,34.40589359261045,渭城区,108.865061,34.404373
B0KUZHGU90,西安大兴医院渭水园院区停车场,交通设施服务;停车场;公共停车场,108.86542519770688,34.380517737505414,未央区,108.870031,34.378976
B0FFLFEPSW,东晋桃源·缙福源一期停车场,交通设施服务;停车场;专用停车场,108.88041144419076,34.380754295439765,未央区,108.885006,34.379196
BV09424610,尚林路(大兴医院渭水园院区)(公交站),交通设施服务;公交车站;公交车站相关,108.8670930150397,34.37881585837846,未央区,108.871697,34.377271
B0IG9ZBDP0,西安渭河城市运动公园停车场,交通设施服务;停车场;公共停车场,108.88345391229058,34.38902523018279,未央区,108.888048,34.387469
B0JAR55D2B,秦汉新城渭河湿地公园东停车场,交通设施服务;停车场;公共停车场,108.9030219355754,34.40736482814513,渭城区,108.907621,34.405812
B0IDZS56FC,地面停车场,交通设施服务;停车场;公共停车场,108.89027980264594,34.3775546694032,未央区,108.894872,34.375988
BV10968822,窑店十字(公交站),交通设施服务;公交车站;公交车站相关,108.8519964510278,34.405950287762366,渭城区,108.856621,34.404443
B0FFFKRM3K,停车场(渭河城市运动公园东南),交通设施服务;停车场;路边停车场,108.85860535139892,34.380787808216894,未央区,108.863219,34.379256
BV11048457,兰池大厦(公交站),交通设施服务;公交车站;公交车站相关,108.84922620001716,34.39630809186735,渭城区,108.853854,34.3948
BV09332919,尚稷路草滩六路口(公交站),交通设施服务;公交车站;公交车站相关,108.87559336452011,34.373881419544574,未央区,108.88019,34.372324
BV11473924,尚苑路草滩四路口(公交站),交通设施服务;公交车站;公交车站相关,108.89160004413056,34.37362336677714,未央区,108.896192,34.372054
B0FFIOV8GH,东晋桃源·缙福源一期停车场(出入口),交通设施服务;停车场;停车场出入口,108.88044245343094,34.3808092923911,未央区,108.885037,34.379251
BV11211793,尚稷路草滩五路口(公交站),交通设施服务;公交车站;公交车站相关,108.88659563014792,34.37666810276024,未央区,108.891188,34.375103
BV11374307,泾渭大道·兰池二路口(公交站),交通设施服务;公交车站;公交车站相关,108.8558835501325,34.396734807765334,渭城区,108.860502,34.395216
B0KASAKQRP,陕西历史博物馆秦汉馆充电停车场,交通设施服务;停车场;公共停车场,108.86220055052456,34.40690056260755,渭城区,108.866812,34.405378
B0HUV72BME,兰池大厦停车场,交通设施服务;停车场;公共停车场,108.85116704828695,34.3962344120226,渭城区,108.855792,34.394723
BV11174808,尚苑路长安大学(公交站),交通设施服务;公交车站;公交车站相关,108.90386676978513,34.37721650255514,未央区,108.908464,34.375647
BV11492185,尚林路草滩五路口(公交站),交通设施服务;公交车站;公交车站相关,108.88305637319706,34.38176389726445,未央区,108.88765,34.380204
B0HU9A59KW,大秦文明园秦文明广场停车场,交通设施服务;停车场;公共停车场,108.86011588307422,34.39720303143595,渭城区,108.864729,34.395678
BV10347392,农场中站(公交站),交通设施服务;公交车站;公交车站相关,108.87948048367412,34.374923607735205,未央区,108.884075,34.373363
B0FFGC3SM0,西安大兴医院渭水园南门停车场,交通设施服务;停车场;公共停车场,108.86796091819072,34.37797442562928,未央区,108.872564,34.376428
BV09201324,西安交大城市学院北门(公交站),交通设施服务;公交车站;公交车站相关,108.85414688301644,34.37598539485954,未央区,108.858766,34.374458
BV09201259,兰池二路·秦宫五路口(公交站),交通设施服务;公交车站;公交车站相关,108.88878318982452,34.409729982266335,渭城区,108.893378,34.408182
BX10027789,秦宫地铁站B北口,交通设施服务;地铁站;出入口,108.86687950939094,34.40725875990225,渭城区,108.871486,34.40573
BV11174809,尚稷路草滩二路口(公交站),交通设施服务;公交车站;公交车站相关,108.90167790983855,34.381312406102424,未央区,108.906274,34.379745
BV11099367,兰池二路·秦宫一路口(公交站),交通设施服务;公交车站;公交车站相关,108.86837149744484,34.40035960606792,渭城区,108.872976,34.398825
BV09012802,兰池二路·秦宫二路口(公交站),交通设施服务;公交车站;公交车站相关,108.87345248374946,34.40359877210097,渭城区,108.878053,34.40206
BV11492186,尚林路草滩六路口(公交站),交通设施服务;公交车站;公交车站相关,108.87693570713516,34.37997550792118,未央区,108.881532,34.37842
B0FFM7SG9E,西安渭河城市运动公园停车场,交通设施服务;停车场;专用停车场,108.8789190793622,34.38889952622415,未央区,108.883515,34.387347
BV09408677,尚林路(公交站),交通设施服务;公交车站;公交车站相关,108.87098958690385,34.37833394741348,未央区,108.87559,34.376784
B0L1A7JA26,清华大学附属中学秦汉学校初中部停车场,交通设施服务;停车场;专用停车场,108.87796323157976,34.40555028422263,渭城区,108.882561,34.404008
BV09207379,滨河大道草滩八路口(公交站),交通设施服务;公交车站;公交车站相关,108.85864465433522,34.377646559273224,未央区,108.863258,34.376113
BV11174810,尚稷路草滩三路口(公交站),交通设施服务;公交车站;公交车站相关,108.894404170955,34.37886759617126,未央区,108.898997,34.3773
B0KG3SNKXS,秦文明广场停车场,交通设施服务;停车场;公共停车场,108.86023415363069,34.39562009400949,渭城区,108.864847,34.394094
BV11658284,兰池二路·秦汉新城管委会(公交站),交通设施服务;公交车站;公交车站相关,108.8454535317701,34.39540005429778,渭城区,108.850087,34.393898
BV11481763,尚苑路迅达电缆(公交站),交通设施服务;公交车站;公交车站相关,108.89352872629529,34.374252777938004,未央区,108.898121,34.372683
BV11492184,尚林路草滩四路口(公交站),交通设施服务;公交车站;公交车站相关,108.88613208039564,34.38253364656468,未央区,108.890725,34.380972
BV11211791,尚稷路草滩四路口(公交站),交通设施服务;公交车站;公交车站相关,108.89058577675264,34.37775570661564,未央区,108.895178,34.376189
BV11492188,尚林路草滩二路口(公交站),交通设施服务;公交车站;公交车站相关,108.89690785615598,34.38596938730826,未央区,108.901502,34.384405
B0KKD55LDU,绿城复地·柳岸晓风内部地下停车场,交通设施服务;停车场;专用停车场,108.9001863959132,34.385890869308135,未央区,108.904782,34.384326
BV09179569,兰启路·秦宫二路口(公交站),交通设施服务;公交车站;公交车站相关,108.8725224641616,34.40752548591442,渭城区,108.877124,34.40599
B0IDZS41G7,西安经开第一中学地面停车场,交通设施服务;停车场;公共停车场,108.88513907529298,34.38011729434828,未央区,108.889732,34.378555
BV11692432,尚苑路·草滩四路口(公交站),交通设施服务;公交车站;公交车站相关,108.8916900337398,34.37364939116095,未央区,108.896282,34.37208
BV11687009,兰池大道·秦宫七路口(公交站),交通设施服务;公交车站;公交车站相关,108.89480671471772,34.408123426416886,渭城区,108.899402,34.406572
B0IU37H6YZ,西安交通大学城市学院地面停车场,交通设施服务;停车场;公共停车场,108.85361216970408,34.37568868644679,未央区,108.858232,34.374162
B0H1ZC8158,启迪佳莲未来科技城停车场,交通设施服务;停车场;公共停车场,108.88081472221378,34.40427757097555,渭城区,108.885411,34.402732
B0FFGFTSD9,长安大学渭水校区停车场,交通设施服务;停车场;公共停车场,108.90456324680856,34.37723041601214,未央区,108.909161,34.375661
B0K32Z6AQS,西安隆盛泰车场,交通设施服务;停车场;公共停车场,108.86133400285829,34.37651216365971,未央区,108.865944,34.374974
B0KDCSO2I5,秦文明广场停车场,交通设施服务;停车场;公共停车场,108.86413232931235,34.399096719552176,渭城区,108.868741,34.397567
B0K3C7GBMG,陕西历史博物馆秦汉馆大秦文明园P3停车场,交通设施服务;停车场;公共停车场,108.86011588307422,34.39720303143595,渭城区,108.864729,34.395678
BV09436736,窑洞民俗刘家沟村(公交站),交通设施服务;公交车站;公交车站相关,108.86376394135044,34.41132121700605,渭城区,108.868374,34.409799
BV10745586,西部芳香园(公交站),交通设施服务;公交车站;公交车站相关,108.85098900007446,34.41834740559397,渭城区,108.855616,34.416849
B0FFGFVERR,西安市经开第一小学停车场,交通设施服务;停车场;公共停车场,108.88755834728204,34.38176094600897,未央区,108.892151,34.380198
B0HUV72PYX,兰池大厦地下停车场,交通设施服务;停车场;公共停车场,108.85094174539344,34.395952192832134,渭城区,108.855567,34.394441
B0IDA721LJ,地面停车场,交通设施服务;停车场;公共停车场,108.8808650782266,34.38772388451438,未央区,108.88546,34.386169
BV09166993,窑店十字北(公交站),交通设施服务;公交车站;公交车站相关,108.8526090209215,34.40963517944661,渭城区,108.857233,34.408129
B0L0O9JG9I,徐福记国际集团东莞徐记食品有限公司(西安分公司)地上停车场,交通设施服务;停车场;公共停车场,108.8888316618593,34.37909310485771,未央区,108.893424,34.377528
BV10575821,窑店镇政府(公交站),交通设施服务;公交车站;公交车站相关,108.85065158533833,34.405077541899786,渭城区,108.855278,34.403572
BV09304175,尚林路草滩三路口(公交站),交通设施服务;公交车站;公交车站相关,108.89194615807604,34.384197821956214,未央区,108.896539,34.382634
BV11325999,兰池二路·秦宫三路口(公交站),交通设施服务;公交车站;公交车站相关,108.88172784196934,34.407356564598814,渭城区,108.886324,34.405812
B0L3TX84AJ,白桦林悦地下停车场,交通设施服务;停车场;公共停车场,108.90070102143572,34.38704126588129,未央区,108.905297,34.385477
B0LD3DHX1Y,金泰经开花城停车场,交通设施服务;停车场;公共停车场,108.8944733750068,34.376134083478256,未央区,108.899066,34.374565
B0LDRSD3JK,西安隆盛泰停车场,交通设施服务;停车场;停车场相关,108.86138506603548,34.37646926077992,未央区,108.865995,34.374931
B0JRASGO34,绿城复地·柳岸晓风内部地下停车场(出入口),交通设施服务;停车场;停车场出入口,108.89986950582868,34.38659246302133,未央区,108.904465,34.385028
B0IK6CK5AM,秦文明会客厅地面停车场,交通设施服务;停车场;公共停车场,108.8602221289735,34.39574600574549,渭城区,108.864835,34.39422
BV09349361,陕西历史博物馆秦汉馆北(公交站),交通设施服务;公交车站;公交车站相关,108.8623283790016,34.410827480473294,渭城区,108.86694,34.409307
B0H2NCHD3X,秦汉新城音乐喷泉地下停车点,交通设施服务;停车场;公共停车场,108.85886027502488,34.39804567647878,渭城区,108.863475,34.396523
B0FFKYRIJ3,西部芳香园停车场,交通设施服务;停车场;停车场相关,108.8492294367622,34.41813155749735,渭城区,108.853859,34.416636
B0FFH6PXXW,停车场,交通设施服务;停车场;公共停车场,108.87768685616616,34.38350232693855,未央区,108.882283,34.381948
B0KUZH9UII,西安大兴医院渭水园院区停车场(出入口),交通设施服务;停车场;停车场出入口,108.86540216189084,34.38066562663164,未央区,108.870008,34.379124
BV09008782,泾渭大道·兰池二路口(招呼站)(公交站),交通设施服务;公交车站;公交车站相关,108.85422826682176,34.397350818110404,渭城区,108.858849,34.395835
BV10745579,渭河横桥(公交站),交通设施服务;公交车站;公交车站相关,108.85664178415549,34.393828624308334,渭城区,108.861259,34.392307
BV09030170,兰池大道·秦苑六路口(公交站),交通设施服务;公交车站;公交车站相关,108.84990049151249,34.39266627064693,渭城区,108.854527,34.391155
B0FFKBFAXW,西安博爱国际学校停车场,交通设施服务;交通服务相关;交通服务相关,108.87565216040908,34.37688687642852,未央区,108.880249,34.375331
B0MBFS41QX,草滩五路-路侧停车场,交通设施服务;停车场;公共停车场,108.88483209107932,34.37903766449164,未央区,108.889425,34.377475
BV11489422,窑店西(公交站),交通设施服务;公交车站;公交车站相关,108.848584646625,34.40367083284469,渭城区,108.853214,34.402168
B0MUPXGYAE,大秦文明园-西南侧地上停车场,交通设施服务;停车场;公共停车场,108.85670763840142,34.39669512467234,渭城区,108.861325,34.395175
BV11267450,秦文明广场(公交站),交通设施服务;公交车站;公交车站相关,108.8634629100918,34.395241954244995,渭城区,108.868072,34.393711
BV09175238,秦汉小学(便民站)(公交站),交通设施服务;公交车站;公交车站相关,108.8767551883738,34.40987162727196,渭城区,108.881354,34.408333
B0JU9U2QH8,旭辉江山阅·竹苑内部地下停车场,交通设施服务;停车场;专用停车场,108.88501645813268,34.412234214595166,渭城区,108.889612,34.41069
BV10715413,秦韵广场(公交站),交通设施服务;公交车站;公交车站相关,108.88787841821348,34.40609456917191,渭城区,108.892473,34.404545
B0MGB1VO7F,三秦林木(草滩四路)-停车场,交通设施服务;停车场;公共停车场,108.89018281787811,34.377391710015445,未央区,108.894775,34.375825
B0I1CCED96,地面停车场(入口),交通设施服务;停车场;停车场入口,108.887743623036,34.39098900085278,未央区,108.892337,34.389431
B0I0ARABYS,御品轩(尚稷路)内部地面停车场,交通设施服务;停车场;专用停车场,108.88743773909736,34.376729584063625,未央区,108.89203,34.375164
BV11632312,兰池大道秦苑六路口(公交站),交通设施服务;公交车站;公交车站相关,108.84774032360085,34.39195496670823,渭城区,108.85237,34.390447
B001D08MPW,长安大学渭水校区停车场,交通设施服务;停车场;公共停车场,108.90314640822288,34.375651399043335,未央区,108.907743,34.374081
B0IA6ZCPIO,华清园文津观澜营销中心停车场(出入口),交通设施服务;停车场;停车场出入口,108.88094581508535,34.403809948346776,渭城区,108.885542,34.402264
B0K02H2SZS,西安市公安局交通管理支队经开大队草滩中队地面停车场,交通设施服务;停车场;公共停车场,108.8974214668928,34.3760028759171,未央区,108.902015,34.374433
BV09260866,临时站(公交站),交通设施服务;公交车站;公交车站相关,108.85359354764104,34.40778285849059,渭城区,108.858216,34.406274
B0L2H9B8PA,西安高级中学(博爱校区)-停车场,交通设施服务;停车场;公共停车场,108.8761815156561,34.376654540271595,未央区,108.880778,34.375098
B0L25DCVNY,陕西煤田地质草滩生活基地地面停车场,交通设施服务;停车场;公共停车场,108.89386841115444,34.377338245331806,未央区,108.898461,34.37577
BV10849634,三义村(公交站),交通设施服务;公交车站;公交车站相关,108.87986252408857,34.41387720936745,渭城区,108.88446,34.412338
BV09023806,兰池大道·秦宫一路口(公交站),交通设施服务;公交车站;公交车站相关,108.86880722418944,34.39634441309184,渭城区,108.873411,34.394807
BV09349362,窑洞民俗刘家沟村(公交站),交通设施服务;公交车站;公交车站相关,108.8736368550833,34.41306252281722,渭城区,108.878238,34.411529
B0JDS7Q8QY,秦文明广场地下停车点,交通设施服务;停车场;公共停车场,108.85987157162928,34.397394560760375,渭城区,108.864485,34.39587
BV10849636,左排村(公交站),交通设施服务;公交车站;公交车站相关,108.8916376600309,34.415558970034006,渭城区,108.896233,34.414013
BV10745585,秦汉管委会(公交站),交通设施服务;公交车站;公交车站相关,108.84774032360085,34.39195496670823,渭城区,108.85237,34.390447
B0MGB1UZDR,绿城桂语兰庭地下停车场,交通设施服务;停车场;专用停车场,108.88378601723764,34.37653126105316,未央区,108.888379,34.374968
BV10760239,秦岭北麓(公交站),交通设施服务;公交车站;公交车站相关,108.84945283836949,34.39257456133347,渭城区,108.85408,34.391064
BV09175237,旭辉江山阅(便民站)(公交站),交通设施服务;公交车站;公交车站相关,108.88472539526956,34.41215705744297,渭城区,108.889321,34.410613
B0L14B0L9T,中国铁建长河天骄府地上停车场,交通设施服务;停车场;专用停车场,108.88132764078102,34.40790791936378,渭城区,108.885924,34.406364
B0MGFR626M,斯达集团停车场,交通设施服务;停车场;公共停车场,108.89278279621736,34.37494413951124,未央区,108.897375,34.373375
B0IK6CKBBE,秦文明会客厅地面停车场(出入口),交通设施服务;停车场;停车场出入口,108.8602221289735,34.39574600574549,渭城区,108.864835,34.39422
B0M6JUECEU,博世力士乐(西安)电子传动与控制有限公司停车场,交通设施服务;停车场;公共停车场,108.8973309507279,34.38284117516094,未央区,108.901925,34.381275
B0M6P5LMVT,华清园·文津观澜内部地下停车场,交通设施服务;停车场;专用停车场,108.87808146065736,34.40351156044236,渭城区,108.882679,34.401968
BV11412151,兰池大道·秦宫二路口(公交站),交通设施服务;公交车站;公交车站相关,108.87598256846265,34.39925291684577,渭城区,108.880581,34.397709
B0FFG6AJWB,长安大学渭水校区试验车辆(入口),交通设施服务;交通服务相关;交通服务相关,108.90197412771126,34.3763280850591,未央区,108.90657,34.374758
B0MB4KY3CX,秦汉小学停车场,交通设施服务;停车场;公共停车场,108.8780769294805,34.410064794211806,渭城区,108.882675,34.408525
B0MUS1ECSM,东晋桃源缙福源地上停车场,交通设施服务;停车场;公共停车场,108.87973024756823,34.37933346722257,未央区,108.884325,34.377775
B0L1MKFLOG,陕西穆堂香调味食品有限公司停车场,交通设施服务;停车场;公共停车场,108.89205065190065,34.3779262566731,未央区,108.896643,34.376359
B0KDURESVM,秦文明广场停车场(西出入口),交通设施服务;停车场;停车场出入口,108.85896540548842,34.39804883365666,渭城区,108.86358,34.396526
B0L31OX0JI,博世力士乐(西安)电子传动与控制有限公司停车场,交通设施服务;停车场;公共停车场,108.89765402678404,34.380326594743494,未央区,108.902248,34.378759
B0MUMRX99V,农业总公司加油站西南侧地上停车场,交通设施服务;停车场;公共停车场,108.90112930020894,34.38054281666851,未央区,108.905725,34.378975
BV10713733,秦汉新城管委会(公交站),交通设施服务;公交车站;公交车站相关,108.84790156457208,34.391992224697674,渭城区,108.852531,34.390484
B0L2ULFPW3,合悦华府1期停车场,交通设施服务;停车场;专用停车场,108.87735721401424,34.37673965847887,未央区,108.881953,34.375182
B0MAGUY2K6,滨河大道-路侧停车场,交通设施服务;停车场;路边停车场,108.85350501198248,34.37580145182146,未央区,108.858125,34.374275
B0MGXNWSG1,路侧停车场,交通设施服务;停车场;路边停车场,108.87988051928704,34.37683494161778,未央区,108.884475,34.375275
B0GU1HWJU3,石羊工业园停车场,交通设施服务;停车场;停车场相关,108.8911984912766,34.38088430058227,未央区,108.895791,34.379319
B0L1F7ZCQN,桃李食品有限公司停车场,交通设施服务;停车场;公共停车场,108.89112933654134,34.382863197554016,未央区,108.895722,34.381299
B0FFIKZGP5,停车场(草滩五路),交通设施服务;停车场;公共停车场,108.88511006859632,34.38011927343236,未央区,108.889703,34.378557
B0M6VPHYXQ,西安高级中学(博爱校区)停车场,交通设施服务;停车场;公共停车场,108.87432751772572,34.37378114195311,未央区,108.878925,34.372225
B0IDZS5TCV,西安经开第一中学地面停车场(出入口),交通设施服务;停车场;停车场出入口,108.88492803102416,34.38006517732237,未央区,108.889521,34.378503
BV09349360,长陵怀古三义村(公交站),交通设施服务;公交车站;公交车站相关,108.87301639359468,34.41307582919968,渭城区,108.877618,34.411543
B0ID7CDV6U,地面停车场,交通设施服务;停车场;公共停车场,108.89035206282792,34.37430144213222,未央区,108.894944,34.372733
B0FFK0GW0A,草滩刘家沟兰池生态休闲观光园地面停车场,交通设施服务;停车场;公共停车场,108.87284913775746,34.414674709516454,渭城区,108.877451,34.413143
B0FFIKZFF1,停车场,交通设施服务;停车场;公共停车场,108.88542111680138,34.38036535175035,未央区,108.890014,34.378803
BV09015554,刘家沟(公交站),交通设施服务;公交车站;公交车站相关,108.87970245134176,34.41384708551062,渭城区,108.8843,34.412308
B0IUSA9WMZ,101县道-道路停车位,交通设施服务;停车场;路边停车场,108.85159289140351,34.40573873858818,渭城区,108.856218,34.404232
B0GUJRRYAC,草滩三路-路侧停车位,交通设施服务;停车场;停车场相关,108.8920714082245,34.38092165140147,未央区,108.896664,34.379356
B0MB5BK5Y4,尚林路-路侧停车场,交通设施服务;停车场;公共停车场,108.8795060333316,34.380665549184826,未央区,108.884101,34.379108
B0MUFXI7GG,滨渭路东段北侧停车场,交通设施服务;停车场;路边停车场,108.89071852782196,34.405586336534995,渭城区,108.895313,34.404035
B0KDCSO2I4,秦文明广场停车场(出入口),交通设施服务;停车场;停车场出入口,108.8642414442322,34.3991308507333,渭城区,108.86885,34.397601
B0HUV73H4H,兰池大厦停车场(出入口),交通设施服务;停车场;停车场出入口,108.85077954321804,34.39554414904183,渭城区,108.855405,34.394033
B0L25DCIDS,陕西煤田地质草滩生活基地地面停车场(出入口),交通设施服务;停车场;停车场出入口,108.89386841115444,34.377338245331806,未央区,108.898461,34.37577
B0L3CKIBPZ,合悦华府2期地下停车场,交通设施服务;停车场;专用停车场,108.87814459209368,34.37750000363289,未央区,108.88274,34.375942
B0L2LOQ86X,西安得利斯食品有限公司停车场,交通设施服务;停车场;公共停车场,108.89442113165896,34.379306365232594,未央区,108.899014,34.377739
B0MUAR2Q7I,旭辉江山阅宸阅地上停车场,交通设施服务;停车场;专用停车场,108.88768000529892,34.41097164310466,渭城区,108.892275,34.409425
B0MBFD5S93,西安小六饮食(集团)股份有限公司西南侧停车场,交通设施服务;停车场;公共停车场,108.88823248818024,34.380788860264005,未央区,108.892825,34.379225
B0MBZAC8VV,白桦林天成地上停车场,交通设施服务;停车场;公共停车场,108.89388182413272,34.384589329063736,未央区,108.898475,34.383025
B0M66M9UCE,西安迅达电缆制造有限公司停车场,交通设施服务;停车场;公共停车场,108.89718155110631,34.37609478182017,未央区,108.901775,34.374525
B0M6RH16YY,人民日报西安印务中心住宅小区停车场,交通设施服务;停车场;公共停车场,108.89563183324698,34.37904285094845,未央区,108.900225,34.377475
B0MUDLJVU9,陕西英科实业有限公司地上停车场,交通设施服务;停车场;公共停车场,108.89885243936529,34.381195301009086,未央区,108.903447,34.379628
B0IDZ556YY,内部地下停车场,交通设施服务;停车场;专用停车场,108.88038442547996,34.38083822680591,未央区,108.884979,34.37928
B0MAOXKT4S,天隆科技-地下停车场,交通设施服务;停车场;公共停车场,108.87512766696828,34.37872934377303,未央区,108.879725,34.377175
B0FFH2GKKZ,西安经开第一小学停车场(出入口),交通设施服务;停车场;停车场出入口,108.88718231226024,34.38164378508676,未央区,108.891775,34.380081
B0FFMC2PZS,西安晋鹏实业停车场,交通设施服务;停车场;停车场相关,108.89036905397732,34.37440539490637,未央区,108.894961,34.372837
B0I0AR8V1O,御品轩(尚稷路)内部地面停车场(出入口),交通设施服务;停车场;停车场出入口,108.88743773909736,34.376729584063625,未央区,108.89203,34.375164
B001D0WTEZ,长安大学渭水校区停车场,交通设施服务;停车场;专用停车场,108.90244904078116,34.37362651319462,未央区,108.907045,34.372055
B0IDDS83YA,西安市公安局交通管理支队经开大队草滩中队地面停车场(出入口),交通设施服务;停车场;停车场出入口,108.89746347542577,34.37569404850985,未央区,108.902057,34.374124
B0J3VC7NDX,地面停车场,交通设施服务;停车场;公共停车场,108.85117420042546,34.394482403672406,渭城区,108.855799,34.39297
B0IUSA9PSS,泾渭大道-道路停车位,交通设施服务;停车场;路边停车场,108.85360956717594,34.40781586555893,渭城区,108.858232,34.406307
B0IUSA8VMS,101县道-道路停车位,交通设施服务;停车场;路边停车场,108.852564222494,34.40636498805525,渭城区,108.857188,34.404857
BV10575843,柏家咀(公交站),交通设施服务;公交车站;公交车站相关,108.8979069470076,34.417234831213726,渭城区,108.902504,34.415688
B0KDCSSQNC,秦文明广场停车场东(出入口),交通设施服务;停车场;停车场出入口,108.8642404417806,34.399147839769306,渭城区,108.868849,34.397618
B0LU6LONH1,松速物流停车场,交通设施服务;停车场;公共停车场,108.88857702448264,34.37442246674924,未央区,108.893169,34.372855
B0GU16VP5J,草滩二路-路侧停车位,交通设施服务;停车场;停车场相关,108.89915010095172,34.3836540010312,未央区,108.903745,34.382088
B0MUD1LO2O,停车场,交通设施服务;停车场;停车场相关,108.85295171344949,34.40703324120324,渭城区,108.857575,34.405525
B0L2H1AWJ6,西安古都放心早餐工程有限公司停车场,交通设施服务;停车场;公共停车场,108.8880373986672,34.38170325501481,未央区,108.89263,34.38014
BV10292668,刘家沟(公交站),交通设施服务;公交车站;公交车站相关,108.86920729939784,34.41230080092023,渭城区,108.873812,34.410772
B0MBFD50B6,农垦家园小区西北侧停车场,交通设施服务;停车场;公共停车场,108.89833086738894,34.37879352779357,未央区,108.902925,34.377225
B0IA97SYXS,东西十路-道路停车位,交通设施服务;停车场;路边停车场,108.846427200348,34.393409874263746,渭城区,108.851059,34.391905
B0MUUOZ99E,兰池二路东段-路侧停车场,交通设施服务;停车场;路边停车场,108.90407463453278,34.41417379524803,渭城区,108.908675,34.412625
B0L0T1BMIV,农垦家园小区停车场,交通设施服务;停车场;公共停车场,108.89957815785829,34.38034483699716,未央区,108.904173,34.378777
B0I1CCCB54,地面停车场(出口),交通设施服务;停车场;停车场出口,108.88615347400236,34.39010551425772,未央区,108.890747,34.388548
B0MAR74MZH,鹰之航航空科技园地上停车场,交通设施服务;停车场;公共停车场,108.84976280133326,34.37397619881333,未央区,108.854388,34.372455
B0ID7CEBHV,地面停车场(出入口),交通设施服务;停车场;停车场出入口,108.89062609257245,34.37381483025455,未央区,108.895218,34.372246
B0MGDPOOAT,晋鹏公司停车场,交通设施服务;停车场;公共停车场,108.8915500274749,34.37388520622368,未央区,108.896142,34.372316
B0HUV739G2,兰池大厦地下停车场(入口),交通设施服务;停车场;停车场入口,108.8508656347855,34.395956063013735,渭城区,108.855491,34.394445
B0IDZS737J,地面停车场(出入口),交通设施服务;停车场;停车场出入口,108.89027980264594,34.3775546694032,未央区,108.894872,34.375988
B0IU37IGZX,西安交通大学城市学院地面停车场(出入口),交通设施服务;停车场;停车场出入口,108.85361417531044,34.37565370838409,未央区,108.858234,34.374127
B0M6P5MAN0,华清园·文津观澜内部地下停车场(入口),交通设施服务;停车场;停车场入口,108.87893806176326,34.40163842123581,渭城区,108.883535,34.400093
B0MUDRJZHF,停车场,交通设施服务;停车场;停车场相关,108.86947020384189,34.416401729848786,渭城区,108.874075,34.414875
B0JU9UF9N8,旭辉江山阅·竹苑内部地下停车场(入口),交通设施服务;停车场;停车场入口,108.88501645813268,34.412234214595166,渭城区,108.889612,34.41069
B0MB6UNU28,草滩二路-路侧停车场,交通设施服务;停车场;公共停车场,108.90162920714512,34.377994194789835,未央区,108.906225,34.376425
B0HUV73H4I,兰池大厦停车场(出入口),交通设施服务;停车场;停车场出入口,108.85201123494188,34.39652665366043,渭城区,108.856635,34.395014
B0LKBKS540,布勒设备(西安)有限公司停车场,交通设施服务;停车场;公共停车场,108.88313190296184,34.37548832922662,未央区,108.887725,34.373925
B0LK5XVEZB,德联集团(草滩三路)地上停车场,交通设施服务;停车场;公共停车场,108.89366450239864,34.37671051291004,未央区,108.898257,34.375142
BV09306582,临时站(公交站),交通设施服务;公交车站;公交车站相关,108.84990049151249,34.39266627064693,渭城区,108.854527,34.391155
B0MR6X1ZCX,高科电力电子停车场,交通设施服务;停车场;公共停车场,108.89204594300038,34.37431918283156,未央区,108.896638,34.37275
B0MUV6UY67,中天诚品北区地上停车场,交通设施服务;停车场;专用停车场,108.85190084617376,34.39938586218556,渭城区,108.856525,34.397875
B0MUDRJUN4,停车场,交通设施服务;停车场;停车场相关,108.86851937171768,34.41600078471958,渭城区,108.873125,34.414475
B0IDZ56GUB,内部地下停车场(出入口),交通设施服务;停车场;停车场出入口,108.88038442547996,34.38083822680591,未央区,108.884979,34.37928
B0IDA729L4,地面停车场(出入口),交通设施服务;停车场;停车场出入口,108.8808650782266,34.38772388451438,未央区,108.88546,34.386169
B0FFIL6NIY,停车场(北象道),交通设施服务;停车场;公共停车场,108.8843129220682,34.37951604062022,未央区,108.888906,34.377954
B0J3VC7UL1,地面停车场(出入口),交通设施服务;停车场;停车场出入口,108.85117420042546,34.394482403672406,渭城区,108.855799,34.39297
B0M6P5LFDR,华清园·文津观澜内部地下停车场(出入口),交通设施服务;停车场;停车场出入口,108.87748405382388,34.40443146544968,渭城区,108.882082,34.402889
B0HUV724BQ,兰池大厦地下停车场(出口),交通设施服务;停车场;停车场出口,108.85199724470566,34.39615983606027,渭城区,108.856621,34.394647
B0HB3B85CG,停车场(出入口),交通设施服务;停车场;停车场出入口,108.88307484238072,34.37601400505716,未央区,108.887668,34.374451
B001D09TZP,西安北站,交通设施服务;火车站;火车站,108.93411267081804,34.37820555430231,未央区,108.938757,34.37666
BV09048794,西安北站(地铁站),交通设施服务;地铁站;地铁站,108.93412342372598,34.380934068250944,未央区,108.938768,34.37939
B0FFH95FWS,西安北站(东进站口),交通设施服务;火车站;进站口/检票口,108.93463147649184,34.377707068637584,未央区,108.939277,34.376162
B0HUVZ2NRU,西安北站(西进站口),交通设施服务;火车站;进站口/检票口,108.93304524649494,34.377235588795806,未央区,108.937687,34.375688
BV09084145,红会医院北区(地铁站),交通设施服务;地铁站;地铁站,108.9405809344088,34.39498116937329,未央区,108.945243,34.393455
B0GRBKC4K8,西安北站(北进站口),交通设施服务;火车站;进站口/检票口,108.93305301810078,34.379827184625015,未央区,108.937695,34.378281
B0I14DB5JY,西安北站东停车楼,交通设施服务;停车场;公共停车场,108.93697848625824,34.3805619824918,未央区,108.94163,34.379022
B0I14D9NZZ,西安北站西停车楼,交通设施服务;停车场;公共停车场,108.92993006210972,34.378860855680976,未央区,108.934565,34.37731
B0FFL3H8VF,西安北站北广场停车场,交通设施服务;停车场;公共停车场,108.93327935357588,34.38154993661378,未央区,108.937922,34.380005
BV09144191,草滩(地铁站),交通设施服务;地铁站;地铁站,108.9548284141073,34.4003789255933,未央区,108.959534,34.398884
BV10863159,渭河南(地铁站),交通设施服务;地铁站;地铁站,108.91861071729026,34.3939790312345,未央区,108.923226,34.392425
BV11567278,文景山公园(地铁站),交通设施服务;地铁站;地铁站,108.94591288596612,34.38283919018247,未央区,108.950589,34.381316
B0FFIMYSFZ,西安北站(北出站口),交通设施服务;火车站;出站口,108.93340220060168,34.37991364793115,未央区,108.938045,34.378368
BV11105330,西安北站北广场(公交站),交通设施服务;公交车站;公交车站相关,108.93253400052782,34.38242050059838,未央区,108.937175,34.380875
B0FFKFX05G,西安北客站大巴停车场,交通设施服务;停车场;停车场相关,108.93906353887463,34.37562828774586,未央区,108.94372,34.374089
B0JRZA1L63,西安市红会医院北院区地下停车场,交通设施服务;停车场;公共停车场,108.94567794204536,34.3906153770068,未央区,108.950354,34.389096
B0FFFDBNKQ,西安北站(南进站口),交通设施服务;火车站;进站口/检票口,108.93467854719567,34.375449208004774,未央区,108.939324,34.373903
B0FFIKZ7YF,文景山公园停车场,交通设施服务;停车场;公共停车场,108.94296614948878,34.385471237230384,未央区,108.947634,34.383944
B0L6DUYUI5,西安北站-东落客平台,交通设施服务;交通服务相关;交通服务相关,108.93491681593372,34.37740581107743,未央区,108.939563,34.375861
B0G3AAC53H,西安地铁4号线草滩停车场,交通设施服务;停车场;公共停车场,108.91752257771536,34.39125434517505,未央区,108.922136,34.389698
BX09903176,红会医院北区地铁站D口,交通设施服务;地铁站;出入口,108.9418314689619,34.39571958901429,未央区,108.946497,34.394196
B0FFFSPV9M,西安北站(南出站口),交通设施服务;火车站;出站口,108.9342795072762,34.37534884276815,未央区,108.938924,34.373802
BV09346761,西安北站南广场(公交站),交通设施服务;公交车站;公交车站相关,108.93860265543914,34.37666548789825,未央区,108.943258,34.375126
BX09903178,红会医院北区地铁站C口,交通设施服务;地铁站;出入口,108.94227129628554,34.395192106992525,未央区,108.946938,34.393669
B0KGDSRGX1,秦文路公共地面停车场,交通设施服务;停车场;公共停车场,108.93254676919004,34.38491012820401,未央区,108.937188,34.383366
BV11402307,西安高铁站(公交站),交通设施服务;公交车站;公交车站相关,108.93812295762628,34.375885681121574,未央区,108.942777,34.374345
B0J6U7M6H2,盈顺地面停车场,交通设施服务;停车场;公共停车场,108.92254133743074,34.38058405061394,未央区,108.927162,34.379026
B0I14D8MSY,西安北站西停车楼网约车上客区,交通设施服务;上下客区;网约车,108.92911082504868,34.378606011767985,未央区,108.933744,34.377054
BX09903177,红会医院北区地铁站A口,交通设施服务;地铁站;出入口,108.9400712859884,34.395156936473626,未央区,108.944732,34.39363
BX09903175,红会医院北区地铁站B口,交通设施服务;地铁站;出入口,108.9397811258818,34.39432289024116,未央区,108.944441,34.392795
B0FFHJHYQ9,西安北站(B2-B3检票口),交通设施服务;火车站;进站口/检票口,108.93403402223102,34.376168759059844,未央区,108.938678,34.374622
B0IU5AVEI0,西安雨润农产品全球采购中心北地面停车场,交通设施服务;停车场;公共停车场,108.91771870211772,34.38612003210497,未央区,108.922332,34.384561
B0H0K9TTDC,西安北站-南广场停车场,交通设施服务;停车场;公共停车场,108.93901765053847,34.375731308257194,未央区,108.943674,34.374192
B0H3TCMJA5,西安北站南广场地下停车场(东入口),交通设施服务;停车场;停车场入口,108.93615008653794,34.37396979499678,未央区,108.940799,34.372425
BV11370864,西咸车管所(公交站),交通设施服务;公交车站;公交车站相关,108.91387375303364,34.41412962675395,渭城区,108.918484,34.412584
BV11109018,正阳大道尚稷路口(公交站),交通设施服务;公交车站;公交车站相关,108.94417286839597,34.3959932114937,未央区,108.948845,34.394474
B0FFHJHYQ4,西安北站(B32-B33检票口),交通设施服务;火车站;进站口/检票口,108.93297127143462,34.379032726638684,未央区,108.937613,34.377486
BX10026327,西安北站地铁站B西南口,交通设施服务;地铁站;出入口,108.93359970652686,34.38031815015299,未央区,108.938243,34.378773
B0FFHJHYQ0,西安北站(A6-A7检票口),交通设施服务;火车站;进站口/检票口,108.93456571099335,34.37675667414486,未央区,108.939211,34.375211
BV11211792,尚苑路草滩一路口(公交站),交通设施服务;公交车站;公交车站相关,108.90672840035316,34.37793165661842,未央区,108.911328,34.376363
BV11222650,杜家堡欣苑小区(公交站),交通设施服务;公交车站;公交车站相关,108.96326957049894,34.379842267103335,未央区,108.968003,34.378356
BX09900641,西安北站地铁站东3入口,交通设施服务;地铁站;出入口,108.93443801915812,34.37671488262512,未央区,108.939083,34.375169
B0FFHJHYQ3,西安北站(B12-B13检票口),交通设施服务;火车站;进站口/检票口,108.93367977855962,34.377121755625126,未央区,108.938323,34.375575
B0FFHJHYPH,西安北站(A2-A3检票口),交通设施服务;火车站;进站口/检票口,108.93472037460305,34.376339670945285,未央区,108.939366,34.374794
BX10026328,西安北站地铁站A西北口,交通设施服务;地铁站;出入口,108.933309316396,34.38115011087594,未央区,108.937952,34.379605
BX09908553,文景山公园地铁站A口,交通设施服务;地铁站;出入口,108.94463564869264,34.38237485909839,未央区,108.949308,34.380849
BX10026329,西安北站地铁站D东北口,交通设施服务;地铁站;出入口,108.93475088112014,34.3815128423056,未央区,108.939397,34.37997
BX09908554,文景山公园地铁站D口,交通设施服务;地铁站;出入口,108.94720802347962,34.38294262004446,未央区,108.951888,34.381422
B0FFHJHYPD,西安北站(A12-A13检票口),交通设施服务;火车站;进站口/检票口,108.9343761216877,34.37726767647745,未央区,108.939021,34.375722
B0FFL9WIUT,西安北站北广场停车场(入口),交通设施服务;停车场;停车场入口,108.93256001677597,34.381487970277576,未央区,108.937201,34.379942
BX09903488,草滩地铁站A口,交通设施服务;地铁站;出入口,108.95428820986476,34.40037912831694,未央区,108.958992,34.398883
B0FFIVFG07,西安北站商务座候车区,交通设施服务;火车站;候车室,108.9330941484124,34.37705061961096,未央区,108.937736,34.375503
B0K2JH5OLW,西安晟隆停车场,交通设施服务;停车场;公共停车场,108.92421661399231,34.38938561562995,未央区,108.928841,34.387834
B0FFJ2IWJZ,停车场,交通设施服务;交通服务相关;交通服务相关,108.93876825622029,34.37628342215706,未央区,108.943424,34.374744
B0FFHFC2ZJ,西安北站(A14-A15检票口),交通设施服务;火车站;进站口/检票口,108.93427833487137,34.37750569066143,未央区,108.938923,34.37596
BV11001466,秦汉大道西铜立交西(公交站),交通设施服务;公交车站;公交车站相关,108.9566193346133,34.38870238660021,未央区,108.96133,34.387205
B0I14DBSO0,西安北站西停车楼出租车蓄车场,交通设施服务;停车场;专用停车场,108.92842328116672,34.378341986330014,未央区,108.933055,34.376789
B0HR7ZPES4,高铁城北汽车分站,交通设施服务;长途汽车站;长途汽车站,108.93406053045403,34.38145187867458,未央区,108.938705,34.379908
B0I14D7GQB,西安北站东停车楼(东入口),交通设施服务;停车场;停车场入口,108.93794902482216,34.380546456314605,未央区,108.942603,34.379008
BX09903486,草滩地铁站D口,交通设施服务;地铁站;出入口,108.95506055123752,34.40144580134903,未央区,108.959767,34.399952
B0FFHJHYPR,西安北站(B26-B27检票口),交通设施服务;火车站;进站口/检票口,108.93317684083829,34.3784797369396,未央区,108.937819,34.376933
BV11603740,明光路秦汉大道口(公交站),交通设施服务;公交车站;公交车站相关,108.92401182589576,34.37906644469769,未央区,108.928635,34.377509
BV10572686,西一村东(公交站),交通设施服务;公交车站;公交车站相关,108.91406974713573,34.37397291101993,未央区,108.918677,34.372405
B0FFHJHYQK,西安北站候车区,交通设施服务;火车站;候车室,108.9328775588714,34.37815332980894,未央区,108.937519,34.376606
B0FFHFC308,西安北站(B34检票口),交通设施服务;火车站;进站口/检票口,108.932826573316,34.379420718747674,未央区,108.937468,34.377874
BX10027783,渭河南地铁站A西南口,交通设施服务;地铁站;出入口,108.91822133263906,34.39371946822544,未央区,108.922836,34.392165
B0KUSUQB3W,尚华路便民地面停车场,交通设施服务;停车场;公共停车场,108.94395966849956,34.393660907784984,未央区,108.948631,34.39214
BX09900635,西安北站地铁站北入口,交通设施服务;地铁站;出入口,108.93382737954126,34.37776719905898,未央区,108.938471,34.376221
BV09335144,红会医院北区(公交站),交通设施服务;公交车站;公交车站相关,108.94676078441704,34.390027613951624,未央区,108.95144,34.38851
B0J3DMDZG0,天宇通达大型停车场,交通设施服务;停车场;公共停车场,108.96013324539014,34.37507051494764,未央区,108.964855,34.373574
BV11483442,正阳大道·尚稷路口(公交站),交通设施服务;公交车站;公交车站相关,108.94270597123833,34.39659554563058,未央区,108.947374,34.395074
B0IU6UQ1LU,陕西省消防救援总队训练与战勤保障支队地面停车场,交通设施服务;停车场;公共停车场,108.95400415896805,34.38806262706371,未央区,108.958706,34.386559
B0KDLZR0EZ,尚宏驿停车场,交通设施服务;停车场;公共停车场,108.90896384423992,34.395779256030345,未央区,108.913567,34.394221
B0FFKW0PBE,渭河南站,交通设施服务;交通服务相关;交通服务相关,108.91944334437824,34.3948948721453,未央区,108.92406,34.393342
B0GRBKDLQ8,西安北站(实名制验票处),交通设施服务;火车站;进站口/检票口,108.93306798495388,34.37980917343924,未央区,108.93771,34.378263
BX10027784,渭河南地铁站B东南口,交通设施服务;地铁站;出入口,108.91918184992456,34.3937387240298,未央区,108.923798,34.392185
BV11677594,中南紫云集(公交站),交通设施服务;公交车站;公交车站相关,108.90579131696327,34.38895485257795,未央区,108.910391,34.387392
B0FFHJHYPQ,西安北站(B14-B15检票口),交通设施服务;火车站;进站口/检票口,108.93359495862916,34.37735075340537,未央区,108.938238,34.375804
B0FFHJHYPV,西安北站(B22-B23检票口),交通设施服务;火车站;进站口/检票口,108.9333155491275,34.37810574311628,未央区,108.937958,34.376559
B0FFHJHYPW,西安北站(B4-B5检票口),交通设施服务;火车站;进站口/检票口,108.93397315271136,34.37633175933296,未央区,108.938617,34.374785
B0JBNL0IA0,西铁速行停车场,交通设施服务;停车场;公共停车场,108.94089945548583,34.378026911784936,未央区,108.945561,34.376492
B0H0B14YMB,西安北站南广场大巴停车场(出入口),交通设施服务;停车场;停车场出入口,108.93835338688808,34.37560445962892,未央区,108.943008,34.374064
B0FFHJHYPX,西安北站(A4-A5检票口),交通设施服务;火车站;进站口/检票口,108.93465052661767,34.376528672180086,未央区,108.939296,34.374983
B0JUTA7L7Z,奥达文景观园DK-2内部地下停车场,交通设施服务;停车场;专用停车场,108.94682296410372,34.38555395101013,未央区,108.951502,34.384034
BX09903489,草滩地铁站B口,交通设施服务;地铁站;出入口,108.95445371344886,34.39973912267912,未央区,108.959158,34.398243
BV10072330,华山分厂(公交站),交通设施服务;公交车站;公交车站相关,108.9599050114946,34.39990042784206,未央区,108.964628,34.398417
B0MDGZOBPO,西安北站非机动车停车棚,交通设施服务;交通服务相关;交通服务相关,108.93425802674687,34.38189235510587,未央区,108.938903,34.380349
B0FFHJHYPI,西安北站(A24-A25检票口),交通设施服务;火车站;进站口/检票口,108.93394205494258,34.37843867427716,未央区,108.938586,34.376893
B0FFHJHYQB,西安北站(B6-B7检票口),交通设施服务;火车站;进站口/检票口,108.93387935325974,34.376584758407944,未央区,108.938523,34.375038
BV11199337,兰池佳苑(公交站),交通设施服务;公交车站;公交车站相关,108.90835185126625,34.41557910811394,渭城区,108.912956,34.414032
B0FFH62TA1,龙记国会山停车场,交通设施服务;停车场;公共停车场,108.96493365074882,34.377339418901286,未央区,108.969673,34.375856
B0MGOZV7JJ,西安北站东北侧停车场,交通设施服务;停车场;公共停车场,108.93871900365532,34.38096198671345,未央区,108.943375,34.379425
BV11579208,建元二路元朔大道口(公交站),交通设施服务;公交车站;公交车站相关,108.95146536772684,34.37629250481586,未央区,108.956158,34.374777
B0FFHJHYPT,西安北站(B16-B17检票口),交通设施服务;火车站;进站口/检票口,108.93354007488082,34.37749975132969,未央区,108.938183,34.375953
B0FFG63YBO,西安北站行政贵宾厅停车场,交通设施服务;停车场;专用停车场,108.93638233472188,34.37614228093192,未央区,108.941032,34.374599
B0I14DBKZM,西安北站东停车楼网约车上客区,交通设施服务;上下客区;网约车,108.93790512576548,34.380687450385324,未央区,108.942559,34.379149
BV11104679,文景山公园(公交站),交通设施服务;公交车站;公交车站相关,108.94181252074304,34.3834553899459,未央区,108.946477,34.381925
B0FFHJHYPZ,西安北站(B24-B25检票口),交通设施服务;火车站;进站口/检票口,108.93325467743908,34.37826774167154,未央区,108.937897,34.376721
BV09262100,红会医院北院地铁站(公交站),交通设施服务;公交车站;公交车站相关,108.94265510716484,34.396671594104234,未央区,108.947323,34.39515
B0JUTA46SW,奥达文景观园DK-1内部地下停车场,交通设施服务;停车场;专用停车场,108.94241987474928,34.383033544658666,未央区,108.947086,34.381504
B0KD2SQY0P,天宇通达停车场,交通设施服务;停车场;公共停车场,108.9600654771793,34.375168625538784,未央区,108.964787,34.373672
BV11043606,尚苑路尚宏路口(公交站),交通设施服务;公交车站;公交车站相关,108.91380760098038,34.37993786004185,未央区,108.918415,34.378373
B0FFHJHYPU,西安北站(B20-B21检票口),交通设施服务;火车站;进站口/检票口,108.93339937252172,34.377877747431604,未央区,108.938042,34.376331
B0FFHFC30A,西安北站(B1检票口),交通设施服务;火车站;进站口/检票口,108.93416773525335,34.37580675989167,未央区,108.938812,34.37426
B0FFHJHYP6,西安北站(A18-A19检票口),交通设施服务;火车站;进站口/检票口,108.93413663802993,34.377910678109544,未央区,108.938781,34.376365
B0FFHJHYPE,西安北站(A26-A27检票口),交通设施服务;火车站;进站口/检票口,108.9338532449026,34.37867567401939,未央区,108.938497,34.37713
BV09063521,文景山公园地铁站(公交站),交通设施服务;公交车站;公交车站相关,108.94450201564058,34.382599986174306,未央区,108.949174,34.381074
B0MBA7A6FW,陕西交控培训中心地上停车场,交通设施服务;停车场;公共停车场,108.90942474393654,34.39119865200458,未央区,108.914028,34.389638
B0IR9AM585,西安北站行政贵宾厅,交通设施服务;火车站;候车室,108.93565512327116,34.37618536409901,未央区,108.940303,34.374641
B0HKGAE5YT,尚北铭城内部停车场,交通设施服务;停车场;专用停车场,108.9620472244367,34.38938409356088,未央区,108.966777,34.3879
B0FFHJHYQ2,西安北站(A8-A9检票口),交通设施服务;火车站;进站口/检票口,108.93450584091474,34.37691767527811,未央区,108.939151,34.375372
B0FFHJHYQ7,西安北站(B28-B29检票口),交通设施服务;火车站;进站口/检票口,108.93310598962344,34.378668734494525,未央区,108.937748,34.377122
BV09044741,建元二路秦汉大道口(公交站),交通设施服务;公交车站;公交车站相关,108.9476125331135,34.38625901318733,未央区,108.952294,34.384741
B0FFHJHYP8,西安北站(A22-A23检票口),交通设施服务;火车站;进站口/检票口,108.93399194827693,34.37830267577664,未央区,108.938636,34.376757
B0FFHJHYP4,西安北站(A10-A11检票口),交通设施服务;火车站;进站口/检票口,108.93443599224454,34.377105676278504,未央区,108.939081,34.37556
B0FFHJHYOA,西安北站10-11站台,交通设施服务;火车站;站台,108.93418359667824,34.377050071882195,未央区,108.938828,34.375504
B0FFHJHYOJ,西安北站(铁路到达口9),交通设施服务;火车站;出站口,108.93378736119465,34.379151512085684,未央区,108.938431,34.377606
B0FFHJHYP9,西安北站(A16-A17检票口),交通设施服务;火车站;进站口/检票口,108.93422145551668,34.37768267801369,未央区,108.938866,34.376137
BX10026326,西安北站地铁站C东南口,交通设施服务;地铁站;出入口,108.93505721130926,34.380679841221294,未央区,108.939704,34.379137
B0FFHJHYPO,西安北站(B18-B19检票口),交通设施服务;火车站;进站口/检票口,108.93345026500448,34.3777407491078,未央区,108.938093,34.376194
BV11492187,尚林路尚宏路口(公交站),交通设施服务;公交车站;公交车站相关,108.90986647168307,34.388854789525105,未央区,108.91447,34.387293
BV11581318,建元路元朔大道口(公交站),交通设施服务;公交车站;公交车站相关,108.94370086880636,34.37572216930188,未央区,108.94837,34.374191
B0FFHJHYQ1,西安北站(B10-B11检票口),交通设施服务;火车站;进站口/检票口,108.93374064899658,34.37695875627133,未央区,108.938384,34.375412
B0IR9ZNV8T,西安北站北贵宾厅,交通设施服务;火车站;候车室,108.93490166555276,34.379705596908195,未央区,108.939548,34.378162
BV10983457,肖家村南(公交站),交通设施服务;公交车站;公交车站相关,108.92305521862022,34.42022513286432,渭城区,108.92768,34.41869
B0FFHJHYPK,西安北站(A20-A21检票口),交通设施服务;火车站;进站口/检票口,108.934076766474,34.3780736768496,未央区,108.938721,34.376528
BV09453807,西安涉外职业高中南门(公交站),交通设施服务;公交车站;公交车站相关,108.91703373227443,34.41055175613568,渭城区,108.921648,34.409006
B0FFHH8PKG,西安北站出租车停车场,交通设施服务;停车场;专用停车场,108.93623890069064,34.373553880328515,未央区,108.940888,34.372009
B0HGYLX2QF,西安北站北广场停车场(出口),交通设施服务;停车场;停车场出口,108.93388690911536,34.38183392092878,未央区,108.938531,34.38029
BX09900639,西安北站地铁站西2出口,交通设施服务;地铁站;出入口,108.93392123641488,34.37680857862093,未央区,108.938565,34.375262
BV09188412,建元二路元康路口(公交站),交通设施服务;公交车站;公交车站相关,108.94986556635416,34.37451879761163,未央区,108.954553,34.372999
BX09918560,西安北站地铁站南出口,交通设施服务;地铁站;出入口,108.93442908866504,34.37612121319138,未央区,108.939074,34.374575
B0FFHJHYPB,西安北站(A28-A29检票口),交通设施服务;火车站;进站口/检票口,108.93380235347703,34.37881267304876,未央区,108.938446,34.377267
B0FFHJHYPS,西安北站(B30-B31检票口),交通设施服务;火车站;进站口/检票口,108.93303214409448,34.378869729512324,未央区,108.937674,34.377323
B0FFHJHYQ8,西安北站(B8-B9检票口),交通设施服务;火车站;进站口/检票口,108.93381948099174,34.376746757307174,未央区,108.938463,34.3752
B0FFHJHYOR,西安北站(A1检票口),交通设施服务;火车站;进站口/检票口,108.93451889103127,34.37591719144777,未央区,108.939164,34.374371
B0IU6UNKRF,陕西省消防救援总队训练与战勤保障支队地面停车场(出入口),交通设施服务;停车场;停车场出入口,108.95400415896805,34.38806262706371,未央区,108.958706,34.386559
BV11281533,文景路尚稷路口(公交站),交通设施服务;公交车站;公交车站相关,108.92701518193309,34.39017218003223,未央区,108.931645,34.388624
B0FFHJHYPY,西安北站(A32-A33检票口),交通设施服务;火车站;进站口/检票口,108.93365766140217,34.379202669295665,未央区,108.938301,34.377657
B0L0HAQ6V0,西安博越停车场,交通设施服务;停车场;公共停车场,108.94342794322132,34.396562259832635,未央区,108.948098,34.395042
B0I0HSRDIN,未央锦城小区西门停车场(入口),交通设施服务;停车场;停车场相关,108.96244372619306,34.37800930596561,未央区,108.967174,34.37652
B0HKUCXE0X,雅荷·盛世名城停车场,交通设施服务;停车场;公共停车场,108.95809584516006,34.393776152784746,未央区,108.962812,34.392285
B0J1ZSN5O6,西安北站(进站口102F·北),交通设施服务;火车站;进站口/检票口,108.93276468845636,34.37975462449213,未央区,108.937406,34.378208
B0JDP5N7YQ,迪美物业文景山公园站地面停车场,交通设施服务;停车场;公共停车场,108.9455519671243,34.38258301854584,未央区,108.950227,34.381059
BX09900634,西安北站地铁站东2入口,交通设施服务;地铁站;出入口,108.93431328543711,34.377091861863015,未央区,108.938958,34.375546
BV11571044,农场东站(公交站),交通设施服务;公交车站;公交车站相关,108.92181223890516,34.38504629758467,未央区,108.926432,34.38349
B001D0WSDD,雨润·星雨华府(停车场入口),交通设施服务;停车场;停车场入口,108.91369395233788,34.37737430008559,未央区,108.918301,34.375808
BV11280640,渭河家苑小区(公交站),交通设施服务;公交车站;公交车站相关,108.93288840061447,34.39210769447876,未央区,108.937531,34.390568
BV11148069,尚稷路尚宏路口(公交站),交通设施服务;公交车站;公交车站相关,108.911821740655,34.38340497165141,未央区,108.916427,34.381841
BV09419142,正阳大道尚稷路地铁口(公交站),交通设施服务;公交车站;公交车站相关,108.94270597123833,34.39659554563058,未央区,108.947374,34.395074
B0I2MHBP68,东站便民停车场,交通设施服务;停车场;公共停车场,108.92147660462152,34.38758920573671,未央区,108.926096,34.386034
B0IKZAQXA9,城北客运站补客点,交通设施服务;交通服务相关;交通服务相关,108.93394480604316,34.38142306049801,未央区,108.938589,34.379879
B0K165KIXO,秦文路公共地面停车场(出入口),交通设施服务;停车场;停车场出入口,108.93200402974036,34.38457005338058,未央区,108.936644,34.383025
B0I14DBSNZ,西安北站东停车楼(西入口),交通设施服务;停车场;停车场入口,108.93652760163914,34.380716598601694,未央区,108.941178,34.379176
BV11584743,建元一路元朔大道口(公交站),交通设施服务;公交车站;公交车站相关,108.9470282686341,34.37430062003793,未央区,108.951707,34.372775
BX09903487,草滩地铁站C口,交通设施服务;地铁站;出入口,108.9559456545906,34.4004753524688,未央区,108.960655,34.398983
B0FFHJHYPF,西安北站(A30-A31检票口),交通设施服务;火车站;进站口/检票口,108.93370855312524,34.37906667010825,未央区,108.938352,34.377521
B0LUUZQSQI,渭河南站停车场,交通设施服务;停车场;公共停车场,108.92004743026108,34.394252740962955,未央区,108.924665,34.3927
BV11280639,西安经开第三小学(公交站),交通设施服务;公交车站;公交车站相关,108.93026874951424,34.386033533725175,未央区,108.934905,34.384487
B0KUNLA0W7,西安北站(铁路出站口6东),交通设施服务;火车站;出站口,108.93381330143792,34.37913648314024,未央区,108.938457,34.377591
B0M6M5VIXE,城轨曦寓渭水驿东区停车场,交通设施服务;停车场;专用停车场,108.9420708673698,34.39499657135085,未央区,108.946737,34.393473
BV11312853,建元二路(公交站),交通设施服务;公交车站;公交车站相关,108.9474726942848,34.389456532445166,未央区,108.952154,34.38794
B0MGTL72IU,路侧停车场,交通设施服务;停车场;路边停车场,108.93063848116904,34.37942464747276,未央区,108.935275,34.377875
B0FFHJHYOG,西安北站26-27站台,交通设施服务;火车站;站台,108.93353499932738,34.37857618047555,未央区,108.938178,34.37703
BV09126952,建元二路(红会医院北区)(公交站),交通设施服务;公交车站;公交车站相关,108.94665011229948,34.39005481435638,未央区,108.951329,34.388537
B0L1AUJISS,西安地铁运营分公司渭河车辆段综合维修基地停车场,交通设施服务;停车场;公共停车场,108.94080636124288,34.39455102352392,未央区,108.945469,34.393025
B0KUNLB3MX,西安北站(铁路出站口5西),交通设施服务;火车站;出站口,108.93288148717892,34.378924909521395,未央区,108.937523,34.377378
BX09900637,西安北站地铁站东1入口,交通设施服务;地铁站;出入口,108.93421448852304,34.37747979691375,未央区,108.938859,34.375934
BX09918563,西安北站地铁站东4入口,交通设施服务;地铁站;出入口,108.93458369350216,34.37644281584778,未央区,108.939229,34.374897
BV11280758,尚稷路东段(公交站),交通设施服务;公交车站;公交车站相关,108.93497340751236,34.39305717847215,未央区,108.939621,34.391521
B0KUNLSC61,西安北站(铁路出站口9东),交通设施服务;火车站;出站口,108.93464351369065,34.37689448661949,未央区,108.939289,34.375349
B0FFH7CLG8,停车场(尚苑路),交通设施服务;停车场;公共停车场,108.91368392637148,34.37785304865357,未央区,108.918291,34.376287
B0I14D80IR,西安北站西停车楼(北入口),交通设施服务;停车场;停车场入口,108.9289042453714,34.378771175279965,未央区,108.933537,34.377219
B0I14DAILQ,西安北站东停车楼出租车上客区,交通设施服务;上下客区;出租车,108.93647575772836,34.38038385825848,未央区,108.941126,34.378843
BV11580404,龙朔路元朔大道口(公交站),交通设施服务;公交车站;公交车站相关,108.96249563007524,34.376890777378335,未央区,108.967226,34.375401
BV11104681,建元路元朔路口(公交站),交通设施服务;公交车站;公交车站相关,108.94331986972232,34.376685349313526,未央区,108.947988,34.375154
B0KUNLSZ9I,西安北站(铁路出站口1西),交通设施服务;火车站;出站口,108.93399712981122,34.37591694665449,未央区,108.938641,34.37437
BV11680213,草一社区(公交站),交通设施服务;公交车站;公交车站相关,108.9581367326268,34.393421254679176,未央区,108.962853,34.39193
B0KUNLC656,西安北站(铁路出站口2西),交通设施服务;火车站;出站口,108.93373169638924,34.376633942940614,未央区,108.938375,34.375087
B0KUNLMSRW,西安北站候车区,交通设施服务;火车站;候车室,108.93464846456968,34.37735323356005,未央区,108.939294,34.375808
B0IAT5RY9I,康师傅(西安)饮品有限公司地面停车场,交通设施服务;停车场;公共停车场,108.90629463201336,34.37975776763043,未央区,108.910894,34.37819
B0L3DL62Z2,铭鸿中心停车场,交通设施服务;停车场;公共停车场,108.94678494164263,34.37497273750271,未央区,108.951463,34.373447
B0H0KHONV3,西安雨润农产品全球采购中心停车场,交通设施服务;停车场;公共停车场,108.91739849604136,34.382158418404686,未央区,108.922011,34.380597
B0IDSUHYBE,地面停车场,交通设施服务;停车场;公共停车场,108.9638791659834,34.41832303044536,未央区,108.968618,34.41686
B0HKHHCAT8,兴隆苑停车场,交通设施服务;停车场;公共停车场,108.94718252436031,34.3899908091245,未央区,108.951863,34.388474
B0FFGFVD05,停车场(尚稷路),交通设施服务;停车场;公共停车场,108.93818025143912,34.39504211944784,未央区,108.942836,34.393512
BV11492183,尚稷路明光路口(公交站),交通设施服务;公交车站;公交车站相关,108.91944893061208,34.38753994159568,未央区,108.924065,34.385983
B0LRSU3YSX,隆源国际A区西门停车场,交通设施服务;停车场;停车场相关,108.9538146361434,34.377659695616835,未央区,108.958515,34.37615
B0M60GLE9M,西安地铁四号线草滩地上停车场,交通设施服务;停车场;公共停车场,108.9198072587746,34.388789965571405,未央区,108.924424,34.387234
B0L1A7JZK0,陕西有色光电科技有限公司停车场,交通设施服务;停车场;公共停车场,108.91935401552932,34.41305458407844,渭城区,108.923972,34.411512
BX09918566,西安北站地铁站西1出口,交通设施服务;地铁站;出入口,108.93373063702596,34.37739553646648,未央区,108.938374,34.375849
B0KUNLO1UV,西安北站(铁路出站口8东),交通设施服务;火车站;出站口,108.93436910858324,34.37763448995545,未央区,108.939014,34.376089
B001D08QNM,西安国际高尔夫俱乐部停车场,交通设施服务;停车场;公共停车场,108.92760195715717,34.39073719450201,未央区,108.932233,34.38919
BX09918564,西安北站地铁站西4出口,交通设施服务;地铁站;出入口,108.93417568524288,34.376190543320575,未央区,108.93882,34.374644
B0L2ZA3HYT,陕西有色光电科技研发大厦地面停车场,交通设施服务;停车场;公共停车场,108.9220335201276,34.41392179270666,渭城区,108.926656,34.412382
B0LKOAFJE0,西安高铁北站北广场亚朵酒店(建元路店)门前停车场,交通设施服务;停车场;公共停车场,108.945250829467,34.382799472320606,未央区,108.949925,34.381275
BV11584744,建元路元光东路口(公交站),交通设施服务;公交车站;公交车站相关,108.94332378745082,34.377558874126144,未央区,108.947992,34.376028
B0I14D80IS,西安北站西停车楼(南入口),交通设施服务;停车场;停车场入口,108.92908690132435,34.378286212984634,未央区,108.93372,34.376734
BV09128227,兰池二路·秦阳一路口(公交站),交通设施服务;公交车站;公交车站相关,108.91374172166525,34.41659625472616,渭城区,108.918352,34.415052
B0IRBHY8TX,兰池佳苑内部地下停车场,交通设施服务;停车场;专用停车场,108.90738275210288,34.41579924670096,渭城区,108.911986,34.414252
B0JUTA6J0M,奥达文景观园DK-1内部地下停车场(出入口),交通设施服务;停车场;停车场出入口,108.94421961285748,34.38522708012914,未央区,108.948891,34.383702
BV09184759,农场东路(公交站),交通设施服务;公交车站;公交车站相关,108.92184914107278,34.38547403058057,未央区,108.926469,34.383918
B0FFH7CHJX,雨润·星雨华府停车场,交通设施服务;停车场;专用停车场,108.91245148724605,34.37733095684853,未央区,108.917057,34.375764
BV09106629,兰池大道·秦阳一路口(公交站),交通设施服务;公交车站;公交车站相关,108.91385202536564,34.41110539782776,渭城区,108.918462,34.409558
B0FFHJHYOI,西安北站32-33站台,交通设施服务;火车站;站台,108.93318277716352,34.37909439795894,未央区,108.937825,34.377548
B0IUM78PYZ,白桦林溪内部地下停车场,交通设施服务;停车场;专用停车场,108.9470007192745,34.39428178371758,未央区,108.951681,34.392767
B0HKGADJBV,尚北铭城内部停车场(出入口),交通设施服务;停车场;停车场出入口,108.96180807784754,34.389493621069285,未央区,108.966537,34.388009
BV11692423,尚苑路·尚宏路口(公交站),交通设施服务;公交车站;公交车站相关,108.91536965052516,34.3786376570615,未央区,108.919979,34.377073
B0L01OGWW1,中南紫云集-地下停车场,交通设施服务;停车场;公共停车场,108.90672861194624,34.387701350710394,未央区,108.911329,34.386138
BV11692436,建元路·元朔大道口(公交站),交通设施服务;公交车站;公交车站相关,108.94370086880636,34.37572216930188,未央区,108.94837,34.374191
B0FFHJHYP2,西安北站(实名制验票验证处),交通设施服务;火车站;进站口/检票口,108.9346625842135,34.375464223370095,未央区,108.939308,34.373918
BX09900638,西安北站地铁站西3出口,交通设施服务;地铁站;出入口,108.93408687513086,34.37644153713454,未央区,108.938731,34.374895
B0L3H7AP0S,西安地铁运营分公司渭河车辆段综合维修基地停车场,交通设施服务;停车场;公共停车场,108.93696677472111,34.38967202608972,未央区,108.941619,34.388137
B0H3RCGYRX,西安市公安局西咸新区分局交通警察大队车辆管理所停车场,交通设施服务;停车场;公共停车场,108.91368900364397,34.41393683936747,渭城区,108.918299,34.412391
B0FFIOVOOY,停车场(出入口),交通设施服务;停车场;停车场出入口,108.9386935961732,34.37449150031203,未央区,108.943349,34.372951
B0KUNLN85K,西安北站(铁路出站口3西),交通设施服务;火车站;出站口,108.93344630200455,34.377398938055926,未央区,108.938089,34.375852
B0J1ZSHTDH,西安北站山川逆旅VIP候车室,交通设施服务;火车站;候车室,108.9329672467998,34.379450507252244,未央区,108.937609,34.377904
B0GRBKBO43,西安北站悦途出行商务贵宾厅,交通设施服务;火车站;候车室,108.934937757781,34.37750072927915,未央区,108.939584,34.375956
BV09156918,兰池二路·秦阳二路口(公交站),交通设施服务;公交车站;公交车站相关,108.91794374269575,34.41853844479171,渭城区,108.92256,34.416998
B0KUNLSJV7,西安北站(铁路出站口4西),交通设施服务;火车站;出站口,108.93317187976938,34.37814192541384,未央区,108.937814,34.376595
B0H0L7JXQM,恒大国际城停车场,交通设施服务;停车场;公共停车场,108.9105578173179,34.3877481348293,未央区,108.915162,34.386186
B0KUNLR9MA,西安北站(铁路出站口10东),交通设施服务;火车站;出站口,108.9349278930331,34.37612847859812,未央区,108.939574,34.374583
BV09364289,建元二路·秦汉大道口(公交站),交通设施服务;公交车站;公交车站相关,108.9476125331135,34.38625901318733,未央区,108.952294,34.384741
B0LK3PZDZ9,西安经开第三小学-地下停车场,交通设施服务;停车场;公共停车场,108.9284016400758,34.386800421002064,未央区,108.933034,34.385252
B0KUNLSJV8,西安北站(实名制验票验证处),交通设施服务;火车站;进站口/检票口,108.93474817945678,34.37792078291658,未央区,108.939394,34.376376
BV11567280,西安工大·武德路(地铁站),交通设施服务;地铁站;地铁站,108.97687337904972,34.37558224582472,未央区,108.981659,34.37413
BV11567281,奥体中心(地铁站),交通设施服务;地铁站;地铁站,109.01561992735178,34.37487711451792,灞桥区,109.02057,34.37354
BV11380442,未央湖(地铁站),交通设施服务;地铁站;地铁站,108.98821646595864,34.408872769439064,未央区,108.993052,34.407472
BV09247286,景家堡(地铁站),交通设施服务;地铁站;地铁站,108.9775292388818,34.393436656696004,未央区,108.982319,34.391996
B0FFFEBD51,浐灞国家湿地公园起源门停车场,交通设施服务;停车场;公共停车场,109.00320675358702,34.412138558466815,未央区,109.008107,34.410785
BV09247292,西堡(地铁站),交通设施服务;地铁站;地铁站,109.021993342641,34.41224787040844,灞桥区,109.026973,34.41095
B0FFFE8F6P,浐灞国家湿地公园草滩门停车场,交通设施服务;停车场;公共停车场,108.99350210407096,34.41812450371986,未央区,108.998361,34.416745
B0LK0A7LEX,未央湖木森大舞台第1停车场,交通设施服务;停车场;公共停车场,108.97844590068132,34.40073295703319,未央区,108.98324,34.399299
B0L6NOU7QM,长安云·西安科技馆停车场,交通设施服务;停车场;公共停车场,109.01265136856124,34.3876289874069,灞桥区,109.01759,34.38629
B0I2YL72T7,西安奥体中心游泳馆西地面停车场,交通设施服务;停车场;公共停车场,109.02221623053822,34.37947459077692,灞桥区,109.027194,34.378159
BV10966792,八家十字(公交站),交通设施服务;公交车站;公交车站相关,108.99147054528784,34.39749150296275,未央区,108.996319,34.396094
B0GR594JV4,杜家堡停车场,交通设施服务;停车场;停车场相关,108.96595260930472,34.380309215511744,未央区,108.970696,34.37883
BV10920715,惠泽居小区(公交站),交通设施服务;公交车站;公交车站相关,109.00162468424678,34.387194452888465,未央区,109.006516,34.385822
B0HKTRLV47,西安奥体中心游泳馆停车场,交通设施服务;停车场;公共停车场,109.02484661606132,34.379159366460705,灞桥区,109.029835,34.377851
B0HKTRNDDZ,西安奥体中心北停车场,交通设施服务;停车场;公共停车场,109.0182953316616,34.37987162574034,灞桥区,109.023257,34.378545
BV11556992,北辰路元朔大道口(公交站),交通设施服务;公交车站;公交车站相关,108.9912743430044,34.37409788901171,未央区,108.99612,34.372687
BV09043221,景家堡(公交站),交通设施服务;公交车站;公交车站相关,108.97855603916828,34.39365561838733,未央区,108.98335,34.392218
B0L6ZA1IEW,长安书院停车场,交通设施服务;停车场;停车场相关,109.00187313618004,34.38097308743585,未央区,109.006765,34.379598
BV09362605,长安书院(公交站),交通设施服务;公交车站;公交车站相关,109.0001398591653,34.378100901463306,未央区,109.005024,34.376719
BV10071123,浐灞国家湿地公园南门(公交站),交通设施服务;公交车站;公交车站相关,108.99898502709368,34.411574709983604,未央区,109.003867,34.410208
BX10033201,奥体中心地铁站D口,交通设施服务;地铁站;出入口,109.01722916959991,34.37516225235998,灞桥区,109.022186,34.37383
B0J0RHHGH6,西安奥体中心地下停车场,交通设施服务;停车场;公共停车场,109.02262275587604,34.377362574793246,灞桥区,109.027602,34.376047
BV09189736,西安工业大学未央校区东门(公交站),交通设施服务;公交车站;公交车站相关,108.9849725756264,34.38003447965404,未央区,108.989792,34.378608
B0HKTRJILS,西安奥体中心游泳馆东停车场,交通设施服务;停车场;公共停车场,109.02487250496092,34.37924324917839,灞桥区,109.029861,34.377935
BX10033200,北辰地铁站A口,交通设施服务;地铁站;出入口,108.9902557444091,34.37349326949366,未央区,108.995097,34.372079
BX10033198,北辰地铁站D口,交通设施服务;地铁站;出入口,108.9914177622823,34.3737076651796,未央区,108.996264,34.372297
B0L6BZYH71,长安乐一带一路文化艺术中心地下停车场,交通设施服务;停车场;公共停车场,109.0118848216634,34.37347191724542,灞桥区,109.016819,34.372123
BX10033204,奥体中心地铁站A1口,交通设施服务;地铁站;出入口,109.01506617517016,34.37580324898568,灞桥区,109.020014,34.374465
BV10687255,杜家堡(公交站),交通设施服务;公交车站;公交车站相关,108.9684590284666,34.38152403361747,未央区,108.973212,34.380052
B0MBRGQBML,长安云·西安科技馆地下停车场,交通设施服务;停车场;公共停车场,109.01321112413694,34.386139142324275,灞桥区,109.018152,34.384801
BX09912351,景家堡地铁站C口,交通设施服务;地铁站;出入口,108.97808004204208,34.39291438524135,未央区,108.982872,34.391475
BX09912312,西安工大·武德路地铁站H口,交通设施服务;地铁站;出入口,108.97653471346338,34.3759959784114,未央区,108.981319,34.374543
BV10071194,上庄村(公交站),交通设施服务;公交车站;公交车站相关,108.99395916314964,34.38209049931614,未央区,108.998817,34.380692
BX10033203,奥体中心地铁站A2口,交通设施服务;地铁站;出入口,109.01423667055082,34.37578070778722,灞桥区,109.019181,34.37444
BV10072095,西航花园(公交站),交通设施服务;公交车站;公交车站相关,109.0146191798009,34.39789945003793,灞桥区,109.019567,34.396572
BV11563411,广运潭大道秦汉大道口(公交站),交通设施服务;公交车站;公交车站相关,109.0003931000245,34.39788825270311,未央区,109.00528,34.396518
BV09339333,西航花园北门(公交站),交通设施服务;公交车站;公交车站相关,109.01434315576306,34.41187327631214,灞桥区,109.019291,34.410553
BX10033190,西安工大·武德路地铁站D口,交通设施服务;地铁站;出入口,108.97924874878224,34.375081765834395,未央区,108.984044,34.373636
BV09339336,地铁10号线西堡站(公交站),交通设施服务;公交车站;公交车站相关,109.02165573435464,34.41210091551455,灞桥区,109.026634,34.410802
BV10350047,浐灞国家湿地公园西门(公交站),交通设施服务;公交车站;公交车站相关,108.99182321022276,34.41926989217616,未央区,108.996675,34.417886
BX09912353,景家堡地铁站D口,交通设施服务;地铁站;出入口,108.97767559128812,34.394074886546555,未央区,108.982466,34.392635
BX09912358,未央湖地铁站A口,交通设施服务;地铁站;出入口,108.98683432235232,34.40887287990414,未央区,108.991664,34.407468
B0L0SGI6FC,幸福停车场,交通设施服务;停车场;公共停车场,108.9744830071646,34.37527409330349,未央区,108.979259,34.373815
BV10071193,第五污水处理厂(公交站),交通设施服务;公交车站;公交车站相关,108.99964220649709,34.37573268212508,未央区,109.004524,34.374348
BX10033188,西安工大·武德路地铁站A口,交通设施服务;地铁站;出入口,108.97740219649164,34.37606549438946,未央区,108.98219,34.374615
B0FFGG73K6,西安未央湖游乐园停车场,交通设施服务;停车场;公共停车场,108.97830849531854,34.400323579817204,未央区,108.983102,34.398889
B0IGY7IZPP,凤凰印象城地下停车场,交通设施服务;停车场;公共停车场,108.98703097234466,34.37915886439609,未央区,108.991859,34.377738
BV11187714,启源二路西口(公交站),交通设施服务;公交车站;公交车站相关,108.99103792766816,34.403079642720364,未央区,108.995885,34.401684
BX09912314,西安工大·武德路地铁站G1口,交通设施服务;地铁站;出入口,108.97726865582882,34.377057341191275,未央区,108.982056,34.375607
B0I2O7VCNR,上河雲璟停车场,交通设施服务;停车场;专用停车场,108.9896904048588,34.40636980518447,未央区,108.994532,34.404972
BV09372007,西安城市规划馆(公交站),交通设施服务;公交车站;公交车站相关,109.01371196072864,34.38667636383468,灞桥区,109.018655,34.38534
BX09912352,景家堡地铁站A口,交通设施服务;地铁站;出入口,108.97701326374847,34.39425066132606,未央区,108.981801,34.392809
BX10033189,西安工大·武德路地铁站C口,交通设施服务;地铁站;出入口,108.9784420856992,34.37461531690099,未央区,108.983234,34.373167
B0MGXHXZ2M,西安市公安局浐灞国际港分局警员训练基地地上停车场,交通设施服务;停车场;公共停车场,108.99187287271016,34.42075786257404,未央区,108.996725,34.419375
BV11635566,全运路秦汉大道口(公交站),交通设施服务;公交车站;公交车站相关,109.02395182613232,34.39545891957527,灞桥区,109.028938,34.394157
BX09912313,西安工大·武德路地铁站E口,交通设施服务;地铁站;出入口,108.9765019722835,34.374468885115824,未央区,108.981286,34.373015
BX10033325,奥体中心地铁站B1口,交通设施服务;地铁站;出入口,109.0151778426614,34.37418978049431,灞桥区,109.020126,34.372851
B0LDSCUT8D,苏席村停车场,交通设施服务;停车场;公共停车场,108.98551529462816,34.38002588413232,未央区,108.990337,34.378601
B0LKBXVM7Z,融创望江府DK2-地下停车场,交通设施服务;停车场;公共停车场,109.01893920058146,34.38528682179694,灞桥区,109.023904,34.383965
BX09912720,西堡地铁站A1口,交通设施服务;地铁站;出入口,109.02122844636118,34.412533881297065,灞桥区,109.026205,34.411234
BV10072093,家润碧泽园(公交站),交通设施服务;公交车站;公交车站相关,108.99596522096596,34.39769880532285,未央区,109.000833,34.396315
B0J11UWZF7,上庄·灞柳小区内部地下停车场,交通设施服务;停车场;专用停车场,109.00337662960612,34.38122238829126,未央区,109.008275,34.379852
B0LKTUW8TM,长安书院-地下停车场,交通设施服务;停车场;公共停车场,109.00159358304116,34.37811847509724,未央区,109.006484,34.376741
BV09180361,馨和居小区(公交站),交通设施服务;公交车站;公交车站相关,108.9865278745324,34.41776360818356,未央区,108.991357,34.416363
BX09912350,景家堡地铁站B口,交通设施服务;地铁站;出入口,108.97680819353894,34.393047909562256,未央区,108.981595,34.391605
BV11580606,灞渭大道港兴二路口(公交站),交通设施服务;公交车站;公交车站相关,109.01467201051148,34.37372351882868,灞桥区,109.019618,34.372383
BV10818068,北辰路锦绣天下(公交站),交通设施服务;公交车站;公交车站相关,108.9920386511274,34.37912689705493,未央区,108.996888,34.377721
B0H0OU0WUR,西工新苑内部地下停车场,交通设施服务;停车场;专用停车场,108.97999689596637,34.3844885478422,未央区,108.984796,34.38305
B0H0VS01PR,香缤国际城西北停车场,交通设施服务;停车场;公共停车场,108.97885983781528,34.39317202121664,未央区,108.983655,34.391735
B0L62AMQ7E,F5停车场,交通设施服务;停车场;公共停车场,109.01250195524128,34.37638952475644,灞桥区,109.017439,34.375044
BV11001401,陈家堡(公交站),交通设施服务;公交车站;公交车站相关,108.98134849470122,34.394397183140455,未央区,108.986154,34.392968
BV11205968,西安医学院未央校区北门(公交站),交通设施服务;公交车站;公交车站相关,108.98878883410418,34.3873451787989,未央区,108.993625,34.385934
BV09339332,西航花园西门(公交站),交通设施服务;公交车站;公交车站相关,109.00994425196252,34.406922230466634,灞桥区,109.014873,34.405586
BV09228323,浐灞第十学校(公交站),交通设施服务;公交车站;公交车站相关,108.99811435407985,34.40482024539161,未央区,109.002992,34.403447
BV11562254,奥体中心南门(公交站),交通设施服务;公交车站;公交车站相关,109.0203672538627,34.3741617087783,灞桥区,109.025337,34.372838
B0MB3AFISL,远洋未央华府地下停车场,交通设施服务;停车场;专用停车场,108.98568365044578,34.41519661224683,未央区,108.990509,34.413792
B0M6N5EPBI,未央湖木森大舞台-第三地上停车场,交通设施服务;停车场;公共停车场,108.98421454001316,34.406601919062346,未央区,108.989033,34.405188
BX09912359,未央湖地铁站E口,交通设施服务;地铁站;出入口,108.98926006955628,34.40838393509962,未央区,108.9941,34.406986
BX09912361,未央湖地铁站D口,交通设施服务;地铁站;出入口,108.98828510938368,34.40965111539925,未央区,108.993121,34.408251
BV11085033,馨和居(公交站),交通设施服务;公交车站;公交车站相关,108.98775078890353,34.41668061270034,未央区,108.992585,34.415283
B0M69S9F6F,西安浐灞国家湿地公园-西南侧地上停车场,交通设施服务;停车场;公共停车场,108.99903173488404,34.412649943257016,未央区,109.003914,34.411284
BV11563412,广运潭大道灞浦四路口(公交站),交通设施服务;公交车站;公交车站相关,109.00051405750575,34.380315571726655,未央区,109.0054,34.378936
B0HA3U3C38,科大时代广场停车场,交通设施服务;停车场;公共停车场,108.97668648535586,34.38341055373869,未央区,108.981472,34.381962
BX10033322,奥体中心地铁站C口,交通设施服务;地铁站;出入口,109.01702609781437,34.37421135139965,灞桥区,109.021982,34.372878
B0MAR758PX,西安奥体灞河景区-地下停车场,交通设施服务;停车场;公共停车场,109.01174081070556,34.38082040840886,灞桥区,109.016675,34.379475
BX09912840,西堡地铁站B1口,交通设施服务;地铁站;出入口,109.02123049214804,34.411899244336816,灞桥区,109.026207,34.410599
BV11581313,武德路元朔大道口(公交站),交通设施服务;公交车站;公交车站相关,108.97696892248136,34.376425525735435,未央区,108.981755,34.374974
BX10033324,奥体中心地铁站B2口,交通设施服务;地铁站;出入口,109.0139220881304,34.37471820467148,灞桥区,109.018865,34.373376
B0IGYCIW3M,西安奥体中心篮球馆东停车场,交通设施服务;停车场;公共停车场,109.02401530223092,34.37517382498823,灞桥区,109.029,34.373861
B0LBTU0KB0,奥体驿地下停车场,交通设施服务;停车场;公共停车场,109.0105792470534,34.386810616633014,灞桥区,109.015509,34.385465
BV10071117,陕西科技大学(公交站),交通设施服务;公交车站;公交车站相关,108.97294448955712,34.382803280357486,未央区,108.977715,34.381344
BV11580386,显庆路元朔大道口(公交站),交通设施服务;公交车站;公交车站相关,108.96674087914543,34.37751868256458,未央区,108.971487,34.37604
BV09372008,西安科技馆(公交站),交通设施服务;公交车站;公交车站相关,109.01398217642743,34.38247185737562,灞桥区,109.018926,34.381134
B0FFLCL33R,馨和居停车场,交通设施服务;停车场;停车场相关,108.98403348631965,34.41633480283202,未央区,108.988852,34.414926
BX09912362,未央湖地铁站F口,交通设施服务;地铁站;出入口,108.98895129342915,34.40946323547591,未央区,108.99379,34.408065
B0L13Z5HSX,长安云·秦岭昆虫博物馆停车点,交通设施服务;停车场;公共停车场,109.0123238228134,34.38686138279433,灞桥区,109.017261,34.385521
BV09202383,广运家园小区(公交站),交通设施服务;公交车站;公交车站相关,109.0031759190133,34.38805327118108,未央区,109.008074,34.386686
BV11001469,秦汉大道西铜立交东(公交站),交通设施服务;公交车站;公交车站相关,108.97160000329755,34.392124825341185,未央区,108.976366,34.390667
B0JBY7UIVB,地面停车场,交通设施服务;停车场;公共停车场,108.99391242796716,34.41708587463769,未央区,108.998773,34.415707
BV10401783,西安工业大学未央校区(公交站),交通设施服务;公交车站;公交车站相关,108.9779781765078,34.38424844548599,未央区,108.982769,34.382804
B0LBRUI9DD,海生全运里地下停车场,交通设施服务;停车场;公共停车场,109.02210782378668,34.389423473662085,灞桥区,109.027086,34.388113
B0HA27QPBS,科大商场地面停车场,交通设施服务;停车场;公共停车场,108.97654110472078,34.383024172897045,未央区,108.981326,34.381575
B0H65AMGEP,润家购物广场未央湖店地面停车场,交通设施服务;停车场;公共停车场,108.9777313621026,34.394104711849955,未央区,108.982522,34.392665
BV10071195,西安医学院未央校区(公交站),交通设施服务;公交车站;公交车站相关,108.99440475383402,34.38797993601723,未央区,108.999265,34.386586
B0KGTCEVG1,华宜森商旅酒店(北客站西工大店)地面停车场(出入口),交通设施服务;停车场;停车场出入口,108.9794469067578,34.38747449193068,未央区,108.984244,34.386036
BX09912360,未央湖地铁站C口,交通设施服务;地铁站;出入口,108.98863473469608,34.40832683645488,未央区,108.993472,34.406927
BX10033323,奥体中心地铁站出入口,交通设施服务;地铁站;出入口,109.01688358733264,34.37545310568868,灞桥区,109.021839,34.37412
BV09358576,柳林幸福河畔小区(公交站),交通设施服务;公交车站;公交车站相关,108.96971490948168,34.39720605529087,未央区,108.974474,34.395746
BV09339331,湿地壹号北门(公交站),交通设施服务;公交车站;公交车站相关,109.01299586622798,34.411691371419124,灞桥区,109.017938,34.410367
BV11481221,全运村西门(公交站),交通设施服务;公交车站;公交车站相关,109.01394554482944,34.391732884639765,灞桥区,109.01889,34.3904
BV09189737,笃信路龙朔路口(公交站),交通设施服务;公交车站;公交车站相关,108.9867236441076,34.38667569264282,未央区,108.991551,34.385258
BV10956009,启源小区(公交站),交通设施服务;公交车站;公交车站相关,108.99999313044285,34.40615777152798,未央区,109.004879,34.404791
B0HDPHJVZH,未央湖酒店公寓内部停车场,交通设施服务;停车场;专用停车场,108.97715565221164,34.40671020818652,未央区,108.981945,34.405276
B0I2PUM4GI,华润置地·紫云府营销中心停车场,交通设施服务;停车场;公共停车场,109.02396555252764,34.37459327385836,灞桥区,109.02895,34.37328
BV10071113,未央湖(公交站),交通设施服务;公交车站;公交车站相关,108.9767579440193,34.39850199780715,未央区,108.981545,34.397062
B0H017P2CW,停车场,交通设施服务;停车场;公共停车场,108.99044290831124,34.37394047030753,未央区,108.995285,34.372527
BV11632043,笃信路元朔大道口(公交站),交通设施服务;公交车站;公交车站相关,108.98512843426631,34.373875319638124,未央区,108.989948,34.372446
BV11419502,奥体中心北门(公交站),交通设施服务;公交车站;公交车站相关,109.0189146639968,34.38103720279462,灞桥区,109.023879,34.379713
B0J1KCB0QU,良朋源停车场,交通设施服务;停车场;公共停车场,108.98248396309566,34.39223109206512,未央区,108.987294,34.390804
BV10072304,王家堡(公交站),交通设施服务;公交车站;公交车站相关,108.98580279625376,34.39546155355282,未央区,108.990627,34.394046
BX09912311,西安工大·武德路地铁站F口,交通设施服务;地铁站;出入口,108.97726888740009,34.374254837048085,未央区,108.982056,34.372803
BV11153726,长庆湖滨花园南门(公交站),交通设施服务;公交车站;公交车站相关,108.9796075880014,34.4074298163494,未央区,108.984407,34.406003
BV10866839,雅荷度假山庄(公交站),交通设施服务;公交车站;公交车站相关,108.98239060853564,34.401149360582295,未央区,108.987201,34.399727
B0FFH62TPP,龙记国会山停车场(出入口),交通设施服务;停车场;停车场出入口,108.96531726338422,34.37687868812867,未央区,108.970058,34.375396
B0L6BZYZDT,长安乐一带一路文化艺术中心地下停车场(北出入口),交通设施服务;停车场;停车场出入口,109.01227207701136,34.374659132385986,灞桥区,109.017208,34.373312
B0MBFD5PHC,扬帆路-路侧停车场,交通设施服务;停车场;路边停车场,109.017267440973,34.381853543246095,灞桥区,109.022225,34.380525
B0KKNUZEF2,陕西科技大学沁园小区内部地下停车场,交通设施服务;停车场;专用停车场,108.97135166092346,34.38382306153381,未央区,108.976116,34.38236
B0FFGFXBSV,浐灞国家湿地公园起源门停车场(出入口),交通设施服务;停车场;停车场出入口,109.00256854572038,34.411682760336,未央区,109.007466,34.410327
B0MBFS3IDF,抱朴路-路侧停车场,交通设施服务;停车场;公共停车场,109.02294406022952,34.381937200826215,灞桥区,109.027925,34.380625
BV10898557,启源三路(公交站),交通设施服务;公交车站;公交车站相关,108.989049027208,34.40767497426632,未央区,108.993888,34.406276
BV09339334,西航花园南门(公交站),交通设施服务;公交车站;公交车站相关,109.01438904070118,34.39918340587846,灞桥区,109.019336,34.397856
BV11131719,武德路北段(公交站),交通设施服务;公交车站;公交车站相关,108.97693573880362,34.38025855940077,未央区,108.981722,34.378809
B0H07C3YP1,大明宫灯饰家居生活广场停车场,交通设施服务;停车场;公共停车场,108.97667585985556,34.37941374726878,未央区,108.981461,34.377963
B0MBZABC0V,未央湖公园地上停车场,交通设施服务;停车场;公共停车场,108.97734634761017,34.40106688798528,未央区,108.982136,34.39963
B0MDP6L1RW,长安书院地下车库D区,交通设施服务;停车场;公共停车场,109.00178368827598,34.37900142288094,未央区,109.006675,34.377625
BV10848805,长庆湖滨花园(公交站),交通设施服务;公交车站;公交车站相关,108.97568048215513,34.40820849225092,未央区,108.980464,34.406771
B0H0LUHIXX,华鑫天悦城购物中心停车场,交通设施服务;停车场;公共停车场,108.97638628248028,34.376358202002514,未央区,108.98117,34.374905
B0MAHLLUPZ,陆港·云启营销中心地上停车场,交通设施服务;停车场;公共停车场,109.0246500274237,34.38358951638414,灞桥区,109.029638,34.382283
BX09912719,西堡地铁站B2口,交通设施服务;地铁站;出入口,109.02179717472735,34.411884638850395,灞桥区,109.026776,34.410586
BV11635564,全运路港安路口(公交站),交通设施服务;公交车站;公交车站相关,109.02255581793088,34.39154603046693,灞桥区,109.027536,34.390238
BV09083047,启源四路(公交站),交通设施服务;公交车站;公交车站相关,108.98782377419802,34.413155456825585,未央区,108.992658,34.411756
B0LDT6NIRD,陆港滨海湾停车场,交通设施服务;停车场;公共停车场,109.0110846956472,34.41509108233176,灞桥区,109.016019,34.413763
B0FFIOV43Y,陕西科技大学沁园小区内部地下停车场(出入口),交通设施服务;停车场;停车场出入口,108.97135166092346,34.38382306153381,未央区,108.976116,34.38236
B0H0VS13IW,香缤国际城西南停车场(建设中),交通设施服务;停车场;公共停车场,108.97827427386235,34.39263298954497,未央区,108.983067,34.391194
BV09339330,湿地壹号西门(公交站),交通设施服务;公交车站;公交车站相关,109.00991813652416,34.40959976631539,灞桥区,109.014847,34.408265
B0KKKMU0J1,碧桂园·凤凰城内部地下停车场,交通设施服务;停车场;公共停车场,108.98696948768035,34.37609968819059,未央区,108.991797,34.374677
B0HKJC1S24,北三环大明宫家居生活馆停车场,交通设施服务;停车场;公共停车场,108.9765475601387,34.37721928756115,未央区,108.981332,34.375767
B0M6BHH26P,木森2号停车场,交通设施服务;停车场;公共停车场,108.97730277875549,34.398003740910575,未央区,108.982092,34.396565
B0FFH70FQI,香缤国际城·紫荆苑南区停车场,交通设施服务;停车场;专用停车场,108.97997223469262,34.393661562755966,未央区,108.984772,34.392228
B0IAY7ZF4C,地面停车场,交通设施服务;停车场;公共停车场,109.02049340373,34.40151531277922,灞桥区,109.025466,34.400207
B0FFH5OINU,停车场(陕重汽大道),交通设施服务;停车场;公共停车场,108.99250838742688,34.41791162843213,未央区,108.997363,34.416529
BV11661807,全运路港兴四路口(公交站),交通设施服务;公交车站;公交车站相关,109.02109710522518,34.38767631252538,灞桥区,109.026071,34.386362
B0HGJ7KEGU,长庆未央大厦停车场,交通设施服务;停车场;公共停车场,108.97048340301276,34.3915451583894,未央区,108.975245,34.390084
B0L0RO7TZR,浐灞·惠泽居门前停车场,交通设施服务;停车场;专用停车场,109.00279585180355,34.38457233095924,未央区,109.007692,34.383202
BV09195236,华远辰悦(便民站)(公交站),交通设施服务;公交车站;公交车站相关,108.99725646500956,34.38805425102129,未央区,109.002129,34.386669
B0MD2U6DHN,上河雲璟地下停车场(东门),交通设施服务;停车场;停车场相关,108.99434928612952,34.40831265822193,未央区,108.999211,34.40693
BV09202384,华远辰悦小区(公交站),交通设施服务;公交车站;公交车站相关,108.9971369866989,34.38797765580682,未央区,109.002009,34.386592
B0MGXNX91F,灞河西路-路侧停车场,交通设施服务;停车场;路边停车场,109.00412262380796,34.39058800177522,未央区,109.009025,34.389225
B0K1LS1T35,西安奥体中心地下停车场(出入口),交通设施服务;停车场;停车场出入口,109.02180793578088,34.37901000026128,灞桥区,109.026784,34.377693
B0FFF9E8NL,倚能·维兰德小镇停车场,交通设施服务;停车场;停车场相关,108.97615299396928,34.40322702197488,未央区,108.980938,34.401788
B0HKTRM34N,西安奥体中心北地面停车场(出入口),交通设施服务;停车场;停车场出入口,109.01901577310868,34.37483723943309,灞桥区,109.02398,34.37351
B0FFKJALLO,留园森林别墅留园停车场,交通设施服务;停车场;公共停车场,108.9786404784498,34.39625292645816,未央区,108.983435,34.394817
B0HKF7Z2JS,西安医学院停车场,交通设施服务;停车场;专用停车场,108.99123372127232,34.38360289677623,未央区,108.99608,34.382197
B0FFL3V7GR,碧桂园·凤凰城内部地下停车场(出口),交通设施服务;停车场;停车场出口,108.99031541219416,34.37442159680527,未央区,108.995157,34.373008
B0H0OU0QI5,西工新苑内部地下停车场(出入口),交通设施服务;停车场;停车场出入口,108.97996402689436,34.38453961444007,未央区,108.984763,34.383101
B0LBAR3S5J,晟德停车场,交通设施服务;停车场;公共停车场,108.99986915776662,34.38843810342534,未央区,109.004753,34.387061
B0H0K7Q5RS,新生活农贸批发市场停车场,交通设施服务;停车场;公共停车场,108.97507774780291,34.410045113867184,未央区,108.979859,34.408607
B0J2YHQTO7,碧桂园凤凰城天宸内部地下停车场,交通设施服务;停车场;专用停车场,108.99199419753366,34.37487430911037,未央区,108.996843,34.373466
B0K0YCE9LP,奥体驿地下停车场(入口),交通设施服务;停车场;停车场入口,109.0105792470534,34.386810616633014,灞桥区,109.015509,34.385465
B0G1SK66JT,停车场(入口),交通设施服务;停车场;停车场出入口,109.00189956972264,34.38634208521899,未央区,109.006792,34.38497
BV09362657,广运潭大道灞浦四路(公交站),交通设施服务;公交车站;公交车站相关,109.00051405750575,34.380315571726655,未央区,109.0054,34.378936
BV11512002,启源二路中段(公交站),交通设施服务;公交车站;公交车站相关,108.9957834541104,34.404245647133,未央区,109.000651,34.402865
BV11632077,武德路龙朔路口(公交站),交通设施服务;公交车站;公交车站相关,108.98080054315298,34.384983962951445,未央区,108.985603,34.383548
B0IROAW9EN,广运家园内部地下停车场,交通设施服务;停车场;专用停车场,109.00226597790702,34.38646890299929,未央区,109.00716,34.385098
BX09912304,西堡地铁站A2口,交通设施服务;地铁站;出入口,109.02181903040132,34.41252920207811,灞桥区,109.026798,34.411231
B0L3H792NS,华源北库区停车场,交通设施服务;停车场;公共停车场,108.97165147516164,34.39607248441693,未央区,108.976418,34.394617
B0L27SJTTX,金科博翠天宸内部地下停车场,交通设施服务;停车场;专用停车场,108.9942856270555,34.39559707136129,未央区,108.999146,34.394207
B0JRZZ31SE,地面停车场,交通设施服务;停车场;公共停车场,108.98488908577016,34.37812075575988,未央区,108.989708,34.376693
B0FFLAQYFB,碧桂园凤凰城·天域内部地下停车场,交通设施服务;停车场;专用停车场,108.98392622066048,34.37692922370358,未央区,108.988741,34.375498
B0MBFS4AL3,绿城观澜地上停车场,交通设施服务;停车场;公共停车场,109.01702938946136,34.38238095165897,灞桥区,109.021986,34.381052
B0LKJ71P4W,远洋御山水地面停车场,交通设施服务;停车场;公共停车场,108.99160450462584,34.403069944335776,未央区,108.996454,34.401676
B0JG35YLVR,中登·湖景花园内部地下停车场,交通设施服务;停车场;专用停车场,108.97376822585724,34.40696451775811,未央区,108.978544,34.405521
B0IG3C76YS,双强建材五金机电批发城地面停车场,交通设施服务;停车场;公共停车场,108.98650101444504,34.39350457972952,未央区,108.991328,34.39209
B0IR5C1DFA,华远·辰悦西区地下停车场,交通设施服务;停车场;公共停车场,108.99597100475592,34.38806914279391,未央区,109.000838,34.38668
B0LR3UCRFH,远洋御山水地下停车场(内部专用),交通设施服务;停车场;专用停车场,108.99156378100406,34.40185175942303,未央区,108.996413,34.400457
B0FFL5YZ8H,秦汉大道(景家十字-建设路)停车场,交通设施服务;停车场;停车场相关,108.97673822709466,34.396052429426426,未央区,108.981525,34.394611
B0MBFS3OEV,望云巷-路侧停车场,交通设施服务;停车场;路边停车场,109.01955778646494,34.383595958649465,灞桥区,109.024525,34.382275
BV09188419,环湖东路环湖北路口(公交站),交通设施服务;公交车站;公交车站相关,108.98383193842191,34.40904063778833,未央区,108.988649,34.407627
B0HGJ7K6QT,长庆未央大厦地下停车场,交通设施服务;停车场;公共停车场,108.9711298818529,34.391616378835884,未央区,108.975894,34.390157
B0L01OGP54,绿城全运村芳华苑-地下停车场,交通设施服务;停车场;公共停车场,109.022694383518,34.39003347562402,灞桥区,109.027675,34.388725
BV09188416,环湖西路环湖北路口(公交站),交通设施服务;公交车站;公交车站相关,108.97598144420282,34.40612784545582,未央区,108.980766,34.40469
B0HKJC3O8R,陕西华浮宫酒店停车场,交通设施服务;停车场;公共停车场,108.9764310599318,34.40096852407263,未央区,108.981217,34.399529
B0FFIOVNLF,未央湖公园停车场(出口),交通设施服务;停车场;停车场出口,108.97694103606015,34.40051534491256,未央区,108.981729,34.399077
BX09912853,未央湖地铁站B口,交通设施服务;地铁站;出入口,108.98727748586634,34.40841083048274,未央区,108.992109,34.407007
B0MBSBDPN8,浐灞惠泽居西北侧停车场,交通设施服务;停车场;路边停车场,109.00179404346729,34.38612452485611,未央区,109.006686,34.384752
BV09188414,环湖东路启源五路口(公交站),交通设施服务;公交车站;公交车站相关,108.98372393506162,34.41449678615344,未央区,108.988541,34.413086
B0H0VS30DC,香缤国际城南区内部地下停车场,交通设施服务;停车场;专用停车场,108.97998020515472,34.39362256158054,未央区,108.98478,34.392189
B0JDFHWNRD,凤凰印象城停车场(入口),交通设施服务;停车场;公共停车场,108.98706976938163,34.37962449834081,未央区,108.991898,34.378204
B0IDX7ZJIG,陕西警察学院南区停车场,交通设施服务;停车场;公共停车场,109.00309277664596,34.40584353668076,未央区,109.007992,34.404486
BV09386058,武德路·元朔大道口(公交站),交通设施服务;公交车站;公交车站相关,108.97566127698806,34.37544272312071,未央区,108.980442,34.373987
B0I32UMJ5I,中粮奥体壹号售楼处地面停车场,交通设施服务;停车场;公共停车场,109.02349643660568,34.38644518823492,灞桥区,109.02848,34.385137
B0H07C4TRE,大明宫灯饰家居生活广场地面停车场(出入口),交通设施服务;停车场;停车场出入口,108.9767634274883,34.38035899082706,未央区,108.981549,34.378909
B0J2TS6IRJ,陆港绿城西安全运村采薇苑内部地下停车场,交通设施服务;停车场;专用停车场,109.01762220499548,34.39075563484475,灞桥区,109.022582,34.389433
B0MG5PX54V,港润路-路侧停车场,交通设施服务;停车场;公共停车场,109.02334232602558,34.383335319211284,灞桥区,109.028325,34.382025
B0FFGFQOMP,未央湖上码头汤峪B岛,交通设施服务;交通服务相关;交通服务相关,108.97894252470223,34.40489917039609,未央区,108.983739,34.403469
B0MGYU6NXF,西安正诚停车场,交通设施服务;停车场;公共停车场,108.99202253120087,34.38138372723372,未央区,108.996872,34.379979
BX09912828,西安工大·武德路地铁站G2口,交通设施服务;地铁站;出入口,108.97741509423729,34.37666713608922,未央区,108.982203,34.375217
B0L0X7M5Z9,学府街区内部地下停车场,交通设施服务;停车场;专用停车场,108.98634355524894,34.3830088201545,未央区,108.991169,34.381588
B0J11UABNZ,上庄·灞柳小区内部地下停车场(出入口),交通设施服务;停车场;停车场出入口,109.00337662960612,34.38122238829126,未央区,109.008275,34.379852
B0FFLB1PG1,停车场(入口),交通设施服务;停车场;停车场入口,109.00439167259792,34.411806158078974,未央区,109.009297,34.410456
B0MAAOAKAO,中粮·悦著云朗小区地下停车场(入口),交通设施服务;停车场;停车场入口,109.02202691023624,34.40399552755202,灞桥区,109.027006,34.402693
B0IBMA19B0,长庆湖滨花园停车场,交通设施服务;停车场;专用停车场,108.98106752971992,34.40793931992235,未央区,108.985873,34.406517
B0LKOAGIW8,西航花园骞柳小区地上停车场,交通设施服务;停车场;公共停车场,109.01995461197995,34.40163479133001,灞桥区,109.024925,34.400325
B0L0T1B85P,冯家滩社区地上停车场,交通设施服务;停车场;公共停车场,108.99676384467944,34.396914823379134,未央区,109.001635,34.395533
BV09386057,北辰路·元朔大道口(公交站),交通设施服务;公交车站;公交车站相关,108.9912743430044,34.37409788901171,未央区,108.99612,34.372687
B0JG35YR0L,中登·湖景花园内部地下停车场(出入口),交通设施服务;停车场;停车场出入口,108.97376822585724,34.40696451775811,未央区,108.978544,34.405521
B0L0HUQHBJ,笃信路-道路停车位,交通设施服务;停车场;路边停车场,108.98534487701713,34.381639514653095,未央区,108.990166,34.380215
B0FFGFT6C9,浐灞国家湿地公园草滩门停车场(出入口),交通设施服务;停车场;停车场出入口,108.99367636988303,34.41795107927689,未央区,108.998536,34.416572
B0JBNRYSTZ,西安工业大学未央校区停车场,交通设施服务;停车场;公共停车场,108.97750834650564,34.38111647794412,未央区,108.982297,34.379669
B0MALR7A8Q,招商央玺-地下停车场,交通设施服务;停车场;专用停车场,108.9984750561978,34.40174290251542,未央区,109.003354,34.400369
B0JDFHXHFX,凤凰印象城地下停车场(入口),交通设施服务;停车场;停车场入口,108.98566772015134,34.37922086802654,未央区,108.99049,34.377796
B0H0VS2SEY,香缤国际城西南停车场(出入口)(暂停营业),交通设施服务;停车场;停车场出入口,108.97812289694728,34.3925594607771,未央区,108.982915,34.39112
B0M6J6BG6A,西溪里象牙湾西侧停车场,交通设施服务;停车场;公共停车场,109.01482638303246,34.397006340966456,灞桥区,109.019775,34.395679
B0MGROLRLF,东原印未央-地下停车场,交通设施服务;停车场;公共停车场,108.97494494115676,34.40206805570923,未央区,108.979725,34.400625
BV09336380,北辰路启源三路口(公交站),交通设施服务;公交车站;公交车站相关,108.9899610152394,34.409186373793304,未央区,108.994804,34.407791
BV10592306,保税区(地铁站),交通设施服务;地铁站;地铁站,109.03903894887836,34.39684946516934,灞桥区,109.044083,34.395588
BV10592302,双寨(地铁站),交通设施服务;地铁站;地铁站,109.03611657573644,34.37367735036933,灞桥区,109.041148,34.372396
BV10592304,新筑(地铁站),交通设施服务;地铁站;地铁站,109.03777658215851,34.38434747184538,灞桥区,109.042815,34.383076
B0L6CCCGKF,西安交通大学第一附属医院国际陆港院区地面停车场,交通设施服务;停车场;公共停车场,109.0352180126538,34.39568261546358,灞桥区,109.040248,34.394411
B0HA6A8G2C,西安国际港站,交通设施服务;火车站;货运火车站,109.06222921217444,34.415416653597035,灞桥区,109.067347,34.414213
BV11056095,水流村(公交站),交通设施服务;公交车站;公交车站相关,109.04537859298291,34.412639661261466,灞桥区,109.050446,34.411402
BX09908537,双寨地铁站A1口,交通设施服务;地铁站;出入口,109.035402189253,34.37402596829399,灞桥区,109.040431,34.372743
BV11312543,保税区公交调度站(公交站),交通设施服务;公交车站;公交车站相关,109.03749452890284,34.39688723195195,灞桥区,109.042533,34.395622
BX10021637,保税区地铁站C东南口,交通设施服务;地铁站;出入口,109.03981221926956,34.39645681542347,灞桥区,109.044859,34.395197
BX10021640,保税区地铁站A西北口,交通设施服务;地铁站;出入口,109.03829458433084,34.3973719886903,灞桥区,109.043336,34.396109
BX09908549,新筑地铁站A1口,交通设施服务;地铁站;出入口,109.03708407948044,34.38465102167303,灞桥区,109.04212,34.383378
BX10021638,保税区地铁站D东北口,交通设施服务;地铁站;出入口,109.03973739613384,34.39749641194912,灞桥区,109.044784,34.396237
BX10021639,保税区地铁站B西南口,交通设施服务;地铁站;出入口,109.03834748390716,34.3963184503057,灞桥区,109.043389,34.395055
BV10070952,半坡村(公交站),交通设施服务;公交车站;公交车站相关,109.0545948253243,34.398075950134746,灞桥区,109.05969,34.396849
BV11637495,马南庄(公交站),交通设施服务;公交车站;公交车站相关,109.05112649411628,34.40753337600734,灞桥区,109.056212,34.406305
B0L23A4TQF,西安港,交通设施服务;港口码头;港口码头,109.07380345686632,34.40773849810679,灞桥区,109.078947,34.406546
B0M6XZOWX7,西安交通大学第一附属医院国际陆港院区地下停车场,交通设施服务;停车场;公共停车场,109.03751859395338,34.39511316611684,灞桥区,109.042557,34.393847
BX09908544,双寨地铁站B2出口,交通设施服务;地铁站;出入口,109.03683294081044,34.37369354779571,灞桥区,109.041867,34.372414
BV11097113,罗百寨村(公交站),交通设施服务;公交车站;公交车站相关,109.07466322343024,34.41403991836124,灞桥区,109.079809,34.412852
B0GKUHGH4Y,西安国际港务区源宇地面停车场,交通设施服务;停车场;公共停车场,109.07869010535524,34.37705670678479,灞桥区,109.08384,34.375852
BV09284436,西安陆港运动公园(公交站),交通设施服务;公交车站;公交车站相关,109.0597461222696,34.39985868756465,灞桥区,109.064856,34.398642
BX09908543,双寨地铁站A2口,交通设施服务;地铁站;出入口,109.03532750682858,34.37355740673307,灞桥区,109.040356,34.372274
BV11290300,深渡村(公交站),交通设施服务;公交车站;公交车站相关,109.04730645472463,34.39835460554565,灞桥区,109.052379,34.397113
B0HG5U9U41,派昂医药大厦地面停车场,交通设施服务;停车场;公共停车场,109.06553388498708,34.38187651744083,灞桥区,109.070657,34.380659
BV09339335,地铁三号线保税区地铁A口(公交站),交通设施服务;公交车站;公交车站相关,109.03753537946352,34.39689512643115,灞桥区,109.042574,34.39563
BX09908550,新筑地铁站B2口,交通设施服务;地铁站;出入口,109.03848600154858,34.384497647137806,灞桥区,109.043527,34.383228
B0GR3AJKHB,西安港综合口岸,交通设施服务;港口码头;货运港口码头,109.07211693584372,34.407005834089446,灞桥区,109.077257,34.405811
BV11584794,秦汉大道纺渭路口(公交站),交通设施服务;公交车站;公交车站相关,109.07783138002922,34.40244246364136,灞桥区,109.082982,34.401251
BV10958052,双寨(公交站),交通设施服务;公交车站;公交车站相关,109.03578578230557,34.37385608859743,灞桥区,109.040816,34.372574
BV11015291,保税区地铁站(公交站),交通设施服务;公交车站;公交车站相关,109.03750751567216,34.39649142187099,灞桥区,109.042546,34.395226
B0HKTRLFZE,西安奥体中心游泳馆停车场(出入口),交通设施服务;停车场;停车场出入口,109.02506276234344,34.3790008501773,灞桥区,109.030052,34.377693
B0M60GLBSV,陆港运动公园地上停车场,交通设施服务;停车场;公共停车场,109.06346659634328,34.39776384441103,灞桥区,109.068586,34.396552
BV11181854,铁路职业技术学院港务校区(公交站),交通设施服务;公交车站;公交车站相关,109.06607309832796,34.38754464595154,灞桥区,109.071198,34.386331
BX09908552,新筑地铁站B1口,交通设施服务;地铁站;出入口,109.03842027780884,34.38404305574416,灞桥区,109.043461,34.382773
BV10070049,水流(公交站),交通设施服务;公交车站;公交车站相关,109.04409825005747,34.420272063418274,灞桥区,109.049162,34.419036
BV10407805,新民生医药(公交站),交通设施服务;公交车站;公交车站相关,109.06205106559892,34.37642078005656,灞桥区,109.067165,34.375195
B0H334QBM1,陆港运动公园停车场,交通设施服务;停车场;停车场相关,109.06376279965797,34.39837704417902,灞桥区,109.068883,34.397166
BV11181853,港务大道潘骞路口(公交站),交通设施服务;公交车站;公交车站相关,109.06465412840268,34.38070444898695,灞桥区,109.069775,34.379485
B0J0R5KIO5,湃中心停车场,交通设施服务;停车场;公共停车场,109.02502915978162,34.37592559294509,灞桥区,109.030018,34.374616
B0KK7HP123,中国电建西北区域总部内部地面停车场,交通设施服务;停车场;专用停车场,109.04039267247968,34.3905017398578,灞桥区,109.045441,34.38924
B0K6VRYRPI,爱菊粮油地面停车场,交通设施服务;停车场;专用停车场,109.06125281461024,34.40323326512237,灞桥区,109.066367,34.402021
BV10958054,港务大道秦汉大道口(公交站),交通设施服务;公交车站;公交车站相关,109.06268435347545,34.40037159270362,灞桥区,109.067802,34.39916
BV10987875,骆宋村(公交站),交通设施服务;公交车站;公交车站相关,109.07409274705884,34.42077057226946,灞桥区,109.079238,34.419586
BX09908551,新筑地铁站A2口,交通设施服务;地铁站;出入口,109.0370113847768,34.384192452558906,灞桥区,109.042047,34.382919
BV09043993,奥体大道秦汉大道口(公交站),交通设施服务;公交车站;公交车站相关,109.02867700557432,34.39569976823531,灞桥区,109.033682,34.394411
B0IK6CLC95,招商城市主场地下停车场,交通设施服务;停车场;公共停车场,109.04057195468528,34.40307725507112,灞桥区,109.045622,34.401823
BV10956004,兰家村(公交站),交通设施服务;公交车站;公交车站相关,109.03745907306543,34.38044137613758,灞桥区,109.042496,34.379167
BV10637904,新筑镇(公交站),交通设施服务;公交车站;公交车站相关,109.05512543486452,34.38463939475417,灞桥区,109.060221,34.383406
BV10520020,西安综合保税区(公交站),交通设施服务;公交车站;公交车站相关,109.07015551481408,34.40221795317728,灞桥区,109.075291,34.401018
B0HA1SE575,陆港保税大厦停车场,交通设施服务;停车场;公共停车场,109.06973465291512,34.39970890805217,灞桥区,109.074869,34.398507
B0L2K5GQF6,招商局丝路中心地下停车场,交通设施服务;停车场;公共停车场,109.03381907480556,34.3744018140756,灞桥区,109.038842,34.373115
BV11412566,奥体中心游泳馆(公交站),交通设施服务;公交车站;公交车站相关,109.02657860975812,34.38020300984114,灞桥区,109.031574,34.3789
BV11124240,港务区公交调度站(公交站),交通设施服务;公交车站;公交车站相关,109.0728518002024,34.40275941205864,灞桥区,109.077993,34.401563
BX09915501,保税区地铁站出入口,交通设施服务;地铁站;出入口,109.03796089816616,34.396142498387015,灞桥区,109.043001,34.394878
B0L6CC7J26,西安交通大学第一附属医院国际陆港院区地面停车场(出入口),交通设施服务;停车场;停车场出入口,109.0352180126538,34.39568261546358,灞桥区,109.040248,34.394411
BV09043994,鼎盛路秦汉大道口(公交站),交通设施服务;公交车站;公交车站相关,109.02686420956024,34.395012090543624,灞桥区,109.031862,34.393718
B0M6XZOLXM,西安交通大学第一附属医院国际陆港院区地下停车场(入口),交通设施服务;停车场;停车场入口,109.03801476769002,34.395389787213766,灞桥区,109.043055,34.394125
B0M6VPHZS7,西安伊敦诺富特酒店(奥体中心店)-地下停车场,交通设施服务;停车场;公共停车场,109.03559211673188,34.378310196851125,灞桥区,109.040622,34.37703
B0IAC7QJJV,新丝路国际电子商务产业园停车场,交通设施服务;停车场;公共停车场,109.0636196829242,34.38085993174998,灞桥区,109.068738,34.379639
B0MBSSDVM1,西安奥体中央公园-北侧地上停车场,交通设施服务;停车场;公共停车场,109.03863414415412,34.37663653229708,灞桥区,109.043675,34.375363
B0KBTAWW3A,中国电建西北区域总部内部地面停车场(出入口),交通设施服务;停车场;停车场出入口,109.04033095102616,34.38980427277868,灞桥区,109.045379,34.388542
BV09036748,港兴三路灞耿路口(公交站),交通设施服务;公交车站;公交车站相关,109.0551658941374,34.37798192215821,灞桥区,109.060261,34.376745
BV11548326,奥体大道港兴四路口(公交站),交通设施服务;公交车站;公交车站相关,109.03026766275684,34.38575300104861,灞桥区,109.035278,34.384463
B0M64CJDS8,秦汉大道北侧停车场,交通设施服务;停车场;公共停车场,109.0366396204938,34.39729213113192,灞桥区,109.041675,34.396025
B0L2K5FZ8A,招商局丝路中心地面停车场,交通设施服务;停车场;公共停车场,109.03357700936516,34.37413857870653,灞桥区,109.038599,34.372851
B0L199I4QP,中粮·大悦广场停车场,交通设施服务;停车场;专用停车场,109.02586042751776,34.380687728341066,灞桥区,109.030853,34.379383
B0MB1NV2H1,港悦城地下停车场,交通设施服务;停车场;公共停车场,109.06748689879775,34.37468861746529,灞桥区,109.072614,34.37347
B0MAV77KAV,格美酒店(西安浐灞国际港店)停车场,交通设施服务;停车场;公共停车场,109.06663865705691,34.400178799981525,灞桥区,109.071766,34.398973
B0MD9KN89W,绿城桂月云翠地上停车场,交通设施服务;停车场;专用停车场,109.02903903227858,34.40220012506489,灞桥区,109.034046,34.400916
BV09524057,欧亚大道林溪路口(公交站),交通设施服务;公交车站;公交车站相关,109.03681912973498,34.40696218941548,灞桥区,109.041856,34.405701
BV10958049,新筑(公交站),交通设施服务;公交车站;公交车站相关,109.037427855554,34.38429236396823,灞桥区,109.042465,34.38302
B0FFM6ZWDS,停车场,交通设施服务;停车场;停车场相关,109.0546471952441,34.38050454140482,灞桥区,109.059741,34.379268
B0M6YAQWDI,西安奥体中央公园南侧地上停车场,交通设施服务;停车场;公共停车场,109.03873396873188,34.374499429690175,灞桥区,109.043775,34.373225
B0H6YUB6FJ,中西部陆港金融小镇地下停车场,交通设施服务;停车场;公共停车场,109.06405324705308,34.37342325512068,灞桥区,109.069172,34.372199
B0K6K531IS,西安伊敦诺富特酒店奥体中心店地面停车点,交通设施服务;停车场;公共停车场,109.03630746122997,34.378460314235284,灞桥区,109.04134,34.377182
B0LKLP7P4O,金地玖峯悦-地下停车场,交通设施服务;停车场;公共停车场,109.03255474319565,34.39905157985474,灞桥区,109.037575,34.397775
B0LRSK3RCS,绿地璀璨天城-地下停车场,交通设施服务;停车场;专用停车场,109.04677829027966,34.3971424345252,灞桥区,109.051849,34.395899
B0K31MPKSQ,停车场,交通设施服务;停车场;公共停车场,109.03947209967696,34.38870694250595,灞桥区,109.044517,34.387442
B0IKAHPB56,地面停车场,交通设施服务;停车场;公共停车场,109.03631085569695,34.396987125742605,灞桥区,109.041345,34.395719
B0HG5UBWZB,派昂医药大厦地下停车场,交通设施服务;停车场;公共停车场,109.06582820397335,34.38157125613745,灞桥区,109.070952,34.380354
B0L3H7A98R,希望里·奥体停车场,交通设施服务;停车场;公共停车场,109.07295159964116,34.379831003168675,灞桥区,109.078091,34.378622
B0IG2A3MIY,中铁联集西安中心站(港浦路店)地面停车场,交通设施服务;停车场;公共停车场,109.07085260543305,34.40688442106063,灞桥区,109.07599,34.405688
B0J0HUVZBC,陆港绿城西安全运村木兰郡内部地下停车场,交通设施服务;停车场;专用停车场,109.0253713368866,34.39291637844918,灞桥区,109.030363,34.391617
B0MUHRQ1CS,龙翔奥城云樾-地下停车场,交通设施服务;停车场;专用停车场,109.0344237625102,34.38653970433896,灞桥区,109.03945,34.385261
B0IDXCZOIG,港润路-道路停车位,交通设施服务;停车场;路边停车场,109.028681068958,34.38309670930057,灞桥区,109.033685,34.381801
B0MUURYJL9,港悦城-嘉悦-地下停车场,交通设施服务;停车场;专用停车场,109.07503174770268,34.37703324018899,灞桥区,109.080175,34.375825
B0MUYLS4FU,鼎诚御峰里-地下停车场,交通设施服务;停车场;专用停车场,109.03032836440958,34.38649243448131,灞桥区,109.035339,34.385203
B0I24CQFCG,港兴三路-道路停车位,交通设施服务;停车场;路边停车场,109.0399920772144,34.379072935942915,灞桥区,109.045038,34.377804
B0MG7XIQJB,西安铁一中陆港中学-东南侧地上停车场,交通设施服务;停车场;公共停车场,109.02867042819766,34.39106636566696,灞桥区,109.033675,34.389775
B0LRGASZA2,西安国际港务区实验中学停车场,交通设施服务;停车场;公共停车场,109.06243347420777,34.38338641317118,灞桥区,109.067549,34.382165
BV11653501,港务大道保税一路口(公交站),交通设施服务;公交车站;公交车站相关,109.0652076040282,34.394170234839265,灞桥区,109.070331,34.392959
B0K65AGRT7,西安国际港务区亚朵酒店地下停车点,交通设施服务;停车场;公共停车场,109.06173964916287,34.39050162057932,灞桥区,109.066854,34.389283
BV09524051,欧亚大道林泓路口(公交站),交通设施服务;公交车站;公交车站相关,109.03785680089874,34.401658644255335,灞桥区,109.042897,34.400397
B0M6P7NEED,中国移动通信集团西北大区物流中心地上停车场,交通设施服务;停车场;公共停车场,109.06467032210752,34.37802187007709,灞桥区,109.069791,34.376801
B0MUSRCSYS,山东健康同人乐府地上停车场,交通设施服务;停车场;公共停车场,109.03180821759628,34.39175761510632,灞桥区,109.036825,34.390475
B0LRNLLX2Z,西安铁一中陆港中学-地下停车场,交通设施服务;停车场;公共停车场,109.0273185918922,34.392892027991294,灞桥区,109.032318,34.391598
B0LKYO51S0,西安全运村甘棠苑地上停车场,交通设施服务;停车场;公共停车场,109.03161271768612,34.38299693919031,灞桥区,109.036628,34.381709
B0IGYCJXZR,西安奥体中心篮球馆东地面停车场(东出入口),交通设施服务;停车场;停车场出入口,109.02668255238406,34.37604695659115,灞桥区,109.031678,34.374742
B0MAT9XDTB,绿城全运村荷风苑-地下停车场,交通设施服务;停车场;专用停车场,109.0265291758007,34.38757413199968,灞桥区,109.031525,34.386275
B0MG95PZO4,龙翔奥城珑樾府-地下停车场,交通设施服务;停车场;专用停车场,109.0475405120038,34.37729867288558,灞桥区,109.052612,34.376046
B0KGPZX5TA,保利·锦上南区内部地下停车场,交通设施服务;停车场;专用停车场,109.05819148668807,34.37560170042378,灞桥区,109.063295,34.374369
B0FFGFQM9E,港务区梦想公社内部地下停车场,交通设施服务;停车场;专用停车场,109.0687116757764,34.379636316321225,灞桥区,109.073842,34.378422
BV09187991,奥体大道港安路口(公交站),交通设施服务;公交车站;公交车站相关,109.02983483444318,34.39166789983966,灞桥区,109.034844,34.39038
B0M6XZOWX6,西安交通大学第一附属医院国际陆港院区地下停车场(出入口),交通设施服务;停车场;停车场出入口,109.03465217725424,34.395044413536965,灞桥区,109.03968,34.393771
B0HKUUX5Y1,停车场,交通设施服务;停车场;公共停车场,109.06804324464028,34.39048228598803,灞桥区,109.073173,34.389273
B0L0HPP2OR,秦汉和苑地上停车场,交通设施服务;停车场;公共停车场,109.0528350591752,34.39830521856374,灞桥区,109.057925,34.397075
B0IUKAC5LO,西安奥体中心游泳馆东停车场(北出入口),交通设施服务;停车场;停车场出入口,109.0251473857328,34.37943837925897,灞桥区,109.030137,34.378131
B0G1ORDHPF,新筑铁路货场停车场,交通设施服务;停车场;公共停车场,109.05864579621266,34.41512579688937,灞桥区,109.063754,34.413916
B0H6YUA4X5,中西部陆港金融小镇西停车场,交通设施服务;停车场;公共停车场,109.06387364981909,34.373936255779654,灞桥区,109.068992,34.372712
B0JKMSGKYU,和顺路-道路停车位,交通设施服务;停车场;路边停车场,109.0411110588441,34.37984485226499,灞桥区,109.046161,34.378579
B0L0F53RXX,中国邮政西安处理中心地面停车场,交通设施服务;停车场;公共停车场,109.07360529428986,34.37975331207303,灞桥区,109.078746,34.378545
B0FFILBND0,港兴三路-道路停车位,交通设施服务;停车场;路边停车场,109.06507852014072,34.3757684713619,灞桥区,109.0702,34.374547
B0I26RJJNK,木材货场,交通设施服务;交通服务相关;交通服务相关,109.08110444235864,34.37336568027543,灞桥区,109.086258,34.372161
B0MBFS4YO1,港宁路-路侧停车场,交通设施服务;停车场;路边停车场,109.04152248925594,34.39293271223515,灞桥区,109.046575,34.391675
B0MU97ZR66,山东能源集团总部地上停车场,交通设施服务;停车场;公共停车场,109.03963054271291,34.37699592149837,灞桥区,109.044675,34.375725
B0L03UCYOK,乾元寺停车场,交通设施服务;停车场;公共停车场,109.03963864182435,34.387122411427086,灞桥区,109.044684,34.385857
B0K03H1F4O,西安国际港务区源宇地面停车场(出入口),交通设施服务;停车场;停车场出入口,109.0790534770792,34.377150339538595,灞桥区,109.084204,34.375946
B0KUCCZB0L,绿地璀璨天城B地块东停车场(出入口),交通设施服务;停车场;停车场出入口,109.04744644356224,34.393202187706684,灞桥区,109.052519,34.391958
B0LB4RHR22,陕西自贸区LENPO澜博跨境购物中心地下停车场,交通设施服务;停车场;公共停车场,109.07166125861607,34.402720822468254,灞桥区,109.0768,34.401523
B0KDVCRIQ5,停车场,交通设施服务;停车场;公共停车场,109.04014274427722,34.38833853120536,灞桥区,109.04519,34.387075
B0MUH7PZ7O,五矿国铁龙腾云仓(西安)有限公司地上停车场,交通设施服务;停车场;公共停车场,109.05447828407571,34.41978964313441,灞桥区,109.059575,34.418575
B0MBFS3HOS,港兴四路-路侧停车场,交通设施服务;停车场;公共停车场,109.08097101517312,34.380675867043514,灞桥区,109.086125,34.379475
B0IRBH096P,地面停车场,交通设施服务;停车场;公共停车场,109.06121222424429,34.399751306705745,灞桥区,109.066326,34.398537
B0M6XZPBH4,西安交通大学第一附属医院国际陆港院区地下停车场(出入口),交通设施服务;停车场;停车场出入口,109.03443494613384,34.395554683742645,灞桥区,109.039462,34.394281
B0L0AKAZXV,国网陕西省电力有限公司超高压公司运检综合园区地上停车场,交通设施服务;停车场;公共停车场,109.07123924847804,34.37863665549741,灞桥区,109.076375,34.377425
B0LKKLO339,绿地理想城-地下停车场,交通设施服务;停车场;公共停车场,109.05255845404886,34.403422864272464,灞桥区,109.057648,34.402195
B0KGRZGAMK,柏曼酒店西安浐灞国际港务区店地面停车点,交通设施服务;停车场;公共停车场,109.06949901999276,34.4014462264863,灞桥区,109.074633,34.400245
B0FFGFQ4KL,西安综合保税区停车场,交通设施服务;停车场;公共停车场,109.07132961453227,34.395175475730504,灞桥区,109.076467,34.393973
B0MA1OGLL8,港安路-路侧停车场,交通设施服务;停车场;路边停车场,109.02682768730222,34.39112135533842,灞桥区,109.031825,34.389825
B0HAOSHZVC,新丝路电商园地下停车场,交通设施服务;停车场;公共停车场,109.06303611812888,34.38128860343307,灞桥区,109.068153,34.380067
B0MB5BJSZX,博纳云仓地上停车场,交通设施服务;停车场;公共停车场,109.06145743102635,34.37847963358796,灞桥区,109.06657,34.377254
B0JA25G5EH,瑞斯丽悦庭停车场,交通设施服务;停车场;停车场相关,109.06643947160016,34.37326783465496,灞桥区,109.071564,34.372047
B0K6K5ZP3J,西安伊敦诺富特酒店奥体中心店地面停车点(出入口),交通设施服务;停车场;停车场出入口,109.03627358905683,34.37842441853238,灞桥区,109.041306,34.377146
B0KGPZ09OM,保利·锦上南区内部地下停车场(入口),交通设施服务;停车场;停车场入口,109.05819148668807,34.37560170042378,灞桥区,109.063295,34.374369
B0MATLWYBE,西安中铁卓越中心地上停车场,交通设施服务;停车场;公共停车场,109.03919101318031,34.378159360473695,灞桥区,109.044234,34.376888
B0JDV5W6QE,新丝路电商园地下停车场(入口),交通设施服务;停车场;停车场入口,109.063207680348,34.381324316994935,灞桥区,109.068325,34.380103
BV09524055,和畅路林溪路口(公交站),交通设施服务;公交车站;公交车站相关,109.04506399824892,34.40858271366855,灞桥区,109.05013,34.407342
B0JANZKR7A,地面停车场,交通设施服务;停车场;公共停车场,109.04679385889892,34.37840169936532,灞桥区,109.051863,34.377148
B0MDFOAWAK,西安市·招商央畔-地下停车场,交通设施服务;停车场;专用停车场,109.04476058614408,34.40202014988698,灞桥区,109.049825,34.400775
B0LK9Z9TO9,丝路国际体育文化交流培训基地地下停车场,交通设施服务;停车场;公共停车场,109.03863167799234,34.4053826208772,灞桥区,109.043675,34.404125
B0M6JUEPL2,百利威国际电商产业园二期地上停车场,交通设施服务;停车场;公共停车场,109.07834798822034,34.39658930016966,灞桥区,109.083499,34.395395
B0L0MN8SF0,国网陕西省电力有限公司超高压公司运检综合园区地上停车场,交通设施服务;停车场;公共停车场,109.0728857546055,34.37958421111557,灞桥区,109.078025,34.378375
B0JKFZ1J2N,地面停车场,交通设施服务;停车场;公共停车场,109.06872765076112,34.40244866237778,灞桥区,109.07386,34.401247
B0IG2A411Q,中铁联集西安中心站(港浦路店)地面停车场(出入口),交通设施服务;停车场;停车场出入口,109.07088452827402,34.40698732278984,灞桥区,109.076022,34.405791
B0MBUBLLKM,国网陕西省电力有限公司超高压公司运检综合园区地上停车场,交通设施服务;停车场;公共停车场,109.07031015817618,34.37953531535897,灞桥区,109.075444,34.378323
B0I11H8GOS,地面停车场,交通设施服务;停车场;公共停车场,109.072690210825,34.413269545325626,灞桥区,109.077832,34.412079
B0H6YUARHO,中西部陆港金融小镇东停车场,交通设施服务;停车场;公共停车场,109.06618503861765,34.37368597457155,灞桥区,109.071309,34.372465
B0M6XZOLXN,西安交通大学第一附属医院国际陆港院区地下停车场(出口),交通设施服务;停车场;停车场出口,109.03788839428744,34.39343418972798,灞桥区,109.042928,34.392168
B0FFILBJO1,潘骞路-道路停车位,交通设施服务;停车场;路边停车场,109.06673796697962,34.382464476158034,灞桥区,109.071864,34.381249
B0FFIL2AYD,西安保税物流中心停车场,交通设施服务;停车场;公共停车场,109.06983040253404,34.40017252398894,灞桥区,109.074965,34.398971
B0LULU1F2X,陕西医药控股集团派昂医药有限责任公司停车场,交通设施服务;停车场;公共停车场,109.06723683113846,34.382118968039464,灞桥区,109.072364,34.380904
B0MANCQWC6,西安天泰环境工程有限公司地上停车场,交通设施服务;停车场;公共停车场,109.0839009626126,34.39918255782683,灞桥区,109.089061,34.397994
B0L2K5GQF5,招商局丝路中心地面停车场(出入口),交通设施服务;停车场;停车场出入口,109.03385590764552,34.37473454196215,灞桥区,109.038879,34.373448
B0L0T496G2,陕西中集物流有限公司(灞耿路店)门前停车场,交通设施服务;停车场;公共停车场,109.05335096498168,34.40452368348756,灞桥区,109.058443,34.403298
B0MUFXIRLT,港兴三路南侧停车场,交通设施服务;停车场;路边停车场,109.03425700595628,34.37933704504604,灞桥区,109.039282,34.378054
B0MBMY6XRD,汇通路-路侧停车场,交通设施服务;停车场;公共停车场,109.06699566304988,34.37902097682224,灞桥区,109.072122,34.377804
B0MG2N0HQ6,西安南湖博苑职业高中地上停车场,交通设施服务;停车场;公共停车场,109.08251769889053,34.39116897546493,灞桥区,109.087675,34.389975
B0MB1NVENO,招商城市主场盛会地下停车场,交通设施服务;停车场;公共停车场,109.049295543806,34.40410910988467,灞桥区,109.054375,34.402875
B0MUMRXJQQ,停车场,交通设施服务;停车场;停车场相关,109.04062521455911,34.397882068381875,灞桥区,109.045675,34.396625
B0MD9LQFMF,龙翔奥城珑樾府云祥府-地下停车场,交通设施服务;停车场;专用停车场,109.05361158932536,34.376782526394734,灞桥区,109.058702,34.375542
B0KR9ZIHKE,梦想公社停车场,交通设施服务;停车场;专用停车场,109.06700862614905,34.37909691787168,灞桥区,109.072135,34.37788
B0FFGFQJXD,西安综合保税区停车场,交通设施服务;停车场;公共停车场,109.07015999122493,34.39664709289598,灞桥区,109.075295,34.395444
B0I3XD6XPZ,港润路-道路停车位,交通设施服务;停车场;路边停车场,109.03085663033208,34.38291897971048,灞桥区,109.035869,34.381629
B0FFIL2IYH,停车场,交通设施服务;停车场;公共停车场,109.06343346541286,34.37724516459526,灞桥区,109.068551,34.376022
B0IDAZ39CI,国药控股陕西有限公司内部地面停车场,交通设施服务;停车场;专用停车场,109.06666568379867,34.376185960137235,灞桥区,109.071791,34.374967
B0LKBKSDIG,阳光STATION地下停车场,交通设施服务;停车场;公共停车场,109.06176059535392,34.39049359122304,灞桥区,109.066875,34.389275
B0MAX6KMLF,西安先德电子商务有限公司停车场,交通设施服务;停车场;公共停车场,109.07627890984324,34.38267892763854,灞桥区,109.081425,34.381475
B0L2K5FZ8B,招商局丝路中心地下停车场(出入口),交通设施服务;停车场;停车场出入口,109.03381907480556,34.3744018140756,灞桥区,109.038842,34.373115
B0MBCBNCNV,迅通物流(西安分拨基地)-停车场,交通设施服务;停车场;公共停车场,109.07341679448086,34.40123663977243,灞桥区,109.078559,34.40004
B0K65A9KEP,西安国际港务区亚朵酒店地下停车点(入口),交通设施服务;停车场;停车场入口,109.06173964916287,34.39050162057932,灞桥区,109.066854,34.389283
B0JA9UBAOQ,道路停车位,交通设施服务;停车场;路边停车场,109.06720060790674,34.37416828934075,灞桥区,109.072327,34.372949
B0FFIL9R92,汇通路-道路停车位,交通设施服务;停车场;路边停车场,109.06565782640332,34.379120825963106,灞桥区,109.070781,34.377902
B0IKCZLV7U,地面停车场,交通设施服务;停车场;公共停车场,109.04725466824364,34.39784200612966,灞桥区,109.052327,34.3966
B0MDTLE04W,绿城紫棠苑-地下停车场,交通设施服务;停车场;专用停车场,109.03424979518584,34.38210656667976,灞桥区,109.039275,34.380825
B0M6J6B9Q6,百利威国际电商产业园二期地上停车场,交通设施服务;停车场;公共停车场,109.07717421267684,34.39486934558969,灞桥区,109.082323,34.393673
B0H3ZUFQOY,讯通商务大厦地下停车场,交通设施服务;停车场;公共停车场,109.07125833260774,34.40013077549861,灞桥区,109.076396,34.398931
B0L0T49R6I,陕西中集物流有限公司(灞耿路店)门前停车场,交通设施服务;停车场;公共停车场,109.05402419028644,34.40180093343852,灞桥区,109.059118,34.400575
B0L0C1ZI9H,西安市国际港务区新筑街道杨贺村村民委员会停车场,交通设施服务;停车场;公共停车场,109.05916305382765,34.384342296153534,灞桥区,109.06427,34.383116
B0FFGFPZ9I,金帝酒楼停车场,交通设施服务;停车场;公共停车场,109.0684284803022,34.40067406597532,灞桥区,109.07356,34.399471
B0JR65J162,京东亚洲一号西安智能物流园内部地面停车场,交通设施服务;停车场;专用停车场,109.0818652138644,34.38523671083842,灞桥区,109.087021,34.384039
B0IKAHNJMM,地面停车场(出入口),交通设施服务;停车场;停车场出入口,109.0363228079866,34.39703007164586,灞桥区,109.041357,34.395762
B0MUT6JBYF,和悦路东侧停车场,交通设施服务;停车场;公共停车场,109.03193829240952,34.37342522576921,灞桥区,109.036954,34.372133
B0I0SHC7J0,内部地面停车场,交通设施服务;停车场;专用停车场,109.07687886197054,34.38210265536212,灞桥区,109.082026,34.380899
B0MUDPGPBJ,停车场,交通设施服务;停车场;停车场相关,109.02961513395168,34.40980321865664,灞桥区,109.034625,34.408525
B0MUT6IZXR,和悦路西侧停车场,交通设施服务;停车场;公共停车场,109.03162837263856,34.374658384603464,灞桥区,109.036643,34.373366
B0IBF5357A,210县道-道路停车位,交通设施服务;停车场;路边停车场,109.055238057577,34.38520087711605,灞桥区,109.060334,34.383968
B0FFKWFLT6,群群停车场,交通设施服务;交通服务相关;交通服务相关,109.05641203340502,34.392507679820014,灞桥区,109.061512,34.391281
B0HKTRLV7U,西安奥体中心游泳馆东停车场(南出入口),交通设施服务;停车场;停车场出入口,109.02506276234344,34.3790008501773,灞桥区,109.030052,34.377693
B0MUYLS4XF,停车场,交通设施服务;停车场;停车场相关,109.03633915560728,34.41553241941762,灞桥区,109.041375,34.414275
B0L0ZHEQBI,西安奥体中央公园北侧地上停车场,交通设施服务;停车场;公共停车场,109.03903270212264,34.37674750199857,灞桥区,109.044075,34.375475
B0LK1ZCMGR,西安港进口红酒交易基地门前停车场,交通设施服务;停车场;公共停车场,109.0684693347147,34.401283666161845,灞桥区,109.073601,34.400081
B0MULLWFV8,中粮奥体壹号-1期-地下停车场,交通设施服务;停车场;专用停车场,109.0255335926616,34.38232974399662,灞桥区,109.030525,34.381025
B0J0R5KIO4,湃中心停车场1号(出入口),交通设施服务;停车场;停车场出入口,109.02504509230693,34.37596752621639,灞桥区,109.030034,34.374658
B0L3A1Y3GX,陕西天石实业有限公司(港务区搅拌站)-停车场,交通设施服务;停车场;公共停车场,109.0409202693428,34.41996962322394,灞桥区,109.045973,34.418726
B0MBFD666P,路侧停车场,交通设施服务;停车场;路边停车场,109.04097569835068,34.37794219682348,灞桥区,109.046025,34.376675
B0FFIL3AED,停车场,交通设施服务;停车场;公共停车场,109.07853149658264,34.41001049118527,灞桥区,109.083684,34.408824
B0LKMX7N7D,西安国际陆港第二小学停车场,交通设施服务;停车场;公共停车场,109.04273625111992,34.38160609533796,灞桥区,109.047792,34.380345
B0FFIL3GFF,停车场,交通设施服务;停车场;公共停车场,109.06451692753464,34.38688928699255,灞桥区,109.069638,34.385673
B0HA1SE576,陆港保税大厦停车场(出入口),交通设施服务;停车场;停车场出入口,109.06890749040066,34.39966300440859,灞桥区,109.07404,34.39846
B0K65AB1RO,西安国际港务区亚朵酒店地下停车点(出口),交通设施服务;停车场;停车场出口,109.06499945471082,34.390219735134295,灞桥区,109.070122,34.389006
B0G2YCSLIC,佳辉大型停车场,交通设施服务;停车场;停车场相关,109.09440277986847,34.37790596615216,灞桥区,109.099573,34.37671
BV11329894,新筑保养场(公交站),交通设施服务;公交车站;公交车站相关,109.10094521974648,34.401386804183,灞桥区,109.106122,34.400204
BV11329895,西韩公路秦汉大道口(公交站),交通设施服务;公交车站;公交车站相关,109.10089151710696,34.39831553402821,灞桥区,109.106068,34.397131
BV09226862,贾村十字(公交站),交通设施服务;公交车站;公交车站相关,109.13844382935888,34.39038132593355,临潼区,109.143606,34.389161
BV10941758,肖闫村(公交站),交通设施服务;公交车站;公交车站相关,109.10096174657086,34.406678786376425,灞桥区,109.106139,34.405499
BV11103444,秦汉大道西韩路口(公交站),交通设施服务;公交车站;公交车站相关,109.1015813125056,34.39671951723906,灞桥区,109.106758,34.395534
BV11319347,椿树村(公交站),交通设施服务;公交车站;公交车站相关,109.09818927284913,34.385041757423096,临潼区,109.103363,34.38385
BV11273759,潘罗村(公交站),交通设施服务;公交车站;公交车站相关,109.09635050469976,34.37445455531708,灞桥区,109.101522,34.373257
BV09044698,鹏程路秦汉大道口(公交站),交通设施服务;公交车站;公交车站相关,109.08870668463064,34.39940984393697,灞桥区,109.093873,34.398224
BV11241407,杜家村(公交站),交通设施服务;公交车站;公交车站相关,109.10007467664694,34.41290310489055,灞桥区,109.105252,34.411727
BV10941763,新合村(公交站),交通设施服务;公交车站;公交车站相关,109.1006371960294,34.392099982974926,灞桥区,109.105813,34.390912
BV09045016,大明汽配城(公交站),交通设施服务;公交车站;公交车站相关,109.105432905643,34.39598278448293,灞桥区,109.110611,34.394796
B0H3F5ASNW,鸣犊泉公园停车场,交通设施服务;停车场;公共停车场,109.14216107390408,34.39127638019023,临潼区,109.147319,34.390051
BV10853218,新合街道办(公交站),交通设施服务;公交车站;公交车站相关,109.09942964801844,34.41747139263662,灞桥区,109.104607,34.416298
B0FFGDDEE0,三维学校停车场,交通设施服务;停车场;公共停车场,109.09605214971845,34.38111001127447,临潼区,109.101224,34.379916
B0JDSCSWSF,西安协力混凝土有限公司内部地面停车场,交通设施服务;停车场;专用停车场,109.09758682555707,34.38338367367152,临潼区,109.10276,34.382191
BV10350150,草林路十字(公交站),交通设施服务;公交车站;公交车站相关,109.1376668879525,34.39141263801004,临潼区,109.14283,34.390194
B0HKDUYOY1,西部新材料交易中心停车场,交通设施服务;停车场;公共停车场,109.09770544920278,34.39814050318499,灞桥区,109.10288,34.396956
B0M6J6BEC3,陕西康佳智能家电有限公司停车场,交通设施服务;停车场;公共停车场,109.08686676546516,34.401307637061386,灞桥区,109.092031,34.400122
B0LKJG0DPK,西安金赛博板业有限公司地上停车场,交通设施服务;停车场;公共停车场,109.0943656481008,34.37977496693932,灞桥区,109.099536,34.37858
B0M67HYKJ5,中国铁建大桥工程局集团有限公司西延铁路西安联络线工程项目经理部-门前停车场,交通设施服务;停车场;公共停车场,109.0986478721392,34.4203966435032,灞桥区,109.103825,34.419225
BV10070431,洋生管厂(公交站),交通设施服务;公交车站;公交车站相关,109.12220330291623,34.392232583030484,临潼区,109.127379,34.391033
BV11382684,师家村(公交站),交通设施服务;公交车站;公交车站相关,109.12625473293136,34.391833951728074,临潼区,109.131428,34.39063
B0I1XSO9UG,临潼区西泉社区卫生服务中心地面停车场,交通设施服务;停车场;公共停车场,109.13904609264084,34.406458145141386,临潼区,109.144209,34.405246
B0MBYG4FQQ,京东亚洲一号智能产业园西安灞桥2期地上停车场,交通设施服务;停车场;公共停车场,109.08742480189817,34.381474350233574,灞桥区,109.092588,34.380278
B0I1XSPYXE,临潼区西泉社区卫生服务中心地面停车场(出入口),交通设施服务;停车场;停车场出入口,109.13904309636584,34.406377187209266,临潼区,109.144206,34.405165
B0JDSCP9LQ,西安协力混凝土有限公司内部地面停车场(出入口),交通设施服务;停车场;停车场出入口,109.09758682555707,34.38338367367152,临潼区,109.10276,34.382191
B0M6967PRL,临港产业园地上停车场,交通设施服务;停车场;公共停车场,109.09248052880088,34.40081274853407,灞桥区,109.097651,34.399629
B0MBYG4KQI,京东亚洲一号智能产业园西安灞桥2期地上停车场,交通设施服务;停车场;公共停车场,109.08882304767008,34.38230326338748,灞桥区,109.093988,34.381108
BV10350156,西泉(公交站),交通设施服务;公交车站;公交车站相关,109.13875776418264,34.40651569144057,临潼区,109.143921,34.405304
BV11226426,新合(公交站),交通设施服务;公交车站;公交车站相关,109.09943764852952,34.4174114282765,灞桥区,109.104615,34.416238
B0L0UYULYH,亿都大酒店停车场,交通设施服务;停车场;公共停车场,109.14101449568062,34.40499091201456,临潼区,109.146175,34.403775
B0M6N6DUW9,中外运物流西北有限公司停车场,交通设施服务;停车场;公共停车场,109.09919837409136,34.39939680049983,灞桥区,109.104374,34.398213
BV09416289,潘罗(公交站),交通设施服务;公交车站;公交车站相关,109.09634552582068,34.37425666111776,灞桥区,109.101517,34.373059
B0L39RSXW0,西安市神马节能门窗有限责任公司停车场,交通设施服务;停车场;公共停车场,109.09989955969628,34.415361657220274,灞桥区,109.105077,34.414187
B0MAKLPJCX,新合村村民委员会东北侧停车场,交通设施服务;停车场;公共停车场,109.0940886040543,34.39443697232456,灞桥区,109.09926,34.39325
B0MBFD57Y2,西安市第六十五中学-门前停车场,交通设施服务;停车场;公共停车场,109.09909777130942,34.41834786361317,灞桥区,109.104275,34.417175
B0K6U7SDN8,陆港建材物流园地面停车场,交通设施服务;停车场;公共停车场,109.10539286358282,34.39659143118905,灞桥区,109.110571,34.395405
B0I1OZDKTF,新合街道办事处地面停车场,交通设施服务;停车场;公共停车场,109.09930274375814,34.41724551991862,灞桥区,109.10448,34.416072
B0MB91VC6V,陆港建材物流园地上停车场,交通设施服务;停车场;公共停车场,109.10134828220268,34.398359563891255,灞桥区,109.106525,34.397175
B0MUJOU889,停车场,交通设施服务;停车场;停车场相关,109.09650342290468,34.37407274552309,灞桥区,109.101675,34.372875
B0MANUQ8CF,庆华驾校小型汽车科目二社会化考场地上停车场,交通设施服务;停车场;公共停车场,109.13995239995904,34.39191868639353,临潼区,109.145113,34.390697
B0LK0Y7D1S,西安市中安电气有限公司西南侧停车场,交通设施服务;停车场;公共停车场,109.10004757791806,34.41420034654727,灞桥区,109.105225,34.413025
BV10867565,招呼站(公交站),交通设施服务;公交车站;公交车站相关,109.13955566409751,34.40652985251638,临潼区,109.144718,34.405317
B0IROHXYDK,地面停车场,交通设施服务;停车场;公共停车场,109.09597821645504,34.3810030767625,临潼区,109.10115,34.379809
BV10785014,招呼站(公交站),交通设施服务;公交车站;公交车站相关,109.1375365167918,34.39403899188239,临潼区,109.1427,34.392822
B0L0HPPQGV,西北大明汽配物流园地上停车场,交通设施服务;停车场;公共停车场,109.10619656118568,34.39761111448295,灞桥区,109.111375,34.396425
B0JGGCRIEF,鹏举路-道路停车位,交通设施服务;停车场;路边停车场,109.09521011887108,34.40050937531356,灞桥区,109.100383,34.399326
B0LKU5Z9K0,陆港建材物流园地上停车场,交通设施服务;停车场;公共停车场,109.10125711633636,34.40076419412856,灞桥区,109.106434,34.399581
B0MBB9XI7S,陆港建材物流园地上停车场,交通设施服务;停车场;公共停车场,109.1062962649747,34.40070939980893,灞桥区,109.111475,34.399525
B0MGYU6JQ9,东方农牧科技发展有限公司停车场,交通设施服务;停车场;公共停车场,109.10069258448964,34.410121773361794,灞桥区,109.10587,34.408944
B0M6NHEUOK,中外运物流西北有限公司停车场,交通设施服务;停车场;公共停车场,109.09790931530657,34.39808552914083,灞桥区,109.103084,34.396901
B0HKDU0PJ1,西部新材料交易中心地面停车场(出入口),交通设施服务;停车场;停车场出入口,109.09771144018302,34.398196471502814,灞桥区,109.102886,34.397012
B0I1M7BOLK,地面停车场,交通设施服务;停车场;公共停车场,109.13880380785268,34.40660470738986,临潼区,109.143967,34.405393
B0MRBK9VVQ,路侧停车场,交通设施服务;停车场;路边停车场,109.09765116448152,34.39041381594864,灞桥区,109.102825,34.389225
B0IROH0Q80,地面停车场(出入口),交通设施服务;停车场;停车场出入口,109.09597821645504,34.3810030767625,临潼区,109.10115,34.379809
B0HKDUZNGE,西部新材料交易中心停车场(出入口),交通设施服务;停车场;停车场出入口,109.09659321970952,34.39842840044127,灞桥区,109.101767,34.397244
B0K6U7UOYO,陆港建材物流园地面停车场(出入口),交通设施服务;停车场;停车场出入口,109.10539286358282,34.39659143118905,灞桥区,109.110571,34.395405
B0I1M78YO6,地面停车场(出入口),交通设施服务;停车场;停车场出入口,109.13880880467828,34.40670465729059,临潼区,109.143972,34.405493
B0I1OZCXZH,新合街道办事处地面停车场(出入口),交通设施服务;停车场;停车场出入口,109.09930274375814,34.41724551991862,灞桥区,109.10448,34.416072
BV10846785,斗门(地铁站),交通设施服务;地铁站;地铁站,108.78585001234259,34.24631279980421,长安区,108.790562,34.244843
BV10566217,富源五路南口(公交站),交通设施服务;公交车站;公交车站相关,108.80474812256129,34.23971806647189,雁塔区,108.809436,34.238218
BX10031025,斗门地铁站C口,交通设施服务;地铁站;出入口,108.78640159747742,34.24576069417238,长安区,108.791113,34.24429
BX10031027,斗门地铁站A口,交通设施服务;地铁站;出入口,108.78509926963392,34.246606771436035,长安区,108.789812,34.245138
B0MGCAE744,锦常亮停车场,交通设施服务;停车场;公共停车场,108.81904872923573,34.21779142588001,雁塔区,108.823712,34.216258
BV10072566,双旗寨(公交站),交通设施服务;公交车站;公交车站相关,108.8163785484661,34.23905475966253,雁塔区,108.821048,34.237534
BX10031036,王寺地铁站B口,交通设施服务;地铁站;出入口,108.8006787562281,34.245981038415835,长安区,108.805373,34.24449
B0MBR4PZTJ,昆明池七夕公园东侧地上停车场,交通设施服务;停车场;公共停车场,108.7852667080347,34.218638294374,长安区,108.789977,34.217159
B0MD47JAAH,昆明池沙滩停车场,交通设施服务;停车场;公共停车场,108.7869944364397,34.2181845954736,长安区,108.791703,34.216703
BV10849252,镐京大道·汉池一路口(公交站),交通设施服务;公交车站;公交车站相关,108.7926270130175,34.237844977129264,长安区,108.797331,34.236363
B0J1ZUJKHH,润景怡园地下停车场,交通设施服务;停车场;公共停车场,108.79289574062139,34.23282522332229,长安区,108.797599,34.231341
B0FFH0QQ8I,西安市高新区普洛斯停车场,交通设施服务;停车场;公共停车场,108.81695081444376,34.18575044102044,长安区,108.821615,34.18421
BX10031026,斗门地铁站B口,交通设施服务;地铁站;出入口,108.78509431019783,34.24605197784331,长安区,108.789807,34.244583
BX10031033,王寺地铁站C口,交通设施服务;地铁站;出入口,108.8017342123562,34.246327600972954,长安区,108.806427,34.244835
BV11057104,镐京大道汉池一路口(公交站),交通设施服务;公交车站;公交车站相关,108.7926270130175,34.237844977129264,长安区,108.797331,34.236363
BV10889447,北丰村(公交站),交通设施服务;公交车站;公交车站相关,108.77901968866021,34.24030936846505,长安区,108.783737,34.238845
BV09134733,镐京大道·汉池路口(公交站),交通设施服务;公交车站;公交车站相关,108.79483873443534,34.237404327653,长安区,108.79954,34.235919
B0L39RSQHK,中电建路桥集团西北有限公司地上停车场,交通设施服务;停车场;公共停车场,108.78739600624456,34.21618881107591,长安区,108.792104,34.214706
BV11476890,斗门地铁站(公交站),交通设施服务;公交车站;公交车站相关,108.78500819597788,34.24645671893038,长安区,108.789721,34.244988
B0I39SZ3GH,汉堤码头,交通设施服务;港口码头;港口码头,108.77842663359601,34.21124529418872,长安区,108.783142,34.209771
BV09198111,云水四路天谷四路口(公交站),交通设施服务;公交车站;公交车站相关,108.82171160178385,34.22553759723446,雁塔区,108.826371,34.224002
B0L1TH3FDT,沣悦·云创中心地面停车场,交通设施服务;停车场;公共停车场,108.79532436403684,34.237139142019,长安区,108.800025,34.235653
BV09131354,斗门站(有轨电车站),交通设施服务;公交车站;电车站,108.78614135143444,34.24563741788043,长安区,108.790853,34.244167
BV09012747,镐京大道·豫章路口(公交站),交通设施服务;公交车站;公交车站相关,108.78600986190078,34.23780021857409,长安区,108.790721,34.236327
BV11498953,地铁5号线斗门站(公交站),交通设施服务;公交车站;公交车站相关,108.78536754578448,34.246343197767004,长安区,108.79008,34.244874
BV09449284,绿地新里城兰亭公馆(北门)(公交站),交通设施服务;公交车站;公交车站相关,108.80737183429837,34.2304039708434,长安区,108.812055,34.228896
BV09226345,云水四路·天谷四路口(公交站),交通设施服务;公交车站;公交车站相关,108.81881269212816,34.22570415510181,雁塔区,108.823477,34.224174
BV09198113,昆池大道豫章路口(公交站),交通设施服务;公交车站;公交车站相关,108.78463565642014,34.22426951872093,长安区,108.789347,34.222793
B0LKTUXA8H,周宋欣苑地下停车场,交通设施服务;停车场;公共停车场,108.81920016027408,34.22796405052652,雁塔区,108.823864,34.226434
B0K05ZV6IZ,科技路金茂府停车场,交通设施服务;停车场;公共停车场,108.81157777781466,34.238368363477,雁塔区,108.816255,34.236856
B0H31HY0FI,西安沣东逸宸酒店停车场,交通设施服务;停车场;公共停车场,108.79404678174372,34.2370992871856,长安区,108.798749,34.235615
BV11498952,地铁5号线王寺站(公交站),交通设施服务;公交车站;公交车站相关,108.80094413391136,34.24589649489481,长安区,108.805638,34.244405
BV10974697,镐京村站(公交站),交通设施服务;公交车站;公交车站相关,108.78743423061186,34.23846275870862,长安区,108.792144,34.236988
B0MA7MYN3L,沣东六中免费停车场,交通设施服务;停车场;公共停车场,108.79670707692893,34.2377929643639,长安区,108.801406,34.236305
BV11659279,启航佳境西(公交站),交通设施服务;公交车站;公交车站相关,108.79733544193873,34.24337481382813,长安区,108.802034,34.241888
BV09313957,汉池路(便民站)(公交站),交通设施服务;公交车站;公交车站相关,108.79119734521866,34.22565546916075,长安区,108.795902,34.224171
BV10495425,岳旗寨(公交站),交通设施服务;公交车站;公交车站相关,108.8170427596219,34.23772247455919,雁塔区,108.821711,34.2362
B0J1ZUKMYN,润景怡园地下停车场(入口),交通设施服务;停车场;停车场入口,108.79289574062139,34.23282522332229,长安区,108.797599,34.231341
BV09022267,科技西路·盛运路口(公交站),交通设施服务;公交车站;公交车站相关,108.79891491652667,34.2388219680212,长安区,108.803611,34.237331
B0I39H18Y9,汉堤东站,交通设施服务;交通服务相关;交通服务相关,108.779022703372,34.21563136279159,长安区,108.783738,34.214158
B0L2X9Z64L,西安领航职业高级中学停车场,交通设施服务;停车场;专用停车场,108.81338585609693,34.23634634846566,雁塔区,108.81806,34.23483
B0L0X9M1OE,华勤技术股份有限公司(西安研发中心)-地下停车场,交通设施服务;停车场;公共停车场,108.81214720879218,34.21965321443174,雁塔区,108.816822,34.218133
BV09063360,昆池三路·豫章路口(公交站),交通设施服务;公交车站;公交车站相关,108.78600333660258,34.23189840094107,长安区,108.790714,34.230423
BV09086176,富源三路科技西路口(公交站),交通设施服务;公交车站;公交车站相关,108.82093519811792,34.238967200809974,雁塔区,108.825597,34.237438
BV11308311,富源三路鱼跃路口(公交站),交通设施服务;公交车站;公交车站相关,108.82076463093324,34.24240458729593,雁塔区,108.825427,34.240877
BV09052705,富源三路富源路口(公交站),交通设施服务;公交车站;公交车站相关,108.8218090578389,34.246653913487,雁塔区,108.82647,34.245126
B0MGHST5N1,保利·天汇-地下停车场,交通设施服务;停车场;公共停车场,108.81685581054494,34.22091427850964,雁塔区,108.821523,34.219386
B0MBFD5B8S,陕西新石基混凝土工程有限公司停车场,交通设施服务;停车场;公共停车场,108.77865724538198,34.2425381574895,长安区,108.783375,34.241075
BV11308312,富源三路大寨路口(公交站),交通设施服务;公交车站;公交车站相关,108.82074732464879,34.2458242535603,雁塔区,108.82541,34.244298
BV11073307,富源三路·鱼跃路口(公交站),交通设施服务;公交车站;公交车站相关,108.82175726292228,34.24303519691761,雁塔区,108.826418,34.241506
BV11474064,王寺地铁站(公交站),交通设施服务;公交车站;公交车站相关,108.80094413391136,34.24589649489481,长安区,108.805638,34.244405
BV09027914,科技西路盛运路口(公交站),交通设施服务;公交车站;公交车站相关,108.79922337889266,34.23827865362874,长安区,108.803919,34.236787
BV09043222,镐京大道豫章路口(公交站),交通设施服务;公交车站;公交车站相关,108.78703880495172,34.238757146155,长安区,108.791749,34.237283
BV09131353,镐京大道(有轨电车站),交通设施服务;公交车站;电车站,108.78600382325324,34.238202060696715,长安区,108.790715,34.236729
B0I0YRXZMC,西安沣东逸宸酒店地下停车场,交通设施服务;停车场;公共停车场,108.79365435073102,34.23652393543898,长安区,108.798357,34.23504
BV09226342,昆池大道·豫章路口(公交站),交通设施服务;公交车站;公交车站相关,108.78463565642014,34.22426951872093,长安区,108.789347,34.222793
B0MUXRAA9K,保利云谷天汇-地下停车场,交通设施服务;停车场;专用停车场,108.81881798914705,34.234493943963244,雁塔区,108.823483,34.232967
B0LGMLAXAQ,希望里·月栖停车场(出入口),交通设施服务;停车场;停车场出入口,108.80728312188025,34.23750418970546,雁塔区,108.811967,34.235999
B0IRZ74FEP,源博停车场,交通设施服务;停车场;公共停车场,108.81584134902884,34.242883334594026,雁塔区,108.820512,34.241365
B0KAGZR9BS,幸福农场国情教育研学实践基地停车场,交通设施服务;停车场;公共停车场,108.81722508437483,34.1880541928078,长安区,108.821889,34.186514
B0MGVLFM97,希望里·月栖-地下停车场,交通设施服务;停车场;专用停车场,108.80550060402648,34.23528098838043,雁塔区,108.810187,34.233778
BV11038379,沣东第六小学(公交站),交通设施服务;公交车站;公交车站相关,108.78740165828603,34.23280682082653,长安区,108.792111,34.23133
B0L0X9MY3O,华勤技术股份有限公司(西安研发中心)地下停车场,交通设施服务;停车场;公共停车场,108.81260099269956,34.21899625817934,雁塔区,108.817275,34.217475
B0H31H01GS,西安沣东格兰云天酒店停车场(出入口),交通设施服务;停车场;停车场出入口,108.79342407116488,34.236538599343874,长安区,108.798127,34.235055
BV09339625,云水四路·天谷二路口(公交站),交通设施服务;公交车站;公交车站相关,108.82218077425546,34.2332556498734,雁塔区,108.82684,34.231722
BV09073392,落水村东(公交站),交通设施服务;公交车站;公交车站相关,108.77507212134168,34.24016763266479,长安区,108.779792,34.238707
BV09134730,昆池二路·豫章路口(公交站),交通设施服务;公交车站;公交车站相关,108.78600656989829,34.22907444070258,长安区,108.790717,34.227598
B0LRSM4E9G,镐京停车场,交通设施服务;停车场;公共停车场,108.78421763332287,34.244359575289494,长安区,108.788931,34.242891
B0IUDAH6KW,斗门街道办事处地面停车场,交通设施服务;停车场;公共停车场,108.79457812689435,34.21631760580431,长安区,108.799278,34.214825
BV09449282,双旗寨小区(公交站),交通设施服务;公交车站;公交车站相关,108.81546874626274,34.230399312802476,雁塔区,108.820139,34.228877
B0MBT49M9E,海康威视西安科技园地上停车场,交通设施服务;停车场;公共停车场,108.81775845699579,34.23150109641493,雁塔区,108.822425,34.229975
BV09299522,云水四路天谷二路口(公交站),交通设施服务;公交车站;公交车站相关,108.82096962688982,34.23439197156597,雁塔区,108.825631,34.232861
B0J0LCQXAH,绿地新里城·兰亭公馆内部地下停车场,交通设施服务;停车场;专用停车场,108.80734884365059,34.2298551325258,长安区,108.812032,34.228347
B0FFIL7X87,周宋欣苑停车场,交通设施服务;停车场;专用停车场,108.81797993426474,34.23017898934805,雁塔区,108.822646,34.228652
BV09343589,云水四路天谷三路口(公交站),交通设施服务;公交车站;公交车站相关,108.82097988121336,34.23146507142267,雁塔区,108.825641,34.229933
BV09064137,鱼跃路西段(公交站),交通设施服务;公交车站;公交车站相关,108.81244879805186,34.243029156710804,雁塔区,108.817125,34.241517
B0KRCCE8YV,双旗寨停车场,交通设施服务;停车场;公共停车场,108.81617388364933,34.23073647388193,雁塔区,108.820843,34.229213
B0M64CJLSE,润馨怡园地上停车场,交通设施服务;停车场;公共停车场,108.79362208493853,34.23930784716719,长安区,108.798325,34.237825
BV09339622,云水四路·天谷三路口(公交站),交通设施服务;公交车站;公交车站相关,108.82207884022812,34.23029954773812,雁塔区,108.826738,34.228765
B0L0JOH0Z3,岳旗寨安置楼-门前停车场,交通设施服务;停车场;公共停车场,108.80583869723985,34.24037665239925,雁塔区,108.810525,34.238875
BV09449286,西安高新区第十九小学(公交站),交通设施服务;公交车站;公交车站相关,108.82208160569759,34.233255464807186,雁塔区,108.826741,34.231722
B0IG5LM8M5,西咸新区沣东新城镐京骨科医院地面停车场,交通设施服务;停车场;公共停车场,108.78144328901085,34.243645679568225,长安区,108.786159,34.24218
BV11499043,启航佳境南(公交站),交通设施服务;公交车站;公交车站相关,108.79884347449884,34.24306825442407,长安区,108.80354,34.241579
B0I0YR084L,西安沣东格兰云天国际酒店地下停车场(出入口),交通设施服务;停车场;停车场出入口,108.79365435073102,34.23652393543898,长安区,108.798357,34.23504
BV11527826,沣东第六初级中学(便民站)(公交站),交通设施服务;公交车站;公交车站相关,108.7954424833454,34.23750218119219,长安区,108.800143,34.236016
BV09067730,富源四路鱼跃路口(公交站),交通设施服务;公交车站;公交车站相关,108.81665268020008,34.2430397567237,雁塔区,108.821322,34.24152
BV10811698,昆明澜庭(公交站),交通设施服务;公交车站;公交车站相关,108.79483673186039,34.23740532434244,长安区,108.799538,34.23592
B0MUCY0HVJ,叁宝烤肉·西安烧烤第一品牌(昆明池店)-门前停车场,交通设施服务;停车场;公共停车场,108.79267119049223,34.23630761362516,长安区,108.797375,34.234825
BV09077632,豫章路·昆池三路口(公交站),交通设施服务;公交车站;公交车站相关,108.78600333660258,34.23189840094107,长安区,108.790714,34.230423
B0MBZABH03,碧桂园国湖停车场,交通设施服务;停车场;专用停车场,108.7925947626415,34.24045095303719,长安区,108.797299,34.23897
B0MD7781IC,西咸理工职业高级中学地上停车场,交通设施服务;停车场;公共停车场,108.78576365558624,34.23739806568936,长安区,108.790475,34.235925
B0LKUUY8TH,骏捷机动车检测站地面停车场,交通设施服务;停车场;公共停车场,108.81188633895663,34.237543220642316,雁塔区,108.816563,34.23603
B0L3VRJFW2,西安云龙商务酒店门前停车场,交通设施服务;停车场;公共停车场,108.81663209722105,34.237473815501424,雁塔区,108.821301,34.235952
BV09062516,豫章路南段(公交站),交通设施服务;公交车站;公交车站相关,108.78600358140355,34.22889750164525,长安区,108.790714,34.227421
BV09131351,汉溪湖(有轨电车站),交通设施服务;公交车站;电车站,108.78604624117658,34.23358283235785,长安区,108.790757,34.232108
B0M625V8L8,慧康生物科技有限责任公司地下停车场,交通设施服务;停车场;公共停车场,108.8134253635642,34.24320883803561,雁塔区,108.8181,34.241695
B0G3RMAYXT,启航佳境停车场,交通设施服务;停车场;停车场相关,108.79893559359886,34.243134372898766,长安区,108.803632,34.241645
B0IGHUF97K,停车场(出入口),交通设施服务;停车场;停车场出入口,108.7905828388159,34.23561997164597,长安区,108.795289,34.23414
B0MUBR85UH,睿杰公寓地上停车场,交通设施服务;停车场;公共停车场,108.81916221392991,34.21415991643509,雁塔区,108.823825,34.212625
B0MA7C1ZZ0,沣东六中停车场,交通设施服务;停车场;公共停车场,108.79673111393538,34.237721027590304,长安区,108.80143,34.236233
B0MROAGCRP,盛运路东侧停车场,交通设施服务;停车场;路边停车场,108.7980244610204,34.24203637704717,长安区,108.802722,34.240548
B0MRMBSCY4,沣东第六初级中学地上停车场,交通设施服务;停车场;公共停车场,108.7955745925777,34.238211111832726,长安区,108.800275,34.236725
BV09217071,富源三路·科技西路口(公交站),交通设施服务;公交车站;公交车站相关,108.82093519811792,34.238967200809974,雁塔区,108.825597,34.237438
B0L0713I28,西安市机动车驾驶人社会化关中科目二考场停车场,交通设施服务;停车场;公共停车场,108.817492437971,34.22625452364268,雁塔区,108.822159,34.224727
B0LKBXVOKU,广汽埃安西安南城体验中心(普洛斯西安高新产业园店)地上停车场,交通设施服务;停车场;公共停车场,108.82186897077621,34.18717407870829,长安区,108.826525,34.185625
B0FFLAQL8F,源博停车场,交通设施服务;停车场;公共停车场,108.81571292919433,34.245445125511296,雁塔区,108.820384,34.243928
B0MUXLB6OW,浪潮西北总部基地地上停车场,交通设施服务;停车场;公共停车场,108.81455443125608,34.21575092077843,雁塔区,108.819225,34.214225
BV09134731,汉池路·昆池四路口(公交站),交通设施服务;公交车站;公交车站相关,108.79259634268757,34.23335160490341,长安区,108.7973,34.231868
B0MU3LPYH5,西1门停车场(出口),交通设施服务;停车场;停车场出口,108.79356685698505,34.24128602268775,长安区,108.79827,34.239804
B0KAGZVXSX,幸福农场停车场,交通设施服务;停车场;停车场相关,108.81821064639358,34.18908166849551,长安区,108.822873,34.18754
B0MBA7AII2,碧桂园国湖-地下停车场,交通设施服务;停车场;公共停车场,108.79116913221728,34.2401540771781,长安区,108.795875,34.238675
B0LBM95D37,西安瑞邦车队停车场,交通设施服务;停车场;公共停车场,108.7980256344717,34.2399241759306,长安区,108.802723,34.238435
B0MU5RUG0F,停车场,交通设施服务;停车场;停车场相关,108.79442478291361,34.2182167100173,长安区,108.799125,34.216725
B0MUSUBXDZ,路侧停车场,交通设施服务;停车场;路边停车场,108.81114829511363,34.22354204795623,长安区,108.815825,34.222025
B0M6JUDW36,云龙酒店(富鱼路店)地上停车场,交通设施服务;停车场;公共停车场,108.81728419880558,34.237264088749264,雁塔区,108.821952,34.235741
B0KA7UT40L,西安特乃特汽车销售有限公司停车场(出入口),交通设施服务;停车场;停车场出入口,108.81924644966305,34.23769954215027,雁塔区,108.823911,34.236173
BV09063359,富源四路·鱼跃路口(公交站),交通设施服务;公交车站;公交车站相关,108.81748105195969,34.24312524289549,雁塔区,108.822149,34.241604
B0KU67USKC,地下停车场,交通设施服务;停车场;公共停车场,108.80938836104137,34.23776073620307,雁塔区,108.814069,34.236252
BV09449283,海康威视(公交站),交通设施服务;公交车站;公交车站相关,108.82097886549339,34.23163800591346,雁塔区,108.82564,34.230106
B0LU6LKULM,岳旗寨-门前停车场,交通设施服务;停车场;公共停车场,108.80696760857568,34.23789050514828,雁塔区,108.811652,34.236386
B0M1VDTE58,霖昌易购乐城市生活街区地上停车场,交通设施服务;停车场;公共停车场,108.79667634056469,34.23406430590552,长安区,108.801375,34.232575
B0M6VPHVQE,周宋欣苑地下停车场,交通设施服务;停车场;公共停车场,108.81725779600492,34.22935096527721,雁塔区,108.821925,34.227825
B0J1ZUO27U,润景怡园地下停车场(出口),交通设施服务;停车场;停车场出口,108.79325402540618,34.23458808137021,长安区,108.797957,34.233104
B0FFJFCPUF,岳旗停车场,交通设施服务;交通服务相关;交通服务相关,108.82061514811507,34.24524223018425,雁塔区,108.825278,34.243716
B0L0O9J1RY,陕西斯瑞新材料股份有限公司鱼化厂区停车场,交通设施服务;停车场;公共停车场,108.80759123888731,34.2418790733657,雁塔区,108.812275,34.240375
B0I1U7YONZ,西安正华驾校地面停车场,交通设施服务;停车场;公共停车场,108.8149772034339,34.227118617828346,雁塔区,108.819648,34.225596
B0IDRUM97Y,鱼化汽车产业园地面停车场,交通设施服务;停车场;公共停车场,108.80320760088696,34.242947291809685,长安区,108.807898,34.241451
B0L2LOQ8EG,交大金满楼能源公司地上停车场,交通设施服务;停车场;公共停车场,108.81913024717417,34.23778629475202,雁塔区,108.823795,34.23626
B0FFJEU3LR,陕西绿安中泰停车场,交通设施服务;交通服务相关;交通服务相关,108.7988944351402,34.21980888857978,长安区,108.803589,34.218311
B0L1A7JS1N,姚家村村民委员会西南侧停车场,交通设施服务;停车场;公共停车场,108.81208594244694,34.24637723323161,雁塔区,108.816763,34.244867
B0MR99A5H9,停车场,交通设施服务;停车场;停车场相关,108.77550625913175,34.24159548572883,长安区,108.780226,34.240135
B0MUT6IZ2L,普新二路北侧停车场,交通设施服务;停车场;路边停车场,108.81897721320614,34.18559822025919,长安区,108.823638,34.184054
B0M6JUDWPC,中国人民保险客户服务中心(镐京大道店)门前停车场,交通设施服务;停车场;公共停车场,108.78406194105409,34.238845475716005,长安区,108.788775,34.237375
B0M6VPHXH9,中建昆明澜庭2期-门前停车场,交通设施服务;停车场;公共停车场,108.79232091605805,34.234607751733094,长安区,108.797025,34.233125
B0I1A7DCQF,地面停车场,交通设施服务;停车场;公共停车场,108.80601917387742,34.237853905049825,雁塔区,108.810705,34.236351
B0IUDAGR0S,斗门街道办事处地面停车场(出入口),交通设施服务;停车场;停车场出入口,108.79450402989302,34.21638347436507,长安区,108.799204,34.214891
B0HG67ENV0,鱼化光电电子科技产业园地面停车场,交通设施服务;停车场;公共停车场,108.81833445099427,34.24346768326158,雁塔区,108.823001,34.241945
B0LKUUY8TG,骏捷机动车检测站地面停车场(出入口),交通设施服务;停车场;停车场出入口,108.81189034895604,34.23749924421716,雁塔区,108.816567,34.235986
BV09538334,临时站(公交站),交通设施服务;公交车站;公交车站相关,108.82202350875126,34.23323336453702,雁塔区,108.826683,34.2317
B0FFIOU47H,西安市高新区普洛斯停车场(出入口),交通设施服务;停车场;停车场出入口,108.8169367787465,34.1859033655887,长安区,108.821601,34.184363
B0KGRZE60Y,鱼跃路-道路停车位,交通设施服务;停车场;路边停车场,108.8151552162248,34.24290407871159,雁塔区,108.819827,34.241387
B0L3H78XXE,西安惠品肉业有限公司停车场,交通设施服务;停车场;公共停车场,108.80475932275692,34.237458932242525,长安区,108.809447,34.235958
B0MRSO7HH4,镐京大道(东段)路北侧停车场,交通设施服务;停车场;公共停车场|交通设施服务;停车场;路边停车场,108.78190996800818,34.24004255886653,长安区,108.786625,34.238575
B0MRX9MZR0,路侧停车场,交通设施服务;停车场;路边停车场,108.79942926987597,34.24306517162967,长安区,108.804125,34.241575
B0HDJ5TW4S,海嵘大厦停车场,交通设施服务;停车场;公共停车场,108.81743796527077,34.24330809433831,雁塔区,108.822106,34.241787
B0IG5ZHKEM,雁塔鱼化工业园(鱼跃路)内部地面停车场,交通设施服务;停车场;专用停车场,108.81588332890415,34.243986991816826,雁塔区,108.820554,34.242469
B0LK0Y7BSW,西安城市科技职业学校西北侧地上停车场,交通设施服务;停车场;公共停车场,108.81274974119196,34.23738981844931,雁塔区,108.817425,34.235875
B0MUM9XMIE,鱼跃路北侧停车场,交通设施服务;停车场;路边停车场,108.81523933296289,34.24317113011979,雁塔区,108.819911,34.241654
B0MA5XRNIR,鱼跃路-路侧停车场,交通设施服务;停车场;路边停车场,108.81104655145317,34.243034662662616,雁塔区,108.815725,34.241525
B0M625WAA9,慧康集团-地下停车场,交通设施服务;停车场;公共停车场,108.81429473645831,34.24375019890943,雁塔区,108.818968,34.242235
BV09295415,临时站(公交站),交通设施服务;公交车站;公交车站相关,108.79482471690183,34.23740530672333,长安区,108.799526,34.23592
B0MGR1LQP4,西安沣东华能热力有限公司地上停车场,交通设施服务;停车场;公共停车场,108.80186371743115,34.24237831449302,长安区,108.806556,34.240884
B0KB6H3U2X,四腾科技产业园地面停车场,交通设施服务;停车场;公共停车场,108.81205014513458,34.24317139178382,雁塔区,108.816727,34.24166
B0FFGCBNJ8,停车场,交通设施服务;停车场;公共停车场,108.80623501069972,34.21924606134229,长安区,108.810919,34.217736
B0IG5LNM8R,西咸新区沣东新城镐京骨科医院地面停车场(出入口),交通设施服务;停车场;停车场出入口,108.78144328901085,34.243645679568225,长安区,108.786159,34.24218
B0L3LKPQU1,南丰村村委会南侧停车场,交通设施服务;停车场;公共停车场,108.78159987878453,34.23798898574729,长安区,108.786315,34.236521
B0MUT6IZJ5,富源四路东侧停车场,交通设施服务;停车场;路边停车场,108.81599150334822,34.24404116841849,雁塔区,108.820662,34.242523
B0MR99ALVS,普新二路南侧停车场,交通设施服务;停车场;路边停车场,108.81638382964172,34.18629322697365,长安区,108.821049,34.184754
B0FFGCDD68,停车场(环村南路),交通设施服务;停车场;公共停车场,108.81784006639518,34.23800483308259,雁塔区,108.822507,34.236481
B0LKUUZAWF,骏捷机动车检测站地面停车场(出口),交通设施服务;停车场;停车场出口,108.81214876098483,34.23753469108223,雁塔区,108.816825,34.236021
B0H0RSC9F9,道路停车位,交通设施服务;停车场;路边停车场,108.79897464268217,34.243180416334006,长安区,108.803671,34.241691
B0KBPU680L,中铁十二局集团有限公司睿杰公寓项目部内部地面停车场,交通设施服务;停车场;专用停车场,108.82039122623078,34.214895936072885,雁塔区,108.825052,34.213359
B0HDJ5UPYB,海嵘大厦地面停车场(出入口),交通设施服务;停车场;停车场出入口,108.81830141671765,34.24320772110136,雁塔区,108.822968,34.241685
B0MUAU21O6,鱼跃路北侧停车场,交通设施服务;停车场;路边停车场,108.81892847133993,34.243175890483826,雁塔区,108.823594,34.241652
B0L0AKB5AA,润景怡园北区地上停车场,交通设施服务;停车场;公共停车场,108.79532435817045,34.237211115128595,长安区,108.800025,34.235725
B0L0T1BU4X,普洛斯西安高新产业园(西汉高速南辅道店)地上停车场,交通设施服务;停车场;公共停车场,108.82051658296695,34.18837116918371,长安区,108.825175,34.186825
B0MBT4AB5W,普新一路-路侧停车场,交通设施服务;停车场;公共停车场,108.81927445929895,34.188733746964765,长安区,108.823935,34.18719
B0MUFXIXYX,鱼跃路南侧停车场,交通设施服务;停车场;路边停车场,108.81207219531485,34.24298950009061,雁塔区,108.816749,34.241478
B0MUFXIYD2,鱼跃路南侧停车场,交通设施服务;停车场;路边停车场,108.8187361628913,34.24299660329813,雁塔区,108.823402,34.241473
B0L0T497EA,湖光山色停车场,交通设施服务;停车场;专用停车场,108.78571432493541,34.22860125373837,长安区,108.790425,34.227125
B0MUOO6602,振泰聚合园停车场,交通设施服务;停车场;公共停车场,108.77920779117052,34.240739399517345,长安区,108.783925,34.239275
B0KU67V0G2,地下停车场(出入口),交通设施服务;停车场;停车场出入口,108.80938836104137,34.23776073620307,雁塔区,108.814069,34.236252
B0MG9HPK5K,西安高特环保科技有限公司地上停车场,交通设施服务;停车场;公共停车场,108.81725720373451,34.23664826909927,雁塔区,108.821925,34.235125
B0MR91A052,普新二路南侧停车场,交通设施服务;停车场;路边停车场,108.81825502506702,34.185316978667665,长安区,108.822917,34.183774
B0J0LCQXAG,绿地新里城·兰亭公馆内部地下停车场(入口),交通设施服务;停车场;停车场入口,108.80734884365059,34.2298551325258,长安区,108.812032,34.228347
B0MR99ARPE,鱼跃路北侧停车场,交通设施服务;停车场;路边停车场,108.81192494433591,34.243169169750246,雁塔区,108.816602,34.241658
B0MBFS44AJ,鱼跃路-路侧停车场,交通设施服务;停车场;路边停车场,108.81825835350227,34.24309768350332,雁塔区,108.822925,34.241575
B0MR16BBY3,鱼跃路北侧停车场,交通设施服务;停车场;路边停车场,108.8146463590492,34.243171054856774,雁塔区,108.819319,34.241655
B0I15SUCQV,地面停车场,交通设施服务;停车场;公共停车场,108.80506357116944,34.23996350247843,雁塔区,108.809751,34.238463
B0MGYU6I24,普洛斯西安高新产业园停车场,交通设施服务;停车场;公共停车场,108.81663228365217,34.185772850520216,长安区,108.821297,34.184233
B0M2KDIX4B,沣东新城考古营地项目地上停车场,交通设施服务;停车场;公共停车场,108.79362362477717,34.220414768094,长安区,108.798325,34.218925
B0I155U64P,内部地下停车场,交通设施服务;停车场;专用停车场,108.7854530792345,34.228535958056845,长安区,108.790164,34.22706
B0MR99A5PV,富源四路西侧停车场,交通设施服务;停车场;路边停车场,108.81589035632376,34.243792078764315,雁塔区,108.820561,34.242274
B0MUA51EC0,鱼跃路北侧停车场,交通设施服务;停车场;路边停车场,108.81662562442438,34.24317365640011,雁塔区,108.821295,34.241654
B0MU3LPFFB,普新二路北侧停车场,交通设施服务;停车场;路边停车场,108.817037942394,34.185959532723025,长安区,108.821702,34.184419
B0L1TH37O8,沣悦·云创中心地面停车场(出入口),交通设施服务;停车场;停车场出入口,108.79532436403684,34.237139142019,长安区,108.800025,34.235653
B0MR99ASDW,鱼跃路北侧停车场,交通设施服务;停车场;路边停车场,108.81294458725972,34.24316999008155,雁塔区,108.81762,34.241657
B0MR91ANX9,鱼跃路南侧停车场,交通设施服务;停车场;路边停车场,108.81629809576413,34.24299412583129,雁塔区,108.820968,34.241475
B0FFGCDBHX,停车场(科技西路),交通设施服务;停车场;专用停车场,108.81747548641086,34.23765029557168,雁塔区,108.822143,34.236127
B0KRCZ6QX8,鱼化光电电子科技产业园地面停车场(出入口),交通设施服务;停车场;停车场出入口,108.81830141671765,34.24320772110136,雁塔区,108.822968,34.241685
B0K6BSDREN,内部地下停车场,交通设施服务;停车场;专用停车场,108.81260599525845,34.21906424294761,雁塔区,108.81728,34.217543
B0MR999YO2,安民路北侧停车场,交通设施服务;停车场;路边停车场,108.8000390988929,34.243158097614966,长安区,108.804734,34.241667
B0JADHDFHF,地面停车场,交通设施服务;停车场;公共停车场,108.8127978170006,34.2374128958624,雁塔区,108.817473,34.235898
B0MBFS4AJO,路侧停车场,交通设施服务;停车场;公共停车场,108.80628935233216,34.240677302720485,雁塔区,108.810975,34.239175
B0I1U7YONY,西安正华驾校地面停车场(出入口),交通设施服务;停车场;停车场出入口,108.81497218944662,34.22718958293761,雁塔区,108.819643,34.225667
B0IDRUOY0L,鱼化汽车产业园地面停车场(出入口),交通设施服务;停车场;停车场出入口,108.80320760088696,34.242947291809685,长安区,108.807898,34.241451
B0MR91AG3L,鱼跃路北侧停车场,交通设施服务;停车场;路边停车场,108.81353754901437,34.243170054442864,雁塔区,108.818212,34.241656
B0MBFS3VQ6,普新一路-路侧停车场,交通设施服务;停车场;路边停车场,108.81926444366886,34.188718733351216,长安区,108.823925,34.187175
B0I1A7F1I8,地面停车场(出入口),交通设施服务;停车场;停车场出入口,108.80566965609555,34.237758349813234,雁塔区,108.810356,34.236256
B0K6BSDREM,内部地下停车场(出入口),交通设施服务;停车场;停车场出入口,108.81259798257678,34.2190612296955,雁塔区,108.817272,34.21754
B0KBPU0H86,中铁十二局集团有限公司睿杰公寓项目部内部地面停车场(出入口),交通设施服务;停车场;停车场出入口,108.82039122623078,34.214895936072885,雁塔区,108.825052,34.213359
B0KB6H7U6L,四腾科技产业园地面停车场(出入口),交通设施服务;停车场;停车场出入口,108.81205515171494,34.24318939386609,雁塔区,108.816732,34.241678
B0I155UDS4,内部地下停车场(出入口),交通设施服务;停车场;停车场出入口,108.7854530792345,34.228535958056845,长安区,108.790164,34.22706
B0IG5ZIL6Y,雁塔鱼化工业园(鱼跃路)内部地面停车场(出入口),交通设施服务;停车场;停车场出入口,108.81588332890415,34.243986991816826,雁塔区,108.820554,34.242469
B0JADHDFHE,地面停车场(出入口),交通设施服务;停车场;停车场出入口,108.8127978170006,34.2374128958624,雁塔区,108.817473,34.235898
B0IGN52RCL,地面停车场(出入口),交通设施服务;停车场;停车场出入口,108.82050455658285,34.188446122298636,长安区,108.825163,34.1869
B0I15SU50E,地面停车场(出入口),交通设施服务;停车场;停车场出入口,108.80506357116944,34.23996350247843,雁塔区,108.809751,34.238463
B0FFIAZW6V,万成鱼厂8、1停车场,交通设施服务;停车场;公共停车场,108.80313635418524,34.22010257897251,长安区,108.807825,34.218598
BV10073315,鱼化寨(地铁站),交通设施服务;地铁站;地铁站,108.84363126081773,34.239568126481544,雁塔区,108.848255,34.237997
BV09315525,东滩站(有轨电车站),交通设施服务;公交车站;电车站,108.84454188651156,34.19992687970695,雁塔区,108.849161,34.19834
BV09315536,西晁站(有轨电车站),交通设施服务;公交车站;电车站,108.83316615534709,34.23783556526266,雁塔区,108.837807,34.236283
BX10021666,鱼化寨地铁站C东南口,交通设施服务;地铁站;出入口,108.84481114463385,34.239242347733104,雁塔区,108.849433,34.237669
BV09315533,软件新城站(有轨电车站),交通设施服务;公交车站;电车站,108.8319185671515,34.20648547514112,雁塔区,108.836559,34.204924
BV09315524,天谷四路站(有轨电车站),交通设施服务;公交车站;电车站,108.83142424896513,34.22478809811611,雁塔区,108.836067,34.223234
BV11166100,云水一路天谷七路口(公交站),交通设施服务;公交车站;公交车站相关,108.83352274604864,34.21321514470952,雁塔区,108.838161,34.211653
B0HKHUB2NC,陕西省图书馆停车场(高新区分馆),交通设施服务;停车场;公共停车场,108.82981140846573,34.21350808121561,雁塔区,108.834456,34.211953
BV09315529,省图高新馆站(有轨电车站),交通设施服务;公交车站;电车站,108.83204114952466,34.21424600927516,雁塔区,108.836682,34.212687
BV09315540,鱼化寨站(有轨电车站),交通设施服务;公交车站;电车站,108.84162208437452,34.23912568038975,雁塔区,108.846249,34.237558
BX10021665,鱼化寨地铁站B西南口,交通设施服务;地铁站;出入口,108.84319158657635,34.23927544996501,雁塔区,108.847816,34.237705
BX10021670,鱼化寨地铁站F西南口,交通设施服务;地铁站;出入口,108.84204374705917,34.23932736651402,雁塔区,108.84667,34.237759
BV10072266,鱼化桥(公交站),交通设施服务;公交车站;公交车站相关,108.84271458827966,34.242228480247036,雁塔区,108.84734,34.24066
BX10021667,鱼化寨地铁站D东北口,交通设施服务;地铁站;出入口,108.84485116295835,34.239792211895036,雁塔区,108.849473,34.238219
B0FFIKGRAF,西安鱼化寨地铁广场地面停车场,交通设施服务;停车场;公共停车场,108.84388268852011,34.23919571514473,雁塔区,108.848506,34.237624
B0K1SRABIZ,西安轨道交通西安云巴鱼化寨站,交通设施服务;交通服务相关;交通服务相关,108.84183642582401,34.239175049373095,雁塔区,108.846463,34.237607
BX10021668,鱼化寨地铁站E西北口,交通设施服务;地铁站;出入口,108.8421548782843,34.23991434626586,雁塔区,108.846781,34.238346
BV09315528,锦业路西站(有轨电车站),交通设施服务;公交车站;电车站,108.83174599116889,34.19758817319948,雁塔区,108.836386,34.196024
BV09315538,丈八七路站(有轨电车站),交通设施服务;公交车站;电车站,108.83641103782267,34.1954306014985,雁塔区,108.841043,34.193857
BX10021669,鱼化寨地铁站A西北口,交通设施服务;地铁站;出入口,108.84321858102098,34.23987727204163,雁塔区,108.847843,34.238307
BV10072568,东晁村(公交站),交通设施服务;公交车站;公交车站相关,108.83569128547204,34.23943267584861,雁塔区,108.840328,34.237876
BV11154289,云水一路天谷八路口(公交站),交通设施服务;公交车站;公交车站相关,108.83215578380783,34.2087991221547,雁塔区,108.836796,34.207238
BV11168372,云水一路天谷九路口(公交站),交通设施服务;公交车站;公交车站相关,108.83216710960845,34.20499845124392,雁塔区,108.836807,34.203436
BV10072567,西晁村(公交站),交通设施服务;公交车站;公交车站相关,108.82864937366023,34.238864700598846,雁塔区,108.833298,34.237321
BV11166093,西三环科技二路口(公交站),交通设施服务;公交车站;公交车站相关,108.83570139745132,34.22585970319796,雁塔区,108.840337,34.224298
B0FFK6OK6B,西安地铁3号线鱼化寨停车场办公区,交通设施服务;交通服务相关;交通服务相关,108.82719694478031,34.238160232883274,雁塔区,108.831848,34.236619
B0LA9ZZ5UX,天谷八路临时停车场,交通设施服务;停车场;公共停车场,108.83854647842983,34.209158878251,雁塔区,108.843176,34.207586
B0H3JS3NAD,西安人才公园停车场,交通设施服务;停车场;停车场相关,108.83811220384496,34.216072662908836,雁塔区,108.842743,34.214503
BV11364121,云水一路·天谷五路口(公交站),交通设施服务;公交车站;公交车站相关,108.83195350278753,34.220413661711966,雁塔区,108.836595,34.218857
B0LUL19GNC,西安高新国际会议中心停车场,交通设施服务;停车场;公共停车场,108.82985218952749,34.217082899445565,雁塔区,108.834497,34.215529
BV11149573,云水二路天谷八路口(公交站),交通设施服务;公交车站;公交车站相关,108.82908951534363,34.20929019307457,雁塔区,108.833735,34.207735
BV11087741,锦业路丈八八路口(公交站),交通设施服务;公交车站;公交车站相关,108.83481033924569,34.19560256871389,长安区,108.839445,34.194032
BV10072268,西安职业技术学院(公交站),交通设施服务;公交车站;公交车站相关,108.83812629339117,34.227658536734396,雁塔区,108.842758,34.226093
B0MRAU053Q,龙华盛停车场,交通设施服务;停车场;公共停车场,108.82678743525844,34.21104425439433,长安区,108.831437,34.209494
BV11264091,西三环丈八立交(公交站),交通设施服务;公交车站;公交车站相关,108.84138934265923,34.20642001240225,雁塔区,108.846014,34.204841
BV11166101,云水一路天谷六路口(公交站),交通设施服务;公交车站;公交车站相关,108.83570202978296,34.2180315103474,雁塔区,108.840337,34.216467
B0J237AINJ,苏宁云著内部地面停车场,交通设施服务;停车场;专用停车场,108.83709687728685,34.22402795220308,雁塔区,108.84173,34.222463
BV11163041,锦业路西三环口(公交站),交通设施服务;公交车站;公交车站相关,108.8431891154102,34.19538399204727,雁塔区,108.84781,34.193798
B0H0RZ9N39,西安软件新城软件研发基地2期停车场,交通设施服务;停车场;公共停车场,108.83094072092678,34.208732865227006,雁塔区,108.835583,34.207174
B0FFJXOGV5,184路调度站,交通设施服务;交通服务相关;交通服务相关,108.84325987628604,34.19975565184239,雁塔区,108.847881,34.198171
BV11536294,化龙三路科技二路口(公交站),交通设施服务;公交车站;公交车站相关,108.84416921553785,34.225845150479785,雁塔区,108.848791,34.224268
B0FFHUGZCW,鸿基新城停车场,交通设施服务;停车场;专用停车场,108.86425296901548,34.21879686600918,雁塔区,108.868847,34.217185
BV11166096,西三环天谷七路口(公交站),交通设施服务;公交车站;公交车站相关,108.84005152256144,34.21445578779726,雁塔区,108.844679,34.212882
B0H0RZAJZJ,西安软件新城软件研发基地2期地下停车场,交通设施服务;停车场;公共停车场,108.83053922218078,34.20642890537801,雁塔区,108.835182,34.20487
BX10033618,丈八北路地铁站出入口,交通设施服务;地铁站;出入口,108.86838046183215,34.2393478000016,雁塔区,108.872972,34.237738
B0JRBU915A,218路调度站,交通设施服务;交通服务相关;交通服务相关,108.86878183133689,34.22688590813144,雁塔区,108.873372,34.225271
BV11166098,西三环天谷六路口(公交站),交通设施服务;公交车站;公交车站相关,108.83921475095917,34.21943449702095,雁塔区,108.843844,34.217864
BV11543147,化龙三路福谦路口(公交站),交通设施服务;公交车站;公交车站相关,108.84440022056478,34.230296938753405,雁塔区,108.849022,34.228721
BV11029454,鱼化寨地铁站(公交站),交通设施服务;公交车站;公交车站相关,108.84207476968136,34.23966529546127,雁塔区,108.846701,34.238097
BV10072267,东晁村东(公交站),交通设施服务;公交车站;公交车站相关,108.8374065455393,34.23453068416042,雁塔区,108.84204,34.232969
B0HAKUHCNM,飞阳广场地下停车场,交通设施服务;停车场;公共停车场,108.83821563757706,34.20039726752874,雁塔区,108.842845,34.198822
BV11483450,环普产业园(公交站),交通设施服务;公交车站;公交车站相关,108.83505632212238,34.21335795623137,雁塔区,108.839692,34.211793
BV09209317,云水二路·天谷四路口(公交站),交通设施服务;公交车站;公交车站相关,108.82961911209065,34.2254944516152,雁塔区,108.834265,34.223944
B0LR2H5EGI,瑞清地面停车场,交通设施服务;停车场;公共停车场,108.8443824336956,34.23972140709298,雁塔区,108.849005,34.238149
BV10073045,高新五小(公交站),交通设施服务;公交车站;公交车站相关,108.8607051974353,34.20329221142776,雁塔区,108.865302,34.20168
B0G0ZAY71X,西安地铁3号线鱼化寨停车场,交通设施服务;停车场;停车场相关,108.82649777595289,34.237814047842775,雁塔区,108.83115,34.236274
BV10857458,锦业路·丈八六路口(公交站),交通设施服务;公交车站;公交车站相关,108.85081171477357,34.195531198552274,雁塔区,108.855421,34.193932
BV09111227,锦业路·丈八四路口(公交站),交通设施服务;公交车站;公交车站相关,108.86467833968567,34.194876681624315,雁塔区,108.86927,34.193256
B0IAJ70JCU,西安环普国际科技园地面停车场,交通设施服务;停车场;公共停车场,108.83647382742878,34.21175614951836,雁塔区,108.841107,34.210188
B0FFHWSZVL,缤纷南郡北门地下车库入口,交通设施服务;停车场;停车场入口,108.86172917412782,34.20607375103966,雁塔区,108.866325,34.204461
B0H6JRD5DJ,西安高新方圆荟购物中心地面停车场(出入口),交通设施服务;停车场;停车场出入口,108.86638848362246,34.22755259473915,雁塔区,108.870981,34.225941
B0I0XZCZ9C,陕西科达利五金塑胶有限公司内部地面停车场,交通设施服务;停车场;专用停车场,108.84508360498498,34.18908844643254,雁塔区,108.849701,34.187497
B0H01DNXPA,美寓华庭停车场,交通设施服务;停车场;公共停车场,108.84697723717828,34.20513439095746,雁塔区,108.851593,34.203545
B0HG5CB4IK,绿地博海大厦停车场,交通设施服务;停车场;公共停车场,108.83618104750772,34.24015831228624,雁塔区,108.840817,34.238601
B0FFHGMSGZ,罗马西西里内部地下停车场(暂停营业),交通设施服务;停车场;专用停车场,108.84968527335081,34.205448941703104,雁塔区,108.854297,34.203855
B0IASDKH24,西安国家数字出版基地地下停车场,交通设施服务;停车场;公共停车场,108.82830197726759,34.21165888883315,雁塔区,108.832949,34.210106
B0MD59XMZY,西安高新云泊产业运营管理有限公司(西三环桥下空间北停车场),交通设施服务;停车场;公共停车场,108.84167666159667,34.195790133730405,雁塔区,108.8463,34.194207
BV11373582,丈八北路·科技路口(公交站),交通设施服务;公交车站;公交车站相关,108.86654671764202,34.23907354351588,雁塔区,108.87114,34.237466
B0HUNC9ZLA,粤汉国际A座停车场,交通设施服务;停车场;公共停车场,108.86801974696152,34.19413333512246,雁塔区,108.872608,34.192508
BV11179226,西三环天谷八路口(公交站),交通设施服务;公交车站;公交车站相关,108.84041765664648,34.207785777025315,雁塔区,108.845044,34.206209
B0KDPL9V24,H水晶酒店(西安高新国际会议中心店)北区停车场,交通设施服务;停车场;公共停车场,108.8340729910982,34.2217101645246,雁塔区,108.838711,34.22015
B0LKBKRYNL,西安启迪儿童医院地上停车场,交通设施服务;停车场;公共停车场,108.82967917992089,34.22592540849231,雁塔区,108.834325,34.224375
BV11163042,锦业路丈八七路口(公交站),交通设施服务;公交车站;公交车站相关,108.83656428251982,34.19556983906329,雁塔区,108.841196,34.193996
BV09449280,高新云巴西晁站(公交站),交通设施服务;公交车站;公交车站相关,108.83385432097326,34.237826855046755,雁塔区,108.838494,34.236273
B0FFHUKQHL,尚都住宅停车场,交通设施服务;停车场;专用停车场,108.86256774670325,34.19840555837605,雁塔区,108.867162,34.196789
BV09339619,云水二路·天谷六路口(公交站),交通设施服务;公交车站;公交车站相关,108.8287512337038,34.2179995045853,雁塔区,108.833398,34.216448
BV11294293,锦业一路丈八八路口(公交站),交通设施服务;公交车站;公交车站相关,108.83238758323559,34.19136644644704,长安区,108.837026,34.189799
BV11451609,丈八五路科技八路口(公交站),交通设施服务;公交车站;公交车站相关,108.86009523076191,34.20624530036276,雁塔区,108.864693,34.204635
B0FFGFWJV7,枫韵蓝湾小区停车场,交通设施服务;停车场;公共停车场,108.86808201452405,34.24144363286432,雁塔区,108.872674,34.239835
BV10884216,云水一路·天谷七路口(公交站),交通设施服务;公交车站;公交车站相关,108.83215348127709,34.212500831029814,雁塔区,108.836794,34.210941
BV09130606,云水一路天谷四路口(公交站),交通设施服务;公交车站;公交车站相关,108.83356581571228,34.22565079790232,雁塔区,108.838205,34.224093
B0IRGH9WSY,第一安置小区综合市场地面停车场,交通设施服务;停车场;公共停车场,108.84308456740607,34.200130211237386,雁塔区,108.847706,34.198546
BV11314706,云水一路·天谷六路口(公交站),交通设施服务;公交车站;公交车站相关,108.83269502346533,34.21718020045519,雁塔区,108.837335,34.215621
BV09402798,化龙一路科技六路口(公交站),交通设施服务;公交车站;公交车站相关,108.85088138058471,34.21339820655019,雁塔区,108.855492,34.211805
B0IRTHENSM,新加坡腾飞科汇城地下停车场,交通设施服务;停车场;公共停车场,108.83837093110702,34.21235544389096,雁塔区,108.843001,34.210784
B0J33SO4K9,大茂城购物中心地下停车场(入口),交通设施服务;停车场;停车场入口,108.86588500332317,34.2396684447317,雁塔区,108.870479,34.238062
B0HK5SJ8CD,停车场,交通设施服务;停车场;公共停车场,108.86942638923726,34.214710057617985,雁塔区,108.874015,34.21309
B0FFHJ0SFE,罗马西西里内部地下停车场(入口),交通设施服务;停车场;停车场入口,108.84973834213554,34.20556499202658,雁塔区,108.85435,34.203971
B0FFGXHQA2,高新区锦业一路停车场,交通设施服务;停车场;公共停车场,108.86695378884099,34.193293243147124,雁塔区,108.871543,34.191669
B0L0SMJB96,西安市丰源停车场,交通设施服务;停车场;公共停车场,108.82798402322581,34.191961976840304,长安区,108.83263,34.190403
B0LRSK3W0S,航空工业自控所(锦业园区)-停车场,交通设施服务;停车场;公共停车场,108.82960144753706,34.19618761421322,雁塔区,108.834245,34.194627
BV11576239,丈八四路地铁站(公交站),交通设施服务;公交车站;公交车站相关,108.86481345707514,34.19519475986716,雁塔区,108.869405,34.193574
B0LKO5GOH3,将旦停车场,交通设施服务;停车场;公共停车场,108.85953533411569,34.24632492145251,雁塔区,108.864137,34.24473
BV11227968,西三环科技西路口(公交站),交通设施服务;公交车站;公交车站相关,108.83825544932931,34.24077591339977,雁塔区,108.842888,34.239215
BV09226347,云水一路·天谷九路口(公交站),交通设施服务;公交车站;公交车站相关,108.83228317724118,34.20660511756358,雁塔区,108.836923,34.205043
BV11587322,西三环石桥路口(公交站),交通设施服务;公交车站;公交车站相关,108.84039481043966,34.24265212172396,雁塔区,108.845024,34.241088
B0I6LS1REO,中软国际西安科技园地下停车场,交通设施服务;停车场;公共停车场,108.83476111813464,34.209725672058205,雁塔区,108.839397,34.20816
BV10349998,东滩社区(公交站),交通设施服务;公交车站;公交车站相关,108.84430250642271,34.19997843706764,雁塔区,108.848922,34.198392
B0MU5SS133,悠悠茂购物中心地面停车场,交通设施服务;停车场;公共停车场,108.86659669178498,34.2275468705756,雁塔区,108.871189,34.225935
B0IBF72BQQ,鸿锦城·十年城内部地下停车场,交通设施服务;停车场;专用停车场,108.8401207313268,34.22568091077746,雁塔区,108.844749,34.224111
BV11176420,丈八八路科技八路口(公交站),交通设施服务;公交车站;公交车站相关,108.83239586465548,34.20045442608279,雁塔区,108.837035,34.19889
B0FFGIMIJ6,尚品·美地城东区停车场,交通设施服务;停车场;公共停车场,108.84590334172486,34.19575568451277,雁塔区,108.85052,34.194165
BV09183591,化龙三路科技五路口(公交站),交通设施服务;公交车站;公交车站相关,108.84574938710603,34.217103075904525,雁塔区,108.850368,34.21552
B0FFHUN5XL,西安报业传媒集团印务公司内部地面停车场,交通设施服务;停车场;专用停车场,108.84346194792757,34.190417126238685,雁塔区,108.848082,34.188829
B0HKZUTOAY,万科翡翠天誉内部地下停车场,交通设施服务;停车场;专用停车场,108.86306112860811,34.225488805521316,雁塔区,108.867657,34.223881
B0IAKCFKR9,保利双水磨安置小区南区地下停车场,交通设施服务;停车场;专用停车场,108.8699888267387,34.215432489543815,雁塔区,108.874577,34.213812
B001D0VFOZ,利君明天停车场,交通设施服务;停车场;专用停车场,108.8691728470938,34.23111884704321,雁塔区,108.873763,34.229505
BV10072264,旧机动车交易市场(公交站),交通设施服务;公交车站;公交车站相关,108.85031748064432,34.23927786790025,雁塔区,108.854931,34.237695
BV11455152,鱼化三路科技四路口(公交站),交通设施服务;公交车站;公交车站相关,108.85743568988802,34.22157589254244,雁塔区,108.862038,34.219975
BV11686095,云水一路天谷五路口(公交站),交通设施服务;公交车站;公交车站相关,108.83188220637285,34.22258375111847,雁塔区,108.836524,34.221028
B0FFH89J41,华商传媒集团高新产业园停车场,交通设施服务;停车场;公共停车场,108.86837414774276,34.19327206958465,雁塔区,108.872962,34.191646
B0H6Z5SJIY,软件公寓软件新城南停车场,交通设施服务;停车场;公共停车场,108.83473738763703,34.21828962348957,雁塔区,108.839374,34.216727
B0H01UPMU8,万家灯火地下停车场,交通设施服务;停车场;专用停车场,108.85142689554115,34.2043212595539,雁塔区,108.856036,34.202724
BV11166094,西三环鱼斗路口(公交站),交通设施服务;公交车站;公交车站相关,108.83870265686973,34.222553442418054,雁塔区,108.843333,34.220985
B0L26SELXS,西安环贸中心南门停车场(出入口),交通设施服务;停车场;停车场出入口,108.86495165987492,34.194479186184026,雁塔区,108.869543,34.192858
BV11451623,西三环丈八立交西(公交站),交通设施服务;公交车站;公交车站相关,108.83912189973451,34.20327695495096,雁塔区,108.84375,34.201701
BV09283845,科技西路睦谊路口(公交站),交通设施服务;公交车站;公交车站相关,108.8615212846633,34.239088591282616,雁塔区,108.86612,34.237488
B0MUOX6Z7C,西安云水国际中心西侧地上停车场,交通设施服务;停车场;公共停车场,108.83383720755289,34.21408742667365,雁塔区,108.838475,34.212525
BV10446636,丈八新村(公交站),交通设施服务;公交车站;公交车站相关,108.85215234525494,34.1991502196976,雁塔区,108.85676,34.19755
B0MUOO5R8K,星程丈八六路地铁站酒店停车场,交通设施服务;停车场;公共停车场,108.85206705372474,34.20127436060152,雁塔区,108.856675,34.199675
B0FFIKK0M2,满堂悦MOMA-地下停车场,交通设施服务;停车场;专用停车场,108.840987697166,34.19393750232449,雁塔区,108.845612,34.192355
B0I0XZAEPG,陕西科达利五金塑胶有限公司内部地面停车场(出入口),交通设施服务;停车场;停车场出入口,108.84507458722825,34.189134415412894,雁塔区,108.849692,34.187543
B0FFHUNEKW,融城东海停车场,交通设施服务;停车场;专用停车场,108.851036707269,34.187218319291624,雁塔区,108.855645,34.185616
B0H6SAYQX9,高科尚都摩卡地下停车场(出入口),交通设施服务;停车场;停车场出入口,108.86261180618365,34.198283661986395,雁塔区,108.867206,34.196667
B0L2Z53KL0,西安迈瑞科技大厦地下停车场,交通设施服务;停车场;公共停车场,108.86399531887268,34.19848753375163,雁塔区,108.868588,34.196869
B0FFHFLT82,旗远·锦樾停车场,交通设施服务;停车场;专用停车场,108.86988247077544,34.19374178014395,雁塔区,108.874469,34.192114
B0IGGR13KM,龙天名俊地面停车场,交通设施服务;停车场;公共停车场,108.85195988099117,34.20152909661439,雁塔区,108.856568,34.19993
B0FFHUBG4C,西安理工大学科技园停车场,交通设施服务;停车场;公共停车场,108.85322854973893,34.2029816916518,雁塔区,108.857835,34.201381
B0H07C340V,方圆荟西安高新店地下停车场(出入口),交通设施服务;停车场;停车场出入口,108.86633541946848,34.227689474943745,雁塔区,108.870928,34.226078
BV11305469,富源二路鱼跃路口(公交站),交通设施服务;公交车站;公交车站相关,108.82987807821016,34.24376715913035,雁塔区,108.834525,34.242223
BV11314702,云水一路·天谷八路口(公交站),交通设施服务;公交车站;公交车站相关,108.83215578380783,34.2087991221547,雁塔区,108.836796,34.207238
BV10072038,丈八派出所(公交站),交通设施服务;公交车站;公交车站相关,108.85162652503534,34.200042046145526,雁塔区,108.856235,34.198443
B0H6Y7BV86,研祥城市广场停车场,交通设施服务;停车场;公共停车场,108.86635126629388,34.19235776362602,雁塔区,108.870941,34.190734
B0H0VZ00V8,丽都商务酒店丈八北路店停车场,交通设施服务;停车场;公共停车场,108.86800183769991,34.242706053138285,雁塔区,108.872594,34.241098
B0FFH4V0LI,西安外事学院南校区停车场,交通设施服务;停车场;专用停车场,108.86288457789124,34.22989695135608,雁塔区,108.867481,34.228291
BV11202446,丈八北路·大寨路口(公交站),交通设施服务;公交车站;公交车站相关,108.8675382054612,34.2450835562019,雁塔区,108.872131,34.243477
B0LUMCGXVU,招商臻观府停车场,交通设施服务;停车场;专用停车场,108.83511059474019,34.23590491527376,雁塔区,108.839748,34.234348
B0HKC5AUBP,停车场,交通设施服务;停车场;公共停车场,108.86747305185591,34.2462170391741,雁塔区,108.872066,34.244611
B0J3XS72W8,西安半导体产业园地面停车场,交通设施服务;停车场;公共停车场,108.83939496093572,34.195664022947796,雁塔区,108.844022,34.194085
BV11637493,化龙三路·科技二路口(公交站),交通设施服务;公交车站;公交车站相关,108.84253854517644,34.22685586578176,雁塔区,108.847163,34.225282
B0H33UUMRW,华润万家西安科技路店立体停车场,交通设施服务;停车场;公共停车场,108.8694254031332,34.23947905079452,雁塔区,108.874016,34.237868
B0KKNH50BY,易道郡·玫瑰公馆二期内部地下停车场,交通设施服务;停车场;专用停车场,108.86481427478653,34.22243733436997,雁塔区,108.869408,34.220826
B0MBFD5CVC,八家巷便民停车场,交通设施服务;停车场;公共停车场,108.84253858138767,34.23882144808239,雁塔区,108.847164,34.237252
B0LBRCHEJC,泰尔·云水壹号地下停车场,交通设施服务;停车场;公共停车场,108.83863722911894,34.21411231843834,雁塔区,108.843267,34.212541
B0H01COMME,永和·璞玉停车场,交通设施服务;停车场;专用停车场,108.86905269664774,34.21916502096486,雁塔区,108.873642,34.217547
B0H2672FAF,天朗森柏大酒店地下停车场,交通设施服务;停车场;公共停车场,108.86734160088672,34.23779105906844,雁塔区,108.871934,34.236182
BV09226592,云水二路·天谷五路口(公交站),交通设施服务;公交车站;公交车站相关,108.82828306965675,34.222496019727316,雁塔区,108.832931,34.220947
BV10527853,阿房宫南(地铁站),交通设施服务;地铁站;地铁站,108.82049824260383,34.25397763838058,未央区,108.825162,34.252455
BV10073370,后卫寨(地铁站),交通设施服务;地铁站;地铁站,108.80884932521091,34.301645726715144,未央区,108.813536,34.300164
BV10846787,王寺(地铁站),交通设施服务;地铁站;地铁站,108.8008359154251,34.24672100610104,长安区,108.80553,34.24523
BV11054300,和平村十字(公交站),交通设施服务;公交车站;公交车站相关,108.81965222951636,34.26118822262368,未央区,108.824318,34.25967
BV10968477,王寺十字(公交站),交通设施服务;公交车站;公交车站相关,108.79747018340376,34.26100516128744,长安区,108.80217,34.259525
B0GKX5DGBP,西安西咸吾悦广场停车场,交通设施服务;停车场;公共停车场,108.818862433464,34.25461235898703,未央区,108.823529,34.253093
B0FFL6TNZ6,阿房宫遗址公园停车场,交通设施服务;停车场;公共停车场,108.81124936625984,34.26160979291623,未央区,108.815929,34.260107
B0I06MPGDH,阿房宫南站,交通设施服务;火车站;火车站,108.81956881375447,34.25224658906301,未央区,108.824234,34.250725
BX09908446,后卫寨地铁站D东北口,交通设施服务;地铁站;出入口,108.80979680214058,34.301731341727304,未央区,108.814482,34.300248
BX10030806,阿房宫南地铁站A口,交通设施服务;地铁站;出入口,108.81988218153828,34.25422839674885,未央区,108.824547,34.252707
BV10941809,三桥西(公交站),交通设施服务;公交车站;公交车站相关,108.8200119864043,34.29631821309307,未央区,108.82468,34.294814
BV10868859,后卫寨(公交站),交通设施服务;公交车站;公交车站相关,108.80676106311094,34.30220088413764,未央区,108.811451,34.300723
BX10030805,阿房宫南地铁站D口,交通设施服务;地铁站;出入口,108.82168021776455,34.25432370329346,未央区,108.826342,34.252799
BX09908447,后卫寨地铁站A西北口,交通设施服务;地铁站;出入口,108.80894843090276,34.30224563269114,未央区,108.813635,34.300764
BX09908449,后卫寨地铁站B西南口,交通设施服务;地铁站;出入口,108.8076614907482,34.301587698702654,未央区,108.81235,34.300108
BX10030804,阿房宫南地铁站B口,交通设施服务;地铁站;出入口,108.81977405440414,34.25354646276455,未央区,108.824439,34.252025
BV10072169,阿房一路西口(公交站),交通设施服务;公交车站;公交车站相关,108.82088558082384,34.27022986527216,未央区,108.82555,34.268713
BV11131325,后卫寨地铁站(公交站),交通设施服务;公交车站;公交车站相关,108.80702541857525,34.30278407636524,未央区,108.811715,34.301306
BX10027817,沣东自贸园地铁站C1东南口,交通设施服务;地铁站;出入口,108.79192846445832,34.30808607745826,未央区,108.796639,34.306634
BV11637202,阿房宫南地铁站(公交站),交通设施服务;公交车站;公交车站相关,108.81842874306365,34.25415073909908,未央区,108.823096,34.252632
BV09074844,阿房宫南站(公交站),交通设施服务;公交车站;公交车站相关,108.81946563978644,34.25224839728502,未央区,108.824131,34.250727
B0LUT56VMJ,西咸停车沣东东执法停车场,交通设施服务;停车场;公共停车场,108.79234182499417,34.29734343500185,未央区,108.797051,34.295886
BV11283754,沣东自贸园地铁站(公交站),交通设施服务;公交车站;公交车站相关,108.79258430280696,34.30723738046428,未央区,108.797294,34.305784
BV10962291,王寺派出所(公交站),交通设施服务;公交车站;公交车站相关,108.79211253404625,34.2608473735252,长安区,108.796819,34.259375
BV10072166,车张村(公交站),交通设施服务;公交车站;公交车站相关,108.81654070134165,34.28977865325811,未央区,108.821214,34.288278
BV10495424,闵旗寨(公交站),交通设施服务;公交车站;公交车站相关,108.82076108110654,34.24911801409146,雁塔区,108.825424,34.247593
B0M6NDETK6,901公交调度站,交通设施服务;交通服务相关;交通服务相关,108.79646830705263,34.255739724485615,长安区,108.801169,34.254259
BX10027820,沣东自贸园地铁站C2东南口,交通设施服务;地铁站;出入口,108.79356444178903,34.307649590747005,未央区,108.798273,34.306195
BV10947382,新店(公交站),交通设施服务;公交车站;公交车站相关,108.79873718944235,34.306170000243796,未央区,108.803439,34.304707
BV10072168,蔺高村(公交站),交通设施服务;公交车站;公交车站相关,108.82088608964744,34.27629736874663,未央区,108.825551,34.274783
BX09908448,后卫寨地铁站A西北口,交通设施服务;地铁站;出入口,108.80864595876982,34.30225810174008,未央区,108.813333,34.300777
BV10828631,西户十字(公交站),交通设施服务;公交车站;公交车站相关,108.81800756796156,34.284590560635614,未央区,108.822678,34.283085
B0FFGJQ4N1,紫境城停车场,交通设施服务;停车场;专用停车场,108.8185149018636,34.30326137812958,未央区,108.823186,34.301763
B0KKPU7KHT,恒大都市广场内部地下停车场,交通设施服务;停车场;专用停车场,108.79114169913395,34.30636776087322,未央区,108.795853,34.304916
BV10070131,王寺(公交站),交通设施服务;公交车站;公交车站相关,108.80375092817863,34.26094719049733,长安区,108.808442,34.259457
B0HKXSNQ7D,大明宫建材家居·三桥店停车场,交通设施服务;停车场;公共停车场,108.82036458830494,34.296244899672764,未央区,108.825032,34.29474
BV11129652,沣东分局(公交站),交通设施服务;公交车站;公交车站相关,108.78268051944457,34.25354225115044,长安区,108.787396,34.252079
BV11562558,阿房宫遗址公园(公交站),交通设施服务;公交车站;公交车站相关,108.81074660074343,34.26118407399454,未央区,108.815427,34.259682
BV10823079,沣东大道·科源路口(公交站),交通设施服务;公交车站;公交车站相关,108.77773210708374,34.26083012935124,长安区,108.782452,34.259375
BX10032922,阿房宫南地铁站出入口,交通设施服务;地铁站;出入口,108.82004843312254,34.25458656496625,未央区,108.824713,34.253065
B0L3AOYL13,陕西美都物流停车场,交通设施服务;停车场;公共停车场,108.78479765743867,34.2506378552289,长安区,108.789511,34.249171
BV09067956,王寺十字南(公交站),交通设施服务;公交车站;公交车站相关,108.79670738111352,34.258624947521724,长安区,108.801408,34.257145
BV11223823,科源路·沣东四路口(公交站),交通设施服务;公交车站;公交车站相关,108.77639609443975,34.27476319444595,长安区,108.781118,34.273315
BV10070834,西部车城(公交站),交通设施服务;公交车站;公交车站相关,108.81607183111882,34.290922304338395,未央区,108.820746,34.289423
BV09082363,宁泰路·征和四路口(公交站),交通设施服务;公交车站;公交车站相关,108.79502697442449,34.28642601979958,长安区,108.799732,34.28496
B0H1ZU6MI2,三桥社区卫生服务中心停车场,交通设施服务;停车场;公共停车场,108.81545266038567,34.305042972006554,未央区,108.820129,34.303551
B0FFGJQ4R6,紫境城地下停车场(出入口),交通设施服务;停车场;停车场出入口,108.8185139022163,34.30323638741786,未央区,108.823185,34.301738
B0H0RHDRIP,华润·二十四城南侧停车场,交通设施服务;停车场;公共停车场,108.81767543935399,34.291649927161814,未央区,108.822347,34.290148
BV11050746,沣东第一学校(公交站),交通设施服务;公交车站;公交车站相关,108.77660146226458,34.271852585977356,长安区,108.781323,34.270403
BV10991565,天章大道公交调度站(公交站),交通设施服务;公交车站;公交车站相关,108.8162499614921,34.30525433024744,未央区,108.820925,34.303761
BX10031028,斗门地铁站D口,交通设施服务;地铁站;出入口,108.78640149344326,34.247035206003474,长安区,108.791113,34.245565
BV10968473,沣东实验小学(公交站),交通设施服务;公交车站;公交车站相关,108.81119388638976,34.254116654299345,未央区,108.815873,34.252611
BX10031035,王寺地铁站A口,交通设施服务;地铁站;出入口,108.80061256339805,34.247217459112015,长安区,108.805307,34.245727
BV10413835,西围新嘉园(公交站),交通设施服务;公交车站;公交车站相关,108.81536507928995,34.261176354499455,未央区,108.820038,34.259666
B0IG2CAO1O,大秦温泉酒店(天台路店)地面停车场,交通设施服务;停车场;公共停车场,108.82112918325438,34.267891270487816,未央区,108.825793,34.266373
BV11263628,西咸吾悦广场(公交站),交通设施服务;公交车站;公交车站相关,108.82087576112168,34.25546375824002,未央区,108.825539,34.253941
BX10031034,王寺地铁站D口,交通设施服务;地铁站;出入口,108.80173114857236,34.24705831597747,长安区,108.806424,34.245566
B0J3DZC6SR,地面停车场,交通设施服务;停车场;公共停车场,108.80930626111088,34.28662805479649,未央区,108.813991,34.285139
B0G0XC16YR,启航时代广场地下停车场,交通设施服务;停车场;公共停车场,108.80772644897837,34.30332803682357,未央区,108.812415,34.301849
B0FFGDCST1,启航佳苑西区内部地下停车场,交通设施服务;停车场;专用停车场,108.81133811627109,34.303326347994826,未央区,108.816021,34.301841
B0HKHUAVLR,尔雅公馆南门停车场,交通设施服务;停车场;公共停车场,108.77926515505742,34.26130048577863,长安区,108.783984,34.259844
BV11666544,沣东大道·天台路口(公交站),交通设施服务;公交车站;公交车站相关,108.82087517950498,34.26262791839848,未央区,108.825539,34.261108
BV11131367,沣东交巡警大队(公交站),交通设施服务;公交车站;公交车站相关,108.81106404477526,34.28653818084957,未央区,108.815746,34.285046
B0GKX5DNQA,西安西咸吾悦广场地下停车场(出入口),交通设施服务;停车场;停车场出入口,108.81821924519065,34.255961643017734,未央区,108.822887,34.254444
BV09046606,沣东大道天台路口(公交站),交通设施服务;公交车站;公交车站相关,108.82087517950498,34.26262791839848,未央区,108.825539,34.261108
BV10818057,王寺街办(公交站),交通设施服务;公交车站;公交车站相关,108.78343756571948,34.261085146109934,长安区,108.788153,34.259624
B0JR3SEENJ,华润·二十四城西区三期地下停车场,交通设施服务;停车场;公共停车场,108.81731678114286,34.292382951292865,未央区,108.821989,34.290882
B0H0NASHQU,西安玉祥工业品批发市场三桥分部停车场,交通设施服务;停车场;公共停车场,108.8022893222128,34.303811709948235,未央区,108.806986,34.302342
B0FFHBUNFA,西安泰路交通,交通设施服务;交通服务相关;交通服务相关,108.81321341322845,34.275310727103054,未央区,108.817891,34.27381
B0IA5SAGXY,驾驶人自助体检机(西安市车管所西所),交通设施服务;交通服务相关;交通服务相关,108.78554095131217,34.255664795015726,长安区,108.790254,34.254199
B0LR6AFKGC,维也纳国际酒店西安吾悦广场阿房宫南地铁站店停车场,交通设施服务;停车场;公共停车场,108.81593883182951,34.25124730339884,未央区,108.82061,34.249732
B0I1NM3MK1,地面停车场,交通设施服务;停车场;公共停车场,108.81765775709259,34.299685385305665,未央区,108.82233,34.298187
B0JKUZK5LU,西电集团医院沣东院区地面停车场,交通设施服务;停车场;公共停车场,108.80158072411291,34.261945245936424,长安区,108.806275,34.260459
B0IAHC5220,西安恒昌行机动车登记服务站,交通设施服务;交通服务相关;交通服务相关,108.80978273165852,34.290036427500574,未央区,108.814467,34.288548
B0IA5Z96W5,驾驶人自助体检机(西安市车管所郊县所),交通设施服务;交通服务相关;交通服务相关,108.80943596953144,34.29270966674823,未央区,108.814121,34.291223
BV11519194,后卫寨西(新店)(公交站),交通设施服务;公交车站;公交车站相关,108.80001904479725,34.3048615973925,未央区,108.804719,34.303396
BV11668429,昆明路·富源三路口(公交站),交通设施服务;公交车站;公交车站相关,108.82075280079574,34.25240472509056,未央区,108.825416,34.250881
BV11430810,天台路天台二路口(公交站),交通设施服务;公交车站;公交车站相关,108.82070371026762,34.26483471400481,未央区,108.825368,34.263316
B0H26R32NR,沣东新城泰和医院停车场,交通设施服务;停车场;公共停车场,108.78198846317993,34.25928721127064,长安区,108.786705,34.257827
BV09131699,安泰路征和四路口(公交站),交通设施服务;公交车站;公交车站相关,108.79875382147662,34.28643366005678,未央区,108.803454,34.284962
B0H01DO54Z,国樾府停车场,交通设施服务;停车场;公共停车场,108.80004254803234,34.28682251646843,未央区,108.804741,34.285349
BV11212074,后卫寨立交北(公交站),交通设施服务;公交车站;公交车站相关,108.81679839265877,34.298848177843794,未央区,108.821472,34.297351
B0KDNZSC1V,大秦熙市地下停车场,交通设施服务;停车场;公共停车场,108.80773600564353,34.259794378497155,未央区,108.812421,34.258297
BV11057978,天台路·阿房一路口(公交站),交通设施服务;公交车站;公交车站相关,108.82071539533824,34.268963065094134,未央区,108.82538,34.267446
B0HKNCP93R,停车场,交通设施服务;停车场;公共停车场,108.80491051966543,34.286970388500414,未央区,108.809602,34.285489
B0JBK7MPHS,地面停车场,交通设施服务;停车场;公共停车场,108.82116180114139,34.27328612640867,未央区,108.825826,34.27177
B0LU4C080B,华润万象里-地下停车场,交通设施服务;停车场;公共停车场,108.81956437129689,34.29459113719849,未央区,108.824233,34.293087
BV10915366,西安生物学院(公交站),交通设施服务;公交车站;公交车站相关,108.82086353587543,34.2579877416129,未央区,108.825527,34.256466
BV09260534,宁泰路.征和三路口(公交站),交通设施服务;公交车站;公交车站相关,108.79318779141971,34.28555672401629,长安区,108.797895,34.284093
BV11054298,沣东二路·科源路口(公交站),交通设施服务;公交车站;公交车站相关,108.77660986381764,34.26700356926903,长安区,108.781331,34.265552
BV09108927,黄堆小学(公交站),交通设施服务;公交车站;公交车站相关,108.77638731873559,34.28418524379041,长安区,108.78111,34.282741
BV11671404,科源路·沣东二路口(公交站),交通设施服务;公交车站;公交车站相关,108.77643393633606,34.26475131220083,长安区,108.781155,34.263299
B0JRAURH3G,地面停车场,交通设施服务;停车场;公共停车场,108.82101296388117,34.25582986979035,未央区,108.825676,34.254307
B0H0OC1QR6,东风日产西安英和三桥专营店停车场,交通设施服务;停车场;公共停车场,108.81611921154948,34.28720498630741,未央区,108.820793,34.285704
B0GRLSKR5Y,沣东大道天台路停车场,交通设施服务;停车场;公共停车场,108.8204998637748,34.25868578939481,未央区,108.825164,34.257165
B0HKZCQXL5,峰泰精品二手车城(天台路店)停车场,交通设施服务;停车场;公共停车场,108.81838828461146,34.28361867379756,未央区,108.823058,34.282112
B0H0LZHOOY,蓝光公园华府地下停车场,交通设施服务;停车场;公共停车场,108.81477509787968,34.285944079936904,未央区,108.819451,34.284445
B0HKORGWC1,西安澳斯特酒店停车点,交通设施服务;停车场;公共停车场,108.82036364787675,34.258507606856014,未央区,108.825028,34.256987
B0IBUHEPUI,秦汉酒店(西安天台路店)停车点,交通设施服务;停车场;公共停车场,108.82050471435048,34.272964036704685,未央区,108.82517,34.271449
B0KDNLP4QP,大秦熙市地下停车场(西入口),交通设施服务;停车场;停车场入口,108.80773901010357,34.25979638287268,未央区,108.812424,34.258299
B0H0LCIVWR,启航佳苑东区西停车场,交通设施服务;停车场;公共停车场,108.81085451502825,34.30124441768244,未央区,108.815538,34.299759
B0FFLJRHMJ,志华停车场,交通设施服务;停车场;停车场相关,108.78529090754319,34.265527566414285,长安区,108.790005,34.264066
BV11073306,征和四路西段(公交站),交通设施服务;公交车站;公交车站相关,108.80311192216472,34.286446628092165,未央区,108.807806,34.284968
B0GR1R12M5,二手货车停车场,交通设施服务;停车场;公共停车场,108.81498902226163,34.27889044254902,未央区,108.819664,34.277388
BV11161515,西安公诚二手车交易市场(公交站),交通设施服务;公交车站;公交车站相关,108.78495455614195,34.25368186001201,长安区,108.789668,34.252216
BV10988501,阿房宫收费站(便民站)(公交站),交通设施服务;公交车站;公交车站相关,108.80352223913053,34.25302093585028,长安区,108.808213,34.251528
B001D0W4DG,镐京墓园停车场,交通设施服务;停车场;公共停车场,108.78181502667812,34.250612417440074,长安区,108.786531,34.249149
BV11322777,天台路征和四路口(公交站),交通设施服务;公交车站;公交车站相关,108.81581876806526,34.286545719824204,未央区,108.820493,34.285045
BV11562557,天台路阿房一路口(公交站),交通设施服务;公交车站;公交车站相关,108.82088353935275,34.27069866994487,未央区,108.825548,34.269182
B0H0R5DDEW,庆通机动车登记服务站停车场,交通设施服务;停车场;公共停车场,108.81485213988817,34.28698377634068,未央区,108.819528,34.285485
BV09181531,和平丽苑(公交站),交通设施服务;公交车站;公交车站相关,108.82086353587543,34.2579877416129,未央区,108.825527,34.256466
BV09079552,天台路·阿房一路西口(公交站),交通设施服务;公交车站;公交车站相关,108.82088558082384,34.27022986527216,未央区,108.82555,34.268713
B0G37Z7N4T,恒大都市广场内部地下停车场(东出入口),交通设施服务;停车场;停车场出入口,108.79229005266544,34.306056496745384,未央区,108.797,34.304603
BV09195235,沣润东路·宁泰路口(公交站),交通设施服务;公交车站;公交车站相关,108.7916615039321,34.291568998110655,未央区,108.796371,34.29011
B0FFGFQ4QN,启航佳苑西区内部地下停车场(出入口),交通设施服务;停车场;停车场出入口,108.81163561176427,34.303083983647376,未央区,108.816318,34.301598
B0FFLC9E70,紫境城停车场,交通设施服务;停车场;专用停车场,108.81977283332859,34.305545683781915,未央区,108.824442,34.304046
B0L247PBJH,车坛老王品牌二手车旗舰店-门前停车场,交通设施服务;停车场;公共停车场,108.82031681546427,34.26779879745291,未央区,108.824982,34.266282
B0K2RZBW6I,中国铁建.轨交.秦风雅颂营销中心停车场,交通设施服务;停车场;公共停车场,108.80634844338562,34.25296169330249,长安区,108.811035,34.251464
B0I0AR6S14,西安西咸吾悦广场地下停车场(出入口),交通设施服务;停车场;停车场出入口,108.818978647773,34.254377665593964,未央区,108.823645,34.252858
B0H69UIN0I,秦东商业广场室内停车场,交通设施服务;停车场;公共停车场,108.8213617984646,34.25282869354075,未央区,108.826024,34.251304
B0IUJZGLEK,六合家园1期内部地下停车场,交通设施服务;停车场;专用停车场,108.81111569092013,34.25498917435957,未央区,108.815795,34.253484
B0HKXCPODN,天台大酒店停车场,交通设施服务;停车场;公共停车场,108.8202957711408,34.267906714591135,未央区,108.824961,34.26639
BV09187537,宁泰路·征和三路口(公交站),交通设施服务;公交车站;公交车站相关,108.79337315368217,34.28384771404749,长安区,108.79808,34.282383
B0HKORK9CY,西安澳斯特酒店停车点(出入口),交通设施服务;停车场;停车场出入口,108.82036265048494,34.25845462596476,未央区,108.825027,34.256934
BV11432319,科源路·王寺东街口(公交站),交通设施服务;公交车站;公交车站相关,108.77597041755845,34.25533362125274,长安区,108.780691,34.253878
BV09144193,宁泰路征和四路口(公交站),交通设施服务;公交车站;公交车站相关,108.79502697442449,34.28642601979958,长安区,108.799732,34.28496
BV11171463,科源路沣东四路口(公交站),交通设施服务;公交车站;公交车站相关,108.77659205378653,34.276777544466675,长安区,108.781314,34.27533
BV11375192,北沙口村(公交站),交通设施服务;公交车站;公交车站相关,108.81794522008131,34.29990281804422,未央区,108.822617,34.298404
BV09107277,蓝光公园华府(便民站)(公交站),交通设施服务;公交车站;公交车站相关,108.80832074164938,34.28643742394093,未央区,108.813007,34.28495
B0IUU747AS,文创南路-道路停车位,交通设施服务;停车场;路边停车场,108.8197517912132,34.256330330541026,未央区,108.824417,34.25481
B0FFH5S79E,聚驾庄停车场,交通设施服务;停车场;专用停车场,108.81828081466755,34.2625421475741,未央区,108.822949,34.261027
B0H0RHCI3K,华润·二十四城地下停车场,交通设施服务;停车场;专用停车场,108.81801992251573,34.29279406571725,未央区,108.822691,34.291292
B0H0OSXLQ6,西安佰份佰二手车行停车场,交通设施服务;停车场;公共停车场,108.82042683027154,34.26991014290871,未央区,108.825092,34.268394
B0LA4S5UYJ,中南上悦城四期停车场(沣东),交通设施服务;停车场;停车场相关,108.79614659416973,34.29621045765655,未央区,108.800851,34.294747
B0FFK55RO9,长城汽车停车场,交通设施服务;停车场;停车场相关,108.78480774696379,34.29864202755994,秦都区,108.789525,34.297195
B0H07C58WN,沣东新城驾驶员考务中心停车场,交通设施服务;停车场;公共停车场,108.79565141680385,34.30290076729565,未央区,108.800357,34.301441
BV11171459,昆左线路口(公交站),交通设施服务;公交车站;公交车站相关,108.79639255480404,34.25149926630423,长安区,108.801093,34.250017
BV11073301,富源三路·大寨路口(公交站),交通设施服务;公交车站;公交车站相关,108.82090645218776,34.247575878196166,雁塔区,108.825569,34.24605
B0H6HADP21,和平伯乐城市广场停车场,交通设施服务;停车场;公共停车场,108.81884092320215,34.26046001155805,未央区,108.823508,34.258943
B0FFJIKYGR,停车场,交通设施服务;交通服务相关;交通服务相关,108.79699702540968,34.25533668162594,长安区,108.801697,34.253855
BV09050731,后卫寨立交东(公交站),交通设施服务;公交车站;公交车站相关,108.81684647375161,34.29883427200857,未央区,108.82152,34.297337
B0JAAUJ9VI,聚驾庄恒宸亚停车场,交通设施服务;停车场;停车场相关,108.81368526822618,34.26191202229199,未央区,108.818361,34.260405
B0IR5H02FH,凯沣学府地面停车场,交通设施服务;停车场;公共停车场,108.81202219703366,34.25429805392816,未央区,108.8167,34.252791
B0FFH5L16I,和平丽苑停车场,交通设施服务;停车场;专用停车场,108.82119333729202,34.254994533351,未央区,108.825856,34.253471
B0I6YRTIMB,OYO莱顿酒店(西安天台路店)停车场,交通设施服务;停车场;公共停车场,108.82023341130581,34.271044320322424,未央区,108.824899,34.269529
BV11185046,科源路·沣东五路口(公交站),交通设施服务;公交车站;公交车站相关,108.77657470195602,34.28094678641478,长安区,108.781297,34.279501
B0LD3DFRI4,西安高新一中沣东中学停车场,交通设施服务;停车场;公共停车场,108.81973949366812,34.25974495839963,未央区,108.824405,34.258226
B0H6HAFED3,和平伯乐城市广场地下停车场,交通设施服务;停车场;公共停车场,108.81895112667804,34.260234304921674,未央区,108.823618,34.258717
BV11171460,沣东大道科源路口(公交站),交通设施服务;公交车站;公交车站相关,108.77661125462329,34.26223049012221,长安区,108.781332,34.260777
B0FFIL76EE,停车场(和平春天南),交通设施服务;停车场;公共停车场,108.82071031998404,34.25745066870743,未央区,108.825374,34.255929
B0KGM5R7RI,华润二十四城四期停车场,交通设施服务;停车场;专用停车场,108.81992525103126,34.29125425292252,未央区,108.824593,34.289748
B0FFH5LALQ,天台路辅路-道路停车位,交通设施服务;停车场;路边停车场,108.82064180183583,34.26241257052148,未央区,108.825306,34.260893
B0H0OC1YP6,东风日产Nissan东风南方三桥厂家直营店停车场入口,交通设施服务;停车场;停车场出入口,108.81692955907823,34.28717548058839,未央区,108.821602,34.285673
B0FFL9JEL0,十里铺村停车场,交通设施服务;停车场;公共停车场,108.81033705807836,34.28448077353131,未央区,108.81502,34.282989
B0M6JUEUUH,西部摩托城门前停车场,交通设施服务;停车场;公共停车场,108.81079140528796,34.30136025494001,未央区,108.815475,34.299875
B0MBNOUVUI,紫境城-地下停车场,交通设施服务;停车场;公共停车场,108.82066645481689,34.304180953190496,未央区,108.825334,34.302679
B0H0RHCABR,华润·二十四城东南地面停车场,交通设施服务;停车场;公共停车场,108.81945142009373,34.29164520603178,未央区,108.82412,34.29014
B0I21HOZ59,六合家园1期内部地下停车场(入口),交通设施服务;停车场;停车场入口,108.81102154792714,34.25490404122967,未央区,108.815701,34.253399
B0FFGANSC6,西宝疏导线-道路停车位,交通设施服务;停车场;路边停车场,108.82075740121675,34.25743176371546,未央区,108.825421,34.25591
B0FFH5KYZN,华润·二十四城东区停车场,交通设施服务;停车场;专用停车场,108.81936623130666,34.29220280719159,未央区,108.824035,34.290698
BV11057980,天台路·天台二路口(公交站),交通设施服务;公交车站;公交车站相关,108.82087494630812,34.26549976459456,未央区,108.825539,34.263981
BV09108923,安泰路·征和四路口(公交站),交通设施服务;公交车站;公交车站相关,108.79875382147662,34.28643366005678,未央区,108.803454,34.284962
BV11079324,泰和医院(公交站),交通设施服务;公交车站;公交车站相关,108.7841962564987,34.26099507062276,长安区,108.788911,34.259533
B0FFGFQ45J,停车场(沣东大道),交通设施服务;停车场;公共停车场,108.82031437158001,34.26088857025362,未央区,108.824979,34.259369
B0M6VHJ6FG,交警支队车管所郊县分所查验场内部地面停车场,交通设施服务;停车场;专用停车场,108.80944214806007,34.29063457431305,未央区,108.814127,34.289147
B0L2SN4SQW,盛宴福味居宴会中心(和平村店)-门前停车场,交通设施服务;停车场;公共停车场,108.82058715693965,34.2568906605232,未央区,108.825251,34.255369
B0MDOAVMBU,陕西交通控股集团有限公司西宝分公司内部地面停车场,交通设施服务;停车场;专用停车场,108.80331198224947,34.25241782421061,长安区,108.808003,34.250925
B0IGZC25J7,地面停车场,交通设施服务;停车场;公共停车场,108.81072824998364,34.30203584377863,未央区,108.815412,34.300551
B0HKXSQ6VK,大明宫建材家居·三桥店地下停车场,交通设施服务;停车场;公共停车场,108.81893707403559,34.29756067836638,未央区,108.823607,34.296059
B0FFIARF94,高新一中沣东中学地下车库门,交通设施服务;交通服务相关;交通服务相关,108.81690482767048,34.258719140347644,未央区,108.821575,34.257205
B0L2L1Q02H,阿房宫考古遗址公园-西侧停车场,交通设施服务;停车场;公共停车场,108.80842799312296,34.26079617490835,未央区,108.813112,34.259298
B0FFGP1K9J,镐京墓园停车场(入口),交通设施服务;停车场;停车场入口,108.78181800982162,34.25084932896946,长安区,108.786534,34.249386
B0JABSTOH8,西安都市118连锁酒店(王寺店)地面停车点,交通设施服务;停车场;公共停车场,108.79853954736481,34.2617135250332,长安区,108.803238,34.260232
B0L39RSI3I,中岭实业停车场,交通设施服务;停车场;公共停车场,108.80432568107499,34.28663655435804,未央区,108.809018,34.285156
B0MB6UO3HS,北京汽车(西安华瑞4S店)-门前停车场,交通设施服务;停车场;公共停车场,108.81600074986302,34.290474367775396,未央区,108.820675,34.288975
B0M6JUF1JG,西部摩托城门前停车场,交通设施服务;停车场;公共停车场,108.81374123263741,34.30039294341085,未央区,108.81842,34.298902
B0FFM48PNG,和平春天停车场,交通设施服务;停车场;专用停车场,108.8190095314467,34.25645290837864,未央区,108.823676,34.254934
B0MAR75O4A,绿地新里城·尔雅公馆-地下停车场,交通设施服务;停车场;专用停车场,108.77919078946849,34.265106884163714,长安区,108.78391,34.263652
B0LB1U3AVS,奋斗哥的车库,交通设施服务;停车场;停车场相关,108.80770096563855,34.25962338606832,未央区,108.812386,34.258126
B0M69S9M1X,西安环普创新城地上停车场,交通设施服务;停车场;公共停车场,108.81494107424061,34.25264294663243,未央区,108.819614,34.25113
B0GU51WFKQ,天台八路付一路-路侧停车位,交通设施服务;停车场;停车场相关,108.80975879736421,34.28876593137973,未央区,108.814443,34.287277
B0FFGCDXJD,西安市鱼化二手车交易中心停车场,交通设施服务;停车场;公共停车场,108.815170167436,34.280770983601414,未央区,108.819845,34.279269
B0MBZZC3O3,圣方仓储停车场,交通设施服务;停车场;公共停车场,108.80235022614697,34.281517469709726,未央区,108.807045,34.280038
B0FFH582SR,天台八路中段-道路停车位,交通设施服务;停车场;路边停车场,108.80908749203832,34.291875420195225,未央区,108.813773,34.290389
B0MBA7A11Y,西安沣东奥诚汽车销售服务有限公司(三桥店)停车场,交通设施服务;停车场;公共停车场,108.79282822444704,34.28724249406058,长安区,108.797536,34.28578
B0FFFA978Y,新车停车场,交通设施服务;停车场;公共停车场,108.80918178254217,34.29011634329985,未央区,108.813867,34.288629
B0MDP5L7G7,大秦熙市停车场(北入口),交通设施服务;停车场;停车场入口,108.80938851008158,34.2605519421558,未央区,108.814071,34.259052
B0L0X9MIOJ,中南上悦城一期地下停车场,交通设施服务;停车场;专用停车场,108.79697151127463,34.29803889935692,未央区,108.801675,34.296575
B0H2HSI3M0,华润二十四城1期北门停车场,交通设施服务;停车场;专用停车场,108.81803093502135,34.292867054352314,未央区,108.822702,34.291365
B0FFH5QMII,和平春天停车场,交通设施服务;停车场;专用停车场,108.82062214914413,34.25771739951017,未央区,108.825286,34.256196
BV11171458,科源路沣东五路口(公交站),交通设施服务;公交车站;公交车站相关,108.77638280307966,34.27822574460532,长安区,108.781105,34.276779
B0H0RABL7B,沣东国际汽车用品广场内部停车场,交通设施服务;停车场;专用停车场,108.81535468120782,34.29049618215164,未央区,108.82003,34.288998
BV11171461,科源路王寺东街口(公交站),交通设施服务;公交车站;公交车站相关,108.7766336465774,34.25760634765448,长安区,108.781354,34.256151
B0FFKYAE45,华宇凤凰城停车场,交通设施服务;停车场;停车场相关,108.82088589463302,34.291023137093944,未央区,108.825552,34.289515
BV09540102,宁泰路北段(公交站),交通设施服务;公交车站;公交车站相关,108.79300976198176,34.29555916044488,未央区,108.797718,34.2941
B0MUD1KZBV,地建嘉信臻境地上停车场,交通设施服务;停车场;专用停车场,108.81850796154613,34.25309429775593,未央区,108.823175,34.251575
B0HUNH9XZZ,二手车停车场,交通设施服务;停车场;停车场相关,108.81151063698057,34.275720518646004,长安区,108.816191,34.274223
B0MU151ZOK,阿房宫职工小区停车场,交通设施服务;停车场;专用停车场,108.80794059067514,34.25647404332743,未央区,108.812625,34.254975
BV09523604,安泰路沣太二路口(公交站),交通设施服务;公交车站;公交车站相关,108.79738023834534,34.295683552856026,未央区,108.802083,34.294218
B0IUP72D5E,广汽丰田西安中升沣东店地面停车场,交通设施服务;停车场;公共停车场,108.79091788242845,34.28876517948977,长安区,108.795628,34.287306
B0L0Z6DL9M,西北工程机械市场停车场,交通设施服务;停车场;公共停车场,108.78290644962956,34.29352203682544,长安区,108.787625,34.292075
BV11223820,沣东第一小学(公交站),交通设施服务;公交车站;公交车站相关,108.77660146226458,34.271852585977356,长安区,108.781323,34.270403
B0H0OSZL2M,西安元丰雷克萨斯汽车销售服务有限公司停车场,交通设施服务;停车场;公共停车场,108.82128882200924,34.275685372174664,未央区,108.825953,34.27417
B0MAY73GX7,万象域地上停车场,交通设施服务;停车场;公共停车场,108.81805378167425,34.295226070537986,未央区,108.822725,34.293725
B0HKXCRJOD,天台大酒店停车场(出入口),交通设施服务;停车场;停车场出入口,108.8202957711408,34.267906714591135,未央区,108.824961,34.26639
B0GKX5E2WT,西安西咸吾悦广场地下停车场(出口),交通设施服务;停车场;停车场出口,108.81691011563115,34.25527750624733,未央区,108.82158,34.253762
BV09523970,安泰路·征和六路口(公交站),交通设施服务;公交车站;公交车站相关,108.7975879536872,34.29026621935466,未央区,108.80229,34.288798
B0L291REYJ,沣东交巡警大队城西顺风考务中心停车场,交通设施服务;停车场;公共停车场,108.78512898811064,34.26265852235727,长安区,108.789843,34.261196
B0H0LCH51A,启航佳苑东区内部地下停车场,交通设施服务;停车场;专用停车场,108.81144536961756,34.302318986349135,未央区,108.816128,34.300833
B0LK2SQH4M,西安市公安局西咸分局交通巡逻警察大队执勤一中队地上停车场,交通设施服务;停车场;公共停车场,108.81060819159498,34.288119700380285,未央区,108.815291,34.286629
B0M6VPHQQE,陕西鑫昱百川摩托车科目二科目三考场地上停车场,交通设施服务;停车场;公共停车场,108.81995846077764,34.27703733818023,未央区,108.824625,34.275525
BV11073298,天台路·征和四路口(公交站),交通设施服务;公交车站;公交车站相关,108.81564548957255,34.28645044487922,未央区,108.82032,34.28495
B0FFLB8JIB,雁秋门停车场,交通设施服务;停车场;专用停车场,108.81758232123647,34.278873185399114,未央区,108.822253,34.277366
B0H07C5V6M,陕西汽贸五菱4s店停车场,交通设施服务;停车场;公共停车场,108.81523930695337,34.292762992994454,未央区,108.819915,34.291266
B0MRANXECW,停车场,交通设施服务;停车场;停车场相关,108.79516864168558,34.3049331456401,未央区,108.799875,34.303475
B0JG0HDBEE,捷安通物流地面停车场,交通设施服务;停车场;公共停车场,108.82156367983805,34.307833984444024,未央区,108.82623,34.306332
B0FFIKFUWA,三桥新街-道路停车位,交通设施服务;停车场;路边停车场,108.82123014042432,34.29518597198041,未央区,108.825896,34.293679
B0JDJUEVB9,中国西部国际汽贸城地面停车场,交通设施服务;停车场;公共停车场,108.81251882050299,34.29338382169047,未央区,108.817199,34.291892
B0FFJPDCXU,停车场,交通设施服务;停车场;停车场相关,108.82117948846206,34.26517846088461,未央区,108.825843,34.263659
B0H0XU3SBS,陕西福腾汽车贸易有限公司停车场,交通设施服务;停车场;公共停车场,108.81488757887325,34.29460355511839,未央区,108.819564,34.293108
BV09113886,科源路沣东二路口(公交站),交通设施服务;公交车站;公交车站相关,108.77660686762592,34.26693359475375,长安区,108.781328,34.265482
BV11331378,沣东自贸新天地(公交站),交通设施服务;公交车站;公交车站相关,108.81183135075642,34.260948089432546,未央区,108.81651,34.259444
B0MBDMG40P,西北工程机械市场停车场,交通设施服务;停车场;公共停车场,108.78456906742305,34.292001639063145,长安区,108.789286,34.290552
B0J33ZP3QN,保利和光尘樾一期内部地下停车场,交通设施服务;停车场;专用停车场,108.79485002034616,34.283154148262696,长安区,108.799555,34.281687
BV09175235,沣润东路·科源路口(公交站),交通设施服务;公交车站;公交车站相关,108.77655794677197,34.290052899070716,长安区,108.781281,34.288611
BV10069756,三桥(地铁站),交通设施服务;地铁站;地铁站,108.82755724606528,34.29147843898384,未央区,108.832212,34.289958
B0L63D5UJB,赳赳大秦东门地面停车场,交通设施服务;停车场;公共停车场,108.82596291969473,34.26179977047061,未央区,108.830618,34.26027
BV11475069,石桥立交(地铁站),交通设施服务;地铁站;地铁站,108.82957774087002,34.25396066449477,未央区,108.834226,34.252421
B0H2JSTBPH,宜家家居停车场,交通设施服务;停车场;公共停车场,108.84070870278957,34.28749462527817,未央区,108.845341,34.285948
B0GKVZ1GF2,西咸万象城地下停车场,交通设施服务;停车场;公共停车场,108.82587040773572,34.290853537434536,未央区,108.830528,34.289336
BX09908492,三桥地铁站B西南口,交通设施服务;地铁站;出入口,108.82662365270816,34.2914077139748,未央区,108.83128,34.289889
B0H1LCGEXE,汉长安城未央宫国家考古遗址公园P1停车场,交通设施服务;停车场;公共停车场,108.84333186858214,34.30053168931474,未央区,108.847961,34.298986
BV11309217,正义厨具市场(公交站),交通设施服务;公交车站;公交车站相关,108.8418165172574,34.27484395177272,未央区,108.846446,34.27329
BV10442957,三桥东(公交站),交通设施服务;公交车站;公交车站相关,108.83553589268332,34.29057978010453,未央区,108.840177,34.289044
BX09908493,三桥地铁站C东南口,交通设施服务;地铁站;出入口,108.82768751054391,34.29096790436673,未央区,108.832342,34.289447
BV11671742,三桥地铁站(公交站),交通设施服务;公交车站;公交车站相关,108.82823944490337,34.29110188467116,未央区,108.832893,34.28958
BV10070844,高堡子(公交站),交通设施服务;公交车站;公交车站相关,108.8372364715709,34.306227049359364,未央区,108.841876,34.304695
B0H1L7HPG9,汉长安城未央宫国家考古遗址公园P3停车场,交通设施服务;停车场;公共停车场,108.84294577923967,34.306406378784935,未央区,108.847576,34.304864
BV10070845,雁雀门村(公交站),交通设施服务;公交车站;公交车站相关,108.83724866052312,34.30414200543017,未央区,108.841888,34.302609
BX09908495,三桥地铁站A西北口,交通设施服务;地铁站;出入口,108.82757219561557,34.292417061149635,未央区,108.832227,34.290897
BV10069755,三桥(公交站),交通设施服务;公交车站;公交车站相关,108.82898273922352,34.29083139931993,未央区,108.833635,34.289308
B0FFG8VLAB,三桥立交地面停车场,交通设施服务;停车场;公共停车场,108.83677020857884,34.287500391977076,未央区,108.841409,34.285961
BX10031887,石桥立交地铁站C口,交通设施服务;地铁站;出入口,108.83034707936132,34.25366222712934,未央区,108.834994,34.252121
BV10070846,西安车辆厂(公交站),交通设施服务;公交车站;公交车站相关,108.83722306325619,34.29863539939168,未央区,108.841862,34.2971
BX10031890,石桥立交地铁站D口,交通设施服务;地铁站;出入口,108.83033801126795,34.25431295572377,未央区,108.834985,34.252772
BV10071343,南何村(公交站),交通设施服务;公交车站;公交车站相关,108.84031043118465,34.270441027905235,未央区,108.844942,34.268888
B0FFGFKU88,三桥站,交通设施服务;火车站;货运火车站,108.82780309168022,34.29857980507543,未央区,108.832458,34.297062
BX10031889,石桥立交地铁站B口,交通设施服务;地铁站;出入口,108.82853699179773,34.25357685725432,未央区,108.833187,34.252039
B0K04DKWEJ,赳赳大秦内部地面停车场,交通设施服务;停车场;专用停车场,108.82502233101822,34.26154510551661,未央区,108.829679,34.260017
BV10070875,三桥农贸市场(公交站),交通设施服务;公交车站;公交车站相关,108.83625886832186,34.293505856832674,未央区,108.840899,34.29197
B0G0V9O7X6,安达星星充电站地面停车场,交通设施服务;停车场;公共停车场,108.82469000969974,34.307845827662284,未央区,108.829351,34.306338
BX09908494,三桥地铁站D东北口,交通设施服务;地铁站;出入口,108.8284527720721,34.29157208287664,未央区,108.833106,34.29005
B0LG4C8V3E,赳赳大秦东门地面停车场(出入口),交通设施服务;停车场;停车场出入口,108.82609215610134,34.26161208823108,未央区,108.830747,34.260082
BV11167851,阿房一路东段(公交站),交通设施服务;公交车站;公交车站相关,108.84488374166216,34.270471236895865,未央区,108.849508,34.26891
BV11416015,府东寨(公交站),交通设施服务;公交车站;公交车站相关,108.82790858106655,34.27007608804903,未央区,108.832561,34.268546
B0I1ACD76S,禹衡地面停车场,交通设施服务;停车场;公共停车场,108.83911214443536,34.26206722058956,未央区,108.843745,34.260513
BX09908497,三桥地铁站出入口,交通设施服务;地铁站;出入口,108.82644634233519,34.291490344961275,未央区,108.831103,34.289972
BX10031888,石桥立交地铁站A口,交通设施服务;地铁站;出入口,108.82875430191879,34.25433996770389,未央区,108.833404,34.252802
BV11090524,建章路·花园西街(公交站),交通设施服务;公交车站;公交车站相关,108.83734017249402,34.29969514868359,未央区,108.841979,34.29816
B0FFFTHTW6,陕西省西咸新区沣东新城环卫车场,交通设施服务;停车场;专用停车场|公司企业;公司;公司,108.83329282019173,34.29412206282755,未央区,108.837938,34.292592
B0HDL7WCVM,红光公园停车场,交通设施服务;停车场;公共停车场,108.83582845768429,34.26492001450728,未央区,108.840467,34.263373
B0ID4CNBDA,武警医院地面停车场,交通设施服务;停车场;公共停车场,108.83013628121752,34.28379957242228,未央区,108.834786,34.282271
BV10071340,东雁雀门村(公交站),交通设施服务;公交车站;公交车站相关,108.8428078272047,34.303086615851214,未央区,108.847438,34.301543
BX09908496,三桥地铁站出入口,交通设施服务;地铁站;出入口,108.82755028784558,34.29081571192127,未央区,108.832205,34.289295
B0K0ZZRJIB,赳赳大秦内部地面停车场(入口),交通设施服务;停车场;停车场入口,108.82502233328853,34.26151711668556,未央区,108.829679,34.259989
BV10071342,北何村西口(公交站),交通设施服务;公交车站;公交车站相关,108.83538058292218,34.27881548320861,未央区,108.840021,34.277275
B0ID7RQQNV,三桥货场,交通设施服务;交通服务相关;交通服务相关,108.82318615713555,34.299018943620965,未央区,108.827849,34.29751
BV10071341,阿房四路中段(公交站),交通设施服务;公交车站;公交车站相关,108.83697177871468,34.28460699715649,未央区,108.84161,34.283066
BV09252857,阿房二路公交调度站(公交站),交通设施服务;公交车站;公交车站相关,108.83701363361077,34.274891143592534,未央区,108.841651,34.273346
B0L057U3IO,凯峰大型便民停车场,交通设施服务;停车场;公共停车场,108.84171587463646,34.30555854379743,未央区,108.846348,34.304018
BV10070128,凹里村(公交站),交通设施服务;公交车站;公交车站相关,108.83322747282912,34.25995115185206,未央区,108.83787,34.258407
B0HKHSALSH,融创臻园内部地下停车场,交通设施服务;停车场;专用停车场,108.86281946890112,34.25526124249055,莲湖区,108.867418,34.253665
BV10727239,城西客运站(便民站)(公交站),交通设施服务;公交车站;公交车站相关,108.86732666647227,34.27416973671534,莲湖区,108.871922,34.272575
B0K17MN9EL,兄弟联盟停车场,交通设施服务;停车场;公共停车场,108.82422015253414,34.24681536155497,未央区,108.828877,34.245283
BV10070960,三桥立交北(公交站),交通设施服务;公交车站;公交车站相关,108.84288746895032,34.29671557245403,未央区,108.847517,34.295169
B0K0VSHDXO,中建·开元城内部地下停车场,交通设施服务;停车场;专用停车场,108.82728959796407,34.29381892150572,未央区,108.831945,34.2923
BV10917683,石桥立交东(公交站),交通设施服务;公交车站;公交车站相关,108.84536684717217,34.253698791901314,雁塔区,108.849989,34.25213
B0FFHU9H6C,海伦春天停车场,交通设施服务;停车场;公共停车场,108.84540652199847,34.27090598282351,未央区,108.85003,34.269344
B0KDPM1ZMO,汉唐新都汇地面停车场,交通设施服务;停车场;公共停车场,108.8280361415773,34.290548740809875,未央区,108.83269,34.289027
B0FFGCIFXU,恒大城西停车场(出入口),交通设施服务;停车场;停车场出入口,108.85843786229374,34.247717729500195,雁塔区,108.863041,34.246125
B0HK77M60Q,西骏冷链停车场,交通设施服务;停车场;公共停车场,108.8419211750916,34.25638258704438,未央区,108.846549,34.254821
B0HGAUZ400,搜宝中心停车场,交通设施服务;停车场;公共停车场,108.84349224218967,34.28667299662227,未央区,108.84812,34.285121
B0H01SOC29,汉城国际创客停车场,交通设施服务;停车场;公共停车场,108.8623702113774,34.264601893587496,莲湖区,108.86697,34.26301
BV10070959,三桥立交(公交站),交通设施服务;公交车站;公交车站相关,108.83920397615748,34.29078646496323,未央区,108.843839,34.289244
B0HKHSCHQS,石桥汽车城停车场,交通设施服务;停车场;公共停车场,108.84118216062048,34.25416911782601,雁塔区,108.845811,34.252608
B0GKVZ1O9R,西咸万象城地下停车场(B口),交通设施服务;停车场;停车场出入口,108.82263376016964,34.29230684192343,未央区,108.827297,34.290796
BV09307503,石桥立交地铁站(公交站),交通设施服务;公交车站;公交车站相关,108.82862909943262,34.2541947890153,未央区,108.833279,34.252657
B0H07C6AT3,西三环三桥建材市场停车场,交通设施服务;停车场;公共停车场,108.83569487016335,34.28179181923814,未央区,108.840335,34.280252
B0FFKC7X01,天朗·莱茵小城3期停车场,交通设施服务;停车场;公共停车场,108.85425559651488,34.25737140583505,莲湖区,108.858865,34.255789
B0GKVZ1WQI,西咸万象城地下停车场(A口),交通设施服务;停车场;停车场出入口,108.82322970684184,34.29315858738211,未央区,108.827892,34.291647
BV11166533,欣桥市场(便民站)(公交站),交通设施服务;公交车站;公交车站相关,108.84245724600424,34.25377457604569,雁塔区,108.847084,34.252211
BV10072088,东凹里村(公交站),交通设施服务;公交车站;公交车站相关,108.8400347696458,34.260671464799294,未央区,108.844666,34.259115
B0FFLAGFRO,中建·开元城内部地下停车场(出入口),交通设施服务;停车场;停车场出入口,108.82754005357585,34.29349053519582,未央区,108.832195,34.291971
B0KGUCFIOF,汉唐新都汇停车场,交通设施服务;停车场;停车场相关,108.82785587735043,34.28999963819849,未央区,108.83251,34.288478
B0MGUGAD2G,宏府鹍翔荟街区-地下停车场,交通设施服务;停车场;公共停车场,108.86679751147935,34.257202894815364,莲湖区,108.871392,34.255602
BV09327033,大庆路阿房路口(阿房一路)(公交站),交通设施服务;公交车站;公交车站相关,108.84639809976402,34.270357948518,未央区,108.85102,34.268794
B0K6LZC5QP,三桥建章路口停车场,交通设施服务;停车场;公共停车场,108.83568714322993,34.29062204303131,未央区,108.840328,34.289086
B0MG3LAD9G,西城往事三桥老街停车场,交通设施服务;停车场;公共停车场,108.83037811761632,34.290922982946014,未央区,108.835028,34.289397
B0FFIN5FCI,西安恒大城-地下停车场,交通设施服务;停车场;专用停车场,108.86423364538264,34.247502229460466,雁塔区,108.86883,34.245901
B0H0OUYG9Q,阿房四路-道路停车位,交通设施服务;停车场;路边停车场,108.84132197501776,34.284058200907694,未央区,108.845953,34.282509
BV10645114,卢家口村(公交站),交通设施服务;公交车站;公交车站相关,108.8417096588749,34.30810438780056,未央区,108.846342,34.306565
B0IGRSWHR4,金辉·悦府内部地下停车场(出入口),交通设施服务;停车场;停车场出入口,108.86141900101792,34.253590889011676,雁塔区,108.866019,34.251996
BV11158295,红光路立交(公交站),交通设施服务;公交车站;公交车站相关,108.83614836794426,34.26028646213952,未央区,108.840786,34.258737
BV11662524,法士特齿轮厂(公交站),交通设施服务;公交车站;公交车站相关,108.85500819256463,34.27509645329441,莲湖区,108.859618,34.27352
B0MDBZHLLE,高鑫停车场,交通设施服务;停车场;公共停车场,108.86723066429651,34.24812499417547,雁塔区,108.871824,34.24652
B0H1SUIPZ9,西安北车医院停车场,交通设施服务;停车场;公共停车场,108.83681407486549,34.3024259661728,未央区,108.841454,34.300893
B0FFGANTDR,城西客运站停车场,交通设施服务;停车场;专用停车场,108.86968979977098,34.274842426623124,莲湖区,108.874283,34.273245
B0K1T5HR85,大旺城地下停车场,交通设施服务;停车场;公共停车场,108.85119930936618,34.2697184302902,莲湖区,108.855814,34.268146
BV11126638,三桥立交东(公交站),交通设施服务;公交车站;公交车站相关,108.84320267966088,34.287941936260836,未央区,108.847831,34.286391
B0KDPM42SB,汉唐新都汇停车场(出入口),交通设施服务;停车场;停车场出入口,108.82826957057601,34.29018733552024,未央区,108.832923,34.288665
B0IAJ7YWFP,旭景新港地下停车场,交通设施服务;停车场;公共停车场,108.86722139977446,34.26376683449318,莲湖区,108.871816,34.262168
B0IRDCPY46,雅居乐锦城北门外停车场,交通设施服务;停车场;公共停车场,108.84645822231352,34.26998420626042,未央区,108.85108,34.26842
B0HKNUOT61,金辉·悦府内部地下停车场,交通设施服务;停车场;专用停车场,108.86189261093926,34.25282887071926,雁塔区,108.866492,34.251233
B0FFGZOQUB,陕西法士特齿轮公司停车场,交通设施服务;停车场;专用停车场,108.85494794278308,34.277189488717504,莲湖区,108.859558,34.275614
B0FFGCDX56,华宇凤凰城停车场,交通设施服务;停车场;公共停车场,108.82472050093843,34.29010270174445,未央区,108.82938,34.288587
B0J10S1W5K,喜友义达停车场,交通设施服务;停车场;公共停车场,108.84947821602819,34.25210454210889,雁塔区,108.854094,34.250528
B0HR6Z54S6,旭弘同德国际地下停车场,交通设施服务;停车场;公共停车场,108.8671291248339,34.266071787035216,莲湖区,108.871724,34.264474
BV11677759,建章路花园西街(公交站),交通设施服务;公交车站;公交车站相关,108.83734017249402,34.29969514868359,未央区,108.841979,34.29816
B0H1L7ICC2,汉长安城未央宫国家考古遗址公园P2停车场,交通设施服务;停车场;公共停车场,108.84335477193702,34.30217900004814,未央区,108.847984,34.300634
B0H2JSUKC1,宜家家居立体停车场,交通设施服务;停车场;公共停车场,108.84148005447659,34.286239560543336,未央区,108.846111,34.284691
BV11023024,大寨路·宏府麒麟山(公交站),交通设施服务;公交车站;公交车站相关,108.8569710682889,34.24675583996225,雁塔区,108.861576,34.245165
B0J01UVUEK,金桥国际地面停车场,交通设施服务;停车场;公共停车场,108.82679398654774,34.29088825840773,未央区,108.83145,34.289369
B0H0VYWJ2S,汉城南路-道路停车位,交通设施服务;停车场;路边停车场,108.86772660108463,34.25486301557637,莲湖区,108.87232,34.25326
B0H1P7R4YA,西安冶金医院停车场,交通设施服务;停车场;公共停车场,108.86172456588864,34.27586536747379,莲湖区,108.866326,34.274279
BV11540425,阿房路大寨路口(公交站),交通设施服务;公交车站;公交车站相关,108.84970792379625,34.247520704457145,雁塔区,108.854323,34.245942
BV10984786,宜家家居(公交站),交通设施服务;公交车站;公交车站相关,108.84222810533764,34.28814709717258,未央区,108.846858,34.286598
B0M625VWN6,莲湖区枣园第二社区卫生服务中心门前停车场,交通设施服务;停车场;公共停车场,108.85645747115122,34.27073054331948,莲湖区,108.861065,34.26915
B0G1ZR6305,汉城壹号停车场,交通设施服务;停车场;专用停车场,108.86637298467633,34.27095781241066,莲湖区,108.870969,34.269363
B0H01UNS9S,西部欣桥农产品物流中心地面停车场,交通设施服务;停车场;公共停车场,108.84032297589704,34.25154957670022,雁塔区,108.844953,34.249989
BV11227967,西三环大寨路口(公交站),交通设施服务;公交车站;公交车站相关,108.8375135926431,34.24854758336207,雁塔区,108.842148,34.246991
BV09440172,西三环阿房一路口(公交站),交通设施服务;公交车站;公交车站相关,108.83442969350564,34.27000634919528,未央区,108.839071,34.268464
BV11655955,石桥立交北(公交站),交通设施服务;公交车站;公交车站相关,108.8373848128331,34.25555761951831,未央区,108.84202,34.254004
B0FFH622HK,恒大城停车场,交通设施服务;停车场;专用停车场,108.86110806165803,34.2483034867436,雁塔区,108.865708,34.246707
BV11179360,昆明路富源二路口(公交站),交通设施服务;公交车站;公交车站相关,108.8301657551255,34.253842815849566,未央区,108.834813,34.252302
BV10070192,再生资源市场(公交站),交通设施服务;公交车站;公交车站相关,108.82779710993871,34.261183464925494,未央区,108.832449,34.25965
B0HGAU0ZC4,搜宝中心地下停车场,交通设施服务;停车场;公共停车场,108.8438437962588,34.286707609625424,未央区,108.848471,34.285155
B0GKVZ23JW,西咸万象城地下停车场(C口),交通设施服务;停车场;停车场出入口,108.82604671232698,34.29081988322948,未央区,108.830704,34.289302
B0L1M1H2XA,诚挚新能源充电站停车场,交通设施服务;停车场;公共停车场,108.83971237482051,34.27141853647003,未央区,108.844345,34.269867
B0LDNHV40F,昆明路停车场,交通设施服务;停车场;公共停车场,108.84696624925378,34.2544872869059,未央区,108.851586,34.252916
B0G1ZC69S0,汉城壹号B区停车场,交通设施服务;停车场;公共停车场,108.86712869525276,34.27141561297386,莲湖区,108.871724,34.26982
B0H0L7GX8K,停车场,交通设施服务;停车场;公共停车场,108.8317114982065,34.289610051661924,未央区,108.836359,34.288081
BV11463260,汉城路丰镐路口(汉城南路)(公交站),交通设施服务;公交车站;公交车站相关,108.86752014294449,34.25810747392775,莲湖区,108.872114,34.256506
BV11432438,阿房一路西段(公交站),交通设施服务;公交车站;公交车站相关,108.82790858106655,34.27007608804903,未央区,108.832561,34.268546
B0H0FCMNTJ,停车场,交通设施服务;停车场;公共停车场,108.86073762993377,34.26067810022692,莲湖区,108.865339,34.259087
B0H33UT59E,华润万家丈八北路店停车场,交通设施服务;停车场;公共停车场,108.86711737576218,34.250345990221945,雁塔区,108.871711,34.248742
B0FFHVWM2Y,恒大城停车场(入口),交通设施服务;停车场;停车场入口,108.8643928017739,34.24768037991252,雁塔区,108.868989,34.246079
B0LUSU60AT,金辉优步花园停车场,交通设施服务;停车场;专用停车场,108.86464983003,34.26319364321075,莲湖区,108.869247,34.261598
B0FFKE0KGK,春晓华苑停车场,交通设施服务;停车场;停车场相关,108.85429694526071,34.2661689605944,莲湖区,108.858907,34.26459
B0J1Z5MBRM,保利·金香槟内部地下停车场,交通设施服务;停车场;专用停车场,108.83489699234538,34.288423517698625,未央区,108.839539,34.286888
B0MBFD5W5N,宏府鹍翔九天东区-地下停车场,交通设施服务;停车场;公共停车场,108.86364418056594,34.25778040909172,莲湖区,108.868242,34.256184
B0MBFS3UZI,西安三桥地铁站希尔顿欢朋酒店(汉唐新都汇店)地上停车场,交通设施服务;停车场;公共停车场,108.8279710059085,34.290846489945004,未央区,108.832625,34.289325
B0FFI2UKV4,西三环三桥停车场,交通设施服务;停车场;公共停车场,108.83715658084154,34.290864662266976,未央区,108.841795,34.289326
B0FFHCD154,西城馨苑动岚健身地面停车场,交通设施服务;停车场;公共停车场,108.83553683946506,34.2912574895437,未央区,108.840178,34.289722
B0JRXZ697I,华洲城领誉内部地下停车场,交通设施服务;停车场;专用停车场,108.84226924164122,34.250090669575016,雁塔区,108.846896,34.248526
B0JAHADXIE,梧桐年华远景城二期内部地下停车场(出入口),交通设施服务;停车场;停车场出入口,108.84513680829163,34.27454701008894,未央区,108.849761,34.272987
B0HKNUQ1YS,金辉·悦府停车场,交通设施服务;停车场;公共停车场,108.86394492585212,34.25258086617776,雁塔区,108.868542,34.250982
B0H1NS84EL,中航工业西安医院停车场,交通设施服务;停车场;公共停车场,108.86807773667344,34.26977550067422,莲湖区,108.872672,34.268178
BV10636890,石桥立交(便民站)(公交站),交通设施服务;公交车站;公交车站相关,108.8349778166459,34.25516230931334,未央区,108.839617,34.253613
B0FFH5EHUN,鹍翔九天停车场,交通设施服务;停车场;专用停车场,108.86341493895384,34.25765313922194,莲湖区,108.868013,34.256057
B0HKDHX5SQ,停车场,交通设施服务;停车场;公共停车场,108.84517217901676,34.270633680579365,未央区,108.849796,34.269072
BV09139659,东燕雀门(公交站),交通设施服务;公交车站;公交车站相关,108.84283388860706,34.3028417716463,未央区,108.847464,34.301298
B0HK77MZRP,西骏冷链停车场(出入口),交通设施服务;停车场;停车场出入口,108.84221866201985,34.256273166831946,未央区,108.846846,34.254711
BV11666543,富源二路·富源路口(公交站),交通设施服务;公交车站;公交车站相关,108.82889803046938,34.24837155456546,雁塔区,108.833547,34.246831
BV11264943,沣东自贸园(地铁站),交通设施服务;地铁站;地铁站,108.79204955460955,34.308708965426106,未央区,108.79676,34.307257
BV11431100,秦创原中心(地铁站),交通设施服务;地铁站;地铁站,108.78181981824513,34.338833935270955,秦都区,108.786543,34.337409
BV11431099,西咸大厦(地铁站),交通设施服务;地铁站;地铁站,108.77823780265693,34.32995144043911,秦都区,108.782963,34.328526
BV10292725,火烧寨(公交站),交通设施服务;公交车站;公交车站相关,108.78320328275348,34.310967626947665,秦都区,108.787923,34.309528
BX10027598,沣东自贸园地铁站A西北口,交通设施服务;地铁站;出入口,108.7910823902261,34.30932234748616,未央区,108.795794,34.307872
BX09916893,秦创原中心地铁站D口,交通设施服务;地铁站;出入口,108.78246129260751,34.33964125998551,秦都区,108.787184,34.338216
BV09028419,上林桥南口(公交站),交通设施服务;公交车站;公交车站相关,108.780978425271,34.34745675929705,秦都区,108.785703,34.346037
BX09908555,西咸大厦地铁站D口,交通设施服务;地铁站;出入口,108.7785689643474,34.33083035315935,秦都区,108.783294,34.329405
B0L0YA5WAG,胜佳大型地面停车场,交通设施服务;停车场;公共停车场,108.81447288554334,34.35619773981026,未央区,108.819155,34.354732
B0H6GL456V,西咸大厦停车场,交通设施服务;停车场;公共停车场,108.77598086544197,34.33551159813005,秦都区,108.780708,34.334091
BV10868869,西咸大厦(公交站),交通设施服务;公交车站;公交车站相关,108.78170697412108,34.33578829019556,秦都区,108.78643,34.334362
BV10412864,渔王村(公交站),交通设施服务;公交车站;公交车站相关,108.78170835881576,34.343314613527895,秦都区,108.786432,34.341892
BX09903279,秦创原中心地铁站B口,交通设施服务;地铁站;出入口,108.78106625437957,34.33819641753742,秦都区,108.78579,34.336772
BV11692441,上林路·能源一路口(公交站),交通设施服务;公交车站;公交车站相关,108.78158991153218,34.33537336152281,秦都区,108.786313,34.333947
B0HAHLLFRP,创新大厦停车场,交通设施服务;停车场;公共停车场,108.77693331086705,34.33741756987202,秦都区,108.78166,34.335997
BX09916895,秦创原中心地铁站A口,交通设施服务;地铁站;出入口,108.78070888074865,34.33927850301597,秦都区,108.785433,34.337855
BX10027818,沣东自贸园地铁站D东北口,交通设施服务;地铁站;出入口,108.79351529964892,34.30866206342024,未央区,108.798224,34.307208
BV11406201,西工大附小阳光城分校(公交站),交通设施服务;公交车站;公交车站相关,108.78168444173251,34.32985011861035,秦都区,108.786407,34.328421
B0H067GM6P,祥云食品批发市场停车场,交通设施服务;停车场;公共停车场,108.82189213946657,34.32136039157262,未央区,108.826559,34.319864
B0L0GZ33R8,胜佳大型停车场,交通设施服务;停车场;公共停车场,108.81391898646275,34.35611178354061,未央区,108.818602,34.354647
B0FFI246DU,奥林匹克花园五期停车场,交通设施服务;停车场;专用停车场,108.7806719030737,34.31422032137837,秦都区,108.785394,34.312785
B0K2LACMNN,西安科学家博物馆停车点,交通设施服务;停车场;公共停车场,108.81583029522056,34.3172021311104,未央区,108.820507,34.315715
BX09908558,西咸大厦地铁站B口,交通设施服务;地铁站;出入口,108.77790062983544,34.32920845965932,秦都区,108.782626,34.327783
BV11674028,能源一路·金科路口(公交站),交通设施服务;公交车站;公交车站相关,108.77912687072951,34.33689300035369,秦都区,108.783852,34.33547
BV11227966,天章大道丰业大道口(公交站),交通设施服务;公交车站;公交车站相关,108.8191034555361,34.320925413592626,未央区,108.823775,34.319434
BV10578852,上林大桥南口(公交站),交通设施服务;公交车站;公交车站相关,108.780978425271,34.34745675929705,秦都区,108.785703,34.346037
BV09341808,地铁上林路站(公交站),交通设施服务;公交车站;公交车站相关,108.77630387947772,34.31336231847566,秦都区,108.781029,34.311931
BV10292726,奥林匹克花园(公交站),交通设施服务;公交车站;公交车站相关,108.77797101101328,34.31293012141122,秦都区,108.782695,34.311497
BV09022824,天章大道尚稷路口(公交站),交通设施服务;公交车站;公交车站相关,108.81538432336515,34.35694501138565,未央区,108.820065,34.355478
BX09903278,秦创原中心地铁站C口,交通设施服务;地铁站;出入口,108.78246140984524,34.338210958025684,秦都区,108.787184,34.336785
B0JDG500TY,西安西咸大厦地铁站兰欧国际酒店地下停车场,交通设施服务;停车场;公共停车场,108.7845598842683,34.330818963643104,秦都区,108.78928,34.329387
BV09252856,秦创原数字医药产业园(公交站),交通设施服务;公交车站;公交车站相关,108.81680555089632,34.3339420141081,未央区,108.821482,34.332461
BV09078113,世纪大道·奥兴路口(公交站),交通设施服务;公交车站;公交车站相关,108.77797101101328,34.31293012141122,秦都区,108.782695,34.311497
BX09908556,西咸大厦地铁站A口,交通设施服务;地铁站;出入口,108.77777440208844,34.3309345115959,秦都区,108.7825,34.32951
B0H6GL3IOB,西咸大厦地下停车场,交通设施服务;停车场;公共停车场,108.77597789056142,34.33518275439825,秦都区,108.780705,34.333762
BV09158738,秦创原中心地铁站(公交站),交通设施服务;公交车站;公交车站相关,108.7829547780517,34.33891217763246,秦都区,108.787677,34.337486
BV11086249,沣东第三小学(公交站),交通设施服务;公交车站;公交车站相关,108.81996883810388,34.33416873631493,未央区,108.82464,34.332682
B0I3C7RO67,金旭商务酒店地面停车场,交通设施服务;停车场;公共停车场,108.7814169767993,34.36945397280893,渭城区,108.786143,34.368045
B0H0MCLGIY,西咸会议中心地下停车场,交通设施服务;停车场;公共停车场,108.78080525357836,34.3356593664213,秦都区,108.785529,34.334234
BV11071656,柏梁小学(公交站),交通设施服务;公交车站;公交车站相关,108.81897549757129,34.31775964713128,未央区,108.823647,34.316267
BV10868863,金旭路·朝阳五路口(公交站),交通设施服务;公交车站;公交车站相关,108.77541091268215,34.36733805505661,渭城区,108.780141,34.365934
BV09050906,天章大道·尚稷路口(公交站),交通设施服务;公交车站;公交车站相关,108.81778728195349,34.35736619078789,未央区,108.822464,34.355895
B0IDXSMTR6,阳光城·西西里内部地下停车场,交通设施服务;停车场;专用停车场,108.78774083056098,34.32071067589719,秦都区,108.792457,34.31927
BV11073304,天章大道南段(公交站),交通设施服务;公交车站;公交车站相关,108.81832978102001,34.31323353640854,未央区,108.823002,34.31174
B0IGM7A5TW,西咸诺富特酒店立体停车场,交通设施服务;停车场;公共停车场,108.7773747134591,34.33605065849525,秦都区,108.782101,34.334629
BV11001910,新军寨村(公交站),交通设施服务;公交车站;公交车站相关,108.81828807241982,34.308787480355925,未央区,108.82296,34.307292
B0L3A9WA71,沣太花园三期地下停车场,交通设施服务;停车场;专用停车场,108.78562702290925,34.32923201066562,秦都区,108.790346,34.327798
B0JGUSBOYH,大力国际汽车产业园地面停车场,交通设施服务;停车场;公共停车场,108.82068504689191,34.32190089090593,未央区,108.825354,34.320407
B0IGJLV4OF,万纬西安沣东物流园地面停车场,交通设施服务;停车场;公共停车场,108.81049700060504,34.325156856189,未央区,108.815183,34.323683
BV11671931,石化大道·科贸一路口(公交站),交通设施服务;公交车站;公交车站相关,108.78561375228185,34.32016126427256,秦都区,108.790332,34.318723
B0GRRMH4D4,奥林匹克花园5期停车场(出入口),交通设施服务;停车场;停车场出入口,108.78261369132508,34.311930514308926,秦都区,108.787334,34.310492
BV11671302,祥丰医药产业园(公交站),交通设施服务;公交车站;公交车站相关,108.80415004872557,34.32802762256393,未央区,108.808846,34.326566
BV11671932,丰昌路西段(公交站),交通设施服务;公交车站;公交车站相关,108.78447717730549,34.3263030117964,秦都区,108.789197,34.324869
B0MRRD1JAF,胜杰大型停车场南区,交通设施服务;停车场;公共停车场,108.81279006381389,34.35718720748141,未央区,108.817475,34.355725
B0L3X92E39,沣东阳光荟停车场,交通设施服务;停车场;公共停车场,108.78522851525595,34.33077678810003,秦都区,108.789948,34.329344
BV11372933,上林路·丰昌路口(公交站),交通设施服务;公交车站;公交车站相关,108.78097523317226,34.32535147464009,秦都区,108.785698,34.323921
B0LKD7O19G,全季西安沣东新城天章大道酒店停车场,交通设施服务;停车场;公共停车场,108.82000884103137,34.32266327838418,未央区,108.824679,34.321171
BX10027597,沣东自贸园地铁站B西南口,交通设施服务;地铁站;出入口,108.79064796950514,34.308458143818825,未央区,108.79536,34.307008
BV11340438,丰业大道·天章一路口(公交站),交通设施服务;公交车站;公交车站相关,108.81494449932185,34.32132560656938,未央区,108.819623,34.319842
B0JUYSO95J,地下停车场,交通设施服务;停车场;公共停车场,108.77853353258095,34.335793929416155,秦都区,108.783259,34.334371
BV11322776,天章大道丰安路口(公交站),交通设施服务;公交车站;公交车站相关,108.8192400418022,34.32884293713741,未央区,108.823912,34.327355
B0FFFEV5OB,奥林匹克花园四期停车场,交通设施服务;停车场;公共停车场,108.78108323311928,34.314192779053236,秦都区,108.785805,34.312757
BV11433173,世纪大道·雁书路口(公交站),交通设施服务;公交车站;公交车站相关,108.78540018332922,34.31238658529994,秦都区,108.790118,34.310945
B0LRHA7L5I,丰树西安物流园停车场,交通设施服务;停车场;公共停车场,108.81698029728946,34.32834301343045,未央区,108.821656,34.326859
B0H0MCMQA9,西咸会议中心地下停车场(出入口),交通设施服务;停车场;停车场出入口,108.78096538591511,34.33560256720417,秦都区,108.785689,34.334177
B0M60GLFA9,奥林匹克花园五期-地下停车场,交通设施服务;停车场;公共停车场,108.78245447871261,34.31286290868593,秦都区,108.787175,34.311425
B0LBRZ9BHE,东贺社区停车场,交通设施服务;停车场;公共停车场,108.81582843595876,34.315433942459705,未央区,108.820505,34.313946
B0MD9CP020,西咸青年创业园地面停车场,交通设施服务;停车场;公共停车场,108.78253431838498,34.3400891235775,秦都区,108.787257,34.338664
BV09050730,天章二路·丰全路口(公交站),交通设施服务;公交车站;公交车站相关,108.80996517193616,34.325007991770114,未央区,108.814652,34.323535
BV11073299,天章大道·丰业大道口(公交站),交通设施服务;公交车站;公交车站相关,108.8191034555361,34.320925413592626,未央区,108.823775,34.319434
BX09908557,西咸大厦地铁站C口,交通设施服务;地铁站;出入口,108.77857210427057,34.3291491583975,秦都区,108.783297,34.327723
B0IBR7XTHW,吉利汽车陕西万顺(天章路店)地面停车场,交通设施服务;停车场;公共停车场,108.81587875088326,34.32487863916367,未央区,108.820556,34.323395
BV11340437,丰业大道·天章三路口(公交站),交通设施服务;公交车站;公交车站相关,108.80428276701622,34.32161786156869,未央区,108.808978,34.320153
B0MB4UYOG3,阳光城·上林府内部地下停车场,交通设施服务;停车场;专用停车场,108.78079741591083,34.321387141976665,秦都区,108.78552,34.319955
BV11073302,天章大道·丰安路口(公交站),交通设施服务;公交车站;公交车站相关,108.8192400418022,34.32884293713741,未央区,108.823912,34.327355
BV09133849,丰裕路·科贸一路口(公交站),交通设施服务;公交车站;公交车站相关,108.78538976447797,34.32960854165737,秦都区,108.790109,34.328175
B0IGGR13AE,普洛斯西安沣东产业园地面停车场,交通设施服务;停车场;公共停车场,108.80862820103398,34.32349936920909,未央区,108.813317,34.322028
B0I1459412,1号地块停车场(出入口),交通设施服务;停车场;停车场出入口,108.78006742572357,34.338731085921324,秦都区,108.784792,34.337308
BV11340439,丰业大道·天章二路口(公交站),交通设施服务;公交车站;公交车站相关,108.80836789090947,34.32234445940713,未央区,108.813057,34.320873
B0JUUAPRZG,陕西同力重工股份有限公司内部地面停车场,交通设施服务;停车场;专用停车场,108.80798530551422,34.33453100666477,未央区,108.812676,34.333066
B0MR7LXMKJ,沣太花园四期地上停车场,交通设施服务;停车场;专用停车场,108.79062222248544,34.32947635796671,未央区,108.795336,34.328036
B0FFH5OH4D,芊域阳光内部地下停车场,交通设施服务;停车场;专用停车场,108.8199495502983,34.33730718121997,未央区,108.824621,34.335822
BV09022827,上林路·丰宁路口(公交站),交通设施服务;公交车站;公交车站相关,108.78302127645406,34.34574489138765,秦都区,108.787744,34.344322
B0K6ZARH03,咸阳银河国际酒店地面停车场,交通设施服务;停车场;公共停车场,108.77579014634254,34.36725744327441,渭城区,108.78052,34.365853
B0L0AKAT9P,陕西中意南京依维柯汽车销售服务有限公司(天章大道店)停车场,交通设施服务;停车场;公共停车场,108.8188537227207,34.31246985203161,未央区,108.823525,34.310975
B0L0SGI772,西咸青年创业园地下停车场,交通设施服务;停车场;公共停车场,108.78265236153095,34.34079990935672,秦都区,108.787375,34.339375
BV09338659,天章一路·丰产路口(公交站),交通设施服务;公交车站;公交车站相关,108.81413153427354,34.32909547330206,未央区,108.818812,34.327617
B0FFI28FX6,白桦林印象内部地下停车场,交通设施服务;停车场;专用停车场,108.77631013906739,34.31023874681009,秦都区,108.781035,34.308806
B0J30LC9JE,启航馨苑内部地下停车场,交通设施服务;停车场;专用停车场,108.81445796298047,34.31810422285604,未央区,108.819137,34.31662
B0KD3CXO1U,西咸网约车停车场,交通设施服务;停车场;停车场相关,108.79254510586028,34.30908149316743,未央区,108.797255,34.307629
B0LU6LKUT8,奥林匹克花园五期地下停车场(出口),交通设施服务;停车场;停车场出口,108.78502284859887,34.312100258457356,秦都区,108.789741,34.310659
B0LUA7OWI8,绿城西安和庐停车场,交通设施服务;停车场;专用停车场,108.78736608576581,34.32511113470579,秦都区,108.792083,34.323673
B0IDXSMTR5,阳光城·西西里内部地下停车场(出入口),交通设施服务;停车场;停车场出入口,108.78758265899442,34.32081542434862,秦都区,108.792299,34.319375
BV11376230,新军寨(公交站),交通设施服务;公交车站;公交车站相关,108.81848841514022,34.30870488707844,未央区,108.82316,34.307209
BV09133847,丰昌路·科贸一路口(公交站),交通设施服务;公交车站;公交车站相关,108.78547919871896,34.32534767056461,秦都区,108.790198,34.323912
B0L1XORZCB,西咸新区铁一中金湾中学-地下停车场,交通设施服务;停车场;公共停车场,108.78065170958362,34.34081668885345,秦都区,108.785376,34.339394
BV11539110,丰业大道天章三路口(公交站),交通设施服务;公交车站;公交车站相关,108.80428276701622,34.32161786156869,未央区,108.808978,34.320153
B0LU2CU261,电建西安洺悦府停车场,交通设施服务;停车场;专用停车场,108.78784173623309,34.32314066979135,秦都区,108.792558,34.321701
BV11539111,丰业大道天章二路口(公交站),交通设施服务;公交车站;公交车站相关,108.80729931504925,34.32147002742191,未央区,108.81199,34.32
BV11349312,天章三路·丰全路口(公交站),交通设施服务;公交车站;公交车站相关,108.80331514395725,34.324147074877764,未央区,108.808012,34.322685
BV11539114,丰业大道天章一路口(公交站),交通设施服务;公交车站;公交车站相关,108.81494449932185,34.32132560656938,未央区,108.819623,34.319842
B0L21LU5SK,西安地铁一号线西咸车辆段停车场,交通设施服务;停车场;公共停车场,108.79545162971716,34.309444533745534,未央区,108.800158,34.307988
B0FFJIXHI8,停车场,交通设施服务;停车场;公共停车场,108.7821177958279,34.34215064295526,秦都区,108.786841,34.340727
B0L199HK8K,秦创原企业总部大厦停车场,交通设施服务;停车场;专用停车场,108.78054078843788,34.33878856159377,秦都区,108.785265,34.337365
BX10027819,沣东自贸园地铁站E东北口,交通设施服务;地铁站;出入口,108.79226077640513,34.30901812165198,未央区,108.796971,34.307566
BV11340440,丰安路·天章一路口(公交站),交通设施服务;公交车站;公交车站相关,108.81292264739331,34.32811176726802,未央区,108.817605,34.326635
BV09133846,丰产路·科贸一路口(公交站),交通设施服务;公交车站;公交车站相关,108.78534447493814,34.33261804666301,秦都区,108.790064,34.331186
B0MURN8DTD,金湾大厦-A座-地下停车场,交通设施服务;停车场;公共停车场,108.77980039674888,34.336598842000235,秦都区,108.784525,34.335175
B0LKB6RUF3,金湾文化公园-地下停车场,交通设施服务;停车场;公共停车场,108.77566274718993,34.334597747102535,秦都区,108.78039,34.333177
B0FFI25I50,阳光城·巴塞阳光停车场,交通设施服务;停车场;专用停车场,108.78309862391599,34.330116587230926,秦都区,108.78782,34.328686
B0IGJLVCB0,万纬西安沣东物流园地面停车场(出入口),交通设施服务;停车场;停车场出入口,108.81394146476481,34.32613553424114,未央区,108.818622,34.324656
BV09050908,尚稷路·连共线路口(公交站),交通设施服务;公交车站;公交车站相关,108.8086185269076,34.35610940229843,未央区,108.81331,34.354654
B0L0DNL6VQ,阳光城壹号官邸停车场,交通设施服务;停车场;公共停车场,108.78375403894141,34.33215537172613,秦都区,108.788475,34.330725
B0K115QE98,西安西咸大厦地铁站兰欧国际酒店地下停车场(出入口),交通设施服务;停车场;停车场出入口,108.78514642905931,34.33087863996205,秦都区,108.789866,34.329446
B0FFFDFD4H,锦煌酒店停车场,交通设施服务;停车场;公共停车场,108.77580017308473,34.3670055842091,渭城区,108.78053,34.365601
BV11587431,天章大道(公交站),交通设施服务;公交车站;公交车站相关,108.82043964128404,34.32177949156502,未央区,108.825109,34.320286
B0IGM7A5TV,西咸诺富特酒店立体停车场(入口),交通设施服务;停车场;停车场入口,108.7773747134591,34.33605065849525,秦都区,108.782101,34.334629
BV09022823,尚稷路西段(公交站),交通设施服务;公交车站;公交车站相关,108.79737964736245,34.351889142520825,未央区,108.802087,34.35045
BV11539112,天章三路丰全路口(公交站),交通设施服务;公交车站;公交车站相关,108.80331514395725,34.324147074877764,未央区,108.808012,34.322685
B0K6ZATTOS,咸阳银河国际酒店地面停车场(出入口),交通设施服务;停车场;停车场出入口,108.77579014634254,34.36725744327441,渭城区,108.78052,34.365853
BV09050729,天章一路·丰全路口(公交站),交通设施服务;公交车站;公交车站相关,108.81249219944836,34.32506743735389,未央区,108.817175,34.32359
B0IRUC44PA,芊域阳光北区内部地下停车场,交通设施服务;停车场;专用停车场,108.82110139091246,34.33865366603508,未央区,108.825771,34.337167
B0FFI2XL2Y,奥林匹克花园5期停车场(入口),交通设施服务;停车场;停车场出口,108.78068090682878,34.31426131227883,秦都区,108.785403,34.312826
BV11587426,芊域阳光(公交站),交通设施服务;公交车站;公交车站相关,108.8178961285853,34.33691757655131,未央区,108.822571,34.335436
B0FFGFQK8S,陕西银翔金元车业有限公司停车场,交通设施服务;停车场;专用停车场,108.8194132421558,34.32996772178414,未央区,108.824085,34.32848
B0MURUDXKI,绿地新里铂瑞公馆-南区-地下停车场,交通设施服务;停车场;专用停车场,108.77530196277465,34.32935093504392,秦都区,108.780029,34.327928
B0MR1DCKSN,东侧停车场,交通设施服务;停车场;公共停车场,108.78197146606819,34.3324671853018,秦都区,108.786694,34.331039
BV10712128,电力技校(公交站),交通设施服务;公交车站;公交车站相关,108.77810054934211,34.368475015553486,渭城区,108.782829,34.367069
B0MRTZW4TV,上林路(南段)辅路-路侧停车场,交通设施服务;停车场;路边停车场,108.78195251274752,34.33170353042692,秦都区,108.786675,34.330275
B0HANSNEZF,停车场,交通设施服务;停车场;公共停车场,108.78628959175435,34.317947125235634,秦都区,108.791007,34.316507
B0IDXCYMXT,丰产路-道路停车位,交通设施服务;停车场;路边停车场,108.78415229294842,34.333461212315946,秦都区,108.788873,34.332031
B0H6GL3AUF,西咸大厦地下停车场(出入口),交通设施服务;停车场;停车场出入口,108.77596188763462,34.33509878018649,秦都区,108.780689,34.333678
B0JG9C65AG,渭水园西区地面停车场,交通设施服务;停车场;公共停车场,108.7820453321763,34.33485811647951,秦都区,108.786768,34.333431
B0L0BLVM36,中南·菩悦东望中心-地下停车场,交通设施服务;停车场;公共停车场,108.7802513437668,34.32925284870949,秦都区,108.784975,34.327825
BV11692425,尚稷路采摘园(公交站),交通设施服务;公交车站;公交车站相关,108.8109040783422,34.3566731161732,未央区,108.815592,34.355214
B0MBPN0HZG,沣东创智云谷地上停车场,交通设施服务;停车场;公共停车场,108.80190537840188,34.32092528080786,未央区,108.806604,34.319464
B0MU6RVI60,金地清岚颂售楼部停车场,交通设施服务;停车场;专用停车场,108.7811511219043,34.340648312095915,秦都区,108.785875,34.339225
B0MU61WBJ3,比亚迪汽车王朝网(隆成天祥旗舰店)地上停车场,交通设施服务;停车场;公共停车场,108.8145457444843,34.32255730854326,未央区,108.819225,34.321075
B0J3DHDDRJ,道路停车位,交通设施服务;停车场;路边停车场,108.81190094162925,34.31654535557413,未央区,108.816584,34.315065
BV09458496,上林路·丰昌路口(便民站)(公交站),交通设施服务;公交车站;公交车站相关,108.78086715931296,34.32519942923612,秦都区,108.78559,34.323769
BV09022822,尚稷路连共线路口(公交站),交通设施服务;公交车站;公交车站相关,108.80664653054869,34.355652244373175,未央区,108.811341,34.3542
B0IGJLTKCI,万纬西安沣东物流园地面停车场(出入口),交通设施服务;停车场;停车场出入口,108.81049700060504,34.325156856189,未央区,108.815183,34.323683
B0FFGZWSLW,停车场,交通设施服务;停车场;公共停车场,108.8134416338149,34.36316230311976,未央区,108.818126,34.361702
B0JUUAPKE0,陕西同力重工股份有限公司内部地面停车场(出入口),交通设施服务;停车场;停车场出入口,108.80872348820164,34.33406450906621,未央区,108.813413,34.332598
B0L0MN8TQ8,陕西商储冷鲜加工中心地上停车场,交通设施服务;停车场;公共停车场,108.81780095405865,34.32481219020383,未央区,108.822475,34.323325
BV10412867,西西安小镇(公交站),交通设施服务;公交车站;公交车站相关,108.78097523317226,34.32535147464009,秦都区,108.785698,34.323921
B0KBBZOOS2,陕西数字医药产业园停车场,交通设施服务;停车场;公共停车场,108.81750959113508,34.335580514020194,未央区,108.822185,34.334099
BV09022828,尚稷路·尚航四路口(公交站),交通设施服务;公交车站;公交车站相关,108.79464125019418,34.35061669074165,秦都区,108.799352,34.349181
B0HAHLLFRS,创新大厦停车场(出入口),交通设施服务;停车场;停车场出入口,108.7773345633127,34.337556888500146,秦都区,108.782061,34.336136
B0MUDNHDMK,和风园小区-地下停车场,交通设施服务;停车场;公共停车场,108.7847366214731,34.33603766345338,秦都区,108.789457,34.334608
BV09050840,天章大道·丰悦路口(公交站),交通设施服务;公交车站;公交车站相关,108.8151812631986,34.31672417118624,未央区,108.819859,34.315238
BV09158098,滨渭路·朝阳五路口(便民站)(公交站),交通设施服务;公交车站;公交车站相关,108.7788534021774,34.36458180627662,渭城区,108.783581,34.363173
BV09022829,丰宁路·尚航四路口(公交站),交通设施服务;公交车站;公交车站相关,108.79354708591451,34.34845019057496,秦都区,108.798259,34.347015
B0KK9ZS5VJ,火烧寨P1停车场,交通设施服务;停车场;公共停车场,108.78028537501143,34.31697763991062,秦都区,108.785008,34.315544
B0FFI28DUU,停车场(河堤路),交通设施服务;停车场;公共停车场,108.77699320569958,34.363572491658346,渭城区,108.781722,34.362165
B0MR1HD89M,东侧停车场,交通设施服务;停车场;公共停车场,108.78197072470192,34.3293006985857,秦都区,108.786693,34.327871
B0L1MKFOO6,西安技师学院-北区停车场,交通设施服务;停车场;专用停车场,108.78050204580153,34.310843679774194,秦都区,108.785224,34.309407
B0L2MLZJJT,奥林匹克花园-二期停车场,交通设施服务;停车场;专用停车场,108.77623362378061,34.31595006564674,秦都区,108.780959,34.31452
BV09008721,朝阳五路口(便民站)(招呼站)(公交站),交通设施服务;公交车站;公交车站相关,108.77871428315072,34.36481154547641,渭城区,108.783442,34.363403
BV11653169,金旭路朝阳五路口(公交站),交通设施服务;公交车站;公交车站相关,108.77763225272848,34.36817670999289,渭城区,108.782361,34.366771
B0LKDRNX5S,陕西商储六村堡物流园南区地上停车场,交通设施服务;停车场;公共停车场,108.82156970953437,34.332213653652275,未央区,108.826238,34.330723
BV11015531,世纪大道·桃李路口(公交站),交通设施服务;公交车站;公交车站相关,108.77786093227485,34.31296799532512,秦都区,108.782585,34.311535
B0MUBR7OF1,周创阁地上停车场,交通设施服务;停车场;公共停车场,108.78095137077466,34.33565052879563,秦都区,108.785675,34.334225
BV11539108,祥沣医药产业园(公交站),交通设施服务;公交车站;公交车站相关,108.80334091984513,34.32735360381766,未央区,108.808038,34.325893
BV10712127,嘉泰建材市场(公交站),交通设施服务;公交车站;公交车站相关,108.78091054958261,34.36967530396866,渭城区,108.785637,34.368267
B0MUSRCTTL,阳光城沣太花园停车场,交通设施服务;停车场;专用停车场,108.78560573435095,34.33250741846144,秦都区,108.790325,34.331075
B0FFI2ULVK,阳光城·巴塞阳光停车场(出入口),交通设施服务;停车场;停车场出入口,108.78309261275783,34.33018854597527,秦都区,108.787814,34.328758
BV09022826,沙河滩村北(公交站),交通设施服务;公交车站;公交车站相关,108.80175148650393,34.35366511870946,未央区,108.806453,34.35222
B0L27RKT8R,中国石油长庆石化公司(金旭路)-停车场,交通设施服务;停车场;公共停车场,108.77593619614646,34.36773432818346,渭城区,108.780666,34.36633
B0L3RYMX6A,奥园便民市场(泰盈·奥林匹克花园四期店)-停车场,交通设施服务;停车场;公共停车场,108.78246821746899,34.31619939402483,秦都区,108.787189,34.314763
B0J30L1HTY,启航馨苑内部地下停车场(出入口),交通设施服务;停车场;停车场出入口,108.81581029125456,34.316844259861455,未央区,108.820487,34.315357
B0FFH89JHI,陕西银翔金元车业有限公司停车场(出入口),交通设施服务;停车场;停车场出入口,108.8192179176636,34.329911387210906,未央区,108.82389,34.328424
B0LUDRARRN,菜鸟西安物流园停车场,交通设施服务;停车场;公共停车场,108.81370563236982,34.31935128726969,未央区,108.818386,34.317869
B0MGFR4G7A,天章二路-路侧停车场,交通设施服务;停车场;路边停车场,108.808285616618,34.324145472374234,未央区,108.812975,34.322675
B0MR1DCYA7,西侧停车场,交通设施服务;停车场;公共停车场,108.78100323620907,34.32558839329442,秦都区,108.785726,34.324158
B0IKN5368H,西安维亚造纸机械有限公司内部地面停车场,交通设施服务;停车场;专用停车场,108.81843815743004,34.3477262555145,未央区,108.823113,34.346249
B0MBHZHSCR,地下停车场,交通设施服务;停车场;公共停车场,108.81981844957187,34.3235235219901,未央区,108.824489,34.322032
BV09133848,能源一路·科贸一路口(公交站),交通设施服务;公交车站;公交车站相关,108.78528315880514,34.33576645405781,秦都区,108.790003,34.334336
BV11340441,丰安路·天章二路口(公交站),交通设施服务;公交车站;公交车站相关,108.80716556850103,34.328116668603585,未央区,108.811857,34.32665
B0L0MN7P8A,陕西天石实业有限责任公司停车场,交通设施服务;停车场;公共停车场,108.82085332575521,34.34657830144628,未央区,108.825524,34.345096
B0FFKY3GAX,御河上院停车场,交通设施服务;停车场;专用停车场,108.7926373389331,34.368701520124866,渭城区,108.797352,34.367278
BV11587430,天章大道西(公交站),交通设施服务;公交车站;公交车站相关,108.81751474108435,34.321549194277836,未央区,108.822189,34.320061
BV11587432,天章一路(公交站),交通设施服务;公交车站;公交车站相关,108.81494449932185,34.32132560656938,未央区,108.819623,34.319842
B0MR37320H,镐京一路-道路停车位,交通设施服务;停车场;路边停车场,108.78147143643649,34.339986986774235,秦都区,108.786195,34.338563
B0LKBXV2DB,西安圣雪绒羊绒制品有限公司停车场,交通设施服务;停车场;公共停车场,108.82060564291193,34.32521718662683,未央区,108.825275,34.323725
B0MUTXMUEB,丰泰路-路侧停车场,交通设施服务;停车场;路边停车场,108.81995349168183,34.33810979805642,未央区,108.824625,34.336625
B0M1B5XM2D,北得龙金属材料有限公司地面停车场,交通设施服务;停车场;公共停车场,108.81970320804253,34.32410203666166,未央区,108.824374,34.322611
BV09061195,丰宁路尚航四路口(公交站),交通设施服务;公交车站;公交车站相关,108.79243384736438,34.34733516385934,秦都区,108.797147,34.345901
B0H067FZMZ,祥云食品批发市场停车场(出入口),交通设施服务;停车场;停车场出入口,108.82174787222468,34.32163099612091,未央区,108.826415,34.320135
B0L0JOHF1S,西安天工电气地上停车场,交通设施服务;停车场;公共停车场,108.81883049188721,34.327130992747264,未央区,108.823503,34.325643
B0MB5BJS03,西安市西咸新区国通物流有限公司地上停车场,交通设施服务;停车场;公共停车场,108.7775001402158,34.319654560835176,秦都区,108.782225,34.318225
B0MD9CPEZ7,西咸青年创业园地面停车场(出入口),交通设施服务;停车场;停车场出入口,108.78316875329391,34.34150115608006,秦都区,108.787891,34.340076
B0FFI2476T,停车场(伦敦奥运村2期西),交通设施服务;停车场;路边停车场,108.78381360678208,34.31365111248292,秦都区,108.788533,34.312212
B0M16SN2Y4,西咸新区轨道交通投资建设有限公司地上停车场,交通设施服务;停车场;公共停车场,108.79417255128801,34.33985834099108,秦都区,108.798883,34.338418
B0MUT6IZHH,科贸路南侧停车场,交通设施服务;停车场;公共停车场,108.78642073212784,34.317814349926934,秦都区,108.791138,34.316374
B0MUMLXZBJ,西安市未央区柏梁小学东北侧停车场,交通设施服务;停车场;公共停车场,108.82055613172044,34.318170386690255,未央区,108.825225,34.316675
BV11587435,天章二路(公交站),交通设施服务;公交车站;公交车站相关,108.80932348243546,34.32109170522402,未央区,108.814011,34.319618
B0IGJLVCB2,万纬西安沣东物流园地面停车场(出入口),交通设施服务;停车场;停车场出入口,108.80862097794365,34.326099132526224,未央区,108.81331,34.324629
B0IKS75MQ1,地面停车场,交通设施服务;停车场;公共停车场,108.8109550954382,34.3206487767376,未央区,108.81564,34.319172
BV09061196,尚稷路尚航四路口(公交站),交通设施服务;公交车站;公交车站相关,108.79338580283623,34.34952841984525,秦都区,108.798098,34.348094
B0M1B5XM2E,北得龙金属材料有限公司地面停车场(出入口),交通设施服务;停车场;停车场出入口,108.81964112915006,34.3237840710341,未央区,108.824312,34.322293
B0MURUDD1W,盒马菜鸟地上停车场,交通设施服务;停车场;公共停车场,108.81159153025662,34.31550528460129,未央区,108.816275,34.314025
B0FFFEXY0Z,停车场,交通设施服务;停车场;路边停车场,108.77951303999508,34.31388824801221,秦都区,108.784236,34.312454
B0MUT6IZ8J,三桥新街辅路南侧停车场,交通设施服务;停车场;路边停车场,108.78771573484845,34.30933386813354,未央区,108.792431,34.307888
B0JR458S6K,奥兴路-道路停车位,交通设施服务;停车场;路边停车场,108.77892164360783,34.31341385600931,秦都区,108.783645,34.31198
B0IKK7XOFD,西安沣东热力有限公司内部地面停车场,交通设施服务;停车场;专用停车场,108.82220958328051,34.34715254331136,未央区,108.826878,34.345668
B0MUT6JD0N,天章一路东侧停车场,交通设施服务;停车场;路边停车场,108.814166068298,34.323228307961145,未央区,108.818846,34.321747
B0MRS172JW,上林路(南段)辅路-路侧停车场,交通设施服务;停车场;路边停车场,108.78190209416643,34.33630125838574,秦都区,108.786625,34.334875
B0H0NSSI5M,停车场,交通设施服务;停车场;公共停车场,108.78028978918634,34.33638846082297,秦都区,108.785014,34.334964
BV11587427,丰安路(公交站),交通设施服务;公交车站;公交车站相关,108.81781370582142,34.328126646293555,未央区,108.822488,34.326641
B0MU152L1O,停车场,交通设施服务;停车场;停车场相关,108.81209265152286,34.311607958787775,未央区,108.816775,34.310125
B0JD17WOV7,科贸路-道路停车位,交通设施服务;停车场;路边停车场,108.78956536011691,34.33793286101314,秦都区,108.794281,34.336498
B0JUDA46IJ,芊域阳光南区内部地下停车场,交通设施服务;停车场;专用停车场,108.81916832701413,34.33614729719513,未央区,108.823841,34.334663
B0MRULN4TD,朝阳五路-路侧停车场,交通设施服务;停车场;路边停车场,108.77599511785847,34.369128651146596,渭城区,108.780725,34.367725
B0IUH7RPGM,丰弘路-道路停车位,交通设施服务;停车场;路边停车场,108.77637869915951,34.31613811483339,秦都区,108.781104,34.314708
B0LUL13Z2N,西西安小镇停车场,交通设施服务;停车场;公共停车场,108.78141661520658,34.32504410142368,秦都区,108.786139,34.323613
B0IG4538Z8,沣东科技产业园地面停车场,交通设施服务;停车场;公共停车场,108.80584802235437,34.32255704808087,未央区,108.810541,34.32109
B0MR99ASDP,天章一路西侧停车场,交通设施服务;停车场;路边停车场,108.81396073019359,34.323260922217386,未央区,108.818641,34.32178
B0MUT6JBYX,科贸路东侧停车场,交通设施服务;停车场;公共停车场,108.79010739608715,34.32032696960803,未央区,108.794821,34.318883
B0I1SRLEQF,泰盈·奥林匹克花园四期伦敦奥运村内部地下停车场,交通设施服务;停车场;专用停车场,108.78301685401529,34.31421093249411,秦都区,108.787737,34.312773
B0MR99AD78,丰全路南侧停车场,交通设施服务;停车场;路边停车场,108.81476991482539,34.3249835748893,未央区,108.819449,34.323502
B0KRD7OQHY,白桦林印象停车场,交通设施服务;停车场;专用停车场,108.77568579797197,34.309724402006594,秦都区,108.780411,34.308292
B0HKPU9EY5,西咸中心停车场4E(出入口),交通设施服务;停车场;停车场出入口,108.77854753983428,34.33582692756409,秦都区,108.783273,34.334404
B0MR1HDHVH,东侧停车场,交通设施服务;停车场;公共停车场,108.77952430029313,34.3230280254675,秦都区,108.784248,34.321598
B0L3H7AY38,西安翰华印务有限公司停车场,交通设施服务;停车场;公共停车场,108.80129611014911,34.32589096767682,未央区,108.805996,34.324433
BV10070841,焦家村(公交站),交通设施服务;公交车站;公交车站相关,108.83723817649498,34.32226670038578,未央区,108.841879,34.320742
BV10601500,740库(公交站),交通设施服务;公交车站;公交车站相关,108.83732857844151,34.31916031507221,未央区,108.841969,34.317634
B0FFLHP88R,吉道地面停车场,交通设施服务;停车场;公共停车场,108.82656311252931,34.32145210295215,未央区,108.831222,34.319947
B0FFIQG3Z1,众利丰地面停车场,交通设施服务;停车场;公共停车场,108.83994171117705,34.30903475493931,未央区,108.844577,34.307499
BV11090526,建章路·零五路口(公交站),交通设施服务;公交车站;公交车站相关,108.83735229538232,34.31078820349861,未央区,108.841992,34.309258
BV10509843,石化大道西段(公交站),交通设施服务;公交车站;公交车站相关,108.84224233697262,34.322692642674475,未央区,108.846875,34.321159
B0H1L7HIFS,汉长安城直城门P1停车场,交通设施服务;停车场;公共停车场,108.84272804145917,34.3112338059077,未央区,108.847359,34.309694
BV11164486,丰业大道中段(公交站),交通设施服务;公交车站;公交车站相关,108.83226375123523,34.32278619121802,未央区,108.836913,34.321271
BV11090528,丰产路·建章路口(公交站),交通设施服务;公交车站;公交车站相关,108.83724518944223,34.33460185063064,未央区,108.841887,34.333083
BV10509841,周河湾村(公交站),交通设施服务;公交车站;公交车站相关,108.84185446962995,34.31333427406317,未央区,108.846487,34.311797
BV11086248,二府营村(公交站),交通设施服务;公交车站;公交车站相关,108.8260231306487,34.334470907977106,未央区,108.830684,34.332973
B0K2PMHQAM,众利丰地面停车场(出入口),交通设施服务;停车场;停车场出入口,108.84134902597691,34.30872645418227,未央区,108.845982,34.307188
BV11090525,建章路·望城一路口(公交站),交通设施服务;公交车站;公交车站相关,108.83727774003687,34.328471847200056,未央区,108.841919,34.32695
BV10579278,七四零库(公交站),交通设施服务;公交车站;公交车站相关,108.83732857844151,34.31916031507221,未央区,108.841969,34.317634
BV10070852,南皂河村(公交站),交通设施服务;公交车站;公交车站相关,108.83909441258108,34.33262020913567,未央区,108.843733,34.331097
B0JUDZ16VW,汉长安城未央宫国家考古遗址公园P5停车场,交通设施服务;停车场;公共停车场,108.84276697298877,34.31285113873255,未央区,108.847398,34.311312
BV11684597,皂河东路公交调度站(公交站),交通设施服务;公交车站;公交车站相关,108.84019973674948,34.3633498897448,未央区,108.844839,34.36184
BV11200605,建章路望城一路口(公交站),交通设施服务;公交车站;公交车站相关,108.8372015922613,34.328730583451005,未央区,108.841843,34.327209
B0FFFPK9MY,渭水汤苑温泉停车场,交通设施服务;停车场;公共停车场,108.83806099419306,34.366083548134995,未央区,108.842704,34.364579
BV11689935,尚苑路草滩十一路口(公交站),交通设施服务;公交车站;公交车站相关,108.84262703158772,34.3588086263571,未央区,108.847262,34.357292
B0FFLPGAOM,五一地面停车场,交通设施服务;停车场;公共停车场,108.83812162466523,34.31014591398544,未央区,108.84276,34.308614
B0JUDZW24Z,汉长安城未央宫国家考古遗址公园P4停车场,交通设施服务;停车场;公共停车场,108.84261784599616,34.311471499699195,未央区,108.847249,34.309932
BV11148072,尚稷路草滩十一路口(公交站),交通设施服务;公交车站;公交车站相关,108.84145281463833,34.362848426503355,未央区,108.84609,34.361336
B0JDBAGR03,阎家村地面停车场,交通设施服务;停车场;公共停车场,108.84463844346462,34.343699821522904,未央区,108.849269,34.342172
B0FFL4R792,都市快充站,交通设施服务;交通服务相关;交通服务相关,108.83783019209152,34.334232108875874,未央区,108.842471,34.332712
B0MBFS3S7V,未央区六村堡社区卫生服务中心地上停车场,交通设施服务;停车场;公共停车场,108.86051823820299,34.32443813280414,未央区,108.865125,34.322875
B0H2J5TREP,西安清水园停车场,交通设施服务;停车场;公共停车场,108.82862802846435,34.36606394583901,未央区,108.833287,34.364577
B0LU956JTR,康师傅控股西安顶益食品有限公司制面工厂停车场,交通设施服务;停车场;公共停车场,108.83209373018057,34.35646940366114,未央区,108.836746,34.354971
BV10508736,孟家村(公交站),交通设施服务;公交车站;公交车站相关,108.82363905351863,34.32213729439257,未央区,108.828303,34.320638
BV10891267,尚稷路西段公交枢纽站(公交站),交通设施服务;公交车站;公交车站相关,108.82824680530453,34.3607709726108,未央区,108.832906,34.359282
BV10070851,阎家村(公交站),交通设施服务;公交车站;公交车站相关,108.84534935043003,34.333861878344294,未央区,108.849978,34.332328
B0HKYAPTUH,西安泰岳红旗体验中心停车场,交通设施服务;停车场;公共停车场,108.84163812432114,34.313289903263616,未央区,108.846271,34.311753
BV10979783,铁锁村(公交站),交通设施服务;公交车站;公交车站相关,108.84380342992844,34.327592132914134,未央区,108.848434,34.326058
BV10070839,六村堡工业园(公交站),交通设施服务;公交车站;公交车站相关,108.83724518944223,34.33460185063064,未央区,108.841887,34.333083
BV10888288,渭水汤苑温泉(公交站),交通设施服务;公交车站;公交车站相关,108.8353358195591,34.361410926478335,未央区,108.839983,34.359909
BV11265448,西三环北段(公交站),交通设施服务;公交车站;公交车站相关,108.8416370960351,34.33834806946756,未央区,108.846272,34.336823
BV09275592,建章路·丰景路口(公交站),交通设施服务;公交车站;公交车站相关,108.83725187914753,34.31386661393004,未央区,108.841892,34.312338
BV11539113,建章路零五路口(公交站),交通设施服务;公交车站;公交车站相关,108.8372351045197,34.310736010673814,未央区,108.841875,34.309206
B0H1L7HALH,汉长安城直城门P2停车场,交通设施服务;停车场;公共停车场,108.84271292197523,34.31241324150149,未央区,108.847344,34.310874
B0KU9UNV1G,西北停车场,交通设施服务;停车场;停车场相关,108.84428583322483,34.319652719692144,未央区,108.848915,34.318114
B0L359FX8K,一汽解放商用汽车销售服务中心(建章路店)停车场,交通设施服务;停车场;公共停车场,108.83702494520905,34.333085174202466,未央区,108.841667,34.331566
B0H0775VQH,陕西德业兴鸿汽车别克4s店停车场,交通设施服务;停车场;公共停车场,108.84293348567537,34.322170130198984,未央区,108.847565,34.320635
BV09338289,丰产路建章路口(公交站),交通设施服务;公交车站;公交车站相关,108.83724518944223,34.33460185063064,未央区,108.841887,34.333083
BV11587428,建章路派出所(公交站),交通设施服务;公交车站;公交车站相关,108.83358300159972,34.33499485122063,未央区,108.838231,34.333483
B0MBSBDQMI,陕西佳骏汽车服务有限公司停车场,交通设施服务;停车场;公共停车场,108.84305663196642,34.32279006087403,未央区,108.847688,34.321255
B0J255TDJI,陕西恒正汽车检测有限公司地面停车场,交通设施服务;停车场;公共停车场,108.84210866149162,34.34075074688592,未央区,108.846743,34.339226
B0FFGH0JO8,停车场(石化大道),交通设施服务;停车场;公共停车场,108.83519271333556,34.32273568671832,未央区,108.839837,34.321215
B0IDPCR3RE,陕西高速公路工程试验检测公司地面停车场,交通设施服务;停车场;公共停车场,108.83932079043946,34.33255265639252,未央区,108.843959,34.331029
B0IDR5LPJG,陕西海川医药物流有限公司分仓地面停车场,交通设施服务;停车场;公共停车场,108.82432508513546,34.32386876846594,未央区,108.828988,34.322369
B0JAY7IG1A,沣盛园厨具二手用品市场地面停车场,交通设施服务;停车场;公共停车场,108.83953391341461,34.3477086276646,未央区,108.844173,34.346192
BV11086247,八兴滩村(公交站),交通设施服务;公交车站;公交车站相关,108.832577300392,34.334926002700406,未央区,108.837227,34.333416
B0L0VAI3ZL,鸿蒙智行西安西三环店内停车场,交通设施服务;停车场;公共停车场,108.84409742414218,34.32103973869743,未央区,108.848727,34.319502
B0I2GSB2KG,信泰物流园地面停车场,交通设施服务;停车场;公共停车场,108.8321618718114,34.35615369224007,未央区,108.836814,34.354655
B0FFGFQ7UE,西安秦宝公司停车场,交通设施服务;停车场;专用停车场,108.8684529703049,34.32099260903198,未央区,108.873051,34.319417
B0FFGFPXHK,天缘丽居停车场,交通设施服务;停车场;公共停车场,108.83738480624476,34.32985538621675,未央区,108.842026,34.328334
B0H0OH0OUX,西安顺宝行汽车销售服务有限公司停车场,交通设施服务;停车场;公共停车场,108.84212048030399,34.330864555268676,未央区,108.846754,34.329335
B0H317XMQU,西安未央汉城医院停车场,交通设施服务;停车场;公共停车场,108.86635048823055,34.31416705587691,未央区,108.87095,34.312591
B0IGKRJUMA,西安普瑞达机动车检测有限公司地面停车场,交通设施服务;停车场;公共停车场,108.82286425424176,34.328013075558545,未央区,108.82753,34.326518
B0KACMN3VS,陕西华邦圣泰建设有限公司停车场,交通设施服务;停车场;公共停车场,108.83119318885748,34.33189586558226,未央区,108.835845,34.330387
B0LKD7NQQN,宜必思停车场(宜必思西安建章路沣东新区酒店),交通设施服务;停车场;公共停车场,108.83762992920431,34.33337115428288,未央区,108.842271,34.331851
BV09197781,尚苑路鸿明路口(公交站),交通设施服务;公交车站;公交车站相关,108.83455280643943,34.3576304094362,未央区,108.839201,34.356128
B0KGL5OZE3,车智赢机动车登记服务站地面停车场,交通设施服务;停车场;公共停车场,108.84041915906334,34.32550301805046,未央区,108.845055,34.323974
B0L3CNICKF,拾荒王精品二手市场(建章路店)-门前停车场,交通设施服务;停车场;公共停车场,108.83761723730893,34.316950870711395,未央区,108.842257,34.315423
BV09050907,尚苑路·皂河东路口(公交站),交通设施服务;公交车站;公交车站相关,108.84188986450218,34.358598405685996,未央区,108.846526,34.357083
B0L0JOH7SL,三志物流提货处(北三环店)地上停车场,交通设施服务;停车场;公共停车场,108.85993723806247,34.35297635104003,未央区,108.864547,34.351428
B0L3H7BED1,西安志宽食品有限公司停车场,交通设施服务;停车场;公共停车场,108.8441448168719,34.341843859040445,未央区,108.848776,34.340316
B0HKZUT9QW,陕西延长物流运输有限公司停车场,交通设施服务;停车场;公共停车场,108.82681246201155,34.322410123898315,未央区,108.831471,34.320905
B0JDBSH0Z8,西安蒙通物流有限公司地面停车场,交通设施服务;停车场;公共停车场,108.84317064460313,34.349606266452305,未央区,108.847804,34.348084
BV11265450,西三环·丰产路口(公交站),交通设施服务;公交车站;公交车站相关,108.84275639803373,34.332123097149825,未央区,108.847389,34.330593
BV11226842,西三环丰产路口(公交站),交通设施服务;公交车站;公交车站相关,108.84207431746583,34.331959947439216,未央区,108.846708,34.330431
B0IDR5LPJF,陕西海川医药物流有限公司分仓地面停车场(入口),交通设施服务;停车场;停车场入口,108.8241577986219,34.32387545167812,未央区,108.828821,34.322376
B0L0AKAOQL,建通国际物流停车场,交通设施服务;停车场;公共停车场,108.85985564619152,34.334287458637235,未央区,108.864464,34.33273
B0FFGDDEGN,西安皂河综合市场停车场,交通设施服务;停车场;公共停车场,108.83740675000976,34.331000879565096,未央区,108.842048,34.32948
B0H0X55MPR,陕西润秦汽车贸易有限公司停车场(出入口),交通设施服务;停车场;停车场出入口,108.84423536453461,34.324468377956464,未央区,108.848865,34.322932
BV11160917,双凤小区(公交站),交通设施服务;公交车站;公交车站相关,108.8372351045197,34.310736010673814,未央区,108.841875,34.309206
B0L0V9JZH0,辰龙香树湾地上停车场,交通设施服务;停车场;公共停车场,108.83708317511909,34.33144506898368,未央区,108.841725,34.329925
BV09197253,尚稷路·鸿明路口(公交站),交通设施服务;公交车站;公交车站相关,108.83411684139217,34.36044515245478,未央区,108.838766,34.358945
B0H2J5U6JQ,西安清水园停车场(出入口),交通设施服务;停车场;停车场出入口,108.82986008365027,34.36673291311978,未央区,108.834517,34.365244
B0K2UZQYL9,汉长安城未央宫国家考古遗址公园停车场(入口),交通设施服务;停车场;停车场入口,108.84271986287625,34.31328185726898,未央区,108.847351,34.311743
B0H01DPLJ8,比亚迪汽车王朝网西安乾元新景4S店停车场,交通设施服务;停车场;公共停车场,108.84434355946546,34.32416471314197,未央区,108.848973,34.322628
B0MUOO6VVY,西安秦华天然气南侧停车场,交通设施服务;停车场;公共停车场,108.85127681072564,34.35166829662886,未央区,108.855898,34.350133
B0G11REMBH,民娄便民停车场,交通设施服务;停车场;公共停车场,108.84807648793179,34.3220112616999,未央区,108.8527,34.320467
B0L0JXHFTC,和兴园小区门前停车场,交通设施服务;停车场;公共停车场,108.83715938354804,34.33043969076086,未央区,108.841801,34.328919
B0IR759VK0,西安秉信环保包装有限公司地面停车场,交通设施服务;停车场;公共停车场,108.82601001882398,34.36018806692529,未央区,108.830673,34.358703
B0MRCCRPDK,西安唐都纸品有限责任公司停车场,交通设施服务;停车场;公共停车场,108.8370347570649,34.31090456368724,未央区,108.841675,34.309375
B0MA69M3D0,陕西交通控股集团有限公司(西长分公司)-地下停车场,交通设施服务;停车场;公共停车场,108.83883606152598,34.33169817756521,未央区,108.843475,34.330175
B0FFGFQBVN,西安秦宝公司停车场(出入口),交通设施服务;停车场;停车场出入口,108.86819673167778,34.32098728829571,未央区,108.872795,34.319412
B0LGHHQ73I,阎家村地面停车场(入口),交通设施服务;停车场;停车场入口,108.84273142403603,34.34366943191792,未央区,108.847365,34.342145
BV09022821,尚苑路皂河东路口(公交站),交通设施服务;公交车站;公交车站相关,108.83946496148636,34.35806227056494,未央区,108.844105,34.356551
BV09284438,建章路丰景路口(公交站),交通设施服务;公交车站;公交车站相关,108.83734594505673,34.314987273836195,未央区,108.841986,34.313459
B0I3C7PU6C,中鼎物流市场地面停车场,交通设施服务;停车场;公共停车场,108.84130470723281,34.348866274195125,未央区,108.845941,34.347347
B0HKYAR25L,西安泰岳红旗体验中心停车场(出入口),交通设施服务;停车场;停车场出入口,108.84170121359759,34.31344494645773,未央区,108.846334,34.311908
B0I3C7P7LA,中鼎物流市场地面停车场(出入口),交通设施服务;停车场;停车场出入口,108.84129368671755,34.3488992377315,未央区,108.84593,34.34738
BV11587434,建章二路(公交站),交通设施服务;公交车站;公交车站相关,108.82567653612352,34.32216410413841,未央区,108.830337,34.320661
BV09197780,尚稷路鸿明路口(公交站),交通设施服务;公交车站;公交车站相关,108.83273843141842,34.3613421131834,未央区,108.83739,34.359845
B0HK6S5FDS,西三环比亚迪停车场,交通设施服务;停车场;公共停车场,108.84425341397446,34.32420853227854,未央区,108.848883,34.322672
B0HBN7YQS9,建章商业中心地下停车场,交通设施服务;停车场;公共停车场,108.8376419709849,34.33310230583979,未央区,108.842283,34.331582
B0MD97QD6F,德尚仓储停车场,交通设施服务;停车场;公共停车场,108.84058938374592,34.326154020561376,未央区,108.845225,34.324625
B0IR759VJZ,西安秉信环保包装有限公司地面停车场(出入口),交通设施服务;停车场;停车场出入口,108.82601803410111,34.36016909174541,未央区,108.830681,34.358684
B0H0LCIVF0,同泰路-道路停车位,交通设施服务;停车场;路边停车场,108.86816903704226,34.366533748620235,未央区,108.872771,34.364981
B0J255JTEJ,陕西恒正汽车检测有限公司地面停车场(入口),交通设施服务;停车场;停车场入口,108.84156680214133,34.3405768531518,未央区,108.846202,34.339053
B0MDAO6FK5,峰缘丰产物流园地上停车场,交通设施服务;停车场;公共停车场,108.82761665391517,34.33702466759043,未央区,108.832275,34.335525
B0I2GSB2KF,信泰物流园地面停车场(出入口),交通设施服务;停车场;停车场出入口,108.8321618718114,34.35615369224007,未央区,108.836814,34.354655
B0JUMUA7BL,建章商业中心停车场(西入口),交通设施服务;停车场;停车场入口,108.83740256952576,34.333143843928035,未央区,108.842044,34.331624
B0LD39NEV7,通达乡村物流停车场,交通设施服务;停车场;公共停车场,108.84249252657428,34.350032834965994,未央区,108.847127,34.348512
B0K25MGPFM,停车场,交通设施服务;停车场;公共停车场,108.85480008492506,34.322589194790496,未央区,108.859414,34.321034
B0H33LV7NR,建章路皂河市场-门前路西停车场,交通设施服务;停车场;停车场相关,108.8370971593341,34.33192786348606,未央区,108.841739,34.330408
B0FFH1WERO,陕西高速公路工程试验检测有限公司停车场(出入口),交通设施服务;停车场;停车场出入口,108.83933080868424,34.33253068529085,未央区,108.843969,34.331007
B0M24UH20M,汉长安城未央宫国家考古遗址公园-北侧地上停车场,交通设施服务;停车场;公共停车场,108.86060910582334,34.3150136478444,未央区,108.865215,34.313446
B0MBRGQFDA,陕西源纳物流公司地上停车场,交通设施服务;停车场;公共停车场,108.86494031152115,34.323199980164645,未央区,108.869542,34.32163
BV11587437,丰业大道(公交站),交通设施服务;公交车站;公交车站相关,108.83406880616836,34.32287252751662,未央区,108.838715,34.321354
B0FFH62WLV,停车场,交通设施服务;停车场;公共停车场,108.85638418603462,34.322743634967935,未央区,108.860996,34.321186
B0H317YPK6,西安未央汉城医院停车场(出入口),交通设施服务;停车场;停车场出入口,108.86602421521658,34.31346794420206,未央区,108.870624,34.311892
B0LKKLP659,华羿微电子地上停车场,交通设施服务;停车场;公共停车场,108.85370615905451,34.3650574439189,未央区,108.858325,34.363525
B0IGKRK2KU,西安普瑞达机动车检测有限公司地面停车场(出入口),交通设施服务;停车场;停车场出入口,108.82266392743884,34.327832786607594,未央区,108.82733,34.326338
B0MU5LUJQL,深蓝汽车西安西三环店体验中心地上停车场,交通设施服务;停车场;公共停车场,108.84436055518933,34.32454856278882,未央区,108.84899,34.323012
B0L22L0S1C,远征创业园停车场,交通设施服务;停车场;公共停车场,108.8478958752025,34.36333858708843,未央区,108.852523,34.361815
B0L2SN4MJN,华润医药-门前路东停车场,交通设施服务;停车场;公共停车场,108.83707256849507,34.326368465050294,未央区,108.841714,34.324846
B0H0774F3O,陕西德业兴鸿汽车别克4s店停车场(出入口),交通设施服务;停车场;停车场出入口,108.84307169176323,34.32234729519631,未央区,108.847703,34.320812
B0MAX6K0A6,汉沣商务酒店(丰产路店)-门前停车场,交通设施服务;停车场;公共停车场,108.82351987318154,34.33416335970739,未央区,108.828185,34.33267
B0MUDNGJL7,法照寺地上停车场,交通设施服务;停车场;公共停车场,108.8561955443904,34.34002006528493,未央区,108.860809,34.338471
B0L1TR4U7K,焦家村小学停车场,交通设施服务;停车场;公共停车场,108.83869652858459,34.32308300516499,未央区,108.843335,34.321556
B0LRC4F1QC,西宝公司汽车修理厂-门前停车场,交通设施服务;停车场;公共停车场,108.8344324486972,34.33486849832121,未央区,108.839079,34.333355
B0H0OH136P,西安顺宝行汽车销售服务有限公司停车场(出入口),交通设施服务;停车场;停车场出入口,108.84223068017646,34.33058288860915,未央区,108.846864,34.329053
B0HBN7Y43T,建章商业中心停车场,交通设施服务;停车场;公共停车场,108.83807271383424,34.33275626624315,未央区,108.842713,34.331235
BV11587424,建章路街办(公交站),交通设施服务;公交车站;公交车站相关,108.83727774003687,34.328471847200056,未央区,108.841919,34.32695
B0H0LHHA7O,陕西盛威汽车公司停车场,交通设施服务;停车场;公共停车场,108.84294223579656,34.32543361298273,未央区,108.847574,34.3239
B0H0OL20Q7,西咸新区交通事故快速理赔新青年服务中心停车场,交通设施服务;停车场;公共停车场,108.84269429678582,34.31977981536291,未央区,108.847326,34.318244
B0JDBSGTE3,西安蒙通物流有限公司地面停车场(出入口),交通设施服务;停车场;停车场出入口,108.84311257093613,34.34937327911683,未央区,108.847746,34.347851
B001D10VMG,西安大众停车场,交通设施服务;停车场;公共停车场,108.85633115124969,34.32231075439413,未央区,108.860943,34.320753
B0L35LFVME,西安工业经济职业高中(远古科技产业园校区)地上停车场,交通设施服务;停车场;公共停车场,108.84940021803483,34.36220175573817,未央区,108.854025,34.360675
B0IR6CO6CU,八家滩村社区内部地面停车场,交通设施服务;停车场;专用停车场,108.84032878801261,34.32826754465775,未央区,108.844965,34.32674
B0MU5RUWGF,停车场,交通设施服务;停车场;停车场相关,108.84345498424676,34.338638197951184,未央区,108.848087,34.33711
B0M6BMGJ22,西安宝丰瓦业有限公司地上停车场,交通设施服务;停车场;公共停车场,108.84086504231627,34.31118845998649,未央区,108.845499,34.309652
B0L0RO7U4S,西安远大钢结构有限公司(第一分公司)停车场,交通设施服务;停车场;专用停车场,108.82421104951861,34.33421962762325,未央区,108.828875,34.332725
B0MRSO78QO,草滩十一路-路侧停车场,交通设施服务;停车场;路边停车场,108.84309055896982,34.36144110471776,未央区,108.847725,34.359925
B0FFGFL7CO,停车场,交通设施服务;停车场;公共停车场,108.83711774048616,34.31281884510759,未央区,108.841758,34.31129
B0M6SY3OQX,西安远正汽车维修服务有限公司地上停车场,交通设施服务;停车场;公共停车场,108.82811766646522,34.335126529576684,未央区,108.832775,34.333625
B0LKKLOQ3M,达能(陕西)食品饮料有限公司停车场,交通设施服务;停车场;公共停车场,108.85889019501006,34.36235898383992,未央区,108.863502,34.360817
